step,residual_input_mw,residual_lp_mw,online_charge_mw,online_discharge_mw,online_soc_mwh,online_net_residual_mw,online_severe,lp_charge_mw,lp_discharge_mw,lp_soc_mwh,lp_net_residual_mw,lp_severe
0,,0.0,0.0,0.0,8.745000000000001,,False,0.0,0.0,8.745000000000001,0.0,False
1,,0.0,0.0,0.0,8.745000000000001,,False,0.0,0.0,8.745000000000001,0.0,False
2,,0.0,0.0,0.0,8.745000000000001,,False,0.0,0.0,8.745000000000001,0.0,False
3,,0.0,0.0,0.0,8.745000000000001,,False,0.0,0.0,8.745000000000001,0.0,False
4,,0.0,0.0,0.0,8.745000000000001,,False,0.0,0.0,8.745000000000001,0.0,False
5,,0.0,0.0,0.0,8.745000000000001,,False,0.0,0.0,8.745000000000001,0.0,False
6,,0.0,0.0,0.0,8.745000000000001,,False,0.0,0.0,8.745000000000001,0.0,False
7,,0.0,0.0,0.0,8.745000000000001,,False,0.0,0.0,8.745000000000001,0.0,False
8,,0.0,0.0,0.0,8.745000000000001,,False,0.0,0.0,8.745000000000001,0.0,False
9,,0.0,0.0,0.0,8.745000000000001,,False,0.0,0.0,8.745000000000001,0.0,False
10,,0.0,0.0,0.0,8.745000000000001,,False,0.0,0.0,8.745000000000001,0.0,False
11,,0.0,0.0,0.0,8.745000000000001,,False,0.0,0.0,8.745000000000001,0.0,False
12,,0.0,0.0,0.0,8.745000000000001,,False,0.0,0.0,8.745000000000001,0.0,False
13,,0.0,0.0,0.0,8.745000000000001,,False,0.0,0.0,8.745000000000001,0.0,False
14,,0.0,0.0,0.0,8.745000000000001,,False,0.0,0.0,8.745000000000001,0.0,False
15,,0.0,0.0,0.0,8.745000000000001,,False,0.0,0.0,8.745000000000001,0.0,False
16,,0.0,0.0,0.0,8.745000000000001,,False,0.0,0.0,8.745000000000001,0.0,False
17,,0.0,0.0,0.0,8.745000000000001,,False,0.0,0.0,8.745000000000001,0.0,False
18,,0.0,0.0,0.0,8.745000000000001,,False,0.0,0.0,8.745000000000001,0.0,False
19,,0.0,0.0,0.0,8.745000000000001,,False,0.0,0.0,8.745000000000001,0.0,False
20,,0.0,0.0,0.0,8.745000000000001,,False,0.0,0.0,8.745000000000001,0.0,False
21,,0.0,0.0,0.0,8.745000000000001,,False,0.0,0.0,8.745000000000001,0.0,False
22,,0.0,0.0,0.0,8.745000000000001,,False,0.0,0.0,8.745000000000001,0.0,False
23,,0.0,0.0,0.0,8.745000000000001,,False,0.0,0.0,8.745000000000001,0.0,False
24,,0.0,0.0,0.0,8.745000000000001,,False,0.0,0.0,8.745000000000001,0.0,False
25,-1.7310299475552091,-1.7310299475552091,0.0,1.7310299475552091,8.745000000000001,0.0,False,0.0,0.0,8.745000000000001,-1.7310299475552091,False
26,-2.440280794587268,-2.440280794587268,0.0,2.440280794587268,7.842638261925693,0.0,False,0.0,0.0,8.745000000000001,-2.440280794587268,False
27,-2.703957242499131,-2.703957242499131,0.0,2.703957242499131,6.57055396188045,0.0,False,0.0,0.0,8.745000000000001,-2.703957242499131,False
28,-2.684949639106104,-2.684949639106104,0.0,2.684949639106104,5.161018811742726,0.0,False,0.0,0.0,8.745000000000001,-2.684949639106104,False
29,-2.8750123344403544,-2.8750123344403544,0.0,2.8750123344403544,3.761392059815317,0.0,False,0.0,0.0,8.745000000000001,-2.8750123344403544,False
30,-3.0039175215487286,-3.0039175215487286,0.0,0.9854249766502502,2.262688279008584,-2.0184925448984785,False,0.0,0.0,8.745000000000001,-3.0039175215487286,False
31,-3.0800203402696393,-3.0800203402696393,0.0,0.0,1.7490000000000003,-3.0800203402696393,False,0.0,0.0,8.745000000000001,-3.0800203402696393,False
32,-3.0758130814148203,-3.0758130814148203,0.0,0.0,1.7490000000000003,-3.0758130814148203,False,0.0,0.0,8.745000000000001,-3.0758130814148203,False
33,-3.0897432611772966,-3.0897432611772966,0.0,0.0,1.7490000000000003,-3.0897432611772966,False,0.0,0.0,8.745000000000001,-3.0897432611772966,False
34,-3.1221885516762184,-3.1221885516762184,0.0,0.0,1.7490000000000003,-3.1221885516762184,False,0.0,0.0,8.745000000000001,-3.1221885516762184,False
35,-3.096013823227513,-3.096013823227513,0.0,0.0,1.7490000000000003,-3.096013823227513,False,0.0,0.0,8.745000000000001,-3.096013823227513,False
36,-3.073538731425499,-3.073538731425499,0.0,0.0,1.7490000000000003,-3.073538731425499,False,0.0,1.5761525313774245,8.745000000000001,-1.4973862000480744,False
37,-3.0995024034608902,-3.0995024034608902,0.0,0.0,1.7490000000000003,-3.0995024034608902,False,0.0,3.0995024034608902,7.923373696138154,0.0,False
38,,0.0,0.0,0.0,1.7490000000000003,,False,0.0,0.0,6.307646377322798,0.0,False
39,,0.0,0.0,0.0,1.7490000000000003,,False,0.0,0.0,6.307646377322798,0.0,False
40,,0.0,0.0,0.0,1.7490000000000003,,False,0.0,0.0,6.307646377322798,0.0,False
41,,0.0,0.0,0.0,1.7490000000000003,,False,0.0,0.0,6.307646377322798,0.0,False
42,,0.0,0.0,0.0,1.7490000000000003,,False,0.0,0.0,6.307646377322798,0.0,False
43,,0.0,0.0,0.0,1.7490000000000003,,False,0.0,0.0,6.307646377322798,0.0,False
44,,0.0,0.0,0.0,1.7490000000000003,,False,0.0,0.0,6.307646377322798,0.0,False
45,,0.0,0.0,0.0,1.7490000000000003,,False,0.0,0.0,6.307646377322798,0.0,False
46,,0.0,0.0,0.0,1.7490000000000003,,False,0.0,0.0,6.307646377322798,0.0,False
47,,0.0,0.0,0.0,1.7490000000000003,,False,0.0,0.0,6.307646377322798,0.0,False
48,,0.0,0.0,0.0,1.7490000000000003,,False,0.0,0.0,6.307646377322798,0.0,False
49,,0.0,0.0,0.0,1.7490000000000003,,False,0.0,0.0,6.307646377322798,0.0,False
50,,0.0,0.0,0.0,1.7490000000000003,,False,0.0,0.0,6.307646377322798,0.0,False
51,,0.0,0.0,0.0,1.7490000000000003,,False,0.0,0.0,6.307646377322798,0.0,False
52,,0.0,0.0,0.0,1.7490000000000003,,False,0.0,0.0,6.307646377322798,0.0,False
53,,0.0,0.0,0.0,1.7490000000000003,,False,0.0,0.0,6.307646377322798,0.0,False
54,,0.0,0.0,0.0,1.7490000000000003,,False,0.0,0.0,6.307646377322798,0.0,False
55,,0.0,0.0,0.0,1.7490000000000003,,False,0.0,0.0,6.307646377322798,0.0,False
56,,0.0,0.0,0.0,1.7490000000000003,,False,0.0,0.0,6.307646377322798,0.0,False
57,,0.0,0.0,0.0,1.7490000000000003,,False,0.0,0.0,6.307646377322798,0.0,False
58,,0.0,0.0,0.0,1.7490000000000003,,False,0.0,0.0,6.307646377322798,0.0,False
59,,0.0,0.0,0.0,1.7490000000000003,,False,0.0,0.0,6.307646377322798,0.0,False
60,,0.0,0.0,0.0,1.7490000000000003,,False,0.0,0.0,6.307646377322798,0.0,False
61,,0.0,0.0,0.0,1.7490000000000003,,False,0.0,0.0,6.307646377322798,0.0,False
62,,0.0,0.0,0.0,1.7490000000000003,,False,0.0,0.0,6.307646377322798,0.0,False
63,,0.0,0.0,0.0,1.7490000000000003,,False,0.0,0.0,6.307646377322798,0.0,False
64,,0.0,0.0,0.0,1.7490000000000003,,False,0.0,0.0,6.307646377322798,0.0,False
65,-10.227465785464483,-10.227465785464483,0.0,0.0,1.7490000000000003,-10.227465785464483,False,0.0,8.745000000000001,6.307646377322798,-1.4824657854644823,False
66,6.110813714376188,6.110813714376188,6.110813714376188,0.0,1.7490000000000003,0.0,False,0.0,0.0,1.7490000000000003,6.110813714376188,False
67,1.7479516063321625,1.7479516063321625,1.7479516063321625,0.0,4.6796433044497014,0.0,False,0.0,0.0,1.7490000000000003,1.7479516063321625,False
68,33.00355617212083,33.00355617212083,8.745000000000001,0.0,5.51793144593699,24.25855617212083,True,8.745000000000001,0.0,1.7490000000000003,24.25855617212083,True
69,28.063436216986354,28.063436216986354,8.745000000000001,0.0,9.711886113073964,19.318436216986353,True,8.745000000000001,0.0,5.942954667136974,19.318436216986353,True
70,5.865960885905553,5.865960885905553,3.826571494157552,0.0,13.905840780210937,2.0393893917480006,False,0.0,0.0,10.136909334273948,5.865960885905553,False
71,11.998807375914595,11.998807375914595,0.0,0.0,15.741000000000001,11.998807375914595,False,0.0,0.0,10.136909334273948,11.998807375914595,False
72,14.846514112421746,14.846514112421746,0.0,0.0,15.741000000000001,14.846514112421746,False,0.0,0.0,10.136909334273948,14.846514112421746,False
73,9.683697407539956,9.683697407539956,0.0,0.0,15.741000000000001,9.683697407539956,False,0.0,0.0,10.136909334273948,9.683697407539956,False
74,14.129274901524989,14.129274901524989,0.0,0.0,15.741000000000001,14.129274901524989,False,0.0,0.0,10.136909334273948,14.129274901524989,False
75,19.231548040009137,19.231548040009137,0.0,0.0,15.741000000000001,19.231548040009137,True,1.7415480400091354,0.0,10.136909334273948,17.490000000000002,False
76,13.306926364683017,13.306926364683017,0.0,0.0,15.741000000000001,13.306926364683017,False,0.0,0.0,10.972126433237877,13.306926364683017,False
77,8.52867363466716,8.52867363466716,0.0,0.0,15.741000000000001,8.52867363466716,False,0.0,0.0,10.972126433237877,8.52867363466716,False
78,16.26877590886935,16.26877590886935,0.0,0.0,15.741000000000001,16.26877590886935,False,0.0,0.0,10.972126433237877,16.26877590886935,False
79,22.231122208447307,22.231122208447307,0.0,0.0,15.741000000000001,22.231122208447307,True,4.741122208447305,0.0,10.972126433237877,17.490000000000002,False
80,11.54344731385248,11.54344731385248,0.0,0.0,15.741000000000001,11.54344731385248,False,0.0,0.0,13.245888767552838,11.54344731385248,False
81,-1.0708567335263308,-1.0708567335263308,0.0,1.0708567335263308,15.741000000000001,0.0,False,0.0,1.0708567335263308,13.245888767552838,0.0,False
82,-11.719941258766085,-11.719941258766085,0.0,8.745000000000001,15.182777339174212,-2.9749412587660835,False,0.0,8.745000000000001,12.687666106727049,-2.9749412587660835,False
83,5.629887062577939,5.629887062577939,5.629887062577939,0.0,10.624130961851414,0.0,False,0.0,0.0,8.129019729404252,5.629887062577939,False
84,28.549452400603748,28.549452400603748,5.039522430385466,0.0,13.324129946591587,23.50992997021828,True,8.745000000000001,0.0,8.129019729404252,19.804452400603747,True
85,10.912839455131438,10.912839455131438,0.0,0.0,15.741000000000001,10.912839455131438,False,7.1270760593728575,0.0,12.322974396541227,3.785763395758581,False
86,-13.975411008916463,-13.975411008916463,0.0,8.745000000000001,15.741000000000001,-5.230411008916462,False,0.0,0.0,15.741000000000001,-13.975411008916463,False
87,-13.871996444597638,-13.871996444597638,0.0,8.745000000000001,11.182353622677205,-5.126996444597637,False,0.0,0.0,15.741000000000001,-13.871996444597638,False
88,-6.307332605875084,-6.307332605875084,0.0,6.307332605875084,6.6237072453544075,0.0,False,0.0,0.0,15.741000000000001,-6.307332605875084,False
89,-8.349600818733853,-8.349600818733853,0.0,3.043977263801547,3.3357828389115936,-5.305623554932305,False,0.0,0.0,15.741000000000001,-8.349600818733853,False
90,-8.9814084777394,-8.9814084777394,0.0,0.0,1.7490000000000003,-8.9814084777394,False,0.0,0.0,15.741000000000001,-8.9814084777394,False
91,-6.5098802314566475,-6.5098802314566475,0.0,0.0,1.7490000000000003,-6.5098802314566475,False,0.0,0.0,15.741000000000001,-6.5098802314566475,False
92,-13.008650067421522,-13.008650067421522,0.0,0.0,1.7490000000000003,-13.008650067421522,False,0.0,0.0,15.741000000000001,-13.008650067421522,False
93,-16.810189285215017,-16.810189285215017,0.0,0.0,1.7490000000000003,-16.810189285215017,False,0.0,0.0,15.741000000000001,-16.810189285215017,False
94,-9.142896174196586,-9.142896174196586,0.0,0.0,1.7490000000000003,-9.142896174196586,False,0.0,0.0,15.741000000000001,-9.142896174196586,False
95,-8.08286212895094,-8.08286212895094,0.0,0.0,1.7490000000000003,-8.08286212895094,False,0.0,0.0,15.741000000000001,-8.08286212895094,False
96,-10.757680005583046,-10.757680005583046,0.0,0.0,1.7490000000000003,-10.757680005583046,False,0.0,0.0,15.741000000000001,-10.757680005583046,False
97,-11.41797636267071,-11.41797636267071,0.0,0.0,1.7490000000000003,-11.41797636267071,False,0.0,0.0,15.741000000000001,-11.41797636267071,False
98,-12.927862669590766,-12.927862669590766,0.0,0.0,1.7490000000000003,-12.927862669590766,False,0.0,0.0,15.741000000000001,-12.927862669590766,False
99,-10.333203869722052,-10.333203869722052,0.0,0.0,1.7490000000000003,-10.333203869722052,False,0.0,6.569228004482971,15.741000000000001,-3.7639758652390807,False
100,-7.026299634120345,-7.026299634120345,0.0,0.0,1.7490000000000003,-7.026299634120345,False,0.0,0.0,12.316553179594768,-7.026299634120345,False
101,-5.529649459226756,-5.529649459226756,0.0,0.0,1.7490000000000003,-5.529649459226756,False,0.0,0.0,12.316553179594768,-5.529649459226756,False
102,-3.3682324206649947,-3.3682324206649947,0.0,0.0,1.7490000000000003,-3.3682324206649947,False,0.0,0.0,12.316553179594768,-3.3682324206649947,False
103,-4.019195783192567,-4.019195783192567,0.0,0.0,1.7490000000000003,-4.019195783192567,False,0.0,0.0,12.316553179594768,-4.019195783192567,False
104,-3.760825941753356,-3.760825941753356,0.0,0.0,1.7490000000000003,-3.760825941753356,False,0.0,0.0,12.316553179594768,-3.760825941753356,False
105,-2.0507270392278953,-2.0507270392278953,0.0,0.0,1.7490000000000003,-2.0507270392278953,False,0.0,0.0,12.316553179594768,-2.0507270392278953,False
106,-0.9333371867548159,-0.9333371867548159,0.0,0.0,1.7490000000000003,-0.9333371867548159,False,0.0,0.0,12.316553179594768,-0.9333371867548159,False
107,-0.6359620724294683,-0.6359620724294683,0.0,0.0,1.7490000000000003,-0.6359620724294683,False,0.0,0.0,12.316553179594768,-0.6359620724294683,False
108,0.03611814239130146,0.03611814239130146,0.03611814239130146,0.0,1.7490000000000003,0.0,False,0.03611814239130146,0.0,12.316553179594768,0.0,False
109,2.2917420214047732,2.2917420214047732,2.2917420214047732,0.0,1.7663216525843703,0.0,False,2.2917420214047732,0.0,12.333874832179138,0.0,False
110,3.6399457080459157,3.6399457080459157,3.6399457080459157,0.0,2.8654025155397127,0.0,False,3.6399457080459157,0.0,13.432955695134481,0.0,False
111,1.172659350422109,1.172659350422109,1.172659350422109,0.0,4.611059152519057,0.0,False,1.172659350422109,0.0,15.178612332113826,0.0,False
112,-1.401063896420892,-1.401063896420892,0.0,1.401063896420892,5.173446820405234,0.0,False,0.0,0.0,15.741000000000001,-1.401063896420892,False
113,-5.7294788200820985,-5.7294788200820985,0.0,5.168164108062079,4.443091776858423,-0.5613147120200193,False,0.0,0.0,15.741000000000001,-5.7294788200820985,False
114,-6.411469519924392,-6.411469519924392,0.0,4.2595540635239357e-16,1.7490000000000006,-6.411469519924392,False,0.0,0.0,15.741000000000001,-6.411469519924392,False
115,-2.7317857321104038,-2.7317857321104038,0.0,0.0,1.7490000000000003,-2.7317857321104038,False,0.0,0.0,15.741000000000001,-2.7317857321104038,False
116,-2.338459087574726,-2.338459087574726,0.0,0.0,1.7490000000000003,-2.338459087574726,False,0.0,0.0,15.741000000000001,-2.338459087574726,False
117,-2.7016853332114086,-2.7016853332114086,0.0,0.0,1.7490000000000003,-2.7016853332114086,False,0.0,0.0,15.741000000000001,-2.7016853332114086,False
118,-2.6851880862953004,-2.6851880862953004,0.0,0.0,1.7490000000000003,-2.6851880862953004,False,0.0,1.6140545539461866,15.741000000000001,-1.0711335323491138,False
119,-2.69244621165521,-2.69244621165521,0.0,0.0,1.7490000000000003,-2.69244621165521,False,0.0,2.69244621165521,14.899615901069396,0.0,False
120,-1.973028717868436,-1.973028717868436,0.0,0.0,1.7490000000000003,-1.973028717868436,False,0.0,1.973028717868436,13.496081290560705,0.0,False
121,-0.7589590301776277,-0.7589590301776277,0.0,0.0,1.7490000000000003,-0.7589590301776277,False,0.0,0.7589590301776277,12.46756897300041,0.0,False
122,-1.0456361794845115,-1.0456361794845115,0.0,0.0,1.7490000000000003,-1.0456361794845115,False,0.0,1.0456361794845115,12.071934229323375,0.0,False
123,-2.173761164550174,-2.173761164550174,0.0,0.0,1.7490000000000003,-2.173761164550174,False,0.0,2.173761164550174,11.526858691118147,0.0,False
124,-1.3215306921528536,-1.3215306921528536,0.0,0.0,1.7490000000000003,-1.3215306921528536,False,0.0,1.3215306921528536,10.393707352302636,0.0,False
125,2.2729749412402103,2.2729749412402103,2.2729749412402103,0.0,1.7490000000000003,0.0,False,2.2729749412402103,0.0,9.704811857470904,0.0,False
126,3.445412783344488,3.445412783344488,3.445412783344488,0.0,2.839080487489968,0.0,False,3.445412783344488,0.0,10.794892344960871,0.0,False
127,-1.3270132197794682,-1.3270132197794682,0.0,1.3270132197794682,4.491442411208779,0.0,False,0.0,1.3270132197794682,12.447254268679682,0.0,False
128,-4.703372774504319,-4.703372774504319,0.0,3.933903486838453,3.799688951288009,-0.7694692876658662,False,0.0,4.703372774504319,11.755500808758912,0.0,False
129,0.06225406884406987,0.06225406884406987,0.06225406884406987,0.0,1.7490000000000006,0.0,False,0.06225406884406987,0.0,9.303698263339497,0.0,False
130,3.723281981889252,3.723281981889252,3.723281981889252,0.0,1.7788560025816875,0.0,False,3.723281981889252,0.0,9.333554265921183,0.0,False
131,3.3261104846459193,3.3261104846459193,3.3261104846459193,0.0,3.564479312474361,0.0,False,3.3261104846459193,0.0,11.119177575813856,0.0,False
132,-0.7824018334917714,-0.7824018334917714,0.0,0.7824018334917714,5.159625863702946,0.0,False,0.0,0.7824018334917714,12.71432412704244,0.0,False
133,0.10629775785967269,0.10629775785967269,0.10629775785967269,0.0,4.751770714033651,0.0,False,0.10629775785967269,0.0,12.306468977373147,0.0,False
134,4.6516309499897766,4.6516309499897766,4.6516309499897766,0.0,4.802749327833739,0.0,False,4.6516309499897766,0.0,12.357447591173235,0.0,False
135,-2.761876417174439,-2.761876417174439,0.0,2.761876417174439,7.033593162311545,0.0,False,0.0,2.761876417174439,14.588291425651041,0.0,False
136,-0.5172730798049057,-0.5172730798049057,0.0,0.5172730798049057,5.593865555248593,0.0,False,0.0,0.5172730798049057,13.148563818588089,0.0,False
137,5.96785646108868,5.96785646108868,5.96785646108868,0.0,5.324218322391047,0.0,False,5.96785646108868,0.0,12.878916585730543,0.0,False
138,-4.566139058288333,-4.566139058288333,0.0,4.566139058288333,8.186301736660505,0.0,False,0.0,0.0,15.741000000000001,-4.566139058288333,False
139,-11.152303676201802,-11.152303676201802,0.0,7.782746779212532,5.806037211055218,-3.3695568969892697,False,0.0,1.9960840689149537,15.741000000000001,-9.156219607286848,False
140,-8.12043721541222,-8.12043721541222,0.0,4.2595540635239357e-16,1.7490000000000006,-8.12043721541222,False,0.0,8.12043721541222,14.700469249903843,0.0,False
141,-5.974278715672826,-5.974278715672826,0.0,0.0,1.7490000000000003,-5.974278715672826,False,0.0,5.974278715672826,10.467398730256486,0.0,False
142,8.818306472736154,8.818306472736154,8.745000000000001,0.0,1.7490000000000003,0.07330647273615298,False,8.745000000000001,0.0,7.353090665726055,0.07330647273615298,False
143,12.633422147830695,12.633422147830695,8.745000000000001,0.0,5.942954667136974,3.8884221478306937,False,8.745000000000001,0.0,11.547045332863028,3.8884221478306937,False
144,-7.0809143331936895,-7.0809143331936895,0.0,7.0809143331936895,10.136909334273948,0.0,False,0.0,4.023970930160024,15.741000000000001,-3.0569434030336655,False
145,-13.299459094544945,-13.299459094544945,0.0,8.745000000000001,6.445727576338387,-4.554459094544944,False,0.0,8.745000000000001,13.643360148287453,-4.554459094544944,False
146,-7.020335787195921,-7.020335787195921,0.0,0.2648856668063129,1.88708119901559,-6.755450120389608,False,0.0,7.020335787195921,9.084713770964656,0.0,False
147,-5.116980311359448,-5.116980311359448,0.0,0.0,1.7490000000000003,-5.116980311359448,False,0.0,5.116980311359448,5.42511076308698,0.0,False
148,-1.2806180271450214,-1.2806180271450214,0.0,0.0,1.7490000000000003,-1.2806180271450214,False,0.0,1.2806180271450214,2.7577003846752217,0.0,False
149,1.4393624484618908,1.4393624484618908,1.4393624484618908,0.0,1.7490000000000003,0.0,False,1.4393624484618908,0.0,2.090132090772544,0.0,False
150,-12.940048950133587,-12.940048950133587,0.0,1.3242134525849396,2.439293980380612,-11.615835497548648,False,0.0,0.0,2.780426071153155,-12.940048950133587,False
151,-17.91644712305446,-17.91644712305446,0.0,0.0,1.7490000000000003,-17.91644712305446,True,0.0,0.42644712305445864,2.780426071153155,-17.490000000000002,False
152,-6.26848688543903,-6.26848688543903,0.0,0.0,1.7490000000000003,-6.26848688543903,False,0.0,0.0,2.558125141178091,-6.26848688543903,False
153,1.8362436150241341,1.8362436150241341,1.8362436150241341,0.0,1.7490000000000003,0.0,False,1.8362436150241341,0.0,2.558125141178091,0.0,False
154,-1.4263141831228316,-1.4263141831228316,0.0,1.4263141831228316,2.629631501341445,0.0,False,0.0,0.0,3.438756642519536,-1.4263141831228316,False
155,-11.697131061520311,-11.697131061520311,0.0,0.2630299426993716,1.8861138359535639,-11.434101118820939,False,0.0,0.0,3.438756642519536,-11.697131061520311,False
156,-5.563276284537488,-5.563276284537488,0.0,0.0,1.7490000000000003,-5.563276284537488,False,0.0,0.0,3.438756642519536,-5.563276284537488,False
157,-1.7246788038746608,-1.7246788038746608,0.0,0.0,1.7490000000000003,-1.7246788038746608,False,0.0,0.0,3.438756642519536,-1.7246788038746608,False
158,-5.9849090161527965,-5.9849090161527965,0.0,0.0,1.7490000000000003,-5.9849090161527965,False,0.0,0.0,3.438756642519536,-5.9849090161527965,False
159,-10.742122391179553,-10.742122391179553,0.0,0.0,1.7490000000000003,-10.742122391179553,False,0.0,0.0,3.438756642519536,-10.742122391179553,False
160,-15.79682362328084,-15.79682362328084,0.0,0.0,1.7490000000000003,-15.79682362328084,False,0.0,0.0,3.438756642519536,-15.79682362328084,False
161,-10.34916711631357,-10.34916711631357,0.0,0.0,1.7490000000000003,-10.34916711631357,False,0.0,0.0,3.438756642519536,-10.34916711631357,False
162,-4.937766953514253,-4.937766953514253,0.0,0.0,1.7490000000000003,-4.937766953514253,False,0.0,0.0,3.438756642519536,-4.937766953514253,False
163,-3.8570542952721873,-3.8570542952721873,0.0,0.0,1.7490000000000003,-3.8570542952721873,False,0.0,0.0,3.438756642519536,-3.8570542952721873,False
164,-2.7866892472481566,-2.7866892472481566,0.0,0.0,1.7490000000000003,-2.7866892472481566,False,0.0,0.0,3.438756642519536,-2.7866892472481566,False
165,-1.5895327270363704,-1.5895327270363704,0.0,0.0,1.7490000000000003,-1.5895327270363704,False,0.0,0.0,3.438756642519536,-1.5895327270363704,False
166,,0.0,0.0,0.0,1.7490000000000003,,False,0.0,0.0,3.438756642519536,0.0,False
167,,0.0,0.0,0.0,1.7490000000000003,,False,0.0,0.0,3.438756642519536,0.0,False
168,,0.0,0.0,0.0,1.7490000000000003,,False,0.0,0.0,3.438756642519536,0.0,False
169,,0.0,0.0,0.0,1.7490000000000003,,False,0.0,0.0,3.438756642519536,0.0,False
170,,0.0,0.0,0.0,1.7490000000000003,,False,0.0,0.0,3.438756642519536,0.0,False
171,,0.0,0.0,0.0,1.7490000000000003,,False,0.0,0.0,3.438756642519536,0.0,False
172,,0.0,0.0,0.0,1.7490000000000003,,False,0.0,0.0,3.438756642519536,0.0,False
173,,0.0,0.0,0.0,1.7490000000000003,,False,0.0,0.0,3.438756642519536,0.0,False
174,,0.0,0.0,0.0,1.7490000000000003,,False,0.0,0.0,3.438756642519536,0.0,False
175,,0.0,0.0,0.0,1.7490000000000003,,False,0.0,0.0,3.438756642519536,0.0,False
176,,0.0,0.0,0.0,1.7490000000000003,,False,0.0,0.0,3.438756642519536,0.0,False
177,,0.0,0.0,0.0,1.7490000000000003,,False,0.0,0.0,3.438756642519536,0.0,False
178,,0.0,0.0,0.0,1.7490000000000003,,False,0.0,0.0,3.438756642519536,0.0,False
179,,0.0,0.0,0.0,1.7490000000000003,,False,0.0,0.0,3.438756642519536,0.0,False
180,,0.0,0.0,0.0,1.7490000000000003,,False,0.0,0.0,3.438756642519536,0.0,False
181,,0.0,0.0,0.0,1.7490000000000003,,False,0.0,0.0,3.438756642519536,0.0,False
182,,0.0,0.0,0.0,1.7490000000000003,,False,0.0,0.0,3.438756642519536,0.0,False
183,,0.0,0.0,0.0,1.7490000000000003,,False,0.0,0.0,3.438756642519536,0.0,False
184,,0.0,0.0,0.0,1.7490000000000003,,False,0.0,0.0,3.438756642519536,0.0,False
185,,0.0,0.0,0.0,1.7490000000000003,,False,0.0,0.0,3.438756642519536,0.0,False
186,,0.0,0.0,0.0,1.7490000000000003,,False,0.0,0.0,3.438756642519536,0.0,False
187,,0.0,0.0,0.0,1.7490000000000003,,False,0.0,0.0,3.438756642519536,0.0,False
188,,0.0,0.0,0.0,1.7490000000000003,,False,0.0,0.0,3.438756642519536,0.0,False
189,,0.0,0.0,0.0,1.7490000000000003,,False,0.0,0.0,3.438756642519536,0.0,False
190,,0.0,0.0,0.0,1.7490000000000003,,False,0.0,0.0,3.438756642519536,0.0,False
191,,0.0,0.0,0.0,1.7490000000000003,,False,0.0,0.0,3.438756642519536,0.0,False
192,-5.741618901318048,-5.741618901318048,0.0,0.0,1.7490000000000003,-5.741618901318048,False,0.0,0.0,3.438756642519536,-5.741618901318048,False
193,-7.880540996280222,-7.880540996280222,0.0,0.0,1.7490000000000003,-7.880540996280222,False,0.0,0.0,3.438756642519536,-7.880540996280222,False
194,-9.810006120144864,-9.810006120144864,0.0,0.0,1.7490000000000003,-9.810006120144864,False,0.0,0.0,3.438756642519536,-9.810006120144864,False
195,-13.974704420993815,-13.974704420993815,0.0,0.0,1.7490000000000003,-13.974704420993815,False,0.0,0.0,3.438756642519536,-13.974704420993815,False
196,-8.776442012808749,-8.776442012808749,0.0,0.0,1.7490000000000003,-8.776442012808749,False,0.0,0.0,3.438756642519536,-8.776442012808749,False
197,-14.908678983285483,-14.908678983285483,0.0,0.0,1.7490000000000003,-14.908678983285483,False,0.0,0.0,3.438756642519536,-14.908678983285483,False
198,-20.731515269168902,-20.731515269168902,0.0,0.0,1.7490000000000003,-20.731515269168902,True,0.0,3.2415152691689,3.438756642519536,-17.490000000000002,False
199,-13.596007137212938,-13.596007137212938,0.0,0.0,1.7490000000000003,-13.596007137212938,False,0.0,0.0,1.7490000000000003,-13.596007137212938,False
200,-8.359316752466386,-8.359316752466386,0.0,0.0,1.7490000000000003,-8.359316752466386,False,0.0,0.0,1.7490000000000003,-8.359316752466386,False
201,-1.3378223534651095,-1.3378223534651095,0.0,0.0,1.7490000000000003,-1.3378223534651095,False,0.0,0.0,1.7490000000000003,-1.3378223534651095,False
202,-1.1953556890694457,-1.1953556890694457,0.0,0.0,1.7490000000000003,-1.1953556890694457,False,0.0,0.0,1.7490000000000003,-1.1953556890694457,False
203,-2.5719607996903746,-2.5719607996903746,0.0,0.0,1.7490000000000003,-2.5719607996903746,False,0.0,0.0,1.7490000000000003,-2.5719607996903746,False
204,-2.326399634317083,-2.326399634317083,0.0,0.0,1.7490000000000003,-2.326399634317083,False,0.0,0.0,1.7490000000000003,-2.326399634317083,False
205,0.8114996138611766,0.8114996138611766,0.8114996138611766,0.0,1.7490000000000003,0.0,False,0.8114996138611766,0.0,1.7490000000000003,0.0,False
206,14.796281657652878,14.796281657652878,8.745000000000001,0.0,2.1381815429311533,6.051281657652877,False,8.745000000000001,0.0,2.1381815429311533,6.051281657652877,False
207,15.359306305449808,15.359306305449808,8.745000000000001,0.0,6.332136210068127,6.614306305449807,False,8.745000000000001,0.0,6.332136210068127,6.614306305449807,False
208,11.370265937071327,11.370265937071327,8.745000000000001,0.0,10.5260908772051,2.625265937071326,False,8.745000000000001,0.0,10.5260908772051,2.625265937071326,False
209,-9.062692323545024,-9.062692323545024,0.0,8.745000000000001,14.720045544342074,-0.31769232354502286,False,0.0,0.0,14.720045544342074,-9.062692323545024,False
210,-23.731348286648043,-23.731348286648043,0.0,8.745000000000001,10.161399167019276,-14.986348286648042,False,0.0,6.241348286648041,14.720045544342074,-17.490000000000002,False
211,-16.54562807554029,-16.54562807554029,0.0,7.392779644752282,5.602752789696479,-9.152848430788008,False,0.0,1.151431358104242,11.466517842050715,-15.394196717436047,False
212,-17.294127155890585,-17.294127155890585,0.0,0.0,1.749,-17.294127155890585,False,0.0,8.745000000000001,10.866292754645595,-8.549127155890584,False
213,-14.411283026275715,-14.411283026275715,0.0,0.0,1.749,-14.411283026275715,False,0.0,8.745000000000001,6.307646377322798,-5.666283026275714,False
214,-6.128951424085385,-6.128951424085385,0.0,0.0,1.749,-6.128951424085385,False,0.0,0.0,1.7490000000000003,-6.128951424085385,False
215,0.793897441829993,0.793897441829993,0.793897441829993,0.0,1.749,0.0,False,0.793897441829993,0.0,1.7490000000000003,0.0,False
216,7.104965431754122,7.104965431754122,7.104965431754122,0.0,2.1297398377805608,0.0,False,7.104965431754122,0.0,2.129739837780561,0.0,False
217,4.469917524042547,4.469917524042547,4.469917524042547,0.0,5.53716155674592,0.0,False,4.469917524042547,0.0,5.53716155674592,0.0,False
218,-5.111581210079152,-5.111581210079152,0.0,5.111581210079152,7.680858693587039,0.0,False,0.0,0.0,7.680858693587039,-5.111581210079152,False
219,-8.85120828461986,-8.85120828461986,0.0,6.2676967557373775,5.01626279127502,-2.5835115288824824,False,0.0,0.0,7.680858693587039,-8.85120828461986,False
220,-7.972348192438415,-7.972348192438415,0.0,4.2595540635239357e-16,1.7490000000000006,-7.972348192438415,False,0.0,3.097726216321332,7.680858693587039,-4.874621976117083,False
221,-3.125001744915766,-3.125001744915766,0.0,0.0,1.7490000000000003,-3.125001744915766,False,0.0,3.125001744915766,6.066057276323335,0.0,False
222,3.5062737896133176,3.5062737896133176,3.5062737896133176,0.0,1.7490000000000003,0.0,False,3.5062737896133176,0.0,4.437037506902216,0.0,False
223,1.967365520607143,1.967365520607143,1.967365520607143,0.0,3.43054983695927,0.0,False,1.967365520607143,0.0,6.118587343861487,0.0,False
224,-1.9156359389526436,-1.9156359389526436,0.0,1.9156359389526436,4.374065195119898,0.0,False,0.0,1.9156359389526436,7.0621027020221145,0.0,False
225,-2.67730448895646,-2.67730448895646,0.0,2.67730448895646,3.375470931726436,0.0,False,0.0,2.67730448895646,6.063508438628653,0.0,False
226,-5.5993577420731535,-5.5993577420731535,0.0,0.44280773749371993,1.9798294898086053,-5.156550004579434,False,0.0,5.5993577420731535,4.667866996710822,0.0,False
227,11.769346445991834,11.769346445991834,8.745000000000001,0.0,1.7490000000000003,3.024346445991833,False,1.639537344586009,0.0,1.7490000000000003,10.129809101405826,False
228,34.98679456077765,34.98679456077765,8.745000000000001,0.0,5.942954667136974,26.241794560777652,True,8.745000000000001,0.0,2.5352944880814015,26.241794560777652,True
229,41.448255155242244,41.448255155242244,8.745000000000001,0.0,10.136909334273948,32.703255155242246,True,8.745000000000001,0.0,6.729249155218375,32.703255155242246,True
230,22.942716586372843,22.942716586372843,2.940336814865897,0.0,14.330864001410923,20.002379771506945,True,5.452716586372841,0.0,10.92320382235535,17.490000000000002,False
231,-2.9771959692540295,-2.9771959692540295,0.0,2.9771959692540295,15.741000000000001,0.0,False,0.0,2.9771959692540295,13.538234831617048,0.0,False
232,-14.95327534998316,-14.95327534998316,0.0,8.745000000000001,14.18902931734478,-6.208275349983159,False,0.0,8.745000000000001,11.986264148961826,-6.208275349983159,False
233,-12.268048856086919,-12.268048856086919,0.0,8.745000000000001,9.630382940021981,-3.523048856086918,False,0.0,8.745000000000001,7.427617771639029,-3.523048856086918,False
234,-2.1484776472281117,-2.1484776472281117,0.0,2.1484776472281117,5.071736562699184,0.0,False,0.0,2.1484776472281117,2.8689713943162314,0.0,False
235,7.581358727375324,7.581358727375324,7.581358727375324,0.0,3.951765168382953,0.0,False,0.0,0.0,1.7490000000000003,7.581358727375324,False
236,7.727977470306601,7.727977470306601,7.727977470306601,0.0,7.587657085811811,0.0,False,7.455371370835972,0.0,1.7490000000000003,0.27260609947062875,False
237,-3.576856501248705,-3.576856501248705,0.0,3.576856501248705,11.293864882166499,0.0,False,0.0,3.576856501248705,5.324470503825832,0.0,False
238,-3.2820851599203906,-3.2820851599203906,0.0,3.2820851599203906,9.429299538356219,0.0,False,0.0,3.2820851599203906,3.459905160015552,0.0,False
239,0.4643314550058511,0.4643314550058511,0.4643314550058511,0.0,7.718394378340667,0.0,False,0.0,0.0,1.7490000000000003,0.4643314550058511,False
240,8.200410200702915,8.200410200702915,8.200410200702915,0.0,7.94107992125894,0.0,False,0.0,0.0,1.7490000000000003,8.200410200702915,False
241,7.420791868891605,7.420791868891605,7.420791868891605,0.0,11.873858495721562,0.0,False,0.0,0.0,1.7490000000000003,7.420791868891605,False
242,2.7705592284170883,2.7705592284170883,0.6427555795125302,0.0,15.432745252998869,2.127803648904558,False,0.0,0.0,1.7490000000000003,2.7705592284170883,False
243,4.094480251544929,4.094480251544929,0.0,0.0,15.741000000000001,4.094480251544929,False,0.0,0.0,1.7490000000000003,4.094480251544929,False
244,7.413436533473943,7.413436533473943,0.0,0.0,15.741000000000001,7.413436533473943,False,0.0,0.0,1.7490000000000003,7.413436533473943,False
245,14.628303496391297,14.628303496391297,0.0,0.0,15.741000000000001,14.628303496391297,False,5.605007822004332,0.0,1.7490000000000003,9.023295674386965,False
246,17.424592844175123,17.424592844175123,0.0,0.0,15.741000000000001,17.424592844175123,False,8.745000000000001,0.0,4.437067320118275,8.679592844175122,False
247,11.395508091016236,11.395508091016236,0.0,0.0,15.741000000000001,11.395508091016236,False,8.745000000000001,0.0,8.631021987255249,2.650508091016235,False
248,5.333881815854984,5.333881815854984,0.0,0.0,15.741000000000001,5.333881815854984,False,5.333881815854984,0.0,12.824976654392223,0.0,False
249,0.7464471770065824,0.7464471770065824,0.0,0.0,15.741000000000001,0.7464471770065824,False,0.7464471770065824,0.0,15.383016509802406,0.0,False
250,-7.947570655032253,-7.947570655032253,0.0,7.947570655032253,15.741000000000001,0.0,False,0.0,0.0,15.741000000000001,-7.947570655032253,False
251,-8.85136044588043,-8.85136044588043,0.0,8.745000000000001,11.598042404221871,-0.10636044588042814,False,0.0,2.827113651256534,15.741000000000001,-6.024246794623895,False
252,-6.494699959489571,-6.494699959489571,0.0,6.494699959489571,7.039396026899074,0.0,False,0.0,6.494699959489571,14.267265133838718,0.0,False
253,8.672020036006131,8.672020036006131,8.672020036006131,0.0,3.6537996355753863,0.0,False,8.672020036006131,0.0,10.88166874251503,0.0,False
254,1.46038606263094,1.46038606263094,1.46038606263094,0.0,7.812754341523157,0.0,False,1.46038606263094,0.0,15.040623448462801,0.0,False
255,-10.947080111210179,-10.947080111210179,0.0,8.745000000000001,8.513130893060358,-2.2020801112101775,False,0.0,0.0,15.741000000000001,-10.947080111210179,False
256,-9.105613167396404,-9.105613167396404,0.0,4.230852865900912,3.954484515737561,-4.874760301495492,False,0.0,0.0,15.741000000000001,-9.105613167396404,False
257,-19.4773409452333,-19.4773409452333,0.0,4.2595540635239357e-16,1.7490000000000006,-19.4773409452333,True,0.0,1.9873409452332993,15.741000000000001,-17.490000000000002,False
258,-23.46083424862293,-23.46083424862293,0.0,0.0,1.7490000000000003,-23.46083424862293,True,0.0,8.745000000000001,14.705026918182615,-14.71583424862293,False
259,-16.687622952579176,-16.687622952579176,0.0,0.0,1.7490000000000003,-16.687622952579176,False,0.0,0.0,10.146380540859816,-16.687622952579176,False
260,-6.367948317697995,-6.367948317697995,0.0,0.0,1.7490000000000003,-6.367948317697995,False,0.0,0.0,10.146380540859816,-6.367948317697995,False
261,-0.23663961835974656,-0.23663961835974656,0.0,0.0,1.7490000000000003,-0.23663961835974656,False,0.0,0.0,10.146380540859816,-0.23663961835974656,False
262,-0.018656806975148477,-0.018656806975148477,0.0,0.0,1.7490000000000003,-0.018656806975148477,False,0.0,0.0,10.146380540859816,-0.018656806975148477,False
263,-9.198764192342646,-9.198764192342646,0.0,0.0,1.7490000000000003,-9.198764192342646,False,0.0,0.0,10.146380540859816,-9.198764192342646,False
264,-10.14013310542347,-10.14013310542347,0.0,0.0,1.7490000000000003,-10.14013310542347,False,0.0,0.16277668593831496,10.146380540859816,-9.977356419485155,False
265,-4.777517821734448,-4.777517821734448,0.0,0.0,1.7490000000000003,-4.777517821734448,False,0.0,0.0,10.061527327633366,-4.777517821734448,False
266,-1.2218093614649088,-1.2218093614649088,0.0,0.0,1.7490000000000003,-1.2218093614649088,False,0.0,0.0,10.061527327633366,-1.2218093614649088,False
267,-0.17691518674818715,-0.17691518674818715,0.0,0.0,1.7490000000000003,-0.17691518674818715,False,0.0,0.0,10.061527327633366,-0.17691518674818715,False
268,-0.007543875462364523,-0.007543875462364523,0.0,0.0,1.7490000000000003,-0.007543875462364523,False,0.0,0.0,10.061527327633366,-0.007543875462364523,False
269,-0.5594256841883978,-0.5594256841883978,0.0,0.0,1.7490000000000003,-0.5594256841883978,False,0.0,0.0,10.061527327633366,-0.5594256841883978,False
270,0.637528397709057,0.637528397709057,0.637528397709057,0.0,1.7490000000000003,0.0,False,0.637528397709057,0.0,10.061527327633366,0.0,False
271,0.940186502030029,0.940186502030029,0.940186502030029,0.0,2.0547478786740148,0.0,False,0.940186502030029,0.0,10.36727520630738,0.0,False
272,-5.207496148129785,-5.207496148129785,0.0,1.4514977077599591,2.505645485096888,-3.755998440369826,False,0.0,5.207496148129785,10.818172812730253,0.0,False
273,-7.2636382848091205,-7.2636382848091205,0.0,0.0,1.7490000000000003,-7.2636382848091205,False,0.0,7.2636382848091205,8.103577792650864,0.0,False
274,-3.3887781347921444,-3.3887781347921444,0.0,0.0,1.7490000000000003,-3.3887781347921444,False,0.0,3.3887781347921444,4.3171445904520915,0.0,False
275,-1.5377773785339244,-1.5377773785339244,0.0,0.0,1.7490000000000003,-1.5377773785339244,False,0.0,1.5377773785339244,2.5506218725880645,0.0,False
276,0.4077052540269405,0.4077052540269405,0.4077052540269405,0.0,1.7490000000000003,0.0,False,0.4077052540269405,0.0,1.7490000000000003,0.0,False
277,-1.5098972030654974,-1.5098972030654974,0.0,0.3750888337047853,1.9445285709482625,-1.134808369360712,False,0.0,0.0,1.9445285709482625,-1.5098972030654974,False
278,-3.285194041841277,-3.285194041841277,0.0,0.0,1.7490000000000003,-3.285194041841277,False,0.0,0.0,1.9445285709482625,-3.285194041841277,False
279,,0.0,0.0,0.0,1.7490000000000003,,False,0.0,0.0,1.9445285709482625,0.0,False
280,,0.0,0.0,0.0,1.7490000000000003,,False,0.0,0.0,1.9445285709482625,0.0,False
281,,0.0,0.0,0.0,1.7490000000000003,,False,0.0,0.0,1.9445285709482625,0.0,False
282,,0.0,0.0,0.0,1.7490000000000003,,False,0.0,0.0,1.9445285709482625,0.0,False
283,,0.0,0.0,0.0,1.7490000000000003,,False,0.0,0.0,1.9445285709482625,0.0,False
284,,0.0,0.0,0.0,1.7490000000000003,,False,0.0,0.0,1.9445285709482625,0.0,False
285,,0.0,0.0,0.0,1.7490000000000003,,False,0.0,0.0,1.9445285709482625,0.0,False
286,,0.0,0.0,0.0,1.7490000000000003,,False,0.0,0.0,1.9445285709482625,0.0,False
287,,0.0,0.0,0.0,1.7490000000000003,,False,0.0,0.0,1.9445285709482625,0.0,False
288,,0.0,0.0,0.0,1.7490000000000003,,False,0.0,0.0,1.9445285709482625,0.0,False
289,,0.0,0.0,0.0,1.7490000000000003,,False,0.0,0.0,1.9445285709482625,0.0,False
290,,0.0,0.0,0.0,1.7490000000000003,,False,0.0,0.0,1.9445285709482625,0.0,False
291,,0.0,0.0,0.0,1.7490000000000003,,False,0.0,0.0,1.9445285709482625,0.0,False
292,,0.0,0.0,0.0,1.7490000000000003,,False,0.0,0.0,1.9445285709482625,0.0,False
293,,0.0,0.0,0.0,1.7490000000000003,,False,0.0,0.0,1.9445285709482625,0.0,False
294,,0.0,0.0,0.0,1.7490000000000003,,False,0.0,0.0,1.9445285709482625,0.0,False
295,,0.0,0.0,0.0,1.7490000000000003,,False,0.0,0.0,1.9445285709482625,0.0,False
296,,0.0,0.0,0.0,1.7490000000000003,,False,0.0,0.0,1.9445285709482625,0.0,False
297,,0.0,0.0,0.0,1.7490000000000003,,False,0.0,0.0,1.9445285709482625,0.0,False
298,,0.0,0.0,0.0,1.7490000000000003,,False,0.0,0.0,1.9445285709482625,0.0,False
299,,0.0,0.0,0.0,1.7490000000000003,,False,0.0,0.0,1.9445285709482625,0.0,False
300,,0.0,0.0,0.0,1.7490000000000003,,False,0.0,0.0,1.9445285709482625,0.0,False
301,,0.0,0.0,0.0,1.7490000000000003,,False,0.0,0.0,1.9445285709482625,0.0,False
302,,0.0,0.0,0.0,1.7490000000000003,,False,0.0,0.0,1.9445285709482625,0.0,False
303,,0.0,0.0,0.0,1.7490000000000003,,False,0.0,0.0,1.9445285709482625,0.0,False
304,,0.0,0.0,0.0,1.7490000000000003,,False,0.0,0.0,1.9445285709482625,0.0,False
305,,0.0,0.0,0.0,1.7490000000000003,,False,0.0,0.0,1.9445285709482625,0.0,False
306,,0.0,0.0,0.0,1.7490000000000003,,False,0.0,0.0,1.9445285709482625,0.0,False
307,,0.0,0.0,0.0,1.7490000000000003,,False,0.0,0.0,1.9445285709482625,0.0,False
308,,0.0,0.0,0.0,1.7490000000000003,,False,0.0,0.0,1.9445285709482625,0.0,False
309,,0.0,0.0,0.0,1.7490000000000003,,False,0.0,0.0,1.9445285709482625,0.0,False
310,,0.0,0.0,0.0,1.7490000000000003,,False,0.0,0.0,1.9445285709482625,0.0,False
311,,0.0,0.0,0.0,1.7490000000000003,,False,0.0,0.0,1.9445285709482625,0.0,False
312,,0.0,0.0,0.0,1.7490000000000003,,False,0.0,0.0,1.9445285709482625,0.0,False
313,,0.0,0.0,0.0,1.7490000000000003,,False,0.0,0.0,1.9445285709482625,0.0,False
314,,0.0,0.0,0.0,1.7490000000000003,,False,0.0,0.0,1.9445285709482625,0.0,False
315,,0.0,0.0,0.0,1.7490000000000003,,False,0.0,0.0,1.9445285709482625,0.0,False
316,,0.0,0.0,0.0,1.7490000000000003,,False,0.0,0.0,1.9445285709482625,0.0,False
317,,0.0,0.0,0.0,1.7490000000000003,,False,0.0,0.0,1.9445285709482625,0.0,False
318,,0.0,0.0,0.0,1.7490000000000003,,False,0.0,0.0,1.9445285709482625,0.0,False
319,,0.0,0.0,0.0,1.7490000000000003,,False,0.0,0.0,1.9445285709482625,0.0,False
320,,0.0,0.0,0.0,1.7490000000000003,,False,0.0,0.0,1.9445285709482625,0.0,False
321,,0.0,0.0,0.0,1.7490000000000003,,False,0.0,0.0,1.9445285709482625,0.0,False
322,,0.0,0.0,0.0,1.7490000000000003,,False,0.0,0.0,1.9445285709482625,0.0,False
323,,0.0,0.0,0.0,1.7490000000000003,,False,0.0,0.0,1.9445285709482625,0.0,False
324,,0.0,0.0,0.0,1.7490000000000003,,False,0.0,0.0,1.9445285709482625,0.0,False
325,,0.0,0.0,0.0,1.7490000000000003,,False,0.0,0.0,1.9445285709482625,0.0,False
326,,0.0,0.0,0.0,1.7490000000000003,,False,0.0,0.0,1.9445285709482625,0.0,False
327,,0.0,0.0,0.0,1.7490000000000003,,False,0.0,0.0,1.9445285709482625,0.0,False
328,,0.0,0.0,0.0,1.7490000000000003,,False,0.0,0.0,1.9445285709482625,0.0,False
329,,0.0,0.0,0.0,1.7490000000000003,,False,0.0,0.0,1.9445285709482625,0.0,False
330,,0.0,0.0,0.0,1.7490000000000003,,False,0.0,0.0,1.9445285709482625,0.0,False
331,-7.657086063700053,-7.657086063700053,0.0,0.0,1.7490000000000003,-7.657086063700053,False,0.0,0.0,1.9445285709482625,-7.657086063700053,False
332,-11.328991757896137,-11.328991757896137,0.0,0.0,1.7490000000000003,-11.328991757896137,False,0.0,0.0,1.9445285709482625,-11.328991757896137,False
333,-5.185317332666397,-5.185317332666397,0.0,0.0,1.7490000000000003,-5.185317332666397,False,0.0,0.0,1.9445285709482625,-5.185317332666397,False
334,-9.211365243494026,-9.211365243494026,0.0,0.0,1.7490000000000003,-9.211365243494026,False,0.0,0.0,1.9445285709482625,-9.211365243494026,False
335,-15.207339181658421,-15.207339181658421,0.0,0.0,1.7490000000000003,-15.207339181658421,False,0.0,0.0,1.9445285709482625,-15.207339181658421,False
336,-14.66362239864409,-14.66362239864409,0.0,0.0,1.7490000000000003,-14.66362239864409,False,0.0,0.0,1.9445285709482625,-14.66362239864409,False
337,-12.479180825336757,-12.479180825336757,0.0,0.0,1.7490000000000003,-12.479180825336757,False,0.0,0.0,1.9445285709482625,-12.479180825336757,False
338,-4.4763123196405905,-4.4763123196405905,0.0,0.0,1.7490000000000003,-4.4763123196405905,False,0.0,0.0,1.9445285709482625,-4.4763123196405905,False
339,-4.297521089488348,-4.297521089488348,0.0,0.0,1.7490000000000003,-4.297521089488348,False,0.0,0.0,1.9445285709482625,-4.297521089488348,False
340,0.48108580897884545,0.48108580897884545,0.48108580897884545,0.0,1.7490000000000003,0.0,False,0.48108580897884545,0.0,1.9445285709482625,0.0,False
341,6.63068140602085,6.63068140602085,6.63068140602085,0.0,1.9797206488119152,0.0,False,6.63068140602085,0.0,2.175249219760177,0.0,False
342,2.269379388142692,2.269379388142692,2.269379388142692,0.0,5.159683739615745,0.0,False,2.269379388142692,0.0,5.355212310564006,0.0,False
343,2.1193483852185855,2.1193483852185855,2.1193483852185855,0.0,6.248039860416831,0.0,False,2.1193483852185855,0.0,6.443568431365092,0.0,False
344,-1.2230529736985893,-1.2230529736985893,0.0,1.2230529736985893,7.2644436398881505,0.0,False,0.0,0.0,7.459972210836412,-1.2230529736985893,False
345,-2.5758365393849436,-2.5758365393849436,0.0,2.5758365393849436,6.6268832044593395,0.0,False,0.0,0.0,7.459972210836412,-2.5758365393849436,False
346,-1.1403585755176573,-1.1403585755176573,0.0,1.1403585755176573,5.284135587667703,0.0,False,0.0,0.0,7.459972210836412,-1.1403585755176573,False
347,-7.983635497257852,-7.983635497257852,0.0,5.641207300690904,4.689682587195141,-2.3424281965669485,False,0.0,0.0,7.459972210836412,-7.983635497257852,False
348,-2.9373681965442775,-2.9373681965442775,0.0,4.2595540635239357e-16,1.7490000000000006,-2.937368196544277,False,0.0,0.0,7.459972210836412,-2.9373681965442775,False
349,-7.405639580604636,-7.405639580604636,0.0,0.0,1.7490000000000003,-7.405639580604636,False,0.0,0.0,7.459972210836412,-7.405639580604636,False
350,-14.650432465924496,-14.650432465924496,0.0,0.0,1.7490000000000003,-14.650432465924496,False,0.0,0.0,7.459972210836412,-14.650432465924496,False
351,-1.661057032665445,-1.661057032665445,0.0,0.0,1.7490000000000003,-1.661057032665445,False,0.0,0.0,7.459972210836412,-1.661057032665445,False
352,-3.0960618974409537,-3.0960618974409537,0.0,0.0,1.7490000000000003,-3.0960618974409537,False,0.0,0.0,7.459972210836412,-3.0960618974409537,False
353,-13.890181464216013,-13.890181464216013,0.0,0.0,1.7490000000000003,-13.890181464216013,False,0.0,0.0,7.459972210836412,-13.890181464216013,False
354,-11.618598361265036,-11.618598361265036,0.0,0.0,1.7490000000000003,-11.618598361265036,False,0.0,0.0,7.459972210836412,-11.618598361265036,False
355,-9.076816823731132,-9.076816823731132,0.0,0.0,1.7490000000000003,-9.076816823731132,False,0.0,0.0,7.459972210836412,-9.076816823731132,False
356,-10.417861550429757,-10.417861550429757,0.0,0.0,1.7490000000000003,-10.417861550429757,False,0.0,0.0,7.459972210836412,-10.417861550429757,False
357,-7.471534320983453,-7.471534320983453,0.0,0.0,1.7490000000000003,-7.471534320983453,False,0.0,0.0,7.459972210836412,-7.471534320983453,False
358,-4.16473418204827,-4.16473418204827,0.0,0.0,1.7490000000000003,-4.16473418204827,False,0.0,0.0,7.459972210836412,-4.16473418204827,False
359,-3.9718413379877973,-3.9718413379877973,0.0,0.0,1.7490000000000003,-3.9718413379877973,False,0.0,0.0,7.459972210836412,-3.9718413379877973,False
360,-3.6543518368630914,-3.6543518368630914,0.0,0.0,1.7490000000000003,-3.6543518368630914,False,0.0,0.0,7.459972210836412,-3.6543518368630914,False
361,-3.100399838332885,-3.100399838332885,0.0,0.0,1.7490000000000003,-3.100399838332885,False,0.0,0.0,7.459972210836412,-3.100399838332885,False
362,-2.112605479635954,-2.112605479635954,0.0,0.0,1.7490000000000003,-2.112605479635954,False,0.0,0.0,7.459972210836412,-2.112605479635954,False
363,-1.9010680679624197,-1.9010680679624197,0.0,0.0,1.7490000000000003,-1.9010680679624197,False,0.0,0.0,7.459972210836412,-1.9010680679624197,False
364,-1.6576007971938211,-1.6576007971938211,0.0,0.0,1.7490000000000003,-1.6576007971938211,False,0.0,0.0,7.459972210836412,-1.6576007971938211,False
365,-0.5954647342058415,-0.5954647342058415,0.0,0.0,1.7490000000000003,-0.5954647342058415,False,0.0,0.0,7.459972210836412,-0.5954647342058415,False
366,-1.114226554537246,-1.114226554537246,0.0,0.0,1.7490000000000003,-1.114226554537246,False,0.0,0.0,7.459972210836412,-1.114226554537246,False
367,-1.327690512287014,-1.327690512287014,0.0,0.0,1.7490000000000003,-1.327690512287014,False,0.0,0.0,7.459972210836412,-1.327690512287014,False
368,-0.3025746867195575,-0.3025746867195575,0.0,0.0,1.7490000000000003,-0.3025746867195575,False,0.0,0.0,7.459972210836412,-0.3025746867195575,False
369,-0.6456801775206777,-0.6456801775206777,0.0,0.0,1.7490000000000003,-0.6456801775206777,False,0.0,0.0,7.459972210836412,-0.6456801775206777,False
370,-1.3319316226498603,-1.3319316226498603,0.0,0.0,1.7490000000000003,-1.3319316226498603,False,0.0,0.0,7.459972210836412,-1.3319316226498603,False
371,-1.4616001958066038,-1.4616001958066038,0.0,0.0,1.7490000000000003,-1.4616001958066038,False,0.0,0.0,7.459972210836412,-1.4616001958066038,False
372,,0.0,0.0,0.0,1.7490000000000003,,False,0.0,0.0,7.459972210836412,0.0,False
373,,0.0,0.0,0.0,1.7490000000000003,,False,0.0,0.0,7.459972210836412,0.0,False
374,,0.0,0.0,0.0,1.7490000000000003,,False,0.0,0.0,7.459972210836412,0.0,False
375,,0.0,0.0,0.0,1.7490000000000003,,False,0.0,0.0,7.459972210836412,0.0,False
376,,0.0,0.0,0.0,1.7490000000000003,,False,0.0,0.0,7.459972210836412,0.0,False
377,,0.0,0.0,0.0,1.7490000000000003,,False,0.0,0.0,7.459972210836412,0.0,False
378,,0.0,0.0,0.0,1.7490000000000003,,False,0.0,0.0,7.459972210836412,0.0,False
379,,0.0,0.0,0.0,1.7490000000000003,,False,0.0,0.0,7.459972210836412,0.0,False
380,,0.0,0.0,0.0,1.7490000000000003,,False,0.0,0.0,7.459972210836412,0.0,False
381,,0.0,0.0,0.0,1.7490000000000003,,False,0.0,0.0,7.459972210836412,0.0,False
382,,0.0,0.0,0.0,1.7490000000000003,,False,0.0,0.0,7.459972210836412,0.0,False
383,,0.0,0.0,0.0,1.7490000000000003,,False,0.0,0.0,7.459972210836412,0.0,False
384,,0.0,0.0,0.0,1.7490000000000003,,False,0.0,0.0,7.459972210836412,0.0,False
385,,0.0,0.0,0.0,1.7490000000000003,,False,0.0,0.0,7.459972210836412,0.0,False
386,,0.0,0.0,0.0,1.7490000000000003,,False,0.0,0.0,7.459972210836412,0.0,False
387,,0.0,0.0,0.0,1.7490000000000003,,False,0.0,0.0,7.459972210836412,0.0,False
388,,0.0,0.0,0.0,1.7490000000000003,,False,0.0,0.0,7.459972210836412,0.0,False
389,,0.0,0.0,0.0,1.7490000000000003,,False,0.0,0.0,7.459972210836412,0.0,False
390,,0.0,0.0,0.0,1.7490000000000003,,False,0.0,0.0,7.459972210836412,0.0,False
391,,0.0,0.0,0.0,1.7490000000000003,,False,0.0,0.0,7.459972210836412,0.0,False
392,,0.0,0.0,0.0,1.7490000000000003,,False,0.0,0.0,7.459972210836412,0.0,False
393,,0.0,0.0,0.0,1.7490000000000003,,False,0.0,0.0,7.459972210836412,0.0,False
394,,0.0,0.0,0.0,1.7490000000000003,,False,0.0,0.0,7.459972210836412,0.0,False
395,,0.0,0.0,0.0,1.7490000000000003,,False,0.0,0.0,7.459972210836412,0.0,False
396,,0.0,0.0,0.0,1.7490000000000003,,False,0.0,0.0,7.459972210836412,0.0,False
397,,0.0,0.0,0.0,1.7490000000000003,,False,0.0,0.0,7.459972210836412,0.0,False
398,,0.0,0.0,0.0,1.7490000000000003,,False,0.0,0.0,7.459972210836412,0.0,False
399,,0.0,0.0,0.0,1.7490000000000003,,False,0.0,0.0,7.459972210836412,0.0,False
400,,0.0,0.0,0.0,1.7490000000000003,,False,0.0,0.0,7.459972210836412,0.0,False
401,,0.0,0.0,0.0,1.7490000000000003,,False,0.0,0.0,7.459972210836412,0.0,False
402,,0.0,0.0,0.0,1.7490000000000003,,False,0.0,0.0,7.459972210836412,0.0,False
403,,0.0,0.0,0.0,1.7490000000000003,,False,0.0,0.0,7.459972210836412,0.0,False
404,,0.0,0.0,0.0,1.7490000000000003,,False,0.0,0.0,7.459972210836412,0.0,False
405,,0.0,0.0,0.0,1.7490000000000003,,False,0.0,0.0,7.459972210836412,0.0,False
406,,0.0,0.0,0.0,1.7490000000000003,,False,0.0,0.0,7.459972210836412,0.0,False
407,,0.0,0.0,0.0,1.7490000000000003,,False,0.0,0.0,7.459972210836412,0.0,False
408,,0.0,0.0,0.0,1.7490000000000003,,False,0.0,0.0,7.459972210836412,0.0,False
409,,0.0,0.0,0.0,1.7490000000000003,,False,0.0,0.0,7.459972210836412,0.0,False
410,,0.0,0.0,0.0,1.7490000000000003,,False,0.0,0.0,7.459972210836412,0.0,False
411,-2.2616042083254775,-2.2616042083254775,0.0,0.0,1.7490000000000003,-2.2616042083254775,False,0.0,0.0,7.459972210836412,-2.2616042083254775,False
412,-2.4731436523137798,-2.4731436523137798,0.0,0.0,1.7490000000000003,-2.4731436523137798,False,0.0,0.0,7.459972210836412,-2.4731436523137798,False
413,-2.403370241824387,-2.403370241824387,0.0,0.0,1.7490000000000003,-2.403370241824387,False,0.0,0.0,7.459972210836412,-2.403370241824387,False
414,-2.513075729818671,-2.513075729818671,0.0,0.0,1.7490000000000003,-2.513075729818671,False,0.0,0.0,7.459972210836412,-2.513075729818671,False
415,-2.7072058994041854,-2.7072058994041854,0.0,0.0,1.7490000000000003,-2.7072058994041854,False,0.0,0.0,7.459972210836412,-2.7072058994041854,False
416,-2.8874166061022137,-2.8874166061022137,0.0,0.0,1.7490000000000003,-2.8874166061022137,False,0.0,0.0,7.459972210836412,-2.8874166061022137,False
417,-3.023092802278456,-3.023092802278456,0.0,0.0,1.7490000000000003,-3.023092802278456,False,0.0,0.0,7.459972210836412,-3.023092802278456,False
418,-3.028324729053808,-3.028324729053808,0.0,0.0,1.7490000000000003,-3.028324729053808,False,0.0,0.0,7.459972210836412,-3.028324729053808,False
419,-3.102302788045359,-3.102302788045359,0.0,0.0,1.7490000000000003,-3.102302788045359,False,0.0,0.0,7.459972210836412,-3.102302788045359,False
420,-2.838734661461223,-2.838734661461223,0.0,0.0,1.7490000000000003,-2.838734661461223,False,0.0,0.0,7.459972210836412,-2.838734661461223,False
421,1.044106084325758,1.044106084325758,1.044106084325758,0.0,1.7490000000000003,0.0,False,1.044106084325758,0.0,7.459972210836412,0.0,False
422,,0.0,0.0,0.0,2.249735687289208,,False,0.0,0.0,7.960707898125619,0.0,False
423,,0.0,0.0,0.0,2.249735687289208,,False,0.0,0.0,7.960707898125619,0.0,False
424,,0.0,0.0,0.0,2.249735687289208,,False,0.0,0.0,7.960707898125619,0.0,False
425,,0.0,0.0,0.0,2.249735687289208,,False,0.0,0.0,7.960707898125619,0.0,False
426,,0.0,0.0,0.0,2.249735687289208,,False,0.0,0.0,7.960707898125619,0.0,False
427,,0.0,0.0,0.0,2.249735687289208,,False,0.0,0.0,7.960707898125619,0.0,False
428,,0.0,0.0,0.0,2.249735687289208,,False,0.0,0.0,7.960707898125619,0.0,False
429,,0.0,0.0,0.0,2.249735687289208,,False,0.0,0.0,7.960707898125619,0.0,False
430,,0.0,0.0,0.0,2.249735687289208,,False,0.0,0.0,7.960707898125619,0.0,False
431,,0.0,0.0,0.0,2.249735687289208,,False,0.0,0.0,7.960707898125619,0.0,False
432,,0.0,0.0,0.0,2.249735687289208,,False,0.0,0.0,7.960707898125619,0.0,False
433,,0.0,0.0,0.0,2.249735687289208,,False,0.0,0.0,7.960707898125619,0.0,False
434,,0.0,0.0,0.0,2.249735687289208,,False,0.0,0.0,7.960707898125619,0.0,False
435,,0.0,0.0,0.0,2.249735687289208,,False,0.0,0.0,7.960707898125619,0.0,False
436,,0.0,0.0,0.0,2.249735687289208,,False,0.0,0.0,7.960707898125619,0.0,False
437,,0.0,0.0,0.0,2.249735687289208,,False,0.0,0.0,7.960707898125619,0.0,False
438,,0.0,0.0,0.0,2.249735687289208,,False,0.0,0.0,7.960707898125619,0.0,False
439,,0.0,0.0,0.0,2.249735687289208,,False,0.0,0.0,7.960707898125619,0.0,False
440,,0.0,0.0,0.0,2.249735687289208,,False,0.0,0.0,7.960707898125619,0.0,False
441,,0.0,0.0,0.0,2.249735687289208,,False,0.0,0.0,7.960707898125619,0.0,False
442,,0.0,0.0,0.0,2.249735687289208,,False,0.0,0.0,7.960707898125619,0.0,False
443,,0.0,0.0,0.0,2.249735687289208,,False,0.0,0.0,7.960707898125619,0.0,False
444,,0.0,0.0,0.0,2.249735687289208,,False,0.0,0.0,7.960707898125619,0.0,False
445,,0.0,0.0,0.0,2.249735687289208,,False,0.0,0.0,7.960707898125619,0.0,False
446,,0.0,0.0,0.0,2.249735687289208,,False,0.0,0.0,7.960707898125619,0.0,False
447,,0.0,0.0,0.0,2.249735687289208,,False,0.0,0.0,7.960707898125619,0.0,False
448,-3.2458264082814567,-3.2458264082814567,0.0,0.9605775975796971,2.249735687289208,-2.2852488107017597,False,0.0,0.0,7.960707898125619,-3.2458264082814567,False
449,-2.628631411119408,-2.628631411119408,0.0,0.0,1.7490000000000003,-2.628631411119408,False,0.0,0.0,7.960707898125619,-2.628631411119408,False
450,-2.312542369531081,-2.312542369531081,0.0,0.0,1.7490000000000003,-2.312542369531081,False,0.0,0.0,7.960707898125619,-2.312542369531081,False
451,-3.319978272161163,-3.319978272161163,0.0,0.0,1.7490000000000003,-3.319978272161163,False,0.0,0.0,7.960707898125619,-3.319978272161163,False
452,-3.498021432082951,-3.498021432082951,0.0,0.0,1.7490000000000003,-3.498021432082951,False,0.0,0.0,7.960707898125619,-3.498021432082951,False
453,-2.851146245608491,-2.851146245608491,0.0,0.0,1.7490000000000003,-2.851146245608491,False,0.0,0.0,7.960707898125619,-2.851146245608491,False
454,-2.5741622758042517,-2.5741622758042517,0.0,0.0,1.7490000000000003,-2.5741622758042517,False,0.0,0.0,7.960707898125619,-2.5741622758042517,False
455,-2.499560737796486,-2.499560737796486,0.0,0.0,1.7490000000000003,-2.499560737796486,False,0.0,0.0,7.960707898125619,-2.499560737796486,False
456,1.07515765026051,1.07515765026051,1.07515765026051,0.0,1.7490000000000003,0.0,False,1.07515765026051,0.0,7.960707898125619,0.0,False
457,8.524655615449047,8.524655615449047,8.524655615449047,0.0,2.264627495165019,0.0,False,8.524655615449047,0.0,8.476335393290638,0.0,False
458,,0.0,0.0,0.0,6.352908707760553,,False,0.0,0.0,12.564616605886172,0.0,False
459,,0.0,0.0,0.0,6.352908707760553,,False,0.0,0.0,12.564616605886172,0.0,False
460,,0.0,0.0,0.0,6.352908707760553,,False,0.0,0.0,12.564616605886172,0.0,False
461,,0.0,0.0,0.0,6.352908707760553,,False,0.0,0.0,12.564616605886172,0.0,False
462,,0.0,0.0,0.0,6.352908707760553,,False,0.0,0.0,12.564616605886172,0.0,False
463,,0.0,0.0,0.0,6.352908707760553,,False,0.0,0.0,12.564616605886172,0.0,False
464,,0.0,0.0,0.0,6.352908707760553,,False,0.0,0.0,12.564616605886172,0.0,False
465,,0.0,0.0,0.0,6.352908707760553,,False,0.0,0.0,12.564616605886172,0.0,False
466,,0.0,0.0,0.0,6.352908707760553,,False,0.0,0.0,12.564616605886172,0.0,False
467,,0.0,0.0,0.0,6.352908707760553,,False,0.0,0.0,12.564616605886172,0.0,False
468,,0.0,0.0,0.0,6.352908707760553,,False,0.0,0.0,12.564616605886172,0.0,False
469,,0.0,0.0,0.0,6.352908707760553,,False,0.0,0.0,12.564616605886172,0.0,False
470,,0.0,0.0,0.0,6.352908707760553,,False,0.0,0.0,12.564616605886172,0.0,False
471,,0.0,0.0,0.0,6.352908707760553,,False,0.0,0.0,12.564616605886172,0.0,False
472,,0.0,0.0,0.0,6.352908707760553,,False,0.0,0.0,12.564616605886172,0.0,False
473,,0.0,0.0,0.0,6.352908707760553,,False,0.0,0.0,12.564616605886172,0.0,False
474,,0.0,0.0,0.0,6.352908707760553,,False,0.0,0.0,12.564616605886172,0.0,False
475,,0.0,0.0,0.0,6.352908707760553,,False,0.0,0.0,12.564616605886172,0.0,False
476,,0.0,0.0,0.0,6.352908707760553,,False,0.0,0.0,12.564616605886172,0.0,False
477,,0.0,0.0,0.0,6.352908707760553,,False,0.0,0.0,12.564616605886172,0.0,False
478,,0.0,0.0,0.0,6.352908707760553,,False,0.0,0.0,12.564616605886172,0.0,False
479,,0.0,0.0,0.0,6.352908707760553,,False,0.0,0.0,12.564616605886172,0.0,False
480,,0.0,0.0,0.0,6.352908707760553,,False,0.0,0.0,12.564616605886172,0.0,False
481,,0.0,0.0,0.0,6.352908707760553,,False,0.0,0.0,12.564616605886172,0.0,False
482,,0.0,0.0,0.0,6.352908707760553,,False,0.0,0.0,12.564616605886172,0.0,False
483,,0.0,0.0,0.0,6.352908707760553,,False,0.0,0.0,12.564616605886172,0.0,False
484,-8.535567239363077,-8.535567239363077,0.0,8.535567239363077,6.352908707760553,0.0,False,0.0,0.0,12.564616605886172,-8.535567239363077,False
485,-6.4620849803269405,-6.4620849803269405,0.0,0.29626096508971694,1.9034367038591649,-6.165824015237224,False,0.0,0.0,12.564616605886172,-6.4620849803269405,False
486,-11.009590405625213,-11.009590405625213,0.0,0.0,1.7490000000000003,-11.009590405625213,False,0.0,0.0,12.564616605886172,-11.009590405625213,False
487,-15.992522068258651,-15.992522068258651,0.0,0.0,1.7490000000000003,-15.992522068258651,False,0.0,0.0,12.564616605886172,-15.992522068258651,False
488,-3.6608084160543575,-3.6608084160543575,0.0,0.0,1.7490000000000003,-3.6608084160543575,False,0.0,0.0,12.564616605886172,-3.6608084160543575,False
489,2.5830965553922445,2.5830965553922445,2.5830965553922445,0.0,1.7490000000000003,0.0,False,2.5830965553922445,0.0,12.564616605886172,0.0,False
490,-10.488619982086403,-10.488619982086403,0.0,2.376448830960865,2.987809588811063,-8.112171151125539,False,0.0,0.0,13.803426194697234,-10.488619982086403,False
491,-7.889627821904391,-7.889627821904391,0.0,0.0,1.7490000000000003,-7.889627821904391,False,0.0,6.146039717806954,13.803426194697234,-1.7435881040974364,False
492,-0.3204481168048601,-0.3204481168048601,0.0,0.0,1.7490000000000003,-0.3204481168048601,False,0.0,0.3204481168048601,10.599581518372169,0.0,False
493,-2.7391580413790235,-2.7391580413790235,0.0,0.0,1.7490000000000003,-2.7391580413790235,False,0.0,2.7391580413790235,10.432536390094024,0.0,False
494,-0.29750499707859546,-0.29750499707859546,0.0,0.0,1.7490000000000003,-0.29750499707859546,False,0.0,0.29750499707859546,9.004651555074345,0.0,False
495,2.276689250080176,2.276689250080176,2.276689250080176,0.0,1.7490000000000003,0.0,False,2.276689250080176,0.0,8.849566354712106,0.0,False
496,-2.900023975443867,-2.900023975443867,0.0,2.094554110073762,2.8408618074321708,-0.8054698653701049,False,0.0,0.0,9.941428162144277,-2.900023975443867,False
497,-5.571902253929924,-5.571902253929924,0.0,0.0,1.7490000000000003,-5.571902253929924,False,0.0,0.0,9.941428162144277,-5.571902253929924,False
498,-6.916832899386758,-6.916832899386758,0.0,0.0,1.7490000000000003,-6.916832899386758,False,0.0,0.0,9.941428162144277,-6.916832899386758,False
499,-8.699735247680334,-8.699735247680334,0.0,0.0,1.7490000000000003,-8.699735247680334,False,0.0,0.0,9.941428162144277,-8.699735247680334,False
500,-4.756331889103441,-4.756331889103441,0.0,0.0,1.7490000000000003,-4.756331889103441,False,0.0,0.0,9.941428162144277,-4.756331889103441,False
501,4.980085285121737,4.980085285121737,4.980085285121737,0.0,1.7490000000000003,0.0,False,4.980085285121737,0.0,9.941428162144277,0.0,False
502,2.6464921834866066,2.6464921834866066,2.6464921834866066,0.0,4.137364999917264,0.0,False,2.6464921834866066,0.0,12.329793162061542,0.0,False
503,-6.798848457123146,-6.798848457123146,0.0,6.798848457123146,5.406578063893842,0.0,False,0.0,6.798848457123146,13.599006226038119,0.0,False
504,-5.844366404662368,-5.844366404662368,0.0,0.2176028139965297,1.8624333081441429,-5.6267635906658375,False,0.0,5.844366404662368,10.05486147028842,0.0,False
505,-3.2429828641173652,-3.2429828641173652,0.0,0.0,1.7490000000000003,-3.2429828641173652,False,0.0,3.2429828641173652,7.008274879280855,0.0,False
506,-1.7449153770407475,-1.7449153770407475,0.0,0.0,1.7490000000000003,-1.7449153770407475,False,0.0,1.7449153770407475,5.317753200009439,0.0,False
507,2.8615294501931303,2.8615294501931303,2.8615294501931303,0.0,1.7490000000000003,0.0,False,2.8615294501931303,0.0,4.408153181452361,0.0,False
508,0.3937601117405081,0.3937601117405081,0.3937601117405081,0.0,3.121341314212393,0.0,False,0.3937601117405081,0.0,5.780494495664755,0.0,False
509,-6.073167269530642,-6.073167269530642,0.0,2.9948663969789475,3.31018202986322,-3.0783008725516945,False,0.0,0.0,5.969335211315581,-6.073167269530642,False
510,-7.238851600237524,-7.238851600237524,0.0,0.0,1.7490000000000003,-7.238851600237524,False,0.0,0.0,5.969335211315581,-7.238851600237524,False
511,-3.6827785782029636,-3.6827785782029636,0.0,0.0,1.7490000000000003,-3.6827785782029636,False,0.0,0.0,5.969335211315581,-3.6827785782029636,False
512,0.40047357149574936,0.40047357149574936,0.40047357149574936,0.0,1.7490000000000003,0.0,False,0.40047357149574936,0.0,5.969335211315581,0.0,False
513,-3.2426701464921908,-3.2426701464921908,0.0,0.36843568577608954,1.9410603778432949,-2.8742344607161012,False,0.0,3.2426701464921908,6.161395589158875,0.0,False
514,-5.221772197433462,-5.221772197433462,0.0,0.0,1.7490000000000003,-5.221772197433462,False,0.0,5.221772197433462,4.471036925218406,0.0,False
515,5.505850275001571,5.505850275001571,5.505850275001571,0.0,1.7490000000000003,0.0,False,0.0,0.0,1.7490000000000003,5.505850275001571,False
516,14.385391161237964,14.385391161237964,8.745000000000001,0.0,4.389513031149255,5.640391161237963,False,0.0,0.0,1.7490000000000003,14.385391161237964,False
517,15.353111418266517,15.353111418266517,8.745000000000001,0.0,8.583467698286228,6.608111418266516,False,2.9403368148659013,0.0,1.7490000000000003,12.412774603400615,False
518,11.667626643299377,11.667626643299377,6.179486539864328,0.0,12.777422365423202,5.4881401034350485,False,8.745000000000001,0.0,3.159135998589081,2.9226266432993757,False
519,11.117675621051607,11.117675621051607,0.0,0.0,15.741000000000001,11.117675621051607,False,8.745000000000001,0.0,7.353090665726055,2.372675621051606,False
520,12.222470437115547,12.222470437115547,0.0,0.0,15.741000000000001,12.222470437115547,False,8.745000000000001,0.0,11.547045332863028,3.477470437115546,False
521,5.261544002782998,5.261544002782998,0.0,0.0,15.741000000000001,5.261544002782998,False,0.0,0.0,15.741000000000001,5.261544002782998,False
522,-4.614788686151251,-4.614788686151251,0.0,4.614788686151251,15.741000000000001,0.0,False,0.0,4.614788686151251,15.741000000000001,0.0,False
523,2.710877909162692,2.710877909162692,2.710877909162692,0.0,13.335375102774886,0.0,False,2.710877909162692,0.0,13.335375102774886,0.0,False
524,-3.541938115417415,-3.541938115417415,0.0,3.541938115417415,14.635466476036338,0.0,False,0.0,3.197473935990553,14.635466476036338,-0.34446417942686214,False
525,-10.235894120116178,-10.235894120116178,0.0,8.745000000000001,12.789103599129634,-1.4908941201161774,False,0.0,8.745000000000001,12.968667965471742,-1.4908941201161774,False
526,-7.104680348013049,-7.104680348013049,0.0,7.104680348013049,8.230457221806837,0.0,False,0.0,7.104680348013049,8.410021588148943,0.0,False
527,-5.673374575951453,-5.673374575951453,0.0,5.328910396524595,4.52688657223495,-0.3444641794268577,False,0.0,5.673374575951453,4.706450938577055,0.0,False
528,8.424864675356845,8.424864675356845,8.424864675356845,0.0,1.7490000000000006,0.0,False,0.0,0.0,1.7490000000000003,8.424864675356845,False
529,7.925674299839926,7.925674299839926,7.925674299839926,0.0,5.789423158972014,0.0,False,0.0,0.0,1.7490000000000003,7.925674299839926,False
530,21.33253300964868,21.33253300964868,8.745000000000001,0.0,9.590443024040193,12.58753300964868,False,3.8425330096486796,0.0,1.7490000000000003,17.490000000000002,False
531,24.770690149435882,24.770690149435882,4.079797839669133,0.0,13.784397691177166,20.69089230976675,True,7.28069014943588,0.0,3.5918140937042837,17.490000000000002,False
532,5.22301659670814,5.22301659670814,0.0,0.0,15.741000000000001,5.22301659670814,False,0.0,0.0,7.083510426717982,5.22301659670814,False
533,3.569148746359733,3.569148746359733,0.0,0.0,15.741000000000001,3.569148746359733,False,0.0,0.0,7.083510426717982,3.569148746359733,False
534,5.087196930827467,5.087196930827467,0.0,0.0,15.741000000000001,5.087196930827467,False,0.0,0.0,7.083510426717982,5.087196930827467,False
535,-2.0992657222930737,-2.0992657222930737,0.0,2.0992657222930737,15.741000000000001,0.0,False,0.0,2.0992657222930737,7.083510426717982,0.0,False
536,7.674223444294487,7.674223444294487,2.2818105677098637,0.0,14.646682094914896,5.392412876584624,False,0.0,0.0,5.9891925216328765,7.674223444294487,False
537,22.73991710767034,22.73991710767034,0.0,0.0,15.741000000000001,22.73991710767034,True,5.249917107670338,0.0,5.9891925216328765,17.490000000000002,False
538,26.14416414860004,26.14416414860004,0.0,0.0,15.741000000000001,26.14416414860004,True,8.696790949183331,0.0,8.506964317607292,17.44737319941671,False
539,22.80338496863897,22.80338496863897,0.0,0.0,15.741000000000001,22.80338496863897,True,5.313384968638967,0.0,12.677798736182709,17.490000000000002,False
540,18.56383119799857,18.56383119799857,0.0,0.0,15.741000000000001,18.56383119799857,True,1.0738311979985689,0.0,15.226008648992181,17.490000000000002,False
541,15.025443511994512,15.025443511994512,0.0,0.0,15.741000000000001,15.025443511994512,False,0.0,0.0,15.741000000000001,15.025443511994512,False
542,11.452914861772078,11.452914861772078,0.0,0.0,15.741000000000001,11.452914861772078,False,0.0,0.0,15.741000000000001,11.452914861772078,False
543,6.638179283309041,6.638179283309041,0.0,0.0,15.741000000000001,6.638179283309041,False,0.0,0.0,15.741000000000001,6.638179283309041,False
544,-7.336111503913213,-7.336111503913213,0.0,7.336111503913213,15.741000000000001,0.0,False,0.0,5.556252323075929,15.741000000000001,-1.779859180837284,False
545,-29.240930010493646,-29.240930010493646,0.0,8.745000000000001,11.91678752076043,-20.495930010493645,True,0.0,8.745000000000001,12.844603256251407,-20.495930010493645,True
546,-25.820397342232706,-25.820397342232706,0.0,8.745000000000001,7.358141143437632,-17.075397342232705,False,0.0,8.330397342232704,8.285956878928609,-17.490000000000002,False
547,-4.209660204367998,-4.209660204367998,0.0,2.0151983657634185,2.799494766114835,-2.194461838604579,False,0.0,4.209660204367998,3.9434370772329466,0.0,False
548,8.920397933680011,8.920397933680011,8.745000000000001,0.0,1.7490000000000003,0.17539793368001,False,0.42251394229907735,0.0,1.7490000000000003,8.497883991380935,False
549,15.191684936109564,15.191684936109564,8.745000000000001,0.0,5.942954667136974,6.446684936109563,False,8.745000000000001,0.0,1.951630568351705,6.446684936109563,False
550,8.525075108303625,8.525075108303625,8.525075108303625,0.0,10.136909334273948,0.0,False,0.0,0.0,6.145585235488679,8.525075108303625,False
551,2.517822872566823,2.517822872566823,2.517822872566823,0.0,14.225391728575062,0.0,False,2.517822872566823,0.0,6.145585235488679,0.0,False
552,12.41615160855378,12.41615160855378,0.6424388339954485,0.0,15.432897158812438,11.773712774558332,False,8.745000000000001,0.0,7.353090665726055,3.67115160855378,False
553,9.078789061035549,9.078789061035549,0.0,0.0,15.741000000000001,9.078789061035549,False,8.745000000000001,0.0,11.547045332863028,0.3337890610355476,False
554,-5.801427896112915,-5.801427896112915,0.0,5.801427896112915,15.741000000000001,0.0,False,0.0,0.0,15.741000000000001,-5.801427896112915,False
555,-3.7038551864662184,-3.7038551864662184,0.0,3.7038551864662184,12.716796653869121,0.0,False,0.0,0.0,15.741000000000001,-3.7038551864662184,False
556,-2.7082658075228716,-2.7082658075228716,0.0,2.7082658075228716,10.786028668973469,0.0,False,0.0,0.0,15.741000000000001,-2.7082658075228716,False
557,-6.470899839560087,-6.470899839560087,0.0,6.470899839560087,9.374247524057363,0.0,False,0.0,0.0,15.741000000000001,-6.470899839560087,False
558,-3.036538860877152,-3.036538860877152,0.0,3.036538860877152,6.001057802887637,0.0,False,0.0,0.9508727251019322,15.741000000000001,-2.0856661357752198,False
559,-6.3905097225378205,-6.3905097225378205,0.0,5.120322279137387,4.418152499544295,-1.2701874434004337,False,0.0,6.3905097225378205,15.245323327206293,0.0,False
560,-14.953085585652449,-14.953085585652449,0.0,4.2595540635239357e-16,1.7490000000000006,-14.953085585652449,False,0.0,8.745000000000001,11.91403985140376,-6.208085585652448,False
561,-4.122942277681949,-4.122942277681949,0.0,0.0,1.7490000000000003,-4.122942277681949,False,0.0,4.122942277681949,7.355393474080962,0.0,False
562,12.279337647539364,12.279337647539364,8.745000000000001,0.0,1.7490000000000003,3.5343376475393633,False,8.745000000000001,0.0,5.20616124102598,3.5343376475393633,False
563,3.1522513781122243,3.1522513781122243,3.1522513781122243,0.0,5.942954667136974,0.0,False,3.1522513781122243,0.0,9.400115908162954,0.0,False
564,-6.658393119735044,-6.658393119735044,0.0,6.658393119735044,7.454721319992631,0.0,False,0.0,6.658393119735044,10.911882561018611,0.0,False
565,4.846087794060916,4.846087794060916,4.846087794060916,0.0,3.9837939701846037,0.0,False,4.846087794060916,0.0,7.440955211210585,0.0,False
566,3.363909440548043,3.363909440548043,3.363909440548043,0.0,6.3078960309344385,0.0,False,3.363909440548043,0.0,9.76505727196042,0.0,False
567,-7.122129921538657,-7.122129921538657,0.0,7.122129921538657,7.9211703245893945,0.0,False,0.0,7.122129921538657,11.378331565615374,0.0,False
568,-11.468455423620508,-11.468455423620508,0.0,4.718145682429791,4.208503456019413,-6.750309741190717,False,0.0,8.745000000000001,7.6656646970453926,-2.723455423620507,False
569,0.10867287270860036,0.10867287270860036,0.10867287270860036,0.0,1.7490000000000006,0.0,False,0.10867287270860036,0.0,3.107018319722595,0.0,False
570,22.80351876560947,22.80351876560947,8.745000000000001,0.0,1.8011176788664862,14.05851876560947,False,8.745000000000001,0.0,3.159135998589081,14.05851876560947,False
571,23.00220376884651,23.00220376884651,8.745000000000001,0.0,5.99507234600346,14.257203768846509,False,8.745000000000001,0.0,7.353090665726055,14.257203768846509,False
572,16.602966636075877,16.602966636075877,8.745000000000001,0.0,10.189027013140434,7.857966636075876,False,8.745000000000001,0.0,11.547045332863028,7.857966636075876,False
573,-7.1816905611726005,-7.1816905611726005,0.0,7.1816905611726005,14.382981680277407,0.0,False,0.0,0.0,15.741000000000001,-7.1816905611726005,False
574,-32.15436778809795,-32.15436778809795,0.0,8.745000000000001,10.639266682022084,-23.40936778809795,True,0.0,8.745000000000001,15.741000000000001,-23.40936778809795,True
575,-25.389433802282316,-25.389433802282316,0.0,8.309488481719313,6.080620304699287,-17.079945320563002,False,0.0,8.745000000000001,11.182353622677205,-16.644433802282315,False
576,,0.0,0.0,0.0,1.7490000000000006,,False,0.0,0.0,6.6237072453544075,0.0,False
577,,0.0,0.0,0.0,1.7490000000000006,,False,0.0,0.0,6.6237072453544075,0.0,False
578,,0.0,0.0,0.0,1.7490000000000006,,False,0.0,0.0,6.6237072453544075,0.0,False
579,,0.0,0.0,0.0,1.7490000000000006,,False,0.0,0.0,6.6237072453544075,0.0,False
580,,0.0,0.0,0.0,1.7490000000000006,,False,0.0,0.0,6.6237072453544075,0.0,False
581,,0.0,0.0,0.0,1.7490000000000006,,False,0.0,0.0,6.6237072453544075,0.0,False
582,,0.0,0.0,0.0,1.7490000000000006,,False,0.0,0.0,6.6237072453544075,0.0,False
583,,0.0,0.0,0.0,1.7490000000000006,,False,0.0,0.0,6.6237072453544075,0.0,False
584,,0.0,0.0,0.0,1.7490000000000006,,False,0.0,0.0,6.6237072453544075,0.0,False
585,,0.0,0.0,0.0,1.7490000000000006,,False,0.0,0.0,6.6237072453544075,0.0,False
586,,0.0,0.0,0.0,1.7490000000000006,,False,0.0,0.0,6.6237072453544075,0.0,False
587,,0.0,0.0,0.0,1.7490000000000006,,False,0.0,0.0,6.6237072453544075,0.0,False
588,,0.0,0.0,0.0,1.7490000000000006,,False,0.0,0.0,6.6237072453544075,0.0,False
589,,0.0,0.0,0.0,1.7490000000000006,,False,0.0,0.0,6.6237072453544075,0.0,False
590,,0.0,0.0,0.0,1.7490000000000006,,False,0.0,0.0,6.6237072453544075,0.0,False
591,,0.0,0.0,0.0,1.7490000000000006,,False,0.0,0.0,6.6237072453544075,0.0,False
592,,0.0,0.0,0.0,1.7490000000000006,,False,0.0,0.0,6.6237072453544075,0.0,False
593,,0.0,0.0,0.0,1.7490000000000006,,False,0.0,0.0,6.6237072453544075,0.0,False
594,,0.0,0.0,0.0,1.7490000000000006,,False,0.0,0.0,6.6237072453544075,0.0,False
595,,0.0,0.0,0.0,1.7490000000000006,,False,0.0,0.0,6.6237072453544075,0.0,False
596,,0.0,0.0,0.0,1.7490000000000006,,False,0.0,0.0,6.6237072453544075,0.0,False
597,,0.0,0.0,0.0,1.7490000000000006,,False,0.0,0.0,6.6237072453544075,0.0,False
598,,0.0,0.0,0.0,1.7490000000000006,,False,0.0,0.0,6.6237072453544075,0.0,False
599,,0.0,0.0,0.0,1.7490000000000006,,False,0.0,0.0,6.6237072453544075,0.0,False
600,,0.0,0.0,0.0,1.7490000000000006,,False,0.0,0.0,6.6237072453544075,0.0,False
601,,0.0,0.0,0.0,1.7490000000000006,,False,0.0,0.0,6.6237072453544075,0.0,False
602,,0.0,0.0,0.0,1.7490000000000006,,False,0.0,0.0,6.6237072453544075,0.0,False
603,,0.0,0.0,0.0,1.7490000000000006,,False,0.0,0.0,6.6237072453544075,0.0,False
604,-0.981829707241704,-0.981829707241704,0.0,4.2595540635239357e-16,1.7490000000000006,-0.9818297072417036,False,0.0,0.0,6.6237072453544075,-0.981829707241704,False
605,-1.2730866017968374,-1.2730866017968374,0.0,0.0,1.7490000000000003,-1.2730866017968374,False,0.0,0.0,6.6237072453544075,-1.2730866017968374,False
606,-1.8410065248270426,-1.8410065248270426,0.0,0.0,1.7490000000000003,-1.8410065248270426,False,0.0,0.0,6.6237072453544075,-1.8410065248270426,False
607,-2.201314569339073,-2.201314569339073,0.0,0.0,1.7490000000000003,-2.201314569339073,False,0.0,0.0,6.6237072453544075,-2.201314569339073,False
608,-1.9046026210097593,-1.9046026210097593,0.0,0.0,1.7490000000000003,-1.9046026210097593,False,0.0,0.0,6.6237072453544075,-1.9046026210097593,False
609,-2.041984983036506,-2.041984983036506,0.0,0.0,1.7490000000000003,-2.041984983036506,False,0.0,0.0,6.6237072453544075,-2.041984983036506,False
610,-2.8200197533702567,-2.8200197533702567,0.0,0.0,1.7490000000000003,-2.8200197533702567,False,0.0,0.0,6.6237072453544075,-2.8200197533702567,False
611,-3.1871706121988157,-3.1871706121988157,0.0,0.0,1.7490000000000003,-3.1871706121988157,False,0.0,0.0,6.6237072453544075,-3.1871706121988157,False
612,-3.074545091897813,-3.074545091897813,0.0,0.0,1.7490000000000003,-3.074545091897813,False,0.0,0.0,6.6237072453544075,-3.074545091897813,False
613,-3.0099202745333984,-3.0099202745333984,0.0,0.0,1.7490000000000003,-3.0099202745333984,False,0.0,0.0,6.6237072453544075,-3.0099202745333984,False
614,-3.1209026167498535,-3.1209026167498535,0.0,0.0,1.7490000000000003,-3.1209026167498535,False,0.0,0.0,6.6237072453544075,-3.1209026167498535,False
615,-3.1125096167412365,-3.1125096167412365,0.0,0.0,1.7490000000000003,-3.1125096167412365,False,0.0,0.0,6.6237072453544075,-3.1125096167412365,False
616,-3.1143660558283965,-3.1143660558283965,0.0,0.0,1.7490000000000003,-3.1143660558283965,False,0.0,0.0,6.6237072453544075,-3.1143660558283965,False
617,-3.117334840952799,-3.117334840952799,0.0,0.0,1.7490000000000003,-3.117334840952799,False,0.0,0.0,6.6237072453544075,-3.117334840952799,False
618,-3.11228444780825,-3.11228444780825,0.0,0.0,1.7490000000000003,-3.11228444780825,False,0.0,0.0,6.6237072453544075,-3.11228444780825,False
619,-3.1027268457377533,-3.1027268457377533,0.0,0.0,1.7490000000000003,-3.1027268457377533,False,0.0,0.0,6.6237072453544075,-3.1027268457377533,False
620,-3.1115954572479287,-3.1115954572479287,0.0,0.0,1.7490000000000003,-3.1115954572479287,False,0.0,0.0,6.6237072453544075,-3.1115954572479287,False
621,-3.1200530951851393,-3.1200530951851393,0.0,0.0,1.7490000000000003,-3.1200530951851393,False,0.0,0.0,6.6237072453544075,-3.1200530951851393,False
622,-3.108875292254931,-3.108875292254931,0.0,0.0,1.7490000000000003,-3.108875292254931,False,0.0,0.0,6.6237072453544075,-3.108875292254931,False
623,-3.100020203858167,-3.100020203858167,0.0,0.0,1.7490000000000003,-3.100020203858167,False,0.0,0.0,6.6237072453544075,-3.100020203858167,False
624,-2.9519679120879716,-2.9519679120879716,0.0,0.0,1.7490000000000003,-2.9519679120879716,False,0.0,0.5963883650017014,6.6237072453544075,-2.35557954708627,False
625,-2.822651233708551,-2.822651233708551,0.0,0.0,1.7490000000000003,-2.822651233708551,False,0.0,2.822651233708551,6.312818319157441,0.0,False
626,-2.9062503442672774,-2.9062503442672774,0.0,0.0,1.7490000000000003,-2.9062503442672774,False,0.0,2.9062503442672774,4.841409648946897,0.0,False
627,-2.7098452676423093,-2.7098452676423093,0.0,0.0,1.7490000000000003,-2.7098452676423093,False,0.0,2.7098452676423093,3.326421929851739,0.0,False
628,-0.31617465905679215,-0.31617465905679215,0.0,0.0,1.7490000000000003,-0.31617465905679215,False,0.0,0.31617465905679215,1.9138174344323065,0.0,False
629,3.3523714194446583,3.3523714194446583,3.3523714194446583,0.0,1.7490000000000003,0.0,False,3.3523714194446583,0.0,1.7490000000000003,0.0,False
630,6.431981536453755,6.431981536453755,6.431981536453755,0.0,3.3567408531225302,0.0,False,6.431981536453755,0.0,3.3567408531225302,0.0,False
631,2.1504574925955553,2.1504574925955553,2.1504574925955553,0.0,6.44141083411156,0.0,False,2.1504574925955553,0.0,6.44141083411156,0.0,False
632,-6.473299090333106,-6.473299090333106,0.0,6.473299090333106,7.472734017364939,0.0,False,0.0,0.0,7.472734017364939,-6.473299090333106,False
633,-11.160118118871184,-11.160118118871184,0.0,4.506726522281345,4.098293600272433,-6.653391596589839,False,0.0,0.0,7.472734017364939,-11.160118118871184,False
634,-11.268240412673716,-11.268240412673716,0.0,4.2595540635239357e-16,1.7490000000000006,-11.268240412673716,False,0.0,0.0,7.472734017364939,-11.268240412673716,False
635,-7.728428095005294,-7.728428095005294,0.0,0.0,1.7490000000000003,-7.728428095005294,False,0.0,0.0,7.472734017364939,-7.728428095005294,False
636,-5.701336918500588,-5.701336918500588,0.0,0.0,1.7490000000000003,-5.701336918500588,False,0.0,0.0,7.472734017364939,-5.701336918500588,False
637,-2.1637503527885347,-2.1637503527885347,0.0,0.0,1.7490000000000003,-2.1637503527885347,False,0.0,0.0,7.472734017364939,-2.1637503527885347,False
638,-0.6914295129397213,-0.6914295129397213,0.0,0.0,1.7490000000000003,-0.6914295129397213,False,0.0,0.0,7.472734017364939,-0.6914295129397213,False
639,-4.465892771251412,-4.465892771251412,0.0,0.0,1.7490000000000003,-4.465892771251412,False,0.0,0.0,7.472734017364939,-4.465892771251412,False
640,-8.000334758360642,-8.000334758360642,0.0,0.0,1.7490000000000003,-8.000334758360642,False,0.0,0.0,7.472734017364939,-8.000334758360642,False
641,-8.289309018008161,-8.289309018008161,0.0,0.0,1.7490000000000003,-8.289309018008161,False,0.0,0.0,7.472734017364939,-8.289309018008161,False
642,-6.646485373003173,-6.646485373003173,0.0,0.0,1.7490000000000003,-6.646485373003173,False,0.0,0.0,7.472734017364939,-6.646485373003173,False
643,-5.107381714946582,-5.107381714946582,0.0,0.0,1.7490000000000003,-5.107381714946582,False,0.0,0.0,7.472734017364939,-5.107381714946582,False
644,-4.0343169396354215,-4.0343169396354215,0.0,0.0,1.7490000000000003,-4.0343169396354215,False,0.0,0.0,7.472734017364939,-4.0343169396354215,False
645,-3.657504619056636,-3.657504619056636,0.0,0.0,1.7490000000000003,-3.657504619056636,False,0.0,0.0,7.472734017364939,-3.657504619056636,False
646,-3.186806815612548,-3.186806815612548,0.0,0.0,1.7490000000000003,-3.186806815612548,False,0.0,0.0,7.472734017364939,-3.186806815612548,False
647,-2.7701715285210717,-2.7701715285210717,0.0,0.0,1.7490000000000003,-2.7701715285210717,False,0.0,0.0,7.472734017364939,-2.7701715285210717,False
648,-2.774899144781937,-2.774899144781937,0.0,0.0,1.7490000000000003,-2.774899144781937,False,0.0,0.0,7.472734017364939,-2.774899144781937,False
649,-3.101381009120654,-3.101381009120654,0.0,0.0,1.7490000000000003,-3.101381009120654,False,0.0,0.0,7.472734017364939,-3.101381009120654,False
650,-3.107689865088114,-3.107689865088114,0.0,0.0,1.7490000000000003,-3.107689865088114,False,0.0,0.0,7.472734017364939,-3.107689865088114,False
651,-2.064906179298388,-2.064906179298388,0.0,0.0,1.7490000000000003,-2.064906179298388,False,0.0,0.0,7.472734017364939,-2.064906179298388,False
652,-1.8478732039757608,-1.8478732039757608,0.0,0.0,1.7490000000000003,-1.8478732039757608,False,0.0,0.0,7.472734017364939,-1.8478732039757608,False
653,-2.1475530926721342,-2.1475530926721342,0.0,0.0,1.7490000000000003,-2.1475530926721342,False,0.0,0.0,7.472734017364939,-2.1475530926721342,False
654,-2.034995044521825,-2.034995044521825,0.0,0.0,1.7490000000000003,-2.034995044521825,False,0.0,0.0,7.472734017364939,-2.034995044521825,False
655,-2.4733441684990836,-2.4733441684990836,0.0,0.0,1.7490000000000003,-2.4733441684990836,False,0.0,0.0,7.472734017364939,-2.4733441684990836,False
656,-2.6669313252660363,-2.6669313252660363,0.0,0.0,1.7490000000000003,-2.6669313252660363,False,0.0,0.0,7.472734017364939,-2.6669313252660363,False
657,-2.833034586956492,-2.833034586956492,0.0,0.0,1.7490000000000003,-2.833034586956492,False,0.0,0.0,7.472734017364939,-2.833034586956492,False
658,-2.936957863972485,-2.936957863972485,0.0,0.0,1.7490000000000003,-2.936957863972485,False,0.0,0.0,7.472734017364939,-2.936957863972485,False
659,-2.7358318172106766,-2.7358318172106766,0.0,0.0,1.7490000000000003,-2.7358318172106766,False,0.0,0.0,7.472734017364939,-2.7358318172106766,False
660,-2.5844395665321436,-2.5844395665321436,0.0,0.0,1.7490000000000003,-2.5844395665321436,False,0.0,0.0,7.472734017364939,-2.5844395665321436,False
661,-2.6929478995741767,-2.6929478995741767,0.0,0.0,1.7490000000000003,-2.6929478995741767,False,0.0,0.0,7.472734017364939,-2.6929478995741767,False
662,-2.7877079861264673,-2.7877079861264673,0.0,0.0,1.7490000000000003,-2.7877079861264673,False,0.0,0.0,7.472734017364939,-2.7877079861264673,False
663,-2.9092112213785803,-2.9092112213785803,0.0,0.0,1.7490000000000003,-2.9092112213785803,False,0.0,0.0,7.472734017364939,-2.9092112213785803,False
664,-2.989783941358019,-2.989783941358019,0.0,0.0,1.7490000000000003,-2.989783941358019,False,0.0,0.0,7.472734017364939,-2.989783941358019,False
665,-2.5560003951913646,-2.5560003951913646,0.0,0.0,1.7490000000000003,-2.5560003951913646,False,0.0,0.0,7.472734017364939,-2.5560003951913646,False
666,-1.859912124208126,-1.859912124208126,0.0,0.0,1.7490000000000003,-1.859912124208126,False,0.0,0.0,7.472734017364939,-1.859912124208126,False
667,-2.677886724400648,-2.677886724400648,0.0,0.0,1.7490000000000003,-2.677886724400648,False,0.0,0.0,7.472734017364939,-2.677886724400648,False
668,-3.791840109248627,-3.791840109248627,0.0,0.0,1.7490000000000003,-3.791840109248627,False,0.0,0.0,7.472734017364939,-3.791840109248627,False
669,-3.5556038581477964,-3.5556038581477964,0.0,0.0,1.7490000000000003,-3.5556038581477964,False,0.0,0.0,7.472734017364939,-3.5556038581477964,False
670,-1.1912642126910613,-1.1912642126910613,0.0,0.0,1.7490000000000003,-1.1912642126910613,False,0.0,0.0,7.472734017364939,-1.1912642126910613,False
671,0.7679959224226057,0.7679959224226057,0.7679959224226057,0.0,1.7490000000000003,0.0,False,0.7679959224226057,0.0,7.472734017364939,0.0,False
672,-2.9592724221466358,-2.9592724221466358,0.0,0.7065562486287971,2.1173179054529965,-2.2527161735178387,False,0.0,0.0,7.841051922817935,-2.9592724221466358,False
673,-5.434980468298108,-5.434980468298108,0.0,0.0,1.7490000000000003,-5.434980468298108,False,0.0,4.610034031533974,7.841051922817935,-0.8249464367641339,False
674,-4.053791805773945,-4.053791805773945,0.0,0.0,1.7490000000000003,-4.053791805773945,False,0.0,4.053791805773945,5.437905560646733,0.0,False
675,-3.0227560239353295,-3.0227560239353295,0.0,0.0,1.7490000000000003,-3.0227560239353295,False,0.0,3.0227560239353295,3.324720502920921,0.0,False
676,0.6929056520652712,0.6929056520652712,0.6929056520652712,0.0,1.7490000000000003,0.0,False,0.0,0.0,1.7490000000000003,0.6929056520652712,False
677,27.503662923021654,27.503662923021654,8.745000000000001,0.0,2.0813058768856187,18.758662923021653,True,8.745000000000001,0.0,1.7490000000000003,18.758662923021653,True
678,65.1838377224862,65.1838377224862,8.745000000000001,0.0,6.275260544022593,56.4388377224862,True,8.745000000000001,0.0,5.942954667136974,56.4388377224862,True
679,40.998020479089405,40.998020479089405,8.745000000000001,0.0,10.469215211159566,32.2530204790894,True,8.745000000000001,0.0,10.136909334273948,32.2530204790894,True
680,9.063473243117967,9.063473243117967,2.2474311628006296,0.0,14.66316987829654,6.816042080317337,False,0.0,0.0,14.330864001410923,9.063473243117967,False
681,13.186286096279419,13.186286096279419,0.0,0.0,15.741000000000001,13.186286096279419,False,0.0,0.0,14.330864001410923,13.186286096279419,False
682,11.187852569325461,11.187852569325461,0.0,0.0,15.741000000000001,11.187852569325461,False,0.0,0.0,14.330864001410923,11.187852569325461,False
683,8.083855549594674,8.083855549594674,0.0,0.0,15.741000000000001,8.083855549594674,False,0.0,0.0,14.330864001410923,8.083855549594674,False
684,8.816270660008493,8.816270660008493,0.0,0.0,15.741000000000001,8.816270660008493,False,2.940336814865897,0.0,14.330864001410923,5.875933845142597,False
685,8.033838219366608,8.033838219366608,0.0,0.0,15.741000000000001,8.033838219366608,False,0.0,0.0,15.741000000000001,8.033838219366608,False
686,-1.701801270898641,-1.701801270898641,0.0,1.701801270898641,15.741000000000001,0.0,False,0.0,1.701801270898641,15.741000000000001,0.0,False
687,6.923739621432726,6.923739621432726,1.8497839901072184,0.0,14.853874762892463,5.073955631325507,False,0.0,0.0,14.853874762892463,6.923739621432726,False
688,14.404861681161176,14.404861681161176,0.0,0.0,15.741000000000001,14.404861681161176,False,0.0,0.0,14.853874762892463,14.404861681161176,False
689,2.607409126463657,2.607409126463657,0.0,0.0,15.741000000000001,2.607409126463657,False,0.0,0.0,14.853874762892463,2.607409126463657,False
690,-5.346183266731233,-5.346183266731233,0.0,5.346183266731233,15.741000000000001,0.0,False,0.0,5.346183266731233,14.853874762892463,0.0,False
691,8.984921304082613,8.984921304082613,5.8110687681861215,0.0,12.9541093217395,3.1738525358964917,False,6.04852810607008,0.0,12.066984084631962,2.9363931980125333,False
692,19.102324652223263,19.102324652223263,0.0,0.0,15.741000000000001,19.102324652223263,True,1.6123246522232613,0.0,14.967756260705348,17.490000000000002,False
693,-5.327048550969296,-5.327048550969296,0.0,5.327048550969296,15.741000000000001,0.0,False,0.0,0.0,15.741000000000001,-5.327048550969296,False
694,-29.22180229065172,-29.22180229065172,0.0,8.745000000000001,12.964083981852621,-20.47680229065172,True,0.0,8.745000000000001,15.741000000000001,-20.47680229065172,True
695,-19.23626678806688,-19.23626678806688,0.0,8.745000000000001,8.405437604529823,-10.49126678806688,False,0.0,1.7462667880668796,11.182353622677205,-17.490000000000002,False
696,-10.560078932705085,-10.560078932705085,0.0,4.02426131870733,3.8467912272070253,-6.5358176139977555,False,0.0,0.0,10.272049132424467,-10.560078932705085,False
697,-19.111477939087685,-19.111477939087685,0.0,4.2595540635239357e-16,1.7490000000000006,-19.111477939087685,True,0.0,1.6214779390876828,10.272049132424467,-17.490000000000002,False
698,-20.28350354660441,-20.28350354660441,0.0,0.0,1.7490000000000003,-20.28350354660441,True,0.0,2.793503546604409,9.426795326486113,-17.490000000000002,False
699,-13.60430840846715,-13.60430840846715,0.0,0.0,1.7490000000000003,-13.60430840846715,False,0.0,0.0,7.970580938519666,-13.60430840846715,False
700,-9.528232323735418,-9.528232323735418,0.0,0.0,1.7490000000000003,-9.528232323735418,False,0.0,3.190061595917659,7.970580938519666,-6.33817072781776,False
701,-8.852419977968417,-8.852419977968417,0.0,0.0,1.7490000000000003,-8.852419977968417,False,0.0,8.745000000000001,6.307646377322798,-0.10741997796841574,False
702,-6.9290780505966,-6.9290780505966,0.0,0.0,1.7490000000000003,-6.9290780505966,False,0.0,0.0,1.7490000000000003,-6.9290780505966,False
703,-6.673671028510989,-6.673671028510989,0.0,0.0,1.7490000000000003,-6.673671028510989,False,0.0,0.0,1.7490000000000003,-6.673671028510989,False
704,-4.837318408307945,-4.837318408307945,0.0,0.0,1.7490000000000003,-4.837318408307945,False,0.0,0.0,1.7490000000000003,-4.837318408307945,False
705,0.2096043226630961,0.2096043226630961,0.2096043226630961,0.0,1.7490000000000003,0.0,False,0.0,0.0,1.7490000000000003,0.2096043226630961,False
706,3.2311350112058186,3.2311350112058186,3.2311350112058186,0.0,1.849522701805029,0.0,False,0.0,0.0,1.7490000000000003,3.2311350112058186,False
707,6.858681500393114,6.858681500393114,6.858681500393114,0.0,3.399120616087055,0.0,False,0.0,0.0,1.7490000000000003,6.858681500393114,False
708,18.23528005682325,18.23528005682325,8.745000000000001,0.0,6.688428710881762,9.490280056823249,False,0.7452800568232476,0.0,1.7490000000000003,17.490000000000002,False
709,31.208704792422324,31.208704792422324,8.745000000000001,0.0,10.882383378018737,22.463704792422323,True,8.745000000000001,0.0,2.106423759020923,22.463704792422323,True
710,30.353930166258433,30.353930166258433,1.3859159806038692,0.0,15.076338045155712,28.968014185654564,True,8.745000000000001,0.0,6.300378426157897,21.608930166258432,True
711,10.627898255930075,10.627898255930075,0.0,0.0,15.741000000000001,10.627898255930075,False,0.0,0.0,10.49433309329487,10.627898255930075,False
712,3.7166813313444353,3.7166813313444353,0.0,0.0,15.741000000000001,3.7166813313444353,False,0.0,0.0,10.49433309329487,3.7166813313444353,False
713,-1.5429029393411913,-1.5429029393411913,0.0,1.5429029393411913,15.741000000000001,0.0,False,0.0,1.5429029393411913,10.49433309329487,0.0,False
714,-14.262562044356132,-14.262562044356132,0.0,8.745000000000001,14.936706244140835,-5.517562044356131,False,0.0,8.745000000000001,9.690039337435703,-5.517562044356131,False
715,-0.9473219032118578,-0.9473219032118578,0.0,0.9473219032118578,10.378059866818038,0.0,False,0.0,0.9473219032118578,5.131392960112906,0.0,False
716,5.952262555350052,5.952262555350052,5.952262555350052,0.0,9.884234187888904,0.0,False,2.460818219282186,0.0,4.637567281183772,3.4914443360678664,False
717,4.390849286109254,4.390849286109254,4.390849286109254,0.0,12.738839027687074,0.0,False,4.390849286109254,0.0,5.81773424010135,0.0,False
718,1.336297680144376,1.336297680144376,1.336297680144376,0.0,14.844616369730865,0.0,False,1.336297680144376,0.0,7.923511582145141,0.0,False
719,-4.467786042108525,-4.467786042108525,0.0,4.467786042108525,15.485482223627471,0.0,False,0.0,4.467786042108525,8.564377436041747,0.0,False
720,-0.9060520964866857,-0.9060520964866857,0.0,0.9060520964866857,13.15648775187088,0.0,False,0.0,0.9060520964866857,6.235382964285157,0.0,False
721,2.871067862454993,2.871067862454993,2.871067862454993,0.0,12.684175446860618,0.0,False,0.0,0.0,5.763070659274893,2.871067862454993,False
722,4.713186301321218,4.713186301321218,3.502851943276387,0.0,14.06109122289379,1.2103343580448311,False,0.0,0.0,5.763070659274893,4.713186301321218,False
723,-3.6965829275988633,-3.6965829275988633,0.0,3.6965829275988633,15.741000000000001,0.0,False,0.0,3.6965829275988633,5.763070659274893,0.0,False
724,5.1864314329305765,5.1864314329305765,4.018024921303111,0.0,13.814022942095844,1.1684065116274658,False,5.1864314329305765,0.0,3.836093601370736,0.0,False
725,12.68795971688575,12.68795971688575,0.0,0.0,15.741000000000001,12.68795971688575,False,8.745000000000001,0.0,6.323418737325578,3.942959716885749,False
726,4.219938959866642,4.219938959866642,0.0,0.0,15.741000000000001,4.219938959866642,False,4.219938959866642,0.0,10.517373404462552,0.0,False
727,,0.0,0.0,0.0,15.741000000000001,,False,0.0,0.0,12.541185033480945,0.0,False
728,,0.0,0.0,0.0,15.741000000000001,,False,0.0,0.0,12.541185033480945,0.0,False
729,,0.0,0.0,0.0,15.741000000000001,,False,0.0,0.0,12.541185033480945,0.0,False
730,,0.0,0.0,0.0,15.741000000000001,,False,0.0,0.0,12.541185033480945,0.0,False
731,,0.0,0.0,0.0,15.741000000000001,,False,0.0,0.0,12.541185033480945,0.0,False
732,,0.0,0.0,0.0,15.741000000000001,,False,0.0,0.0,12.541185033480945,0.0,False
733,,0.0,0.0,0.0,15.741000000000001,,False,0.0,0.0,12.541185033480945,0.0,False
734,,0.0,0.0,0.0,15.741000000000001,,False,0.0,0.0,12.541185033480945,0.0,False
735,,0.0,0.0,0.0,15.741000000000001,,False,0.0,0.0,12.541185033480945,0.0,False
736,,0.0,0.0,0.0,15.741000000000001,,False,0.0,0.0,12.541185033480945,0.0,False
737,,0.0,0.0,0.0,15.741000000000001,,False,0.0,0.0,12.541185033480945,0.0,False
738,,0.0,0.0,0.0,15.741000000000001,,False,0.0,0.0,12.541185033480945,0.0,False
739,,0.0,0.0,0.0,15.741000000000001,,False,0.0,0.0,12.541185033480945,0.0,False
740,,0.0,0.0,0.0,15.741000000000001,,False,0.0,0.0,12.541185033480945,0.0,False
741,,0.0,0.0,0.0,15.741000000000001,,False,0.0,0.0,12.541185033480945,0.0,False
742,,0.0,0.0,0.0,15.741000000000001,,False,0.0,0.0,12.541185033480945,0.0,False
743,,0.0,0.0,0.0,15.741000000000001,,False,0.0,0.0,12.541185033480945,0.0,False
744,,0.0,0.0,0.0,15.741000000000001,,False,0.0,0.0,12.541185033480945,0.0,False
745,,0.0,0.0,0.0,15.741000000000001,,False,0.0,0.0,12.541185033480945,0.0,False
746,,0.0,0.0,0.0,15.741000000000001,,False,0.0,0.0,12.541185033480945,0.0,False
747,,0.0,0.0,0.0,15.741000000000001,,False,0.0,0.0,12.541185033480945,0.0,False
748,,0.0,0.0,0.0,15.741000000000001,,False,0.0,0.0,12.541185033480945,0.0,False
749,,0.0,0.0,0.0,15.741000000000001,,False,0.0,0.0,12.541185033480945,0.0,False
750,,0.0,0.0,0.0,15.741000000000001,,False,0.0,0.0,12.541185033480945,0.0,False
751,,0.0,0.0,0.0,15.741000000000001,,False,0.0,0.0,12.541185033480945,0.0,False
752,,0.0,0.0,0.0,15.741000000000001,,False,0.0,0.0,12.541185033480945,0.0,False
753,4.52860070040719,4.52860070040719,0.0,0.0,15.741000000000001,4.52860070040719,False,4.52860070040719,0.0,12.541185033480945,0.0,False
754,1.1168951342394395,1.1168951342394395,0.0,0.0,15.741000000000001,1.1168951342394395,False,1.1168951342394395,0.0,14.713025633031831,0.0,False
755,-1.9880012110107304,-1.9880012110107304,0.0,1.9880012110107304,15.741000000000001,0.0,False,0.0,1.9880012110107304,15.24866972233384,0.0,False
756,,0.0,0.0,0.0,14.704682730853358,,False,0.0,0.0,14.212352453187197,0.0,False
757,,0.0,0.0,0.0,14.704682730853358,,False,0.0,0.0,14.212352453187197,0.0,False
758,,0.0,0.0,0.0,14.704682730853358,,False,0.0,0.0,14.212352453187197,0.0,False
759,,0.0,0.0,0.0,14.704682730853358,,False,0.0,0.0,14.212352453187197,0.0,False
760,,0.0,0.0,0.0,14.704682730853358,,False,0.0,0.0,14.212352453187197,0.0,False
761,,0.0,0.0,0.0,14.704682730853358,,False,0.0,0.0,14.212352453187197,0.0,False
762,,0.0,0.0,0.0,14.704682730853358,,False,0.0,0.0,14.212352453187197,0.0,False
763,,0.0,0.0,0.0,14.704682730853358,,False,0.0,0.0,14.212352453187197,0.0,False
764,,0.0,0.0,0.0,14.704682730853358,,False,0.0,0.0,14.212352453187197,0.0,False
765,,0.0,0.0,0.0,14.704682730853358,,False,0.0,0.0,14.212352453187197,0.0,False
766,,0.0,0.0,0.0,14.704682730853358,,False,0.0,0.0,14.212352453187197,0.0,False
767,,0.0,0.0,0.0,14.704682730853358,,False,0.0,0.0,14.212352453187197,0.0,False
768,,0.0,0.0,0.0,14.704682730853358,,False,0.0,0.0,14.212352453187197,0.0,False
769,,0.0,0.0,0.0,14.704682730853358,,False,0.0,0.0,14.212352453187197,0.0,False
770,,0.0,0.0,0.0,14.704682730853358,,False,0.0,0.0,14.212352453187197,0.0,False
771,,0.0,0.0,0.0,14.704682730853358,,False,0.0,0.0,14.212352453187197,0.0,False
772,,0.0,0.0,0.0,14.704682730853358,,False,0.0,0.0,14.212352453187197,0.0,False
773,,0.0,0.0,0.0,14.704682730853358,,False,0.0,0.0,14.212352453187197,0.0,False
774,,0.0,0.0,0.0,14.704682730853358,,False,0.0,0.0,14.212352453187197,0.0,False
775,,0.0,0.0,0.0,14.704682730853358,,False,0.0,0.0,14.212352453187197,0.0,False
776,,0.0,0.0,0.0,14.704682730853358,,False,0.0,0.0,14.212352453187197,0.0,False
777,,0.0,0.0,0.0,14.704682730853358,,False,0.0,0.0,14.212352453187197,0.0,False
778,,0.0,0.0,0.0,14.704682730853358,,False,0.0,0.0,14.212352453187197,0.0,False
779,,0.0,0.0,0.0,14.704682730853358,,False,0.0,0.0,14.212352453187197,0.0,False
780,,0.0,0.0,0.0,14.704682730853358,,False,0.0,0.0,14.212352453187197,0.0,False
781,,0.0,0.0,0.0,14.704682730853358,,False,0.0,0.0,14.212352453187197,0.0,False
782,3.1874504752345674,3.1874504752345674,2.1608708815334015,0.0,14.704682730853358,1.026579593701166,False,3.1874504752345674,0.0,14.212352453187197,0.0,False
783,-1.0331775827546674,-1.0331775827546674,0.0,1.0331775827546674,15.741000000000001,0.0,False,0.0,0.0,15.741000000000001,-1.0331775827546674,False
784,-10.245029042690517,-10.245029042690517,0.0,8.745000000000001,15.202418954287516,-1.5000290426905156,False,0.0,0.0,15.741000000000001,-10.245029042690517,False
785,-18.653775118306758,-18.653775118306758,0.0,8.745000000000001,10.643772576964718,-9.908775118306757,False,0.0,1.1637751183067557,15.741000000000001,-17.490000000000002,False
786,-22.673712092991412,-22.673712092991412,0.0,8.318132286921962,6.085126199641921,-14.35557980606945,False,0.0,5.18371209299141,15.134340282780162,-17.490000000000002,False
787,-17.621397414068298,-17.621397414068298,0.0,4.2595540635239357e-16,1.7490000000000006,-17.621397414068298,True,0.0,0.13139741406829586,12.432143558503471,-17.490000000000002,False
788,-8.724140514692095,-8.724140514692095,0.0,0.0,1.7490000000000003,-8.724140514692095,False,0.0,0.0,12.363647921495808,-8.724140514692095,False
789,-4.4993013500920265,-4.4993013500920265,0.0,0.0,1.7490000000000003,-4.4993013500920265,False,0.0,0.0,12.363647921495808,-4.4993013500920265,False
790,-4.023594704021406,-4.023594704021406,0.0,0.0,1.7490000000000003,-4.023594704021406,False,0.0,0.0,12.363647921495808,-4.023594704021406,False
791,-5.575663260536065,-5.575663260536065,0.0,0.0,1.7490000000000003,-5.575663260536065,False,0.0,0.0,12.363647921495808,-5.575663260536065,False
792,-7.6343028269810915,-7.6343028269810915,0.0,0.0,1.7490000000000003,-7.6343028269810915,False,0.0,0.0,12.363647921495808,-7.6343028269810915,False
793,-5.857152235551442,-5.857152235551442,0.0,0.0,1.7490000000000003,-5.857152235551442,False,0.0,2.875639059549663,12.363647921495808,-2.9815131760017786,False
794,-4.011350252403568,-4.011350252403568,0.0,0.0,1.7490000000000003,-4.011350252403568,False,0.0,4.011350252403568,10.86461743764172,0.0,False
795,-4.086863548555092,-4.086863548555092,0.0,0.0,1.7490000000000003,-4.086863548555092,False,0.0,4.086863548555092,8.773556568997648,0.0,False
796,-3.316624546156703,-3.316624546156703,0.0,0.0,1.7490000000000003,-3.316624546156703,False,0.0,3.316624546156703,6.643131673602192,0.0,False
797,-2.4550822156226704,-2.4550822156226704,0.0,0.0,1.7490000000000003,-2.4550822156226704,False,0.0,2.4550822156226704,4.914221613879251,0.0,False
798,-1.3663879122225933,-1.3663879122225933,0.0,0.0,1.7490000000000003,-1.3663879122225933,False,0.0,1.3663879122225933,3.6344215397479855,0.0,False
799,-0.7998556185612355,-0.7998556185612355,0.0,0.0,1.7490000000000003,-0.7998556185612355,False,0.0,0.7998556185612355,2.9221426025185764,0.0,False
800,-0.7842568172526673,-0.7842568172526673,0.0,0.0,1.7490000000000003,-0.7842568172526673,False,0.0,0.7842568172526673,2.5051890384321887,0.0,False
801,-0.6663652739859821,-0.6663652739859821,0.0,0.0,1.7490000000000003,-0.6663652739859821,False,0.0,0.6663652739859821,2.096366911632923,0.0,False
802,0.21901042458746223,0.21901042458746223,0.21901042458746223,0.0,1.7490000000000003,0.0,False,0.0,0.0,1.7490000000000003,0.21901042458746223,False
803,1.504080830135228,1.504080830135228,1.504080830135228,0.0,1.8540337098170658,0.0,False,0.0,0.0,1.7490000000000003,1.504080830135228,False
804,0.025227549961853564,0.025227549961853564,0.025227549961853564,0.0,2.575365535694355,0.0,False,0.0,0.0,1.7490000000000003,0.025227549961853564,False
805,0.0015028110706507068,0.0015028110706507068,0.0015028110706507068,0.0,2.587464243630655,0.0,False,0.0,0.0,1.7490000000000003,0.0015028110706507068,False
806,2.484863344342895,2.484863344342895,2.484863344342895,0.0,2.588184966501276,0.0,False,0.0,0.0,1.7490000000000003,2.484863344342895,False
807,6.966342150922911,6.966342150922911,6.966342150922911,0.0,3.7798835622936684,0.0,False,0.0,0.0,1.7490000000000003,6.966342150922911,False
808,14.062536098148053,14.062536098148053,8.745000000000001,0.0,7.120823891251492,5.317536098148052,False,0.0,0.0,1.7490000000000003,14.062536098148053,False
809,30.411612401365318,30.411612401365318,8.745000000000001,0.0,11.314778558388465,21.666612401365317,True,8.745000000000001,0.0,1.7490000000000003,21.666612401365317,True
810,31.04515504853739,31.04515504853739,0.4843097038449,0.0,15.50873322552544,30.56084534469249,True,8.745000000000001,0.0,5.942954667136974,22.300155048537388,True
811,13.889523847733537,13.889523847733537,0.0,0.0,15.741000000000001,13.889523847733537,False,0.0,0.0,10.136909334273948,13.889523847733537,False
812,7.664284865407122,7.664284865407122,0.0,0.0,15.741000000000001,7.664284865407122,False,0.0,0.0,10.136909334273948,7.664284865407122,False
813,8.505097384178516,8.505097384178516,0.0,0.0,15.741000000000001,8.505097384178516,False,0.0,0.0,10.136909334273948,8.505097384178516,False
814,9.579919055379756,9.579919055379756,0.0,0.0,15.741000000000001,9.579919055379756,False,0.0,0.0,10.136909334273948,9.579919055379756,False
815,10.737845260573476,10.737845260573476,0.0,0.0,15.741000000000001,10.737845260573476,False,0.0,0.0,10.136909334273948,10.737845260573476,False
816,18.556542323821162,18.556542323821162,0.0,0.0,15.741000000000001,18.556542323821162,True,8.745000000000001,0.0,10.136909334273948,9.811542323821161,False
817,15.139641412543885,15.139641412543885,0.0,0.0,15.741000000000001,15.139641412543885,False,0.0,0.0,14.330864001410923,15.139641412543885,False
818,11.362052726960439,11.362052726960439,0.0,0.0,15.741000000000001,11.362052726960439,False,0.0,0.0,14.330864001410923,11.362052726960439,False
819,11.013152203408604,11.013152203408604,0.0,0.0,15.741000000000001,11.013152203408604,False,0.0,0.0,14.330864001410923,11.013152203408604,False
820,7.493168159523736,7.493168159523736,0.0,0.0,15.741000000000001,7.493168159523736,False,0.0,0.0,14.330864001410923,7.493168159523736,False
821,4.5797312564094295,4.5797312564094295,0.0,0.0,15.741000000000001,4.5797312564094295,False,0.0,0.0,14.330864001410923,4.5797312564094295,False
822,2.963997291634404,2.963997291634404,0.0,0.0,15.741000000000001,2.963997291634404,False,2.940336814865897,0.0,14.330864001410923,0.023660476768507355,False
823,-4.075656854224154,-4.075656854224154,0.0,4.075656854224154,15.741000000000001,0.0,False,0.0,0.0,15.741000000000001,-4.075656854224154,False
824,-13.92991916445542,-13.92991916445542,0.0,8.745000000000001,13.616416997859377,-5.184919164455419,False,0.0,0.0,15.741000000000001,-13.92991916445542,False
825,-12.714559953805763,-12.714559953805763,0.0,8.745000000000001,9.05777062053658,-3.9695599538057618,False,0.0,0.0,15.741000000000001,-12.714559953805763,False
826,-9.7673012753243,-9.7673012753243,0.0,5.275653015452477,4.499124243213783,-4.491648259871823,False,0.0,0.0,15.741000000000001,-9.7673012753243,False
827,-9.90388961791786,-9.90388961791786,0.0,4.2595540635239357e-16,1.7490000000000006,-9.90388961791786,False,0.0,0.0,15.741000000000001,-9.90388961791786,False
828,-8.357272719532704,-8.357272719532704,0.0,0.0,1.7490000000000003,-8.357272719532704,False,0.0,0.0,15.741000000000001,-8.357272719532704,False
829,-5.538902499165846,-5.538902499165846,0.0,0.0,1.7490000000000003,-5.538902499165846,False,0.0,0.0,15.741000000000001,-5.538902499165846,False
830,-4.412347748350086,-4.412347748350086,0.0,0.0,1.7490000000000003,-4.412347748350086,False,0.0,0.0,15.741000000000001,-4.412347748350086,False
831,-1.8383598808320913,-1.8383598808320913,0.0,0.0,1.7490000000000003,-1.8383598808320913,False,0.0,0.0,15.741000000000001,-1.8383598808320913,False
832,-0.6582688520150438,-0.6582688520150438,0.0,0.0,1.7490000000000003,-0.6582688520150438,False,0.0,0.0,15.741000000000001,-0.6582688520150438,False
833,-12.068650269007193,-12.068650269007193,0.0,0.0,1.7490000000000003,-12.068650269007193,False,0.0,0.0,15.741000000000001,-12.068650269007193,False
834,-23.51507081821886,-23.51507081821886,0.0,0.0,1.7490000000000003,-23.51507081821886,True,0.0,8.745000000000001,15.741000000000001,-14.770070818218858,False
835,-9.583476480713133,-9.583476480713133,0.0,0.0,1.7490000000000003,-9.583476480713133,False,0.0,6.558345661322601,11.182353622677205,-3.0251308193905313,False
836,2.4545683871589867,2.4545683871589867,2.4545683871589867,0.0,1.7490000000000003,0.0,False,2.4545683871589867,0.0,7.7635796157911034,0.0,False
837,-6.156197122076827,-6.156197122076827,0.0,2.2582029161862676,2.926169644726393,-3.897994205890559,False,0.0,0.0,8.940749260517496,-6.156197122076827,False
838,-7.516252072140531,-7.516252072140531,0.0,0.0,1.7490000000000003,-7.516252072140531,False,0.0,0.0,8.940749260517496,-7.516252072140531,False
839,-4.8969743673522474,-4.8969743673522474,0.0,0.0,1.7490000000000003,-4.8969743673522474,False,0.0,0.0,8.940749260517496,-4.8969743673522474,False
840,-5.5205845570669725,-5.5205845570669725,0.0,0.0,1.7490000000000003,-5.5205845570669725,False,0.0,0.0,8.940749260517496,-5.5205845570669725,False
841,-5.8105007298970355,-5.8105007298970355,0.0,0.0,1.7490000000000003,-5.8105007298970355,False,0.0,0.0,8.940749260517496,-5.8105007298970355,False
842,-3.7396498112807954,-3.7396498112807954,0.0,0.0,1.7490000000000003,-3.7396498112807954,False,0.0,0.0,8.940749260517496,-3.7396498112807954,False
843,-0.29183305491726935,-0.29183305491726935,0.0,0.0,1.7490000000000003,-0.29183305491726935,False,0.0,0.0,8.940749260517496,-0.29183305491726935,False
844,-1.9459807420667365,-1.9459807420667365,0.0,0.0,1.7490000000000003,-1.9459807420667365,False,0.0,0.0,8.940749260517496,-1.9459807420667365,False
845,-5.4926087473717855,-5.4926087473717855,0.0,0.0,1.7490000000000003,-5.4926087473717855,False,0.0,0.0,8.940749260517496,-5.4926087473717855,False
846,-3.6166151892481944,-3.6166151892481944,0.0,0.0,1.7490000000000003,-3.6166151892481944,False,0.0,0.0,8.940749260517496,-3.6166151892481944,False
847,-1.0588587306812263,-1.0588587306812263,0.0,0.0,1.7490000000000003,-1.0588587306812263,False,0.0,0.0,8.940749260517496,-1.0588587306812263,False
848,-2.76801446250752,-2.76801446250752,0.0,0.0,1.7490000000000003,-2.76801446250752,False,0.0,0.0,8.940749260517496,-2.76801446250752,False
849,-2.3606656506059185,-2.3606656506059185,0.0,0.0,1.7490000000000003,-2.3606656506059185,False,0.0,0.0,8.940749260517496,-2.3606656506059185,False
850,-3.473214569529018,-3.473214569529018,0.0,0.0,1.7490000000000003,-3.473214569529018,False,0.0,0.0,8.940749260517496,-3.473214569529018,False
851,-5.532040376110045,-5.532040376110045,0.0,0.0,1.7490000000000003,-5.532040376110045,False,0.0,0.0,8.940749260517496,-5.532040376110045,False
852,-3.0745153382499395,-3.0745153382499395,0.0,0.0,1.7490000000000003,-3.0745153382499395,False,0.0,0.0,8.940749260517496,-3.0745153382499395,False
853,3.505860155841764,3.505860155841764,3.505860155841764,0.0,1.7490000000000003,0.0,False,3.505860155841764,0.0,8.940749260517496,0.0,False
854,3.6520687629614965,3.6520687629614965,3.6520687629614965,0.0,3.430351465171198,0.0,False,3.6520687629614965,0.0,10.622100725688693,0.0,False
855,3.687335195814096,3.687335195814096,3.687335195814096,0.0,5.181822115042841,0.0,False,3.687335195814096,0.0,12.373571375560337,0.0,False
856,0.6168862360794463,0.6168862360794463,0.6168862360794463,0.0,6.950205951953413,0.0,False,0.6168862360794463,0.0,14.14195521247091,0.0,False
857,-8.198624492116197,-8.198624492116197,0.0,8.198624492116197,7.2460541976821675,0.0,False,0.0,0.0,14.437803458199664,-8.198624492116197,False
858,-5.009253636834408,-5.009253636834408,0.0,2.3465538305248628,2.9722257425631904,-2.662699806309545,False,0.0,0.0,14.437803458199664,-5.009253636834408,False
859,-5.5332183141444755,-5.5332183141444755,0.0,0.0,1.7490000000000003,-5.5332183141444755,False,0.0,0.0,14.437803458199664,-5.5332183141444755,False
860,,0.0,0.0,0.0,1.7490000000000003,,False,0.0,0.0,14.437803458199664,0.0,False
861,,0.0,0.0,0.0,1.7490000000000003,,False,0.0,0.0,14.437803458199664,0.0,False
862,,0.0,0.0,0.0,1.7490000000000003,,False,0.0,0.0,14.437803458199664,0.0,False
863,,0.0,0.0,0.0,1.7490000000000003,,False,0.0,0.0,14.437803458199664,0.0,False
864,,0.0,0.0,0.0,1.7490000000000003,,False,0.0,0.0,14.437803458199664,0.0,False
865,,0.0,0.0,0.0,1.7490000000000003,,False,0.0,0.0,14.437803458199664,0.0,False
866,,0.0,0.0,0.0,1.7490000000000003,,False,0.0,0.0,14.437803458199664,0.0,False
867,,0.0,0.0,0.0,1.7490000000000003,,False,0.0,0.0,14.437803458199664,0.0,False
868,,0.0,0.0,0.0,1.7490000000000003,,False,0.0,0.0,14.437803458199664,0.0,False
869,,0.0,0.0,0.0,1.7490000000000003,,False,0.0,0.0,14.437803458199664,0.0,False
870,,0.0,0.0,0.0,1.7490000000000003,,False,0.0,0.0,14.437803458199664,0.0,False
871,,0.0,0.0,0.0,1.7490000000000003,,False,0.0,0.0,14.437803458199664,0.0,False
872,,0.0,0.0,0.0,1.7490000000000003,,False,0.0,0.0,14.437803458199664,0.0,False
873,,0.0,0.0,0.0,1.7490000000000003,,False,0.0,0.0,14.437803458199664,0.0,False
874,,0.0,0.0,0.0,1.7490000000000003,,False,0.0,0.0,14.437803458199664,0.0,False
875,,0.0,0.0,0.0,1.7490000000000003,,False,0.0,0.0,14.437803458199664,0.0,False
876,,0.0,0.0,0.0,1.7490000000000003,,False,0.0,0.0,14.437803458199664,0.0,False
877,,0.0,0.0,0.0,1.7490000000000003,,False,0.0,0.0,14.437803458199664,0.0,False
878,,0.0,0.0,0.0,1.7490000000000003,,False,0.0,0.0,14.437803458199664,0.0,False
879,,0.0,0.0,0.0,1.7490000000000003,,False,0.0,0.0,14.437803458199664,0.0,False
880,,0.0,0.0,0.0,1.7490000000000003,,False,0.0,0.0,14.437803458199664,0.0,False
881,,0.0,0.0,0.0,1.7490000000000003,,False,0.0,0.0,14.437803458199664,0.0,False
882,,0.0,0.0,0.0,1.7490000000000003,,False,0.0,0.0,14.437803458199664,0.0,False
883,,0.0,0.0,0.0,1.7490000000000003,,False,0.0,0.0,14.437803458199664,0.0,False
884,,0.0,0.0,0.0,1.7490000000000003,,False,0.0,0.0,14.437803458199664,0.0,False
885,,0.0,0.0,0.0,1.7490000000000003,,False,0.0,0.0,14.437803458199664,0.0,False
886,2.717352633147036,2.717352633147036,2.717352633147036,0.0,1.7490000000000003,0.0,False,2.717352633147036,0.0,14.437803458199664,0.0,False
887,-6.585852424982299,-6.585852424982299,0.0,2.4999644224952733,3.0521965418003383,-4.085888002487026,False,0.0,0.0,15.741000000000001,-6.585852424982299,False
888,-16.44926015166795,-16.44926015166795,0.0,0.0,1.7490000000000003,-16.44926015166795,False,0.0,0.0,15.741000000000001,-16.44926015166795,False
889,-10.014781946254809,-10.014781946254809,0.0,0.0,1.7490000000000003,-10.014781946254809,False,0.0,0.0,15.741000000000001,-10.014781946254809,False
890,-6.035781597604076,-6.035781597604076,0.0,0.0,1.7490000000000003,-6.035781597604076,False,0.0,0.0,15.741000000000001,-6.035781597604076,False
891,-7.609219978880081,-7.609219978880081,0.0,0.0,1.7490000000000003,-7.609219978880081,False,0.0,5.12479870601522,15.741000000000001,-2.4844212728648616,False
892,-7.28851913446427,-7.28851913446427,0.0,0.0,1.7490000000000003,-7.28851913446427,False,0.0,7.28851913446427,13.069514001636955,0.0,False
893,-2.643200253318229,-2.643200253318229,0.0,0.0,1.7490000000000003,-2.643200253318229,False,0.0,2.643200253318229,9.270110759970468,0.0,False
894,-1.3332500824829183,-1.3332500824829183,0.0,0.0,1.7490000000000003,-1.3332500824829183,False,0.0,1.3332500824829183,7.892247379830062,0.0,False
895,-3.771662791525161,-3.771662791525161,0.0,0.0,1.7490000000000003,-3.771662791525161,False,0.0,3.771662791525161,7.197242730478881,0.0,False
896,-4.409889556950846,-4.409889556950846,0.0,0.0,1.7490000000000003,-4.409889556950846,False,0.0,4.409889556950846,5.231127587989532,0.0,False
897,-2.269989344919986,-2.269989344919986,0.0,0.0,1.7490000000000003,-2.269989344919986,False,0.0,2.269989344919986,2.932313745429485,0.0,False
898,3.445064736323178,3.445064736323178,3.445064736323178,0.0,1.7490000000000003,0.0,False,0.0,0.0,1.7490000000000003,3.445064736323178,False
899,7.539125232666531,7.539125232666531,7.539125232666531,0.0,3.4011950062311724,0.0,False,0.0,0.0,1.7490000000000003,7.539125232666531,False
900,6.042545777779509,6.042545777779509,6.042545777779509,0.0,7.016832451133622,0.0,False,0.0,0.0,1.7490000000000003,6.042545777779509,False
901,10.801988227824644,10.801988227824644,8.745000000000001,0.0,9.914735603347136,2.056988227824643,False,0.0,0.0,1.7490000000000003,10.801988227824644,False
902,11.83346405303291,11.83346405303291,3.4036010680966813,0.0,14.10869027048411,8.429862984936229,False,1.7868910492837884,0.0,1.7490000000000003,10.046573003749122,False
903,-1.6439397653410854,-1.6439397653410854,0.0,1.6439397653410854,15.741000000000001,0.0,False,0.0,1.6439397653410854,2.605962842288054,0.0,False
904,6.6507710648663885,6.6507710648663885,1.7868910492837888,0.0,14.884037157711948,4.8638800155826,False,0.0,0.0,1.7490000000000003,6.6507710648663885,False
905,14.539561999837636,14.539561999837636,0.0,0.0,15.741000000000001,14.539561999837636,False,4.9260928693525345,0.0,1.7490000000000003,9.6134691304851,False
906,10.439285628550907,10.439285628550907,0.0,0.0,15.741000000000001,10.439285628550907,False,8.745000000000001,0.0,4.11147114696069,1.6942856285509063,False
907,6.288116562542841,6.288116562542841,0.0,0.0,15.741000000000001,6.288116562542841,False,6.288116562542841,0.0,8.305425814097664,0.0,False
908,-0.8740562562463899,-0.8740562562463899,0.0,0.8740562562463899,15.741000000000001,0.0,False,0.0,0.8740562562463899,11.32110057738844,0.0,False
909,-3.4821177522524964,-3.4821177522524964,0.0,3.4821177522524964,15.28536667968966,0.0,False,0.0,3.4821177522524964,10.8654672570781,0.0,False
910,-3.0429016501410757,-3.0429016501410757,0.0,3.0429016501410757,13.470187322717992,0.0,False,0.0,3.0429016501410757,9.050287900106431,0.0,False
911,8.513600924970484,8.513600924970484,8.042473541999957,0.0,11.883965186186812,0.47112738297052736,False,8.513600924970484,0.0,7.464065763575251,0.0,False
912,12.5954194357578,12.5954194357578,0.0,0.0,15.741000000000001,12.5954194357578,False,8.745000000000001,0.0,11.547045332863028,3.8504194357577983,False
913,-3.694464038320895,-3.694464038320895,0.0,3.694464038320895,15.741000000000001,0.0,False,0.0,1.3907101880853878,15.741000000000001,-2.3037538502355073,False
914,-17.162712820850476,-17.162712820850476,0.0,8.745000000000001,13.815127489486462,-8.417712820850475,False,0.0,8.745000000000001,15.01604220002043,-8.417712820850475,False
915,-13.708744901803826,-13.708744901803826,0.0,8.745000000000001,9.256481112163666,-4.963744901803825,False,0.0,8.745000000000001,10.457395822697631,-4.963744901803825,False
916,-7.960599681591238,-7.960599681591238,0.0,5.656845831355736,4.697834734840868,-2.303753850235502,False,0.0,7.960599681591238,5.898749445374833,0.0,False
917,0.32858437179545197,0.32858437179545197,0.32858437179545197,0.0,1.7490000000000006,0.0,False,0.0,0.0,1.7490000000000003,0.32858437179545197,False
918,9.561023949878715,9.561023949878715,8.745000000000001,0.0,1.9065835288324542,0.8160239498787139,False,2.9403368148659013,0.0,1.7490000000000003,6.620687135012814,False
919,11.032836973382619,11.032836973382619,8.745000000000001,0.0,6.100538195969428,2.2878369733826176,False,8.745000000000001,0.0,3.159135998589081,2.2878369733826176,False
920,3.7788960481383587,3.7788960481383587,3.7788960481383587,0.0,10.294492863106402,0.0,False,0.0,0.0,7.353090665726055,3.7788960481383587,False
921,1.5078131534692698,1.5078131534692698,1.5078131534692698,0.0,12.106787742204782,0.0,False,0.0,0.0,7.353090665726055,1.5078131534692698,False
922,13.469784386975348,13.469784386975348,6.070043241462819,0.0,12.82990952747213,7.39974114551253,False,8.745000000000001,0.0,7.353090665726055,4.724784386975347,False
923,14.27950353918983,14.27950353918983,0.0,0.0,15.741000000000001,14.27950353918983,False,8.745000000000001,0.0,11.547045332863028,5.53450353918983,False
924,-3.2584074685913658,-3.2584074685913658,0.0,3.2584074685913658,15.741000000000001,0.0,False,0.0,0.0,15.741000000000001,-3.2584074685913658,False
925,-16.2935528341325,-16.2935528341325,0.0,8.745000000000001,14.042437689818689,-7.548552834132501,False,0.0,0.0,15.741000000000001,-16.2935528341325,False
926,-10.364496619999708,-10.364496619999708,0.0,8.745000000000001,9.483791312495892,-1.6194966199997065,False,0.0,0.0,15.741000000000001,-10.364496619999708,False
927,-0.8669860045697997,-0.8669860045697997,0.0,0.8669860045697997,4.925144935173095,0.0,False,0.0,0.0,15.741000000000001,-0.8669860045697997,False
928,-3.5815332737862886,-3.5815332737862886,0.0,3.5815332737862886,4.473197238326705,0.0,False,0.0,0.0,15.741000000000001,-3.5815332737862886,False
929,-4.644229266601945,-4.644229266601945,0.0,1.644383122729177,2.6061939583030433,-2.999846143872768,False,0.0,0.0,15.741000000000001,-4.644229266601945,False
930,-8.321861121339552,-8.321861121339552,0.0,0.0,1.7490000000000003,-8.321861121339552,False,0.0,0.0,15.741000000000001,-8.321861121339552,False
931,-19.334530606266345,-19.334530606266345,0.0,0.0,1.7490000000000003,-19.334530606266345,True,0.0,8.745000000000001,15.741000000000001,-10.589530606266344,False
932,-17.812668770894263,-17.812668770894263,0.0,0.0,1.7490000000000003,-17.812668770894263,True,0.0,8.745000000000001,11.182353622677205,-9.067668770894262,False
933,-9.512621190543722,-9.512621190543722,0.0,0.0,1.7490000000000003,-9.512621190543722,False,0.0,0.0,6.6237072453544075,-9.512621190543722,False
934,-9.190731564417442,-9.190731564417442,0.0,0.0,1.7490000000000003,-9.190731564417442,False,0.0,0.0,6.6237072453544075,-9.190731564417442,False
935,-7.444088938446701,-7.444088938446701,0.0,0.0,1.7490000000000003,-7.444088938446701,False,0.0,0.0,6.6237072453544075,-7.444088938446701,False
936,-2.1818779184136923,-2.1818779184136923,0.0,0.0,1.7490000000000003,-2.1818779184136923,False,0.0,0.0,6.6237072453544075,-2.1818779184136923,False
937,-4.3457338221456245,-4.3457338221456245,0.0,0.0,1.7490000000000003,-4.3457338221456245,False,0.0,0.0,6.6237072453544075,-4.3457338221456245,False
938,,0.0,0.0,0.0,1.7490000000000003,,False,0.0,0.0,6.6237072453544075,0.0,False
939,,0.0,0.0,0.0,1.7490000000000003,,False,0.0,0.0,6.6237072453544075,0.0,False
940,,0.0,0.0,0.0,1.7490000000000003,,False,0.0,0.0,6.6237072453544075,0.0,False
941,,0.0,0.0,0.0,1.7490000000000003,,False,0.0,0.0,6.6237072453544075,0.0,False
942,,0.0,0.0,0.0,1.7490000000000003,,False,0.0,0.0,6.6237072453544075,0.0,False
943,,0.0,0.0,0.0,1.7490000000000003,,False,0.0,0.0,6.6237072453544075,0.0,False
944,,0.0,0.0,0.0,1.7490000000000003,,False,0.0,0.0,6.6237072453544075,0.0,False
945,,0.0,0.0,0.0,1.7490000000000003,,False,0.0,0.0,6.6237072453544075,0.0,False
946,,0.0,0.0,0.0,1.7490000000000003,,False,0.0,0.0,6.6237072453544075,0.0,False
947,,0.0,0.0,0.0,1.7490000000000003,,False,0.0,0.0,6.6237072453544075,0.0,False
948,,0.0,0.0,0.0,1.7490000000000003,,False,0.0,0.0,6.6237072453544075,0.0,False
949,,0.0,0.0,0.0,1.7490000000000003,,False,0.0,0.0,6.6237072453544075,0.0,False
950,,0.0,0.0,0.0,1.7490000000000003,,False,0.0,0.0,6.6237072453544075,0.0,False
951,,0.0,0.0,0.0,1.7490000000000003,,False,0.0,0.0,6.6237072453544075,0.0,False
952,,0.0,0.0,0.0,1.7490000000000003,,False,0.0,0.0,6.6237072453544075,0.0,False
953,,0.0,0.0,0.0,1.7490000000000003,,False,0.0,0.0,6.6237072453544075,0.0,False
954,,0.0,0.0,0.0,1.7490000000000003,,False,0.0,0.0,6.6237072453544075,0.0,False
955,,0.0,0.0,0.0,1.7490000000000003,,False,0.0,0.0,6.6237072453544075,0.0,False
956,,0.0,0.0,0.0,1.7490000000000003,,False,0.0,0.0,6.6237072453544075,0.0,False
957,,0.0,0.0,0.0,1.7490000000000003,,False,0.0,0.0,6.6237072453544075,0.0,False
958,,0.0,0.0,0.0,1.7490000000000003,,False,0.0,0.0,6.6237072453544075,0.0,False
959,,0.0,0.0,0.0,1.7490000000000003,,False,0.0,0.0,6.6237072453544075,0.0,False
960,,0.0,0.0,0.0,1.7490000000000003,,False,0.0,0.0,6.6237072453544075,0.0,False
961,,0.0,0.0,0.0,1.7490000000000003,,False,0.0,0.0,6.6237072453544075,0.0,False
962,,0.0,0.0,0.0,1.7490000000000003,,False,0.0,0.0,6.6237072453544075,0.0,False
963,,0.0,0.0,0.0,1.7490000000000003,,False,0.0,0.0,6.6237072453544075,0.0,False
964,-12.858062014365322,-12.858062014365322,0.0,0.0,1.7490000000000003,-12.858062014365322,False,0.0,0.0,6.6237072453544075,-12.858062014365322,False
965,-9.578224293753385,-9.578224293753385,0.0,0.0,1.7490000000000003,-9.578224293753385,False,0.0,0.0,6.6237072453544075,-9.578224293753385,False
966,-5.306832965563283,-5.306832965563283,0.0,0.0,1.7490000000000003,-5.306832965563283,False,0.0,0.0,6.6237072453544075,-5.306832965563283,False
967,-8.84607502830056,-8.84607502830056,0.0,0.0,1.7490000000000003,-8.84607502830056,False,0.0,0.0,6.6237072453544075,-8.84607502830056,False
968,-10.495955204233983,-10.495955204233983,0.0,0.0,1.7490000000000003,-10.495955204233983,False,0.0,0.0,6.6237072453544075,-10.495955204233983,False
969,-9.609589626701318,-9.609589626701318,0.0,0.0,1.7490000000000003,-9.609589626701318,False,0.0,0.0,6.6237072453544075,-9.609589626701318,False
970,-7.159374450778696,-7.159374450778696,0.0,0.0,1.7490000000000003,-7.159374450778696,False,0.0,0.0,6.6237072453544075,-7.159374450778696,False
971,-8.971560321118375,-8.971560321118375,0.0,0.0,1.7490000000000003,-8.971560321118375,False,0.0,0.0,6.6237072453544075,-8.971560321118375,False
972,-9.879230486458145,-9.879230486458145,0.0,0.0,1.7490000000000003,-9.879230486458145,False,0.0,0.0,6.6237072453544075,-9.879230486458145,False
973,-6.99544124302732,-6.99544124302732,0.0,0.0,1.7490000000000003,-6.99544124302732,False,0.0,0.0,6.6237072453544075,-6.99544124302732,False
974,-5.042301079287344,-5.042301079287344,0.0,0.0,1.7490000000000003,-5.042301079287344,False,0.0,0.0,6.6237072453544075,-5.042301079287344,False
975,-3.2628936810123284,-3.2628936810123284,0.0,0.0,1.7490000000000003,-3.2628936810123284,False,0.0,0.0,6.6237072453544075,-3.2628936810123284,False
976,-2.547695305039308,-2.547695305039308,0.0,0.0,1.7490000000000003,-2.547695305039308,False,0.0,0.0,6.6237072453544075,-2.547695305039308,False
977,-2.7858750664479452,-2.7858750664479452,0.0,0.0,1.7490000000000003,-2.7858750664479452,False,0.0,0.0,6.6237072453544075,-2.7858750664479452,False
978,-2.7935395183409435,-2.7935395183409435,0.0,0.0,1.7490000000000003,-2.7935395183409435,False,0.0,0.0,6.6237072453544075,-2.7935395183409435,False
979,-1.4427847895754795,-1.4427847895754795,0.0,0.0,1.7490000000000003,-1.4427847895754795,False,0.0,0.0,6.6237072453544075,-1.4427847895754795,False
980,-0.44590929818430464,-0.44590929818430464,0.0,0.0,1.7490000000000003,-0.44590929818430464,False,0.0,0.0,6.6237072453544075,-0.44590929818430464,False
981,-0.7464649002954804,-0.7464649002954804,0.0,0.0,1.7490000000000003,-0.7464649002954804,False,0.0,0.0,6.6237072453544075,-0.7464649002954804,False
982,-1.0569536891886646,-1.0569536891886646,0.0,0.0,1.7490000000000003,-1.0569536891886646,False,0.0,0.0,6.6237072453544075,-1.0569536891886646,False
983,-0.8417752509374402,-0.8417752509374402,0.0,0.0,1.7490000000000003,-0.8417752509374402,False,0.0,0.0,6.6237072453544075,-0.8417752509374402,False
984,-1.1407311397407012,-1.1407311397407012,0.0,0.0,1.7490000000000003,-1.1407311397407012,False,0.0,0.0,6.6237072453544075,-1.1407311397407012,False
985,-1.39167215099891,-1.39167215099891,0.0,0.0,1.7490000000000003,-1.39167215099891,False,0.0,0.0,6.6237072453544075,-1.39167215099891,False
986,-1.6830805824287534,-1.6830805824287534,0.0,0.0,1.7490000000000003,-1.6830805824287534,False,0.0,0.0,6.6237072453544075,-1.6830805824287534,False
987,-1.580226013524348,-1.580226013524348,0.0,0.0,1.7490000000000003,-1.580226013524348,False,0.0,0.0,6.6237072453544075,-1.580226013524348,False
988,-1.9056899487624974,-1.9056899487624974,0.0,0.0,1.7490000000000003,-1.9056899487624974,False,0.0,0.0,6.6237072453544075,-1.9056899487624974,False
989,-2.147253404948007,-2.147253404948007,0.0,0.0,1.7490000000000003,-2.147253404948007,False,0.0,0.0,6.6237072453544075,-2.147253404948007,False
990,-2.038197147077064,-2.038197147077064,0.0,0.0,1.7490000000000003,-2.038197147077064,False,0.0,0.0,6.6237072453544075,-2.038197147077064,False
991,-1.7565874049922332,-1.7565874049922332,0.0,0.0,1.7490000000000003,-1.7565874049922332,False,0.0,0.0,6.6237072453544075,-1.7565874049922332,False
992,-0.6601520662371209,-0.6601520662371209,0.0,0.0,1.7490000000000003,-0.6601520662371209,False,0.0,0.0,6.6237072453544075,-0.6601520662371209,False
993,-1.3522007180991706,-1.3522007180991706,0.0,0.0,1.7490000000000003,-1.3522007180991706,False,0.0,0.0,6.6237072453544075,-1.3522007180991706,False
994,1.2241341056896498,1.2241341056896498,1.2241341056896498,0.0,1.7490000000000003,0.0,False,1.2241341056896498,0.0,6.6237072453544075,0.0,False
995,3.2999440822165362,3.2999440822165362,3.2999440822165362,0.0,2.336074093282865,0.0,False,3.2999440822165362,0.0,7.210781338637272,0.0,False
996,,0.0,0.0,0.0,3.9186716787491975,,False,0.0,0.0,8.793378924103605,0.0,False
997,,0.0,0.0,0.0,3.9186716787491975,,False,0.0,0.0,8.793378924103605,0.0,False
998,,0.0,0.0,0.0,3.9186716787491975,,False,0.0,0.0,8.793378924103605,0.0,False
999,,0.0,0.0,0.0,3.9186716787491975,,False,0.0,0.0,8.793378924103605,0.0,False
1000,,0.0,0.0,0.0,3.9186716787491975,,False,0.0,0.0,8.793378924103605,0.0,False
1001,,0.0,0.0,0.0,3.9186716787491975,,False,0.0,0.0,8.793378924103605,0.0,False
1002,,0.0,0.0,0.0,3.9186716787491975,,False,0.0,0.0,8.793378924103605,0.0,False
1003,,0.0,0.0,0.0,3.9186716787491975,,False,0.0,0.0,8.793378924103605,0.0,False
1004,,0.0,0.0,0.0,3.9186716787491975,,False,0.0,0.0,8.793378924103605,0.0,False
1005,,0.0,0.0,0.0,3.9186716787491975,,False,0.0,0.0,8.793378924103605,0.0,False
1006,,0.0,0.0,0.0,3.9186716787491975,,False,0.0,0.0,8.793378924103605,0.0,False
1007,,0.0,0.0,0.0,3.9186716787491975,,False,0.0,0.0,8.793378924103605,0.0,False
1008,,0.0,0.0,0.0,3.9186716787491975,,False,0.0,0.0,8.793378924103605,0.0,False
1009,,0.0,0.0,0.0,3.9186716787491975,,False,0.0,0.0,8.793378924103605,0.0,False
1010,,0.0,0.0,0.0,3.9186716787491975,,False,0.0,0.0,8.793378924103605,0.0,False
1011,,0.0,0.0,0.0,3.9186716787491975,,False,0.0,0.0,8.793378924103605,0.0,False
1012,,0.0,0.0,0.0,3.9186716787491975,,False,0.0,0.0,8.793378924103605,0.0,False
1013,,0.0,0.0,0.0,3.9186716787491975,,False,0.0,0.0,8.793378924103605,0.0,False
1014,,0.0,0.0,0.0,3.9186716787491975,,False,0.0,0.0,8.793378924103605,0.0,False
1015,,0.0,0.0,0.0,3.9186716787491975,,False,0.0,0.0,8.793378924103605,0.0,False
1016,,0.0,0.0,0.0,3.9186716787491975,,False,0.0,0.0,8.793378924103605,0.0,False
1017,,0.0,0.0,0.0,3.9186716787491975,,False,0.0,0.0,8.793378924103605,0.0,False
1018,,0.0,0.0,0.0,3.9186716787491975,,False,0.0,0.0,8.793378924103605,0.0,False
1019,,0.0,0.0,0.0,3.9186716787491975,,False,0.0,0.0,8.793378924103605,0.0,False
1020,,0.0,0.0,0.0,3.9186716787491975,,False,0.0,0.0,8.793378924103605,0.0,False
1021,,0.0,0.0,0.0,3.9186716787491975,,False,0.0,0.0,8.793378924103605,0.0,False
1022,-2.2629454136435205,-2.2629454136435205,0.0,2.2629454136435205,3.9186716787491975,0.0,False,0.0,0.0,8.793378924103605,-2.2629454136435205,False
1023,-2.440986472165831,-2.440986472165831,0.0,1.8992065192301713,2.7390298363266394,-0.5417799529356597,False,0.0,0.0,8.793378924103605,-2.440986472165831,False
1024,-2.63005912063878,-2.63005912063878,0.0,0.0,1.7490000000000003,-2.63005912063878,False,0.0,0.0,8.793378924103605,-2.63005912063878,False
1025,-2.7030531562561713,-2.7030531562561713,0.0,0.0,1.7490000000000003,-2.7030531562561713,False,0.0,0.0,8.793378924103605,-2.7030531562561713,False
1026,-2.9344959288815384,-2.9344959288815384,0.0,0.0,1.7490000000000003,-2.9344959288815384,False,0.0,0.0,8.793378924103605,-2.9344959288815384,False
1027,-3.0287503940588283,-3.0287503940588283,0.0,0.0,1.7490000000000003,-3.0287503940588283,False,0.0,0.0,8.793378924103605,-3.0287503940588283,False
1028,-3.0527334188194426,-3.0527334188194426,0.0,0.0,1.7490000000000003,-3.0527334188194426,False,0.0,0.0,8.793378924103605,-3.0527334188194426,False
1029,-3.0792768051443433,-3.0792768051443433,0.0,0.0,1.7490000000000003,-3.0792768051443433,False,0.0,0.0,8.793378924103605,-3.0792768051443433,False
1030,-3.094453433986067,-3.094453433986067,0.0,0.0,1.7490000000000003,-3.094453433986067,False,0.0,0.0,8.793378924103605,-3.094453433986067,False
1031,-3.09707944526388,-3.09707944526388,0.0,0.0,1.7490000000000003,-3.09707944526388,False,0.0,0.0,8.793378924103605,-3.09707944526388,False
1032,-3.1104314996851823,-3.1104314996851823,0.0,0.0,1.7490000000000003,-3.1104314996851823,False,0.0,0.0,8.793378924103605,-3.1104314996851823,False
1033,-3.1087070578680995,-3.1087070578680995,0.0,0.0,1.7490000000000003,-3.1087070578680995,False,0.0,0.0,8.793378924103605,-3.1087070578680995,False
1034,-3.0896857547146803,-3.0896857547146803,0.0,0.0,1.7490000000000003,-3.0896857547146803,False,0.0,0.0,8.793378924103605,-3.0896857547146803,False
1035,-3.089992613256834,-3.089992613256834,0.0,0.0,1.7490000000000003,-3.089992613256834,False,0.0,0.0,8.793378924103605,-3.089992613256834,False
1036,-3.1077158182024323,-3.1077158182024323,0.0,0.0,1.7490000000000003,-3.1077158182024323,False,0.0,0.0,8.793378924103605,-3.1077158182024323,False
1037,-3.095934017269813,-3.095934017269813,0.0,0.0,1.7490000000000003,-3.095934017269813,False,0.0,0.0,8.793378924103605,-3.095934017269813,False
1038,-3.091511165147544,-3.091511165147544,0.0,0.0,1.7490000000000003,-3.091511165147544,False,0.0,0.0,8.793378924103605,-3.091511165147544,False
1039,-3.101410304535764,-3.101410304535764,0.0,0.0,1.7490000000000003,-3.101410304535764,False,0.0,0.0,8.793378924103605,-3.101410304535764,False
1040,-3.102865971850337,-3.102865971850337,0.0,0.0,1.7490000000000003,-3.102865971850337,False,0.0,0.0,8.793378924103605,-3.102865971850337,False
1041,-3.0991447807740458,-3.0991447807740458,0.0,0.0,1.7490000000000003,-3.0991447807740458,False,0.0,0.0,8.793378924103605,-3.0991447807740458,False
1042,-3.1110305340823348,-3.1110305340823348,0.0,0.0,1.7490000000000003,-3.1110305340823348,False,0.0,0.0,8.793378924103605,-3.1110305340823348,False
1043,-3.104069506207162,-3.104069506207162,0.0,0.0,1.7490000000000003,-3.104069506207162,False,0.0,0.0,8.793378924103605,-3.104069506207162,False
1044,-3.0852064682545386,-3.0852064682545386,0.0,0.0,1.7490000000000003,-3.0852064682545386,False,0.0,0.0,8.793378924103605,-3.0852064682545386,False
1045,-3.09639842393096,-3.09639842393096,0.0,0.0,1.7490000000000003,-3.09639842393096,False,0.0,0.0,8.793378924103605,-3.09639842393096,False
1046,-3.0986071320771633,-3.0986071320771633,0.0,0.0,1.7490000000000003,-3.0986071320771633,False,0.0,0.0,8.793378924103605,-3.0986071320771633,False
1047,-3.098650959767149,-3.098650959767149,0.0,0.0,1.7490000000000003,-3.098650959767149,False,0.0,0.0,8.793378924103605,-3.098650959767149,False
1048,-3.0967933339970544,-3.0967933339970544,0.0,0.0,1.7490000000000003,-3.0967933339970544,False,0.0,0.0,8.793378924103605,-3.0967933339970544,False
1049,-3.1000020494456986,-3.1000020494456986,0.0,0.0,1.7490000000000003,-3.1000020494456986,False,0.0,0.0,8.793378924103605,-3.1000020494456986,False
1050,-3.105282283923322,-3.105282283923322,0.0,0.0,1.7490000000000003,-3.105282283923322,False,0.0,0.0,8.793378924103605,-3.105282283923322,False
1051,-3.1043824013538086,-3.1043824013538086,0.0,0.0,1.7490000000000003,-3.1043824013538086,False,0.0,0.0,8.793378924103605,-3.1043824013538086,False
1052,-3.038455421152038,-3.038455421152038,0.0,0.0,1.7490000000000003,-3.038455421152038,False,0.0,0.0,8.793378924103605,-3.038455421152038,False
1053,-0.5802741380097863,-0.5802741380097863,0.0,0.0,1.7490000000000003,-0.5802741380097863,False,0.0,0.0,8.793378924103605,-0.5802741380097863,False
1054,0.1553907521542569,0.1553907521542569,0.1553907521542569,0.0,1.7490000000000003,0.0,False,0.1553907521542569,0.0,8.793378924103605,0.0,False
1055,-3.6589846671525006,-3.6589846671525006,0.0,0.14295949198191632,1.8235227867612662,-3.516025175170584,False,0.0,0.0,8.86790171086487,-3.6589846671525006,False
1056,-5.199002576523849,-5.199002576523849,0.0,0.0,1.7490000000000003,-5.199002576523849,False,0.0,0.0,8.86790171086487,-5.199002576523849,False
1057,-3.5851048658577187,-3.5851048658577187,0.0,0.0,1.7490000000000003,-3.5851048658577187,False,0.0,0.0,8.86790171086487,-3.5851048658577187,False
1058,-1.2523791708568492,-1.2523791708568492,0.0,0.0,1.7490000000000003,-1.2523791708568492,False,0.0,0.0,8.86790171086487,-1.2523791708568492,False
1059,-4.809062412015704,-4.809062412015704,0.0,0.0,1.7490000000000003,-4.809062412015704,False,0.0,0.0,8.86790171086487,-4.809062412015704,False
1060,-7.090567898299189,-7.090567898299189,0.0,0.0,1.7490000000000003,-7.090567898299189,False,0.0,0.0,8.86790171086487,-7.090567898299189,False
1061,-3.7924957109061315,-3.7924957109061315,0.0,0.0,1.7490000000000003,-3.7924957109061315,False,0.0,0.0,8.86790171086487,-3.7924957109061315,False
1062,-3.73386652380531,-3.73386652380531,0.0,0.0,1.7490000000000003,-3.73386652380531,False,0.0,0.0,8.86790171086487,-3.73386652380531,False
1063,-3.8369316873923074,-3.8369316873923074,0.0,0.0,1.7490000000000003,-3.8369316873923074,False,0.0,0.0,8.86790171086487,-3.8369316873923074,False
1064,-3.3486554840532863,-3.3486554840532863,0.0,0.0,1.7490000000000003,-3.3486554840532863,False,0.0,0.0,8.86790171086487,-3.3486554840532863,False
1065,-3.4460915213840084,-3.4460915213840084,0.0,0.0,1.7490000000000003,-3.4460915213840084,False,0.0,0.0,8.86790171086487,-3.4460915213840084,False
1066,-3.5155948430124155,-3.5155948430124155,0.0,0.0,1.7490000000000003,-3.5155948430124155,False,0.0,0.0,8.86790171086487,-3.5155948430124155,False
1067,-3.2464824891594843,-3.2464824891594843,0.0,0.0,1.7490000000000003,-3.2464824891594843,False,0.0,0.0,8.86790171086487,-3.2464824891594843,False
1068,-3.167842779311485,-3.167842779311485,0.0,0.0,1.7490000000000003,-3.167842779311485,False,0.0,0.0,8.86790171086487,-3.167842779311485,False
1069,-3.150792107898836,-3.150792107898836,0.0,0.0,1.7490000000000003,-3.150792107898836,False,0.0,0.0,8.86790171086487,-3.150792107898836,False
1070,-3.045726072706756,-3.045726072706756,0.0,0.0,1.7490000000000003,-3.045726072706756,False,0.0,0.0,8.86790171086487,-3.045726072706756,False
1071,-2.8891314486425315,-2.8891314486425315,0.0,0.0,1.7490000000000003,-2.8891314486425315,False,0.0,0.0,8.86790171086487,-2.8891314486425315,False
1072,-3.0289930178122804,-3.0289930178122804,0.0,0.0,1.7490000000000003,-3.0289930178122804,False,0.0,0.0,8.86790171086487,-3.0289930178122804,False
1073,-3.2056034273045215,-3.2056034273045215,0.0,0.0,1.7490000000000003,-3.2056034273045215,False,0.0,0.0,8.86790171086487,-3.2056034273045215,False
1074,-2.9626023489056568,-2.9626023489056568,0.0,0.0,1.7490000000000003,-2.9626023489056568,False,0.0,0.0,8.86790171086487,-2.9626023489056568,False
1075,-2.6747480223706463,-2.6747480223706463,0.0,0.0,1.7490000000000003,-2.6747480223706463,False,0.0,0.0,8.86790171086487,-2.6747480223706463,False
1076,-2.899312586571092,-2.899312586571092,0.0,0.0,1.7490000000000003,-2.899312586571092,False,0.0,0.0,8.86790171086487,-2.899312586571092,False
1077,-3.030916892321554,-3.030916892321554,0.0,0.0,1.7490000000000003,-3.030916892321554,False,0.0,0.0,8.86790171086487,-3.030916892321554,False
1078,-2.8573803326806697,-2.8573803326806697,0.0,0.0,1.7490000000000003,-2.8573803326806697,False,0.0,0.0,8.86790171086487,-2.8573803326806697,False
1079,-2.836348335650451,-2.836348335650451,0.0,0.0,1.7490000000000003,-2.836348335650451,False,0.0,0.0,8.86790171086487,-2.836348335650451,False
1080,-2.8429442901839512,-2.8429442901839512,0.0,0.0,1.7490000000000003,-2.8429442901839512,False,0.0,0.0,8.86790171086487,-2.8429442901839512,False
1081,-2.960327158531442,-2.960327158531442,0.0,0.0,1.7490000000000003,-2.960327158531442,False,0.0,0.0,8.86790171086487,-2.960327158531442,False
1082,-1.2930461041737538,-1.2930461041737538,0.0,0.0,1.7490000000000003,-1.2930461041737538,False,0.0,0.0,8.86790171086487,-1.2930461041737538,False
1083,0.7529781306981393,0.7529781306981393,0.7529781306981393,0.0,1.7490000000000003,0.0,False,0.7529781306981393,0.0,8.86790171086487,0.0,False
1084,-1.9116541236206717,-1.9116541236206717,0.0,0.692739880242288,2.1101156255567224,-1.2189142433783835,False,0.0,1.9116541236206717,9.229017336421593,0.0,False
1085,-4.038540875014603,-4.038540875014603,0.0,0.0,1.7490000000000003,-4.038540875014603,False,0.0,4.038540875014603,8.232498737755206,0.0,False
1086,-3.9788676885172363,-3.9788676885172363,0.0,0.0,1.7490000000000003,-3.9788676885172363,False,0.0,3.9788676885172363,6.127263777257166,0.0,False
1087,-0.8744121736777228,-0.8744121736777228,0.0,0.0,1.7490000000000003,-0.8744121736777228,False,0.0,0.8744121736777228,4.053135615552669,0.0,False
1088,0.026028320457864636,0.026028320457864636,0.026028320457864636,0.0,1.7490000000000003,0.0,False,0.026028320457864636,0.0,3.5973167604557106,0.0,False
1089,-5.2952412507736994,-5.2952412507736994,0.0,0.023946054821235373,1.7614827439750715,-5.271295195952464,False,0.0,0.6612596372602737,3.609799504430782,-4.633981613513425,False
1090,-2.9083727315052577,-2.9083727315052577,0.0,0.0,1.7490000000000003,-2.9083727315052577,False,0.0,2.9083727315052577,3.2650940899234824,0.0,False
1091,6.47259285220645,6.47259285220645,6.47259285220645,0.0,1.7490000000000003,0.0,False,0.0,0.0,1.7490000000000003,6.47259285220645,False
1092,20.796537098873376,20.796537098873376,8.745000000000001,0.0,4.853146483818028,12.051537098873375,False,8.745000000000001,0.0,1.7490000000000003,12.051537098873375,False
1093,12.01829188767785,12.01829188767785,8.745000000000001,0.0,9.047101150955001,3.27329188767785,False,8.486883839491355,0.0,5.942954667136974,3.5314080481864956,False
1094,-6.675420314589064,-6.675420314589064,0.0,6.675420314589064,13.241055818091976,0.0,False,0.0,6.675420314589064,10.013121172349567,0.0,False
1095,1.7093446216670038,1.7093446216670038,1.7093446216670038,0.0,9.761252429388895,0.0,False,1.7093446216670038,0.0,6.5333177836464875,0.0,False
1096,14.658818825056034,14.658818825056034,8.745000000000001,0.0,10.581025311468462,5.913818825056033,False,8.745000000000001,0.0,7.353090665726055,5.913818825056033,False
1097,12.60756785088348,12.60756785088348,2.014290987284905,0.0,14.774979978605437,10.593276863598575,False,8.745000000000001,0.0,11.547045332863028,3.8625678508834795,False
1098,-0.7875831867612489,-0.7875831867612489,0.0,0.7875831867612489,15.741000000000001,0.0,False,0.0,0.0,15.741000000000001,-0.7875831867612489,False
1099,-17.158922781176223,-17.158922781176223,0.0,8.745000000000001,15.330443883228188,-8.413922781176222,False,0.0,0.0,15.741000000000001,-17.158922781176223,False
1100,-27.600123542834336,-27.600123542834336,0.0,8.745000000000001,10.77179750590539,-18.855123542834335,True,0.0,8.745000000000001,15.741000000000001,-18.855123542834335,True
1101,-19.5952160762465,-19.5952160762465,0.0,8.56372668291538,6.213151128582592,-11.031489393331121,False,0.0,8.745000000000001,11.182353622677205,-10.8502160762465,False
1102,3.5931307602098967,3.5931307602098967,3.5931307602098967,0.0,1.7489999999999997,0.0,False,3.5931307602098967,0.0,6.6237072453544075,0.0,False
1103,18.062318177032925,18.062318177032925,8.745000000000001,0.0,3.4722049767199215,9.317318177032924,False,8.745000000000001,0.0,8.34691222207433,9.317318177032924,False
1104,-1.285609616083793,-1.285609616083793,0.0,1.285609616083793,7.666159643856895,0.0,False,0.0,0.0,12.540866889211305,-1.285609616083793,False
1105,-24.328321510862615,-24.328321510862615,0.0,8.745000000000001,6.995989304347263,-15.583321510862614,False,0.0,6.838321510862613,12.540866889211305,-17.490000000000002,False
1106,-23.327961788951338,-23.327961788951338,0.0,1.3204706833093105,2.4373429270244653,-22.00749110564203,True,0.0,5.837961788951336,8.976145381782786,-17.490000000000002,False
1107,-10.758700447967884,-10.758700447967884,0.0,0.0,1.7490000000000003,-10.758700447967884,False,0.0,0.0,5.932897427505836,-10.758700447967884,False
1108,0.6946738708519197,0.6946738708519197,0.6946738708519197,0.0,1.7490000000000003,0.0,False,0.6946738708519197,0.0,5.932897427505836,0.0,False
1109,0.45093514264548223,0.45093514264548223,0.45093514264548223,0.0,2.0821538848253307,0.0,False,0.45093514264548223,0.0,6.266051312331166,0.0,False
1110,-11.06658529158951,-11.06658529158951,0.0,1.0539602924176092,2.2984147820322027,-10.012624999171901,False,0.0,0.0,6.482312209538039,-11.06658529158951,False
1111,-5.610718241705868,-5.610718241705868,0.0,0.0,1.7490000000000003,-5.610718241705868,False,0.0,0.0,6.482312209538039,-5.610718241705868,False
1112,3.2446919673797927,3.2446919673797927,3.2446919673797927,0.0,1.7490000000000003,0.0,False,3.2446919673797927,0.0,6.482312209538039,0.0,False
1113,-2.7430792545537663,-2.7430792545537663,0.0,2.7430792545537663,3.3050996020599577,0.0,False,0.0,0.0,8.038411811597996,-2.7430792545537663,False
1114,-11.558307522478348,-11.558307522478348,0.0,0.24203735543564234,1.8751706933714676,-11.316270167042706,False,0.0,6.773275726985643,8.038411811597996,-4.785031795492705,False
1115,-5.291908044677167,-5.291908044677167,0.0,0.0,1.7490000000000003,-5.291908044677167,False,0.0,5.291908044677167,4.50759776294945,0.0,False
1116,8.507655267438127,8.507655267438127,8.507655267438127,0.0,1.7490000000000003,0.0,False,8.507655267438127,0.0,1.7490000000000003,0.0,False
1117,3.2349239140430663,3.2349239140430663,3.2349239140430663,0.0,5.829128132105728,0.0,False,3.2349239140430663,0.0,5.829128132105728,0.0,False
1118,1.217715961208521,1.217715961208521,1.217715961208521,0.0,7.380543140354319,0.0,False,1.217715961208521,0.0,7.380543140354319,0.0,False
1119,7.897650393194556,7.897650393194556,7.897650393194556,0.0,7.964539199674806,0.0,False,7.897650393194556,0.0,7.964539199674806,0.0,False
1120,1.2914004888855668,1.2914004888855668,1.2914004888855668,0.0,11.75211927125336,0.0,False,1.2914004888855668,0.0,11.75211927125336,0.0,False
1121,-0.8116369087916886,-0.8116369087916886,0.0,0.8116369087916886,12.371453188635245,0.0,False,0.0,0.8116369087916886,12.371453188635245,0.0,False
1122,2.5653933797656845,2.5653933797656845,2.5653933797656845,0.0,11.94835820247576,0.0,False,2.5653933797656845,0.0,11.94835820247576,0.0,False
1123,-6.631388868433511,-6.631388868433511,0.0,6.631388868433511,13.178677646513563,0.0,False,0.0,0.0,13.178677646513563,-6.631388868433511,False
1124,-7.528555271996789,-7.528555271996789,0.0,7.528555271996789,9.721827235798509,0.0,False,0.0,0.0,13.178677646513563,-7.528555271996789,False
1125,-9.54318785177165,-9.54318785177165,0.0,7.76597920295069,5.797296507706729,-1.7772086488209604,False,0.0,0.0,13.178677646513563,-9.54318785177165,False
1126,-10.74140356039685,-10.74140356039685,0.0,4.2595540635239357e-16,1.7490000000000006,-10.74140356039685,False,0.0,0.0,13.178677646513563,-10.74140356039685,False
1127,-7.755600860530462,-7.755600860530462,0.0,0.0,1.7490000000000003,-7.755600860530462,False,0.0,1.512163435573871,13.178677646513563,-6.243437424956591,False
1128,-6.565053554744096,-6.565053554744096,0.0,0.0,1.7490000000000003,-6.565053554744096,False,0.0,6.565053554744096,12.390407964695516,0.0,False
1129,3.064658961422881,3.064658961422881,3.064658961422881,0.0,1.7490000000000003,0.0,False,3.064658961422881,0.0,8.968137226643563,0.0,False
1130,6.555994712800034,6.555994712800034,6.555994712800034,0.0,3.2187588055394674,0.0,False,6.555994712800034,0.0,10.43789603218303,0.0,False
1131,-2.0030141055911823,-2.0030141055911823,0.0,2.0030141055911823,6.36290341657126,0.0,False,0.0,2.0030141055911823,13.582040643214823,0.0,False
1132,-0.4481210338148996,-0.4481210338148996,0.0,0.4481210338148996,5.318760135132758,0.0,False,0.0,0.4481210338148996,12.53789736177632,0.0,False
1133,-2.7585725939420227,-2.7585725939420227,0.0,2.7585725939420227,5.085160898151346,0.0,False,0.0,2.7585725939420227,12.30429812479491,0.0,False
1134,-16.01751919010464,-16.01751919010464,0.0,3.6412936469369774,3.647155528002032,-12.376225543167662,False,0.0,8.745000000000001,10.866292754645595,-7.272519190104639,False
1135,-13.008244304059996,-13.008244304059996,0.0,0.0,1.7490000000000003,-13.008244304059996,False,0.0,8.745000000000001,6.307646377322798,-4.263244304059995,False
1136,4.942145273982085,4.942145273982085,4.942145273982085,0.0,1.7490000000000003,0.0,False,4.942145273982085,0.0,1.7490000000000003,0.0,False
1137,16.484455750830282,16.484455750830282,8.745000000000001,0.0,4.119169609775426,7.739455750830281,False,8.745000000000001,0.0,4.119169609775426,7.739455750830281,False
1138,6.958121070401998,6.958121070401998,6.958121070401998,0.0,8.3131242769124,0.0,False,6.958121070401998,0.0,8.3131242769124,0.0,False
1139,-1.942190702392486,-1.942190702392486,0.0,1.942190702392486,11.650121914158436,0.0,False,0.0,1.942190702392486,11.650121914158436,0.0,False
1140,0.3569082285119469,0.3569082285119469,0.3569082285119469,0.0,10.637685023417268,0.0,False,0.3569082285119469,0.0,10.637685023417268,0.0,False
1141,-8.863334837495456,-8.863334837495456,0.0,8.745000000000001,10.808852196739997,-0.11833483749545515,False,0.0,0.0,10.808852196739997,-8.863334837495456,False
1142,-14.687858014595216,-14.687858014595216,0.0,8.634809904671865,6.250205819417199,-6.053048109923351,False,0.0,8.416213932007663,10.808852196739997,-6.271644082587553,False
1143,3.041994804007663,3.041994804007663,3.041994804007663,0.0,1.7490000000000006,0.0,False,3.041994804007663,0.0,6.421597405211079,0.0,False
1144,5.724231416582668,5.724231416582668,5.724231416582668,0.0,3.2078894574813455,0.0,False,5.724231416582668,0.0,7.880486862692424,0.0,False
1145,0.9589115192254307,0.9589115192254307,0.9589115192254307,0.0,5.953134404919764,0.0,False,0.9589115192254307,0.0,10.625731810130842,0.0,False
1146,2.857936520565624,2.857936520565624,2.857936520565624,0.0,6.413012214116665,0.0,False,2.857936520565624,0.0,11.085609619327744,0.0,False
1147,2.54856819210242,2.54856819210242,2.54856819210242,0.0,7.783630419812194,0.0,False,2.54856819210242,0.0,12.456227825023273,0.0,False
1148,4.300655261660134,4.300655261660134,4.300655261660134,0.0,9.005880787311884,0.0,False,4.300655261660134,0.0,13.678478192522963,0.0,False
1149,-10.194673284831184,-10.194673284831184,0.0,8.745000000000001,11.068402594788923,-1.4496732848311833,False,0.0,8.745000000000001,15.741000000000001,-1.4496732848311833,False
1150,-11.665151836590073,-11.665151836590073,0.0,8.745000000000001,6.509756217466125,-2.9201518365900725,False,0.0,8.745000000000001,11.182353622677205,-2.9201518365900725,False
1151,5.5045621512267315,5.5045621512267315,5.5045621512267315,0.0,1.951109840143328,0.0,False,5.5045621512267315,0.0,6.6237072453544075,0.0,False
1152,,0.0,0.0,0.0,4.591005108832052,,False,0.0,0.0,9.263602514043132,0.0,False
1153,,0.0,0.0,0.0,4.591005108832052,,False,0.0,0.0,9.263602514043132,0.0,False
1154,,0.0,0.0,0.0,4.591005108832052,,False,0.0,0.0,9.263602514043132,0.0,False
1155,,0.0,0.0,0.0,4.591005108832052,,False,0.0,0.0,9.263602514043132,0.0,False
1156,,0.0,0.0,0.0,4.591005108832052,,False,0.0,0.0,9.263602514043132,0.0,False
1157,,0.0,0.0,0.0,4.591005108832052,,False,0.0,0.0,9.263602514043132,0.0,False
1158,,0.0,0.0,0.0,4.591005108832052,,False,0.0,0.0,9.263602514043132,0.0,False
1159,,0.0,0.0,0.0,4.591005108832052,,False,0.0,0.0,9.263602514043132,0.0,False
1160,,0.0,0.0,0.0,4.591005108832052,,False,0.0,0.0,9.263602514043132,0.0,False
1161,,0.0,0.0,0.0,4.591005108832052,,False,0.0,0.0,9.263602514043132,0.0,False
1162,,0.0,0.0,0.0,4.591005108832052,,False,0.0,0.0,9.263602514043132,0.0,False
1163,,0.0,0.0,0.0,4.591005108832052,,False,0.0,0.0,9.263602514043132,0.0,False
1164,,0.0,0.0,0.0,4.591005108832052,,False,0.0,0.0,9.263602514043132,0.0,False
1165,,0.0,0.0,0.0,4.591005108832052,,False,0.0,0.0,9.263602514043132,0.0,False
1166,,0.0,0.0,0.0,4.591005108832052,,False,0.0,0.0,9.263602514043132,0.0,False
1167,,0.0,0.0,0.0,4.591005108832052,,False,0.0,0.0,9.263602514043132,0.0,False
1168,,0.0,0.0,0.0,4.591005108832052,,False,0.0,0.0,9.263602514043132,0.0,False
1169,,0.0,0.0,0.0,4.591005108832052,,False,0.0,0.0,9.263602514043132,0.0,False
1170,,0.0,0.0,0.0,4.591005108832052,,False,0.0,0.0,9.263602514043132,0.0,False
1171,,0.0,0.0,0.0,4.591005108832052,,False,0.0,0.0,9.263602514043132,0.0,False
1172,,0.0,0.0,0.0,4.591005108832052,,False,0.0,0.0,9.263602514043132,0.0,False
1173,,0.0,0.0,0.0,4.591005108832052,,False,0.0,0.0,9.263602514043132,0.0,False
1174,,0.0,0.0,0.0,4.591005108832052,,False,0.0,0.0,9.263602514043132,0.0,False
1175,,0.0,0.0,0.0,4.591005108832052,,False,0.0,0.0,9.263602514043132,0.0,False
1176,,0.0,0.0,0.0,4.591005108832052,,False,0.0,0.0,9.263602514043132,0.0,False
1177,,0.0,0.0,0.0,4.591005108832052,,False,0.0,0.0,9.263602514043132,0.0,False
1178,-2.277249634642653,-2.277249634642653,0.0,2.277249634642653,4.591005108832052,0.0,False,0.0,0.0,9.263602514043132,-2.277249634642653,False
1179,-2.2844331039164927,-2.2844331039164927,0.0,2.2844331039164927,3.403906675759051,0.0,False,0.0,2.0045354674695126,9.263602514043132,-0.27989763644698007,False
1180,,0.0,0.0,0.0,2.213063600469721,,False,0.0,0.0,8.218666167903057,0.0,False
1181,,0.0,0.0,0.0,2.213063600469721,,False,0.0,0.0,8.218666167903057,0.0,False
1182,,0.0,0.0,0.0,2.213063600469721,,False,0.0,0.0,8.218666167903057,0.0,False
1183,,0.0,0.0,0.0,2.213063600469721,,False,0.0,0.0,8.218666167903057,0.0,False
1184,,0.0,0.0,0.0,2.213063600469721,,False,0.0,0.0,8.218666167903057,0.0,False
1185,,0.0,0.0,0.0,2.213063600469721,,False,0.0,0.0,8.218666167903057,0.0,False
1186,,0.0,0.0,0.0,2.213063600469721,,False,0.0,0.0,8.218666167903057,0.0,False
1187,,0.0,0.0,0.0,2.213063600469721,,False,0.0,0.0,8.218666167903057,0.0,False
1188,,0.0,0.0,0.0,2.213063600469721,,False,0.0,0.0,8.218666167903057,0.0,False
1189,,0.0,0.0,0.0,2.213063600469721,,False,0.0,0.0,8.218666167903057,0.0,False
1190,,0.0,0.0,0.0,2.213063600469721,,False,0.0,0.0,8.218666167903057,0.0,False
1191,,0.0,0.0,0.0,2.213063600469721,,False,0.0,0.0,8.218666167903057,0.0,False
1192,,0.0,0.0,0.0,2.213063600469721,,False,0.0,0.0,8.218666167903057,0.0,False
1193,,0.0,0.0,0.0,2.213063600469721,,False,0.0,0.0,8.218666167903057,0.0,False
1194,,0.0,0.0,0.0,2.213063600469721,,False,0.0,0.0,8.218666167903057,0.0,False
1195,,0.0,0.0,0.0,2.213063600469721,,False,0.0,0.0,8.218666167903057,0.0,False
1196,,0.0,0.0,0.0,2.213063600469721,,False,0.0,0.0,8.218666167903057,0.0,False
1197,,0.0,0.0,0.0,2.213063600469721,,False,0.0,0.0,8.218666167903057,0.0,False
1198,,0.0,0.0,0.0,2.213063600469721,,False,0.0,0.0,8.218666167903057,0.0,False
1199,,0.0,0.0,0.0,2.213063600469721,,False,0.0,0.0,8.218666167903057,0.0,False
1200,,0.0,0.0,0.0,2.213063600469721,,False,0.0,0.0,8.218666167903057,0.0,False
1201,,0.0,0.0,0.0,2.213063600469721,,False,0.0,0.0,8.218666167903057,0.0,False
1202,,0.0,0.0,0.0,2.213063600469721,,False,0.0,0.0,8.218666167903057,0.0,False
1203,,0.0,0.0,0.0,2.213063600469721,,False,0.0,0.0,8.218666167903057,0.0,False
1204,,0.0,0.0,0.0,2.213063600469721,,False,0.0,0.0,8.218666167903057,0.0,False
1205,,0.0,0.0,0.0,2.213063600469721,,False,0.0,0.0,8.218666167903057,0.0,False
1206,0.27052872945716677,0.27052872945716677,0.27052872945716677,0.0,2.213063600469721,0.0,False,0.27052872945716677,0.0,8.218666167903057,0.0,False
1207,-11.63410044555332,-11.63410044555332,0.0,1.139114768682468,2.342804621338963,-10.494985676870852,False,0.0,8.745000000000001,8.348407188772299,-2.8891004455533196,False
1208,-3.337872724986144,-3.337872724986144,0.0,0.0,1.7490000000000003,-3.337872724986144,False,0.0,3.337872724986144,3.7897608114495007,0.0,False
1209,5.896700433807138,5.896700433807138,5.896700433807138,0.0,1.7490000000000003,0.0,False,5.896700433807138,0.0,2.0497743728305573,0.0,False
1210,-4.795377867750251,-4.795377867750251,0.0,4.795377867750251,4.576958182398406,0.0,False,0.0,0.0,4.877732555228963,-4.795377867750251,False
1211,-1.09793968892817,-1.09793968892817,0.0,0.6295865313523146,2.0771946667078853,-0.4683531575758555,False,0.0,0.0,4.877732555228963,-1.09793968892817,False
1212,5.318016818215335,5.318016818215335,5.318016818215335,0.0,1.7490000000000003,0.0,False,5.318016818215335,0.0,4.877732555228963,0.0,False
1213,-5.398395566867548,-5.398395566867548,0.0,4.892575472758107,4.299431269830431,-0.5058200941094411,False,0.0,0.0,7.428163825059394,-5.398395566867548,False
1214,-15.502867831329587,-15.502867831329587,0.0,4.2595540635239357e-16,1.7490000000000006,-15.502867831329587,False,0.0,0.0,7.428163825059394,-15.502867831329587,False
1215,-10.369047465976818,-10.369047465976818,0.0,0.0,1.7490000000000003,-10.369047465976818,False,0.0,0.0,7.428163825059394,-10.369047465976818,False
1216,10.284805220490073,10.284805220490073,8.745000000000001,0.0,1.7490000000000003,1.5398052204900718,False,8.745000000000001,0.0,7.428163825059394,1.5398052204900718,False
1217,8.588461641701954,8.588461641701954,8.588461641701954,0.0,5.942954667136974,0.0,False,8.588461641701954,0.0,11.622118492196368,0.0,False
1218,-15.767455275704416,-15.767455275704416,0.0,8.745000000000001,10.06183617494061,-7.022455275704415,False,0.0,0.0,15.741000000000001,-15.767455275704416,False
1219,-24.69505571892911,-24.69505571892911,0.0,7.201784710365799,5.503189797617812,-17.49327100856331,True,0.0,7.205055718929106,15.741000000000001,-17.490000000000002,False
1220,-10.113296744834198,-10.113296744834198,0.0,4.2595540635239357e-16,1.7490000000000006,-10.113296744834198,False,0.0,0.0,11.985105071297307,-10.113296744834198,False
1221,0.3632963779859663,0.3632963779859663,0.3632963779859663,0.0,1.7490000000000003,0.0,False,0.3632963779859663,0.0,11.985105071297307,0.0,False
1222,3.2648061993944197,3.2648061993944197,3.2648061993944197,0.0,1.9232308221850434,0.0,False,3.2648061993944197,0.0,12.15933589348235,0.0,False
1223,-6.10500307810034,-6.10500307810034,0.0,3.3378543711899558,3.4889768710412987,-2.7671487069103846,False,0.0,0.0,13.725081942338605,-6.10500307810034,False
1224,-11.942330800175242,-11.942330800175242,0.0,0.0,1.7490000000000003,-11.942330800175242,False,0.0,0.0,13.725081942338605,-11.942330800175242,False
1225,-6.71433695616439,-6.71433695616439,0.0,0.0,1.7490000000000003,-6.71433695616439,False,0.0,0.0,13.725081942338605,-6.71433695616439,False
1226,-4.299837080068157,-4.299837080068157,0.0,0.0,1.7490000000000003,-4.299837080068157,False,0.0,0.05200421569593207,13.725081942338605,-4.247832864372224,False
1227,-4.653609833418215,-4.653609833418215,0.0,0.0,1.7490000000000003,-4.653609833418215,False,0.0,4.653609833418215,13.697972870927767,0.0,False
1228,-3.1881543279273927,-3.1881543279273927,0.0,0.0,1.7490000000000003,-3.1881543279273927,False,0.0,3.1881543279273927,11.272111051764167,0.0,False
1229,-3.091143910827803,-3.091143910827803,0.0,0.0,1.7490000000000003,-3.091143910827803,False,0.0,3.091143910827803,9.610170722735898,0.0,False
1230,-0.5247382511669754,-0.5247382511669754,0.0,0.0,1.7490000000000003,-0.5247382511669754,False,0.0,0.5247382511669754,7.998800569405014,0.0,False
1231,3.0916565666003906,3.0916565666003906,3.0916565666003906,0.0,1.7490000000000003,0.0,False,3.0916565666003906,0.0,7.7252618469664736,0.0,False
1232,3.737389342071296,3.737389342071296,3.737389342071296,0.0,3.2317064021358926,0.0,False,3.737389342071296,0.0,9.207968249102366,0.0,False
1233,-0.19292736105539143,-0.19292736105539143,0.0,0.19292736105539143,5.024095364295743,0.0,False,0.0,0.0,11.000357211262218,-0.19292736105539143,False
1234,1.1125358015730484,1.1125358015730484,1.1125358015730484,0.0,4.923525025180636,0.0,False,1.1125358015730484,0.0,11.000357211262218,0.0,False
1235,1.2615711101794098,1.2615711101794098,1.2615711101794098,0.0,5.457078451980437,0.0,False,1.2615711101794098,0.0,11.533910638062018,0.0,False
1236,-7.2837356741462855,-7.2837356741462855,0.0,7.2837356741462855,6.062106701890341,0.0,False,0.0,7.2837356741462855,12.138938887971921,0.0,False
1237,-6.097061047339481,-6.097061047339481,0.0,0.9902375595885368,2.265197011287279,-5.106823487750944,False,0.0,6.097061047339481,8.342029197368857,0.0,False
1238,-4.208925108071234,-4.208925108071234,0.0,0.0,1.7490000000000003,-4.208925108071234,False,0.0,4.208925108071234,5.163716417978341,0.0,False
1239,-2.341636748134374,-2.341636748134374,0.0,0.0,1.7490000000000003,-2.341636748134374,False,0.0,2.341636748134374,2.9696625361793827,0.0,False
1240,1.7311068300928285,1.7311068300928285,1.7311068300928285,0.0,1.7490000000000003,0.0,False,1.7311068300928285,0.0,1.7490000000000003,0.0,False
1241,-4.128618155048287,-4.128618155048287,0.0,1.592618283685402,2.5792096705981145,-2.5359998713628853,False,0.0,0.0,2.5792096705981145,-4.128618155048287,False
1242,-11.76128391050852,-11.76128391050852,0.0,0.0,1.7490000000000003,-11.76128391050852,False,0.0,0.0,2.5792096705981145,-11.76128391050852,False
1243,-8.710564931881054,-8.710564931881054,0.0,0.0,1.7490000000000003,-8.710564931881054,False,0.0,0.0,2.5792096705981145,-8.710564931881054,False
1244,13.68433088989203,13.68433088989203,8.745000000000001,0.0,1.7490000000000003,4.9393308898920285,False,8.745000000000001,0.0,2.5792096705981145,4.9393308898920285,False
1245,34.82050591420242,34.82050591420242,8.745000000000001,0.0,5.942954667136974,26.07550591420242,True,8.745000000000001,0.0,6.773164337735088,26.07550591420242,True
1246,-22.75648633210964,-22.75648633210964,0.0,8.745000000000001,10.136909334273948,-14.011486332109637,False,0.0,5.266486332109636,10.967119004872062,-17.490000000000002,False
1247,-47.15190964714955,-47.15190964714955,0.0,7.345800000000001,5.578262956951151,-39.80610964714955,True,0.0,8.745000000000001,8.221773225673477,-38.40690964714955,True
1248,2.697263498995503,2.697263498995503,2.697263498995503,0.0,1.7490000000000006,0.0,False,2.697263498995503,0.0,3.6631268483506796,0.0,False
1249,-4.979693155059363,-4.979693155059363,0.0,2.4814824190758626,3.0425621315163403,-2.4982107359835,False,0.0,0.0,4.956688979867019,-4.979693155059363,False
1250,-14.750980074495214,-14.750980074495214,0.0,0.0,1.7490000000000003,-14.750980074495214,False,0.0,0.0,4.956688979867019,-14.750980074495214,False
1251,-1.3235470037534347,-1.3235470037534347,0.0,0.0,1.7490000000000003,-1.3235470037534347,False,0.0,0.0,4.956688979867019,-1.3235470037534347,False
1252,-1.8198440416454733,-1.8198440416454733,0.0,0.0,1.7490000000000003,-1.8198440416454733,False,0.0,0.0,4.956688979867019,-1.8198440416454733,False
1253,-7.987961127079518,-7.987961127079518,0.0,0.0,1.7490000000000003,-7.987961127079518,False,0.0,0.0,4.956688979867019,-7.987961127079518,False
1254,-4.694578859306755,-4.694578859306755,0.0,0.0,1.7490000000000003,-4.694578859306755,False,0.0,0.0,4.956688979867019,-4.694578859306755,False
1255,-1.5514973396445104,-1.5514973396445104,0.0,0.0,1.7490000000000003,-1.5514973396445104,False,0.0,0.0,4.956688979867019,-1.5514973396445104,False
1256,0.05477324411094321,0.05477324411094321,0.05477324411094321,0.0,1.7490000000000003,0.0,False,0.05477324411094321,0.0,4.956688979867019,0.0,False
1257,0.26094563075613547,0.26094563075613547,0.26094563075613547,0.0,1.7752683250741368,0.0,False,0.26094563075613547,0.0,4.982957304941156,0.0,False
1258,0.41555764956246527,0.41555764956246527,0.41555764956246527,0.0,1.9004134532592363,0.0,False,0.41555764956246527,0.0,5.1081024331262554,0.0,False
1259,-3.5578914365473975,-3.5578914365473975,0.0,0.6727744024751808,2.0997079008117776,-2.8851170340722168,False,0.0,0.0,5.307396880678796,-3.5578914365473975,False
1260,-9.68808664776446,-9.68808664776446,0.0,0.0,1.7490000000000003,-9.68808664776446,False,0.0,0.0,5.307396880678796,-9.68808664776446,False
1261,-4.963531812870867,-4.963531812870867,0.0,0.0,1.7490000000000003,-4.963531812870867,False,0.0,0.0,5.307396880678796,-4.963531812870867,False
1262,-0.23665602379220838,-0.23665602379220838,0.0,0.0,1.7490000000000003,-0.23665602379220838,False,0.0,0.0,5.307396880678796,-0.23665602379220838,False
1263,-4.484560984199674,-4.484560984199674,0.0,0.0,1.7490000000000003,-4.484560984199674,False,0.0,0.0,5.307396880678796,-4.484560984199674,False
1264,-5.534322049078654,-5.534322049078654,0.0,0.0,1.7490000000000003,-5.534322049078654,False,0.0,0.0,5.307396880678796,-5.534322049078654,False
1265,-2.02444306948798,-2.02444306948798,0.0,0.0,1.7490000000000003,-2.02444306948798,False,0.0,0.0,5.307396880678796,-2.02444306948798,False
1266,-1.3456838673078977,-1.3456838673078977,0.0,0.0,1.7490000000000003,-1.3456838673078977,False,0.0,0.0,5.307396880678796,-1.3456838673078977,False
1267,-1.695713214037621,-1.695713214037621,0.0,0.0,1.7490000000000003,-1.695713214037621,False,0.0,0.0,5.307396880678796,-1.695713214037621,False
1268,-2.1169104190241397,-2.1169104190241397,0.0,0.0,1.7490000000000003,-2.1169104190241397,False,0.0,0.0,5.307396880678796,-2.1169104190241397,False
1269,-2.871249260539846,-2.871249260539846,0.0,0.0,1.7490000000000003,-2.871249260539846,False,0.0,0.0,5.307396880678796,-2.871249260539846,False
1270,-2.3318212913180387,-2.3318212913180387,0.0,0.0,1.7490000000000003,-2.3318212913180387,False,0.0,0.0,5.307396880678796,-2.3318212913180387,False
1271,-3.01506991267393,-3.01506991267393,0.0,0.0,1.7490000000000003,-3.01506991267393,False,0.0,0.0,5.307396880678796,-3.01506991267393,False
1272,-2.832911439525249,-2.832911439525249,0.0,0.0,1.7490000000000003,-2.832911439525249,False,0.0,0.0,5.307396880678796,-2.832911439525249,False
1273,-2.5196428585381927,-2.5196428585381927,0.0,0.0,1.7490000000000003,-2.5196428585381927,False,0.0,0.0,5.307396880678796,-2.5196428585381927,False
1274,-2.6315072349831943,-2.6315072349831943,0.0,0.0,1.7490000000000003,-2.6315072349831943,False,0.0,0.0,5.307396880678796,-2.6315072349831943,False
1275,-2.6565957480304454,-2.6565957480304454,0.0,0.0,1.7490000000000003,-2.6565957480304454,False,0.0,0.11768950121406746,5.307396880678796,-2.538906246816378,False
1276,-2.974783286314556,-2.974783286314556,0.0,0.0,1.7490000000000003,-2.974783286314556,False,0.0,2.974783286314556,5.246046987212995,0.0,False
1277,-2.8290091170835563,-2.8290091170835563,0.0,0.0,1.7490000000000003,-2.8290091170835563,False,0.0,2.8290091170835563,3.6953340024813475,0.0,False
1278,-0.9047068685146277,-0.9047068685146277,0.0,0.0,1.7490000000000003,-0.9047068685146277,False,0.0,0.9047068685146277,2.220611056454347,0.0,False
1279,11.733084318821493,11.733084318821493,8.745000000000001,0.0,1.7490000000000003,2.9880843188214925,False,0.0,0.0,1.7490000000000003,11.733084318821493,False
1280,17.298234285640028,17.298234285640028,8.745000000000001,0.0,5.942954667136974,8.553234285640027,False,0.0,0.0,1.7490000000000003,17.298234285640028,False
1281,7.35481072365352,7.35481072365352,7.35481072365352,0.0,10.136909334273948,0.0,False,6.10144165452561,0.0,1.7490000000000003,1.2533690691279098,False
1282,50.108238710843125,50.108238710843125,4.33052609121238,0.0,13.664152645923547,45.77771261963075,True,8.745000000000001,0.0,4.675148622442724,41.36323871084312,True
1283,49.24738025772636,49.24738025772636,0.0,0.0,15.741000000000001,49.24738025772636,True,8.745000000000001,0.0,8.869103289579698,40.50238025772636,True
1284,-2.3600911106737623,-2.3600911106737623,0.0,2.3600911106737623,15.741000000000001,0.0,False,0.0,2.3600911106737623,13.063057956716671,0.0,False
1285,-6.253909137084224,-6.253909137084224,0.0,6.253909137084224,14.510717462341375,0.0,False,0.0,6.253909137084224,11.832775419058045,0.0,False
1286,-5.346833012803678,-5.346833012803678,0.0,5.346833012803678,11.250641964128118,0.0,False,0.0,5.346833012803678,8.572699920844787,0.0,False
1287,-2.930223613217413,-2.930223613217413,0.0,2.930223613217413,8.46341258231366,0.0,False,0.0,2.930223613217413,5.78547053903033,0.0,False
1288,-0.6492056376209605,-0.6492056376209605,0.0,0.6492056376209605,6.9359279328980765,0.0,False,0.0,0.6492056376209605,4.257985889614746,0.0,False
1289,16.86545792791282,16.86545792791282,8.745000000000001,0.0,6.597506100070366,8.12045792791282,False,8.745000000000001,0.0,3.919564056787036,8.12045792791282,False
1290,29.234087126217922,29.234087126217922,8.745000000000001,0.0,10.79146076720734,20.48908712621792,True,8.745000000000001,0.0,8.11351872392401,20.48908712621792,True
1291,0.09207067999617814,0.09207067999617814,0.09207067999617814,0.0,14.985415434344315,0.0,False,0.09207067999617814,0.0,12.307473391060983,0.0,False
1292,-1.850400733687366,-1.850400733687366,0.0,1.850400733687366,15.029570981294166,0.0,False,0.0,1.850400733687366,12.351628938010833,0.0,False
1293,5.502680248739655,5.502680248739655,3.494737195098823,0.0,14.06498291940516,2.0079430536408323,False,0.0,0.0,11.387040876121826,5.502680248739655,False
1294,-7.7384582329960105,-7.7384582329960105,0.0,7.7384582329960105,15.741000000000001,0.0,False,0.0,7.7384582329960105,11.387040876121826,0.0,False
1295,25.571309358676157,25.571309358676157,8.41136764456088,0.0,11.707049789604229,17.159941714115277,False,8.745000000000001,0.0,7.353090665726055,16.826309358676156,False
1296,37.982625037511745,37.982625037511745,0.0,0.0,15.741000000000001,37.982625037511745,True,8.745000000000001,0.0,11.547045332863028,29.237625037511744,True
1297,-4.430906175199868,-4.430906175199868,0.0,4.430906175199868,15.741000000000001,0.0,False,0.0,1.8801383601292316,15.741000000000001,-2.5507678150706363,False
1298,-24.143462194577562,-24.143462194577562,0.0,8.745000000000001,13.431230487840814,-15.398462194577561,False,0.0,6.6534621945775605,14.760910128728561,-17.490000000000002,False
1299,0.07866999518578784,0.07866999518578784,0.07866999518578784,0.0,8.872584110518016,0.0,False,0.07866999518578784,0.0,11.292553201345465,0.0,False
1300,25.6291944754638,25.6291944754638,8.745000000000001,0.0,8.910312914803102,16.8841944754638,False,8.745000000000001,0.0,11.33028200563055,16.8841944754638,False
1301,0.45198278166941597,0.45198278166941597,0.45198278166941597,0.0,13.104267581940075,0.0,False,0.45198278166941597,0.0,15.524236672767525,0.0,False
1302,-59.67185351225457,-59.67185351225457,0.0,8.745000000000001,13.321030909172551,-50.92685351225457,True,0.0,8.745000000000001,15.741000000000001,-50.92685351225457,True
1303,-43.20745413718029,-43.20745413718029,0.0,8.745000000000001,8.762384531849754,-34.46245413718029,True,0.0,8.745000000000001,11.182353622677205,-34.46245413718029,True
1304,-1.945785328530603,-1.945785328530603,0.0,1.945785328530603,4.203738154526957,0.0,False,0.0,0.0,6.6237072453544075,-1.945785328530603,False
1305,-5.79673861836829,-5.79673861836829,0.0,2.7632189206529447,3.1894274353784287,-3.0335196977153456,False,0.0,0.2630945934466423,6.6237072453544075,-5.533644024921648,False
1306,-7.117730537230118,-7.117730537230118,0.0,0.0,1.7490000000000003,-7.117730537230118,False,0.0,7.117730537230118,6.48655970786913,0.0,False
1307,-1.656976050167102,-1.656976050167102,0.0,0.0,1.7490000000000003,-1.656976050167102,False,0.0,1.656976050167102,2.776186176902415,0.0,False
1308,-0.31350868883276806,-0.31350868883276806,0.0,0.0,1.7490000000000003,-0.31350868883276806,False,0.0,0.31350868883276806,1.9124277013844164,0.0,False
1309,4.382406085127509,4.382406085127509,4.382406085127509,0.0,1.7490000000000003,0.0,False,4.382406085127509,0.0,1.7490000000000003,0.0,False
1310,9.571534445228234,9.571534445228234,8.745000000000001,0.0,3.8507281251011998,0.8265344452282335,False,8.745000000000001,0.0,3.8507281251011998,0.8265344452282335,False
1311,5.414417972707797,5.414417972707797,5.414417972707797,0.0,8.044682792238174,0.0,False,5.414417972707797,0.0,8.044682792238174,0.0,False
1312,5.14462119138338,5.14462119138338,5.14462119138338,0.0,10.641346431628474,0.0,False,5.14462119138338,0.0,10.641346431628474,0.0,False
1313,4.765988007719748,4.765988007719748,4.765988007719748,0.0,13.10862008014238,0.0,False,4.765988007719748,0.0,13.10862008014238,0.0,False
1314,-7.334459592297002,-7.334459592297002,0.0,7.334459592297002,15.394307632857656,0.0,False,0.0,7.334459592297002,15.394307632857656,0.0,False
1315,-17.59022999569791,-17.59022999569791,0.0,8.745000000000001,11.570956272074904,-8.84522999569791,False,0.0,0.10022999569790869,11.570956272074904,-17.490000000000002,False
1316,-15.324954589140647,-15.324954589140647,0.0,8.745000000000001,7.012309894752106,-6.579954589140646,False,0.0,8.745000000000001,11.518707775015173,-6.579954589140646,False
1317,0.6588853674673577,0.6588853674673577,0.6588853674673577,0.0,2.453663517429309,0.0,False,0.6588853674673577,0.0,6.9600613976923755,0.0,False
1318,-0.21376033640372355,-0.21376033640372355,0.0,0.21376033640372355,2.7696538389842527,0.0,False,0.0,0.0,7.276051719247319,-0.21376033640372355,False
1319,-13.333436529132694,-13.333436529132694,0.0,1.744193205752605,2.6582235607495885,-11.589243323380089,False,0.0,0.0,7.276051719247319,-13.333436529132694,False
1320,-13.657339318695541,-13.657339318695541,0.0,0.0,1.7490000000000003,-13.657339318695541,False,0.0,3.993274058125402,7.276051719247319,-9.66406526057014,False
1321,-6.609449488333021,-6.609449488333021,0.0,0.0,1.7490000000000003,-6.609449488333021,False,0.0,6.609449488333021,5.194413718248981,0.0,False
1322,5.981062571873333,5.981062571873333,5.981062571873333,0.0,1.7490000000000003,0.0,False,5.981062571873333,0.0,1.7490000000000003,0.0,False
1323,4.5040550777499,4.5040550777499,4.5040550777499,0.0,4.6174168425095985,0.0,False,4.5040550777499,0.0,4.6174168425095985,0.0,False
1324,-7.625915217328854,-7.625915217328854,0.0,7.625915217328854,6.777485774970568,0.0,False,0.0,7.625915217328854,6.777485774970568,0.0,False
1325,-1.2272592706143994,-1.2272592706143994,0.0,1.2272592706143994,2.8022026669949285,0.0,False,0.0,1.2272592706143994,2.8022026669949285,0.0,False
1326,5.9376288396350265,5.9376288396350265,5.9376288396350265,0.0,2.1624495477242425,0.0,False,5.9376288396350265,0.0,2.1624495477242425,0.0,False
1327,-3.586877282196382,-3.586877282196382,0.0,3.586877282196382,5.010036304009481,0.0,False,0.0,0.0,5.010036304009481,-3.586877282196382,False
1328,-9.505658238790543,-9.505658238790543,0.0,2.668874999977965,3.1402472670299524,-6.836783238812578,False,0.0,0.0,5.010036304009481,-9.505658238790543,False
1329,-2.95315623906364,-2.95315623906364,0.0,0.0,1.7490000000000003,-2.95315623906364,False,0.0,0.0,5.010036304009481,-2.95315623906364,False
1330,-2.673580910522458,-2.673580910522458,0.0,0.0,1.7490000000000003,-2.673580910522458,False,0.0,0.0,5.010036304009481,-2.673580910522458,False
1331,-6.8162665490086365,-6.8162665490086365,0.0,0.0,1.7490000000000003,-6.8162665490086365,False,0.0,0.0,5.010036304009481,-6.8162665490086365,False
1332,-5.50662594763449,-5.50662594763449,0.0,0.0,1.7490000000000003,-5.50662594763449,False,0.0,0.0,5.010036304009481,-5.50662594763449,False
1333,-2.7779206852647658,-2.7779206852647658,0.0,0.0,1.7490000000000003,-2.7779206852647658,False,0.0,0.0,5.010036304009481,-2.7779206852647658,False
1334,-3.1863258810903408,-3.1863258810903408,0.0,0.0,1.7490000000000003,-3.1863258810903408,False,0.0,0.0,5.010036304009481,-3.1863258810903408,False
1335,-3.6656653335326195,-3.6656653335326195,0.0,0.0,1.7490000000000003,-3.6656653335326195,False,0.0,0.0,5.010036304009481,-3.6656653335326195,False
1336,-6.410838554399259,-6.410838554399259,0.0,0.0,1.7490000000000003,-6.410838554399259,False,0.0,0.0,5.010036304009481,-6.410838554399259,False
1337,-8.588608556022505,-8.588608556022505,0.0,0.0,1.7490000000000003,-8.588608556022505,False,0.0,0.0,5.010036304009481,-8.588608556022505,False
1338,-6.816843362614805,-6.816843362614805,0.0,0.0,1.7490000000000003,-6.816843362614805,False,0.0,0.0,5.010036304009481,-6.816843362614805,False
1339,-4.50457146409684,-4.50457146409684,0.0,0.0,1.7490000000000003,-4.50457146409684,False,0.0,0.0,5.010036304009481,-4.50457146409684,False
1340,-7.7040033268664585,-7.7040033268664585,0.0,0.0,1.7490000000000003,-7.7040033268664585,False,0.0,0.0,5.010036304009481,-7.7040033268664585,False
1341,-10.129935095959276,-10.129935095959276,0.0,0.0,1.7490000000000003,-10.129935095959276,False,0.0,0.0,5.010036304009481,-10.129935095959276,False
1342,-6.307288913731051,-6.307288913731051,0.0,0.0,1.7490000000000003,-6.307288913731051,False,0.0,0.0,5.010036304009481,-6.307288913731051,False
1343,-3.627906136318498,-3.627906136318498,0.0,0.0,1.7490000000000003,-3.627906136318498,False,0.0,3.5610653805245325,5.010036304009481,-0.06684075579396564,False
1344,-2.694686901649815,-2.694686901649815,0.0,0.0,1.7490000000000003,-2.694686901649815,False,0.0,2.694686901649815,3.153702650911964,0.0,False
1345,0.8026595693159382,0.8026595693159382,0.8026595693159382,0.0,1.7490000000000003,0.0,False,0.0,0.0,1.7490000000000003,0.8026595693159382,False
1346,18.923220791894853,18.923220791894853,8.745000000000001,0.0,2.133942006501399,10.178220791894852,False,8.745000000000001,0.0,1.7490000000000003,10.178220791894852,False
1347,40.470164321264704,40.470164321264704,8.745000000000001,0.0,6.327896673638373,31.725164321264703,True,8.745000000000001,0.0,5.942954667136974,31.725164321264703,True
1348,31.469583524693213,31.469583524693213,8.745000000000001,0.0,10.521851340775346,22.724583524693212,True,8.745000000000001,0.0,10.136909334273948,22.724583524693212,True
1349,18.55022763150743,18.55022763150743,2.1376772455499617,0.0,14.71580600791232,16.412550385957466,False,2.940336814865897,0.0,14.330864001410923,15.609890816641531,False
1350,15.87664322302495,15.87664322302495,0.0,0.0,15.741000000000001,15.87664322302495,False,0.0,0.0,15.741000000000001,15.87664322302495,False
1351,7.692022813821412,7.692022813821412,0.0,0.0,15.741000000000001,7.692022813821412,False,0.0,0.0,15.741000000000001,7.692022813821412,False
1352,-8.481020050917985,-8.481020050917985,0.0,8.481020050917985,15.741000000000001,0.0,False,0.0,0.0,15.741000000000001,-8.481020050917985,False
1353,-19.751006470332264,-19.751006470332264,0.0,8.745000000000001,11.319962683691337,-11.006006470332263,False,0.0,2.261006470332262,15.741000000000001,-17.490000000000002,False
1354,-12.816898895420557,-12.816898895420557,0.0,8.745000000000001,6.761316306368539,-4.071898895420556,False,0.0,4.899669487787232,14.562368901648535,-7.917229407633325,False
1355,-10.185774474557729,-10.185774474557729,0.0,0.8702898187586449,2.202669929045742,-9.315484655799084,False,0.0,8.745000000000001,12.008239620850329,-1.4407744745577276,False
1356,-6.106201654098844,-6.106201654098844,0.0,0.0,1.7490000000000003,-6.106201654098844,False,0.0,6.106201654098844,7.4495932435275325,0.0,False
1357,-2.0323121441713368,-2.0323121441713368,0.0,0.0,1.7490000000000003,-2.0323121441713368,False,0.0,2.0323121441713368,4.26651559348063,0.0,False
1358,-2.7971201132869554,-2.7971201132869554,0.0,0.0,1.7490000000000003,-2.7971201132869554,False,0.0,2.7971201132869554,3.207099653673221,0.0,False
1359,0.5645541308126806,0.5645541308126806,0.5645541308126806,0.0,1.7490000000000003,0.0,False,0.0,0.0,1.7490000000000003,0.5645541308126806,False
1360,8.694950038382345,8.694950038382345,8.694950038382345,0.0,2.019750649716787,0.0,False,0.0,0.0,1.7490000000000003,8.694950038382345,False
1361,7.384051920383469,7.384051920383469,7.384051920383469,0.0,6.189702198487106,0.0,False,0.0,0.0,1.7490000000000003,7.384051920383469,False
1362,10.083934866734811,10.083934866734811,8.745000000000001,0.0,9.730969095442394,1.3389348667348102,False,0.0,0.0,1.7490000000000003,10.083934866734811,False
1363,17.781865735018446,17.781865735018446,3.7867807252874033,0.0,13.924923762579368,13.995085009731042,False,8.745000000000001,0.0,1.7490000000000003,9.036865735018445,False
1364,8.259001030923207,8.259001030923207,0.0,0.0,15.741000000000001,8.259001030923207,False,8.259001030923207,0.0,5.942954667136974,0.0,False
1365,2.16827172845253,2.16827172845253,0.0,0.0,15.741000000000001,2.16827172845253,False,2.16827172845253,0.0,9.903832416654351,0.0,False
1366,12.384261581603871,12.384261581603871,0.0,0.0,15.741000000000001,12.384261581603871,False,5.831974107207185,0.0,10.943699007296392,6.552287474396686,False
1367,4.171089948282977,4.171089948282977,0.0,0.0,15.741000000000001,4.171089948282977,False,4.171089948282977,0.0,13.740615533945169,0.0,False
1368,-6.564695888332757,-6.564695888332757,0.0,6.564695888332757,15.741000000000001,0.0,False,0.0,5.416252964099508,15.741000000000001,-1.1484429242332492,False
1369,-8.2141589325346,-8.2141589325346,0.0,8.2141589325346,12.31891570845352,0.0,False,0.0,8.2141589325346,12.917582967014743,0.0,False
1370,-1.239869416461816,-1.239869416461816,0.0,1.239869416461816,8.036989366480674,0.0,False,0.0,1.239869416461816,8.635656625041896,0.0,False
1371,20.305045733345406,20.305045733345406,8.745000000000001,0.0,7.390662754278616,11.560045733345405,False,8.745000000000001,0.0,7.989330012839839,11.560045733345405,False
1372,-3.050828902020884,-3.050828902020884,0.0,3.050828902020884,11.58461742141559,0.0,False,0.0,3.050828902020884,12.183284679976813,0.0,False
1373,-13.988030774153916,-13.988030774153916,0.0,8.745000000000001,9.994262919182408,-5.243030774153915,False,0.0,8.745000000000001,10.59293017774363,-5.243030774153915,False
1374,0.7044244343885824,0.7044244343885824,0.7044244343885824,0.0,5.43561654185961,0.0,False,0.7044244343885824,0.0,6.034283800420833,0.0,False
1375,-3.457673133190584,-3.457673133190584,0.0,3.457673133190584,5.77344663268286,0.0,False,0.0,3.457673133190584,6.372113891244083,0.0,False
1376,5.44010261859437,5.44010261859437,5.44010261859437,0.0,3.971009914262549,0.0,False,5.44010261859437,0.0,4.569677172823772,0.0,False
1377,7.37894927121428,7.37894927121428,7.37894927121428,0.0,6.579991477093644,0.0,False,7.37894927121428,0.0,7.178658735654866,0.0,False
1378,0.7022417073403738,0.7022417073403738,0.7022417073403738,0.0,10.118811229475131,0.0,False,0.7022417073403738,0.0,10.717478488036353,0.0,False
1379,2.3072141981349463,2.3072141981349463,2.3072141981349463,0.0,10.455594521179922,0.0,False,2.3072141981349463,0.0,11.054261779741143,0.0,False
1380,-4.987580276592918,-4.987580276592918,0.0,4.987580276592918,11.562095579424948,0.0,False,0.0,0.0,12.160762837986168,-4.987580276592918,False
1381,-9.463424744081747,-9.463424744081747,0.0,8.745000000000001,8.96213963208396,-0.7184247440817462,False,0.0,0.0,12.160762837986168,-9.463424744081747,False
1382,-5.252882179300431,-5.252882179300431,0.0,5.092200971841827,4.403493254761163,-0.16068120745860437,False,0.0,0.0,12.160762837986168,-5.252882179300431,False
1383,-1.989833792261621,-1.989833792261621,0.0,4.2595540635239357e-16,1.7490000000000006,-1.9898337922616205,False,0.0,0.0,12.160762837986168,-1.989833792261621,False
1384,-3.5935155358113446,-3.5935155358113446,0.0,0.0,1.7490000000000003,-3.5935155358113446,False,0.0,0.0,12.160762837986168,-3.5935155358113446,False
1385,-3.5740493883381474,-3.5740493883381474,0.0,0.0,1.7490000000000003,-3.5740493883381474,False,0.0,0.0,12.160762837986168,-3.5740493883381474,False
1386,-5.596178970911204,-5.596178970911204,0.0,0.0,1.7490000000000003,-5.596178970911204,False,0.0,0.0,12.160762837986168,-5.596178970911204,False
1387,-1.6832795726289973,-1.6832795726289973,0.0,0.0,1.7490000000000003,-1.6832795726289973,False,0.0,0.0,12.160762837986168,-1.6832795726289973,False
1388,2.6068197202014405,2.6068197202014405,2.6068197202014405,0.0,1.7490000000000003,0.0,False,2.6068197202014405,0.0,12.160762837986168,0.0,False
1389,0.23681801432041807,0.23681801432041807,0.23681801432041807,0.0,2.9991868189735316,0.0,False,0.23681801432041807,0.0,13.4109496569597,0.0,False
1390,2.723955907161864,2.723955907161864,2.723955907161864,0.0,3.11276074881015,0.0,False,2.723955907161864,0.0,13.524523586796318,0.0,False
1391,-6.855096528624633,-6.855096528624633,0.0,5.122186150349025,4.4191241095782265,-1.7329103782756077,False,0.0,6.855096528624633,14.830886947564395,0.0,False
1392,-11.977127019753077,-11.977127019753077,0.0,4.2595540635239357e-16,1.7490000000000006,-11.977127019753077,False,0.0,8.745000000000001,11.257420857637264,-3.232127019753076,False
1393,-6.462933235630133,-6.462933235630133,0.0,0.0,1.7490000000000003,-6.462933235630133,False,0.0,6.462933235630133,6.698774480314466,0.0,False
1394,-0.2396434915210399,-0.2396434915210399,0.0,0.0,1.7490000000000003,-0.2396434915210399,False,0.0,0.2396434915210399,3.3297376385209376,0.0,False
1395,1.868447583885217,1.868447583885217,1.868447583885217,0.0,1.7490000000000003,0.0,False,1.868447583885217,0.0,3.2048148329781845,0.0,False
1396,-3.760321005978518,-3.760321005978518,0.0,1.7189717771743995,2.6450759822454213,-2.041349228804118,False,0.0,0.0,4.100890815223606,-3.760321005978518,False
1397,-0.9245440620962138,-0.9245440620962138,0.0,0.0,1.7490000000000003,-0.9245440620962138,False,0.0,0.0,4.100890815223606,-0.9245440620962138,False
1398,8.354330060671641,8.354330060671641,8.354330060671641,0.0,1.7490000000000003,0.0,False,8.354330060671641,0.0,4.100890815223606,0.0,False
1399,1.9212352984436962,1.9212352984436962,1.9212352984436962,0.0,5.7555959461128126,0.0,False,1.9212352984436962,0.0,8.107486761336418,0.0,False
1400,-9.472292947205093,-9.472292947205093,0.0,8.745000000000001,6.676988026910553,-0.7272929472050915,False,0.0,0.0,9.028878842134157,-9.472292947205093,False
1401,-4.620028630250952,-4.620028630250952,0.0,0.7085201303861101,2.118341649587755,-3.9115084998648424,False,0.0,0.0,9.028878842134157,-4.620028630250952,False
1402,-0.08698377164705451,-0.08698377164705451,0.0,0.0,1.7490000000000003,-0.08698377164705451,False,0.0,0.0,9.028878842134157,-0.08698377164705451,False
1403,-6.3245845446599525,-6.3245845446599525,0.0,0.0,1.7490000000000003,-6.3245845446599525,False,0.0,0.0,9.028878842134157,-6.3245845446599525,False
1404,-6.905077130272559,-6.905077130272559,0.0,0.0,1.7490000000000003,-6.905077130272559,False,0.0,0.0,9.028878842134157,-6.905077130272559,False
1405,-8.607004327731673,-8.607004327731673,0.0,0.0,1.7490000000000003,-8.607004327731673,False,0.0,0.0,9.028878842134157,-8.607004327731673,False
1406,-6.646407359749977,-6.646407359749977,0.0,0.0,1.7490000000000003,-6.646407359749977,False,0.0,0.0,9.028878842134157,-6.646407359749977,False
1407,-3.7368733055203562,-3.7368733055203562,0.0,0.0,1.7490000000000003,-3.7368733055203562,False,0.0,0.0,9.028878842134157,-3.7368733055203562,False
1408,-9.812005204292383,-9.812005204292383,0.0,0.0,1.7490000000000003,-9.812005204292383,False,0.0,0.0,9.028878842134157,-9.812005204292383,False
1409,-13.860112999942954,-13.860112999942954,0.0,0.0,1.7490000000000003,-13.860112999942954,False,0.0,0.0,9.028878842134157,-13.860112999942954,False
1410,-13.41330912297101,-13.41330912297101,0.0,0.0,1.7490000000000003,-13.41330912297101,False,0.0,0.0,9.028878842134157,-13.41330912297101,False
1411,-8.037459132674227,-8.037459132674227,0.0,0.0,1.7490000000000003,-8.037459132674227,False,0.0,0.0,9.028878842134157,-8.037459132674227,False
1412,-5.417459973633233,-5.417459973633233,0.0,0.0,1.7490000000000003,-5.417459973633233,False,0.0,0.0,9.028878842134157,-5.417459973633233,False
1413,-4.953769484820191,-4.953769484820191,0.0,0.0,1.7490000000000003,-4.953769484820191,False,0.0,0.0,9.028878842134157,-4.953769484820191,False
1414,-4.1054508073402785,-4.1054508073402785,0.0,0.0,1.7490000000000003,-4.1054508073402785,False,0.0,0.0,9.028878842134157,-4.1054508073402785,False
1415,-1.8473628078853415,-1.8473628078853415,0.0,0.0,1.7490000000000003,-1.8473628078853415,False,0.0,0.0,9.028878842134157,-1.8473628078853415,False
1416,-2.3279131510692523,-2.3279131510692523,0.0,0.0,1.7490000000000003,-2.3279131510692523,False,0.0,0.0,9.028878842134157,-2.3279131510692523,False
1417,-2.4933915020284596,-2.4933915020284596,0.0,0.0,1.7490000000000003,-2.4933915020284596,False,0.0,0.0,9.028878842134157,-2.4933915020284596,False
1418,-1.6111400527887325,-1.6111400527887325,0.0,0.0,1.7490000000000003,-1.6111400527887325,False,0.0,0.0,9.028878842134157,-1.6111400527887325,False
1419,-0.9721328373912446,-0.9721328373912446,0.0,0.0,1.7490000000000003,-0.9721328373912446,False,0.0,0.0,9.028878842134157,-0.9721328373912446,False
1420,-0.7465399866306328,-0.7465399866306328,0.0,0.0,1.7490000000000003,-0.7465399866306328,False,0.0,0.0,9.028878842134157,-0.7465399866306328,False
1421,-0.6142853803810657,-0.6142853803810657,0.0,0.0,1.7490000000000003,-0.6142853803810657,False,0.0,0.0,9.028878842134157,-0.6142853803810657,False
1422,-0.8985400384686012,-0.8985400384686012,0.0,0.0,1.7490000000000003,-0.8985400384686012,False,0.0,0.0,9.028878842134157,-0.8985400384686012,False
1423,-0.5766746103552021,-0.5766746103552021,0.0,0.0,1.7490000000000003,-0.5766746103552021,False,0.0,0.0,9.028878842134157,-0.5766746103552021,False
1424,-0.4560076516422137,-0.4560076516422137,0.0,0.0,1.7490000000000003,-0.4560076516422137,False,0.0,0.0,9.028878842134157,-0.4560076516422137,False
1425,-0.9337510164121319,-0.9337510164121319,0.0,0.0,1.7490000000000003,-0.9337510164121319,False,0.0,0.0,9.028878842134157,-0.9337510164121319,False
1426,-1.429347902627938,-1.429347902627938,0.0,0.0,1.7490000000000003,-1.429347902627938,False,0.0,0.0,9.028878842134157,-1.429347902627938,False
1427,-1.5374441103936713,-1.5374441103936713,0.0,0.0,1.7490000000000003,-1.5374441103936713,False,0.0,0.0,9.028878842134157,-1.5374441103936713,False
1428,-1.4443996298114714,-1.4443996298114714,0.0,0.0,1.7490000000000003,-1.4443996298114714,False,0.0,0.0,9.028878842134157,-1.4443996298114714,False
1429,-1.4434610589297223,-1.4434610589297223,0.0,0.0,1.7490000000000003,-1.4434610589297223,False,0.0,0.0,9.028878842134157,-1.4434610589297223,False
1430,-1.9150074150036003,-1.9150074150036003,0.0,0.0,1.7490000000000003,-1.9150074150036003,False,0.0,0.0,9.028878842134157,-1.9150074150036003,False
1431,-2.234018645041198,-2.234018645041198,0.0,0.0,1.7490000000000003,-2.234018645041198,False,0.0,0.0,9.028878842134157,-2.234018645041198,False
1432,-2.5431923959807077,-2.5431923959807077,0.0,0.0,1.7490000000000003,-2.5431923959807077,False,0.0,0.0,9.028878842134157,-2.5431923959807077,False
1433,-2.7305121887073853,-2.7305121887073853,0.0,0.0,1.7490000000000003,-2.7305121887073853,False,0.0,0.0,9.028878842134157,-2.7305121887073853,False
1434,-2.9339453114979084,-2.9339453114979084,0.0,0.0,1.7490000000000003,-2.9339453114979084,False,0.0,0.0,9.028878842134157,-2.9339453114979084,False
1435,-3.0087082296398613,-3.0087082296398613,0.0,0.0,1.7490000000000003,-3.0087082296398613,False,0.0,0.0,9.028878842134157,-3.0087082296398613,False
1436,-3.0647237856178458,-3.0647237856178458,0.0,0.0,1.7490000000000003,-3.0647237856178458,False,0.0,0.0,9.028878842134157,-3.0647237856178458,False
1437,-3.0656520847400155,-3.0656520847400155,0.0,0.0,1.7490000000000003,-3.0656520847400155,False,0.0,0.0,9.028878842134157,-3.0656520847400155,False
1438,-3.0962374574305445,-3.0962374574305445,0.0,0.0,1.7490000000000003,-3.0962374574305445,False,0.0,0.0,9.028878842134157,-3.0962374574305445,False
1439,-3.1179061715066467,-3.1179061715066467,0.0,0.0,1.7490000000000003,-3.1179061715066467,False,0.0,0.0,9.028878842134157,-3.1179061715066467,False
1440,-3.1050539021140633,-3.1050539021140633,0.0,0.0,1.7490000000000003,-3.1050539021140633,False,0.0,0.0,9.028878842134157,-3.1050539021140633,False
1441,-3.1006180541958552,-3.1006180541958552,0.0,0.0,1.7490000000000003,-3.1006180541958552,False,0.0,0.0,9.028878842134157,-3.1006180541958552,False
1442,-3.11247856709918,-3.11247856709918,0.0,0.0,1.7490000000000003,-3.11247856709918,False,0.0,0.0,9.028878842134157,-3.11247856709918,False
1443,-3.099851479756933,-3.099851479756933,0.0,0.0,1.7490000000000003,-3.099851479756933,False,0.0,0.0,9.028878842134157,-3.099851479756933,False
1444,-3.103599577141645,-3.103599577141645,0.0,0.0,1.7490000000000003,-3.103599577141645,False,0.0,0.0,9.028878842134157,-3.103599577141645,False
1445,-3.113344653253536,-3.113344653253536,0.0,0.0,1.7490000000000003,-3.113344653253536,False,0.0,0.0,9.028878842134157,-3.113344653253536,False
1446,-3.0961453412770683,-3.0961453412770683,0.0,0.0,1.7490000000000003,-3.0961453412770683,False,0.0,0.0,9.028878842134157,-3.0961453412770683,False
1447,-3.091744971418293,-3.091744971418293,0.0,0.0,1.7490000000000003,-3.091744971418293,False,0.0,0.0,9.028878842134157,-3.091744971418293,False
1448,-3.1039877300234844,-3.1039877300234844,0.0,0.0,1.7490000000000003,-3.1039877300234844,False,0.0,0.0,9.028878842134157,-3.1039877300234844,False
1449,-3.100970033798708,-3.100970033798708,0.0,0.0,1.7490000000000003,-3.100970033798708,False,0.0,0.0,9.028878842134157,-3.100970033798708,False
1450,-3.1028273019023915,-3.1028273019023915,0.0,0.0,1.7490000000000003,-3.1028273019023915,False,0.0,0.0,9.028878842134157,-3.1028273019023915,False
1451,-3.1059746500150553,-3.1059746500150553,0.0,0.0,1.7490000000000003,-3.1059746500150553,False,0.0,0.0,9.028878842134157,-3.1059746500150553,False
1452,-3.1016491714801617,-3.1016491714801617,0.0,0.0,1.7490000000000003,-3.1016491714801617,False,0.0,0.0,9.028878842134157,-3.1016491714801617,False
1453,-3.101138665204002,-3.101138665204002,0.0,0.0,1.7490000000000003,-3.101138665204002,False,0.0,0.0,9.028878842134157,-3.101138665204002,False
1454,-3.096217626620739,-3.096217626620739,0.0,0.0,1.7490000000000003,-3.096217626620739,False,0.0,0.0,9.028878842134157,-3.096217626620739,False
1455,-3.1093739054670464,-3.1093739054670464,0.0,0.0,1.7490000000000003,-3.1093739054670464,False,0.0,0.0,9.028878842134157,-3.1093739054670464,False
1456,-3.1076379151349793,-3.1076379151349793,0.0,0.0,1.7490000000000003,-3.1076379151349793,False,0.0,0.0,9.028878842134157,-3.1076379151349793,False
1457,-3.0915868199011984,-3.0915868199011984,0.0,0.0,1.7490000000000003,-3.0915868199011984,False,0.0,0.0,9.028878842134157,-3.0915868199011984,False
1458,-3.1047222561527668,-3.1047222561527668,0.0,0.0,1.7490000000000003,-3.1047222561527668,False,0.0,0.0,9.028878842134157,-3.1047222561527668,False
1459,-3.110152546119034,-3.110152546119034,0.0,0.0,1.7490000000000003,-3.110152546119034,False,0.0,0.0,9.028878842134157,-3.110152546119034,False
1460,-3.111567986893456,-3.111567986893456,0.0,0.0,1.7490000000000003,-3.111567986893456,False,0.0,0.0,9.028878842134157,-3.111567986893456,False
1461,-3.131533774230026,-3.131533774230026,0.0,0.0,1.7490000000000003,-3.131533774230026,False,0.0,0.0,9.028878842134157,-3.131533774230026,False
1462,-2.9294895313290548,-2.9294895313290548,0.0,0.0,1.7490000000000003,-2.9294895313290548,False,0.0,0.0,9.028878842134157,-2.9294895313290548,False
1463,-1.259247852587675,-1.259247852587675,0.0,0.0,1.7490000000000003,-1.259247852587675,False,0.0,0.0,9.028878842134157,-1.259247852587675,False
1464,-0.1685259417996443,-0.1685259417996443,0.0,0.0,1.7490000000000003,-0.1685259417996443,False,0.0,0.0,9.028878842134157,-0.1685259417996443,False
1465,-1.4567257098241762,-1.4567257098241762,0.0,0.0,1.7490000000000003,-1.4567257098241762,False,0.0,0.0,9.028878842134157,-1.4567257098241762,False
1466,-2.6040671754670917,-2.6040671754670917,0.0,0.0,1.7490000000000003,-2.6040671754670917,False,0.0,0.0,9.028878842134157,-2.6040671754670917,False
1467,-5.470544490098825,-5.470544490098825,0.0,0.0,1.7490000000000003,-5.470544490098825,False,0.0,0.0,9.028878842134157,-5.470544490098825,False
1468,-5.977019104996132,-5.977019104996132,0.0,0.0,1.7490000000000003,-5.977019104996132,False,0.0,0.0,9.028878842134157,-5.977019104996132,False
1469,-2.9778713378835664,-2.9778713378835664,0.0,0.0,1.7490000000000003,-2.9778713378835664,False,0.0,0.0,9.028878842134157,-2.9778713378835664,False
1470,-4.044202847989891,-4.044202847989891,0.0,0.0,1.7490000000000003,-4.044202847989891,False,0.0,0.0,9.028878842134157,-4.044202847989891,False
1471,-5.066830906906193,-5.066830906906193,0.0,0.0,1.7490000000000003,-5.066830906906193,False,0.0,0.0,9.028878842134157,-5.066830906906193,False
1472,-3.7678044541816544,-3.7678044541816544,0.0,0.0,1.7490000000000003,-3.7678044541816544,False,0.0,0.0,9.028878842134157,-3.7678044541816544,False
1473,-3.126108062218926,-3.126108062218926,0.0,0.0,1.7490000000000003,-3.126108062218926,False,0.0,0.0,9.028878842134157,-3.126108062218926,False
1474,-3.188780312182568,-3.188780312182568,0.0,0.0,1.7490000000000003,-3.188780312182568,False,0.0,0.0,9.028878842134157,-3.188780312182568,False
1475,-3.2850829116516587,-3.2850829116516587,0.0,0.0,1.7490000000000003,-3.2850829116516587,False,0.0,0.0,9.028878842134157,-3.2850829116516587,False
1476,-1.3172561850167817,-1.3172561850167817,0.0,0.0,1.7490000000000003,-1.3172561850167817,False,0.0,0.0,9.028878842134157,-1.3172561850167817,False
1477,4.455324384663677,4.455324384663677,4.455324384663677,0.0,1.7490000000000003,0.0,False,4.455324384663677,0.0,9.028878842134157,0.0,False
1478,6.688104792086759,6.688104792086759,6.688104792086759,0.0,3.8856985130553907,0.0,False,6.688104792086759,0.0,11.165577355189548,0.0,False
1479,2.8523109263744697,2.8523109263744697,2.8523109263744697,0.0,7.093200892366244,0.0,False,2.8523109263744697,0.0,14.373079734500402,0.0,False
1480,-1.9019011989610008,-1.9019011989610008,0.0,1.9019011989610008,8.461121157865843,0.0,False,0.0,0.0,15.741000000000001,-1.9019011989610008,False
1481,-3.2801175574129893,-3.2801175574129893,0.0,3.2801175574129893,7.469686622626341,0.0,False,0.0,1.3343957693260278,15.741000000000001,-1.9457217880869615,False
1482,-1.7085820663841351,-1.7085820663841351,0.0,1.7085820663841351,5.759807146320609,0.0,False,0.0,1.7085820663841351,15.045398120096861,0.0,False
1483,-3.658176201144461,-3.658176201144461,0.0,3.658176201144461,4.869147175219324,0.0,False,0.0,3.658176201144461,14.154738148995577,0.0,False
1484,-1.710123792259936,-1.710123792259936,0.0,1.710123792259936,2.9621910074713917,0.0,False,0.0,1.710123792259936,12.247781981247645,0.0,False
1485,2.530794182785592,2.530794182785592,2.530794182785592,0.0,2.0707273562010338,0.0,False,2.530794182785592,0.0,11.356318329977286,0.0,False
1486,-0.7591290310342695,-0.7591290310342695,0.0,0.7591290310342695,3.2844536082829934,0.0,False,0.0,0.0,12.570044582059246,-0.7591290310342695,False
1487,-0.3359773102832459,-0.3359773102832459,0.0,0.3359773102832459,2.8887302455334294,0.0,False,0.0,0.0,12.570044582059246,-0.3359773102832459,False
1488,6.449704825350392,6.449704825350392,6.449704825350392,0.0,2.713589965557972,0.0,False,6.449704825350392,0.0,12.570044582059246,0.0,False
1489,0.16219428437984035,0.16219428437984035,0.16219428437984035,0.0,5.806759737305729,0.0,False,0.16219428437984035,0.0,15.663214353807003,0.0,False
1490,-16.323982462776918,-16.323982462776918,0.0,7.933351566509433,5.884545383498727,-8.390630896267485,False,0.0,0.0,15.741000000000001,-16.323982462776918,False
1491,-18.672008234875314,-18.672008234875314,0.0,4.2595540635239357e-16,1.7490000000000006,-18.672008234875314,True,0.0,1.1820082348753118,15.741000000000001,-17.490000000000002,False
1492,-13.433393359978526,-13.433393359978526,0.0,0.0,1.7490000000000003,-13.433393359978526,False,0.0,0.0,15.124835613735844,-13.433393359978526,False
1493,-12.19723667827467,-12.19723667827467,0.0,0.0,1.7490000000000003,-12.19723667827467,False,0.0,0.0,15.124835613735844,-12.19723667827467,False
1494,-6.194338003570235,-6.194338003570235,0.0,0.0,1.7490000000000003,-6.194338003570235,False,0.0,0.0,15.124835613735844,-6.194338003570235,False
1495,-1.2164138455936238,-1.2164138455936238,0.0,0.0,1.7490000000000003,-1.2164138455936238,False,0.0,0.0,15.124835613735844,-1.2164138455936238,False
1496,-5.94889314536738,-5.94889314536738,0.0,0.0,1.7490000000000003,-5.94889314536738,False,0.0,0.0,15.124835613735844,-5.94889314536738,False
1497,-8.316245146538439,-8.316245146538439,0.0,0.0,1.7490000000000003,-8.316245146538439,False,0.0,0.0,15.124835613735844,-8.316245146538439,False
1498,-2.7395113353403504,-2.7395113353403504,0.0,0.0,1.7490000000000003,-2.7395113353403504,False,0.0,0.0,15.124835613735844,-2.7395113353403504,False
1499,-0.7686076281799047,-0.7686076281799047,0.0,0.0,1.7490000000000003,-0.7686076281799047,False,0.0,0.0,15.124835613735844,-0.7686076281799047,False
1500,-3.5167353135226533,-3.5167353135226533,0.0,0.0,1.7490000000000003,-3.5167353135226533,False,0.0,0.0,15.124835613735844,-3.5167353135226533,False
1501,-9.296314076903425,-9.296314076903425,0.0,0.0,1.7490000000000003,-9.296314076903425,False,0.0,8.169301634801316,15.124835613735844,-1.1270124421021084,False
1502,-13.34797562502936,-13.34797562502936,0.0,0.0,1.7490000000000003,-13.34797562502936,False,0.0,8.745000000000001,10.866292754645595,-4.602975625029359,False
1503,-10.673909897249077,-10.673909897249077,0.0,0.0,1.7490000000000003,-10.673909897249077,False,0.0,8.745000000000001,6.307646377322798,-1.928909897249076,False
1504,-3.3312921002624014,-3.3312921002624014,0.0,0.0,1.7490000000000003,-3.3312921002624014,False,0.0,0.0,1.7490000000000003,-3.3312921002624014,False
1505,1.9489160552117737,1.9489160552117737,1.9489160552117737,0.0,1.7490000000000003,0.0,False,1.9489160552117737,0.0,1.7490000000000003,0.0,False
1506,-5.054525459610626,-5.054525459610626,0.0,1.7930027707948322,2.68366730538749,-3.261522688815794,False,0.0,0.0,2.68366730538749,-5.054525459610626,False
1507,-10.78271828442655,-10.78271828442655,0.0,0.0,1.7490000000000003,-10.78271828442655,False,0.0,0.0,2.68366730538749,-10.78271828442655,False
1508,-5.222723397699838,-5.222723397699838,0.0,0.0,1.7490000000000003,-5.222723397699838,False,0.0,0.0,2.68366730538749,-5.222723397699838,False
1509,-2.058958460593095,-2.058958460593095,0.0,0.0,1.7490000000000003,-2.058958460593095,False,0.0,0.0,2.68366730538749,-2.058958460593095,False
1510,-2.2941627111747147,-2.2941627111747147,0.0,0.0,1.7490000000000003,-2.2941627111747147,False,0.0,0.0,2.68366730538749,-2.2941627111747147,False
1511,-1.508667683238224,-1.508667683238224,0.0,0.0,1.7490000000000003,-1.508667683238224,False,0.0,0.0,2.68366730538749,-1.508667683238224,False
1512,-1.4564829400308938,-1.4564829400308938,0.0,0.0,1.7490000000000003,-1.4564829400308938,False,0.0,0.0,2.68366730538749,-1.4564829400308938,False
1513,-1.945043026436212,-1.945043026436212,0.0,0.0,1.7490000000000003,-1.945043026436212,False,0.0,0.0,2.68366730538749,-1.945043026436212,False
1514,-1.7429043945822462,-1.7429043945822462,0.0,0.0,1.7490000000000003,-1.7429043945822462,False,0.0,0.0,2.68366730538749,-1.7429043945822462,False
1515,-1.4581949273613506,-1.4581949273613506,0.0,0.0,1.7490000000000003,-1.4581949273613506,False,0.0,0.0,2.68366730538749,-1.4581949273613506,False
1516,-1.389820799694589,-1.389820799694589,0.0,0.0,1.7490000000000003,-1.389820799694589,False,0.0,0.0,2.68366730538749,-1.389820799694589,False
1517,-1.630236017275162,-1.630236017275162,0.0,0.0,1.7490000000000003,-1.630236017275162,False,0.0,0.0,2.68366730538749,-1.630236017275162,False
1518,-1.968974946875524,-1.968974946875524,0.0,0.0,1.7490000000000003,-1.968974946875524,False,0.0,0.0,2.68366730538749,-1.968974946875524,False
1519,-2.0443413986656958,-2.0443413986656958,0.0,0.0,1.7490000000000003,-2.0443413986656958,False,0.0,0.0,2.68366730538749,-2.0443413986656958,False
1520,-0.9385441223548536,-0.9385441223548536,0.0,0.0,1.7490000000000003,-0.9385441223548536,False,0.0,0.10732816664101104,2.68366730538749,-0.8312159557138425,False
1521,1.8290921232262458,1.8290921232262458,1.8290921232262458,0.0,1.7490000000000003,0.0,False,1.8290921232262458,0.0,2.627718630940064,0.0,False
1522,3.548899143292587,3.548899143292587,3.548899143292587,0.0,2.6262017663611426,0.0,False,3.548899143292587,0.0,3.5049203973012064,0.0,False
1523,2.51743459900536,2.51743459900536,2.51743459900536,0.0,4.328194004807152,0.0,False,2.51743459900536,0.0,5.206912635747216,0.0,False
1524,0.5691876160951014,0.5691876160951014,0.5691876160951014,0.0,5.535513225585954,0.0,False,0.5691876160951014,0.0,6.414231856526018,0.0,False
1525,1.7193942607847887,1.7193942607847887,1.7193942607847887,0.0,5.808486016780765,0.0,False,1.7193942607847887,0.0,6.6872046477208285,0.0,False
1526,8.720047026986704,8.720047026986704,8.720047026986704,0.0,6.633078536468231,0.0,False,8.720047026986704,0.0,7.511797167408295,0.0,False
1527,8.439027040960092,8.439027040960092,8.439027040960092,0.0,10.81506617814745,0.0,False,8.439027040960092,0.0,11.693784809087514,0.0,False
1528,-7.660861237044248,-7.660861237044248,0.0,7.660861237044248,14.862281369059938,0.0,False,0.0,0.0,15.741000000000001,-7.660861237044248,False
1529,-16.88931488969252,-16.88931488969252,0.0,8.745000000000001,10.868781389022843,-8.14431488969252,False,0.0,0.0,15.741000000000001,-16.88931488969252,False
1530,-10.129947907237824,-10.129947907237824,0.0,8.745000000000001,6.310135011700045,-1.384947907237823,False,0.0,0.0,15.741000000000001,-10.129947907237824,False
1531,-4.373570238134289,-4.373570238134289,0.0,0.004774028478561207,1.7514886343772478,-4.368796209655728,False,0.0,0.0,15.741000000000001,-4.373570238134289,False
1532,-2.6760889478518886,-2.6760889478518886,0.0,0.0,1.7490000000000003,-2.6760889478518886,False,0.0,0.0,15.741000000000001,-2.6760889478518886,False
1533,-3.886637588993457,-3.886637588993457,0.0,0.0,1.7490000000000003,-3.886637588993457,False,0.0,2.7098641821526526,15.741000000000001,-1.1767734068408044,False
1534,-7.5939268977025804,-7.5939268977025804,0.0,0.0,1.7490000000000003,-7.5939268977025804,False,0.0,7.5939268977025804,14.328385644710465,0.0,False
1535,-2.7781148220454956,-2.7781148220454956,0.0,0.0,1.7490000000000003,-2.7781148220454956,False,0.0,2.7781148220454956,10.369777601043683,0.0,False
1536,4.694684716321651,4.694684716321651,4.694684716321651,0.0,1.7490000000000003,0.0,False,4.694684716321651,0.0,8.921585140288455,0.0,False
1537,1.4905157412042207,1.4905157412042207,1.4905157412042207,0.0,4.000491695454981,0.0,False,1.4905157412042207,0.0,11.173076835743435,0.0,False
1538,-11.329048599746349,-11.329048599746349,0.0,5.6903844209238015,4.715317933221083,-5.638664178822547,False,0.0,8.745000000000001,11.887903073509538,-2.584048599746348,False
1539,-19.449788388699705,-19.449788388699705,0.0,4.2595540635239357e-16,1.7490000000000006,-19.449788388699705,True,0.0,1.9597883886997032,7.329256696186741,-17.490000000000002,False
1540,-12.06869661697737,-12.06869661697737,0.0,0.0,1.7490000000000003,-12.06869661697737,False,0.0,8.745000000000001,6.307646377322798,-3.3236966169773687,False
1541,6.8368179385759085,6.8368179385759085,6.8368179385759085,0.0,1.7490000000000003,0.0,False,0.0,0.0,1.7490000000000003,6.8368179385759085,False
1542,19.022721576203967,19.022721576203967,8.745000000000001,0.0,5.027822698897223,10.277721576203966,False,6.3735978142494485,0.0,1.7490000000000003,12.649123761954518,False
1543,18.717207125185258,18.717207125185258,8.745000000000001,0.0,9.221777366034196,9.972207125185257,False,1.2272071251852559,0.0,4.805670131449456,17.490000000000002,False
1544,21.531156798585485,21.531156798585485,4.848518876289991,0.0,13.415732033171171,16.682637922295495,False,4.041156798585483,0.0,5.394217993109199,17.490000000000002,False
1545,26.605973574436412,26.605973574436412,0.0,0.0,15.741000000000001,26.605973574436412,True,8.745000000000001,0.0,7.3322887096397755,17.86097357443641,True
1546,21.502862674529105,21.502862674529105,0.0,0.0,15.741000000000001,21.502862674529105,True,4.012862674529103,0.0,11.52624337677675,17.490000000000002,False
1547,6.279071712438822,6.279071712438822,0.0,0.0,15.741000000000001,6.279071712438822,False,0.0,0.0,13.450744708099915,6.279071712438822,False
1548,7.276187076437904,7.276187076437904,0.0,0.0,15.741000000000001,7.276187076437904,False,0.0,0.0,13.450744708099915,7.276187076437904,False
1549,19.12921521982438,19.12921521982438,0.0,0.0,15.741000000000001,19.12921521982438,True,1.6392152198243792,0.0,13.450744708099915,17.490000000000002,False
1550,8.00491970944789,8.00491970944789,0.0,0.0,15.741000000000001,8.00491970944789,False,0.0,0.0,14.23688471057269,8.00491970944789,False
1551,-4.497407641989906,-4.497407641989906,0.0,4.497407641989906,15.741000000000001,0.0,False,0.0,4.497407641989906,14.23688471057269,0.0,False
1552,8.024783749872563,8.024783749872563,4.888486567380331,0.0,13.396564201886664,3.1362971824922328,False,8.024783749872563,0.0,11.892448912459352,0.0,False
1553,-0.9136872687053891,-0.9136872687053891,0.0,0.9136872687053891,15.741000000000001,0.0,False,0.0,0.0,15.741000000000001,-0.9136872687053891,False
1554,-26.13778212055605,-26.13778212055605,0.0,8.745000000000001,15.264707586336218,-17.39278212055605,False,0.0,8.745000000000001,15.741000000000001,-17.39278212055605,False
1555,-22.5412592136234,-22.5412592136234,0.0,8.745000000000001,10.70606120901342,-13.796259213623397,False,0.0,8.745000000000001,11.182353622677205,-13.796259213623397,False
1556,-11.126512342534829,-11.126512342534829,0.0,8.437622600971238,6.1474148316906225,-2.6888897415635906,False,0.0,0.0,6.6237072453544075,-11.126512342534829,False
1557,-4.035853567234499,-4.035853567234499,0.0,4.2595540635239357e-16,1.7490000000000006,-4.035853567234499,False,0.0,0.0,6.6237072453544075,-4.035853567234499,False
1558,-5.165566101452131,-5.165566101452131,0.0,0.0,1.7490000000000003,-5.165566101452131,False,0.0,0.0,6.6237072453544075,-5.165566101452131,False
1559,-8.650732325856087,-8.650732325856087,0.0,0.0,1.7490000000000003,-8.650732325856087,False,0.0,0.0,6.6237072453544075,-8.650732325856087,False
1560,-10.765410584661115,-10.765410584661115,0.0,0.0,1.7490000000000003,-10.765410584661115,False,0.0,0.0,6.6237072453544075,-10.765410584661115,False
1561,-12.77758943293575,-12.77758943293575,0.0,0.0,1.7490000000000003,-12.77758943293575,False,0.0,0.6063098696766297,6.6237072453544075,-12.171279563259121,False
1562,-4.207280717069051,-4.207280717069051,0.0,0.0,1.7490000000000003,-4.207280717069051,False,0.0,0.0,6.307646377322798,-4.207280717069051,False
1563,-4.170951778862458,-4.170951778862458,0.0,0.0,1.7490000000000003,-4.170951778862458,False,0.0,0.0,6.307646377322798,-4.170951778862458,False
1564,-9.740270089730664,-9.740270089730664,0.0,0.0,1.7490000000000003,-9.740270089730664,False,0.0,8.745000000000001,6.307646377322798,-0.9952700897306634,False
1565,-4.009851831272734,-4.009851831272734,0.0,0.0,1.7490000000000003,-4.009851831272734,False,0.0,0.0,1.7490000000000003,-4.009851831272734,False
1566,-1.8437790953824666,-1.8437790953824666,0.0,0.0,1.7490000000000003,-1.8437790953824666,False,0.0,0.0,1.7490000000000003,-1.8437790953824666,False
1567,-1.8764360500652557,-1.8764360500652557,0.0,0.0,1.7490000000000003,-1.8764360500652557,False,0.0,0.0,1.7490000000000003,-1.8764360500652557,False
1568,6.527762677533885,6.527762677533885,6.527762677533885,0.0,1.7490000000000003,0.0,False,0.0,0.0,1.7490000000000003,6.527762677533885,False
1569,8.877352912248162,8.877352912248162,8.745000000000001,0.0,4.879605002562125,0.1323529122481606,False,1.3744012338470435,0.0,1.7490000000000003,7.502951678401118,False
1570,5.663877614515745,5.663877614515745,5.663877614515745,0.0,9.0735596696991,0.0,False,5.663877614515745,0.0,2.408139676296355,0.0,False
1571,2.265742384219014,2.265742384219014,2.265742384219014,0.0,11.789859950487084,0.0,False,2.265742384219014,0.0,5.124439957084341,0.0,False
1572,6.468286863430264,6.468286863430264,5.972954138597257,0.0,12.876471825481412,0.4953327248330073,False,6.468286863430264,0.0,6.2110518320786685,0.0,False
1573,17.05868961148936,17.05868961148936,0.0,0.0,15.741000000000001,17.05868961148936,False,8.745000000000001,0.0,9.31313323622551,8.313689611489359,False
1574,4.658028718853829,4.658028718853829,0.0,0.0,15.741000000000001,4.658028718853829,False,4.658028718853829,0.0,13.507087903362486,0.0,False
1575,-6.15636240068745,-6.15636240068745,0.0,6.15636240068745,15.741000000000001,0.0,False,0.0,6.15636240068745,15.741000000000001,0.0,False
1576,-3.38694613070466,-3.38694613070466,0.0,3.38694613070466,12.531774253244127,0.0,False,0.0,3.38694613070466,12.531774253244127,0.0,False
1577,4.321237258377518,4.321237258377518,4.321237258377518,0.0,10.76620653352723,0.0,False,4.321237258377518,0.0,10.76620653352723,0.0,False
1578,5.20278527048207,5.20278527048207,5.20278527048207,0.0,12.838599119871263,0.0,False,5.20278527048207,0.0,12.838599119871263,0.0,False
1579,-5.98202757159196,-5.98202757159196,0.0,5.98202757159196,15.333767280791765,0.0,False,0.0,5.0044197968486515,15.333767280791765,-0.9776077747433085,False
1580,-13.774408607170717,-13.774408607170717,0.0,8.745000000000001,12.215419845882357,-5.029408607170716,False,0.0,8.745000000000001,12.72503312670296,-5.029408607170716,False
1581,-14.363820116326858,-14.363820116326858,0.0,8.745000000000001,7.656773468559559,-5.618820116326857,False,0.0,8.745000000000001,8.166386749380163,-5.618820116326857,False
1582,-3.5656822679866886,-3.5656822679866886,0.0,2.588074493243383,3.098127091236762,-0.9776077747433058,False,0.0,3.5656822679866886,3.607740372057365,0.0,False
1583,12.468882481262037,12.468882481262037,8.745000000000001,0.0,1.7490000000000003,3.723882481262036,False,5.139339333720427,0.0,1.7490000000000003,7.32954314754161,False
1584,11.704535368378151,11.704535368378151,8.745000000000001,0.0,5.942954667136974,2.95953536837815,False,8.745000000000001,0.0,4.213740558565742,2.95953536837815,False
1585,1.5055158682306278,1.5055158682306278,1.5055158682306278,0.0,10.136909334273948,0.0,False,1.5055158682306278,0.0,8.407695225702716,0.0,False
1586,-5.41366678579497,-5.41366678579497,0.0,5.41366678579497,10.858929380244744,0.0,False,0.0,5.41366678579497,9.129715271673511,0.0,False
1587,-10.265087219895936,-10.265087219895936,0.0,8.745000000000001,8.036860485894032,-1.5200872198959345,False,0.0,8.745000000000001,6.307646377322798,-1.5200872198959345,False
1588,7.174350966575004,7.174350966575004,7.174350966575004,0.0,3.478214108571234,0.0,False,0.0,0.0,1.7490000000000003,7.174350966575004,False
1589,13.347543801865735,13.347543801865735,8.745000000000001,0.0,6.918911961052182,4.602543801865734,False,7.1365808688629295,0.0,1.7490000000000003,6.210962933002805,False
1590,4.548755946002973,4.548755946002973,4.548755946002973,0.0,11.112866628189156,0.0,False,4.548755946002973,0.0,5.171583949956332,0.0,False
1591,12.860617274154928,12.860617274154928,5.1015692360083476,0.0,13.29437334395888,7.75904803814658,False,8.745000000000001,0.0,7.353090665726055,4.115617274154927,False
1592,10.640322135406798,10.640322135406798,0.0,0.0,15.741000000000001,10.640322135406798,False,8.745000000000001,0.0,11.547045332863028,1.895322135406797,False
1593,-2.0030132311011695,-2.0030132311011695,0.0,2.0030132311011695,15.741000000000001,0.0,False,0.0,2.0030132311011695,15.741000000000001,0.0,False
1594,3.274414133611542,3.274414133611542,2.1771882946751835,0.0,14.69685717442093,1.0972258389363585,False,0.0,0.0,14.69685717442093,3.274414133611542,False
1595,13.989465812249318,13.989465812249318,0.0,0.0,15.741000000000001,13.989465812249318,False,0.0,0.0,14.69685717442093,13.989465812249318,False
1596,15.063960424189325,15.063960424189325,0.0,0.0,15.741000000000001,15.063960424189325,False,0.0,0.0,14.69685717442093,15.063960424189325,False
1597,16.499689366687555,16.499689366687555,0.0,0.0,15.741000000000001,16.499689366687555,False,0.0,0.0,14.69685717442093,16.499689366687555,False
1598,17.35470972454237,17.35470972454237,0.0,0.0,15.741000000000001,17.35470972454237,False,2.1771882946751835,0.0,14.69685717442093,15.177521429867188,False
1599,0.006654868925014129,0.006654868925014129,0.0,0.0,15.741000000000001,0.006654868925014129,False,0.0,0.0,15.741000000000001,0.006654868925014129,False
1600,-16.439144051309917,-16.439144051309917,0.0,8.745000000000001,15.741000000000001,-7.694144051309916,False,0.0,0.0,15.741000000000001,-16.439144051309917,False
1601,-12.774621676211593,-12.774621676211593,0.0,8.745000000000001,11.182353622677205,-4.029621676211592,False,0.0,0.0,15.741000000000001,-12.774621676211593,False
1602,-16.389792207974356,-16.389792207974356,0.0,8.745000000000001,6.6237072453544075,-7.644792207974355,False,0.0,0.0,15.741000000000001,-16.389792207974356,False
1603,-19.74985389250793,-19.74985389250793,0.0,0.6063098696766301,2.06506086803161,-19.1435440228313,True,0.0,2.259853892507927,15.741000000000001,-17.490000000000002,False
1604,-14.376010506972694,-14.376010506972694,0.0,0.0,1.7490000000000003,-14.376010506972694,False,0.0,0.0,14.562969724372776,-14.376010506972694,False
1605,-11.164697473222402,-11.164697473222402,0.0,0.0,1.7490000000000003,-11.164697473222402,False,0.0,0.0,14.562969724372776,-11.164697473222402,False
1606,0.21441532941618374,0.21441532941618374,0.21441532941618374,0.0,1.7490000000000003,0.0,False,0.21441532941618374,0.0,14.562969724372776,0.0,False
1607,0.7897772821795015,0.7897772821795015,0.7897772821795015,0.0,1.8518299795895619,0.0,False,0.7897772821795015,0.0,14.665799703962337,0.0,False
1608,-5.559391799942886,-5.559391799942886,0.0,0.9238572026680304,2.2305938582168316,-4.635534597274855,False,0.0,3.144388995192433,15.044563582589607,-2.415002804750453,False
1609,-4.870924184644299,-4.870924184644299,0.0,0.0,1.7490000000000003,-4.870924184644299,False,0.0,4.870924184644299,13.405437510339446,0.0,False
1610,-8.929258266393322,-8.929258266393322,0.0,0.0,1.7490000000000003,-8.929258266393322,False,0.0,8.745000000000001,10.866292754645595,-0.18425826639332143,False
1611,-11.15314957038198,-11.15314957038198,0.0,0.0,1.7490000000000003,-11.15314957038198,False,0.0,8.745000000000001,6.307646377322798,-2.4081495703819797,False
1612,,0.0,0.0,0.0,1.7490000000000003,,False,0.0,0.0,1.7490000000000003,0.0,False
1613,,0.0,0.0,0.0,1.7490000000000003,,False,0.0,0.0,1.7490000000000003,0.0,False
1614,,0.0,0.0,0.0,1.7490000000000003,,False,0.0,0.0,1.7490000000000003,0.0,False
1615,,0.0,0.0,0.0,1.7490000000000003,,False,0.0,0.0,1.7490000000000003,0.0,False
1616,,0.0,0.0,0.0,1.7490000000000003,,False,0.0,0.0,1.7490000000000003,0.0,False
1617,,0.0,0.0,0.0,1.7490000000000003,,False,0.0,0.0,1.7490000000000003,0.0,False
1618,,0.0,0.0,0.0,1.7490000000000003,,False,0.0,0.0,1.7490000000000003,0.0,False
1619,,0.0,0.0,0.0,1.7490000000000003,,False,0.0,0.0,1.7490000000000003,0.0,False
1620,,0.0,0.0,0.0,1.7490000000000003,,False,0.0,0.0,1.7490000000000003,0.0,False
1621,,0.0,0.0,0.0,1.7490000000000003,,False,0.0,0.0,1.7490000000000003,0.0,False
1622,,0.0,0.0,0.0,1.7490000000000003,,False,0.0,0.0,1.7490000000000003,0.0,False
1623,,0.0,0.0,0.0,1.7490000000000003,,False,0.0,0.0,1.7490000000000003,0.0,False
1624,,0.0,0.0,0.0,1.7490000000000003,,False,0.0,0.0,1.7490000000000003,0.0,False
1625,,0.0,0.0,0.0,1.7490000000000003,,False,0.0,0.0,1.7490000000000003,0.0,False
1626,,0.0,0.0,0.0,1.7490000000000003,,False,0.0,0.0,1.7490000000000003,0.0,False
1627,,0.0,0.0,0.0,1.7490000000000003,,False,0.0,0.0,1.7490000000000003,0.0,False
1628,,0.0,0.0,0.0,1.7490000000000003,,False,0.0,0.0,1.7490000000000003,0.0,False
1629,,0.0,0.0,0.0,1.7490000000000003,,False,0.0,0.0,1.7490000000000003,0.0,False
1630,,0.0,0.0,0.0,1.7490000000000003,,False,0.0,0.0,1.7490000000000003,0.0,False
1631,,0.0,0.0,0.0,1.7490000000000003,,False,0.0,0.0,1.7490000000000003,0.0,False
1632,,0.0,0.0,0.0,1.7490000000000003,,False,0.0,0.0,1.7490000000000003,0.0,False
1633,,0.0,0.0,0.0,1.7490000000000003,,False,0.0,0.0,1.7490000000000003,0.0,False
1634,,0.0,0.0,0.0,1.7490000000000003,,False,0.0,0.0,1.7490000000000003,0.0,False
1635,,0.0,0.0,0.0,1.7490000000000003,,False,0.0,0.0,1.7490000000000003,0.0,False
1636,,0.0,0.0,0.0,1.7490000000000003,,False,0.0,0.0,1.7490000000000003,0.0,False
1637,,0.0,0.0,0.0,1.7490000000000003,,False,0.0,0.0,1.7490000000000003,0.0,False
1638,,0.0,0.0,0.0,1.7490000000000003,,False,0.0,0.0,1.7490000000000003,0.0,False
1639,,0.0,0.0,0.0,1.7490000000000003,,False,0.0,0.0,1.7490000000000003,0.0,False
1640,,0.0,0.0,0.0,1.7490000000000003,,False,0.0,0.0,1.7490000000000003,0.0,False
1641,,0.0,0.0,0.0,1.7490000000000003,,False,0.0,0.0,1.7490000000000003,0.0,False
1642,,0.0,0.0,0.0,1.7490000000000003,,False,0.0,0.0,1.7490000000000003,0.0,False
1643,,0.0,0.0,0.0,1.7490000000000003,,False,0.0,0.0,1.7490000000000003,0.0,False
1644,,0.0,0.0,0.0,1.7490000000000003,,False,0.0,0.0,1.7490000000000003,0.0,False
1645,,0.0,0.0,0.0,1.7490000000000003,,False,0.0,0.0,1.7490000000000003,0.0,False
1646,,0.0,0.0,0.0,1.7490000000000003,,False,0.0,0.0,1.7490000000000003,0.0,False
1647,,0.0,0.0,0.0,1.7490000000000003,,False,0.0,0.0,1.7490000000000003,0.0,False
1648,,0.0,0.0,0.0,1.7490000000000003,,False,0.0,0.0,1.7490000000000003,0.0,False
1649,,0.0,0.0,0.0,1.7490000000000003,,False,0.0,0.0,1.7490000000000003,0.0,False
1650,,0.0,0.0,0.0,1.7490000000000003,,False,0.0,0.0,1.7490000000000003,0.0,False
1651,,0.0,0.0,0.0,1.7490000000000003,,False,0.0,0.0,1.7490000000000003,0.0,False
1652,,0.0,0.0,0.0,1.7490000000000003,,False,0.0,0.0,1.7490000000000003,0.0,False
1653,,0.0,0.0,0.0,1.7490000000000003,,False,0.0,0.0,1.7490000000000003,0.0,False
1654,,0.0,0.0,0.0,1.7490000000000003,,False,0.0,0.0,1.7490000000000003,0.0,False
1655,,0.0,0.0,0.0,1.7490000000000003,,False,0.0,0.0,1.7490000000000003,0.0,False
1656,,0.0,0.0,0.0,1.7490000000000003,,False,0.0,0.0,1.7490000000000003,0.0,False
1657,,0.0,0.0,0.0,1.7490000000000003,,False,0.0,0.0,1.7490000000000003,0.0,False
1658,,0.0,0.0,0.0,1.7490000000000003,,False,0.0,0.0,1.7490000000000003,0.0,False
1659,,0.0,0.0,0.0,1.7490000000000003,,False,0.0,0.0,1.7490000000000003,0.0,False
1660,,0.0,0.0,0.0,1.7490000000000003,,False,0.0,0.0,1.7490000000000003,0.0,False
1661,,0.0,0.0,0.0,1.7490000000000003,,False,0.0,0.0,1.7490000000000003,0.0,False
1662,,0.0,0.0,0.0,1.7490000000000003,,False,0.0,0.0,1.7490000000000003,0.0,False
1663,,0.0,0.0,0.0,1.7490000000000003,,False,0.0,0.0,1.7490000000000003,0.0,False
1664,,0.0,0.0,0.0,1.7490000000000003,,False,0.0,0.0,1.7490000000000003,0.0,False
1665,,0.0,0.0,0.0,1.7490000000000003,,False,0.0,0.0,1.7490000000000003,0.0,False
1666,,0.0,0.0,0.0,1.7490000000000003,,False,0.0,0.0,1.7490000000000003,0.0,False
1667,,0.0,0.0,0.0,1.7490000000000003,,False,0.0,0.0,1.7490000000000003,0.0,False
1668,,0.0,0.0,0.0,1.7490000000000003,,False,0.0,0.0,1.7490000000000003,0.0,False
1669,,0.0,0.0,0.0,1.7490000000000003,,False,0.0,0.0,1.7490000000000003,0.0,False
1670,,0.0,0.0,0.0,1.7490000000000003,,False,0.0,0.0,1.7490000000000003,0.0,False
1671,,0.0,0.0,0.0,1.7490000000000003,,False,0.0,0.0,1.7490000000000003,0.0,False
1672,,0.0,0.0,0.0,1.7490000000000003,,False,0.0,0.0,1.7490000000000003,0.0,False
1673,,0.0,0.0,0.0,1.7490000000000003,,False,0.0,0.0,1.7490000000000003,0.0,False
1674,,0.0,0.0,0.0,1.7490000000000003,,False,0.0,0.0,1.7490000000000003,0.0,False
1675,,0.0,0.0,0.0,1.7490000000000003,,False,0.0,0.0,1.7490000000000003,0.0,False
1676,,0.0,0.0,0.0,1.7490000000000003,,False,0.0,0.0,1.7490000000000003,0.0,False
1677,,0.0,0.0,0.0,1.7490000000000003,,False,0.0,0.0,1.7490000000000003,0.0,False
1678,,0.0,0.0,0.0,1.7490000000000003,,False,0.0,0.0,1.7490000000000003,0.0,False
1679,,0.0,0.0,0.0,1.7490000000000003,,False,0.0,0.0,1.7490000000000003,0.0,False
1680,,0.0,0.0,0.0,1.7490000000000003,,False,0.0,0.0,1.7490000000000003,0.0,False
1681,,0.0,0.0,0.0,1.7490000000000003,,False,0.0,0.0,1.7490000000000003,0.0,False
1682,,0.0,0.0,0.0,1.7490000000000003,,False,0.0,0.0,1.7490000000000003,0.0,False
1683,,0.0,0.0,0.0,1.7490000000000003,,False,0.0,0.0,1.7490000000000003,0.0,False
1684,,0.0,0.0,0.0,1.7490000000000003,,False,0.0,0.0,1.7490000000000003,0.0,False
1685,,0.0,0.0,0.0,1.7490000000000003,,False,0.0,0.0,1.7490000000000003,0.0,False
1686,,0.0,0.0,0.0,1.7490000000000003,,False,0.0,0.0,1.7490000000000003,0.0,False
1687,,0.0,0.0,0.0,1.7490000000000003,,False,0.0,0.0,1.7490000000000003,0.0,False
1688,,0.0,0.0,0.0,1.7490000000000003,,False,0.0,0.0,1.7490000000000003,0.0,False
1689,,0.0,0.0,0.0,1.7490000000000003,,False,0.0,0.0,1.7490000000000003,0.0,False
1690,,0.0,0.0,0.0,1.7490000000000003,,False,0.0,0.0,1.7490000000000003,0.0,False
1691,,0.0,0.0,0.0,1.7490000000000003,,False,0.0,0.0,1.7490000000000003,0.0,False
1692,,0.0,0.0,0.0,1.7490000000000003,,False,0.0,0.0,1.7490000000000003,0.0,False
1693,,0.0,0.0,0.0,1.7490000000000003,,False,0.0,0.0,1.7490000000000003,0.0,False
1694,,0.0,0.0,0.0,1.7490000000000003,,False,0.0,0.0,1.7490000000000003,0.0,False
1695,,0.0,0.0,0.0,1.7490000000000003,,False,0.0,0.0,1.7490000000000003,0.0,False
1696,,0.0,0.0,0.0,1.7490000000000003,,False,0.0,0.0,1.7490000000000003,0.0,False
1697,,0.0,0.0,0.0,1.7490000000000003,,False,0.0,0.0,1.7490000000000003,0.0,False
1698,,0.0,0.0,0.0,1.7490000000000003,,False,0.0,0.0,1.7490000000000003,0.0,False
1699,,0.0,0.0,0.0,1.7490000000000003,,False,0.0,0.0,1.7490000000000003,0.0,False
1700,,0.0,0.0,0.0,1.7490000000000003,,False,0.0,0.0,1.7490000000000003,0.0,False
1701,,0.0,0.0,0.0,1.7490000000000003,,False,0.0,0.0,1.7490000000000003,0.0,False
1702,,0.0,0.0,0.0,1.7490000000000003,,False,0.0,0.0,1.7490000000000003,0.0,False
1703,,0.0,0.0,0.0,1.7490000000000003,,False,0.0,0.0,1.7490000000000003,0.0,False
1704,,0.0,0.0,0.0,1.7490000000000003,,False,0.0,0.0,1.7490000000000003,0.0,False
1705,,0.0,0.0,0.0,1.7490000000000003,,False,0.0,0.0,1.7490000000000003,0.0,False
1706,,0.0,0.0,0.0,1.7490000000000003,,False,0.0,0.0,1.7490000000000003,0.0,False
1707,,0.0,0.0,0.0,1.7490000000000003,,False,0.0,0.0,1.7490000000000003,0.0,False
1708,,0.0,0.0,0.0,1.7490000000000003,,False,0.0,0.0,1.7490000000000003,0.0,False
1709,,0.0,0.0,0.0,1.7490000000000003,,False,0.0,0.0,1.7490000000000003,0.0,False
1710,,0.0,0.0,0.0,1.7490000000000003,,False,0.0,0.0,1.7490000000000003,0.0,False
1711,,0.0,0.0,0.0,1.7490000000000003,,False,0.0,0.0,1.7490000000000003,0.0,False
1712,,0.0,0.0,0.0,1.7490000000000003,,False,0.0,0.0,1.7490000000000003,0.0,False
1713,,0.0,0.0,0.0,1.7490000000000003,,False,0.0,0.0,1.7490000000000003,0.0,False
1714,,0.0,0.0,0.0,1.7490000000000003,,False,0.0,0.0,1.7490000000000003,0.0,False
1715,,0.0,0.0,0.0,1.7490000000000003,,False,0.0,0.0,1.7490000000000003,0.0,False
1716,,0.0,0.0,0.0,1.7490000000000003,,False,0.0,0.0,1.7490000000000003,0.0,False
1717,,0.0,0.0,0.0,1.7490000000000003,,False,0.0,0.0,1.7490000000000003,0.0,False
1718,,0.0,0.0,0.0,1.7490000000000003,,False,0.0,0.0,1.7490000000000003,0.0,False
1719,,0.0,0.0,0.0,1.7490000000000003,,False,0.0,0.0,1.7490000000000003,0.0,False
1720,,0.0,0.0,0.0,1.7490000000000003,,False,0.0,0.0,1.7490000000000003,0.0,False
1721,,0.0,0.0,0.0,1.7490000000000003,,False,0.0,0.0,1.7490000000000003,0.0,False
1722,,0.0,0.0,0.0,1.7490000000000003,,False,0.0,0.0,1.7490000000000003,0.0,False
1723,,0.0,0.0,0.0,1.7490000000000003,,False,0.0,0.0,1.7490000000000003,0.0,False
1724,,0.0,0.0,0.0,1.7490000000000003,,False,0.0,0.0,1.7490000000000003,0.0,False
1725,,0.0,0.0,0.0,1.7490000000000003,,False,0.0,0.0,1.7490000000000003,0.0,False
1726,,0.0,0.0,0.0,1.7490000000000003,,False,0.0,0.0,1.7490000000000003,0.0,False
1727,,0.0,0.0,0.0,1.7490000000000003,,False,0.0,0.0,1.7490000000000003,0.0,False
1728,,0.0,0.0,0.0,1.7490000000000003,,False,0.0,0.0,1.7490000000000003,0.0,False
1729,,0.0,0.0,0.0,1.7490000000000003,,False,0.0,0.0,1.7490000000000003,0.0,False
1730,,0.0,0.0,0.0,1.7490000000000003,,False,0.0,0.0,1.7490000000000003,0.0,False
1731,,0.0,0.0,0.0,1.7490000000000003,,False,0.0,0.0,1.7490000000000003,0.0,False
1732,,0.0,0.0,0.0,1.7490000000000003,,False,0.0,0.0,1.7490000000000003,0.0,False
1733,,0.0,0.0,0.0,1.7490000000000003,,False,0.0,0.0,1.7490000000000003,0.0,False
1734,,0.0,0.0,0.0,1.7490000000000003,,False,0.0,0.0,1.7490000000000003,0.0,False
1735,,0.0,0.0,0.0,1.7490000000000003,,False,0.0,0.0,1.7490000000000003,0.0,False
1736,,0.0,0.0,0.0,1.7490000000000003,,False,0.0,0.0,1.7490000000000003,0.0,False
1737,,0.0,0.0,0.0,1.7490000000000003,,False,0.0,0.0,1.7490000000000003,0.0,False
1738,,0.0,0.0,0.0,1.7490000000000003,,False,0.0,0.0,1.7490000000000003,0.0,False
1739,,0.0,0.0,0.0,1.7490000000000003,,False,0.0,0.0,1.7490000000000003,0.0,False
1740,,0.0,0.0,0.0,1.7490000000000003,,False,0.0,0.0,1.7490000000000003,0.0,False
1741,,0.0,0.0,0.0,1.7490000000000003,,False,0.0,0.0,1.7490000000000003,0.0,False
1742,,0.0,0.0,0.0,1.7490000000000003,,False,0.0,0.0,1.7490000000000003,0.0,False
1743,,0.0,0.0,0.0,1.7490000000000003,,False,0.0,0.0,1.7490000000000003,0.0,False
1744,,0.0,0.0,0.0,1.7490000000000003,,False,0.0,0.0,1.7490000000000003,0.0,False
1745,,0.0,0.0,0.0,1.7490000000000003,,False,0.0,0.0,1.7490000000000003,0.0,False
1746,,0.0,0.0,0.0,1.7490000000000003,,False,0.0,0.0,1.7490000000000003,0.0,False
1747,,0.0,0.0,0.0,1.7490000000000003,,False,0.0,0.0,1.7490000000000003,0.0,False
1748,,0.0,0.0,0.0,1.7490000000000003,,False,0.0,0.0,1.7490000000000003,0.0,False
1749,,0.0,0.0,0.0,1.7490000000000003,,False,0.0,0.0,1.7490000000000003,0.0,False
1750,,0.0,0.0,0.0,1.7490000000000003,,False,0.0,0.0,1.7490000000000003,0.0,False
1751,,0.0,0.0,0.0,1.7490000000000003,,False,0.0,0.0,1.7490000000000003,0.0,False
1752,,0.0,0.0,0.0,1.7490000000000003,,False,0.0,0.0,1.7490000000000003,0.0,False
1753,,0.0,0.0,0.0,1.7490000000000003,,False,0.0,0.0,1.7490000000000003,0.0,False
1754,,0.0,0.0,0.0,1.7490000000000003,,False,0.0,0.0,1.7490000000000003,0.0,False
1755,,0.0,0.0,0.0,1.7490000000000003,,False,0.0,0.0,1.7490000000000003,0.0,False
1756,,0.0,0.0,0.0,1.7490000000000003,,False,0.0,0.0,1.7490000000000003,0.0,False
1757,,0.0,0.0,0.0,1.7490000000000003,,False,0.0,0.0,1.7490000000000003,0.0,False
1758,,0.0,0.0,0.0,1.7490000000000003,,False,0.0,0.0,1.7490000000000003,0.0,False
1759,,0.0,0.0,0.0,1.7490000000000003,,False,0.0,0.0,1.7490000000000003,0.0,False
1760,,0.0,0.0,0.0,1.7490000000000003,,False,0.0,0.0,1.7490000000000003,0.0,False
1761,,0.0,0.0,0.0,1.7490000000000003,,False,0.0,0.0,1.7490000000000003,0.0,False
1762,,0.0,0.0,0.0,1.7490000000000003,,False,0.0,0.0,1.7490000000000003,0.0,False
1763,,0.0,0.0,0.0,1.7490000000000003,,False,0.0,0.0,1.7490000000000003,0.0,False
1764,,0.0,0.0,0.0,1.7490000000000003,,False,0.0,0.0,1.7490000000000003,0.0,False
1765,,0.0,0.0,0.0,1.7490000000000003,,False,0.0,0.0,1.7490000000000003,0.0,False
1766,,0.0,0.0,0.0,1.7490000000000003,,False,0.0,0.0,1.7490000000000003,0.0,False
1767,,0.0,0.0,0.0,1.7490000000000003,,False,0.0,0.0,1.7490000000000003,0.0,False
1768,,0.0,0.0,0.0,1.7490000000000003,,False,0.0,0.0,1.7490000000000003,0.0,False
1769,,0.0,0.0,0.0,1.7490000000000003,,False,0.0,0.0,1.7490000000000003,0.0,False
1770,,0.0,0.0,0.0,1.7490000000000003,,False,0.0,0.0,1.7490000000000003,0.0,False
1771,,0.0,0.0,0.0,1.7490000000000003,,False,0.0,0.0,1.7490000000000003,0.0,False
1772,,0.0,0.0,0.0,1.7490000000000003,,False,0.0,0.0,1.7490000000000003,0.0,False
1773,,0.0,0.0,0.0,1.7490000000000003,,False,0.0,0.0,1.7490000000000003,0.0,False
1774,,0.0,0.0,0.0,1.7490000000000003,,False,0.0,0.0,1.7490000000000003,0.0,False
1775,,0.0,0.0,0.0,1.7490000000000003,,False,0.0,0.0,1.7490000000000003,0.0,False
1776,,0.0,0.0,0.0,1.7490000000000003,,False,0.0,0.0,1.7490000000000003,0.0,False
1777,,0.0,0.0,0.0,1.7490000000000003,,False,0.0,0.0,1.7490000000000003,0.0,False
1778,,0.0,0.0,0.0,1.7490000000000003,,False,0.0,0.0,1.7490000000000003,0.0,False
1779,,0.0,0.0,0.0,1.7490000000000003,,False,0.0,0.0,1.7490000000000003,0.0,False
1780,,0.0,0.0,0.0,1.7490000000000003,,False,0.0,0.0,1.7490000000000003,0.0,False
1781,,0.0,0.0,0.0,1.7490000000000003,,False,0.0,0.0,1.7490000000000003,0.0,False
1782,,0.0,0.0,0.0,1.7490000000000003,,False,0.0,0.0,1.7490000000000003,0.0,False
1783,,0.0,0.0,0.0,1.7490000000000003,,False,0.0,0.0,1.7490000000000003,0.0,False
1784,,0.0,0.0,0.0,1.7490000000000003,,False,0.0,0.0,1.7490000000000003,0.0,False
1785,,0.0,0.0,0.0,1.7490000000000003,,False,0.0,0.0,1.7490000000000003,0.0,False
1786,,0.0,0.0,0.0,1.7490000000000003,,False,0.0,0.0,1.7490000000000003,0.0,False
1787,,0.0,0.0,0.0,1.7490000000000003,,False,0.0,0.0,1.7490000000000003,0.0,False
1788,,0.0,0.0,0.0,1.7490000000000003,,False,0.0,0.0,1.7490000000000003,0.0,False
1789,,0.0,0.0,0.0,1.7490000000000003,,False,0.0,0.0,1.7490000000000003,0.0,False
1790,,0.0,0.0,0.0,1.7490000000000003,,False,0.0,0.0,1.7490000000000003,0.0,False
1791,,0.0,0.0,0.0,1.7490000000000003,,False,0.0,0.0,1.7490000000000003,0.0,False
1792,,0.0,0.0,0.0,1.7490000000000003,,False,0.0,0.0,1.7490000000000003,0.0,False
1793,,0.0,0.0,0.0,1.7490000000000003,,False,0.0,0.0,1.7490000000000003,0.0,False
1794,,0.0,0.0,0.0,1.7490000000000003,,False,0.0,0.0,1.7490000000000003,0.0,False
1795,,0.0,0.0,0.0,1.7490000000000003,,False,0.0,0.0,1.7490000000000003,0.0,False
1796,,0.0,0.0,0.0,1.7490000000000003,,False,0.0,0.0,1.7490000000000003,0.0,False
1797,,0.0,0.0,0.0,1.7490000000000003,,False,0.0,0.0,1.7490000000000003,0.0,False
1798,,0.0,0.0,0.0,1.7490000000000003,,False,0.0,0.0,1.7490000000000003,0.0,False
1799,,0.0,0.0,0.0,1.7490000000000003,,False,0.0,0.0,1.7490000000000003,0.0,False
1800,,0.0,0.0,0.0,1.7490000000000003,,False,0.0,0.0,1.7490000000000003,0.0,False
1801,,0.0,0.0,0.0,1.7490000000000003,,False,0.0,0.0,1.7490000000000003,0.0,False
1802,,0.0,0.0,0.0,1.7490000000000003,,False,0.0,0.0,1.7490000000000003,0.0,False
1803,,0.0,0.0,0.0,1.7490000000000003,,False,0.0,0.0,1.7490000000000003,0.0,False
1804,,0.0,0.0,0.0,1.7490000000000003,,False,0.0,0.0,1.7490000000000003,0.0,False
1805,,0.0,0.0,0.0,1.7490000000000003,,False,0.0,0.0,1.7490000000000003,0.0,False
1806,,0.0,0.0,0.0,1.7490000000000003,,False,0.0,0.0,1.7490000000000003,0.0,False
1807,,0.0,0.0,0.0,1.7490000000000003,,False,0.0,0.0,1.7490000000000003,0.0,False
1808,,0.0,0.0,0.0,1.7490000000000003,,False,0.0,0.0,1.7490000000000003,0.0,False
1809,,0.0,0.0,0.0,1.7490000000000003,,False,0.0,0.0,1.7490000000000003,0.0,False
1810,,0.0,0.0,0.0,1.7490000000000003,,False,0.0,0.0,1.7490000000000003,0.0,False
1811,,0.0,0.0,0.0,1.7490000000000003,,False,0.0,0.0,1.7490000000000003,0.0,False
1812,,0.0,0.0,0.0,1.7490000000000003,,False,0.0,0.0,1.7490000000000003,0.0,False
1813,,0.0,0.0,0.0,1.7490000000000003,,False,0.0,0.0,1.7490000000000003,0.0,False
1814,,0.0,0.0,0.0,1.7490000000000003,,False,0.0,0.0,1.7490000000000003,0.0,False
1815,,0.0,0.0,0.0,1.7490000000000003,,False,0.0,0.0,1.7490000000000003,0.0,False
1816,,0.0,0.0,0.0,1.7490000000000003,,False,0.0,0.0,1.7490000000000003,0.0,False
1817,,0.0,0.0,0.0,1.7490000000000003,,False,0.0,0.0,1.7490000000000003,0.0,False
1818,,0.0,0.0,0.0,1.7490000000000003,,False,0.0,0.0,1.7490000000000003,0.0,False
1819,,0.0,0.0,0.0,1.7490000000000003,,False,0.0,0.0,1.7490000000000003,0.0,False
1820,,0.0,0.0,0.0,1.7490000000000003,,False,0.0,0.0,1.7490000000000003,0.0,False
1821,,0.0,0.0,0.0,1.7490000000000003,,False,0.0,0.0,1.7490000000000003,0.0,False
1822,,0.0,0.0,0.0,1.7490000000000003,,False,0.0,0.0,1.7490000000000003,0.0,False
1823,,0.0,0.0,0.0,1.7490000000000003,,False,0.0,0.0,1.7490000000000003,0.0,False
1824,,0.0,0.0,0.0,1.7490000000000003,,False,0.0,0.0,1.7490000000000003,0.0,False
1825,,0.0,0.0,0.0,1.7490000000000003,,False,0.0,0.0,1.7490000000000003,0.0,False
1826,,0.0,0.0,0.0,1.7490000000000003,,False,0.0,0.0,1.7490000000000003,0.0,False
1827,,0.0,0.0,0.0,1.7490000000000003,,False,0.0,0.0,1.7490000000000003,0.0,False
1828,,0.0,0.0,0.0,1.7490000000000003,,False,0.0,0.0,1.7490000000000003,0.0,False
1829,,0.0,0.0,0.0,1.7490000000000003,,False,0.0,0.0,1.7490000000000003,0.0,False
1830,,0.0,0.0,0.0,1.7490000000000003,,False,0.0,0.0,1.7490000000000003,0.0,False
1831,,0.0,0.0,0.0,1.7490000000000003,,False,0.0,0.0,1.7490000000000003,0.0,False
1832,,0.0,0.0,0.0,1.7490000000000003,,False,0.0,0.0,1.7490000000000003,0.0,False
1833,,0.0,0.0,0.0,1.7490000000000003,,False,0.0,0.0,1.7490000000000003,0.0,False
1834,,0.0,0.0,0.0,1.7490000000000003,,False,0.0,0.0,1.7490000000000003,0.0,False
1835,10.946586024358318,10.946586024358318,8.745000000000001,0.0,1.7490000000000003,2.201586024358317,False,8.745000000000001,0.0,1.7490000000000003,2.201586024358317,False
1836,-2.8696109621095247,-2.8696109621095247,0.0,2.8696109621095247,5.942954667136974,0.0,False,0.0,0.0,5.942954667136974,-2.8696109621095247,False
1837,-4.480125970544926,-4.480125970544926,0.0,4.480125970544926,4.4470665462969095,0.0,False,0.0,1.1438937097838444,5.942954667136974,-3.336232260761082,False
1838,-3.494841581800329,-3.494841581800329,0.0,0.695663067345551,2.1116394421717626,-2.799178514454778,False,0.0,3.494841581800329,5.346658850539095,0.0,False
1839,6.562973143026274,6.562973143026274,6.562973143026274,0.0,1.7490000000000003,0.0,False,6.562973143026274,0.0,3.5248467389106053,0.0,False
1840,19.581046714723225,19.581046714723225,8.745000000000001,0.0,4.896491348598016,10.836046714723224,False,8.745000000000001,0.0,6.672338087508622,10.836046714723224,False
1841,-1.936199571379963,-1.936199571379963,0.0,1.936199571379963,9.09044601573499,0.0,False,0.0,0.0,10.866292754645595,-1.936199571379963,False
1842,-25.162480909688984,-25.162480909688984,0.0,8.745000000000001,8.08113221792536,-16.417480909688983,False,0.0,8.745000000000001,10.866292754645595,-16.417480909688983,False
1843,-13.297223898096536,-13.297223898096536,0.0,3.4021357202042095,3.5224858406025623,-9.895088177892326,False,0.0,0.0,6.307646377322798,-13.297223898096536,False
1844,-10.484761732191894,-10.484761732191894,0.0,0.0,1.7490000000000003,-10.484761732191894,False,0.0,0.0,6.307646377322798,-10.484761732191894,False
1845,-28.760507939427292,-28.760507939427292,0.0,0.0,1.7490000000000003,-28.760507939427292,True,0.0,8.745000000000001,6.307646377322798,-20.01550793942729,True
1846,-17.453968712365576,-17.453968712365576,0.0,0.0,1.7490000000000003,-17.453968712365576,False,0.0,0.0,1.7490000000000003,-17.453968712365576,False
1847,-5.805625885373707,-5.805625885373707,0.0,0.0,1.7490000000000003,-5.805625885373707,False,0.0,0.0,1.7490000000000003,-5.805625885373707,False
1848,-6.824999555977474,-6.824999555977474,0.0,0.0,1.7490000000000003,-6.824999555977474,False,0.0,0.0,1.7490000000000003,-6.824999555977474,False
1849,-6.374060565575977,-6.374060565575977,0.0,0.0,1.7490000000000003,-6.374060565575977,False,0.0,0.0,1.7490000000000003,-6.374060565575977,False
1850,-5.513307401055611,-5.513307401055611,0.0,0.0,1.7490000000000003,-5.513307401055611,False,0.0,0.0,1.7490000000000003,-5.513307401055611,False
1851,-6.3148348556132925,-6.3148348556132925,0.0,0.0,1.7490000000000003,-6.3148348556132925,False,0.0,0.0,1.7490000000000003,-6.3148348556132925,False
1852,29.509602197673836,29.509602197673836,8.745000000000001,0.0,1.7490000000000003,20.764602197673835,True,8.745000000000001,0.0,1.7490000000000003,20.764602197673835,True
1853,18.886882671543226,18.886882671543226,8.745000000000001,0.0,5.942954667136974,10.141882671543225,False,2.2813043478260857,0.0,5.942954667136974,16.60557832371714,False
1854,31.37393792956359,31.37393792956359,8.745000000000001,0.0,10.136909334273948,22.628937929563588,True,8.745000000000001,0.0,7.037029797694445,22.628937929563588,True
1855,42.659597833306805,42.659597833306805,2.940336814865897,0.0,14.330864001410923,39.71926101844091,True,8.745000000000001,0.0,11.230984464831419,33.9145978333068,True
1856,-17.72859092952814,-17.72859092952814,0.0,8.745000000000001,15.741000000000001,-8.983590929528138,False,0.0,8.745000000000001,15.424939131968394,-8.983590929528138,False
1857,-28.221375233010203,-28.221375233010203,0.0,8.745000000000001,11.182353622677205,-19.476375233010202,True,0.0,8.745000000000001,10.866292754645595,-19.476375233010202,True
1858,-11.012266345035274,-11.012266345035274,0.0,8.745000000000001,6.6237072453544075,-2.2672663450352726,False,0.0,8.745000000000001,6.307646377322798,-2.2672663450352726,False
1859,30.011047882909224,30.011047882909224,8.745000000000001,0.0,2.06506086803161,21.266047882909223,True,8.745000000000001,0.0,1.7490000000000003,21.266047882909223,True
1860,42.11123313592499,42.11123313592499,8.745000000000001,0.0,6.259015535168584,33.366233135924986,True,8.745000000000001,0.0,5.942954667136974,33.366233135924986,True
1861,19.887634164975967,19.887634164975967,8.745000000000001,0.0,10.452970202305558,11.142634164975966,False,7.475486846167198,0.0,10.136909334273948,12.41214731880877,False
1862,4.209849968698704,4.209849968698704,2.281304347826082,0.0,14.646924869442532,1.9285456208726215,False,4.209849968698704,0.0,13.722026881169771,0.0,False
1863,-2.7228435558776893,-2.7228435558776893,0.0,2.7228435558776893,15.741000000000001,0.0,False,0.0,2.7228435558776893,15.741000000000001,0.0,False
1864,5.998287838713097,5.998287838713097,2.9596125607366206,0.0,14.321619678442705,3.038675277976476,False,0.0,0.0,14.321619678442705,5.998287838713097,False
1865,15.901881004519849,15.901881004519849,0.0,0.0,15.741000000000001,15.901881004519849,False,2.9596125607366206,0.0,14.321619678442705,12.942268443783227,False
1866,-20.42315697665949,-20.42315697665949,0.0,8.745000000000001,15.741000000000001,-11.67815697665949,False,0.0,2.9331569766594896,15.741000000000001,-17.490000000000002,False
1867,-42.19300232368244,-42.19300232368244,0.0,8.745000000000001,11.182353622677205,-33.448002323682445,True,0.0,8.745000000000001,14.211986229186065,-33.448002323682445,True
1868,-16.58971199109604,-16.58971199109604,0.0,8.745000000000001,6.6237072453544075,-7.8447119910960375,False,0.0,8.745000000000001,9.653339851863269,-7.8447119910960375,False
1869,0.1904499308760783,0.1904499308760783,0.1904499308760783,0.0,2.06506086803161,0.0,False,0.1904499308760783,0.0,5.094693474540471,0.0,False
1870,-0.8679164619332986,-0.8679164619332986,0.0,0.7815238060826221,2.1563974462424325,-0.08639265585067657,False,0.0,0.8679164619332986,5.186030052751294,0.0,False
1871,2.4122107148697265,2.4122107148697265,2.4122107148697265,0.0,1.7490000000000003,0.0,False,2.4122107148697265,0.0,4.733597321475016,0.0,False
1872,7.182479351155571,7.182479351155571,7.182479351155571,0.0,2.9058556187244946,0.0,False,7.182479351155571,0.0,5.890452940199511,0.0,False
1873,-2.5032302578819525,-2.5032302578819525,0.0,2.5032302578819525,6.350451707505952,0.0,False,0.0,0.0,9.335049028980968,-2.5032302578819525,False
1874,-16.14068673461774,-16.14068673461774,0.0,6.32388460286132,5.045552731325463,-9.816802131756422,False,0.0,0.0,9.335049028980968,-16.14068673461774,False
1875,3.063118110037088,3.063118110037088,3.063118110037088,0.0,1.7490000000000006,0.0,False,3.063118110037088,0.0,9.335049028980968,0.0,False
1876,-3.7703391634561867,-3.7703391634561867,0.0,2.8180686612341224,3.2180198391745956,-0.9522705022220643,False,0.0,0.0,10.804068868155563,-3.7703391634561867,False
1877,-3.535636540453718,-3.535636540453718,0.0,0.0,1.7490000000000003,-3.535636540453718,False,0.0,0.0,10.804068868155563,-3.535636540453718,False
1878,25.709145598504406,25.709145598504406,8.745000000000001,0.0,1.7490000000000003,16.964145598504405,False,8.745000000000001,0.0,10.804068868155563,16.964145598504405,False
1879,-5.154523916180611,-5.154523916180611,0.0,5.154523916180611,5.942954667136974,0.0,False,0.0,0.24618156288083787,14.998023535292536,-4.908342353299773,False
1880,-36.488837829205224,-36.488837829205224,0.0,2.8908760838193914,3.2559733318230286,-33.59796174538583,True,0.0,8.745000000000001,14.869692524453153,-27.743837829205223,True
1881,-13.246587428946148,-13.246587428946148,0.0,0.0,1.7490000000000003,-13.246587428946148,False,0.0,8.745000000000001,10.311046147130355,-4.501587428946147,False
1882,15.577307918369476,15.577307918369476,8.745000000000001,0.0,1.7490000000000003,6.832307918369475,False,8.745000000000001,0.0,5.752399769807558,6.832307918369475,False
1883,10.564896498133196,10.564896498133196,8.745000000000001,0.0,5.942954667136974,1.819896498133195,False,8.745000000000001,0.0,9.946354436944532,1.819896498133195,False
1884,0.8707944085341193,0.8707944085341193,0.8707944085341193,0.0,10.136909334273948,0.0,False,0.8707944085341193,0.0,14.140309104081506,0.0,False
1885,2.4668768339552702,2.4668768339552702,2.4668768339552702,0.0,10.554527661751187,0.0,False,2.4668768339552702,0.0,14.557927431558745,0.0,False
1886,-4.987346787762041,-4.987346787762041,0.0,4.987346787762041,11.737600230192443,0.0,False,0.0,0.0,15.741000000000001,-4.987346787762041,False
1887,-11.473247628838529,-11.473247628838529,0.0,8.745000000000001,9.137765997318354,-2.7282476288385276,False,0.0,6.318741847161994,15.741000000000001,-5.1545057816765345,False
1888,-2.049282497175144,-2.049282497175144,0.0,2.049282497175144,4.579119619995557,0.0,False,0.0,2.049282497175144,12.447128115402748,0.0,False
1889,2.652275710572353,2.652275710572353,2.652275710572353,0.0,3.510857272155821,0.0,False,2.652275710572353,0.0,11.378865767563013,0.0,False
1890,-15.575729463913543,-15.575729463913543,0.0,5.8199219118796215,4.782844018283774,-9.755807552033922,False,0.0,0.0,12.650852513690968,-15.575729463913543,False
1891,-28.902867653695555,-28.902867653695555,0.0,4.2595540635239357e-16,1.7490000000000006,-28.902867653695555,True,0.0,8.745000000000001,12.650852513690968,-20.157867653695554,True
1892,-14.804747945170712,-14.804747945170712,0.0,0.0,1.7490000000000003,-14.804747945170712,False,0.0,0.0,8.092206136368171,-14.804747945170712,False
1893,-4.511205695057786,-4.511205695057786,0.0,0.0,1.7490000000000003,-4.511205695057786,False,0.0,0.0,8.092206136368171,-4.511205695057786,False
1894,-2.9377724732727986,-2.9377724732727986,0.0,0.0,1.7490000000000003,-2.9377724732727986,False,0.0,0.0,8.092206136368171,-2.9377724732727986,False
1895,-1.0085836008001963,-1.0085836008001963,0.0,0.0,1.7490000000000003,-1.0085836008001963,False,0.0,0.0,8.092206136368171,-1.0085836008001963,False
1896,-3.9012069422442375,-3.9012069422442375,0.0,0.0,1.7490000000000003,-3.9012069422442375,False,0.0,0.0,8.092206136368171,-3.9012069422442375,False
1897,-5.685269651323176,-5.685269651323176,0.0,0.0,1.7490000000000003,-5.685269651323176,False,0.0,0.0,8.092206136368171,-5.685269651323176,False
1898,-5.00610792139458,-5.00610792139458,0.0,0.0,1.7490000000000003,-5.00610792139458,False,0.0,0.0,8.092206136368171,-5.00610792139458,False
1899,-1.914247248827422,-1.914247248827422,0.0,0.0,1.7490000000000003,-1.914247248827422,False,0.0,0.0,8.092206136368171,-1.914247248827422,False
1900,2.3602616362244024,2.3602616362244024,2.3602616362244024,0.0,1.7490000000000003,0.0,False,2.3602616362244024,0.0,8.092206136368171,0.0,False
1901,0.49568891754375255,0.49568891754375255,0.49568891754375255,0.0,2.880941715827065,0.0,False,0.49568891754375255,0.0,9.224147852195236,0.0,False
1902,2.2401964324469663,2.2401964324469663,2.2401964324469663,0.0,3.118665769478374,0.0,False,2.2401964324469663,0.0,9.461871905846545,0.0,False
1903,5.239089285723571,5.239089285723571,5.239089285723571,0.0,4.1930262363925594,0.0,False,5.239089285723571,0.0,10.53623237276073,0.0,False
1904,4.244147466627667,4.244147466627667,4.244147466627667,0.0,6.705605191384862,0.0,False,4.244147466627667,0.0,13.048811327753032,0.0,False
1905,1.369453968619043,1.369453968619043,1.369453968619043,0.0,8.74102681238894,0.0,False,1.369453968619043,0.0,15.08423294875711,0.0,False
1906,-1.0808381624238688,-1.0808381624238688,0.0,1.0808381624238688,9.397793863631831,0.0,False,0.0,0.0,15.741000000000001,-1.0808381624238688,False
1907,-3.9369513713326354,-3.9369513713326354,0.0,3.9369513713326354,8.834368023310985,0.0,False,0.0,0.0,15.741000000000001,-3.9369513713326354,False
1908,-8.707322322948858,-8.707322322948858,0.0,8.707322322948858,6.782090252399431,0.0,False,0.0,0.0,15.741000000000001,-8.707322322948858,False
1909,-8.637242443065368,-8.637242443065368,0.0,0.9478188339052069,2.2430847219600105,-7.689423609160161,False,0.0,0.0,15.741000000000001,-8.637242443065368,False
1910,-7.307516992540699,-7.307516992540699,0.0,0.0,1.7490000000000003,-7.307516992540699,False,0.0,0.0,15.741000000000001,-7.307516992540699,False
1911,-6.889491619637957,-6.889491619637957,0.0,0.0,1.7490000000000003,-6.889491619637957,False,0.0,0.0,15.741000000000001,-6.889491619637957,False
1912,-6.390532896522912,-6.390532896522912,0.0,0.0,1.7490000000000003,-6.390532896522912,False,0.0,0.982153119171192,15.741000000000001,-5.40837977735172,False
1913,-3.6360748654953614,-3.6360748654953614,0.0,0.0,1.7490000000000003,-3.6360748654953614,False,0.0,3.6360748654953614,15.229017294604228,0.0,False
1914,-3.1829402930426105,-3.1829402930426105,0.0,0.0,1.7490000000000003,-3.1829402930426105,False,0.0,3.1829402930426105,13.333582244488172,0.0,False
1915,-6.377133873243532,-6.377133873243532,0.0,0.0,1.7490000000000003,-6.377133873243532,False,0.0,6.377133873243532,11.674359919032087,0.0,False
1916,-7.812059946469745,-7.812059946469745,0.0,0.0,1.7490000000000003,-7.812059946469745,False,0.0,7.812059946469745,8.35004908667484,0.0,False
1917,-4.85094777225419,-4.85094777225419,0.0,0.0,1.7490000000000003,-4.85094777225419,False,0.0,4.85094777225419,4.277731330882637,0.0,False
1918,1.7769116545260508,1.7769116545260508,1.7769116545260508,0.0,1.7490000000000003,0.0,False,1.7769116545260508,0.0,1.7490000000000003,0.0,False
1919,4.895722622361538,4.895722622361538,4.895722622361538,0.0,2.6011768926917798,0.0,False,4.895722622361538,0.0,2.6011768926917798,0.0,False
1920,0.26439680555411305,0.26439680555411305,0.26439680555411305,0.0,4.949082980863448,0.0,False,0.26439680555411305,0.0,4.949082980863448,0.0,False
1921,-9.431295106870943,-9.431295106870943,0.0,6.382068595846367,5.075883234337408,-3.0492265110245755,False,0.0,0.0,5.075883234337408,-9.431295106870943,False
1922,-12.039947758119276,-12.039947758119276,0.0,4.2595540635239357e-16,1.7490000000000006,-12.039947758119276,False,0.0,0.0,5.075883234337408,-12.039947758119276,False
1923,-7.705578895505384,-7.705578895505384,0.0,0.0,1.7490000000000003,-7.705578895505384,False,0.0,0.0,5.075883234337408,-7.705578895505384,False
1924,-6.706877643885344,-6.706877643885344,0.0,0.0,1.7490000000000003,-6.706877643885344,False,0.0,0.0,5.075883234337408,-6.706877643885344,False
1925,-5.667260902654765,-5.667260902654765,0.0,0.0,1.7490000000000003,-5.667260902654765,False,0.0,0.0,5.075883234337408,-5.667260902654765,False
1926,-4.464287192739046,-4.464287192739046,0.0,0.0,1.7490000000000003,-4.464287192739046,False,0.0,0.0,5.075883234337408,-4.464287192739046,False
1927,-3.5191177408569914,-3.5191177408569914,0.0,0.0,1.7490000000000003,-3.5191177408569914,False,0.0,0.0,5.075883234337408,-3.5191177408569914,False
1928,-2.7803608149474828,-2.7803608149474828,0.0,0.0,1.7490000000000003,-2.7803608149474828,False,0.0,0.0,5.075883234337408,-2.7803608149474828,False
1929,-2.361234978577661,-2.361234978577661,0.0,0.0,1.7490000000000003,-2.361234978577661,False,0.0,0.0,5.075883234337408,-2.361234978577661,False
1930,-2.364944291456238,-2.364944291456238,0.0,0.0,1.7490000000000003,-2.364944291456238,False,0.0,0.0,5.075883234337408,-2.364944291456238,False
1931,-2.3938611512123336,-2.3938611512123336,0.0,0.0,1.7490000000000003,-2.3938611512123336,False,0.0,0.0,5.075883234337408,-2.3938611512123336,False
1932,-1.178088446709522,-1.178088446709522,0.0,0.0,1.7490000000000003,-1.178088446709522,False,0.0,0.0,5.075883234337408,-1.178088446709522,False
1933,-1.264579443239721,-1.264579443239721,0.0,0.0,1.7490000000000003,-1.264579443239721,False,0.0,0.0,5.075883234337408,-1.264579443239721,False
1934,0.8967851259218435,0.8967851259218435,0.8967851259218435,0.0,1.7490000000000003,0.0,False,0.8967851259218435,0.0,5.075883234337408,0.0,False
1935,0.9473825053690847,0.9473825053690847,0.9473825053690847,0.0,2.1790830376533945,0.0,False,0.9473825053690847,0.0,5.505966271990802,0.0,False
1936,-4.891360228980138,-4.891360228980138,0.0,1.696634220787654,2.6334317260417985,-3.1947260081924838,False,0.0,0.0,5.960314960379206,-4.891360228980138,False
1937,-6.3257923028034915,-6.3257923028034915,0.0,0.0,1.7490000000000003,-6.3257923028034915,False,0.0,0.0,5.960314960379206,-6.3257923028034915,False
1938,-4.61374872514954,-4.61374872514954,0.0,0.0,1.7490000000000003,-4.61374872514954,False,0.0,0.0,5.960314960379206,-4.61374872514954,False
1939,-2.0999701239907256,-2.0999701239907256,0.0,0.0,1.7490000000000003,-2.0999701239907256,False,0.0,0.0,5.960314960379206,-2.0999701239907256,False
1940,0.3802474922097013,0.3802474922097013,0.3802474922097013,0.0,1.7490000000000003,0.0,False,0.3802474922097013,0.0,5.960314960379206,0.0,False
1941,-2.9246380706684136,-2.9246380706684136,0.0,0.34982769283292514,1.9313602909799896,-2.5748103778354885,False,0.0,1.8238070274586946,6.142675251359195,-1.100831043209719,False
1942,-5.584949994574981,-5.584949994574981,0.0,0.0,1.7490000000000003,-5.584949994574981,False,0.0,5.584949994574981,5.191950117149883,0.0,False
1943,-1.0197734874332698,-1.0197734874332698,0.0,0.0,1.7490000000000003,-1.0197734874332698,False,0.0,1.0197734874332698,2.2805936780077203,0.0,False
1944,4.395419370866438,4.395419370866438,4.395419370866438,0.0,1.7490000000000003,0.0,False,4.395419370866438,0.0,1.7490000000000003,0.0,False
1945,3.2464837973965297,3.2464837973965297,3.2464837973965297,0.0,3.8569690776980634,0.0,False,3.2464837973965297,0.0,3.8569690776980634,0.0,False
1946,-3.1936042613877063,-3.1936042613877063,0.0,3.1936042613877063,5.41392801124589,0.0,False,0.0,0.0,5.41392801124589,-3.1936042613877063,False
1947,-5.921707874635166,-5.921707874635166,0.0,3.836946653414226,3.7491467080123035,-2.0847612212209397,False,0.0,0.0,5.41392801124589,-5.921707874635166,False
1948,-5.717673616048013,-5.717673616048013,0.0,4.2595540635239357e-16,1.7490000000000006,-5.717673616048013,False,0.0,0.0,5.41392801124589,-5.717673616048013,False
1949,-3.0945665195353307,-3.0945665195353307,0.0,0.0,1.7490000000000003,-3.0945665195353307,False,0.0,0.0,5.41392801124589,-3.0945665195353307,False
1950,-3.1879738575015364,-3.1879738575015364,0.0,0.0,1.7490000000000003,-3.1879738575015364,False,0.0,0.0,5.41392801124589,-3.1879738575015364,False
1951,-8.351460684072848,-8.351460684072848,0.0,0.0,1.7490000000000003,-8.351460684072848,False,0.0,0.0,5.41392801124589,-8.351460684072848,False
1952,-7.969399674494329,-7.969399674494329,0.0,0.0,1.7490000000000003,-7.969399674494329,False,0.0,2.2012513174771375,5.41392801124589,-5.768148357017191,False
1953,-4.652622359306501,-4.652622359306501,0.0,0.0,1.7490000000000003,-4.652622359306501,False,0.0,4.652622359306501,4.266446439605617,0.0,False
1954,-0.17667723801829335,-0.17667723801829335,0.0,0.0,1.7490000000000003,-0.17667723801829335,False,0.0,0.17667723801829335,1.8410993769065174,0.0,False
1955,6.240039288387068,6.240039288387068,6.240039288387068,0.0,1.7490000000000003,0.0,False,0.0,0.0,1.7490000000000003,6.240039288387068,False
1956,6.8998065790227425,6.8998065790227425,6.8998065790227425,0.0,4.741617712595658,0.0,False,1.0498819387122584,0.0,1.7490000000000003,5.849924640310484,False
1957,0.44809567360480546,0.44809567360480546,0.44809567360480546,0.0,8.050648702239435,0.0,False,0.44809567360480546,0.0,2.2525056897432925,0.0,False
1958,-1.3781394033316985,-1.3781394033316985,0.0,1.3781394033316985,8.265547837932832,0.0,False,0.0,1.3781394033316985,2.46740482543669,0.0,False
1959,5.072587700832543,5.072587700832543,5.072587700832543,0.0,7.547143012496143,0.0,False,0.0,0.0,1.7490000000000003,5.072587700832543,False
1960,4.729810356283721,4.729810356283721,4.729810356283721,0.0,9.979870612538253,0.0,False,0.0,0.0,1.7490000000000003,4.729810356283721,False
1961,1.5833306121931985,1.5833306121931985,1.5833306121931985,0.0,12.248207973133898,0.0,False,0.0,0.0,1.7490000000000003,1.5833306121931985,False
1962,6.641282848330713,6.641282848330713,5.699644216858884,0.0,13.007546659312114,0.9416386314718288,False,0.0,0.0,1.7490000000000003,6.641282848330713,False
1963,9.682176669424237,9.682176669424237,0.0,0.0,15.741000000000001,9.682176669424237,False,0.0,0.0,1.7490000000000003,9.682176669424237,False
1964,5.57723926641999,5.57723926641999,0.0,0.0,15.741000000000001,5.57723926641999,False,0.0,0.0,1.7490000000000003,5.57723926641999,False
1965,6.857164697482412,6.857164697482412,0.0,0.0,15.741000000000001,6.857164697482412,False,4.161814841158987,0.0,1.7490000000000003,2.6953498563234257,False
1966,2.671698133545375,2.671698133545375,0.0,0.0,15.741000000000001,2.671698133545375,False,2.671698133545375,0.0,3.744936280942099,0.0,False
1967,-4.404591896510929,-4.404591896510929,0.0,4.404591896510929,15.741000000000001,0.0,False,0.0,4.404591896510929,5.026237693905365,0.0,False
1968,-1.882240040217083,-1.882240040217083,0.0,1.882240040217083,13.444947753846211,0.0,False,0.0,1.882240040217083,2.730185447751575,0.0,False
1969,16.749907191328358,16.749907191328358,6.833512974704361,0.0,12.463762306094637,9.916394216623997,False,4.903448216866529,0.0,1.7490000000000003,11.846458974461829,False
1970,15.197849216142744,15.197849216142744,0.0,0.0,15.741000000000001,15.197849216142744,False,8.745000000000001,0.0,4.100611153138005,6.452849216142743,False
1971,4.074668680520435,4.074668680520435,0.0,0.0,15.741000000000001,4.074668680520435,False,4.074668680520435,0.0,8.294565820274979,0.0,False
1972,10.238292846195186,10.238292846195186,0.0,0.0,15.741000000000001,10.238292846195186,False,8.745000000000001,0.0,10.248708270784473,1.4932928461951853,False
1973,2.707219917478936,2.707219917478936,0.0,0.0,15.741000000000001,2.707219917478936,False,2.707219917478936,0.0,14.442662937921448,0.0,False
1974,-8.661954656068279,-8.661954656068279,0.0,8.661954656068279,15.741000000000001,0.0,False,0.0,8.661954656068279,15.741000000000001,0.0,False
1975,-8.94049371395557,-8.94049371395557,0.0,8.745000000000001,11.225644000752432,-0.19549371395556925,False,0.0,8.745000000000001,11.225644000752432,-0.19549371395556925,False
1976,0.6093490067411056,0.6093490067411056,0.6093490067411056,0.0,6.666997623429634,0.0,False,0.6093490067411056,0.0,6.666997623429634,0.0,False
1977,9.693026466895034,9.693026466895034,8.745000000000001,0.0,6.959231140952463,0.9480264668950333,False,8.745000000000001,0.0,6.959231140952463,0.9480264668950333,False
1978,3.703025295453088,3.703025295453088,3.703025295453088,0.0,11.153185808089436,0.0,False,3.703025295453088,0.0,11.153185808089436,0.0,False
1979,1.8978540592257904,1.8978540592257904,1.8978540592257904,0.0,12.929094352445269,0.0,False,1.8978540592257904,0.0,12.929094352445269,0.0,False
1980,-1.5727414127433847,-1.5727414127433847,0.0,1.5727414127433847,13.839273184833473,0.0,False,0.0,0.0,13.839273184833473,-1.5727414127433847,False
1981,-12.868474566834475,-12.868474566834475,0.0,8.745000000000001,13.019425049479766,-4.123474566834474,False,0.0,0.0,13.839273184833473,-12.868474566834475,False
1982,-9.792705209919818,-9.792705209919818,0.0,8.745000000000001,8.46077867215697,-1.0477052099198172,False,0.0,0.0,13.839273184833473,-9.792705209919818,False
1983,-2.7911079945143547,-2.7911079945143547,0.0,2.7911079945143547,3.902132294834172,0.0,False,0.0,0.0,13.839273184833473,-2.7911079945143547,False
1984,-4.827384201870592,-4.827384201870592,0.0,1.339315898856997,2.447166674718728,-3.488068303013595,False,0.0,0.0,13.839273184833473,-4.827384201870592,False
1985,-13.940506614925232,-13.940506614925232,0.0,0.0,1.7490000000000003,-13.940506614925232,False,0.0,5.703165306114734,13.839273184833473,-8.237341308810498,False
1986,-8.194765367731687,-8.194765367731687,0.0,0.0,1.7490000000000003,-8.194765367731687,False,0.0,0.0,10.866292754645595,-8.194765367731687,False
1987,-8.555251134847085,-8.555251134847085,0.0,0.0,1.7490000000000003,-8.555251134847085,False,0.0,0.0,10.866292754645595,-8.555251134847085,False
1988,-18.92165904019798,-18.92165904019798,0.0,0.0,1.7490000000000003,-18.92165904019798,True,0.0,8.745000000000001,10.866292754645595,-10.176659040197979,False
1989,-12.719814764235522,-12.719814764235522,0.0,0.0,1.7490000000000003,-12.719814764235522,False,0.0,8.745000000000001,6.307646377322798,-3.9748147642355214,False
1990,-4.713828526779632,-4.713828526779632,0.0,0.0,1.7490000000000003,-4.713828526779632,False,0.0,0.0,1.7490000000000003,-4.713828526779632,False
1991,-1.3186518710620294,-1.3186518710620294,0.0,0.0,1.7490000000000003,-1.3186518710620294,False,0.0,0.0,1.7490000000000003,-1.3186518710620294,False
1992,7.23781314335862,7.23781314335862,7.23781314335862,0.0,1.7490000000000003,0.0,False,0.0,0.0,1.7490000000000003,7.23781314335862,False
1993,12.365404079172967,12.365404079172967,8.745000000000001,0.0,5.220133243276639,3.6204040791729657,False,7.934134990641669,0.0,1.7490000000000003,4.431269088531297,False
1994,9.75777195775847,9.75777195775847,8.745000000000001,0.0,9.414087910413613,1.0127719577584688,False,8.745000000000001,0.0,5.554077469833779,1.0127719577584688,False
1995,10.99991242475882,10.99991242475882,4.4475236715072795,0.0,13.608042577550588,6.552388753251541,False,8.745000000000001,0.0,9.748032136970753,2.2549124247588193,False
1996,3.7512018242242298,3.7512018242242298,0.0,0.0,15.741000000000001,3.7512018242242298,False,3.7512018242242298,0.0,13.941986804107728,0.0,False
1997,-11.181432938211323,-11.181432938211323,0.0,8.745000000000001,15.741000000000001,-2.436432938211322,False,0.0,8.745000000000001,15.741000000000001,-2.436432938211322,False
1998,-14.648245366426275,-14.648245366426275,0.0,8.745000000000001,11.182353622677205,-5.903245366426274,False,0.0,8.745000000000001,11.182353622677205,-5.903245366426274,False
1999,-3.482666057484556,-3.482666057484556,0.0,3.482666057484556,6.6237072453544075,0.0,False,0.0,3.482666057484556,6.6237072453544075,0.0,False
2000,1.5705901673352975,1.5705901673352975,1.5705901673352975,0.0,4.80824206452227,0.0,False,1.5705901673352975,0.0,4.80824206452227,0.0,False
2001,1.6557523763055007,1.6557523763055007,1.6557523763055007,0.0,5.561470647993432,0.0,False,1.6557523763055007,0.0,5.561470647993432,0.0,False
2002,5.79476952922789,5.79476952922789,5.79476952922789,0.0,6.355541592102019,0.0,False,5.79476952922789,0.0,6.355541592102019,0.0,False
2003,0.6270574293076874,0.6270574293076874,0.6270574293076874,0.0,9.13461542996233,0.0,False,0.6270574293076874,0.0,9.13461542996233,0.0,False
2004,-13.052287993075597,-13.052287993075597,0.0,8.745000000000001,9.435341608602455,-4.307287993075596,False,0.0,0.0,9.435341608602455,-13.052287993075597,False
2005,-17.712804635988782,-17.712804635988782,0.0,5.999959754194339,4.876695231279657,-11.712844881794442,False,0.0,0.22280463598877986,9.435341608602455,-17.490000000000002,False
2006,-7.682595811585966,-7.682595811585966,0.0,4.2595540635239357e-16,1.7490000000000006,-7.682595811585966,False,0.0,0.0,9.319196663296454,-7.682595811585966,False
2007,-0.1894713765623995,-0.1894713765623995,0.0,0.0,1.7490000000000003,-0.1894713765623995,False,0.0,0.0,9.319196663296454,-0.1894713765623995,False
2008,2.1509979274175866,2.1509979274175866,2.1509979274175866,0.0,1.7490000000000003,0.0,False,2.1509979274175866,0.0,9.319196663296454,0.0,False
2009,5.812041581282827,5.812041581282827,5.812041581282827,0.0,2.780582366688959,0.0,False,5.812041581282827,0.0,10.350779029985413,0.0,False
2010,2.0244041310716008,2.0244041310716008,2.0244041310716008,0.0,5.567939589721008,0.0,False,2.0244041310716008,0.0,13.13813625301746,0.0,False
2011,-13.371942947447474,-13.371942947447474,0.0,8.745000000000001,6.538809704492776,-4.626942947447473,False,0.0,0.0,14.109006367789227,-13.371942947447474,False
2012,-17.772144029651894,-17.772144029651894,0.0,0.4434481485902529,1.9801633271699783,-17.32869588106164,False,0.0,8.745000000000001,14.109006367789227,-9.027144029651893,False
2013,-11.117790179242036,-11.117790179242036,0.0,0.0,1.7490000000000003,-11.117790179242036,False,0.0,0.0,9.55035999046643,-11.117790179242036,False
2014,-7.778756481327525,-7.778756481327525,0.0,0.0,1.7490000000000003,-7.778756481327525,False,0.0,0.0,9.55035999046643,-7.778756481327525,False
2015,-7.4878967337839155,-7.4878967337839155,0.0,0.0,1.7490000000000003,-7.4878967337839155,False,0.0,0.0,9.55035999046643,-7.4878967337839155,False
2016,-6.122838826411403,-6.122838826411403,0.0,0.0,1.7490000000000003,-6.122838826411403,False,0.0,0.0,9.55035999046643,-6.122838826411403,False
2017,-4.22599349140441,-4.22599349140441,0.0,0.0,1.7490000000000003,-4.22599349140441,False,0.0,0.0,9.55035999046643,-4.22599349140441,False
2018,0.8968228164409842,0.8968228164409842,0.8968228164409842,0.0,1.7490000000000003,0.0,False,0.8968228164409842,0.0,9.55035999046643,0.0,False
2019,2.2952910516341176,2.2952910516341176,2.2952910516341176,0.0,2.1791011133913774,0.0,False,2.2952910516341176,0.0,9.980461103857806,0.0,False
2020,-4.930714377904105,-4.930714377904105,0.0,2.9367447586290942,3.279884031451828,-1.9939696192750112,False,0.0,0.0,11.081244021918256,-4.930714377904105,False
2021,-7.770787253927561,-7.770787253927561,0.0,0.0,1.7490000000000003,-7.770787253927561,False,0.0,0.0,11.081244021918256,-7.770787253927561,False
2022,-6.670387274824143,-6.670387274824143,0.0,0.0,1.7490000000000003,-6.670387274824143,False,0.0,0.0,11.081244021918256,-6.670387274824143,False
2023,-9.3664949603823,-9.3664949603823,0.0,0.0,1.7490000000000003,-9.3664949603823,False,0.0,0.0,11.081244021918256,-9.3664949603823,False
2024,-7.663948697458015,-7.663948697458015,0.0,0.0,1.7490000000000003,-7.663948697458015,False,0.0,5.144687687974159,11.081244021918256,-2.5192610094838566,False
2025,-2.8957565394339615,-2.8957565394339615,0.0,0.0,1.7490000000000003,-2.8957565394339615,False,0.0,2.8957565394339615,8.39939017500681,0.0,False
2026,-2.1967098128022395,-2.1967098128022395,0.0,0.0,1.7490000000000003,-2.1967098128022395,False,0.0,2.1967098128022395,6.889872729826772,0.0,False
2027,-2.5078598604287596,-2.5078598604287596,0.0,0.0,1.7490000000000003,-2.5078598604287596,False,0.0,2.5078598604287596,5.744758581152059,0.0,False
2028,-2.6266802976457155,-2.6266802976457155,0.0,0.0,1.7490000000000003,-2.6266802976457155,False,0.0,2.6266802976457155,4.437446257815658,0.0,False
2029,-2.5306538271400636,-2.5306538271400636,0.0,0.0,1.7490000000000003,-2.5306538271400636,False,0.0,2.5306538271400636,3.0681944998685107,0.0,False
2030,0.4522366461173749,0.4522366461173749,0.4522366461173749,0.0,1.7490000000000003,0.0,False,0.0,0.0,1.7490000000000003,0.4522366461173749,False
2031,24.808384953578614,24.808384953578614,8.745000000000001,0.0,1.965885076344693,16.063384953578613,False,7.318384953578612,0.0,1.7490000000000003,17.490000000000002,False
2032,65.61734200569215,65.61734200569215,8.745000000000001,0.0,6.159839743481667,56.87234200569215,True,6.964272406682132,0.0,5.25877412601098,58.65306959901002,True
2033,46.82770314720855,46.82770314720855,8.745000000000001,0.0,10.35379441061864,38.08270314720855,True,8.745000000000001,0.0,8.598721840501291,38.08270314720855,True
2034,1.0466683400353975,1.0466683400353975,1.0466683400353975,0.0,14.547749077755615,0.0,False,0.0,0.0,12.792676507638266,1.0466683400353975,False
2035,-7.957867774820972,-7.957867774820972,0.0,7.957867774820972,15.04971357971513,0.0,False,0.0,7.957867774820972,12.792676507638266,0.0,False
2036,-16.208685328293413,-16.208685328293413,0.0,8.745000000000001,10.90138823918895,-7.463685328293412,False,0.0,8.745000000000001,8.644351167112085,-7.463685328293412,False
2037,9.593527868810925,9.593527868810925,8.745000000000001,0.0,6.342741861866153,0.8485278688109243,False,0.0,0.0,4.085704789789287,9.593527868810925,False
2038,27.924184177842783,27.924184177842783,8.745000000000001,0.0,10.536696529003127,19.17918417784278,True,8.745000000000001,0.0,4.085704789789287,19.17918417784278,True
2039,4.500055597719865,4.500055597719865,2.106722888301134,0.0,14.730651196140101,2.3933327094187313,False,0.0,0.0,8.279659456926261,4.500055597719865,False
2040,-5.716777263794637,-5.716777263794637,0.0,5.716777263794637,15.741000000000001,0.0,False,0.0,5.716777263794637,8.279659456926261,0.0,False
2041,4.133583072041958,4.133583072041958,4.133583072041958,0.0,12.760923846362637,0.0,False,0.0,0.0,5.2995833032888955,4.133583072041958,False
2042,15.474078745931335,15.474078745931335,2.0803052581696044,0.0,14.743320646475702,13.393773487761731,False,0.0,0.0,5.2995833032888955,15.474078745931335,False
2043,13.762553146196144,13.762553146196144,0.0,0.0,15.741000000000001,13.762553146196144,False,0.0,0.0,5.2995833032888955,13.762553146196144,False
2044,12.709575360787019,12.709575360787019,0.0,0.0,15.741000000000001,12.709575360787019,False,0.0,0.0,5.2995833032888955,12.709575360787019,False
2045,4.17431681639511,4.17431681639511,0.0,0.0,15.741000000000001,4.17431681639511,False,0.0,0.0,5.2995833032888955,4.17431681639511,False
2046,1.6198300759504356,1.6198300759504356,0.0,0.0,15.741000000000001,1.6198300759504356,False,0.0,0.0,5.2995833032888955,1.6198300759504356,False
2047,8.482605501293943,8.482605501293943,0.0,0.0,15.741000000000001,8.482605501293943,False,0.0,0.0,5.2995833032888955,8.482605501293943,False
2048,12.987260916431099,12.987260916431099,0.0,0.0,15.741000000000001,12.987260916431099,False,0.0,0.0,5.2995833032888955,12.987260916431099,False
2049,15.509660869675136,15.509660869675136,0.0,0.0,15.741000000000001,15.509660869675136,False,0.0,0.0,5.2995833032888955,15.509660869675136,False
2050,24.326990537077613,24.326990537077613,0.0,0.0,15.741000000000001,24.326990537077613,True,6.836990537077611,0.0,5.2995833032888955,17.490000000000002,False
2051,25.23404130114805,25.23404130114805,0.0,0.0,15.741000000000001,25.23404130114805,True,7.744041301148048,0.0,8.578488777519652,17.490000000000002,False
2052,12.319587798920704,12.319587798920704,0.0,0.0,15.741000000000001,12.319587798920704,False,0.0,0.0,12.292400516507799,12.319587798920704,False
2053,13.174643136375645,13.174643136375645,0.0,0.0,15.741000000000001,13.174643136375645,False,0.0,0.0,12.292400516507799,13.174643136375645,False
2054,18.416491875304587,18.416491875304587,0.0,0.0,15.741000000000001,18.416491875304587,True,0.0,0.0,12.292400516507799,18.416491875304587,True
2055,17.098663424029656,17.098663424029656,0.0,0.0,15.741000000000001,17.098663424029656,False,0.0,0.0,12.292400516507799,17.098663424029656,False
2056,14.622163702078206,14.622163702078206,0.0,0.0,15.741000000000001,14.622163702078206,False,0.0,0.0,12.292400516507799,14.622163702078206,False
2057,16.505001893457532,16.505001893457532,0.0,0.0,15.741000000000001,16.505001893457532,False,0.0,0.0,12.292400516507799,16.505001893457532,False
2058,20.689398081630546,20.689398081630546,0.0,0.0,15.741000000000001,20.689398081630546,True,3.1993980816305445,0.0,12.292400516507799,17.490000000000002,False
2059,21.481428924548528,21.481428924548528,0.0,0.0,15.741000000000001,21.481428924548528,True,3.9914289245485257,0.0,13.8267779340588,17.490000000000002,False
2060,16.448085711593535,16.448085711593535,0.0,0.0,15.741000000000001,16.448085711593535,False,0.0,0.0,15.741000000000001,16.448085711593535,False
2061,15.911906157917548,15.911906157917548,0.0,0.0,15.741000000000001,15.911906157917548,False,0.0,0.0,15.741000000000001,15.911906157917548,False
2062,11.038905934005433,11.038905934005433,0.0,0.0,15.741000000000001,11.038905934005433,False,0.0,0.0,15.741000000000001,11.038905934005433,False
2063,3.0304952604644297,3.0304952604644297,0.0,0.0,15.741000000000001,3.0304952604644297,False,0.0,0.0,15.741000000000001,3.0304952604644297,False
2064,6.76755570684549,6.76755570684549,0.0,0.0,15.741000000000001,6.76755570684549,False,0.0,0.0,15.741000000000001,6.76755570684549,False
2065,5.1895795969424166,5.1895795969424166,0.0,0.0,15.741000000000001,5.1895795969424166,False,0.0,0.0,15.741000000000001,5.1895795969424166,False
2066,11.552435322106271,11.552435322106271,0.0,0.0,15.741000000000001,11.552435322106271,False,0.0,0.0,15.741000000000001,11.552435322106271,False
2067,3.1236511825546853,3.1236511825546853,0.0,0.0,15.741000000000001,3.1236511825546853,False,0.0,0.0,15.741000000000001,3.1236511825546853,False
2068,-13.044784868847389,-13.044784868847389,0.0,8.745000000000001,15.741000000000001,-4.299784868847388,False,0.0,8.514769623924229,15.741000000000001,-4.53001524492316,False
2069,-10.574000813557431,-10.574000813557431,0.0,8.745000000000001,11.182353622677205,-1.82900081355743,False,0.0,8.745000000000001,11.302369502591153,-1.82900081355743,False
2070,3.5871877261475484,3.5871877261475484,3.5871877261475484,0.0,6.6237072453544075,0.0,False,3.5871877261475484,0.0,6.743723125268356,0.0,False
2071,5.008964180643321,5.008964180643321,5.008964180643321,0.0,8.344062043064296,0.0,False,5.008964180643321,0.0,8.464077922978245,0.0,False
2072,-9.861481225208406,-9.861481225208406,0.0,8.745000000000001,10.746276874731647,-1.116481225208405,False,0.0,8.745000000000001,10.866292754645595,-1.116481225208405,False
2073,-11.078592913824657,-11.078592913824657,0.0,8.51476962392423,6.18763049740885,-2.5638232899004265,False,0.0,8.745000000000001,6.307646377322798,-2.3335929138246563,False
2074,0.39421659552222693,0.39421659552222693,0.39421659552222693,0.0,1.7490000000000006,0.0,False,0.39421659552222693,0.0,1.7490000000000003,0.0,False
2075,5.4431169856357045,5.4431169856357045,5.4431169856357045,0.0,1.9380596375818522,0.0,False,5.4431169856357045,0.0,1.938059637581852,0.0,False
2076,,0.0,0.0,0.0,4.548486840060914,,False,0.0,0.0,4.548486840060914,0.0,False
2077,,0.0,0.0,0.0,4.548486840060914,,False,0.0,0.0,4.548486840060914,0.0,False
2078,,0.0,0.0,0.0,4.548486840060914,,False,0.0,0.0,4.548486840060914,0.0,False
2079,,0.0,0.0,0.0,4.548486840060914,,False,0.0,0.0,4.548486840060914,0.0,False
2080,,0.0,0.0,0.0,4.548486840060914,,False,0.0,0.0,4.548486840060914,0.0,False
2081,,0.0,0.0,0.0,4.548486840060914,,False,0.0,0.0,4.548486840060914,0.0,False
2082,,0.0,0.0,0.0,4.548486840060914,,False,0.0,0.0,4.548486840060914,0.0,False
2083,,0.0,0.0,0.0,4.548486840060914,,False,0.0,0.0,4.548486840060914,0.0,False
2084,,0.0,0.0,0.0,4.548486840060914,,False,0.0,0.0,4.548486840060914,0.0,False
2085,,0.0,0.0,0.0,4.548486840060914,,False,0.0,0.0,4.548486840060914,0.0,False
2086,,0.0,0.0,0.0,4.548486840060914,,False,0.0,0.0,4.548486840060914,0.0,False
2087,,0.0,0.0,0.0,4.548486840060914,,False,0.0,0.0,4.548486840060914,0.0,False
2088,,0.0,0.0,0.0,4.548486840060914,,False,0.0,0.0,4.548486840060914,0.0,False
2089,,0.0,0.0,0.0,4.548486840060914,,False,0.0,0.0,4.548486840060914,0.0,False
2090,,0.0,0.0,0.0,4.548486840060914,,False,0.0,0.0,4.548486840060914,0.0,False
2091,,0.0,0.0,0.0,4.548486840060914,,False,0.0,0.0,4.548486840060914,0.0,False
2092,,0.0,0.0,0.0,4.548486840060914,,False,0.0,0.0,4.548486840060914,0.0,False
2093,,0.0,0.0,0.0,4.548486840060914,,False,0.0,0.0,4.548486840060914,0.0,False
2094,,0.0,0.0,0.0,4.548486840060914,,False,0.0,0.0,4.548486840060914,0.0,False
2095,,0.0,0.0,0.0,4.548486840060914,,False,0.0,0.0,4.548486840060914,0.0,False
2096,,0.0,0.0,0.0,4.548486840060914,,False,0.0,0.0,4.548486840060914,0.0,False
2097,,0.0,0.0,0.0,4.548486840060914,,False,0.0,0.0,4.548486840060914,0.0,False
2098,,0.0,0.0,0.0,4.548486840060914,,False,0.0,0.0,4.548486840060914,0.0,False
2099,,0.0,0.0,0.0,4.548486840060914,,False,0.0,0.0,4.548486840060914,0.0,False
2100,,0.0,0.0,0.0,4.548486840060914,,False,0.0,0.0,4.548486840060914,0.0,False
2101,,0.0,0.0,0.0,4.548486840060914,,False,0.0,0.0,4.548486840060914,0.0,False
2102,,0.0,0.0,0.0,4.548486840060914,,False,0.0,0.0,4.548486840060914,0.0,False
2103,,0.0,0.0,0.0,4.548486840060914,,False,0.0,0.0,4.548486840060914,0.0,False
2104,,0.0,0.0,0.0,4.548486840060914,,False,0.0,0.0,4.548486840060914,0.0,False
2105,,0.0,0.0,0.0,4.548486840060914,,False,0.0,0.0,4.548486840060914,0.0,False
2106,,0.0,0.0,0.0,4.548486840060914,,False,0.0,0.0,4.548486840060914,0.0,False
2107,,0.0,0.0,0.0,4.548486840060914,,False,0.0,0.0,4.548486840060914,0.0,False
2108,,0.0,0.0,0.0,4.548486840060914,,False,0.0,0.0,4.548486840060914,0.0,False
2109,,0.0,0.0,0.0,4.548486840060914,,False,0.0,0.0,4.548486840060914,0.0,False
2110,,0.0,0.0,0.0,4.548486840060914,,False,0.0,0.0,4.548486840060914,0.0,False
2111,,0.0,0.0,0.0,4.548486840060914,,False,0.0,0.0,4.548486840060914,0.0,False
2112,,0.0,0.0,0.0,4.548486840060914,,False,0.0,0.0,4.548486840060914,0.0,False
2113,,0.0,0.0,0.0,4.548486840060914,,False,0.0,0.0,4.548486840060914,0.0,False
2114,,0.0,0.0,0.0,4.548486840060914,,False,0.0,0.0,4.548486840060914,0.0,False
2115,,0.0,0.0,0.0,4.548486840060914,,False,0.0,0.0,4.548486840060914,0.0,False
2116,-3.093753151136333,-3.093753151136333,0.0,3.093753151136333,4.548486840060914,0.0,False,0.0,0.1365625328956096,4.548486840060914,-2.9571906182407237,False
2117,-3.110077780721713,-3.110077780721713,0.0,2.2765937435289634,2.9357565261948606,-0.8334840371927497,False,0.0,3.110077780721713,4.477298698738719,0.0,False
2118,-1.8371784448376498,-1.8371784448376498,0.0,0.0,1.7490000000000003,-1.8371784448376498,False,0.0,1.8371784448376498,2.8560585834409298,0.0,False
2119,-0.2865281362103237,-0.2865281362103237,0.0,0.0,1.7490000000000003,-0.2865281362103237,False,0.0,0.2865281362103237,1.8983631160819037,0.0,False
2120,4.66915660414567,4.66915660414567,4.66915660414567,0.0,1.7490000000000003,0.0,False,4.66915660414567,0.0,1.7490000000000003,0.0,False
2121,1.6318135622614933,1.6318135622614933,1.6318135622614933,0.0,3.9882488429445573,0.0,False,1.6318135622614933,0.0,3.9882488429445573,0.0,False
2122,7.362759837783411,7.362759837783411,7.362759837783411,0.0,4.770839135150847,0.0,False,7.362759837783411,0.0,4.770839135150847,0.0,False
2123,14.261869448273531,14.261869448273531,8.745000000000001,0.0,8.3018947080131,5.51686944827353,False,8.745000000000001,0.0,8.3018947080131,5.51686944827353,False
2124,-4.8774216453687265,-4.8774216453687265,0.0,4.8774216453687265,12.495849375150073,0.0,False,0.0,0.0,12.495849375150073,-4.8774216453687265,False
2125,-10.402381275922153,-10.402381275922153,0.0,8.745000000000001,9.95331758391669,-1.6573812759221518,False,0.0,0.0,12.495849375150073,-10.402381275922153,False
2126,-7.662158980209129,-7.662158980209129,0.0,6.993609958486601,5.394671206593892,-0.6685490217225274,False,0.0,0.0,12.495849375150073,-7.662158980209129,False
2127,-13.527286477141557,-13.527286477141557,0.0,4.2595540635239357e-16,1.7490000000000006,-13.527286477141557,False,0.0,0.0,12.495849375150073,-13.527286477141557,False
2128,-14.045902773591513,-14.045902773591513,0.0,0.0,1.7490000000000003,-14.045902773591513,False,0.0,0.0,12.495849375150073,-14.045902773591513,False
2129,-9.431449017111522,-9.431449017111522,0.0,0.0,1.7490000000000003,-9.431449017111522,False,0.0,3.1260316038553255,12.495849375150073,-6.305417413256196,False
2130,-7.653622820940033,-7.653622820940033,0.0,0.0,1.7490000000000003,-7.653622820940033,False,0.0,0.0,10.866292754645595,-7.653622820940033,False
2131,-9.350644916521704,-9.350644916521704,0.0,0.0,1.7490000000000003,-9.350644916521704,False,0.0,8.745000000000001,10.866292754645595,-0.6056449165217028,False
2132,-9.903073946112196,-9.903073946112196,0.0,0.0,1.7490000000000003,-9.903073946112196,False,0.0,8.745000000000001,6.307646377322798,-1.1580739461121947,False
2133,-6.825573328107409,-6.825573328107409,0.0,0.0,1.7490000000000003,-6.825573328107409,False,0.0,0.0,1.7490000000000003,-6.825573328107409,False
2134,-4.974310683080965,-4.974310683080965,0.0,0.0,1.7490000000000003,-4.974310683080965,False,0.0,0.0,1.7490000000000003,-4.974310683080965,False
2135,-5.275786681548151,-5.275786681548151,0.0,0.0,1.7490000000000003,-5.275786681548151,False,0.0,0.0,1.7490000000000003,-5.275786681548151,False
2136,-4.166217141321356,-4.166217141321356,0.0,0.0,1.7490000000000003,-4.166217141321356,False,0.0,0.0,1.7490000000000003,-4.166217141321356,False
2137,-3.463513883404185,-3.463513883404185,0.0,0.0,1.7490000000000003,-3.463513883404185,False,0.0,0.0,1.7490000000000003,-3.463513883404185,False
2138,-3.599704909335163,-3.599704909335163,0.0,0.0,1.7490000000000003,-3.599704909335163,False,0.0,0.0,1.7490000000000003,-3.599704909335163,False
2139,-2.440775901968959,-2.440775901968959,0.0,0.0,1.7490000000000003,-2.440775901968959,False,0.0,0.0,1.7490000000000003,-2.440775901968959,False
2140,-1.7558168673646162,-1.7558168673646162,0.0,0.0,1.7490000000000003,-1.7558168673646162,False,0.0,0.0,1.7490000000000003,-1.7558168673646162,False
2141,-2.550283311856069,-2.550283311856069,0.0,0.0,1.7490000000000003,-2.550283311856069,False,0.0,0.0,1.7490000000000003,-2.550283311856069,False
2142,-2.3137940638013674,-2.3137940638013674,0.0,0.0,1.7490000000000003,-2.3137940638013674,False,0.0,0.0,1.7490000000000003,-2.3137940638013674,False
2143,-1.8440354643697914,-1.8440354643697914,0.0,0.0,1.7490000000000003,-1.8440354643697914,False,0.0,0.0,1.7490000000000003,-1.8440354643697914,False
2144,-1.63489782291634,-1.63489782291634,0.0,0.0,1.7490000000000003,-1.63489782291634,False,0.0,0.0,1.7490000000000003,-1.63489782291634,False
2145,-1.2784787709948815,-1.2784787709948815,0.0,0.0,1.7490000000000003,-1.2784787709948815,False,0.0,0.0,1.7490000000000003,-1.2784787709948815,False
2146,-1.3098669753543588,-1.3098669753543588,0.0,0.0,1.7490000000000003,-1.3098669753543588,False,0.0,0.0,1.7490000000000003,-1.3098669753543588,False
2147,-1.0562357853653652,-1.0562357853653652,0.0,0.0,1.7490000000000003,-1.0562357853653652,False,0.0,0.0,1.7490000000000003,-1.0562357853653652,False
2148,-0.8162850855061689,-0.8162850855061689,0.0,0.0,1.7490000000000003,-0.8162850855061689,False,0.0,0.0,1.7490000000000003,-0.8162850855061689,False
2149,-1.4015574585787482,-1.4015574585787482,0.0,0.0,1.7490000000000003,-1.4015574585787482,False,0.0,0.0,1.7490000000000003,-1.4015574585787482,False
2150,-1.9584074199114607,-1.9584074199114607,0.0,0.0,1.7490000000000003,-1.9584074199114607,False,0.0,0.0,1.7490000000000003,-1.9584074199114607,False
2151,-1.810396926139953,-1.810396926139953,0.0,0.0,1.7490000000000003,-1.810396926139953,False,0.0,0.0,1.7490000000000003,-1.810396926139953,False
2152,-1.533698145015587,-1.533698145015587,0.0,0.0,1.7490000000000003,-1.533698145015587,False,0.0,0.0,1.7490000000000003,-1.533698145015587,False
2153,-1.3128453448891972,-1.3128453448891972,0.0,0.0,1.7490000000000003,-1.3128453448891972,False,0.0,0.0,1.7490000000000003,-1.3128453448891972,False
2154,4.524729333162634,4.524729333162634,4.524729333162634,0.0,1.7490000000000003,0.0,False,4.524729333162634,0.0,1.7490000000000003,0.0,False
2155,4.033050389528959,4.033050389528959,4.033050389528959,0.0,3.9189839570439107,0.0,False,4.033050389528959,0.0,3.9189839570439107,0.0,False
2156,3.5036302063333786,3.5036302063333786,3.5036302063333786,0.0,5.853166976365073,0.0,False,3.5036302063333786,0.0,5.853166976365073,0.0,False
2157,5.219071772303306,5.219071772303306,5.219071772303306,0.0,7.5334489953215,0.0,False,5.219071772303306,0.0,7.5334489953215,0.0,False
2158,-2.780619361414917,-2.780619361414917,0.0,2.780619361414917,10.036427888125878,0.0,False,0.0,0.0,10.036427888125878,-2.780619361414917,False
2159,-4.508715672222422,-4.508715672222422,0.0,4.508715672222422,8.586929845972907,0.0,False,0.0,0.0,10.036427888125878,-4.508715672222422,False
2160,-5.910373609702548,-5.910373609702548,0.0,5.910373609702548,6.2365993296143865,0.0,False,0.0,0.0,10.036427888125878,-5.910373609702548,False
2161,-11.176904828974301,-11.176904828974301,0.0,2.698334521882132,3.1556041044005747,-8.47857030709217,False,0.0,0.0,10.036427888125878,-11.176904828974301,False
2162,-11.290737542498302,-11.290737542498302,0.0,0.0,1.7490000000000003,-11.290737542498302,False,0.0,0.0,10.036427888125878,-11.290737542498302,False
2163,-6.649701563592367,-6.649701563592367,0.0,0.0,1.7490000000000003,-6.649701563592367,False,0.0,0.0,10.036427888125878,-6.649701563592367,False
2164,-7.622840597926293,-7.622840597926293,0.0,0.0,1.7490000000000003,-7.622840597926293,False,0.0,0.0,10.036427888125878,-7.622840597926293,False
2165,-12.138228191628802,-12.138228191628802,0.0,0.0,1.7490000000000003,-12.138228191628802,False,0.0,7.153043165222017,10.036427888125878,-4.985185026406785,False
2166,-8.771550115730353,-8.771550115730353,0.0,0.0,1.7490000000000003,-8.771550115730353,False,0.0,8.745000000000001,6.307646377322798,-0.02655011573035182,False
2167,-4.43212556406045,-4.43212556406045,0.0,0.0,1.7490000000000003,-4.43212556406045,False,0.0,0.0,1.7490000000000003,-4.43212556406045,False
2168,-4.3615031505789155,-4.3615031505789155,0.0,0.0,1.7490000000000003,-4.3615031505789155,False,0.0,0.0,1.7490000000000003,-4.3615031505789155,False
2169,-5.8151119156843745,-5.8151119156843745,0.0,0.0,1.7490000000000003,-5.8151119156843745,False,0.0,0.0,1.7490000000000003,-5.8151119156843745,False
2170,-7.380943370768778,-7.380943370768778,0.0,0.0,1.7490000000000003,-7.380943370768778,False,0.0,0.0,1.7490000000000003,-7.380943370768778,False
2171,-1.97013590493756,-1.97013590493756,0.0,0.0,1.7490000000000003,-1.97013590493756,False,0.0,0.0,1.7490000000000003,-1.97013590493756,False
2172,-0.6558871784910852,-0.6558871784910852,0.0,0.0,1.7490000000000003,-0.6558871784910852,False,0.0,0.0,1.7490000000000003,-0.6558871784910852,False
2173,-5.749456430523513,-5.749456430523513,0.0,0.0,1.7490000000000003,-5.749456430523513,False,0.0,0.0,1.7490000000000003,-5.749456430523513,False
2174,-8.30537191273556,-8.30537191273556,0.0,0.0,1.7490000000000003,-8.30537191273556,False,0.0,0.0,1.7490000000000003,-8.30537191273556,False
2175,-7.300570043954581,-7.300570043954581,0.0,0.0,1.7490000000000003,-7.300570043954581,False,0.0,0.0,1.7490000000000003,-7.300570043954581,False
2176,-3.0935400431694715,-3.0935400431694715,0.0,0.0,1.7490000000000003,-3.0935400431694715,False,0.0,0.0,1.7490000000000003,-3.0935400431694715,False
2177,-1.318260449336558,-1.318260449336558,0.0,0.0,1.7490000000000003,-1.318260449336558,False,0.0,0.0,1.7490000000000003,-1.318260449336558,False
2178,-3.5943281993713962,-3.5943281993713962,0.0,0.0,1.7490000000000003,-3.5943281993713962,False,0.0,0.0,1.7490000000000003,-3.5943281993713962,False
2179,-5.861256042238872,-5.861256042238872,0.0,0.0,1.7490000000000003,-5.861256042238872,False,0.0,0.0,1.7490000000000003,-5.861256042238872,False
2180,-3.9654462608039727,-3.9654462608039727,0.0,0.0,1.7490000000000003,-3.9654462608039727,False,0.0,0.0,1.7490000000000003,-3.9654462608039727,False
2181,0.3550057755097946,0.3550057755097946,0.3550057755097946,0.0,1.7490000000000003,0.0,False,0.3550057755097946,0.0,1.7490000000000003,0.0,False
2182,0.954706534044623,0.954706534044623,0.954706534044623,0.0,1.9192547889147955,0.0,False,0.954706534044623,0.0,1.9192547889147955,0.0,False
2183,-1.6787324869589044,-1.6787324869589044,0.0,1.2049353247900647,2.377115958063179,-0.4737971621688397,False,0.0,0.0,2.377115958063179,-1.6787324869589044,False
2184,-0.9284320446508325,-0.9284320446508325,0.0,0.0,1.7490000000000003,-0.9284320446508325,False,0.0,0.0,2.377115958063179,-0.9284320446508325,False
2185,-0.6420759206241561,-0.6420759206241561,0.0,0.0,1.7490000000000003,-0.6420759206241561,False,0.0,0.0,2.377115958063179,-0.6420759206241561,False
2186,-2.4387641665745647,-2.4387641665745647,0.0,0.0,1.7490000000000003,-2.4387641665745647,False,0.0,0.0,2.377115958063179,-2.4387641665745647,False
2187,,0.0,0.0,0.0,1.7490000000000003,,False,0.0,0.0,2.377115958063179,0.0,False
2188,,0.0,0.0,0.0,1.7490000000000003,,False,0.0,0.0,2.377115958063179,0.0,False
2189,,0.0,0.0,0.0,1.7490000000000003,,False,0.0,0.0,2.377115958063179,0.0,False
2190,,0.0,0.0,0.0,1.7490000000000003,,False,0.0,0.0,2.377115958063179,0.0,False
2191,,0.0,0.0,0.0,1.7490000000000003,,False,0.0,0.0,2.377115958063179,0.0,False
2192,,0.0,0.0,0.0,1.7490000000000003,,False,0.0,0.0,2.377115958063179,0.0,False
2193,,0.0,0.0,0.0,1.7490000000000003,,False,0.0,0.0,2.377115958063179,0.0,False
2194,,0.0,0.0,0.0,1.7490000000000003,,False,0.0,0.0,2.377115958063179,0.0,False
2195,,0.0,0.0,0.0,1.7490000000000003,,False,0.0,0.0,2.377115958063179,0.0,False
2196,,0.0,0.0,0.0,1.7490000000000003,,False,0.0,0.0,2.377115958063179,0.0,False
2197,,0.0,0.0,0.0,1.7490000000000003,,False,0.0,0.0,2.377115958063179,0.0,False
2198,,0.0,0.0,0.0,1.7490000000000003,,False,0.0,0.0,2.377115958063179,0.0,False
2199,,0.0,0.0,0.0,1.7490000000000003,,False,0.0,0.0,2.377115958063179,0.0,False
2200,,0.0,0.0,0.0,1.7490000000000003,,False,0.0,0.0,2.377115958063179,0.0,False
2201,,0.0,0.0,0.0,1.7490000000000003,,False,0.0,0.0,2.377115958063179,0.0,False
2202,,0.0,0.0,0.0,1.7490000000000003,,False,0.0,0.0,2.377115958063179,0.0,False
2203,,0.0,0.0,0.0,1.7490000000000003,,False,0.0,0.0,2.377115958063179,0.0,False
2204,,0.0,0.0,0.0,1.7490000000000003,,False,0.0,0.0,2.377115958063179,0.0,False
2205,,0.0,0.0,0.0,1.7490000000000003,,False,0.0,0.0,2.377115958063179,0.0,False
2206,,0.0,0.0,0.0,1.7490000000000003,,False,0.0,0.0,2.377115958063179,0.0,False
2207,,0.0,0.0,0.0,1.7490000000000003,,False,0.0,0.0,2.377115958063179,0.0,False
2208,,0.0,0.0,0.0,1.7490000000000003,,False,0.0,0.0,2.377115958063179,0.0,False
2209,,0.0,0.0,0.0,1.7490000000000003,,False,0.0,0.0,2.377115958063179,0.0,False
2210,,0.0,0.0,0.0,1.7490000000000003,,False,0.0,0.0,2.377115958063179,0.0,False
2211,,0.0,0.0,0.0,1.7490000000000003,,False,0.0,0.0,2.377115958063179,0.0,False
2212,,0.0,0.0,0.0,1.7490000000000003,,False,0.0,0.0,2.377115958063179,0.0,False
2213,-5.107190658119643,-5.107190658119643,0.0,0.0,1.7490000000000003,-5.107190658119643,False,0.0,0.0,2.377115958063179,-5.107190658119643,False
2214,-4.455677827288306,-4.455677827288306,0.0,0.0,1.7490000000000003,-4.455677827288306,False,0.0,0.0,2.377115958063179,-4.455677827288306,False
2215,-3.5226187283545354,-3.5226187283545354,0.0,0.0,1.7490000000000003,-3.5226187283545354,False,0.0,0.0,2.377115958063179,-3.5226187283545354,False
2216,-2.7593680807694314,-2.7593680807694314,0.0,0.0,1.7490000000000003,-2.7593680807694314,False,0.0,0.0,2.377115958063179,-2.7593680807694314,False
2217,-1.9908734297020307,-1.9908734297020307,0.0,0.0,1.7490000000000003,-1.9908734297020307,False,0.0,0.0,2.377115958063179,-1.9908734297020307,False
2218,-2.0081008652770045,-2.0081008652770045,0.0,0.0,1.7490000000000003,-2.0081008652770045,False,0.0,0.0,2.377115958063179,-2.0081008652770045,False
2219,-1.5849137539155538,-1.5849137539155538,0.0,0.0,1.7490000000000003,-1.5849137539155538,False,0.0,0.0,2.377115958063179,-1.5849137539155538,False
2220,-1.300981681198391,-1.300981681198391,0.0,0.0,1.7490000000000003,-1.300981681198391,False,0.0,0.0,2.377115958063179,-1.300981681198391,False
2221,-1.4037185594891737,-1.4037185594891737,0.0,0.0,1.7490000000000003,-1.4037185594891737,False,0.0,0.0,2.377115958063179,-1.4037185594891737,False
2222,-0.9428593544903786,-0.9428593544903786,0.0,0.0,1.7490000000000003,-0.9428593544903786,False,0.0,0.0,2.377115958063179,-0.9428593544903786,False
2223,-0.5306111686208571,-0.5306111686208571,0.0,0.0,1.7490000000000003,-0.5306111686208571,False,0.0,0.0,2.377115958063179,-0.5306111686208571,False
2224,-0.9905361165970896,-0.9905361165970896,0.0,0.0,1.7490000000000003,-0.9905361165970896,False,0.0,0.0,2.377115958063179,-0.9905361165970896,False
2225,-1.2177389253160045,-1.2177389253160045,0.0,0.0,1.7490000000000003,-1.2177389253160045,False,0.0,0.0,2.377115958063179,-1.2177389253160045,False
2226,-1.4271597887213108,-1.4271597887213108,0.0,0.0,1.7490000000000003,-1.4271597887213108,False,0.0,0.0,2.377115958063179,-1.4271597887213108,False
2227,-1.6956800507532261,-1.6956800507532261,0.0,0.0,1.7490000000000003,-1.6956800507532261,False,0.0,0.0,2.377115958063179,-1.6956800507532261,False
2228,-1.6782873015880309,-1.6782873015880309,0.0,0.0,1.7490000000000003,-1.6782873015880309,False,0.0,0.0,2.377115958063179,-1.6782873015880309,False
2229,-1.8370485830721612,-1.8370485830721612,0.0,0.0,1.7490000000000003,-1.8370485830721612,False,0.0,0.0,2.377115958063179,-1.8370485830721612,False
2230,-2.0413655345447173,-2.0413655345447173,0.0,0.0,1.7490000000000003,-2.0413655345447173,False,0.0,0.0,2.377115958063179,-2.0413655345447173,False
2231,-2.2266040008370296,-2.2266040008370296,0.0,0.0,1.7490000000000003,-2.2266040008370296,False,0.0,0.0,2.377115958063179,-2.2266040008370296,False
2232,-2.5160617284042983,-2.5160617284042983,0.0,0.0,1.7490000000000003,-2.5160617284042983,False,0.0,0.0,2.377115958063179,-2.5160617284042983,False
2233,-2.696362797903346,-2.696362797903346,0.0,0.0,1.7490000000000003,-2.696362797903346,False,0.0,0.0,2.377115958063179,-2.696362797903346,False
2234,-2.820441491040673,-2.820441491040673,0.0,0.0,1.7490000000000003,-2.820441491040673,False,0.0,0.0,2.377115958063179,-2.820441491040673,False
2235,-2.9211386939814568,-2.9211386939814568,0.0,0.0,1.7490000000000003,-2.9211386939814568,False,0.0,0.0,2.377115958063179,-2.9211386939814568,False
2236,-3.0620285741970914,-3.0620285741970914,0.0,0.0,1.7490000000000003,-3.0620285741970914,False,0.0,0.0,2.377115958063179,-3.0620285741970914,False
2237,-3.068795968123286,-3.068795968123286,0.0,0.0,1.7490000000000003,-3.068795968123286,False,0.0,0.0,2.377115958063179,-3.068795968123286,False
2238,-3.0523461797796565,-3.0523461797796565,0.0,0.0,1.7490000000000003,-3.0523461797796565,False,0.0,0.0,2.377115958063179,-3.0523461797796565,False
2239,-3.068841276324847,-3.068841276324847,0.0,0.0,1.7490000000000003,-3.068841276324847,False,0.0,0.0,2.377115958063179,-3.068841276324847,False
2240,-3.0899389195706317,-3.0899389195706317,0.0,0.0,1.7490000000000003,-3.0899389195706317,False,0.0,0.0,2.377115958063179,-3.0899389195706317,False
2241,-3.102827354371792,-3.102827354371792,0.0,0.0,1.7490000000000003,-3.102827354371792,False,0.0,0.0,2.377115958063179,-3.102827354371792,False
2242,-3.1017191175630745,-3.1017191175630745,0.0,0.0,1.7490000000000003,-3.1017191175630745,False,0.0,0.0,2.377115958063179,-3.1017191175630745,False
2243,-3.0969919000696504,-3.0969919000696504,0.0,0.0,1.7490000000000003,-3.0969919000696504,False,0.0,0.0,2.377115958063179,-3.0969919000696504,False
2244,-3.1205092886361747,-3.1205092886361747,0.0,0.0,1.7490000000000003,-3.1205092886361747,False,0.0,0.0,2.377115958063179,-3.1205092886361747,False
2245,-3.0873672508506025,-3.0873672508506025,0.0,0.0,1.7490000000000003,-3.0873672508506025,False,0.0,0.0,2.377115958063179,-3.0873672508506025,False
2246,-2.794592225034451,-2.794592225034451,0.0,0.0,1.7490000000000003,-2.794592225034451,False,0.0,0.0,2.377115958063179,-2.794592225034451,False
2247,-2.798294317249071,-2.798294317249071,0.0,0.0,1.7490000000000003,-2.798294317249071,False,0.0,0.0,2.377115958063179,-2.798294317249071,False
2248,-3.3271366007218974,-3.3271366007218974,0.0,0.0,1.7490000000000003,-3.3271366007218974,False,0.0,0.0,2.377115958063179,-3.3271366007218974,False
2249,-3.432544129507201,-3.432544129507201,0.0,0.0,1.7490000000000003,-3.432544129507201,False,0.0,0.0,2.377115958063179,-3.432544129507201,False
2250,-3.1897401821428373,-3.1897401821428373,0.0,0.0,1.7490000000000003,-3.1897401821428373,False,0.0,0.0,2.377115958063179,-3.1897401821428373,False
2251,-3.137203573890844,-3.137203573890844,0.0,0.0,1.7490000000000003,-3.137203573890844,False,0.0,0.0,2.377115958063179,-3.137203573890844,False
2252,-3.133017162877703,-3.133017162877703,0.0,0.0,1.7490000000000003,-3.133017162877703,False,0.0,0.0,2.377115958063179,-3.133017162877703,False
2253,-3.1251333206816607,-3.1251333206816607,0.0,0.0,1.7490000000000003,-3.1251333206816607,False,0.0,0.0,2.377115958063179,-3.1251333206816607,False
2254,-3.157438625444326,-3.157438625444326,0.0,0.0,1.7490000000000003,-3.157438625444326,False,0.0,0.0,2.377115958063179,-3.157438625444326,False
2255,-3.015576395421585,-3.015576395421585,0.0,0.0,1.7490000000000003,-3.015576395421585,False,0.0,0.0,2.377115958063179,-3.015576395421585,False
2256,-2.9984284090123894,-2.9984284090123894,0.0,0.0,1.7490000000000003,-2.9984284090123894,False,0.0,0.0,2.377115958063179,-2.9984284090123894,False
2257,-2.4697680728041376,-2.4697680728041376,0.0,0.0,1.7490000000000003,-2.4697680728041376,False,0.0,0.8200642290349786,2.377115958063179,-1.6497038437691591,False
2258,-0.157828218140422,-0.157828218140422,0.0,0.0,1.7490000000000003,-0.157828218140422,False,0.0,0.157828218140422,1.9496279275471906,0.0,False
2259,-0.22704287761466388,-0.22704287761466388,0.0,0.0,1.7490000000000003,-0.22704287761466388,False,0.0,0.22704287761466388,1.8673542814791348,0.0,False
2260,3.4602900445254248,3.4602900445254248,3.4602900445254248,0.0,1.7490000000000003,0.0,False,0.1162301848460523,0.0,1.7490000000000003,3.3440598596793727,False
2261,7.21174853156562,7.21174853156562,7.21174853156562,0.0,3.408496807534021,0.0,False,7.21174853156562,0.0,1.8047420384445165,0.0,False
2262,0.9704530382888287,0.9704530382888287,0.9704530382888287,0.0,6.867129902122683,0.0,False,0.9704530382888287,0.0,5.263375133033178,0.0,False
2263,-3.6201612462115276,-3.6201612462115276,0.0,3.6201612462115276,7.3325428294147,0.0,False,0.0,3.6201612462115276,5.728788060325195,0.0,False
2264,8.267147779793836,8.267147779793836,8.267147779793836,0.0,5.445403326799884,0.0,False,0.0,0.0,3.8416485577103794,8.267147779793836,False
2265,21.74577238621243,21.74577238621243,8.745000000000001,0.0,9.410188119821889,13.000772386212429,False,8.745000000000001,0.0,3.8416485577103794,13.000772386212429,False
2266,16.502413403047804,16.502413403047804,4.4556552970090655,0.0,13.604142786958864,12.046758106038737,False,0.0,0.0,8.035603224847353,16.502413403047804,False
2267,11.444165589289188,11.444165589289188,0.0,0.0,15.741000000000001,11.444165589289188,False,0.0,0.0,8.035603224847353,11.444165589289188,False
2268,14.687820411525074,14.687820411525074,0.0,0.0,15.741000000000001,14.687820411525074,False,0.0,0.0,8.035603224847353,14.687820411525074,False
2269,25.802496531865405,25.802496531865405,0.0,0.0,15.741000000000001,25.802496531865405,True,8.312496531865403,0.0,8.035603224847353,17.490000000000002,False
2270,25.24436640461688,25.24436640461688,0.0,0.0,15.741000000000001,25.24436640461688,True,7.754366404616878,0.0,12.022136515342128,17.490000000000002,False
2271,13.650356953264286,13.650356953264286,0.0,0.0,15.741000000000001,13.650356953264286,False,0.0,0.0,15.741000000000001,13.650356953264286,False
2272,8.509440976024848,8.509440976024848,0.0,0.0,15.741000000000001,8.509440976024848,False,0.0,0.0,15.741000000000001,8.509440976024848,False
2273,-2.2756827120863896,-2.2756827120863896,0.0,2.2756827120863896,15.741000000000001,0.0,False,0.0,0.0,15.741000000000001,-2.2756827120863896,False
2274,-9.384843072386284,-9.384843072386284,0.0,8.745000000000001,14.55471838177373,-0.6398430723862827,False,0.0,0.0,15.741000000000001,-9.384843072386284,False
2275,-10.595439810478037,-10.595439810478037,0.0,8.745000000000001,9.996072004450934,-1.8504398104780364,False,0.0,0.0,15.741000000000001,-10.595439810478037,False
2276,-10.692447861032782,-10.692447861032782,0.0,7.07562715759024,5.437425627128136,-3.616820703442542,False,0.0,0.0,15.741000000000001,-10.692447861032782,False
2277,-21.91745663610795,-21.91745663610795,0.0,4.2595540635239357e-16,1.7490000000000006,-21.91745663610795,True,0.0,4.427456636107948,15.741000000000001,-17.490000000000002,False
2278,-19.120619857582057,-19.120619857582057,0.0,0.0,1.7490000000000003,-19.120619857582057,True,0.0,8.745000000000001,13.433028684397112,-10.375619857582056,False
2279,-1.1205120248930402,-1.1205120248930402,0.0,0.0,1.7490000000000003,-1.1205120248930402,False,0.0,0.0,8.874382307074313,-1.1205120248930402,False
2280,-10.676896368059307,-10.676896368059307,0.0,0.0,1.7490000000000003,-10.676896368059307,False,0.0,0.0,8.874382307074313,-10.676896368059307,False
2281,-16.173356456854574,-16.173356456854574,0.0,0.0,1.7490000000000003,-16.173356456854574,False,0.0,0.0,8.874382307074313,-16.173356456854574,False
2282,-11.232793572533438,-11.232793572533438,0.0,0.0,1.7490000000000003,-11.232793572533438,False,0.0,4.923853233568679,8.874382307074313,-6.308940338964759,False
2283,-11.001866035426167,-11.001866035426167,0.0,0.0,1.7490000000000003,-11.001866035426167,False,0.0,8.745000000000001,6.307646377322798,-2.2568660354261656,False
2284,-3.0297926077467863,-3.0297926077467863,0.0,0.0,1.7490000000000003,-3.0297926077467863,False,0.0,0.0,1.7490000000000003,-3.0297926077467863,False
2285,2.7344725239414065,2.7344725239414065,2.7344725239414065,0.0,1.7490000000000003,0.0,False,0.0,0.0,1.7490000000000003,2.7344725239414065,False
2286,33.49142977250519,33.49142977250519,8.745000000000001,0.0,3.06040695299507,24.74642977250519,True,8.745000000000001,0.0,1.7490000000000003,24.74642977250519,True
2287,43.31577840319399,43.31577840319399,8.745000000000001,0.0,7.254361620132044,34.570778403193984,True,8.745000000000001,0.0,5.942954667136974,34.570778403193984,True
2288,5.4440544389192205,5.4440544389192205,5.4440544389192205,0.0,11.448316287269018,0.0,False,0.0,0.0,10.136909334273948,5.4440544389192205,False
2289,-1.2889615362663938,-1.2889615362663938,0.0,1.2889615362663938,14.05919307654895,0.0,False,0.0,1.2889615362663938,10.136909334273948,0.0,False
2290,17.630413685838995,17.630413685838995,4.907855000120921,0.0,13.387275427857215,12.722558685718074,False,0.14041368583899327,0.0,9.464991685582213,17.490000000000002,False
2291,6.785876272414372,6.785876272414372,0.0,0.0,15.741000000000001,6.785876272414372,False,0.0,0.0,9.53233172366733,6.785876272414372,False
2292,8.547912414739496,8.547912414739496,0.0,0.0,15.741000000000001,8.547912414739496,False,0.0,0.0,9.53233172366733,8.547912414739496,False
2293,27.33703847228516,27.33703847228516,0.0,0.0,15.741000000000001,27.33703847228516,True,8.745000000000001,0.0,9.53233172366733,18.592038472285157,True
2294,20.71888588454142,20.71888588454142,0.0,0.0,15.741000000000001,20.71888588454142,True,3.9185470341596234,0.0,13.726286390804304,16.8003388503818,False
2295,17.77242124298293,17.77242124298293,0.0,0.0,15.741000000000001,17.77242124298293,True,0.28242124298292737,0.0,15.605555530004933,17.490000000000002,False
2296,9.947297552701068,9.947297552701068,0.0,0.0,15.741000000000001,9.947297552701068,False,0.0,0.0,15.741000000000001,9.947297552701068,False
2297,2.579349365728152,2.579349365728152,0.0,0.0,15.741000000000001,2.579349365728152,False,0.0,0.0,15.741000000000001,2.579349365728152,False
2298,-4.605956337118041,-4.605956337118041,0.0,4.605956337118041,15.741000000000001,0.0,False,0.0,4.605956337118041,15.741000000000001,0.0,False
2299,-1.9808632738078908,-1.9808632738078908,0.0,1.9808632738078908,13.339979282983405,0.0,False,0.0,1.9808632738078908,13.339979282983405,0.0,False
2300,9.975199905235987,9.975199905235987,7.159586533615142,0.0,12.307382920820327,2.815613371620845,False,5.332064207393803,0.0,12.307382920820327,4.643135697842184,False
2301,1.8275223262213387,1.8275223262213387,0.0,0.0,15.741000000000001,1.8275223262213387,False,1.8275223262213387,0.0,14.864551081834993,0.0,False
2302,-10.23914984639842,-10.23914984639842,0.0,8.745000000000001,15.741000000000001,-1.4941498463984182,False,0.0,0.0,15.741000000000001,-10.23914984639842,False
2303,-8.808294436688513,-8.808294436688513,0.0,8.745000000000001,11.182353622677205,-0.06329443668851198,False,0.0,0.0,15.741000000000001,-8.808294436688513,False
2304,-9.474737146764284,-9.474737146764284,0.0,8.745000000000001,6.6237072453544075,-0.7297371467642826,False,0.0,0.0,15.741000000000001,-9.474737146764284,False
2305,-8.543310848342193,-8.543310848342193,0.0,0.6063098696766301,2.06506086803161,-7.937000978665563,False,0.0,0.0,15.741000000000001,-8.543310848342193,False
2306,,0.0,0.0,0.0,1.7490000000000003,,False,0.0,0.0,15.741000000000001,0.0,False
2307,,0.0,0.0,0.0,1.7490000000000003,,False,0.0,0.0,15.741000000000001,0.0,False
2308,,0.0,0.0,0.0,1.7490000000000003,,False,0.0,0.0,15.741000000000001,0.0,False
2309,,0.0,0.0,0.0,1.7490000000000003,,False,0.0,0.0,15.741000000000001,0.0,False
2310,,0.0,0.0,0.0,1.7490000000000003,,False,0.0,0.0,15.741000000000001,0.0,False
2311,,0.0,0.0,0.0,1.7490000000000003,,False,0.0,0.0,15.741000000000001,0.0,False
2312,,0.0,0.0,0.0,1.7490000000000003,,False,0.0,0.0,15.741000000000001,0.0,False
2313,,0.0,0.0,0.0,1.7490000000000003,,False,0.0,0.0,15.741000000000001,0.0,False
2314,,0.0,0.0,0.0,1.7490000000000003,,False,0.0,0.0,15.741000000000001,0.0,False
2315,,0.0,0.0,0.0,1.7490000000000003,,False,0.0,0.0,15.741000000000001,0.0,False
2316,,0.0,0.0,0.0,1.7490000000000003,,False,0.0,0.0,15.741000000000001,0.0,False
2317,,0.0,0.0,0.0,1.7490000000000003,,False,0.0,0.0,15.741000000000001,0.0,False
2318,,0.0,0.0,0.0,1.7490000000000003,,False,0.0,0.0,15.741000000000001,0.0,False
2319,,0.0,0.0,0.0,1.7490000000000003,,False,0.0,0.0,15.741000000000001,0.0,False
2320,,0.0,0.0,0.0,1.7490000000000003,,False,0.0,0.0,15.741000000000001,0.0,False
2321,,0.0,0.0,0.0,1.7490000000000003,,False,0.0,0.0,15.741000000000001,0.0,False
2322,,0.0,0.0,0.0,1.7490000000000003,,False,0.0,0.0,15.741000000000001,0.0,False
2323,,0.0,0.0,0.0,1.7490000000000003,,False,0.0,0.0,15.741000000000001,0.0,False
2324,,0.0,0.0,0.0,1.7490000000000003,,False,0.0,0.0,15.741000000000001,0.0,False
2325,,0.0,0.0,0.0,1.7490000000000003,,False,0.0,0.0,15.741000000000001,0.0,False
2326,,0.0,0.0,0.0,1.7490000000000003,,False,0.0,0.0,15.741000000000001,0.0,False
2327,,0.0,0.0,0.0,1.7490000000000003,,False,0.0,0.0,15.741000000000001,0.0,False
2328,,0.0,0.0,0.0,1.7490000000000003,,False,0.0,0.0,15.741000000000001,0.0,False
2329,,0.0,0.0,0.0,1.7490000000000003,,False,0.0,0.0,15.741000000000001,0.0,False
2330,,0.0,0.0,0.0,1.7490000000000003,,False,0.0,0.0,15.741000000000001,0.0,False
2331,,0.0,0.0,0.0,1.7490000000000003,,False,0.0,0.0,15.741000000000001,0.0,False
2332,,0.0,0.0,0.0,1.7490000000000003,,False,0.0,0.0,15.741000000000001,0.0,False
2333,,0.0,0.0,0.0,1.7490000000000003,,False,0.0,0.0,15.741000000000001,0.0,False
2334,,0.0,0.0,0.0,1.7490000000000003,,False,0.0,0.0,15.741000000000001,0.0,False
2335,,0.0,0.0,0.0,1.7490000000000003,,False,0.0,0.0,15.741000000000001,0.0,False
2336,,0.0,0.0,0.0,1.7490000000000003,,False,0.0,0.0,15.741000000000001,0.0,False
2337,,0.0,0.0,0.0,1.7490000000000003,,False,0.0,0.0,15.741000000000001,0.0,False
2338,,0.0,0.0,0.0,1.7490000000000003,,False,0.0,0.0,15.741000000000001,0.0,False
2339,,0.0,0.0,0.0,1.7490000000000003,,False,0.0,0.0,15.741000000000001,0.0,False
2340,,0.0,0.0,0.0,1.7490000000000003,,False,0.0,0.0,15.741000000000001,0.0,False
2341,,0.0,0.0,0.0,1.7490000000000003,,False,0.0,0.0,15.741000000000001,0.0,False
2342,,0.0,0.0,0.0,1.7490000000000003,,False,0.0,0.0,15.741000000000001,0.0,False
2343,,0.0,0.0,0.0,1.7490000000000003,,False,0.0,0.0,15.741000000000001,0.0,False
2344,,0.0,0.0,0.0,1.7490000000000003,,False,0.0,0.0,15.741000000000001,0.0,False
2345,,0.0,0.0,0.0,1.7490000000000003,,False,0.0,0.0,15.741000000000001,0.0,False
2346,,0.0,0.0,0.0,1.7490000000000003,,False,0.0,0.0,15.741000000000001,0.0,False
2347,,0.0,0.0,0.0,1.7490000000000003,,False,0.0,0.0,15.741000000000001,0.0,False
2348,,0.0,0.0,0.0,1.7490000000000003,,False,0.0,0.0,15.741000000000001,0.0,False
2349,,0.0,0.0,0.0,1.7490000000000003,,False,0.0,0.0,15.741000000000001,0.0,False
2350,,0.0,0.0,0.0,1.7490000000000003,,False,0.0,0.0,15.741000000000001,0.0,False
2351,,0.0,0.0,0.0,1.7490000000000003,,False,0.0,0.0,15.741000000000001,0.0,False
2352,,0.0,0.0,0.0,1.7490000000000003,,False,0.0,0.0,15.741000000000001,0.0,False
2353,,0.0,0.0,0.0,1.7490000000000003,,False,0.0,0.0,15.741000000000001,0.0,False
2354,-3.1283945824856225,-3.1283945824856225,0.0,0.0,1.7490000000000003,-3.1283945824856225,False,0.0,0.0,15.741000000000001,-3.1283945824856225,False
2355,-2.4892470752803773,-2.4892470752803773,0.0,0.0,1.7490000000000003,-2.4892470752803773,False,0.0,0.0,15.741000000000001,-2.4892470752803773,False
2356,-2.6963330591218044,-2.6963330591218044,0.0,0.0,1.7490000000000003,-2.6963330591218044,False,0.0,0.0,15.741000000000001,-2.6963330591218044,False
2357,-2.794172364894073,-2.794172364894073,0.0,0.0,1.7490000000000003,-2.794172364894073,False,0.0,0.0,15.741000000000001,-2.794172364894073,False
2358,-2.4484303155912093,-2.4484303155912093,0.0,0.0,1.7490000000000003,-2.4484303155912093,False,0.0,0.0,15.741000000000001,-2.4484303155912093,False
2359,-2.271282169953086,-2.271282169953086,0.0,0.0,1.7490000000000003,-2.271282169953086,False,0.0,0.0,15.741000000000001,-2.271282169953086,False
2360,-2.192056042849702,-2.192056042849702,0.0,0.0,1.7490000000000003,-2.192056042849702,False,0.0,0.0,15.741000000000001,-2.192056042849702,False
2361,-2.231272369525682,-2.231272369525682,0.0,0.0,1.7490000000000003,-2.231272369525682,False,0.0,0.0,15.741000000000001,-2.231272369525682,False
2362,-2.09063587628646,-2.09063587628646,0.0,0.0,1.7490000000000003,-2.09063587628646,False,0.0,0.0,15.741000000000001,-2.09063587628646,False
2363,-1.9143570672820351,-1.9143570672820351,0.0,0.0,1.7490000000000003,-1.9143570672820351,False,0.0,0.0,15.741000000000001,-1.9143570672820351,False
2364,-2.0770165418660618,-2.0770165418660618,0.0,0.0,1.7490000000000003,-2.0770165418660618,False,0.0,0.0,15.741000000000001,-2.0770165418660618,False
2365,-2.226597435166085,-2.226597435166085,0.0,0.0,1.7490000000000003,-2.226597435166085,False,0.0,0.0,15.741000000000001,-2.226597435166085,False
2366,-2.5054346460475414,-2.5054346460475414,0.0,0.0,1.7490000000000003,-2.5054346460475414,False,0.0,0.0,15.741000000000001,-2.5054346460475414,False
2367,-2.6939785866094015,-2.6939785866094015,0.0,0.0,1.7490000000000003,-2.6939785866094015,False,0.0,0.0,15.741000000000001,-2.6939785866094015,False
2368,-2.8667914515541852,-2.8667914515541852,0.0,0.0,1.7490000000000003,-2.8667914515541852,False,0.0,0.0,15.741000000000001,-2.8667914515541852,False
2369,-2.974901013656759,-2.974901013656759,0.0,0.0,1.7490000000000003,-2.974901013656759,False,0.0,0.0,15.741000000000001,-2.974901013656759,False
2370,-3.0360294127338965,-3.0360294127338965,0.0,0.0,1.7490000000000003,-3.0360294127338965,False,0.0,0.0,15.741000000000001,-3.0360294127338965,False
2371,-3.0889828702571873,-3.0889828702571873,0.0,0.0,1.7490000000000003,-3.0889828702571873,False,0.0,0.0,15.741000000000001,-3.0889828702571873,False
2372,-3.0848650647337847,-3.0848650647337847,0.0,0.0,1.7490000000000003,-3.0848650647337847,False,0.0,0.0,15.741000000000001,-3.0848650647337847,False
2373,-3.0992386424095684,-3.0992386424095684,0.0,0.0,1.7490000000000003,-3.0992386424095684,False,0.0,0.0,15.741000000000001,-3.0992386424095684,False
2374,-3.0920619932832647,-3.0920619932832647,0.0,0.0,1.7490000000000003,-3.0920619932832647,False,0.0,0.0,15.741000000000001,-3.0920619932832647,False
2375,-3.08099934931812,-3.08099934931812,0.0,0.0,1.7490000000000003,-3.08099934931812,False,0.0,0.0,15.741000000000001,-3.08099934931812,False
2376,-3.0980242836154828,-3.0980242836154828,0.0,0.0,1.7490000000000003,-3.0980242836154828,False,0.0,0.0,15.741000000000001,-3.0980242836154828,False
2377,-3.0986009966553008,-3.0986009966553008,0.0,0.0,1.7490000000000003,-3.0986009966553008,False,0.0,0.0,15.741000000000001,-3.0986009966553008,False
2378,-3.0856410959076026,-3.0856410959076026,0.0,0.0,1.7490000000000003,-3.0856410959076026,False,0.0,0.0,15.741000000000001,-3.0856410959076026,False
2379,-3.0947833405867473,-3.0947833405867473,0.0,0.0,1.7490000000000003,-3.0947833405867473,False,0.0,0.0,15.741000000000001,-3.0947833405867473,False
2380,-3.101041781331028,-3.101041781331028,0.0,0.0,1.7490000000000003,-3.101041781331028,False,0.0,0.0,15.741000000000001,-3.101041781331028,False
2381,-3.10046783692656,-3.10046783692656,0.0,0.0,1.7490000000000003,-3.10046783692656,False,0.0,0.0,15.741000000000001,-3.10046783692656,False
2382,-3.106682657234988,-3.106682657234988,0.0,0.0,1.7490000000000003,-3.106682657234988,False,0.0,0.0,15.741000000000001,-3.106682657234988,False
2383,-3.1084555720329528,-3.1084555720329528,0.0,0.0,1.7490000000000003,-3.1084555720329528,False,0.0,0.0,15.741000000000001,-3.1084555720329528,False
2384,-3.095541890705399,-3.095541890705399,0.0,0.0,1.7490000000000003,-3.095541890705399,False,0.0,0.0,15.741000000000001,-3.095541890705399,False
2385,-3.0934875650243745,-3.0934875650243745,0.0,0.0,1.7490000000000003,-3.0934875650243745,False,0.0,0.0,15.741000000000001,-3.0934875650243745,False
2386,-3.107982149379873,-3.107982149379873,0.0,0.0,1.7490000000000003,-3.107982149379873,False,0.0,0.0,15.741000000000001,-3.107982149379873,False
2387,-3.1117791281322997,-3.1117791281322997,0.0,0.0,1.7490000000000003,-3.1117791281322997,False,0.0,0.0,15.741000000000001,-3.1117791281322997,False
2388,-3.104279764211103,-3.104279764211103,0.0,0.0,1.7490000000000003,-3.104279764211103,False,0.0,0.0,15.741000000000001,-3.104279764211103,False
2389,-3.1043128680301773,-3.1043128680301773,0.0,0.0,1.7490000000000003,-3.1043128680301773,False,0.0,0.0,15.741000000000001,-3.1043128680301773,False
2390,-3.1159727003440776,-3.1159727003440776,0.0,0.0,1.7490000000000003,-3.1159727003440776,False,0.0,0.0,15.741000000000001,-3.1159727003440776,False
2391,-3.1062252115142677,-3.1062252115142677,0.0,0.0,1.7490000000000003,-3.1062252115142677,False,0.0,0.0,15.741000000000001,-3.1062252115142677,False
2392,-3.0920754822915657,-3.0920754822915657,0.0,0.0,1.7490000000000003,-3.0920754822915657,False,0.0,0.0,15.741000000000001,-3.0920754822915657,False
2393,-3.098200602662396,-3.098200602662396,0.0,0.0,1.7490000000000003,-3.098200602662396,False,0.0,0.0,15.741000000000001,-3.098200602662396,False
2394,-3.1167161182877128,-3.1167161182877128,0.0,0.0,1.7490000000000003,-3.1167161182877128,False,0.0,0.0,15.741000000000001,-3.1167161182877128,False
2395,-3.1006105598165266,-3.1006105598165266,0.0,0.0,1.7490000000000003,-3.1006105598165266,False,0.0,1.0465458215285235,15.741000000000001,-2.054064738288003,False
2396,-3.0990809386313556,-3.0990809386313556,0.0,0.0,1.7490000000000003,-3.0990809386313556,False,0.0,3.0990809386313556,15.195450278100251,0.0,False
2397,-3.1175649507543035,-3.1175649507543035,0.0,0.0,1.7490000000000003,-3.1175649507543035,False,0.0,3.1175649507543035,13.579942663014835,0.0,False
2398,-3.116612987058155,-3.116612987058155,0.0,0.0,1.7490000000000003,-3.116612987058155,False,0.0,3.116612987058155,11.954799590536318,0.0,False
2399,-3.110836729607806,-3.110836729607806,0.0,0.0,1.7490000000000003,-3.110836729607806,False,0.0,3.110836729607806,10.330152763438566,0.0,False
2400,-3.039282325781798,-3.039282325781798,0.0,0.0,1.7490000000000003,-3.039282325781798,False,0.0,3.039282325781798,8.70851701868507,0.0,False
2401,-3.099682708433238,-3.099682708433238,0.0,0.0,1.7490000000000003,-3.099682708433238,False,0.0,3.099682708433238,7.1241815853990325,0.0,False
2402,-3.1485782052820115,-3.1485782052820115,0.0,0.0,1.7490000000000003,-3.1485782052820115,False,0.0,3.1485782052820115,5.508360276119524,0.0,False
2403,-2.6349480934226017,-2.6349480934226017,0.0,0.0,1.7490000000000003,-2.6349480934226017,False,0.0,2.6349480934226017,3.867050427151388,0.0,False
2404,-1.4281771091768363,-1.4281771091768363,0.0,0.0,1.7490000000000003,-1.4281771091768363,False,0.0,1.4281771091768363,2.4934887827243375,0.0,False
2405,1.0363836380047227,1.0363836380047227,1.0363836380047227,0.0,1.7490000000000003,0.0,False,0.0,0.0,1.7490000000000003,1.0363836380047227,False
2406,1.8831927970756601,1.8831927970756601,1.8831927970756601,0.0,2.246032132138857,0.0,False,0.0,0.0,1.7490000000000003,1.8831927970756601,False
2407,3.361153922547679,3.361153922547679,3.361153922547679,0.0,3.1491796702079475,0.0,False,0.0,0.0,1.7490000000000003,3.361153922547679,False
2408,4.471814817553679,4.471814817553679,4.471814817553679,0.0,4.761132463853984,0.0,False,0.0,0.0,1.7490000000000003,4.471814817553679,False
2409,3.61768906297223,3.61768906297223,3.61768906297223,0.0,6.905739510698069,0.0,False,0.0,0.0,1.7490000000000003,3.61768906297223,False
2410,5.8237798605969635,5.8237798605969635,5.8237798605969635,0.0,8.640722235672657,0.0,False,0.0,0.0,1.7490000000000003,5.8237798605969635,False
2411,10.343299856810011,10.343299856810011,8.745000000000001,0.0,11.433708939701123,1.5982998568100104,False,2.8632394279654942,0.0,1.7490000000000003,7.480060428844517,False
2412,,0.0,0.0,0.0,15.627663606838098,,False,0.0,0.0,3.12216139074288,0.0,False
2413,,0.0,0.0,0.0,15.627663606838098,,False,0.0,0.0,3.12216139074288,0.0,False
2414,,0.0,0.0,0.0,15.627663606838098,,False,0.0,0.0,3.12216139074288,0.0,False
2415,,0.0,0.0,0.0,15.627663606838098,,False,0.0,0.0,3.12216139074288,0.0,False
2416,,0.0,0.0,0.0,15.627663606838098,,False,0.0,0.0,3.12216139074288,0.0,False
2417,,0.0,0.0,0.0,15.627663606838098,,False,0.0,0.0,3.12216139074288,0.0,False
2418,,0.0,0.0,0.0,15.627663606838098,,False,0.0,0.0,3.12216139074288,0.0,False
2419,,0.0,0.0,0.0,15.627663606838098,,False,0.0,0.0,3.12216139074288,0.0,False
2420,,0.0,0.0,0.0,15.627663606838098,,False,0.0,0.0,3.12216139074288,0.0,False
2421,,0.0,0.0,0.0,15.627663606838098,,False,0.0,0.0,3.12216139074288,0.0,False
2422,,0.0,0.0,0.0,15.627663606838098,,False,0.0,0.0,3.12216139074288,0.0,False
2423,,0.0,0.0,0.0,15.627663606838098,,False,0.0,0.0,3.12216139074288,0.0,False
2424,,0.0,0.0,0.0,15.627663606838098,,False,0.0,0.0,3.12216139074288,0.0,False
2425,,0.0,0.0,0.0,15.627663606838098,,False,0.0,0.0,3.12216139074288,0.0,False
2426,,0.0,0.0,0.0,15.627663606838098,,False,0.0,0.0,3.12216139074288,0.0,False
2427,,0.0,0.0,0.0,15.627663606838098,,False,0.0,0.0,3.12216139074288,0.0,False
2428,,0.0,0.0,0.0,15.627663606838098,,False,0.0,0.0,3.12216139074288,0.0,False
2429,,0.0,0.0,0.0,15.627663606838098,,False,0.0,0.0,3.12216139074288,0.0,False
2430,,0.0,0.0,0.0,15.627663606838098,,False,0.0,0.0,3.12216139074288,0.0,False
2431,,0.0,0.0,0.0,15.627663606838098,,False,0.0,0.0,3.12216139074288,0.0,False
2432,,0.0,0.0,0.0,15.627663606838098,,False,0.0,0.0,3.12216139074288,0.0,False
2433,,0.0,0.0,0.0,15.627663606838098,,False,0.0,0.0,3.12216139074288,0.0,False
2434,,0.0,0.0,0.0,15.627663606838098,,False,0.0,0.0,3.12216139074288,0.0,False
2435,,0.0,0.0,0.0,15.627663606838098,,False,0.0,0.0,3.12216139074288,0.0,False
2436,,0.0,0.0,0.0,15.627663606838098,,False,0.0,0.0,3.12216139074288,0.0,False
2437,,0.0,0.0,0.0,15.627663606838098,,False,0.0,0.0,3.12216139074288,0.0,False
2438,9.268482120813779,9.268482120813779,0.23632271611496533,0.0,15.627663606838098,9.032159404698813,False,8.745000000000001,0.0,3.12216139074288,0.5234821208137781,False
2439,10.500456204280905,10.500456204280905,0.0,0.0,15.741000000000001,10.500456204280905,False,8.745000000000001,0.0,7.316116057879854,1.7554562042809039,False
2440,3.971594292812889,3.971594292812889,0.0,0.0,15.741000000000001,3.971594292812889,False,3.971594292812889,0.0,11.510070725016828,0.0,False
2441,4.850503094087518,4.850503094087518,0.0,0.0,15.741000000000001,4.850503094087518,False,4.850503094087518,0.0,13.414780435744921,0.0,False
2442,,0.0,0.0,0.0,15.741000000000001,,False,0.0,0.0,15.741000000000001,0.0,False
2443,,0.0,0.0,0.0,15.741000000000001,,False,0.0,0.0,15.741000000000001,0.0,False
2444,,0.0,0.0,0.0,15.741000000000001,,False,0.0,0.0,15.741000000000001,0.0,False
2445,,0.0,0.0,0.0,15.741000000000001,,False,0.0,0.0,15.741000000000001,0.0,False
2446,,0.0,0.0,0.0,15.741000000000001,,False,0.0,0.0,15.741000000000001,0.0,False
2447,,0.0,0.0,0.0,15.741000000000001,,False,0.0,0.0,15.741000000000001,0.0,False
2448,,0.0,0.0,0.0,15.741000000000001,,False,0.0,0.0,15.741000000000001,0.0,False
2449,,0.0,0.0,0.0,15.741000000000001,,False,0.0,0.0,15.741000000000001,0.0,False
2450,,0.0,0.0,0.0,15.741000000000001,,False,0.0,0.0,15.741000000000001,0.0,False
2451,,0.0,0.0,0.0,15.741000000000001,,False,0.0,0.0,15.741000000000001,0.0,False
2452,,0.0,0.0,0.0,15.741000000000001,,False,0.0,0.0,15.741000000000001,0.0,False
2453,,0.0,0.0,0.0,15.741000000000001,,False,0.0,0.0,15.741000000000001,0.0,False
2454,,0.0,0.0,0.0,15.741000000000001,,False,0.0,0.0,15.741000000000001,0.0,False
2455,,0.0,0.0,0.0,15.741000000000001,,False,0.0,0.0,15.741000000000001,0.0,False
2456,,0.0,0.0,0.0,15.741000000000001,,False,0.0,0.0,15.741000000000001,0.0,False
2457,,0.0,0.0,0.0,15.741000000000001,,False,0.0,0.0,15.741000000000001,0.0,False
2458,,0.0,0.0,0.0,15.741000000000001,,False,0.0,0.0,15.741000000000001,0.0,False
2459,,0.0,0.0,0.0,15.741000000000001,,False,0.0,0.0,15.741000000000001,0.0,False
2460,,0.0,0.0,0.0,15.741000000000001,,False,0.0,0.0,15.741000000000001,0.0,False
2461,,0.0,0.0,0.0,15.741000000000001,,False,0.0,0.0,15.741000000000001,0.0,False
2462,,0.0,0.0,0.0,15.741000000000001,,False,0.0,0.0,15.741000000000001,0.0,False
2463,,0.0,0.0,0.0,15.741000000000001,,False,0.0,0.0,15.741000000000001,0.0,False
2464,,0.0,0.0,0.0,15.741000000000001,,False,0.0,0.0,15.741000000000001,0.0,False
2465,,0.0,0.0,0.0,15.741000000000001,,False,0.0,0.0,15.741000000000001,0.0,False
2466,,0.0,0.0,0.0,15.741000000000001,,False,0.0,0.0,15.741000000000001,0.0,False
2467,,0.0,0.0,0.0,15.741000000000001,,False,0.0,0.0,15.741000000000001,0.0,False
2468,-6.76590204624927,-6.76590204624927,0.0,6.76590204624927,15.741000000000001,0.0,False,0.0,0.0,15.741000000000001,-6.76590204624927,False
2469,-4.334291645146599,-4.334291645146599,0.0,4.334291645146599,12.214029748146928,0.0,False,0.0,0.0,15.741000000000001,-4.334291645146599,False
2470,-11.215431360559158,-11.215431360559158,0.0,8.745000000000001,9.954624041296384,-2.4704313605591572,False,0.0,0.0,15.741000000000001,-11.215431360559158,False
2471,-13.890855696008549,-13.890855696008549,0.0,6.996116178280762,5.395977663973587,-6.894739517727786,False,0.0,0.6063098696766263,15.741000000000001,-13.284545826331922,False
2472,-13.305117919356219,-13.305117919356219,0.0,4.2595540635239357e-16,1.7490000000000006,-13.305117919356219,False,0.0,8.745000000000001,15.424939131968394,-4.560117919356218,False
2473,-7.346970046284043,-7.346970046284043,0.0,0.0,1.7490000000000003,-7.346970046284043,False,0.0,0.0,10.866292754645595,-7.346970046284043,False
2474,-2.764759610715284,-2.764759610715284,0.0,0.0,1.7490000000000003,-2.764759610715284,False,0.0,0.0,10.866292754645595,-2.764759610715284,False
2475,-2.5543433240841344,-2.5543433240841344,0.0,0.0,1.7490000000000003,-2.5543433240841344,False,0.0,0.0,10.866292754645595,-2.5543433240841344,False
2476,-4.245408043967406,-4.245408043967406,0.0,0.0,1.7490000000000003,-4.245408043967406,False,0.0,0.0,10.866292754645595,-4.245408043967406,False
2477,-12.513931571434417,-12.513931571434417,0.0,0.0,1.7490000000000003,-12.513931571434417,False,0.0,8.745000000000001,10.866292754645595,-3.7689315714344165,False
2478,-12.682098998567415,-12.682098998567415,0.0,0.0,1.7490000000000003,-12.682098998567415,False,0.0,8.745000000000001,6.307646377322798,-3.9370989985674143,False
2479,-3.4522585534372263,-3.4522585534372263,0.0,0.0,1.7490000000000003,-3.4522585534372263,False,0.0,0.0,1.7490000000000003,-3.4522585534372263,False
2480,0.264229865412484,0.264229865412484,0.264229865412484,0.0,1.7490000000000003,0.0,False,0.264229865412484,0.0,1.7490000000000003,0.0,False
2481,3.524865097287221,3.524865097287221,3.524865097287221,0.0,1.8757201917945872,0.0,False,3.524865097287221,0.0,1.8757201917945872,0.0,False
2482,-1.0655512026763905,-1.0655512026763905,0.0,1.0655512026763905,3.5661861066940683,0.0,False,0.0,0.0,3.5661861066940683,-1.0655512026763905,False
2483,-7.900173908997044,-7.900173908997044,0.0,2.4204161630073386,3.010729145009371,-5.479757745989706,False,0.0,0.0,3.5661861066940683,-7.900173908997044,False
2484,-5.495771515366678,-5.495771515366678,0.0,0.0,1.7490000000000003,-5.495771515366678,False,0.0,0.0,3.5661861066940683,-5.495771515366678,False
2485,-3.0220472322978646,-3.0220472322978646,0.0,0.0,1.7490000000000003,-3.0220472322978646,False,0.0,1.5679782178567372,3.5661861066940683,-1.4540690144411275,False
2486,-1.7687587405008964,-1.7687587405008964,0.0,0.0,1.7490000000000003,-1.7687587405008964,False,0.0,1.7687587405008964,2.7488209583174337,0.0,False
2487,-0.14923040732609488,-0.14923040732609488,0.0,0.0,1.7490000000000003,-0.14923040732609488,False,0.0,0.14923040732609488,1.8267917273577485,0.0,False
2488,1.6194815916841259,1.6194815916841259,1.6194815916841259,0.0,1.7490000000000003,0.0,False,0.0,0.0,1.7490000000000003,1.6194815916841259,False
2489,4.275963249376293,4.275963249376293,4.275963249376293,0.0,2.5256760868823394,0.0,False,0.0,0.0,1.7490000000000003,4.275963249376293,False
2490,6.192018156489512,6.192018156489512,6.192018156489512,0.0,4.576356021270891,0.0,False,0.0,0.0,1.7490000000000003,6.192018156489512,False
2491,8.852716779875532,8.852716779875532,8.745000000000001,0.0,7.545943608052603,0.10771677987553119,False,0.7177440669080709,0.0,1.7490000000000003,8.13497271296746,False
2492,10.058777538320228,10.058777538320228,8.342873817315967,0.0,11.739898275189578,1.7159037210042616,False,8.745000000000001,0.0,2.0932179621748404,1.3137775383202275,False
2493,19.71259274795783,19.71259274795783,0.0,0.0,15.741000000000001,19.71259274795783,True,2.2225927479578296,0.0,6.287172629311814,17.490000000000002,False
2494,25.142318668173182,25.142318668173182,0.0,0.0,15.741000000000001,25.142318668173182,True,8.745000000000001,0.0,7.353090665726055,16.39731866817318,False
2495,9.062572518414573,9.062572518414573,0.0,0.0,15.741000000000001,9.062572518414573,False,8.745000000000001,0.0,11.547045332863028,0.3175725184145719,False
2496,-10.335160103859405,-10.335160103859405,0.0,8.745000000000001,15.741000000000001,-1.5901601038594038,False,0.0,8.4695021340411,15.741000000000001,-1.8656579698183045,False
2497,-24.353617883187727,-24.353617883187727,0.0,8.745000000000001,11.182353622677205,-15.608617883187726,False,0.0,8.745000000000001,11.32596681291319,-15.608617883187726,False
2498,-21.424781211115526,-21.424781211115526,0.0,8.745000000000001,6.6237072453544075,-12.679781211115525,False,0.0,8.745000000000001,6.767320435590393,-12.679781211115525,False
2499,-0.8818077356355277,-0.8818077356355277,0.0,0.6063098696766301,2.06506086803161,-0.2754978659588976,False,0.0,0.8818077356355277,2.2086740582675954,0.0,False
2500,14.502128580756889,14.502128580756889,8.745000000000001,0.0,1.7490000000000003,5.757128580756888,False,1.093039380051079,0.0,1.7490000000000003,13.40908920070581,False
2501,12.46959519061472,12.46959519061472,8.745000000000001,0.0,5.942954667136974,3.7245951906147194,False,8.745000000000001,0.0,2.273203271507116,3.7245951906147194,False
2502,10.096919294303643,10.096919294303643,8.745000000000001,0.0,10.136909334273948,1.3519192943036415,False,8.745000000000001,0.0,6.46715793864409,1.3519192943036415,False
2503,8.96778130001817,8.96778130001817,2.940336814865897,0.0,14.330864001410923,6.027444485152274,False,8.745000000000001,0.0,10.661112605781064,0.22278130001816976,False
2504,2.7275745467954726,2.7275745467954726,0.0,0.0,15.741000000000001,2.7275745467954726,False,0.0,0.0,14.855067272918037,2.7275745467954726,False
2505,0.5430093206016742,0.5430093206016742,0.0,0.0,15.741000000000001,0.5430093206016742,False,0.5430093206016742,0.0,14.855067272918037,0.0,False
2506,-1.7805053711945633,-1.7805053711945633,0.0,1.7805053711945633,15.741000000000001,0.0,False,0.0,1.7805053711945633,15.11548539463745,0.0,False
2507,-6.782806812502836,-6.782806812502836,0.0,6.782806812502836,14.81284741449973,0.0,False,0.0,6.782806812502836,14.187332809137178,0.0,False
2508,3.8457228252096223,3.8457228252096223,3.8457228252096223,0.0,11.27706494407132,0.0,False,3.8457228252096223,0.0,10.65155033870877,0.0,False
2509,6.766513314761567,6.766513314761567,5.462225200548421,0.0,13.121408819577676,1.3042881142131462,False,6.766513314761567,0.0,12.495894214215125,0.0,False
2510,-8.583602975243686,-8.583602975243686,0.0,8.583602975243686,15.741000000000001,0.0,False,0.0,0.0,15.741000000000001,-8.583602975243686,False
2511,-9.855165658404664,-9.855165658404664,0.0,8.745000000000001,11.26648763779625,-1.1101656584046626,False,0.0,0.0,15.741000000000001,-9.855165658404664,False
2512,-1.8689023186869302,-1.8689023186869302,0.0,1.8689023186869302,6.707841260473452,0.0,False,0.0,1.8689023186869302,15.741000000000001,0.0,False
2513,-15.288110576322115,-15.288110576322115,0.0,7.643804575746014,5.733608580696168,-7.644306000576101,False,0.0,3.673223451105245,14.766767320222717,-11.614887125216871,False
2514,,0.0,0.0,0.0,1.7490000000000006,,False,0.0,0.0,12.851967231202927,0.0,False
2515,,0.0,0.0,0.0,1.7490000000000006,,False,0.0,0.0,12.851967231202927,0.0,False
2516,,0.0,0.0,0.0,1.7490000000000006,,False,0.0,0.0,12.851967231202927,0.0,False
2517,,0.0,0.0,0.0,1.7490000000000006,,False,0.0,0.0,12.851967231202927,0.0,False
2518,,0.0,0.0,0.0,1.7490000000000006,,False,0.0,0.0,12.851967231202927,0.0,False
2519,,0.0,0.0,0.0,1.7490000000000006,,False,0.0,0.0,12.851967231202927,0.0,False
2520,,0.0,0.0,0.0,1.7490000000000006,,False,0.0,0.0,12.851967231202927,0.0,False
2521,,0.0,0.0,0.0,1.7490000000000006,,False,0.0,0.0,12.851967231202927,0.0,False
2522,,0.0,0.0,0.0,1.7490000000000006,,False,0.0,0.0,12.851967231202927,0.0,False
2523,,0.0,0.0,0.0,1.7490000000000006,,False,0.0,0.0,12.851967231202927,0.0,False
2524,,0.0,0.0,0.0,1.7490000000000006,,False,0.0,0.0,12.851967231202927,0.0,False
2525,,0.0,0.0,0.0,1.7490000000000006,,False,0.0,0.0,12.851967231202927,0.0,False
2526,,0.0,0.0,0.0,1.7490000000000006,,False,0.0,0.0,12.851967231202927,0.0,False
2527,,0.0,0.0,0.0,1.7490000000000006,,False,0.0,0.0,12.851967231202927,0.0,False
2528,,0.0,0.0,0.0,1.7490000000000006,,False,0.0,0.0,12.851967231202927,0.0,False
2529,,0.0,0.0,0.0,1.7490000000000006,,False,0.0,0.0,12.851967231202927,0.0,False
2530,,0.0,0.0,0.0,1.7490000000000006,,False,0.0,0.0,12.851967231202927,0.0,False
2531,,0.0,0.0,0.0,1.7490000000000006,,False,0.0,0.0,12.851967231202927,0.0,False
2532,,0.0,0.0,0.0,1.7490000000000006,,False,0.0,0.0,12.851967231202927,0.0,False
2533,,0.0,0.0,0.0,1.7490000000000006,,False,0.0,0.0,12.851967231202927,0.0,False
2534,,0.0,0.0,0.0,1.7490000000000006,,False,0.0,0.0,12.851967231202927,0.0,False
2535,,0.0,0.0,0.0,1.7490000000000006,,False,0.0,0.0,12.851967231202927,0.0,False
2536,,0.0,0.0,0.0,1.7490000000000006,,False,0.0,0.0,12.851967231202927,0.0,False
2537,,0.0,0.0,0.0,1.7490000000000006,,False,0.0,0.0,12.851967231202927,0.0,False
2538,,0.0,0.0,0.0,1.7490000000000006,,False,0.0,0.0,12.851967231202927,0.0,False
2539,,0.0,0.0,0.0,1.7490000000000006,,False,0.0,0.0,12.851967231202927,0.0,False
2540,,0.0,0.0,0.0,1.7490000000000006,,False,0.0,0.0,12.851967231202927,0.0,False
2541,,0.0,0.0,0.0,1.7490000000000006,,False,0.0,0.0,12.851967231202927,0.0,False
2542,-2.9917981508595304,-2.9917981508595304,0.0,4.2595540635239357e-16,1.7490000000000006,-2.99179815085953,False,0.0,2.9917981508595304,12.851967231202927,0.0,False
2543,-2.8929263915822303,-2.8929263915822303,0.0,0.0,1.7490000000000003,-2.8929263915822303,False,0.0,2.8929263915822303,11.292384635194141,0.0,False
2544,-3.0872514456374276,-3.0872514456374276,0.0,0.0,1.7490000000000003,-3.0872514456374276,False,0.0,3.0872514456374276,9.7843425065666,0.0,False
2545,-3.148622913583429,-3.148622913583429,0.0,0.0,1.7490000000000003,-3.148622913583429,False,0.0,3.148622913583429,8.175001440981738,0.0,False
2546,-3.018089345635853,-3.018089345635853,0.0,0.0,1.7490000000000003,-3.018089345635853,False,0.0,3.018089345635853,6.5336682862004185,0.0,False
2547,-3.0665171215063682,-3.0665171215063682,0.0,0.0,1.7490000000000003,-3.0665171215063682,False,0.0,3.0665171215063682,4.960380457507518,0.0,False
2548,-3.093978731079621,-3.093978731079621,0.0,0.0,1.7490000000000003,-3.093978731079621,False,0.0,3.093978731079621,3.361847905540298,0.0,False
2549,2.8371070431773044,2.8371070431773044,2.8371070431773044,0.0,1.7490000000000003,0.0,False,0.0,0.0,1.7490000000000003,2.8371070431773044,False
2550,12.673477725186299,12.673477725186299,8.745000000000001,0.0,3.109628739268226,3.9284777251862977,False,1.6993326814825238,0.0,1.7490000000000003,10.974145043703775,False
2551,12.91932309981066,12.91932309981066,8.745000000000001,0.0,7.3035834064052,4.174323099810659,False,8.745000000000001,0.0,2.5639713242449425,4.174323099810659,False
2552,-0.9978831662219653,-0.9978831662219653,0.0,0.9978831662219653,11.497538073542174,0.0,False,0.0,0.9978831662219653,6.757925991381916,0.0,False
2553,-5.905793031065328,-5.905793031065328,0.0,5.905793031065328,10.977355514286694,0.0,False,0.0,5.905793031065328,6.237743432126437,0.0,False
2554,19.221320879420684,19.221320879420684,8.745000000000001,0.0,7.898748080749338,10.476320879420683,False,8.745000000000001,0.0,3.159135998589081,10.476320879420683,False
2555,27.113985805106502,27.113985805106502,7.607225638305219,0.0,12.092702747886312,19.506760166801282,True,8.745000000000001,0.0,7.353090665726055,18.3689858051065,True
2556,9.52584146806643,9.52584146806643,0.0,0.0,15.741000000000001,9.52584146806643,False,8.745000000000001,0.0,11.547045332863028,0.7808414680664288,False
2557,-23.451072491614227,-23.451072491614227,0.0,8.745000000000001,15.741000000000001,-14.706072491614226,False,0.0,8.745000000000001,15.741000000000001,-14.706072491614226,False
2558,-29.444656448599645,-29.444656448599645,0.0,8.745000000000001,11.182353622677205,-20.699656448599644,True,0.0,8.745000000000001,11.182353622677205,-20.699656448599644,True
2559,-7.498303164823042,-7.498303164823042,0.0,7.498303164823042,6.6237072453544075,0.0,False,0.0,0.0,6.6237072453544075,-7.498303164823042,False
2560,-11.430808628978959,-11.430808628978959,0.0,1.8530067048535892,2.714946518265943,-9.57780192412537,False,0.0,0.0,6.6237072453544075,-11.430808628978959,False
2561,-12.688825461989005,-12.688825461989005,0.0,0.0,1.7490000000000003,-12.688825461989005,False,0.0,4.6392525349496605,6.6237072453544075,-8.049572927039344,False
2562,-4.71205733472697,-4.71205733472697,0.0,0.0,1.7490000000000003,-4.71205733472697,False,0.0,4.71205733472697,4.205329685384839,0.0,False
2563,24.76995820130314,24.76995820130314,8.745000000000001,0.0,1.7490000000000003,16.02495820130314,False,8.745000000000001,0.0,1.7490000000000003,16.02495820130314,False
2564,53.10876170093485,53.10876170093485,8.745000000000001,0.0,5.942954667136974,44.363761700934845,True,8.745000000000001,0.0,5.942954667136974,44.363761700934845,True
2565,26.814277093219616,26.814277093219616,8.745000000000001,0.0,10.136909334273948,18.069277093219615,True,8.745000000000001,0.0,10.136909334273948,18.069277093219615,True
2566,-12.240161369882058,-12.240161369882058,0.0,8.745000000000001,14.330864001410923,-3.495161369882057,False,0.0,8.745000000000001,14.330864001410923,-3.495161369882057,False
2567,-27.076641584006087,-27.076641584006087,0.0,8.745000000000001,9.772217624088125,-18.331641584006086,True,0.0,8.745000000000001,9.772217624088125,-18.331641584006086,True
2568,21.508740996331213,21.508740996331213,8.745000000000001,0.0,5.213571246765327,12.763740996331212,False,8.745000000000001,0.0,5.213571246765327,12.763740996331212,False
2569,46.66947642397363,46.66947642397363,8.745000000000001,0.0,9.407525913902301,37.92447642397363,True,8.745000000000001,0.0,9.407525913902301,37.92447642397363,True
2570,10.12246052382967,10.12246052382967,4.461206380083287,0.0,13.601480581039276,5.661254143746382,False,0.0,0.0,13.601480581039276,10.12246052382967,False
2571,9.328998140776317,9.328998140776317,0.0,0.0,15.741000000000001,9.328998140776317,False,0.0,0.0,13.601480581039276,9.328998140776317,False
2572,8.622322769119272,8.622322769119272,0.0,0.0,15.741000000000001,8.622322769119272,False,4.461206380083287,0.0,13.601480581039276,4.161116389035985,False
2573,-6.596965443944079,-6.596965443944079,0.0,6.596965443944079,15.741000000000001,0.0,False,0.0,6.596965443944079,15.741000000000001,0.0,False
2574,-0.923392358761878,-0.923392358761878,0.0,0.923392358761878,12.302094039753078,0.0,False,0.0,0.923392358761878,12.302094039753078,0.0,False
2575,-6.906637220438424,-6.906637220438424,0.0,6.906637220438424,11.820742498173045,0.0,False,0.0,6.906637220438424,11.820742498173045,0.0,False
2576,-12.024434305460941,-12.024434305460941,0.0,8.745000000000001,8.220408965361791,-3.2794343054609403,False,0.0,8.745000000000001,8.220408965361791,-3.2794343054609403,False
2577,3.234408839431129,3.234408839431129,3.234408839431129,0.0,3.661762588038994,0.0,False,3.234408839431129,0.0,3.661762588038994,0.0,False
2578,5.636196507951661,5.636196507951661,5.636196507951661,0.0,5.212930575181506,0.0,False,5.636196507951661,0.0,5.212930575181506,0.0,False
2579,-4.378453390312647,-4.378453390312647,0.0,4.378453390312647,7.915955463623471,0.0,False,0.0,0.0,7.915955463623471,-4.378453390312647,False
2580,-16.4557374991223,-16.4557374991223,0.0,7.451818375811771,5.633528855730336,-9.003919123310528,False,0.0,3.0852717661244173,7.915955463623471,-13.370465732997882,False
2581,-12.828109857262707,-12.828109857262707,0.0,4.2595540635239357e-16,1.7490000000000006,-12.828109857262707,False,0.0,8.745000000000001,6.307646377322798,-4.083109857262706,False
2582,,0.0,0.0,0.0,1.7490000000000003,,False,0.0,0.0,1.7490000000000003,0.0,False
2583,,0.0,0.0,0.0,1.7490000000000003,,False,0.0,0.0,1.7490000000000003,0.0,False
2584,,0.0,0.0,0.0,1.7490000000000003,,False,0.0,0.0,1.7490000000000003,0.0,False
2585,,0.0,0.0,0.0,1.7490000000000003,,False,0.0,0.0,1.7490000000000003,0.0,False
2586,,0.0,0.0,0.0,1.7490000000000003,,False,0.0,0.0,1.7490000000000003,0.0,False
2587,,0.0,0.0,0.0,1.7490000000000003,,False,0.0,0.0,1.7490000000000003,0.0,False
2588,,0.0,0.0,0.0,1.7490000000000003,,False,0.0,0.0,1.7490000000000003,0.0,False
2589,,0.0,0.0,0.0,1.7490000000000003,,False,0.0,0.0,1.7490000000000003,0.0,False
2590,,0.0,0.0,0.0,1.7490000000000003,,False,0.0,0.0,1.7490000000000003,0.0,False
2591,,0.0,0.0,0.0,1.7490000000000003,,False,0.0,0.0,1.7490000000000003,0.0,False
2592,,0.0,0.0,0.0,1.7490000000000003,,False,0.0,0.0,1.7490000000000003,0.0,False
2593,,0.0,0.0,0.0,1.7490000000000003,,False,0.0,0.0,1.7490000000000003,0.0,False
2594,,0.0,0.0,0.0,1.7490000000000003,,False,0.0,0.0,1.7490000000000003,0.0,False
2595,,0.0,0.0,0.0,1.7490000000000003,,False,0.0,0.0,1.7490000000000003,0.0,False
2596,,0.0,0.0,0.0,1.7490000000000003,,False,0.0,0.0,1.7490000000000003,0.0,False
2597,,0.0,0.0,0.0,1.7490000000000003,,False,0.0,0.0,1.7490000000000003,0.0,False
2598,,0.0,0.0,0.0,1.7490000000000003,,False,0.0,0.0,1.7490000000000003,0.0,False
2599,,0.0,0.0,0.0,1.7490000000000003,,False,0.0,0.0,1.7490000000000003,0.0,False
2600,,0.0,0.0,0.0,1.7490000000000003,,False,0.0,0.0,1.7490000000000003,0.0,False
2601,,0.0,0.0,0.0,1.7490000000000003,,False,0.0,0.0,1.7490000000000003,0.0,False
2602,,0.0,0.0,0.0,1.7490000000000003,,False,0.0,0.0,1.7490000000000003,0.0,False
2603,,0.0,0.0,0.0,1.7490000000000003,,False,0.0,0.0,1.7490000000000003,0.0,False
2604,,0.0,0.0,0.0,1.7490000000000003,,False,0.0,0.0,1.7490000000000003,0.0,False
2605,,0.0,0.0,0.0,1.7490000000000003,,False,0.0,0.0,1.7490000000000003,0.0,False
2606,,0.0,0.0,0.0,1.7490000000000003,,False,0.0,0.0,1.7490000000000003,0.0,False
2607,,0.0,0.0,0.0,1.7490000000000003,,False,0.0,0.0,1.7490000000000003,0.0,False
2608,3.8885667139407096,3.8885667139407096,3.8885667139407096,0.0,1.7490000000000003,0.0,False,3.8885667139407096,0.0,1.7490000000000003,0.0,False
2609,,0.0,0.0,0.0,3.6138910827221413,,False,0.0,0.0,3.6138910827221413,0.0,False
2610,,0.0,0.0,0.0,3.6138910827221413,,False,0.0,0.0,3.6138910827221413,0.0,False
2611,,0.0,0.0,0.0,3.6138910827221413,,False,0.0,0.0,3.6138910827221413,0.0,False
2612,,0.0,0.0,0.0,3.6138910827221413,,False,0.0,0.0,3.6138910827221413,0.0,False
2613,,0.0,0.0,0.0,3.6138910827221413,,False,0.0,0.0,3.6138910827221413,0.0,False
2614,,0.0,0.0,0.0,3.6138910827221413,,False,0.0,0.0,3.6138910827221413,0.0,False
2615,,0.0,0.0,0.0,3.6138910827221413,,False,0.0,0.0,3.6138910827221413,0.0,False
2616,,0.0,0.0,0.0,3.6138910827221413,,False,0.0,0.0,3.6138910827221413,0.0,False
2617,,0.0,0.0,0.0,3.6138910827221413,,False,0.0,0.0,3.6138910827221413,0.0,False
2618,,0.0,0.0,0.0,3.6138910827221413,,False,0.0,0.0,3.6138910827221413,0.0,False
2619,,0.0,0.0,0.0,3.6138910827221413,,False,0.0,0.0,3.6138910827221413,0.0,False
2620,,0.0,0.0,0.0,3.6138910827221413,,False,0.0,0.0,3.6138910827221413,0.0,False
2621,,0.0,0.0,0.0,3.6138910827221413,,False,0.0,0.0,3.6138910827221413,0.0,False
2622,,0.0,0.0,0.0,3.6138910827221413,,False,0.0,0.0,3.6138910827221413,0.0,False
2623,,0.0,0.0,0.0,3.6138910827221413,,False,0.0,0.0,3.6138910827221413,0.0,False
2624,,0.0,0.0,0.0,3.6138910827221413,,False,0.0,0.0,3.6138910827221413,0.0,False
2625,,0.0,0.0,0.0,3.6138910827221413,,False,0.0,0.0,3.6138910827221413,0.0,False
2626,,0.0,0.0,0.0,3.6138910827221413,,False,0.0,0.0,3.6138910827221413,0.0,False
2627,,0.0,0.0,0.0,3.6138910827221413,,False,0.0,0.0,3.6138910827221413,0.0,False
2628,,0.0,0.0,0.0,3.6138910827221413,,False,0.0,0.0,3.6138910827221413,0.0,False
2629,,0.0,0.0,0.0,3.6138910827221413,,False,0.0,0.0,3.6138910827221413,0.0,False
2630,,0.0,0.0,0.0,3.6138910827221413,,False,0.0,0.0,3.6138910827221413,0.0,False
2631,,0.0,0.0,0.0,3.6138910827221413,,False,0.0,0.0,3.6138910827221413,0.0,False
2632,,0.0,0.0,0.0,3.6138910827221413,,False,0.0,0.0,3.6138910827221413,0.0,False
2633,,0.0,0.0,0.0,3.6138910827221413,,False,0.0,0.0,3.6138910827221413,0.0,False
2634,,0.0,0.0,0.0,3.6138910827221413,,False,0.0,0.0,3.6138910827221413,0.0,False
2635,6.630461909030023,6.630461909030023,6.630461909030023,0.0,3.6138910827221413,0.0,False,6.630461909030023,0.0,3.6138910827221413,0.0,False
2636,0.9519741900293479,0.9519741900293479,0.9519741900293479,0.0,6.793748906467183,0.0,False,0.9519741900293479,0.0,6.793748906467183,0.0,False
2637,1.3893897172239995,1.3893897172239995,1.3893897172239995,0.0,7.250299689459467,0.0,False,1.3893897172239995,0.0,7.250299689459467,0.0,False
2638,3.5063953437237765,3.5063953437237765,3.5063953437237765,0.0,7.916627589862408,0.0,False,3.5063953437237765,0.0,7.916627589862408,0.0,False
2639,-0.16006315224182782,-0.16006315224182782,0.0,0.16006315224182782,9.59823572212515,0.0,False,0.0,0.16006315224182782,9.59823572212515,0.0,False
2640,-7.349896089835044,-7.349896089835044,0.0,7.349896089835044,9.514797036120568,0.0,False,0.0,7.349896089835044,9.514797036120568,0.0,False
2641,-5.318433949946901,-5.318433949946901,0.0,5.318433949946901,5.68339884473972,0.0,False,0.0,5.318433949946901,5.68339884473972,0.0,False
2642,3.7069054075976786,3.7069054075976786,3.7069054075976786,0.0,2.910973497803641,0.0,False,3.7069054075976786,0.0,2.910973497803641,0.0,False
2643,-3.2070495451882577,-3.2070495451882577,0.0,3.2070495451882577,4.688742878573175,0.0,False,0.0,0.0,4.688742878573175,-3.2070495451882577,False
2644,2.205764612853504,2.205764612853504,2.205764612853504,0.0,3.0169527366558304,0.0,False,2.205764612853504,0.0,4.688742878573175,0.0,False
2645,11.92525052377802,11.92525052377802,8.745000000000001,0.0,4.074800282988882,3.180250523778019,False,8.745000000000001,0.0,5.746590424906225,3.180250523778019,False
2646,-4.408893512837102,-4.408893512837102,0.0,4.408893512837102,8.268754950125857,0.0,False,0.0,0.0,9.940545092043198,-4.408893512837102,False
2647,-10.500050440919384,-10.500050440919384,0.0,8.09816501279799,5.970460331452691,-2.4018854281213944,False,0.0,0.0,9.940545092043198,-10.500050440919384,False
2648,-0.9208930663324857,-0.9208930663324857,0.0,4.2595540635239357e-16,1.7490000000000006,-0.9208930663324852,False,0.0,0.0,9.940545092043198,-0.9208930663324857,False
2649,-2.181758987773249,-2.181758987773249,0.0,0.0,1.7490000000000003,-2.181758987773249,False,0.0,0.0,9.940545092043198,-2.181758987773249,False
2650,-8.955564674672235,-8.955564674672235,0.0,0.0,1.7490000000000003,-8.955564674672235,False,0.0,0.0,9.940545092043198,-8.955564674672235,False
2651,-10.328820051335564,-10.328820051335564,0.0,0.0,1.7490000000000003,-10.328820051335564,False,0.0,0.0,9.940545092043198,-10.328820051335564,False
2652,-8.648524238597785,-8.648524238597785,0.0,0.0,1.7490000000000003,-8.648524238597785,False,0.0,0.0,9.940545092043198,-8.648524238597785,False
2653,-1.5604548281971942,-1.5604548281971942,0.0,0.0,1.7490000000000003,-1.5604548281971942,False,0.0,0.0,9.940545092043198,-1.5604548281971942,False
2654,-3.109872718062884,-3.109872718062884,0.0,0.0,1.7490000000000003,-3.109872718062884,False,0.0,0.0,9.940545092043198,-3.109872718062884,False
2655,-5.858634408658015,-5.858634408658015,0.0,0.0,1.7490000000000003,-5.858634408658015,False,0.0,0.0,9.940545092043198,-5.858634408658015,False
2656,-9.542246026038109,-9.542246026038109,0.0,0.0,1.7490000000000003,-9.542246026038109,False,0.0,0.0,9.940545092043198,-9.542246026038109,False
2657,-12.258736412041904,-12.258736412041904,0.0,0.0,1.7490000000000003,-12.258736412041904,False,0.0,0.0,9.940545092043198,-12.258736412041904,False
2658,-10.767621207940428,-10.767621207940428,0.0,0.0,1.7490000000000003,-10.767621207940428,False,0.0,0.0,9.940545092043198,-10.767621207940428,False
2659,-11.569118842388994,-11.569118842388994,0.0,0.0,1.7490000000000003,-11.569118842388994,False,0.0,6.969108070823343,9.940545092043198,-4.600010771565651,False
2660,-11.985020653613683,-11.985020653613683,0.0,0.0,1.7490000000000003,-11.985020653613683,False,0.0,8.745000000000001,6.307646377322798,-3.2400206536136817,False
2661,-6.608713666209555,-6.608713666209555,0.0,0.0,1.7490000000000003,-6.608713666209555,False,0.0,0.0,1.7490000000000003,-6.608713666209555,False
2662,-2.6916744672313886,-2.6916744672313886,0.0,0.0,1.7490000000000003,-2.6916744672313886,False,0.0,0.0,1.7490000000000003,-2.6916744672313886,False
2663,-3.257520003779894,-3.257520003779894,0.0,0.0,1.7490000000000003,-3.257520003779894,False,0.0,0.0,1.7490000000000003,-3.257520003779894,False
2664,-2.801975273040311,-2.801975273040311,0.0,0.0,1.7490000000000003,-2.801975273040311,False,0.0,0.0,1.7490000000000003,-2.801975273040311,False
2665,-1.8098002306537633,-1.8098002306537633,0.0,0.0,1.7490000000000003,-1.8098002306537633,False,0.0,0.0,1.7490000000000003,-1.8098002306537633,False
2666,-1.3185525508599059,-1.3185525508599059,0.0,0.0,1.7490000000000003,-1.3185525508599059,False,0.0,0.0,1.7490000000000003,-1.3185525508599059,False
2667,-0.34385620286587293,-0.34385620286587293,0.0,0.0,1.7490000000000003,-0.34385620286587293,False,0.0,0.0,1.7490000000000003,-0.34385620286587293,False
2668,2.667077765613007,2.667077765613007,2.667077765613007,0.0,1.7490000000000003,0.0,False,0.0,0.0,1.7490000000000003,2.667077765613007,False
2669,4.898353962781434,4.898353962781434,4.898353962781434,0.0,3.0280855623453315,0.0,False,0.0,0.0,1.7490000000000003,4.898353962781434,False
2670,3.895718205738601,3.895718205738601,3.895718205738601,0.0,5.37725359705043,0.0,False,0.0,0.0,1.7490000000000003,3.895718205738601,False
2671,2.0856940746870496,2.0856940746870496,2.0856940746870496,0.0,7.245574414752875,0.0,False,0.6710772318536588,0.0,1.7490000000000003,1.4146168428333907,False
2672,10.542296178488222,10.542296178488222,8.745000000000001,0.0,8.245838153889945,1.7972961784882209,False,8.745000000000001,0.0,2.070837334310122,1.7972961784882209,False
2673,25.902807531162562,25.902807531162562,6.883492806045808,0.0,12.43979282102692,19.019314725116754,True,8.745000000000001,0.0,6.264792001447096,17.15780753116256,False
2674,24.264287854861852,24.264287854861852,0.0,0.0,15.741000000000001,24.264287854861852,True,8.745000000000001,0.0,10.45874666858407,15.519287854861851,False
2675,2.2692595830122415,2.2692595830122415,0.0,0.0,15.741000000000001,2.2692595830122415,False,2.2692595830122415,0.0,14.652701335721042,0.0,False
2676,-13.956387353384939,-13.956387353384939,0.0,8.745000000000001,15.741000000000001,-5.2113873533849375,False,0.0,0.0,15.741000000000001,-13.956387353384939,False
2677,-7.673941858513431,-7.673941858513431,0.0,7.673941858513431,11.182353622677205,0.0,False,0.0,0.0,15.741000000000001,-7.673941858513431,False
2678,-6.1510332586074075,-6.1510332586074075,0.0,6.1510332586074075,7.182034897337236,0.0,False,0.0,0.0,15.741000000000001,-6.1510332586074075,False
2679,-10.959318598806194,-10.959318598806194,0.0,4.271334752555794,3.9755871579269795,-6.6879838462503995,False,0.0,0.0,15.741000000000001,-10.959318598806194,False
2680,-5.712174822907338,-5.712174822907338,0.0,0.0,1.749,-5.712174822907338,False,0.0,0.0,15.741000000000001,-5.712174822907338,False
2681,-2.6964094720582956,-2.6964094720582956,0.0,0.0,1.749,-2.6964094720582956,False,0.0,0.0,15.741000000000001,-2.6964094720582956,False
2682,-3.2060613714845427,-3.2060613714845427,0.0,0.0,1.749,-3.2060613714845427,False,0.0,0.0,15.741000000000001,-3.2060613714845427,False
2683,-3.175439355039408,-3.175439355039408,0.0,0.0,1.749,-3.175439355039408,False,0.0,0.0,15.741000000000001,-3.175439355039408,False
2684,-6.866373077217033,-6.866373077217033,0.0,0.0,1.749,-6.866373077217033,False,0.0,0.0,15.741000000000001,-6.866373077217033,False
2685,-11.579386229517599,-11.579386229517599,0.0,0.0,1.749,-11.579386229517599,False,0.0,0.0,15.741000000000001,-11.579386229517599,False
2686,-14.009198679173506,-14.009198679173506,0.0,0.0,1.749,-14.009198679173506,False,0.0,0.0,15.741000000000001,-14.009198679173506,False
2687,-12.190244606004383,-12.190244606004383,0.0,0.0,1.749,-12.190244606004383,False,0.0,0.0,15.741000000000001,-12.190244606004383,False
2688,-7.977428367214516,-7.977428367214516,0.0,0.0,1.749,-7.977428367214516,False,0.0,0.0,15.741000000000001,-7.977428367214516,False
2689,-4.081802769967263,-4.081802769967263,0.0,0.0,1.749,-4.081802769967263,False,0.0,0.0,15.741000000000001,-4.081802769967263,False
2690,-3.414266072897377,-3.414266072897377,0.0,0.0,1.749,-3.414266072897377,False,0.0,0.0,15.741000000000001,-3.414266072897377,False
2691,-5.270491784496644,-5.270491784496644,0.0,0.0,1.749,-5.270491784496644,False,0.0,0.0,15.741000000000001,-5.270491784496644,False
2692,-5.7576736632884105,-5.7576736632884105,0.0,0.0,1.749,-5.7576736632884105,False,0.0,0.0,15.741000000000001,-5.7576736632884105,False
2693,-7.665627207562169,-7.665627207562169,0.0,0.0,1.749,-7.665627207562169,False,0.0,0.0,15.741000000000001,-7.665627207562169,False
2694,-8.25723018866655,-8.25723018866655,0.0,0.0,1.749,-8.25723018866655,False,0.0,0.0,15.741000000000001,-8.25723018866655,False
2695,-9.028425957460188,-9.028425957460188,0.0,0.0,1.749,-9.028425957460188,False,0.0,6.33332347614005,15.741000000000001,-2.695102481320138,False
2696,-9.51288630967802,-9.51288630967802,0.0,0.0,1.749,-9.51288630967802,False,0.0,8.745000000000001,12.439526915846855,-0.7678863096780191,False
2697,-5.463219508229185,-5.463219508229185,0.0,0.0,1.749,-5.463219508229185,False,0.0,0.0,7.880880538524059,-5.463219508229185,False
2698,-0.5136697437463587,-0.5136697437463587,0.0,0.0,1.749,-0.5136697437463587,False,0.0,0.0,7.880880538524059,-0.5136697437463587,False
2699,7.644482039282663,7.644482039282663,7.644482039282663,0.0,1.749,0.0,False,7.644482039282663,0.0,7.880880538524059,0.0,False
2700,9.140145028646241,9.140145028646241,8.745000000000001,0.0,5.4151647943389705,0.39514502864624035,False,8.745000000000001,0.0,11.547045332863028,0.39514502864624035,False
2701,-6.488941880062921,-6.488941880062921,0.0,6.488941880062921,9.609119461475945,0.0,False,0.0,3.331223448266189,15.741000000000001,-3.1577184317967317,False
2702,-9.295572509380637,-9.295572509380637,0.0,8.589381596077134,6.226524676546613,-0.7061909133035034,False,0.0,8.745000000000001,14.00447973647897,-0.5505725093806362,False
2703,-4.1433461407856615,-4.1433461407856615,0.0,0.0,1.7489999999999997,-4.1433461407856615,False,0.0,4.1433461407856615,9.445833359156172,0.0,False
2704,-4.636844635769179,-4.636844635769179,0.0,0.0,1.7489999999999997,-4.636844635769179,False,0.0,4.636844635769179,7.285964877202261,0.0,False
2705,2.224208481512853,2.224208481512853,2.224208481512853,0.0,1.7489999999999997,0.0,False,2.224208481512853,0.0,4.86884252144951,0.0,False
2706,-1.8313862603008706,-1.8313862603008706,0.0,1.8313862603008706,2.8156929150058856,0.0,False,0.0,0.0,5.935535436455396,-1.8313862603008706,False
2707,-5.424852387427027,-5.424852387427027,0.0,0.21488554269095353,1.861016832558852,-5.209966844736074,False,0.0,0.0,5.935535436455396,-5.424852387427027,False
2708,-2.3079447470836936,-2.3079447470836936,0.0,0.0,1.7490000000000003,-2.3079447470836936,False,0.0,0.0,5.935535436455396,-2.3079447470836936,False
2709,-8.244145555037232,-8.244145555037232,0.0,0.0,1.7490000000000003,-8.244145555037232,False,0.0,0.0,5.935535436455396,-8.244145555037232,False
2710,-7.488470917798644,-7.488470917798644,0.0,0.0,1.7490000000000003,-7.488470917798644,False,0.0,0.0,5.935535436455396,-7.488470917798644,False
2711,-2.6950724205677647,-2.6950724205677647,0.0,0.0,1.7490000000000003,-2.6950724205677647,False,0.0,0.0,5.935535436455396,-2.6950724205677647,False
2712,-3.631941824607122,-3.631941824607122,0.0,0.0,1.7490000000000003,-3.631941824607122,False,0.0,0.0,5.935535436455396,-3.631941824607122,False
2713,-3.3643472495957365,-3.3643472495957365,0.0,0.0,1.7490000000000003,-3.3643472495957365,False,0.0,0.0,5.935535436455396,-3.3643472495957365,False
2714,-2.4411142710094014,-2.4411142710094014,0.0,0.0,1.7490000000000003,-2.4411142710094014,False,0.0,0.0,5.935535436455396,-2.4411142710094014,False
2715,-0.3038474107254427,-0.3038474107254427,0.0,0.0,1.7490000000000003,-0.3038474107254427,False,0.0,0.0,5.935535436455396,-0.3038474107254427,False
2716,1.6298917830302677,1.6298917830302677,1.6298917830302677,0.0,1.7490000000000003,0.0,False,1.6298917830302677,0.0,5.935535436455396,0.0,False
2717,-2.62020527633477,-2.62020527633477,0.0,1.4995004403878465,2.5306686392644937,-1.1207048359469236,False,0.0,0.0,6.71720407571989,-2.62020527633477,False
2718,-6.3566023345993345,-6.3566023345993345,0.0,0.0,1.7490000000000003,-6.3566023345993345,False,0.0,0.0,6.71720407571989,-6.3566023345993345,False
2719,-3.3551420661220757,-3.3551420661220757,0.0,0.0,1.7490000000000003,-3.3551420661220757,False,0.0,0.0,6.71720407571989,-3.3551420661220757,False
2720,-0.942005003991866,-0.942005003991866,0.0,0.0,1.7490000000000003,-0.942005003991866,False,0.0,0.0,6.71720407571989,-0.942005003991866,False
2721,4.407927813526469,4.407927813526469,4.407927813526469,0.0,1.7490000000000003,0.0,False,4.407927813526469,0.0,6.71720407571989,0.0,False
2722,14.161670995839792,14.161670995839792,8.745000000000001,0.0,3.8629679160597155,5.416670995839791,False,8.745000000000001,0.0,8.831171991779605,5.416670995839791,False
2723,5.662987383692399,5.662987383692399,5.662987383692399,0.0,8.05692258319669,0.0,False,5.662987383692399,0.0,13.025126658916578,0.0,False
2724,-10.600328209596414,-10.600328209596414,0.0,8.745000000000001,10.772795924280112,-1.8553282095964132,False,0.0,0.6063098696766263,15.741000000000001,-9.994018339919787,False
2725,-13.165832649592517,-13.165832649592517,0.0,8.56564198144136,6.214149546957315,-4.600190668151157,False,0.0,8.745000000000001,15.424939131968394,-4.420832649592516,False
2726,-11.275469034489896,-11.275469034489896,0.0,4.2595540635239357e-16,1.7490000000000006,-11.275469034489896,False,0.0,8.745000000000001,10.866292754645595,-2.5304690344898955,False
2727,-9.583497468473212,-9.583497468473212,0.0,0.0,1.7490000000000003,-9.583497468473212,False,0.0,8.745000000000001,6.307646377322798,-0.8384974684732107,False
2728,-8.025003509210395,-8.025003509210395,0.0,0.0,1.7490000000000003,-8.025003509210395,False,0.0,0.0,1.7490000000000003,-8.025003509210395,False
2729,-6.707727540606269,-6.707727540606269,0.0,0.0,1.7490000000000003,-6.707727540606269,False,0.0,0.0,1.7490000000000003,-6.707727540606269,False
2730,-5.504867496901178,-5.504867496901178,0.0,0.0,1.7490000000000003,-5.504867496901178,False,0.0,0.0,1.7490000000000003,-5.504867496901178,False
2731,-4.450752472222387,-4.450752472222387,0.0,0.0,1.7490000000000003,-4.450752472222387,False,0.0,0.0,1.7490000000000003,-4.450752472222387,False
2732,-2.9718796821770384,-2.9718796821770384,0.0,0.0,1.7490000000000003,-2.9718796821770384,False,0.0,0.0,1.7490000000000003,-2.9718796821770384,False
2733,-1.7668851019443517,-1.7668851019443517,0.0,0.0,1.7490000000000003,-1.7668851019443517,False,0.0,0.0,1.7490000000000003,-1.7668851019443517,False
2734,-4.0783495838422805,-4.0783495838422805,0.0,0.0,1.7490000000000003,-4.0783495838422805,False,0.0,0.0,1.7490000000000003,-4.0783495838422805,False
2735,-5.54043548014161,-5.54043548014161,0.0,0.0,1.7490000000000003,-5.54043548014161,False,0.0,0.0,1.7490000000000003,-5.54043548014161,False
2736,-3.6381786260962716,-3.6381786260962716,0.0,0.0,1.7490000000000003,-3.6381786260962716,False,0.0,0.0,1.7490000000000003,-3.6381786260962716,False
2737,1.2244150793277062,1.2244150793277062,1.2244150793277062,0.0,1.7490000000000003,0.0,False,1.2244150793277062,0.0,1.7490000000000003,0.0,False
2738,5.323753122840901,5.323753122840901,5.323753122840901,0.0,2.336208843505926,0.0,False,5.323753122840901,0.0,2.336208843505926,0.0,False
2739,-0.3807595061066263,-0.3807595061066263,0.0,0.3807595061066263,4.889391148391418,0.0,False,0.0,0.0,4.889391148391418,-0.3807595061066263,False
2740,-8.505172852665794,-8.505172852665794,0.0,5.6435552398884905,4.690906535110207,-2.8616176127773034,False,0.0,0.0,4.889391148391418,-8.505172852665794,False
2741,-8.151554105750217,-8.151554105750217,0.0,4.2595540635239357e-16,1.7490000000000006,-8.151554105750217,False,0.0,0.0,4.889391148391418,-8.151554105750217,False
2742,-4.539510925137212,-4.539510925137212,0.0,0.0,1.7490000000000003,-4.539510925137212,False,0.0,0.0,4.889391148391418,-4.539510925137212,False
2743,-0.28870675315551525,-0.28870675315551525,0.0,0.0,1.7490000000000003,-0.28870675315551525,False,0.0,0.0,4.889391148391418,-0.28870675315551525,False
2744,-0.6594447787224615,-0.6594447787224615,0.0,0.0,1.7490000000000003,-0.6594447787224615,False,0.0,0.0,4.889391148391418,-0.6594447787224615,False
2745,-5.868936425590748,-5.868936425590748,0.0,0.0,1.7490000000000003,-5.868936425590748,False,0.0,0.0,4.889391148391418,-5.868936425590748,False
2746,-6.5546408536116445,-6.5546408536116445,0.0,0.0,1.7490000000000003,-6.5546408536116445,False,0.0,0.0,4.889391148391418,-6.5546408536116445,False
2747,-4.070862200434128,-4.070862200434128,0.0,0.0,1.7490000000000003,-4.070862200434128,False,0.0,0.0,4.889391148391418,-4.070862200434128,False
2748,-0.753769456702115,-0.753769456702115,0.0,0.0,1.7490000000000003,-0.753769456702115,False,0.0,0.0,4.889391148391418,-0.753769456702115,False
2749,0.9949270402148493,0.9949270402148493,0.9949270402148493,0.0,1.7490000000000003,0.0,False,0.9949270402148493,0.0,4.889391148391418,0.0,False
2750,1.1401347060768194,1.1401347060768194,1.1401347060768194,0.0,2.22615024628586,0.0,False,1.1401347060768194,0.0,5.366541394677277,0.0,False
2751,7.148299034887054,7.148299034887054,7.148299034887054,0.0,2.772939642708469,0.0,False,7.148299034887054,0.0,5.913330791099886,0.0,False
2752,2.8514591731112664,2.8514591731112664,2.8514591731112664,0.0,6.201143427666191,0.0,False,2.8514591731112664,0.0,9.341534576057608,0.0,False
2753,-7.967694418987917,-7.967694418987917,0.0,7.967694418987917,7.568655206650814,0.0,False,0.0,0.0,10.709046355042231,-7.967694418987917,False
2754,0.7398972468819585,0.7398972468819585,0.7398972468819585,0.0,3.415207373748089,0.0,False,0.7398972468819585,0.0,10.709046355042231,0.0,False
2755,7.8071817788844005,7.8071817788844005,7.8071817788844005,0.0,3.770049627808968,0.0,False,7.8071817788844005,0.0,11.06388860910311,0.0,False
2756,-5.2746596038523155,-5.2746596038523155,0.0,5.2746596038523155,7.514242476149617,0.0,False,0.0,0.0,14.808081457443759,-5.2746596038523155,False
2757,-13.928312726319382,-13.928312726319382,0.0,5.784993038811608,4.764636084530148,-8.143319687507773,False,0.0,0.0,14.808081457443759,-13.928312726319382,False
2758,-6.432655768246292,-6.432655768246292,0.0,4.2595540635239357e-16,1.7490000000000006,-6.432655768246292,False,0.0,0.0,14.808081457443759,-6.432655768246292,False
2759,-8.412623564290817,-8.412623564290817,0.0,0.0,1.7490000000000003,-8.412623564290817,False,0.0,0.0,14.808081457443759,-8.412623564290817,False
2760,-17.196122186732097,-17.196122186732097,0.0,0.0,1.7490000000000003,-17.196122186732097,False,0.0,0.0,14.808081457443759,-17.196122186732097,False
2761,-15.1709850918076,-15.1709850918076,0.0,0.0,1.7490000000000003,-15.1709850918076,False,0.0,0.0,14.808081457443759,-15.1709850918076,False
2762,-8.245934383804277,-8.245934383804277,0.0,0.0,1.7490000000000003,-8.245934383804277,False,0.0,0.0,14.808081457443759,-8.245934383804277,False
2763,-5.971018066011867,-5.971018066011867,0.0,0.0,1.7490000000000003,-5.971018066011867,False,0.0,0.0,14.808081457443759,-5.971018066011867,False
2764,-5.462174285421124,-5.462174285421124,0.0,0.0,1.7490000000000003,-5.462174285421124,False,0.0,3.8020967488950896,14.808081457443759,-1.6600775365260345,False
2765,-4.065232032660259,-4.065232032660259,0.0,0.0,1.7490000000000003,-4.065232032660259,False,0.0,4.065232032660259,12.826101517983338,0.0,False
2766,-3.9762971216546115,-3.9762971216546115,0.0,0.0,1.7490000000000003,-3.9762971216546115,False,0.0,3.9762971216546115,10.706952829742825,0.0,False
2767,-3.7010289572041835,-3.7010289572041835,0.0,0.0,1.7490000000000003,-3.7010289572041835,False,0.0,3.7010289572041835,8.634164668646214,0.0,False
2768,-1.6337899096689241,-1.6337899096689241,0.0,0.0,1.7490000000000003,-1.6337899096689241,False,0.0,1.6337899096689241,6.704869957596973,0.0,False
2769,-2.8730167683661216,-2.8730167683661216,0.0,0.0,1.7490000000000003,-2.8730167683661216,False,0.0,2.8730167683661216,5.853198093329531,0.0,False
2770,-4.221341519403318,-4.221341519403318,0.0,0.0,1.7490000000000003,-4.221341519403318,False,0.0,4.221341519403318,4.3555345732495,0.0,False
2771,-0.778858749794449,-0.778858749794449,0.0,0.0,1.7490000000000003,-0.778858749794449,False,0.0,0.778858749794449,2.1550081896165385,0.0,False
2772,0.15188964397709329,0.15188964397709329,0.15188964397709329,0.0,1.7490000000000003,0.0,False,0.15188964397709329,0.0,1.7490000000000003,0.0,False
2773,-3.075815110231628,-3.075815110231628,0.0,0.13973847245892565,1.8218437142650092,-2.936076637772702,False,0.0,0.0,1.8218437142650092,-3.075815110231628,False
2774,-3.328572445097076,-3.328572445097076,0.0,0.0,1.7490000000000003,-3.328572445097076,False,0.0,0.0,1.8218437142650092,-3.328572445097076,False
2775,-1.421836939471337,-1.421836939471337,0.0,0.0,1.7490000000000003,-1.421836939471337,False,0.0,0.0,1.8218437142650092,-1.421836939471337,False
2776,-1.6446340054648971,-1.6446340054648971,0.0,0.0,1.7490000000000003,-1.6446340054648971,False,0.0,0.0,1.8218437142650092,-1.6446340054648971,False
2777,-1.9579755154202672,-1.9579755154202672,0.0,0.0,1.7490000000000003,-1.9579755154202672,False,0.0,0.13973847245892565,1.8218437142650092,-1.8182370429613415,False
2778,7.562606688438818,7.562606688438818,7.562606688438818,0.0,1.7490000000000003,0.0,False,0.0,0.0,1.7490000000000003,7.562606688438818,False
2779,67.31366109876018,67.31366109876018,8.745000000000001,0.0,5.37589875548305,58.568661098760174,True,8.745000000000001,0.0,1.7490000000000003,58.568661098760174,True
2780,74.88519807911257,74.88519807911257,8.745000000000001,0.0,9.569853422620024,66.14019807911257,True,8.745000000000001,0.0,5.942954667136974,66.14019807911257,True
2781,15.367365605320112,15.367365605320112,4.122730126427079,0.0,13.763808089757,11.244635478893032,False,0.0,0.0,10.136909334273948,15.367365605320112,False
2782,7.244097665767252,7.244097665767252,0.0,0.0,15.741000000000001,7.244097665767252,False,7.244097665767252,0.0,10.136909334273948,0.0,False
2783,13.304587103924225,13.304587103924225,0.0,0.0,15.741000000000001,13.304587103924225,False,0.0,0.0,13.611056528618215,13.304587103924225,False
2784,11.226960636762506,11.226960636762506,0.0,0.0,15.741000000000001,11.226960636762506,False,3.5980034185281418,0.0,13.611056528618215,7.628957218234364,False
2785,0.8432357305705064,0.8432357305705064,0.0,0.0,15.741000000000001,0.8432357305705064,False,0.8432357305705064,0.0,15.336598350174635,0.0,False
2786,-8.444569558600936,-8.444569558600936,0.0,8.444569558600936,15.741000000000001,0.0,False,0.0,8.444569558600936,15.741000000000001,0.0,False
2787,-12.44386157328796,-12.44386157328796,0.0,8.745000000000001,11.33896381631029,-3.6988615732879584,False,0.0,8.745000000000001,11.33896381631029,-3.6988615732879584,False
2788,-10.642705995155758,-10.642705995155758,0.0,8.745000000000001,6.780317438987493,-1.897705995155757,False,0.0,8.745000000000001,6.780317438987493,-1.897705995155757,False
2789,-0.11677852054907753,-0.11677852054907753,0.0,0.11677852054907753,2.2216710616646953,0.0,False,0.0,0.11677852054907753,2.2216710616646953,0.0,False
2790,12.900725758155733,12.900725758155733,8.745000000000001,0.0,2.160796049697838,4.155725758155732,False,0.0,0.0,2.160796049697838,12.900725758155733,False
2791,23.700646691612604,23.700646691612604,8.745000000000001,0.0,6.354750716834811,14.955646691612603,False,8.745000000000001,0.0,2.160796049697838,14.955646691612603,False
2792,34.63434273332245,34.63434273332245,8.745000000000001,0.0,10.548705383971786,25.889342733322447,True,8.745000000000001,0.0,6.354750716834811,25.889342733322447,True
2793,23.914057232015008,23.914057232015008,2.0816826947282703,0.0,14.74266005110876,21.83237453728674,True,8.745000000000001,0.0,10.548705383971786,15.169057232015007,False
2794,9.403473207416342,9.403473207416342,0.0,0.0,15.741000000000001,9.403473207416342,False,0.0,0.0,14.74266005110876,9.403473207416342,False
2795,6.700316170492679,6.700316170492679,0.0,0.0,15.741000000000001,6.700316170492679,False,1.088152739742675,0.0,14.74266005110876,5.6121634307500035,False
2796,0.9935299549855952,0.9935299549855952,0.0,0.0,15.741000000000001,0.9935299549855952,False,0.9935299549855952,0.0,15.264519772252463,0.0,False
2797,-12.09420723935329,-12.09420723935329,0.0,8.745000000000001,15.741000000000001,-3.349207239353289,False,0.0,0.0,15.741000000000001,-12.09420723935329,False
2798,-23.83811826910949,-23.83811826910949,0.0,8.745000000000001,11.182353622677205,-15.093118269109489,False,0.0,6.348118269109488,15.741000000000001,-17.490000000000002,False
2799,-22.73691061103903,-22.73691061103903,0.0,8.745000000000001,6.6237072453544075,-13.991910611039028,False,0.0,5.246910611039027,12.431814596879061,-17.490000000000002,False
2800,-10.44150858213927,-10.44150858213927,0.0,0.6063098696766301,2.06506086803161,-9.83519871246264,False,0.0,0.0,9.696673367702434,-10.44150858213927,False
2801,-1.2665238717620293,-1.2665238717620293,0.0,0.0,1.7490000000000003,-1.2665238717620293,False,0.0,0.0,9.696673367702434,-1.2665238717620293,False
2802,-10.574828081100538,-10.574828081100538,0.0,0.0,1.7490000000000003,-10.574828081100538,False,0.0,4.245021250933705,9.696673367702434,-6.329806830166833,False
2803,-19.746259738594414,-19.746259738594414,0.0,0.0,1.7490000000000003,-19.746259738594414,True,0.0,2.2562597385944123,7.483803070706754,-17.490000000000002,False
2804,-15.616932634500463,-15.616932634500463,0.0,0.0,1.7490000000000003,-15.616932634500463,False,0.0,8.745000000000001,6.307646377322798,-6.871932634500462,False
2805,-8.693643725215429,-8.693643725215429,0.0,0.0,1.7490000000000003,-8.693643725215429,False,0.0,0.0,1.7490000000000003,-8.693643725215429,False
2806,-7.780212507182999,-7.780212507182999,0.0,0.0,1.7490000000000003,-7.780212507182999,False,0.0,0.0,1.7490000000000003,-7.780212507182999,False
2807,-5.226598157965606,-5.226598157965606,0.0,0.0,1.7490000000000003,-5.226598157965606,False,0.0,0.0,1.7490000000000003,-5.226598157965606,False
2808,1.1516989618802993,1.1516989618802993,1.1516989618802993,0.0,1.7490000000000003,0.0,False,0.0,0.0,1.7490000000000003,1.1516989618802993,False
2809,10.812225007803132,10.812225007803132,8.745000000000001,0.0,2.3013354186752077,2.067225007803131,False,8.102609362952883,0.0,1.7490000000000003,2.709615644850249,False
2810,7.608272031716515,7.608272031716515,7.608272031716515,0.0,6.495290085812181,0.0,False,7.608272031716515,0.0,5.634874940393823,0.0,False
2811,1.268283345648646,1.268283345648646,1.268283345648646,0.0,10.144089170576638,0.0,False,1.268283345648646,0.0,9.28367402515828,0.0,False
2812,-6.875831561092599,-6.875831561092599,0.0,6.875831561092599,10.752336495532068,0.0,False,0.0,6.875831561092599,9.89192135011371,0.0,False
2813,-18.952764999410935,-18.952764999410935,0.0,8.745000000000001,7.168061522741157,-10.207764999410934,False,0.0,8.745000000000001,6.307646377322798,-10.207764999410934,False
2814,15.140098770815603,15.140098770815603,8.745000000000001,0.0,2.6094151454183594,6.395098770815602,False,0.0,0.0,1.7490000000000003,15.140098770815603,False
2815,32.34649324182032,32.34649324182032,8.745000000000001,0.0,6.803369812555333,23.601493241820318,True,8.745000000000001,0.0,1.7490000000000003,23.601493241820318,True
2816,6.850110186625883,6.850110186625883,6.850110186625883,0.0,10.997324479692306,0.0,False,6.850110186625883,0.0,5.942954667136974,0.0,False
2817,8.71686913031476,8.71686913031476,3.0411370293126025,0.0,14.282521916810904,5.675732101002158,False,8.71686913031476,0.0,9.228152104255573,0.0,False
2818,14.135571229548654,14.135571229548654,0.0,0.0,15.741000000000001,14.135571229548654,False,0.0,0.0,13.40861568023108,14.135571229548654,False
2819,15.301610952992878,15.301610952992878,0.0,0.0,15.741000000000001,15.301610952992878,False,4.863357497925256,0.0,13.40861568023108,10.43825345506762,False
2820,-2.437539443324964,-2.437539443324964,0.0,2.437539443324964,15.741000000000001,0.0,False,0.0,0.0,15.741000000000001,-2.437539443324964,False
2821,-27.714168407633142,-27.714168407633142,0.0,8.745000000000001,14.47034472808522,-18.96916840763314,True,0.0,8.745000000000001,15.741000000000001,-18.96916840763314,True
2822,-15.355141984054153,-15.355141984054153,0.0,8.745000000000001,9.911698350762421,-6.610141984054152,False,0.0,0.0,11.182353622677205,-15.355141984054153,False
2823,-12.60660066493985,-12.60660066493985,0.0,6.913770426351665,5.353051973439624,-5.692830238588185,False,0.0,0.0,11.182353622677205,-12.60660066493985,False
2824,-17.692509471992473,-17.692509471992473,0.0,4.2595540635239357e-16,1.7490000000000006,-17.692509471992473,True,0.0,8.745000000000001,11.182353622677205,-8.947509471992472,False
2825,-12.201664570957318,-12.201664570957318,0.0,0.0,1.7490000000000003,-12.201664570957318,False,0.0,6.51332046608601,6.6237072453544075,-5.688344104871308,False
2826,-2.8379894035906212,-2.8379894035906212,0.0,0.0,1.7490000000000003,-2.8379894035906212,False,0.0,2.8379894035906212,3.228404243974714,0.0,False
2827,14.513519687539713,14.513519687539713,8.745000000000001,0.0,1.7490000000000003,5.768519687539712,False,0.0,0.0,1.7490000000000003,14.513519687539713,False
2828,18.062762417954595,18.062762417954595,8.745000000000001,0.0,5.942954667136974,9.317762417954594,False,8.745000000000001,0.0,1.7490000000000003,9.317762417954594,False
2829,14.019920801103826,14.019920801103826,8.745000000000001,0.0,10.136909334273948,5.274920801103825,False,5.935336478104918,0.0,5.942954667136974,8.084584322998907,False
2830,4.3305330871124745,4.3305330871124745,2.940336814865897,0.0,14.330864001410923,1.3901962722465777,False,4.3305330871124745,0.0,8.78944204545332,0.0,False
2831,-12.809299577291974,-12.809299577291974,0.0,8.745000000000001,15.741000000000001,-4.0642995772919726,False,0.0,8.745000000000001,10.866292754645595,-4.0642995772919726,False
2832,-14.965581173309433,-14.965581173309433,0.0,8.745000000000001,11.182353622677205,-6.220581173309432,False,0.0,8.745000000000001,6.307646377322798,-6.220581173309432,False
2833,4.6665235147457675,4.6665235147457675,4.6665235147457675,0.0,6.6237072453544075,0.0,False,0.0,0.0,1.7490000000000003,4.6665235147457675,False
2834,16.770526791115888,16.770526791115888,8.745000000000001,0.0,8.86169330298419,8.025526791115887,False,0.0,0.0,1.7490000000000003,16.770526791115888,False
2835,3.9233819099516123,3.9233819099516123,3.9233819099516123,0.0,13.055647970121164,0.0,False,3.9233819099516123,0.0,1.7490000000000003,0.0,False
2836,0.29471187600808796,0.29471187600808796,0.29471187600808796,0.0,14.937235834295246,0.0,False,0.29471187600808796,0.0,3.630587864174081,0.0,False
2837,11.289727156748505,11.289727156748505,1.381252264511919,0.0,15.078574684820667,9.908474892236587,False,1.5914421244448782,0.0,3.771926714699503,9.698285032303627,False
2838,3.3927474973864675,3.3927474973864675,0.0,0.0,15.741000000000001,3.3927474973864675,False,3.3927474973864675,0.0,4.535155545493554,0.0,False
2839,-3.4411933690786305,-3.4411933690786305,0.0,3.4411933690786305,15.741000000000001,0.0,False,0.0,3.4411933690786305,6.16226008535419,0.0,False
2840,1.4391866759712253,1.4391866759712253,1.4391866759712253,0.0,13.947153952473698,0.0,False,1.4391866759712253,0.0,4.368414037827886,0.0,False
2841,8.738642182416617,8.738642182416617,2.3012408991142417,0.0,14.637363635329143,6.437401283302376,False,8.738642182416617,0.0,5.0586237206833315,0.0,False
2842,14.780960592795278,14.780960592795278,0.0,0.0,15.741000000000001,14.780960592795278,False,8.745000000000001,0.0,9.249529285621719,6.035960592795277,False
2843,4.790652123772482,4.790652123772482,0.0,0.0,15.741000000000001,4.790652123772482,False,4.790652123772482,0.0,13.443483952758692,0.0,False
2844,-7.592695615777954,-7.592695615777954,0.0,7.592695615777954,15.741000000000001,0.0,False,0.0,0.0,15.741000000000001,-7.592695615777954,False
2845,-19.964244736204023,-19.964244736204023,0.0,8.745000000000001,11.78303380640585,-11.219244736204022,False,0.0,2.474244736204021,15.741000000000001,-17.490000000000002,False
2846,-20.28879945806432,-20.28879945806432,0.0,8.745000000000001,7.224387429083053,-11.54379945806432,False,0.0,8.745000000000001,14.451210771491544,-11.54379945806432,False
2847,-16.855198411194245,-16.855198411194245,0.0,1.7586142538986753,2.6657410517602553,-15.096584157295569,False,0.0,4.512543234529911,9.892564394168748,-12.342655176664334,False
2848,-7.447091281250489,-7.447091281250489,0.0,0.0,1.7490000000000003,-7.447091281250489,False,0.0,7.447091281250489,7.540238623030694,0.0,False
2849,6.498607180824261,6.498607180824261,6.498607180824261,0.0,1.7490000000000003,0.0,False,6.498607180824261,0.0,3.6581739356819543,0.0,False
2850,0.8244438148898457,0.8244438148898457,0.8244438148898457,0.0,4.86562251754234,0.0,False,0.8244438148898457,0.0,6.774796453224294,0.0,False
2851,-22.333910637923786,-22.333910637923786,0.0,6.737206916056978,5.2610118812072315,-15.596703721866808,False,0.0,4.843910637923784,7.170185816889186,-17.490000000000002,False
2852,-23.045726895825407,-23.045726895825407,0.0,4.2595540635239357e-16,1.7490000000000006,-23.045726895825407,True,0.0,5.555726895825405,4.6451228458604135,-17.490000000000002,False
2853,-4.4395162927120095,-4.4395162927120095,0.0,0.0,1.7490000000000003,-4.4395162927120095,False,0.0,0.0,1.7490000000000003,-4.4395162927120095,False
2854,-5.350663805461063,-5.350663805461063,0.0,0.0,1.7490000000000003,-5.350663805461063,False,0.0,0.0,1.7490000000000003,-5.350663805461063,False
2855,-5.701597656439968,-5.701597656439968,0.0,0.0,1.7490000000000003,-5.701597656439968,False,0.0,0.0,1.7490000000000003,-5.701597656439968,False
2856,-3.2712952737597183,-3.2712952737597183,0.0,0.0,1.7490000000000003,-3.2712952737597183,False,0.0,0.0,1.7490000000000003,-3.2712952737597183,False
2857,-2.779376381437511,-2.779376381437511,0.0,0.0,1.7490000000000003,-2.779376381437511,False,0.0,0.0,1.7490000000000003,-2.779376381437511,False
2858,-1.9421962641489081,-1.9421962641489081,0.0,0.0,1.7490000000000003,-1.9421962641489081,False,0.0,0.0,1.7490000000000003,-1.9421962641489081,False
2859,-0.26200490521936426,-0.26200490521936426,0.0,0.0,1.7490000000000003,-0.26200490521936426,False,0.0,0.0,1.7490000000000003,-0.26200490521936426,False
2860,-0.7096054203722617,-0.7096054203722617,0.0,0.0,1.7490000000000003,-0.7096054203722617,False,0.0,0.0,1.7490000000000003,-0.7096054203722617,False
2861,-1.762973916546476,-1.762973916546476,0.0,0.0,1.7490000000000003,-1.762973916546476,False,0.0,0.0,1.7490000000000003,-1.762973916546476,False
2862,-2.043898533316801,-2.043898533316801,0.0,0.0,1.7490000000000003,-2.043898533316801,False,0.0,0.0,1.7490000000000003,-2.043898533316801,False
2863,-0.7255459949359571,-0.7255459949359571,0.0,0.0,1.7490000000000003,-0.7255459949359571,False,0.0,0.0,1.7490000000000003,-0.7255459949359571,False
2864,-0.15304389557529327,-0.15304389557529327,0.0,0.0,1.7490000000000003,-0.15304389557529327,False,0.0,0.0,1.7490000000000003,-0.15304389557529327,False
2865,-0.058093668661587716,-0.058093668661587716,0.0,0.0,1.7490000000000003,-0.058093668661587716,False,0.0,0.0,1.7490000000000003,-0.058093668661587716,False
2866,0.6131543499904131,0.6131543499904131,0.6131543499904131,0.0,1.7490000000000003,0.0,False,0.6131543499904131,0.0,1.7490000000000003,0.0,False
2867,0.5098595120979326,0.5098595120979326,0.5098595120979326,0.0,2.0430584960340346,0.0,False,0.5098595120979326,0.0,2.0430584960340346,0.0,False
2868,2.348911018328725,2.348911018328725,2.348911018328725,0.0,2.2875785280920455,0.0,False,2.348911018328725,0.0,2.2875785280920455,0.0,False
2869,5.977090725727401,5.977090725727401,5.977090725727401,0.0,3.4140766788077936,0.0,False,5.977090725727401,0.0,3.4140766788077936,0.0,False
2870,5.169123089540506,5.169123089540506,5.169123089540506,0.0,6.280588690822151,0.0,False,5.169123089540506,0.0,6.280588690822151,0.0,False
2871,4.870786015223779,4.870786015223779,4.870786015223779,0.0,8.75961303689235,0.0,False,4.870786015223779,0.0,8.75961303689235,0.0,False
2872,-0.5428011919808895,-0.5428011919808895,0.0,0.5428011919808895,11.095559948404446,0.0,False,0.0,0.0,11.095559948404446,-0.5428011919808895,False
2873,-6.335203476769877,-6.335203476769877,0.0,6.335203476769877,10.812605267166004,0.0,False,0.0,0.0,11.095559948404446,-6.335203476769877,False
2874,-6.798897428563329,-6.798897428563329,0.0,6.798897428563329,7.51015216493847,0.0,False,0.0,0.0,11.095559948404446,-6.798897428563329,False
2875,-11.6490685662456,-11.6490685662456,0.0,4.252908636721965,3.9659818810608827,-7.396159929523635,False,0.0,0.0,11.095559948404446,-11.6490685662456,False
2876,-14.767103074407169,-14.767103074407169,0.0,0.0,1.749,-14.767103074407169,False,0.0,4.940639393831301,11.095559948404446,-9.826463680575868,False
2877,-9.0848135975662,-9.0848135975662,0.0,0.0,1.749,-9.0848135975662,False,0.0,8.745000000000001,8.52007362772436,-0.33981359756619867,False
2878,-4.244171340204758,-4.244171340204758,0.0,0.0,1.749,-4.244171340204758,False,0.0,4.244171340204758,3.961427250401562,0.0,False
2879,4.576199541082158,4.576199541082158,4.576199541082158,0.0,1.749,0.0,False,4.576199541082158,0.0,1.7490000000000003,0.0,False
2880,11.446411279617625,11.446411279617625,8.745000000000001,0.0,3.9436682016091016,2.7014112796176235,False,8.745000000000001,0.0,3.9436682016091016,2.7014112796176235,False
2881,0.08654040521538542,0.08654040521538542,0.08654040521538542,0.0,8.137622868746075,0.0,False,0.08654040521538542,0.0,8.137622868746075,0.0,False
2882,-7.6138294156874124,-7.6138294156874124,0.0,7.6138294156874124,8.179126189083295,0.0,False,0.0,0.0,8.179126189083295,-7.6138294156874124,False
2883,-6.6527815173839455,-6.6527815173839455,0.0,4.7212913349063275,4.210143240726843,-1.931490182477618,False,0.0,0.0,8.179126189083295,-6.6527815173839455,False
2884,-10.166393152614855,-10.166393152614855,0.0,4.2595540635239357e-16,1.7490000000000006,-10.166393152614855,False,0.0,3.717261378451251,8.179126189083295,-6.449131774163604,False
2885,-8.048631966752236,-8.048631966752236,0.0,0.0,1.7490000000000003,-8.048631966752236,False,0.0,8.048631966752236,6.241369743521403,0.0,False
2886,-0.5692274053902531,-0.5692274053902531,0.0,0.0,1.7490000000000003,-0.5692274053902531,False,0.0,0.5692274053902531,2.045730297250444,0.0,False
2887,,0.0,0.0,0.0,1.7490000000000003,,False,0.0,0.0,1.7490000000000003,0.0,False
2888,,0.0,0.0,0.0,1.7490000000000003,,False,0.0,0.0,1.7490000000000003,0.0,False
2889,,0.0,0.0,0.0,1.7490000000000003,,False,0.0,0.0,1.7490000000000003,0.0,False
2890,,0.0,0.0,0.0,1.7490000000000003,,False,0.0,0.0,1.7490000000000003,0.0,False
2891,,0.0,0.0,0.0,1.7490000000000003,,False,0.0,0.0,1.7490000000000003,0.0,False
2892,,0.0,0.0,0.0,1.7490000000000003,,False,0.0,0.0,1.7490000000000003,0.0,False
2893,,0.0,0.0,0.0,1.7490000000000003,,False,0.0,0.0,1.7490000000000003,0.0,False
2894,,0.0,0.0,0.0,1.7490000000000003,,False,0.0,0.0,1.7490000000000003,0.0,False
2895,,0.0,0.0,0.0,1.7490000000000003,,False,0.0,0.0,1.7490000000000003,0.0,False
2896,,0.0,0.0,0.0,1.7490000000000003,,False,0.0,0.0,1.7490000000000003,0.0,False
2897,,0.0,0.0,0.0,1.7490000000000003,,False,0.0,0.0,1.7490000000000003,0.0,False
2898,,0.0,0.0,0.0,1.7490000000000003,,False,0.0,0.0,1.7490000000000003,0.0,False
2899,,0.0,0.0,0.0,1.7490000000000003,,False,0.0,0.0,1.7490000000000003,0.0,False
2900,,0.0,0.0,0.0,1.7490000000000003,,False,0.0,0.0,1.7490000000000003,0.0,False
2901,,0.0,0.0,0.0,1.7490000000000003,,False,0.0,0.0,1.7490000000000003,0.0,False
2902,,0.0,0.0,0.0,1.7490000000000003,,False,0.0,0.0,1.7490000000000003,0.0,False
2903,,0.0,0.0,0.0,1.7490000000000003,,False,0.0,0.0,1.7490000000000003,0.0,False
2904,,0.0,0.0,0.0,1.7490000000000003,,False,0.0,0.0,1.7490000000000003,0.0,False
2905,,0.0,0.0,0.0,1.7490000000000003,,False,0.0,0.0,1.7490000000000003,0.0,False
2906,,0.0,0.0,0.0,1.7490000000000003,,False,0.0,0.0,1.7490000000000003,0.0,False
2907,,0.0,0.0,0.0,1.7490000000000003,,False,0.0,0.0,1.7490000000000003,0.0,False
2908,,0.0,0.0,0.0,1.7490000000000003,,False,0.0,0.0,1.7490000000000003,0.0,False
2909,,0.0,0.0,0.0,1.7490000000000003,,False,0.0,0.0,1.7490000000000003,0.0,False
2910,,0.0,0.0,0.0,1.7490000000000003,,False,0.0,0.0,1.7490000000000003,0.0,False
2911,,0.0,0.0,0.0,1.7490000000000003,,False,0.0,0.0,1.7490000000000003,0.0,False
2912,,0.0,0.0,0.0,1.7490000000000003,,False,0.0,0.0,1.7490000000000003,0.0,False
2913,,0.0,0.0,0.0,1.7490000000000003,,False,0.0,0.0,1.7490000000000003,0.0,False
2914,,0.0,0.0,0.0,1.7490000000000003,,False,0.0,0.0,1.7490000000000003,0.0,False
2915,,0.0,0.0,0.0,1.7490000000000003,,False,0.0,0.0,1.7490000000000003,0.0,False
2916,,0.0,0.0,0.0,1.7490000000000003,,False,0.0,0.0,1.7490000000000003,0.0,False
2917,,0.0,0.0,0.0,1.7490000000000003,,False,0.0,0.0,1.7490000000000003,0.0,False
2918,,0.0,0.0,0.0,1.7490000000000003,,False,0.0,0.0,1.7490000000000003,0.0,False
2919,,0.0,0.0,0.0,1.7490000000000003,,False,0.0,0.0,1.7490000000000003,0.0,False
2920,,0.0,0.0,0.0,1.7490000000000003,,False,0.0,0.0,1.7490000000000003,0.0,False
2921,,0.0,0.0,0.0,1.7490000000000003,,False,0.0,0.0,1.7490000000000003,0.0,False
2922,,0.0,0.0,0.0,1.7490000000000003,,False,0.0,0.0,1.7490000000000003,0.0,False
2923,,0.0,0.0,0.0,1.7490000000000003,,False,0.0,0.0,1.7490000000000003,0.0,False
2924,,0.0,0.0,0.0,1.7490000000000003,,False,0.0,0.0,1.7490000000000003,0.0,False
2925,,0.0,0.0,0.0,1.7490000000000003,,False,0.0,0.0,1.7490000000000003,0.0,False
2926,,0.0,0.0,0.0,1.7490000000000003,,False,0.0,0.0,1.7490000000000003,0.0,False
2927,,0.0,0.0,0.0,1.7490000000000003,,False,0.0,0.0,1.7490000000000003,0.0,False
2928,,0.0,0.0,0.0,1.7490000000000003,,False,0.0,0.0,1.7490000000000003,0.0,False
2929,,0.0,0.0,0.0,1.7490000000000003,,False,0.0,0.0,1.7490000000000003,0.0,False
2930,,0.0,0.0,0.0,1.7490000000000003,,False,0.0,0.0,1.7490000000000003,0.0,False
2931,,0.0,0.0,0.0,1.7490000000000003,,False,0.0,0.0,1.7490000000000003,0.0,False
2932,,0.0,0.0,0.0,1.7490000000000003,,False,0.0,0.0,1.7490000000000003,0.0,False
2933,,0.0,0.0,0.0,1.7490000000000003,,False,0.0,0.0,1.7490000000000003,0.0,False
2934,,0.0,0.0,0.0,1.7490000000000003,,False,0.0,0.0,1.7490000000000003,0.0,False
2935,,0.0,0.0,0.0,1.7490000000000003,,False,0.0,0.0,1.7490000000000003,0.0,False
2936,,0.0,0.0,0.0,1.7490000000000003,,False,0.0,0.0,1.7490000000000003,0.0,False
2937,,0.0,0.0,0.0,1.7490000000000003,,False,0.0,0.0,1.7490000000000003,0.0,False
2938,30.778987400726617,30.778987400726617,8.745000000000001,0.0,1.7490000000000003,22.033987400726616,True,8.745000000000001,0.0,1.7490000000000003,22.033987400726616,True
2939,37.03120702312449,37.03120702312449,8.745000000000001,0.0,5.942954667136974,28.286207023124486,True,8.745000000000001,0.0,5.942954667136974,28.286207023124486,True
2940,6.165234101770798,6.165234101770798,6.165234101770798,0.0,10.136909334273948,0.0,False,0.0,0.0,10.136909334273948,6.165234101770798,False
2941,8.24463928159921,8.24463928159921,5.520102713095101,0.0,13.093651739661446,2.7245365685041083,False,2.1982122419455687,0.0,10.136909334273948,6.04642703965364,False
2942,15.565350142064512,15.565350142064512,0.0,0.0,15.741000000000001,15.565350142064512,False,8.745000000000001,0.0,11.191134890759397,6.820350142064511,False
2943,0.1823486554856177,0.1823486554856177,0.0,0.0,15.741000000000001,0.1823486554856177,False,0.1823486554856177,0.0,15.385089557896372,0.0,False
2944,0.5597759174347104,0.5597759174347104,0.0,0.0,15.741000000000001,0.5597759174347104,False,0.5597759174347104,0.0,15.472540900917533,0.0,False
2945,-9.606849849521018,-9.606849849521018,0.0,8.745000000000001,15.741000000000001,-0.8618498495210165,False,0.0,0.0,15.741000000000001,-9.606849849521018,False
2946,-37.8550850429822,-37.8550850429822,0.0,8.745000000000001,11.182353622677205,-29.110085042982202,True,0.0,8.745000000000001,15.741000000000001,-29.110085042982202,True
2947,-27.833085930730256,-27.833085930730256,0.0,8.745000000000001,6.6237072453544075,-19.088085930730255,True,0.0,8.745000000000001,11.182353622677205,-19.088085930730255,True
2948,-5.682314487255064,-5.682314487255064,0.0,0.6063098696766301,2.06506086803161,-5.076004617578434,False,0.0,0.0,6.6237072453544075,-5.682314487255064,False
2949,-4.26047856743907,-4.26047856743907,0.0,0.0,1.7490000000000003,-4.26047856743907,False,0.0,0.0,6.6237072453544075,-4.26047856743907,False
2950,-4.495025093975947,-4.495025093975947,0.0,0.0,1.7490000000000003,-4.495025093975947,False,0.0,0.0,6.6237072453544075,-4.495025093975947,False
2951,-1.5480514992355543,-1.5480514992355543,0.0,0.0,1.7490000000000003,-1.5480514992355543,False,0.0,0.0,6.6237072453544075,-1.5480514992355543,False
2952,-2.4442625224702375,-2.4442625224702375,0.0,0.0,1.7490000000000003,-2.4442625224702375,False,0.0,0.0,6.6237072453544075,-2.4442625224702375,False
2953,-5.507282689626959,-5.507282689626959,0.0,0.0,1.7490000000000003,-5.507282689626959,False,0.0,0.0,6.6237072453544075,-5.507282689626959,False
2954,-6.163585688114607,-6.163585688114607,0.0,0.0,1.7490000000000003,-6.163585688114607,False,0.0,3.046275073734186,6.6237072453544075,-3.1173106143804215,False
2955,-3.2705081365628583,-3.2705081365628583,0.0,0.0,1.7490000000000003,-3.2705081365628583,False,0.0,3.2705081365628583,5.0357265902135175,0.0,False
2956,-3.034526659379587,-3.034526659379587,0.0,0.0,1.7490000000000003,-3.034526659379587,False,0.0,3.034526659379587,3.330856370802768,0.0,False
2957,10.887494985856144,10.887494985856144,8.745000000000001,0.0,1.7490000000000003,2.1424949858561426,False,8.745000000000001,0.0,1.7490000000000003,2.1424949858561426,False
2958,22.304370365612716,22.304370365612716,8.745000000000001,0.0,5.942954667136974,13.559370365612715,False,4.814370365612714,0.0,5.942954667136974,17.490000000000002,False
2959,10.725754561788012,10.725754561788012,8.745000000000001,0.0,10.136909334273948,1.980754561788011,False,8.745000000000001,0.0,8.251845583567778,1.980754561788011,False
2960,1.8058349741398032,1.8058349741398032,1.8058349741398032,0.0,14.330864001410923,0.0,False,1.8058349741398032,0.0,12.445800250704753,0.0,False
2961,-2.3717314471075284,-2.3717314471075284,0.0,2.3717314471075284,15.19691203089895,0.0,False,0.0,2.3717314471075284,13.31184828019278,0.0,False
2962,-0.3823069161674443,-0.3823069161674443,0.0,0.3823069161674443,13.96056154841304,0.0,False,0.0,0.3823069161674443,12.07549779770687,0.0,False
2963,11.766896125002624,11.766896125002624,4.128021800807586,0.0,13.761270291876485,7.638874324195038,False,0.0,0.0,11.876206541170315,11.766896125002624,False
2964,23.19694919461874,23.19694919461874,0.0,0.0,15.741000000000001,23.19694919461874,True,8.058651435194873,0.0,11.876206541170315,15.138297759423866,False
2965,15.95259967573055,15.95259967573055,0.0,0.0,15.741000000000001,15.95259967573055,False,0.0,0.0,15.741000000000001,15.95259967573055,False
2966,-0.5060970975628887,-0.5060970975628887,0.0,0.5060970975628887,15.741000000000001,0.0,False,0.0,0.0,15.741000000000001,-0.5060970975628887,False
2967,-6.350878710078806,-6.350878710078806,0.0,6.350878710078806,15.477178650614222,0.0,False,0.0,0.0,15.741000000000001,-6.350878710078806,False
2968,-5.258422073471267,-5.258422073471267,0.0,5.258422073471267,12.16655426816514,0.0,False,0.0,0.0,15.741000000000001,-5.258422073471267,False
2969,-5.923203252540791,-5.923203252540791,0.0,5.923203252540791,9.425412274378516,0.0,False,0.0,0.0,15.741000000000001,-5.923203252540791,False
2970,-2.4420544352119373,-2.4420544352119373,0.0,2.4420544352119373,6.33772913551726,0.0,False,0.0,0.0,15.741000000000001,-2.4420544352119373,False
2971,-7.686940277922302,-7.686940277922302,0.0,6.360654300810943,5.064720261383016,-1.3262859771113593,False,0.0,0.0,15.741000000000001,-7.686940277922302,False
2972,-12.86665650211764,-12.86665650211764,0.0,4.2595540635239357e-16,1.7490000000000006,-12.86665650211764,False,0.0,0.0,15.741000000000001,-12.86665650211764,False
2973,-10.87859180313267,-10.87859180313267,0.0,0.0,1.7490000000000003,-10.87859180313267,False,0.0,0.0,15.741000000000001,-10.87859180313267,False
2974,-11.88829107827906,-11.88829107827906,0.0,0.0,1.7490000000000003,-11.88829107827906,False,0.0,0.0,15.741000000000001,-11.88829107827906,False
2975,-7.399155237230254,-7.399155237230254,0.0,0.0,1.7490000000000003,-7.399155237230254,False,0.0,0.0,15.741000000000001,-7.399155237230254,False
2976,-8.572130540890551,-8.572130540890551,0.0,0.0,1.7490000000000003,-8.572130540890551,False,0.0,0.0,15.741000000000001,-8.572130540890551,False
2977,-10.824633146459787,-10.824633146459787,0.0,0.0,1.7490000000000003,-10.824633146459787,False,0.0,0.0,15.741000000000001,-10.824633146459787,False
2978,-7.808477423273273,-7.808477423273273,0.0,0.0,1.7490000000000003,-7.808477423273273,False,0.0,0.0,15.741000000000001,-7.808477423273273,False
2979,-8.141936901939054,-8.141936901939054,0.0,0.0,1.7490000000000003,-8.141936901939054,False,0.0,0.0,15.741000000000001,-8.141936901939054,False
2980,-9.739828297381004,-9.739828297381004,0.0,0.0,1.7490000000000003,-9.739828297381004,False,0.0,4.411176108392663,15.741000000000001,-5.328652188988341,False
2981,-7.880561459346303,-7.880561459346303,0.0,0.0,1.7490000000000003,-7.880561459346303,False,0.0,0.0,13.441515496139843,-7.880561459346303,False
2982,-6.538070229988341,-6.538070229988341,0.0,0.0,1.7490000000000003,-6.538070229988341,False,0.0,0.0,13.441515496139843,-6.538070229988341,False
2983,,0.0,0.0,0.0,1.7490000000000003,,False,0.0,0.0,13.441515496139843,0.0,False
2984,,0.0,0.0,0.0,1.7490000000000003,,False,0.0,0.0,13.441515496139843,0.0,False
2985,,0.0,0.0,0.0,1.7490000000000003,,False,0.0,0.0,13.441515496139843,0.0,False
2986,,0.0,0.0,0.0,1.7490000000000003,,False,0.0,0.0,13.441515496139843,0.0,False
2987,,0.0,0.0,0.0,1.7490000000000003,,False,0.0,0.0,13.441515496139843,0.0,False
2988,,0.0,0.0,0.0,1.7490000000000003,,False,0.0,0.0,13.441515496139843,0.0,False
2989,,0.0,0.0,0.0,1.7490000000000003,,False,0.0,0.0,13.441515496139843,0.0,False
2990,,0.0,0.0,0.0,1.7490000000000003,,False,0.0,0.0,13.441515496139843,0.0,False
2991,,0.0,0.0,0.0,1.7490000000000003,,False,0.0,0.0,13.441515496139843,0.0,False
2992,,0.0,0.0,0.0,1.7490000000000003,,False,0.0,0.0,13.441515496139843,0.0,False
2993,,0.0,0.0,0.0,1.7490000000000003,,False,0.0,0.0,13.441515496139843,0.0,False
2994,,0.0,0.0,0.0,1.7490000000000003,,False,0.0,0.0,13.441515496139843,0.0,False
2995,,0.0,0.0,0.0,1.7490000000000003,,False,0.0,0.0,13.441515496139843,0.0,False
2996,,0.0,0.0,0.0,1.7490000000000003,,False,0.0,0.0,13.441515496139843,0.0,False
2997,,0.0,0.0,0.0,1.7490000000000003,,False,0.0,0.0,13.441515496139843,0.0,False
2998,,0.0,0.0,0.0,1.7490000000000003,,False,0.0,0.0,13.441515496139843,0.0,False
2999,,0.0,0.0,0.0,1.7490000000000003,,False,0.0,0.0,13.441515496139843,0.0,False
3000,,0.0,0.0,0.0,1.7490000000000003,,False,0.0,0.0,13.441515496139843,0.0,False
3001,,0.0,0.0,0.0,1.7490000000000003,,False,0.0,0.0,13.441515496139843,0.0,False
3002,,0.0,0.0,0.0,1.7490000000000003,,False,0.0,0.0,13.441515496139843,0.0,False
3003,,0.0,0.0,0.0,1.7490000000000003,,False,0.0,0.0,13.441515496139843,0.0,False
3004,,0.0,0.0,0.0,1.7490000000000003,,False,0.0,0.0,13.441515496139843,0.0,False
3005,,0.0,0.0,0.0,1.7490000000000003,,False,0.0,0.0,13.441515496139843,0.0,False
3006,,0.0,0.0,0.0,1.7490000000000003,,False,0.0,0.0,13.441515496139843,0.0,False
3007,,0.0,0.0,0.0,1.7490000000000003,,False,0.0,0.0,13.441515496139843,0.0,False
3008,,0.0,0.0,0.0,1.7490000000000003,,False,0.0,0.0,13.441515496139843,0.0,False
3009,-3.108887753737478,-3.108887753737478,0.0,0.0,1.7490000000000003,-3.108887753737478,False,0.0,0.0,13.441515496139843,-3.108887753737478,False
3010,-3.111083510686734,-3.111083510686734,0.0,0.0,1.7490000000000003,-3.111083510686734,False,0.0,0.0,13.441515496139843,-3.111083510686734,False
3011,-3.0996835365752715,-3.0996835365752715,0.0,0.0,1.7490000000000003,-3.0996835365752715,False,0.0,0.0,13.441515496139843,-3.0996835365752715,False
3012,-3.108369775818731,-3.108369775818731,0.0,0.0,1.7490000000000003,-3.108369775818731,False,0.0,0.0,13.441515496139843,-3.108369775818731,False
3013,-3.1387314740796883,-3.1387314740796883,0.0,0.0,1.7490000000000003,-3.1387314740796883,False,0.0,0.0,13.441515496139843,-3.1387314740796883,False
3014,-3.086492104979812,-3.086492104979812,0.0,0.0,1.7490000000000003,-3.086492104979812,False,0.0,0.0,13.441515496139843,-3.086492104979812,False
3015,-3.077937442376738,-3.077937442376738,0.0,0.0,1.7490000000000003,-3.077937442376738,False,0.0,0.0,13.441515496139843,-3.077937442376738,False
3016,-3.1217789825341984,-3.1217789825341984,0.0,0.0,1.7490000000000003,-3.1217789825341984,False,0.0,0.0,13.441515496139843,-3.1217789825341984,False
3017,-3.1075414676325166,-3.1075414676325166,0.0,0.0,1.7490000000000003,-3.1075414676325166,False,0.0,0.0,13.441515496139843,-3.1075414676325166,False
3018,-3.1089247210533877,-3.1089247210533877,0.0,0.0,1.7490000000000003,-3.1089247210533877,False,0.0,0.0,13.441515496139843,-3.1089247210533877,False
3019,-3.0999498012914724,-3.0999498012914724,0.0,0.0,1.7490000000000003,-3.0999498012914724,False,0.0,0.0,13.441515496139843,-3.0999498012914724,False
3020,-3.1129614080095953,-3.1129614080095953,0.0,0.0,1.7490000000000003,-3.1129614080095953,False,0.0,0.0,13.441515496139843,-3.1129614080095953,False
3021,-3.036868924011543,-3.036868924011543,0.0,0.0,1.7490000000000003,-3.036868924011543,False,0.0,0.0,13.441515496139843,-3.036868924011543,False
3022,-3.087179859885758,-3.087179859885758,0.0,0.0,1.7490000000000003,-3.087179859885758,False,0.0,0.0,13.441515496139843,-3.087179859885758,False
3023,-3.1733451788489333,-3.1733451788489333,0.0,0.0,1.7490000000000003,-3.1733451788489333,False,0.0,0.0,13.441515496139843,-3.1733451788489333,False
3024,-3.0932005198022257,-3.0932005198022257,0.0,0.0,1.7490000000000003,-3.0932005198022257,False,0.0,0.0,13.441515496139843,-3.0932005198022257,False
3025,-3.0949325854231584,-3.0949325854231584,0.0,0.0,1.7490000000000003,-3.0949325854231584,False,0.0,0.0,13.441515496139843,-3.0949325854231584,False
3026,-3.1158973332976334,-3.1158973332976334,0.0,0.0,1.7490000000000003,-3.1158973332976334,False,0.0,0.0,13.441515496139843,-3.1158973332976334,False
3027,-3.106921051954784,-3.106921051954784,0.0,0.0,1.7490000000000003,-3.106921051954784,False,0.0,0.0,13.441515496139843,-3.106921051954784,False
3028,-3.0914401915388767,-3.0914401915388767,0.0,0.0,1.7490000000000003,-3.0914401915388767,False,0.0,0.0,13.441515496139843,-3.0914401915388767,False
3029,-3.10457161213235,-3.10457161213235,0.0,0.0,1.7490000000000003,-3.10457161213235,False,0.0,0.0,13.441515496139843,-3.10457161213235,False
3030,-3.117005959254402,-3.117005959254402,0.0,0.0,1.7490000000000003,-3.117005959254402,False,0.0,0.0,13.441515496139843,-3.117005959254402,False
3031,-3.0999164919672473,-3.0999164919672473,0.0,0.0,1.7490000000000003,-3.0999164919672473,False,0.0,0.0,13.441515496139843,-3.0999164919672473,False
3032,-3.103157238235732,-3.103157238235732,0.0,0.0,1.7490000000000003,-3.103157238235732,False,0.0,0.0,13.441515496139843,-3.103157238235732,False
3033,-3.111349416862034,-3.111349416862034,0.0,0.0,1.7490000000000003,-3.111349416862034,False,0.0,0.0,13.441515496139843,-3.111349416862034,False
3034,-3.0919359661564405,-3.0919359661564405,0.0,0.0,1.7490000000000003,-3.0919359661564405,False,0.0,0.0,13.441515496139843,-3.0919359661564405,False
3035,,0.0,0.0,0.0,1.7490000000000003,,False,0.0,0.0,13.441515496139843,0.0,False
3036,,0.0,0.0,0.0,1.7490000000000003,,False,0.0,0.0,13.441515496139843,0.0,False
3037,,0.0,0.0,0.0,1.7490000000000003,,False,0.0,0.0,13.441515496139843,0.0,False
3038,,0.0,0.0,0.0,1.7490000000000003,,False,0.0,0.0,13.441515496139843,0.0,False
3039,,0.0,0.0,0.0,1.7490000000000003,,False,0.0,0.0,13.441515496139843,0.0,False
3040,,0.0,0.0,0.0,1.7490000000000003,,False,0.0,0.0,13.441515496139843,0.0,False
3041,,0.0,0.0,0.0,1.7490000000000003,,False,0.0,0.0,13.441515496139843,0.0,False
3042,,0.0,0.0,0.0,1.7490000000000003,,False,0.0,0.0,13.441515496139843,0.0,False
3043,,0.0,0.0,0.0,1.7490000000000003,,False,0.0,0.0,13.441515496139843,0.0,False
3044,,0.0,0.0,0.0,1.7490000000000003,,False,0.0,0.0,13.441515496139843,0.0,False
3045,,0.0,0.0,0.0,1.7490000000000003,,False,0.0,0.0,13.441515496139843,0.0,False
3046,,0.0,0.0,0.0,1.7490000000000003,,False,0.0,0.0,13.441515496139843,0.0,False
3047,,0.0,0.0,0.0,1.7490000000000003,,False,0.0,0.0,13.441515496139843,0.0,False
3048,,0.0,0.0,0.0,1.7490000000000003,,False,0.0,0.0,13.441515496139843,0.0,False
3049,,0.0,0.0,0.0,1.7490000000000003,,False,0.0,0.0,13.441515496139843,0.0,False
3050,,0.0,0.0,0.0,1.7490000000000003,,False,0.0,0.0,13.441515496139843,0.0,False
3051,,0.0,0.0,0.0,1.7490000000000003,,False,0.0,0.0,13.441515496139843,0.0,False
3052,,0.0,0.0,0.0,1.7490000000000003,,False,0.0,0.0,13.441515496139843,0.0,False
3053,,0.0,0.0,0.0,1.7490000000000003,,False,0.0,0.0,13.441515496139843,0.0,False
3054,,0.0,0.0,0.0,1.7490000000000003,,False,0.0,0.0,13.441515496139843,0.0,False
3055,,0.0,0.0,0.0,1.7490000000000003,,False,0.0,0.0,13.441515496139843,0.0,False
3056,,0.0,0.0,0.0,1.7490000000000003,,False,0.0,0.0,13.441515496139843,0.0,False
3057,,0.0,0.0,0.0,1.7490000000000003,,False,0.0,0.0,13.441515496139843,0.0,False
3058,,0.0,0.0,0.0,1.7490000000000003,,False,0.0,0.0,13.441515496139843,0.0,False
3059,,0.0,0.0,0.0,1.7490000000000003,,False,0.0,0.0,13.441515496139843,0.0,False
3060,,0.0,0.0,0.0,1.7490000000000003,,False,0.0,0.0,13.441515496139843,0.0,False
3061,0.16531350277256612,0.16531350277256612,0.16531350277256612,0.0,1.7490000000000003,0.0,False,0.16531350277256612,0.0,13.441515496139843,0.0,False
3062,-6.144731858541719,-6.144731858541719,0.0,0.15208842255076097,1.8282815707825921,-5.992643435990958,False,0.0,6.144731858541719,13.520797066922434,0.0,False
3063,-6.800952943550759,-6.800952943550759,0.0,0.0,1.7490000000000003,-6.800952943550759,False,0.0,6.800952943550759,10.317634159368268,0.0,False
3064,0.8097020122104174,0.8097020122104174,0.8097020122104174,0.0,1.7490000000000003,0.0,False,0.8097020122104174,0.0,6.772392364232706,0.0,False
3065,3.7798076165177847,3.7798076165177847,3.7798076165177847,0.0,2.1373194434648464,0.0,False,3.7798076165177847,0.0,7.1607118076975524,0.0,False
3066,4.77024152709574,4.77024152709574,4.77024152709574,0.0,3.950051495400197,0.0,False,4.77024152709574,0.0,8.973443859632903,0.0,False
3067,-1.8162409679339264,-1.8162409679339264,0.0,1.8162409679339264,6.237778964346313,0.0,False,0.0,0.0,11.26117132857902,-1.8162409679339264,False
3068,-10.009827085896179,-10.009827085896179,0.0,6.7947300954241,5.29099791130832,-3.2150969904720785,False,0.0,0.0,11.26117132857902,-10.009827085896179,False
3069,-1.4634327858023937,-1.4634327858023937,0.0,4.2595540635239357e-16,1.7490000000000006,-1.4634327858023932,False,0.0,0.0,11.26117132857902,-1.4634327858023937,False
3070,-3.993037312387514,-3.993037312387514,0.0,0.0,1.7490000000000003,-3.993037312387514,False,0.0,0.0,11.26117132857902,-3.993037312387514,False
3071,-16.353281515765477,-16.353281515765477,0.0,0.0,1.7490000000000003,-16.353281515765477,False,0.0,0.0,11.26117132857902,-16.353281515765477,False
3072,-12.035724338689196,-12.035724338689196,0.0,0.0,1.7490000000000003,-12.035724338689196,False,0.0,0.0,11.26117132857902,-12.035724338689196,False
3073,-4.501898751554892,-4.501898751554892,0.0,0.0,1.7490000000000003,-4.501898751554892,False,0.0,0.0,11.26117132857902,-4.501898751554892,False
3074,-4.7984394922313625,-4.7984394922313625,0.0,0.0,1.7490000000000003,-4.7984394922313625,False,0.0,0.0,11.26117132857902,-4.7984394922313625,False
3075,-4.616133957847808,-4.616133957847808,0.0,0.0,1.7490000000000003,-4.616133957847808,False,0.0,0.0,11.26117132857902,-4.616133957847808,False
3076,-4.2600124642673185,-4.2600124642673185,0.0,0.0,1.7490000000000003,-4.2600124642673185,False,0.0,0.0,11.26117132857902,-4.2600124642673185,False
3077,-3.4331630148274286,-3.4331630148274286,0.0,0.0,1.7490000000000003,-3.4331630148274286,False,0.0,0.0,11.26117132857902,-3.4331630148274286,False
3078,-1.8741127924735195,-1.8741127924735195,0.0,0.0,1.7490000000000003,-1.8741127924735195,False,0.0,0.0,11.26117132857902,-1.8741127924735195,False
3079,-3.284060895184816,-3.284060895184816,0.0,0.0,1.7490000000000003,-3.284060895184816,False,0.0,0.0,11.26117132857902,-3.284060895184816,False
3080,0.6029096121528938,0.6029096121528938,0.6029096121528938,0.0,1.7490000000000003,0.0,False,0.6029096121528938,0.0,11.26117132857902,0.0,False
3081,1.406429154938065,1.406429154938065,1.406429154938065,0.0,2.0381452923671097,0.0,False,1.406429154938065,0.0,11.550316620946129,0.0,False
3082,-3.0429646134213124,-3.0429646134213124,0.0,1.848591665723682,2.7126450200229137,-1.1943729476976304,False,0.0,3.0429646134213124,12.224816348601934,0.0,False
3083,3.2628586227080967,3.2628586227080967,3.2628586227080967,0.0,1.7490000000000003,0.0,False,3.2628586227080967,0.0,10.63856139019204,0.0,False
3084,7.376461347154926,7.376461347154926,7.376461347154926,0.0,3.313812023889622,0.0,False,7.376461347154926,0.0,12.20337341408166,0.0,False
3085,-0.7690606140016097,-0.7690606140016097,0.0,0.7690606140016097,6.851438609807962,0.0,False,0.0,0.0,15.741000000000001,-0.7690606140016097,False
3086,-12.459669729077397,-12.459669729077397,0.0,8.745000000000001,6.450538051550663,-3.7146697290773965,False,0.0,0.0,15.741000000000001,-12.459669729077397,False
3087,-8.756586717284092,-8.756586717284092,0.0,0.2741137582723715,1.8918916742278657,-8.482472959011721,False,0.0,0.0,15.741000000000001,-8.756586717284092,False
3088,-8.01006083617721,-8.01006083617721,0.0,0.0,1.7490000000000003,-8.01006083617721,False,0.0,0.0,15.741000000000001,-8.01006083617721,False
3089,-13.051588226174966,-13.051588226174966,0.0,0.0,1.7490000000000003,-13.051588226174966,False,0.0,0.0,15.741000000000001,-13.051588226174966,False
3090,-7.236381655692638,-7.236381655692638,0.0,0.0,1.7490000000000003,-7.236381655692638,False,0.0,0.0,15.741000000000001,-7.236381655692638,False
3091,-4.598319826929628,-4.598319826929628,0.0,0.0,1.7490000000000003,-4.598319826929628,False,0.0,0.0,15.741000000000001,-4.598319826929628,False
3092,-4.978908763761114,-4.978908763761114,0.0,0.0,1.7490000000000003,-4.978908763761114,False,0.0,0.0,15.741000000000001,-4.978908763761114,False
3093,-4.4160988207497915,-4.4160988207497915,0.0,0.0,1.7490000000000003,-4.4160988207497915,False,0.0,0.0,15.741000000000001,-4.4160988207497915,False
3094,-3.7462023998550324,-3.7462023998550324,0.0,0.0,1.7490000000000003,-3.7462023998550324,False,0.0,0.0,15.741000000000001,-3.7462023998550324,False
3095,-3.8538674350777047,-3.8538674350777047,0.0,0.0,1.7490000000000003,-3.8538674350777047,False,0.0,0.0,15.741000000000001,-3.8538674350777047,False
3096,-3.9255749559818596,-3.9255749559818596,0.0,0.0,1.7490000000000003,-3.9255749559818596,False,0.0,0.0,15.741000000000001,-3.9255749559818596,False
3097,-3.303720081953783,-3.303720081953783,0.0,0.0,1.7490000000000003,-3.303720081953783,False,0.0,0.0,15.741000000000001,-3.303720081953783,False
3098,-2.8045854464296753,-2.8045854464296753,0.0,0.0,1.7490000000000003,-2.8045854464296753,False,0.0,0.0,15.741000000000001,-2.8045854464296753,False
3099,-3.04150653251433,-3.04150653251433,0.0,0.0,1.7490000000000003,-3.04150653251433,False,0.0,0.0,15.741000000000001,-3.04150653251433,False
3100,-2.460289230801298,-2.460289230801298,0.0,0.0,1.7490000000000003,-2.460289230801298,False,0.0,0.0,15.741000000000001,-2.460289230801298,False
3101,-1.6997335419093373,-1.6997335419093373,0.0,0.0,1.7490000000000003,-1.6997335419093373,False,0.0,0.0,15.741000000000001,-1.6997335419093373,False
3102,-2.106791781770605,-2.106791781770605,0.0,0.0,1.7490000000000003,-2.106791781770605,False,0.0,0.0,15.741000000000001,-2.106791781770605,False
3103,-2.702142998429119,-2.702142998429119,0.0,0.0,1.7490000000000003,-2.702142998429119,False,0.0,0.0,15.741000000000001,-2.702142998429119,False
3104,-2.2669128453639176,-2.2669128453639176,0.0,0.0,1.7490000000000003,-2.2669128453639176,False,0.0,0.0,15.741000000000001,-2.2669128453639176,False
3105,-1.9473503272088573,-1.9473503272088573,0.0,0.0,1.7490000000000003,-1.9473503272088573,False,0.0,0.0,15.741000000000001,-1.9473503272088573,False
3106,-1.8238169721590114,-1.8238169721590114,0.0,0.0,1.7490000000000003,-1.8238169721590114,False,0.0,0.0,15.741000000000001,-1.8238169721590114,False
3107,-0.9405543999744119,-0.9405543999744119,0.0,0.0,1.7490000000000003,-0.9405543999744119,False,0.0,0.0,15.741000000000001,-0.9405543999744119,False
3108,-2.234168389211401,-2.234168389211401,0.0,0.0,1.7490000000000003,-2.234168389211401,False,0.0,0.0,15.741000000000001,-2.234168389211401,False
3109,-3.2423166426532606,-3.2423166426532606,0.0,0.0,1.7490000000000003,-3.2423166426532606,False,0.0,0.0,15.741000000000001,-3.2423166426532606,False
3110,-2.375774989190871,-2.375774989190871,0.0,0.0,1.7490000000000003,-2.375774989190871,False,0.0,0.0,15.741000000000001,-2.375774989190871,False
3111,-2.8741050886650137,-2.8741050886650137,0.0,0.0,1.7490000000000003,-2.8741050886650137,False,0.0,0.0,15.741000000000001,-2.8741050886650137,False
3112,-3.0202773554781697,-3.0202773554781697,0.0,0.0,1.7490000000000003,-3.0202773554781697,False,0.0,0.0,15.741000000000001,-3.0202773554781697,False
3113,-3.047540679690118,-3.047540679690118,0.0,0.0,1.7490000000000003,-3.047540679690118,False,0.0,0.0,15.741000000000001,-3.047540679690118,False
3114,-3.09478941479431,-3.09478941479431,0.0,0.0,1.7490000000000003,-3.09478941479431,False,0.0,0.0,15.741000000000001,-3.09478941479431,False
3115,-3.1564585696313108,-3.1564585696313108,0.0,0.0,1.7490000000000003,-3.1564585696313108,False,0.0,0.0,15.741000000000001,-3.1564585696313108,False
3116,-2.0986860228698974,-2.0986860228698974,0.0,0.0,1.7490000000000003,-2.0986860228698974,False,0.0,0.0,15.741000000000001,-2.0986860228698974,False
3117,-0.6509853996756552,-0.6509853996756552,0.0,0.0,1.7490000000000003,-0.6509853996756552,False,0.0,0.0,15.741000000000001,-0.6509853996756552,False
3118,-3.4335620446159294,-3.4335620446159294,0.0,0.0,1.7490000000000003,-3.4335620446159294,False,0.0,0.0,15.741000000000001,-3.4335620446159294,False
3119,-5.820785006925564,-5.820785006925564,0.0,0.0,1.7490000000000003,-5.820785006925564,False,0.0,0.0,15.741000000000001,-5.820785006925564,False
3120,-3.8476702138805936,-3.8476702138805936,0.0,0.0,1.7490000000000003,-3.8476702138805936,False,0.0,0.0,15.741000000000001,-3.8476702138805936,False
3121,-3.1000586175805416,-3.1000586175805416,0.0,0.0,1.7490000000000003,-3.1000586175805416,False,0.0,0.0,15.741000000000001,-3.1000586175805416,False
3122,-3.4165340277413043,-3.4165340277413043,0.0,0.0,1.7490000000000003,-3.4165340277413043,False,0.0,0.0,15.741000000000001,-3.4165340277413043,False
3123,-3.22887466092696,-3.22887466092696,0.0,0.0,1.7490000000000003,-3.22887466092696,False,0.0,0.0,15.741000000000001,-3.22887466092696,False
3124,-3.13472114687565,-3.13472114687565,0.0,0.0,1.7490000000000003,-3.13472114687565,False,0.0,0.0,15.741000000000001,-3.13472114687565,False
3125,-3.287767386084152,-3.287767386084152,0.0,0.0,1.7490000000000003,-3.287767386084152,False,0.0,0.0,15.741000000000001,-3.287767386084152,False
3126,-3.247604202733642,-3.247604202733642,0.0,0.0,1.7490000000000003,-3.247604202733642,False,0.0,0.0,15.741000000000001,-3.247604202733642,False
3127,-3.099678105992351,-3.099678105992351,0.0,0.0,1.7490000000000003,-3.099678105992351,False,0.0,0.0,15.741000000000001,-3.099678105992351,False
3128,-3.105913796879196,-3.105913796879196,0.0,0.0,1.7490000000000003,-3.105913796879196,False,0.0,0.0,15.741000000000001,-3.105913796879196,False
3129,-3.187975352879442,-3.187975352879442,0.0,0.0,1.7490000000000003,-3.187975352879442,False,0.0,0.0,15.741000000000001,-3.187975352879442,False
3130,-3.098593887051574,-3.098593887051574,0.0,0.0,1.7490000000000003,-3.098593887051574,False,0.0,0.0,15.741000000000001,-3.098593887051574,False
3131,-3.0317900128734965,-3.0317900128734965,0.0,0.0,1.7490000000000003,-3.0317900128734965,False,0.0,0.0,15.741000000000001,-3.0317900128734965,False
3132,-3.1062590315406546,-3.1062590315406546,0.0,0.0,1.7490000000000003,-3.1062590315406546,False,0.0,0.0,15.741000000000001,-3.1062590315406546,False
3133,-3.022650446757233,-3.022650446757233,0.0,0.0,1.7490000000000003,-3.022650446757233,False,0.0,0.0,15.741000000000001,-3.022650446757233,False
3134,-2.9135583487879946,-2.9135583487879946,0.0,0.0,1.7490000000000003,-2.9135583487879946,False,0.0,0.0,15.741000000000001,-2.9135583487879946,False
3135,-3.133094397834794,-3.133094397834794,0.0,0.0,1.7490000000000003,-3.133094397834794,False,0.0,0.0,15.741000000000001,-3.133094397834794,False
3136,-3.215945478389607,-3.215945478389607,0.0,0.0,1.7490000000000003,-3.215945478389607,False,0.0,0.0,15.741000000000001,-3.215945478389607,False
3137,-3.065358291078511,-3.065358291078511,0.0,0.0,1.7490000000000003,-3.065358291078511,False,0.0,0.0,15.741000000000001,-3.065358291078511,False
3138,-2.998527080342931,-2.998527080342931,0.0,0.0,1.7490000000000003,-2.998527080342931,False,0.0,0.8893802315727894,15.741000000000001,-2.1091468487701417,False
3139,-2.91383102264143,-2.91383102264143,0.0,0.0,1.7490000000000003,-2.91383102264143,False,0.0,2.91383102264143,15.277378505349137,0.0,False
3140,-0.5998316696883212,-0.5998316696883212,0.0,0.0,1.7490000000000003,-0.5998316696883212,False,0.0,0.5998316696883212,13.758439084480626,0.0,False
3141,-2.5699177461854923,-2.5699177461854923,0.0,0.0,1.7490000000000003,-2.5699177461854923,False,0.0,2.5699177461854923,13.445755211635783,0.0,False
3142,-5.699060582544468,-5.699060582544468,0.0,0.0,1.7490000000000003,-5.699060582544468,False,0.0,5.699060582544468,12.106092979083918,0.0,False
3143,-3.2344016423784008,-3.2344016423784008,0.0,0.0,1.7490000000000003,-3.2344016423784008,False,0.0,3.2344016423784008,9.135252283971342,0.0,False
3144,-1.7800624420078974,-1.7800624420078974,0.0,0.0,1.7490000000000003,-1.7800624420078974,False,0.0,1.7800624420078974,7.449203875756911,0.0,False
3145,-2.48296841195477,-2.48296841195477,0.0,0.0,1.7490000000000003,-2.48296841195477,False,0.0,2.48296841195477,6.521282183056205,0.0,False
3146,-4.327984351018288,-4.327984351018288,0.0,0.0,1.7490000000000003,-4.327984351018288,False,0.0,4.327984351018288,5.22694542420377,0.0,False
3147,-2.3438717696847773,-2.3438717696847773,0.0,0.0,1.7490000000000003,-2.3438717696847773,False,0.0,2.3438717696847773,2.9708276217018508,0.0,False
3148,0.984874340382052,0.984874340382052,0.984874340382052,0.0,1.7490000000000003,0.0,False,0.984874340382052,0.0,1.7490000000000003,0.0,False
3149,-1.8295598879290043,-1.8295598879290043,0.0,0.906084393151488,2.221329140810607,-0.9234754947775162,False,0.0,0.0,2.221329140810607,-1.8295598879290043,False
3150,-2.4154047021577356,-2.4154047021577356,0.0,0.0,1.7490000000000003,-2.4154047021577356,False,0.0,0.0,2.221329140810607,-2.4154047021577356,False
3151,-3.286051846575302,-3.286051846575302,0.0,0.0,1.7490000000000003,-3.286051846575302,False,0.0,0.0,2.221329140810607,-3.286051846575302,False
3152,-3.3139690654402685,-3.3139690654402685,0.0,0.0,1.7490000000000003,-3.3139690654402685,False,0.0,0.0,2.221329140810607,-3.3139690654402685,False
3153,-3.0949668610588366,-3.0949668610588366,0.0,0.0,1.7490000000000003,-3.0949668610588366,False,0.0,0.0,2.221329140810607,-3.0949668610588366,False
3154,-8.94492816531324,-8.94492816531324,0.0,0.0,1.7490000000000003,-8.94492816531324,False,0.0,0.0,2.221329140810607,-8.94492816531324,False
3155,-7.3077143649344425,-7.3077143649344425,0.0,0.0,1.7490000000000003,-7.3077143649344425,False,0.0,0.0,2.221329140810607,-7.3077143649344425,False
3156,-0.7368312849304292,-0.7368312849304292,0.0,0.0,1.7490000000000003,-0.7368312849304292,False,0.0,0.0,2.221329140810607,-0.7368312849304292,False
3157,1.0912756378581123,1.0912756378581123,1.0912756378581123,0.0,1.7490000000000003,0.0,False,1.0912756378581123,0.0,2.221329140810607,0.0,False
3158,3.9359889076350147,3.9359889076350147,3.9359889076350147,0.0,2.2723574104663133,0.0,False,3.9359889076350147,0.0,2.74468655127692,0.0,False
3159,6.197190065266956,6.197190065266956,6.197190065266956,0.0,4.159991378330833,0.0,False,6.197190065266956,0.0,4.63232051914144,0.0,False
3160,0.4146009574988669,0.4146009574988669,0.4146009574988669,0.0,7.132059325427601,0.0,False,0.4146009574988669,0.0,7.604388466238208,0.0,False
3161,-5.01787435928682,-5.01787435928682,0.0,5.01787435928682,7.330894959584471,0.0,False,0.0,0.0,7.803224100395078,-5.01787435928682,False
3162,-3.491580608578073,-3.491580608578073,0.0,3.491580608578073,4.715147129987695,0.0,False,0.0,0.0,7.803224100395078,-3.491580608578073,False
3163,-2.643899845320859,-2.643899845320859,0.0,2.1984761549333425,2.895034918160942,-0.4454236903875164,False,0.0,0.0,7.803224100395078,-2.643899845320859,False
3164,-1.1853405923067895,-1.1853405923067895,0.0,0.0,1.7490000000000003,-1.1853405923067895,False,0.0,0.0,7.803224100395078,-1.1853405923067895,False
3165,6.524668731902249,6.524668731902249,6.524668731902249,0.0,1.7490000000000003,0.0,False,6.524668731902249,0.0,7.803224100395078,0.0,False
3166,5.568092975475599,5.568092975475599,5.568092975475599,0.0,4.8781211983629635,0.0,False,5.568092975475599,0.0,10.932345298758042,0.0,False
3167,-12.145164646334884,-12.145164646334884,0.0,8.745000000000001,7.548484780015164,-3.4001646463348827,False,0.0,0.0,13.602708880410242,-12.145164646334884,False
3168,-14.081839065786628,-14.081839065786628,0.0,2.3803407707876207,2.9898384026923663,-11.701498294999007,False,0.0,5.249356286737343,13.602708880410242,-8.832482779049286,False
3169,-6.12038325848217,-6.12038325848217,0.0,0.0,1.7490000000000003,-6.12038325848217,False,0.0,0.0,10.866292754645595,-6.12038325848217,False
3170,-16.243690288635023,-16.243690288635023,0.0,0.0,1.7490000000000003,-16.243690288635023,False,0.0,8.745000000000001,10.866292754645595,-7.4986902886350215,False
3171,-15.042277444557806,-15.042277444557806,0.0,0.0,1.7490000000000003,-15.042277444557806,False,0.0,8.745000000000001,6.307646377322798,-6.297277444557805,False
3172,-4.631355024773537,-4.631355024773537,0.0,0.0,1.7490000000000003,-4.631355024773537,False,0.0,0.0,1.7490000000000003,-4.631355024773537,False
3173,12.26565800041793,12.26565800041793,8.745000000000001,0.0,1.7490000000000003,3.5206580004179298,False,0.0,0.0,1.7490000000000003,12.26565800041793,False
3174,29.52946448911851,29.52946448911851,8.745000000000001,0.0,5.942954667136974,20.78446448911851,True,8.745000000000001,0.0,1.7490000000000003,20.78446448911851,True
3175,28.10063439825622,28.10063439825622,8.745000000000001,0.0,10.136909334273948,19.355634398256218,True,8.745000000000001,0.0,5.942954667136974,19.355634398256218,True
3176,18.401306356397498,18.401306356397498,2.940336814865897,0.0,14.330864001410923,15.4609695415316,False,8.745000000000001,0.0,10.136909334273948,9.656306356397497,False
3177,11.995551649632352,11.995551649632352,0.0,0.0,15.741000000000001,11.995551649632352,False,0.0,0.0,14.330864001410923,11.995551649632352,False
3178,11.997766732810675,11.997766732810675,0.0,0.0,15.741000000000001,11.997766732810675,False,0.0,0.0,14.330864001410923,11.997766732810675,False
3179,11.606668568640178,11.606668568640178,0.0,0.0,15.741000000000001,11.606668568640178,False,0.0,0.0,14.330864001410923,11.606668568640178,False
3180,7.514894863655424,7.514894863655424,0.0,0.0,15.741000000000001,7.514894863655424,False,0.0,0.0,14.330864001410923,7.514894863655424,False
3181,10.308930650700784,10.308930650700784,0.0,0.0,15.741000000000001,10.308930650700784,False,2.734692532733691,0.0,14.330864001410923,7.574238117967093,False
3182,,0.0,0.0,0.0,15.741000000000001,,False,0.0,0.0,15.642376466916136,0.0,False
3183,,0.0,0.0,0.0,15.741000000000001,,False,0.0,0.0,15.642376466916136,0.0,False
3184,,0.0,0.0,0.0,15.741000000000001,,False,0.0,0.0,15.642376466916136,0.0,False
3185,,0.0,0.0,0.0,15.741000000000001,,False,0.0,0.0,15.642376466916136,0.0,False
3186,,0.0,0.0,0.0,15.741000000000001,,False,0.0,0.0,15.642376466916136,0.0,False
3187,,0.0,0.0,0.0,15.741000000000001,,False,0.0,0.0,15.642376466916136,0.0,False
3188,,0.0,0.0,0.0,15.741000000000001,,False,0.0,0.0,15.642376466916136,0.0,False
3189,,0.0,0.0,0.0,15.741000000000001,,False,0.0,0.0,15.642376466916136,0.0,False
3190,,0.0,0.0,0.0,15.741000000000001,,False,0.0,0.0,15.642376466916136,0.0,False
3191,,0.0,0.0,0.0,15.741000000000001,,False,0.0,0.0,15.642376466916136,0.0,False
3192,,0.0,0.0,0.0,15.741000000000001,,False,0.0,0.0,15.642376466916136,0.0,False
3193,,0.0,0.0,0.0,15.741000000000001,,False,0.0,0.0,15.642376466916136,0.0,False
3194,,0.0,0.0,0.0,15.741000000000001,,False,0.0,0.0,15.642376466916136,0.0,False
3195,,0.0,0.0,0.0,15.741000000000001,,False,0.0,0.0,15.642376466916136,0.0,False
3196,,0.0,0.0,0.0,15.741000000000001,,False,0.0,0.0,15.642376466916136,0.0,False
3197,,0.0,0.0,0.0,15.741000000000001,,False,0.0,0.0,15.642376466916136,0.0,False
3198,,0.0,0.0,0.0,15.741000000000001,,False,0.0,0.0,15.642376466916136,0.0,False
3199,,0.0,0.0,0.0,15.741000000000001,,False,0.0,0.0,15.642376466916136,0.0,False
3200,,0.0,0.0,0.0,15.741000000000001,,False,0.0,0.0,15.642376466916136,0.0,False
3201,,0.0,0.0,0.0,15.741000000000001,,False,0.0,0.0,15.642376466916136,0.0,False
3202,,0.0,0.0,0.0,15.741000000000001,,False,0.0,0.0,15.642376466916136,0.0,False
3203,,0.0,0.0,0.0,15.741000000000001,,False,0.0,0.0,15.642376466916136,0.0,False
3204,,0.0,0.0,0.0,15.741000000000001,,False,0.0,0.0,15.642376466916136,0.0,False
3205,,0.0,0.0,0.0,15.741000000000001,,False,0.0,0.0,15.642376466916136,0.0,False
3206,,0.0,0.0,0.0,15.741000000000001,,False,0.0,0.0,15.642376466916136,0.0,False
3207,,0.0,0.0,0.0,15.741000000000001,,False,0.0,0.0,15.642376466916136,0.0,False
3208,0.20564428213220667,0.20564428213220667,0.0,0.0,15.741000000000001,0.20564428213220667,False,0.20564428213220667,0.0,15.642376466916136,0.0,False
3209,-0.4242565076966718,-0.4242565076966718,0.0,0.4242565076966718,15.741000000000001,0.0,False,0.0,0.0,15.741000000000001,-0.4242565076966718,False
3210,-1.572139107753622,-1.572139107753622,0.0,1.572139107753622,15.51984100721932,0.0,False,0.0,0.0,15.741000000000001,-1.572139107753622,False
3211,-2.2429757365754157,-2.2429757365754157,0.0,2.2429757365754157,14.700306845045672,0.0,False,0.0,0.0,15.741000000000001,-2.2429757365754157,False
3212,-2.791523560908813,-2.791523560908813,0.0,2.791523560908813,13.531074916405025,0.0,False,0.0,0.0,15.741000000000001,-2.791523560908813,False
3213,-3.0244870419172383,-3.0244870419172383,0.0,3.0244870419172383,12.075892667331475,0.0,False,0.0,0.0,15.741000000000001,-3.0244870419172383,False
3214,-3.04626980960304,-3.04626980960304,0.0,3.04626980960304,10.499269808910004,0.0,False,0.0,0.0,15.741000000000001,-3.04626980960304,False
3215,-3.150940320837043,-3.150940320837043,0.0,3.150940320837043,8.911291897887168,0.0,False,0.0,0.0,15.741000000000001,-3.150940320837043,False
3216,-3.1720988731860476,-3.1720988731860476,0.0,3.1720988731860476,7.2687507110668,0.0,False,0.0,0.0,15.741000000000001,-3.1720988731860476,False
3217,-3.1801940236485247,-3.1801940236485247,0.0,3.1801940236485247,5.615179866383061,0.0,False,0.0,0.0,15.741000000000001,-3.1801940236485247,False
3218,-3.167899032629926,-3.167899032629926,0.0,3.167899032629926,3.957389132810853,0.0,False,0.0,0.0,15.741000000000001,-3.167899032629926,False
3219,-3.1524039154034953,-3.1524039154034953,0.0,1.068525854920285,2.3060076063588455,-2.0838780604832103,False,0.0,0.0,15.741000000000001,-3.1524039154034953,False
3220,-3.145466472523711,-3.145466472523711,0.0,0.0,1.749,-3.145466472523711,False,0.0,0.0,15.741000000000001,-3.145466472523711,False
3221,-3.0895885289161145,-3.0895885289161145,0.0,0.0,1.749,-3.0895885289161145,False,0.0,0.0,15.741000000000001,-3.0895885289161145,False
3222,-3.0637536019224774,-3.0637536019224774,0.0,0.0,1.749,-3.0637536019224774,False,0.0,0.0,15.741000000000001,-3.0637536019224774,False
3223,-3.086275240203897,-3.086275240203897,0.0,0.0,1.749,-3.086275240203897,False,0.0,0.0,15.741000000000001,-3.086275240203897,False
3224,-3.086047036790599,-3.086047036790599,0.0,0.0,1.749,-3.086047036790599,False,0.0,0.0,15.741000000000001,-3.086047036790599,False
3225,-3.0650861996354175,-3.0650861996354175,0.0,0.0,1.749,-3.0650861996354175,False,0.0,0.0,15.741000000000001,-3.0650861996354175,False
3226,-3.075776072997881,-3.075776072997881,0.0,0.0,1.749,-3.075776072997881,False,0.0,0.0,15.741000000000001,-3.075776072997881,False
3227,-2.967918134550078,-2.967918134550078,0.0,0.0,1.749,-2.967918134550078,False,0.0,0.0,15.741000000000001,-2.967918134550078,False
3228,-2.0426408330491723,-2.0426408330491723,0.0,0.0,1.749,-2.0426408330491723,False,0.0,1.6992023635639923,15.741000000000001,-0.34343846948518,False
3229,0.27257276239085215,0.27257276239085215,0.27257276239085215,0.0,1.749,0.0,False,0.27257276239085215,0.0,14.855229536992645,0.0,False
3230,1.5743863284395714,1.5743863284395714,1.5743863284395714,0.0,1.8797213046270478,0.0,False,1.5743863284395714,0.0,14.985950841619694,0.0,False
3231,-1.4269390936791813,-1.4269390936791813,0.0,1.4269390936791813,2.6347704630073547,0.0,False,0.0,0.0,15.741000000000001,-1.4269390936791813,False
3232,-4.827226443874,-4.827226443874,0.0,0.27226326988480803,1.8909270404732352,-4.554963173989192,False,0.0,0.0,15.741000000000001,-4.827226443874,False
3233,-5.103338267308159,-5.103338267308159,0.0,0.0,1.7490000000000003,-5.103338267308159,False,0.0,0.0,15.741000000000001,-5.103338267308159,False
3234,-6.753409082062298,-6.753409082062298,0.0,0.0,1.7490000000000003,-6.753409082062298,False,0.0,0.0,15.741000000000001,-6.753409082062298,False
3235,-7.402292951086551,-7.402292951086551,0.0,0.0,1.7490000000000003,-7.402292951086551,False,0.0,4.696363321911281,15.741000000000001,-2.7059296291752704,False
3236,-4.7922810800261075,-4.7922810800261075,0.0,0.0,1.7490000000000003,-4.7922810800261075,False,0.0,4.7922810800261075,13.292851384331332,0.0,False
3237,-3.825574732942066,-3.825574732942066,0.0,0.0,1.7490000000000003,-3.825574732942066,False,0.0,3.825574732942066,10.794702180835209,0.0,False
3238,-4.002624524689519,-4.002624524689519,0.0,0.0,1.7490000000000003,-4.002624524689519,False,0.0,4.002624524689519,8.800483496157796,0.0,False
3239,-3.6985951465862326,-3.6985951465862326,0.0,0.0,1.7490000000000003,-3.6985951465862326,False,0.0,3.6985951465862326,6.713971227517515,0.0,False
3240,-3.5623399147247237,-3.5623399147247237,0.0,0.0,1.7490000000000003,-3.5623399147247237,False,0.0,3.5623399147247237,4.785945227955593,0.0,False
3241,-2.263531148796703,-2.263531148796703,0.0,0.0,1.7490000000000003,-2.263531148796703,False,0.0,2.263531148796703,2.9289471779782046,0.0,False
3242,3.393966711349054,3.393966711349054,3.393966711349054,0.0,1.7490000000000003,0.0,False,0.0,0.0,1.7490000000000003,3.393966711349054,False
3243,10.145789293647386,10.145789293647386,8.745000000000001,0.0,3.37668925433618,1.4007892936473851,False,0.0,0.0,1.7490000000000003,10.145789293647386,False
3244,7.3328400368109135,7.3328400368109135,7.3328400368109135,0.0,7.570643921473154,0.0,False,0.0,0.0,1.7490000000000003,7.3328400368109135,False
3245,8.515789773448715,8.515789773448715,8.515789773448715,0.0,11.087350461867892,0.0,False,0.0,0.0,1.7490000000000003,8.515789773448715,False
3246,22.776022176436094,22.776022176436094,1.187740293257219,0.0,15.171379766008835,21.588281883178876,True,8.745000000000001,0.0,1.7490000000000003,14.031022176436093,False
3247,15.689586313361641,15.689586313361641,0.0,0.0,15.741000000000001,15.689586313361641,False,0.0,0.0,5.942954667136974,15.689586313361641,False
3248,14.997166877738199,14.997166877738199,0.0,0.0,15.741000000000001,14.997166877738199,False,0.0,0.0,5.942954667136974,14.997166877738199,False
3249,26.720571116917295,26.720571116917295,0.0,0.0,15.741000000000001,26.720571116917295,True,8.745000000000001,0.0,5.942954667136974,17.975571116917294,True
3250,19.069417593399546,19.069417593399546,0.0,0.0,15.741000000000001,19.069417593399546,True,8.745000000000001,0.0,10.136909334273948,10.324417593399545,False
3251,8.343326352960258,8.343326352960258,0.0,0.0,15.741000000000001,8.343326352960258,False,0.0,0.0,14.330864001410923,8.343326352960258,False
3252,,0.0,0.0,0.0,15.741000000000001,,False,0.0,0.0,14.330864001410923,0.0,False
3253,,0.0,0.0,0.0,15.741000000000001,,False,0.0,0.0,14.330864001410923,0.0,False
3254,,0.0,0.0,0.0,15.741000000000001,,False,0.0,0.0,14.330864001410923,0.0,False
3255,,0.0,0.0,0.0,15.741000000000001,,False,0.0,0.0,14.330864001410923,0.0,False
3256,,0.0,0.0,0.0,15.741000000000001,,False,0.0,0.0,14.330864001410923,0.0,False
3257,,0.0,0.0,0.0,15.741000000000001,,False,0.0,0.0,14.330864001410923,0.0,False
3258,,0.0,0.0,0.0,15.741000000000001,,False,0.0,0.0,14.330864001410923,0.0,False
3259,,0.0,0.0,0.0,15.741000000000001,,False,0.0,0.0,14.330864001410923,0.0,False
3260,,0.0,0.0,0.0,15.741000000000001,,False,0.0,0.0,14.330864001410923,0.0,False
3261,,0.0,0.0,0.0,15.741000000000001,,False,0.0,0.0,14.330864001410923,0.0,False
3262,,0.0,0.0,0.0,15.741000000000001,,False,0.0,0.0,14.330864001410923,0.0,False
3263,,0.0,0.0,0.0,15.741000000000001,,False,0.0,0.0,14.330864001410923,0.0,False
3264,,0.0,0.0,0.0,15.741000000000001,,False,0.0,0.0,14.330864001410923,0.0,False
3265,,0.0,0.0,0.0,15.741000000000001,,False,0.0,0.0,14.330864001410923,0.0,False
3266,,0.0,0.0,0.0,15.741000000000001,,False,0.0,0.0,14.330864001410923,0.0,False
3267,,0.0,0.0,0.0,15.741000000000001,,False,0.0,0.0,14.330864001410923,0.0,False
3268,,0.0,0.0,0.0,15.741000000000001,,False,0.0,0.0,14.330864001410923,0.0,False
3269,,0.0,0.0,0.0,15.741000000000001,,False,0.0,0.0,14.330864001410923,0.0,False
3270,,0.0,0.0,0.0,15.741000000000001,,False,0.0,0.0,14.330864001410923,0.0,False
3271,,0.0,0.0,0.0,15.741000000000001,,False,0.0,0.0,14.330864001410923,0.0,False
3272,,0.0,0.0,0.0,15.741000000000001,,False,0.0,0.0,14.330864001410923,0.0,False
3273,,0.0,0.0,0.0,15.741000000000001,,False,0.0,0.0,14.330864001410923,0.0,False
3274,,0.0,0.0,0.0,15.741000000000001,,False,0.0,0.0,14.330864001410923,0.0,False
3275,,0.0,0.0,0.0,15.741000000000001,,False,0.0,0.0,14.330864001410923,0.0,False
3276,,0.0,0.0,0.0,15.741000000000001,,False,0.0,0.0,14.330864001410923,0.0,False
3277,,0.0,0.0,0.0,15.741000000000001,,False,0.0,0.0,14.330864001410923,0.0,False
3278,12.393527677678707,12.393527677678707,0.0,0.0,15.741000000000001,12.393527677678707,False,2.940336814865897,0.0,14.330864001410923,9.45319086281281,False
3279,4.056501150702131,4.056501150702131,0.0,0.0,15.741000000000001,4.056501150702131,False,0.0,0.0,15.741000000000001,4.056501150702131,False
3280,-13.021427240859559,-13.021427240859559,0.0,8.745000000000001,15.741000000000001,-4.276427240859558,False,0.0,0.0,15.741000000000001,-13.021427240859559,False
3281,-23.9692672838826,-23.9692672838826,0.0,8.745000000000001,11.182353622677205,-15.2242672838826,False,0.0,8.745000000000001,15.741000000000001,-15.2242672838826,False
3282,-22.35193999832157,-22.35193999832157,0.0,8.745000000000001,6.6237072453544075,-13.606939998321568,False,0.0,8.745000000000001,11.182353622677205,-13.606939998321568,False
3283,-20.780075261806477,-20.780075261806477,0.0,0.6063098696766301,2.06506086803161,-20.173765392129848,True,0.0,3.290075261806475,6.6237072453544075,-17.490000000000002,False
3284,-14.867766842971658,-14.867766842971658,0.0,0.0,1.7490000000000003,-14.867766842971658,False,0.0,0.0,4.908636956806273,-14.867766842971658,False
3285,-2.5400121819102512,-2.5400121819102512,0.0,0.0,1.7490000000000003,-2.5400121819102512,False,0.0,0.0,4.908636956806273,-2.5400121819102512,False
3286,-0.26223856422599706,-0.26223856422599706,0.0,0.0,1.7490000000000003,-0.26223856422599706,False,0.0,0.0,4.908636956806273,-0.26223856422599706,False
3287,-4.062058534673028,-4.062058534673028,0.0,0.0,1.7490000000000003,-4.062058534673028,False,0.0,0.0,4.908636956806273,-4.062058534673028,False
3288,-4.587569310308907,-4.587569310308907,0.0,0.0,1.7490000000000003,-4.587569310308907,False,0.0,0.0,4.908636956806273,-4.587569310308907,False
3289,-4.834796816383464,-4.834796816383464,0.0,0.0,1.7490000000000003,-4.834796816383464,False,0.0,0.0,4.908636956806273,-4.834796816383464,False
3290,-4.737131586591249,-4.737131586591249,0.0,0.0,1.7490000000000003,-4.737131586591249,False,0.0,0.0,4.908636956806273,-4.737131586591249,False
3291,-4.157376633296415,-4.157376633296415,0.0,0.0,1.7490000000000003,-4.157376633296415,False,0.0,0.0,4.908636956806273,-4.157376633296415,False
3292,-1.6864959468610943,-1.6864959468610943,0.0,0.0,1.7490000000000003,-1.6864959468610943,False,0.0,0.0,4.908636956806273,-1.6864959468610943,False
3293,9.818619846677255,9.818619846677255,8.745000000000001,0.0,1.7490000000000003,1.0736198466772535,False,8.745000000000001,0.0,4.908636956806273,1.0736198466772535,False
3294,7.481568924120123,7.481568924120123,7.481568924120123,0.0,5.942954667136974,0.0,False,7.481568924120123,0.0,9.102591623943248,0.0,False
3295,-6.109192409910093,-6.109192409910093,0.0,6.109192409910093,9.530989076150185,0.0,False,0.0,0.0,12.690626032956459,-6.109192409910093,False
3296,-5.862381598322105,-5.862381598322105,0.0,5.862381598322105,6.346352386864356,0.0,False,0.0,0.0,12.690626032956459,-5.862381598322105,False
3297,-5.038791285675468,-5.038791285675468,0.0,2.9568694019583157,3.2903747269815784,-2.0819218837171523,False,0.0,0.0,12.690626032956459,-5.038791285675468,False
3298,-5.805940264529889,-5.805940264529889,0.0,0.0,1.7490000000000003,-5.805940264529889,False,0.0,0.0,12.690626032956459,-5.805940264529889,False
3299,-3.8462256569615128,-3.8462256569615128,0.0,0.0,1.7490000000000003,-3.8462256569615128,False,0.0,0.0,12.690626032956459,-3.8462256569615128,False
3300,-1.276206225078435,-1.276206225078435,0.0,0.0,1.7490000000000003,-1.276206225078435,False,0.0,0.0,12.690626032956459,-1.276206225078435,False
3301,-1.3661501453866196,-1.3661501453866196,0.0,0.0,1.7490000000000003,-1.3661501453866196,False,0.0,0.0,12.690626032956459,-1.3661501453866196,False
3302,-4.292656301600056,-4.292656301600056,0.0,0.0,1.7490000000000003,-4.292656301600056,False,0.0,0.0,12.690626032956459,-4.292656301600056,False
3303,-9.094126741203215,-9.094126741203215,0.0,0.0,1.7490000000000003,-9.094126741203215,False,0.0,0.0,12.690626032956459,-9.094126741203215,False
3304,-9.370119284200927,-9.370119284200927,0.0,0.0,1.7490000000000003,-9.370119284200927,False,0.0,0.8575509646994275,12.690626032956459,-8.512568319501499,False
3305,-7.261812209763855,-7.261812209763855,0.0,0.0,1.7490000000000003,-7.261812209763855,False,0.0,7.261812209763855,12.243596690635508,0.0,False
3306,-7.795649004721038,-7.795649004721038,0.0,0.0,1.7490000000000003,-7.795649004721038,False,0.0,7.795649004721038,8.458115395856954,0.0,False
3307,-5.074665838876354,-5.074665838876354,0.0,0.0,1.7490000000000003,-5.074665838876354,False,0.0,5.074665838876354,4.394352434821892,0.0,False
3308,0.589959814388203,0.589959814388203,0.589959814388203,0.0,1.7490000000000003,0.0,False,0.0,0.0,1.7490000000000003,0.589959814388203,False
3309,6.1042891444616565,6.1042891444616565,6.1042891444616565,0.0,2.031934787533067,0.0,False,0.0,0.0,1.7490000000000003,6.1042891444616565,False
3310,7.780419761313778,7.780419761313778,7.780419761313778,0.0,4.959449018175551,0.0,False,1.1888621635500338,0.0,1.7490000000000003,6.591557597763744,False
3311,0.3703718766025699,0.3703718766025699,0.3703718766025699,0.0,8.690807253766936,0.0,False,0.3703718766025699,0.0,2.3191582640827018,0.0,False
3312,-0.41317903675352385,-0.41317903675352385,0.0,0.41317903675352385,8.868431365882845,0.0,False,0.0,0.41317903675352385,2.496782376198611,0.0,False
3313,1.9749517213856638,1.9749517213856638,1.9749517213856638,0.0,8.653046904009527,0.0,False,1.9749517213856638,0.0,2.281397914325292,0.0,False
3314,-2.8382718638616824,-2.8382718638616824,0.0,2.8382718638616824,9.600200476253736,0.0,False,0.0,2.8382718638616824,3.2285514865695006,0.0,False
3315,4.154050510568908,4.154050510568908,4.154050510568908,0.0,8.120648989684236,0.0,False,4.154050510568908,0.0,1.7490000000000003,0.0,False
3316,3.774251631730894,3.774251631730894,3.774251631730894,0.0,10.112861628486202,0.0,False,3.774251631730894,0.0,3.741212638801967,0.0,False
3317,-4.828930300196407,-4.828930300196407,0.0,4.828930300196407,11.92292912372315,0.0,False,0.0,4.828930300196407,5.551280134038916,0.0,False
3318,6.848927001651435,6.848927001651435,6.848927001651435,0.0,9.405675193553382,0.0,False,6.848927001651435,0.0,3.0340262038691463,0.0,False
3319,15.441643911709392,15.441643911709392,6.36113839712324,0.0,12.690305195092144,9.080505514586152,False,8.745000000000001,0.0,6.318656205407908,6.6966439117093906,False
3320,7.829592334198661,7.829592334198661,0.0,0.0,15.741000000000001,7.829592334198661,False,7.829592334198661,0.0,10.512610872544883,0.0,False
3321,-6.741613960897951,-6.741613960897951,0.0,6.741613960897951,15.741000000000001,0.0,False,0.0,6.741613960897951,14.267551445648639,0.0,False
3322,-8.859986415272871,-8.859986415272871,0.0,8.745000000000001,12.226690787860925,-0.11498641527287035,False,0.0,8.745000000000001,10.75324223350956,-0.11498641527287035,False
3323,-6.805741187329058,-6.805741187329058,0.0,6.805741187329058,7.668044410538127,0.0,False,0.0,6.805741187329058,6.194595856186763,0.0,False
3324,4.417913002731014,4.417913002731014,4.417913002731014,0.0,4.12030657078808,0.0,False,4.417913002731014,0.0,2.646858016436716,0.0,False
3325,14.711204274212989,14.711204274212989,8.745000000000001,0.0,6.239063215363135,5.966204274212988,False,8.745000000000001,0.0,4.765614661011771,5.966204274212988,False
3326,-2.3002864883289043,-2.3002864883289043,0.0,2.3002864883289043,10.43301788250011,0.0,False,0.0,2.3002864883289043,8.959569328148746,0.0,False
3327,6.227563376755155,6.227563376755155,6.227563376755155,0.0,9.23391065930684,0.0,False,0.0,0.0,7.760462104955477,6.227563376755155,False
3328,33.47511616149386,33.47511616149386,7.340655834161561,0.0,12.220545134873857,26.1344603273323,True,8.745000000000001,0.0,7.760462104955477,24.730116161493857,True
3329,8.044778963797748,8.044778963797748,0.0,0.0,15.741000000000001,8.044778963797748,False,7.895571830454897,0.0,11.95441677209245,0.14920713334285107,False
3330,-22.318292246465063,-22.318292246465063,0.0,8.745000000000001,15.741000000000001,-13.573292246465062,False,0.0,4.828292246465061,15.741000000000001,-17.490000000000002,False
3331,-16.989135300097832,-16.989135300097832,0.0,8.745000000000001,11.182353622677205,-8.244135300097831,False,0.0,4.523017623211566,13.224078678330052,-12.466117676886267,False
3332,-16.98928658686841,-16.98928658686841,0.0,8.745000000000001,6.6237072453544075,-8.244286586868409,False,0.0,8.745000000000001,10.866292754645595,-8.244286586868409,False
3333,-15.843376748809876,-15.843376748809876,0.0,0.6063098696766301,2.06506086803161,-15.237066879133245,False,0.0,8.745000000000001,6.307646377322798,-7.098376748809875,False
3334,4.386909708644442,4.386909708644442,4.386909708644442,0.0,1.7490000000000003,0.0,False,4.386909708644442,0.0,1.7490000000000003,0.0,False
3335,15.583317413672072,15.583317413672072,8.745000000000001,0.0,3.8528879870643635,6.838317413672071,False,8.745000000000001,0.0,3.8528879870643635,6.838317413672071,False
3336,-4.304000185922712,-4.304000185922712,0.0,4.304000185922712,8.046842654201338,0.0,False,0.0,0.0,8.046842654201338,-4.304000185922712,False
3337,-9.899414852571038,-9.899414852571038,0.0,7.777356746030176,5.8032274620283,-2.1220581065408624,False,0.0,3.211890769784907,8.046842654201338,-6.6875240827861315,False
3338,3.046548273454785,3.046548273454785,3.046548273454785,0.0,1.7490000000000006,0.0,False,3.046548273454785,0.0,6.372528849508772,0.0,False
3339,-2.8989396078397878,-2.8989396078397878,0.0,2.8028244115784027,3.2100732247128403,-0.0961151962613851,False,0.0,2.8989396078397878,7.833602074221612,0.0,False
3340,-15.439614220411759,-15.439614220411759,0.0,0.0,1.7490000000000003,-15.439614220411759,False,0.0,8.745000000000001,6.322425339932713,-6.694614220411758,False
3341,-0.02835096590659716,-0.02835096590659716,0.0,0.0,1.7490000000000003,-0.02835096590659716,False,0.0,0.02835096590659716,1.7637789626099158,0.0,False
3342,19.372982806200923,19.372982806200923,8.745000000000001,0.0,1.7490000000000003,10.627982806200922,False,8.745000000000001,0.0,1.7490000000000003,10.627982806200922,False
3343,-8.368488928314875,-8.368488928314875,0.0,8.0454,5.942954667136974,-0.3230889283148741,False,0.0,7.561247354579621,5.942954667136974,-0.8072415737352543,False
3344,-0.4841526454203812,-0.4841526454203812,0.0,4.2595540635239357e-16,1.7490000000000006,-0.4841526454203808,False,0.0,0.4841526454203812,2.001382012935034,0.0,False
3345,45.31076643953498,45.31076643953498,8.745000000000001,0.0,1.7490000000000003,36.56576643953498,True,8.745000000000001,0.0,1.7490000000000003,36.56576643953498,True
3346,9.95902971058518,9.95902971058518,8.745000000000001,0.0,5.942954667136974,1.2140297105851783,False,0.7604347826086952,0.0,5.942954667136974,9.198594927976483,False
3347,-19.56278736345457,-19.56278736345457,0.0,8.745000000000001,10.136909334273948,-10.81778736345457,False,0.0,8.745000000000001,6.307646377322798,-10.81778736345457,False
3348,15.471861913773017,15.471861913773017,8.745000000000001,0.0,5.578262956951151,6.726861913773016,False,0.0,0.0,1.7490000000000003,15.471861913773017,False
3349,40.46726101445378,40.46726101445378,8.745000000000001,0.0,9.772217624088125,31.72226101445378,True,8.745000000000001,0.0,1.7490000000000003,31.72226101445378,True
3350,26.830997342082487,26.830997342082487,3.700771597474592,0.0,13.9661722912251,23.130225744607895,True,8.745000000000001,0.0,5.942954667136974,18.085997342082486,True
3351,14.565767841766165,14.565767841766165,0.0,0.0,15.741000000000001,14.565767841766165,False,0.0,0.0,10.136909334273948,14.565767841766165,False
3352,18.225657168827063,18.225657168827063,0.0,0.0,15.741000000000001,18.225657168827063,True,0.7356571688270606,0.0,10.136909334273948,17.490000000000002,False
3353,15.314357519280803,15.314357519280803,0.0,0.0,15.741000000000001,15.314357519280803,False,8.660995016583563,0.0,10.489718118335128,6.65336250269724,False
3354,2.288684629455277,2.288684629455277,0.0,0.0,15.741000000000001,2.288684629455277,False,2.288684629455277,0.0,14.64338541071371,0.0,False
3355,-27.971339302290076,-27.971339302290076,0.0,8.745000000000001,15.741000000000001,-19.226339302290075,True,0.0,8.745000000000001,15.741000000000001,-19.226339302290075,True
3356,-29.171846174723893,-29.171846174723893,0.0,8.745000000000001,11.182353622677205,-20.42684617472389,True,0.0,8.745000000000001,11.182353622677205,-20.42684617472389,True
3357,-0.5205253081271307,-0.5205253081271307,0.0,0.5205253081271307,6.6237072453544075,0.0,False,0.0,0.5205253081271307,6.6237072453544075,0.0,False
3358,1.5062548122834005,1.5062548122834005,1.5062548122834005,0.0,6.35236467128939,0.0,False,1.5062548122834005,0.0,6.35236467128939,0.0,False
3359,-7.453333390893957,-7.453333390893957,0.0,7.453333390893957,7.074739102378412,0.0,False,0.0,0.0,7.074739102378412,-7.453333390893957,False
3360,-9.048662880422276,-9.048662880422276,0.0,2.7632055979562717,3.1894204904427026,-6.2854572824660035,False,0.0,0.0,7.074739102378412,-9.048662880422276,False
3361,-9.5133598722495,-9.5133598722495,0.0,0.0,1.7490000000000003,-9.5133598722495,False,0.0,7.2729811520626795,7.074739102378412,-2.240378720186821,False
3362,-2.9435578367875497,-2.9435578367875497,0.0,0.0,1.7490000000000003,-2.9435578367875497,False,0.0,2.9435578367875497,3.2834355939521664,0.0,False
3363,3.3378251527299625,3.3378251527299625,3.3378251527299625,0.0,1.7490000000000003,0.0,False,0.0,0.0,1.7490000000000003,3.3378251527299625,False
3364,2.4101766511220766,2.4101766511220766,2.4101766511220766,0.0,3.3497647086768447,0.0,False,0.0,0.0,1.7490000000000003,2.4101766511220766,False
3365,4.332459588589714,4.332459588589714,4.332459588589714,0.0,4.505644824697199,0.0,False,0.0,0.0,1.7490000000000003,4.332459588589714,False
3366,12.594328946723707,12.594328946723707,8.745000000000001,0.0,6.5834194515409,3.8493289467237055,False,0.0,0.0,1.7490000000000003,12.594328946723707,False
3367,7.865547865173852,7.865547865173852,7.865547865173852,0.0,10.777374118677873,0.0,False,7.865547865173852,0.0,1.7490000000000003,0.0,False
3368,15.912290059028987,15.912290059028987,2.4843275572502956,0.0,14.549558358670456,13.42796250177869,False,4.734404327550407,0.0,5.521184239992583,11.177885731478579,False
3369,23.456681470495315,23.456681470495315,0.0,0.0,15.741000000000001,23.456681470495315,True,8.745000000000001,0.0,7.791724791810023,14.711681470495314,False
3370,7.83038462214164,7.83038462214164,0.0,0.0,15.741000000000001,7.83038462214164,False,7.83038462214164,0.0,11.985679458946997,0.0,False
3371,-9.28233797767087,-9.28233797767087,0.0,8.745000000000001,15.741000000000001,-0.5373379776708695,False,0.0,0.0,15.741000000000001,-9.28233797767087,False
3372,-31.83204826268605,-31.83204826268605,0.0,8.745000000000001,11.182353622677205,-23.08704826268605,True,0.0,8.745000000000001,15.741000000000001,-23.08704826268605,True
3373,-29.786919593026518,-29.786919593026518,0.0,8.745000000000001,6.6237072453544075,-21.041919593026517,True,0.0,8.745000000000001,11.182353622677205,-21.041919593026517,True
3374,-13.230666463946287,-13.230666463946287,0.0,0.6063098696766301,2.06506086803161,-12.624356594269656,False,0.0,0.0,6.6237072453544075,-13.230666463946287,False
3375,-7.834553315987317,-7.834553315987317,0.0,0.0,1.7490000000000003,-7.834553315987317,False,0.0,0.0,6.6237072453544075,-7.834553315987317,False
3376,-5.761823992844014,-5.761823992844014,0.0,0.0,1.7490000000000003,-5.761823992844014,False,0.0,0.0,6.6237072453544075,-5.761823992844014,False
3377,-5.79211107961789,-5.79211107961789,0.0,0.0,1.7490000000000003,-5.79211107961789,False,0.0,0.0,6.6237072453544075,-5.79211107961789,False
3378,-6.412337867509896,-6.412337867509896,0.0,0.0,1.7490000000000003,-6.412337867509896,False,0.0,0.0,6.6237072453544075,-6.412337867509896,False
3379,-8.289784828018952,-8.289784828018952,0.0,0.0,1.7490000000000003,-8.289784828018952,False,0.0,3.697791544192918,6.6237072453544075,-4.591993283826034,False
3380,-10.72412683419284,-10.72412683419284,0.0,0.0,1.7490000000000003,-10.72412683419284,False,0.0,0.0,4.696100152497928,-10.72412683419284,False
3381,-3.6251592189273185,-3.6251592189273185,0.0,0.0,1.7490000000000003,-3.6251592189273185,False,0.0,3.6251592189273185,4.696100152497928,0.0,False
3382,2.0805571455097343,2.0805571455097343,2.0805571455097343,0.0,1.7490000000000003,0.0,False,2.0805571455097343,0.0,2.806355276502346,0.0,False
3383,-4.798807879890148,-4.798807879890148,0.0,1.914112573868956,2.746800154448912,-2.884695306021192,False,0.0,0.0,3.804155430951257,-4.798807879890148,False
3384,-6.219459652792689,-6.219459652792689,0.0,0.0,1.7490000000000003,-6.219459652792689,False,0.0,0.0,3.804155430951257,-6.219459652792689,False
3385,1.7603611441728224,1.7603611441728224,1.7603611441728224,0.0,1.7490000000000003,0.0,False,1.7603611441728224,0.0,3.804155430951257,0.0,False
3386,2.2319426459999328,2.2319426459999328,2.2319426459999328,0.0,2.593239546763887,0.0,False,2.2319426459999328,0.0,4.648394977715144,0.0,False
3387,-1.520155705375668,-1.520155705375668,0.0,1.520155705375668,3.663641636755135,0.0,False,0.0,1.520155705375668,5.718797067706392,0.0,False
3388,-4.4023772505776,-4.4023772505776,0.0,2.1527637815832663,2.8712056963003185,-2.2496134689943337,False,0.0,4.4023772505776,4.9263611272515755,0.0,False
3389,-1.6928582114310167,-1.6928582114310167,0.0,0.0,1.7490000000000003,-1.6928582114310167,False,0.0,1.6928582114310167,2.6314633450956153,0.0,False
3390,3.6236312225445744,3.6236312225445744,3.6236312225445744,0.0,1.7490000000000003,0.0,False,0.0,0.0,1.7490000000000003,3.6236312225445744,False
3391,13.90838309914445,13.90838309914445,8.745000000000001,0.0,3.4868324845939482,5.163383099144449,False,0.0,0.0,1.7490000000000003,13.90838309914445,False
3392,17.223551090379225,17.223551090379225,8.745000000000001,0.0,7.680787151730922,8.478551090379224,False,0.0,0.0,1.7490000000000003,17.223551090379225,False
3393,11.645623600326646,11.645623600326646,8.061705592321324,0.0,11.874741818867896,3.5839180080053215,False,0.0,0.0,1.7490000000000003,11.645623600326646,False
3394,19.241372935196082,19.241372935196082,0.0,0.0,15.741000000000001,19.241372935196082,True,8.745000000000001,0.0,1.7490000000000003,10.496372935196081,False
3395,31.968052445957408,31.968052445957408,0.0,0.0,15.741000000000001,31.968052445957408,True,8.745000000000001,0.0,5.942954667136974,23.223052445957407,True
3396,25.591215374620994,25.591215374620994,0.0,0.0,15.741000000000001,25.591215374620994,True,8.745000000000001,0.0,10.136909334273948,16.846215374620993,False
3397,14.794980416527983,14.794980416527983,0.0,0.0,15.741000000000001,14.794980416527983,False,0.0,0.0,14.330864001410923,14.794980416527983,False
3398,9.350160798855883,9.350160798855883,0.0,0.0,15.741000000000001,9.350160798855883,False,2.940336814865897,0.0,14.330864001410923,6.409823983989987,False
3399,7.621503939956267,7.621503939956267,0.0,0.0,15.741000000000001,7.621503939956267,False,0.0,0.0,15.741000000000001,7.621503939956267,False
3400,-3.7831810491544764,-3.7831810491544764,0.0,3.7831810491544764,15.741000000000001,0.0,False,0.0,3.7831810491544764,15.741000000000001,0.0,False
3401,-27.21650926411198,-27.21650926411198,0.0,8.745000000000001,13.768880550659315,-18.47150926411198,True,0.0,8.745000000000001,13.768880550659315,-18.47150926411198,True
3402,-17.351936716741942,-17.351936716741942,0.0,8.745000000000001,9.210234173336517,-8.606936716741941,False,0.0,8.745000000000001,9.210234173336517,-8.606936716741941,False
3403,14.26485320816475,14.26485320816475,8.745000000000001,0.0,4.651587796013719,5.519853208164749,False,8.745000000000001,0.0,4.651587796013719,5.519853208164749,False
3404,15.23062510146598,15.23062510146598,8.745000000000001,0.0,8.845542463150693,6.485625101465979,False,8.745000000000001,0.0,8.845542463150693,6.485625101465979,False
3405,-14.540040345869427,-14.540040345869427,0.0,8.745000000000001,13.039497130287668,-5.795040345869426,False,0.0,3.1788930652426948,13.039497130287668,-11.361147280626732,False
3406,-26.92833420087846,-26.92833420087846,0.0,8.745000000000001,8.48085075296487,-18.18333420087846,True,0.0,8.745000000000001,11.38238456816472,-18.18333420087846,True
3407,-22.272429093548617,-22.272429093548617,0.0,4.1689288205221535,3.922204375642072,-18.103500273026462,True,0.0,8.745000000000001,6.823738190841922,-13.527429093548616,False
3408,,0.0,0.0,0.0,1.7490000000000006,,False,0.0,0.0,2.2650918135191245,0.0,False
3409,,0.0,0.0,0.0,1.7490000000000006,,False,0.0,0.0,2.2650918135191245,0.0,False
3410,,0.0,0.0,0.0,1.7490000000000006,,False,0.0,0.0,2.2650918135191245,0.0,False
3411,,0.0,0.0,0.0,1.7490000000000006,,False,0.0,0.0,2.2650918135191245,0.0,False
3412,,0.0,0.0,0.0,1.7490000000000006,,False,0.0,0.0,2.2650918135191245,0.0,False
3413,,0.0,0.0,0.0,1.7490000000000006,,False,0.0,0.0,2.2650918135191245,0.0,False
3414,,0.0,0.0,0.0,1.7490000000000006,,False,0.0,0.0,2.2650918135191245,0.0,False
3415,,0.0,0.0,0.0,1.7490000000000006,,False,0.0,0.0,2.2650918135191245,0.0,False
3416,,0.0,0.0,0.0,1.7490000000000006,,False,0.0,0.0,2.2650918135191245,0.0,False
3417,,0.0,0.0,0.0,1.7490000000000006,,False,0.0,0.0,2.2650918135191245,0.0,False
3418,,0.0,0.0,0.0,1.7490000000000006,,False,0.0,0.0,2.2650918135191245,0.0,False
3419,,0.0,0.0,0.0,1.7490000000000006,,False,0.0,0.0,2.2650918135191245,0.0,False
3420,,0.0,0.0,0.0,1.7490000000000006,,False,0.0,0.0,2.2650918135191245,0.0,False
3421,,0.0,0.0,0.0,1.7490000000000006,,False,0.0,0.0,2.2650918135191245,0.0,False
3422,,0.0,0.0,0.0,1.7490000000000006,,False,0.0,0.0,2.2650918135191245,0.0,False
3423,,0.0,0.0,0.0,1.7490000000000006,,False,0.0,0.0,2.2650918135191245,0.0,False
3424,,0.0,0.0,0.0,1.7490000000000006,,False,0.0,0.0,2.2650918135191245,0.0,False
3425,,0.0,0.0,0.0,1.7490000000000006,,False,0.0,0.0,2.2650918135191245,0.0,False
3426,,0.0,0.0,0.0,1.7490000000000006,,False,0.0,0.0,2.2650918135191245,0.0,False
3427,,0.0,0.0,0.0,1.7490000000000006,,False,0.0,0.0,2.2650918135191245,0.0,False
3428,,0.0,0.0,0.0,1.7490000000000006,,False,0.0,0.0,2.2650918135191245,0.0,False
3429,,0.0,0.0,0.0,1.7490000000000006,,False,0.0,0.0,2.2650918135191245,0.0,False
3430,,0.0,0.0,0.0,1.7490000000000006,,False,0.0,0.0,2.2650918135191245,0.0,False
3431,,0.0,0.0,0.0,1.7490000000000006,,False,0.0,0.0,2.2650918135191245,0.0,False
3432,,0.0,0.0,0.0,1.7490000000000006,,False,0.0,0.0,2.2650918135191245,0.0,False
3433,,0.0,0.0,0.0,1.7490000000000006,,False,0.0,0.0,2.2650918135191245,0.0,False
3434,-0.9900357552794579,-0.9900357552794579,0.0,4.2595540635239357e-16,1.7490000000000006,-0.9900357552794574,False,0.0,0.9900357552794579,2.2650918135191245,0.0,False
3435,1.5994616296918527,1.5994616296918527,1.5994616296918527,0.0,1.7490000000000003,0.0,False,0.07045530984829969,0.0,1.7490000000000003,1.529006319843553,False
3436,4.215762920304943,4.215762920304943,4.215762920304943,0.0,2.516074850400533,0.0,False,4.215762920304943,0.0,1.7827891795955244,0.0,False
3437,1.3605158062954346,1.3605158062954346,1.3605158062954346,0.0,4.537883721201666,0.0,False,1.3605158062954346,0.0,3.804598050396658,0.0,False
3438,-1.093654687912057,-1.093654687912057,0.0,1.093654687912057,5.190364180381353,0.0,False,0.0,1.093654687912057,4.457078509576345,0.0,False
3439,-1.3884627578205142,-1.3884627578205142,0.0,1.3884627578205142,4.620257264304464,0.0,False,0.0,1.3884627578205142,3.8869715934994558,0.0,False
3440,-2.7128778678002123,-2.7128778678002123,0.0,2.7128778678002123,3.8964710183369275,0.0,False,0.0,2.7128778678002123,3.163185347531919,0.0,False
3441,0.2536090968735506,0.2536090968735506,0.2536090968735506,0.0,2.4822856708050085,0.0,False,0.0,0.0,1.7490000000000003,0.2536090968735506,False
3442,0.570136874993672,0.570136874993672,0.570136874993672,0.0,2.603912320943513,0.0,False,0.0,0.0,1.7490000000000003,0.570136874993672,False
3443,0.8514533131313988,0.8514533131313988,0.8514533131313988,0.0,2.8773403607132786,0.0,False,0.0,0.0,1.7490000000000003,0.8514533131313988,False
3444,4.67510401065803,4.67510401065803,4.67510401065803,0.0,3.2856830246877404,0.0,False,0.0,0.0,1.7490000000000003,4.67510401065803,False
3445,4.071238930727543,4.071238930727543,4.071238930727543,0.0,5.5277841435956905,0.0,False,0.0,0.0,1.7490000000000003,4.071238930727543,False
3446,1.9560478709845854,1.9560478709845854,1.9560478709845854,0.0,7.480281743887803,0.0,False,0.0,0.0,1.7490000000000003,1.9560478709845854,False
3447,11.637392900415701,11.637392900415701,8.745000000000001,0.0,8.418369347965463,2.8923929004157003,False,0.0,0.0,1.7490000000000003,11.637392900415701,False
3448,13.998569253183542,13.998569253183542,6.523740397653568,0.0,12.612324015102438,7.474828855529974,False,0.0,0.0,1.7490000000000003,13.998569253183542,False
3449,3.170218649719774,3.170218649719774,0.0,0.0,15.741000000000001,3.170218649719774,False,1.6236865008223171,0.0,1.7490000000000003,1.546532148897457,False
3450,-1.2487419920351663,-1.2487419920351663,0.0,1.2487419920351663,15.741000000000001,0.0,False,0.0,1.2487419920351663,2.5276926904620995,0.0,False
3451,-0.24504958872136556,-0.24504958872136556,0.0,0.24504958872136556,15.09004823805581,0.0,False,0.0,0.24504958872136556,1.876740928517907,0.0,False
3452,6.306528949562063,6.306528949562063,1.6236865008223176,0.0,14.962307309537902,4.682842448739745,False,0.0,0.0,1.7490000000000003,6.306528949562063,False
3453,6.814577034322285,6.814577034322285,0.0,0.0,15.741000000000001,6.814577034322285,False,0.0,0.0,1.7490000000000003,6.814577034322285,False
3454,0.04065766372287231,0.04065766372287231,0.0,0.0,15.741000000000001,0.04065766372287231,False,0.0,0.0,1.7490000000000003,0.04065766372287231,False
3455,2.7795279978908076,2.7795279978908076,0.0,0.0,15.741000000000001,2.7795279978908076,False,0.0,0.0,1.7490000000000003,2.7795279978908076,False
3456,9.6312883471529,9.6312883471529,0.0,0.0,15.741000000000001,9.6312883471529,False,6.7080798440502285,0.0,1.7490000000000003,2.9232085031026713,False
3457,18.37362350085341,18.37362350085341,0.0,0.0,15.741000000000001,18.37362350085341,True,8.745000000000001,0.0,4.966082077699476,9.628623500853408,False
3458,24.940988332676195,24.940988332676195,0.0,0.0,15.741000000000001,24.940988332676195,True,7.450988332676193,0.0,9.16003674483645,17.490000000000002,False
3459,6.271268638139479,6.271268638139479,0.0,0.0,15.741000000000001,6.271268638139479,False,6.271268638139479,0.0,12.733405217404828,0.0,False
3460,-25.65471646620976,-25.65471646620976,0.0,8.745000000000001,15.741000000000001,-16.90971646620976,False,0.0,8.745000000000001,15.741000000000001,-16.90971646620976,False
3461,-21.812437382633085,-21.812437382633085,0.0,8.745000000000001,11.182353622677205,-13.067437382633084,False,0.0,8.745000000000001,11.182353622677205,-13.067437382633084,False
3462,-5.629126256275086,-5.629126256275086,0.0,5.629126256275086,6.6237072453544075,0.0,False,0.0,0.0,6.6237072453544075,-5.629126256275086,False
3463,-16.51638338085033,-16.51638338085033,0.0,3.722183613401545,3.6893223379031714,-12.794199767448784,False,0.0,0.0,6.6237072453544075,-16.51638338085033,False
3464,-21.266191137284242,-21.266191137284242,0.0,0.0,1.7490000000000003,-21.266191137284242,True,0.0,3.77619113728424,6.6237072453544075,-17.490000000000002,False
3465,-6.54334171694246,-6.54334171694246,0.0,0.0,1.7490000000000003,-6.54334171694246,False,0.0,0.0,4.655231539458552,-6.54334171694246,False
3466,6.825361245042834,6.825361245042834,6.825361245042834,0.0,1.7490000000000003,0.0,False,6.825361245042834,0.0,4.655231539458552,0.0,False
3467,7.2954424718203015,7.2954424718203015,7.2954424718203015,0.0,5.0223282616973375,0.0,False,7.2954424718203015,0.0,7.92855980115589,0.0,False
3468,2.5926363668381165,2.5926363668381165,2.5926363668381165,0.0,8.521099559984364,0.0,False,2.5926363668381165,0.0,11.427331099442917,0.0,False
3469,0.576724408188437,0.576724408188437,0.576724408188437,0.0,9.764484281641284,0.0,False,0.576724408188437,0.0,12.670715821099837,0.0,False
3470,-9.715551580399723,-9.715551580399723,0.0,8.745000000000001,10.041071591346682,-0.9705515803997216,False,0.0,0.0,12.947303130805235,-9.715551580399723,False
3471,-9.616539198757446,-9.616539198757446,0.0,7.1619513325385125,5.482425214023885,-2.454587866218933,False,0.0,0.0,12.947303130805235,-9.616539198757446,False
3472,-0.8760186118137596,-0.8760186118137596,0.0,4.2595540635239357e-16,1.7490000000000006,-0.8760186118137592,False,0.0,0.0,12.947303130805235,-0.8760186118137596,False
3473,-3.8847740507964503,-3.8847740507964503,0.0,0.0,1.7490000000000003,-3.8847740507964503,False,0.0,0.0,12.947303130805235,-3.8847740507964503,False
3474,-9.69356340375705,-9.69356340375705,0.0,0.0,1.7490000000000003,-9.69356340375705,False,0.0,0.0,12.947303130805235,-9.69356340375705,False
3475,-10.279028339528352,-10.279028339528352,0.0,0.0,1.7490000000000003,-10.279028339528352,False,0.0,0.0,12.947303130805235,-10.279028339528352,False
3476,-12.01961848901284,-12.01961848901284,0.0,0.0,1.7490000000000003,-12.01961848901284,False,0.0,0.0,12.947303130805235,-12.01961848901284,False
3477,-16.77775383885006,-16.77775383885006,0.0,0.0,1.7490000000000003,-16.77775383885006,False,0.0,0.0,12.947303130805235,-16.77775383885006,False
3478,-9.59801295313979,-9.59801295313979,0.0,0.0,1.7490000000000003,-9.59801295313979,False,0.0,6.528977687319475,12.947303130805235,-3.0690352658203146,False
3479,-2.5234595727810136,-2.5234595727810136,0.0,0.0,1.7490000000000003,-2.5234595727810136,False,0.0,0.0,9.543838238647396,-2.5234595727810136,False
3480,-2.9137645745185305,-2.9137645745185305,0.0,0.0,1.7490000000000003,-2.9137645745185305,False,0.0,0.0,9.543838238647396,-2.9137645745185305,False
3481,-3.38833272205387,-3.38833272205387,0.0,0.0,1.7490000000000003,-3.38833272205387,False,0.0,0.0,9.543838238647396,-3.38833272205387,False
3482,2.0601409520969716,2.0601409520969716,2.0601409520969716,0.0,1.7490000000000003,0.0,False,2.0601409520969716,0.0,9.543838238647396,0.0,False
3483,3.925298792038821,3.925298792038821,3.925298792038821,0.0,2.7370088920534137,0.0,False,3.925298792038821,0.0,10.53184713070081,0.0,False
3484,-0.3597713087827122,-0.3597713087827122,0.0,0.3597713087827122,4.6195160605815255,0.0,False,0.0,0.3597713087827122,12.41435429922892,0.0,False
3485,-3.3440873756435114,-3.3440873756435114,0.0,3.3440873756435114,4.4319723014680905,0.0,False,0.0,3.3440873756435114,12.226810540115485,0.0,False
3486,-0.285503496273471,-0.285503496273471,0.0,0.285503496273471,2.6887462522481713,0.0,False,0.0,0.285503496273471,10.483584490895566,0.0,False
3487,-1.2248963986255164,-1.2248963986255164,0.0,1.2248963986255164,2.5399172666563987,0.0,False,0.0,1.2248963986255164,10.334755505303795,0.0,False
3488,-9.151706835877711,-9.151706835877711,0.0,0.29234598527971883,1.9013958795563473,-8.859360850597993,False,0.0,8.745000000000001,9.696234118203742,-0.40670683587770995,False
3489,-6.500438362891147,-6.500438362891147,0.0,0.0,1.7490000000000003,-6.500438362891147,False,0.0,6.500438362891147,5.137587740880945,0.0,False
3490,1.7588997839283276,1.7588997839283276,1.7588997839283276,0.0,1.7490000000000003,0.0,False,1.7588997839283276,0.0,1.7490000000000003,0.0,False
3491,2.5057470401114146,2.5057470401114146,2.5057470401114146,0.0,2.5925387030111406,0.0,False,2.5057470401114146,0.0,2.5925387030111406,0.0,False
3492,10.118101191163282,10.118101191163282,8.745000000000001,0.0,3.794252767452527,1.3731011911632809,False,8.745000000000001,0.0,3.794252767452527,1.3731011911632809,False
3493,14.966502885772895,14.966502885772895,8.745000000000001,0.0,7.988207434589501,6.221502885772894,False,8.745000000000001,0.0,7.988207434589501,6.221502885772894,False
3494,3.9666446793942773,3.9666446793942773,3.9666446793942773,0.0,12.182162101726476,0.0,False,3.9666446793942773,0.0,12.182162101726476,0.0,False
3495,-9.270935502518002,-9.270935502518002,0.0,8.745000000000001,14.084498061248452,-0.525935502518001,False,0.0,0.0,14.084498061248452,-9.270935502518002,False
3496,-8.035723619813705,-8.035723619813705,0.0,8.035723619813705,9.525851683925655,0.0,False,0.0,5.313110561992751,14.084498061248452,-2.722613057820954,False
3497,2.023362613477689,2.023362613477689,2.023362613477689,0.0,5.3369411786505285,0.0,False,2.023362613477689,0.0,11.314847722112518,0.0,False
3498,7.205802874033263,7.205802874033263,7.205802874033263,0.0,6.3073117991314,0.0,False,7.205802874033263,0.0,12.285218342593389,0.0,False
3499,-1.9981265809628004,-1.9981265809628004,0.0,1.9981265809628004,9.763093456538012,0.0,False,0.0,0.0,15.741000000000001,-1.9981265809628004,False
3500,-10.017962466396767,-10.017962466396767,0.0,8.745000000000001,8.721497973434701,-1.2729624663967662,False,0.0,0.0,15.741000000000001,-10.017962466396767,False
3501,-2.032548256472227,-2.032548256472227,0.0,2.032548256472227,4.162851596111904,0.0,False,0.0,0.0,15.741000000000001,-2.032548256472227,False
3502,-5.942428915263075,-5.942428915263075,0.0,2.5980219744206487,3.1033125742593155,-3.344406940842426,False,0.0,0.0,15.741000000000001,-5.942428915263075,False
3503,-13.176791758313723,-13.176791758313723,0.0,0.0,1.7490000000000003,-13.176791758313723,False,0.0,0.0,15.741000000000001,-13.176791758313723,False
3504,-13.829000394605973,-13.829000394605973,0.0,0.0,1.7490000000000003,-13.829000394605973,False,0.0,0.02364976751320465,15.741000000000001,-13.80535062709277,False
3505,-14.664514378447443,-14.664514378447443,0.0,0.0,1.7490000000000003,-14.664514378447443,False,0.0,8.745000000000001,15.728671706460997,-5.919514378447442,False
3506,-13.457673574919816,-13.457673574919816,0.0,0.0,1.7490000000000003,-13.457673574919816,False,0.0,8.745000000000001,11.170025329138198,-4.712673574919815,False
3507,-7.192319112672567,-7.192319112672567,0.0,0.0,1.7490000000000003,-7.192319112672567,False,0.0,0.0,6.6113789518154,-7.192319112672567,False
3508,-6.05321438092162,-6.05321438092162,0.0,0.0,1.7490000000000003,-6.05321438092162,False,0.0,0.0,6.6113789518154,-6.05321438092162,False
3509,-5.832876655407167,-5.832876655407167,0.0,0.0,1.7490000000000003,-5.832876655407167,False,0.0,0.0,6.6113789518154,-5.832876655407167,False
3510,-7.838276133615014,-7.838276133615014,0.0,0.0,1.7490000000000003,-7.838276133615014,False,0.0,0.0,6.6113789518154,-7.838276133615014,False
3511,-9.566857279170147,-9.566857279170147,0.0,0.0,1.7490000000000003,-9.566857279170147,False,0.0,8.745000000000001,6.6113789518154,-0.8218572791701462,False
3512,-4.758800603240894,-4.758800603240894,0.0,0.0,1.7490000000000003,-4.758800603240894,False,0.0,0.0,2.052732574492603,-4.758800603240894,False
3513,-3.9320326274111395,-3.9320326274111395,0.0,0.0,1.7490000000000003,-3.9320326274111395,False,0.0,0.0,2.052732574492603,-3.9320326274111395,False
3514,-2.698516987719276,-2.698516987719276,0.0,0.0,1.7490000000000003,-2.698516987719276,False,0.0,0.0,2.052732574492603,-2.698516987719276,False
3515,-0.9289701734427264,-0.9289701734427264,0.0,0.0,1.7490000000000003,-0.9289701734427264,False,0.0,0.0,2.052732574492603,-0.9289701734427264,False
3516,-1.460408043811662,-1.460408043811662,0.0,0.0,1.7490000000000003,-1.460408043811662,False,0.0,0.0,2.052732574492603,-1.460408043811662,False
3517,-1.3755613455877047,-1.3755613455877047,0.0,0.0,1.7490000000000003,-1.3755613455877047,False,0.0,0.0,2.052732574492603,-1.3755613455877047,False
3518,-0.03804293861303862,-0.03804293861303862,0.0,0.0,1.7490000000000003,-0.03804293861303862,False,0.0,0.0,2.052732574492603,-0.03804293861303862,False
3519,0.9473019648397826,0.9473019648397826,0.9473019648397826,0.0,1.7490000000000003,0.0,False,0.9473019648397826,0.0,2.052732574492603,0.0,False
3520,1.3597086520223995,1.3597086520223995,1.3597086520223995,0.0,2.203310062507471,0.0,False,1.3597086520223995,0.0,2.507042637000074,0.0,False
3521,29.728645328187415,29.728645328187415,8.745000000000001,0.0,2.855403424096478,20.983645328187414,True,8.745000000000001,0.0,3.159135998589081,20.983645328187414,True
3522,67.91006870284063,67.91006870284063,8.745000000000001,0.0,7.049358091233452,59.16506870284063,True,8.745000000000001,0.0,7.353090665726055,59.16506870284063,True
3523,35.07386403244503,35.07386403244503,8.745000000000001,0.0,11.243312758370426,26.32886403244503,True,8.745000000000001,0.0,11.547045332863028,26.32886403244503,True
3524,-22.18528144247495,-22.18528144247495,0.0,8.745000000000001,15.4372674255074,-13.440281442474948,False,0.0,8.745000000000001,15.741000000000001,-13.440281442474948,False
3525,-28.635835397618532,-28.635835397618532,0.0,8.745000000000001,10.878621048184602,-19.89083539761853,True,0.0,8.745000000000001,11.182353622677205,-19.89083539761853,True
3526,-7.382569659827895,-7.382569659827895,0.0,7.382569659827895,6.3199746708618045,0.0,False,0.0,7.382569659827895,6.6237072453544075,0.0,False
3527,10.182585209515738,10.182585209515738,8.745000000000001,0.0,2.4715442037254265,1.4375852095157367,False,8.745000000000001,0.0,2.7752767782180294,1.4375852095157367,False
3528,9.033669749315905,9.033669749315905,8.745000000000001,0.0,6.6654988708624,0.28866974931590406,False,8.745000000000001,0.0,6.969231445355003,0.28866974931590406,False
3529,0.8738463786455948,0.8738463786455948,0.8738463786455948,0.0,10.859453537999375,0.0,False,0.8738463786455948,0.0,11.163186112491978,0.0,False
3530,-1.0715152244988144,-1.0715152244988144,0.0,1.0715152244988144,11.278535538923496,0.0,False,0.0,0.0,11.582268113416099,-1.0715152244988144,False
3531,-8.924389980545017,-8.924389980545017,0.0,8.745000000000001,10.719969615949482,-0.17938998054501631,False,0.0,0.0,11.582268113416099,-8.924389980545017,False
3532,-15.35293127332584,-15.35293127332584,0.0,8.46430355154045,6.161323238626685,-6.88862772178539,False,0.0,0.0,11.582268113416099,-15.35293127332584,False
3533,-12.043141395611281,-12.043141395611281,0.0,4.2595540635239357e-16,1.7490000000000006,-12.043141395611281,False,0.0,0.8464960119202184,11.582268113416099,-11.196645383691063,False
3534,-6.800206540098253,-6.800206540098253,0.0,0.0,1.7490000000000003,-6.800206540098253,False,0.0,0.0,11.141001563598111,-6.800206540098253,False
3535,-9.648564771657862,-9.648564771657862,0.0,0.0,1.7490000000000003,-9.648564771657862,False,0.0,8.745000000000001,11.141001563598111,-0.9035647716578605,False
3536,-18.01698286628247,-18.01698286628247,0.0,0.0,1.7490000000000003,-18.01698286628247,True,0.0,0.5269828662824665,6.582355186275314,-17.490000000000002,False
3537,-16.2156244064695,-16.2156244064695,0.0,0.0,1.7490000000000003,-16.2156244064695,False,0.0,8.745000000000001,6.307646377322798,-7.470624406469501,False
3538,-4.951163014895992,-4.951163014895992,0.0,0.0,1.7490000000000003,-4.951163014895992,False,0.0,0.0,1.7490000000000003,-4.951163014895992,False
3539,9.304550023754391,9.304550023754391,8.745000000000001,0.0,1.7490000000000003,0.5595500237543902,False,2.9403368148659013,0.0,1.7490000000000003,6.36421320888849,False
3540,12.618379170794134,12.618379170794134,8.745000000000001,0.0,5.942954667136974,3.8733791707941325,False,8.745000000000001,0.0,3.159135998589081,3.8733791707941325,False
3541,10.524793261072412,10.524793261072412,8.745000000000001,0.0,10.136909334273948,1.7797932610724114,False,8.745000000000001,0.0,7.353090665726055,1.7797932610724114,False
3542,17.05132902913169,17.05132902913169,2.940336814865897,0.0,14.330864001410923,14.110992214265792,False,8.745000000000001,0.0,11.547045332863028,8.306329029131689,False
3543,-2.944044053229379,-2.944044053229379,0.0,2.944044053229379,15.741000000000001,0.0,False,0.0,2.944044053229379,15.741000000000001,0.0,False
3544,-18.337475582077495,-18.337475582077495,0.0,8.745000000000001,14.206310948206653,-9.592475582077494,False,0.0,7.339839121782602,14.206310948206653,-10.997636460294892,False
3545,-7.705339547591482,-7.705339547591482,0.0,7.705339547591482,9.647664570883855,0.0,False,0.0,7.705339547591482,10.38015531382742,0.0,False
3546,-6.830435910531915,-6.830435910531915,0.0,6.830435910531915,5.630978668691746,0.0,False,0.0,6.830435910531915,6.363469411635311,0.0,False
3547,-2.0216512365412527,-2.0216512365412527,0.0,0.6164903583238522,2.0703678145943356,-1.4051608782174005,False,0.0,2.0216512365412527,2.8028585575379,0.0,False
3548,1.9929487256533343,1.9929487256533343,1.9929487256533343,0.0,1.7490000000000003,0.0,False,1.9929487256533343,0.0,1.7490000000000003,0.0,False
3549,0.9241374242446853,0.9241374242446853,0.9241374242446853,0.0,2.7047846322834177,0.0,False,0.9241374242446853,0.0,2.7047846322834177,0.0,False
3550,-0.6868052098023375,-0.6868052098023375,0.0,0.6868052098023375,3.1479853713899857,0.0,False,0.0,0.0,3.1479853713899857,-0.6868052098023375,False
3551,-0.12047498979297692,-0.12047498979297692,0.0,0.12047498979297692,2.789963406656784,0.0,False,0.0,0.0,3.1479853713899857,-0.12047498979297692,False
3552,8.041675398776082,8.041675398776082,8.041675398776082,0.0,2.7271614768937473,0.0,False,8.041675398776082,0.0,3.1479853713899857,0.0,False
3553,11.020756768477193,11.020756768477193,8.745000000000001,0.0,6.583813514663619,2.2757567684771924,False,8.745000000000001,0.0,7.004637409159858,2.2757567684771924,False
3554,4.536565555357142,4.536565555357142,4.536565555357142,0.0,10.777768181800592,0.0,False,4.536565555357142,0.0,11.198592076296832,0.0,False
3555,-2.3485478426303636,-2.3485478426303636,0.0,2.3485478426303636,12.953428591596237,0.0,False,0.0,0.0,13.374252486092477,-2.3485478426303636,False
3556,-10.580103004800371,-10.580103004800371,0.0,8.745000000000001,11.729163398368545,-1.83510300480037,False,0.0,0.0,13.374252486092477,-10.580103004800371,False
3557,-6.007783051168805,-6.007783051168805,0.0,6.007783051168805,7.170517021045748,0.0,False,0.0,2.654055953941596,13.374252486092477,-3.353727097227209,False
3558,7.8198531390320465,7.8198531390320465,7.8198531390320465,0.0,4.038743614304527,0.0,False,7.8198531390320465,0.0,11.99073018081542,0.0,False
3559,-3.5243932224814447,-3.5243932224814447,0.0,3.5243932224814447,7.789013433489108,0.0,False,0.0,0.0,15.741000000000001,-3.5243932224814447,False
3560,-7.138350836609653,-7.138350836609653,0.0,7.138350836609653,5.951796464257998,0.0,False,0.0,0.0,15.741000000000001,-7.138350836609653,False
3561,-1.384494322185592,-1.384494322185592,0.0,0.9240106711326456,2.2306738591842703,-0.46048365105294653,False,0.0,0.0,15.741000000000001,-1.384494322185592,False
3562,-8.095958491240182,-8.095958491240182,0.0,0.0,1.7490000000000003,-8.095958491240182,False,0.0,0.0,15.741000000000001,-8.095958491240182,False
3563,-7.0941768485835555,-7.0941768485835555,0.0,0.0,1.7490000000000003,-7.0941768485835555,False,0.0,0.0,15.741000000000001,-7.0941768485835555,False
3564,-7.776191602147883,-7.776191602147883,0.0,0.0,1.7490000000000003,-7.776191602147883,False,0.0,0.0,15.741000000000001,-7.776191602147883,False
3565,-8.4730989204682,-8.4730989204682,0.0,0.0,1.7490000000000003,-8.4730989204682,False,0.0,0.0,15.741000000000001,-8.4730989204682,False
3566,-7.718928247752575,-7.718928247752575,0.0,0.0,1.7490000000000003,-7.718928247752575,False,0.0,0.0,15.741000000000001,-7.718928247752575,False
3567,-6.616198977076398,-6.616198977076398,0.0,0.0,1.7490000000000003,-6.616198977076398,False,0.0,0.0,15.741000000000001,-6.616198977076398,False
3568,-5.558644110990075,-5.558644110990075,0.0,0.0,1.7490000000000003,-5.558644110990075,False,0.0,0.0,15.741000000000001,-5.558644110990075,False
3569,-6.323912061847423,-6.323912061847423,0.0,0.0,1.7490000000000003,-6.323912061847423,False,0.0,0.0,15.741000000000001,-6.323912061847423,False
3570,-12.145981070201952,-12.145981070201952,0.0,0.0,1.7490000000000003,-12.145981070201952,False,0.0,0.0,15.741000000000001,-12.145981070201952,False
3571,-13.313176344736515,-13.313176344736515,0.0,0.0,1.7490000000000003,-13.313176344736515,False,0.0,0.0,15.741000000000001,-13.313176344736515,False
3572,-8.064546285628072,-8.064546285628072,0.0,0.0,1.7490000000000003,-8.064546285628072,False,0.0,0.0,15.741000000000001,-8.064546285628072,False
3573,-6.327615742135887,-6.327615742135887,0.0,0.0,1.7490000000000003,-6.327615742135887,False,0.0,0.0,15.741000000000001,-6.327615742135887,False
3574,-4.2332948445541625,-4.2332948445541625,0.0,0.0,1.7490000000000003,-4.2332948445541625,False,0.0,0.0,15.741000000000001,-4.2332948445541625,False
3575,-1.8322274847044342,-1.8322274847044342,0.0,0.0,1.7490000000000003,-1.8322274847044342,False,0.0,0.0,15.741000000000001,-1.8322274847044342,False
3576,-2.0641551629111143,-2.0641551629111143,0.0,0.0,1.7490000000000003,-2.0641551629111143,False,0.0,0.0,15.741000000000001,-2.0641551629111143,False
3577,-1.7684444601620846,-1.7684444601620846,0.0,0.0,1.7490000000000003,-1.7684444601620846,False,0.0,0.0,15.741000000000001,-1.7684444601620846,False
3578,-1.3304566868225547,-1.3304566868225547,0.0,0.0,1.7490000000000003,-1.3304566868225547,False,0.0,0.0,15.741000000000001,-1.3304566868225547,False
3579,-1.1889924170870398,-1.1889924170870398,0.0,0.0,1.7490000000000003,-1.1889924170870398,False,0.0,0.12289833538906328,15.741000000000001,-1.0660940816979765,False
3580,-0.7986435832870883,-0.7986435832870883,0.0,0.0,1.7490000000000003,-0.7986435832870883,False,0.0,0.7986435832870883,15.6769348140194,0.0,False
3581,-0.8456023165184295,-0.8456023165184295,0.0,0.0,1.7490000000000003,-0.8456023165184295,False,0.0,0.8456023165184295,15.260613066995527,0.0,False
3582,-0.6516318751554857,-0.6516318751554857,0.0,0.0,1.7490000000000003,-0.6516318751554857,False,0.0,0.6516318751554857,14.819812388110163,0.0,False
3583,-0.3541695356992502,-0.3541695356992502,0.0,0.0,1.7490000000000003,-0.3541695356992502,False,0.0,0.3541695356992502,14.480125791537766,0.0,False
3584,-0.6873006556116574,-0.6873006556116574,0.0,0.0,1.7490000000000003,-0.6873006556116574,False,0.0,0.6873006556116574,14.295502158504778,0.0,False
3585,-0.692150892860784,-0.692150892860784,0.0,0.0,1.7490000000000003,-0.692150892860784,False,0.0,0.692150892860784,13.937221924790007,0.0,False
3586,-0.2889058482945638,-0.2889058482945638,0.0,0.0,1.7490000000000003,-0.2889058482945638,False,0.0,0.2889058482945638,13.576413330130139,0.0,False
3587,4.7334013620332245,4.7334013620332245,4.7334013620332245,0.0,1.7490000000000003,0.0,False,4.7334013620332245,0.0,13.425810745943132,0.0,False
3588,0.09410194537581616,0.09410194537581616,0.09410194537581616,0.0,4.019059546453031,0.0,False,0.09410194537581616,0.0,15.695870292396162,0.0,False
3589,-8.695654864207642,-8.695654864207642,0.0,4.441303042816317,4.06418925405687,-4.2543518213913245,False,0.0,8.695654864207642,15.741000000000001,0.0,False
3590,-4.230204035718171,-4.230204035718171,0.0,4.2595540635239357e-16,1.7490000000000006,-4.230204035718171,False,0.0,4.230204035718171,11.20807655286798,0.0,False
3591,-1.656221758814766,-1.656221758814766,0.0,0.0,1.7490000000000003,-1.656221758814766,False,0.0,1.656221758814766,9.002930263243861,0.0,False
3592,-2.5232399008921873,-2.5232399008921873,0.0,0.0,1.7490000000000003,-2.5232399008921873,False,0.0,2.5232399008921873,8.139564989274264,0.0,False
3593,-3.053823103322739,-3.053823103322739,0.0,0.0,1.7490000000000003,-3.053823103322739,False,0.0,3.053823103322739,6.82423526562435,0.0,False
3594,-3.12215437923036,-3.12215437923036,0.0,0.0,1.7490000000000003,-3.12215437923036,False,0.0,3.12215437923036,5.2323199280661035,0.0,False
3595,-0.9396439684319885,-0.9396439684319885,0.0,0.0,1.7490000000000003,-0.9396439684319885,False,0.0,0.9396439684319885,3.604784450613732,0.0,False
3596,1.161998967486027,1.161998967486027,1.161998967486027,0.0,1.7490000000000003,0.0,False,1.161998967486027,0.0,3.114961171864081,0.0,False
3597,-4.256372312179631,-4.256372312179631,0.0,1.069039050087145,2.3062751278326323,-3.187333262092486,False,0.0,0.0,3.6722362996967126,-4.256372312179631,False
3598,-7.299173308521329,-7.299173308521329,0.0,0.0,1.7490000000000003,-7.299173308521329,False,0.0,0.0,3.6722362996967126,-7.299173308521329,False
3599,2.4989391354358186,2.4989391354358186,2.4989391354358186,0.0,1.7490000000000003,0.0,False,2.4989391354358186,0.0,3.6722362996967126,0.0,False
3600,12.2920868372973,12.2920868372973,8.745000000000001,0.0,2.9474491080562935,3.5470868372972983,False,8.745000000000001,0.0,4.870685407753006,3.5470868372972983,False
3601,11.440774317056428,11.440774317056428,8.745000000000001,0.0,7.141403775193267,2.6957743170564274,False,8.745000000000001,0.0,9.06464007488998,2.6957743170564274,False
3602,1.9622681183779782,1.9622681183779782,1.9622681183779782,0.0,11.335358442330241,0.0,False,1.9622681183779782,0.0,13.258594742026954,0.0,False
3603,-10.108650577697748,-10.108650577697748,0.0,8.745000000000001,12.276429172261105,-1.3636505776977472,False,0.0,0.0,14.199665471957818,-10.108650577697748,False
3604,-19.133407524900136,-19.133407524900136,0.0,8.745000000000001,7.717782794938308,-10.388407524900135,False,0.0,1.6434075249001339,14.199665471957818,-17.490000000000002,False
3605,-15.842706539671356,-15.842706539671356,0.0,2.705110673508693,3.1591364176155103,-13.137595866162663,False,0.0,0.0,13.342980079178972,-15.842706539671356,False
3606,-5.600644991357993,-5.600644991357993,0.0,0.0,1.7490000000000003,-5.600644991357993,False,0.0,0.9395418478508526,13.342980079178972,-4.66110314350714,False
3607,1.2282929177982855,1.2282929177982855,1.2282929177982855,0.0,1.7490000000000003,0.0,False,1.2282929177982855,0.0,12.853210034462167,0.0,False
3608,-8.00193804833267,-8.00193804833267,0.0,1.1300294843744227,2.338068589503878,-6.871908563958248,False,0.0,0.0,13.442278623966045,-8.00193804833267,False
3609,-14.223609286343676,-14.223609286343676,0.0,0.0,1.7490000000000003,-14.223609286343676,False,0.0,0.0,13.442278623966045,-14.223609286343676,False
3610,-3.4007535408155714,-3.4007535408155714,0.0,0.0,1.7490000000000003,-3.4007535408155714,False,0.0,0.0,13.442278623966045,-3.4007535408155714,False
3611,,0.0,0.0,0.0,1.7490000000000003,,False,0.0,0.0,13.442278623966045,0.0,False
3612,,0.0,0.0,0.0,1.7490000000000003,,False,0.0,0.0,13.442278623966045,0.0,False
3613,,0.0,0.0,0.0,1.7490000000000003,,False,0.0,0.0,13.442278623966045,0.0,False
3614,,0.0,0.0,0.0,1.7490000000000003,,False,0.0,0.0,13.442278623966045,0.0,False
3615,,0.0,0.0,0.0,1.7490000000000003,,False,0.0,0.0,13.442278623966045,0.0,False
3616,,0.0,0.0,0.0,1.7490000000000003,,False,0.0,0.0,13.442278623966045,0.0,False
3617,,0.0,0.0,0.0,1.7490000000000003,,False,0.0,0.0,13.442278623966045,0.0,False
3618,,0.0,0.0,0.0,1.7490000000000003,,False,0.0,0.0,13.442278623966045,0.0,False
3619,,0.0,0.0,0.0,1.7490000000000003,,False,0.0,0.0,13.442278623966045,0.0,False
3620,,0.0,0.0,0.0,1.7490000000000003,,False,0.0,0.0,13.442278623966045,0.0,False
3621,,0.0,0.0,0.0,1.7490000000000003,,False,0.0,0.0,13.442278623966045,0.0,False
3622,,0.0,0.0,0.0,1.7490000000000003,,False,0.0,0.0,13.442278623966045,0.0,False
3623,,0.0,0.0,0.0,1.7490000000000003,,False,0.0,0.0,13.442278623966045,0.0,False
3624,,0.0,0.0,0.0,1.7490000000000003,,False,0.0,0.0,13.442278623966045,0.0,False
3625,,0.0,0.0,0.0,1.7490000000000003,,False,0.0,0.0,13.442278623966045,0.0,False
3626,,0.0,0.0,0.0,1.7490000000000003,,False,0.0,0.0,13.442278623966045,0.0,False
3627,,0.0,0.0,0.0,1.7490000000000003,,False,0.0,0.0,13.442278623966045,0.0,False
3628,,0.0,0.0,0.0,1.7490000000000003,,False,0.0,0.0,13.442278623966045,0.0,False
3629,,0.0,0.0,0.0,1.7490000000000003,,False,0.0,0.0,13.442278623966045,0.0,False
3630,,0.0,0.0,0.0,1.7490000000000003,,False,0.0,0.0,13.442278623966045,0.0,False
3631,,0.0,0.0,0.0,1.7490000000000003,,False,0.0,0.0,13.442278623966045,0.0,False
3632,,0.0,0.0,0.0,1.7490000000000003,,False,0.0,0.0,13.442278623966045,0.0,False
3633,,0.0,0.0,0.0,1.7490000000000003,,False,0.0,0.0,13.442278623966045,0.0,False
3634,,0.0,0.0,0.0,1.7490000000000003,,False,0.0,0.0,13.442278623966045,0.0,False
3635,,0.0,0.0,0.0,1.7490000000000003,,False,0.0,0.0,13.442278623966045,0.0,False
3636,,0.0,0.0,0.0,1.7490000000000003,,False,0.0,0.0,13.442278623966045,0.0,False
3637,-1.3949226154748007,-1.3949226154748007,0.0,0.0,1.7490000000000003,-1.3949226154748007,False,0.0,0.0,13.442278623966045,-1.3949226154748007,False
3638,-3.4106509312237843,-3.4106509312237843,0.0,0.0,1.7490000000000003,-3.4106509312237843,False,0.0,0.0,13.442278623966045,-3.4106509312237843,False
3639,-1.7955877002812723,-1.7955877002812723,0.0,0.0,1.7490000000000003,-1.7955877002812723,False,0.0,0.0,13.442278623966045,-1.7955877002812723,False
3640,-4.440754681616896,-4.440754681616896,0.0,0.0,1.7490000000000003,-4.440754681616896,False,0.0,0.0,13.442278623966045,-4.440754681616896,False
3641,-8.842419660086815,-8.842419660086815,0.0,0.0,1.7490000000000003,-8.842419660086815,False,0.0,0.0,13.442278623966045,-8.842419660086815,False
3642,-9.331009030538876,-9.331009030538876,0.0,0.0,1.7490000000000003,-9.331009030538876,False,0.0,0.0,13.442278623966045,-9.331009030538876,False
3643,-6.295182441769401,-6.295182441769401,0.0,0.0,1.7490000000000003,-6.295182441769401,False,0.0,0.0,13.442278623966045,-6.295182441769401,False
3644,2.086520904985159,2.086520904985159,2.086520904985159,0.0,1.7490000000000003,0.0,False,2.086520904985159,0.0,13.442278623966045,0.0,False
3645,2.7066445030567747,2.7066445030567747,2.7066445030567747,0.0,2.749660273017881,0.0,False,2.7066445030567747,0.0,14.442938896983925,0.0,False
3646,-7.444250937719809,-7.444250937719809,0.0,4.40971217539858,4.047721376033959,-3.0345387623212288,False,0.0,0.0,15.741000000000001,-7.444250937719809,False
3647,-11.834555416557018,-11.834555416557018,0.0,4.2595540635239357e-16,1.7490000000000006,-11.834555416557018,False,0.0,4.554288673224673,15.741000000000001,-7.280266743332345,False
3648,-4.803689895231504,-4.803689895231504,0.0,0.0,1.7490000000000003,-4.803689895231504,False,0.0,4.803689895231504,13.366912914639464,0.0,False
3649,-1.4206186297314172,-1.4206186297314172,0.0,0.0,1.7490000000000003,-1.4206186297314172,False,0.0,1.4206186297314172,10.862816455099244,0.0,False
3650,-7.079817285484567,-7.079817285484567,0.0,0.0,1.7490000000000003,-7.079817285484567,False,0.0,7.079817285484567,10.122267802156717,0.0,False
3651,-9.260555743423977,-9.260555743423977,0.0,0.0,1.7490000000000003,-9.260555743423977,False,0.0,8.745000000000001,6.431657919871807,-0.5155557434239757,False
3652,-0.2378953860044698,-0.2378953860044698,0.0,0.0,1.7490000000000003,-0.2378953860044698,False,0.0,0.2378953860044698,1.8730115425490095,0.0,False
3653,10.282611999561828,10.282611999561828,8.745000000000001,0.0,1.7490000000000003,1.5376119995618271,False,8.745000000000001,0.0,1.7490000000000003,1.5376119995618271,False
3654,9.839942536427426,9.839942536427426,8.745000000000001,0.0,5.942954667136974,1.0949425364274248,False,8.745000000000001,0.0,5.942954667136974,1.0949425364274248,False
3655,1.4101947088922253,1.4101947088922253,1.4101947088922253,0.0,10.136909334273948,0.0,False,1.4101947088922253,0.0,10.136909334273948,0.0,False
3656,-5.567018227261561,-5.567018227261561,0.0,5.567018227261561,10.813214958165362,0.0,False,0.0,5.567018227261561,10.813214958165362,0.0,False
3657,-4.157133087830497,-4.157133087830497,0.0,4.157133087830497,7.911206098909114,0.0,False,0.0,4.157133087830497,7.911206098909114,0.0,False
3658,1.6435401234095843,1.6435401234095843,1.6435401234095843,0.0,5.744150673993479,0.0,False,1.6435401234095843,0.0,5.744150673993479,0.0,False
3659,2.953039057403198,2.953039057403198,2.953039057403198,0.0,6.532364827361175,0.0,False,2.953039057403198,0.0,6.532364827361175,0.0,False
3660,3.4381344030471226,3.4381344030471226,3.4381344030471226,0.0,7.948592607467969,0.0,False,3.4381344030471226,0.0,7.948592607467969,0.0,False
3661,-6.636846560544033,-6.636846560544033,0.0,6.636846560544033,9.597463942619903,0.0,False,0.0,0.0,9.597463942619903,-6.636846560544033,False
3662,-18.276486900268182,-18.276486900268182,0.0,8.419117753695872,6.137768513223526,-9.85736914657231,False,0.0,8.745000000000001,9.597463942619903,-9.531486900268181,False
3663,-14.690236627404158,-14.690236627404158,0.0,4.2595540635239357e-16,1.7490000000000006,-14.690236627404158,False,0.0,0.0,5.038817565297106,-14.690236627404158,False
3664,-15.90595044375015,-15.90595044375015,0.0,0.0,1.7490000000000003,-15.90595044375015,False,0.0,0.0,5.038817565297106,-15.90595044375015,False
3665,-13.312274745543126,-13.312274745543126,0.0,0.0,1.7490000000000003,-13.312274745543126,False,0.0,4.51321625183375,5.038817565297106,-8.799058493709376,False
3666,-0.8803315965099803,-0.8803315965099803,0.0,0.0,1.7490000000000003,-0.8803315965099803,False,0.0,0.8803315965099803,2.686140959637152,0.0,False
3667,0.5484267861720414,0.5484267861720414,0.5484267861720414,0.0,1.7490000000000003,0.0,False,0.5484267861720414,0.0,2.227236392081633,0.0,False
3668,-7.435384483576471,-7.435384483576471,0.0,0.5045526432782779,2.0120162469352962,-6.930831840298193,False,0.0,0.0,2.490252639016929,-7.435384483576471,False
3669,-4.426608931323708,-4.426608931323708,0.0,0.0,1.7490000000000003,-4.426608931323708,False,0.0,0.0,2.490252639016929,-4.426608931323708,False
3670,3.165174591380813,3.165174591380813,3.165174591380813,0.0,1.7490000000000003,0.0,False,3.165174591380813,0.0,2.490252639016929,0.0,False
3671,14.402952669483993,14.402952669483993,8.745000000000001,0.0,3.2669644082132563,5.657952669483992,False,8.745000000000001,0.0,4.008217047230185,5.657952669483992,False
3672,-2.0640430139406423,-2.0640430139406423,0.0,2.0640430139406423,7.46091907535023,0.0,False,0.0,2.0640430139406423,8.202171714367159,0.0,False
3673,-17.437654226864236,-17.437654226864236,0.0,8.745000000000001,6.3849622762491505,-8.692654226864235,False,0.0,8.745000000000001,7.12621491526608,-8.692654226864235,False
3674,-1.5702867193041585,-1.5702867193041585,0.0,0.14831761012970496,1.826315898926353,-1.4219691091744535,False,0.0,1.5702867193041585,2.5675685379432824,0.0,False
3675,5.558821632460739,5.558821632460739,5.558821632460739,0.0,1.7490000000000003,0.0,False,0.0,0.0,1.7490000000000003,5.558821632460739,False
3676,20.489250056618005,20.489250056618005,8.745000000000001,0.0,4.414917201742789,11.744250056618004,False,8.745000000000001,0.0,1.7490000000000003,11.744250056618004,False
3677,30.36053081680325,30.36053081680325,8.745000000000001,0.0,8.608871868879763,21.61553081680325,True,8.745000000000001,0.0,5.942954667136974,21.61553081680325,True
3678,24.610915578895145,24.610915578895145,6.126515182405158,0.0,12.802826536016738,18.48440039648999,True,8.745000000000001,0.0,10.136909334273948,15.865915578895144,False
3679,14.814125626169972,14.814125626169972,0.0,0.0,15.741000000000001,14.814125626169972,False,0.0,0.0,14.330864001410923,14.814125626169972,False
3680,6.10758946973407,6.10758946973407,0.0,0.0,15.741000000000001,6.10758946973407,False,2.940336814865897,0.0,14.330864001410923,3.1672526548681734,False
3681,-1.3005765124900681,-1.3005765124900681,0.0,1.3005765124900681,15.741000000000001,0.0,False,0.0,1.3005765124900681,15.741000000000001,0.0,False
3682,8.327415881840441,8.327415881840441,1.4136701222718133,0.0,15.06302762640435,6.913745759568627,False,0.0,0.0,15.06302762640435,8.327415881840441,False
3683,15.100317346076029,15.100317346076029,0.0,0.0,15.741000000000001,15.100317346076029,False,0.0,0.0,15.06302762640435,15.100317346076029,False
3684,14.480470086845447,14.480470086845447,0.0,0.0,15.741000000000001,14.480470086845447,False,0.0,0.0,15.06302762640435,14.480470086845447,False
3685,8.607212456352455,8.607212456352455,0.0,0.0,15.741000000000001,8.607212456352455,False,1.4136701222718133,0.0,15.06302762640435,7.193542334080641,False
3686,-10.210035450718946,-10.210035450718946,0.0,8.745000000000001,15.741000000000001,-1.4650354507189451,False,0.0,8.745000000000001,15.741000000000001,-1.4650354507189451,False
3687,1.2189830972232787,1.2189830972232787,1.2189830972232787,0.0,11.182353622677205,0.0,False,0.0,0.0,11.182353622677205,1.2189830972232787,False
3688,17.489349703408607,17.489349703408607,8.286451685385416,0.0,11.766957379082083,9.202898018023191,False,0.0,0.0,11.182353622677205,17.489349703408607,False
3689,4.1282180758717795,4.1282180758717795,0.0,0.0,15.741000000000001,4.1282180758717795,False,1.7331049283153384,0.0,11.182353622677205,2.395113147556441,False
3690,7.772329854293357,7.772329854293357,0.0,0.0,15.741000000000001,7.772329854293357,False,7.772329854293357,0.0,12.013521547519538,0.0,False
3691,12.325123320641517,12.325123320641517,0.0,0.0,15.741000000000001,12.325123320641517,False,0.0,0.0,15.741000000000001,12.325123320641517,False
3692,-4.825914184175072,-4.825914184175072,0.0,4.825914184175072,15.741000000000001,0.0,False,0.0,0.0,15.741000000000001,-4.825914184175072,False
3693,-13.013097723578252,-13.013097723578252,0.0,8.745000000000001,13.225318328992524,-4.268097723578251,False,0.0,0.0,15.741000000000001,-13.013097723578252,False
3694,-15.684796731613629,-15.684796731613629,0.0,8.745000000000001,8.666671951669727,-6.939796731613628,False,0.0,0.6063098696766263,15.741000000000001,-15.078486861937002,False
3695,-14.086472113824053,-14.086472113824053,0.0,4.525395685501558,4.10802557434693,-9.561076428322494,False,0.0,8.745000000000001,15.424939131968394,-5.341472113824052,False
3696,-12.523199678836267,-12.523199678836267,0.0,4.2595540635239357e-16,1.7490000000000006,-12.523199678836267,False,0.0,8.745000000000001,10.866292754645595,-3.778199678836266,False
3697,-12.892108533663334,-12.892108533663334,0.0,0.0,1.7490000000000003,-12.892108533663334,False,0.0,8.745000000000001,6.307646377322798,-4.147108533663333,False
3698,-6.3034288825004055,-6.3034288825004055,0.0,0.0,1.7490000000000003,-6.3034288825004055,False,0.0,0.0,1.7490000000000003,-6.3034288825004055,False
3699,-0.307121763644755,-0.307121763644755,0.0,0.0,1.7490000000000003,-0.307121763644755,False,0.0,0.0,1.7490000000000003,-0.307121763644755,False
3700,-3.4213704296840874,-3.4213704296840874,0.0,0.0,1.7490000000000003,-3.4213704296840874,False,0.0,0.0,1.7490000000000003,-3.4213704296840874,False
3701,7.618338286144364,7.618338286144364,7.618338286144364,0.0,1.7490000000000003,0.0,False,0.0,0.0,1.7490000000000003,7.618338286144364,False
3702,20.40508301727154,20.40508301727154,8.745000000000001,0.0,5.402626690795135,11.660083017271539,False,8.745000000000001,0.0,1.7490000000000003,11.660083017271539,False
3703,20.773600975067133,20.773600975067133,8.745000000000001,0.0,9.59658135793211,12.028600975067132,False,8.745000000000001,0.0,5.942954667136974,12.028600975067132,False
3704,16.832673297689556,16.832673297689556,4.066998528721532,0.0,13.790536025069084,12.765674768968024,False,0.0,0.0,10.136909334273948,16.832673297689556,False
3705,3.995960207774503,3.995960207774503,0.0,0.0,15.741000000000001,3.995960207774503,False,3.995960207774503,0.0,10.136909334273948,0.0,False
3706,3.33101462458436,3.33101462458436,0.0,0.0,15.741000000000001,3.33101462458436,False,3.33101462458436,0.0,12.053304527308768,0.0,False
3707,16.87488755361828,16.87488755361828,0.0,0.0,15.741000000000001,16.87488755361828,False,0.0,0.0,13.650803021428503,16.87488755361828,False
3708,12.058220226737971,12.058220226737971,0.0,0.0,15.741000000000001,12.058220226737971,False,4.35836198250704,0.0,13.650803021428503,7.699858244230931,False
3709,-5.300684426350163,-5.300684426350163,0.0,5.300684426350163,15.741000000000001,0.0,False,0.0,0.0,15.741000000000001,-5.300684426350163,False
3710,-13.109467396430592,-13.109467396430592,0.0,8.745000000000001,12.977827231845337,-4.364467396430591,False,0.0,0.0,15.741000000000001,-13.109467396430592,False
3711,-9.532725453372317,-9.532725453372317,0.0,8.745000000000001,8.41918085452254,-0.7877254533723157,False,0.0,3.1586922632023344,15.741000000000001,-6.374033190169982,False
3712,-8.423521458711793,-8.423521458711793,0.0,4.050625443326467,3.860534477199743,-4.372896015385326,False,0.0,8.423521458711793,14.094417833879376,0.0,False
3713,-0.8102018706962958,-0.8102018706962958,0.0,4.2595540635239357e-16,1.7490000000000006,-0.8102018706962953,False,0.0,0.8102018706962958,9.703353730728162,0.0,False
3714,-3.849844296595119,-3.849844296595119,0.0,0.0,1.7490000000000003,-3.849844296595119,False,0.0,3.849844296595119,9.281006809887703,0.0,False
3715,-10.339292943614943,-10.339292943614943,0.0,0.0,1.7490000000000003,-10.339292943614943,False,0.0,8.745000000000001,7.274136740598948,-1.594292943614942,False
3716,-1.8540499804710886,-1.8540499804710886,0.0,0.0,1.7490000000000003,-1.8540499804710886,False,0.0,1.8540499804710886,2.7154903632761505,0.0,False
3717,2.835540831581415,2.835540831581415,2.835540831581415,0.0,1.7490000000000003,0.0,False,2.835540831581415,0.0,1.7490000000000003,0.0,False
3718,3.6224148069500015,3.6224148069500015,3.6224148069500015,0.0,3.1088776105738516,0.0,False,3.6224148069500015,0.0,3.1088776105738516,0.0,False
3719,0.08361698513439107,0.08361698513439107,0.08361698513439107,0.0,4.84612672274241,0.0,False,0.08361698513439107,0.0,4.84612672274241,0.0,False
3720,-9.4539435234661,-9.4539435234661,0.0,6.018246813772545,4.886228020061599,-3.4356967096935547,False,0.0,0.0,4.886228020061599,-9.4539435234661,False
3721,-9.09673621937303,-9.09673621937303,0.0,4.2595540635239357e-16,1.7490000000000006,-9.09673621937303,False,0.0,0.0,4.886228020061599,-9.09673621937303,False
3722,-3.1302894361696505,-3.1302894361696505,0.0,0.0,1.7490000000000003,-3.1302894361696505,False,0.0,0.0,4.886228020061599,-3.1302894361696505,False
3723,-9.512962853788007,-9.512962853788007,0.0,0.0,1.7490000000000003,-9.512962853788007,False,0.0,0.0,4.886228020061599,-9.512962853788007,False
3724,-8.553197832319366,-8.553197832319366,0.0,0.0,1.7490000000000003,-8.553197832319366,False,0.0,0.0,4.886228020061599,-8.553197832319366,False
3725,-2.553930564802585,-2.553930564802585,0.0,0.0,1.7490000000000003,-2.553930564802585,False,0.0,0.0,4.886228020061599,-2.553930564802585,False
3726,-6.404520801370507,-6.404520801370507,0.0,0.0,1.7490000000000003,-6.404520801370507,False,0.0,0.0,4.886228020061599,-6.404520801370507,False
3727,-8.1409641192594,-8.1409641192594,0.0,0.0,1.7490000000000003,-8.1409641192594,False,0.0,1.377175330572473,4.886228020061599,-6.763788788686926,False
3728,-4.641071483200071,-4.641071483200071,0.0,0.0,1.7490000000000003,-4.641071483200071,False,0.0,4.641071483200071,4.168325752291155,0.0,False
3729,4.001090840623792,4.001090840623792,4.001090840623792,0.0,1.7490000000000003,0.0,False,0.0,0.0,1.7490000000000003,4.001090840623792,False
3730,9.72731609441396,9.72731609441396,8.745000000000001,0.0,3.6678557581101376,0.9823160944139584,False,2.6123712580217178,0.0,1.7490000000000003,7.114944836392242,False
3731,5.461789096185907,5.461789096185907,5.461789096185907,0.0,7.8618104252471115,0.0,False,5.461789096185907,0.0,3.0018492429816663,0.0,False
3732,2.4114980055170485,2.4114980055170485,2.4114980055170485,0.0,10.481192457364518,0.0,False,2.4114980055170485,0.0,5.621231275099072,0.0,False
3733,6.101701528541929,6.101701528541929,6.101701528541929,0.0,11.63770627269096,0.0,False,6.101701528541929,0.0,6.777745090425514,0.0,False
3734,11.26114882344105,11.26114882344105,2.454257343997224,0.0,14.563979526333638,8.806891479443827,False,8.745000000000001,0.0,9.704018344068192,2.51614882344105,False
3735,3.8429769265992966,3.8429769265992966,0.0,0.0,15.741000000000001,3.8429769265992966,False,3.8429769265992966,0.0,13.897973011205167,0.0,False
3736,-9.417918907780649,-9.417918907780649,0.0,8.745000000000001,15.741000000000001,-0.6729189077806481,False,0.0,8.745000000000001,15.741000000000001,-0.6729189077806481,False
3737,-8.923695635482408,-8.923695635482408,0.0,8.745000000000001,11.182353622677205,-0.1786956354824074,False,0.0,8.745000000000001,11.182353622677205,-0.1786956354824074,False
3738,0.8374439832787249,0.8374439832787249,0.8374439832787249,0.0,6.6237072453544075,0.0,False,0.8374439832787249,0.0,6.6237072453544075,0.0,False
3739,-2.058092109468271,-2.058092109468271,0.0,2.058092109468271,7.025331270756076,0.0,False,0.0,0.0,7.025331270756076,-2.058092109468271,False
3740,-15.46474269065624,-15.46474269065624,0.0,8.063666224824788,5.952476595052912,-7.401076465831453,False,0.0,0.0,7.025331270756076,-15.46474269065624,False
3741,-17.91413584597577,-17.91413584597577,0.0,0.0,1.7489999999999997,-17.91413584597577,True,0.0,0.42413584597576914,7.025331270756076,-17.490000000000002,False
3742,-14.351758275711505,-14.351758275711505,0.0,0.0,1.7489999999999997,-14.351758275711505,False,0.0,0.0,6.804235177245478,-14.351758275711505,False
3743,-12.254575938402262,-12.254575938402262,0.0,0.0,1.7489999999999997,-12.254575938402262,False,0.0,0.9526224883172889,6.804235177245478,-11.301953450084973,False
3744,-0.568553523393716,-0.568553523393716,0.0,0.0,1.7489999999999997,-0.568553523393716,False,0.0,0.0,6.307646377322798,-0.568553523393716,False
3745,-0.7949353740148966,-0.7949353740148966,0.0,0.0,1.7489999999999997,-0.7949353740148966,False,0.0,0.0,6.307646377322798,-0.7949353740148966,False
3746,-11.691613641742567,-11.691613641742567,0.0,0.0,1.7489999999999997,-11.691613641742567,False,0.0,8.745000000000001,6.307646377322798,-2.946613641742566,False
3747,-5.01887687462659,-5.01887687462659,0.0,0.0,1.7489999999999997,-5.01887687462659,False,0.0,0.0,1.7490000000000003,-5.01887687462659,False
3748,3.4379009142162427,3.4379009142162427,3.4379009142162427,0.0,1.7489999999999997,0.0,False,3.4379009142162427,0.0,1.7490000000000003,0.0,False
3749,-0.009661365556325652,-0.009661365556325652,0.0,0.009661365556325652,3.397759357842387,0.0,False,0.0,0.009661365556325652,3.3977593578423875,0.0,False
3750,-1.7696686910738182,-1.7696686910738182,0.0,1.7696686910738182,3.392723022897466,0.0,False,0.0,1.7696686910738182,3.3927230228974663,0.0,False
3751,2.2260877605299165,2.2260877605299165,2.2260877605299165,0.0,2.4702194474114467,0.0,False,2.2260877605299165,0.0,2.470219447411447,0.0,False
3752,0.8928464229470328,0.8928464229470328,0.8928464229470328,0.0,3.537813632972446,0.0,False,0.8928464229470328,0.0,3.537813632972446,0.0,False
3753,0.3395504764366835,0.3395504764366835,0.3395504764366835,0.0,3.966007735037084,0.0,False,0.3395504764366835,0.0,3.966007735037084,0.0,False
3754,3.1243708878273937,3.1243708878273937,3.1243708878273937,0.0,4.128850422902174,0.0,False,3.1243708878273937,0.0,4.128850422902174,0.0,False
3755,-2.0625161543949018,-2.0625161543949018,0.0,2.0625161543949018,5.62724606233849,0.0,False,0.0,0.0,5.62724606233849,-2.0625161543949018,False
3756,-5.37651145453527,-5.37651145453527,0.0,5.37651145453527,4.5520851937962306,0.0,False,0.0,0.0,5.62724606233849,-5.37651145453527,False
3757,-6.808252722618505,-6.808252722618505,0.0,0.0007382794403719983,1.7493848547622992,-6.807514443178133,False,0.0,0.0,5.62724606233849,-6.808252722618505,False
3758,-13.731375828598917,-13.731375828598917,0.0,0.0,1.7490000000000003,-13.731375828598917,False,0.0,0.0,5.62724606233849,-13.731375828598917,False
3759,-11.644409808202086,-11.644409808202086,0.0,0.0,1.7490000000000003,-11.644409808202086,False,0.0,7.439765888370542,5.62724606233849,-4.204643919831544,False
3760,0.2717336892326978,0.2717336892326978,0.2717336892326978,0.0,1.7490000000000003,0.0,False,0.2717336892326978,0.0,1.7490000000000003,0.0,False
3761,5.693148543905799,5.693148543905799,5.693148543905799,0.0,1.8793188992768237,0.0,False,5.693148543905799,0.0,1.8793188992768237,0.0,False
3762,6.0872024842874115,6.0872024842874115,6.0872024842874115,0.0,4.609657024653358,0.0,False,6.0872024842874115,0.0,4.609657024653358,0.0,False
3763,-6.5550616319665265,-6.5550616319665265,0.0,6.5550616319665265,7.528976780946665,0.0,False,0.0,1.9685059196140744,7.528976780946665,-4.586555712352452,False
3764,-14.28472599348947,-14.28472599348947,0.0,4.532856308065311,4.111914692702884,-9.75186968542416,False,0.0,8.745000000000001,6.502822134956135,-5.539725993489469,False
3765,-0.3744120204177602,-0.3744120204177602,0.0,4.2595540635239357e-16,1.7490000000000006,-0.3744120204177598,False,0.0,0.3744120204177602,1.9441757576333374,0.0,False
3766,10.091053215361585,10.091053215361585,8.745000000000001,0.0,1.7490000000000003,1.346053215361584,False,8.745000000000001,0.0,1.7490000000000003,1.346053215361584,False
3767,15.131506032043298,15.131506032043298,8.745000000000001,0.0,5.942954667136974,6.386506032043297,False,8.745000000000001,0.0,5.942954667136974,6.386506032043297,False
3768,14.902997421734126,14.902997421734126,8.745000000000001,0.0,10.136909334273948,6.157997421734125,False,8.745000000000001,0.0,10.136909334273948,6.157997421734125,False
3769,-2.9933110710346194,-2.9933110710346194,0.0,2.9933110710346194,14.330864001410923,0.0,False,0.0,0.0,14.330864001410923,-2.9933110710346194,False
3770,-13.708328644562256,-13.708328644562256,0.0,8.745000000000001,12.770492741242577,-4.963328644562255,False,0.0,0.0,14.330864001410923,-13.708328644562256,False
3771,-8.547514521788,-8.547514521788,0.0,8.547514521788,8.21184636391978,0.0,False,0.0,0.0,14.330864001410923,-8.547514521788,False
3772,-7.337326170527781,-7.337326170527781,0.0,3.850374407177384,3.7561464085323726,-3.486951763350397,False,0.0,0.0,14.330864001410923,-7.337326170527781,False
3773,-6.649783765652677,-6.649783765652677,0.0,4.2595540635239357e-16,1.7490000000000006,-6.649783765652677,False,0.0,4.642702781978423,14.330864001410923,-2.0070809836742534,False
3774,-4.002302883768348,-4.002302883768348,0.0,0.0,1.7490000000000003,-4.002302883768348,False,0.0,4.002302883768348,11.910687875847469,0.0,False
3775,-3.9751307303861885,-3.9751307303861885,0.0,0.0,1.7490000000000003,-3.9751307303861885,False,0.0,3.9751307303861885,9.824343274127724,0.0,False
3776,-6.358443923097259,-6.358443923097259,0.0,0.0,1.7490000000000003,-6.358443923097259,False,0.0,6.358443923097259,7.752163136510855,0.0,False
3777,-1.351908201193072,-1.351908201193072,0.0,0.0,1.7490000000000003,-1.351908201193072,False,0.0,1.351908201193072,4.437595114162374,0.0,False
3778,2.9686854325420295,2.9686854325420295,2.9686854325420295,0.0,1.7490000000000003,0.0,False,2.9686854325420295,0.0,3.7328642480855554,0.0,False
3779,-3.926004505471471,-3.926004505471471,0.0,2.731190597938667,3.1727315180184323,-1.1948139075328044,False,0.0,0.0,5.156595766103988,-3.926004505471471,False
3780,-0.5227115331353553,-0.5227115331353553,0.0,4.2595540635239357e-16,1.7490000000000006,-0.5227115331353549,False,0.0,0.0,5.156595766103988,-0.5227115331353553,False
3781,10.98470329462164,10.98470329462164,8.745000000000001,0.0,1.7490000000000003,2.2397032946216395,False,8.745000000000001,0.0,5.156595766103988,2.2397032946216395,False
3782,11.896530523090036,11.896530523090036,8.745000000000001,0.0,5.942954667136974,3.1515305230900346,False,8.745000000000001,0.0,9.350550433240961,3.1515305230900346,False
3783,4.5800084697404815,4.5800084697404815,4.5800084697404815,0.0,10.136909334273948,0.0,False,4.5800084697404815,0.0,13.544505100377936,0.0,False
3784,-4.6234863637239485,-4.6234863637239485,0.0,4.6234863637239485,12.333404233896013,0.0,False,0.0,4.042890854506854,15.741000000000001,-0.5805955092170949,False
3785,-10.28476674292993,-10.28476674292993,0.0,8.745000000000001,9.923245358814079,-1.5397667429299293,False,0.0,8.745000000000001,13.633497455939494,-1.5397667429299293,False
3786,-8.707458743389376,-8.707458743389376,0.0,6.9359214284372985,5.364598981491281,-1.7715373149520772,False,0.0,8.707458743389376,9.074851078616696,0.0,False
3787,-3.733420818987374,-3.733420818987374,0.0,4.2595540635239357e-16,1.7490000000000006,-3.7334208189873737,False,0.0,3.733420818987374,4.535774434106726,0.0,False
3788,-1.612539452793026,-1.612539452793026,0.0,0.0,1.7490000000000003,-1.612539452793026,False,0.0,1.612539452793026,2.5895942978576345,0.0,False
3789,15.157658530081624,15.157658530081624,8.745000000000001,0.0,1.7490000000000003,6.4126585300816235,False,5.313588077607206,0.0,1.7490000000000003,9.84407045247442,False
3790,17.44962599500925,17.44962599500925,8.745000000000001,0.0,5.942954667136974,8.704625995009248,False,8.745000000000001,0.0,4.297307320448728,8.704625995009248,False
3791,2.1395324889844733,2.1395324889844733,2.1395324889844733,0.0,10.136909334273948,0.0,False,2.1395324889844733,0.0,8.491261987585702,0.0,False
3792,2.8127489986257106,2.8127489986257106,2.8127489986257106,0.0,11.162993069856295,0.0,False,2.8127489986257106,0.0,9.517345723168049,0.0,False
3793,-8.806840159813039,-8.806840159813039,0.0,8.745000000000001,12.511940101333842,-0.06184015981303759,False,0.0,8.745000000000001,10.866292754645595,-0.06184015981303759,False
3794,-10.930857447159188,-10.930857447159188,0.0,8.745000000000001,7.953293724011044,-2.1858574471591865,False,0.0,8.745000000000001,6.307646377322798,-2.1858574471591865,False
3795,5.864150691598757,5.864150691598757,5.864150691598757,0.0,3.394647346688247,0.0,False,0.0,0.0,1.7490000000000003,5.864150691598757,False
3796,5.3889720625921225,5.3889720625921225,5.3889720625921225,0.0,6.2069952211107875,0.0,False,0.5198621694651077,0.0,1.7490000000000003,4.869109893127015,False
3797,2.4204746454007933,2.4204746454007933,2.4204746454007933,0.0,8.791455430713874,0.0,False,2.4204746454007933,0.0,1.9983171380098506,0.0,False
3798,18.235935924325712,18.235935924325712,8.745000000000001,0.0,9.952274291293104,9.490935924325711,False,8.745000000000001,0.0,3.159135998589081,9.490935924325711,False
3799,20.26718381416305,20.26718381416305,3.325327492881432,0.0,14.146228958430079,16.94185632128162,False,8.745000000000001,0.0,7.353090665726055,11.52218381416305,False
3800,9.784716743739784,9.784716743739784,0.0,0.0,15.741000000000001,9.784716743739784,False,8.745000000000001,0.0,11.547045332863028,1.039716743739783,False
3801,-2.6264170411751206,-2.6264170411751206,0.0,2.6264170411751206,15.741000000000001,0.0,False,0.0,0.9736991361374562,15.741000000000001,-1.6527179050376644,False
3802,-13.816364888548472,-13.816364888548472,0.0,8.745000000000001,14.371885473974636,-5.071364888548471,False,0.0,8.745000000000001,15.233424237901048,-5.071364888548471,False
3803,-14.946317033027,-14.946317033027,0.0,8.745000000000001,9.813239096651838,-6.201317033026999,False,0.0,8.745000000000001,10.67477786057825,-6.201317033026999,False
3804,-8.377610733539173,-8.377610733539173,0.0,6.724892828501508,5.2545927193290405,-1.6527179050376652,False,0.0,8.377610733539173,6.116131483255453,0.0,False
3805,10.736717168469227,10.736717168469227,8.745000000000001,0.0,1.7490000000000006,1.9917171684692256,False,0.0,0.0,1.7490000000000003,10.736717168469227,False
3806,32.74636516419382,32.74636516419382,8.745000000000001,0.0,5.942954667136974,24.001365164193817,True,8.745000000000001,0.0,1.7490000000000003,24.001365164193817,True
3807,31.104560028950754,31.104560028950754,8.745000000000001,0.0,10.136909334273948,22.359560028950753,True,8.745000000000001,0.0,5.942954667136974,22.359560028950753,True
3808,1.2477048468912786,1.2477048468912786,1.2477048468912786,0.0,14.330864001410923,0.0,False,1.2477048468912786,0.0,10.136909334273948,0.0,False
3809,8.855326258045341,8.855326258045341,1.6926319679746185,0.0,14.92924222506205,7.162694290070723,False,0.0,0.0,10.735287557925075,8.855326258045341,False
3810,33.63554659953706,33.63554659953706,0.0,0.0,15.741000000000001,33.63554659953706,True,8.745000000000001,0.0,10.735287557925075,24.890546599537057,True
3811,10.940726066846286,10.940726066846286,0.0,0.0,15.741000000000001,10.940726066846286,False,1.6926319679746222,0.0,14.929242225062048,9.248094098871665,False
3812,-0.28085995435601524,-0.28085995435601524,0.0,0.28085995435601524,15.741000000000001,0.0,False,0.0,0.0,15.741000000000001,-0.28085995435601524,False
3813,-3.0704848138247827,-3.0704848138247827,0.0,3.0704848138247827,15.594591627963398,0.0,False,0.0,0.0,15.741000000000001,-3.0704848138247827,False
3814,-17.580974393503112,-17.580974393503112,0.0,8.745000000000001,13.993990773398846,-8.835974393503111,False,0.0,0.0909743935031102,15.741000000000001,-17.490000000000002,False
3815,-9.037421311430013,-9.037421311430013,0.0,8.745000000000001,9.435344396076047,-0.2924213114300116,False,0.0,5.8962027167035895,15.693576319111255,-3.141218594726423,False
3816,-10.539993646309563,-10.539993646309563,0.0,5.999965101495828,4.87669801875325,-4.540028544813735,False,0.0,8.745000000000001,12.619968182523301,-1.7949936463095622,False
3817,-20.85413275946993,-20.85413275946993,0.0,4.2595540635239357e-16,1.7490000000000006,-20.85413275946993,True,0.0,3.3641327594699284,8.061321805200503,-17.490000000000002,False
3818,-12.925543784449047,-12.925543784449047,0.0,0.0,1.7490000000000003,-12.925543784449047,False,0.0,8.745000000000001,6.307646377322798,-4.180543784449046,False
3819,4.138137415979078,4.138137415979078,4.138137415979078,0.0,1.7490000000000003,0.0,False,0.0,0.0,1.7490000000000003,4.138137415979078,False
3820,29.06645701197764,29.06645701197764,8.745000000000001,0.0,3.7335809867352308,20.32145701197764,True,8.745000000000001,0.0,1.7490000000000003,20.32145701197764,True
3821,20.477836213095088,20.477836213095088,8.745000000000001,0.0,7.927535653872205,11.732836213095087,False,8.745000000000001,0.0,5.942954667136974,11.732836213095087,False
3822,2.047443444698231,2.047443444698231,2.047443444698231,0.0,12.12149032100918,0.0,False,0.0,0.0,10.136909334273948,2.047443444698231,False
3823,13.717398854876363,13.717398854876363,5.499755954188587,0.0,13.103409702437556,8.217642900687775,False,0.0,0.0,10.136909334273948,13.717398854876363,False
3824,11.105353182415266,11.105353182415266,0.0,0.0,15.741000000000001,11.105353182415266,False,0.0,0.0,10.136909334273948,11.105353182415266,False
3825,-7.407477758591549,-7.407477758591549,0.0,7.407477758591549,15.741000000000001,0.0,False,0.0,7.407477758591549,10.136909334273948,0.0,False
3826,-0.5809709316444063,-0.5809709316444063,0.0,0.5809709316444063,11.879585288816177,0.0,False,0.0,0.5809709316444063,6.275494623090123,0.0,False
3827,24.83761486938751,24.83761486938751,8.683096402430383,0.0,11.576733255326111,16.15451846695713,False,8.745000000000001,0.0,5.972642589600057,16.09261486938751,False
3828,26.096518435260908,26.096518435260908,0.0,0.0,15.741000000000001,26.096518435260908,True,8.745000000000001,0.0,10.166597256737031,17.351518435260907,False
3829,14.797660728388061,14.797660728388061,0.0,0.0,15.741000000000001,14.797660728388061,False,0.0,0.0,14.360551923874006,14.797660728388061,False
3830,13.57568687535353,13.57568687535353,0.0,0.0,15.741000000000001,13.57568687535353,False,0.0,0.0,14.360551923874006,13.57568687535353,False
3831,8.385012416927,8.385012416927,0.0,0.0,15.741000000000001,8.385012416927,False,1.2707874105616561,0.0,14.360551923874006,7.114225006365343,False
3832,12.322959832373375,12.322959832373375,0.0,0.0,15.741000000000001,12.322959832373375,False,0.0,0.0,14.97000015617406,12.322959832373375,False
3833,1.6076458067346244,1.6076458067346244,0.0,0.0,15.741000000000001,1.6076458067346244,False,1.6076458067346244,0.0,14.97000015617406,0.0,False
3834,-5.094857463256267,-5.094857463256267,0.0,5.094857463256267,15.741000000000001,0.0,False,0.0,5.094857463256267,15.741000000000001,0.0,False
3835,-0.04337470416308038,-0.04337470416308038,0.0,0.04337470416308038,13.085121953362014,0.0,False,0.0,0.04337470416308038,13.085121953362014,0.0,False
3836,-4.46906979343336,-4.46906979343336,0.0,4.46906979343336,13.062511325803355,0.0,False,0.0,4.46906979343336,13.062511325803355,0.0,False
3837,0.42799114842921115,0.42799114842921115,0.42799114842921115,0.0,10.732847652408532,0.0,False,0.42799114842921115,0.0,10.732847652408532,0.0,False
3838,6.187625418304998,6.187625418304998,6.187625418304998,0.0,10.938104996542094,0.0,False,6.187625418304998,0.0,10.938104996542094,0.0,False
3839,-11.225587687457343,-11.225587687457343,0.0,8.745000000000001,13.905585900097911,-2.4805876874573425,False,0.0,0.0,13.905585900097911,-11.225587687457343,False
3840,-21.394766090732674,-21.394766090732674,0.0,8.745000000000001,9.346939522775113,-12.649766090732673,False,0.0,8.745000000000001,13.905585900097911,-12.649766090732673,False
3841,-15.265532993417228,-15.265532993417228,0.0,5.8303751502193935,4.788293145452315,-9.435157843197835,False,0.0,0.0,9.346939522775113,-15.265532993417228,False
3842,-15.150262093633815,-15.150262093633815,0.0,0.0,1.749,-15.150262093633815,False,0.0,0.0,9.346939522775113,-15.150262093633815,False
3843,-12.308395201368619,-12.308395201368619,0.0,0.0,1.749,-12.308395201368619,False,0.0,0.0,9.346939522775113,-12.308395201368619,False
3844,-13.221240511098847,-13.221240511098847,0.0,0.0,1.749,-13.221240511098847,False,0.0,5.830375150219393,9.346939522775113,-7.390865360879454,False
3845,-11.495850681264765,-11.495850681264765,0.0,0.0,1.749,-11.495850681264765,False,0.0,8.745000000000001,6.307646377322798,-2.7508506812647635,False
3846,-7.470168005559457,-7.470168005559457,0.0,0.0,1.749,-7.470168005559457,False,0.0,0.0,1.7490000000000003,-7.470168005559457,False
3847,-5.77413155640539,-5.77413155640539,0.0,0.0,1.749,-5.77413155640539,False,0.0,0.0,1.7490000000000003,-5.77413155640539,False
3848,-5.353343529663859,-5.353343529663859,0.0,0.0,1.749,-5.353343529663859,False,0.0,0.0,1.7490000000000003,-5.353343529663859,False
3849,-3.814912251229976,-3.814912251229976,0.0,0.0,1.749,-3.814912251229976,False,0.0,0.0,1.7490000000000003,-3.814912251229976,False
3850,-3.9175765893507,-3.9175765893507,0.0,0.0,1.749,-3.9175765893507,False,0.0,0.0,1.7490000000000003,-3.9175765893507,False
3851,-2.7845085612596177,-2.7845085612596177,0.0,0.0,1.749,-2.7845085612596177,False,0.0,0.0,1.7490000000000003,-2.7845085612596177,False
3852,-1.3396532731849933,-1.3396532731849933,0.0,0.0,1.749,-1.3396532731849933,False,0.0,0.0,1.7490000000000003,-1.3396532731849933,False
3853,-1.3903164929845828,-1.3903164929845828,0.0,0.0,1.749,-1.3903164929845828,False,0.0,0.0,1.7490000000000003,-1.3903164929845828,False
3854,-0.0737028919671173,-0.0737028919671173,0.0,0.0,1.749,-0.0737028919671173,False,0.0,0.0,1.7490000000000003,-0.0737028919671173,False
3855,4.552896157709238,4.552896157709238,4.552896157709238,0.0,1.749,0.0,False,4.552896157709238,0.0,1.7490000000000003,0.0,False
3856,7.021797322338417,7.021797322338417,7.021797322338417,0.0,3.9324922915511324,0.0,False,7.021797322338417,0.0,3.9324922915511324,0.0,False
3857,3.3791264410952544,3.3791264410952544,3.3791264410952544,0.0,7.300027986429475,0.0,False,3.3791264410952544,0.0,7.300027986429475,0.0,False
3858,2.7492050570267987,2.7492050570267987,2.7492050570267987,0.0,8.920600097175889,0.0,False,2.7492050570267987,0.0,8.920600097175889,0.0,False
3859,-2.295086246075347,-2.295086246075347,0.0,2.295086246075347,10.239072524829876,0.0,False,0.0,0.0,10.239072524829876,-2.295086246075347,False
3860,-5.804915799491035,-5.804915799491035,0.0,5.804915799491035,9.042676115302745,0.0,False,0.0,0.0,10.239072524829876,-5.804915799491035,False
3861,-0.7629815967437514,-0.7629815967437514,0.0,0.7629815967437514,6.016654573848923,0.0,False,0.0,0.0,10.239072524829876,-0.7629815967437514,False
3862,-2.903573530367214,-2.903573530367214,0.0,2.903573530367214,5.618922922395536,0.0,False,0.0,0.0,10.239072524829876,-2.903573530367214,False
3863,-3.4738564451914336,-3.4738564451914336,0.0,3.4738564451914336,4.105330589005158,0.0,False,0.0,0.0,10.239072524829876,-3.4738564451914336,False
3864,-3.4637254785033402,-3.4637254785033402,0.0,1.0463693620473515,2.294457736036447,-2.4173561164559887,False,0.0,0.0,10.239072524829876,-3.4637254785033402,False
3865,-3.971965951064285,-3.971965951064285,0.0,0.0,1.7490000000000003,-3.971965951064285,False,0.0,0.0,10.239072524829876,-3.971965951064285,False
3866,-4.51285026095797,-4.51285026095797,0.0,0.0,1.7490000000000003,-4.51285026095797,False,0.0,0.0,10.239072524829876,-4.51285026095797,False
3867,-4.686121710209458,-4.686121710209458,0.0,0.0,1.7490000000000003,-4.686121710209458,False,0.0,0.0,10.239072524829876,-4.686121710209458,False
3868,-5.017977549107208,-5.017977549107208,0.0,0.0,1.7490000000000003,-5.017977549107208,False,0.0,3.4066854531093043,10.239072524829876,-1.6112920959979036,False
3869,5.322178516140983,5.322178516140983,5.322178516140983,0.0,1.7490000000000003,0.0,False,5.322178516140983,0.0,8.463214972000259,0.0,False
3870,9.447523892351962,9.447523892351962,8.745000000000001,0.0,4.301427150040665,0.7025238923519606,False,8.745000000000001,0.0,11.015642122040923,0.7025238923519606,False
3871,1.1080522913261928,1.1080522913261928,1.1080522913261928,0.0,8.495381817177638,0.0,False,1.1080522913261928,0.0,15.209596789177898,0.0,False
3872,-2.3041762198635256,-2.3041762198635256,0.0,2.3041762198635256,9.026785027999741,0.0,False,0.0,0.0,15.741000000000001,-2.3041762198635256,False
3873,-4.887257908925712,-4.887257908925712,0.0,4.887257908925712,7.82565014207702,0.0,False,0.0,0.0,15.741000000000001,-4.887257908925712,False
3874,-9.852597281265005,-9.852597281265005,0.0,6.769778214080563,5.277990844013397,-3.0828190671844427,False,0.0,8.14448850565202,15.741000000000001,-1.7081087756129847,False
3875,-16.754253406644704,-16.754253406644704,0.0,4.2595540635239357e-16,1.7490000000000006,-16.754253406644704,False,0.0,8.745000000000001,11.495391878623472,-8.009253406644703,False
3876,-18.69682136402461,-18.69682136402461,0.0,0.0,1.7490000000000003,-18.69682136402461,True,0.0,1.2068213640246093,6.936745501300676,-17.490000000000002,False
3877,-12.550423427128624,-12.550423427128624,0.0,0.0,1.7490000000000003,-12.550423427128624,False,0.0,8.745000000000001,6.307646377322798,-3.8054234271286234,False
3878,1.7290486304210906,1.7290486304210906,1.7290486304210906,0.0,1.7490000000000003,0.0,False,1.7290486304210906,0.0,1.7490000000000003,0.0,False
3879,9.88333822835059,9.88333822835059,8.745000000000001,0.0,2.5782225927114153,1.1383382283505892,False,8.745000000000001,0.0,2.5782225927114153,1.1383382283505892,False
3880,15.70026033834177,15.70026033834177,8.745000000000001,0.0,6.772177259848389,6.95526033834177,False,8.745000000000001,0.0,6.772177259848389,6.95526033834177,False
3881,20.672866722608383,20.672866722608383,8.745000000000001,0.0,10.966131926985362,11.927866722608382,False,5.861564824678965,0.0,10.966131926985362,14.811301897929418,False
3882,4.094723359765846,4.094723359765846,1.211288184444809,0.0,15.160086594122337,2.8834351753210368,False,4.094723359765846,0.0,13.777239663199,0.0,False
3883,-15.254390241795326,-15.254390241795326,0.0,8.745000000000001,15.741000000000001,-6.509390241795325,False,0.0,0.0,15.741000000000001,-15.254390241795326,False
3884,-19.296865447334728,-19.296865447334728,0.0,8.745000000000001,11.182353622677205,-10.551865447334727,False,0.0,8.745000000000001,15.741000000000001,-10.551865447334727,False
3885,-17.85086824321789,-17.85086824321789,0.0,8.745000000000001,6.6237072453544075,-9.105868243217888,False,0.0,5.435153160165363,11.182353622677205,-12.415715083052525,False
3886,-12.682133864483848,-12.682133864483848,0.0,0.6063098696766301,2.06506086803161,-12.075823994807218,False,0.0,0.0,8.349084181421357,-12.682133864483848,False
3887,-8.622493819363914,-8.622493819363914,0.0,0.0,1.7490000000000003,-8.622493819363914,False,0.0,0.0,8.349084181421357,-8.622493819363914,False
3888,-9.808966788775958,-9.808966788775958,0.0,0.0,1.7490000000000003,-9.808966788775958,False,0.0,0.0,8.349084181421357,-9.808966788775958,False
3889,-7.989338046569294,-7.989338046569294,0.0,0.0,1.7490000000000003,-7.989338046569294,False,0.0,0.0,8.349084181421357,-7.989338046569294,False
3890,-3.965964850865722,-3.965964850865722,0.0,0.0,1.7490000000000003,-3.965964850865722,False,0.0,0.0,8.349084181421357,-3.965964850865722,False
3891,-6.6013368445725185,-6.6013368445725185,0.0,0.0,1.7490000000000003,-6.6013368445725185,False,0.0,0.0,8.349084181421357,-6.6013368445725185,False
3892,-8.393335637880295,-8.393335637880295,0.0,0.0,1.7490000000000003,-8.393335637880295,False,0.0,0.0,8.349084181421357,-8.393335637880295,False
3893,-2.398723717896017,-2.398723717896017,0.0,0.0,1.7490000000000003,-2.398723717896017,False,0.0,0.0,8.349084181421357,-2.398723717896017,False
3894,2.1299209693583383,2.1299209693583383,2.1299209693583383,0.0,1.7490000000000003,0.0,False,2.1299209693583383,0.0,8.349084181421357,0.0,False
3895,0.4466550387733886,0.4466550387733886,0.4466550387733886,0.0,2.770474212701351,0.0,False,0.4466550387733886,0.0,9.370558394122709,0.0,False
3896,-1.6330518401061491,-1.6330518401061491,0.0,1.6330518401061491,2.984682444200939,0.0,False,0.0,0.0,9.584766625622297,-1.6330518401061491,False
3897,-6.884809949956354,-6.884809949956354,0.0,0.7373980873750399,2.1333953252895355,-6.147411862581315,False,0.0,0.0,9.584766625622297,-6.884809949956354,False
3898,-10.684039068609193,-10.684039068609193,0.0,0.0,1.7490000000000003,-10.684039068609193,False,0.0,0.0,9.584766625622297,-10.684039068609193,False
3899,-5.396713634009528,-5.396713634009528,0.0,0.0,1.7490000000000003,-5.396713634009528,False,0.0,0.0,9.584766625622297,-5.396713634009528,False
3900,-3.010764163508001,-3.010764163508001,0.0,0.0,1.7490000000000003,-3.010764163508001,False,0.0,0.0,9.584766625622297,-3.010764163508001,False
3901,-3.530281592173686,-3.530281592173686,0.0,0.0,1.7490000000000003,-3.530281592173686,False,0.0,0.0,9.584766625622297,-3.530281592173686,False
3902,-2.4503046388734266,-2.4503046388734266,0.0,0.0,1.7490000000000003,-2.4503046388734266,False,0.0,0.0,9.584766625622297,-2.4503046388734266,False
3903,-1.052717650867837,-1.052717650867837,0.0,0.0,1.7490000000000003,-1.052717650867837,False,0.0,0.0,9.584766625622297,-1.052717650867837,False
3904,-0.911531189991057,-0.911531189991057,0.0,0.0,1.7490000000000003,-0.911531189991057,False,0.0,0.0,9.584766625622297,-0.911531189991057,False
3905,-1.3240098100978748,-1.3240098100978748,0.0,0.0,1.7490000000000003,-1.3240098100978748,False,0.0,0.0,9.584766625622297,-1.3240098100978748,False
3906,-1.5666521552075916,-1.5666521552075916,0.0,0.0,1.7490000000000003,-1.5666521552075916,False,0.0,0.0,9.584766625622297,-1.5666521552075916,False
3907,-1.5326688440470169,-1.5326688440470169,0.0,0.0,1.7490000000000003,-1.5326688440470169,False,0.0,0.0,9.584766625622297,-1.5326688440470169,False
3908,-1.976189177209719,-1.976189177209719,0.0,0.0,1.7490000000000003,-1.976189177209719,False,0.0,0.0,9.584766625622297,-1.976189177209719,False
3909,-2.05728683534874,-2.05728683534874,0.0,0.0,1.7490000000000003,-2.05728683534874,False,0.0,0.0,9.584766625622297,-2.05728683534874,False
3910,-1.7461439602892266,-1.7461439602892266,0.0,0.0,1.7490000000000003,-1.7461439602892266,False,0.0,0.0,9.584766625622297,-1.7461439602892266,False
3911,-1.8623674787617983,-1.8623674787617983,0.0,0.0,1.7490000000000003,-1.8623674787617983,False,0.0,0.0,9.584766625622297,-1.8623674787617983,False
3912,-2.126747847401808,-2.126747847401808,0.0,0.0,1.7490000000000003,-2.126747847401808,False,0.0,0.0,9.584766625622297,-2.126747847401808,False
3913,-2.3636057909357757,-2.3636057909357757,0.0,0.0,1.7490000000000003,-2.3636057909357757,False,0.0,0.0,9.584766625622297,-2.3636057909357757,False
3914,-2.8584737897338415,-2.8584737897338415,0.0,0.0,1.7490000000000003,-2.8584737897338415,False,0.0,0.0,9.584766625622297,-2.8584737897338415,False
3915,-2.8603579746398258,-2.8603579746398258,0.0,0.0,1.7490000000000003,-2.8603579746398258,False,0.0,0.0,9.584766625622297,-2.8603579746398258,False
3916,-2.3918129469613323,-2.3918129469613323,0.0,0.0,1.7490000000000003,-2.3918129469613323,False,0.0,0.0,9.584766625622297,-2.3918129469613323,False
3917,-2.2345765399306354,-2.2345765399306354,0.0,0.0,1.7490000000000003,-2.2345765399306354,False,0.0,0.0,9.584766625622297,-2.2345765399306354,False
3918,-2.418982756710289,-2.418982756710289,0.0,0.0,1.7490000000000003,-2.418982756710289,False,0.0,0.0,9.584766625622297,-2.418982756710289,False
3919,-2.479784087781297,-2.479784087781297,0.0,0.0,1.7490000000000003,-2.479784087781297,False,0.0,0.0,9.584766625622297,-2.479784087781297,False
3920,-2.7024895124694526,-2.7024895124694526,0.0,0.0,1.7490000000000003,-2.7024895124694526,False,0.0,0.0,9.584766625622297,-2.7024895124694526,False
3921,-2.420101649179696,-2.420101649179696,0.0,0.0,1.7490000000000003,-2.420101649179696,False,0.0,0.0,9.584766625622297,-2.420101649179696,False
3922,-0.4843440712820961,-0.4843440712820961,0.0,0.0,1.7490000000000003,-0.4843440712820961,False,0.0,0.0,9.584766625622297,-0.4843440712820961,False
3923,3.2755242986707187,3.2755242986707187,3.2755242986707187,0.0,1.7490000000000003,0.0,False,3.2755242986707187,0.0,9.584766625622297,0.0,False
3924,7.43910718752047,7.43910718752047,7.43910718752047,0.0,3.3198862686941824,0.0,False,7.43910718752047,0.0,11.155652894316479,0.0,False
3925,2.1220024623785645,2.1220024623785645,2.1220024623785645,0.0,6.887556744215472,0.0,False,2.1220024623785645,0.0,14.723323369837768,0.0,False
3926,-9.719359109874043,-9.719359109874043,0.0,8.745000000000001,7.905233374377706,-0.9743591098740421,False,0.0,0.6063098696766263,15.741000000000001,-9.113049240197416,False
3927,-9.56445894661163,-9.56445894661163,0.0,3.064703232684173,3.3465869970549083,-6.499755713927457,False,0.0,8.745000000000001,15.424939131968394,-0.8194589466116291,False
3928,-9.13288160212793,-9.13288160212793,0.0,0.0,1.7490000000000003,-9.13288160212793,False,0.0,8.745000000000001,10.866292754645595,-0.3878816021279299,False
3929,-10.859665215991505,-10.859665215991505,0.0,0.0,1.7490000000000003,-10.859665215991505,False,0.0,8.745000000000001,6.307646377322798,-2.1146652159915043,False
3930,-6.718538382170886,-6.718538382170886,0.0,0.0,1.7490000000000003,-6.718538382170886,False,0.0,0.0,1.7490000000000003,-6.718538382170886,False
3931,-5.225526365527776,-5.225526365527776,0.0,0.0,1.7490000000000003,-5.225526365527776,False,0.0,0.0,1.7490000000000003,-5.225526365527776,False
3932,-4.8251616680374365,-4.8251616680374365,0.0,0.0,1.7490000000000003,-4.8251616680374365,False,0.0,0.0,1.7490000000000003,-4.8251616680374365,False
3933,-3.797260626789107,-3.797260626789107,0.0,0.0,1.7490000000000003,-3.797260626789107,False,0.0,0.0,1.7490000000000003,-3.797260626789107,False
3934,-3.0919975302526725,-3.0919975302526725,0.0,0.0,1.7490000000000003,-3.0919975302526725,False,0.0,0.0,1.7490000000000003,-3.0919975302526725,False
3935,-1.1448001102443603,-1.1448001102443603,0.0,0.0,1.7490000000000003,-1.1448001102443603,False,0.0,0.0,1.7490000000000003,-1.1448001102443603,False
3936,1.4218250761399525,1.4218250761399525,1.4218250761399525,0.0,1.7490000000000003,0.0,False,1.4218250761399525,0.0,1.7490000000000003,0.0,False
3937,1.7145460882065608,1.7145460882065608,1.7145460882065608,0.0,2.4308833520788493,0.0,False,1.7145460882065608,0.0,2.4308833520788493,0.0,False
3938,4.098530014750158,4.098530014750158,4.098530014750158,0.0,3.2531507698782027,0.0,False,4.098530014750158,0.0,3.2531507698782027,0.0,False
3939,2.4017194583002808,2.4017194583002808,2.4017194583002808,0.0,5.218736714276418,0.0,False,2.4017194583002808,0.0,5.218736714276418,0.0,False
3940,-8.059623431603564,-8.059623431603564,0.0,8.059623431603564,6.370560903103422,0.0,False,0.0,0.0,6.370560903103422,-8.059623431603564,False
3941,-10.486842143909719,-10.486842143909719,0.0,0.8060675548016323,2.1691917596997037,-9.680774589108086,False,0.0,0.0,6.370560903103422,-10.486842143909719,False
3942,-3.6130245332946944,-3.6130245332946944,0.0,0.0,1.7490000000000003,-3.6130245332946944,False,0.0,0.0,6.370560903103422,-3.6130245332946944,False
3943,-2.040210013187033,-2.040210013187033,0.0,0.0,1.7490000000000003,-2.040210013187033,False,0.0,0.0,6.370560903103422,-2.040210013187033,False
3944,-3.4144327506920047,-3.4144327506920047,0.0,0.0,1.7490000000000003,-3.4144327506920047,False,0.0,0.0,6.370560903103422,-3.4144327506920047,False
3945,-4.807862087037192,-4.807862087037192,0.0,0.0,1.7490000000000003,-4.807862087037192,False,0.0,0.0,6.370560903103422,-4.807862087037192,False
3946,-7.320921612556101,-7.320921612556101,0.0,0.0,1.7490000000000003,-7.320921612556101,False,0.0,0.0,6.370560903103422,-7.320921612556101,False
3947,-6.547166736216844,-6.547166736216844,0.0,0.0,1.7490000000000003,-6.547166736216844,False,0.0,0.0,6.370560903103422,-6.547166736216844,False
3948,-1.6079894813059177,-1.6079894813059177,0.0,0.0,1.7490000000000003,-1.6079894813059177,False,0.0,0.0,6.370560903103422,-1.6079894813059177,False
3949,-6.269711696137632,-6.269711696137632,0.0,0.0,1.7490000000000003,-6.269711696137632,False,0.0,0.0,6.370560903103422,-6.269711696137632,False
3950,-12.942427650391531,-12.942427650391531,0.0,0.0,1.7490000000000003,-12.942427650391531,False,0.0,0.0,6.370560903103422,-12.942427650391531,False
3951,-9.478142349622786,-9.478142349622786,0.0,0.0,1.7490000000000003,-9.478142349622786,False,0.0,0.0,6.370560903103422,-9.478142349622786,False
3952,-6.012240838292213,-6.012240838292213,0.0,0.0,1.7490000000000003,-6.012240838292213,False,0.0,0.0,6.370560903103422,-6.012240838292213,False
3953,-4.5050010835456575,-4.5050010835456575,0.0,0.0,1.7490000000000003,-4.5050010835456575,False,0.0,0.0,6.370560903103422,-4.5050010835456575,False
3954,-2.8281621472806715,-2.8281621472806715,0.0,0.0,1.7490000000000003,-2.8281621472806715,False,0.0,0.0,6.370560903103422,-2.8281621472806715,False
3955,-1.2283754696545974,-1.2283754696545974,0.0,0.0,1.7490000000000003,-1.2283754696545974,False,0.0,0.0,6.370560903103422,-1.2283754696545974,False
3956,-2.085996735677187,-2.085996735677187,0.0,0.0,1.7490000000000003,-2.085996735677187,False,0.0,0.0,6.370560903103422,-2.085996735677187,False
3957,-5.708455223402852,-5.708455223402852,0.0,0.0,1.7490000000000003,-5.708455223402852,False,0.0,0.0,6.370560903103422,-5.708455223402852,False
3958,,0.0,0.0,0.0,1.7490000000000003,,False,0.0,0.0,6.370560903103422,0.0,False
3959,,0.0,0.0,0.0,1.7490000000000003,,False,0.0,0.0,6.370560903103422,0.0,False
3960,,0.0,0.0,0.0,1.7490000000000003,,False,0.0,0.0,6.370560903103422,0.0,False
3961,,0.0,0.0,0.0,1.7490000000000003,,False,0.0,0.0,6.370560903103422,0.0,False
3962,,0.0,0.0,0.0,1.7490000000000003,,False,0.0,0.0,6.370560903103422,0.0,False
3963,,0.0,0.0,0.0,1.7490000000000003,,False,0.0,0.0,6.370560903103422,0.0,False
3964,,0.0,0.0,0.0,1.7490000000000003,,False,0.0,0.0,6.370560903103422,0.0,False
3965,,0.0,0.0,0.0,1.7490000000000003,,False,0.0,0.0,6.370560903103422,0.0,False
3966,,0.0,0.0,0.0,1.7490000000000003,,False,0.0,0.0,6.370560903103422,0.0,False
3967,,0.0,0.0,0.0,1.7490000000000003,,False,0.0,0.0,6.370560903103422,0.0,False
3968,,0.0,0.0,0.0,1.7490000000000003,,False,0.0,0.0,6.370560903103422,0.0,False
3969,,0.0,0.0,0.0,1.7490000000000003,,False,0.0,0.0,6.370560903103422,0.0,False
3970,,0.0,0.0,0.0,1.7490000000000003,,False,0.0,0.0,6.370560903103422,0.0,False
3971,,0.0,0.0,0.0,1.7490000000000003,,False,0.0,0.0,6.370560903103422,0.0,False
3972,,0.0,0.0,0.0,1.7490000000000003,,False,0.0,0.0,6.370560903103422,0.0,False
3973,,0.0,0.0,0.0,1.7490000000000003,,False,0.0,0.0,6.370560903103422,0.0,False
3974,,0.0,0.0,0.0,1.7490000000000003,,False,0.0,0.0,6.370560903103422,0.0,False
3975,,0.0,0.0,0.0,1.7490000000000003,,False,0.0,0.0,6.370560903103422,0.0,False
3976,,0.0,0.0,0.0,1.7490000000000003,,False,0.0,0.0,6.370560903103422,0.0,False
3977,,0.0,0.0,0.0,1.7490000000000003,,False,0.0,0.0,6.370560903103422,0.0,False
3978,,0.0,0.0,0.0,1.7490000000000003,,False,0.0,0.0,6.370560903103422,0.0,False
3979,,0.0,0.0,0.0,1.7490000000000003,,False,0.0,0.0,6.370560903103422,0.0,False
3980,,0.0,0.0,0.0,1.7490000000000003,,False,0.0,0.0,6.370560903103422,0.0,False
3981,,0.0,0.0,0.0,1.7490000000000003,,False,0.0,0.0,6.370560903103422,0.0,False
3982,,0.0,0.0,0.0,1.7490000000000003,,False,0.0,0.0,6.370560903103422,0.0,False
3983,,0.0,0.0,0.0,1.7490000000000003,,False,0.0,0.0,6.370560903103422,0.0,False
3984,,0.0,0.0,0.0,1.7490000000000003,,False,0.0,0.0,6.370560903103422,0.0,False
3985,-1.0872761141035745,-1.0872761141035745,0.0,0.0,1.7490000000000003,-1.0872761141035745,False,0.0,0.0,6.370560903103422,-1.0872761141035745,False
3986,-1.894295494431935,-1.894295494431935,0.0,0.0,1.7490000000000003,-1.894295494431935,False,0.0,0.0,6.370560903103422,-1.894295494431935,False
3987,-1.2574417858736844,-1.2574417858736844,0.0,0.0,1.7490000000000003,-1.2574417858736844,False,0.0,0.8269731871518881,6.370560903103422,-0.4304685987217963,False
3988,-0.33732002846899733,-0.33732002846899733,0.0,0.0,1.7490000000000003,-0.33732002846899733,False,0.0,0.33732002846899733,5.939471329203703,0.0,False
3989,-0.5483128978409543,-0.5483128978409543,0.0,0.0,1.7490000000000003,-0.5483128978409543,False,0.0,0.5483128978409543,5.763631108988881,0.0,False
3990,-0.88074677200741,-0.88074677200741,0.0,0.0,1.7490000000000003,-0.88074677200741,False,0.0,0.88074677200741,5.477803252455773,0.0,False
3991,-1.661793160860414,-1.661793160860414,0.0,0.0,1.7490000000000003,-1.661793160860414,False,0.0,1.661793160860414,5.01868225971131,0.0,False
3992,-1.9520634234377081,-1.9520634234377081,0.0,0.0,1.7490000000000003,-1.9520634234377081,False,0.0,1.9520634234377081,4.152412691659152,0.0,False
3993,-1.2244996162763242,-1.2244996162763242,0.0,0.0,1.7490000000000003,-1.2244996162763242,False,0.0,1.2244996162763242,3.1348292893082497,0.0,False
3994,-1.1620696402701323,-1.1620696402701323,0.0,0.0,1.7490000000000003,-1.1620696402701323,False,0.0,1.1620696402701323,2.496514739305823,0.0,False
3995,-0.2719122600913691,-0.2719122600913691,0.0,0.0,1.7490000000000003,-0.2719122600913691,False,0.0,0.2719122600913691,1.8907440639697173,0.0,False
3996,4.442504798460476,4.442504798460476,4.442504798460476,0.0,1.7490000000000003,0.0,False,4.442504798460476,0.0,1.7490000000000003,0.0,False
3997,2.854387490336277,2.854387490336277,2.854387490336277,0.0,3.8795504554924776,0.0,False,2.854387490336277,0.0,3.8795504554924776,0.0,False
3998,-1.779237797934797,-1.779237797934797,0.0,1.779237797934797,5.248466606082897,0.0,False,0.0,1.779237797934797,5.248466606082897,0.0,False
3999,1.152145826271981,1.152145826271981,1.152145826271981,0.0,4.320974788821462,0.0,False,1.152145826271981,0.0,4.320974788821462,0.0,False
4000,7.826008674165188,7.826008674165188,7.826008674165188,0.0,4.8735245161302965,0.0,False,7.826008674165188,0.0,4.8735245161302965,0.0,False
4001,-0.03467877557038867,-0.03467877557038867,0.0,0.03467877557038867,8.626746426258316,0.0,False,0.0,0.0,8.626746426258316,-0.03467877557038867,False
4002,-16.48192060431075,-16.48192060431075,0.0,8.745000000000001,8.608668864837625,-7.73692060431075,False,0.0,0.0,8.626746426258316,-16.48192060431075,False
4003,-17.10525183171443,-17.10525183171443,0.0,4.414126472590023,4.050022487514828,-12.691125359124406,False,0.0,0.0,8.626746426258316,-17.10525183171443,False
4004,-11.099713124159466,-11.099713124159466,0.0,4.2595540635239357e-16,1.7490000000000006,-11.099713124159466,False,0.0,0.0,8.626746426258316,-11.099713124159466,False
4005,-6.95784730431055,-6.95784730431055,0.0,0.0,1.7490000000000003,-6.95784730431055,False,0.0,0.0,8.626746426258316,-6.95784730431055,False
4006,-5.624717411733684,-5.624717411733684,0.0,0.0,1.7490000000000003,-5.624717411733684,False,0.0,0.0,8.626746426258316,-5.624717411733684,False
4007,-4.996988389844291,-4.996988389844291,0.0,0.0,1.7490000000000003,-4.996988389844291,False,0.0,0.42679273508584775,8.626746426258316,-4.570195654758443,False
4008,-4.7489165348133895,-4.7489165348133895,0.0,0.0,1.7490000000000003,-4.7489165348133895,False,0.0,4.7489165348133895,8.404265333557712,0.0,False
4009,-4.360550896552086,-4.360550896552086,0.0,0.0,1.7490000000000003,-4.360550896552086,False,0.0,4.360550896552086,5.928721461901292,0.0,False
4010,-3.6575450817090878,-3.6575450817090878,0.0,0.0,1.7490000000000003,-3.6575450817090878,False,0.0,3.6575450817090878,3.6556271739997657,0.0,False
4011,0.7439053843630271,0.7439053843630271,0.7439053843630271,0.0,1.7490000000000003,0.0,False,0.7439053843630271,0.0,1.7490000000000003,0.0,False
4012,8.972175437386689,8.972175437386689,8.745000000000001,0.0,2.1057644892690273,0.22717543738668766,False,8.745000000000001,0.0,2.1057644892690273,0.22717543738668766,False
4013,16.79259192287885,16.79259192287885,8.745000000000001,0.0,6.299719156406001,8.047591922878848,False,8.745000000000001,0.0,6.299719156406001,8.047591922878848,False
4014,10.657580195621682,10.657580195621682,8.745000000000001,0.0,10.493673823542974,1.9125801956216808,False,8.745000000000001,0.0,10.493673823542974,1.9125801956216808,False
4015,-11.945007001932307,-11.945007001932307,0.0,8.745000000000001,14.687628490679948,-3.200007001932306,False,0.0,0.0,14.687628490679948,-11.945007001932307,False
4016,-18.138327973628716,-18.138327973628716,0.0,8.745000000000001,10.12898211335715,-9.393327973628715,False,0.0,8.745000000000001,14.687628490679948,-9.393327973628715,False
4017,-11.081654503326169,-11.081654503326169,0.0,7.3305929536139836,5.570335736034353,-3.751061549712185,False,0.0,0.0,10.12898211335715,-11.081654503326169,False
4018,-11.678494805060241,-11.678494805060241,0.0,4.2595540635239357e-16,1.7490000000000006,-11.678494805060241,False,0.0,7.3305929536139836,10.12898211335715,-4.347901851446258,False
4019,-10.814404061993326,-10.814404061993326,0.0,0.0,1.7490000000000003,-10.814404061993326,False,0.0,8.745000000000001,6.307646377322798,-2.0694040619933247,False
4020,-8.204916447689852,-8.204916447689852,0.0,0.0,1.7490000000000003,-8.204916447689852,False,0.0,0.0,1.7490000000000003,-8.204916447689852,False
4021,-5.641262297367211,-5.641262297367211,0.0,0.0,1.7490000000000003,-5.641262297367211,False,0.0,0.0,1.7490000000000003,-5.641262297367211,False
4022,-1.600816127257945,-1.600816127257945,0.0,0.0,1.7490000000000003,-1.600816127257945,False,0.0,0.0,1.7490000000000003,-1.600816127257945,False
4023,-0.39104350854529357,-0.39104350854529357,0.0,0.0,1.7490000000000003,-0.39104350854529357,False,0.0,0.0,1.7490000000000003,-0.39104350854529357,False
4024,-5.678656583020311,-5.678656583020311,0.0,0.0,1.7490000000000003,-5.678656583020311,False,0.0,0.0,1.7490000000000003,-5.678656583020311,False
4025,-7.609521651696515,-7.609521651696515,0.0,0.0,1.7490000000000003,-7.609521651696515,False,0.0,0.0,1.7490000000000003,-7.609521651696515,False
4026,-4.236388938849096,-4.236388938849096,0.0,0.0,1.7490000000000003,-4.236388938849096,False,0.0,0.0,1.7490000000000003,-4.236388938849096,False
4027,-2.362522455229903,-2.362522455229903,0.0,0.0,1.7490000000000003,-2.362522455229903,False,0.0,0.0,1.7490000000000003,-2.362522455229903,False
4028,1.7608162287705336,1.7608162287705336,1.7608162287705336,0.0,1.7490000000000003,0.0,False,1.7608162287705336,0.0,1.7490000000000003,0.0,False
4029,5.330168206607021,5.330168206607021,5.330168206607021,0.0,2.593457797669835,0.0,False,5.330168206607021,0.0,2.593457797669835,0.0,False
4030,3.4115158018370364,3.4115158018370364,3.4115158018370364,0.0,5.149716668650353,0.0,False,3.4115158018370364,0.0,5.149716668650353,0.0,False
4031,-3.4576438377754735,-3.4576438377754735,0.0,3.4576438377754735,6.785822171123305,0.0,False,0.0,3.4576438377754735,6.785822171123305,0.0,False
4032,0.7400800152926441,0.7400800152926441,0.7400800152926441,0.0,4.983400723993785,0.0,False,0.0,0.0,4.983400723993785,0.7400800152926441,False
4033,11.569950482382124,11.569950482382124,8.745000000000001,0.0,5.338330630705208,2.824950482382123,False,5.899238384973362,0.0,4.983400723993785,5.670712097408762,False
4034,3.3948873744245156,3.3948873744245156,3.3948873744245156,0.0,9.532285297842183,0.0,False,3.3948873744245156,0.0,7.812576065012952,0.0,False
4035,5.691603320069993,5.691603320069993,5.691603320069993,0.0,11.160416086678328,0.0,False,5.691603320069993,0.0,9.440706853849097,0.0,False
4036,,0.0,0.0,0.0,13.890013148736628,,False,0.0,0.0,12.170303915907397,0.0,False
4037,,0.0,0.0,0.0,13.890013148736628,,False,0.0,0.0,12.170303915907397,0.0,False
4038,,0.0,0.0,0.0,13.890013148736628,,False,0.0,0.0,12.170303915907397,0.0,False
4039,,0.0,0.0,0.0,13.890013148736628,,False,0.0,0.0,12.170303915907397,0.0,False
4040,,0.0,0.0,0.0,13.890013148736628,,False,0.0,0.0,12.170303915907397,0.0,False
4041,,0.0,0.0,0.0,13.890013148736628,,False,0.0,0.0,12.170303915907397,0.0,False
4042,,0.0,0.0,0.0,13.890013148736628,,False,0.0,0.0,12.170303915907397,0.0,False
4043,,0.0,0.0,0.0,13.890013148736628,,False,0.0,0.0,12.170303915907397,0.0,False
4044,,0.0,0.0,0.0,13.890013148736628,,False,0.0,0.0,12.170303915907397,0.0,False
4045,,0.0,0.0,0.0,13.890013148736628,,False,0.0,0.0,12.170303915907397,0.0,False
4046,,0.0,0.0,0.0,13.890013148736628,,False,0.0,0.0,12.170303915907397,0.0,False
4047,,0.0,0.0,0.0,13.890013148736628,,False,0.0,0.0,12.170303915907397,0.0,False
4048,,0.0,0.0,0.0,13.890013148736628,,False,0.0,0.0,12.170303915907397,0.0,False
4049,,0.0,0.0,0.0,13.890013148736628,,False,0.0,0.0,12.170303915907397,0.0,False
4050,,0.0,0.0,0.0,13.890013148736628,,False,0.0,0.0,12.170303915907397,0.0,False
4051,,0.0,0.0,0.0,13.890013148736628,,False,0.0,0.0,12.170303915907397,0.0,False
4052,,0.0,0.0,0.0,13.890013148736628,,False,0.0,0.0,12.170303915907397,0.0,False
4053,,0.0,0.0,0.0,13.890013148736628,,False,0.0,0.0,12.170303915907397,0.0,False
4054,,0.0,0.0,0.0,13.890013148736628,,False,0.0,0.0,12.170303915907397,0.0,False
4055,,0.0,0.0,0.0,13.890013148736628,,False,0.0,0.0,12.170303915907397,0.0,False
4056,,0.0,0.0,0.0,13.890013148736628,,False,0.0,0.0,12.170303915907397,0.0,False
4057,,0.0,0.0,0.0,13.890013148736628,,False,0.0,0.0,12.170303915907397,0.0,False
4058,,0.0,0.0,0.0,13.890013148736628,,False,0.0,0.0,12.170303915907397,0.0,False
4059,,0.0,0.0,0.0,13.890013148736628,,False,0.0,0.0,12.170303915907397,0.0,False
4060,,0.0,0.0,0.0,13.890013148736628,,False,0.0,0.0,12.170303915907397,0.0,False
4061,,0.0,0.0,0.0,13.890013148736628,,False,0.0,0.0,12.170303915907397,0.0,False
4062,,0.0,0.0,0.0,13.890013148736628,,False,0.0,0.0,12.170303915907397,0.0,False
4063,,0.0,0.0,0.0,13.890013148736628,,False,0.0,0.0,12.170303915907397,0.0,False
4064,,0.0,0.0,0.0,13.890013148736628,,False,0.0,0.0,12.170303915907397,0.0,False
4065,,0.0,0.0,0.0,13.890013148736628,,False,0.0,0.0,12.170303915907397,0.0,False
4066,,0.0,0.0,0.0,13.890013148736628,,False,0.0,0.0,12.170303915907397,0.0,False
4067,,0.0,0.0,0.0,13.890013148736628,,False,0.0,0.0,12.170303915907397,0.0,False
4068,,0.0,0.0,0.0,13.890013148736628,,False,0.0,0.0,12.170303915907397,0.0,False
4069,,0.0,0.0,0.0,13.890013148736628,,False,0.0,0.0,12.170303915907397,0.0,False
4070,,0.0,0.0,0.0,13.890013148736628,,False,0.0,0.0,12.170303915907397,0.0,False
4071,,0.0,0.0,0.0,13.890013148736628,,False,0.0,0.0,12.170303915907397,0.0,False
4072,,0.0,0.0,0.0,13.890013148736628,,False,0.0,0.0,12.170303915907397,0.0,False
4073,,0.0,0.0,0.0,13.890013148736628,,False,0.0,0.0,12.170303915907397,0.0,False
4074,-1.3822680892597214,-1.3822680892597214,0.0,1.3822680892597214,13.890013148736628,0.0,False,0.0,1.3822680892597214,12.170303915907397,0.0,False
4075,-1.6863533647640185,-1.6863533647640185,0.0,1.6863533647640185,13.16945609698217,0.0,False,0.0,1.6863533647640185,11.449746864152939,0.0,False
4076,-1.07254589666771,-1.07254589666771,0.0,1.07254589666771,12.290383637614806,0.0,False,0.0,1.07254589666771,10.570674404785574,0.0,False
4077,-0.6203864653941553,-0.6203864653941553,0.0,0.6203864653941553,11.731280439632338,0.0,False,0.0,0.6203864653941553,10.011571206803106,0.0,False
4078,-0.9579769814915796,-0.9579769814915796,0.0,0.9579769814915796,11.407881638830833,0.0,False,0.0,0.9579769814915796,9.688172406001602,0.0,False
4079,-1.7894883598757385,-1.7894883598757385,0.0,1.7894883598757385,10.908501616391128,0.0,False,0.0,1.7894883598757385,9.188792383561896,0.0,False
4080,-1.8742295561277387,-1.8742295561277387,0.0,1.8742295561277387,9.975666324337514,0.0,False,0.0,1.8742295561277387,8.255957091508282,0.0,False
4081,-1.670443309901438,-1.670443309901438,0.0,1.670443309901438,8.998656630076447,0.0,False,0.0,1.670443309901438,7.278947397247216,0.0,False
4082,-1.5228560692915214,-1.5228560692915214,0.0,1.5228560692915214,8.127877860127299,0.0,False,0.0,1.5228560692915214,6.4081686272980685,0.0,False
4083,1.779881510026217,1.779881510026217,1.779881510026217,0.0,7.334034257673345,0.0,False,1.779881510026217,0.0,5.614325024844114,0.0,False
4084,4.3451014784242465,4.3451014784242465,4.3451014784242465,0.0,8.187635443027862,0.0,False,4.3451014784242465,0.0,6.467926210198632,0.0,False
4085,5.3773180841143,5.3773180841143,5.3773180841143,0.0,10.271472907249832,0.0,False,5.3773180841143,0.0,8.551763674420602,0.0,False
4086,-0.10588412408811673,-0.10588412408811673,0.0,0.10588412408811673,12.850344065117323,0.0,False,0.0,0.10588412408811673,11.130634832288093,0.0,False
4087,-6.669582219327115,-6.669582219327115,0.0,6.669582219327115,12.795148149886872,0.0,False,0.0,6.669582219327115,11.075438917057642,0.0,False
4088,0.9358109912985783,0.9358109912985783,0.9358109912985783,0.0,9.318388078715678,0.0,False,0.9358109912985783,0.0,7.598678845886449,0.0,False
4089,11.683412936838732,11.683412936838732,8.745000000000001,0.0,9.767187263908903,2.9384129368387306,False,8.745000000000001,0.0,8.047478031079674,2.9384129368387306,False
4090,7.297102253846542,7.297102253846542,3.7112606235272594,0.0,13.961141931045876,3.5858416303192824,False,7.297102253846542,0.0,12.241432698216647,0.0,False
4091,-6.107687412614435,-6.107687412614435,0.0,6.107687412614435,15.741000000000001,0.0,False,0.0,6.107687412614435,15.741000000000001,0.0,False
4092,-7.146347173199713,-7.146347173199713,0.0,7.146347173199713,12.557147844787327,0.0,False,0.0,7.146347173199713,12.557147844787327,0.0,False
4093,1.8110154529192781,1.8110154529192781,1.8110154529192781,0.0,8.8318568611169,0.0,False,1.8110154529192781,0.0,8.8318568611169,0.0,False
4094,-2.7931245684619332,-2.7931245684619332,0.0,2.7931245684619332,9.700389360948574,0.0,False,0.0,0.0,9.700389360948574,-2.7931245684619332,False
4095,-7.799371708665037,-7.799371708665037,0.0,7.799371708665037,8.244372528995424,0.0,False,0.0,0.0,9.700389360948574,-7.799371708665037,False
4096,-5.872283448629332,-5.872283448629332,0.0,4.6609132234212485,4.178668974381384,-1.2113702252080838,False,0.0,0.0,9.700389360948574,-5.872283448629332,False
4097,-12.78192454222905,-12.78192454222905,0.0,4.2595540635239357e-16,1.7490000000000006,-12.78192454222905,False,0.0,0.0,9.700389360948574,-12.78192454222905,False
4098,-15.110446563784114,-15.110446563784114,0.0,0.0,1.7490000000000003,-15.110446563784114,False,0.0,0.0,9.700389360948574,-15.110446563784114,False
4099,-14.917023017100858,-14.917023017100858,0.0,0.0,1.7490000000000003,-14.917023017100858,False,0.0,0.0,9.700389360948574,-14.917023017100858,False
4100,-16.81766127759911,-16.81766127759911,0.0,0.0,1.7490000000000003,-16.81766127759911,False,0.0,6.508409500548218,9.700389360948574,-10.309251777050893,False
4101,-12.305085868849174,-12.305085868849174,0.0,0.0,1.7490000000000003,-12.305085868849174,False,0.0,8.745000000000001,6.307646377322798,-3.560085868849173,False
4102,-5.6087107624543195,-5.6087107624543195,0.0,0.0,1.7490000000000003,-5.6087107624543195,False,0.0,0.0,1.7490000000000003,-5.6087107624543195,False
4103,-4.814625829967622,-4.814625829967622,0.0,0.0,1.7490000000000003,-4.814625829967622,False,0.0,0.0,1.7490000000000003,-4.814625829967622,False
4104,-3.4893733958097752,-3.4893733958097752,0.0,0.0,1.7490000000000003,-3.4893733958097752,False,0.0,0.0,1.7490000000000003,-3.4893733958097752,False
4105,1.871619883821146,1.871619883821146,1.871619883821146,0.0,1.7490000000000003,0.0,False,0.0,0.0,1.7490000000000003,1.871619883821146,False
4106,18.352062949822344,18.352062949822344,8.745000000000001,0.0,2.6465973638488345,9.607062949822343,False,0.8620629498223416,0.0,1.7490000000000003,17.490000000000002,False
4107,23.49767756184946,23.49767756184946,8.745000000000001,0.0,6.840552030985808,14.75267756184946,False,0.0,0.0,2.162430866983794,23.49767756184946,True
4108,14.053080587538497,14.053080587538497,8.745000000000001,0.0,11.034506698122783,5.308080587538496,False,0.0,0.0,2.162430866983794,14.053080587538497,False
4109,31.34988070957314,31.34988070957314,1.0687169310447495,0.0,15.228461365259758,30.281163778528388,True,8.745000000000001,0.0,2.162430866983794,22.604880709573138,True
4110,30.1364156442706,30.1364156442706,0.0,0.0,15.741000000000001,30.1364156442706,True,8.745000000000001,0.0,6.3563855341207685,21.391415644270598,True
4111,10.000269784650246,10.000269784650246,0.0,0.0,15.741000000000001,10.000269784650246,False,0.0,0.0,10.550340201257743,10.000269784650246,False
4112,20.634334944083506,20.634334944083506,0.0,0.0,15.741000000000001,20.634334944083506,True,3.1443349440835036,0.0,10.550340201257743,17.490000000000002,False
4113,13.529903825721389,13.529903825721389,0.0,0.0,15.741000000000001,13.529903825721389,False,0.0,0.0,12.058310265726684,13.529903825721389,False
4114,-1.392374351605228,-1.392374351605228,0.0,1.392374351605228,15.741000000000001,0.0,False,0.0,1.392374351605228,12.058310265726684,0.0,False
4115,4.901251497958331,4.901251497958331,1.5134503821795944,0.0,15.015174694817343,3.3878011157787364,False,0.0,0.0,11.332484960544026,4.901251497958331,False
4116,9.434802686274132,9.434802686274132,0.0,0.0,15.741000000000001,9.434802686274132,False,0.0,0.0,11.332484960544026,9.434802686274132,False
4117,12.349832035684418,12.349832035684418,0.0,0.0,15.741000000000001,12.349832035684418,False,0.0,0.0,11.332484960544026,12.349832035684418,False
4118,18.368442147583934,18.368442147583934,0.0,0.0,15.741000000000001,18.368442147583934,True,0.8784421475839324,0.0,11.332484960544026,17.490000000000002,False
4119,24.832546325328455,24.832546325328455,0.0,0.0,15.741000000000001,24.832546325328455,True,4.191721311734376,0.0,11.75377101482298,20.64082501359408,True
4120,19.45273629450078,19.45273629450078,0.0,0.0,15.741000000000001,19.45273629450078,True,1.962736294500779,0.0,13.764049935198727,17.490000000000002,False
4121,14.75518587443836,14.75518587443836,0.0,0.0,15.741000000000001,14.75518587443836,False,0.0,0.0,14.70534519451041,14.75518587443836,False
4122,17.368333404303595,17.368333404303595,0.0,0.0,15.741000000000001,17.368333404303595,False,0.0,0.0,14.70534519451041,17.368333404303595,False
4123,19.64948954932056,19.64948954932056,0.0,0.0,15.741000000000001,19.64948954932056,True,2.1594895493205577,0.0,14.70534519451041,17.490000000000002,False
4124,17.436016307088078,17.436016307088078,0.0,0.0,15.741000000000001,17.436016307088078,False,0.0,0.0,15.741000000000001,17.436016307088078,False
4125,2.2768868848209194,2.2768868848209194,0.0,0.0,15.741000000000001,2.2768868848209194,False,0.0,0.0,15.741000000000001,2.2768868848209194,False
4126,-1.0851144185399388,-1.0851144185399388,0.0,1.0851144185399388,15.741000000000001,0.0,False,0.0,1.0851144185399388,15.741000000000001,0.0,False
4127,,0.0,0.0,0.0,15.175345007083155,,False,0.0,0.0,15.175345007083155,0.0,False
4128,,0.0,0.0,0.0,15.175345007083155,,False,0.0,0.0,15.175345007083155,0.0,False
4129,,0.0,0.0,0.0,15.175345007083155,,False,0.0,0.0,15.175345007083155,0.0,False
4130,,0.0,0.0,0.0,15.175345007083155,,False,0.0,0.0,15.175345007083155,0.0,False
4131,,0.0,0.0,0.0,15.175345007083155,,False,0.0,0.0,15.175345007083155,0.0,False
4132,,0.0,0.0,0.0,15.175345007083155,,False,0.0,0.0,15.175345007083155,0.0,False
4133,,0.0,0.0,0.0,15.175345007083155,,False,0.0,0.0,15.175345007083155,0.0,False
4134,,0.0,0.0,0.0,15.175345007083155,,False,0.0,0.0,15.175345007083155,0.0,False
4135,,0.0,0.0,0.0,15.175345007083155,,False,0.0,0.0,15.175345007083155,0.0,False
4136,,0.0,0.0,0.0,15.175345007083155,,False,0.0,0.0,15.175345007083155,0.0,False
4137,,0.0,0.0,0.0,15.175345007083155,,False,0.0,0.0,15.175345007083155,0.0,False
4138,,0.0,0.0,0.0,15.175345007083155,,False,0.0,0.0,15.175345007083155,0.0,False
4139,,0.0,0.0,0.0,15.175345007083155,,False,0.0,0.0,15.175345007083155,0.0,False
4140,,0.0,0.0,0.0,15.175345007083155,,False,0.0,0.0,15.175345007083155,0.0,False
4141,,0.0,0.0,0.0,15.175345007083155,,False,0.0,0.0,15.175345007083155,0.0,False
4142,,0.0,0.0,0.0,15.175345007083155,,False,0.0,0.0,15.175345007083155,0.0,False
4143,,0.0,0.0,0.0,15.175345007083155,,False,0.0,0.0,15.175345007083155,0.0,False
4144,,0.0,0.0,0.0,15.175345007083155,,False,0.0,0.0,15.175345007083155,0.0,False
4145,,0.0,0.0,0.0,15.175345007083155,,False,0.0,0.0,15.175345007083155,0.0,False
4146,,0.0,0.0,0.0,15.175345007083155,,False,0.0,0.0,15.175345007083155,0.0,False
4147,,0.0,0.0,0.0,15.175345007083155,,False,0.0,0.0,15.175345007083155,0.0,False
4148,,0.0,0.0,0.0,15.175345007083155,,False,0.0,0.0,15.175345007083155,0.0,False
4149,,0.0,0.0,0.0,15.175345007083155,,False,0.0,0.0,15.175345007083155,0.0,False
4150,,0.0,0.0,0.0,15.175345007083155,,False,0.0,0.0,15.175345007083155,0.0,False
4151,,0.0,0.0,0.0,15.175345007083155,,False,0.0,0.0,15.175345007083155,0.0,False
4152,,0.0,0.0,0.0,15.175345007083155,,False,0.0,0.0,15.175345007083155,0.0,False
4153,-2.76488116482574,-2.76488116482574,0.0,2.76488116482574,15.175345007083155,0.0,False,0.0,2.76488116482574,15.175345007083155,0.0,False
4154,2.858739739633641,2.858739739633641,2.858739739633641,0.0,13.734051067030451,0.0,False,0.0,0.0,13.734051067030451,2.858739739633641,False
4155,1.9011281497980959,1.9011281497980959,1.3260380683725312,0.0,15.105054483058632,0.5750900814255646,False,0.0,0.0,13.734051067030451,1.9011281497980959,False
4156,-3.67876694276188,-3.67876694276188,0.0,3.67876694276188,15.741000000000001,0.0,False,0.0,3.67876694276188,13.734051067030451,0.0,False
4157,-7.589804814174082,-7.589804814174082,0.0,7.589804814174082,13.823310166193677,0.0,False,0.0,7.589804814174082,11.816361233224127,0.0,False
4158,0.5956016740934172,0.5956016740934172,0.5956016740934172,0.0,9.866850907105992,0.0,False,0.0,0.0,7.8599019741364415,0.5956016740934172,False
4159,9.242165655899832,9.242165655899832,8.745000000000001,0.0,10.152491435501496,0.4971656558998312,False,3.7038323166515497,0.0,7.8599019741364415,5.5383333392482825,False
4160,6.844833513946046,6.844833513946046,2.907845887793496,0.0,14.34644610263847,3.93698762615255,False,6.844833513946046,0.0,9.63619755226263,0.0,False
4161,5.264915161745672,5.264915161745672,0.0,0.0,15.741000000000001,5.264915161745672,False,5.264915161745672,0.0,12.918864386063612,0.0,False
4162,0.6196443775498187,0.6196443775498187,0.0,0.0,15.741000000000001,0.6196443775498187,False,0.6196443775498187,0.0,15.44382899609031,0.0,False
4163,-11.12866096447291,-11.12866096447291,0.0,8.745000000000001,15.741000000000001,-2.3836609644729094,False,0.0,0.0,15.741000000000001,-11.12866096447291,False
4164,-13.674287372204269,-13.674287372204269,0.0,8.745000000000001,11.182353622677205,-4.929287372204268,False,0.0,0.0,15.741000000000001,-13.674287372204269,False
4165,-7.714763926356918,-7.714763926356918,0.0,7.714763926356918,6.6237072453544075,0.0,False,0.0,6.991093820206345,15.741000000000001,-0.723670106150573,False
4166,-3.545991376582655,-3.545991376582655,0.0,1.6365459433197127,2.6021085461219817,-1.9094454332629425,False,0.0,3.545991376582655,12.096640421154095,0.0,False
4167,-6.689135815800636,-6.689135815800636,0.0,0.0,1.7490000000000003,-6.689135815800636,False,0.0,6.689135815800636,10.248164635805164,0.0,False
4168,-10.660469510592543,-10.660469510592543,0.0,0.0,1.7490000000000003,-10.660469510592543,False,0.0,0.0,6.761211547855508,-10.660469510592543,False
4169,-7.716813730924625,-7.716813730924625,0.0,0.0,1.7490000000000003,-7.716813730924625,False,0.0,7.716813730924625,6.761211547855508,0.0,False
4170,-1.8982751261623692,-1.8982751261623692,0.0,0.0,1.7490000000000003,-1.8982751261623692,False,0.0,1.8982751261623692,2.7385443141271653,0.0,False
4171,3.003076500901335,3.003076500901335,3.003076500901335,0.0,1.7490000000000003,0.0,False,0.0,0.0,1.7490000000000003,3.003076500901335,False
4172,7.229950166494056,7.229950166494056,7.229950166494056,0.0,3.1892248949942283,0.0,False,0.0,0.0,1.7490000000000003,7.229950166494056,False
4173,8.612079867710754,8.612079867710754,8.612079867710754,0.0,6.656587187039452,0.0,False,6.240749312282365,0.0,1.7490000000000003,2.371330555428389,False
4174,8.42001475379861,8.42001475379861,8.42001475379861,0.0,10.78679559812486,0.0,False,8.42001475379861,0.0,4.741958228093595,0.0,False
4175,11.799867021596588,11.799867021596588,1.9102155259611493,0.0,14.824892816427415,9.889651495635439,False,8.745000000000001,0.0,8.780055446396151,3.0548670215965874,False
4176,4.14120687589062,4.14120687589062,0.0,0.0,15.741000000000001,4.14120687589062,False,4.14120687589062,0.0,12.974010113533126,0.0,False
4177,-0.5250070693939917,-0.5250070693939917,0.0,0.5250070693939917,15.741000000000001,0.0,False,0.0,0.5250070693939917,14.960063161528687,0.0,False
4178,5.7808721340956355,5.7808721340956355,0.5706598580369482,0.0,15.467321146373726,5.210212276058687,False,0.0,0.0,14.686384307902411,5.7808721340956355,False
4179,0.45305053396343176,0.45305053396343176,0.0,0.0,15.741000000000001,0.45305053396343176,False,0.0,0.0,14.686384307902411,0.45305053396343176,False
4180,-3.445990821236663,-3.445990821236663,0.0,3.445990821236663,15.741000000000001,0.0,False,0.0,3.445990821236663,14.686384307902411,0.0,False
4181,3.682302505845172,3.682302505845172,3.682302505845172,0.0,13.94465310765945,0.0,False,3.682302505845172,0.0,12.89003741556186,0.0,False
4182,-4.730997913708187,-4.730997913708187,0.0,4.730997913708187,15.71062335125002,0.0,False,0.0,4.730997913708187,14.65600765915243,0.0,False
4183,-11.56026812906572,-11.56026812906572,0.0,8.745000000000001,13.244420206544754,-2.8152681290657195,False,0.0,8.745000000000001,12.189804514447165,-2.8152681290657195,False
4184,8.148031747465973,8.148031747465973,8.148031747465973,0.0,8.685773829221958,0.0,False,8.148031747465973,0.0,7.631158137124366,0.0,False
4185,20.293843516403285,20.293843516403285,6.563131762933256,0.0,12.593432579966972,13.730711753470029,False,8.745000000000001,0.0,11.53881688786938,11.548843516403284,False
4186,0.01715749386450908,0.01715749386450908,0.0,0.0,15.741000000000001,0.01715749386450908,False,0.01715749386450908,0.0,15.732771555006355,0.0,False
4187,-12.103448849708043,-12.103448849708043,0.0,8.745000000000001,15.741000000000001,-3.358448849708042,False,0.0,0.0,15.741000000000001,-12.103448849708043,False
4188,-0.30963854587421846,-0.30963854587421846,0.0,0.30963854587421846,11.182353622677205,0.0,False,0.0,0.0,15.741000000000001,-0.30963854587421846,False
4189,-0.6936620859181165,-0.6936620859181165,0.0,0.6936620859181165,11.020943372771086,0.0,False,0.0,0.0,15.741000000000001,-0.6936620859181165,False
4190,-13.013590061450095,-13.013590061450095,0.0,8.745000000000001,10.659347014274026,-4.2685900614500945,False,0.0,0.0,15.741000000000001,-13.013590061450095,False
4191,-11.381859051044911,-11.381859051044911,0.0,8.348009237884296,6.100700636951228,-3.0338498131606144,False,0.0,0.0,15.741000000000001,-11.381859051044911,False
4192,-9.16182276133775,-9.16182276133775,0.0,4.2595540635239357e-16,1.7490000000000006,-9.16182276133775,False,0.0,6.875017427680911,15.741000000000001,-2.2868053336568384,False
4193,-16.414265685206374,-16.414265685206374,0.0,0.0,1.7490000000000003,-16.414265685206374,False,0.0,8.745000000000001,12.157149423587345,-7.669265685206373,False
4194,-19.96629244199572,-19.96629244199572,0.0,0.0,1.7490000000000003,-19.96629244199572,True,0.0,2.4762924419957173,7.598503046264548,-17.490000000000002,False
4195,-15.697004568335027,-15.697004568335027,0.0,0.0,1.7490000000000003,-15.697004568335027,False,0.0,8.745000000000001,6.307646377322798,-6.952004568335026,False
4196,-7.715137158690321,-7.715137158690321,0.0,0.0,1.7490000000000003,-7.715137158690321,False,0.0,0.0,1.7490000000000003,-7.715137158690321,False
4197,-5.260326506318782,-5.260326506318782,0.0,0.0,1.7490000000000003,-5.260326506318782,False,0.0,0.0,1.7490000000000003,-5.260326506318782,False
4198,-3.991627700088962,-3.991627700088962,0.0,0.0,1.7490000000000003,-3.991627700088962,False,0.0,0.0,1.7490000000000003,-3.991627700088962,False
4199,-3.529944383581479,-3.529944383581479,0.0,0.0,1.7490000000000003,-3.529944383581479,False,0.0,0.0,1.7490000000000003,-3.529944383581479,False
4200,-3.194962667924113,-3.194962667924113,0.0,0.0,1.7490000000000003,-3.194962667924113,False,0.0,0.0,1.7490000000000003,-3.194962667924113,False
4201,-0.3566185099738581,-0.3566185099738581,0.0,0.0,1.7490000000000003,-0.3566185099738581,False,0.0,0.0,1.7490000000000003,-0.3566185099738581,False
4202,0.7638203201059057,0.7638203201059057,0.7638203201059057,0.0,1.7490000000000003,0.0,False,0.7638203201059057,0.0,1.7490000000000003,0.0,False
4203,-1.3081434744885185,-1.3081434744885185,0.0,0.702714694497433,2.1153153569310716,-0.6054287799910856,False,0.0,0.702714694497433,2.1153153569310716,-0.6054287799910856,False
4204,0.27671810735343905,0.27671810735343905,0.27671810735343905,0.0,1.7490000000000003,0.0,False,0.0,0.0,1.7490000000000003,0.27671810735343905,False
4205,2.3943012470513882,2.3943012470513882,2.3943012470513882,0.0,1.881709342231706,0.0,False,0.0,0.0,1.7490000000000003,2.3943012470513882,False
4206,2.9870086215809226,2.9870086215809226,2.9870086215809226,0.0,3.0299758819233062,0.0,False,2.5185058492793253,0.0,1.7490000000000003,0.4685027723015973,False
4207,0.7033549331145598,0.7033549331145598,0.7033549331145598,0.0,4.4624948927017725,0.0,False,0.7033549331145598,0.0,2.9568329743621264,0.0,False
4208,0.5746702311707157,0.5746702311707157,0.5746702311707157,0.0,4.799812068732604,0.0,False,0.5746702311707157,0.0,3.2941501503929578,0.0,False
4209,7.888805801301302,7.888805801301302,7.888805801301302,0.0,5.075414229748397,0.0,False,7.888805801301302,0.0,3.56975231140875,0.0,False
4210,16.900037011622835,16.900037011622835,8.745000000000001,0.0,8.858752584065702,8.155037011622834,False,8.745000000000001,0.0,7.353090665726055,8.155037011622834,False
4211,16.175106661147154,16.175106661147154,5.605477873293571,0.0,13.052707251202676,10.569628787853583,False,8.745000000000001,0.0,11.547045332863028,7.430106661147153,False
4212,-0.7656579733988182,-0.7656579733988182,0.0,0.7656579733988182,15.741000000000001,0.0,False,0.0,0.0,15.741000000000001,-0.7656579733988182,False
4213,-9.409955801810707,-9.409955801810707,0.0,8.745000000000001,15.341873190771548,-0.6649558018107058,False,0.0,1.2711233393833203,15.741000000000001,-8.138832462427386,False
4214,-3.4045120114007035,-3.4045120114007035,0.0,3.4045120114007035,10.78322681344875,0.0,False,0.0,3.4045120114007035,15.078381154235538,0.0,False
4215,3.472606798976732,3.472606798976732,3.472606798976732,0.0,9.008502245430023,0.0,False,3.472606798976732,0.0,13.303656586216812,0.0,False
4216,1.6096055388319905,1.6096055388319905,1.6096055388319905,0.0,10.673905960890291,0.0,False,1.6096055388319905,0.0,14.96906030167708,0.0,False
4217,-11.967677280777544,-11.967677280777544,0.0,8.745000000000001,11.445845659213212,-3.2226772807775426,False,0.0,0.0,15.741000000000001,-11.967677280777544,False
4218,-14.917661744599258,-14.917661744599258,0.0,8.745000000000001,6.887199281890415,-6.172661744599257,False,0.0,0.0,15.741000000000001,-14.917661744599258,False
4219,-8.962396190577918,-8.962396190577918,0.0,1.1117752356611306,2.3285529045676174,-7.850620954916788,False,0.0,0.0,15.741000000000001,-8.962396190577918,False
4220,-12.906053151255763,-12.906053151255763,0.0,0.0,1.7490000000000003,-12.906053151255763,False,0.0,0.5530858370112016,15.741000000000001,-12.352967314244562,False
4221,-14.923805386668358,-14.923805386668358,0.0,0.0,1.7490000000000003,-14.923805386668358,False,0.0,8.745000000000001,15.452684076930858,-6.1788053866683565,False
4222,-7.019547871702958,-7.019547871702958,0.0,0.0,1.7490000000000003,-7.019547871702958,False,0.0,0.0,10.89403769960806,-7.019547871702958,False
4223,-1.5200420216752397,-1.5200420216752397,0.0,0.0,1.7490000000000003,-1.5200420216752397,False,0.0,0.0,10.89403769960806,-1.5200420216752397,False
4224,-1.1461643146494889,-1.1461643146494889,0.0,0.0,1.7490000000000003,-1.1461643146494889,False,0.0,0.0,10.89403769960806,-1.1461643146494889,False
4225,-6.279303452289698,-6.279303452289698,0.0,0.0,1.7490000000000003,-6.279303452289698,False,0.0,0.0,10.89403769960806,-6.279303452289698,False
4226,1.3616150402295693,1.3616150402295693,1.3616150402295693,0.0,1.7490000000000003,0.0,False,1.3616150402295693,0.0,10.89403769960806,0.0,False
4227,9.215857498640915,9.215857498640915,8.745000000000001,0.0,2.4020076332549687,0.470857498640914,False,8.745000000000001,0.0,11.547045332863028,0.470857498640914,False
4228,-4.329438225628354,-4.329438225628354,0.0,4.329438225628354,6.5959623003919425,0.0,False,0.0,0.0,15.741000000000001,-4.329438225628354,False
4229,-1.108426573047602,-1.108426573047602,0.0,1.108426573047602,4.3390866133589485,0.0,False,0.0,0.0,15.741000000000001,-1.108426573047602,False
4230,-2.8166186168902696,-2.8166186168902696,0.0,2.8166186168902696,3.7612793198481684,0.0,False,0.0,0.0,15.741000000000001,-2.8166186168902696,False
4231,-10.711802073785552,-10.711802073785552,0.0,1.0436024214449802,2.2930153685403614,-9.668199652340572,False,0.0,0.0,15.741000000000001,-10.711802073785552,False
4232,-9.132293857396721,-9.132293857396721,0.0,0.0,1.7490000000000003,-9.132293857396721,False,0.0,6.128276881327007,15.741000000000001,-3.004016976069714,False
4233,-10.24697915539785,-10.24697915539785,0.0,0.0,1.7490000000000003,-10.24697915539785,False,0.0,8.745000000000001,12.546414842276455,-1.5019791553978497,False
4234,-6.051953541234878,-6.051953541234878,0.0,0.0,1.7490000000000003,-6.051953541234878,False,0.0,6.051953541234878,7.987768464953659,0.0,False
4235,1.7779369940549064,1.7779369940549064,1.7779369940549064,0.0,1.7490000000000003,0.0,False,1.7779369940549064,0.0,4.832969598575585,0.0,False
4236,1.9019912714313407,1.9019912714313407,1.9019912714313407,0.0,2.601668628255238,0.0,False,1.9019912714313407,0.0,5.6856382268308225,0.0,False
4237,-8.16115959139533,-8.16115959139533,0.0,3.385534004247347,3.5138315979148445,-4.775625587147983,False,0.0,0.0,6.597801196490429,-8.16115959139533,False
4238,-9.946012926886242,-9.946012926886242,0.0,0.0,1.7490000000000003,-9.946012926886242,False,0.0,0.0,6.597801196490429,-9.946012926886242,False
4239,-4.93681700639205,-4.93681700639205,0.0,0.0,1.7490000000000003,-4.93681700639205,False,0.0,0.0,6.597801196490429,-4.93681700639205,False
4240,-4.130176933479148,-4.130176933479148,0.0,0.0,1.7490000000000003,-4.130176933479148,False,0.0,0.0,6.597801196490429,-4.130176933479148,False
4241,-10.806513363795657,-10.806513363795657,0.0,0.0,1.7490000000000003,-10.806513363795657,False,0.0,0.0,6.597801196490429,-10.806513363795657,False
4242,-11.369864633608815,-11.369864633608815,0.0,0.0,1.7490000000000003,-11.369864633608815,False,0.0,0.0,6.597801196490429,-11.369864633608815,False
4243,-7.4819372593095075,-7.4819372593095075,0.0,0.0,1.7490000000000003,-7.4819372593095075,False,0.0,0.0,6.597801196490429,-7.4819372593095075,False
4244,-5.983788785713686,-5.983788785713686,0.0,0.0,1.7490000000000003,-5.983788785713686,False,0.0,0.0,6.597801196490429,-5.983788785713686,False
4245,-4.396704795965131,-4.396704795965131,0.0,0.0,1.7490000000000003,-4.396704795965131,False,0.0,0.0,6.597801196490429,-4.396704795965131,False
4246,-2.6871863396773135,-2.6871863396773135,0.0,0.0,1.7490000000000003,-2.6871863396773135,False,0.0,0.0,6.597801196490429,-2.6871863396773135,False
4247,-3.0201687376983317,-3.0201687376983317,0.0,0.0,1.7490000000000003,-3.0201687376983317,False,0.0,0.0,6.597801196490429,-3.0201687376983317,False
4248,-2.6332441583960953,-2.6332441583960953,0.0,0.0,1.7490000000000003,-2.6332441583960953,False,0.0,0.0,6.597801196490429,-2.6332441583960953,False
4249,-1.8391059222457367,-1.8391059222457367,0.0,0.0,1.7490000000000003,-1.8391059222457367,False,0.0,0.0,6.597801196490429,-1.8391059222457367,False
4250,-1.7541081173961512,-1.7541081173961512,0.0,0.0,1.7490000000000003,-1.7541081173961512,False,0.0,0.0,6.597801196490429,-1.7541081173961512,False
4251,-1.2565573441741589,-1.2565573441741589,0.0,0.0,1.7490000000000003,-1.2565573441741589,False,0.0,0.0,6.597801196490429,-1.2565573441741589,False
4252,-0.5689546082337256,-0.5689546082337256,0.0,0.0,1.7490000000000003,-0.5689546082337256,False,0.0,0.0,6.597801196490429,-0.5689546082337256,False
4253,-0.802928984819621,-0.802928984819621,0.0,0.0,1.7490000000000003,-0.802928984819621,False,0.0,0.0,6.597801196490429,-0.802928984819621,False
4254,-1.4766993876840457,-1.4766993876840457,0.0,0.0,1.7490000000000003,-1.4766993876840457,False,0.0,0.0,6.597801196490429,-1.4766993876840457,False
4255,,0.0,0.0,0.0,1.7490000000000003,,False,0.0,0.0,6.597801196490429,0.0,False
4256,,0.0,0.0,0.0,1.7490000000000003,,False,0.0,0.0,6.597801196490429,0.0,False
4257,,0.0,0.0,0.0,1.7490000000000003,,False,0.0,0.0,6.597801196490429,0.0,False
4258,,0.0,0.0,0.0,1.7490000000000003,,False,0.0,0.0,6.597801196490429,0.0,False
4259,,0.0,0.0,0.0,1.7490000000000003,,False,0.0,0.0,6.597801196490429,0.0,False
4260,,0.0,0.0,0.0,1.7490000000000003,,False,0.0,0.0,6.597801196490429,0.0,False
4261,,0.0,0.0,0.0,1.7490000000000003,,False,0.0,0.0,6.597801196490429,0.0,False
4262,,0.0,0.0,0.0,1.7490000000000003,,False,0.0,0.0,6.597801196490429,0.0,False
4263,,0.0,0.0,0.0,1.7490000000000003,,False,0.0,0.0,6.597801196490429,0.0,False
4264,,0.0,0.0,0.0,1.7490000000000003,,False,0.0,0.0,6.597801196490429,0.0,False
4265,,0.0,0.0,0.0,1.7490000000000003,,False,0.0,0.0,6.597801196490429,0.0,False
4266,,0.0,0.0,0.0,1.7490000000000003,,False,0.0,0.0,6.597801196490429,0.0,False
4267,,0.0,0.0,0.0,1.7490000000000003,,False,0.0,0.0,6.597801196490429,0.0,False
4268,,0.0,0.0,0.0,1.7490000000000003,,False,0.0,0.0,6.597801196490429,0.0,False
4269,,0.0,0.0,0.0,1.7490000000000003,,False,0.0,0.0,6.597801196490429,0.0,False
4270,,0.0,0.0,0.0,1.7490000000000003,,False,0.0,0.0,6.597801196490429,0.0,False
4271,,0.0,0.0,0.0,1.7490000000000003,,False,0.0,0.0,6.597801196490429,0.0,False
4272,,0.0,0.0,0.0,1.7490000000000003,,False,0.0,0.0,6.597801196490429,0.0,False
4273,,0.0,0.0,0.0,1.7490000000000003,,False,0.0,0.0,6.597801196490429,0.0,False
4274,,0.0,0.0,0.0,1.7490000000000003,,False,0.0,0.0,6.597801196490429,0.0,False
4275,,0.0,0.0,0.0,1.7490000000000003,,False,0.0,0.0,6.597801196490429,0.0,False
4276,,0.0,0.0,0.0,1.7490000000000003,,False,0.0,0.0,6.597801196490429,0.0,False
4277,,0.0,0.0,0.0,1.7490000000000003,,False,0.0,0.0,6.597801196490429,0.0,False
4278,,0.0,0.0,0.0,1.7490000000000003,,False,0.0,0.0,6.597801196490429,0.0,False
4279,,0.0,0.0,0.0,1.7490000000000003,,False,0.0,0.0,6.597801196490429,0.0,False
4280,,0.0,0.0,0.0,1.7490000000000003,,False,0.0,0.0,6.597801196490429,0.0,False
4281,-7.517682632847109,-7.517682632847109,0.0,0.0,1.7490000000000003,-7.517682632847109,False,0.0,0.0,6.597801196490429,-7.517682632847109,False
4282,-5.279523710512892,-5.279523710512892,0.0,0.0,1.7490000000000003,-5.279523710512892,False,0.0,0.0,6.597801196490429,-5.279523710512892,False
4283,-3.181957716074916,-3.181957716074916,0.0,0.0,1.7490000000000003,-3.181957716074916,False,0.0,0.0,6.597801196490429,-3.181957716074916,False
4284,1.5748874112114557,1.5748874112114557,1.5748874112114557,0.0,1.7490000000000003,0.0,False,1.5748874112114557,0.0,6.597801196490429,0.0,False
4285,11.883826282118271,11.883826282118271,8.745000000000001,0.0,2.5042894692356263,3.13882628211827,False,8.745000000000001,0.0,7.353090665726055,3.13882628211827,False
4286,10.543865450799121,10.543865450799121,8.745000000000001,0.0,6.6982441363726,1.79886545079912,False,8.745000000000001,0.0,11.547045332863028,1.79886545079912,False
4287,-1.631185328643132,-1.631185328643132,0.0,1.631185328643132,10.892198803509574,0.0,False,0.0,0.0,15.741000000000001,-1.631185328643132,False
4288,-2.039609763248774,-2.039609763248774,0.0,2.039609763248774,10.041884670958275,0.0,False,0.0,0.0,15.741000000000001,-2.039609763248774,False
4289,-0.9063328077777438,-0.9063328077777438,0.0,0.9063328077777438,8.978664584236007,0.0,False,0.0,0.0,15.741000000000001,-0.9063328077777438,False
4290,-5.557737264856664,-5.557737264856664,0.0,5.557737264856664,8.506205948349809,0.0,False,0.0,0.0,15.741000000000001,-5.557737264856664,False
4291,-14.558563793119076,-14.558563793119076,0.0,7.404831253788228,5.609035125187917,-7.153732539330847,False,0.0,0.0,15.741000000000001,-14.558563793119076,False
4292,-19.124302859679904,-19.124302859679904,0.0,4.2595540635239357e-16,1.7490000000000006,-19.124302859679904,True,0.0,8.745000000000001,15.741000000000001,-10.379302859679903,False
4293,-9.76758784569838,-9.76758784569838,0.0,0.0,1.7490000000000003,-9.76758784569838,False,0.0,0.0,11.182353622677205,-9.76758784569838,False
4294,-3.2455874451431583,-3.2455874451431583,0.0,0.0,1.7490000000000003,-3.2455874451431583,False,0.0,1.1816676507128787,11.182353622677205,-2.0639197944302796,False
4295,-3.487340556348132,-3.487340556348132,0.0,0.0,1.7490000000000003,-3.487340556348132,False,0.0,3.487340556348132,10.566366778180715,0.0,False
4296,-0.9039445755787616,-0.9039445755787616,0.0,0.0,1.7490000000000003,-0.9039445755787616,False,0.0,0.9039445755787616,8.748464846369705,0.0,False
4297,-0.9387807593497443,-0.9387807593497443,0.0,0.0,1.7490000000000003,-0.9387807593497443,False,0.0,0.9387807593497443,8.277251162577514,0.0,False
4298,-0.6455135408270826,-0.6455135408270826,0.0,0.0,1.7490000000000003,-0.6455135408270826,False,0.0,0.6455135408270826,7.787877862667845,0.0,False
4299,-2.2087973441849074,-2.2087973441849074,0.0,0.0,1.7490000000000003,-2.2087973441849074,False,0.0,2.2087973441849074,7.451380668339178,0.0,False
4300,-7.061690419451411,-7.061690419451411,0.0,0.0,1.7490000000000003,-7.061690419451411,False,0.0,7.061690419451411,6.299965458355331,0.0,False
4301,-1.6685750232237138,-1.6685750232237138,0.0,0.0,1.7490000000000003,-1.6685750232237138,False,0.0,1.6685750232237138,2.618804858194407,0.0,False
4302,0.4211543855835069,0.4211543855835069,0.4211543855835069,0.0,1.7490000000000003,0.0,False,0.4211543855835069,0.0,1.7490000000000003,0.0,False
4303,-5.597301816075422,-5.597301816075422,0.0,0.38746203473682655,1.9509785478562787,-5.209839781338595,False,0.0,0.0,1.9509785478562787,-5.597301816075422,False
4304,-4.211577960945208,-4.211577960945208,0.0,0.0,1.7490000000000003,-4.211577960945208,False,0.0,0.0,1.9509785478562787,-4.211577960945208,False
4305,-3.2998923998573404,-3.2998923998573404,0.0,0.0,1.7490000000000003,-3.2998923998573404,False,0.0,0.0,1.9509785478562787,-3.2998923998573404,False
4306,-3.9727853481973665,-3.9727853481973665,0.0,0.0,1.7490000000000003,-3.9727853481973665,False,0.0,0.0,1.9509785478562787,-3.9727853481973665,False
4307,-1.85529350525576,-1.85529350525576,0.0,0.0,1.7490000000000003,-1.85529350525576,False,0.0,0.0,1.9509785478562787,-1.85529350525576,False
4308,-2.280110254973039,-2.280110254973039,0.0,0.0,1.7490000000000003,-2.280110254973039,False,0.0,0.0,1.9509785478562787,-2.280110254973039,False
4309,-0.7705183888370881,-0.7705183888370881,0.0,0.0,1.7490000000000003,-0.7705183888370881,False,0.0,0.0,1.9509785478562787,-0.7705183888370881,False
4310,-2.1108649576966902,-2.1108649576966902,0.0,0.0,1.7490000000000003,-2.1108649576966902,False,0.0,0.0,1.9509785478562787,-2.1108649576966902,False
4311,-3.0016860617961107,-3.0016860617961107,0.0,0.0,1.7490000000000003,-3.0016860617961107,False,0.0,0.0,1.9509785478562787,-3.0016860617961107,False
4312,-2.5719039578401617,-2.5719039578401617,0.0,0.0,1.7490000000000003,-2.5719039578401617,False,0.0,0.0,1.9509785478562787,-2.5719039578401617,False
4313,-1.0710412509170344,-1.0710412509170344,0.0,0.0,1.7490000000000003,-1.0710412509170344,False,0.0,0.0,1.9509785478562787,-1.0710412509170344,False
4314,-1.5965633949229536,-1.5965633949229536,0.0,0.0,1.7490000000000003,-1.5965633949229536,False,0.0,0.0,1.9509785478562787,-1.5965633949229536,False
4315,-1.026694988360293,-1.026694988360293,0.0,0.0,1.7490000000000003,-1.026694988360293,False,0.0,0.38746203473682655,1.9509785478562787,-0.6392329536234664,False
4316,4.505829855211576,4.505829855211576,4.505829855211576,0.0,1.7490000000000003,0.0,False,4.505829855211576,0.0,1.7490000000000003,0.0,False
4317,0.06603536361828724,0.06603536361828724,0.06603536361828724,0.0,3.909920085830726,0.0,False,0.06603536361828724,0.0,3.909920085830726,0.0,False
4318,-5.8153847565653995,-5.8153847565653995,0.0,4.2061160013234735,3.9415895336801263,-1.609268755241926,False,0.0,0.0,3.9415895336801263,-5.8153847565653995,False
4319,-3.178528053731022,-3.178528053731022,0.0,4.2595540635239357e-16,1.7490000000000006,-3.1785280537310214,False,0.0,0.0,3.9415895336801263,-3.178528053731022,False
4320,-0.31551249522630453,-0.31551249522630453,0.0,0.0,1.7490000000000003,-0.31551249522630453,False,0.0,0.0,3.9415895336801263,-0.31551249522630453,False
4321,-2.874004399886037,-2.874004399886037,0.0,0.0,1.7490000000000003,-2.874004399886037,False,0.0,0.0,3.9415895336801263,-2.874004399886037,False
4322,-10.2375495296924,-10.2375495296924,0.0,0.0,1.7490000000000003,-10.2375495296924,False,0.0,0.0,3.9415895336801263,-10.2375495296924,False
4323,-10.381923456785234,-10.381923456785234,0.0,0.0,1.7490000000000003,-10.381923456785234,False,0.0,0.0,3.9415895336801263,-10.381923456785234,False
4324,-9.242857377492431,-9.242857377492431,0.0,0.0,1.7490000000000003,-9.242857377492431,False,0.0,0.0,3.9415895336801263,-9.242857377492431,False
4325,-13.60266401746497,-13.60266401746497,0.0,0.0,1.7490000000000003,-13.60266401746497,False,0.0,0.0,3.9415895336801263,-13.60266401746497,False
4326,-14.717390416496254,-14.717390416496254,0.0,0.0,1.7490000000000003,-14.717390416496254,False,0.0,0.0,3.9415895336801263,-14.717390416496254,False
4327,-12.335729135401392,-12.335729135401392,0.0,0.0,1.7490000000000003,-12.335729135401392,False,0.0,0.0,3.9415895336801263,-12.335729135401392,False
4328,-8.902294678876942,-8.902294678876942,0.0,0.0,1.7490000000000003,-8.902294678876942,False,0.0,4.2061160013234735,3.9415895336801263,-4.696178677553468,False
4329,-6.538328458141412,-6.538328458141412,0.0,0.0,1.7490000000000003,-6.538328458141412,False,0.0,0.0,1.7490000000000003,-6.538328458141412,False
4330,-4.688423676593081,-4.688423676593081,0.0,0.0,1.7490000000000003,-4.688423676593081,False,0.0,0.0,1.7490000000000003,-4.688423676593081,False
4331,-3.506612695590624,-3.506612695590624,0.0,0.0,1.7490000000000003,-3.506612695590624,False,0.0,0.0,1.7490000000000003,-3.506612695590624,False
4332,-3.096971942458796,-3.096971942458796,0.0,0.0,1.7490000000000003,-3.096971942458796,False,0.0,0.0,1.7490000000000003,-3.096971942458796,False
4333,-2.286629553461831,-2.286629553461831,0.0,0.0,1.7490000000000003,-2.286629553461831,False,0.0,0.0,1.7490000000000003,-2.286629553461831,False
4334,-1.843318615181436,-1.843318615181436,0.0,0.0,1.7490000000000003,-1.843318615181436,False,0.0,0.0,1.7490000000000003,-1.843318615181436,False
4335,-1.813950687360215,-1.813950687360215,0.0,0.0,1.7490000000000003,-1.813950687360215,False,0.0,0.0,1.7490000000000003,-1.813950687360215,False
4336,-1.3675344543169243,-1.3675344543169243,0.0,0.0,1.7490000000000003,-1.3675344543169243,False,0.0,0.0,1.7490000000000003,-1.3675344543169243,False
4337,-0.6149261314493348,-0.6149261314493348,0.0,0.0,1.7490000000000003,-0.6149261314493348,False,0.0,0.0,1.7490000000000003,-0.6149261314493348,False
4338,-0.33533294232432603,-0.33533294232432603,0.0,0.0,1.7490000000000003,-0.33533294232432603,False,0.0,0.0,1.7490000000000003,-0.33533294232432603,False
4339,-0.7890330876887436,-0.7890330876887436,0.0,0.0,1.7490000000000003,-0.7890330876887436,False,0.0,0.0,1.7490000000000003,-0.7890330876887436,False
4340,-0.8170602159552836,-0.8170602159552836,0.0,0.0,1.7490000000000003,-0.8170602159552836,False,0.0,0.0,1.7490000000000003,-0.8170602159552836,False
4341,-0.6927380534326717,-0.6927380534326717,0.0,0.0,1.7490000000000003,-0.6927380534326717,False,0.0,0.0,1.7490000000000003,-0.6927380534326717,False
4342,-0.9181904156252753,-0.9181904156252753,0.0,0.0,1.7490000000000003,-0.9181904156252753,False,0.0,0.0,1.7490000000000003,-0.9181904156252753,False
4343,-1.1572819684082911,-1.1572819684082911,0.0,0.0,1.7490000000000003,-1.1572819684082911,False,0.0,0.0,1.7490000000000003,-1.1572819684082911,False
4344,-1.2683758841807957,-1.2683758841807957,0.0,0.0,1.7490000000000003,-1.2683758841807957,False,0.0,0.0,1.7490000000000003,-1.2683758841807957,False
4345,-1.3136852103352952,-1.3136852103352952,0.0,0.0,1.7490000000000003,-1.3136852103352952,False,0.0,0.0,1.7490000000000003,-1.3136852103352952,False
4346,-1.5068607289168803,-1.5068607289168803,0.0,0.0,1.7490000000000003,-1.5068607289168803,False,0.0,0.0,1.7490000000000003,-1.5068607289168803,False
4347,-1.9517024077296508,-1.9517024077296508,0.0,0.0,1.7490000000000003,-1.9517024077296508,False,0.0,0.0,1.7490000000000003,-1.9517024077296508,False
4348,-0.5402325524942329,-0.5402325524942329,0.0,0.0,1.7490000000000003,-0.5402325524942329,False,0.0,0.0,1.7490000000000003,-0.5402325524942329,False
4349,5.5277724276489995,5.5277724276489995,5.5277724276489995,0.0,1.7490000000000003,0.0,False,0.0,0.0,1.7490000000000003,5.5277724276489995,False
4350,10.657816482820568,10.657816482820568,8.745000000000001,0.0,4.4000265262217955,1.912816482820567,False,0.0,0.0,1.7490000000000003,10.657816482820568,False
4351,9.185580031257071,9.185580031257071,8.745000000000001,0.0,8.593981193358768,0.44058003125707046,False,0.0,0.0,1.7490000000000003,9.185580031257071,False
4352,5.237162347001325,5.237162347001325,5.237162347001325,0.0,12.787935860495743,0.0,False,5.237162347001325,0.0,1.7490000000000003,0.0,False
4353,4.043842907904539,4.043842907904539,0.9204020402155765,0.0,15.299590688141281,3.1234408676889625,False,4.043842907904539,0.0,4.2606548276455385,0.0,False
4354,4.711281662094055,4.711281662094055,0.0,0.0,15.741000000000001,4.711281662094055,False,4.711281662094055,0.0,6.200013756950854,0.0,False
4355,3.280421005444131,3.280421005444131,0.0,0.0,15.741000000000001,3.280421005444131,False,3.280421005444131,0.0,8.459465067978435,0.0,False
4356,,0.0,0.0,0.0,15.741000000000001,,False,0.0,0.0,10.032699714743051,0.0,False
4357,,0.0,0.0,0.0,15.741000000000001,,False,0.0,0.0,10.032699714743051,0.0,False
4358,,0.0,0.0,0.0,15.741000000000001,,False,0.0,0.0,10.032699714743051,0.0,False
4359,,0.0,0.0,0.0,15.741000000000001,,False,0.0,0.0,10.032699714743051,0.0,False
4360,,0.0,0.0,0.0,15.741000000000001,,False,0.0,0.0,10.032699714743051,0.0,False
4361,,0.0,0.0,0.0,15.741000000000001,,False,0.0,0.0,10.032699714743051,0.0,False
4362,,0.0,0.0,0.0,15.741000000000001,,False,0.0,0.0,10.032699714743051,0.0,False
4363,,0.0,0.0,0.0,15.741000000000001,,False,0.0,0.0,10.032699714743051,0.0,False
4364,,0.0,0.0,0.0,15.741000000000001,,False,0.0,0.0,10.032699714743051,0.0,False
4365,,0.0,0.0,0.0,15.741000000000001,,False,0.0,0.0,10.032699714743051,0.0,False
4366,,0.0,0.0,0.0,15.741000000000001,,False,0.0,0.0,10.032699714743051,0.0,False
4367,,0.0,0.0,0.0,15.741000000000001,,False,0.0,0.0,10.032699714743051,0.0,False
4368,,0.0,0.0,0.0,15.741000000000001,,False,0.0,0.0,10.032699714743051,0.0,False
4369,,0.0,0.0,0.0,15.741000000000001,,False,0.0,0.0,10.032699714743051,0.0,False
4370,,0.0,0.0,0.0,15.741000000000001,,False,0.0,0.0,10.032699714743051,0.0,False
4371,,0.0,0.0,0.0,15.741000000000001,,False,0.0,0.0,10.032699714743051,0.0,False
4372,,0.0,0.0,0.0,15.741000000000001,,False,0.0,0.0,10.032699714743051,0.0,False
4373,,0.0,0.0,0.0,15.741000000000001,,False,0.0,0.0,10.032699714743051,0.0,False
4374,,0.0,0.0,0.0,15.741000000000001,,False,0.0,0.0,10.032699714743051,0.0,False
4375,,0.0,0.0,0.0,15.741000000000001,,False,0.0,0.0,10.032699714743051,0.0,False
4376,,0.0,0.0,0.0,15.741000000000001,,False,0.0,0.0,10.032699714743051,0.0,False
4377,,0.0,0.0,0.0,15.741000000000001,,False,0.0,0.0,10.032699714743051,0.0,False
4378,,0.0,0.0,0.0,15.741000000000001,,False,0.0,0.0,10.032699714743051,0.0,False
4379,,0.0,0.0,0.0,15.741000000000001,,False,0.0,0.0,10.032699714743051,0.0,False
4380,,0.0,0.0,0.0,15.741000000000001,,False,0.0,0.0,10.032699714743051,0.0,False
4381,,0.0,0.0,0.0,15.741000000000001,,False,0.0,0.0,10.032699714743051,0.0,False
4382,,0.0,0.0,0.0,15.741000000000001,,False,0.0,0.0,10.032699714743051,0.0,False
4383,,0.0,0.0,0.0,15.741000000000001,,False,0.0,0.0,10.032699714743051,0.0,False
4384,,0.0,0.0,0.0,15.741000000000001,,False,0.0,0.0,10.032699714743051,0.0,False
4385,,0.0,0.0,0.0,15.741000000000001,,False,0.0,0.0,10.032699714743051,0.0,False
4386,,0.0,0.0,0.0,15.741000000000001,,False,0.0,0.0,10.032699714743051,0.0,False
4387,,0.0,0.0,0.0,15.741000000000001,,False,0.0,0.0,10.032699714743051,0.0,False
4388,,0.0,0.0,0.0,15.741000000000001,,False,0.0,0.0,10.032699714743051,0.0,False
4389,,0.0,0.0,0.0,15.741000000000001,,False,0.0,0.0,10.032699714743051,0.0,False
4390,,0.0,0.0,0.0,15.741000000000001,,False,0.0,0.0,10.032699714743051,0.0,False
4391,,0.0,0.0,0.0,15.741000000000001,,False,0.0,0.0,10.032699714743051,0.0,False
4392,,0.0,0.0,0.0,15.741000000000001,,False,0.0,0.0,10.032699714743051,0.0,False
4393,,0.0,0.0,0.0,15.741000000000001,,False,0.0,0.0,10.032699714743051,0.0,False
4394,,0.0,0.0,0.0,15.741000000000001,,False,0.0,0.0,10.032699714743051,0.0,False
4395,,0.0,0.0,0.0,15.741000000000001,,False,0.0,0.0,10.032699714743051,0.0,False
4396,,0.0,0.0,0.0,15.741000000000001,,False,0.0,0.0,10.032699714743051,0.0,False
4397,,0.0,0.0,0.0,15.741000000000001,,False,0.0,0.0,10.032699714743051,0.0,False
4398,,0.0,0.0,0.0,15.741000000000001,,False,0.0,0.0,10.032699714743051,0.0,False
4399,,0.0,0.0,0.0,15.741000000000001,,False,0.0,0.0,10.032699714743051,0.0,False
4400,,0.0,0.0,0.0,15.741000000000001,,False,0.0,0.0,10.032699714743051,0.0,False
4401,,0.0,0.0,0.0,15.741000000000001,,False,0.0,0.0,10.032699714743051,0.0,False
4402,,0.0,0.0,0.0,15.741000000000001,,False,0.0,0.0,10.032699714743051,0.0,False
4403,,0.0,0.0,0.0,15.741000000000001,,False,0.0,0.0,10.032699714743051,0.0,False
4404,0.9466511693793358,0.9466511693793358,0.0,0.0,15.741000000000001,0.9466511693793358,False,0.9466511693793358,0.0,10.032699714743051,0.0,False
4405,3.6454707358866902,3.6454707358866902,0.0,0.0,15.741000000000001,3.6454707358866902,False,3.6454707358866902,0.0,10.486697666712079,0.0,False
4406,9.116083436205772,9.116083436205772,0.0,0.0,15.741000000000001,9.116083436205772,False,0.5156444554676695,0.0,12.235004013960019,8.600438980738103,False
4407,3.2516144302458203,3.2516144302458203,0.0,0.0,15.741000000000001,3.2516144302458203,False,3.2516144302458203,0.0,12.482298407395346,0.0,False
4408,3.5432481014423405,3.5432481014423405,0.0,0.0,15.741000000000001,3.5432481014423405,False,3.5432481014423405,0.0,14.041717906018489,0.0,False
4409,-0.5928963518192446,-0.5928963518192446,0.0,0.5928963518192446,15.741000000000001,0.0,False,0.0,0.0,15.741000000000001,-0.5928963518192446,False
4410,-5.49623613190542,-5.49623613190542,0.0,5.49623613190542,15.431931411509584,0.0,False,0.0,0.0,15.741000000000001,-5.49623613190542,False
4411,-1.2806293955150678,-1.2806293955150678,0.0,1.2806293955150678,12.56682027010063,0.0,False,0.0,0.0,15.741000000000001,-1.2806293955150678,False
4412,-6.578878367206074,-6.578878367206074,0.0,6.578878367206074,11.899246050025404,0.0,False,0.0,0.0,15.741000000000001,-6.578878367206074,False
4413,-11.194750546471399,-11.194750546471399,0.0,8.745000000000001,8.469768630298557,-2.449750546471398,False,0.0,0.0,15.741000000000001,-11.194750546471399,False
4414,-9.633110784319754,-9.633110784319754,0.0,4.147669623230825,3.911122252975759,-5.4854411610889295,False,0.0,0.0,15.741000000000001,-9.633110784319754,False
4415,-13.954355913107303,-13.954355913107303,0.0,4.2595540635239357e-16,1.7490000000000006,-13.954355913107303,False,0.0,0.0,15.741000000000001,-13.954355913107303,False
4416,-17.269993855269846,-17.269993855269846,0.0,0.0,1.7490000000000003,-17.269993855269846,False,0.0,0.0,15.741000000000001,-17.269993855269846,False
4417,-9.001137846703585,-9.001137846703585,0.0,0.0,1.7490000000000003,-9.001137846703585,False,0.0,2.8642213752804526,15.741000000000001,-6.136916471423133,False
4418,-4.014617014749652,-4.014617014749652,0.0,0.0,1.7490000000000003,-4.014617014749652,False,0.0,0.0,14.24792139550912,-4.014617014749652,False
4419,-3.1682650390524314,-3.1682650390524314,0.0,0.0,1.7490000000000003,-3.1682650390524314,False,0.0,0.0,14.24792139550912,-3.1682650390524314,False
4420,-1.886225091162061,-1.886225091162061,0.0,0.0,1.7490000000000003,-1.886225091162061,False,0.0,0.0,14.24792139550912,-1.886225091162061,False
4421,-0.32043412496480633,-0.32043412496480633,0.0,0.0,1.7490000000000003,-0.32043412496480633,False,0.0,0.0,14.24792139550912,-0.32043412496480633,False
4422,1.5574072305357327,1.5574072305357327,1.5574072305357327,0.0,1.7490000000000003,0.0,False,1.5574072305357327,0.0,14.24792139550912,0.0,False
4423,1.5558768730299783,1.5558768730299783,1.5558768730299783,0.0,2.495906269083843,0.0,False,1.5558768730299783,0.0,14.994827664592963,0.0,False
4424,-0.6552973349838672,-0.6552973349838672,0.0,0.6552973349838672,3.242078604490882,0.0,False,0.0,0.0,15.741000000000001,-0.6552973349838672,False
4425,-7.3691479872574295,-7.3691479872574295,0.0,2.208924040296587,2.900481254897573,-5.160223946960842,False,0.0,0.0,15.741000000000001,-7.3691479872574295,False
4426,-10.561156304389133,-10.561156304389133,0.0,0.0,1.7490000000000003,-10.561156304389133,False,0.0,0.0,15.741000000000001,-10.561156304389133,False
4427,-7.54696591003601,-7.54696591003601,0.0,0.0,1.7490000000000003,-7.54696591003601,False,0.0,0.0,15.741000000000001,-7.54696591003601,False
4428,-6.838712083923031,-6.838712083923031,0.0,0.0,1.7490000000000003,-6.838712083923031,False,0.0,0.0,15.741000000000001,-6.838712083923031,False
4429,-3.3443820787746183,-3.3443820787746183,0.0,0.0,1.7490000000000003,-3.3443820787746183,False,0.0,0.0,15.741000000000001,-3.3443820787746183,False
4430,-2.9777818775562297,-2.9777818775562297,0.0,0.0,1.7490000000000003,-2.9777818775562297,False,0.0,0.0,15.741000000000001,-2.9777818775562297,False
4431,-2.699625846290385,-2.699625846290385,0.0,0.0,1.7490000000000003,-2.699625846290385,False,0.0,0.0,15.741000000000001,-2.699625846290385,False
4432,-3.3888717576918963,-3.3888717576918963,0.0,0.0,1.7490000000000003,-3.3888717576918963,False,0.0,0.0,15.741000000000001,-3.3888717576918963,False
4433,-6.088411379267958,-6.088411379267958,0.0,0.0,1.7490000000000003,-6.088411379267958,False,0.0,0.0,15.741000000000001,-6.088411379267958,False
4434,-4.989084399398573,-4.989084399398573,0.0,0.0,1.7490000000000003,-4.989084399398573,False,0.0,0.0,15.741000000000001,-4.989084399398573,False
4435,-7.588096672850658,-7.588096672850658,0.0,0.0,1.7490000000000003,-7.588096672850658,False,0.0,4.71612918071983,15.741000000000001,-2.8719674921308282,False
4436,-13.231669827541358,-13.231669827541358,0.0,0.0,1.7490000000000003,-13.231669827541358,False,0.0,0.0,13.282547718161833,-13.231669827541358,False
4437,-10.147714203552823,-10.147714203552823,0.0,0.0,1.7490000000000003,-10.147714203552823,False,0.0,0.0,13.282547718161833,-10.147714203552823,False
4438,-3.9974182397100444,-3.9974182397100444,0.0,0.0,1.7490000000000003,-3.9974182397100444,False,0.0,3.9974182397100444,13.282547718161833,0.0,False
4439,-3.824092565956923,-3.824092565956923,0.0,0.0,1.7490000000000003,-3.824092565956923,False,0.0,3.824092565956923,11.198749413176326,0.0,False
4440,-3.3645407033997734,-3.3645407033997734,0.0,0.0,1.7490000000000003,-3.3645407033997734,False,0.0,3.3645407033997734,9.205303361450017,0.0,False
4441,-2.753652774397822,-2.753652774397822,0.0,0.0,1.7490000000000003,-2.753652774397822,False,0.0,2.753652774397822,7.451415278098562,0.0,False
4442,-2.8692374105872616,-2.8692374105872616,0.0,0.0,1.7490000000000003,-2.8692374105872616,False,0.0,2.8692374105872616,6.015974541173062,0.0,False
4443,-2.5210393228795436,-2.5210393228795436,0.0,0.0,1.7490000000000003,-2.5210393228795436,False,0.0,2.5210393228795436,4.520281147524959,0.0,False
4444,-1.7636020303597075,-1.7636020303597075,0.0,0.0,1.7490000000000003,-1.7636020303597075,False,0.0,1.7636020303597075,3.2060985544622778,0.0,False
4445,-1.0315976416657275,-1.0315976416657275,0.0,0.0,1.7490000000000003,-1.0315976416657275,False,0.0,1.0315976416657275,2.2867574444864736,0.0,False
4446,2.196423485536383,2.196423485536383,2.196423485536383,0.0,1.7490000000000003,0.0,False,0.0,0.0,1.7490000000000003,2.196423485536383,False
4447,6.645480575244495,6.645480575244495,6.645480575244495,0.0,2.802367699047979,0.0,False,6.314212008843746,0.0,1.7490000000000003,0.3312685664007491,False
4448,8.425043071317512,8.425043071317512,8.425043071317512,0.0,5.989428222079969,0.0,False,8.425043071317512,0.0,4.7771896996892576,0.0,False
4449,0.8706781013636825,0.8706781013636825,0.8706781013636825,0.0,10.029936936749163,0.0,False,0.8706781013636825,0.0,8.817698414358452,0.0,False
4450,-4.372575943000549,-4.372575943000549,0.0,4.372575943000549,10.447499485266965,0.0,False,0.0,4.372575943000549,9.235260962876254,0.0,False
4451,3.0983775469696626,3.0983775469696626,3.0983775469696626,0.0,8.168136708579913,0.0,False,3.0983775469696626,0.0,6.955898186189201,0.0,False
4452,7.062910333005999,7.062910333005999,7.062910333005999,0.0,9.654066379668057,0.0,False,7.062910333005999,0.0,8.441827857277346,0.0,False
4453,5.219504644854936,5.219504644854936,5.219504644854936,0.0,13.041319181804187,0.0,False,5.219504644854936,0.0,11.829080659413478,0.0,False
4454,2.9374110465544354,2.9374110465544354,0.40971899461730643,0.0,15.544505672991434,2.527692051937129,False,2.9374110465544354,0.0,14.332267150600725,0.0,False
4455,-2.6582239915747135,-2.6582239915747135,0.0,2.6582239915747135,15.741000000000001,0.0,False,0.0,2.3379990446187016,15.741000000000001,-0.3202249469560119,False
4456,-2.737089872521246,-2.737089872521246,0.0,2.737089872521246,14.355304954910853,0.0,False,0.0,2.737089872521246,14.522233747863329,0.0,False
4457,4.827381578400583,4.827381578400583,4.827381578400583,0.0,12.92849822743505,0.0,False,4.827381578400583,0.0,13.095427020387525,0.0,False
4458,0.6890194184906624,0.6890194184906624,0.6890194184906624,0.0,15.243629102310313,0.0,False,0.6890194184906624,0.0,15.410557895262789,0.0,False
4459,-8.64338835880847,-8.64338835880847,0.0,8.64338835880847,15.574071207047526,0.0,False,0.0,8.64338835880847,15.741000000000001,0.0,False
4460,2.1172426132906694,2.1172426132906694,2.1172426132906694,0.0,11.068393559285802,0.0,False,2.1172426132906694,0.0,11.235322352238278,0.0,False
4461,3.861951610690643,3.861951610690643,3.861951610690643,0.0,12.083787446017842,0.0,False,3.861951610690643,0.0,12.250716238970318,0.0,False
4462,-12.949952549420825,-12.949952549420825,0.0,8.745000000000001,13.935914373623694,-4.204952549420824,False,0.0,5.423924229673577,14.10284316657617,-7.526028319747248,False
4463,-11.706275603484697,-11.706275603484697,0.0,8.745000000000001,9.377267996300898,-2.9612756034846957,False,0.0,8.745000000000001,11.275427209975279,-2.9612756034846957,False
4464,2.4439066050389022,2.4439066050389022,2.4439066050389022,0.0,4.8186216189781,0.0,False,2.4439066050389022,0.0,6.716780832652481,0.0,False
4465,0.12215925753931146,0.12215925753931146,0.12215925753931146,0.0,5.990678052625873,0.0,False,0.12215925753931146,0.0,7.888837266300254,0.0,False
4466,0.3633252361560754,0.3633252361560754,0.3633252361560754,0.0,6.049263574443024,0.0,False,0.3633252361560754,0.0,7.947422788117405,0.0,False
4467,7.101740312621998,7.101740312621998,7.101740312621998,0.0,6.223508236520258,0.0,False,7.101740312621998,0.0,8.12166745019464,0.0,False
4468,0.2727368167154718,0.2727368167154718,0.2727368167154718,0.0,9.629383242685588,0.0,False,0.2727368167154718,0.0,11.52754245635997,0.0,False
4469,-5.3970392328724515,-5.3970392328724515,0.0,5.3970392328724515,9.76018322500279,0.0,False,0.0,5.3970392328724515,11.658342438677172,0.0,False
4470,-9.671632068964593,-9.671632068964593,0.0,8.745000000000001,6.946782041789181,-0.9266320689645919,False,0.0,8.745000000000001,8.844941255463564,-0.9266320689645919,False
4471,-4.867375504210955,-4.867375504210955,0.0,1.2260747869285205,2.3881356644663834,-3.6413007172824345,False,0.0,4.867375504210955,4.286294878140765,0.0,False
4472,3.419975618128842,3.419975618128842,3.419975618128842,0.0,1.7490000000000003,0.0,False,0.0,0.0,1.7490000000000003,3.419975618128842,False
4473,3.9358713761785755,3.9358713761785755,3.9358713761785755,0.0,3.3891626878383208,0.0,False,0.0,0.0,1.7490000000000003,3.9358713761785755,False
4474,13.687998500965824,13.687998500965824,8.745000000000001,0.0,5.2767402895964635,4.942998500965823,False,0.0,0.0,1.7490000000000003,13.687998500965824,False
4475,23.48936903232822,23.48936903232822,8.745000000000001,0.0,9.470694956733437,14.744369032328219,False,8.745000000000001,0.0,1.7490000000000003,14.744369032328219,False
4476,23.426476585781753,23.426476585781753,4.329489820558485,0.0,13.66464962387041,19.096986765223267,True,5.936476585781751,0.0,5.942954667136974,17.490000000000002,False
4477,14.314727996522276,14.314727996522276,0.0,0.0,15.741000000000001,14.314727996522276,False,0.0,0.0,8.789988821886974,14.314727996522276,False
4478,9.39429281136182,9.39429281136182,0.0,0.0,15.741000000000001,9.39429281136182,False,0.0,0.0,8.789988821886974,9.39429281136182,False
4479,19.725752073527307,19.725752073527307,0.0,0.0,15.741000000000001,19.725752073527307,True,8.745000000000001,0.0,8.789988821886974,10.980752073527306,False
4480,22.207075482336887,22.207075482336887,0.0,0.0,15.741000000000001,22.207075482336887,True,5.7488602290841495,0.0,12.983943489023947,16.45821525325274,False
4481,7.602676170185484,7.602676170185484,0.0,0.0,15.741000000000001,7.602676170185484,False,0.0,0.0,15.741000000000001,7.602676170185484,False
4482,-6.4894941205,-6.4894941205,0.0,6.4894941205,15.741000000000001,0.0,False,0.0,0.0,15.741000000000001,-6.4894941205,False
4483,-7.665140991120342,-7.665140991120342,0.0,7.665140991120342,12.358117339842778,0.0,False,0.0,3.345153369913936,15.741000000000001,-4.319987621206407,False
4484,-3.8130037817366045,-3.8130037817366045,0.0,3.8130037817366045,8.36238638377197,0.0,False,0.0,3.8130037817366045,13.997218262853368,0.0,False
4485,-2.1931527180260866,-2.1931527180260866,0.0,2.1931527180260866,6.374720760406424,0.0,False,0.0,2.1931527180260866,12.009552639487822,0.0,False
4486,-12.951744379437566,-12.951744379437566,0.0,6.680518258293597,5.231460875564198,-6.271226121143968,False,0.0,8.745000000000001,10.866292754645595,-4.2067443794375645,False
4487,-25.65773083325109,-25.65773083325109,0.0,4.2595540635239357e-16,1.7490000000000006,-25.65773083325109,True,0.0,8.745000000000001,6.307646377322798,-16.91273083325109,False
4488,2.624708287708702,2.624708287708702,2.624708287708702,0.0,1.7490000000000003,0.0,False,2.624708287708702,0.0,1.7490000000000003,0.0,False
4489,20.924844895625807,20.924844895625807,8.745000000000001,0.0,3.0077658745693547,12.179844895625806,False,8.745000000000001,0.0,3.0077658745693547,12.179844895625806,False
4490,-1.2135324010327895,-1.2135324010327895,0.0,1.2135324010327895,7.201720541706329,0.0,False,0.0,1.2135324010327895,7.201720541706329,0.0,False
4491,3.1935771521976064,3.1935771521976064,3.1935771521976064,0.0,6.56912304785476,0.0,False,3.1935771521976064,0.0,6.56912304785476,0.0,False
4492,6.708607210213847,6.708607210213847,6.708607210213847,0.0,8.100708845718815,0.0,False,6.708607210213847,0.0,8.100708845718815,0.0,False
4493,-6.874062467815946,-6.874062467815946,0.0,6.874062467815946,11.31804383934547,0.0,False,0.0,0.0,11.31804383934547,-6.874062467815946,False
4494,-7.602578227305109,-7.602578227305109,0.0,7.602578227305109,7.734691070174542,0.0,False,0.0,1.943428118705983,11.31804383934547,-5.6591501085991265,False
4495,-9.46483179849704,-9.46483179849704,0.0,3.8799681419566974,3.771573209200545,-5.5848636565403424,False,0.0,8.745000000000001,10.304961900760418,-0.7198317984970384,False
4496,-7.668180718371768,-7.668180718371768,0.0,4.2595540635239357e-16,1.7490000000000006,-7.668180718371768,False,0.0,7.668180718371768,5.7463155234376195,0.0,False
4497,10.148702219848339,10.148702219848339,8.745000000000001,0.0,1.7490000000000003,1.4037022198483378,False,0.0,0.0,1.7490000000000003,10.148702219848339,False
4498,23.633571559380414,23.633571559380414,8.745000000000001,0.0,5.942954667136974,14.888571559380413,False,6.143571559380412,0.0,1.7490000000000003,17.490000000000002,False
4499,20.55929670588137,20.55929670588137,8.745000000000001,0.0,10.136909334273948,11.814296705881368,False,3.069296705881367,0.0,4.695353415020406,17.490000000000002,False
4500,7.648481082067699,7.648481082067699,2.940336814865897,0.0,14.330864001410923,4.708144267201802,False,0.0,0.0,6.167336404666981,7.648481082067699,False
4501,10.64114503049989,10.64114503049989,0.0,0.0,15.741000000000001,10.64114503049989,False,0.0,0.0,6.167336404666981,10.64114503049989,False
4502,10.45599713251374,10.45599713251374,0.0,0.0,15.741000000000001,10.45599713251374,False,0.0,0.0,6.167336404666981,10.45599713251374,False
4503,10.659049338827204,10.659049338827204,0.0,0.0,15.741000000000001,10.659049338827204,False,0.0,0.0,6.167336404666981,10.659049338827204,False
4504,26.598798383959437,26.598798383959437,0.0,0.0,15.741000000000001,26.598798383959437,True,8.745000000000001,0.0,6.167336404666981,17.853798383959436,True
4505,23.487026273609406,23.487026273609406,0.0,0.0,15.741000000000001,23.487026273609406,True,5.9970262736094035,0.0,10.361291071803954,17.490000000000002,False
4506,14.918694517293146,14.918694517293146,0.0,0.0,15.741000000000001,14.918694517293146,False,0.0,0.0,13.237363836715012,14.918694517293146,False
4507,17.055275602516517,17.055275602516517,0.0,0.0,15.741000000000001,17.055275602516517,False,0.0,0.0,13.237363836715012,17.055275602516517,False
4508,12.61060058221489,12.61060058221489,0.0,0.0,15.741000000000001,12.61060058221489,False,5.220442275994722,0.0,13.237363836715012,7.390158306220167,False
4509,-9.308885745190695,-9.308885745190695,0.0,8.745000000000001,15.741000000000001,-0.563885745190694,False,0.0,0.0,15.741000000000001,-9.308885745190695,False
4510,-20.14268791933495,-20.14268791933495,0.0,8.745000000000001,11.182353622677205,-11.397687919334949,False,0.0,8.745000000000001,15.741000000000001,-11.397687919334949,False
4511,,0.0,0.0,0.0,6.6237072453544075,,False,0.0,0.0,11.182353622677205,0.0,False
4512,,0.0,0.0,0.0,6.6237072453544075,,False,0.0,0.0,11.182353622677205,0.0,False
4513,,0.0,0.0,0.0,6.6237072453544075,,False,0.0,0.0,11.182353622677205,0.0,False
4514,,0.0,0.0,0.0,6.6237072453544075,,False,0.0,0.0,11.182353622677205,0.0,False
4515,,0.0,0.0,0.0,6.6237072453544075,,False,0.0,0.0,11.182353622677205,0.0,False
4516,,0.0,0.0,0.0,6.6237072453544075,,False,0.0,0.0,11.182353622677205,0.0,False
4517,,0.0,0.0,0.0,6.6237072453544075,,False,0.0,0.0,11.182353622677205,0.0,False
4518,,0.0,0.0,0.0,6.6237072453544075,,False,0.0,0.0,11.182353622677205,0.0,False
4519,,0.0,0.0,0.0,6.6237072453544075,,False,0.0,0.0,11.182353622677205,0.0,False
4520,,0.0,0.0,0.0,6.6237072453544075,,False,0.0,0.0,11.182353622677205,0.0,False
4521,,0.0,0.0,0.0,6.6237072453544075,,False,0.0,0.0,11.182353622677205,0.0,False
4522,,0.0,0.0,0.0,6.6237072453544075,,False,0.0,0.0,11.182353622677205,0.0,False
4523,,0.0,0.0,0.0,6.6237072453544075,,False,0.0,0.0,11.182353622677205,0.0,False
4524,,0.0,0.0,0.0,6.6237072453544075,,False,0.0,0.0,11.182353622677205,0.0,False
4525,,0.0,0.0,0.0,6.6237072453544075,,False,0.0,0.0,11.182353622677205,0.0,False
4526,,0.0,0.0,0.0,6.6237072453544075,,False,0.0,0.0,11.182353622677205,0.0,False
4527,,0.0,0.0,0.0,6.6237072453544075,,False,0.0,0.0,11.182353622677205,0.0,False
4528,,0.0,0.0,0.0,6.6237072453544075,,False,0.0,0.0,11.182353622677205,0.0,False
4529,,0.0,0.0,0.0,6.6237072453544075,,False,0.0,0.0,11.182353622677205,0.0,False
4530,,0.0,0.0,0.0,6.6237072453544075,,False,0.0,0.0,11.182353622677205,0.0,False
4531,,0.0,0.0,0.0,6.6237072453544075,,False,0.0,0.0,11.182353622677205,0.0,False
4532,,0.0,0.0,0.0,6.6237072453544075,,False,0.0,0.0,11.182353622677205,0.0,False
4533,,0.0,0.0,0.0,6.6237072453544075,,False,0.0,0.0,11.182353622677205,0.0,False
4534,,0.0,0.0,0.0,6.6237072453544075,,False,0.0,0.0,11.182353622677205,0.0,False
4535,,0.0,0.0,0.0,6.6237072453544075,,False,0.0,0.0,11.182353622677205,0.0,False
4536,,0.0,0.0,0.0,6.6237072453544075,,False,0.0,0.0,11.182353622677205,0.0,False
4537,-6.552044641455183,-6.552044641455183,0.0,6.552044641455183,6.6237072453544075,0.0,False,0.0,6.552044641455183,11.182353622677205,0.0,False
4538,-12.89255408632001,-12.89255408632001,0.0,2.799265228221448,3.2082178721323475,-10.09328885809856,False,0.0,0.0,7.7668642494551445,-12.89255408632001,False
4539,-10.139963668612882,-10.139963668612882,0.0,0.0,1.7490000000000003,-10.139963668612882,False,0.0,1.6981027154925354,7.7668642494551445,-8.441860953120347,False
4540,-6.35724985072227,-6.35724985072227,0.0,0.0,1.7490000000000003,-6.35724985072227,False,0.0,6.35724985072227,6.881667017631011,0.0,False
4541,-3.4277033463695004,-3.4277033463695004,0.0,0.0,1.7490000000000003,-3.4277033463695004,False,0.0,3.4277033463695004,3.5677214485365605,0.0,False
4542,-0.06120931563714214,-0.06120931563714214,0.0,0.0,1.7490000000000003,-0.06120931563714214,False,0.0,0.06120931563714214,1.7809075614622834,0.0,False
4543,1.7678829824871038,1.7678829824871038,1.7678829824871038,0.0,1.7490000000000003,0.0,False,0.0,0.0,1.7490000000000003,1.7678829824871038,False
4544,2.0276593326598435,2.0276593326598435,2.0276593326598435,0.0,2.5968468936939764,0.0,False,0.0,0.0,1.7490000000000003,2.0276593326598435,False
4545,2.2495581977281653,2.2495581977281653,2.2495581977281653,0.0,3.5692781483049076,0.0,False,0.0,0.0,1.7490000000000003,2.2495581977281653,False
4546,1.4963875917803013,1.4963875917803013,1.4963875917803013,0.0,4.648128360124036,0.0,False,0.0,0.0,1.7490000000000003,1.4963875917803013,False
4547,5.522111853857715,5.522111853857715,5.522111853857715,0.0,5.365770638499434,0.0,False,0.0,0.0,1.7490000000000003,5.522111853857715,False
4548,12.895394867095693,12.895394867095693,8.745000000000001,0.0,8.014082448898401,4.150394867095692,False,0.0,0.0,1.7490000000000003,12.895394867095693,False
4549,16.095227246286818,16.095227246286818,7.366736856352772,0.0,12.208037116035374,8.728490389934045,False,0.0,0.0,1.7490000000000003,16.095227246286818,False
4550,11.57104534386624,11.57104534386624,0.0,0.0,15.741000000000001,11.57104534386624,False,6.681214609308237,0.0,1.7490000000000003,4.889830734558003,False
4551,1.7730258581964409,1.7730258581964409,0.0,0.0,15.741000000000001,1.7730258581964409,False,1.7730258581964409,0.0,4.953197963733793,0.0,False
4552,-7.577223264149772,-7.577223264149772,0.0,7.577223264149772,15.741000000000001,0.0,False,0.0,7.577223264149772,5.803511293972501,0.0,False
4553,-0.20067796595453244,-0.20067796595453244,0.0,0.20067796595453244,11.791099327240438,0.0,False,0.0,0.20067796595453244,1.8536106212129377,0.0,False
4554,14.767426111014379,14.767426111014379,8.45424046750468,0.0,11.6864887060275,6.313185643509698,False,5.489745942380418,0.0,1.7490000000000003,9.27768016863396,False
4555,6.427562738467143,6.427562738467143,0.0,0.0,15.741000000000001,6.427562738467143,False,6.427562738467143,0.0,4.381789664544611,0.0,False
4556,2.904364943820195,2.904364943820195,0.0,0.0,15.741000000000001,2.904364943820195,False,2.904364943820195,0.0,7.464340464465707,0.0,False
4557,9.902007715430786,9.902007715430786,0.0,0.0,15.741000000000001,9.902007715430786,False,8.745000000000001,0.0,8.857224959743434,1.157007715430785,False
4558,0.23287318991558456,0.23287318991558456,0.0,0.0,15.741000000000001,0.23287318991558456,False,0.23287318991558456,0.0,13.051179626880407,0.0,False
4559,5.375790000282561,5.375790000282561,0.0,0.0,15.741000000000001,5.375790000282561,False,5.375790000282561,0.0,13.162861685393562,0.0,False
4560,-7.927152187945481,-7.927152187945481,0.0,7.927152187945481,15.741000000000001,0.0,False,0.0,0.0,15.741000000000001,-7.927152187945481,False
4561,-27.54426899183433,-27.54426899183433,0.0,8.745000000000001,11.608686265973226,-18.799268991834328,True,0.0,8.745000000000001,15.741000000000001,-18.799268991834328,True
4562,-8.482451591053367,-8.482451591053367,0.0,8.482451591053367,7.050039888650429,0.0,False,0.0,0.0,11.182353622677205,-8.482451591053367,False
4563,2.110721541336151,2.110721541336151,2.110721541336151,0.0,2.6282563304604425,0.0,False,2.110721541336151,0.0,11.182353622677205,0.0,False
4564,-4.282311084861162,-4.282311084861162,0.0,3.6285699087070404,3.6405228209479548,-0.6537411761541212,False,0.0,0.0,12.194620113164717,-4.282311084861162,False
4565,-9.480356619525411,-9.480356619525411,0.0,0.0,1.7490000000000003,-9.480356619525411,False,0.0,0.0,12.194620113164717,-9.480356619525411,False
4566,-2.2289202336505682,-2.2289202336505682,0.0,0.0,1.7490000000000003,-2.2289202336505682,False,0.0,0.0,12.194620113164717,-2.2289202336505682,False
4567,6.622548648990275,6.622548648990275,6.622548648990275,0.0,1.7490000000000003,0.0,False,6.622548648990275,0.0,12.194620113164717,0.0,False
4568,-2.681167985790987,-2.681167985790987,0.0,2.681167985790987,4.925062757549963,0.0,False,0.0,0.5970165944524893,15.37068287071468,-2.0841513913384975,False
4569,-12.48479819932188,-12.48479819932188,0.0,3.4115767712800666,3.5274073286854755,-9.073221428041812,False,0.0,8.745000000000001,15.059466457278152,-3.7397981993218785,False
4570,-2.801063188711783,-2.801063188711783,0.0,0.0,1.7490000000000003,-2.801063188711783,False,0.0,2.801063188711783,10.500820079955355,0.0,False
4571,-5.24283866161267,-5.24283866161267,0.0,0.0,1.7490000000000003,-5.24283866161267,False,0.0,5.24283866161267,9.040664956127658,0.0,False
4572,-8.948695555696407,-8.948695555696407,0.0,0.0,1.7490000000000003,-8.948695555696407,False,0.0,8.745000000000001,6.307646377322798,-0.20369555569640596,False
4573,3.635200725288074,3.635200725288074,3.635200725288074,0.0,1.7490000000000003,0.0,False,3.635200725288074,0.0,1.7490000000000003,0.0,False
4574,5.534756542060255,5.534756542060255,5.534756542060255,0.0,3.492381023190581,0.0,False,5.534756542060255,0.0,3.492381023190581,0.0,False
4575,4.806232037671064,4.806232037671064,4.806232037671064,0.0,6.146757013017968,0.0,False,4.806232037671064,0.0,6.146757013017968,0.0,False
4576,-7.2875668148506865,-7.2875668148506865,0.0,7.2875668148506865,8.45174492447981,0.0,False,0.0,0.0,8.45174492447981,-7.2875668148506865,False
4577,-18.812700559054303,-18.812700559054303,0.0,5.570527345767155,4.652838113728876,-13.242173213287149,False,0.0,1.3227005590543008,8.45174492447981,-17.490000000000002,False
4578,-11.284362160578329,-11.284362160578329,0.0,1.2778662190571807e-15,1.749000000000001,-11.284362160578327,False,0.0,0.0,7.762239594369378,-11.284362160578329,False
4579,-9.472652887290446,-9.472652887290446,0.0,0.0,1.7490000000000003,-9.472652887290446,False,0.0,5.95660124089771,7.762239594369378,-3.516051646392736,False
4580,-5.5787923606658305,-5.5787923606658305,0.0,0.0,1.7490000000000003,-5.5787923606658305,False,0.0,5.5787923606658305,4.657146550575802,0.0,False
4581,5.370423255132379,5.370423255132379,5.370423255132379,0.0,1.7490000000000003,0.0,False,5.370423255132379,0.0,1.7490000000000003,0.0,False
4582,2.083942033965463,2.083942033965463,2.083942033965463,0.0,4.324564514049557,0.0,False,2.083942033965463,0.0,4.324564514049557,0.0,False
4583,-5.803955172222424,-5.803955172222424,0.0,5.803955172222424,5.323988003974357,0.0,False,0.0,1.008068841004663,5.323988003974357,-4.795886331217761,False
4584,-5.8499472249653515,-5.8499472249653515,0.0,1.0540608937475908,2.298467224100639,-4.79588633121776,False,0.0,5.8499472249653515,4.798495794696152,0.0,False
4585,2.8102339653762627,2.8102339653762627,2.8102339653762627,0.0,1.7490000000000006,0.0,False,0.0,0.0,1.7490000000000003,2.8102339653762627,False
4586,6.636077883831144,6.636077883831144,6.636077883831144,0.0,3.096740863903559,0.0,False,1.908869097285895,0.0,1.7490000000000003,4.727208786545249,False
4587,-1.7561595695030239,-1.7561595695030239,0.0,1.7561595695030239,6.279292014547135,0.0,False,0.0,1.7561595695030239,2.6644614590641194,0.0,False
4588,0.2527057487001563,0.2527057487001563,0.2527057487001563,0.0,5.363830555483016,0.0,False,0.0,0.0,1.7490000000000003,0.2527057487001563,False
4589,5.628985463384553,5.628985463384553,5.628985463384553,0.0,5.485023975056872,0.0,False,0.0,0.0,1.7490000000000003,5.628985463384553,False
4590,17.06442714040093,17.06442714040093,8.745000000000001,0.0,8.184590568013741,8.31942714040093,False,0.0,0.0,1.7490000000000003,17.06442714040093,False
4591,29.29237188493706,29.29237188493706,7.011202850859683,0.0,12.378545235150714,22.28116903407738,True,8.745000000000001,0.0,1.7490000000000003,20.54737188493706,True
4592,12.99783350057085,12.99783350057085,0.0,0.0,15.741000000000001,12.99783350057085,False,0.0,0.0,5.942954667136974,12.99783350057085,False
4593,9.207015530217664,9.207015530217664,0.0,0.0,15.741000000000001,9.207015530217664,False,0.0,0.0,5.942954667136974,9.207015530217664,False
4594,16.698657704685665,16.698657704685665,0.0,0.0,15.741000000000001,16.698657704685665,False,0.0,0.0,5.942954667136974,16.698657704685665,False
4595,13.770803959377167,13.770803959377167,0.0,0.0,15.741000000000001,13.770803959377167,False,0.0,0.0,5.942954667136974,13.770803959377167,False
4596,16.684613395232862,16.684613395232862,0.0,0.0,15.741000000000001,16.684613395232862,False,0.0,0.0,5.942954667136974,16.684613395232862,False
4597,19.728144678176307,19.728144678176307,0.0,0.0,15.741000000000001,19.728144678176307,True,2.2381446781763046,0.0,5.942954667136974,17.490000000000002,False
4598,17.53241833607054,17.53241833607054,0.0,0.0,15.741000000000001,17.53241833607054,True,0.042418336070536355,0.0,7.016331147270227,17.490000000000002,False
4599,7.951270622236164,7.951270622236164,0.0,0.0,15.741000000000001,7.951270622236164,False,4.187676027512645,0.0,7.036674266599582,3.7635945947235188,False
4600,6.996098422264791,6.996098422264791,0.0,0.0,15.741000000000001,6.996098422264791,False,6.996098422264791,0.0,9.045013136816195,0.0,False
4601,6.965999350841623,6.965999350841623,0.0,0.0,15.741000000000001,6.965999350841623,False,6.965999350841623,0.0,12.400224072185782,0.0,False
4602,-4.839692648666868,-4.839692648666868,0.0,4.839692648666868,15.741000000000001,0.0,False,0.0,4.839692648666868,15.741000000000001,0.0,False
4603,-6.704041497906676,-6.704041497906676,0.0,6.704041497906676,13.218135807867242,0.0,False,0.0,6.704041497906676,13.218135807867242,0.0,False
4604,8.91889206189435,8.91889206189435,8.745000000000001,0.0,9.72341259599143,0.17389206189434958,False,0.0,0.0,9.72341259599143,8.91889206189435,False
4605,21.36279998315248,21.36279998315248,3.8025371158408054,0.0,13.917367263128405,17.560262867311675,True,3.872799983152479,0.0,9.72341259599143,17.490000000000002,False
4606,10.712945032219842,10.712945032219842,0.0,0.0,15.741000000000001,10.712945032219842,False,0.0,0.0,11.580742220260193,10.712945032219842,False
4607,12.77275464005458,12.77275464005458,0.0,0.0,15.741000000000001,12.77275464005458,False,0.0,0.0,11.580742220260193,12.77275464005458,False
4608,20.409897084739633,20.409897084739633,0.0,0.0,15.741000000000001,20.409897084739633,True,6.045651698542113,0.0,11.580742220260193,14.36424538619752,False
4609,16.925429577848313,16.925429577848313,0.0,0.0,15.741000000000001,16.925429577848313,False,0.0,0.0,14.480134919743929,16.925429577848313,False
4610,20.119085434146218,20.119085434146218,0.0,0.0,15.741000000000001,20.119085434146218,True,2.6290854341462158,0.0,14.480134919743929,17.490000000000002,False
4611,12.420622875940584,12.420622875940584,0.0,0.0,15.741000000000001,12.420622875940584,False,0.0,0.0,15.741000000000001,12.420622875940584,False
4612,8.023165943366488,8.023165943366488,0.0,0.0,15.741000000000001,8.023165943366488,False,0.0,0.0,15.741000000000001,8.023165943366488,False
4613,9.709684626967663,9.709684626967663,0.0,0.0,15.741000000000001,9.709684626967663,False,0.0,0.0,15.741000000000001,9.709684626967663,False
4614,12.4920931949293,12.4920931949293,0.0,0.0,15.741000000000001,12.4920931949293,False,0.0,0.0,15.741000000000001,12.4920931949293,False
4615,5.0315443870182195,5.0315443870182195,0.0,0.0,15.741000000000001,5.0315443870182195,False,0.0,0.0,15.741000000000001,5.0315443870182195,False
4616,-8.964383906355383,-8.964383906355383,0.0,8.745000000000001,15.741000000000001,-0.2193839063553824,False,0.0,8.745000000000001,15.741000000000001,-0.2193839063553824,False
4617,-10.229545322692305,-10.229545322692305,0.0,8.745000000000001,11.182353622677205,-1.4845453226923038,False,0.0,8.745000000000001,11.182353622677205,-1.4845453226923038,False
4618,11.868995456356513,11.868995456356513,8.745000000000001,0.0,6.6237072453544075,3.1239954563565124,False,0.0,0.0,6.6237072453544075,11.868995456356513,False
4619,32.52941906070811,32.52941906070811,8.745000000000001,0.0,10.817661912491381,23.784419060708107,True,8.745000000000001,0.0,6.6237072453544075,23.784419060708107,True
4620,16.423651586411665,16.423651586411665,1.520869565217387,0.0,15.011616579628356,14.902782021194279,False,0.0,0.0,10.817661912491381,16.423651586411665,False
4621,5.7753715919749515,5.7753715919749515,0.0,0.0,15.741000000000001,5.7753715919749515,False,2.0197436506125874,0.0,10.817661912491381,3.755627941362364,False
4622,14.261889561543613,14.261889561543613,0.0,0.0,15.741000000000001,14.261889561543613,False,0.0,0.0,11.786296939353237,14.261889561543613,False
4623,8.246125914604804,8.246125914604804,0.0,0.0,15.741000000000001,8.246125914604804,False,8.246125914604804,0.0,11.786296939353237,0.0,False
4624,-3.6855319974273137,-3.6855319974273137,0.0,3.6855319974273137,15.741000000000001,0.0,False,0.0,3.6855319974273137,15.741000000000001,0.0,False
4625,-16.23145704797902,-16.23145704797902,0.0,8.745000000000001,13.819783637669609,-7.48645704797902,False,0.0,8.745000000000001,13.819783637669609,-7.48645704797902,False
4626,-19.916815896385696,-19.916815896385696,0.0,8.745000000000001,9.26113726034681,-11.171815896385695,False,0.0,5.665777872249312,9.26113726034681,-14.251038024136385,False
4627,-9.019604452103017,-9.019604452103017,0.0,5.665777872249312,4.702490883024013,-3.3538265798537052,False,0.0,8.745000000000001,6.307646377322798,-0.2746044521030164,False
4628,1.127632996989814,1.127632996989814,1.127632996989814,0.0,1.7490000000000006,0.0,False,1.127632996989814,0.0,1.7490000000000003,0.0,False
4629,0.4893208813398115,0.4893208813398115,0.4893208813398115,0.0,2.289793787369135,0.0,False,0.4893208813398115,0.0,2.289793787369135,0.0,False
4630,-2.4488063725273235,-2.4488063725273235,0.0,1.487597568063256,2.5244638381435984,-0.9612088044640674,False,0.0,0.0,2.5244638381435984,-2.4488063725273235,False
4631,-5.6045653300427345,-5.6045653300427345,0.0,0.0,1.7490000000000003,-5.6045653300427345,False,0.0,0.0,2.5244638381435984,-5.6045653300427345,False
4632,-11.257102558195836,-11.257102558195836,0.0,0.0,1.7490000000000003,-11.257102558195836,False,0.0,0.0,2.5244638381435984,-11.257102558195836,False
4633,-11.088125729350496,-11.088125729350496,0.0,0.0,1.7490000000000003,-11.088125729350496,False,0.0,0.0,2.5244638381435984,-11.088125729350496,False
4634,-13.002326630207746,-13.002326630207746,0.0,0.0,1.7490000000000003,-13.002326630207746,False,0.0,0.0,2.5244638381435984,-13.002326630207746,False
4635,-10.991918711638766,-10.991918711638766,0.0,0.0,1.7490000000000003,-10.991918711638766,False,0.0,1.487597568063256,2.5244638381435984,-9.50432114357551,False
4636,-2.3963054906899224,-2.3963054906899224,0.0,0.0,1.7490000000000003,-2.3963054906899224,False,0.0,0.0,1.7490000000000003,-2.3963054906899224,False
4637,,0.0,0.0,0.0,1.7490000000000003,,False,0.0,0.0,1.7490000000000003,0.0,False
4638,,0.0,0.0,0.0,1.7490000000000003,,False,0.0,0.0,1.7490000000000003,0.0,False
4639,,0.0,0.0,0.0,1.7490000000000003,,False,0.0,0.0,1.7490000000000003,0.0,False
4640,,0.0,0.0,0.0,1.7490000000000003,,False,0.0,0.0,1.7490000000000003,0.0,False
4641,,0.0,0.0,0.0,1.7490000000000003,,False,0.0,0.0,1.7490000000000003,0.0,False
4642,,0.0,0.0,0.0,1.7490000000000003,,False,0.0,0.0,1.7490000000000003,0.0,False
4643,,0.0,0.0,0.0,1.7490000000000003,,False,0.0,0.0,1.7490000000000003,0.0,False
4644,,0.0,0.0,0.0,1.7490000000000003,,False,0.0,0.0,1.7490000000000003,0.0,False
4645,,0.0,0.0,0.0,1.7490000000000003,,False,0.0,0.0,1.7490000000000003,0.0,False
4646,,0.0,0.0,0.0,1.7490000000000003,,False,0.0,0.0,1.7490000000000003,0.0,False
4647,,0.0,0.0,0.0,1.7490000000000003,,False,0.0,0.0,1.7490000000000003,0.0,False
4648,,0.0,0.0,0.0,1.7490000000000003,,False,0.0,0.0,1.7490000000000003,0.0,False
4649,,0.0,0.0,0.0,1.7490000000000003,,False,0.0,0.0,1.7490000000000003,0.0,False
4650,,0.0,0.0,0.0,1.7490000000000003,,False,0.0,0.0,1.7490000000000003,0.0,False
4651,,0.0,0.0,0.0,1.7490000000000003,,False,0.0,0.0,1.7490000000000003,0.0,False
4652,,0.0,0.0,0.0,1.7490000000000003,,False,0.0,0.0,1.7490000000000003,0.0,False
4653,,0.0,0.0,0.0,1.7490000000000003,,False,0.0,0.0,1.7490000000000003,0.0,False
4654,,0.0,0.0,0.0,1.7490000000000003,,False,0.0,0.0,1.7490000000000003,0.0,False
4655,,0.0,0.0,0.0,1.7490000000000003,,False,0.0,0.0,1.7490000000000003,0.0,False
4656,,0.0,0.0,0.0,1.7490000000000003,,False,0.0,0.0,1.7490000000000003,0.0,False
4657,,0.0,0.0,0.0,1.7490000000000003,,False,0.0,0.0,1.7490000000000003,0.0,False
4658,,0.0,0.0,0.0,1.7490000000000003,,False,0.0,0.0,1.7490000000000003,0.0,False
4659,,0.0,0.0,0.0,1.7490000000000003,,False,0.0,0.0,1.7490000000000003,0.0,False
4660,,0.0,0.0,0.0,1.7490000000000003,,False,0.0,0.0,1.7490000000000003,0.0,False
4661,,0.0,0.0,0.0,1.7490000000000003,,False,0.0,0.0,1.7490000000000003,0.0,False
4662,,0.0,0.0,0.0,1.7490000000000003,,False,0.0,0.0,1.7490000000000003,0.0,False
4663,,0.0,0.0,0.0,1.7490000000000003,,False,0.0,0.0,1.7490000000000003,0.0,False
4664,,0.0,0.0,0.0,1.7490000000000003,,False,0.0,0.0,1.7490000000000003,0.0,False
4665,,0.0,0.0,0.0,1.7490000000000003,,False,0.0,0.0,1.7490000000000003,0.0,False
4666,,0.0,0.0,0.0,1.7490000000000003,,False,0.0,0.0,1.7490000000000003,0.0,False
4667,,0.0,0.0,0.0,1.7490000000000003,,False,0.0,0.0,1.7490000000000003,0.0,False
4668,,0.0,0.0,0.0,1.7490000000000003,,False,0.0,0.0,1.7490000000000003,0.0,False
4669,5.317122127492969,5.317122127492969,5.317122127492969,0.0,1.7490000000000003,0.0,False,0.0,0.0,1.7490000000000003,5.317122127492969,False
4670,6.405277934815352,6.405277934815352,6.405277934815352,0.0,4.299002191233438,0.0,False,4.261032385760284,0.0,1.7490000000000003,2.144245549055068,False
4671,-3.9201497948994617,-3.9201497948994617,0.0,3.9201497948994617,7.370865574770123,0.0,False,0.0,3.9201497948994617,3.792519343748558,0.0,False
4672,2.105999295318396,2.105999295318396,2.105999295318396,0.0,5.327346231021566,0.0,False,1.2238135666988785,0.0,1.7490000000000003,0.8821857286195176,False
4673,9.76742632739477,9.76742632739477,8.745000000000001,0.0,6.3373480118778,1.0224263273947685,False,8.745000000000001,0.0,2.335920368183226,1.0224263273947685,False
4674,14.892131008953266,14.892131008953266,8.745000000000001,0.0,10.531302679014773,6.147131008953265,False,8.745000000000001,0.0,6.5298750353202,6.147131008953265,False
4675,-3.9854252267048915,-3.9854252267048915,0.0,3.9854252267048915,14.725257346151746,0.0,False,0.0,3.9854252267048915,10.723829702457174,0.0,False
4676,-25.196130410525512,-25.196130410525512,0.0,8.745000000000001,12.64771083136511,-16.45113041052551,False,0.0,8.745000000000001,8.646283187670537,-16.45113041052551,False
4677,-3.6836474714702296,-3.6836474714702296,0.0,3.6836474714702296,8.089064454042312,0.0,False,0.0,3.6836474714702296,4.087636810347739,0.0,False
4678,-0.8026357831878473,-0.8026357831878473,0.0,0.8026357831878473,6.168830468776212,0.0,False,0.0,0.8026357831878473,2.1674028250816386,0.0,False
4679,3.3925105105955753,3.3925105105955753,3.3925105105955753,0.0,5.750427643694574,0.0,False,0.0,0.0,1.7490000000000003,3.3925105105955753,False
4680,16.440050897443324,16.440050897443324,8.745000000000001,0.0,7.377418528682973,7.695050897443323,False,0.0,0.0,1.7490000000000003,16.440050897443324,False
4681,9.25337749223199,9.25337749223199,8.69427289910277,0.0,11.571373195819948,0.55910459312922,False,0.0,0.0,1.7490000000000003,9.25337749223199,False
4682,7.616526342857556,7.616526342857556,0.0,0.0,15.741000000000001,7.616526342857556,False,0.0,0.0,1.7490000000000003,7.616526342857556,False
4683,14.100679078417464,14.100679078417464,0.0,0.0,15.741000000000001,14.100679078417464,False,0.0,0.0,1.7490000000000003,14.100679078417464,False
4684,8.753755118653443,8.753755118653443,0.0,0.0,15.741000000000001,8.753755118653443,False,4.885322382313607,0.0,1.7490000000000003,3.8684327363398356,False
4685,4.737811939813803,4.737811939813803,0.0,0.0,15.741000000000001,4.737811939813803,False,0.0,0.0,4.091918308264479,4.737811939813803,False
4686,7.912727475341246,7.912727475341246,0.0,0.0,15.741000000000001,7.912727475341246,False,0.0,0.0,4.091918308264479,7.912727475341246,False
4687,23.842955073317682,23.842955073317682,0.0,0.0,15.741000000000001,23.842955073317682,True,8.745000000000001,0.0,4.091918308264479,15.097955073317681,False
4688,1.5774129383409516,1.5774129383409516,0.0,0.0,15.741000000000001,1.5774129383409516,False,0.0,0.0,8.285872975401453,1.5774129383409516,False
4689,-20.84963088493301,-20.84963088493301,0.0,8.745000000000001,15.741000000000001,-12.104630884933009,False,0.0,8.745000000000001,8.285872975401453,-12.104630884933009,False
4690,-3.7948965917285196,-3.7948965917285196,0.0,3.7948965917285196,11.182353622677205,0.0,False,0.0,3.7948965917285196,3.727226598078656,0.0,False
4691,4.807132762374443,4.807132762374443,4.807132762374443,0.0,9.204127024598549,0.0,False,0.0,0.0,1.7490000000000003,4.807132762374443,False
4692,10.226428640320586,10.226428640320586,8.745000000000001,0.0,11.50954690845302,1.4814286403205852,False,0.0,0.0,1.7490000000000003,10.226428640320586,False
4693,19.387682983156196,19.387682983156196,0.07818961993916478,0.0,15.703501575589993,19.309493363217033,True,1.8976829831561943,0.0,1.7490000000000003,17.490000000000002,False
4694,29.896723181309376,29.896723181309376,0.0,0.0,15.741000000000001,29.896723181309376,True,8.745000000000001,0.0,2.65909678718746,21.151723181309375,True
4695,24.243941095955353,24.243941095955353,0.0,0.0,15.741000000000001,24.243941095955353,True,6.753941095955351,0.0,6.853051454324434,17.490000000000002,False
4696,21.72200812037308,21.72200812037308,0.0,0.0,15.741000000000001,21.72200812037308,True,7.251158148543579,0.0,10.092127815782426,14.4708499718295,False
4697,18.077055082568332,18.077055082568332,0.0,0.0,15.741000000000001,18.077055082568332,True,0.5870550825683303,0.0,13.569661098713546,17.490000000000002,False
4698,4.038434187234205,4.038434187234205,0.0,0.0,15.741000000000001,4.038434187234205,False,0.0,0.0,13.85120282580376,4.038434187234205,False
4699,-1.2195663820554803,-1.2195663820554803,0.0,1.2195663820554803,15.741000000000001,0.0,False,0.0,1.2195663820554803,13.85120282580376,0.0,False
4700,-2.5009740736734676,-2.5009740736734676,0.0,2.5009740736734676,15.105257076104989,0.0,False,0.0,2.5009740736734676,13.215459901908748,0.0,False
4701,-13.762041569544213,-13.762041569544213,0.0,8.745000000000001,13.801534217245093,-5.017041569544212,False,0.0,8.745000000000001,11.911737043048852,-5.017041569544212,False
4702,10.49477201925954,10.49477201925954,8.745000000000001,0.0,9.242887839922297,1.7497720192595398,False,0.0,0.0,7.353090665726055,10.49477201925954,False
4703,32.06239155302212,32.06239155302212,4.804500495357547,0.0,13.436842507059271,27.25789105766457,True,8.745000000000001,0.0,7.353090665726055,23.317391553022116,True
4704,29.81533789466337,29.81533789466337,0.0,0.0,15.741000000000001,29.81533789466337,True,8.745000000000001,0.0,11.547045332863028,21.070337894663368,True
4705,5.8163160884189065,5.8163160884189065,0.0,0.0,15.741000000000001,5.8163160884189065,False,0.0,0.0,15.741000000000001,5.8163160884189065,False
4706,-18.15092500212608,-18.15092500212608,0.0,8.745000000000001,15.741000000000001,-9.405925002126079,False,0.0,8.745000000000001,15.741000000000001,-9.405925002126079,False
4707,-2.287669346561465,-2.287669346561465,0.0,2.287669346561465,11.182353622677205,0.0,False,0.0,2.287669346561465,11.182353622677205,0.0,False
4708,15.743688386395059,15.743688386395059,8.745000000000001,0.0,9.989823539290718,6.998688386395058,False,0.0,0.0,9.989823539290718,15.743688386395059,False
4709,25.492307057289118,25.492307057289118,3.247031898436369,0.0,14.183778206427693,22.24527515885275,True,8.002307057289116,0.0,9.989823539290718,17.490000000000002,False
4710,21.31282550293458,21.31282550293458,0.0,0.0,15.741000000000001,21.31282550293458,True,3.8228255029345775,0.0,13.827595183748217,17.490000000000002,False
4711,9.002361258218187,9.002361258218187,0.0,0.0,15.741000000000001,9.002361258218187,False,0.0,0.0,15.660957889257961,9.002361258218187,False
4712,14.834279997275749,14.834279997275749,0.0,0.0,15.741000000000001,14.834279997275749,False,0.0,0.0,15.660957889257961,14.834279997275749,False
4713,9.741430363067034,9.741430363067034,0.0,0.0,15.741000000000001,9.741430363067034,False,0.0,0.0,15.660957889257961,9.741430363067034,False
4714,-5.867911873102895,-5.867911873102895,0.0,5.867911873102895,15.741000000000001,0.0,False,0.0,5.867911873102895,15.660957889257961,0.0,False
4715,-2.9684038467609684,-2.9684038467609684,0.0,2.9684038467609684,12.682139485103496,0.0,False,0.0,2.9684038467609684,12.602097374361456,0.0,False
4716,11.811769705031349,11.811769705031349,8.745000000000001,0.0,11.13475201312317,3.066769705031348,False,0.0,0.0,11.05470990238113,11.811769705031349,False
4717,10.877317671197877,10.877317671197877,0.859690999852026,0.0,15.328706680260144,10.017626671345852,False,5.925483611743643,0.0,11.05470990238113,4.951834059454234,False
4718,0.37402811930631014,0.37402811930631014,0.0,0.0,15.741000000000001,0.37402811930631014,False,0.37402811930631014,0.0,13.896472011988438,0.0,False
4719,3.4720786070147525,3.4720786070147525,0.0,0.0,15.741000000000001,3.4720786070147525,False,3.4720786070147525,0.0,14.075849596505895,0.0,False
4720,-5.279214822279438,-5.279214822279438,0.0,5.279214822279438,15.741000000000001,0.0,False,0.0,0.0,15.741000000000001,-5.279214822279438,False
4721,-17.95564263949183,-17.95564263949183,0.0,8.745000000000001,12.989019036627449,-9.21064263949183,False,0.0,7.9521098696766295,15.741000000000001,-10.003532769815202,False
4722,-34.027270898549915,-34.027270898549915,0.0,8.745000000000001,8.430372659304652,-25.282270898549914,True,0.0,8.745000000000001,11.595676175017243,-25.282270898549914,True
4723,-28.684118351823074,-28.684118351823074,0.0,4.072095047397192,3.8717262819818545,-24.612023304425882,True,0.0,8.745000000000001,7.037029797694445,-19.939118351823073,True
4724,-6.278603772838066,-6.278603772838066,0.0,4.2595540635239357e-16,1.7490000000000006,-6.278603772838066,False,0.0,0.0,2.4783834203716477,-6.278603772838066,False
4725,-5.958468198760382,-5.958468198760382,0.0,0.0,1.7490000000000003,-5.958468198760382,False,0.0,0.0,2.4783834203716477,-5.958468198760382,False
4726,-5.586357486235273,-5.586357486235273,0.0,0.0,1.7490000000000003,-5.586357486235273,False,0.0,0.0,2.4783834203716477,-5.586357486235273,False
4727,-4.009163782538146,-4.009163782538146,0.0,0.0,1.7490000000000003,-4.009163782538146,False,0.0,0.0,2.4783834203716477,-4.009163782538146,False
4728,18.273004331279086,18.273004331279086,8.745000000000001,0.0,1.7490000000000003,9.528004331279085,False,8.745000000000001,0.0,2.4783834203716477,9.528004331279085,False
4729,36.64564875312482,36.64564875312482,8.745000000000001,0.0,5.942954667136974,27.900648753124816,True,8.745000000000001,0.0,6.672338087508622,27.900648753124816,True
4730,-30.84723784752324,-30.84723784752324,0.0,8.745000000000001,10.136909334273948,-22.102237847523238,True,0.0,8.745000000000001,10.866292754645595,-22.102237847523238,True
4731,-31.597037819202423,-31.597037819202423,0.0,7.345800000000001,5.578262956951151,-24.251237819202423,True,0.0,8.745000000000001,6.307646377322798,-22.852037819202422,True
4732,83.44160835045902,83.44160835045902,8.745000000000001,0.0,1.7490000000000006,74.69660835045902,True,8.745000000000001,0.0,1.7490000000000003,74.69660835045902,True
4733,62.11004383848898,62.11004383848898,8.745000000000001,0.0,5.942954667136974,53.36504383848897,True,8.745000000000001,0.0,5.942954667136974,53.36504383848897,True
4734,-2.318972590719162,-2.318972590719162,0.0,2.318972590719162,10.136909334273948,0.0,False,0.0,2.318972590719162,10.136909334273948,0.0,False
4735,14.152945596933986,14.152945596933986,8.745000000000001,0.0,8.928061306853392,5.407945596933985,False,0.0,0.0,8.928061306853392,14.152945596933986,False
4736,19.286495744875737,19.286495744875737,5.46095919608238,0.0,13.122015973990365,13.825536548793357,False,8.745000000000001,0.0,8.928061306853392,10.541495744875736,False
4737,13.415393732240846,13.415393732240846,0.0,0.0,15.741000000000001,13.415393732240846,False,0.0,0.0,13.122015973990365,13.415393732240846,False
4738,6.864899561561496,6.864899561561496,0.0,0.0,15.741000000000001,6.864899561561496,False,0.0,0.0,13.122015973990365,6.864899561561496,False
4739,-3.063506383598557,-3.063506383598557,0.0,3.063506383598557,15.741000000000001,0.0,False,0.0,3.063506383598557,13.122015973990365,0.0,False
4740,-14.279066294188194,-14.279066294188194,0.0,8.745000000000001,14.144036903659599,-5.534066294188193,False,0.0,8.745000000000001,11.525052877649962,-5.534066294188193,False
4741,-5.609494830191267,-5.609494830191267,0.0,5.609494830191267,9.585390526336802,0.0,False,0.0,5.609494830191267,6.966406500327165,0.0,False
4742,9.671840197585372,9.671840197585372,8.745000000000001,0.0,6.661239207152997,0.9268401975853706,False,0.4760860511944882,0.0,4.04225518114336,9.195754146390883,False
4743,28.582773967689025,28.582773967689025,8.745000000000001,0.0,10.85519387428997,19.837773967689024,True,8.745000000000001,0.0,4.27057803035616,19.837773967689024,True
4744,25.42673779684258,25.42673779684258,1.4426100149889343,0.0,15.049148541426945,23.984127781853648,True,8.745000000000001,0.0,8.464532697493134,16.68173779684258,False
4745,5.4138189470555345,5.4138189470555345,0.0,0.0,15.741000000000001,5.4138189470555345,False,5.4138189470555345,0.0,12.658487364630107,0.0,False
4746,1.013664212821293,1.013664212821293,0.0,0.0,15.741000000000001,1.013664212821293,False,1.013664212821293,0.0,15.254863721409768,0.0,False
4747,-13.79490840182779,-13.79490840182779,0.0,8.745000000000001,15.741000000000001,-5.049908401827789,False,0.0,0.0,15.741000000000001,-13.79490840182779,False
4748,-32.08450040928525,-32.08450040928525,0.0,8.745000000000001,11.182353622677205,-23.339500409285247,True,0.0,8.745000000000001,15.741000000000001,-23.339500409285247,True
4749,-25.875284707289076,-25.875284707289076,0.0,8.745000000000001,6.6237072453544075,-17.130284707289075,False,0.0,8.745000000000001,11.182353622677205,-17.130284707289075,False
4750,-17.37375699130399,-17.37375699130399,0.0,0.6063098696766301,2.06506086803161,-16.76744712162736,False,0.0,0.0,6.6237072453544075,-17.37375699130399,False
4751,-14.863230863324604,-14.863230863324604,0.0,0.0,1.7490000000000003,-14.863230863324604,False,0.0,0.6063098696766297,6.6237072453544075,-14.256920993647975,False
4752,-7.95191302259258,-7.95191302259258,0.0,0.0,1.7490000000000003,-7.95191302259258,False,0.0,0.0,6.307646377322798,-7.95191302259258,False
4753,-7.591950550295149,-7.591950550295149,0.0,0.0,1.7490000000000003,-7.591950550295149,False,0.0,0.0,6.307646377322798,-7.591950550295149,False
4754,-8.964207084476728,-8.964207084476728,0.0,0.0,1.7490000000000003,-8.964207084476728,False,0.0,8.745000000000001,6.307646377322798,-0.21920708447672688,False
4755,-6.428845003158962,-6.428845003158962,0.0,0.0,1.7490000000000003,-6.428845003158962,False,0.0,0.0,1.7490000000000003,-6.428845003158962,False
4756,-5.719707592346659,-5.719707592346659,0.0,0.0,1.7490000000000003,-5.719707592346659,False,0.0,0.0,1.7490000000000003,-5.719707592346659,False
4757,-6.4365609345294725,-6.4365609345294725,0.0,0.0,1.7490000000000003,-6.4365609345294725,False,0.0,0.0,1.7490000000000003,-6.4365609345294725,False
4758,-5.502941983597638,-5.502941983597638,0.0,0.0,1.7490000000000003,-5.502941983597638,False,0.0,0.0,1.7490000000000003,-5.502941983597638,False
4759,-3.561458393821809,-3.561458393821809,0.0,0.0,1.7490000000000003,-3.561458393821809,False,0.0,0.0,1.7490000000000003,-3.561458393821809,False
4760,0.2398957818869898,0.2398957818869898,0.2398957818869898,0.0,1.7490000000000003,0.0,False,0.2398957818869898,0.0,1.7490000000000003,0.0,False
4761,2.4104394353680667,2.4104394353680667,2.4104394353680667,0.0,1.8640499753083382,0.0,False,2.4104394353680667,0.0,1.8640499753083382,0.0,False
4762,-1.0563757912148917,-1.0563757912148917,0.0,1.0563757912148917,3.020056118225767,0.0,False,0.0,0.0,3.020056118225767,-1.0563757912148917,False
4763,-3.588965564324234,-3.588965564324234,0.0,1.3819326086597608,2.4693821704026373,-2.207032955664473,False,0.0,0.0,3.020056118225767,-3.588965564324234,False
4764,-1.9317908300283846,-1.9317908300283846,0.0,0.0,1.7490000000000003,-1.9317908300283846,False,0.0,0.0,3.020056118225767,-1.9317908300283846,False
4765,-0.7398394430927394,-0.7398394430927394,0.0,0.0,1.7490000000000003,-0.7398394430927394,False,0.0,0.0,3.020056118225767,-0.7398394430927394,False
4766,-1.3479120442250454,-1.3479120442250454,0.0,0.0,1.7490000000000003,-1.3479120442250454,False,0.0,0.0,3.020056118225767,-1.3479120442250454,False
4767,,0.0,0.0,0.0,1.7490000000000003,,False,0.0,0.0,3.020056118225767,0.0,False
4768,,0.0,0.0,0.0,1.7490000000000003,,False,0.0,0.0,3.020056118225767,0.0,False
4769,,0.0,0.0,0.0,1.7490000000000003,,False,0.0,0.0,3.020056118225767,0.0,False
4770,,0.0,0.0,0.0,1.7490000000000003,,False,0.0,0.0,3.020056118225767,0.0,False
4771,,0.0,0.0,0.0,1.7490000000000003,,False,0.0,0.0,3.020056118225767,0.0,False
4772,,0.0,0.0,0.0,1.7490000000000003,,False,0.0,0.0,3.020056118225767,0.0,False
4773,,0.0,0.0,0.0,1.7490000000000003,,False,0.0,0.0,3.020056118225767,0.0,False
4774,,0.0,0.0,0.0,1.7490000000000003,,False,0.0,0.0,3.020056118225767,0.0,False
4775,,0.0,0.0,0.0,1.7490000000000003,,False,0.0,0.0,3.020056118225767,0.0,False
4776,,0.0,0.0,0.0,1.7490000000000003,,False,0.0,0.0,3.020056118225767,0.0,False
4777,,0.0,0.0,0.0,1.7490000000000003,,False,0.0,0.0,3.020056118225767,0.0,False
4778,,0.0,0.0,0.0,1.7490000000000003,,False,0.0,0.0,3.020056118225767,0.0,False
4779,,0.0,0.0,0.0,1.7490000000000003,,False,0.0,0.0,3.020056118225767,0.0,False
4780,,0.0,0.0,0.0,1.7490000000000003,,False,0.0,0.0,3.020056118225767,0.0,False
4781,,0.0,0.0,0.0,1.7490000000000003,,False,0.0,0.0,3.020056118225767,0.0,False
4782,,0.0,0.0,0.0,1.7490000000000003,,False,0.0,0.0,3.020056118225767,0.0,False
4783,,0.0,0.0,0.0,1.7490000000000003,,False,0.0,0.0,3.020056118225767,0.0,False
4784,,0.0,0.0,0.0,1.7490000000000003,,False,0.0,0.0,3.020056118225767,0.0,False
4785,,0.0,0.0,0.0,1.7490000000000003,,False,0.0,0.0,3.020056118225767,0.0,False
4786,,0.0,0.0,0.0,1.7490000000000003,,False,0.0,0.0,3.020056118225767,0.0,False
4787,,0.0,0.0,0.0,1.7490000000000003,,False,0.0,0.0,3.020056118225767,0.0,False
4788,,0.0,0.0,0.0,1.7490000000000003,,False,0.0,0.0,3.020056118225767,0.0,False
4789,,0.0,0.0,0.0,1.7490000000000003,,False,0.0,0.0,3.020056118225767,0.0,False
4790,,0.0,0.0,0.0,1.7490000000000003,,False,0.0,0.0,3.020056118225767,0.0,False
4791,,0.0,0.0,0.0,1.7490000000000003,,False,0.0,0.0,3.020056118225767,0.0,False
4792,,0.0,0.0,0.0,1.7490000000000003,,False,0.0,0.0,3.020056118225767,0.0,False
4793,-9.62741278235633,-9.62741278235633,0.0,0.0,1.7490000000000003,-9.62741278235633,False,0.0,0.0,3.020056118225767,-9.62741278235633,False
4794,-8.718099974994384,-8.718099974994384,0.0,0.0,1.7490000000000003,-8.718099974994384,False,0.0,0.0,3.020056118225767,-8.718099974994384,False
4795,-6.958739859528325,-6.958739859528325,0.0,0.0,1.7490000000000003,-6.958739859528325,False,0.0,0.0,3.020056118225767,-6.958739859528325,False
4796,-4.433654172586198,-4.433654172586198,0.0,0.0,1.7490000000000003,-4.433654172586198,False,0.0,0.0,3.020056118225767,-4.433654172586198,False
4797,-4.655870669913515,-4.655870669913515,0.0,0.0,1.7490000000000003,-4.655870669913515,False,0.0,0.0,3.020056118225767,-4.655870669913515,False
4798,-4.315105540854105,-4.315105540854105,0.0,0.0,1.7490000000000003,-4.315105540854105,False,0.0,0.0,3.020056118225767,-4.315105540854105,False
4799,-2.823087396966061,-2.823087396966061,0.0,0.0,1.7490000000000003,-2.823087396966061,False,0.0,0.0,3.020056118225767,-2.823087396966061,False
4800,-1.5080391260585608,-1.5080391260585608,0.0,0.0,1.7490000000000003,-1.5080391260585608,False,0.0,0.0,3.020056118225767,-1.5080391260585608,False
4801,-0.26767367350667237,-0.26767367350667237,0.0,0.0,1.7490000000000003,-0.26767367350667237,False,0.0,0.0,3.020056118225767,-0.26767367350667237,False
4802,-1.4368259202481548,-1.4368259202481548,0.0,0.0,1.7490000000000003,-1.4368259202481548,False,0.0,0.0,3.020056118225767,-1.4368259202481548,False
4803,-2.5046980246402115,-2.5046980246402115,0.0,0.0,1.7490000000000003,-2.5046980246402115,False,0.0,1.0809958460888116,3.020056118225767,-1.4237021785514,False
4804,-1.1152157986167255,-1.1152157986167255,0.0,0.0,1.7490000000000003,-1.1152157986167255,False,0.0,1.1152157986167255,2.456548079612416,0.0,False
4805,-0.24209675516911514,-0.24209675516911514,0.0,0.0,1.7490000000000003,-0.24209675516911514,False,0.0,0.24209675516911514,1.8752016576230182,0.0,False
4806,0.10746400396275636,0.10746400396275636,0.10746400396275636,0.0,1.7490000000000003,0.0,False,0.10746400396275636,0.0,1.7490000000000003,0.0,False
4807,-0.15674109589283441,-0.15674109589283441,0.0,0.0988668836457358,1.8005379257825993,-0.057874212247098614,False,0.0,0.0,1.8005379257825993,-0.15674109589283441,False
4808,-0.6682842111246972,-0.6682842111246972,0.0,0.0,1.7490000000000003,-0.6682842111246972,False,0.0,0.0,1.8005379257825993,-0.6682842111246972,False
4809,-1.5946998304912483,-1.5946998304912483,0.0,0.0,1.7490000000000003,-1.5946998304912483,False,0.0,0.0,1.8005379257825993,-1.5946998304912483,False
4810,-0.9395773322937383,-0.9395773322937383,0.0,0.0,1.7490000000000003,-0.9395773322937383,False,0.0,0.0988668836457358,1.8005379257825993,-0.8407104486480025,False
4811,14.09379351902958,14.09379351902958,8.745000000000001,0.0,1.7490000000000003,5.348793519029579,False,8.745000000000001,0.0,1.7490000000000003,5.348793519029579,False
4812,22.10865583001884,22.10865583001884,8.745000000000001,0.0,5.942954667136974,13.363655830018839,False,5.969645068424817,0.0,5.942954667136974,16.139010761594022,False
4813,6.8524922973948454,6.8524922973948454,6.8524922973948454,0.0,10.136909334273948,0.0,False,6.8524922973948454,0.0,8.80589586735098,0.0,False
4814,1.2290537241011437,1.2290537241011437,1.2290537241011437,0.0,13.423249191584329,0.0,False,1.2290537241011437,0.0,12.092235724661359,0.0,False
4815,5.749177992906466,5.749177992906466,3.603790793369909,0.0,14.012682650973245,2.145387199536557,False,5.749177992906466,0.0,12.681669184050275,0.0,False
4816,0.6299677320386321,0.6299677320386321,0.0,0.0,15.741000000000001,0.6299677320386321,False,0.6299677320386321,0.0,15.438878089201932,0.0,False
4817,-2.7103733284307983,-2.7103733284307983,0.0,2.7103733284307983,15.741000000000001,0.0,False,0.0,0.0,15.741000000000001,-2.7103733284307983,False
4818,-4.876803380936407,-4.876803380936407,0.0,4.876803380936407,14.328120233865823,0.0,False,0.0,0.0,15.741000000000001,-4.876803380936407,False
4819,-24.31984070681073,-24.31984070681073,0.0,8.745000000000001,11.785910735247032,-15.574840706810729,False,0.0,6.829840706810728,15.741000000000001,-17.490000000000002,False
4820,-30.19880770763719,-30.19880770763719,0.0,8.745000000000001,7.227264357924235,-21.45380770763719,True,0.0,8.745000000000001,12.18069941729051,-21.45380770763719,True
4821,-12.625717191309723,-12.625717191309723,0.0,1.7641331603094232,2.6686179806014376,-10.8615840310003,False,0.0,0.0,7.622053039967713,-12.625717191309723,False
4822,-5.410846555534366,-5.410846555534366,0.0,0.0,1.7490000000000003,-5.410846555534366,False,0.0,0.0,7.622053039967713,-5.410846555534366,False
4823,-7.648097006058256,-7.648097006058256,0.0,0.0,1.7490000000000003,-7.648097006058256,False,0.0,0.0,7.622053039967713,-7.648097006058256,False
4824,-6.5024403328556755,-6.5024403328556755,0.0,0.0,1.7490000000000003,-6.5024403328556755,False,0.0,0.0,7.622053039967713,-6.5024403328556755,False
4825,-5.341414235498306,-5.341414235498306,0.0,0.0,1.7490000000000003,-5.341414235498306,False,0.0,0.0,7.622053039967713,-5.341414235498306,False
4826,-1.9888249805938285,-1.9888249805938285,0.0,0.0,1.7490000000000003,-1.9888249805938285,False,0.0,0.0,7.622053039967713,-1.9888249805938285,False
4827,4.591911153175233,4.591911153175233,4.591911153175233,0.0,1.7490000000000003,0.0,False,4.591911153175233,0.0,7.622053039967713,0.0,False
4828,-0.7258782976392462,-0.7258782976392462,0.0,0.7258782976392462,3.951203226064905,0.0,False,0.0,0.3980835021593304,9.824256266032616,-0.32779479547991575,False
4829,-2.345356828608363,-2.345356828608363,0.0,2.345356828608363,3.572813006292419,0.0,False,0.0,2.345356828608363,9.616740895536264,0.0,False
4830,-1.775325766905089,-1.775325766905089,0.0,1.153323134673605,2.350211244112339,-0.622002632231484,False,0.0,1.775325766905089,8.394139133356184,0.0,False
4831,-15.786740403746926,-15.786740403746926,0.0,0.0,1.7490000000000003,-15.786740403746926,False,0.0,8.745000000000001,7.46868660323958,-7.041740403746925,False
4832,-2.2272613261143306,-2.2272613261143306,0.0,0.0,1.7490000000000003,-2.2272613261143306,False,0.0,2.2272613261143306,2.9100402259167826,0.0,False
4833,11.361243473911399,11.361243473911399,8.745000000000001,0.0,1.7490000000000003,2.616243473911398,False,0.0,0.0,1.7490000000000003,11.361243473911399,False
4834,1.136082319401582,1.136082319401582,1.136082319401582,0.0,5.942954667136974,0.0,False,0.0,0.0,1.7490000000000003,1.136082319401582,False
4835,7.877008931156949,7.877008931156949,7.877008931156949,0.0,6.4878006071834085,0.0,False,0.0,0.0,1.7490000000000003,7.877008931156949,False
4836,8.003200462101418,8.003200462101418,8.003200462101418,0.0,10.265481381329241,0.0,False,0.0,0.0,1.7490000000000003,8.003200462101418,False
4837,25.149235884099184,25.149235884099184,3.41404510220595,0.0,14.103681487682932,21.735190781893234,True,3.386619868330819,0.0,1.7490000000000003,21.762616015768366,True
4838,46.45348788704154,46.45348788704154,0.0,0.0,15.741000000000001,46.45348788704154,True,8.745000000000001,0.0,3.3731658322018117,37.70848788704154,True
4839,28.67137904380217,28.67137904380217,0.0,0.0,15.741000000000001,28.67137904380217,True,8.745000000000001,0.0,7.5671204993387855,19.926379043802168,True
4840,13.712889984419403,13.712889984419403,0.0,0.0,15.741000000000001,13.712889984419403,False,0.0,0.0,11.76107516647576,13.712889984419403,False
4841,9.52448163611132,9.52448163611132,0.0,0.0,15.741000000000001,9.52448163611132,False,0.0,0.0,11.76107516647576,9.52448163611132,False
4842,5.535411535072723,5.535411535072723,0.0,0.0,15.741000000000001,5.535411535072723,False,0.0,0.0,11.76107516647576,5.535411535072723,False
4843,-0.9364502434909754,-0.9364502434909754,0.0,0.9364502434909754,15.741000000000001,0.0,False,0.0,0.9364502434909754,11.76107516647576,0.0,False
4844,5.36905817623725,5.36905817623725,1.0178806994467118,0.0,15.252841565462187,4.351177476790538,False,0.0,0.0,11.272916731937945,5.36905817623725,False
4845,12.248439292253185,12.248439292253185,0.0,0.0,15.741000000000001,12.248439292253185,False,0.0,0.0,11.272916731937945,12.248439292253185,False
4846,15.242705306371402,15.242705306371402,0.0,0.0,15.741000000000001,15.242705306371402,False,0.0,0.0,11.272916731937945,15.242705306371402,False
4847,22.759995398145836,22.759995398145836,0.0,0.0,15.741000000000001,22.759995398145836,True,5.269995398145834,0.0,11.272916731937945,17.490000000000002,False
4848,21.536602247835962,21.536602247835962,0.0,0.0,15.741000000000001,21.536602247835962,True,4.04660224783596,0.0,13.800317737752021,17.490000000000002,False
4849,21.535147096470492,21.535147096470492,0.0,0.0,15.741000000000001,21.535147096470492,True,0.0,0.0,15.741000000000001,21.535147096470492,True
4850,16.027250514861226,16.027250514861226,0.0,0.0,15.741000000000001,16.027250514861226,False,0.0,0.0,15.741000000000001,16.027250514861226,False
4851,-0.8558589937679605,-0.8558589937679605,0.0,0.8558589937679605,15.741000000000001,0.0,False,0.0,0.8558589937679605,15.741000000000001,0.0,False
4852,-5.336988878836667,-5.336988878836667,0.0,5.336988878836667,15.294852658497492,0.0,False,0.0,5.336988878836667,15.294852658497492,0.0,False
4853,9.385246212277806,9.385246212277806,6.731356383265902,0.0,12.51275488624811,2.653889829011905,False,4.806092309377063,0.0,12.51275488624811,4.579153902900743,False
4854,1.92526407388884,1.92526407388884,0.0,0.0,15.741000000000001,1.92526407388884,False,1.92526407388884,0.0,14.817675786374245,0.0,False
4855,-21.24372854981478,-21.24372854981478,0.0,8.745000000000001,15.741000000000001,-12.498728549814778,False,0.0,3.7537285498147774,15.741000000000001,-17.490000000000002,False
4856,-11.857980380275094,-11.857980380275094,0.0,8.745000000000001,11.182353622677205,-3.1129803802750935,False,0.0,2.6435610359633883,13.784233727265148,-9.214419344311706,False
4857,-8.655437082073776,-8.655437082073776,0.0,8.655437082073776,6.6237072453544075,0.0,False,0.0,8.655437082073776,12.4061822761701,0.0,False
4858,-20.53358320182469,-20.53358320182469,0.0,0.6958727876028543,2.1117487664131813,-19.837710414221835,True,0.0,3.0435832018246884,7.894223797228874,-17.490000000000002,False
4859,-12.08108814032396,-12.08108814032396,0.0,0.0,1.7490000000000003,-12.08108814032396,False,0.0,8.745000000000001,6.307646377322798,-3.336088140323959,False
4860,8.43394363057098,8.43394363057098,8.43394363057098,0.0,1.7490000000000003,0.0,False,8.43394363057098,0.0,1.7490000000000003,0.0,False
4861,10.152199305371488,10.152199305371488,8.745000000000001,0.0,5.793777272933483,1.4071993053714866,False,8.745000000000001,0.0,5.793777272933483,1.4071993053714866,False
4862,-5.78475661869024,-5.78475661869024,0.0,5.78475661869024,9.987731940070457,0.0,False,0.0,0.0,9.987731940070457,-5.78475661869024,False
4863,-18.79406780055425,-18.79406780055425,0.0,8.745000000000001,6.972219098048006,-10.049067800554248,False,0.0,7.059628140125302,9.987731940070457,-11.734439660428947,False
4864,-7.501961156506796,-7.501961156506796,0.0,1.2748715214350619,2.4135727207252087,-6.227089635071733,False,0.0,0.0,6.307646377322798,-7.501961156506796,False
4865,-9.457330423248832,-9.457330423248832,0.0,0.0,1.7490000000000003,-9.457330423248832,False,0.0,0.0,6.307646377322798,-9.457330423248832,False
4866,-23.744531223447606,-23.744531223447606,0.0,0.0,1.7490000000000003,-23.744531223447606,True,0.0,8.745000000000001,6.307646377322798,-14.999531223447605,False
4867,-13.39100333155914,-13.39100333155914,0.0,0.0,1.7490000000000003,-13.39100333155914,False,0.0,0.0,1.7490000000000003,-13.39100333155914,False
4868,-12.504105775522772,-12.504105775522772,0.0,0.0,1.7490000000000003,-12.504105775522772,False,0.0,0.0,1.7490000000000003,-12.504105775522772,False
4869,-11.099717308594132,-11.099717308594132,0.0,0.0,1.7490000000000003,-11.099717308594132,False,0.0,0.0,1.7490000000000003,-11.099717308594132,False
4870,-3.3097312405363644,-3.3097312405363644,0.0,0.0,1.7490000000000003,-3.3097312405363644,False,0.0,0.0,1.7490000000000003,-3.3097312405363644,False
4871,-3.0929004787841374,-3.0929004787841374,0.0,0.0,1.7490000000000003,-3.0929004787841374,False,0.0,0.0,1.7490000000000003,-3.0929004787841374,False
4872,-4.730212948744496,-4.730212948744496,0.0,0.0,1.7490000000000003,-4.730212948744496,False,0.0,0.0,1.7490000000000003,-4.730212948744496,False
4873,-3.0595470426596614,-3.0595470426596614,0.0,0.0,1.7490000000000003,-3.0595470426596614,False,0.0,0.0,1.7490000000000003,-3.0595470426596614,False
4874,-2.115321295790165,-2.115321295790165,0.0,0.0,1.7490000000000003,-2.115321295790165,False,0.0,0.0,1.7490000000000003,-2.115321295790165,False
4875,-1.541219301227666,-1.541219301227666,0.0,0.0,1.7490000000000003,-1.541219301227666,False,0.0,0.0,1.7490000000000003,-1.541219301227666,False
4876,-1.063281638770857,-1.063281638770857,0.0,0.0,1.7490000000000003,-1.063281638770857,False,0.0,0.0,1.7490000000000003,-1.063281638770857,False
4877,-0.059773333092543124,-0.059773333092543124,0.0,0.0,1.7490000000000003,-0.059773333092543124,False,0.0,0.0,1.7490000000000003,-0.059773333092543124,False
4878,-0.0628359982167585,-0.0628359982167585,0.0,0.0,1.7490000000000003,-0.0628359982167585,False,0.0,0.0,1.7490000000000003,-0.0628359982167585,False
4879,-0.703220535369425,-0.703220535369425,0.0,0.0,1.7490000000000003,-0.703220535369425,False,0.0,0.0,1.7490000000000003,-0.703220535369425,False
4880,-1.6212706670573527,-1.6212706670573527,0.0,0.0,1.7490000000000003,-1.6212706670573527,False,0.0,0.0,1.7490000000000003,-1.6212706670573527,False
4881,1.878072220861407,1.878072220861407,1.878072220861407,0.0,1.7490000000000003,0.0,False,0.0,0.0,1.7490000000000003,1.878072220861407,False
4882,5.0145436017622975,5.0145436017622975,5.0145436017622975,0.0,2.6496917959865067,0.0,False,1.1596256966703653,0.0,1.7490000000000003,3.8549179050919324,False
4883,3.1556677482080673,3.1556677482080673,3.1556677482080673,0.0,5.05458242402228,0.0,False,3.1556677482080673,0.0,2.3051369471335215,0.0,False
4884,-0.0785292022952634,-0.0785292022952634,0.0,0.0785292022952634,6.567987510418032,0.0,False,0.0,0.0785292022952634,3.818542033529273,0.0,False
4885,-2.237508162727859,-2.237508162727859,0.0,2.237508162727859,6.527051333910616,0.0,False,0.0,2.237508162727859,3.7776058570218574,0.0,False
4886,-1.6540326042650355,-1.6540326042650355,0.0,1.6540326042650355,5.360669575162812,0.0,False,0.0,1.6540326042650355,2.6112240982740538,0.0,False
4887,12.39638900896947,12.39638900896947,8.745000000000001,0.0,4.498445476888759,3.6513890089694687,False,1.6260514731132396,0.0,1.7490000000000003,10.77033753585623,False
4888,18.804285341752664,18.804285341752664,8.745000000000001,0.0,8.692400144025733,10.059285341752663,False,1.3142853417526617,0.0,2.5288268913285563,17.490000000000002,False
4889,10.846874050713412,10.846874050713412,5.9523466889125585,0.0,12.886354811162708,4.894527361800853,False,8.745000000000001,0.0,3.159135998589081,2.101874050713411,False
4890,10.117917548262586,10.117917548262586,0.0,0.0,15.741000000000001,10.117917548262586,False,8.745000000000001,0.0,7.353090665726055,1.3729175482625848,False
4891,16.172304795176622,16.172304795176622,0.0,0.0,15.741000000000001,16.172304795176622,False,8.745000000000001,0.0,11.547045332863028,7.427304795176621,False
4892,1.9417648257608906,1.9417648257608906,0.0,0.0,15.741000000000001,1.9417648257608906,False,0.0,0.0,15.741000000000001,1.9417648257608906,False
4893,-20.43892140794877,-20.43892140794877,0.0,8.745000000000001,15.741000000000001,-11.693921407948768,False,0.0,3.4817180753413965,15.741000000000001,-16.95720333260737,False
4894,,0.0,0.0,0.0,11.182353622677205,,False,0.0,0.0,13.926028989020658,0.0,False
4895,,0.0,0.0,0.0,11.182353622677205,,False,0.0,0.0,13.926028989020658,0.0,False
4896,,0.0,0.0,0.0,11.182353622677205,,False,0.0,0.0,13.926028989020658,0.0,False
4897,,0.0,0.0,0.0,11.182353622677205,,False,0.0,0.0,13.926028989020658,0.0,False
4898,,0.0,0.0,0.0,11.182353622677205,,False,0.0,0.0,13.926028989020658,0.0,False
4899,,0.0,0.0,0.0,11.182353622677205,,False,0.0,0.0,13.926028989020658,0.0,False
4900,,0.0,0.0,0.0,11.182353622677205,,False,0.0,0.0,13.926028989020658,0.0,False
4901,,0.0,0.0,0.0,11.182353622677205,,False,0.0,0.0,13.926028989020658,0.0,False
4902,,0.0,0.0,0.0,11.182353622677205,,False,0.0,0.0,13.926028989020658,0.0,False
4903,,0.0,0.0,0.0,11.182353622677205,,False,0.0,0.0,13.926028989020658,0.0,False
4904,,0.0,0.0,0.0,11.182353622677205,,False,0.0,0.0,13.926028989020658,0.0,False
4905,,0.0,0.0,0.0,11.182353622677205,,False,0.0,0.0,13.926028989020658,0.0,False
4906,,0.0,0.0,0.0,11.182353622677205,,False,0.0,0.0,13.926028989020658,0.0,False
4907,,0.0,0.0,0.0,11.182353622677205,,False,0.0,0.0,13.926028989020658,0.0,False
4908,,0.0,0.0,0.0,11.182353622677205,,False,0.0,0.0,13.926028989020658,0.0,False
4909,,0.0,0.0,0.0,11.182353622677205,,False,0.0,0.0,13.926028989020658,0.0,False
4910,,0.0,0.0,0.0,11.182353622677205,,False,0.0,0.0,13.926028989020658,0.0,False
4911,,0.0,0.0,0.0,11.182353622677205,,False,0.0,0.0,13.926028989020658,0.0,False
4912,,0.0,0.0,0.0,11.182353622677205,,False,0.0,0.0,13.926028989020658,0.0,False
4913,,0.0,0.0,0.0,11.182353622677205,,False,0.0,0.0,13.926028989020658,0.0,False
4914,,0.0,0.0,0.0,11.182353622677205,,False,0.0,0.0,13.926028989020658,0.0,False
4915,,0.0,0.0,0.0,11.182353622677205,,False,0.0,0.0,13.926028989020658,0.0,False
4916,,0.0,0.0,0.0,11.182353622677205,,False,0.0,0.0,13.926028989020658,0.0,False
4917,,0.0,0.0,0.0,11.182353622677205,,False,0.0,0.0,13.926028989020658,0.0,False
4918,,0.0,0.0,0.0,11.182353622677205,,False,0.0,0.0,13.926028989020658,0.0,False
4919,,0.0,0.0,0.0,11.182353622677205,,False,0.0,0.0,13.926028989020658,0.0,False
4920,1.4059927844264244,1.4059927844264244,1.4059927844264244,0.0,11.182353622677205,0.0,False,1.4059927844264244,0.0,13.926028989020658,0.0,False
4921,2.125291419280934,2.125291419280934,2.125291419280934,0.0,11.856644074387452,0.0,False,2.125291419280934,0.0,14.600319440730905,0.0,False
4922,0.25319196514198333,0.25319196514198333,0.25319196514198333,0.0,12.875898032868806,0.0,False,0.25319196514198333,0.0,15.619573399212259,0.0,False
4923,-1.5861805751139142,-1.5861805751139142,0.0,1.5861805751139142,12.997324633656548,0.0,False,0.0,0.0,15.741000000000001,-1.5861805751139142,False
4924,-5.603827260479957,-5.603827260479957,0.0,5.603827260479957,12.17047085063507,0.0,False,0.0,0.0,15.741000000000001,-5.603827260479957,False
4925,-7.4377316147452985,-7.4377316147452985,0.0,7.4377316147452985,9.249273956394969,0.0,False,0.0,0.0,15.741000000000001,-7.4377316147452985,False
4926,-2.024524810692059,-2.024524810692059,0.0,2.024524810692059,5.372088332488978,0.0,False,0.0,0.0,15.741000000000001,-2.024524810692059,False
4927,-1.050240631698825,-1.050240631698825,0.0,1.050240631698825,4.316731820875316,0.0,False,0.0,0.0,15.741000000000001,-1.050240631698825,False
4928,-5.145777267167726,-5.145777267167726,0.0,3.8755230522879787,3.7692560460312845,-1.2702542148797473,False,0.0,0.0,15.741000000000001,-5.145777267167726,False
4929,,0.0,0.0,0.0,1.749,,False,0.0,0.0,15.741000000000001,0.0,False
4930,,0.0,0.0,0.0,1.749,,False,0.0,0.0,15.741000000000001,0.0,False
4931,,0.0,0.0,0.0,1.749,,False,0.0,0.0,15.741000000000001,0.0,False
4932,,0.0,0.0,0.0,1.749,,False,0.0,0.0,15.741000000000001,0.0,False
4933,,0.0,0.0,0.0,1.749,,False,0.0,0.0,15.741000000000001,0.0,False
4934,,0.0,0.0,0.0,1.749,,False,0.0,0.0,15.741000000000001,0.0,False
4935,,0.0,0.0,0.0,1.749,,False,0.0,0.0,15.741000000000001,0.0,False
4936,,0.0,0.0,0.0,1.749,,False,0.0,0.0,15.741000000000001,0.0,False
4937,,0.0,0.0,0.0,1.749,,False,0.0,0.0,15.741000000000001,0.0,False
4938,,0.0,0.0,0.0,1.749,,False,0.0,0.0,15.741000000000001,0.0,False
4939,,0.0,0.0,0.0,1.749,,False,0.0,0.0,15.741000000000001,0.0,False
4940,,0.0,0.0,0.0,1.749,,False,0.0,0.0,15.741000000000001,0.0,False
4941,,0.0,0.0,0.0,1.749,,False,0.0,0.0,15.741000000000001,0.0,False
4942,,0.0,0.0,0.0,1.749,,False,0.0,0.0,15.741000000000001,0.0,False
4943,,0.0,0.0,0.0,1.749,,False,0.0,0.0,15.741000000000001,0.0,False
4944,,0.0,0.0,0.0,1.749,,False,0.0,0.0,15.741000000000001,0.0,False
4945,,0.0,0.0,0.0,1.749,,False,0.0,0.0,15.741000000000001,0.0,False
4946,,0.0,0.0,0.0,1.749,,False,0.0,0.0,15.741000000000001,0.0,False
4947,,0.0,0.0,0.0,1.749,,False,0.0,0.0,15.741000000000001,0.0,False
4948,,0.0,0.0,0.0,1.749,,False,0.0,0.0,15.741000000000001,0.0,False
4949,,0.0,0.0,0.0,1.749,,False,0.0,0.0,15.741000000000001,0.0,False
4950,,0.0,0.0,0.0,1.749,,False,0.0,0.0,15.741000000000001,0.0,False
4951,,0.0,0.0,0.0,1.749,,False,0.0,0.0,15.741000000000001,0.0,False
4952,,0.0,0.0,0.0,1.749,,False,0.0,0.0,15.741000000000001,0.0,False
4953,,0.0,0.0,0.0,1.749,,False,0.0,0.0,15.741000000000001,0.0,False
4954,,0.0,0.0,0.0,1.749,,False,0.0,0.0,15.741000000000001,0.0,False
4955,,0.0,0.0,0.0,1.749,,False,0.0,0.0,15.741000000000001,0.0,False
4956,,0.0,0.0,0.0,1.749,,False,0.0,0.0,15.741000000000001,0.0,False
4957,,0.0,0.0,0.0,1.749,,False,0.0,0.0,15.741000000000001,0.0,False
4958,,0.0,0.0,0.0,1.749,,False,0.0,0.0,15.741000000000001,0.0,False
4959,,0.0,0.0,0.0,1.749,,False,0.0,0.0,15.741000000000001,0.0,False
4960,,0.0,0.0,0.0,1.749,,False,0.0,0.0,15.741000000000001,0.0,False
4961,,0.0,0.0,0.0,1.749,,False,0.0,0.0,15.741000000000001,0.0,False
4962,,0.0,0.0,0.0,1.749,,False,0.0,0.0,15.741000000000001,0.0,False
4963,,0.0,0.0,0.0,1.749,,False,0.0,0.0,15.741000000000001,0.0,False
4964,,0.0,0.0,0.0,1.749,,False,0.0,0.0,15.741000000000001,0.0,False
4965,,0.0,0.0,0.0,1.749,,False,0.0,0.0,15.741000000000001,0.0,False
4966,-3.5137347459335713,-3.5137347459335713,0.0,0.0,1.749,-3.5137347459335713,False,0.0,0.0,15.741000000000001,-3.5137347459335713,False
4967,-2.104285819605953,-2.104285819605953,0.0,0.0,1.749,-2.104285819605953,False,0.0,0.0,15.741000000000001,-2.104285819605953,False
4968,,0.0,0.0,0.0,1.749,,False,0.0,0.0,15.741000000000001,0.0,False
4969,,0.0,0.0,0.0,1.749,,False,0.0,0.0,15.741000000000001,0.0,False
4970,,0.0,0.0,0.0,1.749,,False,0.0,0.0,15.741000000000001,0.0,False
4971,,0.0,0.0,0.0,1.749,,False,0.0,0.0,15.741000000000001,0.0,False
4972,,0.0,0.0,0.0,1.749,,False,0.0,0.0,15.741000000000001,0.0,False
4973,,0.0,0.0,0.0,1.749,,False,0.0,0.0,15.741000000000001,0.0,False
4974,,0.0,0.0,0.0,1.749,,False,0.0,0.0,15.741000000000001,0.0,False
4975,,0.0,0.0,0.0,1.749,,False,0.0,0.0,15.741000000000001,0.0,False
4976,,0.0,0.0,0.0,1.749,,False,0.0,0.0,15.741000000000001,0.0,False
4977,,0.0,0.0,0.0,1.749,,False,0.0,0.0,15.741000000000001,0.0,False
4978,,0.0,0.0,0.0,1.749,,False,0.0,0.0,15.741000000000001,0.0,False
4979,,0.0,0.0,0.0,1.749,,False,0.0,0.0,15.741000000000001,0.0,False
4980,,0.0,0.0,0.0,1.749,,False,0.0,0.0,15.741000000000001,0.0,False
4981,,0.0,0.0,0.0,1.749,,False,0.0,0.0,15.741000000000001,0.0,False
4982,,0.0,0.0,0.0,1.749,,False,0.0,0.0,15.741000000000001,0.0,False
4983,,0.0,0.0,0.0,1.749,,False,0.0,0.0,15.741000000000001,0.0,False
4984,,0.0,0.0,0.0,1.749,,False,0.0,0.0,15.741000000000001,0.0,False
4985,,0.0,0.0,0.0,1.749,,False,0.0,0.0,15.741000000000001,0.0,False
4986,,0.0,0.0,0.0,1.749,,False,0.0,0.0,15.741000000000001,0.0,False
4987,,0.0,0.0,0.0,1.749,,False,0.0,0.0,15.741000000000001,0.0,False
4988,,0.0,0.0,0.0,1.749,,False,0.0,0.0,15.741000000000001,0.0,False
4989,,0.0,0.0,0.0,1.749,,False,0.0,0.0,15.741000000000001,0.0,False
4990,,0.0,0.0,0.0,1.749,,False,0.0,0.0,15.741000000000001,0.0,False
4991,,0.0,0.0,0.0,1.749,,False,0.0,0.0,15.741000000000001,0.0,False
