step,residual_input_mw,residual_lp_mw,online_charge_mw,online_discharge_mw,online_soc_mwh,online_net_residual_mw,online_severe,lp_charge_mw,lp_discharge_mw,lp_soc_mwh,lp_net_residual_mw,lp_severe
0,,0.0,0.0,0.0,8.745000000000001,,False,0.0,0.0,8.745000000000001,0.0,False
1,,0.0,0.0,0.0,8.745000000000001,,False,0.0,0.0,8.745000000000001,0.0,False
2,,0.0,0.0,0.0,8.745000000000001,,False,0.0,0.0,8.745000000000001,0.0,False
3,,0.0,0.0,0.0,8.745000000000001,,False,0.0,0.0,8.745000000000001,0.0,False
4,,0.0,0.0,0.0,8.745000000000001,,False,0.0,0.0,8.745000000000001,0.0,False
5,,0.0,0.0,0.0,8.745000000000001,,False,0.0,0.0,8.745000000000001,0.0,False
6,,0.0,0.0,0.0,8.745000000000001,,False,0.0,0.0,8.745000000000001,0.0,False
7,,0.0,0.0,0.0,8.745000000000001,,False,0.0,0.0,8.745000000000001,0.0,False
8,,0.0,0.0,0.0,8.745000000000001,,False,0.0,0.0,8.745000000000001,0.0,False
9,,0.0,0.0,0.0,8.745000000000001,,False,0.0,0.0,8.745000000000001,0.0,False
10,,0.0,0.0,0.0,8.745000000000001,,False,0.0,0.0,8.745000000000001,0.0,False
11,,0.0,0.0,0.0,8.745000000000001,,False,0.0,0.0,8.745000000000001,0.0,False
12,,0.0,0.0,0.0,8.745000000000001,,False,0.0,0.0,8.745000000000001,0.0,False
13,,0.0,0.0,0.0,8.745000000000001,,False,0.0,0.0,8.745000000000001,0.0,False
14,,0.0,0.0,0.0,8.745000000000001,,False,0.0,0.0,8.745000000000001,0.0,False
15,,0.0,0.0,0.0,8.745000000000001,,False,0.0,0.0,8.745000000000001,0.0,False
16,,0.0,0.0,0.0,8.745000000000001,,False,0.0,0.0,8.745000000000001,0.0,False
17,,0.0,0.0,0.0,8.745000000000001,,False,0.0,0.0,8.745000000000001,0.0,False
18,,0.0,0.0,0.0,8.745000000000001,,False,0.0,0.0,8.745000000000001,0.0,False
19,,0.0,0.0,0.0,8.745000000000001,,False,0.0,0.0,8.745000000000001,0.0,False
20,,0.0,0.0,0.0,8.745000000000001,,False,0.0,0.0,8.745000000000001,0.0,False
21,,0.0,0.0,0.0,8.745000000000001,,False,0.0,0.0,8.745000000000001,0.0,False
22,,0.0,0.0,0.0,8.745000000000001,,False,0.0,0.0,8.745000000000001,0.0,False
23,,0.0,0.0,0.0,8.745000000000001,,False,0.0,0.0,8.745000000000001,0.0,False
24,,0.0,0.0,0.0,8.745000000000001,,False,0.0,0.0,8.745000000000001,0.0,False
25,-1.241061593816966,-1.241061593816966,0.0,1.241061593816966,8.745000000000001,0.0,False,0.0,0.0,8.745000000000001,-1.241061593816966,False
26,-2.0076859809847445,-2.0076859809847445,0.0,2.0076859809847445,8.09805192239129,0.0,False,0.0,0.0,8.745000000000001,-2.0076859809847445,False
27,-2.3265350525920527,-2.3265350525920527,0.0,2.3265350525920527,7.051473257552197,0.0,False,0.0,0.0,8.745000000000001,-2.3265350525920527,False
28,-2.073140342189748,-2.073140342189748,0.0,2.073140342189748,5.838683024366003,0.0,False,0.0,0.0,8.745000000000001,-2.073140342189748,False
29,-1.9344759489600105,-1.9344759489600105,0.0,1.9344759489600105,4.757983915091556,0.0,False,0.0,0.0,8.745000000000001,-1.9344759489600105,False
30,-1.9419963268759863,-1.9419963268759863,0.0,1.9419963268759863,3.749568617579305,0.0,False,0.0,0.0,8.745000000000001,-1.9419963268759863,False
31,-1.9956005291393042,-1.9956005291393042,0.0,1.895759689418805,2.7372330520804606,-0.09984083972049929,False,0.0,0.0,8.745000000000001,-1.9956005291393042,False
32,-1.9870730273212416,-1.9870730273212416,0.0,0.0,1.7490000000000003,-1.9870730273212416,False,0.0,0.0,8.745000000000001,-1.9870730273212416,False
33,-1.975212573008747,-1.975212573008747,0.0,0.0,1.7490000000000003,-1.975212573008747,False,0.0,0.0,8.745000000000001,-1.975212573008747,False
34,-1.993774110419467,-1.993774110419467,0.0,0.0,1.7490000000000003,-1.993774110419467,False,0.0,0.10502577419260636,8.745000000000001,-1.8887483362268607,False
35,-1.9676410076949187,-1.9676410076949187,0.0,0.0,1.7490000000000003,-1.9676410076949187,False,0.0,1.9676410076949187,8.690251530583346,0.0,False
36,-1.9474618019475363,-1.9474618019475363,0.0,0.0,1.7490000000000003,-1.9474618019475363,False,0.0,1.9474618019475363,7.664547751097901,0.0,False
37,-1.9706966279276676,-1.9706966279276676,0.0,0.0,1.7490000000000003,-1.9706966279276676,False,0.0,1.9706966279276676,6.649363109768838,0.0,False
38,,0.0,0.0,0.0,1.7490000000000003,,False,0.0,0.0,5.622066478127361,0.0,False
39,,0.0,0.0,0.0,1.7490000000000003,,False,0.0,0.0,5.622066478127361,0.0,False
40,,0.0,0.0,0.0,1.7490000000000003,,False,0.0,0.0,5.622066478127361,0.0,False
41,,0.0,0.0,0.0,1.7490000000000003,,False,0.0,0.0,5.622066478127361,0.0,False
42,,0.0,0.0,0.0,1.7490000000000003,,False,0.0,0.0,5.622066478127361,0.0,False
43,,0.0,0.0,0.0,1.7490000000000003,,False,0.0,0.0,5.622066478127361,0.0,False
44,,0.0,0.0,0.0,1.7490000000000003,,False,0.0,0.0,5.622066478127361,0.0,False
45,,0.0,0.0,0.0,1.7490000000000003,,False,0.0,0.0,5.622066478127361,0.0,False
46,,0.0,0.0,0.0,1.7490000000000003,,False,0.0,0.0,5.622066478127361,0.0,False
47,,0.0,0.0,0.0,1.7490000000000003,,False,0.0,0.0,5.622066478127361,0.0,False
48,,0.0,0.0,0.0,1.7490000000000003,,False,0.0,0.0,5.622066478127361,0.0,False
49,,0.0,0.0,0.0,1.7490000000000003,,False,0.0,0.0,5.622066478127361,0.0,False
50,,0.0,0.0,0.0,1.7490000000000003,,False,0.0,0.0,5.622066478127361,0.0,False
51,,0.0,0.0,0.0,1.7490000000000003,,False,0.0,0.0,5.622066478127361,0.0,False
52,,0.0,0.0,0.0,1.7490000000000003,,False,0.0,0.0,5.622066478127361,0.0,False
53,,0.0,0.0,0.0,1.7490000000000003,,False,0.0,0.0,5.622066478127361,0.0,False
54,,0.0,0.0,0.0,1.7490000000000003,,False,0.0,0.0,5.622066478127361,0.0,False
55,,0.0,0.0,0.0,1.7490000000000003,,False,0.0,0.0,5.622066478127361,0.0,False
56,,0.0,0.0,0.0,1.7490000000000003,,False,0.0,0.0,5.622066478127361,0.0,False
57,,0.0,0.0,0.0,1.7490000000000003,,False,0.0,0.0,5.622066478127361,0.0,False
58,,0.0,0.0,0.0,1.7490000000000003,,False,0.0,0.0,5.622066478127361,0.0,False
59,,0.0,0.0,0.0,1.7490000000000003,,False,0.0,0.0,5.622066478127361,0.0,False
60,,0.0,0.0,0.0,1.7490000000000003,,False,0.0,0.0,5.622066478127361,0.0,False
61,,0.0,0.0,0.0,1.7490000000000003,,False,0.0,0.0,5.622066478127361,0.0,False
62,,0.0,0.0,0.0,1.7490000000000003,,False,0.0,0.0,5.622066478127361,0.0,False
63,,0.0,0.0,0.0,1.7490000000000003,,False,0.0,0.0,5.622066478127361,0.0,False
64,,0.0,0.0,0.0,1.7490000000000003,,False,0.0,0.0,5.622066478127361,0.0,False
65,-7.429829723075588,-7.429829723075588,0.0,0.0,1.7490000000000003,-7.429829723075588,False,0.0,7.429829723075588,5.622066478127361,0.0,False
66,8.490350859253063,8.490350859253063,8.490350859253063,0.0,1.7490000000000003,0.0,False,0.0,0.0,1.7490000000000003,8.490350859253063,False
67,6.822938907733722,6.822938907733722,6.822938907733722,0.0,5.820829229479108,0.0,False,0.0,0.0,1.7490000000000003,6.822938907733722,False
68,36.31933193390789,36.31933193390789,8.745000000000001,0.0,9.092995779013732,27.57433193390789,True,0.0,0.0,1.7490000000000003,36.31933193390789,True
69,31.972431891893876,31.972431891893876,5.117047047879118,0.0,13.286950446150705,26.855384844014758,True,0.0,0.0,1.7490000000000003,31.972431891893876,True
70,7.635924280110479,7.635924280110479,0.0,0.0,15.741000000000001,7.635924280110479,False,7.635924280110479,0.0,1.7490000000000003,0.0,False
71,10.4593376843263,10.4593376843263,0.0,0.0,15.741000000000001,10.4593376843263,False,0.0,0.0,5.411060637218283,10.4593376843263,False
72,13.978521569858158,13.978521569858158,0.0,0.0,15.741000000000001,13.978521569858158,False,0.0,0.0,5.411060637218283,13.978521569858158,False
73,7.296199780163145,7.296199780163145,0.0,0.0,15.741000000000001,7.296199780163145,False,7.296199780163145,0.0,5.411060637218283,0.0,False
74,10.407466435291271,10.407466435291271,0.0,0.0,15.741000000000001,10.407466435291271,False,0.0,0.0,8.910195127827658,10.407466435291271,False
75,14.594577914924496,14.594577914924496,0.0,0.0,15.741000000000001,14.594577914924496,False,0.0,0.0,8.910195127827658,14.594577914924496,False
76,7.037340245309863,7.037340245309863,0.0,0.0,15.741000000000001,7.037340245309863,False,7.037340245309863,0.0,8.910195127827658,0.0,False
77,0.9820697634925039,0.9820697634925039,0.0,0.0,15.741000000000001,0.9820697634925039,False,0.9820697634925039,0.0,12.285184946701088,0.0,False
78,8.839943978887513,8.839943978887513,0.0,0.0,15.741000000000001,8.839943978887513,False,0.0,0.0,12.75616905968605,8.839943978887513,False
79,15.817713965173382,15.817713965173382,0.0,0.0,15.741000000000001,15.817713965173382,False,1.277651638034531,0.0,12.75616905968605,14.540062327138852,False
80,4.664088060086621,4.664088060086621,0.0,0.0,15.741000000000001,4.664088060086621,False,4.664088060086621,0.0,13.368909259835863,0.0,False
81,-8.524379888751003,-8.524379888751003,0.0,8.524379888751003,15.741000000000001,0.0,False,0.0,8.524379888751003,15.605727314442852,0.0,False
82,-18.74142787480633,-18.74142787480633,0.0,8.745000000000001,11.297359805742932,-9.99642787480633,False,0.0,8.745000000000001,11.162087120185783,-9.99642787480633,False
83,1.5631281441372413,1.5631281441372413,1.5631281441372413,0.0,6.738713428420135,0.0,False,1.5631281441372413,0.0,6.603440742862985,0.0,False
84,28.125599338870092,28.125599338870092,8.745000000000001,0.0,7.488363351283204,19.38059933887009,True,8.745000000000001,0.0,7.353090665726055,19.38059933887009,True
85,10.032396798391034,10.032396798391034,8.46293695233124,0.0,11.682318018420178,1.569459846059793,False,8.745000000000001,0.0,11.547045332863028,1.2873967983910326,False
86,-17.76619137619951,-17.76619137619951,0.0,8.745000000000001,15.741000000000001,-9.02119137619951,False,0.0,0.0,15.741000000000001,-17.76619137619951,True
87,-16.65689643457865,-16.65689643457865,0.0,8.745000000000001,11.182353622677205,-7.911896434578647,False,0.0,0.0,15.741000000000001,-16.65689643457865,False
88,-5.1197576916098955,-5.1197576916098955,0.0,5.1197576916098955,6.6237072453544075,0.0,False,0.0,0.0,15.741000000000001,-5.1197576916098955,False
89,-4.260246827588199,-4.260246827588199,0.0,4.231552178066735,3.95484905740381,-0.028694649521463944,False,0.0,0.0,15.741000000000001,-4.260246827588199,False
90,-4.177237613006088,-4.177237613006088,0.0,4.2595540635239357e-16,1.7490000000000006,-4.177237613006088,False,0.0,0.0,15.741000000000001,-4.177237613006088,False
91,-1.9531620539737393,-1.9531620539737393,0.0,0.0,1.7490000000000003,-1.9531620539737393,False,0.0,0.0,15.741000000000001,-1.9531620539737393,False
92,-8.471460126202036,-8.471460126202036,0.0,0.0,1.7490000000000003,-8.471460126202036,False,0.0,0.0,15.741000000000001,-8.471460126202036,False
93,-12.123233311542421,-12.123233311542421,0.0,0.0,1.7490000000000003,-12.123233311542421,False,0.0,0.0,15.741000000000001,-12.123233311542421,False
94,-4.059303891162669,-4.059303891162669,0.0,0.0,1.7490000000000003,-4.059303891162669,False,0.0,0.0,15.741000000000001,-4.059303891162669,False
95,-2.2280588609973293,-2.2280588609973293,0.0,0.0,1.7490000000000003,-2.2280588609973293,False,0.0,0.0,15.741000000000001,-2.2280588609973293,False
96,-5.349947508950389,-5.349947508950389,0.0,0.0,1.7490000000000003,-5.349947508950389,False,0.0,0.0,15.741000000000001,-5.349947508950389,False
97,-7.033960341447149,-7.033960341447149,0.0,0.0,1.7490000000000003,-7.033960341447149,False,0.0,0.0,15.741000000000001,-7.033960341447149,False
98,-8.859239338463057,-8.859239338463057,0.0,0.0,1.7490000000000003,-8.859239338463057,False,0.0,6.746716563885232,15.741000000000001,-2.1125227745778252,False
99,-6.154515827596506,-6.154515827596506,0.0,0.0,1.7490000000000003,-6.154515827596506,False,0.0,0.0,12.224030872180776,-6.154515827596506,False
100,-3.6194266746087655,-3.6194266746087655,0.0,0.0,1.7490000000000003,-3.6194266746087655,False,0.0,0.0,12.224030872180776,-3.6194266746087655,False
101,-3.3467654400642806,-3.3467654400642806,0.0,0.0,1.7490000000000003,-3.3467654400642806,False,0.0,0.0,12.224030872180776,-3.3467654400642806,False
102,-1.8078149331909448,-1.8078149331909448,0.0,0.0,1.7490000000000003,-1.8078149331909448,False,0.0,0.0,12.224030872180776,-1.8078149331909448,False
103,-2.6368843629531824,-2.6368843629531824,0.0,0.0,1.7490000000000003,-2.6368843629531824,False,0.0,0.0,12.224030872180776,-2.6368843629531824,False
104,-3.1241718591495853,-3.1241718591495853,0.0,0.0,1.7490000000000003,-3.1241718591495853,False,0.0,0.0,12.224030872180776,-3.1241718591495853,False
105,-1.8082956735763724,-1.8082956735763724,0.0,0.0,1.7490000000000003,-1.8082956735763724,False,0.0,0.0,12.224030872180776,-1.8082956735763724,False
106,-0.7668342901287779,-0.7668342901287779,0.0,0.0,1.7490000000000003,-0.7668342901287779,False,0.0,0.0,12.224030872180776,-0.7668342901287779,False
107,-0.9560647656830299,-0.9560647656830299,0.0,0.0,1.7490000000000003,-0.9560647656830299,False,0.0,0.0,12.224030872180776,-0.9560647656830299,False
108,-0.9738528367991116,-0.9738528367991116,0.0,0.0,1.7490000000000003,-0.9738528367991116,False,0.0,0.0,12.224030872180776,-0.9738528367991116,False
109,1.2111991742550154,1.2111991742550154,1.2111991742550154,0.0,1.7490000000000003,0.0,False,1.2111991742550154,0.0,12.224030872180776,0.0,False
110,2.8477342829422616,2.8477342829422616,2.8477342829422616,0.0,2.3298707180902545,0.0,False,2.8477342829422616,0.0,12.804901590271031,0.0,False
111,0.6712580018298783,0.6712580018298783,0.6712580018298783,0.0,3.6955961025055384,0.0,False,0.6712580018298783,0.0,14.170626974686316,0.0,False
112,-1.7349022041560986,-1.7349022041560986,0.0,1.7349022041560986,4.017520131050702,0.0,False,0.0,1.7349022041560986,14.49255100323148,0.0,False
113,-5.803515767230471,-5.803515767230471,0.0,2.6168739381488844,3.113139839685861,-3.1866418290815868,False,0.0,5.803515767230471,13.588170711866638,0.0,False
114,-6.094323127575946,-6.094323127575946,0.0,0.0,1.7490000000000003,-6.094323127575946,False,0.0,6.094323127575946,10.562878987678998,0.0,False
115,-2.3368081553873186,-2.3368081553873186,0.0,0.0,1.7490000000000003,-2.3368081553873186,False,0.0,2.3368081553873186,7.385993447626553,0.0,False
116,-1.6041153769076502,-1.6041153769076502,0.0,0.0,1.7490000000000003,-1.6041153769076502,False,0.0,1.6041153769076502,6.167847989415602,0.0,False
117,-1.888109242837425,-1.888109242837425,0.0,0.0,1.7490000000000003,-1.888109242837425,False,0.0,1.888109242837425,5.331645044675996,0.0,False
118,-1.807334357209638,-1.807334357209638,0.0,0.0,1.7490000000000003,-1.807334357209638,False,0.0,1.807334357209638,4.347400063561015,0.0,False
119,-1.810907294246692,-1.810907294246692,0.0,0.0,1.7490000000000003,-1.810907294246692,False,0.0,1.810907294246692,3.405261902314046,0.0,False
120,-1.006385220380931,-1.006385220380931,0.0,0.0,1.7490000000000003,-1.006385220380931,False,0.0,1.006385220380931,2.461261218885217,0.0,False
121,0.3670476777530709,0.3670476777530709,0.3670476777530709,0.0,1.7490000000000003,0.0,False,0.3670476777530709,0.0,1.9366466575266426,0.0,False
122,0.17369566435208245,0.17369566435208245,0.17369566435208245,0.0,1.925029882352691,0.0,False,0.17369566435208245,0.0,2.1126765398793332,0.0,False
123,-0.8574525769009557,-0.8574525769009557,0.0,0.4974838747367414,2.0083313966089373,-0.3599687021642143,False,0.0,0.8574525769009557,2.1959780541355793,0.0,False
124,0.02061094233649583,0.02061094233649583,0.02061094233649583,0.0,1.7490000000000003,0.0,False,0.02061094233649583,0.0,1.7490000000000003,0.0,False
125,3.683338076907068,3.683338076907068,3.683338076907068,0.0,1.758884660698255,0.0,False,3.683338076907068,0.0,1.758884660698255,0.0,False
126,5.015563082208131,5.015563082208131,5.015563082208131,0.0,3.5253515467231518,0.0,False,5.015563082208131,0.0,3.5253515467231518,0.0,False
127,0.5461396450174418,0.5461396450174418,0.5461396450174418,0.0,5.930731100404878,0.0,False,0.5461396450174418,0.0,5.930731100404878,0.0,False
128,-2.653204418955845,-2.653204418955845,0.0,2.653204418955845,6.192650472975425,0.0,False,0.0,2.653204418955845,6.192650472975425,0.0,False
129,2.329840752480021,2.329840752480021,2.329840752480021,0.0,4.809572060994876,0.0,False,0.0,0.0,4.809572060994876,2.329840752480021,False
130,6.589485056455956,6.589485056455956,6.589485056455956,0.0,5.926924433499107,0.0,False,0.0,0.0,4.809572060994876,6.589485056455956,False
131,6.599957074245331,6.599957074245331,6.599957074245331,0.0,9.087130449114063,0.0,False,0.0,0.0,4.809572060994876,6.599957074245331,False
132,2.219604291645539,2.219604291645539,2.219604291645539,0.0,12.252358668031718,0.0,False,0.0,0.0,4.809572060994876,2.219604291645539,False
133,3.159486033909424,3.159486033909424,3.159486033909424,0.0,13.316843491147106,0.0,False,1.9470307787488392,0.0,4.809572060994876,1.2124552551605847,False
134,7.726549428131231,7.726549428131231,1.8952297063516317,0.0,14.832079763036015,5.831319721779599,False,7.726549428131231,0.0,5.743335219553256,0.0,False
135,0.8608357163766792,0.8608357163766792,0.0,0.0,15.741000000000001,0.8608357163766792,False,0.8608357163766792,0.0,9.448858150939818,0.0,False
136,2.8118666382124013,2.8118666382124013,0.0,0.0,15.741000000000001,2.8118666382124013,False,2.8118666382124013,0.0,9.861700457439095,0.0,False
137,9.338196901120902,9.338196901120902,0.0,0.0,15.741000000000001,9.338196901120902,False,8.745000000000001,0.0,11.210224323728134,0.5931969011209013,False
138,-0.6718855358562393,-0.6718855358562393,0.0,0.6718855358562393,15.741000000000001,0.0,False,0.0,0.6718855358562393,15.404178990865107,0.0,False
139,-8.059162575371827,-8.059162575371827,0.0,8.059162575371827,15.390755452943782,0.0,False,0.0,8.059162575371827,15.053934443808888,0.0,False
140,-4.891978405963462,-4.891978405963462,0.0,4.891978405963462,11.189626547457877,0.0,False,0.0,4.891978405963462,10.852805538322983,0.0,False
141,-1.8216387574792214,-1.8216387574792214,0.0,1.8216387574792214,8.639506520209542,0.0,False,0.0,1.8216387574792214,8.302685511074648,0.0,False
142,13.223761490880326,13.223761490880326,8.745000000000001,0.0,7.689911674860948,4.478761490880325,False,8.745000000000001,0.0,7.353090665726055,4.478761490880325,False
143,17.006666201193752,17.006666201193752,8.042679646381249,0.0,11.883866341997923,8.963986554812504,False,8.745000000000001,0.0,11.547045332863028,8.261666201193751,False
144,-3.356683529650872,-3.356683529650872,0.0,3.356683529650872,15.741000000000001,0.0,False,0.0,0.0,15.741000000000001,-3.356683529650872,False
145,-10.949909086370816,-10.949909086370816,0.0,8.745000000000001,13.99120775159954,-2.204909086370815,False,0.0,3.023633487204629,15.741000000000001,-7.926275599166187,False
146,-4.077600845501465,-4.077600845501465,0.0,4.077600845501465,9.432561374276741,0.0,False,0.0,4.077600845501465,14.164822087730444,0.0,False
147,-0.986025956267379,-0.986025956267379,0.0,0.986025956267379,7.306964996630814,0.0,False,0.0,0.986025956267379,12.039225710084517,0.0,False
148,3.107922605355549,3.107922605355549,3.107922605355549,0.0,6.792963435340416,0.0,False,3.107922605355549,0.0,11.52522414879412,0.0,False
149,5.682577708746051,5.682577708746051,5.682577708746051,0.0,8.283470755618449,0.0,False,5.682577708746051,0.0,13.015731469072154,0.0,False
150,-9.297413310837559,-9.297413310837559,0.0,8.745000000000001,11.008739286546298,-0.552413310837558,False,0.0,0.14260588778151245,15.741000000000001,-9.154807423056047,False
151,-14.678863884911397,-14.678863884911397,0.0,8.745000000000001,6.450092909223501,-5.933863884911396,False,0.0,8.745000000000001,15.666661542170374,-5.933863884911396,False
152,-2.365190261882933,-2.365190261882933,0.0,0.2732598272303847,1.8914465319007032,-2.0919304346525482,False,0.0,2.365190261882933,11.108015164847577,0.0,False
153,6.855123637814738,6.855123637814738,6.855123637814738,0.0,1.7490000000000003,0.0,False,6.855123637814738,0.0,9.87507451087253,0.0,False
154,3.2333620748971907,3.2333620748971907,3.2333620748971907,0.0,5.0366018038438085,0.0,False,3.2333620748971907,0.0,13.162676314716338,0.0,False
155,-7.424846879036854,-7.424846879036854,0.0,7.424846879036854,6.587267780351386,0.0,False,0.0,0.0,14.713342291223915,-7.424846879036854,False
156,-2.057052340854358,-2.057052340854358,0.0,1.8565599766581207,2.7167987892367114,-0.2004923641962375,False,0.0,0.0,14.713342291223915,-2.057052340854358,False
157,2.1428144499668167,2.1428144499668167,2.1428144499668167,0.0,1.7490000000000003,0.0,False,2.1428144499668167,0.0,14.713342291223915,0.0,False
158,-1.4691869300240292,-1.4691869300240292,0.0,1.4691869300240292,2.776657708776087,0.0,False,0.0,0.0,15.741000000000001,-1.4691869300240292,False
159,-7.678922079082155,-7.678922079082155,0.0,0.5022023639454425,2.0107910791404047,-7.176719715136713,False,0.0,0.0,15.741000000000001,-7.678922079082155,False
160,-12.783817288392168,-12.783817288392168,0.0,0.0,1.7490000000000003,-12.783817288392168,False,0.0,0.6063098696766263,15.741000000000001,-12.177507418715543,False
161,-7.447757598908494,-7.447757598908494,0.0,0.0,1.7490000000000003,-7.447757598908494,False,0.0,0.0,15.424939131968394,-7.447757598908494,False
162,-1.9346266148426772,-1.9346266148426772,0.0,0.0,1.7490000000000003,-1.9346266148426772,False,0.0,0.0,15.424939131968394,-1.9346266148426772,False
163,-1.159733079936467,-1.159733079936467,0.0,0.0,1.7490000000000003,-1.159733079936467,False,0.0,0.0,15.424939131968394,-1.159733079936467,False
164,-0.7069041889623252,-0.7069041889623252,0.0,0.0,1.7490000000000003,-0.7069041889623252,False,0.0,0.0,15.424939131968394,-0.7069041889623252,False
165,-0.08709785673839122,-0.08709785673839122,0.0,0.0,1.7490000000000003,-0.08709785673839122,False,0.0,0.0,15.424939131968394,-0.08709785673839122,False
166,,0.0,0.0,0.0,1.7490000000000003,,False,0.0,0.0,15.424939131968394,0.0,False
167,,0.0,0.0,0.0,1.7490000000000003,,False,0.0,0.0,15.424939131968394,0.0,False
168,,0.0,0.0,0.0,1.7490000000000003,,False,0.0,0.0,15.424939131968394,0.0,False
169,,0.0,0.0,0.0,1.7490000000000003,,False,0.0,0.0,15.424939131968394,0.0,False
170,,0.0,0.0,0.0,1.7490000000000003,,False,0.0,0.0,15.424939131968394,0.0,False
171,,0.0,0.0,0.0,1.7490000000000003,,False,0.0,0.0,15.424939131968394,0.0,False
172,,0.0,0.0,0.0,1.7490000000000003,,False,0.0,0.0,15.424939131968394,0.0,False
173,,0.0,0.0,0.0,1.7490000000000003,,False,0.0,0.0,15.424939131968394,0.0,False
174,,0.0,0.0,0.0,1.7490000000000003,,False,0.0,0.0,15.424939131968394,0.0,False
175,,0.0,0.0,0.0,1.7490000000000003,,False,0.0,0.0,15.424939131968394,0.0,False
176,,0.0,0.0,0.0,1.7490000000000003,,False,0.0,0.0,15.424939131968394,0.0,False
177,,0.0,0.0,0.0,1.7490000000000003,,False,0.0,0.0,15.424939131968394,0.0,False
178,,0.0,0.0,0.0,1.7490000000000003,,False,0.0,0.0,15.424939131968394,0.0,False
179,,0.0,0.0,0.0,1.7490000000000003,,False,0.0,0.0,15.424939131968394,0.0,False
180,,0.0,0.0,0.0,1.7490000000000003,,False,0.0,0.0,15.424939131968394,0.0,False
181,,0.0,0.0,0.0,1.7490000000000003,,False,0.0,0.0,15.424939131968394,0.0,False
182,,0.0,0.0,0.0,1.7490000000000003,,False,0.0,0.0,15.424939131968394,0.0,False
183,,0.0,0.0,0.0,1.7490000000000003,,False,0.0,0.0,15.424939131968394,0.0,False
184,,0.0,0.0,0.0,1.7490000000000003,,False,0.0,0.0,15.424939131968394,0.0,False
185,,0.0,0.0,0.0,1.7490000000000003,,False,0.0,0.0,15.424939131968394,0.0,False
186,,0.0,0.0,0.0,1.7490000000000003,,False,0.0,0.0,15.424939131968394,0.0,False
187,,0.0,0.0,0.0,1.7490000000000003,,False,0.0,0.0,15.424939131968394,0.0,False
188,,0.0,0.0,0.0,1.7490000000000003,,False,0.0,0.0,15.424939131968394,0.0,False
189,,0.0,0.0,0.0,1.7490000000000003,,False,0.0,0.0,15.424939131968394,0.0,False
190,,0.0,0.0,0.0,1.7490000000000003,,False,0.0,0.0,15.424939131968394,0.0,False
191,,0.0,0.0,0.0,1.7490000000000003,,False,0.0,0.0,15.424939131968394,0.0,False
192,-6.666368468565032,-6.666368468565032,0.0,0.0,1.7490000000000003,-6.666368468565032,False,0.0,0.0,15.424939131968394,-6.666368468565032,False
193,-7.614499275029933,-7.614499275029933,0.0,0.0,1.7490000000000003,-7.614499275029933,False,0.0,0.0,15.424939131968394,-7.614499275029933,False
194,-8.706270311474906,-8.706270311474906,0.0,0.0,1.7490000000000003,-8.706270311474906,False,0.0,0.0,15.424939131968394,-8.706270311474906,False
195,-11.918290457841854,-11.918290457841854,0.0,0.0,1.7490000000000003,-11.918290457841854,False,0.0,8.745000000000001,15.424939131968394,-3.173290457841853,False
196,-5.8354114521307014,-5.8354114521307014,0.0,0.0,1.7490000000000003,-5.8354114521307014,False,0.0,0.0,10.866292754645595,-5.8354114521307014,False
197,-10.6388075187211,-10.6388075187211,0.0,0.0,1.7490000000000003,-10.6388075187211,False,0.0,8.745000000000001,10.866292754645595,-1.8938075187210988,False
198,-15.696179093496426,-15.696179093496426,0.0,0.0,1.7490000000000003,-15.696179093496426,False,0.0,8.745000000000001,6.307646377322798,-6.951179093496425,False
199,-8.713669983535729,-8.713669983535729,0.0,0.0,1.7490000000000003,-8.713669983535729,False,0.0,0.0,1.7490000000000003,-8.713669983535729,False
200,-2.4966369530531622,-2.4966369530531622,0.0,0.0,1.7490000000000003,-2.4966369530531622,False,0.0,0.0,1.7490000000000003,-2.4966369530531622,False
201,4.263706484939207,4.263706484939207,4.263706484939207,0.0,1.7490000000000003,0.0,False,0.0,0.0,1.7490000000000003,4.263706484939207,False
202,4.138460627484293,4.138460627484293,4.138460627484293,0.0,3.7938017966624322,0.0,False,0.0,0.0,1.7490000000000003,4.138460627484293,False
203,2.7253708319871857,2.7253708319871857,2.7253708319871857,0.0,5.778537790190203,0.0,False,0.0,0.0,1.7490000000000003,2.7253708319871857,False
204,2.0818952026637656,2.0818952026637656,2.0818952026637656,0.0,7.085579725066319,0.0,False,0.0,0.0,1.7490000000000003,2.0818952026637656,False
205,5.43780533335573,5.43780533335573,5.43780533335573,0.0,8.08402158918316,0.0,False,2.9403368148659013,0.0,1.7490000000000003,2.4974685184898284,False
206,18.279184701928326,18.279184701928326,8.745000000000001,0.0,10.691901412717705,9.534184701928325,False,8.745000000000001,0.0,3.159135998589081,9.534184701928325,False
207,18.845251700446692,18.845251700446692,1.7830983344357167,0.0,14.88585607985468,17.062153366010975,False,8.745000000000001,0.0,7.353090665726055,10.100251700446691,False
208,14.037963278851663,14.037963278851663,0.0,0.0,15.741000000000001,14.037963278851663,False,8.745000000000001,0.0,11.547045332863028,5.292963278851662,False
209,-8.007897347909076,-8.007897347909076,0.0,8.007897347909076,15.741000000000001,0.0,False,0.0,0.0,15.741000000000001,-8.007897347909076,False
210,-23.203314607352674,-23.203314607352674,0.0,8.745000000000001,11.566594941678842,-14.458314607352673,False,0.0,0.6063098696766263,15.741000000000001,-22.59700473767605,True
211,-15.846134890280245,-15.846134890280245,0.0,8.745000000000001,7.007948564356044,-7.101134890280244,False,0.0,8.745000000000001,15.424939131968394,-7.101134890280244,False
212,-14.177725495463157,-14.177725495463157,0.0,1.3434125217675537,2.449302187033247,-12.834312973695603,False,0.0,8.745000000000001,10.866292754645595,-5.432725495463156,False
213,-11.636263024351853,-11.636263024351853,0.0,0.0,1.7490000000000003,-11.636263024351853,False,0.0,8.745000000000001,6.307646377322798,-2.8912630243518525,False
214,-3.6880040932176112,-3.6880040932176112,0.0,0.0,1.7490000000000003,-3.6880040932176112,False,0.0,0.0,1.7490000000000003,-3.6880040932176112,False
215,3.241735928821677,3.241735928821677,3.241735928821677,0.0,1.7490000000000003,0.0,False,3.241735928821677,0.0,1.7490000000000003,0.0,False
216,8.97343417829742,8.97343417829742,8.745000000000001,0.0,3.303681935769844,0.22843417829741952,False,8.745000000000001,0.0,3.303681935769844,0.22843417829741952,False
217,6.614680862430692,6.614680862430692,6.614680862430692,0.0,7.497636602906818,0.0,False,6.614680862430692,0.0,7.497636602906818,0.0,False
218,-3.0506749917803027,-3.0506749917803027,0.0,3.0506749917803027,10.669926102576666,0.0,False,0.0,3.0506749917803027,10.669926102576666,0.0,False
219,-6.729723520323242,-6.729723520323242,0.0,6.729723520323242,9.079651831602563,0.0,False,0.0,6.729723520323242,9.079651831602563,0.0,False
220,-5.615645730527394,-5.615645730527394,0.0,5.615645730527394,5.571540940086775,0.0,False,0.0,5.615645730527394,5.571540940086775,0.0,False
221,-0.6984805258362337,-0.6984805258362337,0.0,0.6984805258362337,2.6441832424541927,0.0,False,0.0,0.6984805258362337,2.6441832424541927,0.0,False
222,6.004731081057326,6.004731081057326,6.004731081057326,0.0,2.2800750985166434,0.0,False,0.0,0.0,2.2800750985166434,6.004731081057326,False
223,4.310921774298734,4.310921774298734,4.310921774298734,0.0,5.159842959271682,0.0,False,2.0866720077473744,0.0,2.2800750985166434,2.2242497665513596,False
224,0.4012990900588544,0.4012990900588544,0.4012990900588544,0.0,7.227288413243389,0.0,False,0.4012990900588544,0.0,3.2808078378735535,0.0,False
225,-0.6134783485366304,-0.6134783485366304,0.0,0.6134783485366304,7.419744695881485,0.0,False,0.0,0.6134783485366304,3.47326412051165,0.0,False
226,-2.6942337409301107,-2.6942337409301107,0.0,2.6942337409301107,7.099946999926942,0.0,False,0.0,2.6942337409301107,3.1534664245571067,0.0,False
227,15.00668307795397,15.00668307795397,8.745000000000001,0.0,5.695480575369836,6.261683077953968,False,2.1428380619364633,0.0,1.7490000000000003,12.863845016017507,False
228,38.08359452778138,38.08359452778138,8.745000000000001,0.0,9.88943524250681,29.338594527781378,True,8.745000000000001,0.0,2.7766690326789227,29.338594527781378,True
229,44.9715613866496,44.9715613866496,3.456355967257213,0.0,14.083389909643785,41.51520541939239,True,8.745000000000001,0.0,6.970623699815897,36.22656138664959,True
230,23.81834692462515,23.81834692462515,0.0,0.0,15.741000000000001,23.81834692462515,True,8.745000000000001,0.0,11.16457836695287,15.073346924625149,False
231,-6.41270515331128,-6.41270515331128,0.0,6.41270515331128,15.741000000000001,0.0,False,0.0,6.41270515331128,15.358533034089845,0.0,False
232,-20.825760805803252,-20.825760805803252,0.0,8.745000000000001,12.398146356091289,-12.080760805803251,False,0.0,8.745000000000001,12.015679390181132,-12.080760805803251,False
233,-15.895875881667266,-15.895875881667266,0.0,8.745000000000001,7.839499978768491,-7.150875881667265,False,0.0,8.745000000000001,7.457033012858335,-7.150875881667265,False
234,-2.2049058636702705,-2.2049058636702705,0.0,2.2049058636702705,3.2808536014456937,0.0,False,0.0,2.2049058636702705,2.8983866355355374,0.0,False
235,9.260475727588672,9.260475727588672,8.745000000000001,0.0,2.131466965910157,0.5154757275886706,False,0.0,0.0,1.7490000000000003,9.260475727588672,False
236,9.040217055970523,9.040217055970523,8.745000000000001,0.0,6.325421633047131,0.2952170559705216,False,7.921360478675009,0.0,1.7490000000000003,1.1188565772955137,False
237,-3.426006975681524,-3.426006975681524,0.0,3.426006975681524,10.519376300184105,0.0,False,0.0,3.426006975681524,5.547951029115315,0.0,False
238,-3.8616446646994853,-3.8616446646994853,0.0,3.8616446646994853,8.733446707459896,0.0,False,0.0,3.8616446646994853,3.7620214363911053,0.0,False
239,1.0148605151457972,1.0148605151457972,1.0148605151457972,0.0,6.720425271068791,0.0,False,0.0,0.0,1.7490000000000003,1.0148605151457972,False
240,10.569535667600643,10.569535667600643,8.745000000000001,0.0,7.207135276098951,1.8245356676006423,False,0.0,0.0,1.7490000000000003,10.569535667600643,False
241,10.329386720857702,10.329386720857702,8.745000000000001,0.0,11.401089943235924,1.584386720857701,False,0.0,0.0,1.7490000000000003,10.329386720857702,False
242,5.2286981582595065,5.2286981582595065,0.304338025465674,0.0,15.595044610372899,4.924360132793833,False,0.0,0.0,1.7490000000000003,5.2286981582595065,False
243,5.707101031908256,5.707101031908256,0.0,0.0,15.741000000000001,5.707101031908256,False,0.0,0.0,1.7490000000000003,5.707101031908256,False
244,9.146824383291353,9.146824383291353,0.0,0.0,15.741000000000001,9.146824383291353,False,2.9403368148659013,0.0,1.7490000000000003,6.206487568425452,False
245,15.890361347706536,15.890361347706536,0.0,0.0,15.741000000000001,15.890361347706536,False,8.745000000000001,0.0,3.159135998589081,7.145361347706535,False
246,18.145274922214835,18.145274922214835,0.0,0.0,15.741000000000001,18.145274922214835,True,8.745000000000001,0.0,7.353090665726055,9.400274922214834,False
247,11.135286100737819,11.135286100737819,0.0,0.0,15.741000000000001,11.135286100737819,False,8.745000000000001,0.0,11.547045332863028,2.3902861007378178,False
248,3.5303686126739073,3.5303686126739073,0.0,0.0,15.741000000000001,3.5303686126739073,False,0.0,0.0,15.741000000000001,3.5303686126739073,False
249,-1.6262593264546135,-1.6262593264546135,0.0,1.6262593264546135,15.741000000000001,0.0,False,0.0,0.0,15.741000000000001,-1.6262593264546135,False
250,-10.113532855386106,-10.113532855386106,0.0,8.745000000000001,14.89325372359866,-1.3685328553861051,False,0.0,0.0,15.741000000000001,-10.113532855386106,False
251,-10.565885546326912,-10.565885546326912,0.0,8.745000000000001,10.334607346275863,-1.8208855463269114,False,0.0,2.59498608649735,15.741000000000001,-7.970899459829562,False
252,-7.342971003499005,-7.342971003499005,0.0,7.342971003499005,5.775960968953066,0.0,False,0.0,7.342971003499005,14.38826999171936,0.0,False
253,8.658728662446153,8.658728662446153,8.658728662446153,0.0,1.9481727283713526,0.0,False,8.658728662446153,0.0,10.560481751137647,0.0,False
254,2.143398609289014,2.143398609289014,2.143398609289014,0.0,6.100753115488416,0.0,False,2.143398609289014,0.0,14.713062138254712,0.0,False
255,-10.401498915508833,-10.401498915508833,0.0,8.745000000000001,7.128690977233706,-1.6564989155088323,False,0.0,0.6063098696766263,15.741000000000001,-9.795189045832206,False
256,-8.66833231166226,-8.66833231166226,0.0,1.5750366297193656,2.5700445999109087,-7.0932956819428945,False,0.0,0.0,15.424939131968394,-8.66833231166226,False
257,-16.595045505626093,-16.595045505626093,0.0,0.0,1.7490000000000003,-16.595045505626093,False,0.0,8.745000000000001,15.424939131968394,-7.850045505626092,False
258,-19.865753375705705,-19.865753375705705,0.0,0.0,1.7490000000000003,-19.865753375705705,True,0.0,8.745000000000001,10.866292754645595,-11.120753375705704,False
259,-11.974082482806628,-11.974082482806628,0.0,0.0,1.7490000000000003,-11.974082482806628,False,0.0,8.745000000000001,6.307646377322798,-3.2290824828066267,False
260,-1.3992172358809492,-1.3992172358809492,0.0,0.0,1.7490000000000003,-1.3992172358809492,False,0.0,0.0,1.7490000000000003,-1.3992172358809492,False
261,4.448382508119575,4.448382508119575,4.448382508119575,0.0,1.7490000000000003,0.0,False,4.448382508119575,0.0,1.7490000000000003,0.0,False
262,4.278121753051408,4.278121753051408,4.278121753051408,0.0,3.8823693060192763,0.0,False,4.278121753051408,0.0,3.8823693060192763,0.0,False
263,-5.4961939814872665,-5.4961939814872665,0.0,5.4961939814872665,5.934084422404658,0.0,False,0.0,0.0,5.934084422404658,-5.4961939814872665,False
264,-6.722609120018842,-6.722609120018842,0.0,2.5321899387900393,3.068995253420063,-4.190419181228803,False,0.0,0.0,5.934084422404658,-6.722609120018842,False
265,-2.03034472967929,-2.03034472967929,0.0,0.0,1.7490000000000003,-2.03034472967929,False,0.0,0.0,5.934084422404658,-2.03034472967929,False
266,1.0515186988386291,1.0515186988386291,1.0515186988386291,0.0,1.7490000000000003,0.0,False,1.0515186988386291,0.0,5.934084422404658,0.0,False
267,1.3022535219693732,1.3022535219693732,1.3022535219693732,0.0,2.2532906523243073,0.0,False,1.3022535219693732,0.0,6.438375074728965,0.0,False
268,0.9889304873643026,0.9889304873643026,0.9889304873643026,0.0,2.8778295015248805,0.0,False,0.9889304873643026,0.0,7.062913923929538,0.0,False
269,-0.3012346969426193,-0.3012346969426193,0.0,0.3012346969426193,3.352103902091554,0.0,False,0.0,0.0,7.537188324496212,-0.3012346969426193,False
270,0.2913676513375193,0.2913676513375193,0.2913676513375193,0.0,3.195074461274927,0.0,False,0.2913676513375193,0.0,7.537188324496212,0.0,False
271,0.5036980216878659,0.5036980216878659,0.5036980216878659,0.0,3.3348094779907336,0.0,False,0.5036980216878659,0.0,7.676923341212018,0.0,False
272,-5.337938924776239,-5.337938924776239,0.0,3.5055122137592556,3.576374563054826,-1.8324267110169834,False,0.0,0.0,7.91848842627611,-5.337938924776239,False
273,-7.5152500465151615,-7.5152500465151615,0.0,0.0,1.7490000000000003,-7.5152500465151615,False,0.0,7.433553353978988,7.91848842627611,-0.08169669253617329,False
274,-3.356623137371244,-3.356623137371244,0.0,0.0,1.7490000000000003,-3.356623137371244,False,0.0,3.356623137371244,4.043480871358781,0.0,False
275,-1.0449543396289478,-1.0449543396289478,0.0,0.0,1.7490000000000003,-1.0449543396289478,False,0.0,1.0449543396289478,2.293720104610319,0.0,False
276,0.6968401574880654,0.6968401574880654,0.6968401574880654,0.0,1.7490000000000003,0.0,False,0.6968401574880654,0.0,1.7490000000000003,0.0,False
277,-1.6773871365582464,-1.6773871365582464,0.0,0.6410929448890204,2.083192799399147,-1.036294191669226,False,0.0,0.0,2.083192799399147,-1.6773871365582464,False
278,-3.6647032021412023,-3.6647032021412023,0.0,0.0,1.7490000000000003,-3.6647032021412023,False,0.0,0.0,2.083192799399147,-3.6647032021412023,False
279,,0.0,0.0,0.0,1.7490000000000003,,False,0.0,0.0,2.083192799399147,0.0,False
280,,0.0,0.0,0.0,1.7490000000000003,,False,0.0,0.0,2.083192799399147,0.0,False
281,,0.0,0.0,0.0,1.7490000000000003,,False,0.0,0.0,2.083192799399147,0.0,False
282,,0.0,0.0,0.0,1.7490000000000003,,False,0.0,0.0,2.083192799399147,0.0,False
283,,0.0,0.0,0.0,1.7490000000000003,,False,0.0,0.0,2.083192799399147,0.0,False
284,,0.0,0.0,0.0,1.7490000000000003,,False,0.0,0.0,2.083192799399147,0.0,False
285,,0.0,0.0,0.0,1.7490000000000003,,False,0.0,0.0,2.083192799399147,0.0,False
286,,0.0,0.0,0.0,1.7490000000000003,,False,0.0,0.0,2.083192799399147,0.0,False
287,,0.0,0.0,0.0,1.7490000000000003,,False,0.0,0.0,2.083192799399147,0.0,False
288,,0.0,0.0,0.0,1.7490000000000003,,False,0.0,0.0,2.083192799399147,0.0,False
289,,0.0,0.0,0.0,1.7490000000000003,,False,0.0,0.0,2.083192799399147,0.0,False
290,,0.0,0.0,0.0,1.7490000000000003,,False,0.0,0.0,2.083192799399147,0.0,False
291,,0.0,0.0,0.0,1.7490000000000003,,False,0.0,0.0,2.083192799399147,0.0,False
292,,0.0,0.0,0.0,1.7490000000000003,,False,0.0,0.0,2.083192799399147,0.0,False
293,,0.0,0.0,0.0,1.7490000000000003,,False,0.0,0.0,2.083192799399147,0.0,False
294,,0.0,0.0,0.0,1.7490000000000003,,False,0.0,0.0,2.083192799399147,0.0,False
295,,0.0,0.0,0.0,1.7490000000000003,,False,0.0,0.0,2.083192799399147,0.0,False
296,,0.0,0.0,0.0,1.7490000000000003,,False,0.0,0.0,2.083192799399147,0.0,False
297,,0.0,0.0,0.0,1.7490000000000003,,False,0.0,0.0,2.083192799399147,0.0,False
298,,0.0,0.0,0.0,1.7490000000000003,,False,0.0,0.0,2.083192799399147,0.0,False
299,,0.0,0.0,0.0,1.7490000000000003,,False,0.0,0.0,2.083192799399147,0.0,False
300,,0.0,0.0,0.0,1.7490000000000003,,False,0.0,0.0,2.083192799399147,0.0,False
301,,0.0,0.0,0.0,1.7490000000000003,,False,0.0,0.0,2.083192799399147,0.0,False
302,,0.0,0.0,0.0,1.7490000000000003,,False,0.0,0.0,2.083192799399147,0.0,False
303,,0.0,0.0,0.0,1.7490000000000003,,False,0.0,0.0,2.083192799399147,0.0,False
304,,0.0,0.0,0.0,1.7490000000000003,,False,0.0,0.0,2.083192799399147,0.0,False
305,,0.0,0.0,0.0,1.7490000000000003,,False,0.0,0.0,2.083192799399147,0.0,False
306,,0.0,0.0,0.0,1.7490000000000003,,False,0.0,0.0,2.083192799399147,0.0,False
307,,0.0,0.0,0.0,1.7490000000000003,,False,0.0,0.0,2.083192799399147,0.0,False
308,,0.0,0.0,0.0,1.7490000000000003,,False,0.0,0.0,2.083192799399147,0.0,False
309,,0.0,0.0,0.0,1.7490000000000003,,False,0.0,0.0,2.083192799399147,0.0,False
310,,0.0,0.0,0.0,1.7490000000000003,,False,0.0,0.0,2.083192799399147,0.0,False
311,,0.0,0.0,0.0,1.7490000000000003,,False,0.0,0.0,2.083192799399147,0.0,False
312,,0.0,0.0,0.0,1.7490000000000003,,False,0.0,0.0,2.083192799399147,0.0,False
313,,0.0,0.0,0.0,1.7490000000000003,,False,0.0,0.0,2.083192799399147,0.0,False
314,,0.0,0.0,0.0,1.7490000000000003,,False,0.0,0.0,2.083192799399147,0.0,False
315,,0.0,0.0,0.0,1.7490000000000003,,False,0.0,0.0,2.083192799399147,0.0,False
316,,0.0,0.0,0.0,1.7490000000000003,,False,0.0,0.0,2.083192799399147,0.0,False
317,,0.0,0.0,0.0,1.7490000000000003,,False,0.0,0.0,2.083192799399147,0.0,False
318,,0.0,0.0,0.0,1.7490000000000003,,False,0.0,0.0,2.083192799399147,0.0,False
319,,0.0,0.0,0.0,1.7490000000000003,,False,0.0,0.0,2.083192799399147,0.0,False
320,,0.0,0.0,0.0,1.7490000000000003,,False,0.0,0.0,2.083192799399147,0.0,False
321,,0.0,0.0,0.0,1.7490000000000003,,False,0.0,0.0,2.083192799399147,0.0,False
322,,0.0,0.0,0.0,1.7490000000000003,,False,0.0,0.0,2.083192799399147,0.0,False
323,,0.0,0.0,0.0,1.7490000000000003,,False,0.0,0.0,2.083192799399147,0.0,False
324,,0.0,0.0,0.0,1.7490000000000003,,False,0.0,0.0,2.083192799399147,0.0,False
325,,0.0,0.0,0.0,1.7490000000000003,,False,0.0,0.0,2.083192799399147,0.0,False
326,,0.0,0.0,0.0,1.7490000000000003,,False,0.0,0.0,2.083192799399147,0.0,False
327,,0.0,0.0,0.0,1.7490000000000003,,False,0.0,0.0,2.083192799399147,0.0,False
328,,0.0,0.0,0.0,1.7490000000000003,,False,0.0,0.0,2.083192799399147,0.0,False
329,,0.0,0.0,0.0,1.7490000000000003,,False,0.0,0.0,2.083192799399147,0.0,False
330,,0.0,0.0,0.0,1.7490000000000003,,False,0.0,0.0,2.083192799399147,0.0,False
331,-5.552401126856601,-5.552401126856601,0.0,0.0,1.7490000000000003,-5.552401126856601,False,0.0,0.0,2.083192799399147,-5.552401126856601,False
332,-8.499198949106335,-8.499198949106335,0.0,0.0,1.7490000000000003,-8.499198949106335,False,0.0,0.0,2.083192799399147,-8.499198949106335,False
333,-2.109867164602942,-2.109867164602942,0.0,0.0,1.7490000000000003,-2.109867164602942,False,0.0,0.0,2.083192799399147,-2.109867164602942,False
334,-5.463230255711327,-5.463230255711327,0.0,0.0,1.7490000000000003,-5.463230255711327,False,0.0,0.0,2.083192799399147,-5.463230255711327,False
335,-11.319773758771479,-11.319773758771479,0.0,0.0,1.7490000000000003,-11.319773758771479,False,0.0,0.0,2.083192799399147,-11.319773758771479,False
336,-10.874744921608203,-10.874744921608203,0.0,0.0,1.7490000000000003,-10.874744921608203,False,0.0,0.0,2.083192799399147,-10.874744921608203,False
337,-8.029292970125523,-8.029292970125523,0.0,0.0,1.7490000000000003,-8.029292970125523,False,0.0,0.6224147129087916,2.083192799399147,-7.406878257216731,False
338,-0.01867823198022868,-0.01867823198022868,0.0,0.0,1.7490000000000003,-0.01867823198022868,False,0.0,0.01867823198022868,1.758736701492449,0.0,False
339,0.5110873747666489,0.5110873747666489,0.5110873747666489,0.0,1.7490000000000003,0.0,False,0.0,0.0,1.7490000000000003,0.5110873747666489,False
340,4.82016528689345,4.82016528689345,4.82016528689345,0.0,1.994108894307304,0.0,False,3.2587339286419956,0.0,1.7490000000000003,1.561431358251454,False
341,10.649472274107193,10.649472274107193,8.745000000000001,0.0,4.305778957353434,1.9044722741071922,False,8.745000000000001,0.0,3.311833890106999,1.9044722741071922,False
342,6.965213184328666,6.965213184328666,6.965213184328666,0.0,8.499733624490407,0.0,False,6.965213184328666,0.0,7.505788557243973,0.0,False
343,5.967457693647182,5.967457693647182,5.967457693647182,0.0,11.840132520090085,0.0,False,5.967457693647182,0.0,10.846187452843651,0.0,False
344,1.814778383403424,1.814778383403424,1.814778383403424,0.0,14.702024692212902,0.0,False,1.814778383403424,0.0,13.70807962496647,0.0,False
345,0.46218283306777236,0.46218283306777236,0.3516348918265347,0.0,15.572361830108166,0.11054794124123768,False,0.46218283306777236,0.0,14.578416762861734,0.0,False
346,1.961970791776859,1.961970791776859,0.0,0.0,15.741000000000001,1.961970791776859,False,1.961970791776859,0.0,14.800071862897774,0.0,False
347,-4.3755317192116605,-4.3755317192116605,0.0,4.3755317192116605,15.741000000000001,0.0,False,0.0,0.39966676701871917,15.741000000000001,-3.9758649521929414,False
348,0.4344203989333889,0.4344203989333889,0.4344203989333889,0.0,13.46009641845109,0.0,False,0.4344203989333889,0.0,15.532659295642517,0.0,False
349,-3.6176357190820307,-3.6176357190820307,0.0,3.6176357190820307,13.668437122808575,0.0,False,0.0,0.0,15.741000000000001,-3.6176357190820307,False
350,-10.786570094576675,-10.786570094576675,0.0,8.745000000000001,11.78261414221774,-2.0415700945766737,False,0.0,2.0908862541427706,15.741000000000001,-8.695683840433905,False
351,1.4153664427716692,1.4153664427716692,1.4153664427716692,0.0,7.223967764894943,0.0,False,1.4153664427716692,0.0,14.651050194643572,0.0,False
352,0.857336007383518,0.857336007383518,0.857336007383518,0.0,7.902753665223279,0.0,False,0.857336007383518,0.0,15.329836094971908,0.0,False
353,-10.040084440009943,-10.040084440009943,0.0,8.745000000000001,8.313917570251373,-1.2950844400099424,False,0.0,0.0,15.741000000000001,-10.040084440009943,False
354,-8.476400994720615,-8.476400994720615,0.0,3.8486954525444306,3.755271192928576,-4.627705542176185,False,0.0,0.0,15.741000000000001,-8.476400994720615,False
355,-5.775481078123364,-5.775481078123364,0.0,4.2595540635239357e-16,1.7490000000000006,-5.775481078123364,False,0.0,0.0,15.741000000000001,-5.775481078123364,False
356,-6.981835192984563,-6.981835192984563,0.0,0.0,1.7490000000000003,-6.981835192984563,False,0.0,0.0,15.741000000000001,-6.981835192984563,False
357,-4.284261367219552,-4.284261367219552,0.0,0.0,1.7490000000000003,-4.284261367219552,False,0.0,0.0,15.741000000000001,-4.284261367219552,False
358,-1.6181611388883512,-1.6181611388883512,0.0,0.0,1.7490000000000003,-1.6181611388883512,False,0.0,0.0,15.741000000000001,-1.6181611388883512,False
359,-1.4244880748469453,-1.4244880748469453,0.0,0.0,1.7490000000000003,-1.4244880748469453,False,0.0,0.0,15.741000000000001,-1.4244880748469453,False
360,-1.2307835081776612,-1.2307835081776612,0.0,0.0,1.7490000000000003,-1.2307835081776612,False,0.0,0.0,15.741000000000001,-1.2307835081776612,False
361,-0.983212405361423,-0.983212405361423,0.0,0.0,1.7490000000000003,-0.983212405361423,False,0.0,0.0,15.741000000000001,-0.983212405361423,False
362,-0.4562821488073057,-0.4562821488073057,0.0,0.0,1.7490000000000003,-0.4562821488073057,False,0.0,0.0,15.741000000000001,-0.4562821488073057,False
363,-0.576379627387293,-0.576379627387293,0.0,0.0,1.7490000000000003,-0.576379627387293,False,0.0,0.0,15.741000000000001,-0.576379627387293,False
364,-0.7194585029954785,-0.7194585029954785,0.0,0.0,1.7490000000000003,-0.7194585029954785,False,0.0,0.4886983583072288,15.741000000000001,-0.23076014468824974,False
365,-0.49223316566509884,-0.49223316566509884,0.0,0.0,1.7490000000000003,-0.49223316566509884,False,0.0,0.49223316566509884,15.486248370417286,0.0,False
366,-1.0247888764919673,-1.0247888764919673,0.0,0.0,1.7490000000000003,-1.0247888764919673,False,0.0,1.0247888764919673,15.229654095121994,0.0,False
367,-1.2284727129429627,-1.2284727129429627,0.0,0.0,1.7490000000000003,-1.2284727129429627,False,0.0,1.2284727129429627,14.695445964837168,0.0,False
368,-0.7782689325219312,-0.7782689325219312,0.0,0.0,1.7490000000000003,-0.7782689325219312,False,0.0,0.7782689325219312,14.05506029502615,0.0,False
369,-1.0150323987794136,-1.0150323987794136,0.0,0.0,1.7490000000000003,-1.0150323987794136,False,0.0,1.0150323987794136,13.649359568917061,0.0,False
370,-1.4247586490498827,-1.4247586490498827,0.0,0.0,1.7490000000000003,-1.4247586490498827,False,0.0,1.4247586490498827,13.12023735421597,0.0,False
371,-1.5595334567848256,-1.5595334567848256,0.0,0.0,1.7490000000000003,-1.5595334567848256,False,0.0,1.5595334567848256,12.377530567017505,0.0,False
372,,0.0,0.0,0.0,1.7490000000000003,,False,0.0,0.0,11.564567554657774,0.0,False
373,,0.0,0.0,0.0,1.7490000000000003,,False,0.0,0.0,11.564567554657774,0.0,False
374,,0.0,0.0,0.0,1.7490000000000003,,False,0.0,0.0,11.564567554657774,0.0,False
375,,0.0,0.0,0.0,1.7490000000000003,,False,0.0,0.0,11.564567554657774,0.0,False
376,,0.0,0.0,0.0,1.7490000000000003,,False,0.0,0.0,11.564567554657774,0.0,False
377,,0.0,0.0,0.0,1.7490000000000003,,False,0.0,0.0,11.564567554657774,0.0,False
378,,0.0,0.0,0.0,1.7490000000000003,,False,0.0,0.0,11.564567554657774,0.0,False
379,,0.0,0.0,0.0,1.7490000000000003,,False,0.0,0.0,11.564567554657774,0.0,False
380,,0.0,0.0,0.0,1.7490000000000003,,False,0.0,0.0,11.564567554657774,0.0,False
381,,0.0,0.0,0.0,1.7490000000000003,,False,0.0,0.0,11.564567554657774,0.0,False
382,,0.0,0.0,0.0,1.7490000000000003,,False,0.0,0.0,11.564567554657774,0.0,False
383,,0.0,0.0,0.0,1.7490000000000003,,False,0.0,0.0,11.564567554657774,0.0,False
384,,0.0,0.0,0.0,1.7490000000000003,,False,0.0,0.0,11.564567554657774,0.0,False
385,,0.0,0.0,0.0,1.7490000000000003,,False,0.0,0.0,11.564567554657774,0.0,False
386,,0.0,0.0,0.0,1.7490000000000003,,False,0.0,0.0,11.564567554657774,0.0,False
387,,0.0,0.0,0.0,1.7490000000000003,,False,0.0,0.0,11.564567554657774,0.0,False
388,,0.0,0.0,0.0,1.7490000000000003,,False,0.0,0.0,11.564567554657774,0.0,False
389,,0.0,0.0,0.0,1.7490000000000003,,False,0.0,0.0,11.564567554657774,0.0,False
390,,0.0,0.0,0.0,1.7490000000000003,,False,0.0,0.0,11.564567554657774,0.0,False
391,,0.0,0.0,0.0,1.7490000000000003,,False,0.0,0.0,11.564567554657774,0.0,False
392,,0.0,0.0,0.0,1.7490000000000003,,False,0.0,0.0,11.564567554657774,0.0,False
393,,0.0,0.0,0.0,1.7490000000000003,,False,0.0,0.0,11.564567554657774,0.0,False
394,,0.0,0.0,0.0,1.7490000000000003,,False,0.0,0.0,11.564567554657774,0.0,False
395,,0.0,0.0,0.0,1.7490000000000003,,False,0.0,0.0,11.564567554657774,0.0,False
396,,0.0,0.0,0.0,1.7490000000000003,,False,0.0,0.0,11.564567554657774,0.0,False
397,,0.0,0.0,0.0,1.7490000000000003,,False,0.0,0.0,11.564567554657774,0.0,False
398,,0.0,0.0,0.0,1.7490000000000003,,False,0.0,0.0,11.564567554657774,0.0,False
399,,0.0,0.0,0.0,1.7490000000000003,,False,0.0,0.0,11.564567554657774,0.0,False
400,,0.0,0.0,0.0,1.7490000000000003,,False,0.0,0.0,11.564567554657774,0.0,False
401,,0.0,0.0,0.0,1.7490000000000003,,False,0.0,0.0,11.564567554657774,0.0,False
402,,0.0,0.0,0.0,1.7490000000000003,,False,0.0,0.0,11.564567554657774,0.0,False
403,,0.0,0.0,0.0,1.7490000000000003,,False,0.0,0.0,11.564567554657774,0.0,False
404,,0.0,0.0,0.0,1.7490000000000003,,False,0.0,0.0,11.564567554657774,0.0,False
405,,0.0,0.0,0.0,1.7490000000000003,,False,0.0,0.0,11.564567554657774,0.0,False
406,,0.0,0.0,0.0,1.7490000000000003,,False,0.0,0.0,11.564567554657774,0.0,False
407,,0.0,0.0,0.0,1.7490000000000003,,False,0.0,0.0,11.564567554657774,0.0,False
408,,0.0,0.0,0.0,1.7490000000000003,,False,0.0,0.0,11.564567554657774,0.0,False
409,,0.0,0.0,0.0,1.7490000000000003,,False,0.0,0.0,11.564567554657774,0.0,False
410,,0.0,0.0,0.0,1.7490000000000003,,False,0.0,0.0,11.564567554657774,0.0,False
411,-1.6668957383214196,-1.6668957383214196,0.0,0.0,1.7490000000000003,-1.6668957383214196,False,0.0,1.6668957383214196,11.564567554657774,0.0,False
412,-1.817312703529906,-1.817312703529906,0.0,0.0,1.7490000000000003,-1.817312703529906,False,0.0,1.817312703529906,10.695638084231959,0.0,False
413,-1.8181381827409595,-1.8181381827409595,0.0,0.0,1.7490000000000003,-1.8181381827409595,False,0.0,1.8181381827409595,9.748298350394418,0.0,False
414,-1.8477884833842422,-1.8477884833842422,0.0,0.0,1.7490000000000003,-1.8477884833842422,False,0.0,1.8477884833842422,8.800528305771852,0.0,False
415,-1.9243436469256838,-1.9243436469256838,0.0,0.0,1.7490000000000003,-1.9243436469256838,False,0.0,1.9243436469256838,7.837301973486162,0.0,False
416,-2.015963356799617,-2.015963356799617,0.0,0.0,1.7490000000000003,-2.015963356799617,False,0.0,2.015963356799617,6.834168503528254,0.0,False
417,-2.0615938420312943,-2.0615938420312943,0.0,0.0,1.7490000000000003,-2.0615938420312943,False,0.0,2.0615938420312943,5.7832749582692395,0.0,False
418,-1.9863119988979203,-1.9863119988979203,0.0,0.0,1.7490000000000003,-1.9863119988979203,False,0.0,1.9863119988979203,4.708594878282168,0.0,False
419,-1.9800162480376486,-1.9800162480376486,0.0,0.0,1.7490000000000003,-1.9800162480376486,False,0.0,1.9800162480376486,3.673158171820326,0.0,False
420,-1.7111591184646266,-1.7111591184646266,0.0,0.0,1.7490000000000003,-1.7111591184646266,False,0.0,1.7111591184646266,2.641003352362681,0.0,False
421,2.171131398212286,2.171131398212286,2.171131398212286,0.0,1.7490000000000003,0.0,False,2.171131398212286,0.0,1.7490000000000003,0.0,False
422,,0.0,0.0,0.0,2.790238040080051,,False,0.0,0.0,2.790238040080051,0.0,False
423,,0.0,0.0,0.0,2.790238040080051,,False,0.0,0.0,2.790238040080051,0.0,False
424,,0.0,0.0,0.0,2.790238040080051,,False,0.0,0.0,2.790238040080051,0.0,False
425,,0.0,0.0,0.0,2.790238040080051,,False,0.0,0.0,2.790238040080051,0.0,False
426,,0.0,0.0,0.0,2.790238040080051,,False,0.0,0.0,2.790238040080051,0.0,False
427,,0.0,0.0,0.0,2.790238040080051,,False,0.0,0.0,2.790238040080051,0.0,False
428,,0.0,0.0,0.0,2.790238040080051,,False,0.0,0.0,2.790238040080051,0.0,False
429,,0.0,0.0,0.0,2.790238040080051,,False,0.0,0.0,2.790238040080051,0.0,False
430,,0.0,0.0,0.0,2.790238040080051,,False,0.0,0.0,2.790238040080051,0.0,False
431,,0.0,0.0,0.0,2.790238040080051,,False,0.0,0.0,2.790238040080051,0.0,False
432,,0.0,0.0,0.0,2.790238040080051,,False,0.0,0.0,2.790238040080051,0.0,False
433,,0.0,0.0,0.0,2.790238040080051,,False,0.0,0.0,2.790238040080051,0.0,False
434,,0.0,0.0,0.0,2.790238040080051,,False,0.0,0.0,2.790238040080051,0.0,False
435,,0.0,0.0,0.0,2.790238040080051,,False,0.0,0.0,2.790238040080051,0.0,False
436,,0.0,0.0,0.0,2.790238040080051,,False,0.0,0.0,2.790238040080051,0.0,False
437,,0.0,0.0,0.0,2.790238040080051,,False,0.0,0.0,2.790238040080051,0.0,False
438,,0.0,0.0,0.0,2.790238040080051,,False,0.0,0.0,2.790238040080051,0.0,False
439,,0.0,0.0,0.0,2.790238040080051,,False,0.0,0.0,2.790238040080051,0.0,False
440,,0.0,0.0,0.0,2.790238040080051,,False,0.0,0.0,2.790238040080051,0.0,False
441,,0.0,0.0,0.0,2.790238040080051,,False,0.0,0.0,2.790238040080051,0.0,False
442,,0.0,0.0,0.0,2.790238040080051,,False,0.0,0.0,2.790238040080051,0.0,False
443,,0.0,0.0,0.0,2.790238040080051,,False,0.0,0.0,2.790238040080051,0.0,False
444,,0.0,0.0,0.0,2.790238040080051,,False,0.0,0.0,2.790238040080051,0.0,False
445,,0.0,0.0,0.0,2.790238040080051,,False,0.0,0.0,2.790238040080051,0.0,False
446,,0.0,0.0,0.0,2.790238040080051,,False,0.0,0.0,2.790238040080051,0.0,False
447,,0.0,0.0,0.0,2.790238040080051,,False,0.0,0.0,2.790238040080051,0.0,False
448,-2.0585766293994894,-2.0585766293994894,0.0,1.9974408863553037,2.790238040080051,-0.061135743044185675,False,0.0,0.0,2.790238040080051,-2.0585766293994894,False
449,-1.6831635141635213,-1.6831635141635213,0.0,0.0,1.7490000000000003,-1.6831635141635213,False,0.0,0.0,2.790238040080051,-1.6831635141635213,False
450,-1.6005555204920656,-1.6005555204920656,0.0,0.0,1.7490000000000003,-1.6005555204920656,False,0.0,0.0,2.790238040080051,-1.6005555204920656,False
451,-2.092356437991399,-2.092356437991399,0.0,0.0,1.7490000000000003,-2.092356437991399,False,0.0,0.0,2.790238040080051,-2.092356437991399,False
452,-2.1134254067099767,-2.1134254067099767,0.0,0.0,1.7490000000000003,-2.1134254067099767,False,0.0,0.0,2.790238040080051,-2.1134254067099767,False
453,-1.7798592630005339,-1.7798592630005339,0.0,0.0,1.7490000000000003,-1.7798592630005339,False,0.0,0.0,2.790238040080051,-1.7798592630005339,False
454,-1.5496263158130756,-1.5496263158130756,0.0,0.0,1.7490000000000003,-1.5496263158130756,False,0.0,0.4590092869835896,2.790238040080051,-1.090617028829486,False
455,-1.5384315993717144,-1.5384315993717144,0.0,0.0,1.7490000000000003,-1.5384315993717144,False,0.0,1.5384315993717144,2.5509629087747037,0.0,False
456,1.9364029777547258,1.9364029777547258,1.9364029777547258,0.0,1.7490000000000003,0.0,False,1.9364029777547258,0.0,1.7490000000000003,0.0,False
457,9.339711080561594,9.339711080561594,8.745000000000001,0.0,2.6776662442552737,0.5947110805615932,False,8.745000000000001,0.0,2.6776662442552737,0.5947110805615932,False
458,,0.0,0.0,0.0,6.871620911392247,,False,0.0,0.0,6.871620911392247,0.0,False
459,,0.0,0.0,0.0,6.871620911392247,,False,0.0,0.0,6.871620911392247,0.0,False
460,,0.0,0.0,0.0,6.871620911392247,,False,0.0,0.0,6.871620911392247,0.0,False
461,,0.0,0.0,0.0,6.871620911392247,,False,0.0,0.0,6.871620911392247,0.0,False
462,,0.0,0.0,0.0,6.871620911392247,,False,0.0,0.0,6.871620911392247,0.0,False
463,,0.0,0.0,0.0,6.871620911392247,,False,0.0,0.0,6.871620911392247,0.0,False
464,,0.0,0.0,0.0,6.871620911392247,,False,0.0,0.0,6.871620911392247,0.0,False
465,,0.0,0.0,0.0,6.871620911392247,,False,0.0,0.0,6.871620911392247,0.0,False
466,,0.0,0.0,0.0,6.871620911392247,,False,0.0,0.0,6.871620911392247,0.0,False
467,,0.0,0.0,0.0,6.871620911392247,,False,0.0,0.0,6.871620911392247,0.0,False
468,,0.0,0.0,0.0,6.871620911392247,,False,0.0,0.0,6.871620911392247,0.0,False
469,,0.0,0.0,0.0,6.871620911392247,,False,0.0,0.0,6.871620911392247,0.0,False
470,,0.0,0.0,0.0,6.871620911392247,,False,0.0,0.0,6.871620911392247,0.0,False
471,,0.0,0.0,0.0,6.871620911392247,,False,0.0,0.0,6.871620911392247,0.0,False
472,,0.0,0.0,0.0,6.871620911392247,,False,0.0,0.0,6.871620911392247,0.0,False
473,,0.0,0.0,0.0,6.871620911392247,,False,0.0,0.0,6.871620911392247,0.0,False
474,,0.0,0.0,0.0,6.871620911392247,,False,0.0,0.0,6.871620911392247,0.0,False
475,,0.0,0.0,0.0,6.871620911392247,,False,0.0,0.0,6.871620911392247,0.0,False
476,,0.0,0.0,0.0,6.871620911392247,,False,0.0,0.0,6.871620911392247,0.0,False
477,,0.0,0.0,0.0,6.871620911392247,,False,0.0,0.0,6.871620911392247,0.0,False
478,,0.0,0.0,0.0,6.871620911392247,,False,0.0,0.0,6.871620911392247,0.0,False
479,,0.0,0.0,0.0,6.871620911392247,,False,0.0,0.0,6.871620911392247,0.0,False
480,,0.0,0.0,0.0,6.871620911392247,,False,0.0,0.0,6.871620911392247,0.0,False
481,,0.0,0.0,0.0,6.871620911392247,,False,0.0,0.0,6.871620911392247,0.0,False
482,,0.0,0.0,0.0,6.871620911392247,,False,0.0,0.0,6.871620911392247,0.0,False
483,,0.0,0.0,0.0,6.871620911392247,,False,0.0,0.0,6.871620911392247,0.0,False
484,-4.38105237460242,-4.38105237460242,0.0,4.38105237460242,6.871620911392247,0.0,False,0.0,0.0,6.871620911392247,-4.38105237460242,False
485,-2.048323181641537,-2.048323181641537,0.0,2.048323181641537,4.587839489283298,0.0,False,0.0,0.0,6.871620911392247,-2.048323181641537,False
486,-6.595338018047962,-6.595338018047962,0.0,3.397515183290392,3.520077219234528,-3.19782283475757,False,0.0,0.0,6.871620911392247,-6.595338018047962,False
487,-11.40559026116214,-11.40559026116214,0.0,0.0,1.7490000000000003,-11.40559026116214,False,0.0,0.0,6.871620911392247,-11.40559026116214,False
488,0.3322965818594096,0.3322965818594096,0.3322965818594096,0.0,1.7490000000000003,0.0,False,0.3322965818594096,0.0,6.871620911392247,0.0,False
489,6.816870209457907,6.816870209457907,6.816870209457907,0.0,1.9083638422370426,0.0,False,6.816870209457907,0.0,7.030984753629289,0.0,False
490,-4.768482490454127,-4.768482490454127,0.0,4.768482490454127,5.177619946322004,0.0,False,0.0,4.768482490454127,10.30024085771425,0.0,False
491,-3.42528027448879,-3.42528027448879,0.0,1.8087509575578051,2.691876615225847,-1.6165293169309847,False,0.0,3.42528027448879,7.814497526618093,0.0,False
492,3.0970710589047488,3.0970710589047488,3.0970710589047488,0.0,1.7490000000000003,0.0,False,3.0970710589047488,0.0,6.028946753077378,0.0,False
493,0.986822266864375,0.986822266864375,0.986822266864375,0.0,3.23430310142349,0.0,False,0.986822266864375,0.0,7.514249854500868,0.0,False
494,3.1933965700119242,3.1933965700119242,3.1933965700119242,0.0,3.707566434956999,0.0,False,3.1933965700119242,0.0,7.987513188034376,0.0,False
495,4.426647408883853,4.426647408883853,4.426647408883853,0.0,5.239065628647189,0.0,False,4.426647408883853,0.0,9.519012381724567,0.0,False
496,-1.7565364746944416,-1.7565364746944416,0.0,1.7565364746944416,7.362011147258764,0.0,False,0.0,0.0,11.641957900336141,-1.7565364746944416,False
497,-4.341901457155216,-4.341901457155216,0.0,4.341901457155216,6.446353212781786,0.0,False,0.0,0.0,11.641957900336141,-4.341901457155216,False
498,-5.774664129562291,-5.774664129562291,0.0,4.669184388442052,4.182980617201089,-1.1054797411202388,False,0.0,0.0,11.641957900336141,-5.774664129562291,False
499,-7.67896842705233,-7.67896842705233,0.0,4.2595540635239357e-16,1.7490000000000006,-7.67896842705233,False,0.0,6.65743965417617,11.641957900336141,-1.0215287728761595,False
500,-3.6010375490236233,-3.6010375490236233,0.0,0.0,1.7490000000000003,-3.6010375490236233,False,0.0,3.6010375490236233,8.171527578808945,0.0,False
501,6.015896569419308,6.015896569419308,6.015896569419308,0.0,1.7490000000000003,0.0,False,6.015896569419308,0.0,6.294356992478481,0.0,False
502,3.5380007241776097,3.5380007241776097,3.5380007241776097,0.0,4.634122640860997,0.0,False,3.5380007241776097,0.0,9.179479633339477,0.0,False
503,-5.587798733209693,-5.587798733209693,0.0,5.587798733209693,6.330888181112417,0.0,False,0.0,5.587798733209693,10.876245173590899,0.0,False
504,-4.754113482863101,-4.754113482863101,0.0,3.2017867768994703,3.418046734302208,-1.5523267059636305,False,0.0,4.754113482863101,7.9634037267806885,0.0,False
505,-2.0495510530551537,-2.0495510530551537,0.0,0.0,1.7490000000000003,-2.0495510530551537,False,0.0,2.0495510530551537,5.485150758680592,0.0,False
506,-0.14102375589023833,-0.14102375589023833,0.0,0.0,1.7490000000000003,-0.14102375589023833,False,0.0,0.14102375589023833,4.416748416410952,0.0,False
507,4.785758477714083,4.785758477714083,4.785758477714083,0.0,1.7490000000000003,0.0,False,4.785758477714083,0.0,4.3432347018419994,0.0,False
508,2.2551177679240686,2.2551177679240686,2.2551177679240686,0.0,4.04416913703823,0.0,False,2.2551177679240686,0.0,6.638403838880229,0.0,False
509,-4.1229513723779805,-4.1229513723779805,0.0,4.1229513723779805,5.125685625057517,0.0,False,0.0,4.1229513723779805,7.719920326899516,0.0,False
510,-5.26181509468402,-5.26181509468402,0.0,2.3546547736091203,2.9764486510644996,-2.9071603210748997,False,0.0,5.26181509468402,5.5706833529064985,0.0,False
511,-1.4896123930308276,-1.4896123930308276,0.0,0.0,1.7490000000000003,-1.4896123930308276,False,0.0,1.4896123930308276,2.827772624544724,0.0,False
512,2.726429839381166,2.726429839381166,2.726429839381166,0.0,1.7490000000000003,0.0,False,2.726429839381166,0.0,2.051258486282274,0.0,False
513,-0.4896129610009077,-0.4896129610009077,0.0,0.4896129610009077,3.0565498169804632,0.0,False,0.0,0.4896129610009077,3.358808303262737,0.0,False
514,-2.59853480191029,-2.59853480191029,0.0,2.018702491229765,2.801321417785829,-0.579832310680525,False,0.0,2.59853480191029,3.103579904068103,0.0,False
515,7.940327254335018,7.940327254335018,7.940327254335018,0.0,1.7490000000000003,0.0,False,0.0,0.0,1.7490000000000003,7.940327254335018,False
516,17.28297303589865,17.28297303589865,8.745000000000001,0.0,5.557047175175902,8.537973035898649,False,0.0,0.0,1.7490000000000003,17.28297303589865,False
517,18.514957700694815,18.514957700694815,8.745000000000001,0.0,9.751001842312876,9.769957700694814,False,2.9403368148659013,0.0,1.7490000000000003,15.574620885828914,False
518,13.979483508861778,13.979483508861778,3.7450095605308835,0.0,13.944956509449849,10.234473948330894,False,8.745000000000001,0.0,3.159135998589081,5.234483508861777,False
519,12.99447108650821,12.99447108650821,0.0,0.0,15.741000000000001,12.99447108650821,False,8.745000000000001,0.0,7.353090665726055,4.249471086508208,False
520,13.8058150411488,13.8058150411488,0.0,0.0,15.741000000000001,13.8058150411488,False,8.745000000000001,0.0,11.547045332863028,5.0608150411488,False
521,6.47149711623233,6.47149711623233,0.0,0.0,15.741000000000001,6.47149711623233,False,0.0,0.0,15.741000000000001,6.47149711623233,False
522,-4.559931928244994,-4.559931928244994,0.0,4.559931928244994,15.741000000000001,0.0,False,0.0,4.559931928244994,15.741000000000001,0.0,False
523,2.3567855384613354,2.3567855384613354,2.3567855384613354,0.0,13.36397116460462,0.0,False,0.0,0.0,13.36397116460462,2.3567855384613354,False
524,-3.1586832520864006,-3.1586832520864006,0.0,3.1586832520864006,14.494245802508662,0.0,False,0.0,3.1586832520864006,13.36397116460462,0.0,False
525,-9.817678020943712,-9.817678020943712,0.0,8.745000000000001,12.847668333756934,-1.0726780209437106,False,0.0,8.745000000000001,11.717393695852893,-1.0726780209437106,False
526,-6.583001587571577,-6.583001587571577,0.0,6.583001587571577,8.289021956434137,0.0,False,0.0,6.583001587571577,7.158747318530096,0.0,False
527,-3.3027869617682244,-3.3027869617682244,0.0,3.3027869617682244,4.857395159510936,0.0,False,0.0,3.3027869617682244,3.727120521606895,0.0,False
528,11.09034868293886,11.09034868293886,8.745000000000001,0.0,3.1356984392898175,2.345348682938859,False,0.0,0.0,2.005423801385777,11.09034868293886,False
529,11.244356866397919,11.244356866397919,8.745000000000001,0.0,7.329653106426791,2.4993568663979175,False,6.550708511598032,0.0,2.005423801385777,4.693648354799887,False
530,24.01097521009942,24.01097521009942,8.745000000000001,0.0,11.523607773563764,15.26597521009942,False,8.745000000000001,0.0,5.147033239381256,15.26597521009942,False
531,26.803652039679665,26.803652039679665,0.048870689442136406,0.0,15.717562440700739,26.75478135023753,True,8.745000000000001,0.0,9.34098790651823,18.058652039679664,True
532,6.002796709170055,6.002796709170055,0.0,0.0,15.741000000000001,6.002796709170055,False,0.0,0.0,13.534942573655202,6.002796709170055,False
533,1.0961775915715426,1.0961775915715426,0.0,0.0,15.741000000000001,1.0961775915715426,False,1.0961775915715426,0.0,13.534942573655202,0.0,False
534,3.503770124733899,3.503770124733899,0.0,0.0,15.741000000000001,3.503770124733899,False,3.503770124733899,0.0,14.060650878535984,0.0,False
535,-2.8150655226444297,-2.8150655226444297,0.0,2.8150655226444297,15.741000000000001,0.0,False,0.0,2.8150655226444297,15.741000000000001,0.0,False
536,6.540048387590082,6.540048387590082,3.0598538289613373,0.0,14.27354565503381,3.480194558628745,False,0.0,0.0,14.27354565503381,6.540048387590082,False
537,21.99177604352738,21.99177604352738,0.0,0.0,15.741000000000001,21.99177604352738,True,0.0,0.0,14.27354565503381,21.99177604352738,True
538,24.60960909083024,24.60960909083024,0.0,0.0,15.741000000000001,24.60960909083024,True,0.0,0.0,14.27354565503381,24.60960909083024,True
539,19.00290388374945,19.00290388374945,0.0,0.0,15.741000000000001,19.00290388374945,True,0.0,0.0,14.27354565503381,19.00290388374945,True
540,11.835164061599297,11.835164061599297,0.0,0.0,15.741000000000001,11.835164061599297,False,3.0598538289613373,0.0,14.27354565503381,8.77531023263796,False
541,7.088274915551365,7.088274915551365,0.0,0.0,15.741000000000001,7.088274915551365,False,0.0,0.0,15.741000000000001,7.088274915551365,False
542,3.8255806969638844,3.8255806969638844,0.0,0.0,15.741000000000001,3.8255806969638844,False,0.0,0.0,15.741000000000001,3.8255806969638844,False
543,-0.8064625514422336,-0.8064625514422336,0.0,0.8064625514422336,15.741000000000001,0.0,False,0.0,0.0,15.741000000000001,-0.8064625514422336,False
544,-14.764880470614807,-14.764880470614807,0.0,8.745000000000001,15.320602334067624,-6.019880470614806,False,0.0,5.967081653902186,15.741000000000001,-8.797798816712621,False
545,-35.8819338965133,-35.8819338965133,0.0,8.745000000000001,10.761955956744828,-27.136933896513302,True,0.0,8.745000000000001,12.630443663264664,-27.136933896513302,True
546,-29.40543032501215,-29.40543032501215,0.0,8.544847318234398,6.20330957942203,-20.860583006777752,True,0.0,8.745000000000001,8.071797285941866,-20.66043032501215,True
547,-3.3842282157744394,-3.3842282157744394,0.0,4.2595540635239357e-16,1.7490000000000006,-3.384228215774439,False,0.0,3.3842282157744394,3.5131509086190675,0.0,False
548,12.53588940327398,12.53588940327398,8.745000000000001,0.0,1.7490000000000003,3.7908894032739795,False,0.0,0.0,1.7490000000000003,12.53588940327398,False
549,19.127241495886953,19.127241495886953,8.745000000000001,0.0,5.942954667136974,10.382241495886952,False,2.9403368148659013,0.0,1.7490000000000003,16.18690468102105,False
550,12.13364498952157,12.13364498952157,8.745000000000001,0.0,10.136909334273948,3.38864498952157,False,8.745000000000001,0.0,3.159135998589081,3.38864498952157,False
551,5.747359928189636,5.747359928189636,2.940336814865897,0.0,14.330864001410923,2.807023113323739,False,0.0,0.0,7.353090665726055,5.747359928189636,False
552,15.942414490662257,15.942414490662257,0.0,0.0,15.741000000000001,15.942414490662257,False,8.745000000000001,0.0,7.353090665726055,7.197414490662256,False
553,13.25661258234384,13.25661258234384,0.0,0.0,15.741000000000001,13.25661258234384,False,8.745000000000001,0.0,11.547045332863028,4.511612582343838,False
554,-3.1624208223604575,-3.1624208223604575,0.0,3.1624208223604575,15.741000000000001,0.0,False,0.0,0.0,15.741000000000001,-3.1624208223604575,False
555,-2.9511003130659144,-2.9511003130659144,0.0,2.9511003130659144,14.092474188059043,0.0,False,0.0,2.8923715796409977,15.741000000000001,-0.05872873342491669,False
556,-1.664882051939823,-1.664882051939823,0.0,1.664882051939823,12.554106806552571,0.0,False,0.0,1.664882051939823,14.233247087089556,0.0,False
557,-5.0570856165442555,-5.0570856165442555,0.0,5.0570856165442555,11.68622704271664,0.0,False,0.0,5.0570856165442555,13.365367323253624,0.0,False
558,-1.5798676317801803,-1.5798676317801803,0.0,1.5798676317801803,9.050038932291175,0.0,False,0.0,1.5798676317801803,10.729179212828159,0.0,False
559,-4.616142396676338,-4.616142396676338,0.0,4.616142396676338,8.226475998470217,0.0,False,0.0,4.616142396676338,9.905616279007202,0.0,False
560,-13.408756353115889,-13.408756353115889,0.0,7.809811037309663,5.820145430852749,-5.598945315806226,False,0.0,8.745000000000001,7.499285711389734,-4.663756353115888,False
561,-2.285960593095037,-2.285960593095037,0.0,4.2595540635239357e-16,1.7490000000000006,-2.2859605930950364,False,0.0,2.285960593095037,2.940639334066937,0.0,False
562,15.447911381562955,15.447911381562955,8.745000000000001,0.0,1.7490000000000003,6.702911381562954,False,8.745000000000001,0.0,1.7490000000000003,6.702911381562954,False
563,6.612687025223193,6.612687025223193,6.612687025223193,0.0,5.942954667136974,0.0,False,6.612687025223193,0.0,5.942954667136974,0.0,False
564,-4.806954366413779,-4.806954366413779,0.0,4.806954366413779,9.114287956073614,0.0,False,0.0,4.806954366413779,9.114287956073614,0.0,False
565,5.311685510591527,5.311685510591527,5.311685510591527,0.0,6.6084897732939485,0.0,False,5.311685510591527,0.0,6.6084897732939485,0.0,False
566,4.605591674786672,4.605591674786672,4.605591674786672,0.0,9.155884654655775,0.0,False,4.605591674786672,0.0,9.155884654655775,0.0,False
567,-5.189545491832287,-5.189545491832287,0.0,5.189545491832287,11.364648828400629,0.0,False,0.0,5.189545491832287,11.364648828400629,0.0,False
568,-9.57057425520462,-9.57057425520462,0.0,8.745000000000001,8.659411234770772,-0.8255742552046197,False,0.0,8.745000000000001,8.659411234770772,-0.8255742552046197,False
569,2.731066385378599,2.731066385378599,2.731066385378599,0.0,4.100764857447975,0.0,False,0.0,0.0,4.100764857447975,2.731066385378599,False
570,26.60718999003098,26.60718999003098,8.745000000000001,0.0,5.410538283773816,17.86218999003098,True,6.781568102358059,0.0,4.100764857447975,19.825621887672924,True
571,27.41464683660696,27.41464683660696,8.745000000000001,0.0,9.604492950910789,18.669646836606958,True,8.745000000000001,0.0,7.353090665726055,18.669646836606958,True
572,18.304671713074157,18.304671713074157,4.050501716979458,0.0,13.798447618047764,14.2541699960947,False,8.745000000000001,0.0,11.547045332863028,9.559671713074156,False
573,-8.181700487082557,-8.181700487082557,0.0,8.181700487082557,15.741000000000001,0.0,False,0.0,0.0,15.741000000000001,-8.181700487082557,False
574,-34.138078401356545,-34.138078401356545,0.0,8.745000000000001,11.475993792363745,-25.393078401356544,True,0.0,0.0,15.741000000000001,-34.138078401356545,True
575,-26.399621917340546,-26.399621917340546,0.0,8.745000000000001,6.917347415040948,-17.654621917340545,True,0.0,0.0,15.741000000000001,-26.399621917340546,True
576,,0.0,0.0,0.0,2.3587010377181503,,False,0.0,0.0,15.741000000000001,0.0,False
577,,0.0,0.0,0.0,2.3587010377181503,,False,0.0,0.0,15.741000000000001,0.0,False
578,,0.0,0.0,0.0,2.3587010377181503,,False,0.0,0.0,15.741000000000001,0.0,False
579,,0.0,0.0,0.0,2.3587010377181503,,False,0.0,0.0,15.741000000000001,0.0,False
580,,0.0,0.0,0.0,2.3587010377181503,,False,0.0,0.0,15.741000000000001,0.0,False
581,,0.0,0.0,0.0,2.3587010377181503,,False,0.0,0.0,15.741000000000001,0.0,False
582,,0.0,0.0,0.0,2.3587010377181503,,False,0.0,0.0,15.741000000000001,0.0,False
583,,0.0,0.0,0.0,2.3587010377181503,,False,0.0,0.0,15.741000000000001,0.0,False
584,,0.0,0.0,0.0,2.3587010377181503,,False,0.0,0.0,15.741000000000001,0.0,False
585,,0.0,0.0,0.0,2.3587010377181503,,False,0.0,0.0,15.741000000000001,0.0,False
586,,0.0,0.0,0.0,2.3587010377181503,,False,0.0,0.0,15.741000000000001,0.0,False
587,,0.0,0.0,0.0,2.3587010377181503,,False,0.0,0.0,15.741000000000001,0.0,False
588,,0.0,0.0,0.0,2.3587010377181503,,False,0.0,0.0,15.741000000000001,0.0,False
589,,0.0,0.0,0.0,2.3587010377181503,,False,0.0,0.0,15.741000000000001,0.0,False
590,,0.0,0.0,0.0,2.3587010377181503,,False,0.0,0.0,15.741000000000001,0.0,False
591,,0.0,0.0,0.0,2.3587010377181503,,False,0.0,0.0,15.741000000000001,0.0,False
592,,0.0,0.0,0.0,2.3587010377181503,,False,0.0,0.0,15.741000000000001,0.0,False
593,,0.0,0.0,0.0,2.3587010377181503,,False,0.0,0.0,15.741000000000001,0.0,False
594,,0.0,0.0,0.0,2.3587010377181503,,False,0.0,0.0,15.741000000000001,0.0,False
595,,0.0,0.0,0.0,2.3587010377181503,,False,0.0,0.0,15.741000000000001,0.0,False
596,,0.0,0.0,0.0,2.3587010377181503,,False,0.0,0.0,15.741000000000001,0.0,False
597,,0.0,0.0,0.0,2.3587010377181503,,False,0.0,0.0,15.741000000000001,0.0,False
598,,0.0,0.0,0.0,2.3587010377181503,,False,0.0,0.0,15.741000000000001,0.0,False
599,,0.0,0.0,0.0,2.3587010377181503,,False,0.0,0.0,15.741000000000001,0.0,False
600,,0.0,0.0,0.0,2.3587010377181503,,False,0.0,0.0,15.741000000000001,0.0,False
601,,0.0,0.0,0.0,2.3587010377181503,,False,0.0,0.0,15.741000000000001,0.0,False
602,,0.0,0.0,0.0,2.3587010377181503,,False,0.0,0.0,15.741000000000001,0.0,False
603,,0.0,0.0,0.0,2.3587010377181503,,False,0.0,0.0,15.741000000000001,0.0,False
604,-0.7753935744115201,-0.7753935744115201,0.0,0.7753935744115201,2.3587010377181503,0.0,False,0.0,0.0,15.741000000000001,-0.7753935744115201,False
605,-1.196498679859873,-1.196498679859873,0.0,0.3942158081825524,1.954499195638053,-0.8022828716773205,False,0.0,0.0,15.741000000000001,-1.196498679859873,False
606,-1.7499627584417252,-1.7499627584417252,0.0,0.0,1.7490000000000003,-1.7499627584417252,False,0.0,0.0,15.741000000000001,-1.7499627584417252,False
607,-2.0880856911623416,-2.0880856911623416,0.0,0.0,1.7490000000000003,-2.0880856911623416,False,0.0,0.0,15.741000000000001,-2.0880856911623416,False
608,-1.7213725670498286,-1.7213725670498286,0.0,0.0,1.7490000000000003,-1.7213725670498286,False,0.0,0.0,15.741000000000001,-1.7213725670498286,False
609,-1.5502258486695295,-1.5502258486695295,0.0,0.0,1.7490000000000003,-1.5502258486695295,False,0.0,0.0,15.741000000000001,-1.5502258486695295,False
610,-2.0635921968541475,-2.0635921968541475,0.0,0.0,1.7490000000000003,-2.0635921968541475,False,0.0,0.0,15.741000000000001,-2.0635921968541475,False
611,-2.335071225852988,-2.335071225852988,0.0,0.0,1.7490000000000003,-2.335071225852988,False,0.0,0.0,15.741000000000001,-2.335071225852988,False
612,-2.1392634293982256,-2.1392634293982256,0.0,0.0,1.7490000000000003,-2.1392634293982256,False,0.0,0.0,15.741000000000001,-2.1392634293982256,False
613,-1.954241364402127,-1.954241364402127,0.0,0.0,1.7490000000000003,-1.954241364402127,False,0.0,0.26051776307686064,15.741000000000001,-1.6937236013252663,False
614,-1.9753542054096795,-1.9753542054096795,0.0,0.0,1.7490000000000003,-1.9753542054096795,False,0.0,1.9753542054096795,15.605195728201423,0.0,False
615,-1.970552910742567,-1.970552910742567,0.0,0.0,1.7490000000000003,-1.970552910742567,False,0.0,1.970552910742567,14.575471166460979,0.0,False
616,-1.9763455167835269,-1.9763455167835269,0.0,0.0,1.7490000000000003,-1.9763455167835269,False,0.0,1.9763455167835269,13.548249452581105,0.0,False
617,-1.9734373792898323,-1.9734373792898323,0.0,0.0,1.7490000000000003,-1.9734373792898323,False,0.0,1.9734373792898323,12.518008134064996,0.0,False
618,-1.967914848992508,-1.967914848992508,0.0,0.0,1.7490000000000003,-1.967914848992508,False,0.0,1.967914848992508,11.489282787012623,0.0,False
619,-1.9633871385229245,-1.9633871385229245,0.0,0.0,1.7490000000000003,-1.9633871385229245,False,0.0,1.9633871385229245,10.463436257882899,0.0,False
620,-1.9723447731154344,-1.9723447731154344,0.0,0.0,1.7490000000000003,-1.9723447731154344,False,0.0,1.9723447731154344,9.439949960992138,0.0,False
621,-1.9838793915782138,-1.9838793915782138,0.0,0.0,1.7490000000000003,-1.9838793915782138,False,0.0,1.9838793915782138,8.411794174280391,0.0,False
622,-1.9790753090369706,-1.9790753090369706,0.0,0.0,1.7490000000000003,-1.9790753090369706,False,0.0,1.9790753090369706,7.377625552043298,0.0,False
623,-1.971297329977256,-1.971297329977256,0.0,0.0,1.7490000000000003,-1.971297329977256,False,0.0,1.971297329977256,6.345961230946628,0.0,False
624,-1.820293721894964,-1.820293721894964,0.0,0.0,1.7490000000000003,-1.820293721894964,False,0.0,1.820293721894964,5.3183514617154195,0.0,False
625,-1.7019073815156407,-1.7019073815156407,0.0,0.0,1.7490000000000003,-1.7019073815156407,False,0.0,1.7019073815156407,4.369457764633669,0.0,False
626,-1.770423550844656,-1.770423550844656,0.0,0.0,1.7490000000000003,-1.770423550844656,False,0.0,1.770423550844656,3.4822772135433087,0.0,False
627,-1.554578648895596,-1.554578648895596,0.0,0.0,1.7490000000000003,-1.554578648895596,False,0.0,1.554578648895596,2.5593801402002607,0.0,False
628,0.8548883973133143,0.8548883973133143,0.8548883973133143,0.0,1.7490000000000003,0.0,False,0.8548883973133143,0.0,1.7490000000000003,0.0,False
629,4.5620649842610135,4.5620649842610135,4.5620649842610135,0.0,2.1589900724749485,0.0,False,4.5620649842610135,0.0,2.1589900724749485,0.0,False
630,7.877221694574746,7.877221694574746,7.877221694574746,0.0,4.34687957876696,0.0,False,7.877221694574746,0.0,4.34687957876696,0.0,False
631,3.8383622428519475,3.8383622428519475,3.8383622428519475,0.0,8.124662390663401,0.0,False,3.8383622428519475,0.0,8.124662390663401,0.0,False
632,-4.451728306872155,-4.451728306872155,0.0,4.451728306872155,9.96547625487967,0.0,False,0.0,0.0,9.96547625487967,-4.451728306872155,False
633,-9.19703934826016,-9.19703934826016,0.0,8.745000000000001,7.6448524562578175,-0.45203934826015946,False,0.0,0.0,9.96547625487967,-9.19703934826016,False
634,-8.868716798771692,-8.868716798771692,0.0,2.5652060266087857,3.08620607893502,-6.303510772162905,False,0.0,2.912830412815378,9.96547625487967,-5.955886385956314,False
635,-5.0762826834434325,-5.0762826834434325,0.0,0.0,1.7490000000000003,-5.0762826834434325,False,0.0,5.0762826834434325,8.447058437940106,0.0,False
636,-2.847870965729775,-2.847870965729775,0.0,0.0,1.7490000000000003,-2.847870965729775,False,0.0,2.847870965729775,5.800863164624399,0.0,False
637,0.5873768332654915,0.5873768332654915,0.5873768332654915,0.0,1.7490000000000003,0.0,False,0.5873768332654915,0.0,4.31630780030115,0.0,False
638,1.9167456667668157,1.9167456667668157,1.9167456667668157,0.0,2.030696033303825,0.0,False,1.9167456667668157,0.0,4.598003833604975,0.0,False
639,-1.6367326559789883,-1.6367326559789883,0.0,1.6367326559789883,2.94993496238916,0.0,False,0.0,0.0,5.5172427626903096,-1.6367326559789883,False
640,-5.316017296822816,-5.316017296822816,0.0,0.6670600440507345,2.096729085565314,-4.648957252772081,False,0.0,0.0,5.5172427626903096,-5.316017296822816,False
641,-5.639614801925518,-5.639614801925518,0.0,0.0,1.7490000000000003,-5.639614801925518,False,0.0,0.0,5.5172427626903096,-5.639614801925518,False
642,-4.102686649378686,-4.102686649378686,0.0,0.0,1.7490000000000003,-4.102686649378686,False,0.0,0.0,5.5172427626903096,-4.102686649378686,False
643,-2.7205846415114086,-2.7205846415114086,0.0,0.0,1.7490000000000003,-2.7205846415114086,False,0.0,0.0,5.5172427626903096,-2.7205846415114086,False
644,-1.991275939960744,-1.991275939960744,0.0,0.0,1.7490000000000003,-1.991275939960744,False,0.0,0.0,5.5172427626903096,-1.991275939960744,False
645,-1.953112059380251,-1.953112059380251,0.0,0.0,1.7490000000000003,-1.953112059380251,False,0.0,0.0,5.5172427626903096,-1.953112059380251,False
646,-1.719889536943052,-1.719889536943052,0.0,0.0,1.7490000000000003,-1.719889536943052,False,0.0,0.0,5.5172427626903096,-1.719889536943052,False
647,-1.5064425268095478,-1.5064425268095478,0.0,0.0,1.7490000000000003,-1.5064425268095478,False,0.0,0.0,5.5172427626903096,-1.5064425268095478,False
648,-1.487585584926737,-1.487585584926737,0.0,0.0,1.7490000000000003,-1.487585584926737,False,0.0,0.0,5.5172427626903096,-1.487585584926737,False
649,-1.690153702432548,-1.690153702432548,0.0,0.0,1.7490000000000003,-1.690153702432548,False,0.0,0.0,5.5172427626903096,-1.690153702432548,False
650,-1.69198149672516,-1.69198149672516,0.0,0.0,1.7490000000000003,-1.69198149672516,False,0.0,0.0,5.5172427626903096,-1.69198149672516,False
651,-0.8633866474407672,-0.8633866474407672,0.0,0.0,1.7490000000000003,-0.8633866474407672,False,0.0,0.0,5.5172427626903096,-0.8633866474407672,False
652,-0.9761453210876313,-0.9761453210876313,0.0,0.0,1.7490000000000003,-0.9761453210876313,False,0.0,0.0,5.5172427626903096,-0.9761453210876313,False
653,-1.4900307053239006,-1.4900307053239006,0.0,0.0,1.7490000000000003,-1.4900307053239006,False,0.0,0.0,5.5172427626903096,-1.4900307053239006,False
654,-1.7227749167089008,-1.7227749167089008,0.0,0.0,1.7490000000000003,-1.7227749167089008,False,0.0,0.0,5.5172427626903096,-1.7227749167089008,False
655,-2.1595564299062655,-2.1595564299062655,0.0,0.0,1.7490000000000003,-2.1595564299062655,False,0.0,0.0,5.5172427626903096,-2.1595564299062655,False
656,-2.1151186886992632,-2.1151186886992632,0.0,0.0,1.7490000000000003,-2.1151186886992632,False,0.0,0.0,5.5172427626903096,-2.1151186886992632,False
657,-1.9610444882408762,-1.9610444882408762,0.0,0.0,1.7490000000000003,-1.9610444882408762,False,0.0,0.0,5.5172427626903096,-1.9610444882408762,False
658,-1.8907872836469644,-1.8907872836469644,0.0,0.0,1.7490000000000003,-1.8907872836469644,False,0.0,0.0,5.5172427626903096,-1.8907872836469644,False
659,-1.708951262071685,-1.708951262071685,0.0,0.0,1.7490000000000003,-1.708951262071685,False,0.0,0.0,5.5172427626903096,-1.708951262071685,False
660,-1.617698650858272,-1.617698650858272,0.0,0.0,1.7490000000000003,-1.617698650858272,False,0.0,0.0,5.5172427626903096,-1.617698650858272,False
661,-1.8105274962423439,-1.8105274962423439,0.0,0.0,1.7490000000000003,-1.8105274962423439,False,0.0,0.0,5.5172427626903096,-1.8105274962423439,False
662,-1.9366783634016616,-1.9366783634016616,0.0,0.0,1.7490000000000003,-1.9366783634016616,False,0.0,0.0,5.5172427626903096,-1.9366783634016616,False
663,-2.013175358491554,-2.013175358491554,0.0,0.0,1.7490000000000003,-2.013175358491554,False,0.0,0.0,5.5172427626903096,-2.013175358491554,False
664,-2.004658709794024,-2.004658709794024,0.0,0.0,1.7490000000000003,-2.004658709794024,False,0.0,0.0,5.5172427626903096,-2.004658709794024,False
665,-1.4837988709379695,-1.4837988709379695,0.0,0.0,1.7490000000000003,-1.4837988709379695,False,0.0,0.0,5.5172427626903096,-1.4837988709379695,False
666,-0.7390245058586753,-0.7390245058586753,0.0,0.0,1.7490000000000003,-0.7390245058586753,False,0.0,0.0,5.5172427626903096,-0.7390245058586753,False
667,-1.4965624897809597,-1.4965624897809597,0.0,0.0,1.7490000000000003,-1.4965624897809597,False,0.0,0.0,5.5172427626903096,-1.4965624897809597,False
668,-2.5806565009156697,-2.5806565009156697,0.0,0.0,1.7490000000000003,-2.5806565009156697,False,0.0,0.0,5.5172427626903096,-2.5806565009156697,False
669,-2.3604847186242406,-2.3604847186242406,0.0,0.0,1.7490000000000003,-2.3604847186242406,False,0.0,0.0,5.5172427626903096,-2.3604847186242406,False
670,0.07183568091209667,0.07183568091209667,0.07183568091209667,0.0,1.7490000000000003,0.0,False,0.07183568091209667,0.0,5.5172427626903096,0.0,False
671,2.0697809800972173,2.0697809800972173,2.0697809800972173,0.0,1.783451182301687,0.0,False,2.0697809800972173,0.0,5.551693944991996,0.0,False
672,-1.4485489659464321,-1.4485489659464321,0.0,1.4485489659464321,2.77608326937202,0.0,False,0.0,1.4485489659464321,6.544326032062329,0.0,False
673,-3.878128189118464,-3.878128189118464,0.0,0.5217383621821369,2.0209749222037656,-3.356389826936327,False,0.0,3.878128189118464,5.789217684894074,0.0,False
674,-2.5959281221084898,-2.5959281221084898,0.0,0.0,1.7490000000000003,-2.5959281221084898,False,0.0,2.5959281221084898,3.7676036174134215,0.0,False
675,-1.2764250224772598,-1.2764250224772598,0.0,0.0,1.7490000000000003,-1.2764250224772598,False,0.0,1.2764250224772598,2.414382539124086,0.0,False
676,2.4647185926271518,2.4647185926271518,2.4647185926271518,0.0,1.7490000000000003,0.0,False,0.0,0.0,1.7490000000000003,2.4647185926271518,False
677,29.37513361884824,29.37513361884824,8.745000000000001,0.0,2.931037512261626,20.630133618848237,True,0.0,0.0,1.7490000000000003,29.37513361884824,True
678,67.32630674890173,67.32630674890173,8.745000000000001,0.0,7.1249921793986,58.581306748901724,True,0.0,0.0,1.7490000000000003,67.32630674890173,True
679,44.23259109917114,44.23259109917114,8.745000000000001,0.0,11.318946846535574,35.48759109917114,True,3.5378023282407516,0.0,1.7490000000000003,40.69478877093039,True
680,7.9553850977016385,7.9553850977016385,0.4756182222387438,0.0,15.51290151367255,7.479766875462895,False,7.9553850977016385,0.0,3.4456703929026133,0.0,False
681,6.925634641269849,6.925634641269849,0.0,0.0,15.741000000000001,6.925634641269849,False,6.925634641269849,0.0,7.260939056067589,0.0,False
682,5.725871959828842,5.725871959828842,0.0,0.0,15.741000000000001,5.725871959828842,False,5.725871959828842,0.0,10.582356749222441,0.0,False
683,2.3321301673086303,2.3321301673086303,0.0,0.0,15.741000000000001,2.3321301673086303,False,2.3321301673086303,0.0,13.328388473562395,0.0,False
684,2.0414864187958326,2.0414864187958326,0.0,0.0,15.741000000000001,2.0414864187958326,False,2.0414864187958326,0.0,14.446838810847124,0.0,False
685,0.6570262017203605,0.6570262017203605,0.0,0.0,15.741000000000001,0.6570262017203605,False,0.6570262017203605,0.0,15.425901303014708,0.0,False
686,-9.33204923639778,-9.33204923639778,0.0,8.745000000000001,15.741000000000001,-0.5870492363977782,False,0.0,8.745000000000001,15.741000000000001,-0.5870492363977782,False
687,-0.25768596926887666,-0.25768596926887666,0.0,0.25768596926887666,11.182353622677205,0.0,False,0.0,0.25768596926887666,11.182353622677205,0.0,False
688,8.76538058875716,8.76538058875716,8.745000000000001,0.0,11.048025525445132,0.020380588757159757,False,8.745000000000001,0.0,11.048025525445132,0.020380588757159757,False
689,-1.3589513436795506,-1.3589513436795506,0.0,1.3589513436795506,15.241980192582105,0.0,False,0.0,1.3589513436795506,15.241980192582105,0.0,False
690,-9.06085939249813,-9.06085939249813,0.0,8.745000000000001,14.533577834683564,-0.31585939249812967,False,0.0,8.745000000000001,14.533577834683564,-0.31585939249812967,False
691,6.797600559888453,6.797600559888453,6.797600559888453,0.0,9.974931457360768,0.0,False,3.278084035813509,0.0,9.974931457360768,3.519516524074944,False
692,19.2334518047463,19.2334518047463,5.225483475925054,0.0,13.234946162160892,14.007968328821246,False,8.745000000000001,0.0,11.547045332863028,10.488451804746298,False
693,-4.398838626779302,-4.398838626779302,0.0,4.398838626779302,15.741000000000001,0.0,False,0.0,0.0,15.741000000000001,-4.398838626779302,False
694,-30.44215221575014,-30.44215221575014,0.0,8.745000000000001,13.447946853013718,-21.69715221575014,True,0.0,0.6063098696766263,15.741000000000001,-29.835842346073516,True
695,-19.663306491372516,-19.663306491372516,0.0,8.745000000000001,8.88930047569092,-10.918306491372515,False,0.0,8.745000000000001,15.424939131968394,-10.918306491372515,False
696,-5.346430747402167,-5.346430747402167,0.0,4.952471242897326,4.3306540983681225,-0.3939595045048403,False,0.0,0.0,10.866292754645595,-5.346430747402167,False
697,-11.227948810466222,-11.227948810466222,0.0,4.2595540635239357e-16,1.7490000000000006,-11.227948810466222,False,0.0,8.745000000000001,10.866292754645595,-2.4829488104662207,False
698,-13.556678960642069,-13.556678960642069,0.0,0.0,1.7490000000000003,-13.556678960642069,False,0.0,8.745000000000001,6.307646377322798,-4.811678960642068,False
699,-7.140170125612489,-7.140170125612489,0.0,0.0,1.7490000000000003,-7.140170125612489,False,0.0,0.0,1.7490000000000003,-7.140170125612489,False
700,-3.029877870522107,-3.029877870522107,0.0,0.0,1.7490000000000003,-3.029877870522107,False,0.0,0.0,1.7490000000000003,-3.029877870522107,False
701,-2.8392094920432087,-2.8392094920432087,0.0,0.0,1.7490000000000003,-2.8392094920432087,False,0.0,0.0,1.7490000000000003,-2.8392094920432087,False
702,-2.340754317761856,-2.340754317761856,0.0,0.0,1.7490000000000003,-2.340754317761856,False,0.0,0.0,1.7490000000000003,-2.340754317761856,False
703,-2.7034529206162747,-2.7034529206162747,0.0,0.0,1.7490000000000003,-2.7034529206162747,False,0.0,0.0,1.7490000000000003,-2.7034529206162747,False
704,-1.8132971722358575,-1.8132971722358575,0.0,0.0,1.7490000000000003,-1.8132971722358575,False,0.0,0.0,1.7490000000000003,-1.8132971722358575,False
705,1.8149574789561,1.8149574789561,1.8149574789561,0.0,1.7490000000000003,0.0,False,0.0,0.0,1.7490000000000003,1.8149574789561,False
706,4.40736709053636,4.40736709053636,4.40736709053636,0.0,2.619423029104985,0.0,False,0.0,0.0,1.7490000000000003,4.40736709053636,False
707,8.100813659738435,8.100813659738435,8.100813659738435,0.0,4.73312203186552,0.0,False,0.0,0.0,1.7490000000000003,8.100813659738435,False
708,18.631500108943005,18.631500108943005,8.745000000000001,0.0,8.618135783251105,9.886500108943004,False,0.0,0.0,1.7490000000000003,18.631500108943005,True
709,31.213055380188685,31.213055380188685,6.107198585635005,0.0,12.81209045038808,25.10585679455368,True,0.0,0.0,1.7490000000000003,31.213055380188685,True
710,30.82779443679013,30.82779443679013,0.0,0.0,15.741000000000001,30.82779443679013,True,8.461343365396122,0.0,1.7490000000000003,22.366451071394007,True
711,10.580804345783013,10.580804345783013,0.0,0.0,15.741000000000001,10.580804345783013,False,8.745000000000001,0.0,5.8069177241339665,1.8358043457830124,False
712,0.9842647334007568,0.9842647334007568,0.0,0.0,15.741000000000001,0.9842647334007568,False,0.9842647334007568,0.0,10.00087239127094,0.0,False
713,-5.054128965843132,-5.054128965843132,0.0,5.054128965843132,15.741000000000001,0.0,False,0.0,5.054128965843132,10.472909174843775,0.0,False
714,-16.746229086374534,-16.746229086374534,0.0,8.745000000000001,13.106353150295828,-8.001229086374533,False,0.0,8.745000000000001,7.838262325139599,-8.001229086374533,False
715,-2.9362304850499967,-2.9362304850499967,0.0,2.9362304850499967,8.54770677297303,0.0,False,0.0,2.9362304850499967,3.2796159478168017,0.0,False
716,5.568977959358932,5.568977959358932,5.568977959358932,0.0,7.017090825156228,0.0,False,0.8815899115820938,0.0,1.7490000000000003,4.687388047776839,False
717,4.317234717632468,4.317234717632468,4.317234717632468,0.0,9.687878830168959,0.0,False,4.317234717632468,0.0,2.171795668859988,0.0,False
718,0.6499821847438841,0.6499821847438841,0.6499821847438841,0.0,11.758351865405146,0.0,False,0.6499821847438841,0.0,4.242268704096176,0.0,False
719,-4.465630424250423,-4.465630424250423,0.0,4.465630424250423,12.070072370523786,0.0,False,0.0,4.465630424250423,4.553989209214816,0.0,False
720,-0.29363537881404395,-0.29363537881404395,0.0,0.29363537881404395,9.742201592253728,0.0,False,0.0,0.29363537881404395,2.2261184309447577,0.0,False
721,5.609879605792715,5.609879605792715,5.609879605792715,0.0,9.589133569854134,0.0,False,0.0,0.0,2.0730504085451638,5.609879605792715,False
722,8.027108144301312,8.027108144301312,7.217648634599822,0.0,12.279537315399118,0.8094595097014903,False,0.0,0.0,2.0730504085451638,8.027108144301312,False
723,-0.621636465777304,-0.621636465777304,0.0,0.621636465777304,15.741000000000001,0.0,False,0.0,0.621636465777304,2.0730504085451638,0.0,False
724,8.073840015587015,8.073840015587015,0.6756918106275049,0.0,15.416949591454838,7.39814820495951,False,7.702766985832217,0.0,1.7490000000000003,0.3710730297547977,False
725,15.584720095637344,15.584720095637344,0.0,0.0,15.741000000000001,15.584720095637344,False,8.745000000000001,0.0,5.443117272738665,6.839720095637343,False
726,7.0850742821393355,7.0850742821393355,0.0,0.0,15.741000000000001,7.0850742821393355,False,7.0850742821393355,0.0,9.63707193987564,0.0,False
727,,0.0,0.0,0.0,15.741000000000001,,False,0.0,0.0,13.034954198605245,0.0,False
728,,0.0,0.0,0.0,15.741000000000001,,False,0.0,0.0,13.034954198605245,0.0,False
729,,0.0,0.0,0.0,15.741000000000001,,False,0.0,0.0,13.034954198605245,0.0,False
730,,0.0,0.0,0.0,15.741000000000001,,False,0.0,0.0,13.034954198605245,0.0,False
731,,0.0,0.0,0.0,15.741000000000001,,False,0.0,0.0,13.034954198605245,0.0,False
732,,0.0,0.0,0.0,15.741000000000001,,False,0.0,0.0,13.034954198605245,0.0,False
733,,0.0,0.0,0.0,15.741000000000001,,False,0.0,0.0,13.034954198605245,0.0,False
734,,0.0,0.0,0.0,15.741000000000001,,False,0.0,0.0,13.034954198605245,0.0,False
735,,0.0,0.0,0.0,15.741000000000001,,False,0.0,0.0,13.034954198605245,0.0,False
736,,0.0,0.0,0.0,15.741000000000001,,False,0.0,0.0,13.034954198605245,0.0,False
737,,0.0,0.0,0.0,15.741000000000001,,False,0.0,0.0,13.034954198605245,0.0,False
738,,0.0,0.0,0.0,15.741000000000001,,False,0.0,0.0,13.034954198605245,0.0,False
739,,0.0,0.0,0.0,15.741000000000001,,False,0.0,0.0,13.034954198605245,0.0,False
740,,0.0,0.0,0.0,15.741000000000001,,False,0.0,0.0,13.034954198605245,0.0,False
741,,0.0,0.0,0.0,15.741000000000001,,False,0.0,0.0,13.034954198605245,0.0,False
742,,0.0,0.0,0.0,15.741000000000001,,False,0.0,0.0,13.034954198605245,0.0,False
743,,0.0,0.0,0.0,15.741000000000001,,False,0.0,0.0,13.034954198605245,0.0,False
744,,0.0,0.0,0.0,15.741000000000001,,False,0.0,0.0,13.034954198605245,0.0,False
745,,0.0,0.0,0.0,15.741000000000001,,False,0.0,0.0,13.034954198605245,0.0,False
746,,0.0,0.0,0.0,15.741000000000001,,False,0.0,0.0,13.034954198605245,0.0,False
747,,0.0,0.0,0.0,15.741000000000001,,False,0.0,0.0,13.034954198605245,0.0,False
748,,0.0,0.0,0.0,15.741000000000001,,False,0.0,0.0,13.034954198605245,0.0,False
749,,0.0,0.0,0.0,15.741000000000001,,False,0.0,0.0,13.034954198605245,0.0,False
750,,0.0,0.0,0.0,15.741000000000001,,False,0.0,0.0,13.034954198605245,0.0,False
751,,0.0,0.0,0.0,15.741000000000001,,False,0.0,0.0,13.034954198605245,0.0,False
752,,0.0,0.0,0.0,15.741000000000001,,False,0.0,0.0,13.034954198605245,0.0,False
753,4.0960990199900165,4.0960990199900165,0.0,0.0,15.741000000000001,4.0960990199900165,False,4.0960990199900165,0.0,13.034954198605245,0.0,False
754,1.5463965269043327,1.5463965269043327,0.0,0.0,15.741000000000001,1.5463965269043327,False,1.5463965269043327,0.0,14.999374278873091,0.0,False
755,-1.4282060547959443,-1.4282060547959443,0.0,1.4282060547959443,15.741000000000001,0.0,False,0.0,1.4282060547959443,15.741000000000001,0.0,False
756,,0.0,0.0,0.0,14.996496128328644,,False,0.0,0.0,14.996496128328644,0.0,False
757,,0.0,0.0,0.0,14.996496128328644,,False,0.0,0.0,14.996496128328644,0.0,False
758,,0.0,0.0,0.0,14.996496128328644,,False,0.0,0.0,14.996496128328644,0.0,False
759,,0.0,0.0,0.0,14.996496128328644,,False,0.0,0.0,14.996496128328644,0.0,False
760,,0.0,0.0,0.0,14.996496128328644,,False,0.0,0.0,14.996496128328644,0.0,False
761,,0.0,0.0,0.0,14.996496128328644,,False,0.0,0.0,14.996496128328644,0.0,False
762,,0.0,0.0,0.0,14.996496128328644,,False,0.0,0.0,14.996496128328644,0.0,False
763,,0.0,0.0,0.0,14.996496128328644,,False,0.0,0.0,14.996496128328644,0.0,False
764,,0.0,0.0,0.0,14.996496128328644,,False,0.0,0.0,14.996496128328644,0.0,False
765,,0.0,0.0,0.0,14.996496128328644,,False,0.0,0.0,14.996496128328644,0.0,False
766,,0.0,0.0,0.0,14.996496128328644,,False,0.0,0.0,14.996496128328644,0.0,False
767,,0.0,0.0,0.0,14.996496128328644,,False,0.0,0.0,14.996496128328644,0.0,False
768,,0.0,0.0,0.0,14.996496128328644,,False,0.0,0.0,14.996496128328644,0.0,False
769,,0.0,0.0,0.0,14.996496128328644,,False,0.0,0.0,14.996496128328644,0.0,False
770,,0.0,0.0,0.0,14.996496128328644,,False,0.0,0.0,14.996496128328644,0.0,False
771,,0.0,0.0,0.0,14.996496128328644,,False,0.0,0.0,14.996496128328644,0.0,False
772,,0.0,0.0,0.0,14.996496128328644,,False,0.0,0.0,14.996496128328644,0.0,False
773,,0.0,0.0,0.0,14.996496128328644,,False,0.0,0.0,14.996496128328644,0.0,False
774,,0.0,0.0,0.0,14.996496128328644,,False,0.0,0.0,14.996496128328644,0.0,False
775,,0.0,0.0,0.0,14.996496128328644,,False,0.0,0.0,14.996496128328644,0.0,False
776,,0.0,0.0,0.0,14.996496128328644,,False,0.0,0.0,14.996496128328644,0.0,False
777,,0.0,0.0,0.0,14.996496128328644,,False,0.0,0.0,14.996496128328644,0.0,False
778,,0.0,0.0,0.0,14.996496128328644,,False,0.0,0.0,14.996496128328644,0.0,False
779,,0.0,0.0,0.0,14.996496128328644,,False,0.0,0.0,14.996496128328644,0.0,False
780,,0.0,0.0,0.0,14.996496128328644,,False,0.0,0.0,14.996496128328644,0.0,False
781,,0.0,0.0,0.0,14.996496128328644,,False,0.0,0.0,14.996496128328644,0.0,False
782,5.904247807229517,5.904247807229517,1.5523978856477663,0.0,14.996496128328644,4.351849921581751,False,0.0,0.0,14.996496128328644,5.904247807229517,False
783,1.7807353620654283,1.7807353620654283,0.0,0.0,15.741000000000001,1.7807353620654283,False,1.5523978856477663,0.0,14.996496128328644,0.228337476417662,False
784,-7.518251156288043,-7.518251156288043,0.0,7.518251156288043,15.741000000000001,0.0,False,0.0,0.0,15.741000000000001,-7.518251156288043,False
785,-15.66385007256487,-15.66385007256487,0.0,8.745000000000001,11.821840663531686,-6.918850072564869,False,0.0,5.692426206119506,15.741000000000001,-9.971423866445363,False
786,-19.003129502170303,-19.003129502170303,0.0,8.745000000000001,7.263194286208889,-10.258129502170302,False,0.0,8.745000000000001,12.773617712669637,-10.258129502170302,False
787,-12.999429164990053,-12.999429164990053,0.0,1.8330587133885867,2.7045479088860915,-11.166370451601466,False,0.0,8.745000000000001,8.214971335346839,-4.254429164990052,False
788,-3.6588836635571207,-3.6588836635571207,0.0,0.0,1.7490000000000003,-3.6588836635571207,False,0.0,3.6588836635571207,3.6563249580240402,0.0,False
789,0.3440274280085168,0.3440274280085168,0.3440274280085168,0.0,1.7490000000000003,0.0,False,0.3440274280085168,0.0,1.7490000000000003,0.0,False
790,0.22941921674959853,0.22941921674959853,0.22941921674959853,0.0,1.9139897584127445,0.0,False,0.22941921674959853,0.0,1.9139897584127445,0.0,False
791,-1.7950916895514066,-1.7950916895514066,0.0,0.5275709131774659,2.0240153495868882,-1.267520776373941,False,0.0,0.0,2.0240153495868882,-1.7950916895514066,False
792,-4.281121017650386,-4.281121017650386,0.0,0.0,1.7490000000000003,-4.281121017650386,False,0.0,0.0,2.0240153495868882,-4.281121017650386,False
793,-3.0276910333708846,-3.0276910333708846,0.0,0.0,1.7490000000000003,-3.0276910333708846,False,0.0,0.0,2.0240153495868882,-3.0276910333708846,False
794,-1.4069930086023852,-1.4069930086023852,0.0,0.0,1.7490000000000003,-1.4069930086023852,False,0.0,0.0,2.0240153495868882,-1.4069930086023852,False
795,-1.7103426945975568,-1.7103426945975568,0.0,0.0,1.7490000000000003,-1.7103426945975568,False,0.0,0.0,2.0240153495868882,-1.7103426945975568,False
796,-1.5362804309187459,-1.5362804309187459,0.0,0.0,1.7490000000000003,-1.5362804309187459,False,0.0,0.0,2.0240153495868882,-1.5362804309187459,False
797,-1.0410173637718951,-1.0410173637718951,0.0,0.0,1.7490000000000003,-1.0410173637718951,False,0.0,0.0,2.0240153495868882,-1.0410173637718951,False
798,-0.4049185184824424,-0.4049185184824424,0.0,0.0,1.7490000000000003,-0.4049185184824424,False,0.0,0.0,2.0240153495868882,-0.4049185184824424,False
799,-0.19196008416479513,-0.19196008416479513,0.0,0.0,1.7490000000000003,-0.19196008416479513,False,0.0,0.0,2.0240153495868882,-0.19196008416479513,False
800,-0.47238645046145866,-0.47238645046145866,0.0,0.0,1.7490000000000003,-0.47238645046145866,False,0.0,0.03473641845344589,2.0240153495868882,-0.4376500320080128,False
801,-0.49283449472401974,-0.49283449472401974,0.0,0.0,1.7490000000000003,-0.49283449472401974,False,0.0,0.49283449472401974,2.005907739736234,0.0,False
802,0.5019312020852226,0.5019312020852226,0.5019312020852226,0.0,1.7490000000000003,0.0,False,0.0,0.0,1.7490000000000003,0.5019312020852226,False
803,1.8913417321712993,1.8913417321712993,1.8913417321712993,0.0,1.9897177481494561,0.0,False,0.0,0.0,1.7490000000000003,1.8913417321712993,False
804,0.3014533194434409,0.3014533194434409,0.3014533194434409,0.0,2.896773378199856,0.0,False,0.0,0.0,1.7490000000000003,0.3014533194434409,False
805,0.01379376806686343,0.01379376806686343,0.01379376806686343,0.0,3.041345311419267,0.0,False,0.0,0.0,1.7490000000000003,0.01379376806686343,False
806,2.2318267760744974,2.2318267760744974,2.2318267760744974,0.0,3.0479605701912997,0.0,False,0.0,0.0,1.7490000000000003,2.2318267760744974,False
807,7.131334366068268,7.131334366068268,7.131334366068268,0.0,4.118307090918447,0.0,False,0.0,0.0,1.7490000000000003,7.131334366068268,False
808,14.77026558005506,14.77026558005506,8.745000000000001,0.0,7.5383749065257994,6.025265580055059,False,0.0,0.0,1.7490000000000003,14.77026558005506,False
809,32.14975222986059,32.14975222986059,8.35865565095631,0.0,11.732329573662774,23.79109657890428,True,0.0,0.0,1.7490000000000003,32.14975222986059,True
810,33.278794904735705,33.278794904735705,0.0,0.0,15.741000000000001,33.278794904735705,True,0.0,0.0,1.7490000000000003,33.278794904735705,True
811,15.657414700630666,15.657414700630666,0.0,0.0,15.741000000000001,15.657414700630666,False,0.0,0.0,1.7490000000000003,15.657414700630666,False
812,6.705986363673994,6.705986363673994,0.0,0.0,15.741000000000001,6.705986363673994,False,0.0,0.0,1.7490000000000003,6.705986363673994,False
813,6.660815457044154,6.660815457044154,0.0,0.0,15.741000000000001,6.660815457044154,False,2.2064280268148804,0.0,1.7490000000000003,4.454387430229273,False
814,7.7558868187615415,7.7558868187615415,0.0,0.0,15.741000000000001,7.7558868187615415,False,7.7558868187615415,0.0,2.807165708491949,0.0,False
815,8.432369548565065,8.432369548565065,0.0,0.0,15.741000000000001,8.432369548565065,False,8.432369548565065,0.0,6.52675835815817,0.0,False
816,15.302440844005993,15.302440844005993,0.0,0.0,15.741000000000001,15.302440844005993,False,0.0,0.0,10.570780727881228,15.302440844005993,False
817,10.824816789360481,10.824816789360481,0.0,0.0,15.741000000000001,10.824816789360481,False,0.0,0.0,10.570780727881228,10.824816789360481,False
818,5.434532117273415,5.434532117273415,0.0,0.0,15.741000000000001,5.434532117273415,False,5.434532117273415,0.0,10.570780727881228,0.0,False
819,4.144738066523892,4.144738066523892,0.0,0.0,15.741000000000001,4.144738066523892,False,4.144738066523892,0.0,13.177090772128754,0.0,False
820,1.2013822369271079,1.2013822369271079,0.0,0.0,15.741000000000001,1.2013822369271079,False,1.2013822369271079,0.0,15.164837319659703,0.0,False
821,-0.9064394955581471,-0.9064394955581471,0.0,0.9064394955581471,15.741000000000001,0.0,False,0.0,0.0,15.741000000000001,-0.9064394955581471,False
822,-1.4756109335881804,-1.4756109335881804,0.0,1.4756109335881804,15.268485749263757,0.0,False,0.0,0.0,15.741000000000001,-1.4756109335881804,False
823,-7.710649450891448,-7.710649450891448,0.0,7.710649450891448,14.499270376280375,0.0,False,0.0,0.0,15.741000000000001,-7.710649450891448,False
824,-16.53353825124483,-16.53353825124483,0.0,8.745000000000001,10.479816495650036,-7.78853825124483,False,0.0,0.0,15.741000000000001,-16.53353825124483,False
825,-13.391139751999653,-13.391139751999653,0.0,8.003609989638852,5.921170118327239,-5.387529762360801,False,0.0,0.0,15.741000000000001,-13.391139751999653,False
826,-8.184014387631262,-8.184014387631262,0.0,4.2595540635239357e-16,1.7490000000000006,-8.184014387631262,False,0.0,1.3773096172573749,15.741000000000001,-6.806704770373887,False
827,-6.252557175539134,-6.252557175539134,0.0,0.0,1.7490000000000003,-6.252557175539134,False,0.0,6.252557175539134,15.023027730456013,0.0,False
828,-3.407580596822242,-3.407580596822242,0.0,0.0,1.7490000000000003,-3.407580596822242,False,0.0,3.407580596822242,11.76365699091626,0.0,False
829,0.2263232597909583,0.2263232597909583,0.2263232597909583,0.0,1.7490000000000003,0.0,False,0.2263232597909583,0.0,9.987332812169644,0.0,False
830,1.670805847222102,1.670805847222102,1.670805847222102,0.0,1.8575408223764376,0.0,False,1.670805847222102,0.0,10.09587363454608,0.0,False
831,4.53144191842787,4.53144191842787,4.53144191842787,0.0,2.658831157520735,0.0,False,4.53144191842787,0.0,10.897163969690379,0.0,False
832,5.568654398057708,5.568654398057708,5.568654398057708,0.0,4.832034357366439,0.0,False,5.568654398057708,0.0,13.070367169536084,0.0,False
833,-6.3455233332986785,-6.3455233332986785,0.0,6.3455233332986785,7.502667187830356,0.0,False,0.0,6.3455233332986785,15.741000000000001,0.0,False
834,-18.475371811919977,-18.475371811919977,0.0,4.691924056320069,4.194834488509682,-13.783447755599909,False,0.0,8.745000000000001,12.433167300679326,-9.730371811919976,False
835,-5.017447608165217,-5.017447608165217,0.0,4.2595540635239357e-16,1.7490000000000006,-5.017447608165217,False,0.0,5.017447608165217,7.8745209233565285,0.0,False
836,7.193448953756814,7.193448953756814,7.193448953756814,0.0,1.7490000000000003,0.0,False,7.193448953756814,0.0,5.2589955531599255,0.0,False
837,-1.1631005625431685,-1.1631005625431685,0.0,1.1631005625431685,5.198856925376783,0.0,False,0.0,0.016196415729996395,8.70885247853671,-1.1469041468131722,False
838,-4.032764868542885,-4.032764868542885,0.0,4.032764868542885,4.592548844656426,0.0,False,0.0,4.032764868542885,8.700409513197297,0.0,False
839,-2.1588088721269556,-2.1588088721269556,0.0,1.4221076063702156,2.490324835670987,-0.73670126575674,False,0.0,2.1588088721269556,6.598185504211858,0.0,False
840,-2.6618811087684686,-2.6618811087684686,0.0,0.0,1.7490000000000003,-2.6618811087684686,False,0.0,2.6618811087684686,5.472828586629942,0.0,False
841,-3.1022768978943236,-3.1022768978943236,0.0,0.0,1.7490000000000003,-3.1022768978943236,False,0.0,3.1022768978943236,4.085227137418808,0.0,False
842,-1.3793838026063776,-1.3793838026063776,0.0,0.0,1.7490000000000003,-1.3793838026063776,False,0.0,1.3793838026063776,2.4680535134007213,0.0,False
843,1.5172366577446927,1.5172366577446927,1.5172366577446927,0.0,1.7490000000000003,0.0,False,1.5172366577446927,0.0,1.7490000000000003,0.0,False
844,-0.10278930396647834,-0.10278930396647834,0.0,0.10278930396647834,2.476641139153763,0.0,False,0.0,0.0,2.476641139153763,-0.10278930396647834,False
845,-4.112244641471723,-4.112244641471723,0.0,1.2930684211586385,2.423058510434001,-2.819176220313085,False,0.0,0.0,2.476641139153763,-4.112244641471723,False
846,-2.537050284269115,-2.537050284269115,0.0,0.0,1.7490000000000003,-2.537050284269115,False,0.0,0.0,2.476641139153763,-2.537050284269115,False
847,0.47755286936556224,0.47755286936556224,0.47755286936556224,0.0,1.7490000000000003,0.0,False,0.47755286936556224,0.0,2.476641139153763,0.0,False
848,-0.8245015312300615,-0.8245015312300615,0.0,0.43934863981631717,1.9780263104951807,-0.38515289141374437,False,0.0,0.0,2.7056674496489435,-0.8245015312300615,False
849,-0.46380151406385595,-0.46380151406385595,0.0,0.0,1.7490000000000003,-0.46380151406385595,False,0.0,0.0,2.7056674496489435,-0.46380151406385595,False
850,-1.1236671848249005,-1.1236671848249005,0.0,0.0,1.7490000000000003,-1.1236671848249005,False,0.0,0.0,2.7056674496489435,-1.1236671848249005,False
851,-2.472526039376508,-2.472526039376508,0.0,0.0,1.7490000000000003,-2.472526039376508,False,0.0,0.2845207276264008,2.7056674496489435,-2.188005311750107,False
852,-0.5109610109611723,-0.5109610109611723,0.0,0.0,1.7490000000000003,-0.5109610109611723,False,0.0,0.5109610109611723,2.5573507676286646,0.0,False
853,5.822506603152176,5.822506603152176,5.822506603152176,0.0,1.7490000000000003,0.0,False,5.822506603152176,0.0,2.2909939281122162,0.0,False
854,6.164753132268995,6.164753132268995,6.164753132268995,0.0,4.541376071209367,0.0,False,6.164753132268995,0.0,5.083369999321583,0.0,False
855,6.419388005916404,6.419388005916404,6.419388005916404,0.0,7.497887811727015,0.0,False,6.419388005916404,0.0,8.039881739839231,0.0,False
856,2.9513652835369073,2.9513652835369073,2.9513652835369073,0.0,10.576518147641963,0.0,False,2.9513652835369073,0.0,11.118512075754177,0.0,False
857,-5.406729456598884,-5.406729456598884,0.0,5.406729456598884,11.99194321400167,0.0,False,0.0,0.0,12.533937142113885,-5.406729456598884,False
858,-2.26360775412099,-2.26360775412099,0.0,2.26360775412099,9.173490652482064,0.0,False,0.0,0.0,12.533937142113885,-2.26360775412099,False
859,-2.196221303447623,-2.196221303447623,0.0,2.196221303447623,7.993503541218091,0.0,False,0.0,0.0,12.533937142113885,-2.196221303447623,False
860,,0.0,0.0,0.0,6.848644045647976,,False,0.0,0.0,12.533937142113885,0.0,False
861,,0.0,0.0,0.0,6.848644045647976,,False,0.0,0.0,12.533937142113885,0.0,False
862,,0.0,0.0,0.0,6.848644045647976,,False,0.0,0.0,12.533937142113885,0.0,False
863,,0.0,0.0,0.0,6.848644045647976,,False,0.0,0.0,12.533937142113885,0.0,False
864,,0.0,0.0,0.0,6.848644045647976,,False,0.0,0.0,12.533937142113885,0.0,False
865,,0.0,0.0,0.0,6.848644045647976,,False,0.0,0.0,12.533937142113885,0.0,False
866,,0.0,0.0,0.0,6.848644045647976,,False,0.0,0.0,12.533937142113885,0.0,False
867,,0.0,0.0,0.0,6.848644045647976,,False,0.0,0.0,12.533937142113885,0.0,False
868,,0.0,0.0,0.0,6.848644045647976,,False,0.0,0.0,12.533937142113885,0.0,False
869,,0.0,0.0,0.0,6.848644045647976,,False,0.0,0.0,12.533937142113885,0.0,False
870,,0.0,0.0,0.0,6.848644045647976,,False,0.0,0.0,12.533937142113885,0.0,False
871,,0.0,0.0,0.0,6.848644045647976,,False,0.0,0.0,12.533937142113885,0.0,False
872,,0.0,0.0,0.0,6.848644045647976,,False,0.0,0.0,12.533937142113885,0.0,False
873,,0.0,0.0,0.0,6.848644045647976,,False,0.0,0.0,12.533937142113885,0.0,False
874,,0.0,0.0,0.0,6.848644045647976,,False,0.0,0.0,12.533937142113885,0.0,False
875,,0.0,0.0,0.0,6.848644045647976,,False,0.0,0.0,12.533937142113885,0.0,False
876,,0.0,0.0,0.0,6.848644045647976,,False,0.0,0.0,12.533937142113885,0.0,False
877,,0.0,0.0,0.0,6.848644045647976,,False,0.0,0.0,12.533937142113885,0.0,False
878,,0.0,0.0,0.0,6.848644045647976,,False,0.0,0.0,12.533937142113885,0.0,False
879,,0.0,0.0,0.0,6.848644045647976,,False,0.0,0.0,12.533937142113885,0.0,False
880,,0.0,0.0,0.0,6.848644045647976,,False,0.0,0.0,12.533937142113885,0.0,False
881,,0.0,0.0,0.0,6.848644045647976,,False,0.0,0.0,12.533937142113885,0.0,False
882,,0.0,0.0,0.0,6.848644045647976,,False,0.0,0.0,12.533937142113885,0.0,False
883,,0.0,0.0,0.0,6.848644045647976,,False,0.0,0.0,12.533937142113885,0.0,False
884,,0.0,0.0,0.0,6.848644045647976,,False,0.0,0.0,12.533937142113885,0.0,False
885,,0.0,0.0,0.0,6.848644045647976,,False,0.0,0.0,12.533937142113885,0.0,False
886,6.687188326563311,6.687188326563311,6.687188326563311,0.0,6.848644045647976,0.0,False,6.687188326563311,0.0,12.533937142113885,0.0,False
887,-3.253549676623095,-3.253549676623095,0.0,3.253549676623095,10.055706903534093,0.0,False,0.0,2.2617007576397175,15.741000000000001,-0.9918489189833775,False
888,-12.742674807411477,-12.742674807411477,0.0,8.745000000000001,8.35967689246747,-3.9976748074114763,False,0.0,8.745000000000001,14.562006979370782,-3.9976748074114763,False
889,-6.449167888488374,-6.449167888488374,0.0,3.9364770525321813,3.8010305151446717,-2.5126908359561924,False,0.0,6.449167888488374,10.003360602047984,0.0,False
890,-2.097201051395315,-2.097201051395315,0.0,4.2595540635239357e-16,1.7490000000000006,-2.0972010513953148,False,0.0,2.097201051395315,6.641499443488346,0.0,False
891,-3.7617061981437265,-3.7617061981437265,0.0,0.0,1.7490000000000003,-3.7617061981437265,False,0.0,3.7617061981437265,5.548257822509408,0.0,False
892,-3.5265339740094968,-3.5265339740094968,0.0,0.0,1.7490000000000003,-3.5265339740094968,False,0.0,3.5265339740094968,3.587332913107394,0.0,False
893,0.7651909957370583,0.7651909957370583,0.7651909957370583,0.0,1.7490000000000003,0.0,False,0.0,0.0,1.7490000000000003,0.7651909957370583,False
894,1.881808042155453,1.881808042155453,1.881808042155453,0.0,2.115972709871084,0.0,False,0.956213367769289,0.0,1.7490000000000003,0.925594674386164,False
895,0.1336416610784831,0.1336416610784831,0.1336416610784831,0.0,3.018456142810335,0.0,False,0.1336416610784831,0.0,2.207583821216098,0.0,False
896,-1.00266662653995,-1.00266662653995,0.0,1.00266662653995,3.0825484319131413,0.0,False,0.0,1.00266662653995,2.271676110318904,0.0,False
897,0.27127773014498313,0.27127773014498313,0.27127773014498313,0.0,2.559872321594238,0.0,False,0.0,0.0,1.7490000000000003,0.27127773014498313,False
898,6.082729030675591,6.082729030675591,6.082729030675591,0.0,2.689972550574441,0.0,False,0.0,0.0,1.7490000000000003,6.082729030675591,False
899,10.137519241686292,10.137519241686292,8.745000000000001,0.0,5.607146913882783,1.3925192416862906,False,0.0,0.0,1.7490000000000003,10.137519241686292,False
900,7.908803638696495,7.908803638696495,7.908803638696495,0.0,9.801101581019758,0.0,False,0.52115707012255,0.0,1.7490000000000003,7.3876465685739445,False
901,11.981001010467642,11.981001010467642,4.47674074522561,0.0,13.594030561234856,7.504260265242032,False,0.0,0.0,1.9989381505491026,11.981001010467642,False
902,12.895339774225482,12.895339774225482,0.0,0.0,15.741000000000001,12.895339774225482,False,0.0,0.0,1.9989381505491026,12.895339774225482,False
903,-0.4794645045127461,-0.4794645045127461,0.0,0.4794645045127461,15.741000000000001,0.0,False,0.0,0.4794645045127461,1.9989381505491026,0.0,False
904,7.491229415186448,7.491229415186448,0.52115707012255,0.0,15.4910618494509,6.9700723450638975,False,0.0,0.0,1.7490000000000003,7.491229415186448,False
905,16.25583083335067,16.25583083335067,0.0,0.0,15.741000000000001,16.25583083335067,False,6.049687348332904,0.0,1.7490000000000003,10.206143485017767,False
906,12.49325276867367,12.49325276867367,0.0,0.0,15.741000000000001,12.49325276867367,False,8.745000000000001,0.0,4.650328129132109,3.7482527686736695,False
907,6.622180488698895,6.622180488698895,0.0,0.0,15.741000000000001,6.622180488698895,False,6.622180488698895,0.0,8.844282796269082,0.0,False
908,-1.3340992122761166,-1.3340992122761166,0.0,1.3340992122761166,15.741000000000001,0.0,False,0.0,1.3340992122761166,12.020168990345942,0.0,False
909,-4.459248396206437,-4.459248396206437,0.0,4.459248396206437,15.045552711145604,0.0,False,0.0,4.459248396206437,11.324721701491544,0.0,False
910,-3.159660931910077,-3.159660931910077,0.0,3.159660931910077,12.721008794970764,0.0,False,0.0,3.159660931910077,9.000177785316705,0.0,False
911,9.24881615237484,9.24881615237484,8.745000000000001,0.0,11.073921675380113,0.5038161523748386,False,8.745000000000001,0.0,7.353090665726055,0.5038161523748386,False
912,13.832382047448688,13.832382047448688,0.9865310221658987,0.0,15.267876342517088,12.845851025282789,False,8.745000000000001,0.0,11.547045332863028,5.087382047448687,False
913,-2.7733969484777545,-2.7733969484777545,0.0,2.7733969484777545,15.741000000000001,0.0,False,0.0,2.7733969484777545,15.741000000000001,0.0,False
914,-17.65923949981738,-17.65923949981738,0.0,8.745000000000001,14.295266900851207,-8.91423949981738,False,0.0,8.745000000000001,14.295266900851207,-8.91423949981738,False
915,-13.33692486975581,-13.33692486975581,0.0,8.745000000000001,9.736620523528408,-4.591924869755809,False,0.0,8.745000000000001,9.736620523528408,-4.591924869755809,False
916,-4.946811552639628,-4.946811552639628,0.0,4.946811552639628,5.177974146205611,0.0,False,0.0,4.946811552639628,5.177974146205611,0.0,False
917,4.90019773750437,4.90019773750437,4.90019773750437,0.0,2.5992703653320604,0.0,False,0.0,0.0,2.5992703653320604,4.90019773750437,False
918,13.950227445801778,13.950227445801778,8.745000000000001,0.0,4.949322643330973,5.205227445801777,False,1.1674005446928073,0.0,2.5992703653320604,12.78282690110897,False
919,15.086028179422303,15.086028179422303,8.745000000000001,0.0,9.143277310467948,6.3410281794223025,False,8.745000000000001,0.0,3.159135998589081,6.3410281794223025,False
920,7.571491856668225,7.571491856668225,5.012202807188433,0.0,13.337231977604922,2.5592890494797924,False,0.0,0.0,7.353090665726055,7.571491856668225,False
921,4.394062162381342,4.394062162381342,0.0,0.0,15.741000000000001,4.394062162381342,False,0.0,0.0,7.353090665726055,4.394062162381342,False
922,16.009182676903293,16.009182676903293,0.0,0.0,15.741000000000001,16.009182676903293,False,8.745000000000001,0.0,7.353090665726055,7.2641826769032924,False
923,17.169915995007557,17.169915995007557,0.0,0.0,15.741000000000001,17.169915995007557,False,8.745000000000001,0.0,11.547045332863028,8.424915995007556,False
924,-1.7858799867547774,-1.7858799867547774,0.0,1.7858799867547774,15.741000000000001,0.0,False,0.0,0.0,15.741000000000001,-1.7858799867547774,False
925,-17.048460701920902,-17.048460701920902,0.0,8.745000000000001,14.81004570246393,-8.303460701920901,False,0.0,0.0,15.741000000000001,-17.048460701920902,False
926,-10.525621403105522,-10.525621403105522,0.0,8.745000000000001,10.251399325141133,-1.7806214031055205,False,0.0,1.1899565702993453,15.741000000000001,-9.335664832806176,False
927,1.2934310546732006,1.2934310546732006,1.2934310546732006,0.0,5.692752947818335,0.0,False,1.2934310546732006,0.0,15.120692257476666,0.0,False
928,-0.7843912982492481,-0.7843912982492481,0.0,0.7843912982492481,6.313060690341671,0.0,False,0.0,0.0,15.741000000000001,-0.7843912982492481,False
929,-2.9795369789928325,-2.9795369789928325,0.0,2.9795369789928325,5.904168460476896,0.0,False,0.0,0.0,15.741000000000001,-2.9795369789928325,False
930,-6.515967556369535,-6.515967556369535,0.0,4.991458175979117,4.350977442136703,-1.524509380390418,False,0.0,0.0,15.741000000000001,-6.515967556369535,False
931,-16.625413919970274,-16.625413919970274,0.0,4.2595540635239357e-16,1.7490000000000006,-16.625413919970274,False,0.0,0.0,15.741000000000001,-16.625413919970274,False
932,-14.634205429423483,-14.634205429423483,0.0,0.0,1.7490000000000003,-14.634205429423483,False,0.0,0.0,15.741000000000001,-14.634205429423483,False
933,-5.522759151358148,-5.522759151358148,0.0,0.0,1.7490000000000003,-5.522759151358148,False,0.0,0.0,15.741000000000001,-5.522759151358148,False
934,-4.732588523575168,-4.732588523575168,0.0,0.0,1.7490000000000003,-4.732588523575168,False,0.0,0.0,15.741000000000001,-4.732588523575168,False
935,-3.9717559422899966,-3.9717559422899966,0.0,0.0,1.7490000000000003,-3.9717559422899966,False,0.0,0.41865570529711243,15.741000000000001,-3.553100236992884,False
936,0.45506054923599254,0.45506054923599254,0.45506054923599254,0.0,1.7490000000000003,0.0,False,0.45506054923599254,0.0,15.522760627295805,0.0,False
937,-1.6925048300206877,-1.6925048300206877,0.0,0.41865570529711327,1.9672393727041977,-1.2738491247235744,False,0.0,0.0,15.741000000000001,-1.6925048300206877,False
938,,0.0,0.0,0.0,1.7490000000000003,,False,0.0,0.0,15.741000000000001,0.0,False
939,,0.0,0.0,0.0,1.7490000000000003,,False,0.0,0.0,15.741000000000001,0.0,False
940,,0.0,0.0,0.0,1.7490000000000003,,False,0.0,0.0,15.741000000000001,0.0,False
941,,0.0,0.0,0.0,1.7490000000000003,,False,0.0,0.0,15.741000000000001,0.0,False
942,,0.0,0.0,0.0,1.7490000000000003,,False,0.0,0.0,15.741000000000001,0.0,False
943,,0.0,0.0,0.0,1.7490000000000003,,False,0.0,0.0,15.741000000000001,0.0,False
944,,0.0,0.0,0.0,1.7490000000000003,,False,0.0,0.0,15.741000000000001,0.0,False
945,,0.0,0.0,0.0,1.7490000000000003,,False,0.0,0.0,15.741000000000001,0.0,False
946,,0.0,0.0,0.0,1.7490000000000003,,False,0.0,0.0,15.741000000000001,0.0,False
947,,0.0,0.0,0.0,1.7490000000000003,,False,0.0,0.0,15.741000000000001,0.0,False
948,,0.0,0.0,0.0,1.7490000000000003,,False,0.0,0.0,15.741000000000001,0.0,False
949,,0.0,0.0,0.0,1.7490000000000003,,False,0.0,0.0,15.741000000000001,0.0,False
950,,0.0,0.0,0.0,1.7490000000000003,,False,0.0,0.0,15.741000000000001,0.0,False
951,,0.0,0.0,0.0,1.7490000000000003,,False,0.0,0.0,15.741000000000001,0.0,False
952,,0.0,0.0,0.0,1.7490000000000003,,False,0.0,0.0,15.741000000000001,0.0,False
953,,0.0,0.0,0.0,1.7490000000000003,,False,0.0,0.0,15.741000000000001,0.0,False
954,,0.0,0.0,0.0,1.7490000000000003,,False,0.0,0.0,15.741000000000001,0.0,False
955,,0.0,0.0,0.0,1.7490000000000003,,False,0.0,0.0,15.741000000000001,0.0,False
956,,0.0,0.0,0.0,1.7490000000000003,,False,0.0,0.0,15.741000000000001,0.0,False
957,,0.0,0.0,0.0,1.7490000000000003,,False,0.0,0.0,15.741000000000001,0.0,False
958,,0.0,0.0,0.0,1.7490000000000003,,False,0.0,0.0,15.741000000000001,0.0,False
959,,0.0,0.0,0.0,1.7490000000000003,,False,0.0,0.0,15.741000000000001,0.0,False
960,,0.0,0.0,0.0,1.7490000000000003,,False,0.0,0.0,15.741000000000001,0.0,False
961,,0.0,0.0,0.0,1.7490000000000003,,False,0.0,0.0,15.741000000000001,0.0,False
962,,0.0,0.0,0.0,1.7490000000000003,,False,0.0,0.0,15.741000000000001,0.0,False
963,,0.0,0.0,0.0,1.7490000000000003,,False,0.0,0.0,15.741000000000001,0.0,False
964,-7.830694191602806,-7.830694191602806,0.0,0.0,1.7490000000000003,-7.830694191602806,False,0.0,0.0,15.741000000000001,-7.830694191602806,False
965,-5.26785257366672,-5.26785257366672,0.0,0.0,1.7490000000000003,-5.26785257366672,False,0.0,0.0,15.741000000000001,-5.26785257366672,False
966,-1.0414450112457527,-1.0414450112457527,0.0,0.0,1.7490000000000003,-1.0414450112457527,False,0.0,0.0,15.741000000000001,-1.0414450112457527,False
967,-3.5569758455139557,-3.5569758455139557,0.0,0.0,1.7490000000000003,-3.5569758455139557,False,0.0,0.0,15.741000000000001,-3.5569758455139557,False
968,-5.925385979588995,-5.925385979588995,0.0,0.0,1.7490000000000003,-5.925385979588995,False,0.0,0.0,15.741000000000001,-5.925385979588995,False
969,-4.732245810942879,-4.732245810942879,0.0,0.0,1.7490000000000003,-4.732245810942879,False,0.0,0.0,15.741000000000001,-4.732245810942879,False
970,-2.513718016491386,-2.513718016491386,0.0,0.0,1.7490000000000003,-2.513718016491386,False,0.0,0.0,15.741000000000001,-2.513718016491386,False
971,-4.7461348109711015,-4.7461348109711015,0.0,0.0,1.7490000000000003,-4.7461348109711015,False,0.0,0.0,15.741000000000001,-4.7461348109711015,False
972,-6.276659606662757,-6.276659606662757,0.0,0.0,1.7490000000000003,-6.276659606662757,False,0.0,0.8177766857810413,15.741000000000001,-5.458882920881716,False
973,-3.8010081400144977,-3.8010081400144977,0.0,0.0,1.7490000000000003,-3.8010081400144977,False,0.0,3.8010081400144977,15.314704433837075,0.0,False
974,-1.8070773900711516,-1.8070773900711516,0.0,0.0,1.7490000000000003,-1.8070773900711516,False,0.0,1.8070773900711516,13.333291970983838,0.0,False
975,-0.9283026988344465,-0.9283026988344465,0.0,0.0,1.7490000000000003,-0.9283026988344465,False,0.0,0.9283026988344465,12.391287763117653,0.0,False
976,-0.4322326636809315,-0.4322326636809315,0.0,0.0,1.7490000000000003,-0.4322326636809315,False,0.0,0.4322326636809315,11.907376529829989,0.0,False
977,-0.7729657566735617,-0.7729657566735617,0.0,0.0,1.7490000000000003,-0.7729657566735617,False,0.0,0.7729657566735617,11.682059678320593,0.0,False
978,-1.1682952998821503,-1.1682952998821503,0.0,0.0,1.7490000000000003,-1.1682952998821503,False,0.0,1.1682952998821503,11.279123423723165,0.0,False
979,-0.48278138213194083,-0.48278138213194083,0.0,0.0,1.7490000000000003,-0.48278138213194083,False,0.0,0.48278138213194083,10.670107398971762,0.0,False
980,-0.2299370005315654,-0.2299370005315654,0.0,0.0,1.7490000000000003,-0.2299370005315654,False,0.0,0.2299370005315654,10.418440206439497,0.0,False
981,-0.6612900986692298,-0.6612900986692298,0.0,0.0,1.7490000000000003,-0.6612900986692298,False,0.0,0.6612900986692298,10.298577259099796,0.0,False
982,-1.4797160869902184,-1.4797160869902184,0.0,0.0,1.7490000000000003,-1.4797160869902184,False,0.0,1.4797160869902184,9.953855965485397,0.0,False
983,-1.5770112037548707,-1.5770112037548707,0.0,0.0,1.7490000000000003,-1.5770112037548707,False,0.0,1.5770112037548707,9.182500633361416,0.0,False
984,-1.5530798482361006,-1.5530798482361006,0.0,0.0,1.7490000000000003,-1.5530798482361006,False,0.0,1.5530798482361006,8.360426715580443,0.0,False
985,-1.4962794322332253,-1.4962794322332253,0.0,0.0,1.7490000000000003,-1.4962794322332253,False,0.0,1.4962794322332253,7.55082787923344,0.0,False
986,-1.5751786601070503,-1.5751786601070503,0.0,0.0,1.7490000000000003,-1.5751786601070503,False,0.0,1.5751786601070503,6.770838306539031,0.0,False
987,-1.5044651842324932,-1.5044651842324932,0.0,0.0,1.7490000000000003,-1.5044651842324932,False,0.0,1.5044651842324932,5.949719668170457,0.0,False
988,-1.5818755701389806,-1.5818755701389806,0.0,0.0,1.7490000000000003,-1.5818755701389806,False,0.0,1.5818755701389806,5.165462977271688,0.0,False
989,-1.6513560089874715,-1.6513560089874715,0.0,0.0,1.7490000000000003,-1.6513560089874715,False,0.0,1.6513560089874715,4.340853333224862,0.0,False
990,-1.5746759945082602,-1.5746759945082602,0.0,0.0,1.7490000000000003,-1.5746759945082602,False,0.0,1.5746759945082602,3.4800245066907314,0.0,False
991,-1.1985863524681921,-1.1985863524681921,0.0,0.0,1.7490000000000003,-1.1985863524681921,False,0.0,1.1985863524681921,2.659167900879153,0.0,False
992,-0.014761741051503146,-0.014761741051503146,0.0,0.0,1.7490000000000003,-0.014761741051503146,False,0.0,0.014761741051503146,2.0343615734248743,0.0,False
993,-0.5326566706977481,-0.5326566706977481,0.0,0.0,1.7490000000000003,-0.5326566706977481,False,0.0,0.5326566706977481,2.026666483960333,0.0,False
994,2.240062460578462,2.240062460578462,2.240062460578462,0.0,1.7490000000000003,0.0,False,2.240062460578462,0.0,1.7490000000000003,0.0,False
995,4.402290238822272,4.402290238822272,4.402290238822272,0.0,2.8232962162631647,0.0,False,4.402290238822272,0.0,2.8232962162631647,0.0,False
996,,0.0,0.0,0.0,4.9345604464747375,,False,0.0,0.0,4.9345604464747375,0.0,False
997,,0.0,0.0,0.0,4.9345604464747375,,False,0.0,0.0,4.9345604464747375,0.0,False
998,,0.0,0.0,0.0,4.9345604464747375,,False,0.0,0.0,4.9345604464747375,0.0,False
999,,0.0,0.0,0.0,4.9345604464747375,,False,0.0,0.0,4.9345604464747375,0.0,False
1000,,0.0,0.0,0.0,4.9345604464747375,,False,0.0,0.0,4.9345604464747375,0.0,False
1001,,0.0,0.0,0.0,4.9345604464747375,,False,0.0,0.0,4.9345604464747375,0.0,False
1002,,0.0,0.0,0.0,4.9345604464747375,,False,0.0,0.0,4.9345604464747375,0.0,False
1003,,0.0,0.0,0.0,4.9345604464747375,,False,0.0,0.0,4.9345604464747375,0.0,False
1004,,0.0,0.0,0.0,4.9345604464747375,,False,0.0,0.0,4.9345604464747375,0.0,False
1005,,0.0,0.0,0.0,4.9345604464747375,,False,0.0,0.0,4.9345604464747375,0.0,False
1006,,0.0,0.0,0.0,4.9345604464747375,,False,0.0,0.0,4.9345604464747375,0.0,False
1007,,0.0,0.0,0.0,4.9345604464747375,,False,0.0,0.0,4.9345604464747375,0.0,False
1008,,0.0,0.0,0.0,4.9345604464747375,,False,0.0,0.0,4.9345604464747375,0.0,False
1009,,0.0,0.0,0.0,4.9345604464747375,,False,0.0,0.0,4.9345604464747375,0.0,False
1010,,0.0,0.0,0.0,4.9345604464747375,,False,0.0,0.0,4.9345604464747375,0.0,False
1011,,0.0,0.0,0.0,4.9345604464747375,,False,0.0,0.0,4.9345604464747375,0.0,False
1012,,0.0,0.0,0.0,4.9345604464747375,,False,0.0,0.0,4.9345604464747375,0.0,False
1013,,0.0,0.0,0.0,4.9345604464747375,,False,0.0,0.0,4.9345604464747375,0.0,False
1014,,0.0,0.0,0.0,4.9345604464747375,,False,0.0,0.0,4.9345604464747375,0.0,False
1015,,0.0,0.0,0.0,4.9345604464747375,,False,0.0,0.0,4.9345604464747375,0.0,False
1016,,0.0,0.0,0.0,4.9345604464747375,,False,0.0,0.0,4.9345604464747375,0.0,False
1017,,0.0,0.0,0.0,4.9345604464747375,,False,0.0,0.0,4.9345604464747375,0.0,False
1018,,0.0,0.0,0.0,4.9345604464747375,,False,0.0,0.0,4.9345604464747375,0.0,False
1019,,0.0,0.0,0.0,4.9345604464747375,,False,0.0,0.0,4.9345604464747375,0.0,False
1020,,0.0,0.0,0.0,4.9345604464747375,,False,0.0,0.0,4.9345604464747375,0.0,False
1021,,0.0,0.0,0.0,4.9345604464747375,,False,0.0,0.0,4.9345604464747375,0.0,False
1022,-1.6810142919755044,-1.6810142919755044,0.0,1.6810142919755044,4.9345604464747375,0.0,False,0.0,0.0,4.9345604464747375,-1.6810142919755044,False
1023,-1.880123388759029,-1.880123388759029,0.0,1.880123388759029,4.058271171192636,0.0,False,0.0,0.0,4.9345604464747375,-1.880123388759029,False
1024,-2.02105203948896,-2.02105203948896,0.0,2.02105203948896,3.078189104287409,0.0,False,0.0,0.0,4.9345604464747375,-2.02105203948896,False
1025,-1.9614933289799636,-1.9614933289799636,0.0,0.5287747632251815,2.024642899805168,-1.432718565754782,False,0.0,0.0,4.9345604464747375,-1.9614933289799636,False
1026,-2.01405191316574,-2.01405191316574,0.0,0.0,1.7490000000000003,-2.01405191316574,False,0.0,0.0,4.9345604464747375,-2.01405191316574,False
1027,-2.030354164551935,-2.030354164551935,0.0,0.0,1.7490000000000003,-2.030354164551935,False,0.0,0.0,4.9345604464747375,-2.030354164551935,False
1028,-1.997187780964672,-1.997187780964672,0.0,0.0,1.7490000000000003,-1.997187780964672,False,0.0,0.0,4.9345604464747375,-1.997187780964672,False
1029,-1.9734507030195225,-1.9734507030195225,0.0,0.0,1.7490000000000003,-1.9734507030195225,False,0.0,0.0,4.9345604464747375,-1.9734507030195225,False
1030,-1.96501636411947,-1.96501636411947,0.0,0.0,1.7490000000000003,-1.96501636411947,False,0.0,0.0,4.9345604464747375,-1.96501636411947,False
1031,-1.9673042101130123,-1.9673042101130123,0.0,0.0,1.7490000000000003,-1.9673042101130123,False,0.0,0.0,4.9345604464747375,-1.9673042101130123,False
1032,-1.9805712641059954,-1.9805712641059954,0.0,0.0,1.7490000000000003,-1.9805712641059954,False,0.0,0.0,4.9345604464747375,-1.9805712641059954,False
1033,-1.980600349643505,-1.980600349643505,0.0,0.0,1.7490000000000003,-1.980600349643505,False,0.0,0.0,4.9345604464747375,-1.980600349643505,False
1034,-1.9622130517424698,-1.9622130517424698,0.0,0.0,1.7490000000000003,-1.9622130517424698,False,0.0,0.0,4.9345604464747375,-1.9622130517424698,False
1035,-1.9635017876603156,-1.9635017876603156,0.0,0.0,1.7490000000000003,-1.9635017876603156,False,0.0,0.0,4.9345604464747375,-1.9635017876603156,False
1036,-1.980284478607377,-1.980284478607377,0.0,0.0,1.7490000000000003,-1.980284478607377,False,0.0,0.0,4.9345604464747375,-1.980284478607377,False
1037,-1.9707329769791444,-1.9707329769791444,0.0,0.0,1.7490000000000003,-1.9707329769791444,False,0.0,0.0,4.9345604464747375,-1.9707329769791444,False
1038,-1.9659220261934152,-1.9659220261934152,0.0,0.0,1.7490000000000003,-1.9659220261934152,False,0.0,0.0,4.9345604464747375,-1.9659220261934152,False
1039,-1.9742757668478248,-1.9742757668478248,0.0,0.0,1.7490000000000003,-1.9742757668478248,False,0.0,0.0,4.9345604464747375,-1.9742757668478248,False
1040,-1.9767573858342555,-1.9767573858342555,0.0,0.0,1.7490000000000003,-1.9767573858342555,False,0.0,0.0,4.9345604464747375,-1.9767573858342555,False
1041,-1.9725885433252808,-1.9725885433252808,0.0,0.0,1.7490000000000003,-1.9725885433252808,False,0.0,0.0,4.9345604464747375,-1.9725885433252808,False
1042,-1.983996475295774,-1.983996475295774,0.0,0.0,1.7490000000000003,-1.983996475295774,False,0.0,0.0,4.9345604464747375,-1.983996475295774,False
1043,-1.975785888654903,-1.975785888654903,0.0,0.0,1.7490000000000003,-1.975785888654903,False,0.0,0.0,4.9345604464747375,-1.975785888654903,False
1044,-1.9596419024695024,-1.9596419024695024,0.0,0.0,1.7490000000000003,-1.9596419024695024,False,0.0,0.0,4.9345604464747375,-1.9596419024695024,False
1045,-1.9694170094425962,-1.9694170094425962,0.0,0.0,1.7490000000000003,-1.9694170094425962,False,0.0,0.0,4.9345604464747375,-1.9694170094425962,False
1046,-1.971944644093,-1.971944644093,0.0,0.0,1.7490000000000003,-1.971944644093,False,0.0,0.0,4.9345604464747375,-1.971944644093,False
1047,-1.9723015392041616,-1.9723015392041616,0.0,0.0,1.7490000000000003,-1.9723015392041616,False,0.0,0.0,4.9345604464747375,-1.9723015392041616,False
1048,-1.9694156880882014,-1.9694156880882014,0.0,0.0,1.7490000000000003,-1.9694156880882014,False,0.0,0.0,4.9345604464747375,-1.9694156880882014,False
1049,-1.9715660082858661,-1.9715660082858661,0.0,0.0,1.7490000000000003,-1.9715660082858661,False,0.0,0.0,4.9345604464747375,-1.9715660082858661,False
1050,-1.9752680506545557,-1.9752680506545557,0.0,0.0,1.7490000000000003,-1.9752680506545557,False,0.0,0.0,4.9345604464747375,-1.9752680506545557,False
1051,-1.9756849751319934,-1.9756849751319934,0.0,0.0,1.7490000000000003,-1.9756849751319934,False,0.0,0.0,4.9345604464747375,-1.9756849751319934,False
1052,-1.908801040519625,-1.908801040519625,0.0,0.0,1.7490000000000003,-1.908801040519625,False,0.0,0.0,4.9345604464747375,-1.908801040519625,False
1053,0.5499261867316801,0.5499261867316801,0.5499261867316801,0.0,1.7490000000000003,0.0,False,0.5499261867316801,0.0,4.9345604464747375,0.0,False
1054,1.2922762906238592,1.2922762906238592,1.2922762906238592,0.0,2.0127353341822953,0.0,False,1.2922762906238592,0.0,5.198295780657032,0.0,False
1055,-2.2777705569692417,-2.2777705569692417,0.0,1.694826279167096,2.6324892713226484,-0.5829442778021456,False,0.0,0.0,5.818049717797385,-2.2777705569692417,False
1056,-3.8754728876724798,-3.8754728876724798,0.0,0.0,1.7490000000000003,-3.8754728876724798,False,0.0,0.0,5.818049717797385,-3.8754728876724798,False
1057,-2.2391265813769436,-2.2391265813769436,0.0,0.0,1.7490000000000003,-2.2391265813769436,False,0.0,0.0,5.818049717797385,-2.2391265813769436,False
1058,0.2521948716402331,0.2521948716402331,0.2521948716402331,0.0,1.7490000000000003,0.0,False,0.2521948716402331,0.0,5.818049717797385,0.0,False
1059,-3.205295755486665,-3.205295755486665,0.0,0.2320192819090145,1.8699484115430038,-2.9732764735776502,False,0.0,0.0,5.938998129340389,-3.205295755486665,False
1060,-5.367419451930283,-5.367419451930283,0.0,0.0,1.7490000000000003,-5.367419451930283,False,0.0,0.0,5.938998129340389,-5.367419451930283,False
1061,-2.425933943074965,-2.425933943074965,0.0,0.0,1.7490000000000003,-2.425933943074965,False,0.0,0.0,5.938998129340389,-2.425933943074965,False
1062,-2.0222333617997017,-2.0222333617997017,0.0,0.0,1.7490000000000003,-2.0222333617997017,False,0.0,0.0,5.938998129340389,-2.0222333617997017,False
1063,-2.208647042090083,-2.208647042090083,0.0,0.0,1.7490000000000003,-2.208647042090083,False,0.0,0.0,5.938998129340389,-2.208647042090083,False
1064,-1.858702127370177,-1.858702127370177,0.0,0.0,1.7490000000000003,-1.858702127370177,False,0.0,0.0,5.938998129340389,-1.858702127370177,False
1065,-1.9749759036577275,-1.9749759036577275,0.0,0.0,1.7490000000000003,-1.9749759036577275,False,0.0,0.0,5.938998129340389,-1.9749759036577275,False
1066,-2.1030897315315054,-2.1030897315315054,0.0,0.0,1.7490000000000003,-2.1030897315315054,False,0.0,0.0,5.938998129340389,-2.1030897315315054,False
1067,-1.8814000960668793,-1.8814000960668793,0.0,0.0,1.7490000000000003,-1.8814000960668793,False,0.0,0.0,5.938998129340389,-1.8814000960668793,False
1068,-1.9265822241524406,-1.9265822241524406,0.0,0.0,1.7490000000000003,-1.9265822241524406,False,0.0,0.0,5.938998129340389,-1.9265822241524406,False
1069,-1.920634864862539,-1.920634864862539,0.0,0.0,1.7490000000000003,-1.920634864862539,False,0.0,0.0,5.938998129340389,-1.920634864862539,False
1070,-1.9322707448952492,-1.9322707448952492,0.0,0.0,1.7490000000000003,-1.9322707448952492,False,0.0,0.0,5.938998129340389,-1.9322707448952492,False
1071,-1.8860887039521685,-1.8860887039521685,0.0,0.0,1.7490000000000003,-1.8860887039521685,False,0.0,0.0,5.938998129340389,-1.8860887039521685,False
1072,-1.920742217255343,-1.920742217255343,0.0,0.0,1.7490000000000003,-1.920742217255343,False,0.0,0.0,5.938998129340389,-1.920742217255343,False
1073,-2.022356626412605,-2.022356626412605,0.0,0.0,1.7490000000000003,-2.022356626412605,False,0.0,0.0,5.938998129340389,-2.022356626412605,False
1074,-1.8571020817560608,-1.8571020817560608,0.0,0.0,1.7490000000000003,-1.8571020817560608,False,0.0,0.0,5.938998129340389,-1.8571020817560608,False
1075,-1.6959398442434033,-1.6959398442434033,0.0,0.0,1.7490000000000003,-1.6959398442434033,False,0.0,0.0,5.938998129340389,-1.6959398442434033,False
1076,-1.8104313897909825,-1.8104313897909825,0.0,0.0,1.7490000000000003,-1.8104313897909825,False,0.0,0.0,5.938998129340389,-1.8104313897909825,False
1077,-1.933263861216463,-1.933263861216463,0.0,0.0,1.7490000000000003,-1.933263861216463,False,0.0,0.0,5.938998129340389,-1.933263861216463,False
1078,-1.9027190972182173,-1.9027190972182173,0.0,0.0,1.7490000000000003,-1.9027190972182173,False,0.0,0.0,5.938998129340389,-1.9027190972182173,False
1079,-1.8663953307455026,-1.8663953307455026,0.0,0.0,1.7490000000000003,-1.8663953307455026,False,0.0,0.0,5.938998129340389,-1.8663953307455026,False
1080,-1.8520740090943557,-1.8520740090943557,0.0,0.0,1.7490000000000003,-1.8520740090943557,False,0.0,1.5356616479138478,5.938998129340389,-0.31641236118050786,False
1081,-1.9595102532464475,-1.9595102532464475,0.0,0.0,1.7490000000000003,-1.9595102532464475,False,0.0,1.9595102532464475,5.138479157578694,0.0,False
1082,-0.28237186012269655,-0.28237186012269655,0.0,0.0,1.7490000000000003,-0.28237186012269655,False,0.0,0.28237186012269655,4.1170138268424115,0.0,False
1083,1.7901755690999221,1.7901755690999221,1.7901755690999221,0.0,1.7490000000000003,0.0,False,1.7901755690999221,0.0,3.9698173194431856,0.0,False
1084,-0.6230531395826313,-0.6230531395826313,0.0,0.6230531395826313,2.60753804265537,0.0,False,0.0,0.6230531395826313,4.828355362098555,0.0,False
1085,-2.6463274295699875,-2.6463274295699875,0.0,1.023908383989297,2.282749141839137,-1.6224190455806904,False,0.0,2.6463274295699875,4.503566461282322,0.0,False
1086,-2.637847237661102,-2.637847237661102,0.0,0.0,1.7490000000000003,-2.637847237661102,False,0.0,2.637847237661102,3.1240729278324455,0.0,False
1087,0.7214352762795407,0.7214352762795407,0.7214352762795407,0.0,1.7490000000000003,0.0,False,0.7214352762795407,0.0,1.7490000000000003,0.0,False
1088,1.6396656954500166,1.6396656954500166,1.6396656954500166,0.0,2.0949882040011247,0.0,False,1.6396656954500166,0.0,2.0949882040011247,0.0,False
1089,-3.2883493067119405,-3.2883493067119405,0.0,2.172212893991193,2.881344246994491,-1.1161364127207474,False,0.0,1.0981271935767136,2.881344246994491,-2.190222113135227,False
1090,-1.0740857004144795,-1.0740857004144795,0.0,0.0,1.7490000000000003,-1.0740857004144795,False,0.0,1.0740857004144795,2.30890587617252,0.0,False
1091,8.428852787016837,8.428852787016837,8.428852787016837,0.0,1.7490000000000003,0.0,False,8.428852787016837,0.0,1.7490000000000003,0.0,False
1092,23.29666344193766,23.29666344193766,8.745000000000001,0.0,5.791335790133762,14.55166344193766,False,8.745000000000001,0.0,5.791335790133762,14.55166344193766,False
1093,14.80514898628622,14.80514898628622,8.745000000000001,0.0,9.985290457270736,6.060148986286219,False,8.745000000000001,0.0,9.985290457270736,6.060148986286219,False
1094,-3.7613607745924287,-3.7613607745924287,0.0,3.7613607745924287,14.17924512440771,0.0,False,0.0,3.7613607745924287,14.17924512440771,0.0,False
1095,3.406243501607215,3.406243501607215,3.406243501607215,0.0,12.218500279479198,0.0,False,0.0,0.0,12.218500279479198,3.406243501607215,False
1096,17.602718587434868,17.602718587434868,3.9386761507988366,0.0,13.852077275587895,13.66404243663603,False,0.0,0.0,12.218500279479198,17.602718587434868,True
1097,15.991801313597938,15.991801313597938,0.0,0.0,15.741000000000001,15.991801313597938,False,6.106388205649269,0.0,12.218500279479198,9.885413107948668,False
1098,1.238531446756781,1.238531446756781,0.0,0.0,15.741000000000001,1.238531446756781,False,1.238531446756781,0.0,15.147021184502973,0.0,False
1099,-16.61502847669123,-16.61502847669123,0.0,8.745000000000001,15.741000000000001,-7.870028476691228,False,0.0,5.716052949707309,15.741000000000001,-10.898975526983921,False
1100,-26.810546518865593,-26.810546518865593,0.0,8.745000000000001,11.182353622677205,-18.06554651886559,True,0.0,8.745000000000001,12.761301421181418,-18.06554651886559,True
1101,-16.565800810936135,-16.565800810936135,0.0,8.745000000000001,6.6237072453544075,-7.820800810936134,False,0.0,8.745000000000001,8.20265504385862,-7.820800810936134,False
1102,8.648090491556154,8.648090491556154,8.648090491556154,0.0,2.06506086803161,0.0,False,8.648090491556154,0.0,3.6440086665358224,0.0,False
1103,23.658196323383,23.658196323383,8.745000000000001,0.0,6.212539367618209,14.913196323382998,False,8.745000000000001,0.0,7.791487166122422,14.913196323382998,False
1104,3.6325081705679545,3.6325081705679545,3.6325081705679545,0.0,10.406494034755184,0.0,False,3.6325081705679545,0.0,11.985441833259395,0.0,False
1105,-21.183768268249334,-21.183768268249334,0.0,8.745000000000001,12.148583754065266,-12.438768268249333,False,0.0,8.745000000000001,13.727531552569477,-12.438768268249333,False
1106,-20.391726056961318,-20.391726056961318,0.0,8.745000000000001,7.589937376742468,-11.646726056961317,False,0.0,8.745000000000001,9.168885175246679,-11.646726056961317,False
1107,-5.488807689123495,-5.488807689123495,0.0,2.4598606388308113,3.031290999419671,-3.0289470502926834,False,0.0,5.488807689123495,4.610238797923881,0.0,False
1108,6.9416916769142265,6.9416916769142265,6.9416916769142265,0.0,1.7490000000000003,0.0,False,6.9416916769142265,0.0,1.7490000000000003,0.0,False
1109,5.720588291228972,5.720588291228972,5.720588291228972,0.0,5.0781183769262785,0.0,False,5.720588291228972,0.0,5.0781183769262785,0.0,False
1110,-6.525533602515504,-6.525533602515504,0.0,6.525533602515504,7.821616142823233,0.0,False,0.0,6.525533602515504,7.821616142823233,0.0,False
1111,-1.2587575260428314,-1.2587575260428314,0.0,1.2587575260428314,4.419946603977552,0.0,False,0.0,1.2587575260428314,4.419946603977552,0.0,False
1112,7.600512681917342,7.600512681917342,7.600512681917342,0.0,3.763773884020667,0.0,False,7.600512681917342,0.0,3.763773884020667,0.0,False
1113,2.0760926116959477,2.0760926116959477,2.0760926116959477,0.0,7.408851715348396,0.0,False,2.0760926116959477,0.0,7.408851715348396,0.0,False
1114,-7.61618529175627,-7.61618529175627,0.0,7.61618529175627,8.404510754597203,0.0,False,0.0,7.61618529175627,8.404510754597203,0.0,False
1115,-1.6918382062911819,-1.6918382062911819,0.0,1.6918382062911819,4.434299720945528,0.0,False,0.0,1.6918382062911819,4.434299720945528,0.0,False
1116,11.577597897460874,11.577597897460874,8.745000000000001,0.0,3.552368090285083,2.8325978974608734,False,0.0,0.0,3.552368090285083,11.577597897460874,False
1117,7.081799317077023,7.081799317077023,7.081799317077023,0.0,7.746322757422057,0.0,False,7.081799317077023,0.0,3.552368090285083,0.0,False
1118,4.43197567647389,4.43197567647389,4.43197567647389,0.0,11.142634398083304,0.0,False,4.43197567647389,0.0,6.94867973094633,0.0,False
1119,9.689561737502004,9.689561737502004,5.15627941456479,0.0,13.268135264062174,4.533282322937214,False,5.848083484485387,0.0,9.0741805969252,3.841478253016617,False
1120,2.828410240094605,2.828410240094605,0.0,0.0,15.741000000000001,2.828410240094605,False,2.828410240094605,0.0,11.87882290951115,0.0,False
1121,0.6999960170119327,0.6999960170119327,0.0,0.0,15.741000000000001,0.6999960170119327,False,0.6999960170119327,0.0,13.235280808541772,0.0,False
1122,4.524789672972864,4.524789672972864,0.0,0.0,15.741000000000001,4.524789672972864,False,4.524789672972864,0.0,13.57098710499969,0.0,False
1123,-3.7963360022739314,-3.7963360022739314,0.0,3.7963360022739314,15.741000000000001,0.0,False,0.0,0.0,15.741000000000001,-3.7963360022739314,False
1124,-5.0235034514379855,-5.0235034514379855,0.0,5.0235034514379855,13.762023057305186,0.0,False,0.0,4.376356030270138,15.741000000000001,-0.6471474211678476,False
1125,-7.1339005569829155,-7.1339005569829155,0.0,7.1339005569829155,11.143340860579475,0.0,False,0.0,7.1339005569829155,13.459666716607693,0.0,False
1126,-7.982589607213922,-7.982589607213922,0.0,7.982589607213922,7.424538124127645,0.0,False,0.0,7.982589607213922,9.740863980155863,0.0,False
1127,-4.61111582813744,-4.61111582813744,0.0,2.9049802517678773,3.2633256376118815,-1.706135576369563,False,0.0,4.61111582813744,5.5796514936401,0.0,False
1128,-2.737347847072216,-2.737347847072216,0.0,0.0,1.7490000000000003,-2.737347847072216,False,0.0,2.737347847072216,3.175941206006646,0.0,False
1129,6.532474429671601,6.532474429671601,6.532474429671601,0.0,1.7490000000000003,0.0,False,3.841192643761105,0.0,1.7490000000000003,2.6912817859104963,False
1130,10.773873374218931,10.773873374218931,8.745000000000001,0.0,4.881864679505335,2.0288733742189304,False,8.745000000000001,0.0,3.5911712768066435,2.0288733742189304,False
1131,2.696064922996992,2.696064922996992,2.696064922996992,0.0,9.075819346642309,0.0,False,2.696064922996992,0.0,7.785125943943617,0.0,False
1132,3.209289988576687,3.209289988576687,3.209289988576687,0.0,10.368806661302974,0.0,False,3.209289988576687,0.0,9.078113258604283,0.0,False
1133,0.5193220098826087,0.5193220098826087,0.5193220098826087,0.0,11.907928070769774,0.0,False,0.5193220098826087,0.0,10.617234668071083,0.0,False
1134,-12.26864176030915,-12.26864176030915,0.0,8.745000000000001,12.156986157344287,-3.5236417603091486,False,0.0,8.745000000000001,10.866292754645595,-3.5236417603091486,False
1135,-9.618756905405784,-9.618756905405784,0.0,8.745000000000001,7.598339780021489,-0.8737569054057825,False,0.0,8.745000000000001,6.307646377322798,-0.8737569054057825,False
1136,8.65165054035954,8.65165054035954,8.65165054035954,0.0,3.039693402698692,0.0,False,8.44549739251435,0.0,1.7490000000000003,0.2061531478451908,False
1137,20.832329974707957,20.832329974707957,8.745000000000001,0.0,7.188879241712873,12.087329974707956,False,8.745000000000001,0.0,5.79931826250757,12.087329974707956,False
1138,11.124739751298163,11.124739751298163,8.745000000000001,0.0,11.382833908849847,2.379739751298162,False,8.745000000000001,0.0,9.993272929644544,2.379739751298162,False
1139,0.8583792739574401,0.8583792739574401,0.34240448859586087,0.0,15.576788575986821,0.5159747853615793,False,0.8583792739574401,0.0,14.187227596781518,0.0,False
1140,2.3814601483941082,2.3814601483941082,0.0,0.0,15.741000000000001,2.3814601483941082,False,2.3814601483941082,0.0,14.598891834881856,0.0,False
1141,-6.0377946735916455,-6.0377946735916455,0.0,6.0377946735916455,15.741000000000001,0.0,False,0.0,6.0377946735916455,15.741000000000001,0.0,False
1142,-11.720757157939145,-11.720757157939145,0.0,8.745000000000001,12.593581953597779,-2.975757157939144,False,0.0,8.745000000000001,12.593581953597779,-2.975757157939144,False
1143,5.8872590899356405,5.8872590899356405,5.8872590899356405,0.0,8.034935576274982,0.0,False,0.0,0.0,8.034935576274982,5.8872590899356405,False
1144,9.323971572237415,9.323971572237415,8.745000000000001,0.0,10.858365849217252,0.578971572237414,False,0.0,0.0,8.034935576274982,9.323971572237415,False
1145,4.2210416917607905,4.2210416917607905,1.4359959900552786,0.0,15.052320516354225,2.7850457017055117,False,0.06145626283658277,0.0,8.034935576274982,4.159585428924208,False
1146,4.58648144474482,4.58648144474482,0.0,0.0,15.741000000000001,4.58648144474482,False,4.58648144474482,0.0,8.06440896453665,0.0,False
1147,4.614467748320044,4.614467748320044,0.0,0.0,15.741000000000001,4.614467748320044,False,4.614467748320044,0.0,10.264008193916258,0.0,False
1148,6.805849624089472,6.805849624089472,0.0,0.0,15.741000000000001,6.805849624089472,False,6.805849624089472,0.0,12.47702918298657,0.0,False
1149,-7.283705941486173,-7.283705941486173,0.0,7.283705941486173,15.741000000000001,0.0,False,0.0,4.388938553640629,15.741000000000001,-2.894767387845544,False
1150,-9.181800485462862,-9.181800485462862,0.0,8.745000000000001,11.944105808617444,-0.4368004854628609,False,0.0,8.745000000000001,13.4531076228878,-0.4368004854628609,False
1151,8.740536327763742,8.740536327763742,8.740536327763742,0.0,7.385459431294646,0.0,False,8.740536327763742,0.0,8.894461245565003,0.0,False
1152,,0.0,0.0,0.0,11.577273396429582,,False,0.0,0.0,13.086275210699938,0.0,False
1153,,0.0,0.0,0.0,11.577273396429582,,False,0.0,0.0,13.086275210699938,0.0,False
1154,,0.0,0.0,0.0,11.577273396429582,,False,0.0,0.0,13.086275210699938,0.0,False
1155,,0.0,0.0,0.0,11.577273396429582,,False,0.0,0.0,13.086275210699938,0.0,False
1156,,0.0,0.0,0.0,11.577273396429582,,False,0.0,0.0,13.086275210699938,0.0,False
1157,,0.0,0.0,0.0,11.577273396429582,,False,0.0,0.0,13.086275210699938,0.0,False
1158,,0.0,0.0,0.0,11.577273396429582,,False,0.0,0.0,13.086275210699938,0.0,False
1159,,0.0,0.0,0.0,11.577273396429582,,False,0.0,0.0,13.086275210699938,0.0,False
1160,,0.0,0.0,0.0,11.577273396429582,,False,0.0,0.0,13.086275210699938,0.0,False
1161,,0.0,0.0,0.0,11.577273396429582,,False,0.0,0.0,13.086275210699938,0.0,False
1162,,0.0,0.0,0.0,11.577273396429582,,False,0.0,0.0,13.086275210699938,0.0,False
1163,,0.0,0.0,0.0,11.577273396429582,,False,0.0,0.0,13.086275210699938,0.0,False
1164,,0.0,0.0,0.0,11.577273396429582,,False,0.0,0.0,13.086275210699938,0.0,False
1165,,0.0,0.0,0.0,11.577273396429582,,False,0.0,0.0,13.086275210699938,0.0,False
1166,,0.0,0.0,0.0,11.577273396429582,,False,0.0,0.0,13.086275210699938,0.0,False
1167,,0.0,0.0,0.0,11.577273396429582,,False,0.0,0.0,13.086275210699938,0.0,False
1168,,0.0,0.0,0.0,11.577273396429582,,False,0.0,0.0,13.086275210699938,0.0,False
1169,,0.0,0.0,0.0,11.577273396429582,,False,0.0,0.0,13.086275210699938,0.0,False
1170,,0.0,0.0,0.0,11.577273396429582,,False,0.0,0.0,13.086275210699938,0.0,False
1171,,0.0,0.0,0.0,11.577273396429582,,False,0.0,0.0,13.086275210699938,0.0,False
1172,,0.0,0.0,0.0,11.577273396429582,,False,0.0,0.0,13.086275210699938,0.0,False
1173,,0.0,0.0,0.0,11.577273396429582,,False,0.0,0.0,13.086275210699938,0.0,False
1174,,0.0,0.0,0.0,11.577273396429582,,False,0.0,0.0,13.086275210699938,0.0,False
1175,,0.0,0.0,0.0,11.577273396429582,,False,0.0,0.0,13.086275210699938,0.0,False
1176,,0.0,0.0,0.0,11.577273396429582,,False,0.0,0.0,13.086275210699938,0.0,False
1177,,0.0,0.0,0.0,11.577273396429582,,False,0.0,0.0,13.086275210699938,0.0,False
1178,-1.9102140248516275,-1.9102140248516275,0.0,1.9102140248516275,11.577273396429582,0.0,False,0.0,1.9102140248516275,13.086275210699938,0.0,False
1179,-1.883122907834597,-1.883122907834597,0.0,1.883122907834597,10.581505501140724,0.0,False,0.0,1.883122907834597,12.09050731541108,0.0,False
1180,,0.0,0.0,0.0,9.59985982682926,,False,0.0,0.0,11.108861641099615,0.0,False
1181,,0.0,0.0,0.0,9.59985982682926,,False,0.0,0.0,11.108861641099615,0.0,False
1182,,0.0,0.0,0.0,9.59985982682926,,False,0.0,0.0,11.108861641099615,0.0,False
1183,,0.0,0.0,0.0,9.59985982682926,,False,0.0,0.0,11.108861641099615,0.0,False
1184,,0.0,0.0,0.0,9.59985982682926,,False,0.0,0.0,11.108861641099615,0.0,False
1185,,0.0,0.0,0.0,9.59985982682926,,False,0.0,0.0,11.108861641099615,0.0,False
1186,,0.0,0.0,0.0,9.59985982682926,,False,0.0,0.0,11.108861641099615,0.0,False
1187,,0.0,0.0,0.0,9.59985982682926,,False,0.0,0.0,11.108861641099615,0.0,False
1188,,0.0,0.0,0.0,9.59985982682926,,False,0.0,0.0,11.108861641099615,0.0,False
1189,,0.0,0.0,0.0,9.59985982682926,,False,0.0,0.0,11.108861641099615,0.0,False
1190,,0.0,0.0,0.0,9.59985982682926,,False,0.0,0.0,11.108861641099615,0.0,False
1191,,0.0,0.0,0.0,9.59985982682926,,False,0.0,0.0,11.108861641099615,0.0,False
1192,,0.0,0.0,0.0,9.59985982682926,,False,0.0,0.0,11.108861641099615,0.0,False
1193,,0.0,0.0,0.0,9.59985982682926,,False,0.0,0.0,11.108861641099615,0.0,False
1194,,0.0,0.0,0.0,9.59985982682926,,False,0.0,0.0,11.108861641099615,0.0,False
1195,,0.0,0.0,0.0,9.59985982682926,,False,0.0,0.0,11.108861641099615,0.0,False
1196,,0.0,0.0,0.0,9.59985982682926,,False,0.0,0.0,11.108861641099615,0.0,False
1197,,0.0,0.0,0.0,9.59985982682926,,False,0.0,0.0,11.108861641099615,0.0,False
1198,,0.0,0.0,0.0,9.59985982682926,,False,0.0,0.0,11.108861641099615,0.0,False
1199,,0.0,0.0,0.0,9.59985982682926,,False,0.0,0.0,11.108861641099615,0.0,False
1200,,0.0,0.0,0.0,9.59985982682926,,False,0.0,0.0,11.108861641099615,0.0,False
1201,,0.0,0.0,0.0,9.59985982682926,,False,0.0,0.0,11.108861641099615,0.0,False
1202,,0.0,0.0,0.0,9.59985982682926,,False,0.0,0.0,11.108861641099615,0.0,False
1203,,0.0,0.0,0.0,9.59985982682926,,False,0.0,0.0,11.108861641099615,0.0,False
1204,,0.0,0.0,0.0,9.59985982682926,,False,0.0,0.0,11.108861641099615,0.0,False
1205,,0.0,0.0,0.0,9.59985982682926,,False,0.0,0.0,11.108861641099615,0.0,False
1206,3.8841772113692064,3.8841772113692064,3.8841772113692064,0.0,9.59985982682926,0.0,False,3.8841772113692064,0.0,11.108861641099615,0.0,False
1207,-7.995068579560841,-7.995068579560841,0.0,7.995068579560841,11.462645778070993,0.0,False,0.0,7.995068579560841,12.971647592341348,0.0,False
1208,-0.9998550537303779,-0.9998550537303779,0.0,0.9998550537303779,7.294928177537848,0.0,False,0.0,0.9998550537303779,8.803929991808204,0.0,False
1209,8.469784603355736,8.469784603355736,8.469784603355736,0.0,6.773717700861361,0.0,False,8.469784603355736,0.0,8.282719515131717,0.0,False
1210,-1.7040688234771686,-1.7040688234771686,0.0,1.7040688234771686,10.835683700505577,0.0,False,0.0,1.7040688234771686,12.344685514775934,0.0,False
1211,1.6104800288352794,1.6104800288352794,1.6104800288352794,0.0,9.9473764199049,0.0,False,1.6104800288352794,0.0,11.456378234175258,0.0,False
1212,7.3235739407360745,7.3235739407360745,7.3235739407360745,0.0,10.719735508900282,0.0,False,7.3235739407360745,0.0,12.22873732317064,0.0,False
1213,-1.9002772710248954,-1.9002772710248954,0.0,1.9002772710248954,14.231998185729644,0.0,False,0.0,1.9002772710248954,15.741000000000001,0.0,False
1214,-12.567995429254694,-12.567995429254694,0.0,8.745000000000001,13.24141018144531,-3.822995429254693,False,0.0,8.745000000000001,14.750411995715668,-3.822995429254693,False
1215,-7.21557355084,-7.21557355084,0.0,7.21557355084,8.682763804122512,0.0,False,0.0,7.21557355084,10.191765618392871,0.0,False
1216,13.1255609857571,13.1255609857571,8.745000000000001,0.0,4.92138607652469,4.380560985757098,False,8.745000000000001,0.0,6.430387890795049,4.380560985757098,False
1217,12.502747106639365,12.502747106639365,8.745000000000001,0.0,9.115340743661664,3.757747106639364,False,8.745000000000001,0.0,10.624342557932023,3.757747106639364,False
1218,-12.560881453077947,-12.560881453077947,0.0,8.745000000000001,13.309295410798637,-3.815881453077946,False,0.0,0.0,14.818297225068996,-12.560881453077947,False
1219,-22.846784368399753,-22.846784368399753,0.0,8.745000000000001,8.750649033475838,-14.101784368399752,False,0.0,0.0,14.818297225068996,-22.846784368399753,True
1220,-7.863442969484921,-7.863442969484921,0.0,4.686491659966182,4.192002656153041,-3.1769513095187385,False,0.0,7.530232257342973,14.818297225068996,-0.3332107121419474,False
1221,3.8657430495488954,3.8657430495488954,3.8657430495488954,0.0,1.7490000000000006,0.0,False,3.8657430495488954,0.0,10.892892307935112,0.0,False
1222,6.243260297416177,6.243260297416177,6.243260297416177,0.0,3.6029452378053644,0.0,False,6.243260297416177,0.0,12.746837545740476,0.0,False
1223,-3.210187215320056,-3.210187215320056,0.0,3.210187215320056,6.597107692064889,0.0,False,0.0,0.0,15.741000000000001,-3.210187215320056,False
1224,-8.885963752963539,-8.885963752963539,0.0,6.090095863887813,4.923681926524955,-2.7958678890757263,False,0.0,2.2653574930099922,15.741000000000001,-6.620606259953547,False
1225,-4.170069156102138,-4.170069156102138,0.0,4.2595540635239357e-16,1.7490000000000006,-4.170069156102138,False,0.0,4.170069156102138,14.560100774288045,0.0,False
1226,-1.7871360080015934,-1.7871360080015934,0.0,0.0,1.7490000000000003,-1.7871360080015934,False,0.0,1.7871360080015934,12.386301957632751,0.0,False
1227,-2.0239813151550137,-2.0239813151550137,0.0,0.0,1.7490000000000003,-2.0239813151550137,False,0.0,2.0239813151550137,11.454692913760871,0.0,False
1228,-1.2590884087492535,-1.2590884087492535,0.0,0.0,1.7490000000000003,-1.2590884087492535,False,0.0,1.2590884087492535,10.399619718780833,0.0,False
1229,-1.7986994557763112,-1.7986994557763112,0.0,0.0,1.7490000000000003,-1.7986994557763112,False,0.0,1.7986994557763112,9.743274514289821,0.0,False
1230,0.42461255630151046,0.42461255630151046,0.42461255630151046,0.0,1.7490000000000003,0.0,False,0.42461255630151046,0.0,8.805637606574878,0.0,False
1231,4.423453071799843,4.423453071799843,4.423453071799843,0.0,1.9526370282705183,0.0,False,4.423453071799843,0.0,9.009274634845397,0.0,False
1232,5.0585969101679344,5.0585969101679344,5.0585969101679344,0.0,4.074050596633735,0.0,False,5.0585969101679344,0.0,11.130688203208614,0.0,False
1233,0.4556661335632693,0.4556661335632693,0.4556661335632693,0.0,6.500068449185305,0.0,False,0.4556661335632693,0.0,13.556706055760184,0.0,False
1234,1.6622472135599209,1.6622472135599209,1.6622472135599209,0.0,6.71859824993018,0.0,False,1.6622472135599209,0.0,13.77523585650506,0.0,False
1235,2.436654371992632,2.436654371992632,2.436654371992632,0.0,7.51578400856312,0.0,False,2.436654371992632,0.0,14.572421615138,0.0,False
1236,-5.243124619843744,-5.243124619843744,0.0,5.243124619843744,8.684362393425122,0.0,False,0.0,5.243124619843744,15.741000000000001,0.0,False
1237,-4.465790893166031,-4.465790893166031,0.0,4.465790893166031,5.951194748587769,0.0,False,0.0,4.465790893166031,13.007832355162648,0.0,False
1238,-2.8297918468507994,-2.8297918468507994,0.0,2.8297918468507994,3.62324032011293,0.0,False,0.0,2.8297918468507994,10.679877926687809,0.0,False
1239,-0.42897407519291014,-0.42897407519291014,0.0,0.42897407519291014,2.1481093479889752,0.0,False,0.0,0.42897407519291014,9.204746954563854,0.0,False
1240,3.5206325656713076,3.5206325656713076,3.5206325656713076,0.0,1.9244911531526623,0.0,False,3.5206325656713076,0.0,8.981128759727541,0.0,False
1241,-1.605019276009749,-1.605019276009749,0.0,1.605019276009749,3.612927217197442,0.0,False,0.0,0.0,10.66956482377232,-1.605019276009749,False
1242,-9.365698999581305,-9.365698999581305,0.0,1.9706130861486684,2.7762530824787337,-7.395085913432636,False,0.0,0.46297198261384853,10.66956482377232,-8.902727016967457,False
1243,-5.899128542750269,-5.899128542750269,0.0,0.0,1.7490000000000003,-5.899128542750269,False,0.0,5.899128542750269,10.428223994573399,0.0,False
1244,16.488184401306302,16.488184401306302,8.745000000000001,0.0,1.7490000000000003,7.743184401306301,False,8.745000000000001,0.0,7.353090665726055,7.743184401306301,False
1245,37.81877971600569,37.81877971600569,8.745000000000001,0.0,5.942954667136974,29.073779716005692,True,8.745000000000001,0.0,11.547045332863028,29.073779716005692,True
1246,-19.16477486917508,-19.16477486917508,0.0,8.745000000000001,10.136909334273948,-10.419774869175079,False,0.0,8.745000000000001,15.741000000000001,-10.419774869175079,False
1247,-44.995649913382174,-44.995649913382174,0.0,7.345800000000001,5.578262956951151,-37.64984991338217,True,0.0,8.745000000000001,11.182353622677205,-36.250649913382176,True
1248,3.035511335123289,3.035511335123289,3.035511335123289,0.0,1.7490000000000006,0.0,False,3.035511335123289,0.0,6.6237072453544075,0.0,False
1249,0.09351499643050919,0.09351499643050919,0.09351499643050919,0.0,3.2047800950357357,0.0,False,0.09351499643050919,0.0,8.079487340390143,0.0,False
1250,-10.285671462565999,-10.285671462565999,0.0,2.878704225029495,3.249628311814127,-7.406967237536504,False,0.0,8.745000000000001,8.124335557168534,-1.5406714625659976,False
1251,0.969917762957816,0.969917762957816,0.969917762957816,0.0,1.7490000000000003,0.0,False,0.969917762957816,0.0,3.5656891798457364,0.0,False
1252,0.859161767612382,0.859161767612382,0.859161767612382,0.0,2.214156218261405,0.0,False,0.859161767612382,0.0,4.030845398107141,0.0,False
1253,-5.1834000658035855,-5.1834000658035855,0.0,1.6827531681245822,2.626195727135459,-3.5006468976790033,False,0.0,3.3115344241379145,4.442884906981195,-1.871865641665671,False
1254,-1.8562328386927927,-1.8562328386927927,0.0,0.0,1.7490000000000003,-1.8562328386927927,False,0.0,1.8562328386927927,2.716628256783821,0.0,False
1255,0.10322707366212584,0.10322707366212584,0.10322707366212584,0.0,1.7490000000000003,0.0,False,0.10322707366212584,0.0,1.7490000000000003,0.0,False
1256,2.048601444360583,2.048601444360583,2.048601444360583,0.0,1.798505965392815,0.0,False,2.048601444360583,0.0,1.798505965392815,0.0,False
1257,1.8798673739401563,1.8798673739401563,1.8798673739401563,0.0,2.7809807039496603,0.0,False,1.8798673739401563,0.0,2.7809807039496603,0.0,False
1258,1.171363618584237,1.171363618584237,1.171363618584237,0.0,3.6825334251085904,0.0,False,1.171363618584237,0.0,3.6825334251085904,0.0,False
1259,-2.425244113878731,-2.425244113878731,0.0,2.425244113878731,4.244299681835384,0.0,False,0.0,0.0,4.244299681835384,-2.425244113878731,False
1260,-7.729458594025168,-7.729458594025168,0.0,2.361570635824603,2.980053793458402,-5.367887958200565,False,0.0,0.0,4.244299681835384,-7.729458594025168,False
1261,-4.201198737913554,-4.201198737913554,0.0,0.0,1.7490000000000003,-4.201198737913554,False,0.0,0.0,4.244299681835384,-4.201198737913554,False
1262,-0.2737967423239546,-0.2737967423239546,0.0,0.0,1.7490000000000003,-0.2737967423239546,False,0.0,0.0,4.244299681835384,-0.2737967423239546,False
1263,-2.275368720329281,-2.275368720329281,0.0,0.0,1.7490000000000003,-2.275368720329281,False,0.0,0.0,4.244299681835384,-2.275368720329281,False
1264,-3.099574327640191,-3.099574327640191,0.0,0.0,1.7490000000000003,-3.099574327640191,False,0.0,0.0,4.244299681835384,-3.099574327640191,False
1265,-1.1860665300697488,-1.1860665300697488,0.0,0.0,1.7490000000000003,-1.1860665300697488,False,0.0,0.0,4.244299681835384,-1.1860665300697488,False
1266,-0.2129402108204688,-0.2129402108204688,0.0,0.0,1.7490000000000003,-0.2129402108204688,False,0.0,0.0,4.244299681835384,-0.2129402108204688,False
1267,-0.6122667540054458,-0.6122667540054458,0.0,0.0,1.7490000000000003,-0.6122667540054458,False,0.0,0.0,4.244299681835384,-0.6122667540054458,False
1268,-1.8241138510212476,-1.8241138510212476,0.0,0.0,1.7490000000000003,-1.8241138510212476,False,0.0,0.0,4.244299681835384,-1.8241138510212476,False
1269,-2.819543115217435,-2.819543115217435,0.0,0.0,1.7490000000000003,-2.819543115217435,False,0.0,0.0,4.244299681835384,-2.819543115217435,False
1270,-1.9181640834307194,-1.9181640834307194,0.0,0.0,1.7490000000000003,-1.9181640834307194,False,0.0,0.0,4.244299681835384,-1.9181640834307194,False
1271,-1.9603683325703338,-1.9603683325703338,0.0,0.0,1.7490000000000003,-1.9603683325703338,False,0.0,0.0,4.244299681835384,-1.9603683325703338,False
1272,-1.9037901218538242,-1.9037901218538242,0.0,0.0,1.7490000000000003,-1.9037901218538242,False,0.0,0.0,4.244299681835384,-1.9037901218538242,False
1273,-1.6781219154151388,-1.6781219154151388,0.0,0.0,1.7490000000000003,-1.6781219154151388,False,0.0,0.0,4.244299681835384,-1.6781219154151388,False
1274,-1.7172093099085046,-1.7172093099085046,0.0,0.0,1.7490000000000003,-1.7172093099085046,False,0.0,0.0,4.244299681835384,-1.7172093099085046,False
1275,-1.7593152235217395,-1.7593152235217395,0.0,0.0,1.7490000000000003,-1.7593152235217395,False,0.0,1.1966500234722914,4.244299681835384,-0.5626652000494481,False
1276,-1.956394641250493,-1.956394641250493,0.0,0.0,1.7490000000000003,-1.956394641250493,False,0.0,1.956394641250493,3.6205027356461104,0.0,False
1277,-1.6337700849805494,-1.6337700849805494,0.0,0.0,1.7490000000000003,-1.6337700849805494,False,0.0,1.6337700849805494,2.6006615299342415,0.0,False
1278,0.2104607981723164,0.2104607981723164,0.2104607981723164,0.0,1.7490000000000003,0.0,False,0.0,0.0,1.7490000000000003,0.2104607981723164,False
1279,12.745861798779458,12.745861798779458,8.745000000000001,0.0,1.8499334530296354,4.000861798779457,False,0.0,0.0,1.7490000000000003,12.745861798779458,False
1280,18.349402226538338,18.349402226538338,8.745000000000001,0.0,6.043888120166609,9.604402226538337,False,2.9403368148659013,0.0,1.7490000000000003,15.409065411672437,False
1281,9.330542490122118,9.330542490122118,8.745000000000001,0.0,10.237842787303583,0.5855424901221173,False,8.745000000000001,0.0,3.159135998589081,0.5855424901221173,False
1282,51.63748998674299,51.63748998674299,2.729876016693585,0.0,14.431797454440556,48.907613970049404,True,8.745000000000001,0.0,7.353090665726055,42.89248998674299,True
1283,51.05013965052459,51.05013965052459,0.0,0.0,15.741000000000001,51.05013965052459,True,8.745000000000001,0.0,11.547045332863028,42.305139650524595,True
1284,-2.2470720226488217,-2.2470720226488217,0.0,2.2470720226488217,15.741000000000001,0.0,False,0.0,2.2470720226488217,15.741000000000001,0.0,False
1285,-12.536124641084868,-12.536124641084868,0.0,8.745000000000001,14.56963273463334,-3.791124641084867,False,0.0,8.745000000000001,14.56963273463334,-3.791124641084867,False
1286,-9.590155835358244,-9.590155835358244,0.0,8.745000000000001,10.010986357310543,-0.8451558353582431,False,0.0,8.745000000000001,10.010986357310543,-0.8451558353582431,False
1287,-4.536574300257165,-4.536574300257165,0.0,4.536574300257165,5.4523399799877454,0.0,False,0.0,4.536574300257165,5.4523399799877454,0.0,False
1288,-1.257587458418434,-1.257587458418434,0.0,1.257587458418434,3.0874871498764787,0.0,False,0.0,1.257587458418434,3.0874871498764787,0.0,False
1289,16.073042309393404,16.073042309393404,8.745000000000001,0.0,2.4319243698323647,7.328042309393403,False,8.745000000000001,0.0,2.4319243698323647,7.328042309393403,False
1290,27.67703144066351,27.67703144066351,8.745000000000001,0.0,6.625879036969339,18.932031440663508,True,8.745000000000001,0.0,6.625879036969339,18.932031440663508,True
1291,-2.2321444782926982,-2.2321444782926982,0.0,2.2321444782926982,10.819833704106312,0.0,False,0.0,2.2321444782926982,10.819833704106312,0.0,False
1292,-7.742262264510312,-7.742262264510312,0.0,7.742262264510312,9.65624795915147,0.0,False,0.0,7.742262264510312,9.65624795915147,0.0,False
1293,1.8569847689221173,1.8569847689221173,1.8569847689221173,0.0,5.620314760250049,0.0,False,1.8569847689221173,0.0,5.620314760250049,0.0,False
1294,-7.605518262696169,-7.605518262696169,0.0,7.605518262696169,6.510893369560877,0.0,False,0.0,7.605518262696169,6.510893369560877,0.0,False
1295,25.507661352766846,25.507661352766846,8.745000000000001,0.0,2.5462429091946954,16.762661352766845,False,8.745000000000001,0.0,2.5462429091946954,16.762661352766845,False
1296,38.62962608583442,38.62962608583442,8.745000000000001,0.0,6.740197576331669,29.884626085834416,True,8.745000000000001,0.0,6.740197576331669,29.884626085834416,True
1297,-6.467430737717045,-6.467430737717045,0.0,6.467430737717045,10.934152243468642,0.0,False,0.0,0.0,10.934152243468642,-6.467430737717045,False
1298,-30.08360169501203,-30.08360169501203,0.0,8.745000000000001,7.562770916644181,-21.33860169501203,True,0.0,6.5295338199586315,10.934152243468642,-23.5540678750534,True
1299,-3.6867213038317903,-3.6867213038317903,0.0,2.4077463325443387,3.004124539321384,-1.2789749712874516,False,0.0,3.6867213038317903,7.530397447132324,0.0,False
1300,27.321632581897234,27.321632581897234,8.745000000000001,0.0,1.7490000000000003,18.576632581897233,True,8.745000000000001,0.0,5.6085611159817725,18.576632581897233,True
1301,4.286680036917581,4.286680036917581,4.286680036917581,0.0,5.942954667136974,0.0,False,4.286680036917581,0.0,9.802515783118746,0.0,False
1302,-60.38671848279242,-60.38671848279242,0.0,8.745000000000001,7.998774192277441,-51.64171848279241,True,0.0,8.745000000000001,11.858335308259214,-51.64171848279241,True
1303,-44.93588537765906,-44.93588537765906,0.0,3.2441456339641754,3.4401278149546437,-41.69173974369489,True,0.0,8.745000000000001,7.2996889309364175,-36.19088537765906,True
1304,0.18647332750452533,0.18647332750452533,0.18647332750452533,0.0,1.7490000000000003,0.0,False,0.18647332750452533,0.0,2.7410425536136205,0.0,False
1305,0.7871449798206045,0.7871449798206045,0.7871449798206045,0.0,1.8384294662303222,0.0,False,0.7871449798206045,0.0,2.8304720198439424,0.0,False
1306,-2.798796423174259,-2.798796423174259,0.0,0.8957288427391192,2.215930936994423,-1.9030675804351398,False,0.0,2.798796423174259,3.2079734906080435,0.0,False
1307,1.062756070278881,1.062756070278881,1.062756070278881,0.0,1.7490000000000003,0.0,False,0.0,0.0,1.7490000000000003,1.062756070278881,False
1308,2.781762319849213,2.781762319849213,2.781762319849213,0.0,2.258679906343541,0.0,False,0.0,0.0,1.7490000000000003,2.781762319849213,False
1309,7.366271439840613,7.366271439840613,7.366271439840613,0.0,3.5927662487331786,0.0,False,0.0,0.0,1.7490000000000003,7.366271439840613,False
1310,13.157810602996356,13.157810602996356,8.745000000000001,0.0,7.125505926779757,4.412810602996355,False,6.974936039464632,0.0,1.7490000000000003,6.182874563531724,False
1311,9.415040961179832,9.415040961179832,8.745000000000001,0.0,11.31946059391673,0.670040961179831,False,8.745000000000001,0.0,5.094061813115446,0.670040961179831,False
1312,8.068927130748545,8.068927130748545,0.4745469848971931,0.0,15.513415261053705,7.594380145851352,False,8.068927130748545,0.0,9.28801648025242,0.0,False
1313,5.386473644652724,5.386473644652724,0.0,0.0,15.741000000000001,5.386473644652724,False,5.386473644652724,0.0,13.157737989548131,0.0,False
1314,-6.288921093345855,-6.288921093345855,0.0,6.288921093345855,15.741000000000001,0.0,False,0.0,0.0,15.741000000000001,-6.288921093345855,False
1315,-15.767467518564462,-15.767467518564462,0.0,8.745000000000001,12.462673257924529,-7.022467518564461,False,0.0,0.16086302629177393,15.741000000000001,-15.60660449227269,False
1316,-13.146925301231423,-13.146925301231423,0.0,8.745000000000001,7.904026880601731,-4.401925301231422,False,0.0,8.745000000000001,15.657144350823309,-4.401925301231422,False
1317,2.431596409262613,2.431596409262613,2.431596409262613,0.0,3.3453805032789337,0.0,False,2.431596409262613,0.0,11.09849797350051,0.0,False
1318,2.463440088242344,2.463440088242344,2.463440088242344,0.0,4.511533174430499,0.0,False,2.463440088242344,0.0,12.264650644652075,0.0,False
1319,-9.39409430213107,-9.39409430213107,0.0,7.565822354035334,5.69295753752899,-1.8282719480957352,False,0.0,8.745000000000001,13.446075007750565,-0.6490943021310684,False
1320,-11.356423197564276,-11.356423197564276,0.0,4.2595540635239357e-16,1.7490000000000006,-11.356423197564276,False,0.0,8.745000000000001,8.887428630427767,-2.6114231975642745,False
1321,-4.948880421089409,-4.948880421089409,0.0,0.0,1.7490000000000003,-4.948880421089409,False,0.0,4.948880421089409,4.328782253104969,0.0,False
1322,8.141921161118995,8.141921161118995,8.141921161118995,0.0,1.7490000000000003,0.0,False,8.141921161118995,0.0,1.7490000000000003,0.0,False
1323,6.296472751769252,6.296472751769252,6.296472751769252,0.0,5.653728216482138,0.0,False,6.296472751769252,0.0,5.653728216482138,0.0,False
1324,-5.903328193542059,-5.903328193542059,0.0,5.903328193542059,8.673410467343594,0.0,False,0.0,5.903328193542059,8.673410467343594,0.0,False
1325,-0.20146238348748152,-0.20146238348748152,0.0,0.20146238348748152,5.596087919186013,0.0,False,0.0,0.20146238348748152,5.596087919186013,0.0,False
1326,8.23076156249203,8.23076156249203,8.23076156249203,0.0,5.491068392067429,0.0,False,8.23076156249203,0.0,5.491068392067429,0.0,False
1327,-0.22295822225830536,-0.22295822225830536,0.0,0.22295822225830536,9.438402968294422,0.0,False,0.0,0.22295822225830536,9.438402968294422,0.0,False
1328,-6.165854115183135,-6.165854115183135,0.0,6.165854115183135,9.322177960610928,0.0,False,0.0,6.165854115183135,9.322177960610928,0.0,False
1329,-0.00265495164998303,-0.00265495164998303,0.0,0.00265495164998303,6.108004315638891,0.0,False,0.0,0.00265495164998303,6.108004315638891,0.0,False
1330,0.6812207166413379,0.6812207166413379,0.6812207166413379,0.0,6.106620326419776,0.0,False,0.6812207166413379,0.0,6.106620326419776,0.0,False
1331,-3.1254814901315697,-3.1254814901315697,0.0,3.1254814901315697,6.433322305139997,0.0,False,0.0,3.1254814901315697,6.433322305139997,0.0,False
1332,-2.1087530643387495,-2.1087530643387495,0.0,2.1087530643387495,4.804052451237455,0.0,False,0.0,2.1087530643387495,4.804052451237454,0.0,False
1333,0.4430857203759695,0.4430857203759695,0.4430857203759695,0.0,3.704788927233317,0.0,False,0.4430857203759695,0.0,3.7047889272333157,0.0,False
1334,-0.2168394157052989,-0.2168394157052989,0.0,0.2168394157052989,3.917285373764197,0.0,False,0.0,0.0,3.9172853737641957,-0.2168394157052989,False
1335,-0.9994756125179495,-0.9994756125179495,0.0,0.9994756125179495,3.8042500144885247,0.0,False,0.0,0.0,3.9172853737641957,-0.9994756125179495,False
1336,-3.791781221091805,-3.791781221091805,0.0,2.9431775105912457,3.283237335217234,-0.8486037105005595,False,0.0,0.0,3.9172853737641957,-3.791781221091805,False
1337,-5.7573317376971245,-5.7573317376971245,0.0,0.0,1.7490000000000003,-5.7573317376971245,False,0.0,0.0,3.9172853737641957,-5.7573317376971245,False
1338,-3.8782998515061093,-3.8782998515061093,0.0,0.0,1.7490000000000003,-3.8782998515061093,False,0.0,0.0,3.9172853737641957,-3.8782998515061093,False
1339,-1.901813749960673,-1.901813749960673,0.0,0.0,1.7490000000000003,-1.901813749960673,False,0.0,0.0,3.9172853737641957,-1.901813749960673,False
1340,-4.9745678653439915,-4.9745678653439915,0.0,0.0,1.7490000000000003,-4.9745678653439915,False,0.0,0.0,3.9172853737641957,-4.9745678653439915,False
1341,-7.129732519004745,-7.129732519004745,0.0,0.0,1.7490000000000003,-7.129732519004745,False,0.0,0.0,3.9172853737641957,-7.129732519004745,False
1342,-3.9098637260409164,-3.9098637260409164,0.0,0.0,1.7490000000000003,-3.9098637260409164,False,0.0,2.3873864123616593,3.9172853737641957,-1.522477313679257,False
1343,-1.4429898898373807,-1.4429898898373807,0.0,0.0,1.7490000000000003,-1.4429898898373807,False,0.0,1.4429898898373807,2.6727741765106625,0.0,False
1344,-0.3291162366154517,-0.3291162366154517,0.0,0.0,1.7490000000000003,-0.3291162366154517,False,0.0,0.3291162366154517,1.9205636980863516,0.0,False
1345,2.936282867001198,2.936282867001198,2.936282867001198,0.0,1.7490000000000003,0.0,False,0.0,0.0,1.7490000000000003,2.936282867001198,False
1346,20.499395889636148,20.499395889636148,8.745000000000001,0.0,3.15719179349274,11.754395889636147,False,0.0,0.0,1.7490000000000003,20.499395889636148,True
1347,41.92443568744565,41.92443568744565,8.745000000000001,0.0,7.351146460629714,33.17943568744565,True,2.9403368148659013,0.0,1.7490000000000003,38.98409887257975,True
1348,33.90724189865862,33.90724189865862,8.745000000000001,0.0,11.545101127766689,25.162241898658618,True,8.745000000000001,0.0,3.159135998589081,25.162241898658618,True
1349,19.406662914187557,19.406662914187557,0.004053947864697135,0.0,15.739055794903663,19.40260896632286,True,8.745000000000001,0.0,7.353090665726055,10.661662914187556,False
1350,13.90737656115066,13.90737656115066,0.0,0.0,15.741000000000001,13.90737656115066,False,8.745000000000001,0.0,11.547045332863028,5.1623765611506585,False
1351,4.74929399355698,4.74929399355698,0.0,0.0,15.741000000000001,4.74929399355698,False,0.0,0.0,15.741000000000001,4.74929399355698,False
1352,-12.423538425611545,-12.423538425611545,0.0,8.745000000000001,15.741000000000001,-3.678538425611544,False,0.0,0.6063098696766263,15.741000000000001,-11.817228555934918,False
1353,-23.702445517549364,-23.702445517549364,0.0,8.745000000000001,11.182353622677205,-14.957445517549363,False,0.0,8.745000000000001,15.424939131968394,-14.957445517549363,False
1354,-14.873804321954355,-14.873804321954355,0.0,8.745000000000001,6.6237072453544075,-6.1288043219543535,False,0.0,8.745000000000001,10.866292754645595,-6.1288043219543535,False
1355,-9.308054105197565,-9.308054105197565,0.0,0.6063098696766301,2.06506086803161,-8.701744235520934,False,0.0,8.745000000000001,6.307646377322798,-0.5630541051975637,False
1356,-4.219239367864011,-4.219239367864011,0.0,0.0,1.7490000000000003,-4.219239367864011,False,0.0,0.0,1.7490000000000003,-4.219239367864011,False
1357,-0.12366862728498339,-0.12366862728498339,0.0,0.0,1.7490000000000003,-0.12366862728498339,False,0.0,0.0,1.7490000000000003,-0.12366862728498339,False
1358,0.05385109440247594,0.05385109440247594,0.05385109440247594,0.0,1.7490000000000003,0.0,False,0.0,0.0,1.7490000000000003,0.05385109440247594,False
1359,3.8356294615916693,3.8356294615916693,3.8356294615916693,0.0,1.7748260776100286,0.0,False,0.0,0.0,1.7490000000000003,3.8356294615916693,False
1360,12.87948177250586,12.87948177250586,8.745000000000001,0.0,3.614329345974861,4.134481772505859,False,0.0,0.0,1.7490000000000003,12.87948177250586,False
1361,12.00899343547289,12.00899343547289,8.745000000000001,0.0,7.808284013111835,3.263993435472889,False,0.0,0.0,1.7490000000000003,12.00899343547289,False
1362,14.773513435927265,14.773513435927265,7.795856258871755,0.0,12.002238680248809,6.9776571770555105,False,0.0,0.0,1.7490000000000003,14.773513435927265,False
1363,21.374594229826826,21.374594229826826,0.0,0.0,15.741000000000001,21.374594229826826,True,0.9652354514557331,0.0,1.7490000000000003,20.409358778371093,True
1364,10.63494926882659,10.63494926882659,0.0,0.0,15.741000000000001,10.63494926882659,False,8.745000000000001,0.0,2.2119106605510392,1.889949268826589,False
1365,3.16374392573543,3.16374392573543,0.0,0.0,15.741000000000001,3.16374392573543,False,3.16374392573543,0.0,6.405865327688013,0.0,False
1366,12.978542251098315,12.978542251098315,0.0,0.0,15.741000000000001,12.978542251098315,False,8.745000000000001,0.0,7.923143612761124,4.233542251098314,False
1367,4.799131178844365,4.799131178844365,0.0,0.0,15.741000000000001,4.799131178844365,False,4.799131178844365,0.0,12.117098279898098,0.0,False
1368,-7.737456941942244,-7.737456941942244,0.0,7.737456941942244,15.741000000000001,0.0,False,0.0,7.737456941942244,14.418680739099571,0.0,False
1369,-9.882720838408265,-9.882720838408265,0.0,8.745000000000001,11.70757174864767,-1.1377208384082635,False,0.0,8.745000000000001,10.38525248774724,-1.1377208384082635,False
1370,-1.5102005111782322,-1.5102005111782322,0.0,1.5102005111782322,7.148925371324872,0.0,False,0.0,1.5102005111782322,5.826606110424442,0.0,False
1371,20.605782845476153,20.605782845476153,8.745000000000001,0.0,6.361678934582312,11.860782845476152,False,8.745000000000001,0.0,5.039359673681882,11.860782845476152,False
1372,-2.6586183865662023,-2.6586183865662023,0.0,2.6586183865662023,10.555633601719286,0.0,False,0.0,2.6586183865662023,9.233314340818856,0.0,False
1373,-16.364352419288704,-16.364352419288704,0.0,8.745000000000001,9.169732964028743,-7.6193524192887025,False,0.0,8.745000000000001,7.847413703128312,-7.6193524192887025,False
1374,-1.2926413902002298,-1.2926413902002298,0.0,1.2926413902002298,4.611086586705945,0.0,False,0.0,1.2926413902002298,3.2887673258055155,0.0,False
1375,-1.6611444816657763,-1.6611444816657763,0.0,1.6611444816657763,3.9372506815471366,0.0,False,0.0,1.6611444816657763,2.6149314206467067,0.0,False
1376,6.9671930296961095,6.9671930296961095,6.9671930296961095,0.0,3.0713192609004305,0.0,False,6.9671930296961095,0.0,1.7490000000000003,0.0,False
1377,9.815962271557261,9.815962271557261,8.745000000000001,0.0,6.412667656982556,1.07096227155726,False,8.745000000000001,0.0,5.090348396082126,1.07096227155726,False
1378,3.412977074632532,3.412977074632532,3.412977074632532,0.0,10.606622324119531,0.0,False,3.412977074632532,0.0,9.284303063219099,0.0,False
1379,4.270676869857415,4.270676869857415,4.270676869857415,0.0,12.243428628406164,0.0,False,4.270676869857415,0.0,10.921109367505732,0.0,False
1380,-2.2169370971355145,-2.2169370971355145,0.0,2.2169370971355145,14.291573304240632,0.0,False,0.0,2.2169370971355145,12.9692540433402,0.0,False
1381,-6.718724185061887,-6.718724185061887,0.0,6.718724185061887,13.135914954714123,0.0,False,0.0,6.718724185061887,11.81359569381369,0.0,False
1382,-1.4555903594529085,-1.4555903594529085,0.0,1.4555903594529085,9.633537863065932,0.0,False,0.0,1.4555903594529085,8.3112186021655,0.0,False
1383,2.1253535080711683,2.1253535080711683,2.1253535080711683,0.0,8.874758935794807,0.0,False,2.1253535080711683,0.0,7.552439674894375,0.0,False
1384,-0.059551020243907044,-0.059551020243907044,0.0,0.059551020243907044,9.894042671013905,0.0,False,0.0,0.059551020243907044,8.571723410113472,0.0,False
1385,-0.003159532381876763,-0.003159532381876763,0.0,0.003159532381876763,9.862999555782256,0.0,False,0.0,0.003159532381876763,8.540680294881824,0.0,False
1386,-2.161138513495717,-2.161138513495717,0.0,2.161138513495717,9.861352535674003,0.0,False,0.0,2.161138513495717,8.53903327477357,0.0,False
1387,1.5676816135843634,1.5676816135843634,1.5676816135843634,0.0,8.73478120857966,0.0,False,1.5676816135843634,0.0,7.412461947679229,0.0,False
1388,5.210597089681442,5.210597089681442,5.210597089681442,0.0,9.486614898674224,0.0,False,5.210597089681442,0.0,8.164295637773792,0.0,False
1389,3.5784813036748178,3.5784813036748178,3.5784813036748178,0.0,11.985529476471802,0.0,False,3.5784813036748178,0.0,10.66321021557137,0.0,False
1390,5.5691441124595515,5.5691441124595515,4.252216053546166,0.0,13.70170882064669,1.3169280589133852,False,5.5691441124595515,0.0,12.379389559746258,0.0,False
1391,-4.363272243855567,-4.363272243855567,0.0,4.363272243855567,15.741000000000001,0.0,False,0.0,4.363272243855567,15.050257248986753,0.0,False
1392,-9.524634671861893,-9.524634671861893,0.0,8.745000000000001,13.466487111752398,-0.7796346718618921,False,0.0,8.745000000000001,12.77574436073915,-0.7796346718618921,False
1393,-4.183302201178893,-4.183302201178893,0.0,4.183302201178893,8.907840734429602,0.0,False,0.0,4.183302201178893,8.217097983416352,0.0,False
1394,3.2549672249184263,3.2549672249184263,3.2549672249184263,0.0,6.727143716173382,0.0,False,3.2549672249184263,0.0,6.036400965160132,0.0,False
1395,5.157447336261602,5.157447336261602,5.157447336261602,0.0,8.288171158634732,0.0,False,5.157447336261602,0.0,7.597428407621483,0.0,False
1396,-0.579768507889887,-0.579768507889887,0.0,0.579768507889887,10.761596010141593,0.0,False,0.0,0.579768507889887,10.070853259128343,0.0,False
1397,2.0271727664220145,2.0271727664220145,2.0271727664220145,0.0,10.459370783363083,0.0,False,0.0,0.0,9.768628032349833,2.0271727664220145,False
1398,11.603074414726668,11.603074414726668,8.745000000000001,0.0,11.431568689003857,2.8580744147266675,False,6.923229988022264,0.0,9.768628032349833,4.679844426704404,False
1399,5.53002642563247,5.53002642563247,0.24078544731572263,0.0,15.625523356140832,5.289240978316747,False,5.53002642563247,0.0,13.088892494319945,0.0,False
1400,-6.780785866105233,-6.780785866105233,0.0,6.780785866105233,15.741000000000001,0.0,False,0.0,0.0,15.741000000000001,-6.780785866105233,False
1401,-2.5142033584432113,-2.5142033584432113,0.0,2.5142033584432113,12.206271020706435,0.0,False,0.0,2.487544880488977,15.741000000000001,-0.02665847795423426,False
1402,2.703853130966278,2.703853130966278,2.703853130966278,0.0,10.895651920441146,0.0,False,2.703853130966278,0.0,14.444277592010414,0.0,False
1403,-3.105278147585605,-3.105278147585605,0.0,3.105278147585605,12.192374328430734,0.0,False,0.0,0.0,15.741000000000001,-3.105278147585605,False
1404,-4.145301238086015,-4.145301238086015,0.0,4.145301238086015,10.573636194860606,0.0,False,0.0,0.0,15.741000000000001,-4.145301238086015,False
1405,-5.795499728380632,-5.795499728380632,0.0,5.795499728380632,8.412748547986677,0.0,False,0.0,0.0,15.741000000000001,-5.795499728380632,False
1406,-3.228556752329123,-3.228556752329123,0.0,3.228556752329123,5.391635472908619,0.0,False,0.0,0.0,15.741000000000001,-3.228556752329123,False
1407,-0.4488241237775445,-0.4488241237775445,0.0,0.4488241237775445,3.7086339242538204,0.0,False,0.0,0.0,15.741000000000001,-0.4488241237775445,False
1408,-5.834449513127081,-5.834449513127081,0.0,3.3104055354582473,3.4746681762934335,-2.5240439776688333,False,0.0,0.0,15.741000000000001,-5.834449513127081,False
1409,-10.198054937673902,-10.198054937673902,0.0,0.0,1.7490000000000003,-10.198054937673902,False,0.0,0.0,15.741000000000001,-10.198054937673902,False
1410,-9.516258107018396,-9.516258107018396,0.0,0.0,1.7490000000000003,-9.516258107018396,False,0.0,0.0,15.741000000000001,-9.516258107018396,False
1411,-4.639887073939618,-4.639887073939618,0.0,0.0,1.7490000000000003,-4.639887073939618,False,0.0,0.0,15.741000000000001,-4.639887073939618,False
1412,-2.3182175560503193,-2.3182175560503193,0.0,0.0,1.7490000000000003,-2.3182175560503193,False,0.0,0.0,15.741000000000001,-2.3182175560503193,False
1413,-2.029473164845063,-2.029473164845063,0.0,0.0,1.7490000000000003,-2.029473164845063,False,0.0,0.0,15.741000000000001,-2.029473164845063,False
1414,-1.9370089031331041,-1.9370089031331041,0.0,0.0,1.7490000000000003,-1.9370089031331041,False,0.0,0.0,15.741000000000001,-1.9370089031331041,False
1415,-0.36217393508714607,-0.36217393508714607,0.0,0.0,1.7490000000000003,-0.36217393508714607,False,0.0,0.0,15.741000000000001,-0.36217393508714607,False
1416,-0.8501707355470545,-0.8501707355470545,0.0,0.0,1.7490000000000003,-0.8501707355470545,False,0.0,0.0,15.741000000000001,-0.8501707355470545,False
1417,-1.0274081786824756,-1.0274081786824756,0.0,0.0,1.7490000000000003,-1.0274081786824756,False,0.0,0.0,15.741000000000001,-1.0274081786824756,False
1418,-0.74591684516756,-0.74591684516756,0.0,0.0,1.7490000000000003,-0.74591684516756,False,0.0,0.0,15.741000000000001,-0.74591684516756,False
1419,-0.6358097275259956,-0.6358097275259956,0.0,0.0,1.7490000000000003,-0.6358097275259956,False,0.0,0.0,15.741000000000001,-0.6358097275259956,False
1420,-0.6370203452518475,-0.6370203452518475,0.0,0.0,1.7490000000000003,-0.6370203452518475,False,0.0,0.0,15.741000000000001,-0.6370203452518475,False
1421,-0.8015987517276496,-0.8015987517276496,0.0,0.0,1.7490000000000003,-0.8015987517276496,False,0.0,0.0,15.741000000000001,-0.8015987517276496,False
1422,-1.2091977149926503,-1.2091977149926503,0.0,0.0,1.7490000000000003,-1.2091977149926503,False,0.0,0.0,15.741000000000001,-1.2091977149926503,False
1423,-1.075617295323588,-1.075617295323588,0.0,0.0,1.7490000000000003,-1.075617295323588,False,0.0,0.0,15.741000000000001,-1.075617295323588,False
1424,-0.9629951986509476,-0.9629951986509476,0.0,0.0,1.7490000000000003,-0.9629951986509476,False,0.0,0.0,15.741000000000001,-0.9629951986509476,False
1425,-1.2459929627506374,-1.2459929627506374,0.0,0.0,1.7490000000000003,-1.2459929627506374,False,0.0,0.0,15.741000000000001,-1.2459929627506374,False
1426,-1.5863394961822141,-1.5863394961822141,0.0,0.0,1.7490000000000003,-1.5863394961822141,False,0.0,0.0,15.741000000000001,-1.5863394961822141,False
1427,-1.6024474883590791,-1.6024474883590791,0.0,0.0,1.7490000000000003,-1.6024474883590791,False,0.0,0.0,15.741000000000001,-1.6024474883590791,False
1428,-1.501531023665281,-1.501531023665281,0.0,0.0,1.7490000000000003,-1.501531023665281,False,0.0,0.0,15.741000000000001,-1.501531023665281,False
1429,-1.453082460292898,-1.453082460292898,0.0,0.0,1.7490000000000003,-1.453082460292898,False,0.0,0.0,15.741000000000001,-1.453082460292898,False
1430,-1.7934279443364707,-1.7934279443364707,0.0,0.0,1.7490000000000003,-1.7934279443364707,False,0.0,0.0,15.741000000000001,-1.7934279443364707,False
1431,-2.0170613480834554,-2.0170613480834554,0.0,0.0,1.7490000000000003,-2.0170613480834554,False,0.0,0.0,15.741000000000001,-2.0170613480834554,False
1432,-2.1102762947509763,-2.1102762947509763,0.0,0.0,1.7490000000000003,-2.1102762947509763,False,0.0,0.0,15.741000000000001,-2.1102762947509763,False
1433,-2.0332660055107934,-2.0332660055107934,0.0,0.0,1.7490000000000003,-2.0332660055107934,False,0.0,0.0,15.741000000000001,-2.0332660055107934,False
1434,-2.0046435865388053,-2.0046435865388053,0.0,0.0,1.7490000000000003,-2.0046435865388053,False,0.0,0.0,15.741000000000001,-2.0046435865388053,False
1435,-1.9801010814383775,-1.9801010814383775,0.0,0.0,1.7490000000000003,-1.9801010814383775,False,0.0,0.0,15.741000000000001,-1.9801010814383775,False
1436,-1.978005115166867,-1.978005115166867,0.0,0.0,1.7490000000000003,-1.978005115166867,False,0.0,0.0,15.741000000000001,-1.978005115166867,False
1437,-1.9596377049174867,-1.9596377049174867,0.0,0.0,1.7490000000000003,-1.9596377049174867,False,0.0,0.0,15.741000000000001,-1.9596377049174867,False
1438,-1.9749788804216986,-1.9749788804216986,0.0,0.0,1.7490000000000003,-1.9749788804216986,False,0.0,0.0,15.741000000000001,-1.9749788804216986,False
1439,-1.9958279350177193,-1.9958279350177193,0.0,0.0,1.7490000000000003,-1.9958279350177193,False,0.0,0.0,15.741000000000001,-1.9958279350177193,False
1440,-1.9795683027763242,-1.9795683027763242,0.0,0.0,1.7490000000000003,-1.9795683027763242,False,0.0,0.0,15.741000000000001,-1.9795683027763242,False
1441,-1.9708530505780257,-1.9708530505780257,0.0,0.0,1.7490000000000003,-1.9708530505780257,False,0.0,0.0,15.741000000000001,-1.9708530505780257,False
1442,-1.980504689182045,-1.980504689182045,0.0,0.0,1.7490000000000003,-1.980504689182045,False,0.0,0.0,15.741000000000001,-1.980504689182045,False
1443,-1.9697833779039637,-1.9697833779039637,0.0,0.0,1.7490000000000003,-1.9697833779039637,False,0.0,0.0,15.741000000000001,-1.9697833779039637,False
1444,-1.9735789600958549,-1.9735789600958549,0.0,0.0,1.7490000000000003,-1.9735789600958549,False,0.0,0.0,15.741000000000001,-1.9735789600958549,False
1445,-1.9831717874981734,-1.9831717874981734,0.0,0.0,1.7490000000000003,-1.9831717874981734,False,0.0,0.0,15.741000000000001,-1.9831717874981734,False
1446,-1.9673868756530233,-1.9673868756530233,0.0,0.0,1.7490000000000003,-1.9673868756530233,False,0.0,0.0,15.741000000000001,-1.9673868756530233,False
1447,-1.9629134858789734,-1.9629134858789734,0.0,0.0,1.7490000000000003,-1.9629134858789734,False,0.0,0.0,15.741000000000001,-1.9629134858789734,False
1448,-1.9750263827186774,-1.9750263827186774,0.0,0.0,1.7490000000000003,-1.9750263827186774,False,0.0,0.0,15.741000000000001,-1.9750263827186774,False
1449,-1.9727412467696552,-1.9727412467696552,0.0,0.0,1.7490000000000003,-1.9727412467696552,False,0.0,1.1636948783583227,15.741000000000001,-0.8090463684113325,False
1450,-1.9749512841406645,-1.9749512841406645,0.0,0.0,1.7490000000000003,-1.9749512841406645,False,0.0,1.9749512841406645,15.13438211074474,0.0,False
1451,-1.9777896749351669,-1.9777896749351669,0.0,0.0,1.7490000000000003,-1.9777896749351669,False,0.0,1.9777896749351669,14.104867586235095,0.0,False
1452,-1.9737122892142063,-1.9737122892142063,0.0,0.0,1.7490000000000003,-1.9737122892142063,False,0.0,1.9737122892142063,13.073873448241997,0.0,False
1453,-1.973073932499566,-1.973073932499566,0.0,0.0,1.7490000000000003,-1.973073932499566,False,0.0,1.973073932499566,12.045004794485127,0.0,False
1454,-1.9686161987200452,-1.9686161987200452,0.0,0.0,1.7490000000000003,-1.9686161987200452,False,0.0,1.9686161987200452,11.016468907169038,0.0,False
1455,-1.981356832467789,-1.981356832467789,0.0,0.0,1.7490000000000003,-1.981356832467789,False,0.0,1.981356832467789,9.990256774220597,0.0,False
1456,-1.9787250145763535,-1.9787250145763535,0.0,0.0,1.7490000000000003,-1.9787250145763535,False,0.0,1.9787250145763535,8.95740312682059,0.0,False
1457,-1.9647885236195235,-1.9647885236195235,0.0,0.0,1.7490000000000003,-1.9647885236195235,False,0.0,1.9647885236195235,7.925921409334428,0.0,False
1458,-1.976074238616137,-1.976074238616137,0.0,0.0,1.7490000000000003,-1.976074238616137,False,0.0,1.976074238616137,6.901704589962954,0.0,False
1459,-1.9822606126392472,-1.9822606126392472,0.0,0.0,1.7490000000000003,-1.9822606126392472,False,0.0,1.9822606126392472,5.871604684967144,0.0,False
1460,-1.9846721849764144,-1.9846721849764144,0.0,0.0,1.7490000000000003,-1.9846721849764144,False,0.0,1.9846721849764144,4.838279909584918,0.0,False
1461,-2.0041252588240566,-2.0041252588240566,0.0,0.0,1.7490000000000003,-2.0041252588240566,False,0.0,2.0041252588240566,3.803698015220589,0.0,False
1462,-1.8026319446251573,-1.8026319446251573,0.0,0.0,1.7490000000000003,-1.8026319446251573,False,0.0,1.8026319446251573,2.7589755051188853,0.0,False
1463,-0.13483700146397665,-0.13483700146397665,0.0,0.0,1.7490000000000003,-0.13483700146397665,False,0.0,0.13483700146397665,1.8192886458836854,0.0,False
1464,0.9762579903796549,0.9762579903796549,0.9762579903796549,0.0,1.7490000000000003,0.0,False,0.9762579903796549,0.0,1.7490000000000003,0.0,False
1465,-0.15692539466102753,-0.15692539466102753,0.0,0.15692539466102753,2.217196884514868,0.0,False,0.0,0.0,2.217196884514868,-0.15692539466102753,False
1466,-1.2579336690107334,-1.2579336690107334,0.0,0.7412319564882554,2.1353938677188196,-0.5167017125224781,False,0.0,0.0,2.217196884514868,-1.2579336690107334,False
1467,-4.031666509098755,-4.031666509098755,0.0,0.0,1.7490000000000003,-4.031666509098755,False,0.0,0.0,2.217196884514868,-4.031666509098755,False
1468,-4.384456501838218,-4.384456501838218,0.0,0.0,1.7490000000000003,-4.384456501838218,False,0.0,0.0,2.217196884514868,-4.384456501838218,False
1469,-1.4742511016330706,-1.4742511016330706,0.0,0.0,1.7490000000000003,-1.4742511016330706,False,0.0,0.0,2.217196884514868,-1.4742511016330706,False
1470,-2.309716201483355,-2.309716201483355,0.0,0.0,1.7490000000000003,-2.309716201483355,False,0.0,0.0,2.217196884514868,-2.309716201483355,False
1471,-3.349136217442794,-3.349136217442794,0.0,0.0,1.7490000000000003,-3.349136217442794,False,0.0,0.0,2.217196884514868,-3.349136217442794,False
1472,-2.182464438858898,-2.182464438858898,0.0,0.0,1.7490000000000003,-2.182464438858898,False,0.0,0.0,2.217196884514868,-2.182464438858898,False
1473,-1.4474203491481892,-1.4474203491481892,0.0,0.0,1.7490000000000003,-1.4474203491481892,False,0.0,0.0,2.217196884514868,-1.4474203491481892,False
1474,-1.5317360517952094,-1.5317360517952094,0.0,0.0,1.7490000000000003,-1.5317360517952094,False,0.0,0.0,2.217196884514868,-1.5317360517952094,False
1475,-1.6108997840368593,-1.6108997840368593,0.0,0.0,1.7490000000000003,-1.6108997840368593,False,0.0,0.8981573511492829,2.217196884514868,-0.7127424328875764,False
1476,0.2510754369870247,0.2510754369870247,0.2510754369870247,0.0,1.7490000000000003,0.0,False,0.2510754369870247,0.0,1.7490000000000003,0.0,False
1477,6.022218170204076,6.022218170204076,6.022218170204076,0.0,1.8694115495431893,0.0,False,6.022218170204076,0.0,1.8694115495431893,0.0,False
1478,8.419409431818332,8.419409431818332,8.419409431818332,0.0,4.757565923636324,0.0,False,8.419409431818332,0.0,4.757565923636324,0.0,False
1479,4.899116867860302,4.899116867860302,4.899116867860302,0.0,8.795372839715403,0.0,False,4.899116867860302,0.0,8.795372839715403,0.0,False
1480,0.0950955409175539,0.0950955409175539,0.0950955409175539,0.0,11.144906750843155,0.0,False,0.0950955409175539,0.0,11.144906750843155,0.0,False
1481,-1.0664265671696804,-1.0664265671696804,0.0,1.0664265671696804,11.190512970129044,0.0,False,0.0,1.0664265671696804,11.190512970129044,0.0,False
1482,0.8184413155072761,0.8184413155072761,0.8184413155072761,0.0,10.634599693158334,0.0,False,0.8184413155072761,0.0,10.634599693158334,0.0,False
1483,-0.6113323500685626,-0.6113323500685626,0.0,0.6113323500685626,11.027110359247466,0.0,False,0.0,0.6113323500685626,11.027110359247466,0.0,False
1484,1.6221623407892054,1.6221623407892054,1.6221623407892054,0.0,10.708431342325763,0.0,False,0.0,0.0,10.708431342325763,1.6221623407892054,False
1485,5.968121431559678,5.968121431559678,5.968121431559678,0.0,11.486393071314525,0.0,False,0.0,0.0,10.708431342325763,5.968121431559678,False
1486,2.9944452845688816,2.9944452845688816,2.9033472762205466,0.0,14.34860356095774,0.09109800834833504,False,0.0,0.0,10.708431342325763,2.9944452845688816,False
1487,3.3126923100354677,3.3126923100354677,0.0,0.0,15.741000000000001,3.3126923100354677,False,0.0,0.0,10.708431342325763,3.3126923100354677,False
1488,10.073110429474122,10.073110429474122,0.0,0.0,15.741000000000001,10.073110429474122,False,6.4074951806358715,0.0,10.708431342325763,3.6656152488382503,False
1489,4.086135867933558,4.086135867933558,0.0,0.0,15.741000000000001,4.086135867933558,False,4.086135867933558,0.0,13.781358079602548,0.0,False
1490,-12.745914792873661,-12.745914792873661,0.0,8.745000000000001,15.741000000000001,-4.00091479287366,False,0.0,0.0,15.741000000000001,-12.745914792873661,False
1491,-15.4637212863324,-15.4637212863324,0.0,8.745000000000001,11.182353622677205,-6.718721286332398,False,0.0,0.0,15.741000000000001,-15.4637212863324,False
1492,-9.316234959178322,-9.316234959178322,0.0,8.745000000000001,6.6237072453544075,-0.5712349591783212,False,0.0,0.0,15.741000000000001,-9.316234959178322,False
1493,-7.000434668395095,-7.000434668395095,0.0,0.6063098696766301,2.06506086803161,-6.394124798718465,False,0.0,2.2711181541060323,15.741000000000001,-4.729316514289063,False
1494,-1.31306160626701,-1.31306160626701,0.0,0.0,1.7490000000000003,-1.31306160626701,False,0.0,1.31306160626701,14.55709782210549,0.0,False
1495,3.2973756176278783,3.2973756176278783,3.2973756176278783,0.0,1.7490000000000003,0.0,False,3.2973756176278783,0.0,13.872617143476473,0.0,False
1496,-1.3513765112710714,-1.3513765112710714,0.0,1.3513765112710714,3.330365793122253,0.0,False,0.0,1.3513765112710714,15.453982936598726,0.0,False
1497,-3.7387709488274896,-3.7387709488274896,0.0,1.682209056946576,2.6259120895767993,-2.0565618918809134,False,0.0,3.7387709488274896,14.749529233053272,0.0,False
1498,1.5799148542403574,1.5799148542403574,1.5799148542403574,0.0,1.7490000000000003,0.0,False,1.5799148542403574,0.0,12.800560148832329,0.0,False
1499,3.652679156983793,3.652679156983793,3.652679156983793,0.0,2.5067005462115928,0.0,False,3.652679156983793,0.0,13.558260695043922,0.0,False
1500,0.8986469151388424,0.8986469151388424,0.8986469151388424,0.0,4.2584639307726135,0.0,False,0.8986469151388424,0.0,15.310024079604942,0.0,False
1501,-5.6753141947787435,-5.6753141947787435,0.0,5.640741652253953,4.6894398511676725,-0.03457254252479025,False,0.0,5.6753141947787435,15.741000000000001,0.0,False
1502,-10.380916743893449,-10.380916743893449,0.0,4.2595540635239357e-16,1.7490000000000006,-10.380916743893449,False,0.0,8.745000000000001,12.782537965214779,-1.635916743893448,False
1503,-7.711405360050289,-7.711405360050289,0.0,0.0,1.7490000000000003,-7.711405360050289,False,0.0,7.711405360050289,8.22389158789198,0.0,False
1504,-0.25222093144233126,-0.25222093144233126,0.0,0.0,1.7490000000000003,-0.25222093144233126,False,0.0,0.25222093144233126,4.2040436623733015,0.0,False
1505,4.522707424826031,4.522707424826031,4.522707424826031,0.0,1.7490000000000003,0.0,False,4.522707424826031,0.0,4.072564413041733,0.0,False
1506,-2.5636478977191186,-2.5636478977191186,0.0,2.5636478977191186,3.918014283870117,0.0,False,0.0,0.0,6.24157869691185,-2.5636478977191186,False
1507,-8.231067165266538,-8.231067165266538,0.0,1.5972429331208295,2.5816204357662333,-6.633824232145708,False,0.0,0.0,6.24157869691185,-8.231067165266538,False
1508,-3.3505798692647217,-3.3505798692647217,0.0,0.0,1.7490000000000003,-3.3505798692647217,False,0.0,0.0,6.24157869691185,-3.3505798692647217,False
1509,-0.2584953648597927,-0.2584953648597927,0.0,0.0,1.7490000000000003,-0.2584953648597927,False,0.0,0.0,6.24157869691185,-0.2584953648597927,False
1510,-0.7948778465645194,-0.7948778465645194,0.0,0.0,1.7490000000000003,-0.7948778465645194,False,0.0,0.0,6.24157869691185,-0.7948778465645194,False
1511,-0.8727055408495555,-0.8727055408495555,0.0,0.0,1.7490000000000003,-0.8727055408495555,False,0.0,0.0,6.24157869691185,-0.8727055408495555,False
1512,-1.4452063039894942,-1.4452063039894942,0.0,0.0,1.7490000000000003,-1.4452063039894942,False,0.0,0.0,6.24157869691185,-1.4452063039894942,False
1513,-1.9484401577519848,-1.9484401577519848,0.0,0.0,1.7490000000000003,-1.9484401577519848,False,0.0,0.009556030108407313,6.24157869691185,-1.9388841276435775,False
1514,-1.526173852882356,-1.526173852882356,0.0,0.0,1.7490000000000003,-1.526173852882356,False,0.0,1.526173852882356,6.236597271864934,0.0,False
1515,-1.231702890999758,-1.231702890999758,0.0,0.0,1.7490000000000003,-1.231702890999758,False,0.0,1.231702890999758,5.441024155157452,0.0,False
1516,-1.0982377614692596,-1.0982377614692596,0.0,0.0,1.7490000000000003,-1.0982377614692596,False,0.0,1.0982377614692596,4.798954638634403,0.0,False
1517,-1.2487045113936328,-1.2487045113936328,0.0,0.0,1.7490000000000003,-1.2487045113936328,False,0.0,1.2487045113936328,4.226458630314113,0.0,False
1518,-1.5348183815761287,-1.5348183815761287,0.0,0.0,1.7490000000000003,-1.5348183815761287,False,0.0,1.5348183815761287,3.5755264065049404,0.0,False
1519,-1.5323758610377451,-1.5323758610377451,0.0,0.0,1.7490000000000003,-1.5323758610377451,False,0.0,1.5323758610377451,2.7754470177090047,0.0,False
1520,-0.43669092477792426,-0.43669092477792426,0.0,0.0,1.7490000000000003,-0.43669092477792426,False,0.0,0.43669092477792426,1.9766408807602778,0.0,False
1521,2.118914987972957,2.118914987972957,2.118914987972957,0.0,1.7490000000000003,0.0,False,0.294629936314722,0.0,1.7490000000000003,1.824285051658235,False
1522,3.720481515102724,3.720481515102724,3.720481515102724,0.0,2.76519592945405,0.0,False,3.720481515102724,0.0,1.8902995536289766,0.0,False
1523,3.121808282321759,3.121808282321759,3.121808282321759,0.0,4.549476182657241,0.0,False,3.121808282321759,0.0,3.674579806832168,0.0,False
1524,1.5827355217459635,1.5827355217459635,1.5827355217459635,0.0,6.046642839666983,0.0,False,1.5827355217459635,0.0,5.17174646384191,0.0,False
1525,2.9656815593807337,2.9656815593807337,2.9656815593807337,0.0,6.805696130492593,0.0,False,2.9656815593807337,0.0,5.93079975466752,0.0,False
1526,10.340448144909287,10.340448144909287,8.745000000000001,0.0,8.227987041551128,1.5954481449092857,False,8.745000000000001,0.0,7.353090665726055,1.5954481449092857,False
1527,10.606702367230385,10.606702367230385,6.920714948341764,0.0,12.421941708688102,3.6859874188886215,False,8.745000000000001,0.0,11.547045332863028,1.861702367230384,False
1528,-5.119105322067443,-5.119105322067443,0.0,5.119105322067443,15.741000000000001,0.0,False,0.0,5.119105322067443,15.741000000000001,0.0,False
1529,-14.645224877954917,-14.645224877954917,0.0,8.745000000000001,13.072481883181638,-5.900224877954916,False,0.0,8.745000000000001,13.072481883181636,-5.900224877954916,False
1530,-7.506072134012253,-7.506072134012253,0.0,7.506072134012253,8.51383550585884,0.0,False,0.0,7.506072134012253,8.51383550585884,0.0,False
1531,-0.4824736246140636,-0.4824736246140636,0.0,0.4824736246140636,4.6010249236245855,0.0,False,0.0,0.4824736246140636,4.6010249236245855,0.0,False
1532,1.654995067962654,1.654995067962654,1.654995067962654,0.0,4.349518160788599,0.0,False,1.654995067962654,0.0,4.349518160788599,0.0,False
1533,0.18466867746434054,0.18466867746434054,0.18466867746434054,0.0,5.143225912574836,0.0,False,0.18466867746434054,0.0,5.143225912574836,0.0,False
1534,-3.589171069475008,-3.589171069475008,0.0,3.589171069475008,5.231789899050032,0.0,False,0.0,3.589171069475008,5.231789899050032,0.0,False
1535,1.262029867635136,1.262029867635136,1.262029867635136,0.0,3.3608051427945678,0.0,False,1.262029867635136,0.0,3.3608051427945678,0.0,False
1536,8.958814279524452,8.958814279524452,8.745000000000001,0.0,3.966053405051244,0.21381427952445087,False,8.745000000000001,0.0,3.966053405051244,0.21381427952445087,False
1537,6.019418140662546,6.019418140662546,6.019418140662546,0.0,8.160008072188218,0.0,False,6.019418140662546,0.0,8.160008072188218,0.0,False
1538,-7.158918841486981,-7.158918841486981,0.0,7.158918841486981,11.046819599287206,0.0,False,0.0,0.710643456833905,11.046819599287206,-6.448275384653076,False
1539,-15.709683842617201,-15.709683842617201,0.0,8.745000000000001,7.314975180500181,-6.9646838426172,False,0.0,8.745000000000001,10.676371089274166,-6.9646838426172,False
1540,-8.380667076100663,-8.380667076100663,0.0,1.9323916914475867,2.756328803177383,-6.448275384653076,False,0.0,8.380667076100663,6.11772471195137,0.0,False
1541,11.259200459713727,11.259200459713727,8.745000000000001,0.0,1.7490000000000003,2.5142004597137255,False,0.0,0.0,1.7490000000000003,11.259200459713727,False
1542,23.698325357898877,23.698325357898877,8.745000000000001,0.0,5.942954667136974,14.953325357898876,False,0.0,0.0,1.7490000000000003,23.698325357898877,True
1543,22.9292721770623,22.9292721770623,8.745000000000001,0.0,10.136909334273948,14.184272177062297,False,0.0,0.0,1.7490000000000003,22.9292721770623,True
1544,24.51559616853675,24.51559616853675,2.940336814865897,0.0,14.330864001410923,21.57525935367085,True,0.0,0.0,1.7490000000000003,24.51559616853675,True
1545,28.879495421724673,28.879495421724673,0.0,0.0,15.741000000000001,28.879495421724673,True,6.037844519541756,0.0,1.7490000000000003,22.841650902182916,True
1546,22.48803250508327,22.48803250508327,0.0,0.0,15.741000000000001,22.48803250508327,True,8.745000000000001,0.0,4.64464850796793,13.74303250508327,False
1547,4.23275635984484,4.23275635984484,0.0,0.0,15.741000000000001,4.23275635984484,False,0.0,0.0,8.838603175104904,4.23275635984484,False
1548,2.499603747838323,2.499603747838323,0.0,0.0,15.741000000000001,2.499603747838323,False,2.499603747838323,0.0,8.838603175104904,0.0,False
1549,14.197647776922066,14.197647776922066,0.0,0.0,15.741000000000001,14.197647776922066,False,8.745000000000001,0.0,10.037371020072268,5.452647776922065,False
1550,3.1478885474858256,3.1478885474858256,0.0,0.0,15.741000000000001,3.1478885474858256,False,3.1478885474858256,0.0,14.23132568720924,0.0,False
1551,-11.509352697604282,-11.509352697604282,0.0,8.745000000000001,15.741000000000001,-2.7643526976042807,False,0.0,0.8993407355074483,15.741000000000001,-10.610011962096834,False
1552,0.9775442777254869,0.9775442777254869,0.9775442777254869,0.0,11.182353622677205,0.0,False,0.9775442777254869,0.0,15.272186233745016,0.0,False
1553,-5.276150609307914,-5.276150609307914,0.0,5.276150609307914,11.65116738893219,0.0,False,0.0,0.6063098696766263,15.741000000000001,-4.6698407396312875,False
1554,-29.939912493591766,-29.939912493591766,0.0,8.745000000000001,8.900783756990396,-21.194912493591765,True,0.0,8.745000000000001,15.424939131968394,-21.194912493591765,True
1555,-24.813583884097163,-24.813583884097163,0.0,4.974499995876164,4.342137379667599,-19.839083888220998,True,0.0,8.745000000000001,10.866292754645595,-16.068583884097162,False
1556,-8.825012062081363,-8.825012062081363,0.0,4.2595540635239357e-16,1.7490000000000006,-8.825012062081363,False,0.0,8.745000000000001,6.307646377322798,-0.08001206208136225,False
1557,0.5569320759440219,0.5569320759440219,0.5569320759440219,0.0,1.7490000000000003,0.0,False,0.5569320759440219,0.0,1.7490000000000003,0.0,False
1558,-0.933743696930806,-0.933743696930806,0.0,0.5123775098685,2.0160952406156336,-0.4213661870623061,False,0.0,0.0,2.0160952406156336,-0.933743696930806,False
1559,-4.6384296489001375,-4.6384296489001375,0.0,0.0,1.7490000000000003,-4.6384296489001375,False,0.0,0.0,2.0160952406156336,-4.6384296489001375,False
1560,-6.376910178700689,-6.376910178700689,0.0,0.0,1.7490000000000003,-6.376910178700689,False,0.0,0.0,2.0160952406156336,-6.376910178700689,False
1561,-6.966521159026584,-6.966521159026584,0.0,0.0,1.7490000000000003,-6.966521159026584,False,0.0,0.5123775098685,2.0160952406156336,-6.454143649158084,False
1562,1.299859430687372,1.299859430687372,1.299859430687372,0.0,1.7490000000000003,0.0,False,1.299859430687372,0.0,1.7490000000000003,0.0,False
1563,1.665201852934031,1.665201852934031,1.665201852934031,0.0,2.3723906833565827,0.0,False,1.665201852934031,0.0,2.3723906833565827,0.0,False
1564,-3.5752222543305607,-3.5752222543305607,0.0,2.7278563809316907,3.1709934372545603,-0.84736587339887,False,0.0,2.7278563809316907,3.1709934372545603,-0.84736587339887,False
1565,0.3938375915547999,0.3938375915547999,0.3938375915547999,0.0,1.7490000000000003,0.0,False,0.0,0.0,1.7490000000000003,0.3938375915547999,False
1566,1.6102885155245605,1.6102885155245605,1.6102885155245605,0.0,1.9378778736644071,0.0,False,0.0,0.0,1.7490000000000003,1.6102885155245605,False
1567,1.4208494950922839,1.4208494950922839,1.4208494950922839,0.0,2.7101451161025203,0.0,False,0.0,0.0,1.7490000000000003,1.4208494950922839,False
1568,9.158356282964714,9.158356282964714,8.745000000000001,0.0,3.391560595947174,0.4133562829647133,False,0.0,0.0,1.7490000000000003,9.158356282964714,False
1569,10.571005685296168,10.571005685296168,8.745000000000001,0.0,7.585515263084147,1.8260056852961668,False,0.0,0.0,1.7490000000000003,10.571005685296168,False
1570,7.058251050268481,7.058251050268481,7.058251050268481,0.0,11.779469930221122,0.0,False,6.525582792132811,0.0,1.7490000000000003,0.5326682581356703,False
1571,3.7217463774434787,3.7217463774434787,1.2021101624257748,0.0,15.164488218854391,2.519636215017704,False,3.7217463774434787,0.0,4.878559566249757,0.0,False
1572,7.676873149004454,7.676873149004454,0.0,0.0,15.741000000000001,7.676873149004454,False,7.676873149004454,0.0,6.663446426121593,0.0,False
1573,17.728405537647436,17.728405537647436,0.0,0.0,15.741000000000001,17.728405537647436,True,0.0,0.0,10.345145450968447,17.728405537647436,True
1574,5.193378381516705,5.193378381516705,0.0,0.0,15.741000000000001,5.193378381516705,False,5.193378381516705,0.0,10.345145450968447,0.0,False
1575,-6.791124086924109,-6.791124086924109,0.0,6.791124086924109,15.741000000000001,0.0,False,0.0,6.791124086924109,12.835802226425308,0.0,False
1576,-4.315383422295511,-4.315383422295511,0.0,4.315383422295511,12.200881850565333,0.0,False,0.0,4.315383422295511,9.29568407699064,0.0,False
1577,5.332019152147981,5.332019152147981,5.332019152147981,0.0,9.951332736236427,0.0,False,5.332019152147981,0.0,7.046134962661732,0.0,False
1578,7.127185348247664,7.127185348247664,6.740271618742909,0.0,12.508479289514272,0.3869137295047551,False,7.127185348247664,0.0,9.603281515939576,0.0,False
1579,-4.122539137790426,-4.122539137790426,0.0,4.122539137790426,15.741000000000001,0.0,False,0.0,4.122539137790426,13.021359532501446,0.0,False
1580,-12.536865334117651,-12.536865334117651,0.0,8.745000000000001,13.59197791814068,-3.7918653341176505,False,0.0,8.745000000000001,10.872337450642124,-3.7918653341176505,False
1581,-12.085393254610148,-12.085393254610148,0.0,8.745000000000001,9.033331540817883,-3.340393254610147,False,0.0,8.745000000000001,6.313691073319326,-3.340393254610147,False
1582,-0.011595737443597568,-0.011595737443597568,0.0,0.011595737443597568,4.474685163495086,0.0,False,0.0,0.011595737443597568,1.755044695996529,0.0,False
1583,16.977101443162596,16.977101443162596,8.745000000000001,0.0,4.468640467498557,8.232101443162595,False,0.0,0.0,1.7490000000000003,16.977101443162596,False
1584,16.441948540750463,16.441948540750463,8.745000000000001,0.0,8.66259513463553,7.696948540750462,False,6.6447092522488065,0.0,1.7490000000000003,9.797239288501657,False
1585,5.073764764376965,5.073764764376965,5.073764764376965,0.0,12.856549801772506,0.0,False,5.073764764376965,0.0,4.935690609518252,0.0,False
1586,-3.1444019558427065,-3.1444019558427065,0.0,3.1444019558427065,15.289841901659743,0.0,False,0.0,3.1444019558427065,7.368982709405491,0.0,False
1587,-7.636594139453004,-7.636594139453004,0.0,7.636594139453004,13.650709073203588,0.0,False,0.0,7.636594139453004,5.729849880949336,0.0,False
1588,10.797188152196593,10.797188152196593,8.745000000000001,0.0,9.669859192254252,2.0521881521965923,False,2.9403368148659013,0.0,1.7490000000000003,7.856851337330692,False
1589,17.82127375252661,17.82127375252661,3.914203681851005,0.0,13.863813859391225,13.907070070675607,False,8.745000000000001,0.0,3.159135998589081,9.07627375252661,False
1590,7.7085454279435375,7.7085454279435375,0.0,0.0,15.741000000000001,7.7085454279435375,False,0.0,0.0,7.353090665726055,7.7085454279435375,False
1591,13.94021453526413,13.94021453526413,0.0,0.0,15.741000000000001,13.94021453526413,False,8.745000000000001,0.0,7.353090665726055,5.195214535264128,False
1592,11.764426565233338,11.764426565233338,0.0,0.0,15.741000000000001,11.764426565233338,False,8.745000000000001,0.0,11.547045332863028,3.0194265652333367,False
1593,-2.0182765796185635,-2.0182765796185635,0.0,2.0182765796185635,15.741000000000001,0.0,False,0.0,2.0182765796185635,15.741000000000001,0.0,False
1594,2.0488382562534744,2.0488382562534744,2.0488382562534744,0.0,14.688900603989296,0.0,False,0.0,0.0,14.688900603989296,2.0488382562534744,False
1595,13.616954933098706,13.616954933098706,0.14494063463626897,0.0,15.671488913540244,13.472014298462437,False,0.0,0.0,14.688900603989296,13.616954933098706,False
1596,14.8190551263185,14.8190551263185,0.0,0.0,15.741000000000001,14.8190551263185,False,0.0,0.0,14.688900603989296,14.8190551263185,False
1597,14.880123386718118,14.880123386718118,0.0,0.0,15.741000000000001,14.880123386718118,False,0.0,0.0,14.688900603989296,14.880123386718118,False
1598,14.148886214338724,14.148886214338724,0.0,0.0,15.741000000000001,14.148886214338724,False,2.1937788908897446,0.0,14.688900603989296,11.95510732344898,False
1599,-4.5120973250651435,-4.5120973250651435,0.0,4.5120973250651435,15.741000000000001,0.0,False,0.0,0.0,15.741000000000001,-4.5120973250651435,False
1600,-21.99216431708884,-21.99216431708884,0.0,8.745000000000001,13.38890667523887,-13.247164317088838,False,0.0,0.0,15.741000000000001,-21.99216431708884,True
1601,-16.619092231736506,-16.619092231736506,0.0,8.745000000000001,8.830260297916073,-7.874092231736505,False,0.0,0.0,15.741000000000001,-16.619092231736506,False
1602,-16.373313318352395,-16.373313318352395,0.0,4.839212544611487,4.271613920593276,-11.534100773740906,False,0.0,0.0,15.741000000000001,-16.373313318352395,False
1603,-17.429237260582585,-17.429237260582585,0.0,4.2595540635239357e-16,1.7490000000000006,-17.429237260582585,False,0.0,0.24302287176910875,15.741000000000001,-17.186214388813475,False
1604,-11.127349229467976,-11.127349229467976,0.0,0.0,1.7490000000000003,-11.127349229467976,False,0.0,8.745000000000001,15.614315570726493,-2.382349229467975,False
1605,-7.215176182582507,-7.215176182582507,0.0,0.0,1.7490000000000003,-7.215176182582507,False,0.0,0.0,11.055669193403695,-7.215176182582507,False
1606,4.281475946908018,4.281475946908018,4.281475946908018,0.0,1.7490000000000003,0.0,False,4.281475946908018,0.0,11.055669193403695,0.0,False
1607,5.488114131101885,5.488114131101885,5.488114131101885,0.0,3.8023237312486655,0.0,False,5.488114131101885,0.0,13.108992924652359,0.0,False
1608,-1.1404740081980937,-1.1404740081980937,0.0,1.1404740081980937,6.434330806596307,0.0,False,0.0,1.1404740081980937,15.741000000000001,0.0,False
1609,-0.9000364797540688,-0.9000364797540688,0.0,0.9000364797540688,5.839817632679434,0.0,False,0.0,0.9000364797540688,15.146486826083128,0.0,False
1610,-4.146603353700909,-4.146603353700909,0.0,4.146603353700909,5.370641184664654,0.0,False,0.0,4.146603353700909,14.677310378068348,0.0,False
1611,-6.8209645716533025,-6.8209645716533025,0.0,2.800909030116039,3.209074763104539,-4.020055541537264,False,0.0,6.8209645716533025,12.515743956508233,0.0,False
1612,,0.0,0.0,0.0,1.7490000000000003,,False,0.0,0.0,8.960070379102348,0.0,False
1613,,0.0,0.0,0.0,1.7490000000000003,,False,0.0,0.0,8.960070379102348,0.0,False
1614,,0.0,0.0,0.0,1.7490000000000003,,False,0.0,0.0,8.960070379102348,0.0,False
1615,,0.0,0.0,0.0,1.7490000000000003,,False,0.0,0.0,8.960070379102348,0.0,False
1616,,0.0,0.0,0.0,1.7490000000000003,,False,0.0,0.0,8.960070379102348,0.0,False
1617,,0.0,0.0,0.0,1.7490000000000003,,False,0.0,0.0,8.960070379102348,0.0,False
1618,,0.0,0.0,0.0,1.7490000000000003,,False,0.0,0.0,8.960070379102348,0.0,False
1619,,0.0,0.0,0.0,1.7490000000000003,,False,0.0,0.0,8.960070379102348,0.0,False
1620,,0.0,0.0,0.0,1.7490000000000003,,False,0.0,0.0,8.960070379102348,0.0,False
1621,,0.0,0.0,0.0,1.7490000000000003,,False,0.0,0.0,8.960070379102348,0.0,False
1622,,0.0,0.0,0.0,1.7490000000000003,,False,0.0,0.0,8.960070379102348,0.0,False
1623,,0.0,0.0,0.0,1.7490000000000003,,False,0.0,0.0,8.960070379102348,0.0,False
1624,,0.0,0.0,0.0,1.7490000000000003,,False,0.0,0.0,8.960070379102348,0.0,False
1625,,0.0,0.0,0.0,1.7490000000000003,,False,0.0,0.0,8.960070379102348,0.0,False
1626,,0.0,0.0,0.0,1.7490000000000003,,False,0.0,0.0,8.960070379102348,0.0,False
1627,,0.0,0.0,0.0,1.7490000000000003,,False,0.0,0.0,8.960070379102348,0.0,False
1628,,0.0,0.0,0.0,1.7490000000000003,,False,0.0,0.0,8.960070379102348,0.0,False
1629,,0.0,0.0,0.0,1.7490000000000003,,False,0.0,0.0,8.960070379102348,0.0,False
1630,,0.0,0.0,0.0,1.7490000000000003,,False,0.0,0.0,8.960070379102348,0.0,False
1631,,0.0,0.0,0.0,1.7490000000000003,,False,0.0,0.0,8.960070379102348,0.0,False
1632,,0.0,0.0,0.0,1.7490000000000003,,False,0.0,0.0,8.960070379102348,0.0,False
1633,,0.0,0.0,0.0,1.7490000000000003,,False,0.0,0.0,8.960070379102348,0.0,False
1634,,0.0,0.0,0.0,1.7490000000000003,,False,0.0,0.0,8.960070379102348,0.0,False
1635,,0.0,0.0,0.0,1.7490000000000003,,False,0.0,0.0,8.960070379102348,0.0,False
1636,,0.0,0.0,0.0,1.7490000000000003,,False,0.0,0.0,8.960070379102348,0.0,False
1637,,0.0,0.0,0.0,1.7490000000000003,,False,0.0,0.0,8.960070379102348,0.0,False
1638,,0.0,0.0,0.0,1.7490000000000003,,False,0.0,0.0,8.960070379102348,0.0,False
1639,,0.0,0.0,0.0,1.7490000000000003,,False,0.0,0.0,8.960070379102348,0.0,False
1640,,0.0,0.0,0.0,1.7490000000000003,,False,0.0,0.0,8.960070379102348,0.0,False
1641,,0.0,0.0,0.0,1.7490000000000003,,False,0.0,0.0,8.960070379102348,0.0,False
1642,,0.0,0.0,0.0,1.7490000000000003,,False,0.0,0.0,8.960070379102348,0.0,False
1643,,0.0,0.0,0.0,1.7490000000000003,,False,0.0,0.0,8.960070379102348,0.0,False
1644,,0.0,0.0,0.0,1.7490000000000003,,False,0.0,0.0,8.960070379102348,0.0,False
1645,,0.0,0.0,0.0,1.7490000000000003,,False,0.0,0.0,8.960070379102348,0.0,False
1646,,0.0,0.0,0.0,1.7490000000000003,,False,0.0,0.0,8.960070379102348,0.0,False
1647,,0.0,0.0,0.0,1.7490000000000003,,False,0.0,0.0,8.960070379102348,0.0,False
1648,,0.0,0.0,0.0,1.7490000000000003,,False,0.0,0.0,8.960070379102348,0.0,False
1649,,0.0,0.0,0.0,1.7490000000000003,,False,0.0,0.0,8.960070379102348,0.0,False
1650,,0.0,0.0,0.0,1.7490000000000003,,False,0.0,0.0,8.960070379102348,0.0,False
1651,,0.0,0.0,0.0,1.7490000000000003,,False,0.0,0.0,8.960070379102348,0.0,False
1652,,0.0,0.0,0.0,1.7490000000000003,,False,0.0,0.0,8.960070379102348,0.0,False
1653,,0.0,0.0,0.0,1.7490000000000003,,False,0.0,0.0,8.960070379102348,0.0,False
1654,,0.0,0.0,0.0,1.7490000000000003,,False,0.0,0.0,8.960070379102348,0.0,False
1655,,0.0,0.0,0.0,1.7490000000000003,,False,0.0,0.0,8.960070379102348,0.0,False
1656,,0.0,0.0,0.0,1.7490000000000003,,False,0.0,0.0,8.960070379102348,0.0,False
1657,,0.0,0.0,0.0,1.7490000000000003,,False,0.0,0.0,8.960070379102348,0.0,False
1658,,0.0,0.0,0.0,1.7490000000000003,,False,0.0,0.0,8.960070379102348,0.0,False
1659,,0.0,0.0,0.0,1.7490000000000003,,False,0.0,0.0,8.960070379102348,0.0,False
1660,,0.0,0.0,0.0,1.7490000000000003,,False,0.0,0.0,8.960070379102348,0.0,False
1661,,0.0,0.0,0.0,1.7490000000000003,,False,0.0,0.0,8.960070379102348,0.0,False
1662,,0.0,0.0,0.0,1.7490000000000003,,False,0.0,0.0,8.960070379102348,0.0,False
1663,,0.0,0.0,0.0,1.7490000000000003,,False,0.0,0.0,8.960070379102348,0.0,False
1664,,0.0,0.0,0.0,1.7490000000000003,,False,0.0,0.0,8.960070379102348,0.0,False
1665,,0.0,0.0,0.0,1.7490000000000003,,False,0.0,0.0,8.960070379102348,0.0,False
1666,,0.0,0.0,0.0,1.7490000000000003,,False,0.0,0.0,8.960070379102348,0.0,False
1667,,0.0,0.0,0.0,1.7490000000000003,,False,0.0,0.0,8.960070379102348,0.0,False
1668,,0.0,0.0,0.0,1.7490000000000003,,False,0.0,0.0,8.960070379102348,0.0,False
1669,,0.0,0.0,0.0,1.7490000000000003,,False,0.0,0.0,8.960070379102348,0.0,False
1670,,0.0,0.0,0.0,1.7490000000000003,,False,0.0,0.0,8.960070379102348,0.0,False
1671,,0.0,0.0,0.0,1.7490000000000003,,False,0.0,0.0,8.960070379102348,0.0,False
1672,,0.0,0.0,0.0,1.7490000000000003,,False,0.0,0.0,8.960070379102348,0.0,False
1673,,0.0,0.0,0.0,1.7490000000000003,,False,0.0,0.0,8.960070379102348,0.0,False
1674,,0.0,0.0,0.0,1.7490000000000003,,False,0.0,0.0,8.960070379102348,0.0,False
1675,,0.0,0.0,0.0,1.7490000000000003,,False,0.0,0.0,8.960070379102348,0.0,False
1676,,0.0,0.0,0.0,1.7490000000000003,,False,0.0,0.0,8.960070379102348,0.0,False
1677,,0.0,0.0,0.0,1.7490000000000003,,False,0.0,0.0,8.960070379102348,0.0,False
1678,,0.0,0.0,0.0,1.7490000000000003,,False,0.0,0.0,8.960070379102348,0.0,False
1679,,0.0,0.0,0.0,1.7490000000000003,,False,0.0,0.0,8.960070379102348,0.0,False
1680,,0.0,0.0,0.0,1.7490000000000003,,False,0.0,0.0,8.960070379102348,0.0,False
1681,,0.0,0.0,0.0,1.7490000000000003,,False,0.0,0.0,8.960070379102348,0.0,False
1682,,0.0,0.0,0.0,1.7490000000000003,,False,0.0,0.0,8.960070379102348,0.0,False
1683,,0.0,0.0,0.0,1.7490000000000003,,False,0.0,0.0,8.960070379102348,0.0,False
1684,,0.0,0.0,0.0,1.7490000000000003,,False,0.0,0.0,8.960070379102348,0.0,False
1685,,0.0,0.0,0.0,1.7490000000000003,,False,0.0,0.0,8.960070379102348,0.0,False
1686,,0.0,0.0,0.0,1.7490000000000003,,False,0.0,0.0,8.960070379102348,0.0,False
1687,,0.0,0.0,0.0,1.7490000000000003,,False,0.0,0.0,8.960070379102348,0.0,False
1688,,0.0,0.0,0.0,1.7490000000000003,,False,0.0,0.0,8.960070379102348,0.0,False
1689,,0.0,0.0,0.0,1.7490000000000003,,False,0.0,0.0,8.960070379102348,0.0,False
1690,,0.0,0.0,0.0,1.7490000000000003,,False,0.0,0.0,8.960070379102348,0.0,False
1691,,0.0,0.0,0.0,1.7490000000000003,,False,0.0,0.0,8.960070379102348,0.0,False
1692,,0.0,0.0,0.0,1.7490000000000003,,False,0.0,0.0,8.960070379102348,0.0,False
1693,,0.0,0.0,0.0,1.7490000000000003,,False,0.0,0.0,8.960070379102348,0.0,False
1694,,0.0,0.0,0.0,1.7490000000000003,,False,0.0,0.0,8.960070379102348,0.0,False
1695,,0.0,0.0,0.0,1.7490000000000003,,False,0.0,0.0,8.960070379102348,0.0,False
1696,,0.0,0.0,0.0,1.7490000000000003,,False,0.0,0.0,8.960070379102348,0.0,False
1697,,0.0,0.0,0.0,1.7490000000000003,,False,0.0,0.0,8.960070379102348,0.0,False
1698,,0.0,0.0,0.0,1.7490000000000003,,False,0.0,0.0,8.960070379102348,0.0,False
1699,,0.0,0.0,0.0,1.7490000000000003,,False,0.0,0.0,8.960070379102348,0.0,False
1700,,0.0,0.0,0.0,1.7490000000000003,,False,0.0,0.0,8.960070379102348,0.0,False
1701,,0.0,0.0,0.0,1.7490000000000003,,False,0.0,0.0,8.960070379102348,0.0,False
1702,,0.0,0.0,0.0,1.7490000000000003,,False,0.0,0.0,8.960070379102348,0.0,False
1703,,0.0,0.0,0.0,1.7490000000000003,,False,0.0,0.0,8.960070379102348,0.0,False
1704,,0.0,0.0,0.0,1.7490000000000003,,False,0.0,0.0,8.960070379102348,0.0,False
1705,,0.0,0.0,0.0,1.7490000000000003,,False,0.0,0.0,8.960070379102348,0.0,False
1706,,0.0,0.0,0.0,1.7490000000000003,,False,0.0,0.0,8.960070379102348,0.0,False
1707,,0.0,0.0,0.0,1.7490000000000003,,False,0.0,0.0,8.960070379102348,0.0,False
1708,,0.0,0.0,0.0,1.7490000000000003,,False,0.0,0.0,8.960070379102348,0.0,False
1709,,0.0,0.0,0.0,1.7490000000000003,,False,0.0,0.0,8.960070379102348,0.0,False
1710,,0.0,0.0,0.0,1.7490000000000003,,False,0.0,0.0,8.960070379102348,0.0,False
1711,,0.0,0.0,0.0,1.7490000000000003,,False,0.0,0.0,8.960070379102348,0.0,False
1712,,0.0,0.0,0.0,1.7490000000000003,,False,0.0,0.0,8.960070379102348,0.0,False
1713,,0.0,0.0,0.0,1.7490000000000003,,False,0.0,0.0,8.960070379102348,0.0,False
1714,,0.0,0.0,0.0,1.7490000000000003,,False,0.0,0.0,8.960070379102348,0.0,False
1715,,0.0,0.0,0.0,1.7490000000000003,,False,0.0,0.0,8.960070379102348,0.0,False
1716,,0.0,0.0,0.0,1.7490000000000003,,False,0.0,0.0,8.960070379102348,0.0,False
1717,,0.0,0.0,0.0,1.7490000000000003,,False,0.0,0.0,8.960070379102348,0.0,False
1718,,0.0,0.0,0.0,1.7490000000000003,,False,0.0,0.0,8.960070379102348,0.0,False
1719,,0.0,0.0,0.0,1.7490000000000003,,False,0.0,0.0,8.960070379102348,0.0,False
1720,,0.0,0.0,0.0,1.7490000000000003,,False,0.0,0.0,8.960070379102348,0.0,False
1721,,0.0,0.0,0.0,1.7490000000000003,,False,0.0,0.0,8.960070379102348,0.0,False
1722,,0.0,0.0,0.0,1.7490000000000003,,False,0.0,0.0,8.960070379102348,0.0,False
1723,,0.0,0.0,0.0,1.7490000000000003,,False,0.0,0.0,8.960070379102348,0.0,False
1724,,0.0,0.0,0.0,1.7490000000000003,,False,0.0,0.0,8.960070379102348,0.0,False
1725,,0.0,0.0,0.0,1.7490000000000003,,False,0.0,0.0,8.960070379102348,0.0,False
1726,,0.0,0.0,0.0,1.7490000000000003,,False,0.0,0.0,8.960070379102348,0.0,False
1727,,0.0,0.0,0.0,1.7490000000000003,,False,0.0,0.0,8.960070379102348,0.0,False
1728,,0.0,0.0,0.0,1.7490000000000003,,False,0.0,0.0,8.960070379102348,0.0,False
1729,,0.0,0.0,0.0,1.7490000000000003,,False,0.0,0.0,8.960070379102348,0.0,False
1730,,0.0,0.0,0.0,1.7490000000000003,,False,0.0,0.0,8.960070379102348,0.0,False
1731,,0.0,0.0,0.0,1.7490000000000003,,False,0.0,0.0,8.960070379102348,0.0,False
1732,,0.0,0.0,0.0,1.7490000000000003,,False,0.0,0.0,8.960070379102348,0.0,False
1733,,0.0,0.0,0.0,1.7490000000000003,,False,0.0,0.0,8.960070379102348,0.0,False
1734,,0.0,0.0,0.0,1.7490000000000003,,False,0.0,0.0,8.960070379102348,0.0,False
1735,,0.0,0.0,0.0,1.7490000000000003,,False,0.0,0.0,8.960070379102348,0.0,False
1736,,0.0,0.0,0.0,1.7490000000000003,,False,0.0,0.0,8.960070379102348,0.0,False
1737,,0.0,0.0,0.0,1.7490000000000003,,False,0.0,0.0,8.960070379102348,0.0,False
1738,,0.0,0.0,0.0,1.7490000000000003,,False,0.0,0.0,8.960070379102348,0.0,False
1739,,0.0,0.0,0.0,1.7490000000000003,,False,0.0,0.0,8.960070379102348,0.0,False
1740,,0.0,0.0,0.0,1.7490000000000003,,False,0.0,0.0,8.960070379102348,0.0,False
1741,,0.0,0.0,0.0,1.7490000000000003,,False,0.0,0.0,8.960070379102348,0.0,False
1742,,0.0,0.0,0.0,1.7490000000000003,,False,0.0,0.0,8.960070379102348,0.0,False
1743,,0.0,0.0,0.0,1.7490000000000003,,False,0.0,0.0,8.960070379102348,0.0,False
1744,,0.0,0.0,0.0,1.7490000000000003,,False,0.0,0.0,8.960070379102348,0.0,False
1745,,0.0,0.0,0.0,1.7490000000000003,,False,0.0,0.0,8.960070379102348,0.0,False
1746,,0.0,0.0,0.0,1.7490000000000003,,False,0.0,0.0,8.960070379102348,0.0,False
1747,,0.0,0.0,0.0,1.7490000000000003,,False,0.0,0.0,8.960070379102348,0.0,False
1748,,0.0,0.0,0.0,1.7490000000000003,,False,0.0,0.0,8.960070379102348,0.0,False
1749,,0.0,0.0,0.0,1.7490000000000003,,False,0.0,0.0,8.960070379102348,0.0,False
1750,,0.0,0.0,0.0,1.7490000000000003,,False,0.0,0.0,8.960070379102348,0.0,False
1751,,0.0,0.0,0.0,1.7490000000000003,,False,0.0,0.0,8.960070379102348,0.0,False
1752,,0.0,0.0,0.0,1.7490000000000003,,False,0.0,0.0,8.960070379102348,0.0,False
1753,,0.0,0.0,0.0,1.7490000000000003,,False,0.0,0.0,8.960070379102348,0.0,False
1754,,0.0,0.0,0.0,1.7490000000000003,,False,0.0,0.0,8.960070379102348,0.0,False
1755,,0.0,0.0,0.0,1.7490000000000003,,False,0.0,0.0,8.960070379102348,0.0,False
1756,,0.0,0.0,0.0,1.7490000000000003,,False,0.0,0.0,8.960070379102348,0.0,False
1757,,0.0,0.0,0.0,1.7490000000000003,,False,0.0,0.0,8.960070379102348,0.0,False
1758,,0.0,0.0,0.0,1.7490000000000003,,False,0.0,0.0,8.960070379102348,0.0,False
1759,,0.0,0.0,0.0,1.7490000000000003,,False,0.0,0.0,8.960070379102348,0.0,False
1760,,0.0,0.0,0.0,1.7490000000000003,,False,0.0,0.0,8.960070379102348,0.0,False
1761,,0.0,0.0,0.0,1.7490000000000003,,False,0.0,0.0,8.960070379102348,0.0,False
1762,,0.0,0.0,0.0,1.7490000000000003,,False,0.0,0.0,8.960070379102348,0.0,False
1763,,0.0,0.0,0.0,1.7490000000000003,,False,0.0,0.0,8.960070379102348,0.0,False
1764,,0.0,0.0,0.0,1.7490000000000003,,False,0.0,0.0,8.960070379102348,0.0,False
1765,,0.0,0.0,0.0,1.7490000000000003,,False,0.0,0.0,8.960070379102348,0.0,False
1766,,0.0,0.0,0.0,1.7490000000000003,,False,0.0,0.0,8.960070379102348,0.0,False
1767,,0.0,0.0,0.0,1.7490000000000003,,False,0.0,0.0,8.960070379102348,0.0,False
1768,,0.0,0.0,0.0,1.7490000000000003,,False,0.0,0.0,8.960070379102348,0.0,False
1769,,0.0,0.0,0.0,1.7490000000000003,,False,0.0,0.0,8.960070379102348,0.0,False
1770,,0.0,0.0,0.0,1.7490000000000003,,False,0.0,0.0,8.960070379102348,0.0,False
1771,,0.0,0.0,0.0,1.7490000000000003,,False,0.0,0.0,8.960070379102348,0.0,False
1772,,0.0,0.0,0.0,1.7490000000000003,,False,0.0,0.0,8.960070379102348,0.0,False
1773,,0.0,0.0,0.0,1.7490000000000003,,False,0.0,0.0,8.960070379102348,0.0,False
1774,,0.0,0.0,0.0,1.7490000000000003,,False,0.0,0.0,8.960070379102348,0.0,False
1775,,0.0,0.0,0.0,1.7490000000000003,,False,0.0,0.0,8.960070379102348,0.0,False
1776,,0.0,0.0,0.0,1.7490000000000003,,False,0.0,0.0,8.960070379102348,0.0,False
1777,,0.0,0.0,0.0,1.7490000000000003,,False,0.0,0.0,8.960070379102348,0.0,False
1778,,0.0,0.0,0.0,1.7490000000000003,,False,0.0,0.0,8.960070379102348,0.0,False
1779,,0.0,0.0,0.0,1.7490000000000003,,False,0.0,0.0,8.960070379102348,0.0,False
1780,,0.0,0.0,0.0,1.7490000000000003,,False,0.0,0.0,8.960070379102348,0.0,False
1781,,0.0,0.0,0.0,1.7490000000000003,,False,0.0,0.0,8.960070379102348,0.0,False
1782,,0.0,0.0,0.0,1.7490000000000003,,False,0.0,0.0,8.960070379102348,0.0,False
1783,,0.0,0.0,0.0,1.7490000000000003,,False,0.0,0.0,8.960070379102348,0.0,False
1784,,0.0,0.0,0.0,1.7490000000000003,,False,0.0,0.0,8.960070379102348,0.0,False
1785,,0.0,0.0,0.0,1.7490000000000003,,False,0.0,0.0,8.960070379102348,0.0,False
1786,,0.0,0.0,0.0,1.7490000000000003,,False,0.0,0.0,8.960070379102348,0.0,False
1787,,0.0,0.0,0.0,1.7490000000000003,,False,0.0,0.0,8.960070379102348,0.0,False
1788,,0.0,0.0,0.0,1.7490000000000003,,False,0.0,0.0,8.960070379102348,0.0,False
1789,,0.0,0.0,0.0,1.7490000000000003,,False,0.0,0.0,8.960070379102348,0.0,False
1790,,0.0,0.0,0.0,1.7490000000000003,,False,0.0,0.0,8.960070379102348,0.0,False
1791,,0.0,0.0,0.0,1.7490000000000003,,False,0.0,0.0,8.960070379102348,0.0,False
1792,,0.0,0.0,0.0,1.7490000000000003,,False,0.0,0.0,8.960070379102348,0.0,False
1793,,0.0,0.0,0.0,1.7490000000000003,,False,0.0,0.0,8.960070379102348,0.0,False
1794,,0.0,0.0,0.0,1.7490000000000003,,False,0.0,0.0,8.960070379102348,0.0,False
1795,,0.0,0.0,0.0,1.7490000000000003,,False,0.0,0.0,8.960070379102348,0.0,False
1796,,0.0,0.0,0.0,1.7490000000000003,,False,0.0,0.0,8.960070379102348,0.0,False
1797,,0.0,0.0,0.0,1.7490000000000003,,False,0.0,0.0,8.960070379102348,0.0,False
1798,,0.0,0.0,0.0,1.7490000000000003,,False,0.0,0.0,8.960070379102348,0.0,False
1799,,0.0,0.0,0.0,1.7490000000000003,,False,0.0,0.0,8.960070379102348,0.0,False
1800,,0.0,0.0,0.0,1.7490000000000003,,False,0.0,0.0,8.960070379102348,0.0,False
1801,,0.0,0.0,0.0,1.7490000000000003,,False,0.0,0.0,8.960070379102348,0.0,False
1802,,0.0,0.0,0.0,1.7490000000000003,,False,0.0,0.0,8.960070379102348,0.0,False
1803,,0.0,0.0,0.0,1.7490000000000003,,False,0.0,0.0,8.960070379102348,0.0,False
1804,,0.0,0.0,0.0,1.7490000000000003,,False,0.0,0.0,8.960070379102348,0.0,False
1805,,0.0,0.0,0.0,1.7490000000000003,,False,0.0,0.0,8.960070379102348,0.0,False
1806,,0.0,0.0,0.0,1.7490000000000003,,False,0.0,0.0,8.960070379102348,0.0,False
1807,,0.0,0.0,0.0,1.7490000000000003,,False,0.0,0.0,8.960070379102348,0.0,False
1808,,0.0,0.0,0.0,1.7490000000000003,,False,0.0,0.0,8.960070379102348,0.0,False
1809,,0.0,0.0,0.0,1.7490000000000003,,False,0.0,0.0,8.960070379102348,0.0,False
1810,,0.0,0.0,0.0,1.7490000000000003,,False,0.0,0.0,8.960070379102348,0.0,False
1811,,0.0,0.0,0.0,1.7490000000000003,,False,0.0,0.0,8.960070379102348,0.0,False
1812,,0.0,0.0,0.0,1.7490000000000003,,False,0.0,0.0,8.960070379102348,0.0,False
1813,,0.0,0.0,0.0,1.7490000000000003,,False,0.0,0.0,8.960070379102348,0.0,False
1814,,0.0,0.0,0.0,1.7490000000000003,,False,0.0,0.0,8.960070379102348,0.0,False
1815,,0.0,0.0,0.0,1.7490000000000003,,False,0.0,0.0,8.960070379102348,0.0,False
1816,,0.0,0.0,0.0,1.7490000000000003,,False,0.0,0.0,8.960070379102348,0.0,False
1817,,0.0,0.0,0.0,1.7490000000000003,,False,0.0,0.0,8.960070379102348,0.0,False
1818,,0.0,0.0,0.0,1.7490000000000003,,False,0.0,0.0,8.960070379102348,0.0,False
1819,,0.0,0.0,0.0,1.7490000000000003,,False,0.0,0.0,8.960070379102348,0.0,False
1820,,0.0,0.0,0.0,1.7490000000000003,,False,0.0,0.0,8.960070379102348,0.0,False
1821,,0.0,0.0,0.0,1.7490000000000003,,False,0.0,0.0,8.960070379102348,0.0,False
1822,,0.0,0.0,0.0,1.7490000000000003,,False,0.0,0.0,8.960070379102348,0.0,False
1823,,0.0,0.0,0.0,1.7490000000000003,,False,0.0,0.0,8.960070379102348,0.0,False
1824,,0.0,0.0,0.0,1.7490000000000003,,False,0.0,0.0,8.960070379102348,0.0,False
1825,,0.0,0.0,0.0,1.7490000000000003,,False,0.0,0.0,8.960070379102348,0.0,False
1826,,0.0,0.0,0.0,1.7490000000000003,,False,0.0,0.0,8.960070379102348,0.0,False
1827,,0.0,0.0,0.0,1.7490000000000003,,False,0.0,0.0,8.960070379102348,0.0,False
1828,,0.0,0.0,0.0,1.7490000000000003,,False,0.0,0.0,8.960070379102348,0.0,False
1829,,0.0,0.0,0.0,1.7490000000000003,,False,0.0,0.0,8.960070379102348,0.0,False
1830,,0.0,0.0,0.0,1.7490000000000003,,False,0.0,0.0,8.960070379102348,0.0,False
1831,,0.0,0.0,0.0,1.7490000000000003,,False,0.0,0.0,8.960070379102348,0.0,False
1832,,0.0,0.0,0.0,1.7490000000000003,,False,0.0,0.0,8.960070379102348,0.0,False
1833,,0.0,0.0,0.0,1.7490000000000003,,False,0.0,0.0,8.960070379102348,0.0,False
1834,,0.0,0.0,0.0,1.7490000000000003,,False,0.0,0.0,8.960070379102348,0.0,False
1835,4.963748675023308,4.963748675023308,4.963748675023308,0.0,1.7490000000000003,0.0,False,4.963748675023308,0.0,8.960070379102348,0.0,False
1836,-8.437904195795879,-8.437904195795879,0.0,4.566648781021444,4.129530236947853,-3.871255414774435,False,0.0,0.0,11.3406006160502,-8.437904195795879,False
1837,-10.35209897522309,-10.35209897522309,0.0,4.2595540635239357e-16,1.7490000000000006,-10.35209897522309,False,0.0,0.0,11.3406006160502,-10.35209897522309,False
1838,-7.35462183381281,-7.35462183381281,0.0,0.0,1.7490000000000003,-7.35462183381281,False,0.0,3.557704251598804,11.3406006160502,-3.7969175822140055,False
1839,4.29753683030841,4.29753683030841,4.29753683030841,0.0,1.7490000000000003,0.0,False,4.29753683030841,0.0,9.486019072523979,0.0,False
1840,18.15484971326084,18.15484971326084,8.745000000000001,0.0,3.8100262603390505,9.40984971326084,False,8.745000000000001,0.0,11.547045332863028,9.40984971326084,False
1841,-4.226169701140076,-4.226169701140076,0.0,4.226169701140076,8.003980927476025,0.0,False,0.0,0.0,15.741000000000001,-4.226169701140076,False
1842,-29.122503950778366,-29.122503950778366,0.0,7.772964182743665,5.800937680128561,-21.349539768034703,True,0.0,0.6063098696766263,15.741000000000001,-28.51619408110174,True
1843,-14.97711044951278,-14.97711044951278,0.0,4.2595540635239357e-16,1.7490000000000006,-14.97711044951278,False,0.0,8.745000000000001,15.424939131968394,-6.2321104495127795,False
1844,-8.003841463273826,-8.003841463273826,0.0,0.0,1.7490000000000003,-8.003841463273826,False,0.0,0.0,10.866292754645595,-8.003841463273826,False
1845,-25.023659994117036,-25.023659994117036,0.0,0.0,1.7490000000000003,-25.023659994117036,True,0.0,8.745000000000001,10.866292754645595,-16.278659994117035,False
1846,-13.636498910182187,-13.636498910182187,0.0,0.0,1.7490000000000003,-13.636498910182187,False,0.0,8.745000000000001,6.307646377322798,-4.891498910182186,False
1847,-0.7850458540167118,-0.7850458540167118,0.0,0.0,1.7490000000000003,-0.7850458540167118,False,0.0,0.0,1.7490000000000003,-0.7850458540167118,False
1848,-1.5109669142171194,-1.5109669142171194,0.0,0.0,1.7490000000000003,-1.5109669142171194,False,0.0,0.0,1.7490000000000003,-1.5109669142171194,False
1849,-1.6356233654098176,-1.6356233654098176,0.0,0.0,1.7490000000000003,-1.6356233654098176,False,0.0,0.0,1.7490000000000003,-1.6356233654098176,False
1850,-0.3624834520789105,-0.3624834520789105,0.0,0.0,1.7490000000000003,-0.3624834520789105,False,0.0,0.0,1.7490000000000003,-0.3624834520789105,False
1851,-1.5438421416047283,-1.5438421416047283,0.0,0.0,1.7490000000000003,-1.5438421416047283,False,0.0,0.0,1.7490000000000003,-1.5438421416047283,False
1852,34.07447062198739,34.07447062198739,8.745000000000001,0.0,1.7490000000000003,25.329470621987387,True,2.9403368148659013,0.0,1.7490000000000003,31.134133807121486,True
1853,22.576552755666103,22.576552755666103,8.745000000000001,0.0,5.942954667136974,13.831552755666102,False,8.745000000000001,0.0,3.159135998589081,13.831552755666102,False
1854,35.18665662755912,35.18665662755912,8.745000000000001,0.0,10.136909334273948,26.441656627559116,True,8.745000000000001,0.0,7.353090665726055,26.441656627559116,True
1855,42.8968338538488,42.8968338538488,2.940336814865897,0.0,14.330864001410923,39.9564970389829,True,8.745000000000001,0.0,11.547045332863028,34.1518338538488,True
1856,-19.42121530233227,-19.42121530233227,0.0,8.745000000000001,15.741000000000001,-10.67621530233227,False,0.0,8.745000000000001,15.741000000000001,-10.67621530233227,False
1857,-36.61348326182387,-36.61348326182387,0.0,8.745000000000001,11.182353622677205,-27.868483261823872,True,0.0,8.745000000000001,11.182353622677205,-27.868483261823872,True
1858,-15.105028223723737,-15.105028223723737,0.0,8.745000000000001,6.6237072453544075,-6.360028223723736,False,0.0,8.745000000000001,6.6237072453544075,-6.360028223723736,False
1859,31.384190450362134,31.384190450362134,8.745000000000001,0.0,2.06506086803161,22.639190450362133,True,8.745000000000001,0.0,2.06506086803161,22.639190450362133,True
1860,43.1254605203084,43.1254605203084,8.745000000000001,0.0,6.259015535168584,34.380460520308404,True,8.745000000000001,0.0,6.259015535168584,34.380460520308404,True
1861,17.042437214778253,17.042437214778253,8.745000000000001,0.0,10.452970202305558,8.297437214778252,False,8.745000000000001,0.0,10.452970202305558,8.297437214778252,False
1862,-4.842846934108732,-4.842846934108732,0.0,4.842846934108732,14.646924869442532,0.0,False,0.0,4.842846934108732,14.646924869442532,0.0,False
1863,-11.6073113187926,-11.6073113187926,0.0,8.745000000000001,12.122416392358074,-2.8623113187925995,False,0.0,8.745000000000001,12.122416392358074,-2.8623113187925995,False
1864,-0.5571760586549396,-0.5571760586549396,0.0,0.5571760586549396,7.563770015035277,0.0,False,0.0,0.5571760586549396,7.563770015035277,0.0,False
1865,12.597430762765372,12.597430762765372,8.745000000000001,0.0,7.273321916542614,3.852430762765371,False,8.745000000000001,0.0,7.273321916542614,3.852430762765371,False
1866,-22.78183753495795,-22.78183753495795,0.0,8.745000000000001,11.467276583679588,-14.03683753495795,False,0.0,1.1528868769129619,11.467276583679588,-21.62895065804499,True
1867,-46.13245211295447,-46.13245211295447,0.0,8.745000000000001,6.908630206356791,-37.38745211295446,True,0.0,8.745000000000001,10.866292754645595,-37.38745211295446,True
1868,-17.424599840095155,-17.424599840095155,0.0,1.1528868769129623,2.3499838290339934,-16.271712963182193,False,0.0,8.745000000000001,6.307646377322798,-8.679599840095154,False
1869,4.270569307587012,4.270569307587012,4.270569307587012,0.0,1.7490000000000003,0.0,False,4.270569307587012,0.0,1.7490000000000003,0.0,False
1870,5.21036185187056,5.21036185187056,5.21036185187056,0.0,3.7970930907817566,0.0,False,5.21036185187056,0.0,3.7970930907817566,0.0,False
1871,7.354219568411301,7.354219568411301,7.354219568411301,0.0,6.295894852488443,0.0,False,7.354219568411301,0.0,6.295894852488443,0.0,False
1872,11.330964607343557,11.330964607343557,8.745000000000001,0.0,9.82285465604346,2.5859646073435556,False,8.745000000000001,0.0,9.82285465604346,2.5859646073435556,False
1873,3.0239750629999143,3.0239750629999143,3.0239750629999143,0.0,14.016809323180436,0.0,False,3.0239750629999143,0.0,14.016809323180436,0.0,False
1874,-9.954101959416656,-9.954101959416656,0.0,8.745000000000001,15.46705681646509,-1.209101959416655,False,0.0,8.745000000000001,15.46705681646509,-1.209101959416655,False
1875,8.827810430091885,8.827810430091885,8.745000000000001,0.0,10.908410439142294,0.08281043009188416,False,0.0,0.0,10.908410439142294,8.827810430091885,False
1876,1.559171076872361,1.559171076872361,1.331645806605808,0.0,15.102365106279269,0.22752527026655311,False,1.559171076872361,0.0,10.908410439142294,0.0,False
1877,1.032010138600281,1.032010138600281,0.0,0.0,15.741000000000001,1.032010138600281,False,1.032010138600281,0.0,11.656162619212484,0.0,False
1878,27.910980253283135,27.910980253283135,0.0,0.0,15.741000000000001,27.910980253283135,True,2.7363275593710386,0.0,12.15109729472024,25.174652693912098,True
1879,-1.4256705584804132,-1.4256705584804132,0.0,1.4256705584804132,15.741000000000001,0.0,False,0.0,1.4256705584804132,13.463393891454338,0.0,False
1880,-34.57411660679602,-34.57411660679602,0.0,8.745000000000001,14.997817847150086,-25.829116606796017,True,0.0,8.745000000000001,12.720211738604423,-25.829116606796017,True
1881,-11.939983056863419,-11.939983056863419,0.0,8.745000000000001,10.43917146982729,-3.1949830568634177,False,0.0,8.745000000000001,8.161565361281625,-3.1949830568634177,False
1882,19.47409134038108,19.47409134038108,8.745000000000001,0.0,5.8805250925044925,10.729091340381078,False,8.745000000000001,0.0,3.602918983958828,10.729091340381078,False
1883,15.585262279439382,15.585262279439382,8.745000000000001,0.0,10.074479759641466,6.840262279439381,False,8.745000000000001,0.0,7.796873651095802,6.840262279439381,False
1884,4.603602210029191,4.603602210029191,3.070511476609141,0.0,14.268434426778441,1.53309073342005,False,4.603602210029191,0.0,11.990828318232776,0.0,False
1885,3.216046298342087,3.216046298342087,0.0,0.0,15.741000000000001,3.216046298342087,False,3.216046298342087,0.0,14.198638378197785,0.0,False
1886,-4.150923334317155,-4.150923334317155,0.0,4.150923334317155,15.741000000000001,0.0,False,0.0,0.0,15.741000000000001,-4.150923334317155,False
1887,-10.040356406400965,-10.040356406400965,0.0,8.745000000000001,13.57718163287255,-1.2953564064009644,False,0.0,3.7381598514553738,15.741000000000001,-6.302196554945592,False
1888,-0.7721090861530716,-0.7721090861530716,0.0,0.7721090861530716,9.018535255549754,0.0,False,0.0,0.7721090861530716,13.792349472305254,0.0,False
1889,4.85020052054638,4.85020052054638,4.85020052054638,0.0,8.616045571331377,0.0,False,4.85020052054638,0.0,13.389859788086877,0.0,False
1890,-12.454178806346752,-12.454178806346752,0.0,8.745000000000001,10.942120026413786,-3.709178806346751,False,0.0,8.745000000000001,15.715934243169286,-3.709178806346751,False
1891,-25.80981312737591,-25.80981312737591,0.0,8.745000000000001,6.3834736490909885,-17.06481312737591,False,0.0,8.745000000000001,11.157287865846488,-17.06481312737591,False
1892,-11.97470765570998,-11.97470765570998,0.0,0.14546192810907585,1.824827271768191,-11.829245727600904,False,0.0,8.745000000000001,6.5986414885236915,-3.229707655709978,False
1893,0.4729383605162116,0.4729383605162116,0.4729383605162116,0.0,1.7490000000000003,0.0,False,0.4729383605162116,0.0,2.039995111200894,0.0,False
1894,2.1037284196778567,2.1037284196778567,2.1037284196778567,0.0,1.9758132697947486,0.0,False,2.1037284196778567,0.0,2.2668083809956423,0.0,False
1895,1.7346207058240404,1.7346207058240404,1.7346207058240404,0.0,2.98472597695274,0.0,False,1.7346207058240404,0.0,3.275721088153634,0.0,False
1896,-0.9227237237053707,-0.9227237237053707,0.0,0.9227237237053707,3.8166208431509294,0.0,False,0.0,0.0,4.107615954351823,-0.9227237237053707,False
1897,-2.1790285676359797,-2.1790285676359797,0.0,2.1790285676359797,3.3356178516884607,0.0,False,0.0,0.0,4.107615954351823,-2.1790285676359797,False
1898,-2.0297304747836304,-2.0297304747836304,0.0,0.8646321957953097,2.1997206892028527,-1.1650982789883209,False,0.0,0.0,4.107615954351823,-2.0297304747836304,False
1899,-0.011388308414818823,-0.011388308414818823,0.0,0.0,1.7490000000000003,-0.011388308414818823,False,0.0,0.0,4.107615954351823,-0.011388308414818823,False
1900,3.769827849151262,3.769827849151262,3.769827849151262,0.0,1.7490000000000003,0.0,False,3.769827849151262,0.0,4.107615954351823,0.0,False
1901,1.8862530748421666,1.8862530748421666,1.8862530748421666,0.0,3.556945923642181,0.0,False,1.8862530748421666,0.0,5.915561877994005,0.0,False
1902,2.8924657583454487,2.8924657583454487,2.8924657583454487,0.0,4.461561119369542,0.0,False,2.8924657583454487,0.0,6.820177073721366,0.0,False
1903,6.049098331374142,6.049098331374142,6.049098331374142,0.0,5.848738965767116,0.0,False,6.049098331374142,0.0,8.20735492011894,0.0,False
1904,6.20504176121048,6.20504176121048,6.20504176121048,0.0,8.749784612289364,0.0,False,6.20504176121048,0.0,11.108400566641189,0.0,False
1905,3.1018247865626227,3.1018247865626227,3.1018247865626227,0.0,11.725618100477874,0.0,False,3.1018247865626227,0.0,14.084234054829698,0.0,False
1906,0.3527710163063918,0.3527710163063918,0.3527710163063918,0.0,13.213201009596851,0.0,False,0.3527710163063918,0.0,15.571816963948676,0.0,False
1907,-2.3481385813088216,-2.3481385813088216,0.0,2.3481385813088216,13.382384045648177,0.0,False,0.0,0.0,15.741000000000001,-2.3481385813088216,False
1908,-6.324657127330223,-6.324657127330223,0.0,6.324657127330223,12.158332194632127,0.0,False,0.0,0.0,15.741000000000001,-6.324657127330223,False
1909,-6.494009112386973,-6.494009112386973,0.0,6.494009112386973,8.86137675708922,0.0,False,0.0,2.1276556197861964,15.741000000000001,-4.366353492600776,False
1910,-5.192109059276929,-5.192109059276929,0.0,5.192109059276929,5.476140494712535,0.0,False,0.0,5.192109059276929,14.631882837812599,0.0,False
1911,-4.525333255958904,-4.525333255958904,0.0,1.9577860912661664,2.7695665491736388,-2.567547164692737,False,0.0,4.525333255958904,11.925308892273703,0.0,False
1912,-3.95311553200241,-3.95311553200241,0.0,0.0,1.7490000000000003,-3.95311553200241,False,0.0,3.95311553200241,9.566315861575541,0.0,False
1913,-1.0980932493727467,-1.0980932493727467,0.0,0.0,1.7490000000000003,-1.0980932493727467,False,0.0,1.0980932493727467,7.505611939437031,0.0,False
1914,-0.3948056519884399,-0.3948056519884399,0.0,0.0,1.7490000000000003,-0.3948056519884399,False,0.0,0.3948056519884399,6.933191263254562,0.0,False
1915,-3.0424428926853504,-3.0424428926853504,0.0,0.0,1.7490000000000003,-3.0424428926853504,False,0.0,3.0424428926853504,6.727384590277585,0.0,False
1916,-4.563744092516326,-4.563744092516326,0.0,0.0,1.7490000000000003,-4.563744092516326,False,0.0,4.563744092516326,5.141401597601591,0.0,False
1917,-1.94401051608933,-1.94401051608933,0.0,0.0,1.7490000000000003,-1.94401051608933,False,0.0,1.94401051608933,2.762385534207896,0.0,False
1918,4.52612458196288,4.52612458196288,4.52612458196288,0.0,1.7490000000000003,0.0,False,4.52612458196288,0.0,1.7490000000000003,0.0,False
1919,7.4566384384123845,7.4566384384123845,7.4566384384123845,0.0,3.919653094861819,0.0,False,7.4566384384123845,0.0,3.919653094861819,0.0,False
1920,2.763321074659876,2.763321074659876,2.763321074659876,0.0,7.495731262950164,0.0,False,2.763321074659876,0.0,7.495731262950164,0.0,False
1921,-7.131349669643326,-7.131349669643326,0.0,7.131349669643326,8.820973494838986,0.0,False,0.0,0.0,8.820973494838986,-7.131349669643326,False
1922,-9.651476823368808,-9.651476823368808,0.0,6.435047697789006,5.103500500334507,-3.2164291255798023,False,0.0,0.0,8.820973494838986,-9.651476823368808,False
1923,-5.288417255482042,-5.288417255482042,0.0,4.2595540635239357e-16,1.7490000000000006,-5.288417255482042,False,0.0,0.0,8.820973494838986,-5.288417255482042,False
1924,-3.90789110658437,-3.90789110658437,0.0,0.0,1.7490000000000003,-3.90789110658437,False,0.0,0.0,8.820973494838986,-3.90789110658437,False
1925,-3.1573789240118013,-3.1573789240118013,0.0,0.0,1.7490000000000003,-3.1573789240118013,False,0.0,0.0,8.820973494838986,-3.1573789240118013,False
1926,-2.374142226282262,-2.374142226282262,0.0,0.0,1.7490000000000003,-2.374142226282262,False,0.0,0.0,8.820973494838986,-2.374142226282262,False
1927,-1.7817778958167276,-1.7817778958167276,0.0,0.0,1.7490000000000003,-1.7817778958167276,False,0.0,0.0,8.820973494838986,-1.7817778958167276,False
1928,-1.3277475255372684,-1.3277475255372684,0.0,0.0,1.7490000000000003,-1.3277475255372684,False,0.0,0.0,8.820973494838986,-1.3277475255372684,False
1929,-1.1054243089479103,-1.1054243089479103,0.0,0.0,1.7490000000000003,-1.1054243089479103,False,0.0,0.0,8.820973494838986,-1.1054243089479103,False
1930,-1.3995276159943462,-1.3995276159943462,0.0,0.0,1.7490000000000003,-1.3995276159943462,False,0.0,0.0,8.820973494838986,-1.3995276159943462,False
1931,-1.5371806615352812,-1.5371806615352812,0.0,0.0,1.7490000000000003,-1.5371806615352812,False,0.0,0.0,8.820973494838986,-1.5371806615352812,False
1932,-0.3451668884828012,-0.3451668884828012,0.0,0.0,1.7490000000000003,-0.3451668884828012,False,0.0,0.0,8.820973494838986,-0.3451668884828012,False
1933,-0.48757985919226265,-0.48757985919226265,0.0,0.0,1.7490000000000003,-0.48757985919226265,False,0.0,0.0,8.820973494838986,-0.48757985919226265,False
1934,1.757745282225987,1.757745282225987,1.757745282225987,0.0,1.7490000000000003,0.0,False,1.757745282225987,0.0,8.820973494838986,0.0,False
1935,1.5334052783134855,1.5334052783134855,1.5334052783134855,0.0,2.5919850234453605,0.0,False,1.5334052783134855,0.0,9.663958518284346,0.0,False
1936,-3.9929060514380192,-3.9929060514380192,0.0,3.027858515696315,3.3273803606203534,-0.9650475357417041,False,0.0,3.9929060514380192,10.399353855459339,0.0,False
1937,-5.505628241989738,-5.505628241989738,0.0,0.0,1.7490000000000003,-5.505628241989738,False,0.0,5.505628241989738,8.317907691207973,0.0,False
1938,-3.3703188226393395,-3.3703188226393395,0.0,0.0,1.7490000000000003,-3.3703188226393395,False,0.0,3.3703188226393395,5.44790057397154,0.0,False
1939,-0.6327479981060837,-0.6327479981060837,0.0,0.0,1.7490000000000003,-0.6327479981060837,False,0.0,0.6327479981060837,3.6910004377511103,0.0,False
1940,1.75353854806517,1.75353854806517,1.75353854806517,0.0,1.7490000000000003,0.0,False,1.75353854806517,0.0,3.3611577425739174,0.0,False
1941,-1.6127558016198376,-1.6127558016198376,0.0,1.6127558016198376,2.5899675446154964,0.0,False,0.0,0.0,4.202125287189413,-1.6127558016198376,False
1942,-4.393377261810761,-4.393377261810761,0.0,0.0004996626001194652,1.7492604671357257,-4.3928775992106415,False,0.0,0.0,4.202125287189413,-4.393377261810761,False
1943,-0.17132264827915972,-0.17132264827915972,0.0,0.0,1.7490000000000003,-0.17132264827915972,False,0.0,0.0,4.202125287189413,-0.17132264827915972,False
1944,5.518428764310867,5.518428764310867,5.518428764310867,0.0,1.7490000000000003,0.0,False,5.518428764310867,0.0,4.202125287189413,0.0,False
1945,4.605280356345499,4.605280356345499,4.605280356345499,0.0,4.3955454627037716,0.0,False,4.605280356345499,0.0,6.848670749893184,0.0,False
1946,-1.3698230034004282,-1.3698230034004282,0.0,1.3698230034004282,6.604160333369229,0.0,False,0.0,0.0,9.057285620558643,-1.3698230034004282,False
1947,-4.164915174369759,-4.164915174369759,0.0,4.164915174369759,5.890090731079373,0.0,False,0.0,0.0,9.057285620558643,-4.164915174369759,False
1948,-3.6777708986481352,-3.6777708986481352,0.0,3.6777708986481352,3.7189786131265485,0.0,False,0.0,0.0,9.057285620558643,-3.6777708986481352,False
1949,-0.7543088421361431,-0.7543088421361431,0.0,0.10130331458553375,1.8018080032071055,-0.6530055275506094,False,0.0,0.3472393248517972,9.057285620558643,-0.4070695172843459,False
1950,-0.6368302923394331,-0.6368302923394331,0.0,0.0,1.7490000000000003,-0.6368302923394331,False,0.0,0.6368302923394331,8.876274609661026,0.0,False
1951,-5.732099902734253,-5.732099902734253,0.0,0.0,1.7490000000000003,-5.732099902734253,False,0.0,5.732099902734253,8.544303871508644,0.0,False
1952,-5.37827792434191,-5.37827792434191,0.0,0.0,1.7490000000000003,-5.37827792434191,False,0.0,5.37827792434191,5.556240240170524,0.0,False
1953,-1.9252751799118863,-1.9252751799118863,0.0,0.0,1.7490000000000003,-1.9252751799118863,False,0.0,1.9252751799118863,2.7526190650948905,0.0,False
1954,2.8975017713763824,2.8975017713763824,2.8975017713763824,0.0,1.7490000000000003,0.0,False,0.0,0.0,1.7490000000000003,2.8975017713763824,False
1955,9.025766983156188,9.025766983156188,8.745000000000001,0.0,3.13859303340213,0.2807669831561874,False,0.0,0.0,1.7490000000000003,9.025766983156188,False
1956,9.883098967885692,9.883098967885692,8.745000000000001,0.0,7.332547700539104,1.138098967885691,False,0.0,0.0,1.7490000000000003,9.883098967885692,False
1957,3.2038401668761907,3.2038401668761907,3.2038401668761907,0.0,11.526502367676077,0.0,False,0.0,0.0,1.7490000000000003,3.2038401668761907,False
1958,1.4753617039372482,1.4753617039372482,1.4753617039372482,0.0,13.063010134472108,0.0,False,0.0,0.0,1.7490000000000003,1.4753617039372482,False
1959,7.931075150100234,7.931075150100234,4.108633172676082,0.0,13.77056875127517,3.8224419774241527,False,0.0,0.0,1.7490000000000003,7.931075150100234,False
1960,8.05381506900172,8.05381506900172,0.0,0.0,15.741000000000001,8.05381506900172,False,0.0,0.0,1.7490000000000003,8.05381506900172,False
1961,4.664687085738864,4.664687085738864,0.0,0.0,15.741000000000001,4.664687085738864,False,0.0,0.0,1.7490000000000003,4.664687085738864,False
1962,9.344963704766341,9.344963704766341,0.0,0.0,15.741000000000001,9.344963704766341,False,0.0,0.0,1.7490000000000003,9.344963704766341,False
1963,12.578498054194181,12.578498054194181,0.0,0.0,15.741000000000001,12.578498054194181,False,0.0,0.0,1.7490000000000003,12.578498054194181,False
1964,8.397309495353234,8.397309495353234,0.0,0.0,15.741000000000001,8.397309495353234,False,0.0,0.0,1.7490000000000003,8.397309495353234,False
1965,8.767453130064949,8.767453130064949,0.0,0.0,15.741000000000001,8.767453130064949,False,5.096089543628303,0.0,1.7490000000000003,3.6713635864366454,False
1966,3.978667167959483,3.978667167959483,0.0,0.0,15.741000000000001,3.978667167959483,False,0.0,0.0,4.192998687895695,3.978667167959483,False
1967,-3.566891687661245,-3.566891687661245,0.0,3.566891687661245,15.741000000000001,0.0,False,0.0,3.566891687661245,4.192998687895695,0.0,False
1968,-1.121510692476794,-1.121510692476794,0.0,1.121510692476794,13.881629174355664,0.0,False,0.0,1.121510692476794,2.3336278622513573,0.0,False
1969,18.102271001813147,18.102271001813147,5.096089543628303,0.0,13.297001312104307,13.006181458184845,False,7.606214632018202,0.0,1.7490000000000003,10.496056369794946,False
1970,16.718924010511863,16.718924010511863,0.0,0.0,15.741000000000001,16.718924010511863,False,8.745000000000001,0.0,5.396812390531536,7.973924010511862,False
1971,3.782435983671669,3.782435983671669,0.0,0.0,15.741000000000001,3.782435983671669,False,3.782435983671669,0.0,9.59076705766851,0.0,False
1972,7.924292605634725,7.924292605634725,0.0,0.0,15.741000000000001,7.924292605634725,False,7.924292605634725,0.0,11.404759630209004,0.0,False
1973,1.1173935935413062,1.1173935935413062,0.0,0.0,15.741000000000001,1.1173935935413062,False,1.1173935935413062,0.0,15.205116858014694,0.0,False
1974,-10.009660058305542,-10.009660058305542,0.0,8.745000000000001,15.741000000000001,-1.264660058305541,False,0.0,8.745000000000001,15.741000000000001,-1.264660058305541,False
1975,-9.757719488358278,-9.757719488358278,0.0,8.745000000000001,11.182353622677205,-1.012719488358277,False,0.0,8.745000000000001,11.182353622677205,-1.012719488358277,False
1976,1.4778566239166264,1.4778566239166264,1.4778566239166264,0.0,6.6237072453544075,0.0,False,1.4778566239166264,0.0,6.6237072453544075,0.0,False
1977,11.66871188539346,11.66871188539346,8.745000000000001,0.0,7.332462383745995,2.923711885393459,False,8.745000000000001,0.0,7.332462383745995,2.923711885393459,False
1978,5.878547420522883,5.878547420522883,5.878547420522883,0.0,11.52641705088297,0.0,False,5.878547420522883,0.0,11.52641705088297,0.0,False
1979,2.539365933797824,2.539365933797824,2.539365933797824,0.0,14.345669353946201,0.0,False,2.539365933797824,0.0,14.345669353946201,0.0,False
1980,-0.8699111736307972,-0.8699111736307972,0.0,0.8699111736307972,15.563506473399606,0.0,False,0.0,0.8699111736307972,15.563506473399606,0.0,False
1981,-11.038059427682255,-11.038059427682255,0.0,8.745000000000001,15.110033926771287,-2.2930594276822536,False,0.0,8.745000000000001,15.110033926771287,-2.2930594276822536,False
1982,-7.697065123180372,-7.697065123180372,0.0,7.697065123180372,10.551387549448489,0.0,False,0.0,7.697065123180372,10.551387549448489,0.0,False
1983,0.8804548996004397,0.8804548996004397,0.8804548996004397,0.0,6.539014989150735,0.0,False,0.8804548996004397,0.0,6.539014989150735,0.0,False
1984,-0.20198795197945768,-0.20198795197945768,0.0,0.20198795197945768,6.961266325386628,0.0,False,0.0,0.0,6.961266325386628,-0.20198795197945768,False
1985,-9.719666930355201,-9.719666930355201,0.0,8.745000000000001,6.855972826752665,-0.9746669303552,False,0.0,0.0,6.961266325386628,-9.719666930355201,False
1986,-4.670443853430507,-4.670443853430507,0.0,1.051872508496758,2.2973264494298675,-3.6185713449337493,False,0.0,0.0,6.961266325386628,-4.670443853430507,False
1987,-4.597278772815416,-4.597278772815416,0.0,0.0,1.7490000000000003,-4.597278772815416,False,0.0,0.7345847240272542,6.961266325386628,-3.8626940487881622,False
1988,-13.819385901713826,-13.819385901713826,0.0,0.0,1.7490000000000003,-13.819385901713826,False,0.0,0.0,6.578337567122076,-13.819385901713826,False
1989,-8.711515502514628,-8.711515502514628,0.0,0.0,1.7490000000000003,-8.711515502514628,False,0.0,8.711515502514628,6.578337567122076,0.0,False
1990,-0.5527602339343355,-0.5527602339343355,0.0,0.0,1.7490000000000003,-0.5527602339343355,False,0.0,0.5527602339343355,2.037146190732174,0.0,False
1991,2.9840345685287404,2.9840345685287404,2.9840345685287404,0.0,1.7490000000000003,0.0,False,0.0,0.0,1.7490000000000003,2.9840345685287404,False
1992,10.92342603111124,10.92342603111124,8.745000000000001,0.0,3.180092705040501,2.17842603111124,False,2.9403368148659013,0.0,1.7490000000000003,7.9830892162453395,False
1993,15.316435307528616,15.316435307528616,8.745000000000001,0.0,7.374047372177475,6.571435307528615,False,8.745000000000001,0.0,3.159135998589081,6.571435307528615,False
1994,12.164343086596991,12.164343086596991,8.701302246337159,0.0,11.568002039314448,3.4630408402598327,False,8.745000000000001,0.0,7.353090665726055,3.4193430865969905,False
1995,13.113393856545347,13.113393856545347,0.0,0.0,15.741000000000001,13.113393856545347,False,8.745000000000001,0.0,11.547045332863028,4.368393856545346,False
1996,5.161538200496985,5.161538200496985,0.0,0.0,15.741000000000001,5.161538200496985,False,0.0,0.0,15.741000000000001,5.161538200496985,False
1997,-10.231674705850306,-10.231674705850306,0.0,8.745000000000001,15.741000000000001,-1.4866747058503051,False,0.0,8.745000000000001,15.741000000000001,-1.4866747058503051,False
1998,-13.699216458728,-13.699216458728,0.0,8.745000000000001,11.182353622677205,-4.954216458727998,False,0.0,8.745000000000001,11.182353622677205,-4.954216458727998,False
1999,-1.6452471278960021,-1.6452471278960021,0.0,1.6452471278960021,6.6237072453544075,0.0,False,0.0,1.6452471278960021,6.6237072453544075,0.0,False
2000,4.022661011044895,4.022661011044895,4.022661011044895,0.0,5.766062893223608,0.0,False,4.022661011044895,0.0,5.766062893223608,0.0,False
2001,4.281392870357707,4.281392870357707,4.281392870357707,0.0,7.69526334166062,0.0,False,4.281392870357707,0.0,7.69526334166062,0.0,False
2002,7.911223352535591,7.911223352535591,7.911223352535591,0.0,9.748547230795403,0.0,False,7.911223352535591,0.0,9.748547230795403,0.0,False
2003,2.7202139644377983,2.7202139644377983,2.7202139644377983,0.0,13.542636665001195,0.0,False,2.7202139644377983,0.0,13.542636665001195,0.0,False
2004,-10.88269316124809,-10.88269316124809,0.0,8.745000000000001,14.847205453081822,-2.137693161248089,False,0.0,7.632334590719692,14.847205453081822,-3.250358570528398,False
2005,-14.950419265632425,-14.950419265632425,0.0,8.745000000000001,10.288559075759025,-6.205419265632424,False,0.0,8.745000000000001,10.868576015403171,-6.205419265632424,False
2006,-4.2941971529858485,-4.2941971529858485,0.0,4.2941971529858485,5.729912698436228,0.0,False,0.0,4.2941971529858485,6.309929638080373,0.0,False
2007,4.0222062762431845,4.0222062762431845,4.0222062762431845,0.0,3.4914076904352207,0.0,False,4.0222062762431845,0.0,4.071424630079366,0.0,False
2008,6.225944695759074,6.225944695759074,6.225944695759074,0.0,5.420390055722554,0.0,False,6.225944695759074,0.0,6.000406995366699,0.0,False
2009,9.110260207273875,9.110260207273875,8.745000000000001,0.0,8.406248239154852,0.36526020727387376,False,8.745000000000001,0.0,8.986265178798998,0.36526020727387376,False
2010,5.339595733536465,5.339595733536465,5.339595733536465,0.0,12.600202906291827,0.0,False,5.339595733536465,0.0,13.180219845935973,0.0,False
2011,-9.661750331927438,-9.661750331927438,0.0,8.745000000000001,15.160983060355855,-0.916750331927437,False,0.0,2.3309485602850892,15.741000000000001,-7.330801771642349,False
2012,-14.226152653069237,-14.226152653069237,0.0,8.745000000000001,10.602336683033059,-5.481152653069236,False,0.0,8.745000000000001,14.525909066887433,-5.481152653069236,False
2013,-6.937479608364388,-6.937479608364388,0.0,6.937479608364388,6.043690305710261,0.0,False,0.0,6.937479608364388,9.967262689564636,0.0,False
2014,-2.5328938332834845,-2.5328938332834845,0.0,1.3011648520319368,2.4272790667827495,-1.2317289812515477,False,0.0,2.5328938332834845,6.3508514506371245,0.0,False
2015,-2.6296369133672326,-2.6296369133672326,0.0,0.0,1.7490000000000003,-2.6296369133672326,False,0.0,2.6296369133672326,5.030489266847415,0.0,False
2016,-2.4462117606875684,-2.4462117606875684,0.0,0.0,1.7490000000000003,-2.4462117606875684,False,0.0,2.4462117606875684,3.659696266413357,0.0,False
2017,-1.2191391936888696,-1.2191391936888696,0.0,0.0,1.7490000000000003,-1.2191391936888696,False,0.0,1.2191391936888696,2.3845202365651232,0.0,False
2018,3.6933627056107596,3.6933627056107596,3.6933627056107596,0.0,1.7490000000000003,0.0,False,3.6933627056107596,0.0,1.7490000000000003,0.0,False
2019,4.693102763905704,4.693102763905704,4.693102763905704,0.0,3.520274529059564,0.0,False,4.693102763905704,0.0,3.520274529059564,0.0,False
2020,-2.4949396554057826,-2.4949396554057826,0.0,2.4949396554057826,5.771007546788066,0.0,False,0.0,0.0,5.771007546788066,-2.4949396554057826,False
2021,-5.177749496177937,-5.177749496177937,0.0,5.177749496177937,4.470430345901325,0.0,False,0.0,0.0,5.771007546788066,-5.177749496177937,False
2022,-4.055236288361376,-4.055236288361376,0.0,0.042859080371427216,1.7713418400766834,-4.01237720798995,False,0.0,0.0,5.771007546788066,-4.055236288361376,False
2023,-6.951776557979144,-6.951776557979144,0.0,0.0,1.7490000000000003,-6.951776557979144,False,0.0,0.0,5.771007546788066,-6.951776557979144,False
2024,-5.810618772055639,-5.810618772055639,0.0,0.0,1.7490000000000003,-5.810618772055639,False,0.0,0.8284868130404054,5.771007546788066,-4.982131959015233,False
2025,-1.532767587960228,-1.532767587960228,0.0,0.0,1.7490000000000003,-1.532767587960228,False,0.0,1.532767587960228,5.339128940850233,0.0,False
2026,-1.1411883108715601,-1.1411883108715601,0.0,0.0,1.7490000000000003,-1.1411883108715601,False,0.0,1.1411883108715601,4.540118602127226,0.0,False
2027,-1.6220351549631271,-1.6220351549631271,0.0,0.0,1.7490000000000003,-1.6220351549631271,False,0.0,1.6220351549631271,3.9452330722018103,0.0,False
2028,-1.4120714868678799,-1.4120714868678799,0.0,0.0,1.7490000000000003,-1.4120714868678799,False,0.0,1.4120714868678799,3.099688797409028,0.0,False
2029,-1.1789988782519452,-1.1789988782519452,0.0,0.0,1.7490000000000003,-1.1789988782519452,False,0.0,1.1789988782519452,2.3635956506816322,0.0,False
2030,1.5436400469649674,1.5436400469649674,1.5436400469649674,0.0,1.7490000000000003,0.0,False,0.0,0.0,1.7490000000000003,1.5436400469649674,False
2031,25.45572701802297,25.45572701802297,8.745000000000001,0.0,2.4893037597882524,16.71072701802297,False,1.8675031445315706,0.0,1.7490000000000003,23.588223873491398,True
2032,65.98261656751455,65.98261656751455,8.745000000000001,0.0,6.683258426925226,57.23761656751455,True,8.745000000000001,0.0,2.644623045043014,57.23761656751455,True
2033,48.44265356894065,48.44265356894065,8.745000000000001,0.0,10.8772130940622,39.69765356894065,True,8.745000000000001,0.0,6.838577712179988,39.69765356894065,True
2034,-0.3189028929690443,-0.3189028929690443,0.0,0.3189028929690443,15.071167761199174,0.0,False,0.0,0.3189028929690443,11.032532379316962,0.0,False
2035,-14.736716645568922,-14.736716645568922,0.0,8.745000000000001,14.904928136527808,-5.991716645568921,False,0.0,8.745000000000001,10.866292754645595,-5.991716645568921,False
2036,-21.080897636712546,-21.080897636712546,0.0,8.745000000000001,10.34628175920501,-12.335897636712545,False,0.0,8.745000000000001,6.307646377322798,-12.335897636712545,False
2037,8.07146402624808,8.07146402624808,8.07146402624808,0.0,5.787635381882212,0.0,False,0.0,0.0,1.7490000000000003,8.07146402624808,False
2038,28.618950744635047,28.618950744635047,8.745000000000001,0.0,9.658573543518727,19.873950744635046,True,6.323189233852388,0.0,1.7490000000000003,22.295761510782658,True
2039,3.432644354806482,3.432644354806482,3.432644354806482,0.0,13.852528210655702,0.0,False,3.432644354806482,0.0,4.7814950255580895,0.0,False
2040,-11.054093201892538,-11.054093201892538,0.0,8.745000000000001,15.49876661116594,-2.309093201892537,False,0.0,8.745000000000001,6.427733426068327,-2.309093201892537,False
2041,-0.2303669015661599,-0.2303669015661599,0.0,0.2303669015661599,10.940120233843142,0.0,False,0.0,0.2303669015661599,1.8690870487455296,0.0,False
2042,13.287801268311107,13.287801268311107,8.745000000000001,0.0,10.820033185097614,4.542801268311106,False,0.0,0.0,1.7490000000000003,13.287801268311107,False
2043,12.838247819870828,12.838247819870828,1.5159251200368045,0.0,15.013987852234589,11.322322699834023,False,0.0,0.0,1.7490000000000003,12.838247819870828,False
2044,11.556394138351147,11.556394138351147,0.0,0.0,15.741000000000001,11.556394138351147,False,0.0,0.0,1.7490000000000003,11.556394138351147,False
2045,1.8066001528926707,1.8066001528926707,0.0,0.0,15.741000000000001,1.8066001528926707,False,1.0592127090260404,0.0,1.7490000000000003,0.7473874438666304,False
2046,-0.9744756923039576,-0.9744756923039576,0.0,0.9744756923039576,15.741000000000001,0.0,False,0.0,0.9744756923039576,2.256980569984055,0.0,False
2047,6.916752446306453,6.916752446306453,1.0592127090260397,0.0,15.233019430015947,5.857539737280414,False,0.0,0.0,1.7490000000000003,6.916752446306453,False
2048,12.444421246890071,12.444421246890071,0.0,0.0,15.741000000000001,12.444421246890071,False,0.0,0.0,1.7490000000000003,12.444421246890071,False
2049,13.881084144711805,13.881084144711805,0.0,0.0,15.741000000000001,13.881084144711805,False,0.0,0.0,1.7490000000000003,13.881084144711805,False
2050,22.34678400526219,22.34678400526219,0.0,0.0,15.741000000000001,22.34678400526219,True,0.0,0.0,1.7490000000000003,22.34678400526219,True
2051,22.84186777572366,22.84186777572366,0.0,0.0,15.741000000000001,22.84186777572366,True,0.0,0.0,1.7490000000000003,22.84186777572366,True
2052,7.794906562708249,7.794906562708249,0.0,0.0,15.741000000000001,7.794906562708249,False,0.0,0.0,1.7490000000000003,7.794906562708249,False
2053,7.044887968528235,7.044887968528235,0.0,0.0,15.741000000000001,7.044887968528235,False,0.0,0.0,1.7490000000000003,7.044887968528235,False
2054,11.805440146387541,11.805440146387541,0.0,0.0,15.741000000000001,11.805440146387541,False,2.9403368148659013,0.0,1.7490000000000003,8.86510333152164,False
2055,9.99605561732439,9.99605561732439,0.0,0.0,15.741000000000001,9.99605561732439,False,8.745000000000001,0.0,3.159135998589081,1.2510556173243899,False
2056,6.470089187327039,6.470089187327039,0.0,0.0,15.741000000000001,6.470089187327039,False,0.0,0.0,7.353090665726055,6.470089187327039,False
2057,7.734449570820941,7.734449570820941,0.0,0.0,15.741000000000001,7.734449570820941,False,0.0,0.0,7.353090665726055,7.734449570820941,False
2058,11.793450888442472,11.793450888442472,0.0,0.0,15.741000000000001,11.793450888442472,False,8.745000000000001,0.0,7.353090665726055,3.0484508884424706,False
2059,12.663809800954954,12.663809800954954,0.0,0.0,15.741000000000001,12.663809800954954,False,8.745000000000001,0.0,11.547045332863028,3.9188098009549535,False
2060,7.046347492343726,7.046347492343726,0.0,0.0,15.741000000000001,7.046347492343726,False,0.0,0.0,15.741000000000001,7.046347492343726,False
2061,6.081982653457793,6.081982653457793,0.0,0.0,15.741000000000001,6.081982653457793,False,0.0,0.0,15.741000000000001,6.081982653457793,False
2062,2.108019367225991,2.108019367225991,0.0,0.0,15.741000000000001,2.108019367225991,False,0.0,0.0,15.741000000000001,2.108019367225991,False
2063,-5.152335067702382,-5.152335067702382,0.0,5.152335067702382,15.741000000000001,0.0,False,0.0,5.152335067702382,15.741000000000001,0.0,False
2064,-0.5472733338577048,-0.5472733338577048,0.0,0.5472733338577048,13.0551596808308,0.0,False,0.0,0.5472733338577048,13.0551596808308,0.0,False
2065,0.23345822372778213,0.23345822372778213,0.23345822372778213,0.0,12.769873734484797,0.0,False,0.0,0.0,12.769873734484797,0.23345822372778213,False
2066,7.625281736770473,7.625281736770473,5.961768299707095,0.0,12.881836365357826,1.6635134370633784,False,6.195226523434876,0.0,12.769873734484797,1.4300552133355975,False
2067,-0.28731106711026855,-0.28731106711026855,0.0,0.28731106711026855,15.741000000000001,0.0,False,0.0,0.28731106711026855,15.741000000000001,0.0,False
2068,-16.520230262374795,-16.520230262374795,0.0,8.745000000000001,15.591228752973475,-7.775230262374794,False,0.0,8.745000000000001,15.591228752973475,-7.775230262374794,False
2069,-12.763924914491373,-12.763924914491373,0.0,8.745000000000001,11.032582375650676,-4.018924914491372,False,0.0,8.745000000000001,11.032582375650676,-4.018924914491372,False
2070,4.995002947740827,4.995002947740827,4.995002947740827,0.0,6.473935998327879,0.0,False,4.995002947740827,0.0,6.473935998327879,0.0,False
2071,7.8909963987595395,7.8909963987595395,7.8909963987595395,0.0,8.86945525790942,0.0,False,7.8909963987595395,0.0,8.86945525790942,0.0,False
2072,-7.209765188238158,-7.209765188238158,0.0,7.209765188238158,12.653844185861235,0.0,False,0.0,7.209765188238158,12.653844185861235,0.0,False
2073,-9.161082942794968,-9.161082942794968,0.0,8.745000000000001,8.895494276574798,-0.4160829427949668,False,0.0,8.745000000000001,8.895494276574798,-0.4160829427949668,False
2074,3.3101003216657223,3.3101003216657223,3.3101003216657223,0.0,4.3368478992520005,0.0,False,3.3101003216657223,0.0,4.3368478992520005,0.0,False
2075,9.677666049987279,9.677666049987279,8.745000000000001,0.0,5.924316246049205,0.9326660499872776,False,8.745000000000001,0.0,5.924316246049205,0.9326660499872776,False
2076,,0.0,0.0,0.0,10.11827091318618,,False,0.0,0.0,10.11827091318618,0.0,False
2077,,0.0,0.0,0.0,10.11827091318618,,False,0.0,0.0,10.11827091318618,0.0,False
2078,,0.0,0.0,0.0,10.11827091318618,,False,0.0,0.0,10.11827091318618,0.0,False
2079,,0.0,0.0,0.0,10.11827091318618,,False,0.0,0.0,10.11827091318618,0.0,False
2080,,0.0,0.0,0.0,10.11827091318618,,False,0.0,0.0,10.11827091318618,0.0,False
2081,,0.0,0.0,0.0,10.11827091318618,,False,0.0,0.0,10.11827091318618,0.0,False
2082,,0.0,0.0,0.0,10.11827091318618,,False,0.0,0.0,10.11827091318618,0.0,False
2083,,0.0,0.0,0.0,10.11827091318618,,False,0.0,0.0,10.11827091318618,0.0,False
2084,,0.0,0.0,0.0,10.11827091318618,,False,0.0,0.0,10.11827091318618,0.0,False
2085,,0.0,0.0,0.0,10.11827091318618,,False,0.0,0.0,10.11827091318618,0.0,False
2086,,0.0,0.0,0.0,10.11827091318618,,False,0.0,0.0,10.11827091318618,0.0,False
2087,,0.0,0.0,0.0,10.11827091318618,,False,0.0,0.0,10.11827091318618,0.0,False
2088,,0.0,0.0,0.0,10.11827091318618,,False,0.0,0.0,10.11827091318618,0.0,False
2089,,0.0,0.0,0.0,10.11827091318618,,False,0.0,0.0,10.11827091318618,0.0,False
2090,,0.0,0.0,0.0,10.11827091318618,,False,0.0,0.0,10.11827091318618,0.0,False
2091,,0.0,0.0,0.0,10.11827091318618,,False,0.0,0.0,10.11827091318618,0.0,False
2092,,0.0,0.0,0.0,10.11827091318618,,False,0.0,0.0,10.11827091318618,0.0,False
2093,,0.0,0.0,0.0,10.11827091318618,,False,0.0,0.0,10.11827091318618,0.0,False
2094,,0.0,0.0,0.0,10.11827091318618,,False,0.0,0.0,10.11827091318618,0.0,False
2095,,0.0,0.0,0.0,10.11827091318618,,False,0.0,0.0,10.11827091318618,0.0,False
2096,,0.0,0.0,0.0,10.11827091318618,,False,0.0,0.0,10.11827091318618,0.0,False
2097,,0.0,0.0,0.0,10.11827091318618,,False,0.0,0.0,10.11827091318618,0.0,False
2098,,0.0,0.0,0.0,10.11827091318618,,False,0.0,0.0,10.11827091318618,0.0,False
2099,,0.0,0.0,0.0,10.11827091318618,,False,0.0,0.0,10.11827091318618,0.0,False
2100,,0.0,0.0,0.0,10.11827091318618,,False,0.0,0.0,10.11827091318618,0.0,False
2101,,0.0,0.0,0.0,10.11827091318618,,False,0.0,0.0,10.11827091318618,0.0,False
2102,,0.0,0.0,0.0,10.11827091318618,,False,0.0,0.0,10.11827091318618,0.0,False
2103,,0.0,0.0,0.0,10.11827091318618,,False,0.0,0.0,10.11827091318618,0.0,False
2104,,0.0,0.0,0.0,10.11827091318618,,False,0.0,0.0,10.11827091318618,0.0,False
2105,,0.0,0.0,0.0,10.11827091318618,,False,0.0,0.0,10.11827091318618,0.0,False
2106,,0.0,0.0,0.0,10.11827091318618,,False,0.0,0.0,10.11827091318618,0.0,False
2107,,0.0,0.0,0.0,10.11827091318618,,False,0.0,0.0,10.11827091318618,0.0,False
2108,,0.0,0.0,0.0,10.11827091318618,,False,0.0,0.0,10.11827091318618,0.0,False
2109,,0.0,0.0,0.0,10.11827091318618,,False,0.0,0.0,10.11827091318618,0.0,False
2110,,0.0,0.0,0.0,10.11827091318618,,False,0.0,0.0,10.11827091318618,0.0,False
2111,,0.0,0.0,0.0,10.11827091318618,,False,0.0,0.0,10.11827091318618,0.0,False
2112,,0.0,0.0,0.0,10.11827091318618,,False,0.0,0.0,10.11827091318618,0.0,False
2113,,0.0,0.0,0.0,10.11827091318618,,False,0.0,0.0,10.11827091318618,0.0,False
2114,,0.0,0.0,0.0,10.11827091318618,,False,0.0,0.0,10.11827091318618,0.0,False
2115,,0.0,0.0,0.0,10.11827091318618,,False,0.0,0.0,10.11827091318618,0.0,False
2116,-1.968000744898591,-1.968000744898591,0.0,1.968000744898591,10.11827091318618,0.0,False,0.0,1.968000744898591,10.11827091318618,0.0,False
2117,-1.9832501015759276,-1.9832501015759276,0.0,1.9832501015759276,9.092379607720138,0.0,False,0.0,1.9832501015759276,9.092379607720138,0.0,False
2118,-0.7113719951177039,-0.7113719951177039,0.0,0.7113719951177039,8.058539025573292,0.0,False,0.0,0.7113719951177039,8.058539025573292,0.0,False
2119,0.8384169408563832,0.8384169408563832,0.8384169408563832,0.0,7.6877107387268415,0.0,False,0.0,0.0,7.6877107387268415,0.8384169408563832,False
2120,5.924764217196658,5.924764217196658,5.924764217196658,0.0,8.089801378190687,0.0,False,0.0,0.0,7.6877107387268415,5.924764217196658,False
2121,2.968724784592176,2.968724784592176,2.968724784592176,0.0,10.931218478293381,0.0,False,0.0,0.0,7.6877107387268415,2.968724784592176,False
2122,9.246452405895948,9.246452405895948,7.0603629728198385,0.0,12.354968868892072,2.186089433076109,False,8.047268915465054,0.0,7.6877107387268415,1.1991834904308938,False
2123,15.776668027889055,15.776668027889055,0.0,0.0,15.741000000000001,15.776668027889055,False,8.745000000000001,0.0,11.547045332863028,7.031668027889054,False
2124,-2.065411590795789,-2.065411590795789,0.0,2.065411590795789,15.741000000000001,0.0,False,0.0,0.0,15.741000000000001,-2.065411590795789,False
2125,-8.288212494993044,-8.288212494993044,0.0,8.288212494993044,14.664329780896315,0.0,False,0.0,0.0,15.741000000000001,-8.288212494993044,False
2126,-5.367077456379798,-5.367077456379798,0.0,5.367077456379798,10.343800350961315,0.0,False,0.0,0.0,15.741000000000001,-5.367077456379798,False
2127,-9.90737008813095,-9.90737008813095,0.0,8.745000000000001,7.546017823421392,-1.1623700881309489,False,0.0,0.0,15.741000000000001,-9.90737008813095,False
2128,-10.396885106251487,-10.396885106251487,0.0,2.3756083275079996,2.987371446098595,-8.021276778743488,False,0.0,0.0,15.741000000000001,-10.396885106251487,False
2129,-5.456692568446742,-5.456692568446742,0.0,0.0,1.7490000000000003,-5.456692568446742,False,0.0,0.0,15.741000000000001,-5.456692568446742,False
2130,-3.6842278704854134,-3.6842278704854134,0.0,0.0,1.7490000000000003,-3.6842278704854134,False,0.0,0.0,15.741000000000001,-3.6842278704854134,False
2131,-5.232925967629399,-5.232925967629399,0.0,0.0,1.7490000000000003,-5.232925967629399,False,0.0,0.0,15.741000000000001,-5.232925967629399,False
2132,-5.986999274628057,-5.986999274628057,0.0,0.0,1.7490000000000003,-5.986999274628057,False,0.0,0.0,15.741000000000001,-5.986999274628057,False
2133,-3.398522736055964,-3.398522736055964,0.0,0.0,1.7490000000000003,-3.398522736055964,False,0.0,0.9791913647803423,15.741000000000001,-2.4193313712756215,False
2134,-1.5482595456542765,-1.5482595456542765,0.0,0.0,1.7490000000000003,-1.5482595456542765,False,0.0,1.5482595456542765,15.2305612158077,0.0,False
2135,-2.1191403790264043,-2.1191403790264043,0.0,0.0,1.7490000000000003,-2.1191403790264043,False,0.0,2.1191403790264043,14.423475135881764,0.0,False
2136,-1.7715062831524273,-1.7715062831524273,0.0,0.0,1.7490000000000003,-1.7715062831524273,False,0.0,1.7715062831524273,13.318796849788319,0.0,False
2137,-1.5939282382286877,-1.5939282382286877,0.0,0.0,1.7490000000000003,-1.5939282382286877,False,0.0,1.5939282382286877,12.395335363213432,0.0,False
2138,-1.7892761517590905,-1.7892761517590905,0.0,0.0,1.7490000000000003,-1.7892761517590905,False,0.0,1.7892761517590905,11.56444283160523,0.0,False
2139,-1.2216668781852034,-1.2216668781852034,0.0,0.0,1.7490000000000003,-1.2216668781852034,False,0.0,1.2216668781852034,10.63171816067937,0.0,False
2140,-0.9530108209731274,-0.9530108209731274,0.0,0.0,1.7490000000000003,-0.9530108209731274,False,0.0,0.9530108209731274,9.994880277485061,0.0,False
2141,-1.3606411032231056,-1.3606411032231056,0.0,0.0,1.7490000000000003,-1.3606411032231056,False,0.0,1.3606411032231056,9.498089045171902,0.0,False
2142,-1.266463472486485,-1.266463472486485,0.0,0.0,1.7490000000000003,-1.266463472486485,False,0.0,1.266463472486485,8.788805839220558,0.0,False
2143,-1.0906471978601093,-1.0906471978601093,0.0,0.0,1.7490000000000003,-1.0906471978601093,False,0.0,1.0906471978601093,8.128616116995039,0.0,False
2144,-0.9408631168078229,-0.9408631168078229,0.0,0.0,1.7490000000000003,-0.9408631168078229,False,0.0,0.9408631168078229,7.56007696348306,0.0,False
2145,-0.8006236778841832,-0.8006236778841832,0.0,0.0,1.7490000000000003,-0.8006236778841832,False,0.0,0.8006236778841832,7.069618159710319,0.0,False
2146,-1.1523384449380638,-1.1523384449380638,0.0,0.0,1.7490000000000003,-1.1523384449380638,False,0.0,1.1523384449380638,6.652264217024717,0.0,False
2147,-1.1957467609989156,-1.1957467609989156,0.0,0.0,1.7490000000000003,-1.1957467609989156,False,0.0,1.1957467609989156,6.051566277920465,0.0,False
2148,-0.8414392657567467,-0.8414392657567467,0.0,0.0,1.7490000000000003,-0.8414392657567467,False,0.0,0.8414392657567467,5.4282401898446295,0.0,False
2149,-1.1642169364813661,-1.1642169364813661,0.0,0.0,1.7490000000000003,-1.1642169364813661,False,0.0,1.1642169364813661,4.989609651184922,0.0,False
2150,-1.5833124228011328,-1.5833124228011328,0.0,0.0,1.7490000000000003,-1.5833124228011328,False,0.0,1.5833124228011328,4.382719620320585,0.0,False
2151,-1.2521680689700552,-1.2521680689700552,0.0,0.0,1.7490000000000003,-1.2521680689700552,False,0.0,1.2521680689700552,3.5573609650464206,0.0,False
2152,-0.7161257227755776,-0.7161257227755776,0.0,0.0,1.7490000000000003,-0.7161257227755776,False,0.0,0.7161257227755776,2.904623237040746,0.0,False
2153,-0.2817978448845383,-0.2817978448845383,0.0,0.0,1.7490000000000003,-0.2817978448845383,False,0.0,0.2817978448845383,2.5313168983513745,0.0,False
2154,5.730831542433485,5.730831542433485,5.730831542433485,0.0,1.7490000000000003,0.0,False,5.730831542433485,0.0,2.3844196170797596,0.0,False
2155,5.454011556994663,5.454011556994663,5.454011556994663,0.0,4.4974102565997365,0.0,False,5.454011556994663,0.0,5.132829873679496,0.0,False
2156,5.60408086258091,5.60408086258091,5.60408086258091,0.0,7.113062311954426,0.0,False,5.60408086258091,0.0,7.7484819290341855,0.0,False
2157,7.085037553559195,7.085037553559195,7.085037553559195,0.0,9.800685077950334,0.0,False,7.085037553559195,0.0,10.436104695030092,0.0,False
2158,-0.10892297684954258,-0.10892297684954258,0.0,0.10892297684954258,13.198549722271697,0.0,False,0.0,0.0,13.833969339351453,-0.10892297684954258,False
2159,-1.9763981278511031,-1.9763981278511031,0.0,1.9763981278511031,13.14176969553386,0.0,False,0.0,0.0,13.833969339351453,-1.9763981278511031,False
2160,-3.0331152325142803,-3.0331152325142803,0.0,3.0331152325142803,12.11150095160293,0.0,False,0.0,0.0,13.833969339351453,-3.0331152325142803,False
2161,-7.7411805203762425,-7.7411805203762425,0.0,7.7411805203762425,10.530380337914671,0.0,False,0.0,0.0,13.833969339351453,-7.7411805203762425,False
2162,-7.767446177421,-7.767446177421,0.0,7.767446177421,6.4950110371239385,0.0,False,0.0,0.0,13.833969339351453,-7.767446177421,False
2163,-2.695752730065822,-2.695752730065822,0.0,1.336981559310631,2.445949816111926,-1.3587711707551913,False,0.0,0.0,13.833969339351453,-2.695752730065822,False
2164,-3.475539401202759,-3.475539401202759,0.0,0.0,1.7490000000000003,-3.475539401202759,False,0.0,0.0,13.833969339351453,-3.475539401202759,False
2165,-7.869204107877602,-7.869204107877602,0.0,0.0,1.7490000000000003,-7.869204107877602,False,0.0,0.0,13.833969339351453,-7.869204107877602,False
2166,-4.742493959291412,-4.742493959291412,0.0,0.0,1.7490000000000003,-4.742493959291412,False,0.0,0.0,13.833969339351453,-4.742493959291412,False
2167,-0.49431247027857655,-0.49431247027857655,0.0,0.0,1.7490000000000003,-0.49431247027857655,False,0.0,0.0,13.833969339351453,-0.49431247027857655,False
2168,-0.22714563019004952,-0.22714563019004952,0.0,0.0,1.7490000000000003,-0.22714563019004952,False,0.0,0.0,13.833969339351453,-0.22714563019004952,False
2169,-2.0869826357068937,-2.0869826357068937,0.0,0.0,1.7490000000000003,-2.0869826357068937,False,0.0,0.0,13.833969339351453,-2.0869826357068937,False
2170,-3.9439632945259984,-3.9439632945259984,0.0,0.0,1.7490000000000003,-3.9439632945259984,False,0.0,0.0,13.833969339351453,-3.9439632945259984,False
2171,0.916868138643353,0.916868138643353,0.916868138643353,0.0,1.7490000000000003,0.0,False,0.916868138643353,0.0,13.833969339351453,0.0,False
2172,2.1981485045168685,2.1981485045168685,2.1981485045168685,0.0,2.188714512202685,0.0,False,2.1981485045168685,0.0,14.273683851554138,0.0,False
2173,-2.880181797269262,-2.880181797269262,0.0,2.865815311707404,3.242909501291156,-0.014366485561858156,False,0.0,0.0,15.327878840642608,-2.880181797269262,False
2174,-6.011822058146988,-6.011822058146988,0.0,0.0,1.7490000000000003,-6.011822058146988,False,0.0,0.0,15.327878840642608,-6.011822058146988,False
2175,-4.793852319939515,-4.793852319939515,0.0,0.0,1.7490000000000003,-4.793852319939515,False,0.0,0.0,15.327878840642608,-4.793852319939515,False
2176,-0.8432000513783673,-0.8432000513783673,0.0,0.0,1.7490000000000003,-0.8432000513783673,False,0.0,0.0,15.327878840642608,-0.8432000513783673,False
2177,0.8614171647798619,0.8614171647798619,0.8614171647798619,0.0,1.7490000000000003,0.0,False,0.8614171647798619,0.0,15.327878840642608,0.0,False
2178,-1.5676916702194,-1.5676916702194,0.0,0.7925037915974725,2.162121159357393,-0.7751878786219274,False,0.0,0.0,15.741000000000001,-1.5676916702194,False
2179,-4.226132010620931,-4.226132010620931,0.0,0.0,1.7490000000000003,-4.226132010620931,False,0.0,0.6082632014754659,15.741000000000001,-3.617868809145465,False
2180,-2.7667924326871267,-2.7667924326871267,0.0,0.0,1.7490000000000003,-2.7667924326871267,False,0.0,2.7667924326871267,15.423920887379658,0.0,False
2181,1.341372607980458,1.341372607980458,1.341372607980458,0.0,1.7490000000000003,0.0,False,1.341372607980458,0.0,13.981630630081398,0.0,False
2182,2.0508668107141013,2.0508668107141013,2.0508668107141013,0.0,2.392299703786088,0.0,False,2.0508668107141013,0.0,14.624930333867486,0.0,False
2183,-0.6166776702136602,-0.6166776702136602,0.0,0.6166776702136602,3.3758608738799385,0.0,False,0.0,0.0,15.608491503961336,-0.6166776702136602,False
2184,-0.10930661561398457,-0.10930661561398457,0.0,0.10930661561398457,3.05439541621323,0.0,False,0.0,0.0,15.608491503961336,-0.10930661561398457,False
2185,0.27629931409086456,0.27629931409086456,0.27629931409086456,0.0,2.9974154039449505,0.0,False,0.27629931409086456,0.0,15.608491503961336,0.0,False
2186,-1.1082222921828297,-1.1082222921828297,0.0,1.1082222921828297,3.1299238999836154,0.0,False,0.0,0.0,15.741000000000001,-1.1082222921828297,False
2187,,0.0,0.0,0.0,2.5522230952348877,,False,0.0,0.0,15.741000000000001,0.0,False
2188,,0.0,0.0,0.0,2.5522230952348877,,False,0.0,0.0,15.741000000000001,0.0,False
2189,,0.0,0.0,0.0,2.5522230952348877,,False,0.0,0.0,15.741000000000001,0.0,False
2190,,0.0,0.0,0.0,2.5522230952348877,,False,0.0,0.0,15.741000000000001,0.0,False
2191,,0.0,0.0,0.0,2.5522230952348877,,False,0.0,0.0,15.741000000000001,0.0,False
2192,,0.0,0.0,0.0,2.5522230952348877,,False,0.0,0.0,15.741000000000001,0.0,False
2193,,0.0,0.0,0.0,2.5522230952348877,,False,0.0,0.0,15.741000000000001,0.0,False
2194,,0.0,0.0,0.0,2.5522230952348877,,False,0.0,0.0,15.741000000000001,0.0,False
2195,,0.0,0.0,0.0,2.5522230952348877,,False,0.0,0.0,15.741000000000001,0.0,False
2196,,0.0,0.0,0.0,2.5522230952348877,,False,0.0,0.0,15.741000000000001,0.0,False
2197,,0.0,0.0,0.0,2.5522230952348877,,False,0.0,0.0,15.741000000000001,0.0,False
2198,,0.0,0.0,0.0,2.5522230952348877,,False,0.0,0.0,15.741000000000001,0.0,False
2199,,0.0,0.0,0.0,2.5522230952348877,,False,0.0,0.0,15.741000000000001,0.0,False
2200,,0.0,0.0,0.0,2.5522230952348877,,False,0.0,0.0,15.741000000000001,0.0,False
2201,,0.0,0.0,0.0,2.5522230952348877,,False,0.0,0.0,15.741000000000001,0.0,False
2202,,0.0,0.0,0.0,2.5522230952348877,,False,0.0,0.0,15.741000000000001,0.0,False
2203,,0.0,0.0,0.0,2.5522230952348877,,False,0.0,0.0,15.741000000000001,0.0,False
2204,,0.0,0.0,0.0,2.5522230952348877,,False,0.0,0.0,15.741000000000001,0.0,False
2205,,0.0,0.0,0.0,2.5522230952348877,,False,0.0,0.0,15.741000000000001,0.0,False
2206,,0.0,0.0,0.0,2.5522230952348877,,False,0.0,0.0,15.741000000000001,0.0,False
2207,,0.0,0.0,0.0,2.5522230952348877,,False,0.0,0.0,15.741000000000001,0.0,False
2208,,0.0,0.0,0.0,2.5522230952348877,,False,0.0,0.0,15.741000000000001,0.0,False
2209,,0.0,0.0,0.0,2.5522230952348877,,False,0.0,0.0,15.741000000000001,0.0,False
2210,,0.0,0.0,0.0,2.5522230952348877,,False,0.0,0.0,15.741000000000001,0.0,False
2211,,0.0,0.0,0.0,2.5522230952348877,,False,0.0,0.0,15.741000000000001,0.0,False
2212,,0.0,0.0,0.0,2.5522230952348877,,False,0.0,0.0,15.741000000000001,0.0,False
2213,-2.1190906730146177,-2.1190906730146177,0.0,1.5408490561521149,2.5522230952348877,-0.5782416168625029,False,0.0,0.0,15.741000000000001,-2.1190906730146177,False
2214,-1.9848245998390877,-1.9848245998390877,0.0,0.0,1.7490000000000003,-1.9848245998390877,False,0.0,0.0,15.741000000000001,-1.9848245998390877,False
2215,-1.5318088303512434,-1.5318088303512434,0.0,0.0,1.7490000000000003,-1.5318088303512434,False,0.0,0.0,15.741000000000001,-1.5318088303512434,False
2216,-1.1792118672881657,-1.1792118672881657,0.0,0.0,1.7490000000000003,-1.1792118672881657,False,0.0,0.0,15.741000000000001,-1.1792118672881657,False
2217,-0.6010720900334847,-0.6010720900334847,0.0,0.0,1.7490000000000003,-0.6010720900334847,False,0.0,0.0,15.741000000000001,-0.6010720900334847,False
2218,-0.7713411352668833,-0.7713411352668833,0.0,0.0,1.7490000000000003,-0.7713411352668833,False,0.0,0.0,15.741000000000001,-0.7713411352668833,False
2219,-0.7533168731458133,-0.7533168731458133,0.0,0.0,1.7490000000000003,-0.7533168731458133,False,0.0,0.0,15.741000000000001,-0.7533168731458133,False
2220,-0.8766563074139602,-0.8766563074139602,0.0,0.0,1.7490000000000003,-0.8766563074139602,False,0.0,0.0,15.741000000000001,-0.8766563074139602,False
2221,-1.063004749001116,-1.063004749001116,0.0,0.0,1.7490000000000003,-1.063004749001116,False,0.0,0.0,15.741000000000001,-1.063004749001116,False
2222,-0.9422201897469753,-0.9422201897469753,0.0,0.0,1.7490000000000003,-0.9422201897469753,False,0.0,0.0,15.741000000000001,-0.9422201897469753,False
2223,-0.9310626155195236,-0.9310626155195236,0.0,0.0,1.7490000000000003,-0.9310626155195236,False,0.0,0.0,15.741000000000001,-0.9310626155195236,False
2224,-1.2558458897146338,-1.2558458897146338,0.0,0.0,1.7490000000000003,-1.2558458897146338,False,0.0,0.0,15.741000000000001,-1.2558458897146338,False
2225,-1.4197956996587224,-1.4197956996587224,0.0,0.0,1.7490000000000003,-1.4197956996587224,False,0.0,0.0,15.741000000000001,-1.4197956996587224,False
2226,-1.5523708414740944,-1.5523708414740944,0.0,0.0,1.7490000000000003,-1.5523708414740944,False,0.0,0.0,15.741000000000001,-1.5523708414740944,False
2227,-1.6174000781088997,-1.6174000781088997,0.0,0.0,1.7490000000000003,-1.6174000781088997,False,0.0,0.0,15.741000000000001,-1.6174000781088997,False
2228,-1.4781506449455324,-1.4781506449455324,0.0,0.0,1.7490000000000003,-1.4781506449455324,False,0.0,0.0,15.741000000000001,-1.4781506449455324,False
2229,-1.571679869328395,-1.571679869328395,0.0,0.0,1.7490000000000003,-1.571679869328395,False,0.0,0.0,15.741000000000001,-1.571679869328395,False
2230,-1.7601609436784098,-1.7601609436784098,0.0,0.0,1.7490000000000003,-1.7601609436784098,False,0.0,0.0,15.741000000000001,-1.7601609436784098,False
2231,-1.8508093242750705,-1.8508093242750705,0.0,0.0,1.7490000000000003,-1.8508093242750705,False,0.0,0.0,15.741000000000001,-1.8508093242750705,False
2232,-1.9778070099505018,-1.9778070099505018,0.0,0.0,1.7490000000000003,-1.9778070099505018,False,0.0,0.0,15.741000000000001,-1.9778070099505018,False
2233,-2.0067543229464713,-2.0067543229464713,0.0,0.0,1.7490000000000003,-2.0067543229464713,False,0.0,0.0,15.741000000000001,-2.0067543229464713,False
2234,-1.9805491106507422,-1.9805491106507422,0.0,0.0,1.7490000000000003,-1.9805491106507422,False,0.0,0.0,15.741000000000001,-1.9805491106507422,False
2235,-1.9628461387803502,-1.9628461387803502,0.0,0.0,1.7490000000000003,-1.9628461387803502,False,0.0,0.0,15.741000000000001,-1.9628461387803502,False
2236,-2.0158938479617055,-2.0158938479617055,0.0,0.0,1.7490000000000003,-2.0158938479617055,False,0.0,0.0,15.741000000000001,-2.0158938479617055,False
2237,-1.985402196113809,-1.985402196113809,0.0,0.0,1.7490000000000003,-1.985402196113809,False,0.0,0.0,15.741000000000001,-1.985402196113809,False
2238,-1.9473455962179393,-1.9473455962179393,0.0,0.0,1.7490000000000003,-1.9473455962179393,False,0.0,0.0,15.741000000000001,-1.9473455962179393,False
2239,-1.9526815881781723,-1.9526815881781723,0.0,0.0,1.7490000000000003,-1.9526815881781723,False,0.0,0.0,15.741000000000001,-1.9526815881781723,False
2240,-1.9686395913276333,-1.9686395913276333,0.0,0.0,1.7490000000000003,-1.9686395913276333,False,0.0,0.0,15.741000000000001,-1.9686395913276333,False
2241,-1.9826922346701699,-1.9826922346701699,0.0,0.0,1.7490000000000003,-1.9826922346701699,False,0.0,0.0,15.741000000000001,-1.9826922346701699,False
2242,-1.9823315119162637,-1.9823315119162637,0.0,0.0,1.7490000000000003,-1.9823315119162637,False,0.0,0.0,15.741000000000001,-1.9823315119162637,False
2243,-1.975293891834153,-1.975293891834153,0.0,0.0,1.7490000000000003,-1.975293891834153,False,0.0,0.065338936561051,15.741000000000001,-1.9099549552731019,False
2244,-1.9938816928031415,-1.9938816928031415,0.0,0.0,1.7490000000000003,-1.9938816928031415,False,0.0,1.9938816928031415,15.706939724819652,0.0,False
2245,-1.9600441731179552,-1.9600441731179552,0.0,0.0,1.7490000000000003,-1.9600441731179552,False,0.0,1.9600441731179552,14.667557042634714,0.0,False
2246,-1.6686164740498695,-1.6686164740498695,0.0,0.0,1.7490000000000003,-1.6686164740498695,False,0.0,1.6686164740498695,13.645813386925528,0.0,False
2247,-1.6674866592003212,-1.6674866592003212,0.0,0.0,1.7490000000000003,-1.6674866592003212,False,0.0,1.6674866592003212,12.775986920994303,0.0,False
2248,-2.171524908219886,-2.171524908219886,0.0,0.0,1.7490000000000003,-2.171524908219886,False,0.0,2.171524908219886,11.906749411766443,0.0,False
2249,-2.2864369190549265,-2.2864369190549265,0.0,0.0,1.7490000000000003,-2.2864369190549265,False,0.0,2.2864369190549265,10.77476380214691,0.0,False
2250,-2.0490235904178307,-2.0490235904178307,0.0,0.0,1.7490000000000003,-2.0490235904178307,False,0.0,2.0490235904178307,9.582876166008909,0.0,False
2251,-1.9771637263591832,-1.9771637263591832,0.0,0.0,1.7490000000000003,-1.9771637263591832,False,0.0,1.9771637263591832,8.514748782646166,0.0,False
2252,-1.9767426069532001,-1.9767426069532001,0.0,0.0,1.7490000000000003,-1.9767426069532001,False,0.0,1.9767426069532001,7.484080942904447,0.0,False
2253,-1.9758537228444575,-1.9758537228444575,0.0,0.0,1.7490000000000003,-1.9758537228444575,False,0.0,1.9758537228444575,6.4536326268281945,0.0,False
2254,-2.0119673441224424,-2.0119673441224424,0.0,0.0,1.7490000000000003,-2.0119673441224424,False,0.0,2.0119673441224424,5.42364767362469,0.0,False
2255,-1.8675187224659766,-1.8675187224659766,0.0,0.0,1.7490000000000003,-1.8675187224659766,False,0.0,1.8675187224659766,4.37483719397054,0.0,False
2256,-1.8535582521187661,-1.8535582521187661,0.0,0.0,1.7490000000000003,-1.8535582521187661,False,0.0,1.8535582521187661,3.4013257635815157,0.0,False
2257,-1.3161521413876305,-1.3161521413876305,0.0,0.0,1.7490000000000003,-1.3161521413876305,False,0.0,1.3161521413876305,2.4350917314285154,0.0,False
2258,0.9847886403617296,0.9847886403617296,0.9847886403617296,0.0,1.7490000000000003,0.0,False,0.9847886403617296,0.0,1.7490000000000003,0.0,False
2259,0.9895735873127204,0.9895735873127204,0.9895735873127204,0.0,2.2212880405247057,0.0,False,0.9895735873127204,0.0,2.2212880405247057,0.0,False
2260,4.861293076442087,4.861293076442087,4.861293076442087,0.0,2.6958708609919055,0.0,False,4.861293076442087,0.0,2.6958708609919055,0.0,False
2261,8.591392932192976,8.591392932192976,8.591392932192976,0.0,5.027265118998189,0.0,False,8.591392932192976,0.0,5.027265118998189,0.0,False
2262,3.0032111723618433,3.0032111723618433,3.0032111723618433,0.0,9.147552424335906,0.0,False,3.0032111723618433,0.0,9.147552424335906,0.0,False
2263,-1.5886991063233855,-1.5886991063233855,0.0,1.5886991063233855,10.587841905493693,0.0,False,0.0,1.5886991063233855,10.587841905493693,0.0,False
2264,10.44935013399875,10.44935013399875,8.745000000000001,0.0,9.759675247323646,1.7043501339987497,False,0.0,0.0,9.759675247323646,10.44935013399875,False
2265,24.45793404669995,24.45793404669995,3.726924260893876,0.0,13.95362991446062,20.731009785806073,True,0.0,0.0,9.759675247323646,24.45793404669995,True
2266,19.858131495735048,19.858131495735048,0.0,0.0,15.741000000000001,19.858131495735048,True,0.0,0.0,9.759675247323646,19.858131495735048,True
2267,13.700967187714584,13.700967187714584,0.0,0.0,15.741000000000001,13.700967187714584,False,0.0,0.0,9.759675247323646,13.700967187714584,False
2268,15.662199035438665,15.662199035438665,0.0,0.0,15.741000000000001,15.662199035438665,False,0.0,0.0,9.759675247323646,15.662199035438665,False
2269,26.359070066908078,26.359070066908078,0.0,0.0,15.741000000000001,26.359070066908078,True,0.0,0.0,9.759675247323646,26.359070066908078,True
2270,24.673236983469472,24.673236983469472,0.0,0.0,15.741000000000001,24.673236983469472,True,3.7269242608938797,0.0,9.759675247323646,20.94631272257559,True
2271,10.089143329194396,10.089143329194396,0.0,0.0,15.741000000000001,10.089143329194396,False,8.745000000000001,0.0,11.547045332863028,1.3441433291943952,False
2272,1.8953783780264792,1.8953783780264792,0.0,0.0,15.741000000000001,1.8953783780264792,False,0.0,0.0,15.741000000000001,1.8953783780264792,False
2273,-9.164288823147023,-9.164288823147023,0.0,8.745000000000001,15.741000000000001,-0.4192888231470224,False,0.0,0.0,15.741000000000001,-9.164288823147023,False
2274,-15.746964225947375,-15.746964225947375,0.0,8.745000000000001,11.182353622677205,-7.001964225947374,False,0.0,0.0,15.741000000000001,-15.746964225947375,False
2275,-15.343719395631203,-15.343719395631203,0.0,8.745000000000001,6.6237072453544075,-6.598719395631202,False,0.0,0.6063098696766263,15.741000000000001,-14.737409525954575,False
2276,-12.771113222318403,-12.771113222318403,0.0,0.6063098696766301,2.06506086803161,-12.164803352641773,False,0.0,8.745000000000001,15.424939131968394,-4.026113222318402,False
2277,-22.338548932901226,-22.338548932901226,0.0,0.0,1.7490000000000003,-22.338548932901226,True,0.0,8.745000000000001,10.866292754645595,-13.593548932901225,False
2278,-18.124413963186402,-18.124413963186402,0.0,0.0,1.7490000000000003,-18.124413963186402,True,0.0,8.745000000000001,6.307646377322798,-9.379413963186401,False
2279,1.791343800295314,1.791343800295314,1.791343800295314,0.0,1.7490000000000003,0.0,False,1.791343800295314,0.0,1.7490000000000003,0.0,False
2280,-5.358367098702048,-5.358367098702048,0.0,1.6480362962716888,2.6080983066547074,-3.710330802430359,False,0.0,0.0,2.6080983066547074,-5.358367098702048,False
2281,-11.068776413741746,-11.068776413741746,0.0,0.0,1.7490000000000003,-11.068776413741746,False,0.0,0.0,2.6080983066547074,-11.068776413741746,False
2282,-6.616883352952971,-6.616883352952971,0.0,0.0,1.7490000000000003,-6.616883352952971,False,0.0,0.0,2.6080983066547074,-6.616883352952971,False
2283,-4.972274078065367,-4.972274078065367,0.0,0.0,1.7490000000000003,-4.972274078065367,False,0.0,1.6480362962716888,2.6080983066547074,-3.3242377817936783,False
2284,2.8942463948901436,2.8942463948901436,2.8942463948901436,0.0,1.7490000000000003,0.0,False,0.0,0.0,1.7490000000000003,2.8942463948901436,False
2285,8.750805463872354,8.750805463872354,8.745000000000001,0.0,3.137031809684835,0.00580546387235259,False,2.9403368148659013,0.0,1.7490000000000003,5.810468649006452,False
2286,38.60734145708063,38.60734145708063,8.745000000000001,0.0,7.330986476821809,29.86234145708063,True,8.745000000000001,0.0,3.159135998589081,29.86234145708063,True
2287,47.9064066795344,47.9064066795344,8.745000000000001,0.0,11.524941143958783,39.161406679534394,True,8.745000000000001,0.0,7.353090665726055,39.161406679534394,True
2288,10.13089235644137,10.13089235644137,0.04609041997575686,0.0,15.718895811095756,10.084801936465613,False,8.745000000000001,0.0,11.547045332863028,1.385892356441369,False
2289,-1.8755134631117787,-1.8755134631117787,0.0,1.8755134631117787,15.741000000000001,0.0,False,0.0,1.8755134631117787,15.741000000000001,0.0,False
2290,16.44934322821826,16.44934322821826,2.0386015903388883,0.0,14.763321022957733,14.410741637879372,False,0.0,0.0,14.763321022957733,16.44934322821826,False
2291,6.682712686726485,6.682712686726485,0.0,0.0,15.741000000000001,6.682712686726485,False,0.0,0.0,14.763321022957733,6.682712686726485,False
2292,5.778425311066437,5.778425311066437,0.0,0.0,15.741000000000001,5.778425311066437,False,2.0386015903388883,0.0,14.763321022957733,3.7398237207275487,False
2293,22.898848669847908,22.898848669847908,0.0,0.0,15.741000000000001,22.898848669847908,True,0.0,0.0,15.741000000000001,22.898848669847908,True
2294,15.820054100422192,15.820054100422192,0.0,0.0,15.741000000000001,15.820054100422192,False,0.0,0.0,15.741000000000001,15.820054100422192,False
2295,9.746505028556108,9.746505028556108,0.0,0.0,15.741000000000001,9.746505028556108,False,0.0,0.0,15.741000000000001,9.746505028556108,False
2296,-0.48779402179407333,-0.48779402179407333,0.0,0.48779402179407333,15.741000000000001,0.0,False,0.0,0.48779402179407333,15.741000000000001,0.0,False
2297,-7.646854530661585,-7.646854530661585,0.0,7.646854530661585,15.486719788412664,0.0,False,0.0,7.646854530661585,15.486719788412664,0.0,False
2298,-12.69955370534935,-12.69955370534935,0.0,8.745000000000001,11.500521308811194,-3.9545537053493494,False,0.0,8.745000000000001,11.500521308811194,-3.9545537053493494,False
2299,-7.1882028882270905,-7.1882028882270905,0.0,7.1882028882270905,6.941874931488397,0.0,False,0.0,7.1882028882270905,6.941874931488397,0.0,False
2300,6.467699206148054,6.467699206148054,6.467699206148054,0.0,3.1947651480832864,0.0,False,6.467699206148054,0.0,3.1947651480832864,0.0,False
2301,0.2675021195557878,0.2675021195557878,0.2675021195557878,0.0,6.2965647216982354,0.0,False,0.2675021195557878,0.0,6.2965647216982354,0.0,False
2302,-11.74568624446287,-11.74568624446287,0.0,8.745000000000001,6.424854231450097,-3.0006862444628695,False,0.0,0.0,6.424854231450097,-11.74568624446287,False
2303,-10.336275953103605,-10.336275953103605,0.0,0.2248436486414165,1.8662078541272997,-10.11143230446219,False,0.0,0.0,6.424854231450097,-10.336275953103605,False
2304,-8.048994005613597,-8.048994005613597,0.0,0.0,1.7490000000000003,-8.048994005613597,False,0.0,0.0,6.424854231450097,-8.048994005613597,False
2305,-3.9109842651749993,-3.9109842651749993,0.0,0.0,1.7490000000000003,-3.9109842651749993,False,0.0,0.0,6.424854231450097,-3.9109842651749993,False
2306,,0.0,0.0,0.0,1.7490000000000003,,False,0.0,0.0,6.424854231450097,0.0,False
2307,,0.0,0.0,0.0,1.7490000000000003,,False,0.0,0.0,6.424854231450097,0.0,False
2308,,0.0,0.0,0.0,1.7490000000000003,,False,0.0,0.0,6.424854231450097,0.0,False
2309,,0.0,0.0,0.0,1.7490000000000003,,False,0.0,0.0,6.424854231450097,0.0,False
2310,,0.0,0.0,0.0,1.7490000000000003,,False,0.0,0.0,6.424854231450097,0.0,False
2311,,0.0,0.0,0.0,1.7490000000000003,,False,0.0,0.0,6.424854231450097,0.0,False
2312,,0.0,0.0,0.0,1.7490000000000003,,False,0.0,0.0,6.424854231450097,0.0,False
2313,,0.0,0.0,0.0,1.7490000000000003,,False,0.0,0.0,6.424854231450097,0.0,False
2314,,0.0,0.0,0.0,1.7490000000000003,,False,0.0,0.0,6.424854231450097,0.0,False
2315,,0.0,0.0,0.0,1.7490000000000003,,False,0.0,0.0,6.424854231450097,0.0,False
2316,,0.0,0.0,0.0,1.7490000000000003,,False,0.0,0.0,6.424854231450097,0.0,False
2317,,0.0,0.0,0.0,1.7490000000000003,,False,0.0,0.0,6.424854231450097,0.0,False
2318,,0.0,0.0,0.0,1.7490000000000003,,False,0.0,0.0,6.424854231450097,0.0,False
2319,,0.0,0.0,0.0,1.7490000000000003,,False,0.0,0.0,6.424854231450097,0.0,False
2320,,0.0,0.0,0.0,1.7490000000000003,,False,0.0,0.0,6.424854231450097,0.0,False
2321,,0.0,0.0,0.0,1.7490000000000003,,False,0.0,0.0,6.424854231450097,0.0,False
2322,,0.0,0.0,0.0,1.7490000000000003,,False,0.0,0.0,6.424854231450097,0.0,False
2323,,0.0,0.0,0.0,1.7490000000000003,,False,0.0,0.0,6.424854231450097,0.0,False
2324,,0.0,0.0,0.0,1.7490000000000003,,False,0.0,0.0,6.424854231450097,0.0,False
2325,,0.0,0.0,0.0,1.7490000000000003,,False,0.0,0.0,6.424854231450097,0.0,False
2326,,0.0,0.0,0.0,1.7490000000000003,,False,0.0,0.0,6.424854231450097,0.0,False
2327,,0.0,0.0,0.0,1.7490000000000003,,False,0.0,0.0,6.424854231450097,0.0,False
2328,,0.0,0.0,0.0,1.7490000000000003,,False,0.0,0.0,6.424854231450097,0.0,False
2329,,0.0,0.0,0.0,1.7490000000000003,,False,0.0,0.0,6.424854231450097,0.0,False
2330,,0.0,0.0,0.0,1.7490000000000003,,False,0.0,0.0,6.424854231450097,0.0,False
2331,,0.0,0.0,0.0,1.7490000000000003,,False,0.0,0.0,6.424854231450097,0.0,False
2332,,0.0,0.0,0.0,1.7490000000000003,,False,0.0,0.0,6.424854231450097,0.0,False
2333,,0.0,0.0,0.0,1.7490000000000003,,False,0.0,0.0,6.424854231450097,0.0,False
2334,,0.0,0.0,0.0,1.7490000000000003,,False,0.0,0.0,6.424854231450097,0.0,False
2335,,0.0,0.0,0.0,1.7490000000000003,,False,0.0,0.0,6.424854231450097,0.0,False
2336,,0.0,0.0,0.0,1.7490000000000003,,False,0.0,0.0,6.424854231450097,0.0,False
2337,,0.0,0.0,0.0,1.7490000000000003,,False,0.0,0.0,6.424854231450097,0.0,False
2338,,0.0,0.0,0.0,1.7490000000000003,,False,0.0,0.0,6.424854231450097,0.0,False
2339,,0.0,0.0,0.0,1.7490000000000003,,False,0.0,0.0,6.424854231450097,0.0,False
2340,,0.0,0.0,0.0,1.7490000000000003,,False,0.0,0.0,6.424854231450097,0.0,False
2341,,0.0,0.0,0.0,1.7490000000000003,,False,0.0,0.0,6.424854231450097,0.0,False
2342,,0.0,0.0,0.0,1.7490000000000003,,False,0.0,0.0,6.424854231450097,0.0,False
2343,,0.0,0.0,0.0,1.7490000000000003,,False,0.0,0.0,6.424854231450097,0.0,False
2344,,0.0,0.0,0.0,1.7490000000000003,,False,0.0,0.0,6.424854231450097,0.0,False
2345,,0.0,0.0,0.0,1.7490000000000003,,False,0.0,0.0,6.424854231450097,0.0,False
2346,,0.0,0.0,0.0,1.7490000000000003,,False,0.0,0.0,6.424854231450097,0.0,False
2347,,0.0,0.0,0.0,1.7490000000000003,,False,0.0,0.0,6.424854231450097,0.0,False
2348,,0.0,0.0,0.0,1.7490000000000003,,False,0.0,0.0,6.424854231450097,0.0,False
2349,,0.0,0.0,0.0,1.7490000000000003,,False,0.0,0.0,6.424854231450097,0.0,False
2350,,0.0,0.0,0.0,1.7490000000000003,,False,0.0,0.0,6.424854231450097,0.0,False
2351,,0.0,0.0,0.0,1.7490000000000003,,False,0.0,0.0,6.424854231450097,0.0,False
2352,,0.0,0.0,0.0,1.7490000000000003,,False,0.0,0.0,6.424854231450097,0.0,False
2353,,0.0,0.0,0.0,1.7490000000000003,,False,0.0,0.0,6.424854231450097,0.0,False
2354,-1.7304672193595234,-1.7304672193595234,0.0,0.0,1.7490000000000003,-1.7304672193595234,False,0.0,0.0,6.424854231450097,-1.7304672193595234,False
2355,-1.5896355976679075,-1.5896355976679075,0.0,0.0,1.7490000000000003,-1.5896355976679075,False,0.0,0.0,6.424854231450097,-1.5896355976679075,False
2356,-1.6983700519625406,-1.6983700519625406,0.0,0.0,1.7490000000000003,-1.6983700519625406,False,0.0,0.0,6.424854231450097,-1.6983700519625406,False
2357,-1.7397748449646193,-1.7397748449646193,0.0,0.0,1.7490000000000003,-1.7397748449646193,False,0.0,0.0,6.424854231450097,-1.7397748449646193,False
2358,-1.5125330121293075,-1.5125330121293075,0.0,0.0,1.7490000000000003,-1.5125330121293075,False,0.0,0.0,6.424854231450097,-1.5125330121293075,False
2359,-1.3246851315049541,-1.3246851315049541,0.0,0.0,1.7490000000000003,-1.3246851315049541,False,0.0,0.0,6.424854231450097,-1.3246851315049541,False
2360,-1.2618375900201522,-1.2618375900201522,0.0,0.0,1.7490000000000003,-1.2618375900201522,False,0.0,0.0,6.424854231450097,-1.2618375900201522,False
2361,-1.365308031626723,-1.365308031626723,0.0,0.0,1.7490000000000003,-1.365308031626723,False,0.0,0.0,6.424854231450097,-1.365308031626723,False
2362,-1.4746977622685802,-1.4746977622685802,0.0,0.0,1.7490000000000003,-1.4746977622685802,False,0.0,0.0,6.424854231450097,-1.4746977622685802,False
2363,-1.4588496536543623,-1.4588496536543623,0.0,0.0,1.7490000000000003,-1.4588496536543623,False,0.0,0.0,6.424854231450097,-1.4588496536543623,False
2364,-1.646104247029865,-1.646104247029865,0.0,0.0,1.7490000000000003,-1.646104247029865,False,0.0,0.0,6.424854231450097,-1.646104247029865,False
2365,-1.8248542790835613,-1.8248542790835613,0.0,0.0,1.7490000000000003,-1.8248542790835613,False,0.0,0.0,6.424854231450097,-1.8248542790835613,False
2366,-1.9941568948071762,-1.9941568948071762,0.0,0.0,1.7490000000000003,-1.9941568948071762,False,0.0,0.0,6.424854231450097,-1.9941568948071762,False
2367,-2.0384572947356925,-2.0384572947356925,0.0,0.0,1.7490000000000003,-2.0384572947356925,False,0.0,0.0,6.424854231450097,-2.0384572947356925,False
2368,-2.026405509006399,-2.026405509006399,0.0,0.0,1.7490000000000003,-2.026405509006399,False,0.0,0.0,6.424854231450097,-2.026405509006399,False
2369,-2.000088292905538,-2.000088292905538,0.0,0.0,1.7490000000000003,-2.000088292905538,False,0.0,0.0,6.424854231450097,-2.000088292905538,False
2370,-1.9819447853276198,-1.9819447853276198,0.0,0.0,1.7490000000000003,-1.9819447853276198,False,0.0,0.0,6.424854231450097,-1.9819447853276198,False
2371,-1.986876149014351,-1.986876149014351,0.0,0.0,1.7490000000000003,-1.986876149014351,False,0.0,0.0,6.424854231450097,-1.986876149014351,False
2372,-1.9722221381353333,-1.9722221381353333,0.0,0.0,1.7490000000000003,-1.9722221381353333,False,0.0,0.0,6.424854231450097,-1.9722221381353333,False
2373,-1.9771236773405025,-1.9771236773405025,0.0,0.0,1.7490000000000003,-1.9771236773405025,False,0.0,0.0,6.424854231450097,-1.9771236773405025,False
2374,-1.969877856054939,-1.969877856054939,0.0,0.0,1.7490000000000003,-1.969877856054939,False,0.0,0.0,6.424854231450097,-1.969877856054939,False
2375,-1.960797943274249,-1.960797943274249,0.0,0.0,1.7490000000000003,-1.960797943274249,False,0.0,0.0,6.424854231450097,-1.960797943274249,False
2376,-1.9761874063674625,-1.9761874063674625,0.0,0.0,1.7490000000000003,-1.9761874063674625,False,0.0,0.0,6.424854231450097,-1.9761874063674625,False
2377,-1.9760709986306746,-1.9760709986306746,0.0,0.0,1.7490000000000003,-1.9760709986306746,False,0.0,0.0,6.424854231450097,-1.9760709986306746,False
2378,-1.96260931551909,-1.96260931551909,0.0,0.0,1.7490000000000003,-1.96260931551909,False,0.0,0.0,6.424854231450097,-1.96260931551909,False
2379,-1.9705494862397142,-1.9705494862397142,0.0,0.0,1.7490000000000003,-1.9705494862397142,False,0.0,0.0,6.424854231450097,-1.9705494862397142,False
2380,-1.9758254374653013,-1.9758254374653013,0.0,0.0,1.7490000000000003,-1.9758254374653013,False,0.0,0.0,6.424854231450097,-1.9758254374653013,False
2381,-1.9742317502679994,-1.9742317502679994,0.0,0.0,1.7490000000000003,-1.9742317502679994,False,0.0,0.0,6.424854231450097,-1.9742317502679994,False
2382,-1.980332886875999,-1.980332886875999,0.0,0.0,1.7490000000000003,-1.980332886875999,False,0.0,0.0,6.424854231450097,-1.980332886875999,False
2383,-1.98201135675361,-1.98201135675361,0.0,0.0,1.7490000000000003,-1.98201135675361,False,0.0,0.0,6.424854231450097,-1.98201135675361,False
2384,-1.9680300980300414,-1.9680300980300414,0.0,0.0,1.7490000000000003,-1.9680300980300414,False,0.0,0.0,6.424854231450097,-1.9680300980300414,False
2385,-1.9660773880873992,-1.9660773880873992,0.0,0.0,1.7490000000000003,-1.9660773880873992,False,0.0,0.0,6.424854231450097,-1.9660773880873992,False
2386,-1.979596653742231,-1.979596653742231,0.0,0.0,1.7490000000000003,-1.979596653742231,False,0.0,0.0,6.424854231450097,-1.979596653742231,False
2387,-1.983462979551918,-1.983462979551918,0.0,0.0,1.7490000000000003,-1.983462979551918,False,0.0,0.0,6.424854231450097,-1.983462979551918,False
2388,-1.9756281612654594,-1.9756281612654594,0.0,0.0,1.7490000000000003,-1.9756281612654594,False,0.0,0.0,6.424854231450097,-1.9756281612654594,False
2389,-1.9753256358212723,-1.9753256358212723,0.0,0.0,1.7490000000000003,-1.9753256358212723,False,0.0,0.0,6.424854231450097,-1.9753256358212723,False
2390,-1.9862231751993062,-1.9862231751993062,0.0,0.0,1.7490000000000003,-1.9862231751993062,False,0.0,0.0,6.424854231450097,-1.9862231751993062,False
2391,-1.9777338151372268,-1.9777338151372268,0.0,0.0,1.7490000000000003,-1.9777338151372268,False,0.0,0.0,6.424854231450097,-1.9777338151372268,False
2392,-1.9643581844654354,-1.9643581844654354,0.0,0.0,1.7490000000000003,-1.9643581844654354,False,0.0,0.0,6.424854231450097,-1.9643581844654354,False
2393,-1.969038472452833,-1.969038472452833,0.0,0.0,1.7490000000000003,-1.969038472452833,False,0.0,0.0,6.424854231450097,-1.969038472452833,False
2394,-1.988132200868324,-1.988132200868324,0.0,0.0,1.7490000000000003,-1.988132200868324,False,0.0,0.0,6.424854231450097,-1.988132200868324,False
2395,-1.97280100329505,-1.97280100329505,0.0,0.0,1.7490000000000003,-1.97280100329505,False,0.0,0.0,6.424854231450097,-1.97280100329505,False
2396,-1.9718799397031666,-1.9718799397031666,0.0,0.0,1.7490000000000003,-1.9718799397031666,False,0.0,0.0,6.424854231450097,-1.9718799397031666,False
2397,-1.9878352765326075,-1.9878352765326075,0.0,0.0,1.7490000000000003,-1.9878352765326075,False,0.0,0.0,6.424854231450097,-1.9878352765326075,False
2398,-1.990181451883859,-1.990181451883859,0.0,0.0,1.7490000000000003,-1.990181451883859,False,0.0,0.0,6.424854231450097,-1.990181451883859,False
2399,-1.983484006664047,-1.983484006664047,0.0,0.0,1.7490000000000003,-1.983484006664047,False,0.0,1.2515840359453556,6.424854231450097,-0.7318999707186913,False
2400,-1.9135701460842065,-1.9135701460842065,0.0,0.0,1.7490000000000003,-1.9135701460842065,False,0.0,1.9135701460842065,5.772420951704261,0.0,False
2401,-1.9738297358451178,-1.9738297358451178,0.0,0.0,1.7490000000000003,-1.9738297358451178,False,0.0,1.9738297358451178,4.774903557284612,0.0,False
2402,-2.0183830400315648,-2.0183830400315648,0.0,0.0,1.7490000000000003,-2.0183830400315648,False,0.0,2.0183830400315648,3.7459736802391737,0.0,False
2403,-1.5141915611246435,-1.5141915611246435,0.0,0.0,1.7490000000000003,-1.5141915611246435,False,0.0,1.5141915611246435,2.6938187879018765,0.0,False
2404,-0.29828512961052916,-0.29828512961052916,0.0,0.0,1.7490000000000003,-0.29828512961052916,False,0.0,0.29828512961052916,1.9044918725566955,0.0,False
2405,2.209341014619952,2.209341014619952,2.209341014619952,0.0,1.7490000000000003,0.0,False,0.0,0.0,1.7490000000000003,2.209341014619952,False
2406,3.1552451071894785,3.1552451071894785,3.1552451071894785,0.0,2.8085627283662076,0.0,False,0.0,0.0,1.7490000000000003,3.1552451071894785,False
2407,4.877269134312155,4.877269134312155,4.877269134312155,0.0,4.32176512324996,0.0,False,0.0,0.0,1.7490000000000003,4.877269134312155,False
2408,6.096737923283265,6.096737923283265,6.096737923283265,0.0,6.660821229451397,0.0,False,0.0,0.0,1.7490000000000003,6.096737923283265,False
2409,5.698873829957326,5.698873829957326,5.698873829957326,0.0,9.584714021637197,0.0,False,0.0,0.0,1.7490000000000003,5.698873829957326,False
2410,8.048806864752894,8.048806864752894,7.137869805503728,0.0,12.31779789774632,0.9109370592491661,False,0.0,0.0,1.7490000000000003,8.048806864752894,False
2411,12.914601291037904,12.914601291037904,0.0,0.0,15.741000000000001,12.914601291037904,False,1.710421993370989,0.0,1.7490000000000003,11.204179297666915,False
2412,,0.0,0.0,0.0,15.741000000000001,,False,0.0,0.0,2.569289571397597,0.0,False
2413,,0.0,0.0,0.0,15.741000000000001,,False,0.0,0.0,2.569289571397597,0.0,False
2414,,0.0,0.0,0.0,15.741000000000001,,False,0.0,0.0,2.569289571397597,0.0,False
2415,,0.0,0.0,0.0,15.741000000000001,,False,0.0,0.0,2.569289571397597,0.0,False
2416,,0.0,0.0,0.0,15.741000000000001,,False,0.0,0.0,2.569289571397597,0.0,False
2417,,0.0,0.0,0.0,15.741000000000001,,False,0.0,0.0,2.569289571397597,0.0,False
2418,,0.0,0.0,0.0,15.741000000000001,,False,0.0,0.0,2.569289571397597,0.0,False
2419,,0.0,0.0,0.0,15.741000000000001,,False,0.0,0.0,2.569289571397597,0.0,False
2420,,0.0,0.0,0.0,15.741000000000001,,False,0.0,0.0,2.569289571397597,0.0,False
2421,,0.0,0.0,0.0,15.741000000000001,,False,0.0,0.0,2.569289571397597,0.0,False
2422,,0.0,0.0,0.0,15.741000000000001,,False,0.0,0.0,2.569289571397597,0.0,False
2423,,0.0,0.0,0.0,15.741000000000001,,False,0.0,0.0,2.569289571397597,0.0,False
2424,,0.0,0.0,0.0,15.741000000000001,,False,0.0,0.0,2.569289571397597,0.0,False
2425,,0.0,0.0,0.0,15.741000000000001,,False,0.0,0.0,2.569289571397597,0.0,False
2426,,0.0,0.0,0.0,15.741000000000001,,False,0.0,0.0,2.569289571397597,0.0,False
2427,,0.0,0.0,0.0,15.741000000000001,,False,0.0,0.0,2.569289571397597,0.0,False
2428,,0.0,0.0,0.0,15.741000000000001,,False,0.0,0.0,2.569289571397597,0.0,False
2429,,0.0,0.0,0.0,15.741000000000001,,False,0.0,0.0,2.569289571397597,0.0,False
2430,,0.0,0.0,0.0,15.741000000000001,,False,0.0,0.0,2.569289571397597,0.0,False
2431,,0.0,0.0,0.0,15.741000000000001,,False,0.0,0.0,2.569289571397597,0.0,False
2432,,0.0,0.0,0.0,15.741000000000001,,False,0.0,0.0,2.569289571397597,0.0,False
2433,,0.0,0.0,0.0,15.741000000000001,,False,0.0,0.0,2.569289571397597,0.0,False
2434,,0.0,0.0,0.0,15.741000000000001,,False,0.0,0.0,2.569289571397597,0.0,False
2435,,0.0,0.0,0.0,15.741000000000001,,False,0.0,0.0,2.569289571397597,0.0,False
2436,,0.0,0.0,0.0,15.741000000000001,,False,0.0,0.0,2.569289571397597,0.0,False
2437,,0.0,0.0,0.0,15.741000000000001,,False,0.0,0.0,2.569289571397597,0.0,False
2438,9.748775204604645,9.748775204604645,0.0,0.0,15.741000000000001,9.748775204604645,False,8.745000000000001,0.0,2.569289571397597,1.0037752046046435,False
2439,10.86220648394106,10.86220648394106,0.0,0.0,15.741000000000001,10.86220648394106,False,8.745000000000001,0.0,6.763244238534571,2.117206483941059,False
2440,4.604545784742739,4.604545784742739,0.0,0.0,15.741000000000001,4.604545784742739,False,4.604545784742739,0.0,10.957198905671545,0.0,False
2441,5.370369036752172,5.370369036752172,0.0,0.0,15.741000000000001,5.370369036752172,False,5.370369036752172,0.0,13.165461488172138,0.0,False
2442,,0.0,0.0,0.0,15.741000000000001,,False,0.0,0.0,15.741000000000001,0.0,False
2443,,0.0,0.0,0.0,15.741000000000001,,False,0.0,0.0,15.741000000000001,0.0,False
2444,,0.0,0.0,0.0,15.741000000000001,,False,0.0,0.0,15.741000000000001,0.0,False
2445,,0.0,0.0,0.0,15.741000000000001,,False,0.0,0.0,15.741000000000001,0.0,False
2446,,0.0,0.0,0.0,15.741000000000001,,False,0.0,0.0,15.741000000000001,0.0,False
2447,,0.0,0.0,0.0,15.741000000000001,,False,0.0,0.0,15.741000000000001,0.0,False
2448,,0.0,0.0,0.0,15.741000000000001,,False,0.0,0.0,15.741000000000001,0.0,False
2449,,0.0,0.0,0.0,15.741000000000001,,False,0.0,0.0,15.741000000000001,0.0,False
2450,,0.0,0.0,0.0,15.741000000000001,,False,0.0,0.0,15.741000000000001,0.0,False
2451,,0.0,0.0,0.0,15.741000000000001,,False,0.0,0.0,15.741000000000001,0.0,False
2452,,0.0,0.0,0.0,15.741000000000001,,False,0.0,0.0,15.741000000000001,0.0,False
2453,,0.0,0.0,0.0,15.741000000000001,,False,0.0,0.0,15.741000000000001,0.0,False
2454,,0.0,0.0,0.0,15.741000000000001,,False,0.0,0.0,15.741000000000001,0.0,False
2455,,0.0,0.0,0.0,15.741000000000001,,False,0.0,0.0,15.741000000000001,0.0,False
2456,,0.0,0.0,0.0,15.741000000000001,,False,0.0,0.0,15.741000000000001,0.0,False
2457,,0.0,0.0,0.0,15.741000000000001,,False,0.0,0.0,15.741000000000001,0.0,False
2458,,0.0,0.0,0.0,15.741000000000001,,False,0.0,0.0,15.741000000000001,0.0,False
2459,,0.0,0.0,0.0,15.741000000000001,,False,0.0,0.0,15.741000000000001,0.0,False
2460,,0.0,0.0,0.0,15.741000000000001,,False,0.0,0.0,15.741000000000001,0.0,False
2461,,0.0,0.0,0.0,15.741000000000001,,False,0.0,0.0,15.741000000000001,0.0,False
2462,,0.0,0.0,0.0,15.741000000000001,,False,0.0,0.0,15.741000000000001,0.0,False
2463,,0.0,0.0,0.0,15.741000000000001,,False,0.0,0.0,15.741000000000001,0.0,False
2464,,0.0,0.0,0.0,15.741000000000001,,False,0.0,0.0,15.741000000000001,0.0,False
2465,,0.0,0.0,0.0,15.741000000000001,,False,0.0,0.0,15.741000000000001,0.0,False
2466,,0.0,0.0,0.0,15.741000000000001,,False,0.0,0.0,15.741000000000001,0.0,False
2467,,0.0,0.0,0.0,15.741000000000001,,False,0.0,0.0,15.741000000000001,0.0,False
2468,-3.6326157328383557,-3.6326157328383557,0.0,3.6326157328383557,15.741000000000001,0.0,False,0.0,0.0,15.741000000000001,-3.6326157328383557,False
2469,-0.4876409860434911,-0.4876409860434911,0.0,0.4876409860434911,13.84736814743175,0.0,False,0.0,0.0,15.741000000000001,-0.4876409860434911,False
2470,-8.043105189931458,-8.043105189931458,0.0,8.043105189931458,13.593167711244067,0.0,False,0.0,6.237055956697273,15.741000000000001,-1.8060492332341846,False
2471,-10.7657790947485,-10.7657790947485,0.0,8.745000000000001,9.40040929654913,-2.0207790947485,False,0.0,8.745000000000001,12.489709829370202,-2.0207790947485,False
2472,-9.405210819052868,-9.405210819052868,0.0,5.932947960863325,4.8417629192263325,-3.472262858189543,False,0.0,8.745000000000001,7.931063452047404,-0.6602108190528675,False
2473,-3.1142539129793545,-3.1142539129793545,0.0,4.2595540635239357e-16,1.7490000000000006,-3.114253912979354,False,0.0,3.1142539129793545,3.3724170747246065,0.0,False
2474,1.4157288314290317,1.4157288314290317,1.4157288314290317,0.0,1.7490000000000003,0.0,False,1.4157288314290317,0.0,1.7490000000000003,0.0,False
2475,1.7931260109220162,1.7931260109220162,1.7931260109220162,0.0,2.427959695823003,0.0,False,1.7931260109220162,0.0,2.427959695823003,0.0,False
2476,-0.5029651116161095,-0.5029651116161095,0.0,0.5029651116161095,3.2879127206681824,0.0,False,0.0,0.0,3.2879127206681824,-0.5029651116161095,False
2477,-9.067697641976844,-9.067697641976844,0.0,2.4491813433468543,3.0257240318187217,-6.61851629862999,False,0.0,0.0,3.2879127206681824,-9.067697641976844,False
2478,-9.283100121943441,-9.283100121943441,0.0,0.0,1.7490000000000003,-9.283100121943441,False,0.0,2.482516639925192,3.2879127206681824,-6.800583482018249,False
2479,-0.46962981503777185,-0.46962981503777185,0.0,0.0,1.7490000000000003,-0.46962981503777185,False,0.0,0.46962981503777185,1.9938114642658338,0.0,False
2480,2.986289615900219,2.986289615900219,2.986289615900219,0.0,1.7490000000000003,0.0,False,2.986289615900219,0.0,1.7490000000000003,0.0,False
2481,5.801544115834359,5.801544115834359,5.801544115834359,0.0,3.1811741877675708,0.0,False,5.801544115834359,0.0,3.1811741877675708,0.0,False
2482,0.8835238348179816,0.8835238348179816,0.8835238348179816,0.0,5.963497003228355,0.0,False,0.8835238348179816,0.0,5.963497003228355,0.0,False
2483,-5.9646844234997545,-5.9646844234997545,0.0,5.9646844234997545,6.387220149090177,0.0,False,0.0,1.1173069158411681,6.387220149090177,-4.847377507658586,False
2484,-4.2719107752520555,-4.2719107752520555,0.0,2.9329645377286013,3.2779134550866464,-1.3389462375234542,False,0.0,4.2719107752520555,5.8047836568938305,0.0,False
2485,-1.9832538496400818,-1.9832538496400818,0.0,0.0,1.7490000000000003,-1.9832538496400818,False,0.0,1.9832538496400818,3.577896226379364,0.0,False
2486,-1.3569688311175983,-1.3569688311175983,0.0,0.0,1.7490000000000003,-1.3569688311175983,False,0.0,1.3569688311175983,2.544053690419015,0.0,False
2487,-0.16820858937745126,-0.16820858937745126,0.0,0.0,1.7490000000000003,-0.16820858937745126,False,0.0,0.16820858937745126,1.8366847886335163,0.0,False
2488,1.36866098108406,1.36866098108406,1.36866098108406,0.0,1.7490000000000003,0.0,False,0.0,0.0,1.7490000000000003,1.36866098108406,False
2489,4.061677606827595,4.061677606827595,4.061677606827595,0.0,2.405386747781105,0.0,False,0.0,0.0,1.7490000000000003,4.061677606827595,False
2490,6.306857320558297,6.306857320558297,6.306857320558297,0.0,4.35329889821682,0.0,False,0.0,0.0,1.7490000000000003,6.306857320558297,False
2491,9.267095616913565,9.267095616913565,8.745000000000001,0.0,7.377961413313727,0.522095616913564,False,0.0,0.0,1.7490000000000003,9.267095616913565,False
2492,10.725040103455324,10.725040103455324,8.693140906395948,0.0,11.571916080450702,2.031899197059376,False,2.281304347826086,0.0,1.7490000000000003,8.443735755629238,False
2493,20.931315247160136,20.931315247160136,0.0,0.0,15.741000000000001,20.931315247160136,True,8.745000000000001,0.0,2.8430751305574713,12.186315247160135,False
2494,26.83564962889998,26.83564962889998,0.0,0.0,15.741000000000001,26.83564962889998,True,8.745000000000001,0.0,7.037029797694445,18.09064962889998,True
2495,10.916016477313377,10.916016477313377,0.0,0.0,15.741000000000001,10.916016477313377,False,8.745000000000001,0.0,11.230984464831419,2.171016477313376,False
2496,-10.435158035735395,-10.435158035735395,0.0,8.745000000000001,15.741000000000001,-1.6901580357353936,False,0.0,8.745000000000001,15.424939131968394,-1.6901580357353936,False
2497,-25.014789167523677,-25.014789167523677,0.0,8.745000000000001,11.182353622677205,-16.269789167523676,False,0.0,8.745000000000001,10.866292754645595,-16.269789167523676,False
2498,-20.503458770191425,-20.503458770191425,0.0,8.745000000000001,6.6237072453544075,-11.758458770191424,False,0.0,8.745000000000001,6.307646377322798,-11.758458770191424,False
2499,2.6750421833179554,2.6750421833179554,2.6750421833179554,0.0,2.06506086803161,0.0,False,0.0,0.0,1.7490000000000003,2.6750421833179554,False
2500,19.53934928238645,19.53934928238645,8.745000000000001,0.0,3.3479660309263632,10.794349282386449,False,0.0,0.0,1.7490000000000003,19.53934928238645,True
2501,16.8783496595413,16.8783496595413,8.745000000000001,0.0,7.541920698063337,8.133349659541299,False,4.157084496623303,0.0,1.7490000000000003,12.721265162917998,False
2502,13.163738246034644,13.163738246034644,8.35126216450813,0.0,11.735875365200311,4.812476081526514,False,8.745000000000001,0.0,3.742667687398063,4.418738246034643,False
2503,11.023523654847601,11.023523654847601,0.0,0.0,15.741000000000001,11.023523654847601,False,8.745000000000001,0.0,7.936622354535037,2.2785236548476,False
2504,4.458502456233622,4.458502456233622,0.0,0.0,15.741000000000001,4.458502456233622,False,0.0,0.0,12.13057702167201,4.458502456233622,False
2505,2.0380076975627492,2.0380076975627492,0.0,0.0,15.741000000000001,2.0380076975627492,False,0.0,0.0,12.13057702167201,2.0380076975627492,False
2506,-0.2636325012912314,-0.2636325012912314,0.0,0.2636325012912314,15.741000000000001,0.0,False,0.0,0.2636325012912314,12.13057702167201,0.0,False
2507,-5.431947124823707,-5.431947124823707,0.0,5.431947124823707,15.603572058667146,0.0,False,0.0,5.431947124823707,11.993149080339155,0.0,False
2508,5.028129503555376,5.028129503555376,5.028129503555376,0.0,12.771973878863077,0.0,False,5.028129503555376,0.0,9.161550900535087,0.0,False
2509,8.690970234377374,8.690970234377374,1.1627179161347747,0.0,15.183380076508039,7.5282523182425996,False,8.690970234377374,0.0,11.572957098180048,0.0,False
2510,-7.21284863998975,-7.21284863998975,0.0,7.21284863998975,15.741000000000001,0.0,False,0.0,0.0,15.741000000000001,-7.21284863998975,False
2511,-9.490380898433097,-9.490380898433097,0.0,8.745000000000001,11.981042730375423,-0.7453808984330959,False,0.0,4.524567859828952,15.741000000000001,-4.965813038604145,False
2512,0.08739565643859996,0.08739565643859996,0.08739565643859996,0.0,7.422396353052625,0.0,False,0.08739565643859996,0.0,13.382405959615735,0.0,False
2513,-11.685596538376942,-11.685596538376942,0.0,8.745000000000001,7.46430983746751,-2.9405965383769406,False,0.0,8.745000000000001,13.424319444030619,-2.9405965383769406,False
2514,,0.0,0.0,0.0,2.905663460144712,,False,0.0,0.0,8.86567306670782,0.0,False
2515,,0.0,0.0,0.0,2.905663460144712,,False,0.0,0.0,8.86567306670782,0.0,False
2516,,0.0,0.0,0.0,2.905663460144712,,False,0.0,0.0,8.86567306670782,0.0,False
2517,,0.0,0.0,0.0,2.905663460144712,,False,0.0,0.0,8.86567306670782,0.0,False
2518,,0.0,0.0,0.0,2.905663460144712,,False,0.0,0.0,8.86567306670782,0.0,False
2519,,0.0,0.0,0.0,2.905663460144712,,False,0.0,0.0,8.86567306670782,0.0,False
2520,,0.0,0.0,0.0,2.905663460144712,,False,0.0,0.0,8.86567306670782,0.0,False
2521,,0.0,0.0,0.0,2.905663460144712,,False,0.0,0.0,8.86567306670782,0.0,False
2522,,0.0,0.0,0.0,2.905663460144712,,False,0.0,0.0,8.86567306670782,0.0,False
2523,,0.0,0.0,0.0,2.905663460144712,,False,0.0,0.0,8.86567306670782,0.0,False
2524,,0.0,0.0,0.0,2.905663460144712,,False,0.0,0.0,8.86567306670782,0.0,False
2525,,0.0,0.0,0.0,2.905663460144712,,False,0.0,0.0,8.86567306670782,0.0,False
2526,,0.0,0.0,0.0,2.905663460144712,,False,0.0,0.0,8.86567306670782,0.0,False
2527,,0.0,0.0,0.0,2.905663460144712,,False,0.0,0.0,8.86567306670782,0.0,False
2528,,0.0,0.0,0.0,2.905663460144712,,False,0.0,0.0,8.86567306670782,0.0,False
2529,,0.0,0.0,0.0,2.905663460144712,,False,0.0,0.0,8.86567306670782,0.0,False
2530,,0.0,0.0,0.0,2.905663460144712,,False,0.0,0.0,8.86567306670782,0.0,False
2531,,0.0,0.0,0.0,2.905663460144712,,False,0.0,0.0,8.86567306670782,0.0,False
2532,,0.0,0.0,0.0,2.905663460144712,,False,0.0,0.0,8.86567306670782,0.0,False
2533,,0.0,0.0,0.0,2.905663460144712,,False,0.0,0.0,8.86567306670782,0.0,False
2534,,0.0,0.0,0.0,2.905663460144712,,False,0.0,0.0,8.86567306670782,0.0,False
2535,,0.0,0.0,0.0,2.905663460144712,,False,0.0,0.0,8.86567306670782,0.0,False
2536,,0.0,0.0,0.0,2.905663460144712,,False,0.0,0.0,8.86567306670782,0.0,False
2537,,0.0,0.0,0.0,2.905663460144712,,False,0.0,0.0,8.86567306670782,0.0,False
2538,,0.0,0.0,0.0,2.905663460144712,,False,0.0,0.0,8.86567306670782,0.0,False
2539,,0.0,0.0,0.0,2.905663460144712,,False,0.0,0.0,8.86567306670782,0.0,False
2540,,0.0,0.0,0.0,2.905663460144712,,False,0.0,0.0,8.86567306670782,0.0,False
2541,,0.0,0.0,0.0,2.905663460144712,,False,0.0,0.0,8.86567306670782,0.0,False
2542,-1.8796668009130022,-1.8796668009130022,0.0,1.8796668009130022,2.905663460144712,0.0,False,0.0,1.8796668009130022,8.86567306670782,0.0,False
2543,-1.8613851545217146,-1.8613851545217146,0.0,0.3391984326973875,1.925819406107435,-1.522186721824327,False,0.0,1.8613851545217146,7.885829012670543,0.0,False
2544,-2.01009173796339,-2.01009173796339,0.0,0.0,1.7490000000000003,-2.01009173796339,False,0.0,2.01009173796339,6.915514925596461,0.0,False
2545,-2.0417849390758036,-2.0417849390758036,0.0,0.0,1.7490000000000003,-2.0417849390758036,False,0.0,2.0417849390758036,5.8676821732404525,0.0,False
2546,-1.946682470448446,-1.946682470448446,0.0,0.0,1.7490000000000003,-1.946682470448446,False,0.0,1.946682470448446,4.803328197735574,0.0,False
2547,-1.948130107321319,-1.948130107321319,0.0,0.0,1.7490000000000003,-1.948130107321319,False,0.0,1.948130107321319,3.788549811033733,0.0,False
2548,-1.9644048035275106,-1.9644048035275106,0.0,0.0,1.7490000000000003,-1.9644048035275106,False,0.0,1.9644048035275106,2.7730167914461052,0.0,False
2549,3.9453723602682964,3.9453723602682964,3.9453723602682964,0.0,1.7490000000000003,0.0,False,0.0,0.0,1.7490000000000003,3.9453723602682964,False
2550,13.771433417281528,13.771433417281528,8.745000000000001,0.0,3.6411341136581408,5.0264334172815275,False,0.0,0.0,1.7490000000000003,13.771433417281528,False
2551,14.587223453996838,14.587223453996838,8.745000000000001,0.0,7.835088780795115,5.842223453996837,False,6.20531603781067,0.0,1.7490000000000003,8.381907416186168,False
2552,1.0495900111363765,1.0495900111363765,1.0495900111363765,0.0,12.02904344793209,0.0,False,1.0495900111363765,0.0,4.72496502662504,0.0,False
2553,-3.969403695354655,-3.969403695354655,0.0,3.969403695354655,12.532409134128288,0.0,False,0.0,3.969403695354655,5.228330712821238,0.0,False
2554,21.23331075040561,21.23331075040561,8.745000000000001,0.0,10.463214419896131,12.48831075040561,False,8.745000000000001,0.0,3.159135998589081,12.48831075040561,False
2555,30.27967372211924,30.27967372211924,2.25994367754237,0.0,14.657169087033104,28.01973004457687,True,8.745000000000001,0.0,7.353090665726055,21.53467372211924,True
2556,12.589600579275931,12.589600579275931,0.0,0.0,15.741000000000001,12.589600579275931,False,8.745000000000001,0.0,11.547045332863028,3.84460057927593,False
2557,-23.12602980433209,-23.12602980433209,0.0,8.745000000000001,15.741000000000001,-14.38102980433209,False,0.0,0.0,15.741000000000001,-23.12602980433209,True
2558,-29.58255477721813,-29.58255477721813,0.0,8.745000000000001,11.182353622677205,-20.83755477721813,True,0.0,7.970008861011991,15.741000000000001,-21.61254591620614,True
2559,-5.151289177658449,-5.151289177658449,0.0,5.151289177658449,6.6237072453544075,0.0,False,0.0,5.151289177658449,11.586345680790979,0.0,False
2560,-5.46910420506341,-5.46910420506341,0.0,4.200020692018183,3.9384121340594027,-1.2690835130452278,False,0.0,5.46910420506341,8.901050569495974,0.0,False
2561,-7.821980773210048,-7.821980773210048,0.0,0.0,1.749,-7.821980773210048,False,0.0,7.821980773210048,6.050082922656272,0.0,False
2562,-0.42892685273273196,-0.42892685273273196,0.0,0.0,1.749,-0.42892685273273196,False,0.0,0.42892685273273196,1.9725935784272774,0.0,False
2563,29.660481455901127,29.660481455901127,8.745000000000001,0.0,1.749,20.915481455901126,True,8.745000000000001,0.0,1.7490000000000003,20.915481455901126,True
2564,57.85394296800637,57.85394296800637,8.745000000000001,0.0,5.9429546671369735,49.108942968006374,True,8.745000000000001,0.0,5.942954667136974,49.108942968006374,True
2565,31.541957191855328,31.541957191855328,8.745000000000001,0.0,10.136909334273948,22.796957191855327,True,8.745000000000001,0.0,10.136909334273948,22.796957191855327,True
2566,-12.896523833689937,-12.896523833689937,0.0,8.745000000000001,14.330864001410923,-4.151523833689936,False,0.0,8.745000000000001,14.330864001410923,-4.151523833689936,False
2567,-31.024727836550586,-31.024727836550586,0.0,8.745000000000001,9.772217624088125,-22.279727836550585,True,0.0,8.745000000000001,9.772217624088125,-22.279727836550585,True
2568,20.457886472650078,20.457886472650078,8.745000000000001,0.0,5.213571246765327,11.712886472650077,False,3.837140581076853,0.0,5.213571246765327,16.620745891573225,False
2569,49.77319360690337,49.77319360690337,8.745000000000001,0.0,9.407525913902301,41.02819360690337,True,8.745000000000001,0.0,7.053799222576413,41.02819360690337,True
2570,10.33120128761452,10.33120128761452,4.461206380083287,0.0,13.601480581039276,5.869994907531233,False,8.745000000000001,0.0,11.247753889713387,1.5862012876145197,False
2571,0.6240657990064361,0.6240657990064361,0.0,0.0,15.741000000000001,0.6240657990064361,False,0.6240657990064361,0.0,15.441708556850362,0.0,False
2572,-0.3922909685349857,-0.3922909685349857,0.0,0.3922909685349857,15.741000000000001,0.0,False,0.0,0.0,15.741000000000001,-0.3922909685349857,False
2573,-13.433473813058828,-13.433473813058828,0.0,8.745000000000001,15.536504196390114,-4.6884738130588275,False,0.0,3.2321704112386103,15.741000000000001,-10.201303401820219,False
2574,-6.146459675890211,-6.146459675890211,0.0,6.146459675890211,10.977857819067317,0.0,False,0.0,6.146459675890211,14.056114701419919,0.0,False
2575,-8.71767978254781,-8.71767978254781,0.0,8.71767978254781,7.773794224458105,0.0,False,0.0,8.71767978254781,10.852051106810706,0.0,False
2576,-13.803651552880664,-13.803651552880664,0.0,2.8398794427036256,3.2293894949701967,-10.96377211017704,False,0.0,8.745000000000001,6.307646377322798,-5.058651552880663,False
2577,2.608945605399436,2.608945605399436,2.608945605399436,0.0,1.7490000000000003,0.0,False,2.608945605399436,0.0,1.7490000000000003,0.0,False
2578,6.498204040932746,6.498204040932746,6.498204040932746,0.0,3.0002063576982807,0.0,False,6.498204040932746,0.0,3.0002063576982807,0.0,False
2579,-3.4617876086560586,-3.4617876086560586,0.0,3.4617876086560586,6.116635536140617,0.0,False,0.0,0.0,6.116635536140617,-3.4617876086560586,False
2580,-15.102465968014107,-15.102465968014107,0.0,4.916790065969549,4.312053999118216,-10.185675902044558,False,0.0,0.0,6.116635536140617,-15.102465968014107,False
2581,-11.02483801332254,-11.02483801332254,0.0,0.0,1.749,-11.02483801332254,False,0.0,7.9205719784460005,6.116635536140617,-3.10426603487654,False
2582,,0.0,0.0,0.0,1.749,,False,0.0,0.0,1.9877519734342335,0.0,False
2583,,0.0,0.0,0.0,1.749,,False,0.0,0.0,1.9877519734342335,0.0,False
2584,,0.0,0.0,0.0,1.749,,False,0.0,0.0,1.9877519734342335,0.0,False
2585,,0.0,0.0,0.0,1.749,,False,0.0,0.0,1.9877519734342335,0.0,False
2586,,0.0,0.0,0.0,1.749,,False,0.0,0.0,1.9877519734342335,0.0,False
2587,,0.0,0.0,0.0,1.749,,False,0.0,0.0,1.9877519734342335,0.0,False
2588,,0.0,0.0,0.0,1.749,,False,0.0,0.0,1.9877519734342335,0.0,False
2589,,0.0,0.0,0.0,1.749,,False,0.0,0.0,1.9877519734342335,0.0,False
2590,,0.0,0.0,0.0,1.749,,False,0.0,0.0,1.9877519734342335,0.0,False
2591,,0.0,0.0,0.0,1.749,,False,0.0,0.0,1.9877519734342335,0.0,False
2592,,0.0,0.0,0.0,1.749,,False,0.0,0.0,1.9877519734342335,0.0,False
2593,,0.0,0.0,0.0,1.749,,False,0.0,0.0,1.9877519734342335,0.0,False
2594,,0.0,0.0,0.0,1.749,,False,0.0,0.0,1.9877519734342335,0.0,False
2595,,0.0,0.0,0.0,1.749,,False,0.0,0.0,1.9877519734342335,0.0,False
2596,,0.0,0.0,0.0,1.749,,False,0.0,0.0,1.9877519734342335,0.0,False
2597,,0.0,0.0,0.0,1.749,,False,0.0,0.0,1.9877519734342335,0.0,False
2598,,0.0,0.0,0.0,1.749,,False,0.0,0.0,1.9877519734342335,0.0,False
2599,,0.0,0.0,0.0,1.749,,False,0.0,0.0,1.9877519734342335,0.0,False
2600,,0.0,0.0,0.0,1.749,,False,0.0,0.0,1.9877519734342335,0.0,False
2601,,0.0,0.0,0.0,1.749,,False,0.0,0.0,1.9877519734342335,0.0,False
2602,,0.0,0.0,0.0,1.749,,False,0.0,0.0,1.9877519734342335,0.0,False
2603,,0.0,0.0,0.0,1.749,,False,0.0,0.0,1.9877519734342335,0.0,False
2604,,0.0,0.0,0.0,1.749,,False,0.0,0.0,1.9877519734342335,0.0,False
2605,,0.0,0.0,0.0,1.749,,False,0.0,0.0,1.9877519734342335,0.0,False
2606,,0.0,0.0,0.0,1.749,,False,0.0,0.0,1.9877519734342335,0.0,False
2607,,0.0,0.0,0.0,1.749,,False,0.0,0.0,1.9877519734342335,0.0,False
2608,5.320990084226512,5.320990084226512,5.320990084226512,0.0,1.749,0.0,False,5.320990084226512,0.0,1.9877519734342335,0.0,False
2609,,0.0,0.0,0.0,4.300857198116791,,False,0.0,0.0,4.5396091715510245,0.0,False
2610,,0.0,0.0,0.0,4.300857198116791,,False,0.0,0.0,4.5396091715510245,0.0,False
2611,,0.0,0.0,0.0,4.300857198116791,,False,0.0,0.0,4.5396091715510245,0.0,False
2612,,0.0,0.0,0.0,4.300857198116791,,False,0.0,0.0,4.5396091715510245,0.0,False
2613,,0.0,0.0,0.0,4.300857198116791,,False,0.0,0.0,4.5396091715510245,0.0,False
2614,,0.0,0.0,0.0,4.300857198116791,,False,0.0,0.0,4.5396091715510245,0.0,False
2615,,0.0,0.0,0.0,4.300857198116791,,False,0.0,0.0,4.5396091715510245,0.0,False
2616,,0.0,0.0,0.0,4.300857198116791,,False,0.0,0.0,4.5396091715510245,0.0,False
2617,,0.0,0.0,0.0,4.300857198116791,,False,0.0,0.0,4.5396091715510245,0.0,False
2618,,0.0,0.0,0.0,4.300857198116791,,False,0.0,0.0,4.5396091715510245,0.0,False
2619,,0.0,0.0,0.0,4.300857198116791,,False,0.0,0.0,4.5396091715510245,0.0,False
2620,,0.0,0.0,0.0,4.300857198116791,,False,0.0,0.0,4.5396091715510245,0.0,False
2621,,0.0,0.0,0.0,4.300857198116791,,False,0.0,0.0,4.5396091715510245,0.0,False
2622,,0.0,0.0,0.0,4.300857198116791,,False,0.0,0.0,4.5396091715510245,0.0,False
2623,,0.0,0.0,0.0,4.300857198116791,,False,0.0,0.0,4.5396091715510245,0.0,False
2624,,0.0,0.0,0.0,4.300857198116791,,False,0.0,0.0,4.5396091715510245,0.0,False
2625,,0.0,0.0,0.0,4.300857198116791,,False,0.0,0.0,4.5396091715510245,0.0,False
2626,,0.0,0.0,0.0,4.300857198116791,,False,0.0,0.0,4.5396091715510245,0.0,False
2627,,0.0,0.0,0.0,4.300857198116791,,False,0.0,0.0,4.5396091715510245,0.0,False
2628,,0.0,0.0,0.0,4.300857198116791,,False,0.0,0.0,4.5396091715510245,0.0,False
2629,,0.0,0.0,0.0,4.300857198116791,,False,0.0,0.0,4.5396091715510245,0.0,False
2630,,0.0,0.0,0.0,4.300857198116791,,False,0.0,0.0,4.5396091715510245,0.0,False
2631,,0.0,0.0,0.0,4.300857198116791,,False,0.0,0.0,4.5396091715510245,0.0,False
2632,,0.0,0.0,0.0,4.300857198116791,,False,0.0,0.0,4.5396091715510245,0.0,False
2633,,0.0,0.0,0.0,4.300857198116791,,False,0.0,0.0,4.5396091715510245,0.0,False
2634,,0.0,0.0,0.0,4.300857198116791,,False,0.0,0.0,4.5396091715510245,0.0,False
2635,7.602812590625993,7.602812590625993,7.602812590625993,0.0,4.300857198116791,0.0,False,7.602812590625993,0.0,4.5396091715510245,0.0,False
2636,1.6013258674808633,1.6013258674808633,1.6013258674808633,0.0,7.94703802691309,0.0,False,1.6013258674808633,0.0,8.185790000347323,0.0,False
2637,0.927192017826179,0.927192017826179,0.927192017826179,0.0,8.715006934349171,0.0,False,0.927192017826179,0.0,8.953758907783405,0.0,False
2638,2.589227604805298,2.589227604805298,2.589227604805298,0.0,9.159672605074643,0.0,False,2.589227604805298,0.0,9.398424578508877,0.0,False
2639,-0.21810655172005888,-0.21810655172005888,0.0,0.21810655172005888,10.401422541890318,0.0,False,0.0,0.21810655172005888,10.640174515324551,0.0,False
2640,-6.302064678095283,-6.302064678095283,0.0,6.302064678095283,10.287726642305525,0.0,False,0.0,6.302064678095283,10.526478615739759,0.0,False
2641,-3.7513531109948013,-3.7513531109948013,0.0,3.7513531109948013,7.002548333048463,0.0,False,0.0,3.7513531109948013,7.241300306482696,0.0,False
2642,6.128705779843463,6.128705779843463,6.128705779843463,0.0,5.047020343397799,0.0,False,6.128705779843463,0.0,5.285772316832032,0.0,False
2643,-0.22585190967918659,-0.22585190967918659,0.0,0.22585190967918659,7.9862443810060135,0.0,False,0.0,0.22585190967918659,8.224996354440247,0.0,False
2644,4.380490077530306,4.380490077530306,4.380490077530306,0.0,7.868510934479946,0.0,False,4.380490077530306,0.0,8.10726290791418,0.0,False
2645,13.62844223378189,13.62844223378189,8.745000000000001,0.0,9.969320174617788,4.883442233781889,False,8.745000000000001,0.0,10.208072148052022,4.883442233781889,False
2646,-1.9121108697493907,-1.9121108697493907,0.0,1.9121108697493907,14.163274841754763,0.0,False,0.0,1.9121108697493907,14.402026815188997,0.0,False
2647,-8.800591054249544,-8.800591054249544,0.0,8.745000000000001,13.16651814770987,-0.05559105424954325,False,0.0,8.745000000000001,13.405270121144103,-0.05559105424954325,False
2648,1.5558576342499064,1.5558576342499064,1.5558576342499064,0.0,8.60787177038707,0.0,False,1.5558576342499064,0.0,8.846623743821306,0.0,False
2649,1.8905852983184515,1.8905852983184515,1.8905852983184515,0.0,9.354034879199316,0.0,False,1.8905852983184515,0.0,9.592786852633552,0.0,False
2650,-4.749853667159086,-4.749853667159086,0.0,4.749853667159086,10.260727736318037,0.0,False,0.0,4.749853667159086,10.499479709752272,0.0,False
2651,-6.837840217389751,-6.837840217389751,0.0,6.837840217389751,7.784695350656726,0.0,False,0.0,6.837840217389751,8.02344732409096,0.0,False
2652,-5.198636689906473,-5.198636689906473,0.0,4.7406309937268665,4.220224734794415,-0.4580056961796064,False,0.0,5.198636689906473,4.458976708228647,0.0,False
2653,2.4655607265003154,2.4655607265003154,2.4655607265003154,0.0,1.7490000000000006,0.0,False,2.4655607265003154,0.0,1.7490000000000003,0.0,False
2654,1.1728406321997897,1.1728406321997897,1.1728406321997897,0.0,2.9314413854792027,0.0,False,1.1728406321997897,0.0,2.9314413854792027,0.0,False
2655,-2.2167333409647463,-2.2167333409647463,0.0,2.2167333409647463,3.49391599305178,0.0,False,0.0,0.0,3.49391599305178,-2.2167333409647463,False
2656,-6.137312510455822,-6.137312510455822,0.0,1.1305959090393511,2.3383638587716655,-5.006716601416471,False,0.0,0.0,3.49391599305178,-6.137312510455822,False
2657,-8.373119352882282,-8.373119352882282,0.0,0.0,1.7490000000000003,-8.373119352882282,False,0.0,0.0,3.49391599305178,-8.373119352882282,False
2658,-7.319539481105904,-7.319539481105904,0.0,0.0,1.7490000000000003,-7.319539481105904,False,0.0,0.0,3.49391599305178,-7.319539481105904,False
2659,-8.073052100094053,-8.073052100094053,0.0,0.0,1.7490000000000003,-8.073052100094053,False,0.0,0.0,3.49391599305178,-8.073052100094053,False
2660,-8.486563055649754,-8.486563055649754,0.0,0.0,1.7490000000000003,-8.486563055649754,False,0.0,0.0,3.49391599305178,-8.486563055649754,False
2661,-3.8439633250883065,-3.8439633250883065,0.0,0.0,1.7490000000000003,-3.8439633250883065,False,0.0,0.0,3.49391599305178,-3.8439633250883065,False
2662,-0.6488414212794937,-0.6488414212794937,0.0,0.0,1.7490000000000003,-0.6488414212794937,False,0.0,0.0,3.49391599305178,-0.6488414212794937,False
2663,-1.1664347856715749,-1.1664347856715749,0.0,0.0,1.7490000000000003,-1.1664347856715749,False,0.0,1.0644820428032633,3.49391599305178,-0.10195274286831157,False
2664,-1.0138422502410687,-1.0138422502410687,0.0,0.0,1.7490000000000003,-1.0138422502410687,False,0.0,1.0138422502410687,2.9390163694782787,0.0,False
2665,-0.675050502843692,-0.675050502843692,0.0,0.0,1.7490000000000003,-0.675050502843692,False,0.0,0.675050502843692,2.410514562589972,0.0,False
2666,-0.5939544541160731,-0.5939544541160731,0.0,0.0,1.7490000000000003,-0.5939544541160731,False,0.0,0.5939544541160731,2.058620162441507,0.0,False
2667,0.06466272038462677,0.06466272038462677,0.06466272038462677,0.0,1.7490000000000003,0.0,False,0.0,0.0,1.7490000000000003,0.06466272038462677,False
2668,2.7430643007747104,2.7430643007747104,2.7430643007747104,0.0,1.7800111512803753,0.0,False,0.0,0.0,1.7490000000000003,2.7430643007747104,False
2669,4.566786180890765,4.566786180890765,4.566786180890765,0.0,3.095538575693287,0.0,False,0.0,0.0,1.7490000000000003,4.566786180890765,False
2670,3.5206399113873355,3.5206399113873355,3.5206399113873355,0.0,5.285692288347771,0.0,False,0.0,0.0,1.7490000000000003,3.5206399113873355,False
2671,1.7980332115754665,1.7980332115754665,1.7980332115754665,0.0,6.974131875274199,0.0,False,0.0,0.0,1.7490000000000003,1.7980332115754665,False
2672,10.542592630599337,10.542592630599337,8.745000000000001,0.0,7.836438310877882,1.7975926305993362,False,8.364975227501596,0.0,1.7490000000000003,2.1776174030977415,False
2673,26.316486776197962,26.316486776197962,7.737150489852998,0.0,12.030392978014856,18.579336286344965,True,8.745000000000001,0.0,5.7607011887782145,17.57148677619796,True
2674,25.70194854577735,25.70194854577735,0.0,0.0,15.741000000000001,25.70194854577735,True,8.745000000000001,0.0,9.954655855915188,16.956948545777347,False
2675,3.320361587364301,3.320361587364301,0.0,0.0,15.741000000000001,3.320361587364301,False,3.320361587364301,0.0,14.148610523052163,0.0,False
2676,-14.203382682363621,-14.203382682363621,0.0,8.745000000000001,15.741000000000001,-5.45838268236362,False,0.0,0.0,15.741000000000001,-14.203382682363621,False
2677,-7.645751798767442,-7.645751798767442,0.0,7.645751798767442,11.182353622677205,0.0,False,0.0,0.0,15.741000000000001,-7.645751798767442,False
2678,-4.1471070599428,-4.1471070599428,0.0,4.1471070599428,7.196729981812659,0.0,False,0.0,0.0,15.741000000000001,-4.1471070599428,False
2679,-8.028501206876545,-8.028501206876545,0.0,6.30345101096639,5.034900985222832,-1.7250501959101543,False,0.0,0.0,15.741000000000001,-8.028501206876545,False
2680,-2.967780335388627,-2.967780335388627,0.0,4.2595540635239357e-16,1.7490000000000006,-2.9677803353886265,False,0.0,2.4687389729682647,15.741000000000001,-0.49904136242036223,False
2681,0.8443673206347528,0.8443673206347528,0.8443673206347528,0.0,1.7490000000000003,0.0,False,0.8443673206347528,0.0,14.454080848979146,0.0,False
2682,0.8354352797411714,0.8354352797411714,0.8354352797411714,0.0,2.153944341355525,0.0,False,0.8354352797411714,0.0,14.85902519033467,0.0,False
2683,1.0036093267634933,1.0036093267634933,1.0036093267634933,0.0,2.554605026382554,0.0,False,1.0036093267634933,0.0,15.259685875361699,0.0,False
2684,-2.3403057743493676,-2.3403057743493676,0.0,2.3403057743493676,3.0359191510208556,0.0,False,0.0,1.4812455388952663,15.741000000000001,-0.8590602354541013,False
2685,-6.802953313198582,-6.802953313198582,0.0,0.12843319861889657,1.8159504328887381,-6.6745201145796855,False,0.0,6.802953313198582,14.968847385956495,0.0,False
2686,-8.991229874966331,-8.991229874966331,0.0,0.0,1.7490000000000003,-8.991229874966331,False,0.0,8.745000000000001,11.422562826058401,-0.2462298749663301,False
2687,-7.1247892456386595,-7.1247892456386595,0.0,0.0,1.7490000000000003,-7.1247892456386595,False,0.0,7.1247892456386595,6.863916448735604,0.0,False
2688,-2.687321771944123,-2.687321771944123,0.0,0.0,1.7490000000000003,-2.687321771944123,False,0.0,2.687321771944123,3.149863311649372,0.0,False
2689,1.1907335721570678,1.1907335721570678,1.1907335721570678,0.0,1.7490000000000003,0.0,False,1.1907335721570678,0.0,1.7490000000000003,0.0,False
2690,1.0218389453720347,1.0218389453720347,1.0218389453720347,0.0,2.320055760121763,0.0,False,1.0218389453720347,0.0,2.320055760121763,0.0,False
2691,-1.128418289012766,-1.128418289012766,0.0,1.128418289012766,2.8101125027181455,0.0,False,0.0,0.0,2.8101125027181455,-1.128418289012766,False
2692,-1.4282223203100066,-1.4282223203100066,0.0,0.9071484271140082,2.2218838068561864,-0.5210738931959984,False,0.0,0.0,2.8101125027181455,-1.4282223203100066,False
2693,-3.1575848926422765,-3.1575848926422765,0.0,0.0,1.7490000000000003,-3.1575848926422765,False,0.0,0.0,2.8101125027181455,-3.1575848926422765,False
2694,-4.2746907789725075,-4.2746907789725075,0.0,0.0,1.7490000000000003,-4.2746907789725075,False,0.0,0.0,2.8101125027181455,-4.2746907789725075,False
2695,-5.558732609378407,-5.558732609378407,0.0,0.0,1.7490000000000003,-5.558732609378407,False,0.0,0.0,2.8101125027181455,-5.558732609378407,False
2696,-6.419791556818223,-6.419791556818223,0.0,0.0,1.7490000000000003,-6.419791556818223,False,0.0,0.0,2.8101125027181455,-6.419791556818223,False
2697,-3.4443132958082527,-3.4443132958082527,0.0,0.0,1.7490000000000003,-3.4443132958082527,False,0.0,2.0355667161267736,2.8101125027181455,-1.408746579681479,False
2698,0.823128319577899,0.823128319577899,0.823128319577899,0.0,1.7490000000000003,0.0,False,0.823128319577899,0.0,1.7490000000000003,0.0,False
2699,8.663426772539818,8.663426772539818,8.663426772539818,0.0,2.1437584742763116,0.0,False,8.663426772539818,0.0,2.1437584742763116,0.0,False
2700,10.098449651809393,10.098449651809393,8.745000000000001,0.0,6.298591995842095,1.3534496518093917,False,8.745000000000001,0.0,6.298591995842095,1.3534496518093917,False
2701,-4.980005881429437,-4.980005881429437,0.0,4.980005881429437,10.49254666297907,0.0,False,0.0,0.0,10.49254666297907,-4.980005881429437,False
2702,-8.054484928344243,-8.054484928344243,0.0,8.054484928344243,7.896539142061457,0.0,False,0.0,0.0,10.49254666297907,-8.054484928344243,False
2703,-3.064407370648936,-3.064407370648936,0.0,3.064407370648936,3.697848628648358,0.0,False,0.0,0.0,10.49254666297907,-3.064407370648936,False
2704,-2.7340916835449742,-2.7340916835449742,0.0,0.6741325043256869,2.100415860340748,-2.0599591792192875,False,0.0,0.0,10.49254666297907,-2.7340916835449742,False
2705,3.3891585904129755,3.3891585904129755,3.3891585904129755,0.0,1.7490000000000003,0.0,False,3.3891585904129755,0.0,10.49254666297907,0.0,False
2706,-0.7375929657232926,-0.7375929657232926,0.0,0.7375929657232926,3.3743833605408655,0.0,False,0.0,0.0,12.117930023519936,-0.7375929657232926,False
2707,-4.179731308699468,-4.179731308699468,0.0,2.380432937456646,2.989886447889835,-1.799298371242822,False,0.0,0.0,12.117930023519936,-4.179731308699468,False
2708,-1.3049139829063758,-1.3049139829063758,0.0,0.0,1.7490000000000003,-1.3049139829063758,False,0.0,0.0,12.117930023519936,-1.3049139829063758,False
2709,-6.35288593747724,-6.35288593747724,0.0,0.0,1.7490000000000003,-6.35288593747724,False,0.0,0.0,12.117930023519936,-6.35288593747724,False
2710,-5.774106723512767,-5.774106723512767,0.0,0.0,1.7490000000000003,-5.774106723512767,False,0.0,1.4496097389173974,12.117930023519936,-4.32449698459537,False
2711,-0.9827021509383844,-0.9827021509383844,0.0,0.0,1.7490000000000003,-0.9827021509383844,False,0.0,0.9827021509383844,11.36226871021546,0.0,False
2712,-1.7242615584593906,-1.7242615584593906,0.0,0.0,1.7490000000000003,-1.7242615584593906,False,0.0,1.7242615584593906,10.849999802226598,0.0,False
2713,-1.9740012775531426,-1.9740012775531426,0.0,0.0,1.7490000000000003,-1.9740012775531426,False,0.0,1.9740012775531426,9.951166330868352,0.0,False
2714,-1.2521748025430808,-1.2521748025430808,0.0,0.0,1.7490000000000003,-1.2521748025430808,False,0.0,1.2521748025430808,8.922147031526075,0.0,False
2715,0.6142428276975059,0.6142428276975059,0.6142428276975059,0.0,1.7490000000000003,0.0,False,0.6142428276975059,0.0,8.269405793402816,0.0,False
2716,2.257146934527699,2.257146934527699,2.257146934527699,0.0,2.0435805116040444,0.0,False,2.257146934527699,0.0,8.56398630500686,0.0,False
2717,-1.7596472105341379,-1.7596472105341379,0.0,1.7596472105341379,3.1260701537397053,0.0,False,0.0,1.7596472105341379,9.646475947142521,0.0,False
2718,-5.0692826533141115,-5.0692826533141115,0.0,0.8820313707130505,2.208790636110476,-4.187251282601061,False,0.0,5.0692826533141115,8.729196429513292,0.0,False
2719,-2.044086889718609,-2.044086889718609,0.0,0.0,1.7490000000000003,-2.044086889718609,False,0.0,2.044086889718609,6.086650174149579,0.0,False
2720,0.4816402356409304,0.4816402356409304,0.4816402356409304,0.0,1.7490000000000003,0.0,False,0.4816402356409304,0.0,5.021096223921019,0.0,False
2721,5.858078233015923,5.858078233015923,5.858078233015923,0.0,1.9799865424982543,0.0,False,5.858078233015923,0.0,5.252082766419273,0.0,False
2722,15.188923908822183,15.188923908822183,8.745000000000001,0.0,4.789422168091238,6.443923908822182,False,8.745000000000001,0.0,8.061518392012257,6.443923908822182,False
2723,7.2678260775164665,7.2678260775164665,7.2678260775164665,0.0,8.983376835228212,0.0,False,7.2678260775164665,0.0,12.255473059149232,0.0,False
2724,-8.723208308348589,-8.723208308348589,0.0,8.723208308348589,12.468903776078982,0.0,False,0.0,0.0,15.741000000000001,-8.723208308348589,False
2725,-11.71805148586897,-11.71805148586897,0.0,8.745000000000001,7.9216171032962,-2.97305148586897,False,0.0,0.0,15.741000000000001,-11.71805148586897,False
2726,-8.728577239723778,-8.728577239723778,0.0,3.096132674130864,3.362970725973403,-5.632444565592914,False,0.0,5.8277013030541545,15.741000000000001,-2.9008759366696237,False
2727,-6.469843105840111,-6.469843105840111,0.0,0.0,1.7490000000000003,-6.469843105840111,False,0.0,6.469843105840111,12.703100693735031,0.0,False
2728,-4.983722289045412,-4.983722289045412,0.0,0.0,1.7490000000000003,-4.983722289045412,False,0.0,4.983722289045412,9.330461833096393,0.0,False
2729,-4.019496299058726,-4.019496299058726,0.0,0.0,1.7490000000000003,-4.019496299058726,False,0.0,4.019496299058726,6.732517000787675,0.0,False
2730,-3.0137212916806604,-3.0137212916806604,0.0,0.0,1.7490000000000003,-3.0137212916806604,False,0.0,3.0137212916806604,4.637209711780648,0.0,False
2731,-1.8790258609548924,-1.8790258609548924,0.0,0.0,1.7490000000000003,-1.8790258609548924,False,0.0,1.8790258609548924,3.0661988886153395,0.0,False
2732,-0.647799720042677,-0.647799720042677,0.0,0.0,1.7490000000000003,-0.647799720042677,False,0.0,0.647799720042677,2.08668894762759,0.0,False
2733,0.41862273702398933,0.41862273702398933,0.41862273702398933,0.0,1.7490000000000003,0.0,False,0.41862273702398933,0.0,1.7490000000000003,0.0,False
2734,-1.7403618201446265,-1.7403618201446265,0.0,0.38513291806207,1.94976441185951,-1.3552289020825565,False,0.0,0.0,1.94976441185951,-1.7403618201446265,False
2735,-3.4276275805556153,-3.4276275805556153,0.0,0.0,1.7490000000000003,-3.4276275805556153,False,0.0,0.0,1.94976441185951,-3.4276275805556153,False
2736,-2.1041049750732728,-2.1041049750732728,0.0,0.0,1.7490000000000003,-2.1041049750732728,False,0.0,0.0,1.94976441185951,-2.1041049750732728,False
2737,2.653609307827366,2.653609307827366,2.653609307827366,0.0,1.7490000000000003,0.0,False,2.653609307827366,0.0,1.94976441185951,0.0,False
2738,6.4914293668772745,6.4914293668772745,6.4914293668772745,0.0,3.021626316903453,0.0,False,6.4914293668772745,0.0,3.2223907287629627,0.0,False
2739,0.6902520121502936,0.6902520121502936,0.6902520121502936,0.0,6.134806475806249,0.0,False,0.6902520121502936,0.0,6.335570887665758,0.0,False
2740,-7.1847160342369785,-7.1847160342369785,0.0,7.1847160342369785,6.46583971169629,0.0,False,0.0,0.0,6.6666041235558,-7.1847160342369785,False
2741,-6.50125819726923,-6.50125819726923,0.0,1.8637513976695605,2.7205475765828067,-4.63750679959967,False,0.0,0.0,6.6666041235558,-6.50125819726923,False
2742,-2.5040086414338796,-2.5040086414338796,0.0,0.0,1.7490000000000003,-2.5040086414338796,False,0.0,0.0,6.6666041235558,-2.5040086414338796,False
2743,1.8595387169767221,1.8595387169767221,1.8595387169767221,0.0,1.7490000000000003,0.0,False,1.8595387169767221,0.0,6.6666041235558,0.0,False
2744,1.1753880215793686,1.1753880215793686,1.1753880215793686,0.0,2.640803439769746,0.0,False,1.1753880215793686,0.0,7.558407563325545,0.0,False
2745,-4.169565012615243,-4.169565012615243,0.0,2.7921325994716044,3.204499732371197,-1.3774324131436382,False,0.0,4.037563308874624,8.122103855926996,-0.13200170374061848,False
2746,-5.356924478778324,-5.356924478778324,0.0,0.0,1.7490000000000003,-5.356924478778324,False,0.0,5.356924478778324,6.017378487006155,0.0,False
2747,-2.831245161787264,-2.831245161787264,0.0,0.0,1.7490000000000003,-2.831245161787264,False,0.0,2.831245161787264,3.2248885649049983,0.0,False
2748,0.6716042998711806,0.6716042998711806,0.6716042998711806,0.0,1.7490000000000003,0.0,False,0.6716042998711806,0.0,1.7490000000000003,0.0,False
2749,2.6146903051290344,2.6146903051290344,2.6146903051290344,0.0,2.0710901072514583,0.0,False,2.6146903051290344,0.0,2.0710901072514583,0.0,False
2750,2.926087625297864,2.926087625297864,2.926087625297864,0.0,3.325051526155256,0.0,False,2.926087625297864,0.0,3.325051526155256,0.0,False
2751,9.01376154714605,9.01376154714605,8.745000000000001,0.0,4.7283538534931315,0.26876154714604894,False,8.745000000000001,0.0,4.7283538534931315,0.26876154714604894,False
2752,4.986733420473732,4.986733420473732,4.986733420473732,0.0,8.922308520630105,0.0,False,4.986733420473732,0.0,8.922308520630105,0.0,False
2753,-5.269870022104306,-5.269870022104306,0.0,5.269870022104306,11.313861854256604,0.0,False,0.0,2.096583619459131,11.313861854256604,-3.173286402645175,False
2754,2.7651164026366244,2.7651164026366244,2.7651164026366244,0.0,8.566752204716547,0.0,False,2.7651164026366244,0.0,10.22094209192365,0.0,False
2755,10.368816600615949,10.368816600615949,8.745000000000001,0.0,9.892855445655925,1.6238166006159478,False,8.745000000000001,0.0,11.547045332863028,1.6238166006159478,False
2756,-1.927559610147474,-1.927559610147474,0.0,1.927559610147474,14.0868101127929,0.0,False,0.0,0.0,15.741000000000001,-1.927559610147474,False
2757,-10.792307623488243,-10.792307623488243,0.0,8.745000000000001,13.08200020611794,-2.0473076234882424,False,0.0,0.0,15.741000000000001,-10.792307623488243,False
2758,-3.4231246566306845,-3.4231246566306845,0.0,3.4231246566306845,8.523353828795141,0.0,False,0.0,3.4231246566306845,15.741000000000001,0.0,False
2759,-4.516076254580099,-4.516076254580099,0.0,4.516076254580099,6.73892674874096,0.0,False,0.0,4.516076254580099,13.95657291994582,0.0,False
2760,-13.01138669643781,-13.01138669643781,0.0,5.056262945673199,4.384759263588865,-7.955123750764612,False,0.0,0.0,11.602405434793726,-13.01138669643781,False
2761,-11.552138204071014,-11.552138204071014,0.0,4.2595540635239357e-16,1.7490000000000006,-11.552138204071014,False,0.0,2.0340568480878662,11.602405434793726,-9.518081355983147,False
2762,-4.541580738036194,-4.541580738036194,0.0,0.0,1.7490000000000003,-4.541580738036194,False,0.0,4.541580738036194,10.542080005199171,0.0,False
2763,-2.0644352839214175,-2.0644352839214175,0.0,0.0,1.7490000000000003,-2.0644352839214175,False,0.0,2.0644352839214175,8.174617388987887,0.0,False
2764,-1.9204575034235423,-1.9204575034235423,0.0,0.0,1.7490000000000003,-1.9204575034235423,False,0.0,1.9204575034235423,7.098456105023825,0.0,False
2765,-1.3070546207507245,-1.3070546207507245,0.0,0.0,1.7490000000000003,-1.3070546207507245,False,0.0,1.3070546207507245,6.097348427404143,0.0,False
2766,-1.4753626623782898,-1.4753626623782898,0.0,0.0,1.7490000000000003,-1.4753626623782898,False,0.0,1.4753626623782898,5.41599910643807,0.0,False
2767,-1.403251380694717,-1.403251380694717,0.0,0.0,1.7490000000000003,-1.403251380694717,False,0.0,1.403251380694717,4.646913153769333,0.0,False
2768,-0.12627303341277687,-0.12627303341277687,0.0,0.0,1.7490000000000003,-0.12627303341277687,False,0.0,0.12627303341277687,3.9154178052184827,0.0,False
2769,-1.46568688872467,-1.46568688872467,0.0,0.0,1.7490000000000003,-1.46568688872467,False,0.0,1.46568688872467,3.8495934362852964,0.0,False
2770,-2.5639499990356542,-2.5639499990356542,0.0,0.0,1.7490000000000003,-2.5639499990356542,False,0.0,2.5639499990356542,3.0855513293013925,0.0,False
2771,0.14379142930164457,0.14379142930164457,0.14379142930164457,0.0,1.7490000000000003,0.0,False,0.14379142930164457,0.0,1.7490000000000003,0.0,False
2772,0.6542311567718586,0.6542311567718586,0.6542311567718586,0.0,1.8179599469427024,0.0,False,0.6542311567718586,0.0,1.8179599469427024,0.0,False
2773,-2.273633886947488,-2.273633886947488,0.0,0.7341807791876233,2.131718187460685,-1.539453107759865,False,0.0,0.0,2.131718187460685,-2.273633886947488,False
2774,-2.5258566460739265,-2.5258566460739265,0.0,0.0,1.7490000000000003,-2.5258566460739265,False,0.0,0.0,2.131718187460685,-2.5258566460739265,False
2775,-1.1004577531599764,-1.1004577531599764,0.0,0.0,1.7490000000000003,-1.1004577531599764,False,0.0,0.0,2.131718187460685,-1.1004577531599764,False
2776,-1.2320351491040573,-1.2320351491040573,0.0,0.0,1.7490000000000003,-1.2320351491040573,False,0.0,0.0,2.131718187460685,-1.2320351491040573,False
2777,-1.3017226252098069,-1.3017226252098069,0.0,0.0,1.7490000000000003,-1.3017226252098069,False,0.0,0.7341807791876233,2.131718187460685,-0.5675418460221836,False
2778,8.018654974133524,8.018654974133524,8.018654974133524,0.0,1.7490000000000003,0.0,False,0.0,0.0,1.7490000000000003,8.018654974133524,False
2779,67.45561006507388,67.45561006507388,8.745000000000001,0.0,5.5946118299517895,58.71061006507388,True,1.4262946782135655,0.0,1.7490000000000003,66.02931538686032,True
2780,75.86260331292753,75.86260331292753,8.745000000000001,0.0,9.788566497088762,67.11760331292753,True,8.745000000000001,0.0,2.4330268979309793,67.11760331292753,True
2781,16.291247678483835,16.291247678483835,3.666681840732377,0.0,13.982521164225737,12.624565837751458,False,8.745000000000001,0.0,6.626981565067953,7.546247678483834,False
2782,-0.26276675618798534,-0.26276675618798534,0.0,0.26276675618798534,15.741000000000001,0.0,False,0.0,0.26276675618798534,10.820936232204927,0.0,False
2783,5.302478879836917,5.302478879836917,0.2856160393347675,0.0,15.604023359499461,5.016862840502149,False,5.302478879836917,0.0,10.683959591704387,0.0,False
2784,5.242179296150186,5.242179296150186,0.0,0.0,15.741000000000001,5.242179296150186,False,5.242179296150186,0.0,13.226939128066567,0.0,False
2785,-6.015188232516638,-6.015188232516638,0.0,6.015188232516638,15.741000000000001,0.0,False,0.0,0.0,15.741000000000001,-6.015188232516638,False
2786,-16.484577304940743,-16.484577304940743,0.0,8.745000000000001,12.605366375634457,-7.739577304940742,False,0.0,7.058879799537271,15.741000000000001,-9.425697505403472,False
2787,-19.90811472085298,-19.90811472085298,0.0,8.745000000000001,8.046719998311659,-11.163114720852978,False,0.0,8.745000000000001,12.061304536750413,-11.163114720852978,False
2788,-14.79621694539264,-14.79621694539264,0.0,3.3361216371599904,3.488073620988861,-11.460095308232649,False,0.0,8.745000000000001,7.502658159427616,-6.051216945392639,False
2789,-2.292430070139359,-2.292430070139359,0.0,0.0,1.7490000000000003,-2.292430070139359,False,0.0,2.292430070139359,2.944011782104819,0.0,False
2790,12.601246162649714,12.601246162649714,8.745000000000001,0.0,1.7490000000000003,3.856246162649713,False,0.11989142972123704,0.0,1.7490000000000003,12.481354732928477,False
2791,25.03068652129345,25.03068652129345,8.745000000000001,0.0,5.942954667136974,16.28568652129345,False,8.745000000000001,0.0,1.8064979098032143,16.28568652129345,False
2792,35.78094254399359,35.78094254399359,8.745000000000001,0.0,10.136909334273948,27.03594254399359,True,8.745000000000001,0.0,6.000452576940188,27.03594254399359,True
2793,23.27864667419591,23.27864667419591,2.940336814865897,0.0,14.330864001410923,20.338309859330014,True,8.745000000000001,0.0,10.194407244077162,14.53364667419591,False
2794,6.496390348665931,6.496390348665931,0.0,0.0,15.741000000000001,6.496390348665931,False,0.0,0.0,14.388361911214137,6.496390348665931,False
2795,2.8204453851446605,2.8204453851446605,0.0,0.0,15.741000000000001,2.8204453851446605,False,2.8204453851446605,0.0,14.388361911214137,0.0,False
2796,-3.4843669405409536,-3.4843669405409536,0.0,3.4843669405409536,15.741000000000001,0.0,False,0.0,0.0,15.741000000000001,-3.4843669405409536,False
2797,-16.049363743574375,-16.049363743574375,0.0,8.745000000000001,13.924648172583154,-7.304363743574374,False,0.0,0.0,15.741000000000001,-16.049363743574375,False
2798,-25.29504222581741,-25.29504222581741,0.0,8.745000000000001,9.366001795260356,-16.55004222581741,False,0.0,0.0,15.741000000000001,-25.29504222581741,True
2799,-22.04200587482624,-22.04200587482624,0.0,5.866942929135675,4.807355417937559,-16.175062945690566,False,0.0,0.0,15.741000000000001,-22.04200587482624,True
2800,-7.613638776866699,-7.613638776866699,0.0,1.2778662190571807e-15,1.749000000000001,-7.613638776866698,False,0.0,2.6285107451410004,15.741000000000001,-4.985128031725699,False
2801,2.8570768968923903,2.8570768968923903,2.8570768968923903,0.0,1.7490000000000003,0.0,False,2.8570768968923903,0.0,14.3707940553355,0.0,False
2802,-6.375384543440953,-6.375384543440953,0.0,2.628510745140999,3.1192059446645013,-3.746873798299954,False,0.0,0.4646000892912822,15.741000000000001,-5.910784454149671,False
2803,-16.26058543549855,-16.26058543549855,0.0,0.0,1.7490000000000003,-16.26058543549855,False,0.0,8.745000000000001,15.49881046152641,-7.515585435498551,False
2804,-12.289870704730967,-12.289870704730967,0.0,0.0,1.7490000000000003,-12.289870704730967,False,0.0,8.745000000000001,10.940164084203612,-3.5448707047309664,False
2805,-4.445170156541498,-4.445170156541498,0.0,0.0,1.7490000000000003,-4.445170156541498,False,0.0,4.445170156541498,6.381517706880814,0.0,False
2806,-3.2732571833371944,-3.2732571833371944,0.0,0.0,1.7490000000000003,-3.2732571833371944,False,0.0,3.2732571833371944,4.0643125804427,0.0,False
2807,-1.1682824405066519,-1.1682824405066519,0.0,0.0,1.7490000000000003,-1.1682824405066519,False,0.0,1.1682824405066519,2.358009321338535,0.0,False
2808,4.165918476750533,4.165918476750533,4.165918476750533,0.0,1.7490000000000003,0.0,False,4.165918476750533,0.0,1.7490000000000003,0.0,False
2809,13.441281784502184,13.441281784502184,8.745000000000001,0.0,3.7469043154351116,4.696281784502183,False,8.745000000000001,0.0,3.7469043154351116,4.696281784502183,False
2810,10.573105335794061,10.573105335794061,8.745000000000001,0.0,7.9408589825720854,1.82810533579406,False,8.745000000000001,0.0,7.9408589825720854,1.82810533579406,False
2811,4.7070290172080655,4.7070290172080655,4.7070290172080655,0.0,12.13481364970906,0.0,False,4.7070290172080655,0.0,12.13481364970906,0.0,False
2812,-4.408256884114707,-4.408256884114707,0.0,4.408256884114707,14.392225463896473,0.0,False,0.0,4.408256884114707,14.392225463896473,0.0,False
2813,-16.28268117441163,-16.28268117441163,0.0,8.745000000000001,12.094262710885863,-7.537681174411627,False,0.0,8.745000000000001,12.094262710885863,-7.537681174411627,False
2814,17.272281171322447,17.272281171322447,8.745000000000001,0.0,7.535616333563065,8.527281171322446,False,0.0,0.0,7.535616333563065,17.272281171322447,False
2815,35.06959083704396,35.06959083704396,8.364407673205895,0.0,11.729571000700039,26.705183163838065,True,0.0,0.0,7.535616333563065,35.06959083704396,True
2816,9.914755156208715,9.914755156208715,0.0,0.0,15.741000000000001,9.914755156208715,False,0.0,0.0,7.535616333563065,9.914755156208715,False
2817,7.7233724059492825,7.7233724059492825,0.0,0.0,15.741000000000001,7.7233724059492825,False,0.0,0.0,7.535616333563065,7.7233724059492825,False
2818,12.504831016317196,12.504831016317196,0.0,0.0,15.741000000000001,12.504831016317196,False,8.364407673205896,0.0,7.535616333563065,4.1404233431113,False
2819,14.049527534655144,14.049527534655144,0.0,0.0,15.741000000000001,14.049527534655144,False,8.745000000000001,0.0,11.547045332863028,5.3045275346551435,False
2820,-4.251446834685108,-4.251446834685108,0.0,4.251446834685108,15.741000000000001,0.0,False,0.0,0.0,15.741000000000001,-4.251446834685108,False
2821,-30.683003377965733,-30.683003377965733,0.0,8.745000000000001,13.524780135927076,-21.93800337796573,True,0.0,0.0,15.741000000000001,-30.683003377965733,True
2822,-17.982506972392844,-17.982506972392844,0.0,8.745000000000001,8.966133758604279,-9.237506972392843,False,0.0,0.6063098696766263,15.741000000000001,-17.37619710271622,False
2823,-10.591379553392771,-10.591379553392771,0.0,5.0998630349915235,4.407487381281482,-5.491516518401248,False,0.0,8.745000000000001,15.424939131968394,-1.8463795533927705,False
2824,-14.391962953612673,-14.391962953612673,0.0,4.2595540635239357e-16,1.7490000000000006,-14.391962953612673,False,0.0,8.745000000000001,10.866292754645595,-5.646962953612672,False
2825,-9.719637197695086,-9.719637197695086,0.0,0.0,1.7490000000000003,-9.719637197695086,False,0.0,8.745000000000001,6.307646377322798,-0.9746371976950847,False
2826,1.0436513495240496,1.0436513495240496,1.0436513495240496,0.0,1.7490000000000003,0.0,False,0.0,0.0,1.7490000000000003,1.0436513495240496,False
2827,18.49668785554612,18.49668785554612,8.745000000000001,0.0,2.2495176041395304,9.75168785554612,False,0.0,0.0,1.7490000000000003,18.49668785554612,True
2828,23.047413153036494,23.047413153036494,8.745000000000001,0.0,6.443472271276504,14.302413153036493,False,1.520869565217391,0.0,1.7490000000000003,21.526543587819102,True
2829,19.176137729930804,19.176137729930804,8.745000000000001,0.0,10.637426938413478,10.431137729930803,False,8.745000000000001,0.0,2.4783834203716477,10.431137729930803,False
2830,9.026395741468555,9.026395741468555,1.896685465341851,0.0,14.831381605550451,7.129710276126704,False,8.745000000000001,0.0,6.672338087508622,0.28139574146855395,False
2831,-9.797849834609163,-9.797849834609163,0.0,8.745000000000001,15.741000000000001,-1.0528498346091624,False,0.0,8.745000000000001,10.866292754645595,-1.0528498346091624,False
2832,-13.663327388993057,-13.663327388993057,0.0,8.745000000000001,11.182353622677205,-4.918327388993056,False,0.0,8.745000000000001,6.307646377322798,-4.918327388993056,False
2833,7.6803046477773504,7.6803046477773504,7.6803046477773504,0.0,6.6237072453544075,0.0,False,0.0,0.0,1.7490000000000003,7.6803046477773504,False
2834,21.06327054171627,21.06327054171627,8.745000000000001,0.0,10.307051959199988,12.31827054171627,False,0.0,0.0,1.7490000000000003,21.06327054171627,True
2835,7.147806697015205,7.147806697015205,2.585564917440038,0.0,14.501006626336963,4.562241779575167,False,3.146691142563435,0.0,1.7490000000000003,4.00111555445177,False
2836,0.9615279933152651,0.9615279933152651,0.0,0.0,15.741000000000001,0.9615279933152651,False,0.9615279933152651,0.0,3.2581000575634644,0.0,False
2837,11.788334247433232,11.788334247433232,0.0,0.0,15.741000000000001,11.788334247433232,False,0.0,0.0,3.7192326836523613,11.788334247433232,False
2838,5.388109815448878,5.388109815448878,0.0,0.0,15.741000000000001,5.388109815448878,False,5.388109815448878,0.0,3.7192326836523613,0.0,False
2839,-2.8625380869629256,-2.8625380869629256,0.0,2.8625380869629256,15.741000000000001,0.0,False,0.0,2.8625380869629256,6.303279374052402,0.0,False
2840,1.3853530713688205,1.3853530713688205,1.3853530713688205,0.0,14.248798870202165,0.0,False,1.3853530713688205,0.0,4.811078244254567,0.0,False
2841,9.465908295691085,9.465908295691085,1.726101370982186,0.0,14.913190863261034,7.7398069247088985,False,8.745000000000001,0.0,5.475470237313435,0.7209082956910837,False
2842,15.112034637630092,15.112034637630092,0.0,0.0,15.741000000000001,15.112034637630092,False,8.745000000000001,0.0,9.669424904450409,6.367034637630091,False
2843,3.9151092345205076,3.9151092345205076,0.0,0.0,15.741000000000001,3.9151092345205076,False,3.9151092345205076,0.0,13.863379571587384,0.0,False
2844,-10.260915902580253,-10.260915902580253,0.0,8.745000000000001,15.741000000000001,-1.515915902580252,False,0.0,0.6063098696766263,15.741000000000001,-9.654606032903626,False
2845,-21.733244442425327,-21.733244442425327,0.0,8.745000000000001,11.182353622677205,-12.988244442425326,False,0.0,8.745000000000001,15.424939131968394,-12.988244442425326,False
2846,-19.434685946342924,-19.434685946342924,0.0,8.745000000000001,6.6237072453544075,-10.689685946342923,False,0.0,8.745000000000001,10.866292754645595,-10.689685946342923,False
2847,-13.722429795865278,-13.722429795865278,0.0,0.6063098696766301,2.06506086803161,-13.116119926188647,False,0.0,8.745000000000001,6.307646377322798,-4.977429795865277,False
2848,-1.934223223972531,-1.934223223972531,0.0,0.0,1.7490000000000003,-1.934223223972531,False,0.0,0.0,1.7490000000000003,-1.934223223972531,False
2849,11.835868550745953,11.835868550745953,8.745000000000001,0.0,1.7490000000000003,3.0908685507459523,False,8.745000000000001,0.0,1.7490000000000003,3.0908685507459523,False
2850,5.884656607685856,5.884656607685856,5.884656607685856,0.0,5.942954667136974,0.0,False,5.884656607685856,0.0,5.942954667136974,0.0,False
2851,-18.68329527734775,-18.68329527734775,0.0,8.745000000000001,8.765136833438007,-9.938295277347748,False,0.0,0.0,8.765136833438007,-18.68329527734775,True
2852,-19.401725303144243,-19.401725303144243,0.0,4.714284079070989,4.206490456115209,-14.687441224073254,False,0.0,0.0,8.765136833438007,-19.401725303144243,True
2853,-0.6836937507594057,-0.6836937507594057,0.0,0.0,1.749,-0.6836937507594057,False,0.0,0.0,8.765136833438007,-0.6836937507594057,False
2854,-0.8034732840129777,-0.8034732840129777,0.0,0.0,1.749,-0.8034732840129777,False,0.0,0.6044496460886708,8.765136833438007,-0.19902363792430688,False
2855,-2.1740204158565493,-2.1740204158565493,0.0,0.0,1.749,-2.1740204158565493,False,0.0,2.1740204158565493,8.450045673985043,0.0,False
2856,-0.7665140204079336,-0.7665140204079336,0.0,0.0,1.749,-0.7665140204079336,False,0.0,0.7665140204079336,7.316759191083928,0.0,False
2857,-0.7097026138146971,-0.7097026138146971,0.0,0.0,1.749,-0.7097026138146971,False,0.0,0.7097026138146971,6.917186136504196,0.0,False
2858,-0.5757705669622529,-0.5757705669622529,0.0,0.0,1.749,-0.5757705669622529,False,0.0,0.5757705669622529,6.547228074818331,0.0,False
2859,0.0052316667020246635,0.0052316667020246635,0.0052316667020246635,0.0,1.749,0.0,False,0.0052316667020246635,0.0,6.247086918814721,0.0,False
2860,-0.43483210008203516,-0.43483210008203516,0.0,0.004813133365862099,1.7515090192089036,-0.43001896671617307,False,0.0,0.0,6.249595938023624,-0.43483210008203516,False
2861,-1.6556293941528688,-1.6556293941528688,0.0,0.0,1.7490000000000003,-1.6556293941528688,False,0.0,0.0,6.249595938023624,-1.6556293941528688,False
2862,-2.218263269970399,-2.218263269970399,0.0,0.0,1.7490000000000003,-2.218263269970399,False,0.0,0.0,6.249595938023624,-2.218263269970399,False
2863,-1.2784376909524873,-1.2784376909524873,0.0,0.0,1.7490000000000003,-1.2784376909524873,False,0.0,0.0,6.249595938023624,-1.2784376909524873,False
2864,-0.662881930198745,-0.662881930198745,0.0,0.0,1.7490000000000003,-0.662881930198745,False,0.0,0.0,6.249595938023624,-0.662881930198745,False
2865,-0.8340124267894824,-0.8340124267894824,0.0,0.0,1.7490000000000003,-0.8340124267894824,False,0.0,0.0,6.249595938023624,-0.8340124267894824,False
2866,-0.4403069409415202,-0.4403069409415202,0.0,0.0,1.7490000000000003,-0.4403069409415202,False,0.0,0.0,6.249595938023624,-0.4403069409415202,False
2867,-1.1286964642828117,-1.1286964642828117,0.0,0.0,1.7490000000000003,-1.1286964642828117,False,0.0,0.0,6.249595938023624,-1.1286964642828117,False
2868,2.006540311631437,2.006540311631437,2.006540311631437,0.0,1.7490000000000003,0.0,False,2.006540311631437,0.0,6.249595938023624,0.0,False
2869,6.043717594383913,6.043717594383913,6.043717594383913,0.0,2.711302927931978,0.0,False,6.043717594383913,0.0,7.211898865955602,0.0,False
2870,5.635206585267944,5.635206585267944,5.635206585267944,0.0,5.6097680636465865,0.0,False,5.635206585267944,0.0,10.110364001670211,0.0,False
2871,5.59833021631929,5.59833021631929,5.59833021631929,0.0,8.31231820184733,0.0,False,5.59833021631929,0.0,12.812914139870955,0.0,False
2872,0.5071508580168494,0.5071508580168494,0.5071508580168494,0.0,10.997183054781146,0.0,False,0.5071508580168494,0.0,15.497778992804772,0.0,False
2873,-5.044235860435938,-5.044235860435938,0.0,5.044235860435938,11.240404061976376,0.0,False,0.0,0.0,15.741000000000001,-5.044235860435938,False
2874,-5.190261699144984,-5.190261699144984,0.0,5.190261699144984,8.610914349965165,0.0,False,0.0,2.5172435138960667,15.741000000000001,-2.6730181852489174,False
2875,-9.128651081839024,-9.128651081839024,0.0,7.973172360788954,5.905303407464931,-1.1554787210500699,False,0.0,8.745000000000001,14.428796109152476,-0.3836510818390231,False
2876,-11.586118578256913,-11.586118578256913,0.0,4.2595540635239357e-16,1.7490000000000006,-11.586118578256913,False,0.0,8.745000000000001,9.870149731829677,-2.8411185782569124,False
2877,-5.941491112183549,-5.941491112183549,0.0,0.0,1.7490000000000003,-5.941491112183549,False,0.0,5.941491112183549,5.311503354506881,0.0,False
2878,-0.8925752435970145,-0.8925752435970145,0.0,0.0,1.7490000000000003,-0.8925752435970145,False,0.0,0.8925752435970145,2.2142870098012057,0.0,False
2879,7.761856962013984,7.761856962013984,7.761856962013984,0.0,1.7490000000000003,0.0,False,7.761856962013984,0.0,1.7490000000000003,0.0,False
2880,14.502915621759843,14.502915621759843,8.745000000000001,0.0,5.4714558297870965,5.757915621759842,False,8.745000000000001,0.0,5.4714558297870965,5.757915621759842,False
2881,3.496372813796091,3.496372813796091,3.496372813796091,0.0,9.665410496924071,0.0,False,3.496372813796091,0.0,9.665410496924071,0.0,False
2882,-4.404535054660712,-4.404535054660712,0.0,4.404535054660712,11.34221199268976,0.0,False,0.0,3.0625829305365992,11.34221199268976,-1.3419521241241124,False
2883,-3.8308923492438587,-3.8308923492438587,0.0,3.8308923492438587,9.0461893773987,0.0,False,0.0,3.8308923492438587,9.745730279534666,0.0,False
2884,-6.679916067695968,-6.679916067695968,0.0,6.679916067695968,7.049198693602916,0.0,False,0.0,6.679916067695968,7.748739595738882,0.0,False
2885,-4.829580046268847,-4.829580046268847,0.0,3.487627922144735,3.567051731587757,-1.3419521241241124,False,0.0,4.829580046268847,4.2665926337237225,0.0,False
2886,2.6266723922560846,2.6266723922560846,2.6266723922560846,0.0,1.7490000000000003,0.0,False,0.0,0.0,1.7490000000000003,2.6266723922560846,False
2887,,0.0,0.0,0.0,3.0087078260196964,,False,0.0,0.0,1.7490000000000003,0.0,False
2888,,0.0,0.0,0.0,3.0087078260196964,,False,0.0,0.0,1.7490000000000003,0.0,False
2889,,0.0,0.0,0.0,3.0087078260196964,,False,0.0,0.0,1.7490000000000003,0.0,False
2890,,0.0,0.0,0.0,3.0087078260196964,,False,0.0,0.0,1.7490000000000003,0.0,False
2891,,0.0,0.0,0.0,3.0087078260196964,,False,0.0,0.0,1.7490000000000003,0.0,False
2892,,0.0,0.0,0.0,3.0087078260196964,,False,0.0,0.0,1.7490000000000003,0.0,False
2893,,0.0,0.0,0.0,3.0087078260196964,,False,0.0,0.0,1.7490000000000003,0.0,False
2894,,0.0,0.0,0.0,3.0087078260196964,,False,0.0,0.0,1.7490000000000003,0.0,False
2895,,0.0,0.0,0.0,3.0087078260196964,,False,0.0,0.0,1.7490000000000003,0.0,False
2896,,0.0,0.0,0.0,3.0087078260196964,,False,0.0,0.0,1.7490000000000003,0.0,False
2897,,0.0,0.0,0.0,3.0087078260196964,,False,0.0,0.0,1.7490000000000003,0.0,False
2898,,0.0,0.0,0.0,3.0087078260196964,,False,0.0,0.0,1.7490000000000003,0.0,False
2899,,0.0,0.0,0.0,3.0087078260196964,,False,0.0,0.0,1.7490000000000003,0.0,False
2900,,0.0,0.0,0.0,3.0087078260196964,,False,0.0,0.0,1.7490000000000003,0.0,False
2901,,0.0,0.0,0.0,3.0087078260196964,,False,0.0,0.0,1.7490000000000003,0.0,False
2902,,0.0,0.0,0.0,3.0087078260196964,,False,0.0,0.0,1.7490000000000003,0.0,False
2903,,0.0,0.0,0.0,3.0087078260196964,,False,0.0,0.0,1.7490000000000003,0.0,False
2904,,0.0,0.0,0.0,3.0087078260196964,,False,0.0,0.0,1.7490000000000003,0.0,False
2905,,0.0,0.0,0.0,3.0087078260196964,,False,0.0,0.0,1.7490000000000003,0.0,False
2906,,0.0,0.0,0.0,3.0087078260196964,,False,0.0,0.0,1.7490000000000003,0.0,False
2907,,0.0,0.0,0.0,3.0087078260196964,,False,0.0,0.0,1.7490000000000003,0.0,False
2908,,0.0,0.0,0.0,3.0087078260196964,,False,0.0,0.0,1.7490000000000003,0.0,False
2909,,0.0,0.0,0.0,3.0087078260196964,,False,0.0,0.0,1.7490000000000003,0.0,False
2910,,0.0,0.0,0.0,3.0087078260196964,,False,0.0,0.0,1.7490000000000003,0.0,False
2911,,0.0,0.0,0.0,3.0087078260196964,,False,0.0,0.0,1.7490000000000003,0.0,False
2912,,0.0,0.0,0.0,3.0087078260196964,,False,0.0,0.0,1.7490000000000003,0.0,False
2913,,0.0,0.0,0.0,3.0087078260196964,,False,0.0,0.0,1.7490000000000003,0.0,False
2914,,0.0,0.0,0.0,3.0087078260196964,,False,0.0,0.0,1.7490000000000003,0.0,False
2915,,0.0,0.0,0.0,3.0087078260196964,,False,0.0,0.0,1.7490000000000003,0.0,False
2916,,0.0,0.0,0.0,3.0087078260196964,,False,0.0,0.0,1.7490000000000003,0.0,False
2917,,0.0,0.0,0.0,3.0087078260196964,,False,0.0,0.0,1.7490000000000003,0.0,False
2918,,0.0,0.0,0.0,3.0087078260196964,,False,0.0,0.0,1.7490000000000003,0.0,False
2919,,0.0,0.0,0.0,3.0087078260196964,,False,0.0,0.0,1.7490000000000003,0.0,False
2920,,0.0,0.0,0.0,3.0087078260196964,,False,0.0,0.0,1.7490000000000003,0.0,False
2921,,0.0,0.0,0.0,3.0087078260196964,,False,0.0,0.0,1.7490000000000003,0.0,False
2922,,0.0,0.0,0.0,3.0087078260196964,,False,0.0,0.0,1.7490000000000003,0.0,False
2923,,0.0,0.0,0.0,3.0087078260196964,,False,0.0,0.0,1.7490000000000003,0.0,False
2924,,0.0,0.0,0.0,3.0087078260196964,,False,0.0,0.0,1.7490000000000003,0.0,False
2925,,0.0,0.0,0.0,3.0087078260196964,,False,0.0,0.0,1.7490000000000003,0.0,False
2926,,0.0,0.0,0.0,3.0087078260196964,,False,0.0,0.0,1.7490000000000003,0.0,False
2927,,0.0,0.0,0.0,3.0087078260196964,,False,0.0,0.0,1.7490000000000003,0.0,False
2928,,0.0,0.0,0.0,3.0087078260196964,,False,0.0,0.0,1.7490000000000003,0.0,False
2929,,0.0,0.0,0.0,3.0087078260196964,,False,0.0,0.0,1.7490000000000003,0.0,False
2930,,0.0,0.0,0.0,3.0087078260196964,,False,0.0,0.0,1.7490000000000003,0.0,False
2931,,0.0,0.0,0.0,3.0087078260196964,,False,0.0,0.0,1.7490000000000003,0.0,False
2932,,0.0,0.0,0.0,3.0087078260196964,,False,0.0,0.0,1.7490000000000003,0.0,False
2933,,0.0,0.0,0.0,3.0087078260196964,,False,0.0,0.0,1.7490000000000003,0.0,False
2934,,0.0,0.0,0.0,3.0087078260196964,,False,0.0,0.0,1.7490000000000003,0.0,False
2935,,0.0,0.0,0.0,3.0087078260196964,,False,0.0,0.0,1.7490000000000003,0.0,False
2936,,0.0,0.0,0.0,3.0087078260196964,,False,0.0,0.0,1.7490000000000003,0.0,False
2937,,0.0,0.0,0.0,3.0087078260196964,,False,0.0,0.0,1.7490000000000003,0.0,False
2938,33.65091313787484,33.65091313787484,8.745000000000001,0.0,3.0087078260196964,24.905913137874837,True,2.9403368148659013,0.0,1.7490000000000003,30.710576323008937,True
2939,41.607124628629585,41.607124628629585,8.745000000000001,0.0,7.20266249315667,32.86212462862959,True,8.745000000000001,0.0,3.159135998589081,32.86212462862959,True
2940,9.074919442770993,9.074919442770993,8.745000000000001,0.0,11.396617160293644,0.3299194427709917,False,8.745000000000001,0.0,7.353090665726055,0.3299194427709917,False
2941,6.701920859648707,6.701920859648707,0.3136644226098133,0.0,15.590571827430619,6.388256437038894,False,0.0,0.0,11.547045332863028,6.701920859648707,False
2942,13.489319619158804,13.489319619158804,0.0,0.0,15.741000000000001,13.489319619158804,False,8.745000000000001,0.0,11.547045332863028,4.744319619158803,False
2943,-2.159981563221364,-2.159981563221364,0.0,2.159981563221364,15.741000000000001,0.0,False,0.0,0.0,15.741000000000001,-2.159981563221364,False
2944,-3.856339133849543,-3.856339133849543,0.0,3.856339133849543,14.615031774927033,0.0,False,0.0,0.0,15.741000000000001,-3.856339133849543,False
2945,-13.811287599589381,-13.811287599589381,0.0,8.745000000000001,12.604776037677022,-5.06628759958938,False,0.0,2.102435214817417,15.741000000000001,-11.708852384771964,False
2946,-41.195575641242186,-41.195575641242186,0.0,8.745000000000001,8.046129660354225,-32.45057564124218,True,0.0,8.745000000000001,14.645029882723467,-32.45057564124218,True
2947,-29.1451182622634,-29.1451182622634,0.0,3.3349891726057233,3.4874832830314277,-25.810129089657675,True,0.0,8.745000000000001,10.086383505400669,-20.400118262263398,True
2948,-2.593064866939723,-2.593064866939723,0.0,0.0,1.7490000000000003,-2.593064866939723,False,0.0,2.593064866939723,5.527737128077871,0.0,False
2949,0.7135252518528005,0.7135252518528005,0.7135252518528005,0.0,1.7490000000000003,0.0,False,0.7135252518528005,0.0,4.176008624723064,0.0,False
2950,-0.7554671041454989,-0.7554671041454989,0.0,0.6564432317045766,2.091194689551531,-0.09902387244092226,False,0.0,0.7554671041454989,4.5182033142745945,0.0,False
2951,0.9968219726029731,0.9968219726029731,0.9968219726029731,0.0,1.7490000000000003,0.0,False,0.9968219726029731,0.0,4.12438886287386,0.0,False
2952,-0.5224652767504292,-0.5224652767504292,0.0,0.5224652767504292,2.227059023934011,0.0,False,0.0,0.5224652767504292,4.60244788680787,0.0,False
2953,-2.3482330262291744,-2.3482330262291744,0.0,0.3946109380443061,1.9547051713170531,-1.9536220881848683,False,0.0,2.3482330262291744,4.330094034190912,0.0,False
2954,-2.346982505524473,-2.346982505524473,0.0,0.0,1.7490000000000003,-2.346982505524473,False,0.0,2.346982505524473,3.105992950356793,0.0,False
2955,-0.2561813217692224,-0.2561813217692224,0.0,0.0,1.7490000000000003,-0.2561813217692224,False,0.0,0.2561813217692224,1.8825437455026912,0.0,False
2956,0.34847901937025483,0.34847901937025483,0.34847901937025483,0.0,1.7490000000000003,0.0,False,0.0,0.0,1.7490000000000003,0.34847901937025483,False
2957,14.548083904919674,14.548083904919674,8.745000000000001,0.0,1.9161246666308975,5.8030839049196725,False,0.0,0.0,1.7490000000000003,14.548083904919674,False
2958,25.281378319516037,25.281378319516037,8.745000000000001,0.0,6.110079333767871,16.536378319516036,False,0.0,0.0,1.7490000000000003,25.281378319516037,True
2959,14.118618366344919,14.118618366344919,8.745000000000001,0.0,10.304034000904846,5.3736183663449175,False,0.0,0.0,1.7490000000000003,14.118618366344919,False
2960,4.092880809328917,4.092880809328917,2.5918577954956414,0.0,14.49798866804182,1.5010230138332754,False,3.339052357284602,0.0,1.7490000000000003,0.7538284520443148,False
2961,-1.159506408629651,-1.159506408629651,0.0,1.159506408629651,15.741000000000001,0.0,False,0.0,1.159506408629651,3.3503532553057145,0.0,False
2962,0.861617510439615,0.861617510439615,0.861617510439615,0.0,15.136565501522915,0.0,False,0.861617510439615,0.0,2.7459187568286274,0.0,False
2963,13.793733087263378,13.793733087263378,0.39871554241870116,0.0,15.549782743283368,13.395017544844677,False,8.745000000000001,0.0,3.159135998589081,5.048733087263377,False
2964,24.87148386721486,24.87148386721486,0.0,0.0,15.741000000000001,24.87148386721486,True,8.745000000000001,0.0,7.353090665726055,16.12648386721486,False
2965,15.329075186036151,15.329075186036151,0.0,0.0,15.741000000000001,15.329075186036151,False,8.745000000000001,0.0,11.547045332863028,6.58407518603615,False
2966,-3.7985781946423565,-3.7985781946423565,0.0,3.7985781946423565,15.741000000000001,0.0,False,0.0,0.0,15.741000000000001,-3.7985781946423565,False
2967,-10.994245729537516,-10.994245729537516,0.0,8.745000000000001,13.760854233735422,-2.249245729537515,False,0.0,0.0,15.741000000000001,-10.994245729537516,False
2968,-8.248143363042384,-8.248143363042384,0.0,8.248143363042384,9.202207856412624,0.0,False,0.0,0.0,15.741000000000001,-8.248143363042384,False
2969,-6.336428637264484,-6.336428637264484,0.0,6.049588311991888,4.902565905403792,-0.2868403252725953,False,0.0,0.0,15.741000000000001,-6.336428637264484,False
2970,-1.3329956058919608,-1.3329956058919608,0.0,4.2595540635239357e-16,1.7490000000000006,-1.3329956058919603,False,0.0,0.0,15.741000000000001,-1.3329956058919608,False
2971,-5.844313760364167,-5.844313760364167,0.0,0.0,1.7490000000000003,-5.844313760364167,False,0.0,0.0,15.741000000000001,-5.844313760364167,False
2972,-10.69989676688079,-10.69989676688079,0.0,0.0,1.7490000000000003,-10.69989676688079,False,0.0,0.0,15.741000000000001,-10.69989676688079,False
2973,-8.103626894079015,-8.103626894079015,0.0,0.0,1.7490000000000003,-8.103626894079015,False,0.0,0.0,15.741000000000001,-8.103626894079015,False
2974,-8.030170608292824,-8.030170608292824,0.0,0.0,1.7490000000000003,-8.030170608292824,False,0.0,0.0,15.741000000000001,-8.030170608292824,False
2975,-3.163414243004194,-3.163414243004194,0.0,0.0,1.7490000000000003,-3.163414243004194,False,0.0,0.0,15.741000000000001,-3.163414243004194,False
2976,-3.377819953030344,-3.377819953030344,0.0,0.0,1.7490000000000003,-3.377819953030344,False,0.0,0.0,15.741000000000001,-3.377819953030344,False
2977,-5.392015287803561,-5.392015287803561,0.0,0.0,1.7490000000000003,-5.392015287803561,False,0.0,0.0,15.741000000000001,-5.392015287803561,False
2978,-2.6050966250989624,-2.6050966250989624,0.0,0.0,1.7490000000000003,-2.6050966250989624,False,0.0,0.0,15.741000000000001,-2.6050966250989624,False
2979,-2.5844581363273633,-2.5844581363273633,0.0,0.0,1.7490000000000003,-2.5844581363273633,False,0.0,0.0,15.741000000000001,-2.5844581363273633,False
2980,-4.843682946551874,-4.843682946551874,0.0,0.0,1.7490000000000003,-4.843682946551874,False,0.0,0.0,15.741000000000001,-4.843682946551874,False
2981,-3.879179413551416,-3.879179413551416,0.0,0.0,1.7490000000000003,-3.879179413551416,False,0.0,0.0,15.741000000000001,-3.879179413551416,False
2982,-3.1364271579414247,-3.1364271579414247,0.0,0.0,1.7490000000000003,-3.1364271579414247,False,0.0,0.0,15.741000000000001,-3.1364271579414247,False
2983,,0.0,0.0,0.0,1.7490000000000003,,False,0.0,0.0,15.741000000000001,0.0,False
2984,,0.0,0.0,0.0,1.7490000000000003,,False,0.0,0.0,15.741000000000001,0.0,False
2985,,0.0,0.0,0.0,1.7490000000000003,,False,0.0,0.0,15.741000000000001,0.0,False
2986,,0.0,0.0,0.0,1.7490000000000003,,False,0.0,0.0,15.741000000000001,0.0,False
2987,,0.0,0.0,0.0,1.7490000000000003,,False,0.0,0.0,15.741000000000001,0.0,False
2988,,0.0,0.0,0.0,1.7490000000000003,,False,0.0,0.0,15.741000000000001,0.0,False
2989,,0.0,0.0,0.0,1.7490000000000003,,False,0.0,0.0,15.741000000000001,0.0,False
2990,,0.0,0.0,0.0,1.7490000000000003,,False,0.0,0.0,15.741000000000001,0.0,False
2991,,0.0,0.0,0.0,1.7490000000000003,,False,0.0,0.0,15.741000000000001,0.0,False
2992,,0.0,0.0,0.0,1.7490000000000003,,False,0.0,0.0,15.741000000000001,0.0,False
2993,,0.0,0.0,0.0,1.7490000000000003,,False,0.0,0.0,15.741000000000001,0.0,False
2994,,0.0,0.0,0.0,1.7490000000000003,,False,0.0,0.0,15.741000000000001,0.0,False
2995,,0.0,0.0,0.0,1.7490000000000003,,False,0.0,0.0,15.741000000000001,0.0,False
2996,,0.0,0.0,0.0,1.7490000000000003,,False,0.0,0.0,15.741000000000001,0.0,False
2997,,0.0,0.0,0.0,1.7490000000000003,,False,0.0,0.0,15.741000000000001,0.0,False
2998,,0.0,0.0,0.0,1.7490000000000003,,False,0.0,0.0,15.741000000000001,0.0,False
2999,,0.0,0.0,0.0,1.7490000000000003,,False,0.0,0.0,15.741000000000001,0.0,False
3000,,0.0,0.0,0.0,1.7490000000000003,,False,0.0,0.0,15.741000000000001,0.0,False
3001,,0.0,0.0,0.0,1.7490000000000003,,False,0.0,0.0,15.741000000000001,0.0,False
3002,,0.0,0.0,0.0,1.7490000000000003,,False,0.0,0.0,15.741000000000001,0.0,False
3003,,0.0,0.0,0.0,1.7490000000000003,,False,0.0,0.0,15.741000000000001,0.0,False
3004,,0.0,0.0,0.0,1.7490000000000003,,False,0.0,0.0,15.741000000000001,0.0,False
3005,,0.0,0.0,0.0,1.7490000000000003,,False,0.0,0.0,15.741000000000001,0.0,False
3006,,0.0,0.0,0.0,1.7490000000000003,,False,0.0,0.0,15.741000000000001,0.0,False
3007,,0.0,0.0,0.0,1.7490000000000003,,False,0.0,0.0,15.741000000000001,0.0,False
3008,,0.0,0.0,0.0,1.7490000000000003,,False,0.0,0.0,15.741000000000001,0.0,False
3009,-1.9839570183068254,-1.9839570183068254,0.0,0.0,1.7490000000000003,-1.9839570183068254,False,0.0,0.0,15.741000000000001,-1.9839570183068254,False
3010,-1.984464572304734,-1.984464572304734,0.0,0.0,1.7490000000000003,-1.984464572304734,False,0.0,0.0,15.741000000000001,-1.984464572304734,False
3011,-1.9729493404108376,-1.9729493404108376,0.0,0.0,1.7490000000000003,-1.9729493404108376,False,0.0,0.0,15.741000000000001,-1.9729493404108376,False
3012,-1.9803218333223576,-1.9803218333223576,0.0,0.0,1.7490000000000003,-1.9803218333223576,False,0.0,0.0,15.741000000000001,-1.9803218333223576,False
3013,-2.01058899921396,-2.01058899921396,0.0,0.0,1.7490000000000003,-2.01058899921396,False,0.0,0.0,15.741000000000001,-2.01058899921396,False
3014,-1.9594493887422189,-1.9594493887422189,0.0,0.0,1.7490000000000003,-1.9594493887422189,False,0.0,0.0,15.741000000000001,-1.9594493887422189,False
3015,-1.9515655474206661,-1.9515655474206661,0.0,0.0,1.7490000000000003,-1.9515655474206661,False,0.0,0.0,15.741000000000001,-1.9515655474206661,False
3016,-1.9911697462671947,-1.9911697462671947,0.0,0.0,1.7490000000000003,-1.9911697462671947,False,0.0,0.0,15.741000000000001,-1.9911697462671947,False
3017,-1.9832839146063947,-1.9832839146063947,0.0,0.0,1.7490000000000003,-1.9832839146063947,False,0.0,0.0,15.741000000000001,-1.9832839146063947,False
3018,-1.9817768036683983,-1.9817768036683983,0.0,0.0,1.7490000000000003,-1.9817768036683983,False,0.0,0.0,15.741000000000001,-1.9817768036683983,False
3019,-1.9751442928292904,-1.9751442928292904,0.0,0.0,1.7490000000000003,-1.9751442928292904,False,0.0,0.0,15.741000000000001,-1.9751442928292904,False
3020,-1.9878659186623227,-1.9878659186623227,0.0,0.0,1.7490000000000003,-1.9878659186623227,False,0.0,0.0,15.741000000000001,-1.9878659186623227,False
3021,-1.9123785817465462,-1.9123785817465462,0.0,0.0,1.7490000000000003,-1.9123785817465462,False,0.0,0.0,15.741000000000001,-1.9123785817465462,False
3022,-1.9658499244926442,-1.9658499244926442,0.0,0.0,1.7490000000000003,-1.9658499244926442,False,0.0,0.0,15.741000000000001,-1.9658499244926442,False
3023,-2.041843350635574,-2.041843350635574,0.0,0.0,1.7490000000000003,-2.041843350635574,False,0.0,0.0,15.741000000000001,-2.041843350635574,False
3024,-1.974899205637499,-1.974899205637499,0.0,0.0,1.7490000000000003,-1.974899205637499,False,0.0,0.0,15.741000000000001,-1.974899205637499,False
3025,-1.9683968110404704,-1.9683968110404704,0.0,0.0,1.7490000000000003,-1.9683968110404704,False,0.0,0.0,15.741000000000001,-1.9683968110404704,False
3026,-1.9900943815377015,-1.9900943815377015,0.0,0.0,1.7490000000000003,-1.9900943815377015,False,0.0,0.0,15.741000000000001,-1.9900943815377015,False
3027,-1.9832759042779644,-1.9832759042779644,0.0,0.0,1.7490000000000003,-1.9832759042779644,False,0.0,0.0,15.741000000000001,-1.9832759042779644,False
3028,-1.9693853913820372,-1.9693853913820372,0.0,0.0,1.7490000000000003,-1.9693853913820372,False,0.0,0.8767632921575758,15.741000000000001,-1.0926220992244615,False
3029,-1.9823966570490585,-1.9823966570490585,0.0,0.0,1.7490000000000003,-1.9823966570490585,False,0.0,1.9823966570490585,15.28395553967253,0.0,False
3030,-1.9920398944276163,-1.9920398944276163,0.0,0.0,1.7490000000000003,-1.9920398944276163,False,0.0,1.9920398944276163,14.250559846239309,0.0,False
3031,-1.9803796108768748,-1.9803796108768748,0.0,0.0,1.7490000000000003,-1.9803796108768748,False,0.0,1.9803796108768748,13.21213726782708,0.0,False
3032,-1.983931850484531,-1.983931850484531,0.0,0.0,1.7490000000000003,-1.983931850484531,False,0.0,1.983931850484531,12.179793032395656,0.0,False
3033,-1.9894822822599,-1.9894822822599,0.0,0.0,1.7490000000000003,-1.9894822822599,False,0.0,1.9894822822599,11.145597064063281,0.0,False
3034,-1.9744908651539332,-1.9744908651539332,0.0,0.0,1.7490000000000003,-1.9744908651539332,False,0.0,1.9744908651539332,10.108507733157394,0.0,False
3035,,0.0,0.0,0.0,1.7490000000000003,,False,0.0,0.0,9.079233218635846,0.0,False
3036,,0.0,0.0,0.0,1.7490000000000003,,False,0.0,0.0,9.079233218635846,0.0,False
3037,,0.0,0.0,0.0,1.7490000000000003,,False,0.0,0.0,9.079233218635846,0.0,False
3038,,0.0,0.0,0.0,1.7490000000000003,,False,0.0,0.0,9.079233218635846,0.0,False
3039,,0.0,0.0,0.0,1.7490000000000003,,False,0.0,0.0,9.079233218635846,0.0,False
3040,,0.0,0.0,0.0,1.7490000000000003,,False,0.0,0.0,9.079233218635846,0.0,False
3041,,0.0,0.0,0.0,1.7490000000000003,,False,0.0,0.0,9.079233218635846,0.0,False
3042,,0.0,0.0,0.0,1.7490000000000003,,False,0.0,0.0,9.079233218635846,0.0,False
3043,,0.0,0.0,0.0,1.7490000000000003,,False,0.0,0.0,9.079233218635846,0.0,False
3044,,0.0,0.0,0.0,1.7490000000000003,,False,0.0,0.0,9.079233218635846,0.0,False
3045,,0.0,0.0,0.0,1.7490000000000003,,False,0.0,0.0,9.079233218635846,0.0,False
3046,,0.0,0.0,0.0,1.7490000000000003,,False,0.0,0.0,9.079233218635846,0.0,False
3047,,0.0,0.0,0.0,1.7490000000000003,,False,0.0,0.0,9.079233218635846,0.0,False
3048,,0.0,0.0,0.0,1.7490000000000003,,False,0.0,0.0,9.079233218635846,0.0,False
3049,,0.0,0.0,0.0,1.7490000000000003,,False,0.0,0.0,9.079233218635846,0.0,False
3050,,0.0,0.0,0.0,1.7490000000000003,,False,0.0,0.0,9.079233218635846,0.0,False
3051,,0.0,0.0,0.0,1.7490000000000003,,False,0.0,0.0,9.079233218635846,0.0,False
3052,,0.0,0.0,0.0,1.7490000000000003,,False,0.0,0.0,9.079233218635846,0.0,False
3053,,0.0,0.0,0.0,1.7490000000000003,,False,0.0,0.0,9.079233218635846,0.0,False
3054,,0.0,0.0,0.0,1.7490000000000003,,False,0.0,0.0,9.079233218635846,0.0,False
3055,,0.0,0.0,0.0,1.7490000000000003,,False,0.0,0.0,9.079233218635846,0.0,False
3056,,0.0,0.0,0.0,1.7490000000000003,,False,0.0,0.0,9.079233218635846,0.0,False
3057,,0.0,0.0,0.0,1.7490000000000003,,False,0.0,0.0,9.079233218635846,0.0,False
3058,,0.0,0.0,0.0,1.7490000000000003,,False,0.0,0.0,9.079233218635846,0.0,False
3059,,0.0,0.0,0.0,1.7490000000000003,,False,0.0,0.0,9.079233218635846,0.0,False
3060,,0.0,0.0,0.0,1.7490000000000003,,False,0.0,0.0,9.079233218635846,0.0,False
3061,1.3508646722721476,1.3508646722721476,1.3508646722721476,0.0,1.7490000000000003,0.0,False,1.3508646722721476,0.0,9.079233218635846,0.0,False
3062,-4.690936827065562,-4.690936827065562,0.0,1.2427954984903762,2.3968519379012276,-3.4481413285751854,False,0.0,4.690936827065562,9.727085156537072,0.0,False
3063,-5.458305241696507,-5.458305241696507,0.0,0.0,1.7490000000000003,-5.458305241696507,False,0.0,5.458305241696507,7.28176529685125,0.0,False
3064,2.0937216305702324,2.0937216305702324,2.0937216305702324,0.0,1.7490000000000003,0.0,False,2.0937216305702324,0.0,4.436426998808733,0.0,False
3065,5.35499008065635,5.35499008065635,5.35499008065635,0.0,2.7531136196930435,0.0,False,5.35499008065635,0.0,5.4405406185017755,0.0,False
3066,6.674480237835531,6.674480237835531,6.674480237835531,0.0,5.321276643276908,0.0,False,6.674480237835531,0.0,8.00870364208564,0.0,False
3067,-0.013215292929688883,-0.013215292929688883,0.0,0.013215292929688883,8.52224491591085,0.0,False,0.0,0.013215292929688883,11.209671914719582,0.0,False
3068,-7.724050135701834,-7.724050135701834,0.0,7.724050135701834,8.515355968256284,0.0,False,0.0,7.724050135701834,11.202782967065016,0.0,False
3069,0.5758490436951477,0.5758490436951477,0.5758490436951477,0.0,4.488916497772942,0.0,False,0.5758490436951477,0.0,7.176343496581674,0.0,False
3070,-1.23624080764217,-1.23624080764217,0.0,1.23624080764217,4.765083997415209,0.0,False,0.0,0.0,7.452510996223941,-1.23624080764217,False
3071,-13.164625118816375,-13.164625118816375,0.0,4.549611477062988,4.120648928317829,-8.615013641753386,False,0.0,0.0,7.452510996223941,-13.164625118816375,False
3072,-9.463337662367222,-9.463337662367222,0.0,4.2595540635239357e-16,1.7490000000000006,-9.463337662367222,False,0.0,0.0,7.452510996223941,-9.463337662367222,False
3073,-1.7411068768825277,-1.7411068768825277,0.0,0.0,1.7490000000000003,-1.7411068768825277,False,0.0,0.0,7.452510996223941,-1.7411068768825277,False
3074,-1.7980257259410384,-1.7980257259410384,0.0,0.0,1.7490000000000003,-1.7980257259410384,False,0.0,0.0,7.452510996223941,-1.7980257259410384,False
3075,-1.9145461057860458,-1.9145461057860458,0.0,0.0,1.7490000000000003,-1.9145461057860458,False,0.0,0.0,7.452510996223941,-1.9145461057860458,False
3076,-1.9000455311740247,-1.9000455311740247,0.0,0.0,1.7490000000000003,-1.9000455311740247,False,0.0,0.0,7.452510996223941,-1.9000455311740247,False
3077,-1.364926296627018,-1.364926296627018,0.0,0.0,1.7490000000000003,-1.364926296627018,False,0.0,0.0,7.452510996223941,-1.364926296627018,False
3078,0.180257137744753,0.180257137744753,0.180257137744753,0.0,1.7490000000000003,0.0,False,0.180257137744753,0.0,7.452510996223941,0.0,False
3079,-1.2575252821791978,-1.2575252821791978,0.0,0.1658365667251729,1.8354482863498414,-1.091688715454025,False,0.0,1.2575252821791978,7.5389592825737815,0.0,False
3080,2.391813935135037,2.391813935135037,2.391813935135037,0.0,1.7490000000000003,0.0,False,2.391813935135037,0.0,6.883428914134899,0.0,False
3081,2.8184114962950098,2.8184114962950098,2.8184114962950098,0.0,2.896073666801926,0.0,False,2.8184114962950098,0.0,8.030502580936824,0.0,False
3082,-1.3719275510423414,-1.3719275510423414,0.0,1.3719275510423414,4.2477363367617835,0.0,False,0.0,1.3719275510423414,9.382165250896682,0.0,False
3083,4.305443094428133,4.305443094428133,4.305443094428133,0.0,3.532569663175905,0.0,False,4.305443094428133,0.0,8.666998577310803,0.0,False
3084,9.086781025175597,9.086781025175597,8.745000000000001,0.0,5.597387634584655,0.34178102517559594,False,8.745000000000001,0.0,10.731816548719554,0.34178102517559594,False
3085,1.6998695224813776,1.6998695224813776,1.6998695224813776,0.0,9.79134230172163,0.0,False,1.6998695224813776,0.0,14.925771215856528,0.0,False
3086,-10.323600220505941,-10.323600220505941,0.0,8.745000000000001,10.606571085865102,-1.5786002205059404,False,0.0,0.0,15.741000000000001,-10.323600220505941,False
3087,-6.5552846269173655,-6.5552846269173655,0.0,6.5552846269173655,6.047924708542305,0.0,False,0.0,0.0,15.741000000000001,-6.5552846269173655,False
3088,-5.190688974960591,-5.190688974960591,0.0,1.6914828265126867,2.630746376144744,-3.4992061484479047,False,0.0,0.0,15.741000000000001,-5.190688974960591,False
3089,-9.572666734884491,-9.572666734884491,0.0,0.0,1.7490000000000003,-9.572666734884491,False,0.0,0.0,15.741000000000001,-9.572666734884491,False
3090,-4.877605603085821,-4.877605603085821,0.0,0.0,1.7490000000000003,-4.877605603085821,False,0.0,0.0,15.741000000000001,-4.877605603085821,False
3091,-2.1380919153673608,-2.1380919153673608,0.0,0.0,1.7490000000000003,-2.1380919153673608,False,0.0,0.0,15.741000000000001,-2.1380919153673608,False
3092,-2.497715566513018,-2.497715566513018,0.0,0.0,1.7490000000000003,-2.497715566513018,False,0.0,0.0,15.741000000000001,-2.497715566513018,False
3093,-2.146858126721621,-2.146858126721621,0.0,0.0,1.7490000000000003,-2.146858126721621,False,0.0,0.0,15.741000000000001,-2.146858126721621,False
3094,-1.6734250672105493,-1.6734250672105493,0.0,0.0,1.7490000000000003,-1.6734250672105493,False,0.0,0.0,15.741000000000001,-1.6734250672105493,False
3095,-1.8875157107313736,-1.8875157107313736,0.0,0.0,1.7490000000000003,-1.8875157107313736,False,0.0,0.0,15.741000000000001,-1.8875157107313736,False
3096,-1.811950195283793,-1.811950195283793,0.0,0.0,1.7490000000000003,-1.811950195283793,False,0.0,0.0,15.741000000000001,-1.811950195283793,False
3097,-1.8049157496003942,-1.8049157496003942,0.0,0.0,1.7490000000000003,-1.8049157496003942,False,0.0,0.0,15.741000000000001,-1.8049157496003942,False
3098,-1.6206658129292288,-1.6206658129292288,0.0,0.0,1.7490000000000003,-1.6206658129292288,False,0.0,0.0,15.741000000000001,-1.6206658129292288,False
3099,-1.770576455421731,-1.770576455421731,0.0,0.0,1.7490000000000003,-1.770576455421731,False,0.0,0.0,15.741000000000001,-1.770576455421731,False
3100,-1.570312534249054,-1.570312534249054,0.0,0.0,1.7490000000000003,-1.570312534249054,False,0.0,0.6387805923536916,15.741000000000001,-0.9315319418953625,False
3101,-1.1291406203789518,-1.1291406203789518,0.0,0.0,1.7490000000000003,-1.1291406203789518,False,0.0,1.1291406203789518,15.408012597685849,0.0,False
3102,-1.3545336186921721,-1.3545336186921721,0.0,0.0,1.7490000000000003,-1.3545336186921721,False,0.0,1.3545336186921721,14.81940736056995,0.0,False
3103,-1.6350461346719174,-1.6350461346719174,0.0,0.0,1.7490000000000003,-1.6350461346719174,False,0.0,1.6350461346719174,14.113307901014432,0.0,False
3104,-1.4719089987817642,-1.4719089987817642,0.0,0.0,1.7490000000000003,-1.4719089987817642,False,0.0,1.4719089987817642,13.260981184195932,0.0,False
3105,-1.254907630151326,-1.254907630151326,0.0,0.0,1.7490000000000003,-1.254907630151326,False,0.0,1.254907630151326,12.493695578130145,0.0,False
3106,-1.0637578335572475,-1.0637578335572475,0.0,0.0,1.7490000000000003,-1.0637578335572475,False,0.0,1.0637578335572475,11.839529755138255,0.0,False
3107,-0.49115066422268866,-0.49115066422268866,0.0,0.0,1.7490000000000003,-0.49115066422268866,False,0.0,0.49115066422268866,11.285007651731224,0.0,False
3108,-1.9332750931660652,-1.9332750931660652,0.0,0.0,1.7490000000000003,-1.9332750931660652,False,0.0,1.9332750931660652,11.02897766932088,0.0,False
3109,-2.8483419310659457,-2.8483419310659457,0.0,0.0,1.7490000000000003,-2.8483419310659457,False,0.0,2.8483419310659457,10.021188361164235,0.0,False
3110,-1.9254672931227488,-1.9254672931227488,0.0,0.0,1.7490000000000003,-1.9254672931227488,False,0.0,1.9254672931227488,8.536387489188204,0.0,False
3111,-2.0784717841784937,-2.0784717841784937,0.0,0.0,1.7490000000000003,-2.0784717841784937,False,0.0,2.0784717841784937,7.532668278159324,0.0,False
3112,-2.1214461852956346,-2.1214461852956346,0.0,0.0,1.7490000000000003,-2.1214461852956346,False,0.0,2.1214461852956346,6.449189962628971,0.0,False
3113,-1.99013648823136,-1.99013648823136,0.0,0.0,1.7490000000000003,-1.99013648823136,False,0.0,1.99013648823136,5.343309691927631,0.0,False
3114,-1.9676825984394748,-1.9676825984394748,0.0,0.0,1.7490000000000003,-1.9676825984394748,False,0.0,1.9676825984394748,4.305879332584715,0.0,False
3115,-2.009058688056176,-2.009058688056176,0.0,0.0,1.7490000000000003,-2.009058688056176,False,0.0,2.009058688056176,3.2801538724249415,0.0,False
3116,-0.9282037153109743,-0.9282037153109743,0.0,0.0,1.7490000000000003,-0.9282037153109743,False,0.0,0.9282037153109743,2.2328596345591696,0.0,False
3117,0.4892170793764185,0.4892170793764185,0.4892170793764185,0.0,1.7490000000000003,0.0,False,0.4892170793764185,0.0,1.7490000000000003,0.0,False
3118,-2.1833891245883748,-2.1833891245883748,0.0,0.4500797130263049,1.9836202691016411,-1.73330941156207,False,0.0,0.0,1.9836202691016411,-2.1833891245883748,False
3119,-4.484369795324746,-4.484369795324746,0.0,0.0,1.7490000000000003,-4.484369795324746,False,0.0,0.0,1.9836202691016411,-4.484369795324746,False
3120,-2.7026273452113205,-2.7026273452113205,0.0,0.0,1.7490000000000003,-2.7026273452113205,False,0.0,0.0,1.9836202691016411,-2.7026273452113205,False
3121,-1.804862317386703,-1.804862317386703,0.0,0.0,1.7490000000000003,-1.804862317386703,False,0.0,0.0,1.9836202691016411,-1.804862317386703,False
3122,-2.085507948234749,-2.085507948234749,0.0,0.0,1.7490000000000003,-2.085507948234749,False,0.0,0.0,1.9836202691016411,-2.085507948234749,False
3123,-1.9857597497159436,-1.9857597497159436,0.0,0.0,1.7490000000000003,-1.9857597497159436,False,0.0,0.0,1.9836202691016411,-1.9857597497159436,False
3124,-1.9491244164468975,-1.9491244164468975,0.0,0.0,1.7490000000000003,-1.9491244164468975,False,0.0,0.0,1.9836202691016411,-1.9491244164468975,False
3125,-2.041687603965988,-2.041687603965988,0.0,0.0,1.7490000000000003,-2.041687603965988,False,0.0,0.0,1.9836202691016411,-2.041687603965988,False
3126,-1.960292042062447,-1.960292042062447,0.0,0.0,1.7490000000000003,-1.960292042062447,False,0.0,0.0,1.9836202691016411,-1.960292042062447,False
3127,-1.901676997213959,-1.901676997213959,0.0,0.0,1.7490000000000003,-1.901676997213959,False,0.0,0.0,1.9836202691016411,-1.901676997213959,False
3128,-1.9192149466993003,-1.9192149466993003,0.0,0.0,1.7490000000000003,-1.9192149466993003,False,0.0,0.0,1.9836202691016411,-1.9192149466993003,False
3129,-2.007779909955998,-2.007779909955998,0.0,0.0,1.7490000000000003,-2.007779909955998,False,0.0,0.0,1.9836202691016411,-2.007779909955998,False
3130,-1.9862918366564042,-1.9862918366564042,0.0,0.0,1.7490000000000003,-1.9862918366564042,False,0.0,0.0,1.9836202691016411,-1.9862918366564042,False
3131,-1.9492759778073274,-1.9492759778073274,0.0,0.0,1.7490000000000003,-1.9492759778073274,False,0.0,0.0,1.9836202691016411,-1.9492759778073274,False
3132,-1.9949156845360894,-1.9949156845360894,0.0,0.0,1.7490000000000003,-1.9949156845360894,False,0.0,0.0,1.9836202691016411,-1.9949156845360894,False
3133,-1.937820062570354,-1.937820062570354,0.0,0.0,1.7490000000000003,-1.937820062570354,False,0.0,0.0,1.9836202691016411,-1.937820062570354,False
3134,-1.8935676380379085,-1.8935676380379085,0.0,0.0,1.7490000000000003,-1.8935676380379085,False,0.0,0.0,1.9836202691016411,-1.8935676380379085,False
3135,-2.001504071233101,-2.001504071233101,0.0,0.0,1.7490000000000003,-2.001504071233101,False,0.0,0.0,1.9836202691016411,-2.001504071233101,False
3136,-2.0183602770567792,-2.0183602770567792,0.0,0.0,1.7490000000000003,-2.0183602770567792,False,0.0,0.0,1.9836202691016411,-2.0183602770567792,False
3137,-1.933857424804155,-1.933857424804155,0.0,0.0,1.7490000000000003,-1.933857424804155,False,0.0,0.0,1.9836202691016411,-1.933857424804155,False
3138,-1.900360548707909,-1.900360548707909,0.0,0.0,1.7490000000000003,-1.900360548707909,False,0.0,0.0,1.9836202691016411,-1.900360548707909,False
3139,-1.8351308133776005,-1.8351308133776005,0.0,0.0,1.7490000000000003,-1.8351308133776005,False,0.0,0.0,1.9836202691016411,-1.8351308133776005,False
3140,0.45257551099364907,0.45257551099364907,0.45257551099364907,0.0,1.7490000000000003,0.0,False,0.45257551099364907,0.0,1.9836202691016411,0.0,False
3141,-1.5267724640263467,-1.5267724640263467,0.0,0.4163694701141571,1.9660475902302708,-1.1104029939121896,False,0.0,0.0,2.2006678593319116,-1.5267724640263467,False
3142,-4.407282663773484,-4.407282663773484,0.0,0.0,1.7490000000000003,-4.407282663773484,False,0.0,0.0,2.2006678593319116,-4.407282663773484,False
3143,-2.2057094937485977,-2.2057094937485977,0.0,0.0,1.7490000000000003,-2.2057094937485977,False,0.0,0.0,2.2006678593319116,-2.2057094937485977,False
3144,-0.5213309757671641,-0.5213309757671641,0.0,0.0,1.7490000000000003,-0.5213309757671641,False,0.0,0.0,2.2006678593319116,-0.5213309757671641,False
3145,-1.1830708535032555,-1.1830708535032555,0.0,0.0,1.7490000000000003,-1.1830708535032555,False,0.0,0.0,2.2006678593319116,-1.1830708535032555,False
3146,-3.0129529560188715,-3.0129529560188715,0.0,0.0,1.7490000000000003,-3.0129529560188715,False,0.0,0.0,2.2006678593319116,-3.0129529560188715,False
3147,-1.0797793299278873,-1.0797793299278873,0.0,0.0,1.7490000000000003,-1.0797793299278873,False,0.0,0.0,2.2006678593319116,-1.0797793299278873,False
3148,2.223160667590913,2.223160667590913,2.223160667590913,0.0,1.7490000000000003,0.0,False,2.223160667590913,0.0,2.2006678593319116,0.0,False
3149,-0.25283237485263066,-0.25283237485263066,0.0,0.25283237485263066,2.8151904011021456,0.0,False,0.0,0.0,3.2668582604340566,-0.25283237485263066,False
3150,-0.820830771992261,-0.820830771992261,0.0,0.820830771992261,2.683392414859508,0.0,False,0.0,0.0,3.2668582604340566,-0.820830771992261,False
3151,-1.7994491857887904,-1.7994491857887904,0.0,0.9716446673387482,2.2555047962045514,-0.8278045184500422,False,0.0,0.0,3.2668582604340566,-1.7994491857887904,False
3152,-1.353997707606927,-1.353997707606927,0.0,0.0,1.7490000000000003,-1.353997707606927,False,0.0,0.0,3.2668582604340566,-1.353997707606927,False
3153,-1.3452881369701803,-1.3452881369701803,0.0,0.0,1.7490000000000003,-1.3452881369701803,False,0.0,0.0,3.2668582604340566,-1.3452881369701803,False
3154,-6.726513180072171,-6.726513180072171,0.0,0.0,1.7490000000000003,-6.726513180072171,False,0.0,0.0,3.2668582604340566,-6.726513180072171,False
3155,-5.353951099083443,-5.353951099083443,0.0,0.0,1.7490000000000003,-5.353951099083443,False,0.0,2.911756997324102,3.2668582604340566,-2.442194101759341,False
3156,1.2651760203199645,1.2651760203199645,1.2651760203199645,0.0,1.7490000000000003,0.0,False,0.0,0.0,1.7490000000000003,1.2651760203199645,False
3157,3.243123307211894,3.243123307211894,3.243123307211894,0.0,2.3557571040789824,0.0,False,0.0,0.0,1.7490000000000003,3.243123307211894,False
3158,6.179191486917285,6.179191486917285,6.179191486917285,0.0,3.9111044031506825,0.0,False,0.9568783604047664,0.0,1.7490000000000003,5.2223131265125184,False
3159,8.519053719936984,8.519053719936984,8.519053719936984,0.0,6.874540535305034,0.0,False,8.519053719936984,0.0,2.207902740480497,0.0,False
3160,3.0748966158913738,3.0748966158913738,3.0748966158913738,0.0,10.960135173191862,0.0,False,3.0748966158913738,0.0,6.293497378367325,0.0,False
3161,-2.412883197682253,-2.412883197682253,0.0,2.412883197682253,12.434803785333807,0.0,False,0.0,2.412883197682253,7.768165990509271,0.0,False
3162,-0.798868480253685,-0.798868480253685,0.0,0.798868480253685,11.177001469951618,0.0,False,0.0,0.798868480253685,6.510363675127081,0.0,False
3163,0.395102453895555,0.395102453895555,0.395102453895555,0.0,10.76056248727971,0.0,False,0.395102453895555,0.0,6.093924692455174,0.0,False
3164,2.230440097276284,2.230440097276284,2.230440097276284,0.0,10.950046967612762,0.0,False,2.230440097276284,0.0,6.283409172788225,0.0,False
3165,9.763500741770008,9.763500741770008,7.759387545955621,0.0,12.019728460550592,2.0041131958143863,False,8.745000000000001,0.0,7.353090665726055,1.0185007417700067,False
3166,9.169870692838005,9.169870692838005,0.0,0.0,15.741000000000001,9.169870692838005,False,8.745000000000001,0.0,11.547045332863028,0.42487069283800416,False
3167,-8.58142287166549,-8.58142287166549,0.0,8.58142287166549,15.741000000000001,0.0,False,0.0,0.0,15.741000000000001,-8.58142287166549,False
3168,-10.820617488364686,-10.820617488364686,0.0,8.745000000000001,11.267624095346727,-2.075617488364685,False,0.0,6.551634496600066,15.741000000000001,-4.26898299176462,False
3169,-2.548575188022445,-2.548575188022445,0.0,2.548575188022445,6.70897771802393,0.0,False,0.0,2.548575188022445,12.3257244295633,0.0,False
3170,-11.259691923095573,-11.259691923095573,0.0,6.966311809988695,5.380441062996682,-4.2933801131068785,False,0.0,8.745000000000001,10.997187774536052,-2.5146919230955724,False
3171,-10.299364604554818,-10.299364604554818,0.0,4.2595540635239357e-16,1.7490000000000006,-10.299364604554818,False,0.0,8.745000000000001,6.438541397213253,-1.5543646045548165,False
3172,-0.25110018505411746,-0.25110018505411746,0.0,0.0,1.7490000000000003,-0.25110018505411746,False,0.0,0.25110018505411746,1.8798950198904563,0.0,False
3173,16.8027106467069,16.8027106467069,8.745000000000001,0.0,1.7490000000000003,8.057710646706898,False,0.0,0.0,1.7490000000000003,16.8027106467069,False
3174,33.75250526502682,33.75250526502682,8.745000000000001,0.0,5.942954667136974,25.00750526502682,True,0.0,0.0,1.7490000000000003,33.75250526502682,True
3175,32.49731565819741,32.49731565819741,8.745000000000001,0.0,10.136909334273948,23.752315658197407,True,0.0,0.0,1.7490000000000003,32.49731565819741,True
3176,20.902121272890362,20.902121272890362,2.940336814865897,0.0,14.330864001410923,17.961784458024464,True,0.0,0.0,1.7490000000000003,20.902121272890362,True
3177,12.511693139373003,12.511693139373003,0.0,0.0,15.741000000000001,12.511693139373003,False,6.209945026678844,0.0,1.7490000000000003,6.301748112694159,False
3178,11.056185856470407,11.056185856470407,0.0,0.0,15.741000000000001,11.056185856470407,False,8.745000000000001,0.0,4.727185011698546,2.3111858564704058,False
3179,9.359907864432538,9.359907864432538,0.0,0.0,15.741000000000001,9.359907864432538,False,8.745000000000001,0.0,8.92113967883552,0.6149078644325368,False
3180,4.135699337849908,4.135699337849908,0.0,0.0,15.741000000000001,4.135699337849908,False,0.0,0.0,13.115094345972494,4.135699337849908,False
3181,5.475391788187053,5.475391788187053,0.0,0.0,15.741000000000001,5.475391788187053,False,5.475391788187053,0.0,13.115094345972494,0.0,False
3182,,0.0,0.0,0.0,15.741000000000001,,False,0.0,0.0,15.741000000000001,0.0,False
3183,,0.0,0.0,0.0,15.741000000000001,,False,0.0,0.0,15.741000000000001,0.0,False
3184,,0.0,0.0,0.0,15.741000000000001,,False,0.0,0.0,15.741000000000001,0.0,False
3185,,0.0,0.0,0.0,15.741000000000001,,False,0.0,0.0,15.741000000000001,0.0,False
3186,,0.0,0.0,0.0,15.741000000000001,,False,0.0,0.0,15.741000000000001,0.0,False
3187,,0.0,0.0,0.0,15.741000000000001,,False,0.0,0.0,15.741000000000001,0.0,False
3188,,0.0,0.0,0.0,15.741000000000001,,False,0.0,0.0,15.741000000000001,0.0,False
3189,,0.0,0.0,0.0,15.741000000000001,,False,0.0,0.0,15.741000000000001,0.0,False
3190,,0.0,0.0,0.0,15.741000000000001,,False,0.0,0.0,15.741000000000001,0.0,False
3191,,0.0,0.0,0.0,15.741000000000001,,False,0.0,0.0,15.741000000000001,0.0,False
3192,,0.0,0.0,0.0,15.741000000000001,,False,0.0,0.0,15.741000000000001,0.0,False
3193,,0.0,0.0,0.0,15.741000000000001,,False,0.0,0.0,15.741000000000001,0.0,False
3194,,0.0,0.0,0.0,15.741000000000001,,False,0.0,0.0,15.741000000000001,0.0,False
3195,,0.0,0.0,0.0,15.741000000000001,,False,0.0,0.0,15.741000000000001,0.0,False
3196,,0.0,0.0,0.0,15.741000000000001,,False,0.0,0.0,15.741000000000001,0.0,False
3197,,0.0,0.0,0.0,15.741000000000001,,False,0.0,0.0,15.741000000000001,0.0,False
3198,,0.0,0.0,0.0,15.741000000000001,,False,0.0,0.0,15.741000000000001,0.0,False
3199,,0.0,0.0,0.0,15.741000000000001,,False,0.0,0.0,15.741000000000001,0.0,False
3200,,0.0,0.0,0.0,15.741000000000001,,False,0.0,0.0,15.741000000000001,0.0,False
3201,,0.0,0.0,0.0,15.741000000000001,,False,0.0,0.0,15.741000000000001,0.0,False
3202,,0.0,0.0,0.0,15.741000000000001,,False,0.0,0.0,15.741000000000001,0.0,False
3203,,0.0,0.0,0.0,15.741000000000001,,False,0.0,0.0,15.741000000000001,0.0,False
3204,,0.0,0.0,0.0,15.741000000000001,,False,0.0,0.0,15.741000000000001,0.0,False
3205,,0.0,0.0,0.0,15.741000000000001,,False,0.0,0.0,15.741000000000001,0.0,False
3206,,0.0,0.0,0.0,15.741000000000001,,False,0.0,0.0,15.741000000000001,0.0,False
3207,,0.0,0.0,0.0,15.741000000000001,,False,0.0,0.0,15.741000000000001,0.0,False
3208,-1.3050826720280104,-1.3050826720280104,0.0,1.3050826720280104,15.741000000000001,0.0,False,0.0,0.0,15.741000000000001,-1.3050826720280104,False
3209,-2.2277183783145493,-2.2277183783145493,0.0,2.2277183783145493,15.060678628365096,0.0,False,0.0,0.0,15.741000000000001,-2.2277183783145493,False
3210,-3.2180622164221657,-3.2180622164221657,0.0,3.2180622164221657,13.899400147519009,0.0,False,0.0,0.0,15.741000000000001,-3.2180622164221657,False
3211,-3.2028347657194116,-3.2028347657194116,0.0,3.2028347657194116,12.221869253877811,0.0,False,0.0,0.0,15.741000000000001,-3.2028347657194116,False
3212,-2.821750920015466,-2.821750920015466,0.0,2.821750920015466,10.552276217638783,0.0,False,0.0,0.0,15.741000000000001,-2.821750920015466,False
3213,-2.352595734426979,-2.352595734426979,0.0,2.352595734426979,9.08133686838369,0.0,False,0.0,0.0,15.741000000000001,-2.352595734426979,False
3214,-2.026710397322575,-2.026710397322575,0.0,2.026710397322575,7.854961565690653,0.0,False,0.0,0.0,15.741000000000001,-2.026710397322575,False
3215,-1.9851701152118364,-1.9851701152118364,0.0,1.9851701152118364,6.798465738287908,0.0,False,0.0,0.0,15.741000000000001,-1.9851701152118364,False
3216,-1.9830482570403085,-1.9830482570403085,0.0,1.9830482570403085,5.763624279845379,0.0,False,0.0,0.0,15.741000000000001,-1.9830482570403085,False
3217,-1.982204982832178,-1.982204982832178,0.0,1.982204982832178,4.729888916436221,0.0,False,0.0,0.0,15.741000000000001,-1.982204982832178,False
3218,-1.9859458647998736,-1.9859458647998736,0.0,1.9859458647998736,3.6965931400955574,0.0,False,0.0,0.0,15.741000000000001,-1.9859458647998736,False
3219,-1.9843679061797703,-1.9843679061797703,0.0,1.7501855655432783,2.661347294226017,-0.23418234063649201,False,0.0,0.0,15.741000000000001,-1.9843679061797703,False
3220,-1.9874483584306526,-1.9874483584306526,0.0,0.0,1.7490000000000003,-1.9874483584306526,False,0.0,0.0,15.741000000000001,-1.9874483584306526,False
3221,-1.9526140548131783,-1.9526140548131783,0.0,0.0,1.7490000000000003,-1.9526140548131783,False,0.0,0.0,15.741000000000001,-1.9526140548131783,False
3222,-1.9482797762853818,-1.9482797762853818,0.0,0.0,1.7490000000000003,-1.9482797762853818,False,0.0,0.0,15.741000000000001,-1.9482797762853818,False
3223,-1.9755474467126464,-1.9755474467126464,0.0,0.0,1.7490000000000003,-1.9755474467126464,False,0.0,0.0,15.741000000000001,-1.9755474467126464,False
3224,-1.9661482042878655,-1.9661482042878655,0.0,0.0,1.7490000000000003,-1.9661482042878655,False,0.0,0.0,15.741000000000001,-1.9661482042878655,False
3225,-1.958499466105737,-1.958499466105737,0.0,0.0,1.7490000000000003,-1.958499466105737,False,0.0,0.0,15.741000000000001,-1.958499466105737,False
3226,-1.971652602909462,-1.971652602909462,0.0,0.0,1.7490000000000003,-1.971652602909462,False,0.0,1.03198539350645,15.741000000000001,-0.9396672094030121,False
3227,-1.860218787389213,-1.860218787389213,0.0,0.0,1.7490000000000003,-1.860218787389213,False,0.0,1.860218787389213,15.203040425893859,0.0,False
3228,-0.9341274231442472,-0.9341274231442472,0.0,0.0,1.7490000000000003,-0.9341274231442472,False,0.0,0.9341274231442472,14.233334349717799,0.0,False
3229,1.3925002781656937,1.3925002781656937,1.3925002781656937,0.0,1.7490000000000003,0.0,False,1.3925002781656937,0.0,13.746386768988879,0.0,False
3230,2.7665558131820367,2.7665558131820367,2.7665558131820367,0.0,2.416819673024877,0.0,False,2.7665558131820367,0.0,14.414206442013755,0.0,False
3231,-0.04735302153504406,-0.04735302153504406,0.0,0.04735302153504406,3.743613231011124,0.0,False,0.0,0.0,15.741000000000001,-0.04735302153504406,False
3232,-3.3183652141357975,-3.3183652141357975,0.0,3.3183652141357975,3.7189287621630944,0.0,False,0.0,1.1734656959579575,15.741000000000001,-2.14489951817784,False
3233,-3.5632223276074404,-3.5632223276074404,0.0,0.46061336836907124,1.9891113165308314,-3.102608959238369,False,0.0,3.5632223276074404,15.129288719978124,0.0,False
3234,-4.98368180015826,-4.98368180015826,0.0,0.0,1.7490000000000003,-4.98368180015826,False,0.0,4.98368180015826,13.271830680487746,0.0,False
3235,-5.473743243357353,-5.473743243357353,0.0,0.0,1.7490000000000003,-5.473743243357353,False,0.0,5.473743243357353,10.673906954470478,0.0,False
3236,-2.9878206292734757,-2.9878206292734757,0.0,0.0,1.7490000000000003,-2.9878206292734757,False,0.0,2.9878206292734757,7.820521041751652,0.0,False
3237,-1.955644363807272,-1.955644363807272,0.0,0.0,1.7490000000000003,-1.955644363807272,False,0.0,1.955644363807272,6.263011872200154,0.0,False
3238,-2.163087492864002,-2.163087492864002,0.0,0.0,1.7490000000000003,-2.163087492864002,False,0.0,2.163087492864002,5.243561775641919,0.0,False
3239,-1.9665081006487186,-1.9665081006487186,0.0,0.0,1.7490000000000003,-1.9665081006487186,False,0.0,1.9665081006487186,4.115974472820109,0.0,False
3240,-1.9080686621377911,-1.9080686621377911,0.0,0.0,1.7490000000000003,-1.9080686621377911,False,0.0,1.9080686621377911,3.090861261956962,0.0,False
3241,-0.6660675538643628,-0.6660675538643628,0.0,0.0,1.7490000000000003,-0.6660675538643628,False,0.0,0.6660675538643628,2.096211714291142,0.0,False
3242,4.915960244915633,4.915960244915633,4.915960244915633,0.0,1.7490000000000003,0.0,False,0.0,0.0,1.7490000000000003,4.915960244915633,False
3243,11.633695819028798,11.633695819028798,8.745000000000001,0.0,4.106611710991851,2.888695819028797,False,0.0,0.0,1.7490000000000003,11.633695819028798,False
3244,9.142433568984845,9.142433568984845,8.745000000000001,0.0,8.300566378128824,0.3974335689848445,False,0.0,0.0,1.7490000000000003,9.142433568984845,False
3245,10.551550031703016,10.551550031703016,6.769376569950268,0.0,12.494521045265799,3.7821734617527483,False,0.0,0.0,1.7490000000000003,10.551550031703016,False
3246,24.586630117013833,24.586630117013833,0.0,0.0,15.741000000000001,24.586630117013833,True,0.0,0.0,1.7490000000000003,24.586630117013833,True
3247,18.072844413202503,18.072844413202503,0.0,0.0,15.741000000000001,18.072844413202503,True,0.0,0.0,1.7490000000000003,18.072844413202503,True
3248,16.81137072120946,16.81137072120946,0.0,0.0,15.741000000000001,16.81137072120946,False,2.9403368148659013,0.0,1.7490000000000003,13.871033906343559,False
3249,27.1787995061902,27.1787995061902,0.0,0.0,15.741000000000001,27.1787995061902,True,8.745000000000001,0.0,3.159135998589081,18.433799506190198,True
3250,18.976532763210304,18.976532763210304,0.0,0.0,15.741000000000001,18.976532763210304,True,8.745000000000001,0.0,7.353090665726055,10.231532763210303,False
3251,5.4185053389831594,5.4185053389831594,0.0,0.0,15.741000000000001,5.4185053389831594,False,0.0,0.0,11.547045332863028,5.4185053389831594,False
3252,,0.0,0.0,0.0,15.741000000000001,,False,0.0,0.0,11.547045332863028,0.0,False
3253,,0.0,0.0,0.0,15.741000000000001,,False,0.0,0.0,11.547045332863028,0.0,False
3254,,0.0,0.0,0.0,15.741000000000001,,False,0.0,0.0,11.547045332863028,0.0,False
3255,,0.0,0.0,0.0,15.741000000000001,,False,0.0,0.0,11.547045332863028,0.0,False
3256,,0.0,0.0,0.0,15.741000000000001,,False,0.0,0.0,11.547045332863028,0.0,False
3257,,0.0,0.0,0.0,15.741000000000001,,False,0.0,0.0,11.547045332863028,0.0,False
3258,,0.0,0.0,0.0,15.741000000000001,,False,0.0,0.0,11.547045332863028,0.0,False
3259,,0.0,0.0,0.0,15.741000000000001,,False,0.0,0.0,11.547045332863028,0.0,False
3260,,0.0,0.0,0.0,15.741000000000001,,False,0.0,0.0,11.547045332863028,0.0,False
3261,,0.0,0.0,0.0,15.741000000000001,,False,0.0,0.0,11.547045332863028,0.0,False
3262,,0.0,0.0,0.0,15.741000000000001,,False,0.0,0.0,11.547045332863028,0.0,False
3263,,0.0,0.0,0.0,15.741000000000001,,False,0.0,0.0,11.547045332863028,0.0,False
3264,,0.0,0.0,0.0,15.741000000000001,,False,0.0,0.0,11.547045332863028,0.0,False
3265,,0.0,0.0,0.0,15.741000000000001,,False,0.0,0.0,11.547045332863028,0.0,False
3266,,0.0,0.0,0.0,15.741000000000001,,False,0.0,0.0,11.547045332863028,0.0,False
3267,,0.0,0.0,0.0,15.741000000000001,,False,0.0,0.0,11.547045332863028,0.0,False
3268,,0.0,0.0,0.0,15.741000000000001,,False,0.0,0.0,11.547045332863028,0.0,False
3269,,0.0,0.0,0.0,15.741000000000001,,False,0.0,0.0,11.547045332863028,0.0,False
3270,,0.0,0.0,0.0,15.741000000000001,,False,0.0,0.0,11.547045332863028,0.0,False
3271,,0.0,0.0,0.0,15.741000000000001,,False,0.0,0.0,11.547045332863028,0.0,False
3272,,0.0,0.0,0.0,15.741000000000001,,False,0.0,0.0,11.547045332863028,0.0,False
3273,,0.0,0.0,0.0,15.741000000000001,,False,0.0,0.0,11.547045332863028,0.0,False
3274,,0.0,0.0,0.0,15.741000000000001,,False,0.0,0.0,11.547045332863028,0.0,False
3275,,0.0,0.0,0.0,15.741000000000001,,False,0.0,0.0,11.547045332863028,0.0,False
3276,,0.0,0.0,0.0,15.741000000000001,,False,0.0,0.0,11.547045332863028,0.0,False
3277,,0.0,0.0,0.0,15.741000000000001,,False,0.0,0.0,11.547045332863028,0.0,False
3278,11.33762209973859,11.33762209973859,0.0,0.0,15.741000000000001,11.33762209973859,False,8.745000000000001,0.0,11.547045332863028,2.5926220997385894,False
3279,0.6939734043592882,0.6939734043592882,0.0,0.0,15.741000000000001,0.6939734043592882,False,0.0,0.0,15.741000000000001,0.6939734043592882,False
3280,-16.53151205790721,-16.53151205790721,0.0,8.745000000000001,15.741000000000001,-7.78651205790721,False,0.0,0.0,15.741000000000001,-16.53151205790721,False
3281,-26.166734735584907,-26.166734735584907,0.0,8.745000000000001,11.182353622677205,-17.421734735584906,False,0.0,0.0,15.741000000000001,-26.166734735584907,True
3282,-21.82380050573581,-21.82380050573581,0.0,8.745000000000001,6.6237072453544075,-13.07880050573581,False,0.0,0.4198512290084929,15.741000000000001,-21.403949276727317,True
3283,-17.850247792560555,-17.850247792560555,0.0,0.6063098696766301,2.06506086803161,-17.243937922883926,False,0.0,8.745000000000001,15.52213741748038,-9.105247792560554,False
3284,-11.0957591525892,-11.0957591525892,0.0,0.0,1.7490000000000003,-11.0957591525892,False,0.0,8.745000000000001,10.963491040157582,-2.350759152589198,False
3285,1.3708618975243347,1.3708618975243347,1.3708618975243347,0.0,1.7490000000000003,0.0,False,1.3708618975243347,0.0,6.404844662834785,0.0,False
3286,3.3287011612806596,3.3287011612806596,3.3287011612806596,0.0,2.4064422702255497,0.0,False,3.3287011612806596,0.0,7.062286933060334,0.0,False
3287,-0.42158376017512345,-0.42158376017512345,0.0,0.42158376017512345,4.002831266321294,0.0,False,0.0,0.42158376017512345,8.658675929156079,0.0,False
3288,-0.7275144684353972,-0.7275144684353972,0.0,0.7275144684353972,3.783065539499059,0.0,False,0.0,0.7275144684353972,8.438910202333844,0.0,False
3289,-0.7480951534177801,-0.7480951534177801,0.0,0.7480951534177801,3.4038224067394314,0.0,False,0.0,0.7480951534177801,8.059667069574216,0.0,False
3290,-0.8200862312034615,-0.8200862312034615,0.0,0.8200862312034615,3.0138508503048165,0.0,False,0.0,0.8200862312034615,7.669695513139602,0.0,False
3291,-0.6680522089268246,-0.6680522089268246,0.0,0.6680522089268246,2.586351350365655,0.0,False,0.0,0.6680522089268246,7.242196013200441,0.0,False
3292,0.9573750402896566,0.9573750402896566,0.9573750402896566,0.0,2.238105063105877,0.0,False,0.9573750402896566,0.0,6.893949725940662,0.0,False
3293,11.658943832056734,11.658943832056734,8.745000000000001,0.0,2.697246002891269,2.9139438320567326,False,8.745000000000001,0.0,7.353090665726055,2.9139438320567326,False
3294,9.270742240227275,9.270742240227275,8.745000000000001,0.0,6.891200670028242,0.5257422402272738,False,8.745000000000001,0.0,11.547045332863028,0.5257422402272738,False
3295,-3.9074373337216635,-3.9074373337216635,0.0,3.9074373337216635,11.085155337165215,0.0,False,0.0,0.0,15.741000000000001,-3.9074373337216635,False
3296,-4.4150000765300605,-4.4150000765300605,0.0,4.4150000765300605,9.048262821900938,0.0,False,0.0,0.0,15.741000000000001,-4.4150000765300605,False
3297,-2.7000219902618747,-2.7000219902618747,0.0,2.7000219902618747,6.746784936851924,0.0,False,0.0,0.0,15.741000000000001,-2.7000219902618747,False
3298,-2.91717097542834,-2.91717097542834,0.0,2.91717097542834,5.339301178750245,0.0,False,0.0,0.43995217783698903,15.741000000000001,-2.477218797591351,False
3299,-1.1348090619567952,-1.1348090619567952,0.0,1.1348090619567952,3.8186206871358808,0.0,False,0.0,1.1348090619567952,15.511659073562967,0.0,False
3300,1.19983526411129,1.19983526411129,1.19983526411129,0.0,3.227060570584431,0.0,False,1.19983526411129,0.0,14.920098957011518,0.0,False
3301,0.5118617356645606,0.5118617356645606,0.5118617356645606,0.0,3.8024813488251477,0.0,False,0.5118617356645606,0.0,15.495519735252236,0.0,False
3302,-2.8466757127932816,-2.8466757127932816,0.0,2.8466757127932816,4.047961613572914,0.0,False,0.0,0.7155121099216455,15.741000000000001,-2.131163602871636,False
3303,-7.75148551057499,-7.75148551057499,0.0,1.5634973181102607,2.5640293179139224,-6.187988192464729,False,0.0,7.75148551057499,15.368013529122369,0.0,False
3304,-7.472597531176391,-7.472597531176391,0.0,0.0,1.7490000000000003,-7.472597531176391,False,0.0,7.472597531176391,11.327272380848747,0.0,False
3305,-4.57837054996432,-4.57837054996432,0.0,0.0,1.7490000000000003,-4.57837054996432,False,0.0,4.57837054996432,7.431911641604775,0.0,False
3306,-4.506961969969829,-4.506961969969829,0.0,0.0,1.7490000000000003,-4.506961969969829,False,0.0,4.506961969969829,5.045271010199832,0.0,False
3307,-1.816382198069457,-1.816382198069457,0.0,0.0,1.7490000000000003,-1.816382198069457,False,0.0,1.816382198069457,2.6958546743353864,0.0,False
3308,3.8353115844754764,3.8353115844754764,3.8353115844754764,0.0,1.7490000000000003,0.0,False,0.0,0.0,1.7490000000000003,3.8353115844754764,False
3309,9.315489893695524,9.315489893695524,8.745000000000001,0.0,3.588350819855395,0.5704898936955232,False,0.0,0.0,1.7490000000000003,9.315489893695524,False
3310,10.489961012506445,10.489961012506445,8.745000000000001,0.0,7.782305486992369,1.7449610125064439,False,0.0,0.0,1.7490000000000003,10.489961012506445,False
3311,3.1860635340893517,3.1860635340893517,3.1860635340893517,0.0,11.976260154129342,0.0,False,0.0,0.0,1.7490000000000003,3.1860635340893517,False
3312,2.508742168372676,2.508742168372676,2.508742168372676,0.0,13.504242547335627,0.0,False,0.0,0.0,1.7490000000000003,2.508742168372676,False
3313,4.764043141952435,4.764043141952435,2.1552195279283954,0.0,14.707393024830186,2.6088236140240393,False,0.0,0.0,1.7490000000000003,4.764043141952435,False
3314,0.3408700818516447,0.3408700818516447,0.0,0.0,15.741000000000001,0.3408700818516447,False,0.0,0.0,1.7490000000000003,0.3408700818516447,False
3315,6.883519202711501,6.883519202711501,0.0,0.0,15.741000000000001,6.883519202711501,False,0.0,0.0,1.7490000000000003,6.883519202711501,False
3316,6.51409352429249,6.51409352429249,0.0,0.0,15.741000000000001,6.51409352429249,False,2.308518633049417,0.0,1.7490000000000003,4.205574891243073,False
3317,-2.1238371424054643,-2.1238371424054643,0.0,2.1238371424054643,15.741000000000001,0.0,False,0.0,2.1238371424054643,2.8561266432533188,0.0,False
3318,8.82001959865259,8.82001959865259,2.3085186330494167,0.0,14.633873356746683,6.511500965603174,False,2.487780206538829,0.0,1.7490000000000003,6.332239392113761,False
3319,18.27763248217249,18.27763248217249,0.0,0.0,15.741000000000001,18.27763248217249,True,8.745000000000001,0.0,2.942097473759235,9.532632482172488,False
3320,10.768377204548262,10.768377204548262,0.0,0.0,15.741000000000001,10.768377204548262,False,8.745000000000001,0.0,7.136052140896209,2.023377204548261,False
3321,-5.1578251159430275,-5.1578251159430275,0.0,5.1578251159430275,15.741000000000001,0.0,False,0.0,5.1578251159430275,11.330006808033183,0.0,False
3322,-8.016685972442126,-8.016685972442126,0.0,8.016685972442126,13.052297795350691,0.0,False,0.0,8.016685972442126,8.641304603383873,0.0,False
3323,-5.205046701630572,-5.205046701630572,0.0,5.205046701630572,8.87331134979234,0.0,False,0.0,5.205046701630572,4.462318157825521,0.0,False
3324,7.473031278218021,7.473031278218021,7.473031278218021,0.0,6.159993191966819,0.0,False,0.0,0.0,1.7490000000000003,7.473031278218021,False
3325,17.588160952350126,17.588160952350126,8.745000000000001,0.0,9.743933089844813,8.843160952350125,False,4.628847861954048,0.0,1.7490000000000003,12.959313090396078,False
3326,0.03378417229702504,0.03378417229702504,0.03378417229702504,0.0,13.937887756981787,0.0,False,0.03378417229702504,0.0,3.9689174492977912,0.0,False
3327,7.022704780614829,7.022704780614829,3.7259647560237807,0.0,13.954090076830898,3.296740024591048,False,7.022704780614829,0.0,3.9851197691469014,0.0,False
3328,35.03535411617024,35.03535411617024,0.0,0.0,15.741000000000001,35.03535411617024,True,8.745000000000001,0.0,7.353090665726055,26.29035411617024,True
3329,10.102397099684234,10.102397099684234,0.0,0.0,15.741000000000001,10.102397099684234,False,8.745000000000001,0.0,11.547045332863028,1.357397099684233,False
3330,-24.12995132402676,-24.12995132402676,0.0,8.745000000000001,15.741000000000001,-15.384951324026758,False,0.0,0.6063098696766263,15.741000000000001,-23.523641454350134,True
3331,-19.197588969711454,-19.197588969711454,0.0,8.745000000000001,11.182353622677205,-10.452588969711453,False,0.0,8.745000000000001,15.424939131968394,-10.452588969711453,False
3332,-15.502266182207327,-15.502266182207327,0.0,8.745000000000001,6.6237072453544075,-6.757266182207326,False,0.0,8.745000000000001,10.866292754645595,-6.757266182207326,False
3333,-12.475598564487289,-12.475598564487289,0.0,0.6063098696766301,2.06506086803161,-11.869288694810658,False,0.0,8.745000000000001,6.307646377322798,-3.7305985644872877,False
3334,8.466185202502205,8.466185202502205,8.466185202502205,0.0,1.7490000000000003,0.0,False,8.466185202502205,0.0,1.7490000000000003,0.0,False
3335,19.34031360865809,19.34031360865809,8.745000000000001,0.0,5.809239787636376,10.595313608658088,False,8.745000000000001,0.0,5.809239787636376,10.595313608658088,False
3336,-0.8958284338582482,-0.8958284338582482,0.0,0.8958284338582482,10.00319445477335,0.0,False,0.0,0.8958284338582482,10.00319445477335,0.0,False
3337,-7.453170735753348,-7.453170735753348,0.0,7.453170735753348,9.536211602319302,0.0,False,0.0,7.453170735753348,9.536211602319302,0.0,False
3338,5.803850233422029,5.803850233422029,5.803850233422029,0.0,5.6509777802369365,0.0,False,3.426274897728568,0.0,5.6509777802369365,2.377575335693461,False
3339,2.0553409639179234,2.0553409639179234,2.0553409639179234,0.0,8.434406570840062,0.0,False,2.0553409639179234,0.0,7.29416149644311,0.0,False
3340,-10.47057925331857,-10.47057925331857,0.0,8.745000000000001,9.420113469431415,-1.7255792533185694,False,0.0,8.745000000000001,8.279868395034462,-1.7255792533185694,False
3341,3.3627096402635277,3.3627096402635277,3.3627096402635277,0.0,4.861467092108618,0.0,False,0.0,0.0,3.721222017711666,3.3627096402635277,False
3342,22.77638771325746,22.77638771325746,8.745000000000001,0.0,6.474165981760958,14.031387713257459,False,0.0,0.0,3.721222017711666,22.77638771325746,True
3343,-3.7833778094052097,-3.7833778094052097,0.0,3.7833778094052097,10.668120648897933,0.0,False,0.0,3.7833778094052097,3.721222017711666,0.0,False
3344,2.1212740122058267,2.1212740122058267,2.1212740122058267,0.0,8.695898631186267,0.0,False,0.0,0.0,1.7490000000000003,2.1212740122058267,False
3345,46.504360468492806,46.504360468492806,8.745000000000001,0.0,9.713225908918343,37.7593604684928,True,0.7604347826086957,0.0,1.7490000000000003,45.74392568588411,True
3346,13.867858357902078,13.867858357902078,3.8237778267030813,0.0,13.907180576055318,10.044080531198997,False,8.745000000000001,0.0,2.113691710185824,5.122858357902077,False
3347,-19.783552364784626,-19.783552364784626,0.0,8.745000000000001,15.741000000000001,-11.038552364784625,False,0.0,8.745000000000001,6.307646377322798,-11.038552364784625,False
3348,12.90905964788707,12.90905964788707,8.745000000000001,0.0,11.182353622677205,4.164059647887068,False,0.0,0.0,1.7490000000000003,12.90905964788707,False
3349,41.75921330653142,41.75921330653142,0.7604347826086916,0.0,15.37630828981418,40.99877852392273,True,0.0,0.0,1.7490000000000003,41.75921330653142,True
3350,26.696273412175938,26.696273412175938,0.0,0.0,15.741000000000001,26.696273412175938,True,8.264712875673561,0.0,1.7490000000000003,18.431560536502374,True
3351,7.692692673163937,7.692692673163937,0.0,0.0,15.741000000000001,7.692692673163937,False,7.692692673163937,0.0,5.712617054028379,0.0,False
3352,7.113851124677528,7.113851124677528,0.0,0.0,15.741000000000001,7.113851124677528,False,7.113851124677528,0.0,9.401902856140019,0.0,False
3353,6.104080141350873,6.104080141350873,0.0,0.0,15.741000000000001,6.104080141350873,False,6.104080141350873,0.0,12.813586003728233,0.0,False
3354,-5.913843586035593,-5.913843586035593,0.0,5.913843586035593,15.741000000000001,0.0,False,0.0,0.0,15.741000000000001,-5.913843586035593,False
3355,-37.30944962890065,-37.30944962890065,0.0,8.745000000000001,12.658195924581499,-28.56444962890065,True,0.0,2.314279713944613,15.741000000000001,-34.99516991495604,True
3356,-35.97227745875299,-35.97227745875299,0.0,8.745000000000001,8.0995495472587,-27.22727745875299,True,0.0,8.745000000000001,14.534598303706662,-27.22727745875299,True
3357,-0.7904427690720005,-0.7904427690720005,0.0,0.7904427690720005,3.540903169935903,0.0,False,0.0,0.7904427690720005,9.975951926383866,0.0,False
3358,4.3642376808191985,4.3642376808191985,4.3642376808191985,0.0,3.128856392839153,0.0,False,4.3642376808191985,0.0,9.563905149287116,0.0,False
3359,-6.452504942340922,-6.452504942340922,0.0,6.452504942340922,5.221871257329344,0.0,False,0.0,6.452504942340922,11.656920013777306,0.0,False
3360,-6.737138321061124,-6.737138321061124,0.0,0.20961723858177622,1.8582705391978531,-6.527521082479348,False,0.0,6.737138321061124,8.293319295645816,0.0,False
3361,-5.817042789611633,-5.817042789611633,0.0,0.0,1.7490000000000003,-5.817042789611633,False,0.0,5.817042789611633,4.781343172052003,0.0,False
3362,0.5612389392102155,0.5612389392102155,0.5612389392102155,0.0,1.7490000000000003,0.0,False,0.0,0.0,1.7490000000000003,0.5612389392102155,False
3363,8.906772504938775,8.906772504938775,8.745000000000001,0.0,2.0181607396774948,0.16177250493877438,False,0.0,0.0,1.7490000000000003,8.906772504938775,False
3364,9.359293097960222,9.359293097960222,8.745000000000001,0.0,6.212115406814469,0.6142930979602212,False,0.0,0.0,1.7490000000000003,9.359293097960222,False
3365,10.39660177149042,10.39660177149042,8.745000000000001,0.0,10.406070073951444,1.6516017714904194,False,0.0,0.0,1.7490000000000003,10.39660177149042,False
3366,17.202652528280648,17.202652528280648,2.379097875655679,0.0,14.600024741088419,14.823554652624969,False,2.9403368148659013,0.0,1.7490000000000003,14.262315713414747,False
3367,12.08366788583366,12.08366788583366,0.0,0.0,15.741000000000001,12.08366788583366,False,8.745000000000001,0.0,3.159135998589081,3.33866788583366,False
3368,19.921828473084542,19.921828473084542,0.0,0.0,15.741000000000001,19.921828473084542,True,8.745000000000001,0.0,7.353090665726055,11.17682847308454,False
3369,25.737473827670915,25.737473827670915,0.0,0.0,15.741000000000001,25.737473827670915,True,8.745000000000001,0.0,11.547045332863028,16.992473827670914,False
3370,7.996126712464821,7.996126712464821,0.0,0.0,15.741000000000001,7.996126712464821,False,0.0,0.0,15.741000000000001,7.996126712464821,False
3371,-12.378912326253753,-12.378912326253753,0.0,8.745000000000001,15.741000000000001,-3.6339123262537516,False,0.0,0.0,15.741000000000001,-12.378912326253753,False
3372,-34.75120957736187,-34.75120957736187,0.0,8.745000000000001,11.182353622677205,-26.00620957736187,True,0.0,8.572715544671416,15.741000000000001,-26.178494032690452,True
3373,-31.04796478491796,-31.04796478491796,0.0,8.745000000000001,6.6237072453544075,-22.302964784917958,True,0.0,8.745000000000001,11.27216310331216,-22.302964784917958,True
3374,-12.06383182908908,-12.06383182908908,0.0,0.6063098696766301,2.06506086803161,-11.45752195941245,False,0.0,8.745000000000001,6.713516725989362,-3.3188318290890795,False
3375,-4.896844068341755,-4.896844068341755,0.0,0.0,1.7490000000000003,-4.896844068341755,False,0.0,0.0,2.154870348666565,-4.896844068341755,False
3376,-4.055953719960075,-4.055953719960075,0.0,0.0,1.7490000000000003,-4.055953719960075,False,0.0,0.0,2.154870348666565,-4.055953719960075,False
3377,-4.346204822461395,-4.346204822461395,0.0,0.0,1.7490000000000003,-4.346204822461395,False,0.0,0.0,2.154870348666565,-4.346204822461395,False
3378,-4.4695341476251045,-4.4695341476251045,0.0,0.0,1.7490000000000003,-4.4695341476251045,False,0.0,0.0,2.154870348666565,-4.4695341476251045,False
3379,-5.744572403855149,-5.744572403855149,0.0,0.0,1.7490000000000003,-5.744572403855149,False,0.0,0.0,2.154870348666565,-5.744572403855149,False
3380,-7.086832579836893,-7.086832579836893,0.0,0.0,1.7490000000000003,-7.086832579836893,False,0.0,0.0,2.154870348666565,-7.086832579836893,False
3381,-0.2977151370263863,-0.2977151370263863,0.0,0.0,1.7490000000000003,-0.2977151370263863,False,0.0,0.0,2.154870348666565,-0.2977151370263863,False
3382,5.24438677126549,5.24438677126549,5.24438677126549,0.0,1.7490000000000003,0.0,False,5.24438677126549,0.0,2.154870348666565,0.0,False
3383,-2.0698310009254053,-2.0698310009254053,0.0,2.0698310009254053,4.2641195398079255,0.0,False,0.0,2.0698310009254053,4.66998988847449,0.0,False
3384,-3.5335991536440603,-3.5335991536440603,0.0,2.7550048286388464,3.185145543920102,-0.7785943250052139,False,0.0,3.5335991536440603,3.5910158925866664,0.0,False
3385,3.7047416569825433,3.7047416569825433,3.7047416569825433,0.0,1.7490000000000003,0.0,False,3.7047416569825433,0.0,1.7490000000000003,0.0,False
3386,4.3407665440289485,4.3407665440289485,4.3407665440289485,0.0,3.5257316824286686,0.0,False,4.3407665440289485,0.0,3.5257316824286686,0.0,False
3387,0.2294534093087267,0.2294534093087267,0.2294534093087267,0.0,5.607490185148192,0.0,False,0.2294534093087267,0.0,5.607490185148192,0.0,False
3388,-3.015701950323807,-3.015701950323807,0.0,3.015701950323807,5.717532174497629,0.0,False,0.0,3.015701950323807,5.717532174497629,0.0,False
3389,-0.38362599688840504,-0.38362599688840504,0.0,0.38362599688840504,4.1454888616412635,0.0,False,0.0,0.38362599688840504,4.1454888616412635,0.0,False
3390,5.003423411982486,5.003423411982486,5.003423411982486,0.0,3.945509986745646,0.0,False,0.0,0.0,3.945509986745646,5.003423411982486,False
3391,14.911176089489874,14.911176089489874,8.745000000000001,0.0,6.345067559112295,6.166176089489873,False,0.0,0.0,3.945509986745646,14.911176089489874,False
3392,17.710461877269974,17.710461877269974,8.745000000000001,0.0,10.53902222624927,8.965461877269973,False,0.0,0.0,3.945509986745646,17.710461877269974,True
3393,11.912804782051227,11.912804782051227,2.1018734743155982,0.0,14.732976893386244,9.810931307735629,False,0.0,0.0,3.945509986745646,11.912804782051227,False
3394,19.029820686050662,19.029820686050662,0.0,0.0,15.741000000000001,19.029820686050662,True,0.0,0.0,3.945509986745646,19.029820686050662,True
3395,31.955289264359422,31.955289264359422,0.0,0.0,15.741000000000001,31.955289264359422,True,7.105296886298088,0.0,3.945509986745646,24.849992378061334,True
3396,25.715230299947287,25.715230299947287,0.0,0.0,15.741000000000001,25.715230299947287,True,8.745000000000001,0.0,7.353090665726055,16.970230299947286,False
3397,12.660944971704177,12.660944971704177,0.0,0.0,15.741000000000001,12.660944971704177,False,8.745000000000001,0.0,11.547045332863028,3.9159449717041763,False
3398,4.527232123552048,4.527232123552048,0.0,0.0,15.741000000000001,4.527232123552048,False,0.0,0.0,15.741000000000001,4.527232123552048,False
3399,1.9559105760540785,1.9559105760540785,0.0,0.0,15.741000000000001,1.9559105760540785,False,0.0,0.0,15.741000000000001,1.9559105760540785,False
3400,-8.873170226562443,-8.873170226562443,0.0,8.745000000000001,15.741000000000001,-0.12817022656244248,False,0.0,0.0,15.741000000000001,-8.873170226562443,False
3401,-32.06526250370292,-32.06526250370292,0.0,8.745000000000001,11.182353622677205,-23.320262503702917,True,0.0,7.941161779529464,15.741000000000001,-24.124100724173452,True
3402,-21.008231889889334,-21.008231889889334,0.0,8.745000000000001,6.6237072453544075,-12.263231889889333,False,0.0,8.745000000000001,11.601383261522443,-12.263231889889333,False
3403,14.94715479445015,14.94715479445015,8.745000000000001,0.0,2.06506086803161,6.2021547944501485,False,8.745000000000001,0.0,7.042736884199646,6.2021547944501485,False
3404,18.27708942388045,18.27708942388045,8.745000000000001,0.0,6.259015535168584,9.53208942388045,False,8.745000000000001,0.0,11.23669155133662,9.53208942388045,False
3405,-13.563820920498918,-13.563820920498918,0.0,8.745000000000001,10.452970202305558,-4.818820920498917,False,0.0,8.745000000000001,15.430646218473594,-4.818820920498917,False
3406,-27.26916055822994,-27.26916055822994,0.0,7.952109869676631,5.89432382498276,-19.31705068855331,True,0.0,8.745000000000001,10.871999841150796,-18.52416055822994,True
3407,-20.211138974138326,-20.211138974138326,0.0,4.2595540635239357e-16,1.7490000000000006,-20.211138974138326,True,0.0,8.745000000000001,6.313353463827998,-11.466138974138325,False
3408,,0.0,0.0,0.0,1.7490000000000003,,False,0.0,0.0,1.7547070865052001,0.0,False
3409,,0.0,0.0,0.0,1.7490000000000003,,False,0.0,0.0,1.7547070865052001,0.0,False
3410,,0.0,0.0,0.0,1.7490000000000003,,False,0.0,0.0,1.7547070865052001,0.0,False
3411,,0.0,0.0,0.0,1.7490000000000003,,False,0.0,0.0,1.7547070865052001,0.0,False
3412,,0.0,0.0,0.0,1.7490000000000003,,False,0.0,0.0,1.7547070865052001,0.0,False
3413,,0.0,0.0,0.0,1.7490000000000003,,False,0.0,0.0,1.7547070865052001,0.0,False
3414,,0.0,0.0,0.0,1.7490000000000003,,False,0.0,0.0,1.7547070865052001,0.0,False
3415,,0.0,0.0,0.0,1.7490000000000003,,False,0.0,0.0,1.7547070865052001,0.0,False
3416,,0.0,0.0,0.0,1.7490000000000003,,False,0.0,0.0,1.7547070865052001,0.0,False
3417,,0.0,0.0,0.0,1.7490000000000003,,False,0.0,0.0,1.7547070865052001,0.0,False
3418,,0.0,0.0,0.0,1.7490000000000003,,False,0.0,0.0,1.7547070865052001,0.0,False
3419,,0.0,0.0,0.0,1.7490000000000003,,False,0.0,0.0,1.7547070865052001,0.0,False
3420,,0.0,0.0,0.0,1.7490000000000003,,False,0.0,0.0,1.7547070865052001,0.0,False
3421,,0.0,0.0,0.0,1.7490000000000003,,False,0.0,0.0,1.7547070865052001,0.0,False
3422,,0.0,0.0,0.0,1.7490000000000003,,False,0.0,0.0,1.7547070865052001,0.0,False
3423,,0.0,0.0,0.0,1.7490000000000003,,False,0.0,0.0,1.7547070865052001,0.0,False
3424,,0.0,0.0,0.0,1.7490000000000003,,False,0.0,0.0,1.7547070865052001,0.0,False
3425,,0.0,0.0,0.0,1.7490000000000003,,False,0.0,0.0,1.7547070865052001,0.0,False
3426,,0.0,0.0,0.0,1.7490000000000003,,False,0.0,0.0,1.7547070865052001,0.0,False
3427,,0.0,0.0,0.0,1.7490000000000003,,False,0.0,0.0,1.7547070865052001,0.0,False
3428,,0.0,0.0,0.0,1.7490000000000003,,False,0.0,0.0,1.7547070865052001,0.0,False
3429,,0.0,0.0,0.0,1.7490000000000003,,False,0.0,0.0,1.7547070865052001,0.0,False
3430,,0.0,0.0,0.0,1.7490000000000003,,False,0.0,0.0,1.7547070865052001,0.0,False
3431,,0.0,0.0,0.0,1.7490000000000003,,False,0.0,0.0,1.7547070865052001,0.0,False
3432,,0.0,0.0,0.0,1.7490000000000003,,False,0.0,0.0,1.7547070865052001,0.0,False
3433,,0.0,0.0,0.0,1.7490000000000003,,False,0.0,0.0,1.7547070865052001,0.0,False
3434,-0.010948090147163855,-0.010948090147163855,0.0,0.0,1.7490000000000003,-0.010948090147163855,False,0.0,0.010948090147163855,1.7547070865052001,0.0,False
3435,2.5429550156693153,2.5429550156693153,2.5429550156693153,0.0,1.7490000000000003,0.0,False,2.5429550156693153,0.0,1.7490000000000003,0.0,False
3436,5.286474488490736,5.286474488490736,5.286474488490736,0.0,2.9685583826513096,0.0,False,5.286474488490736,0.0,2.9685583826513096,0.0,False
3437,2.6888626233299164,2.6888626233299164,2.6888626233299164,0.0,5.503862482560545,0.0,False,2.6888626233299164,0.0,5.503862482560545,0.0,False
3438,0.4952079480419436,0.4952079480419436,0.4952079480419436,0.0,6.79339569564284,0.0,False,0.4952079480419436,0.0,6.79339569564284,0.0,False
3439,0.2050407965809373,0.2050407965809373,0.2050407965809373,0.0,7.030889084424295,0.0,False,0.2050407965809373,0.0,7.030889084424295,0.0,False
3440,-0.5350986840319295,-0.5350986840319295,0.0,0.5350986840319295,7.129223196005096,0.0,False,0.0,0.5350986840319295,7.129223196005096,0.0,False
3441,2.505747914601419,2.505747914601419,2.505747914601419,0.0,6.850283724596022,0.0,False,0.0,0.0,6.850283724596022,2.505747914601419,False
3442,3.198002946104245,3.198002946104245,3.198002946104245,0.0,8.051998208428081,0.0,False,0.0,0.0,6.850283724596022,3.198002946104245,False
3443,3.7979546832700173,3.7979546832700173,3.7979546832700173,0.0,9.58570654248545,0.0,False,0.0,0.0,6.850283724596022,3.7979546832700173,False
3444,7.740173107892454,7.740173107892454,7.740173107892454,0.0,11.407141621899402,0.0,False,0.0,0.0,6.850283724596022,7.740173107892454,False
3445,7.559273482342284,7.559273482342284,1.2965462952674556,0.0,15.119198240572203,6.2627271870748284,False,0.0,0.0,6.850283724596022,7.559273482342284,False
3446,5.471186365761235,5.471186365761235,0.0,0.0,15.741000000000001,5.471186365761235,False,0.0,0.0,6.850283724596022,5.471186365761235,False
3447,15.052543082706402,15.052543082706402,0.0,0.0,15.741000000000001,15.052543082706402,False,0.0,0.0,6.850283724596022,15.052543082706402,False
3448,17.47255949534548,17.47255949534548,0.0,0.0,15.741000000000001,17.47255949534548,False,0.0,0.0,6.850283724596022,17.47255949534548,False
3449,6.037788552161621,6.037788552161621,0.0,0.0,15.741000000000001,6.037788552161621,False,0.0,0.0,6.850283724596022,6.037788552161621,False
3450,0.05699401147429412,0.05699401147429412,0.0,0.0,15.741000000000001,0.05699401147429412,False,0.0,0.0,6.850283724596022,0.05699401147429412,False
3451,0.8291363282474926,0.8291363282474926,0.0,0.0,15.741000000000001,0.8291363282474926,False,0.0,0.0,6.850283724596022,0.8291363282474926,False
3452,7.734480177971055,7.734480177971055,0.0,0.0,15.741000000000001,7.734480177971055,False,2.67717886959852,0.0,6.850283724596022,5.057301308372535,False
3453,8.277152819921461,8.277152819921461,0.0,0.0,15.741000000000001,8.277152819921461,False,8.277152819921461,0.0,8.134213606232752,0.0,False
3454,0.7804386034343892,0.7804386034343892,0.0,0.0,15.741000000000001,0.7804386034343892,False,0.7804386034343892,0.0,12.103796647938363,0.0,False
3455,2.605670640337123,2.605670640337123,0.0,0.0,15.741000000000001,2.605670640337123,False,2.605670640337123,0.0,12.478081853574443,0.0,False
3456,10.04013078798012,10.04013078798012,0.0,0.0,15.741000000000001,10.04013078798012,False,0.0,0.0,13.727717593204364,10.04013078798012,False
3457,18.93692361300138,18.93692361300138,0.0,0.0,15.741000000000001,18.93692361300138,True,0.0,0.0,13.727717593204364,18.93692361300138,True
3458,24.530306839372063,24.530306839372063,0.0,0.0,15.741000000000001,24.530306839372063,True,0.0,0.0,13.727717593204364,24.530306839372063,True
3459,4.1979840138440965,4.1979840138440965,0.0,0.0,15.741000000000001,4.1979840138440965,False,4.1979840138440965,0.0,13.727717593204364,0.0,False
3460,-30.310996205057013,-30.310996205057013,0.0,8.745000000000001,15.741000000000001,-21.56599620505701,True,0.0,0.6063098696766263,15.741000000000001,-29.704686335380387,True
3461,-25.94086096365564,-25.94086096365564,0.0,8.745000000000001,11.182353622677205,-17.19586096365564,False,0.0,8.745000000000001,15.424939131968394,-17.19586096365564,False
3462,-4.561206060179784,-4.561206060179784,0.0,4.561206060179784,6.6237072453544075,0.0,False,0.0,0.0,10.866292754645595,-4.561206060179784,False
3463,-12.187059713412404,-12.187059713412404,0.0,4.790103809496847,4.246014222774492,-7.396955903915558,False,0.0,8.745000000000001,10.866292754645595,-3.4420597134124034,False
3464,-17.960834049396354,-17.960834049396354,0.0,4.2595540635239357e-16,1.7490000000000006,-17.960834049396354,True,0.0,8.745000000000001,6.307646377322798,-9.215834049396353,False
3465,-3.243660943665915,-3.243660943665915,0.0,0.0,1.7490000000000003,-3.243660943665915,False,0.0,0.0,1.7490000000000003,-3.243660943665915,False
3466,11.427894828288004,11.427894828288004,8.745000000000001,0.0,1.7490000000000003,2.6828948282880027,False,7.857689098793716,0.0,1.7490000000000003,3.5702057294942877,False
3467,12.55218552448525,12.55218552448525,8.745000000000001,0.0,5.942954667136974,3.8071855244852486,False,8.745000000000001,0.0,5.517415308038562,3.8071855244852486,False
3468,7.664091603116395,7.664091603116395,7.664091603116395,0.0,10.136909334273948,0.0,False,7.664091603116395,0.0,9.711369975175536,0.0,False
3469,4.90855611295579,4.90855611295579,4.0212452117495046,0.0,13.81247854505214,0.8873109012062859,False,4.90855611295579,0.0,13.386939185953729,0.0,False
3470,-5.266202411030514,-5.266202411030514,0.0,5.266202411030514,15.741000000000001,0.0,False,0.0,5.266202411030514,15.741000000000001,0.0,False
3471,-5.425149714028144,-5.425149714028144,0.0,5.425149714028144,12.995802224895046,0.0,False,0.0,5.425149714028144,12.995802224895046,0.0,False
3472,2.7579578274697094,2.7579578274697094,2.7579578274697094,0.0,10.167747440413834,0.0,False,2.7579578274697094,0.0,10.167747440413834,0.0,False
3473,0.599322978853409,0.599322978853409,0.599322978853409,0.0,11.490417549308463,0.0,False,0.599322978853409,0.0,11.490417549308463,0.0,False
3474,-6.166349951015,-6.166349951015,0.0,6.166349951015,11.777842752771548,0.0,False,0.0,0.0,11.777842752771548,-6.166349951015,False
3475,-7.5060738829922595,-7.5060738829922595,0.0,7.5060738829922595,8.563410635504637,0.0,False,0.0,0.0,11.777842752771548,-7.5060738829922595,False
3476,-9.115175715582359,-9.115175715582359,0.0,5.566232252427979,4.650599141551529,-3.5489434631543793,False,0.0,0.0,11.777842752771548,-9.115175715582359,False
3477,-12.808579259876272,-12.808579259876272,0.0,4.2595540635239357e-16,1.7490000000000006,-12.808579259876272,False,0.0,7.357892834978005,11.777842752771548,-5.450686424898267,False
3478,-6.069738744023751,-6.069738744023751,0.0,0.0,1.7490000000000003,-6.069738744023751,False,0.0,6.069738744023751,7.94227596982108,0.0,False
3479,0.2271636446841178,0.2271636446841178,0.2271636446841178,0.0,1.7490000000000003,0.0,False,0.2271636446841178,0.0,4.778205925596986,0.0,False
3480,-0.20303419181939297,-0.20303419181939297,0.0,0.20303419181939297,1.8579438568126705,0.0,False,0.0,0.20303419181939297,4.887149782409657,0.0,False
3481,-1.587140240443525,-1.587140240443525,0.0,0.00595636128999546,1.7521049679607394,-1.5811838791535295,False,0.0,1.587140240443525,4.781310893557726,0.0,False
3482,2.668946463301033,2.668946463301033,2.668946463301033,0.0,1.7490000000000003,0.0,False,2.668946463301033,0.0,3.9539568504015103,0.0,False
3483,4.060895462968653,4.060895462968653,4.060895462968653,0.0,3.028981758273309,0.0,False,4.060895462968653,0.0,5.233938608674819,0.0,False
3484,0.396206410075706,0.396206410075706,0.396206410075706,0.0,4.976518805691576,0.0,False,0.396206410075706,0.0,7.1814756560930855,0.0,False
3485,-2.458429260523505,-2.458429260523505,0.0,2.458429260523505,5.16653272480954,0.0,False,0.0,0.0,7.371489575211049,-2.458429260523505,False
3486,0.7406143286846535,0.7406143286846535,0.7406143286846535,0.0,3.884987882912474,0.0,False,0.7406143286846535,0.0,7.371489575211049,0.0,False
3487,0.4679987162836391,0.4679987162836391,0.4679987162836391,0.0,4.240174037324769,0.0,False,0.4679987162836391,0.0,7.726675729623344,0.0,False
3488,-6.992487827939216,-6.992487827939216,0.0,5.209459210285083,4.464618336967065,-1.783028617654133,False,0.0,6.992487827939216,7.95112002926564,0.0,False
3489,-4.905241271149329,-4.905241271149329,0.0,4.2595540635239357e-16,1.7490000000000006,-4.905241271149329,False,0.0,4.905241271149329,4.306033773655708,0.0,False
3490,3.273578121168402,3.273578121168402,3.273578121168402,0.0,1.7490000000000003,0.0,False,0.7224988310414775,0.0,1.7490000000000003,2.551079290126925,False
3491,4.485498399880128,4.485498399880128,4.485498399880128,0.0,3.318952914752625,0.0,False,4.485498399880128,0.0,2.095498266946531,0.0,False
3492,11.972291090034894,11.972291090034894,8.745000000000001,0.0,5.470122377144014,3.2272910900348926,False,8.745000000000001,0.0,4.246667729337919,3.2272910900348926,False
3493,16.726446373520147,16.726446373520147,8.745000000000001,0.0,9.664077044280987,7.981446373520146,False,8.745000000000001,0.0,8.440622396474893,7.981446373520146,False
3494,6.477339583944294,6.477339583944294,3.926260293817369,0.0,13.858031711417961,2.5510792901269252,False,6.477339583944294,0.0,12.634577063611868,0.0,False
3495,-7.4259819670611185,-7.4259819670611185,0.0,7.4259819670611185,15.741000000000001,0.0,False,0.0,6.509861350854093,15.741000000000001,-0.9161206162070252,False
3496,-6.473223359498824,-6.473223359498824,0.0,6.473223359498824,11.86993930334962,0.0,False,0.0,6.473223359498824,12.347500187084655,0.0,False
3497,4.200241072542584,4.200241072542584,4.200241072542584,0.0,8.495538363683455,0.0,False,4.200241072542584,0.0,8.973099247418489,0.0,False
3498,10.619383346768068,10.619383346768068,8.745000000000001,0.0,10.509903217804709,1.8743833467680666,False,8.745000000000001,0.0,10.987464101539743,1.8743833467680666,False
3499,1.166807525667109,1.166807525667109,1.166807525667109,0.0,14.703857884941684,0.0,False,1.166807525667109,0.0,15.181418768676718,0.0,False
3500,-7.3206304073850035,-7.3206304073850035,0.0,7.3206304073850035,15.263439116264967,0.0,False,0.0,0.8154442633680057,15.741000000000001,-6.505186144016998,False
3501,0.8863524601826166,0.8863524601826166,0.8863524601826166,0.0,11.447296716454247,0.0,False,0.8863524601826166,0.0,15.315920293069045,0.0,False
3502,-1.5952918864581722,-1.5952918864581722,0.0,1.5952918864581722,11.872376423385203,0.0,False,0.0,0.0,15.741000000000001,-1.5952918864581722,False
3503,-8.874193379866286,-8.874193379866286,0.0,8.745000000000001,11.040773040998126,-0.12919337986628499,False,0.0,0.0,15.741000000000001,-8.874193379866286,False
3504,-9.83362434615367,-9.83362434615367,0.0,8.745000000000001,6.482126663675328,-1.0886243461536687,False,0.0,0.0,15.741000000000001,-9.83362434615367,False
3505,-9.761820846473695,-9.761820846473695,0.0,0.334711222994438,1.9234802863525307,-9.427109623479257,False,0.0,0.0,15.741000000000001,-9.761820846473695,False
3506,-8.65819609803415,-8.65819609803415,0.0,0.0,1.7490000000000003,-8.65819609803415,False,0.0,5.268329505814244,15.741000000000001,-3.3898665922199056,False
3507,-2.689595445952672,-2.689595445952672,0.0,0.0,1.7490000000000003,-2.689595445952672,False,0.0,2.689595445952672,12.994693400088863,0.0,False
3508,-1.836849461698413,-1.836849461698413,0.0,0.0,1.7490000000000003,-1.836849461698413,False,0.0,1.836849461698413,11.592644853930368,0.0,False
3509,-1.904061539065124,-1.904061539065124,0.0,0.0,1.7490000000000003,-1.904061539065124,False,0.0,1.904061539065124,10.635120880887623,0.0,False
3510,-4.53512748278143,-4.53512748278143,0.0,0.0,1.7490000000000003,-4.53512748278143,False,0.0,4.53512748278143,9.642560190520681,0.0,False
3511,-6.150164496513645,-6.150164496513645,0.0,0.0,1.7490000000000003,-6.150164496513645,False,0.0,6.150164496513645,7.278461566154916,0.0,False
3512,-1.6126732786216973,-1.6126732786216973,0.0,0.0,1.7490000000000003,-1.6126732786216973,False,0.0,1.6126732786216973,4.072466700291999,0.0,False
3513,-0.7450893563784786,-0.7450893563784786,0.0,0.0,1.7490000000000003,-0.7450893563784786,False,0.0,0.7450893563784786,3.2318026408987364,0.0,False
3514,-0.5926814493988966,-0.5926814493988966,0.0,0.0,1.7490000000000003,-0.5926814493988966,False,0.0,0.5926814493988966,2.843397964485183,0.0,False
3515,-0.03733133374123294,-0.03733133374123294,0.0,0.0,1.7490000000000003,-0.03733133374123294,False,0.0,0.03733133374123294,2.534441401625411,0.0,False
3516,-0.5858329001769266,-0.5858329001769266,0.0,0.0,1.7490000000000003,-0.5858329001769266,False,0.0,0.5858329001769266,2.5149810986728554,0.0,False
3517,-0.8798671811039328,-0.8798671811039328,0.0,0.0,1.7490000000000003,-0.8798671811039328,False,0.0,0.8798671811039328,2.209594588883484,0.0,False
3518,-0.003706438429935877,-0.003706438429935877,0.0,0.0,1.7490000000000003,-0.003706438429935877,False,0.0,0.003706438429935877,1.750932114593642,0.0,False
3519,0.9916833381701531,0.9916833381701531,0.9916833381701531,0.0,1.7490000000000003,0.0,False,0.9916833381701531,0.0,1.7490000000000003,0.0,False
3520,1.5258140929419433,1.5258140929419433,1.5258140929419433,0.0,2.2245946214340413,0.0,False,1.5258140929419433,0.0,2.2245946214340413,0.0,False
3521,29.85861465594609,29.85861465594609,8.745000000000001,0.0,2.9563493539986188,21.11361465594609,True,8.745000000000001,0.0,2.9563493539986188,21.11361465594609,True
3522,67.92062283524132,67.92062283524132,8.745000000000001,0.0,7.150304021135593,59.17562283524131,True,8.745000000000001,0.0,7.150304021135593,59.17562283524131,True
3523,36.73144146938739,36.73144146938739,8.745000000000001,0.0,11.344258688272568,27.98644146938739,True,8.745000000000001,0.0,11.344258688272568,27.98644146938739,True
3524,-24.706878613895963,-24.706878613895963,0.0,8.745000000000001,15.538213355409543,-15.961878613895962,False,0.0,0.0,15.538213355409543,-24.706878613895963,True
3525,-35.219446504722406,-35.219446504722406,0.0,8.745000000000001,10.979566978086744,-26.474446504722405,True,0.0,8.361176736706899,15.538213355409543,-26.858269768015507,True
3526,-9.26746290271495,-9.26746290271495,0.0,8.745000000000001,6.420920600763947,-0.522462902714949,False,0.0,8.745000000000001,11.179648685204334,-0.522462902714949,False
3527,13.286880430337648,13.286880430337648,8.745000000000001,0.0,1.8622742234411493,4.541880430337647,False,8.745000000000001,0.0,6.621002307881537,4.541880430337647,False
3528,12.192189471771695,12.192189471771695,8.745000000000001,0.0,6.056228890578123,3.4471894717716935,False,8.745000000000001,0.0,10.81495697501851,3.4471894717716935,False
3529,1.5265097497395517,1.5265097497395517,1.5265097497395517,0.0,10.250183557715097,0.0,False,1.5265097497395517,0.0,15.008911642155486,0.0,False
3530,-1.3935960141398145,-1.3935960141398145,0.0,1.3935960141398145,10.982271915559613,0.0,False,0.0,0.0,15.741000000000001,-1.3935960141398145,False
3531,-8.181784438122877,-8.181784438122877,0.0,8.181784438122877,10.255809774758017,0.0,False,0.0,0.0,15.741000000000001,-8.181784438122877,False
3532,-13.934364197142134,-13.934364197142134,0.0,8.137106154120831,5.990759804616806,-5.797258043021303,False,0.0,0.6063098696766263,15.741000000000001,-13.328054327465509,False
3533,-8.850339916046595,-8.850339916046595,0.0,4.2595540635239357e-16,1.7490000000000006,-8.850339916046595,False,0.0,8.745000000000001,15.424939131968394,-0.10533991604659398,False
3534,-1.4148662344897873,-1.4148662344897873,0.0,0.0,1.7490000000000003,-1.4148662344897873,False,0.0,0.0,10.866292754645595,-1.4148662344897873,False
3535,-4.220130473177363,-4.220130473177363,0.0,0.0,1.7490000000000003,-4.220130473177363,False,0.0,0.0,10.866292754645595,-4.220130473177363,False
3536,-13.123168905802103,-13.123168905802103,0.0,0.0,1.7490000000000003,-13.123168905802103,False,0.0,8.745000000000001,10.866292754645595,-4.378168905802102,False
3537,-10.852112245833107,-10.852112245833107,0.0,0.0,1.7490000000000003,-10.852112245833107,False,0.0,8.745000000000001,6.307646377322798,-2.1071122458331057,False
3538,0.5186250413499897,0.5186250413499897,0.5186250413499897,0.0,1.7490000000000003,0.0,False,0.0,0.0,1.7490000000000003,0.5186250413499897,False
3539,14.249074785035424,14.249074785035424,8.745000000000001,0.0,1.9977238322085646,5.504074785035423,False,0.0,0.0,1.7490000000000003,14.249074785035424,False
3540,17.950638807693018,17.950638807693018,8.745000000000001,0.0,6.191678499345539,9.205638807693017,False,4.291408533254532,0.0,1.7490000000000003,13.659230274438485,False
3541,16.59874284935999,16.59874284935999,8.745000000000001,0.0,10.385633166482513,7.853742849359989,False,8.745000000000001,0.0,3.807087232319529,7.853742849359989,False
3542,22.08899659515293,22.08899659515293,2.4217117735159053,0.0,14.579587833619488,19.667284821637026,True,8.745000000000001,0.0,8.001041899456503,13.34399659515293,False
3543,0.9339019796213955,0.9339019796213955,0.0,0.0,15.741000000000001,0.9339019796213955,False,0.0,0.0,12.194996566593478,0.9339019796213955,False
3544,-16.619881021719475,-16.619881021719475,0.0,8.745000000000001,15.741000000000001,-7.8748810217194745,False,0.0,8.745000000000001,12.194996566593478,-7.8748810217194745,False
3545,-6.976672501331747,-6.976672501331747,0.0,6.976672501331747,11.182353622677205,0.0,False,0.0,6.976672501331747,7.636350189270681,0.0,False
3546,-4.317223349262427,-4.317223349262427,0.0,4.317223349262427,7.545511675968966,0.0,False,0.0,4.317223349262427,3.9995082425624426,0.0,False
3547,0.06679354645113694,0.06679354645113694,0.06679354645113694,0.0,5.295003433406524,0.0,False,0.0,0.0,1.7490000000000003,0.06679354645113694,False
3548,4.284556775189603,4.284556775189603,4.284556775189603,0.0,5.327036492968946,0.0,False,0.0,0.0,1.7490000000000003,4.284556775189603,False
3549,3.654306582879912,3.654306582879912,3.654306582879912,0.0,7.381837737556685,0.0,False,0.37219956072937616,0.0,1.7490000000000003,3.282107022150536,False
3550,1.6892400964914118,1.6892400964914118,1.6892400964914118,0.0,9.134381608159153,0.0,False,1.6892400964914118,0.0,1.9275006386309093,0.0,False
3551,2.335552921181499,2.335552921181499,2.335552921181499,0.0,9.944512698678887,0.0,False,2.335552921181499,0.0,2.7376317291506425,0.0,False
3552,10.250248873520148,10.250248873520148,8.745000000000001,0.0,11.06460453105562,1.5052488735201468,False,8.745000000000001,0.0,3.8577235615273766,1.5052488735201468,False
3553,14.013320150559002,14.013320150559002,1.005958611060971,0.0,15.258559198192593,13.007361539498032,False,8.745000000000001,0.0,8.05167822866435,5.268320150559001,False
3554,7.2883442364636135,7.2883442364636135,0.0,0.0,15.741000000000001,7.2883442364636135,False,7.2883442364636135,0.0,12.245632895801325,0.0,False
3555,-1.1558982628760905,-1.1558982628760905,0.0,1.1558982628760905,15.741000000000001,0.0,False,0.0,1.1558982628760905,15.741000000000001,0.0,False
3556,-9.821182976876889,-9.821182976876889,0.0,8.745000000000001,15.138446377517004,-1.076182976876888,False,0.0,8.745000000000001,15.138446377517004,-1.076182976876888,False
3557,-4.472345632985676,-4.472345632985676,0.0,4.472345632985676,10.579800000194208,0.0,False,0.0,4.472345632985676,10.579800000194208,0.0,False
3558,10.568970747058515,10.568970747058515,8.745000000000001,0.0,8.248428677387395,1.8239707470585138,False,8.745000000000001,0.0,8.248428677387395,1.8239707470585138,False
3559,-0.37227913929974205,-0.37227913929974205,0.0,0.37227913929974205,12.44238334452437,0.0,False,0.0,0.37227913929974205,12.44238334452437,0.0,False
3560,-4.384691127506104,-4.384691127506104,0.0,4.384691127506104,12.248319428032476,0.0,False,0.0,4.384691127506104,12.248319428032476,0.0,False
3561,1.5927960919887914,1.5927960919887914,1.5927960919887914,0.0,9.962641174849502,0.0,False,1.5927960919887914,0.0,9.962641174849502,0.0,False
3562,-4.201822150468531,-4.201822150468531,0.0,4.201822150468531,10.726519345666416,0.0,False,0.0,0.0,10.726519345666416,-4.201822150468531,False
3563,-3.7849352761010615,-3.7849352761010615,0.0,3.7849352761010615,8.536168136473957,0.0,False,0.0,0.0,10.726519345666416,-3.7849352761010615,False
3564,-4.242178115140263,-4.242178115140263,0.0,4.242178115140263,6.563134233123544,0.0,False,0.0,0.0,10.726519345666416,-4.242178115140263,False
3565,-5.109535777961461,-5.109535777961461,0.0,4.992932569928856,4.351746023113,-0.11660320803260493,False,0.0,0.0,10.726519345666416,-5.109535777961461,False
3566,-4.457842216281143,-4.457842216281143,0.0,4.2595540635239357e-16,1.7490000000000006,-4.457842216281143,False,0.0,0.0,10.726519345666416,-4.457842216281143,False
3567,-2.8456149564192934,-2.8456149564192934,0.0,0.0,1.7490000000000003,-2.8456149564192934,False,0.0,0.0,10.726519345666416,-2.8456149564192934,False
3568,-1.769460562453036,-1.769460562453036,0.0,0.0,1.7490000000000003,-1.769460562453036,False,0.0,0.0,10.726519345666416,-1.769460562453036,False
3569,-2.1788749197424035,-2.1788749197424035,0.0,0.0,1.7490000000000003,-2.1788749197424035,False,0.0,0.0,10.726519345666416,-2.1788749197424035,False
3570,-8.241638556601927,-8.241638556601927,0.0,0.0,1.7490000000000003,-8.241638556601927,False,0.0,0.0,10.726519345666416,-8.241638556601927,False
3571,-9.670504851350355,-9.670504851350355,0.0,0.0,1.7490000000000003,-9.670504851350355,False,0.0,0.0,10.726519345666416,-9.670504851350355,False
3572,-4.574638576426288,-4.574638576426288,0.0,0.0,1.7490000000000003,-4.574638576426288,False,0.0,0.0,10.726519345666416,-4.574638576426288,False
3573,-2.677871985746133,-2.677871985746133,0.0,0.0,1.7490000000000003,-2.677871985746133,False,0.0,0.0,10.726519345666416,-2.677871985746133,False
3574,-1.3839807079719606,-1.3839807079719606,0.0,0.0,1.7490000000000003,-1.3839807079719606,False,0.0,0.0,10.726519345666416,-1.3839807079719606,False
3575,-0.08501694743575718,-0.08501694743575718,0.0,0.0,1.7490000000000003,-0.08501694743575718,False,0.0,0.0,10.726519345666416,-0.08501694743575718,False
3576,-0.5536474433947217,-0.5536474433947217,0.0,0.0,1.7490000000000003,-0.5536474433947217,False,0.0,0.0,10.726519345666416,-0.5536474433947217,False
3577,-0.9281011927264591,-0.9281011927264591,0.0,0.0,1.7490000000000003,-0.9281011927264591,False,0.0,0.0,10.726519345666416,-0.9281011927264591,False
3578,-1.0411071835146226,-1.0411071835146226,0.0,0.0,1.7490000000000003,-1.0411071835146226,False,0.0,0.0,10.726519345666416,-1.0411071835146226,False
3579,-1.0436116896534195,-1.0436116896534195,0.0,0.0,1.7490000000000003,-1.0436116896534195,False,0.0,0.0,10.726519345666416,-1.0436116896534195,False
3580,-0.8819171561971906,-0.8819171561971906,0.0,0.0,1.7490000000000003,-0.8819171561971906,False,0.0,0.0,10.726519345666416,-0.8819171561971906,False
3581,-1.0615392585403358,-1.0615392585403358,0.0,0.0,1.7490000000000003,-1.0615392585403358,False,0.0,0.0,10.726519345666416,-1.0615392585403358,False
3582,-1.1838884142073292,-1.1838884142073292,0.0,0.0,1.7490000000000003,-1.1838884142073292,False,0.0,0.0,10.726519345666416,-1.1838884142073292,False
3583,-1.001395240503769,-1.001395240503769,0.0,0.0,1.7490000000000003,-1.001395240503769,False,0.0,0.0,10.726519345666416,-1.001395240503769,False
3584,-1.2478856337076139,-1.2478856337076139,0.0,0.0,1.7490000000000003,-1.2478856337076139,False,0.0,0.0,10.726519345666416,-1.2478856337076139,False
3585,-1.2913611149731683,-1.2913611149731683,0.0,0.0,1.7490000000000003,-1.2913611149731683,False,0.0,0.0,10.726519345666416,-1.2913611149731683,False
3586,-0.7099764577357569,-0.7099764577357569,0.0,0.0,1.7490000000000003,-0.7099764577357569,False,0.0,0.0,10.726519345666416,-0.7099764577357569,False
3587,4.685192127335962,4.685192127335962,4.685192127335962,0.0,1.7490000000000003,0.0,False,4.685192127335962,0.0,10.726519345666416,0.0,False
3588,0.3305407808308079,0.3305407808308079,0.3305407808308079,0.0,3.9959392097054396,0.0,False,0.3305407808308079,0.0,12.973458555371856,0.0,False
3589,-7.987745149910956,-7.987745149910956,0.0,4.6144742755134285,4.154460999350318,-3.3732708743975275,False,0.0,5.034562882534415,13.131980345016736,-2.9531822673765413,False
3590,-4.102281801608194,-4.102281801608194,0.0,4.2595540635239357e-16,1.7490000000000006,-4.102281801608194,False,0.0,4.102281801608194,10.507533021303834,0.0,False
3591,-1.0777888595069032,-1.0777888595069032,0.0,0.0,1.7490000000000003,-1.0777888595069032,False,0.0,1.0777888595069032,8.3690708059055,0.0,False
3592,-1.6730608071445798,-1.6730608071445798,0.0,0.0,1.7490000000000003,-1.6730608071445798,False,0.0,1.6730608071445798,7.807234524612188,0.0,False
3593,-2.224557000758763,-2.224557000758763,0.0,0.0,1.7490000000000003,-2.224557000758763,False,0.0,2.224557000758763,6.935091289903166,0.0,False
3594,-2.084216422693793,-2.084216422693793,0.0,0.0,1.7490000000000003,-2.084216422693793,False,0.0,2.084216422693793,5.775460791028723,0.0,False
3595,0.24016285113399385,0.24016285113399385,0.24016285113399385,0.0,1.7490000000000003,0.0,False,0.24016285113399385,0.0,4.688987875663401,0.0,False
3596,2.6584719969396504,2.6584719969396504,2.6584719969396504,0.0,1.864178057219707,0.0,False,2.6584719969396504,0.0,4.804165932883108,0.0,False
3597,-2.669547762627294,-2.669547762627294,0.0,2.6667440602277526,3.139136437896436,-0.002803702399541308,False,0.0,2.669547762627294,6.079124313559837,0.0,False
3598,-5.637070910505951,-5.637070910505951,0.0,0.0,1.7490000000000003,-5.637070910505951,False,0.0,5.637070910505951,4.687526344755824,0.0,False
3599,3.9291920215334595,3.9291920215334595,3.9291920215334595,0.0,1.7490000000000003,0.0,False,3.9291920215334595,0.0,1.7490000000000003,0.0,False
3600,14.003069203842461,14.003069203842461,8.745000000000001,0.0,3.6333742958019,5.25806920384246,False,8.745000000000001,0.0,3.6333742958019,5.25806920384246,False
3601,13.596849008739104,13.596849008739104,8.745000000000001,0.0,7.827328962938874,4.851849008739103,False,8.745000000000001,0.0,7.827328962938874,4.851849008739103,False
3602,4.302664839687691,4.302664839687691,4.302664839687691,0.0,12.021283630075848,0.0,False,4.302664839687691,0.0,12.021283630075848,0.0,False
3603,-7.920750046631413,-7.920750046631413,0.0,7.920750046631413,14.084769197318199,0.0,False,0.0,4.459264372821782,14.084769197318199,-3.461485673809632,False
3604,-16.962521071337772,-16.962521071337772,0.0,8.745000000000001,9.955792810153458,-8.21752107133777,False,0.0,8.745000000000001,11.760216952756892,-8.21752107133777,False
3605,-12.81475517062649,-12.81475517062649,0.0,6.998358265692051,5.39714643283066,-5.8163969049344395,False,0.0,8.745000000000001,7.201570575434094,-4.06975517062649,False
3606,-1.7148439395016806,-1.7148439395016806,0.0,4.2595540635239357e-16,1.7490000000000006,-1.7148439395016801,False,0.0,1.7148439395016806,2.642924198111297,0.0,False
3607,5.351863079302592,5.351863079302592,5.351863079302592,0.0,1.7490000000000003,0.0,False,5.351863079302592,0.0,1.7490000000000003,0.0,False
3608,-4.1833891254852205,-4.1833891254852205,0.0,4.1833891254852205,4.315663366417286,0.0,False,0.0,0.0,4.315663366417286,-4.1833891254852205,False
3609,-10.601755027485783,-10.601755027485783,0.0,0.7403249074731643,2.1349210357340627,-9.861430120012619,False,0.0,0.0,4.315663366417286,-10.601755027485783,False
3610,-0.49913659438171576,-0.49913659438171576,0.0,0.0,1.7490000000000003,-0.49913659438171576,False,0.0,0.0,4.315663366417286,-0.49913659438171576,False
3611,,0.0,0.0,0.0,1.7490000000000003,,False,0.0,0.0,4.315663366417286,0.0,False
3612,,0.0,0.0,0.0,1.7490000000000003,,False,0.0,0.0,4.315663366417286,0.0,False
3613,,0.0,0.0,0.0,1.7490000000000003,,False,0.0,0.0,4.315663366417286,0.0,False
3614,,0.0,0.0,0.0,1.7490000000000003,,False,0.0,0.0,4.315663366417286,0.0,False
3615,,0.0,0.0,0.0,1.7490000000000003,,False,0.0,0.0,4.315663366417286,0.0,False
3616,,0.0,0.0,0.0,1.7490000000000003,,False,0.0,0.0,4.315663366417286,0.0,False
3617,,0.0,0.0,0.0,1.7490000000000003,,False,0.0,0.0,4.315663366417286,0.0,False
3618,,0.0,0.0,0.0,1.7490000000000003,,False,0.0,0.0,4.315663366417286,0.0,False
3619,,0.0,0.0,0.0,1.7490000000000003,,False,0.0,0.0,4.315663366417286,0.0,False
3620,,0.0,0.0,0.0,1.7490000000000003,,False,0.0,0.0,4.315663366417286,0.0,False
3621,,0.0,0.0,0.0,1.7490000000000003,,False,0.0,0.0,4.315663366417286,0.0,False
3622,,0.0,0.0,0.0,1.7490000000000003,,False,0.0,0.0,4.315663366417286,0.0,False
3623,,0.0,0.0,0.0,1.7490000000000003,,False,0.0,0.0,4.315663366417286,0.0,False
3624,,0.0,0.0,0.0,1.7490000000000003,,False,0.0,0.0,4.315663366417286,0.0,False
3625,,0.0,0.0,0.0,1.7490000000000003,,False,0.0,0.0,4.315663366417286,0.0,False
3626,,0.0,0.0,0.0,1.7490000000000003,,False,0.0,0.0,4.315663366417286,0.0,False
3627,,0.0,0.0,0.0,1.7490000000000003,,False,0.0,0.0,4.315663366417286,0.0,False
3628,,0.0,0.0,0.0,1.7490000000000003,,False,0.0,0.0,4.315663366417286,0.0,False
3629,,0.0,0.0,0.0,1.7490000000000003,,False,0.0,0.0,4.315663366417286,0.0,False
3630,,0.0,0.0,0.0,1.7490000000000003,,False,0.0,0.0,4.315663366417286,0.0,False
3631,,0.0,0.0,0.0,1.7490000000000003,,False,0.0,0.0,4.315663366417286,0.0,False
3632,,0.0,0.0,0.0,1.7490000000000003,,False,0.0,0.0,4.315663366417286,0.0,False
3633,,0.0,0.0,0.0,1.7490000000000003,,False,0.0,0.0,4.315663366417286,0.0,False
3634,,0.0,0.0,0.0,1.7490000000000003,,False,0.0,0.0,4.315663366417286,0.0,False
3635,,0.0,0.0,0.0,1.7490000000000003,,False,0.0,0.0,4.315663366417286,0.0,False
3636,,0.0,0.0,0.0,1.7490000000000003,,False,0.0,0.0,4.315663366417286,0.0,False
3637,0.15760933329259955,0.15760933329259955,0.15760933329259955,0.0,1.7490000000000003,0.0,False,0.15760933329259955,0.0,4.315663366417286,0.0,False
3638,-1.460460394281219,-1.460460394281219,0.0,0.14500058662919157,1.8245867808972953,-1.3154598076520276,False,0.0,1.460460394281219,4.39125014731458,0.0,False
3639,0.2590667889840722,0.2590667889840722,0.2590667889840722,0.0,1.7490000000000003,0.0,False,0.2590667889840722,0.0,3.6299325388967985,0.0,False
3640,-2.080530648462636,-2.080530648462636,0.0,0.23834144586534642,1.8732440673253221,-1.8421892025972897,False,0.0,0.0,3.7541766062221202,-2.080530648462636,False
3641,-6.23705596574085,-6.23705596574085,0.0,0.0,1.7490000000000003,-6.23705596574085,False,0.0,0.0,3.7541766062221202,-6.23705596574085,False
3642,-6.6221791769638845,-6.6221791769638845,0.0,0.0,1.7490000000000003,-6.6221791769638845,False,0.0,0.0,3.7541766062221202,-6.6221791769638845,False
3643,-3.161490364996961,-3.161490364996961,0.0,0.0,1.7490000000000003,-3.161490364996961,False,0.0,1.4356618166455748,3.7541766062221202,-1.725828548351386,False
3644,5.496664632007036,5.496664632007036,5.496664632007036,0.0,1.7490000000000003,0.0,False,5.496664632007036,0.0,3.0057861500172014,0.0,False
3645,6.368622112245528,6.368622112245528,6.368622112245528,0.0,4.385107751525745,0.0,False,6.368622112245528,0.0,5.641893901542947,0.0,False
3646,-3.6425971617358837,-3.6425971617358837,0.0,3.6425971617358837,7.439391620123099,0.0,False,0.0,3.6425971617358837,8.6961777701403,0.0,False
3647,-8.42868007524119,-8.42868007524119,0.0,7.273466642976475,5.540556588059796,-1.1552134322647145,False,0.0,8.42868007524119,6.797342738076996,0.0,False
3648,-1.2557204222614136,-1.2557204222614136,0.0,4.2595540635239357e-16,1.7490000000000006,-1.2557204222614131,False,0.0,1.2557204222614136,2.403589520168353,0.0,False
3649,2.354810940033907,2.354810940033907,2.354810940033907,0.0,1.7490000000000003,0.0,False,2.354810940033907,0.0,1.7490000000000003,0.0,False
3650,-3.212888952185215,-3.212888952185215,0.0,2.166426064831194,2.878327653765627,-1.046462887354021,False,0.0,0.0,2.878327653765627,-3.212888952185215,False
3651,-5.932498644030738,-5.932498644030738,0.0,0.0,1.7490000000000003,-5.932498644030738,False,0.0,2.166426064831194,2.878327653765627,-3.7660725791995437,False
3652,2.989642585470825,2.989642585470825,2.989642585470825,0.0,1.7490000000000003,0.0,False,2.989642585470825,0.0,1.7490000000000003,0.0,False
3653,13.713779340752755,13.713779340752755,8.745000000000001,0.0,3.182782215483913,4.968779340752754,False,8.745000000000001,0.0,3.182782215483913,4.968779340752754,False
3654,13.763287717798903,13.763287717798903,8.745000000000001,0.0,7.376736882620887,5.018287717798902,False,8.745000000000001,0.0,7.376736882620887,5.018287717798902,False
3655,4.951732307888132,4.951732307888132,4.951732307888132,0.0,11.57069154975786,0.0,False,4.951732307888132,0.0,11.57069154975786,0.0,False
3656,-2.6044734635226208,-2.6044734635226208,0.0,2.6044734635226208,13.945458939475456,0.0,False,0.0,2.6044734635226208,13.945458939475456,0.0,False
3657,-1.277794298924405,-1.277794298924405,0.0,1.277794298924405,12.587783294041408,0.0,False,0.0,1.277794298924405,12.587783294041408,0.0,False
3658,4.974672804144389,4.974672804144389,4.974672804144389,0.0,11.921686970227176,0.0,False,0.0,0.0,11.921686970227176,4.974672804144389,False
3659,6.488266336535379,6.488266336535379,2.989145380891927,0.0,14.30745623545539,3.4991209556434524,False,1.347120748658043,0.0,11.921686970227176,5.141145587877336,False
3660,6.6166974363782725,6.6166974363782725,0.0,0.0,15.741000000000001,6.6166974363782725,False,6.6166974363782725,0.0,12.567743385439464,0.0,False
3661,-4.221925801154115,-4.221925801154115,0.0,4.221925801154115,15.741000000000001,0.0,False,0.0,0.0,15.741000000000001,-4.221925801154115,False
3662,-16.026390891187997,-16.026390891187997,0.0,8.745000000000001,13.540169038449761,-7.281390891187996,False,0.0,0.8953081032627128,15.741000000000001,-15.131082787925285,False
3663,-11.89098275850918,-11.89098275850918,0.0,8.745000000000001,8.981522661126963,-3.145982758509179,False,0.0,8.745000000000001,15.274288388619063,-3.145982758509179,False
3664,-11.336013475377538,-11.336013475377538,0.0,5.129384068522513,4.4228762838041655,-6.206629406855025,False,0.0,8.745000000000001,10.715642011296264,-2.5910134753775367,False
3665,-8.456001766413916,-8.456001766413916,0.0,4.2595540635239357e-16,1.7490000000000006,-8.456001766413916,False,0.0,8.456001766413916,6.156995633973468,0.0,False
3666,3.5459284133024163,3.5459284133024163,3.5459284133024163,0.0,1.7490000000000003,0.0,False,3.5459284133024163,0.0,1.7490000000000003,0.0,False
3667,5.1307815125913425,5.1307815125913425,5.1307815125913425,0.0,3.4495675263925984,0.0,False,5.1307815125913425,0.0,3.4495675263925984,0.0,False
3668,-3.108237421756732,-3.108237421756732,0.0,3.108237421756732,5.910203898124166,0.0,False,0.0,3.108237421756732,5.910203898124166,0.0,False
3669,-0.7831224132544801,-0.7831224132544801,0.0,0.7831224132544801,4.289923136254472,0.0,False,0.0,0.7831224132544801,4.289923136254472,0.0,False
3670,6.508678682192132,6.508678682192132,6.508678682192132,0.0,3.881692358417671,0.0,False,0.0,0.0,3.881692358417671,6.508678682192132,False
3671,18.189348343890547,18.189348343890547,8.745000000000001,0.0,7.003144998334722,9.444348343890546,False,3.2995023723405232,0.0,3.881692358417671,14.889845971550024,False
3672,1.7589614354735597,1.7589614354735597,1.7589614354735597,0.0,11.197099665471697,0.0,False,1.7589614354735597,0.0,5.464078107269249,0.0,False
3673,-13.956087403313811,-13.956087403313811,0.0,8.745000000000001,12.040667935525246,-5.21108740331381,False,0.0,8.745000000000001,6.307646377322798,-5.21108740331381,False
3674,0.5468771898862151,0.5468771898862151,0.5468771898862151,0.0,7.482021558202448,0.0,False,0.0,0.0,1.7490000000000003,0.5468771898862151,False
3675,9.491508116047338,9.491508116047338,8.745000000000001,0.0,7.744294644866147,0.7465081160473375,False,0.0,0.0,1.7490000000000003,9.491508116047338,False
3676,24.081229987983573,24.081229987983573,7.929283315128075,0.0,11.938249312003121,16.151946672855498,False,0.0,0.0,1.7490000000000003,24.081229987983573,True
3677,33.03401465893535,33.03401465893535,0.0,0.0,15.741000000000001,33.03401465893535,True,0.0,0.0,1.7490000000000003,33.03401465893535,True
3678,26.63972888856333,26.63972888856333,0.0,0.0,15.741000000000001,26.63972888856333,True,0.02335807515306946,0.0,1.7490000000000003,26.61637081341026,True
3679,14.323405560824902,14.323405560824902,0.0,0.0,15.741000000000001,14.323405560824902,False,8.745000000000001,0.0,1.7602021393143001,5.578405560824901,False
3680,3.6250260340998186,3.6250260340998186,0.0,0.0,15.741000000000001,3.6250260340998186,False,0.0,0.0,5.954156806451274,3.6250260340998186,False
3681,-4.981974795671845,-4.981974795671845,0.0,4.981974795671845,15.741000000000001,0.0,False,0.0,4.981974795671845,5.954156806451274,0.0,False
3682,4.98501714639328,4.98501714639328,4.98501714639328,0.0,13.143966111583428,0.0,False,4.98501714639328,0.0,3.3571229180347,0.0,False
3683,12.277381413402013,12.277381413402013,0.43017284890220403,0.0,15.534696349076158,11.847208564499809,False,8.745000000000001,0.0,5.747853155527431,3.532381413402012,False
3684,10.586755250255386,10.586755250255386,0.0,0.0,15.741000000000001,10.586755250255386,False,8.745000000000001,0.0,9.941807822664405,1.8417552502553853,False
3685,3.3471515886150303,3.3471515886150303,0.0,0.0,15.741000000000001,3.3471515886150303,False,3.3471515886150303,0.0,14.13576248980138,0.0,False
3686,-15.833064762691109,-15.833064762691109,0.0,8.745000000000001,15.741000000000001,-7.088064762691108,False,0.0,8.745000000000001,15.741000000000001,-7.088064762691108,False
3687,-3.722481823536245,-3.722481823536245,0.0,3.722481823536245,11.182353622677205,0.0,False,0.0,3.722481823536245,11.182353622677205,0.0,False
3688,15.718343042629758,15.718343042629758,8.745000000000001,0.0,9.241875831995277,6.973343042629757,False,0.0,0.0,9.241875831995277,15.718343042629758,False
3689,4.525420180265228,4.525420180265228,4.525420180265228,0.0,13.435830499132251,0.0,False,4.525420180265228,0.0,9.241875831995277,0.0,False
3690,6.603390321998238,6.603390321998238,0.2811904974915569,0.0,15.606145774807402,6.322199824506681,False,6.603390321998238,0.0,11.412191107670427,0.0,False
3691,11.322590491072066,11.322590491072066,0.0,0.0,15.741000000000001,11.322590491072066,False,2.4228001754933226,0.0,14.579065854368155,8.899790315578745,False
3692,-5.6341178452138525,-5.6341178452138525,0.0,5.6341178452138525,15.741000000000001,0.0,False,0.0,0.0,15.741000000000001,-5.6341178452138525,False
3693,-14.503307393281318,-14.503307393281318,0.0,8.745000000000001,12.804013046941813,-5.758307393281317,False,0.0,0.0,15.741000000000001,-14.503307393281318,False
3694,-15.23923970248837,-15.23923970248837,0.0,8.745000000000001,8.245366669619017,-6.494239702488368,False,0.0,1.3705692095891322,15.741000000000001,-13.868670492899238,False
3695,-11.346843596823259,-11.346843596823259,0.0,3.717192024462778,3.6867202922962194,-7.629651572360482,False,0.0,8.745000000000001,15.026541410844636,-2.601843596823258,False
3696,-8.028104188415053,-8.028104188415053,0.0,0.0,1.7490000000000003,-8.028104188415053,False,0.0,8.028104188415053,10.467895033521838,0.0,False
3697,-7.6092173554100695,-7.6092173554100695,0.0,0.0,1.7490000000000003,-7.6092173554100695,False,0.0,7.6092173554100695,6.282956431430556,0.0,False
3698,-1.0884191162623724,-1.0884191162623724,0.0,0.0,1.7490000000000003,-1.0884191162623724,False,0.0,1.0884191162623724,2.3163776856899196,0.0,False
3699,5.3746942643084346,5.3746942643084346,5.3746942643084346,0.0,1.7490000000000003,0.0,False,0.0,0.0,1.7490000000000003,5.3746942643084346,False
3700,1.9999017956694776,1.9999017956694776,1.9999017956694776,0.0,4.326612818093846,0.0,False,0.0,0.0,1.7490000000000003,1.9999017956694776,False
3701,12.070863603205517,12.070863603205517,8.745000000000001,0.0,5.285732025613985,3.3258636032055158,False,0.0,0.0,1.7490000000000003,12.070863603205517,False
3702,24.68730402966236,24.68730402966236,8.745000000000001,0.0,9.47968669275096,15.94230402966236,False,0.0,0.0,1.7490000000000003,24.68730402966236,True
3703,25.409573307058036,25.409573307058036,4.310740754887985,0.0,13.673641359887934,21.09883255217005,True,0.0,0.0,1.7490000000000003,25.409573307058036,True
3704,19.29144186033433,19.29144186033433,0.0,0.0,15.741000000000001,19.29144186033433,True,5.919299529186046,0.0,1.7490000000000003,13.372142331148286,False
3705,4.00518607730919,4.00518607730919,0.0,0.0,15.741000000000001,4.00518607730919,False,4.00518607730919,0.0,4.587796327800058,0.0,False
3706,1.7608512083706656,1.7608512083706656,0.0,0.0,15.741000000000001,1.7608512083706656,False,1.7608512083706656,0.0,6.508616092429321,0.0,False
3707,14.917050476086967,14.917050476086967,0.0,0.0,15.741000000000001,14.917050476086967,False,8.745000000000001,0.0,7.353090665726055,6.172050476086966,False
3708,10.03084632761521,10.03084632761521,0.0,0.0,15.741000000000001,10.03084632761521,False,8.745000000000001,0.0,11.547045332863028,1.285846327615209,False
3709,-9.317453998242906,-9.317453998242906,0.0,8.745000000000001,15.741000000000001,-0.5724539982429047,False,0.0,0.0,15.741000000000001,-9.317453998242906,False
3710,-18.02439329457033,-18.02439329457033,0.0,8.745000000000001,11.182353622677205,-9.27939329457033,False,0.0,0.0,15.741000000000001,-18.02439329457033,True
3711,-12.494772632299386,-12.494772632299386,0.0,8.745000000000001,6.6237072453544075,-3.7497726322993845,False,0.0,3.9704562224790276,15.741000000000001,-8.524316409820358,False
3712,-9.057628151935983,-9.057628151935983,0.0,0.6063098696766301,2.06506086803161,-8.451318282259352,False,0.0,8.745000000000001,13.671256618076299,-0.31262815193598215,False
3713,-0.22179340157392718,-0.22179340157392718,0.0,0.0,1.7490000000000003,-0.22179340157392718,False,0.0,0.0,9.1126102407535,-0.22179340157392718,False
3714,-2.799489106705863,-2.799489106705863,0.0,0.0,1.7490000000000003,-2.799489106705863,False,0.0,0.0,9.1126102407535,-2.799489106705863,False
3715,-9.066694864290072,-9.066694864290072,0.0,0.0,1.7490000000000003,-9.066694864290072,False,0.0,8.745000000000001,9.1126102407535,-0.32169486429007144,False
3716,-0.3669307584396322,-0.3669307584396322,0.0,0.0,1.7490000000000003,-0.3669307584396322,False,0.0,0.0,4.553963863430704,-0.3669307584396322,False
3717,6.333529702903583,6.333529702903583,6.333529702903583,0.0,1.7490000000000003,0.0,False,6.333529702903583,0.0,4.553963863430704,0.0,False
3718,7.845883208469916,7.845883208469916,7.845883208469916,0.0,4.786454140302245,0.0,False,7.845883208469916,0.0,7.591418003732949,0.0,False
3719,4.479575916332856,4.479575916332856,4.479575916332856,0.0,8.549207542243241,0.0,False,4.479575916332856,0.0,11.354171405673945,0.0,False
3720,-5.176133438651865,-5.176133438651865,0.0,5.176133438651865,10.6975366813054,0.0,False,0.0,5.176133438651865,13.502500544736103,0.0,False
3721,-4.947565363022464,-4.947565363022464,0.0,4.947565363022464,7.999290603701086,0.0,False,0.0,4.947565363022464,10.80425446713179,0.0,False
3722,2.0752802104828936,2.0752802104828936,2.0752802104828936,0.0,5.420193872001818,0.0,False,2.0752802104828936,0.0,8.225157735432521,0.0,False
3723,-3.9098483026607314,-3.9098483026607314,0.0,3.9098483026607314,6.41546329731591,0.0,False,0.0,3.9098483026607314,9.220427160746613,0.0,False
3724,-3.990995728025836,-3.990995728025836,0.0,3.990995728025836,4.377313977612532,0.0,False,0.0,3.990995728025836,7.182277841043237,0.0,False
3725,1.5781728701538071,1.5781728701538071,1.5781728701538071,0.0,2.296863638278543,0.0,False,1.5781728701538071,0.0,5.101827501709248,0.0,False
3726,-2.1116563711496665,-2.1116563711496665,0.0,2.1116563711496665,3.053728758270597,0.0,False,0.0,2.1116563711496665,5.858692621701302,0.0,False
3727,-4.438762593389403,-4.438762593389403,0.0,0.391247352165049,1.9529517809701933,-4.047515241224354,False,0.0,4.438762593389403,4.757915644400898,0.0,False
3728,-1.3333384059732487,-1.3333384059732487,0.0,0.0,1.7490000000000003,-1.3333384059732487,False,0.0,1.3333384059732487,2.444050691153265,0.0,False
3729,7.326186916865898,7.326186916865898,7.326186916865898,0.0,1.7490000000000003,0.0,False,0.0,0.0,1.7490000000000003,7.326186916865898,False
3730,12.566172992087841,12.566172992087841,8.745000000000001,0.0,5.26251581615867,3.82117299208784,False,0.0,0.0,1.7490000000000003,12.566172992087841,False
3731,8.124716969488311,8.124716969488311,8.124716969488311,0.0,9.456470483295643,0.0,False,8.124716969488311,0.0,1.7490000000000003,0.0,False
3732,4.165222120360916,4.165222120360916,4.165222120360916,0.0,13.352947859322226,0.0,False,4.165222120360916,0.0,5.645477376026584,0.0,False
3733,7.627564155679053,7.627564155679053,0.8142108081507771,0.0,15.35051821396486,6.813353347528276,False,7.627564155679053,0.0,7.643047730669217,0.0,False
3734,12.958695700473694,12.958695700473694,0.0,0.0,15.741000000000001,12.958695700473694,False,3.862606279751981,0.0,11.301098993058794,9.096089420721713,False
3735,5.395227289585641,5.395227289585641,0.0,0.0,15.741000000000001,5.395227289585641,False,5.395227289585641,0.0,13.153539888916816,0.0,False
3736,-8.566518938539453,-8.566518938539453,0.0,8.566518938539453,15.741000000000001,0.0,False,0.0,8.566518938539453,15.741000000000001,0.0,False
3737,-8.067756188634139,-8.067756188634139,0.0,8.067756188634139,11.275393307554031,0.0,False,0.0,8.067756188634139,11.275393307554031,0.0,False
3738,2.8142942224615326,2.8142942224615326,2.8142942224615326,0.0,7.069784671483066,0.0,False,2.8142942224615326,0.0,7.069784671483066,0.0,False
3739,0.7626707155475811,0.7626707155475811,0.7626707155475811,0.0,8.419472766278854,0.0,False,0.7626707155475811,0.0,8.419472766278854,0.0,False
3740,-12.858563971627209,-12.858563971627209,0.0,8.745000000000001,8.78523679223191,-4.113563971627208,False,0.0,0.0,8.78523679223191,-12.858563971627209,False
3741,-15.642056907192927,-15.642056907192927,0.0,4.752842485471423,4.226590414909112,-10.889214421721505,False,0.0,0.0,8.78523679223191,-15.642056907192927,False
3742,-11.401667998599393,-11.401667998599393,0.0,4.2595540635239357e-16,1.7490000000000006,-11.401667998599393,False,0.0,5.42281980960396,8.78523679223191,-5.978848188995433,False
3743,-8.075022675867464,-8.075022675867464,0.0,0.0,1.7490000000000003,-8.075022675867464,False,0.0,8.075022675867464,5.958396554390241,0.0,False
3744,3.5618149233961494,3.5618149233961494,3.5618149233961494,0.0,1.7490000000000003,0.0,False,3.5618149233961494,0.0,1.7490000000000003,0.0,False
3745,3.3394088541259195,3.3394088541259195,3.3394088541259195,0.0,3.4571864289828937,0.0,False,3.3394088541259195,0.0,3.4571864289828937,0.0,False
3746,-7.750443730634072,-7.750443730634072,0.0,6.349125875320304,5.058710654167563,-1.401317855313768,False,0.0,4.357507773655973,5.058710654167563,-3.392935956978099,False
3747,-1.9916181016643313,-1.9916181016643313,0.0,4.2595540635239357e-16,1.7490000000000006,-1.9916181016643308,False,0.0,1.9916181016643313,2.7872027037350042,0.0,False
3748,6.659881501720641,6.659881501720641,6.659881501720641,0.0,1.7490000000000003,0.0,False,6.659881501720641,0.0,1.7490000000000003,0.0,False
3749,3.86285845682405,3.86285845682405,3.86285845682405,0.0,4.942966964747911,0.0,False,3.86285845682405,0.0,4.942966964747911,0.0,False
3750,1.5468119096558919,1.5468119096558919,1.5468119096558919,0.0,6.795528800481101,0.0,False,1.5468119096558919,0.0,6.795528800481101,0.0,False
3751,4.796714962965278,4.796714962965278,4.796714962965278,0.0,7.537353732177428,0.0,False,4.796714962965278,0.0,7.537353732177428,0.0,False
3752,3.324030072928095,3.324030072928095,3.324030072928095,0.0,9.837777414950896,0.0,False,3.324030072928095,0.0,9.837777414950896,0.0,False
3753,3.2904855108919713,3.2904855108919713,3.2904855108919713,0.0,11.4319262357697,0.0,False,3.2904855108919713,0.0,11.4319262357697,0.0,False
3754,5.445641638275193,5.445641638275193,5.445641638275193,0.0,13.009987649783646,0.0,False,5.445641638275193,0.0,13.009987649783646,0.0,False
3755,0.1126762879436549,0.1126762879436549,0.1126762879436549,0.0,15.621625633134094,0.0,False,0.1126762879436549,0.0,15.621625633134094,0.0,False
3756,-3.3714151882462624,-3.3714151882462624,0.0,3.3714151882462624,15.675663282499098,0.0,False,0.0,3.3714151882462624,15.675663282499098,0.0,False
3757,-4.555047027086626,-4.555047027086626,0.0,4.555047027086626,13.918191626198368,0.0,False,0.0,4.555047027086626,13.918191626198368,0.0,False
3758,-11.31712317957151,-11.31712317957151,0.0,8.745000000000001,11.543709221559897,-2.572123179571509,False,0.0,8.745000000000001,11.543709221559897,-2.572123179571509,False
3759,-9.065723305896421,-9.065723305896421,0.0,8.745000000000001,6.9850628442371,-0.3207233058964203,False,0.0,8.745000000000001,6.9850628442371,-0.3207233058964203,False
3760,2.900905461367181,2.900905461367181,2.900905461367181,0.0,2.4264164669143025,0.0,False,0.0,0.0,2.4264164669143025,2.900905461367181,False
3761,8.309536933723217,8.309536933723217,8.309536933723217,0.0,3.817641852691778,0.0,False,3.6098702329267853,0.0,2.4264164669143025,4.699666700796432,False
3762,8.526752380129933,8.526752380129933,8.526752380129933,0.0,7.802755769779891,0.0,False,8.526752380129933,0.0,4.157649412728153,0.0,False
3763,-3.720202902587677,-3.720202902587677,0.0,3.720202902587677,11.89204255539078,0.0,False,0.0,3.720202902587677,8.246936198339043,0.0,False
3764,-11.5420455063772,-11.5420455063772,0.0,8.745000000000001,9.952752734374535,-2.7970455063771986,False,0.0,8.745000000000001,6.307646377322798,-2.7970455063771986,False
3765,2.3077205278468527,2.3077205278468527,2.3077205278468527,0.0,5.394106357051737,0.0,False,2.3077205278468527,0.0,1.7490000000000003,0.0,False
3766,13.890077399905623,13.890077399905623,8.745000000000001,0.0,6.500850242496118,5.145077399905622,False,8.745000000000001,0.0,2.855743885444381,5.145077399905622,False
3767,19.15913414630687,19.15913414630687,8.745000000000001,0.0,10.694804909633092,10.414134146306868,False,8.745000000000001,0.0,7.049698552581354,10.414134146306868,False
3768,18.049903916946253,18.049903916946253,1.7770441248554325,0.0,14.888759576770067,16.27285979209082,False,8.745000000000001,0.0,11.243653219718329,9.304903916946252,False
3769,-0.3777324589602447,-0.3777324589602447,0.0,0.3777324589602447,15.741000000000001,0.0,False,0.0,0.3777324589602447,15.437607886855304,0.0,False
3770,-12.222947908657344,-12.222947908657344,0.0,8.745000000000001,15.544093344123917,-3.4779479086573435,False,0.0,8.745000000000001,15.24070123097922,-3.4779479086573435,False
3771,-6.652251576441957,-6.652251576441957,0.0,6.652251576441957,10.98544696680112,0.0,False,0.0,6.652251576441957,10.682054853656421,0.0,False
3772,-3.852791327906197,-3.852791327906197,0.0,3.852791327906197,7.517721117746005,0.0,False,0.0,3.852791327906197,7.214329004601305,0.0,False
3773,-2.808478863939665,-2.808478863939665,0.0,2.808478863939665,5.509314802189655,0.0,False,0.0,2.808478863939665,5.2059226890449555,0.0,False
3774,-0.4001298969244548,-0.4001298969244548,0.0,0.4001298969244548,4.0452939904245095,0.0,False,0.0,0.4001298969244548,3.74190187727981,0.0,False
3775,-0.2765968155899825,-0.2765968155899825,0.0,0.2765968155899825,3.8367118629147083,0.0,False,0.0,0.2765968155899825,3.533319749770009,0.0,False
3776,-2.8417540830547776,-2.8417540830547776,0.0,2.8417540830547776,3.6925258055827133,0.0,False,0.0,2.8417540830547776,3.3891336924380138,0.0,False
3777,2.169144469475813,2.169144469475813,2.169144469475813,0.0,2.2111590867765463,0.0,False,2.169144469475813,0.0,1.907766973631847,0.0,False
3778,6.367665420181932,6.367665420181932,6.367665420181932,0.0,3.2514442293097012,0.0,False,6.367665420181932,0.0,2.9480521161650017,0.0,False
3779,-0.036434751496989076,-0.036434751496989076,0.0,0.036434751496989076,6.305269284511386,0.0,False,0.0,0.036434751496989076,6.0018771713666865,0.0,False
3780,3.3847599056964355,3.3847599056964355,3.3847599056964355,0.0,6.286276357362111,0.0,False,0.0,0.0,5.982884244217412,3.3847599056964355,False
3781,15.158432453734541,15.158432453734541,8.745000000000001,0.0,7.909550182820507,6.41343245373454,False,0.0,0.0,5.982884244217412,15.158432453734541,False
3782,16.07324431658416,16.07324431658416,7.584701698465673,0.0,12.103504849957481,8.488542618118487,False,3.293095940333957,0.0,5.982884244217412,12.780148376250201,False
3783,7.776841348220324,7.776841348220324,0.0,0.0,15.741000000000001,7.776841348220324,False,7.776841348220324,0.0,7.562197576212085,0.0,False
3784,-2.9229093788299125,-2.9229093788299125,0.0,2.9229093788299125,15.741000000000001,0.0,False,0.0,2.9229093788299125,11.291839665171768,0.0,False
3785,-9.112918656883876,-9.112918656883876,0.0,8.745000000000001,14.217328158828384,-0.3679186568838748,False,0.0,8.745000000000001,9.768167824000148,-0.3679186568838748,False
3786,-6.439904415883546,-6.439904415883546,0.0,6.439904415883546,9.658681781505585,0.0,False,0.0,6.439904415883546,5.209521446677352,0.0,False
3787,-0.19852672054644518,-0.19852672054644518,0.0,0.19852672054644518,6.301649541851771,0.0,False,0.0,0.19852672054644518,1.852489207023537,0.0,False
3788,1.9913352915972626,1.9913352915972626,1.9913352915972626,0.0,6.198160334828234,0.0,False,1.9913352915972626,0.0,1.7490000000000003,0.0,False
3789,18.536785845666884,18.536785845666884,8.745000000000001,0.0,7.153171191320962,9.791785845666883,False,8.745000000000001,0.0,2.704010856492728,9.791785845666883,False
3790,20.23408699100861,20.23408699100861,8.745000000000001,0.0,11.347125858457936,11.489086991008609,False,8.745000000000001,0.0,6.897965523629702,11.489086991008609,False
3791,3.7388610212978297,3.7388610212978297,0.41686092064175845,0.0,15.54108052559491,3.322000100656071,False,3.7388610212978297,0.0,11.091920190766675,0.0,False
3792,2.482613281564427,2.482613281564427,0.0,0.0,15.741000000000001,2.482613281564427,False,2.482613281564427,0.0,12.885014945489207,0.0,False
3793,-8.166935597867047,-8.166935597867047,0.0,8.166935597867047,15.741000000000001,0.0,False,0.0,8.166935597867047,14.075634449081358,0.0,False
3794,-9.937052027822551,-9.937052027822551,0.0,8.745000000000001,11.48369052292222,-1.19205202782255,False,0.0,8.745000000000001,9.818324972003577,-1.19205202782255,False
3795,7.601359188240526,7.601359188240526,7.601359188240526,0.0,6.925044145599423,0.0,False,0.0,0.0,5.259678594680779,7.601359188240526,False
3796,8.652062425151087,8.652062425151087,8.652062425151087,0.0,10.570527947098093,0.0,False,0.0,0.0,5.259678594680779,8.652062425151087,False
3797,4.489094740018646,4.489094740018646,2.1291170799421355,0.0,14.719911319119,2.3599776600765106,False,0.0,0.0,5.259678594680779,4.489094740018646,False
3798,19.458374131551984,19.458374131551984,0.0,0.0,15.741000000000001,19.458374131551984,True,4.365065913740129,0.0,5.259678594680779,15.093308217811856,False
3799,21.622993989750793,21.622993989750793,0.0,0.0,15.741000000000001,21.622993989750793,True,8.745000000000001,0.0,7.353090665726055,12.877993989750792,False
3800,10.065467386845382,10.065467386845382,0.0,0.0,15.741000000000001,10.065467386845382,False,8.745000000000001,0.0,11.547045332863028,1.3204673868453813,False
3801,-3.729390294562215,-3.729390294562215,0.0,3.729390294562215,15.741000000000001,0.0,False,0.0,2.588285770028177,15.741000000000001,-1.1411045245340379,False
3802,-15.297392413217022,-15.297392413217022,0.0,8.745000000000001,13.796920919848047,-6.552392413217021,False,0.0,8.745000000000001,14.391762773125777,-6.552392413217021,False
3803,-15.45638956214483,-15.45638956214483,0.0,8.745000000000001,9.23827454252525,-6.711389562144829,False,0.0,8.745000000000001,9.833116395802978,-6.711389562144829,False
3804,-6.763024099648449,-6.763024099648449,0.0,5.621919575114415,4.679628165202453,-1.1411045245340343,False,0.0,6.763024099648449,5.27447001848018,0.0,False
3805,13.264464628083365,13.264464628083365,8.745000000000001,0.0,1.7490000000000006,4.519464628083364,False,0.0,0.0,1.7490000000000003,13.264464628083365,False
3806,34.86365412545466,34.86365412545466,8.745000000000001,0.0,5.942954667136974,26.118654125454658,True,0.0,0.0,1.7490000000000003,34.86365412545466,True
3807,32.445691889833306,32.445691889833306,8.745000000000001,0.0,10.136909334273948,23.700691889833305,True,7.099353068996865,0.0,1.7490000000000003,25.34633882083644,True
3808,-0.17909992512339912,-0.17909992512339912,0.0,0.17909992512339912,14.330864001410923,0.0,False,0.0,0.17909992512339912,5.153730124342207,0.0,False
3809,4.780657577524906,4.780657577524906,3.135010646521766,0.0,14.237501711548994,1.6456469310031396,False,4.780657577524906,0.0,5.060367834480278,0.0,False
3810,31.813986546158137,31.813986546158137,0.0,0.0,15.741000000000001,31.813986546158137,True,8.745000000000001,0.0,7.353090665726055,23.068986546158136,True
3811,10.161169823825212,10.161169823825212,0.0,0.0,15.741000000000001,10.161169823825212,False,8.745000000000001,0.0,11.547045332863028,1.4161698238252107,False
3812,-6.4090873881676735,-6.4090873881676735,0.0,6.4090873881676735,15.741000000000001,0.0,False,0.0,0.0,15.741000000000001,-6.4090873881676735,False
3813,-10.231979902861458,-10.231979902861458,0.0,8.745000000000001,12.400032246539077,-1.4869799028614565,False,0.0,0.0,15.741000000000001,-10.231979902861458,False
3814,-22.49893564644427,-22.49893564644427,0.0,8.745000000000001,7.841385869216279,-13.753935646444269,False,0.0,0.0,15.741000000000001,-22.49893564644427,True
3815,-12.535629679743005,-12.535629679743005,0.0,2.942222481508957,3.282739491893482,-9.593407198234049,False,0.0,0.6063098696766263,15.741000000000001,-11.929319810066378,False
3816,-10.753875536823744,-10.753875536823744,0.0,0.0,1.7490000000000003,-10.753875536823744,False,0.0,8.745000000000001,15.424939131968394,-2.0088755368237425,False
3817,-19.797107834325598,-19.797107834325598,0.0,0.0,1.7490000000000003,-19.797107834325598,True,0.0,8.745000000000001,10.866292754645595,-11.052107834325597,False
3818,-10.920006775198384,-10.920006775198384,0.0,0.0,1.7490000000000003,-10.920006775198384,False,0.0,8.745000000000001,6.307646377322798,-2.1750067751983835,False
3819,8.038847298105447,8.038847298105447,8.038847298105447,0.0,1.7490000000000003,0.0,False,0.0,0.0,1.7490000000000003,8.038847298105447,False
3820,33.065879762920154,33.065879762920154,8.745000000000001,0.0,5.6042957283351384,24.320879762920153,True,0.0,0.0,1.7490000000000003,33.065879762920154,True
3821,25.62150071241487,25.62150071241487,8.745000000000001,0.0,9.798250395472113,16.87650071241487,False,0.0,0.0,1.7490000000000003,25.62150071241487,True
3822,5.6939268400087295,5.6939268400087295,3.6464895167604507,0.0,13.992205062609088,2.0474373232482788,False,0.0,0.0,1.7490000000000003,5.6939268400087295,False
3823,14.091056190421279,14.091056190421279,0.0,0.0,15.741000000000001,14.091056190421279,False,0.0,0.0,1.7490000000000003,14.091056190421279,False
3824,12.634547616464927,12.634547616464927,0.0,0.0,15.741000000000001,12.634547616464927,False,7.2431193395814,0.0,1.7490000000000003,5.391428276883526,False
3825,-5.881688588614696,-5.881688588614696,0.0,5.881688588614696,15.741000000000001,0.0,False,0.0,5.881688588614696,5.222678005588049,0.0,False
3826,-0.7819812038001929,-0.7819812038001929,0.0,0.7819812038001929,12.67495787569706,0.0,False,0.0,0.7819812038001929,2.1566358812851085,0.0,False
3827,24.86455790638882,24.86455790638882,7.2431193395814,0.0,12.267321994411953,17.62143856680742,True,0.0,0.0,1.7490000000000003,24.86455790638882,True
3828,26.668616791331953,26.668616791331953,0.0,0.0,15.741000000000001,26.668616791331953,True,5.956689499026109,0.0,1.7490000000000003,20.711927292305845,True
3829,12.105066656214113,12.105066656214113,0.0,0.0,15.741000000000001,12.105066656214113,False,8.745000000000001,0.0,4.605727927401527,3.360066656214112,False
3830,7.044950931808468,7.044950931808468,0.0,0.0,15.741000000000001,7.044950931808468,False,7.044950931808468,0.0,8.7996825945385,0.0,False
3831,1.6905465845563257,1.6905465845563257,0.0,0.0,15.741000000000001,1.6905465845563257,False,1.6905465845563257,0.0,12.178322370434337,0.0,False
3832,5.738149799475,5.738149799475,0.0,0.0,15.741000000000001,5.738149799475,False,5.738149799475,0.0,12.989080030618725,0.0,False
3833,-4.558042155347889,-4.558042155347889,0.0,4.558042155347889,15.741000000000001,0.0,False,0.0,0.0,15.741000000000001,-4.558042155347889,False
3834,-11.680499136147773,-11.680499136147773,0.0,8.745000000000001,13.364956276825474,-2.9354991361477722,False,0.0,0.0,15.741000000000001,-11.680499136147773,False
3835,-5.678138797489358,-5.678138797489358,0.0,5.678138797489358,8.806309899502676,0.0,False,0.0,0.0,15.741000000000001,-5.678138797489358,False
3836,-7.993833799676198,-7.993833799676198,0.0,7.860128916839383,5.846375438769584,-0.13370488283681503,False,0.0,1.9058467229578442,15.741000000000001,-6.0879870767183535,False
3837,-3.0593070826027553,-3.0593070826027553,0.0,4.2595540635239357e-16,1.7490000000000006,-3.059307082602755,False,0.0,3.0593070826027553,14.747508718199624,0.0,False
3838,5.3969063103919535,5.3969063103919535,5.3969063103919535,0.0,1.7490000000000003,0.0,False,5.3969063103919535,0.0,13.152734658825693,0.0,False
3839,-9.744046837156862,-9.744046837156862,0.0,4.965153805560598,4.337265341174308,-4.778893031596264,False,0.0,0.6063098696766263,15.741000000000001,-9.137736967480237,False
3840,-20.025215928213267,-20.025215928213267,0.0,4.2595540635239357e-16,1.7490000000000006,-20.025215928213267,True,0.0,8.745000000000001,15.424939131968394,-11.280215928213266,False
3841,-12.104195664170843,-12.104195664170843,0.0,0.0,1.7490000000000003,-12.104195664170843,False,0.0,8.745000000000001,10.866292754645595,-3.3591956641708425,False
3842,-9.004884161877671,-9.004884161877671,0.0,0.0,1.7490000000000003,-9.004884161877671,False,0.0,8.745000000000001,6.307646377322798,-0.25988416187766994,False
3843,-5.671776008225442,-5.671776008225442,0.0,0.0,1.7490000000000003,-5.671776008225442,False,0.0,0.0,1.7490000000000003,-5.671776008225442,False
3844,-7.35125434770815,-7.35125434770815,0.0,0.0,1.7490000000000003,-7.35125434770815,False,0.0,0.0,1.7490000000000003,-7.35125434770815,False
3845,-6.510788061391311,-6.510788061391311,0.0,0.0,1.7490000000000003,-6.510788061391311,False,0.0,0.0,1.7490000000000003,-6.510788061391311,False
3846,-2.694037662781574,-2.694037662781574,0.0,0.0,1.7490000000000003,-2.694037662781574,False,0.0,0.0,1.7490000000000003,-2.694037662781574,False
3847,-1.2729900169994444,-1.2729900169994444,0.0,0.0,1.7490000000000003,-1.2729900169994444,False,0.0,0.0,1.7490000000000003,-1.2729900169994444,False
3848,-1.8789929976205688,-1.8789929976205688,0.0,0.0,1.7490000000000003,-1.8789929976205688,False,0.0,0.0,1.7490000000000003,-1.8789929976205688,False
3849,-1.010274934425756,-1.010274934425756,0.0,0.0,1.7490000000000003,-1.010274934425756,False,0.0,0.0,1.7490000000000003,-1.010274934425756,False
3850,-1.7289168260635082,-1.7289168260635082,0.0,0.0,1.7490000000000003,-1.7289168260635082,False,0.0,0.0,1.7490000000000003,-1.7289168260635082,False
3851,-1.6194514147830925,-1.6194514147830925,0.0,0.0,1.7490000000000003,-1.6194514147830925,False,0.0,0.0,1.7490000000000003,-1.6194514147830925,False
3852,-1.1625168404659738,-1.1625168404659738,0.0,0.0,1.7490000000000003,-1.1625168404659738,False,0.0,0.0,1.7490000000000003,-1.1625168404659738,False
3853,-1.5675864603271044,-1.5675864603271044,0.0,0.0,1.7490000000000003,-1.5675864603271044,False,0.0,0.0,1.7490000000000003,-1.5675864603271044,False
3854,-0.8779521092110322,-0.8779521092110322,0.0,0.0,1.7490000000000003,-0.8779521092110322,False,0.0,0.0,1.7490000000000003,-0.8779521092110322,False
3855,3.101633360700902,3.101633360700902,3.101633360700902,0.0,1.7490000000000003,0.0,False,3.101633360700902,0.0,1.7490000000000003,0.0,False
3856,5.931324291405322,5.931324291405322,5.931324291405322,0.0,3.236491104500776,0.0,False,5.931324291405322,0.0,3.236491104500776,0.0,False
3857,2.742267727830715,2.742267727830715,2.742267727830715,0.0,6.081054305671989,0.0,False,2.742267727830715,0.0,6.081054305671989,0.0,False
3858,2.399451905721754,2.399451905721754,2.399451905721754,0.0,7.396199707121358,0.0,False,2.399451905721754,0.0,7.396199707121358,0.0,False
3859,-2.5831551462224644,-2.5831551462224644,0.0,2.5831551462224644,8.546936415934674,0.0,False,0.0,0.0,8.546936415934674,-2.5831551462224644,False
3860,-5.416965799332373,-5.416965799332373,0.0,5.416965799332373,7.200373711601937,0.0,False,0.0,0.23427753690982767,8.546936415934674,-5.182688262422546,False
3861,-0.5234937644432962,-0.5234937644432962,0.0,0.5234937644432962,4.376585087564429,0.0,False,0.0,0.5234937644432962,8.424810807595955,0.0,False
3862,-1.7139746089894121,-1.7139746089894121,0.0,1.7139746089894121,4.103695098675863,0.0,False,0.0,1.7139746089894121,8.15192081870739,0.0,False
3863,-2.217646308528179,-2.217646308528179,0.0,2.217646308528179,3.2102240704205354,0.0,False,0.0,2.217646308528179,7.258449790452063,0.0,False
3864,-1.6636398388901572,-1.6636398388901572,0.0,0.5854674752902727,2.0541960188990656,-1.0781723635998846,False,0.0,1.6636398388901572,6.102421738930593,0.0,False
3865,-1.6004321386975011,-1.6004321386975011,0.0,0.0,1.7490000000000003,-1.6004321386975011,False,0.0,1.6004321386975011,5.235189523410124,0.0,False
3866,-1.7962601830938,-1.7962601830938,0.0,0.0,1.7490000000000003,-1.7962601830938,False,0.0,1.7962601830938,4.400906599313573,0.0,False
3867,-1.5361641193758595,-1.5361641193758595,0.0,0.0,1.7490000000000003,-1.5361641193758595,False,0.0,1.5361641193758595,3.4645412503839292,0.0,False
3868,-1.7548146038779673,-1.7548146038779673,0.0,0.0,1.7490000000000003,-1.7548146038779673,False,0.0,1.7548146038779673,2.6637603472660305,0.0,False
3869,8.713267105991214,8.713267105991214,8.713267105991214,0.0,1.7490000000000003,0.0,False,8.713267105991214,0.0,1.7490000000000003,0.0,False
3870,12.908145456037634,12.908145456037634,8.745000000000001,0.0,5.927736105795646,4.163145456037633,False,8.745000000000001,0.0,5.927736105795646,4.163145456037633,False
3871,4.954618124898985,4.954618124898985,4.954618124898985,0.0,10.12169077293262,0.0,False,4.954618124898985,0.0,10.12169077293262,0.0,False
3872,0.6663412692353893,0.6663412692353893,0.6663412692353893,0.0,12.497842151869332,0.0,False,0.6663412692353893,0.0,12.497842151869332,0.0,False
3873,-1.8412658111130171,-1.8412658111130171,0.0,1.8412658111130171,12.817408198297661,0.0,False,0.0,0.0,12.817408198297661,-1.8412658111130171,False
3874,-6.44070982117657,-6.44070982117657,0.0,6.44070982117657,11.857582043978773,0.0,False,0.0,0.0,12.817408198297661,-6.44070982117657,False
3875,-13.09701815674378,-13.09701815674378,0.0,8.745000000000001,8.500129957793074,-4.352018156743778,False,0.0,4.2499310766314595,12.817408198297661,-8.84708708011232,False
3876,-14.627806261375424,-14.627806261375424,0.0,4.205912747825956,3.941483580470277,-10.421893513549467,False,0.0,8.745000000000001,10.601978477730757,-5.882806261375423,False
3877,-8.237957303484086,-8.237957303484086,0.0,4.2595540635239357e-16,1.7490000000000006,-8.237957303484086,False,0.0,8.237957303484086,6.04333210040796,0.0,False
3878,6.100375801696944,6.100375801696944,6.100375801696944,0.0,1.7490000000000003,0.0,False,0.0,0.0,1.7490000000000003,6.100375801696944,False
3879,13.963470372615573,13.963470372615573,8.745000000000001,0.0,4.674637457383231,5.218470372615572,False,4.164986882569965,0.0,1.7490000000000003,9.798483490045609,False
3880,19.64639123123892,19.64639123123892,8.745000000000001,0.0,8.868592124520205,10.901391231238918,False,8.745000000000001,0.0,3.7464575385613017,10.901391231238918,False
3881,24.12515124839871,24.12515124839871,5.584961013168954,0.0,13.06254679165718,18.540190235229755,True,8.745000000000001,0.0,7.9404122056982755,15.380151248398708,False
3882,7.520349932295936,7.520349932295936,0.0,0.0,15.741000000000001,7.520349932295936,False,7.520349932295936,0.0,12.13436687283525,0.0,False
3883,-13.112711754342788,-13.112711754342788,0.0,8.745000000000001,15.741000000000001,-4.367711754342787,False,0.0,0.0,15.741000000000001,-13.112711754342788,False
3884,-17.69581154624489,-17.69581154624489,0.0,8.745000000000001,11.182353622677205,-8.95081154624489,False,0.0,0.0,15.741000000000001,-17.69581154624489,True
3885,-14.783092599423288,-14.783092599423288,0.0,8.745000000000001,6.6237072453544075,-6.038092599423287,False,0.0,0.0,15.741000000000001,-14.783092599423288,False
3886,-8.879300401485487,-8.879300401485487,0.0,0.6063098696766301,2.06506086803161,-8.272990531808857,False,0.0,7.565751515396806,15.741000000000001,-1.3135488860886815,False
3887,-4.681163002094813,-4.681163002094813,0.0,0.0,1.7490000000000003,-4.681163002094813,False,0.0,0.0,11.797079389664026,-4.681163002094813,False
3888,-5.821974475985174,-5.821974475985174,0.0,0.0,1.7490000000000003,-5.821974475985174,False,0.0,0.0,11.797079389664026,-5.821974475985174,False
3889,-4.202341597530481,-4.202341597530481,0.0,0.0,1.7490000000000003,-4.202341597530481,False,0.0,0.0,11.797079389664026,-4.202341597530481,False
3890,-0.09983440224537006,-0.09983440224537006,0.0,0.0,1.7490000000000003,-0.09983440224537006,False,0.0,0.0,11.797079389664026,-0.09983440224537006,False
3891,-2.706485783121178,-2.706485783121178,0.0,0.0,1.7490000000000003,-2.706485783121178,False,0.0,0.0,11.797079389664026,-2.706485783121178,False
3892,-4.401464545361168,-4.401464545361168,0.0,0.0,1.7490000000000003,-4.401464545361168,False,0.0,0.0,11.797079389664026,-4.401464545361168,False
3893,1.0436108606368963,1.0436108606368963,1.0436108606368963,0.0,1.7490000000000003,0.0,False,1.0436108606368963,0.0,11.797079389664026,0.0,False
3894,4.854611448122965,4.854611448122965,4.854611448122965,0.0,2.2494981863513948,0.0,False,4.854611448122965,0.0,12.29757757601542,0.0,False
3895,2.3254206427584028,2.3254206427584028,2.3254206427584028,0.0,4.577688047985687,0.0,False,2.3254206427584028,0.0,14.625767437649714,0.0,False
3896,-0.15854591208612073,-0.15854591208612073,0.0,0.15854591208612073,5.692920610335975,0.0,False,0.0,0.0,15.741000000000001,-0.15854591208612073,False
3897,-5.719322904194214,-5.719322904194214,0.0,5.719322904194214,5.61027284043652,0.0,False,0.0,0.0,15.741000000000001,-5.719322904194214,False
3898,-9.284531502047153,-9.284531502047153,0.0,1.687882699116468,2.6288696800083606,-7.596648802930686,False,0.0,0.0,15.741000000000001,-9.284531502047153,False
3899,-3.7580345381812204,-3.7580345381812204,0.0,0.0,1.7490000000000003,-3.7580345381812204,False,0.0,0.0,15.741000000000001,-3.7580345381812204,False
3900,-0.7786399733833863,-0.7786399733833863,0.0,0.0,1.7490000000000003,-0.7786399733833863,False,0.0,0.0,15.741000000000001,-0.7786399733833863,False
3901,-1.3775810327196985,-1.3775810327196985,0.0,0.0,1.7490000000000003,-1.3775810327196985,False,0.0,0.0,15.741000000000001,-1.3775810327196985,False
3902,-0.8416920834401674,-0.8416920834401674,0.0,0.0,1.7490000000000003,-0.8416920834401674,False,0.0,0.0,15.741000000000001,-0.8416920834401674,False
3903,-0.1446919791070307,-0.1446919791070307,0.0,0.0,1.7490000000000003,-0.1446919791070307,False,0.0,0.0,15.741000000000001,-0.1446919791070307,False
3904,-0.637706682609498,-0.637706682609498,0.0,0.0,1.7490000000000003,-0.637706682609498,False,0.0,0.0,15.741000000000001,-0.637706682609498,False
3905,-1.3706031621670622,-1.3706031621670622,0.0,0.0,1.7490000000000003,-1.3706031621670622,False,0.0,0.0,15.741000000000001,-1.3706031621670622,False
3906,-1.9069014366059025,-1.9069014366059025,0.0,0.0,1.7490000000000003,-1.9069014366059025,False,0.0,0.0,15.741000000000001,-1.9069014366059025,False
3907,-1.8967186826198161,-1.8967186826198161,0.0,0.0,1.7490000000000003,-1.8967186826198161,False,0.0,0.0,15.741000000000001,-1.8967186826198161,False
3908,-1.9275614115968824,-1.9275614115968824,0.0,0.0,1.7490000000000003,-1.9275614115968824,False,0.0,0.0,15.741000000000001,-1.9275614115968824,False
3909,-1.7944291322004153,-1.7944291322004153,0.0,0.0,1.7490000000000003,-1.7944291322004153,False,0.0,0.0,15.741000000000001,-1.7944291322004153,False
3910,-1.5278966156786336,-1.5278966156786336,0.0,0.0,1.7490000000000003,-1.5278966156786336,False,0.0,0.0,15.741000000000001,-1.5278966156786336,False
3911,-1.5709483199630845,-1.5709483199630845,0.0,0.0,1.7490000000000003,-1.5709483199630845,False,0.0,0.0,15.741000000000001,-1.5709483199630845,False
3912,-1.6308061147981052,-1.6308061147981052,0.0,0.0,1.7490000000000003,-1.6308061147981052,False,0.0,0.6913615419663425,15.741000000000001,-0.9394445728317627,False
3913,-1.7386418032469593,-1.7386418032469593,0.0,0.0,1.7490000000000003,-1.7386418032469593,False,0.0,1.7386418032469593,15.380602882938232,0.0,False
3914,-1.9506473530304838,-1.9506473530304838,0.0,0.0,1.7490000000000003,-1.9506473530304838,False,0.0,1.9506473530304838,14.474273190790294,0.0,False
3915,-1.7907045393580112,-1.7907045393580112,0.0,0.0,1.7490000000000003,-1.7907045393580112,False,0.0,1.7907045393580112,13.457427966167456,0.0,False
3916,-1.4900370191417243,-1.4900370191417243,0.0,0.0,1.7490000000000003,-1.4900370191417243,False,0.0,1.4900370191417243,12.523958696733507,0.0,False
3917,-1.4849489302310934,-1.4849489302310934,0.0,0.0,1.7490000000000003,-1.4849489302310934,False,0.0,1.4849489302310934,11.74722320680929,0.0,False
3918,-1.7504168723555324,-1.7504168723555324,0.0,0.0,1.7490000000000003,-1.7504168723555324,False,0.0,1.7504168723555324,10.973140066579749,0.0,False
3919,-1.8372601659284564,-1.8372601659284564,0.0,0.0,1.7490000000000003,-1.8372601659284564,False,0.0,1.8372601659284564,10.06067219534267,0.0,False
3920,-1.9621539711978477,-1.9621539711978477,0.0,0.0,1.7490000000000003,-1.9621539711978477,False,0.0,1.9621539711978477,9.10293412792023,0.0,False
3921,-1.5168439854985165,-1.5168439854985165,0.0,0.0,1.7490000000000003,-1.5168439854985165,False,0.0,1.5168439854985165,8.080090663935026,0.0,False
3922,0.5845399876948254,0.5845399876948254,0.5845399876948254,0.0,1.7490000000000003,0.0,False,0.5845399876948254,0.0,7.289381076804473,0.0,False
3923,4.473109849799548,4.473109849799548,4.473109849799548,0.0,2.0293355299623674,0.0,False,4.473109849799548,0.0,7.56971660676684,0.0,False
3924,8.824188642294269,8.824188642294269,8.745000000000001,0.0,4.174563652453298,0.07918864229426781,False,8.745000000000001,0.0,9.71494472925777,0.07918864229426781,False
3925,3.8201938385436334,3.8201938385436334,3.8201938385436334,0.0,8.368518319590272,0.0,False,3.8201938385436334,0.0,13.908899396394744,0.0,False
3926,-7.683807854730525,-7.683807854730525,0.0,7.683807854730525,10.200618923195531,0.0,False,0.0,0.0,15.741000000000001,-7.683807854730525,False
3927,-7.6716594396048485,-7.6716594396048485,0.0,7.6716594396048485,6.195157191804821,0.0,False,0.0,0.6469470041320455,15.741000000000001,-7.024712435472803,False
3928,-6.858696016927169,-6.858696016927169,0.0,0.8575488876195979,2.196028259568242,-6.001147129307571,False,0.0,6.858696016927169,15.403755561268568,0.0,False
3929,-7.9364812473005575,-7.9364812473005575,0.0,0.0,1.7490000000000003,-7.9364812473005575,False,0.0,7.9364812473005575,11.828413108355665,0.0,False
3930,-4.195170106146216,-4.195170106146216,0.0,0.0,1.7490000000000003,-4.195170106146216,False,0.0,4.195170106146216,7.6912362659660705,0.0,False
3931,-2.567720467623631,-2.567720467623631,0.0,0.0,1.7490000000000003,-2.567720467623631,False,0.0,2.567720467623631,5.504352674583985,0.0,False
3932,-2.348074376252779,-2.348074376252779,0.0,0.0,1.7490000000000003,-2.348074376252779,False,0.0,2.348074376252779,4.165835852661736,0.0,False
3933,-1.4199383901925589,-1.4199383901925589,0.0,0.0,1.7490000000000003,-1.4199383901925589,False,0.0,1.4199383901925589,2.9418174708447875,0.0,False
3934,-0.8682822611016743,-0.8682822611016743,0.0,0.0,1.7490000000000003,-0.8682822611016743,False,0.0,0.8682822611016743,2.201623417274419,0.0,False
3935,0.9220696926319112,0.9220696926319112,0.9220696926319112,0.0,1.7490000000000003,0.0,False,0.9220696926319112,0.0,1.7490000000000003,0.0,False
3936,3.4355453879433857,3.4355453879433857,3.4355453879433857,0.0,2.1912090898615393,0.0,False,3.4355453879433857,0.0,2.1912090898615393,0.0,False
3937,3.6170732471119167,3.6170732471119167,3.6170732471119167,0.0,3.8388387769885908,0.0,False,3.6170732471119167,0.0,3.8388387769885908,0.0,False
3938,5.8876023272619324,5.8876023272619324,5.8876023272619324,0.0,5.573526167051634,0.0,False,5.8876023272619324,0.0,5.573526167051634,0.0,False
3939,4.245030701530988,4.245030701530988,4.245030701530988,0.0,8.397121050832844,0.0,False,4.245030701530988,0.0,8.397121050832844,0.0,False
3940,-6.001345930254598,-6.001345930254598,0.0,6.001345930254598,10.432966256416107,0.0,False,0.0,0.0,10.432966256416107,-6.001345930254598,False
3941,-8.660850175194131,-8.660850175194131,0.0,8.660850175194131,7.304548430913988,0.0,False,0.0,0.0,10.432966256416107,-8.660850175194131,False
3942,-1.418072989331846,-1.418072989331846,0.0,1.418072989331846,2.7897681821221942,0.0,False,0.0,0.0,10.432966256416107,-1.418072989331846,False
3943,1.1573862950656837,1.1573862950656837,1.1573862950656837,0.0,2.0505465359704584,0.0,False,1.1573862950656837,0.0,10.432966256416107,0.0,False
3944,-0.12353360602847639,-0.12353360602847639,0.0,0.12353360602847639,2.6056095038230707,0.0,False,0.0,0.12353360602847639,10.988029224268718,0.0,False
3945,-1.7109047118328713,-1.7109047118328713,0.0,1.5197283386131026,2.5412131601296073,-0.19117637321976866,False,0.0,1.7109047118328713,10.923632880575255,0.0,False
3946,-4.208296874452872,-4.208296874452872,0.0,0.0,1.7490000000000003,-4.208296874452872,False,0.0,4.208296874452872,10.031762146836956,0.0,False
3947,-3.578136754613518,-3.578136754613518,0.0,0.0,1.7490000000000003,-3.578136754613518,False,0.0,3.578136754613518,7.838035754450056,0.0,False
3948,1.3080691428382392,1.3080691428382392,1.3080691428382392,0.0,1.7490000000000003,0.0,False,1.3080691428382392,0.0,5.972803032439254,0.0,False
3949,-3.3781274237154983,-3.3781274237154983,0.0,1.2034236114111796,2.3763279229896277,-2.174703812304319,False,0.0,0.0,6.600130955428881,-3.3781274237154983,False
3950,-9.832670365009083,-9.832670365009083,0.0,0.0,1.7490000000000003,-9.832670365009083,False,0.0,0.0,6.600130955428881,-9.832670365009083,False
3951,-6.812004223518311,-6.812004223518311,0.0,0.0,1.7490000000000003,-6.812004223518311,False,0.0,0.0,6.600130955428881,-6.812004223518311,False
3952,-3.2157234235155228,-3.2157234235155228,0.0,0.0,1.7490000000000003,-3.2157234235155228,False,0.0,0.0,6.600130955428881,-3.2157234235155228,False
3953,-1.8346948757385113,-1.8346948757385113,0.0,0.0,1.7490000000000003,-1.8346948757385113,False,0.0,0.0,6.600130955428881,-1.8346948757385113,False
3954,-0.3604750108883584,-0.3604750108883584,0.0,0.0,1.7490000000000003,-0.3604750108883584,False,0.0,0.0,6.600130955428881,-0.3604750108883584,False
3955,0.7624843617278824,0.7624843617278824,0.7624843617278824,0.0,1.7490000000000003,0.0,False,0.7624843617278824,0.0,6.600130955428881,0.0,False
3956,-0.22471183706189934,-0.22471183706189934,0.0,0.22471183706189934,2.114674653800756,0.0,False,0.0,0.0,6.965805609229637,-0.22471183706189934,False
3957,-3.632156232066128,-3.632156232066128,0.0,0.4767737757277526,1.997535511209129,-3.1553824563383754,False,0.0,0.0,6.965805609229637,-3.632156232066128,False
3958,,0.0,0.0,0.0,1.7490000000000003,,False,0.0,0.0,6.965805609229637,0.0,False
3959,,0.0,0.0,0.0,1.7490000000000003,,False,0.0,0.0,6.965805609229637,0.0,False
3960,,0.0,0.0,0.0,1.7490000000000003,,False,0.0,0.0,6.965805609229637,0.0,False
3961,,0.0,0.0,0.0,1.7490000000000003,,False,0.0,0.0,6.965805609229637,0.0,False
3962,,0.0,0.0,0.0,1.7490000000000003,,False,0.0,0.0,6.965805609229637,0.0,False
3963,,0.0,0.0,0.0,1.7490000000000003,,False,0.0,0.0,6.965805609229637,0.0,False
3964,,0.0,0.0,0.0,1.7490000000000003,,False,0.0,0.0,6.965805609229637,0.0,False
3965,,0.0,0.0,0.0,1.7490000000000003,,False,0.0,0.0,6.965805609229637,0.0,False
3966,,0.0,0.0,0.0,1.7490000000000003,,False,0.0,0.0,6.965805609229637,0.0,False
3967,,0.0,0.0,0.0,1.7490000000000003,,False,0.0,0.0,6.965805609229637,0.0,False
3968,,0.0,0.0,0.0,1.7490000000000003,,False,0.0,0.0,6.965805609229637,0.0,False
3969,,0.0,0.0,0.0,1.7490000000000003,,False,0.0,0.0,6.965805609229637,0.0,False
3970,,0.0,0.0,0.0,1.7490000000000003,,False,0.0,0.0,6.965805609229637,0.0,False
3971,,0.0,0.0,0.0,1.7490000000000003,,False,0.0,0.0,6.965805609229637,0.0,False
3972,,0.0,0.0,0.0,1.7490000000000003,,False,0.0,0.0,6.965805609229637,0.0,False
3973,,0.0,0.0,0.0,1.7490000000000003,,False,0.0,0.0,6.965805609229637,0.0,False
3974,,0.0,0.0,0.0,1.7490000000000003,,False,0.0,0.0,6.965805609229637,0.0,False
3975,,0.0,0.0,0.0,1.7490000000000003,,False,0.0,0.0,6.965805609229637,0.0,False
3976,,0.0,0.0,0.0,1.7490000000000003,,False,0.0,0.0,6.965805609229637,0.0,False
3977,,0.0,0.0,0.0,1.7490000000000003,,False,0.0,0.0,6.965805609229637,0.0,False
3978,,0.0,0.0,0.0,1.7490000000000003,,False,0.0,0.0,6.965805609229637,0.0,False
3979,,0.0,0.0,0.0,1.7490000000000003,,False,0.0,0.0,6.965805609229637,0.0,False
3980,,0.0,0.0,0.0,1.7490000000000003,,False,0.0,0.0,6.965805609229637,0.0,False
3981,,0.0,0.0,0.0,1.7490000000000003,,False,0.0,0.0,6.965805609229637,0.0,False
3982,,0.0,0.0,0.0,1.7490000000000003,,False,0.0,0.0,6.965805609229637,0.0,False
3983,,0.0,0.0,0.0,1.7490000000000003,,False,0.0,0.0,6.965805609229637,0.0,False
3984,,0.0,0.0,0.0,1.7490000000000003,,False,0.0,0.0,6.965805609229637,0.0,False
3985,-0.45031805877466125,-0.45031805877466125,0.0,0.0,1.7490000000000003,-0.45031805877466125,False,0.0,0.0,6.965805609229637,-0.45031805877466125,False
3986,-1.1179235318598364,-1.1179235318598364,0.0,0.0,1.7490000000000003,-1.1179235318598364,False,0.0,0.8117735819598128,6.965805609229637,-0.30614994990002364,False
3987,-0.8876663989023573,-0.8876663989023573,0.0,0.0,1.7490000000000003,-0.8876663989023573,False,0.0,0.8876663989023573,6.542639377256229,0.0,False
3988,-0.5950311480703712,-0.5950311480703712,0.0,0.0,1.7490000000000003,-0.5950311480703712,False,0.0,0.5950311480703712,6.079911279643032,0.0,False
3989,-0.6833425144730552,-0.6833425144730552,0.0,0.0,1.7490000000000003,-0.6833425144730552,False,0.0,0.6833425144730552,5.769729851679028,0.0,False
3990,-0.9528497845135119,-0.9528497845135119,0.0,0.0,1.7490000000000003,-0.9528497845135119,False,0.0,0.9528497845135119,5.413512941664934,0.0,False
3991,-1.5973132526109748,-1.5973132526109748,0.0,0.0,1.7490000000000003,-1.5973132526109748,False,0.0,1.5973132526109748,4.9168056554093225,0.0,False
3992,-1.759287873846887,-1.759287873846887,0.0,0.0,1.7490000000000003,-1.759287873846887,False,0.0,1.759287873846887,4.084148563074878,0.0,False
3993,-1.168959881677499,-1.168959881677499,0.0,0.0,1.7490000000000003,-1.168959881677499,False,0.0,1.168959881677499,3.167056362642627,0.0,False
3994,-1.1688213152385183,-1.1688213152385183,0.0,0.0,1.7490000000000003,-1.1688213152385183,False,0.0,1.1688213152385183,2.557693900682099,0.0,False
3995,-0.38252256540225554,-0.38252256540225554,0.0,0.0,1.7490000000000003,-0.38252256540225554,False,0.0,0.38252256540225554,1.9484036714711512,0.0,False
3996,4.402269251062194,4.402269251062194,4.402269251062194,0.0,1.7490000000000003,0.0,False,4.402269251062194,0.0,1.7490000000000003,0.0,False
3997,3.206835644933455,3.206835644933455,3.206835644933455,0.0,3.8602541648354345,0.0,False,3.206835644933455,0.0,3.8602541648354345,0.0,False
3998,-0.6567748732934229,-0.6567748732934229,0.0,0.6567748732934229,5.398198512440908,0.0,False,0.0,0.6567748732934229,5.398198512440908,0.0,False
3999,2.3879270019684222,2.3879270019684222,2.3879270019684222,0.0,5.055830942760439,0.0,False,2.3879270019684222,0.0,5.055830942760439,0.0,False
4000,9.721208656230996,9.721208656230996,8.745000000000001,0.0,6.201040501901418,0.9762086562309946,False,8.745000000000001,0.0,6.201040501901418,0.9762086562309946,False
4001,2.277513894153277,2.277513894153277,2.277513894153277,0.0,10.394995169038392,0.0,False,2.277513894153277,0.0,10.394995169038392,0.0,False
4002,-13.780380499403169,-13.780380499403169,0.0,8.745000000000001,11.487252461874691,-5.035380499403168,False,0.0,0.0,11.487252461874691,-13.780380499403169,False
4003,-14.886476556592006,-14.886476556592006,0.0,8.745000000000001,6.928606084551894,-6.141476556592005,False,0.0,0.0,11.487252461874691,-14.886476556592006,False
4004,-8.162595031756128,-8.162595031756128,0.0,1.1912072554545343,2.3699597072290963,-6.971387776301594,False,0.0,5.041909497659583,11.487252461874691,-3.1206855340965447,False
4005,-3.499844750735727,-3.499844750735727,0.0,0.0,1.7490000000000003,-3.499844750735727,False,0.0,3.499844750735727,8.85897545029147,0.0,False
4006,-2.3979067535941248,-2.3979067535941248,0.0,0.0,1.7490000000000003,-2.3979067535941248,False,0.0,2.3979067535941248,7.034555256565499,0.0,False
4007,-2.170025518154129,-2.170025518154129,0.0,0.0,1.7490000000000003,-2.170025518154129,False,0.0,2.170025518154129,5.784559952342545,0.0,False
4008,-2.176953636347008,-2.176953636347008,0.0,0.0,1.7490000000000003,-2.176953636347008,False,0.0,2.176953636347008,4.653355953825525,0.0,False
4009,-1.8260519368675647,-1.8260519368675647,0.0,0.0,1.7490000000000003,-1.8260519368675647,False,0.0,1.8260519368675647,3.5185404240447387,0.0,False
4010,-1.4122621781579972,-1.4122621781579972,0.0,0.0,1.7490000000000003,-1.4122621781579972,False,0.0,1.4122621781579972,2.566645049910422,0.0,False
4011,2.770496614932854,2.770496614932854,2.770496614932854,0.0,1.7490000000000003,0.0,False,2.770496614932854,0.0,1.8304524984764645,0.0,False
4012,10.783376719431667,10.783376719431667,8.745000000000001,0.0,3.0776835001126166,2.0383767194316658,False,8.745000000000001,0.0,3.159135998589081,2.0383767194316658,False
4013,18.42355338208114,18.42355338208114,8.745000000000001,0.0,7.2716381672495904,9.678553382081137,False,8.745000000000001,0.0,7.353090665726055,9.678553382081137,False
4014,12.475876652308335,12.475876652308335,8.745000000000001,0.0,11.465592834386564,3.730876652308334,False,8.745000000000001,0.0,11.547045332863028,3.730876652308334,False
4015,-9.844975226396347,-9.844975226396347,0.0,8.745000000000001,15.659547501523537,-1.0999752263963458,False,0.0,0.0,15.741000000000001,-9.844975226396347,False
4016,-16.53816867581224,-16.53816867581224,0.0,8.745000000000001,11.100901124200739,-7.79316867581224,False,0.0,0.0,15.741000000000001,-16.53816867581224,False
4017,-9.200519818473246,-9.200519818473246,0.0,8.745000000000001,6.5422547468779415,-0.4555198184732454,False,0.0,4.433843909973788,15.741000000000001,-4.766675908499458,False
4018,-8.139729339374755,-8.139729339374755,0.0,0.4500568857382234,1.983608369555144,-7.689672453636532,False,0.0,8.139729339374755,13.429699087728217,0.0,False
4019,-6.994479129125702,-6.994479129125702,0.0,0.0,1.7490000000000003,-6.994479129125702,False,0.0,6.994479129125702,9.18657185327095,0.0,False
4020,-4.692395738738046,-4.692395738738046,0.0,0.0,1.7490000000000003,-4.692395738738046,False,0.0,4.692395738738046,5.5404475601607395,0.0,False
4021,-2.580861752464341,-2.580861752464341,0.0,0.0,1.7490000000000003,-2.580861752464341,False,0.0,2.580861752464341,3.0943671901935437,0.0,False
4022,1.06577454742323,1.06577454742323,1.06577454742323,0.0,1.7490000000000003,0.0,False,1.06577454742323,0.0,1.7490000000000003,0.0,False
4023,2.0209896848537654,2.0209896848537654,2.0209896848537654,0.0,2.2601275171276676,0.0,False,2.0209896848537654,0.0,2.2601275171276676,0.0,False
4024,-3.5036696458325274,-3.5036696458325274,0.0,2.8398230936948363,3.2293601210188205,-0.6638465521376911,False,0.0,0.0,3.2293601210188205,-3.5036696458325274,False
4025,-5.489541534899553,-5.489541534899553,0.0,0.0,1.7490000000000003,-5.489541534899553,False,0.0,0.0,3.2293601210188205,-5.489541534899553,False
4026,-2.3825609039408455,-2.3825609039408455,0.0,0.0,1.7490000000000003,-2.3825609039408455,False,0.0,2.306536440398719,3.2293601210188205,-0.07602446354212633,False
4027,-0.5332866532961167,-0.5332866532961167,0.0,0.0,1.7490000000000003,-0.5332866532961167,False,0.0,0.5332866532961167,2.026994885091246,0.0,False
4028,3.3971505545530243,3.3971505545530243,3.3971505545530243,0.0,1.7490000000000003,0.0,False,0.0,0.0,1.7490000000000003,3.3971505545530243,False
4029,6.608079512293869,6.608079512293869,6.608079512293869,0.0,3.3782161718964687,0.0,False,0.0,0.0,1.7490000000000003,6.608079512293869,False
4030,4.640860731109278,4.640860731109278,4.640860731109278,0.0,6.547339775258056,0.0,False,2.170155779143314,0.0,1.7490000000000003,2.470704951965964,False
4031,-1.9965433168118496,-1.9965433168118496,0.0,1.9965433168118496,8.773018394213855,0.0,False,0.0,1.9965433168118496,2.7897701496114786,0.0,False
4032,2.988531108676646,2.988531108676646,2.988531108676646,0.0,7.732248244602376,0.0,False,2.988531108676646,0.0,1.7490000000000003,0.0,False
4033,13.908372605264411,13.908372605264411,8.745000000000001,0.0,9.165497414541592,5.16337260526441,False,8.745000000000001,0.0,3.182249169939217,5.16337260526441,False
4034,6.394144977481495,6.394144977481495,4.965870687376404,0.0,13.359452081678565,1.428274290105091,False,6.394144977481495,0.0,7.376203837076191,0.0,False
4035,8.20846862608321,8.20846862608321,0.0,0.0,15.741000000000001,8.20846862608321,False,8.20846862608321,0.0,10.442728041839937,0.0,False
4036,,0.0,0.0,0.0,15.741000000000001,,False,0.0,0.0,14.379371301349268,0.0,False
4037,,0.0,0.0,0.0,15.741000000000001,,False,0.0,0.0,14.379371301349268,0.0,False
4038,,0.0,0.0,0.0,15.741000000000001,,False,0.0,0.0,14.379371301349268,0.0,False
4039,,0.0,0.0,0.0,15.741000000000001,,False,0.0,0.0,14.379371301349268,0.0,False
4040,,0.0,0.0,0.0,15.741000000000001,,False,0.0,0.0,14.379371301349268,0.0,False
4041,,0.0,0.0,0.0,15.741000000000001,,False,0.0,0.0,14.379371301349268,0.0,False
4042,,0.0,0.0,0.0,15.741000000000001,,False,0.0,0.0,14.379371301349268,0.0,False
4043,,0.0,0.0,0.0,15.741000000000001,,False,0.0,0.0,14.379371301349268,0.0,False
4044,,0.0,0.0,0.0,15.741000000000001,,False,0.0,0.0,14.379371301349268,0.0,False
4045,,0.0,0.0,0.0,15.741000000000001,,False,0.0,0.0,14.379371301349268,0.0,False
4046,,0.0,0.0,0.0,15.741000000000001,,False,0.0,0.0,14.379371301349268,0.0,False
4047,,0.0,0.0,0.0,15.741000000000001,,False,0.0,0.0,14.379371301349268,0.0,False
4048,,0.0,0.0,0.0,15.741000000000001,,False,0.0,0.0,14.379371301349268,0.0,False
4049,,0.0,0.0,0.0,15.741000000000001,,False,0.0,0.0,14.379371301349268,0.0,False
4050,,0.0,0.0,0.0,15.741000000000001,,False,0.0,0.0,14.379371301349268,0.0,False
4051,,0.0,0.0,0.0,15.741000000000001,,False,0.0,0.0,14.379371301349268,0.0,False
4052,,0.0,0.0,0.0,15.741000000000001,,False,0.0,0.0,14.379371301349268,0.0,False
4053,,0.0,0.0,0.0,15.741000000000001,,False,0.0,0.0,14.379371301349268,0.0,False
4054,,0.0,0.0,0.0,15.741000000000001,,False,0.0,0.0,14.379371301349268,0.0,False
4055,,0.0,0.0,0.0,15.741000000000001,,False,0.0,0.0,14.379371301349268,0.0,False
4056,,0.0,0.0,0.0,15.741000000000001,,False,0.0,0.0,14.379371301349268,0.0,False
4057,,0.0,0.0,0.0,15.741000000000001,,False,0.0,0.0,14.379371301349268,0.0,False
4058,,0.0,0.0,0.0,15.741000000000001,,False,0.0,0.0,14.379371301349268,0.0,False
4059,,0.0,0.0,0.0,15.741000000000001,,False,0.0,0.0,14.379371301349268,0.0,False
4060,,0.0,0.0,0.0,15.741000000000001,,False,0.0,0.0,14.379371301349268,0.0,False
4061,,0.0,0.0,0.0,15.741000000000001,,False,0.0,0.0,14.379371301349268,0.0,False
4062,,0.0,0.0,0.0,15.741000000000001,,False,0.0,0.0,14.379371301349268,0.0,False
4063,,0.0,0.0,0.0,15.741000000000001,,False,0.0,0.0,14.379371301349268,0.0,False
4064,,0.0,0.0,0.0,15.741000000000001,,False,0.0,0.0,14.379371301349268,0.0,False
4065,,0.0,0.0,0.0,15.741000000000001,,False,0.0,0.0,14.379371301349268,0.0,False
4066,,0.0,0.0,0.0,15.741000000000001,,False,0.0,0.0,14.379371301349268,0.0,False
4067,,0.0,0.0,0.0,15.741000000000001,,False,0.0,0.0,14.379371301349268,0.0,False
4068,,0.0,0.0,0.0,15.741000000000001,,False,0.0,0.0,14.379371301349268,0.0,False
4069,,0.0,0.0,0.0,15.741000000000001,,False,0.0,0.0,14.379371301349268,0.0,False
4070,,0.0,0.0,0.0,15.741000000000001,,False,0.0,0.0,14.379371301349268,0.0,False
4071,,0.0,0.0,0.0,15.741000000000001,,False,0.0,0.0,14.379371301349268,0.0,False
4072,,0.0,0.0,0.0,15.741000000000001,,False,0.0,0.0,14.379371301349268,0.0,False
4073,,0.0,0.0,0.0,15.741000000000001,,False,0.0,0.0,14.379371301349268,0.0,False
4074,-2.198199880804562,-2.198199880804562,0.0,2.198199880804562,15.741000000000001,0.0,False,0.0,2.198199880804562,14.379371301349268,0.0,False
4075,-1.9239515990653697,-1.9239515990653697,0.0,1.9239515990653697,14.595109099684265,0.0,False,0.0,1.9239515990653697,13.233480401033532,0.0,False
4076,-1.1399027021299664,-1.1399027021299664,0.0,1.1399027021299664,13.592179998801047,0.0,False,0.0,1.1399027021299664,12.230551300150314,0.0,False
4077,-0.5389228594234584,-0.5389228594234584,0.0,0.5389228594234584,12.997964638759282,0.0,False,0.0,0.5389228594234584,11.636335940108548,0.0,False
4078,-0.918168535010903,-0.918168535010903,0.0,0.918168535010903,12.717031678122668,0.0,False,0.0,0.918168535010903,11.355402979471934,0.0,False
4079,-1.6765136084939618,-1.6765136084939618,0.0,1.6765136084939618,12.238403242914066,0.0,False,0.0,1.6765136084939618,10.876774544263332,0.0,False
4080,-1.7280975543322938,-1.7280975543322938,0.0,1.7280975543322938,11.36446011107949,0.0,False,0.0,1.7280975543322938,10.002831412428757,0.0,False
4081,-1.5189199023377216,-1.5189199023377216,0.0,1.5189199023377216,10.463626988641835,0.0,False,0.0,1.5189199023377216,9.101998289991101,0.0,False
4082,-1.2569609125657761,-1.2569609125657761,0.0,1.2569609125657761,9.671835255052887,0.0,False,0.0,1.2569609125657761,8.310206556402154,0.0,False
4083,2.0330269523000246,2.0330269523000246,2.0330269523000246,0.0,9.01659908461214,0.0,False,2.0330269523000246,0.0,7.654970385961406,0.0,False
4084,4.582221104346798,4.582221104346798,4.582221104346798,0.0,9.991604559170625,0.0,False,4.582221104346798,0.0,8.62997586051989,0.0,False
4085,6.157378558071268,6.157378558071268,6.157378558071268,0.0,12.189160601072146,0.0,False,6.157378558071268,0.0,10.82753190242141,0.0,False
4086,1.0142142670333665,1.0142142670333665,1.0142142670333665,0.0,15.142135620048947,0.0,False,1.0142142670333665,0.0,13.78050692139821,0.0,False
4087,-4.966728062464513,-4.966728062464513,0.0,4.966728062464513,15.62853569537216,0.0,False,0.0,4.966728062464513,14.266906996721422,0.0,False
4088,2.570421697284587,2.570421697284587,2.570421697284587,0.0,13.039449716058114,0.0,False,0.0,0.0,11.677821017407377,2.570421697284587,False
4089,14.127232092877305,14.127232092877305,3.06270004773408,0.0,14.272180656462554,11.064532045143224,False,0.0,0.0,11.677821017407377,14.127232092877305,False
4090,10.32957648518841,10.32957648518841,0.0,0.0,15.741000000000001,10.32957648518841,False,8.472313847643223,0.0,11.677821017407377,1.8572626375451868,False
4091,-3.1869117893925436,-3.1869117893925436,0.0,3.1869117893925436,15.741000000000001,0.0,False,0.0,0.977406003366169,15.741000000000001,-2.2095057860263747,False
4092,-4.671296481183716,-4.671296481183716,0.0,4.671296481183716,14.079707388958077,0.0,False,0.0,4.671296481183716,15.231491899780591,0.0,False
4093,4.909780398960395,4.909780398960395,4.909780398960395,0.0,11.644625767305833,0.0,False,4.909780398960395,0.0,12.796410278128347,0.0,False
4094,1.230113605985134,1.230113605985134,1.230113605985134,0.0,13.999273728293549,0.0,False,1.230113605985134,0.0,15.151058239116063,0.0,False
4095,-3.807475255935815,-3.807475255935815,0.0,3.807475255935815,14.589215489177487,0.0,False,0.0,0.0,15.741000000000001,-3.807475255935815,False
4096,-2.3617832488301223,-2.3617832488301223,0.0,2.3617832488301223,12.604431809106819,0.0,False,0.0,0.0,15.741000000000001,-2.3617832488301223,False
4097,-8.424242912964502,-8.424242912964502,0.0,8.424242912964502,11.37326718345775,0.0,False,0.0,0.0,15.741000000000001,-8.424242912964502,False
4098,-10.72612184758939,-10.72612184758939,0.0,8.745000000000001,6.981826996279606,-1.9811218475893888,False,0.0,0.0,15.741000000000001,-10.72612184758939,False
4099,-10.288443623597756,-10.288443623597756,0.0,1.2933026659198172,2.423180618956809,-8.995140957677938,False,0.0,8.618434702984548,15.741000000000001,-1.670008920613208,False
4100,-11.911825703043545,-11.911825703043545,0.0,0.0,1.7490000000000003,-11.911825703043545,False,0.0,8.745000000000001,11.248330344545046,-3.1668257030435445,False
4101,-7.544653496120315,-7.544653496120315,0.0,0.0,1.7490000000000003,-7.544653496120315,False,0.0,7.544653496120315,6.689683967222248,0.0,False
4102,-1.239259197337519,-1.239259197337519,0.0,0.0,1.7490000000000003,-1.239259197337519,False,0.0,1.239259197337519,2.7567614597042773,0.0,False
4103,-0.6939624732342453,-0.6939624732342453,0.0,0.0,1.7490000000000003,-0.6939624732342453,False,0.0,0.6939624732342453,2.110752946210093,0.0,False
4104,0.4089448436066011,0.4089448436066011,0.4089448436066011,0.0,1.7490000000000003,0.0,False,0.0,0.0,1.7490000000000003,0.4089448436066011,False
4105,5.187673733429253,5.187673733429253,5.187673733429253,0.0,1.945123057226473,0.0,False,0.0,0.0,1.7490000000000003,5.187673733429253,False
4106,20.877789812834884,20.877789812834884,8.745000000000001,0.0,4.433043979570613,12.132789812834883,False,0.0,0.0,1.7490000000000003,20.877789812834884,True
4107,26.056819212581633,26.056819212581633,8.745000000000001,0.0,8.626998646707587,17.311819212581632,False,0.0,0.0,1.7490000000000003,26.056819212581633,True
4108,17.216131917191326,17.216131917191326,6.088718237830043,0.0,12.820953313844562,11.127413679361283,False,0.0,0.0,1.7490000000000003,17.216131917191326,False
4109,32.91464677348653,32.91464677348653,0.0,0.0,15.741000000000001,32.91464677348653,True,0.0,0.0,1.7490000000000003,32.91464677348653,True
4110,30.754065310122915,30.754065310122915,0.0,0.0,15.741000000000001,30.754065310122915,True,0.0,0.0,1.7490000000000003,30.754065310122915,True
4111,8.653354046885948,8.653354046885948,0.0,0.0,15.741000000000001,8.653354046885948,False,2.591800544501492,0.0,1.7490000000000003,6.061553502384456,False
4112,15.680077983555881,15.680077983555881,0.0,0.0,15.741000000000001,15.680077983555881,False,0.0,0.0,2.991983875345933,15.680077983555881,False
4113,8.450900866224739,8.450900866224739,0.0,0.0,15.741000000000001,8.450900866224739,False,8.450900866224739,0.0,2.991983875345933,0.0,False
4114,-7.870981071564285,-7.870981071564285,0.0,7.870981071564285,15.741000000000001,0.0,False,0.0,7.870981071564285,7.04489355280907,0.0,False
4115,-2.2883042263038478,-2.2883042263038478,0.0,2.2883042263038478,11.637967484521118,0.0,False,0.0,2.2883042263038478,2.941861037330187,0.0,False
4116,4.195352673424204,4.195352673424204,4.195352673424204,0.0,10.445106447190932,0.0,False,0.0,0.0,1.7490000000000003,4.195352673424204,False
4117,7.432364869595115,7.432364869595115,6.847348737302027,0.0,12.45712690745314,0.585016132293088,False,0.0,0.0,1.7490000000000003,7.432364869595115,False
4118,13.340536513469388,13.340536513469388,0.0,0.0,15.741000000000001,13.340536513469388,False,0.0,0.0,1.7490000000000003,13.340536513469388,False
4119,19.231420364468658,19.231420364468658,0.0,0.0,15.741000000000001,19.231420364468658,True,0.0,0.0,1.7490000000000003,19.231420364468658,True
4120,13.203464577904006,13.203464577904006,0.0,0.0,15.741000000000001,13.203464577904006,False,0.0,0.0,1.7490000000000003,13.203464577904006,False
4121,8.038871783825535,8.038871783825535,0.0,0.0,15.741000000000001,8.038871783825535,False,8.038871783825535,0.0,1.7490000000000003,0.0,False
4122,10.551194114271674,10.551194114271674,0.0,0.0,15.741000000000001,10.551194114271674,False,3.646465031040367,0.0,5.604307471273966,6.904729083231307,False
4123,13.315323217694587,13.315323217694587,0.0,0.0,15.741000000000001,13.315323217694587,False,8.745000000000001,0.0,7.353090665726055,4.570323217694586,False
4124,11.435322746375935,11.435322746375935,0.0,0.0,15.741000000000001,11.435322746375935,False,8.745000000000001,0.0,11.547045332863028,2.6903227463759336,False
4125,-4.139704502064975,-4.139704502064975,0.0,4.139704502064975,15.741000000000001,0.0,False,0.0,4.139704502064975,15.741000000000001,0.0,False
4126,-8.399738828582366,-8.399738828582366,0.0,8.399738828582366,13.58302985345622,0.0,False,0.0,8.399738828582366,13.58302985345622,0.0,False
4127,,0.0,0.0,0.0,9.20436330327044,,False,0.0,0.0,9.20436330327044,0.0,False
4128,,0.0,0.0,0.0,9.20436330327044,,False,0.0,0.0,9.20436330327044,0.0,False
4129,,0.0,0.0,0.0,9.20436330327044,,False,0.0,0.0,9.20436330327044,0.0,False
4130,,0.0,0.0,0.0,9.20436330327044,,False,0.0,0.0,9.20436330327044,0.0,False
4131,,0.0,0.0,0.0,9.20436330327044,,False,0.0,0.0,9.20436330327044,0.0,False
4132,,0.0,0.0,0.0,9.20436330327044,,False,0.0,0.0,9.20436330327044,0.0,False
4133,,0.0,0.0,0.0,9.20436330327044,,False,0.0,0.0,9.20436330327044,0.0,False
4134,,0.0,0.0,0.0,9.20436330327044,,False,0.0,0.0,9.20436330327044,0.0,False
4135,,0.0,0.0,0.0,9.20436330327044,,False,0.0,0.0,9.20436330327044,0.0,False
4136,,0.0,0.0,0.0,9.20436330327044,,False,0.0,0.0,9.20436330327044,0.0,False
4137,,0.0,0.0,0.0,9.20436330327044,,False,0.0,0.0,9.20436330327044,0.0,False
4138,,0.0,0.0,0.0,9.20436330327044,,False,0.0,0.0,9.20436330327044,0.0,False
4139,,0.0,0.0,0.0,9.20436330327044,,False,0.0,0.0,9.20436330327044,0.0,False
4140,,0.0,0.0,0.0,9.20436330327044,,False,0.0,0.0,9.20436330327044,0.0,False
4141,,0.0,0.0,0.0,9.20436330327044,,False,0.0,0.0,9.20436330327044,0.0,False
4142,,0.0,0.0,0.0,9.20436330327044,,False,0.0,0.0,9.20436330327044,0.0,False
4143,,0.0,0.0,0.0,9.20436330327044,,False,0.0,0.0,9.20436330327044,0.0,False
4144,,0.0,0.0,0.0,9.20436330327044,,False,0.0,0.0,9.20436330327044,0.0,False
4145,,0.0,0.0,0.0,9.20436330327044,,False,0.0,0.0,9.20436330327044,0.0,False
4146,,0.0,0.0,0.0,9.20436330327044,,False,0.0,0.0,9.20436330327044,0.0,False
4147,,0.0,0.0,0.0,9.20436330327044,,False,0.0,0.0,9.20436330327044,0.0,False
4148,,0.0,0.0,0.0,9.20436330327044,,False,0.0,0.0,9.20436330327044,0.0,False
4149,,0.0,0.0,0.0,9.20436330327044,,False,0.0,0.0,9.20436330327044,0.0,False
4150,,0.0,0.0,0.0,9.20436330327044,,False,0.0,0.0,9.20436330327044,0.0,False
4151,,0.0,0.0,0.0,9.20436330327044,,False,0.0,0.0,9.20436330327044,0.0,False
4152,,0.0,0.0,0.0,9.20436330327044,,False,0.0,0.0,9.20436330327044,0.0,False
4153,-0.8915976512223382,-0.8915976512223382,0.0,0.8915976512223382,9.20436330327044,0.0,False,0.0,0.8915976512223382,9.20436330327044,0.0,False
4154,4.773745608538916,4.773745608538916,4.773745608538916,0.0,8.739585898722215,0.0,False,4.773745608538916,0.0,8.739585898722215,0.0,False
4155,3.8982315774570515,3.8982315774570515,3.8982315774570515,0.0,11.028993866092875,0.0,False,3.8982315774570515,0.0,11.028993866092875,0.0,False
4156,-2.076358106860946,-2.076358106860946,0.0,2.076358106860946,12.898520054527035,0.0,False,0.0,2.076358106860946,12.898520054527035,0.0,False
4157,-6.223379204436426,-6.223379204436426,0.0,6.223379204436426,11.816143569465117,0.0,False,0.0,6.223379204436426,11.816143569465117,0.0,False
4158,1.6964333014624593,1.6964333014624593,1.6964333014624593,0.0,8.571982898795003,0.0,False,0.0,0.0,8.571982898795003,1.6964333014624593,False
4159,10.627800313049711,10.627800313049711,8.745000000000001,0.0,9.385563729230116,1.8828003130497102,False,0.0,0.0,8.571982898795003,10.627800313049711,False
4160,9.077821000601906,9.077821000601906,4.507000700766631,0.0,13.579518396367089,4.570820299835275,False,4.457275375663143,0.0,8.571982898795003,4.620545624938763,False
4161,7.4842230012801005,7.4842230012801005,0.0,0.0,15.741000000000001,7.4842230012801005,False,7.4842230012801005,0.0,10.709617074264088,0.0,False
4162,3.0069356252858475,3.0069356252858475,0.0,0.0,15.741000000000001,3.0069356252858475,False,3.0069356252858475,0.0,14.29892433396821,0.0,False
4163,-8.33589143895231,-8.33589143895231,0.0,8.33589143895231,15.741000000000001,0.0,False,0.0,0.0,15.741000000000001,-8.33589143895231,False
4164,-11.003544181742477,-11.003544181742477,0.0,8.745000000000001,11.395616202408686,-2.258544181742476,False,0.0,5.186623487716674,15.741000000000001,-5.816920694025803,False
4165,-5.017915460316974,-5.017915460316974,0.0,5.017915460316974,6.836969825085888,0.0,False,0.0,5.017915460316974,13.037285606310242,0.0,False
4166,-0.5006359074923533,-0.5006359074923533,0.0,0.5006359074923533,4.221200570096062,0.0,False,0.0,0.5006359074923533,10.421516351320415,0.0,False
4167,-3.7581409024003216,-3.7581409024003216,0.0,3.7581409024003216,3.9602260628293124,0.0,False,0.0,3.7581409024003216,10.160541844053665,0.0,False
4168,-7.73409715134961,-7.73409715134961,0.0,0.4837261605146731,2.001159692309489,-7.250370990834937,False,0.0,7.73409715134961,8.201475473533842,0.0,False
4169,-4.643896960400696,-4.643896960400696,0.0,0.0,1.7490000000000003,-4.643896960400696,False,0.0,4.643896960400696,4.169798634098454,0.0,False
4170,1.8618788522255203,1.8618788522255203,1.8618788522255203,0.0,1.7490000000000003,0.0,False,0.0,0.0,1.7490000000000003,1.8618788522255203,False
4171,6.8834982149514214,6.8834982149514214,6.8834982149514214,0.0,2.641925729209246,0.0,False,0.0,0.0,1.7490000000000003,6.8834982149514214,False
4172,11.083559667247329,11.083559667247329,8.745000000000001,0.0,5.943135502202332,2.3385596672473277,False,0.0,0.0,1.7490000000000003,11.083559667247329,False
4173,12.408428987334736,12.408428987334736,8.745000000000001,0.0,10.137090169339306,3.6634289873347345,False,0.0,0.0,1.7490000000000003,12.408428987334736,False
4174,12.200299492062186,12.200299492062186,2.939959747688957,0.0,14.33104483647628,9.26033974437323,False,0.3593345671883046,0.0,1.7490000000000003,11.840964924873882,False
4175,14.79368879479313,14.79368879479313,0.0,0.0,15.741000000000001,14.79368879479313,False,8.745000000000001,0.0,1.9213308044737607,6.048688794793129,False
4176,6.539244731277057,6.539244731277057,0.0,0.0,15.741000000000001,6.539244731277057,False,6.539244731277057,0.0,6.1152854716107345,0.0,False
4177,1.2341318875502392,1.2341318875502392,0.0,0.0,15.741000000000001,1.2341318875502392,False,1.2341318875502392,0.0,9.251397073702247,0.0,False
4178,7.013482409040158,7.013482409040158,0.0,0.0,15.741000000000001,7.013482409040158,False,7.013482409040158,0.0,9.843265934726134,0.0,False
4179,2.2203397377383034,2.2203397377383034,0.0,0.0,15.741000000000001,2.2203397377383034,False,2.2203397377383034,0.0,13.206813937273536,0.0,False
4180,-1.9224893171084114,-1.9224893171084114,0.0,1.9224893171084114,15.741000000000001,0.0,False,0.0,1.9224893171084114,14.27165146794446,0.0,False
4181,5.153465783276635,5.153465783276635,2.089662301204794,0.0,14.738833166280386,3.063803482071841,False,5.153465783276635,0.0,13.269484634224845,0.0,False
4182,-2.9196860086777954,-2.9196860086777954,0.0,2.9196860086777954,15.741000000000001,0.0,False,0.0,2.9196860086777954,15.741000000000001,0.0,False
4183,-10.429974933485903,-10.429974933485903,0.0,8.745000000000001,14.219008456674777,-1.6849749334859023,False,0.0,8.745000000000001,14.219008456674777,-1.6849749334859023,False
4184,9.614009299177935,9.614009299177935,8.745000000000001,0.0,9.66036207935198,0.8690092991779341,False,1.4205648535211657,0.0,9.66036207935198,8.19344444565677,False
4185,23.2427112564908,23.2427112564908,3.934006531171513,0.0,13.854316746488955,19.308704725319288,True,8.745000000000001,0.0,10.341641049894672,14.497711256490799,False
4186,2.5134416776503503,2.5134416776503503,0.0,0.0,15.741000000000001,2.5134416776503503,False,2.5134416776503503,0.0,14.535595717031645,0.0,False
4187,-11.703343438503671,-11.703343438503671,0.0,8.745000000000001,15.741000000000001,-2.95834343850367,False,0.0,2.1507859860203933,15.741000000000001,-9.552557452483278,False
4188,0.18789729455648194,0.18789729455648194,0.18789729455648194,0.0,11.182353622677205,0.0,False,0.18789729455648194,0.0,14.619825300906976,0.0,False
4189,2.149913559813512,2.149913559813512,2.149913559813512,0.0,11.27246599951512,0.0,False,2.149913559813512,0.0,14.709937677744891,0.0,False
4190,-9.624253949566455,-9.624253949566455,0.0,8.745000000000001,12.30352832177023,-0.8792539495664542,False,0.0,0.6063098696766263,15.741000000000001,-9.01794407988983,False
4191,-8.589371985795374,-8.589371985795374,0.0,8.589371985795374,7.744881944447433,0.0,False,0.0,0.0,15.424939131968394,-8.589371985795374,False
4192,-5.5819763787677985,-5.5819763787677985,0.0,2.9127238699016496,3.2673622776064946,-2.669252508866149,False,0.0,0.0,15.424939131968394,-5.5819763787677985,False
4193,-11.529699456510778,-11.529699456510778,0.0,0.0,1.7490000000000003,-11.529699456510778,False,0.0,8.745000000000001,15.424939131968394,-2.7846994565107774,False
4194,-15.198239763378211,-15.198239763378211,0.0,0.0,1.7490000000000003,-15.198239763378211,False,0.0,8.745000000000001,10.866292754645595,-6.45323976337821,False
4195,-11.022633380299753,-11.022633380299753,0.0,0.0,1.7490000000000003,-11.022633380299753,False,0.0,8.745000000000001,6.307646377322798,-2.2776333802997524,False
4196,-2.8209312517904843,-2.8209312517904843,0.0,0.0,1.7490000000000003,-2.8209312517904843,False,0.0,0.0,1.7490000000000003,-2.8209312517904843,False
4197,-0.6223747662054412,-0.6223747662054412,0.0,0.0,1.7490000000000003,-0.6223747662054412,False,0.0,0.0,1.7490000000000003,-0.6223747662054412,False
4198,-0.7624601164925413,-0.7624601164925413,0.0,0.0,1.7490000000000003,-0.7624601164925413,False,0.0,0.0,1.7490000000000003,-0.7624601164925413,False
4199,-0.8805378747099145,-0.8805378747099145,0.0,0.0,1.7490000000000003,-0.8805378747099145,False,0.0,0.0,1.7490000000000003,-0.8805378747099145,False
4200,-0.5218652629244732,-0.5218652629244732,0.0,0.0,1.7490000000000003,-0.5218652629244732,False,0.0,0.0,1.7490000000000003,-0.5218652629244732,False
4201,1.138174029530247,1.138174029530247,1.138174029530247,0.0,1.7490000000000003,0.0,False,0.0,0.0,1.7490000000000003,1.138174029530247,False
4202,1.2859713925981533,1.2859713925981533,1.2859713925981533,0.0,2.2948490889837023,0.0,False,0.764687897836037,0.0,1.7490000000000003,0.5212834947621163,False
4203,-0.7035128660091542,-0.7035128660091542,0.0,0.7035128660091542,2.9115793032537605,0.0,False,0.0,0.7035128660091542,2.1157314325937806,0.0,False
4204,0.6462577318198791,0.6462577318198791,0.6462577318198791,0.0,2.54484787065998,0.0,False,0.0,0.0,1.7490000000000003,0.6462577318198791,False
4205,2.1339223732663837,2.1339223732663837,2.1339223732663837,0.0,2.8547821909046154,0.0,False,0.0,0.0,1.7490000000000003,2.1339223732663837,False
4206,2.820218017743803,2.820218017743803,2.820218017743803,0.0,3.878175409505937,0.0,False,1.8223496304228255,0.0,1.7490000000000003,0.9978683873209775,False
4207,0.8970043605656671,0.8970043605656671,0.8970043605656671,0.0,5.2307044567169605,0.0,False,0.8970043605656671,0.0,2.6229681804079075,0.0,False
4208,0.7836086296963084,0.7836086296963084,0.7836086296963084,0.0,5.6608926356119404,0.0,False,0.7836086296963084,0.0,3.053156359302887,0.0,False
4209,7.751004016379178,7.751004016379178,7.751004016379178,0.0,6.036698132435684,0.0,False,7.751004016379178,0.0,3.428961856126631,0.0,False
4210,17.40248258872799,17.40248258872799,8.745000000000001,0.0,9.753949072343161,8.65748258872799,False,8.745000000000001,0.0,7.146212796034107,8.65748258872799,False
4211,17.342871753367863,17.342871753367863,3.7388641611023163,0.0,13.947903739480136,13.604007592265546,False,8.745000000000001,0.0,11.340167463171081,8.597871753367862,False
4212,0.431370177801919,0.431370177801919,0.0,0.0,15.741000000000001,0.431370177801919,False,0.431370177801919,0.0,15.534122130308056,0.0,False
4213,-9.00268219604939,-9.00268219604939,0.0,8.745000000000001,15.741000000000001,-0.25768219604938913,False,0.0,6.930226798154719,15.741000000000001,-2.0724553978946707,False
4214,-2.6813192725615536,-2.6813192725615536,0.0,2.6813192725615536,11.182353622677205,0.0,False,0.0,2.6813192725615536,12.12836954975033,0.0,False
4215,5.863205367905201,5.863205367905201,5.863205367905201,0.0,9.78461933013192,0.0,False,5.863205367905201,0.0,10.730635257205044,0.0,False
4216,4.584127317655965,4.584127317655965,4.584127317655965,0.0,12.596513843237531,0.0,False,4.584127317655965,0.0,13.542529770310656,0.0,False
4217,-8.948142878014329,-8.948142878014329,0.0,8.745000000000001,14.794984072926876,-0.20314287801432762,False,0.0,0.0,15.741000000000001,-8.948142878014329,False
4218,-12.054020925742188,-12.054020925742188,0.0,8.745000000000001,10.236337695604078,-3.309020925742187,False,0.0,3.072802478549398,15.741000000000001,-8.98121844719279,False
4219,-5.123943875255636,-5.123943875255636,0.0,5.123943875255636,5.677691318281281,0.0,False,0.0,5.123943875255636,14.139190979180364,0.0,False
4220,-7.776065675587408,-7.776065675587408,0.0,2.4125927925757122,3.006650931255616,-5.363472883011696,False,0.0,7.776065675587408,11.4681505921547,0.0,False
4221,-9.89701909975803,-9.89701909975803,0.0,0.0,1.7490000000000003,-9.89701909975803,False,0.0,8.745000000000001,7.4145961471186,-1.1520190997580286,False
4222,-2.1234978402841875,-2.1234978402841875,0.0,0.0,1.7490000000000003,-2.1234978402841875,False,0.0,2.1234978402841875,2.855949769795803,0.0,False
4223,3.519081045507475,3.519081045507475,3.519081045507475,0.0,1.7490000000000003,0.0,False,3.519081045507475,0.0,1.7490000000000003,0.0,False
4224,3.791587521556077,3.791587521556077,3.791587521556077,0.0,3.4366919811137038,0.0,False,3.791587521556077,0.0,3.4366919811137038,0.0,False
4225,-1.6351091652878853,-1.6351091652878853,0.0,1.6351091652878853,5.255073477041481,0.0,False,0.0,1.6351091652878853,5.255073477041481,0.0,False
4226,5.6040887329909435,5.6040887329909435,5.6040887329909435,0.0,4.402713903243091,0.0,False,5.6040887329909435,0.0,4.402713903243091,0.0,False
4227,12.995070112160462,12.995070112160462,8.745000000000001,0.0,7.090340443755052,4.250070112160461,False,8.745000000000001,0.0,7.090340443755052,4.250070112160461,False
4228,-0.08976377536750502,-0.08976377536750502,0.0,0.08976377536750502,11.284295110892025,0.0,False,0.0,0.08976377536750502,11.284295110892025,0.0,False
4229,2.330543842442661,2.330543842442661,2.330543842442661,0.0,11.237502508331259,0.0,False,2.330543842442661,0.0,11.237502508331259,0.0,False
4230,0.6392836740436563,0.6392836740436563,0.6392836740436563,0.0,12.355192070936145,0.0,False,0.6392836740436563,0.0,12.355192070936145,0.0,False
4231,-6.7185352952211765,-6.7185352952211765,0.0,6.7185352952211765,12.661781750567918,0.0,False,0.0,0.0,12.661781750567918,-6.7185352952211765,False
4232,-6.391016052249727,-6.391016052249727,0.0,6.391016052249727,9.15950312455587,0.0,False,0.0,0.0,12.661781750567918,-6.391016052249727,False
4233,-6.802990041778718,-6.802990041778718,0.0,6.802990041778718,5.827955706145343,0.0,False,0.0,0.973562268601773,12.661781750567918,-5.829427773176945,False
4234,-2.79075382606302,-2.79075382606302,0.0,1.0218037013125347,2.281652000151334,-1.768950124750485,False,0.0,2.79075382606302,12.15427733560398,0.0,False
4235,5.385199512717936,5.385199512717936,5.385199512717936,0.0,1.7490000000000003,0.0,False,5.385199512717936,0.0,10.699496338556305,0.0,False
4236,5.127062306607358,5.127062306607358,5.127062306607358,0.0,4.331650958242098,0.0,False,5.127062306607358,0.0,13.282147296798403,0.0,False
4237,-4.90788800259328,-4.90788800259328,0.0,4.90788800259328,6.790503661443697,0.0,False,0.0,0.0,15.741000000000001,-4.90788800259328,False
4238,-6.8215799502686165,-6.8215799502686165,0.0,4.763392871185992,4.232090183647486,-2.058187079082624,False,0.0,0.0,15.741000000000001,-6.8215799502686165,False
4239,-2.0598463364148634,-2.0598463364148634,0.0,4.2595540635239357e-16,1.7490000000000006,-2.059846336414863,False,0.0,0.0,15.741000000000001,-2.0598463364148634,False
4240,-1.1539324093486973,-1.1539324093486973,0.0,0.0,1.7490000000000003,-1.1539324093486973,False,0.0,0.0,15.741000000000001,-1.1539324093486973,False
4241,-7.687411278238075,-7.687411278238075,0.0,0.0,1.7490000000000003,-7.687411278238075,False,0.0,0.0,15.741000000000001,-7.687411278238075,False
4242,-8.32531194634153,-8.32531194634153,0.0,0.0,1.7490000000000003,-8.32531194634153,False,0.0,1.0456959414229086,15.741000000000001,-7.279616004918622,False
4243,-4.884984060019163,-4.884984060019163,0.0,0.0,1.7490000000000003,-4.884984060019163,False,0.0,4.884984060019163,15.195893308730854,0.0,False
4244,-3.27932788419512,-3.27932788419512,0.0,0.0,1.7490000000000003,-3.27932788419512,False,0.0,3.27932788419512,12.64941933634824,0.0,False
4245,-1.6027498992450762,-1.6027498992450762,0.0,0.0,1.7490000000000003,-1.6027498992450762,False,0.0,1.6027498992450762,10.93995150566331,0.0,False
4246,-0.4937133309426241,-0.4937133309426241,0.0,0.0,1.7490000000000003,-0.4937133309426241,False,0.0,0.4937133309426241,10.104460365360502,0.0,False
4247,-1.117628548891927,-1.117628548891927,0.0,0.0,1.7490000000000003,-1.117628548891927,False,0.0,1.117628548891927,9.847094500576333,0.0,False
4248,-1.037471564783113,-1.037471564783113,0.0,0.0,1.7490000000000003,-1.037471564783113,False,0.0,1.037471564783113,9.264490345562185,0.0,False
4249,-0.6925803820105889,-0.6925803820105889,0.0,0.0,1.7490000000000003,-0.6925803820105889,False,0.0,0.6925803820105889,8.723670906983116,0.0,False
4250,-0.9068753990921216,-0.9068753990921216,0.0,0.0,1.7490000000000003,-0.9068753990921216,False,0.0,0.9068753990921216,8.362638425627209,0.0,False
4251,-0.930928136446818,-0.930928136446818,0.0,0.0,1.7490000000000003,-0.930928136446818,False,0.0,0.930928136446818,7.8898969444660345,0.0,False
4252,-0.815703680827483,-0.815703680827483,0.0,0.0,1.7490000000000003,-0.815703680827483,False,0.0,0.815703680827483,7.404617107214903,0.0,False
4253,-1.203280827306913,-1.203280827306913,0.0,0.0,1.7490000000000003,-1.203280827306913,False,0.0,1.203280827306913,6.9794021695850486,0.0,False
4254,-1.5881652065651488,-1.5881652065651488,0.0,0.0,1.7490000000000003,-1.5881652065651488,False,0.0,1.5881652065651488,6.352148677955015,0.0,False
4255,,0.0,0.0,0.0,1.7490000000000003,,False,0.0,0.0,5.5242603342731025,0.0,False
4256,,0.0,0.0,0.0,1.7490000000000003,,False,0.0,0.0,5.5242603342731025,0.0,False
4257,,0.0,0.0,0.0,1.7490000000000003,,False,0.0,0.0,5.5242603342731025,0.0,False
4258,,0.0,0.0,0.0,1.7490000000000003,,False,0.0,0.0,5.5242603342731025,0.0,False
4259,,0.0,0.0,0.0,1.7490000000000003,,False,0.0,0.0,5.5242603342731025,0.0,False
4260,,0.0,0.0,0.0,1.7490000000000003,,False,0.0,0.0,5.5242603342731025,0.0,False
4261,,0.0,0.0,0.0,1.7490000000000003,,False,0.0,0.0,5.5242603342731025,0.0,False
4262,,0.0,0.0,0.0,1.7490000000000003,,False,0.0,0.0,5.5242603342731025,0.0,False
4263,,0.0,0.0,0.0,1.7490000000000003,,False,0.0,0.0,5.5242603342731025,0.0,False
4264,,0.0,0.0,0.0,1.7490000000000003,,False,0.0,0.0,5.5242603342731025,0.0,False
4265,,0.0,0.0,0.0,1.7490000000000003,,False,0.0,0.0,5.5242603342731025,0.0,False
4266,,0.0,0.0,0.0,1.7490000000000003,,False,0.0,0.0,5.5242603342731025,0.0,False
4267,,0.0,0.0,0.0,1.7490000000000003,,False,0.0,0.0,5.5242603342731025,0.0,False
4268,,0.0,0.0,0.0,1.7490000000000003,,False,0.0,0.0,5.5242603342731025,0.0,False
4269,,0.0,0.0,0.0,1.7490000000000003,,False,0.0,0.0,5.5242603342731025,0.0,False
4270,,0.0,0.0,0.0,1.7490000000000003,,False,0.0,0.0,5.5242603342731025,0.0,False
4271,,0.0,0.0,0.0,1.7490000000000003,,False,0.0,0.0,5.5242603342731025,0.0,False
4272,,0.0,0.0,0.0,1.7490000000000003,,False,0.0,0.0,5.5242603342731025,0.0,False
4273,,0.0,0.0,0.0,1.7490000000000003,,False,0.0,0.0,5.5242603342731025,0.0,False
4274,,0.0,0.0,0.0,1.7490000000000003,,False,0.0,0.0,5.5242603342731025,0.0,False
4275,,0.0,0.0,0.0,1.7490000000000003,,False,0.0,0.0,5.5242603342731025,0.0,False
4276,,0.0,0.0,0.0,1.7490000000000003,,False,0.0,0.0,5.5242603342731025,0.0,False
4277,,0.0,0.0,0.0,1.7490000000000003,,False,0.0,0.0,5.5242603342731025,0.0,False
4278,,0.0,0.0,0.0,1.7490000000000003,,False,0.0,0.0,5.5242603342731025,0.0,False
4279,,0.0,0.0,0.0,1.7490000000000003,,False,0.0,0.0,5.5242603342731025,0.0,False
4280,,0.0,0.0,0.0,1.7490000000000003,,False,0.0,0.0,5.5242603342731025,0.0,False
4281,-4.19764723025403,-4.19764723025403,0.0,0.0,1.7490000000000003,-4.19764723025403,False,0.0,4.19764723025403,5.5242603342731025,0.0,False
4282,-2.423102243877968,-2.423102243877968,0.0,0.0,1.7490000000000003,-2.423102243877968,False,0.0,2.423102243877968,3.336085452686298,0.0,False
4283,-0.621455533795625,-0.621455533795625,0.0,0.0,1.7490000000000003,-0.621455533795625,False,0.0,0.621455533795625,2.0729560912298037,0.0,False
4284,3.8032290822758488,3.8032290822758488,3.8032290822758488,0.0,1.7490000000000003,0.0,False,3.8032290822758488,0.0,1.7490000000000003,0.0,False
4285,14.082823741530332,14.082823741530332,8.745000000000001,0.0,3.5729645923158224,5.337823741530331,False,8.745000000000001,0.0,3.5729645923158224,5.337823741530331,False
4286,12.67965905777454,12.67965905777454,8.745000000000001,0.0,7.766919259452797,3.934659057774539,False,8.745000000000001,0.0,7.766919259452797,3.934659057774539,False
4287,0.9006005258061888,0.9006005258061888,0.9006005258061888,0.0,11.96087392658977,0.0,False,0.9006005258061888,0.0,11.96087392658977,0.0,False
4288,0.20902322405591062,0.20902322405591062,0.20902322405591062,0.0,12.392786765747102,0.0,False,0.20902322405591062,0.0,12.392786765747102,0.0,False
4289,1.5885556899628466,1.5885556899628466,1.5885556899628466,0.0,12.493030782450282,0.0,False,1.5885556899628466,0.0,12.493030782450282,0.0,False
4290,-2.6607923687143753,-2.6607923687143753,0.0,2.6607923687143753,13.254875327896443,0.0,False,0.0,0.0,13.254875327896443,-2.6607923687143753,False
4291,-11.731920022831114,-11.731920022831114,0.0,8.745000000000001,11.867841423671408,-2.9869200228311126,False,0.0,6.4494464768703,13.254875327896443,-5.282473545960814,False
4292,-16.048146978183794,-16.048146978183794,0.0,8.745000000000001,7.30919504634861,-7.303146978183793,False,0.0,8.745000000000001,9.892868945103753,-7.303146978183793,False
4293,-6.8776493634624325,-6.8776493634624325,0.0,1.9213034716183555,2.7505486690258127,-4.956345891844077,False,0.0,6.8776493634624325,5.334222567780956,0.0,False
4294,0.5052724534897859,0.5052724534897859,0.5052724534897859,0.0,1.7490000000000003,0.0,False,0.0,0.0,1.7490000000000003,0.5052724534897859,False
4295,0.6359873714252633,0.6359873714252633,0.6359873714252633,0.0,1.9913201560307878,0.0,False,0.0,0.0,1.7490000000000003,0.6359873714252633,False
4296,2.585188335480109,2.585188335480109,2.585188335480109,0.0,2.296328984461795,0.0,False,2.128142419413232,0.0,1.7490000000000003,0.45704591606687694,False
4297,2.483746095914693,2.483746095914693,2.483746095914693,0.0,3.5361417557613795,0.0,False,2.483746095914693,0.0,2.769621250112098,0.0,False
4298,2.7614059415526726,2.7614059415526726,2.7614059415526726,0.0,4.727304538030638,0.0,False,2.7614059415526726,0.0,3.9607840323813566,0.0,False
4299,0.8695998551896303,0.8695998551896303,0.8695998551896303,0.0,6.051628304346773,0.0,False,0.8695998551896303,0.0,5.285107798697491,0.0,False
4300,-3.852383815564666,-3.852383815564666,0.0,3.852383815564666,6.468673744165433,0.0,False,0.0,3.852383815564666,5.702153238516152,0.0,False
4301,1.0304080729142557,1.0304080729142557,1.0304080729142557,0.0,4.460479859101873,0.0,False,1.0304080729142557,0.0,3.6939593534525903,0.0,False
4302,3.1345289637055873,3.1345289637055873,3.1345289637055873,0.0,4.954646210897683,0.0,False,3.1345289637055873,0.0,4.1881257052484,0.0,False
4303,-2.5184463839391644,-2.5184463839391644,0.0,2.5184463839391644,6.457913492385283,0.0,False,0.0,2.5184463839391644,5.691392986736001,0.0,False
4304,-1.0361106222256977,-1.0361106222256977,0.0,1.0361106222256977,5.145082562182199,0.0,False,0.0,1.0361106222256977,4.378562056532917,0.0,False
4305,0.09899051939219713,0.09899051939219713,0.09899051939219713,0.0,4.604972563952943,0.0,False,0.09899051939219713,0.0,3.8384520583036608,0.0,False
4306,-0.3192885430605001,-0.3192885430605001,0.0,0.3192885430605001,4.652446749293963,0.0,False,0.0,0.3192885430605001,3.8859262436446804,0.0,False
4307,1.5642676046115254,1.5642676046115254,1.5642676046115254,0.0,4.48600609061547,0.0,False,1.5642676046115254,0.0,3.719485584966187,0.0,False
4308,1.4697203689260359,1.4697203689260359,1.4697203689260359,0.0,5.236202479524754,0.0,False,1.4697203689260359,0.0,4.4696819738754705,0.0,False
4309,2.7335473135179296,2.7335473135179296,2.7335473135179296,0.0,5.941055607099782,0.0,False,2.7335473135179296,0.0,5.174535101450498,0.0,False
4310,1.066681043760639,1.066681043760639,1.066681043760639,0.0,7.252018844763391,0.0,False,1.066681043760639,0.0,6.485498339114106,0.0,False
4311,-0.1255382869120145,-0.1255382869120145,0.0,0.1255382869120145,7.76358110226213,0.0,False,0.0,0.1255382869120145,6.997060596612845,0.0,False
4312,0.11211136740152965,0.11211136740152965,0.11211136740152965,0.0,7.6981397464191605,0.0,False,0.11211136740152965,0.0,6.931619240769876,0.0,False
4313,1.9734563434800445,1.9734563434800445,1.9734563434800445,0.0,7.7519064694097555,0.0,False,1.9734563434800445,0.0,6.9853859637604705,0.0,False
4314,1.5580954541683198,1.5580954541683198,1.5580954541683198,0.0,8.698342883604061,0.0,False,1.5580954541683198,0.0,7.931822377954775,0.0,False
4315,2.4507363719645787,2.4507363719645787,2.4507363719645787,0.0,9.445579213147129,0.0,False,2.4507363719645787,0.0,8.679058707497843,0.0,False
4316,8.139917354725462,8.139917354725462,8.139917354725462,0.0,10.620911087946807,0.0,False,8.139917354725462,0.0,9.85439058229752,0.0,False
4317,4.134511780425447,4.134511780425447,2.5362060394435115,0.0,14.524678312642072,1.5983057409819352,False,4.134511780425447,0.0,13.758157806992786,0.0,False
4318,-2.226037040109731,-2.226037040109731,0.0,2.226037040109731,15.741000000000001,0.0,False,0.0,2.226037040109731,15.741000000000001,0.0,False
4319,-0.07771417761219714,-0.07771417761219714,0.0,0.07771417761219714,14.580597977280437,0.0,False,0.0,0.07771417761219714,14.580597977280437,0.0,False
4320,3.40159121478972,3.40159121478972,2.5040774105673136,0.0,14.5400866617586,0.8975138042224065,False,1.6697964576304802,0.0,14.5400866617586,1.7317947571592398,False
4321,0.834280952936832,0.834280952936832,0.0,0.0,15.741000000000001,0.834280952936832,False,0.834280952936832,0.0,15.340892910660617,0.0,False
4322,-6.738998361298115,-6.738998361298115,0.0,6.738998361298115,15.741000000000001,0.0,False,0.0,0.0,15.741000000000001,-6.738998361298115,False
4323,-7.111984963010518,-7.111984963010518,0.0,7.111984963010518,12.228054263405843,0.0,False,0.0,0.0,15.741000000000001,-7.111984963010518,False
4324,-5.583727982244387,-5.583727982244387,0.0,5.583727982244387,8.520675820043682,0.0,False,0.0,0.0,15.741000000000001,-5.583727982244387,False
4325,-9.290787300082645,-9.290787300082645,0.0,7.406598563123612,5.60995639886423,-1.8841887369590324,False,0.0,0.0,15.741000000000001,-9.290787300082645,False
4326,-10.722752437606724,-10.722752437606724,0.0,4.2595540635239357e-16,1.7490000000000006,-10.722752437606724,False,0.0,0.0,15.741000000000001,-10.722752437606724,False
4327,-8.184010889671251,-8.184010889671251,0.0,0.0,1.7490000000000003,-8.184010889671251,False,0.0,0.0,15.741000000000001,-8.184010889671251,False
4328,-4.742259945766532,-4.742259945766532,0.0,0.0,1.7490000000000003,-4.742259945766532,False,0.0,4.67712768650499,15.741000000000001,-0.0651322592615422,False
4329,-2.7302235694032304,-2.7302235694032304,0.0,0.0,1.7490000000000003,-2.7302235694032304,False,0.0,2.7302235694032304,13.302878652445727,0.0,False
4330,-1.4331137390423674,-1.4331137390423674,0.0,0.0,1.7490000000000003,-1.4331137390423674,False,0.0,1.4331137390423674,11.879651232898404,0.0,False
4331,-0.7777224785852066,-0.7777224785852066,0.0,0.0,1.7490000000000003,-0.7777224785852066,False,0.0,0.7777224785852066,11.132589053964496,0.0,False
4332,-0.7420950658786403,-0.7420950658786403,0.0,0.0,1.7490000000000003,-0.7420950658786403,False,0.0,0.7420950658786403,10.72717318666147,0.0,False
4333,-0.686819658126169,-0.686819658126169,0.0,0.0,1.7490000000000003,-0.686819658126169,False,0.0,0.686819658126169,10.340329392070643,0.0,False
4334,-0.6221298792718605,-0.6221298792718605,0.0,0.0,1.7490000000000003,-0.6221298792718605,False,0.0,0.6221298792718605,9.982299895627996,0.0,False
4335,-0.7955392181070662,-0.7955392181070662,0.0,0.0,1.7490000000000003,-0.7955392181070662,False,0.0,0.7955392181070662,9.65799227751857,0.0,False
4336,-0.810944260239688,-0.810944260239688,0.0,0.0,1.7490000000000003,-0.810944260239688,False,0.0,0.810944260239688,9.243288792711024,0.0,False
4337,-0.5242514872944052,-0.5242514872944052,0.0,0.0,1.7490000000000003,-0.5242514872944052,False,0.0,0.5242514872944052,8.820554874568957,0.0,False
4338,-0.472142924409221,-0.472142924409221,0.0,0.0,1.7490000000000003,-0.472142924409221,False,0.0,0.472142924409221,8.5472698953396,0.0,False
4339,-0.864785259529566,-0.864785259529566,0.0,0.0,1.7490000000000003,-0.864785259529566,False,0.0,0.864785259529566,8.301148382253643,0.0,False
4340,-1.0814160953772411,-1.0814160953772411,0.0,0.0,1.7490000000000003,-1.0814160953772411,False,0.0,1.0814160953772411,7.850347903063636,0.0,False
4341,-1.070944573423699,-1.070944573423699,0.0,0.0,1.7490000000000003,-1.070944573423699,False,0.0,1.070944573423699,7.286620794364948,0.0,False
4342,-1.1421208958692366,-1.1421208958692366,0.0,0.0,1.7490000000000003,-1.1421208958692366,False,0.0,1.1421208958692366,6.728352343827332,0.0,False
4343,-1.3287294064109203,-1.3287294064109203,0.0,0.0,1.7490000000000003,-1.3287294064109203,False,0.0,1.3287294064109203,6.132980670366044,0.0,False
4344,-1.506862512876487,-1.506862512876487,0.0,0.0,1.7490000000000003,-1.506862512876487,False,0.0,1.506862512876487,5.4403325863206,0.0,False
4345,-1.609375553208068,-1.609375553208068,0.0,0.0,1.7490000000000003,-1.609375553208068,False,0.0,1.609375553208068,4.65482620147807,0.0,False
4346,-1.6956122253085713,-1.6956122253085713,0.0,0.0,1.7490000000000003,-1.6956122253085713,False,0.0,1.6956122253085713,3.8158812002906677,0.0,False
4347,-1.9461726576428593,-1.9461726576428593,0.0,0.0,1.7490000000000003,-1.9461726576428593,False,0.0,1.9461726576428593,2.9319822262200943,0.0,False
4348,-0.32318072316713486,-0.32318072316713486,0.0,0.0,1.7490000000000003,-0.32318072316713486,False,0.0,0.32318072316713486,1.9174695978143423,0.0,False
4349,6.037138193946174,6.037138193946174,6.037138193946174,0.0,1.7490000000000003,0.0,False,0.0,0.0,1.7490000000000003,6.037138193946174,False
4350,11.615962648395124,11.615962648395124,8.745000000000001,0.0,4.644309766112229,2.870962648395123,False,0.0,0.0,1.7490000000000003,11.615962648395124,False
4351,10.813561228528156,10.813561228528156,8.745000000000001,0.0,8.838264433249202,2.0685612285281554,False,0.0,0.0,1.7490000000000003,10.813561228528156,False
4352,7.16221129634936,7.16221129634936,5.648198620919728,0.0,13.032219100386175,1.5140126754296324,False,0.0,0.0,1.7490000000000003,7.16221129634936,False
4353,6.137064155294888,6.137064155294888,0.0,0.0,15.741000000000001,6.137064155294888,False,1.30791403415654,0.0,1.7490000000000003,4.829150121138348,False
4354,7.071659605488895,7.071659605488895,0.0,0.0,15.741000000000001,7.071659605488895,False,7.071659605488895,0.0,2.376253535479105,0.0,False
4355,5.945397808824238,5.945397808824238,0.0,0.0,15.741000000000001,5.945397808824238,False,5.945397808824238,0.0,5.767702341293188,0.0,False
4356,,0.0,0.0,0.0,15.741000000000001,,False,0.0,0.0,8.619014964312553,0.0,False
4357,,0.0,0.0,0.0,15.741000000000001,,False,0.0,0.0,8.619014964312553,0.0,False
4358,,0.0,0.0,0.0,15.741000000000001,,False,0.0,0.0,8.619014964312553,0.0,False
4359,,0.0,0.0,0.0,15.741000000000001,,False,0.0,0.0,8.619014964312553,0.0,False
4360,,0.0,0.0,0.0,15.741000000000001,,False,0.0,0.0,8.619014964312553,0.0,False
4361,,0.0,0.0,0.0,15.741000000000001,,False,0.0,0.0,8.619014964312553,0.0,False
4362,,0.0,0.0,0.0,15.741000000000001,,False,0.0,0.0,8.619014964312553,0.0,False
4363,,0.0,0.0,0.0,15.741000000000001,,False,0.0,0.0,8.619014964312553,0.0,False
4364,,0.0,0.0,0.0,15.741000000000001,,False,0.0,0.0,8.619014964312553,0.0,False
4365,,0.0,0.0,0.0,15.741000000000001,,False,0.0,0.0,8.619014964312553,0.0,False
4366,,0.0,0.0,0.0,15.741000000000001,,False,0.0,0.0,8.619014964312553,0.0,False
4367,,0.0,0.0,0.0,15.741000000000001,,False,0.0,0.0,8.619014964312553,0.0,False
4368,,0.0,0.0,0.0,15.741000000000001,,False,0.0,0.0,8.619014964312553,0.0,False
4369,,0.0,0.0,0.0,15.741000000000001,,False,0.0,0.0,8.619014964312553,0.0,False
4370,,0.0,0.0,0.0,15.741000000000001,,False,0.0,0.0,8.619014964312553,0.0,False
4371,,0.0,0.0,0.0,15.741000000000001,,False,0.0,0.0,8.619014964312553,0.0,False
4372,,0.0,0.0,0.0,15.741000000000001,,False,0.0,0.0,8.619014964312553,0.0,False
4373,,0.0,0.0,0.0,15.741000000000001,,False,0.0,0.0,8.619014964312553,0.0,False
4374,,0.0,0.0,0.0,15.741000000000001,,False,0.0,0.0,8.619014964312553,0.0,False
4375,,0.0,0.0,0.0,15.741000000000001,,False,0.0,0.0,8.619014964312553,0.0,False
4376,,0.0,0.0,0.0,15.741000000000001,,False,0.0,0.0,8.619014964312553,0.0,False
4377,,0.0,0.0,0.0,15.741000000000001,,False,0.0,0.0,8.619014964312553,0.0,False
4378,,0.0,0.0,0.0,15.741000000000001,,False,0.0,0.0,8.619014964312553,0.0,False
4379,,0.0,0.0,0.0,15.741000000000001,,False,0.0,0.0,8.619014964312553,0.0,False
4380,,0.0,0.0,0.0,15.741000000000001,,False,0.0,0.0,8.619014964312553,0.0,False
4381,,0.0,0.0,0.0,15.741000000000001,,False,0.0,0.0,8.619014964312553,0.0,False
4382,,0.0,0.0,0.0,15.741000000000001,,False,0.0,0.0,8.619014964312553,0.0,False
4383,,0.0,0.0,0.0,15.741000000000001,,False,0.0,0.0,8.619014964312553,0.0,False
4384,,0.0,0.0,0.0,15.741000000000001,,False,0.0,0.0,8.619014964312553,0.0,False
4385,,0.0,0.0,0.0,15.741000000000001,,False,0.0,0.0,8.619014964312553,0.0,False
4386,,0.0,0.0,0.0,15.741000000000001,,False,0.0,0.0,8.619014964312553,0.0,False
4387,,0.0,0.0,0.0,15.741000000000001,,False,0.0,0.0,8.619014964312553,0.0,False
4388,,0.0,0.0,0.0,15.741000000000001,,False,0.0,0.0,8.619014964312553,0.0,False
4389,,0.0,0.0,0.0,15.741000000000001,,False,0.0,0.0,8.619014964312553,0.0,False
4390,,0.0,0.0,0.0,15.741000000000001,,False,0.0,0.0,8.619014964312553,0.0,False
4391,,0.0,0.0,0.0,15.741000000000001,,False,0.0,0.0,8.619014964312553,0.0,False
4392,,0.0,0.0,0.0,15.741000000000001,,False,0.0,0.0,8.619014964312553,0.0,False
4393,,0.0,0.0,0.0,15.741000000000001,,False,0.0,0.0,8.619014964312553,0.0,False
4394,,0.0,0.0,0.0,15.741000000000001,,False,0.0,0.0,8.619014964312553,0.0,False
4395,,0.0,0.0,0.0,15.741000000000001,,False,0.0,0.0,8.619014964312553,0.0,False
4396,,0.0,0.0,0.0,15.741000000000001,,False,0.0,0.0,8.619014964312553,0.0,False
4397,,0.0,0.0,0.0,15.741000000000001,,False,0.0,0.0,8.619014964312553,0.0,False
4398,,0.0,0.0,0.0,15.741000000000001,,False,0.0,0.0,8.619014964312553,0.0,False
4399,,0.0,0.0,0.0,15.741000000000001,,False,0.0,0.0,8.619014964312553,0.0,False
4400,,0.0,0.0,0.0,15.741000000000001,,False,0.0,0.0,8.619014964312553,0.0,False
4401,,0.0,0.0,0.0,15.741000000000001,,False,0.0,0.0,8.619014964312553,0.0,False
4402,,0.0,0.0,0.0,15.741000000000001,,False,0.0,0.0,8.619014964312553,0.0,False
4403,,0.0,0.0,0.0,15.741000000000001,,False,0.0,0.0,8.619014964312553,0.0,False
4404,1.3321727107988677,1.3321727107988677,0.0,0.0,15.741000000000001,1.3321727107988677,False,1.3321727107988677,0.0,8.619014964312553,0.0,False
4405,3.5139526863321917,3.5139526863321917,0.0,0.0,15.741000000000001,3.5139526863321917,False,3.5139526863321917,0.0,9.25790255240717,0.0,False
4406,8.916304445974617,8.916304445974617,0.0,0.0,15.741000000000001,8.916304445974617,False,0.0,0.0,10.943135058861303,8.916304445974617,False
4407,4.021006475958674,4.021006475958674,0.0,0.0,15.741000000000001,4.021006475958674,False,4.021006475958674,0.0,10.943135058861303,0.0,False
4408,4.805807035529462,4.805807035529462,0.0,0.0,15.741000000000001,4.805807035529462,False,4.805807035529462,0.0,12.871542020146023,0.0,False
4409,1.1774264577770335,1.1774264577770335,0.0,0.0,15.741000000000001,1.1774264577770335,False,1.1774264577770335,0.0,15.176326107741048,0.0,False
4410,-2.6934265866570724,-2.6934265866570724,0.0,2.6934265866570724,15.741000000000001,0.0,False,0.0,1.5185663722640907,15.741000000000001,-1.1748602143929816,False
4411,1.6506156220261867,1.6506156220261867,1.6506156220261867,0.0,14.336954333693635,0.0,False,1.6506156220261867,0.0,14.94939255670144,0.0,False
4412,-2.6372397294558154,-2.6372397294558154,0.0,2.6372397294558154,15.128561776992196,0.0,False,0.0,0.0,15.741000000000001,-2.6372397294558154,False
4413,-7.361348410918102,-7.361348410918102,0.0,7.361348410918102,13.753805534703401,0.0,False,0.0,0.0,15.741000000000001,-7.361348410918102,False
4414,-5.559941854154956,-5.559941854154956,0.0,5.559941854154956,9.916437408271985,0.0,False,0.0,5.104796907590064,15.741000000000001,-0.455144946564892,False
4415,-9.351451546100739,-9.351451546100739,0.0,8.745000000000001,7.018117363495669,-0.6064515461007378,False,0.0,8.745000000000001,13.079940659833728,-0.6064515461007378,False
4416,-12.54956327876139,-12.54956327876139,0.0,1.362919660754773,2.459470986172872,-11.186643618006617,False,0.0,8.745000000000001,8.52129428251093,-3.804563278761389,False
4417,-4.246512962086562,-4.246512962086562,0.0,0.0,1.7490000000000003,-4.246512962086562,False,0.0,4.246512962086562,3.962647905188131,0.0,False
4418,0.8880905090641518,0.8880905090641518,0.8880905090641518,0.0,1.7490000000000003,0.0,False,0.8880905090641518,0.0,1.7490000000000003,0.0,False
4419,1.4376349809093971,1.4376349809093971,1.4376349809093971,0.0,2.1749132458924705,0.0,False,1.4376349809093971,0.0,2.1749132458924705,0.0,False
4420,2.355756263727461,2.355756263727461,2.355756263727461,0.0,2.864378761938707,0.0,False,2.355756263727461,0.0,2.864378761938707,0.0,False
4421,3.87852581972296,3.87852581972296,3.87852581972296,0.0,3.9941597770212622,0.0,False,3.87852581972296,0.0,3.9941597770212622,0.0,False
4422,5.568419160246829,5.568419160246829,5.568419160246829,0.0,5.85423541604223,0.0,False,5.568419160246829,0.0,5.85423541604223,0.0,False
4423,5.422449288897993,5.422449288897993,5.422449288897993,0.0,8.524755430415258,0.0,False,5.422449288897993,0.0,8.524755430415258,0.0,False
4424,3.0119534489247113,3.0119534489247113,3.0119534489247113,0.0,11.125270753741422,0.0,False,3.0119534489247113,0.0,11.125270753741422,0.0,False
4425,-4.1483776939175785,-4.1483776939175785,0.0,4.1483776939175785,12.569752883451782,0.0,False,0.0,4.1483776939175785,12.569752883451782,0.0,False
4426,-7.32505095435163,-7.32505095435163,0.0,7.32505095435163,10.407261523115125,0.0,False,0.0,7.32505095435163,10.407261523115125,0.0,False
4427,-4.4517304056481635,-4.4517304056481635,0.0,4.4517304056481635,6.588814753903009,0.0,False,0.0,4.4517304056481635,6.588814753903009,0.0,False
4428,-3.4516601399279754,-3.4516601399279754,0.0,3.4516601399279754,4.2681898612185325,0.0,False,0.0,3.4516601399279754,4.2681898612185325,0.0,False
4429,0.06632132184936482,0.06632132184936482,0.06632132184936482,0.0,2.4688876322154263,0.0,False,0.06632132184936482,0.0,2.4688876322154263,0.0,False
4430,0.307695429086911,0.307695429086911,0.307695429086911,0.0,2.5006942208147214,0.0,False,0.307695429086911,0.0,2.5006942208147214,0.0,False
4431,0.4151212790508237,0.4151212790508237,0.4151212790508237,0.0,2.6482597646541457,0.0,False,0.4151212790508237,0.0,2.6482597646541457,0.0,False
4432,-0.4448880442727441,-0.4448880442727441,0.0,0.4448880442727441,2.847344936261129,0.0,False,0.0,0.0,2.847344936261129,-0.4448880442727441,False
4433,-2.7960212291488253,-2.7960212291488253,0.0,1.6621028632440642,2.615431011579806,-1.1339183659047611,False,0.0,0.0,2.847344936261129,-2.7960212291488253,False
4434,-2.242649726702189,-2.242649726702189,0.0,0.0,1.7490000000000003,-2.242649726702189,False,0.0,0.0,2.847344936261129,-2.242649726702189,False
4435,-4.842047650245726,-4.842047650245726,0.0,0.0,1.7490000000000003,-4.842047650245726,False,0.0,0.0,2.847344936261129,-4.842047650245726,False
4436,-10.560464906357836,-10.560464906357836,0.0,0.0,1.7490000000000003,-10.560464906357836,False,0.0,0.0,2.847344936261129,-10.560464906357836,False
4437,-7.737065677624971,-7.737065677624971,0.0,0.0,1.7490000000000003,-7.737065677624971,False,0.0,0.0,2.847344936261129,-7.737065677624971,False
4438,-1.6707418293069205,-1.6707418293069205,0.0,0.0,1.7490000000000003,-1.6707418293069205,False,0.0,0.0,2.847344936261129,-1.6707418293069205,False
4439,-1.368318694328403,-1.368318694328403,0.0,0.0,1.7490000000000003,-1.368318694328403,False,0.0,0.0,2.847344936261129,-1.368318694328403,False
4440,-1.218363227227312,-1.218363227227312,0.0,0.0,1.7490000000000003,-1.218363227227312,False,0.0,0.0,2.847344936261129,-1.218363227227312,False
4441,-0.9270893264650846,-0.9270893264650846,0.0,0.0,1.7490000000000003,-0.9270893264650846,False,0.0,0.0,2.847344936261129,-0.9270893264650846,False
4442,-1.1433544339780746,-1.1433544339780746,0.0,0.0,1.7490000000000003,-1.1433544339780746,False,0.0,0.0,2.847344936261129,-1.1433544339780746,False
4443,-1.044821143433077,-1.044821143433077,0.0,0.0,1.7490000000000003,-1.044821143433077,False,0.0,0.9530934515335435,2.847344936261129,-0.09172769189953345,False
4444,-0.7195910905463071,-0.7195910905463071,0.0,0.0,1.7490000000000003,-0.7195910905463071,False,0.0,0.7195910905463071,2.3505106297907497,0.0,False
4445,-0.43430636543695844,-0.43430636543695844,0.0,0.0,1.7490000000000003,-0.43430636543695844,False,0.0,0.43430636543695844,1.9753978432758632,0.0,False
4446,2.3946383629476555,2.3946383629476555,2.3946383629476555,0.0,1.7490000000000003,0.0,False,0.0,0.0,1.7490000000000003,2.3946383629476555,False
4447,6.627780023087942,6.627780023087942,6.627780023087942,0.0,2.8974282147958332,0.0,False,0.0,0.0,1.7490000000000003,6.627780023087942,False
4448,8.563293557060323,8.563293557060323,8.563293557060323,0.0,6.0759998512265785,0.0,False,2.1454833174142447,0.0,1.7490000000000003,6.417810239646078,False
4449,1.4360769895195389,1.4360769895195389,1.4360769895195389,0.0,10.18281116965964,0.0,False,1.4360769895195389,0.0,2.777937652639679,0.0,False
4450,-3.295035482379082,-3.295035482379082,0.0,3.295035482379082,10.871529499283824,0.0,False,0.0,3.295035482379082,3.4666559822638625,0.0,False
4451,4.127566580819333,4.127566580819333,4.127566580819333,0.0,9.153873517019962,0.0,False,0.0,0.0,1.7490000000000003,4.127566580819333,False
4452,9.01379871297119,9.01379871297119,8.745000000000001,0.0,11.133384909306507,0.2687987129711882,False,0.0,0.0,1.7490000000000003,9.01379871297119,False
4453,7.787360588469878,7.787360588469878,0.8625416083648908,0.0,15.327339576443482,6.924818980104987,False,0.0,0.0,1.7490000000000003,7.787360588469878,False
4454,5.2698770180243315,5.2698770180243315,0.0,0.0,15.741000000000001,5.2698770180243315,False,0.7415133424293303,0.0,1.7490000000000003,4.528363675595001,False
4455,-0.41162331903766813,-0.41162331903766813,0.0,0.41162331903766813,15.741000000000001,0.0,False,0.0,0.41162331903766813,2.1046173062579565,0.0,False
4456,-0.27056895599731623,-0.27056895599731623,0.0,0.27056895599731623,15.526426512046582,0.0,False,0.0,0.27056895599731623,1.8900438183045374,0.0,False
4457,7.758644085741905,7.758644085741905,0.7415133424293309,0.0,15.385382693742045,7.017130743312574,False,7.7578560223186495,0.0,1.7490000000000003,0.0007880634232551031,False
4458,4.214129722774804,4.214129722774804,0.0,0.0,15.741000000000001,4.214129722774804,False,4.214129722774804,0.0,5.469537046515721,0.0,False
4459,-5.229942557534181,-5.229942557534181,0.0,5.229942557534181,15.741000000000001,0.0,False,0.0,5.229942557534181,7.490562663296971,0.0,False
4460,5.35152465167132,5.35152465167132,5.35152465167132,0.0,13.014703980159005,0.0,False,5.35152465167132,0.0,4.764266643455974,0.0,False
4461,7.788240325413184,7.788240325413184,0.3331955195614837,0.0,15.581205042386049,7.4550448058517,False,7.788240325413184,0.0,7.330767705683018,0.0,False
4462,-8.884259634294132,-8.884259634294132,0.0,8.745000000000001,15.741000000000001,-0.13925963429413102,False,0.0,8.745000000000001,11.065876552058203,-0.13925963429413102,False
4463,-8.6527296610236,-8.6527296610236,0.0,8.6527296610236,11.182353622677205,0.0,False,0.0,8.6527296610236,6.507230174735405,0.0,False
4464,6.211474509674664,6.211474509674664,6.211474509674664,0.0,6.671806484520688,0.0,False,6.211474509674664,0.0,1.996683036578887,0.0,False
4465,4.779761225271536,4.779761225271536,4.779761225271536,0.0,9.650725010495805,0.0,False,4.779761225271536,0.0,4.975601562554004,0.0,False
4466,4.884034538773595,4.884034538773595,4.884034538773595,0.0,11.94301796630231,0.0,False,4.884034538773595,0.0,7.267894518360511,0.0,False
4467,10.938715614328729,10.938715614328729,3.0353054447841146,0.0,14.285318646502162,7.903410169544614,False,8.745000000000001,0.0,9.610195198560362,2.1937156143287275,False
4468,4.038611708704871,4.038611708704871,0.0,0.0,15.741000000000001,4.038611708704871,False,4.038611708704871,0.0,13.804149865697335,0.0,False
4469,-2.3936339237298805,-2.3936339237298805,0.0,2.3936339237298805,15.741000000000001,0.0,False,0.0,2.3936339237298805,15.741000000000001,0.0,False
4470,-6.957132896698288,-6.957132896698288,0.0,6.957132896698288,14.493232062315819,0.0,False,0.0,6.957132896698288,14.493232062315819,0.0,False
4471,-1.7972868343576622,-1.7972868343576622,0.0,1.7972868343576622,10.866575838635212,0.0,False,0.0,1.7972868343576622,10.866575838635212,0.0,False
4472,7.332515601019692,7.332515601019692,7.332515601019692,0.0,9.929675310738755,0.0,False,0.0,0.0,9.929675310738755,7.332515601019692,False
4473,8.087309785107664,8.087309785107664,4.7849340237475175,0.0,13.44622625719401,3.302375761360146,False,0.0,0.0,9.929675310738755,8.087309785107664,False
4474,16.416888280726237,16.416888280726237,0.0,0.0,15.741000000000001,16.416888280726237,False,0.0,0.0,9.929675310738755,16.416888280726237,False
4475,25.96749180772577,25.96749180772577,0.0,0.0,15.741000000000001,25.96749180772577,True,0.0,0.0,9.929675310738755,25.96749180772577,True
4476,25.30338923289879,25.30338923289879,0.0,0.0,15.741000000000001,25.30338923289879,True,0.0,0.0,9.929675310738755,25.30338923289879,True
4477,13.296489326493768,13.296489326493768,0.0,0.0,15.741000000000001,13.296489326493768,False,0.0,0.0,9.929675310738755,13.296489326493768,False
4478,6.065980360887616,6.065980360887616,0.0,0.0,15.741000000000001,6.065980360887616,False,6.065980360887616,0.0,9.929675310738755,0.0,False
4479,16.02023185809484,16.02023185809484,0.0,0.0,15.741000000000001,16.02023185809484,False,0.0,0.0,12.838817294192825,16.02023185809484,False
4480,18.568222012305085,18.568222012305085,0.0,0.0,15.741000000000001,18.568222012305085,True,4.558239980195163,0.0,12.838817294192825,14.009982032109923,False
4481,1.4932292836844272,1.4932292836844272,0.0,0.0,15.741000000000001,1.4932292836844272,False,1.4932292836844272,0.0,15.024872392977256,0.0,False
4482,-15.012253579274924,-15.012253579274924,0.0,8.745000000000001,15.741000000000001,-6.267253579274923,False,0.0,0.6063098696766263,15.741000000000001,-14.405943709598297,False
4483,-15.094362069153636,-15.094362069153636,0.0,8.745000000000001,11.182353622677205,-6.349362069153635,False,0.0,8.745000000000001,15.424939131968394,-6.349362069153635,False
4484,-8.16672222230625,-8.16672222230625,0.0,8.16672222230625,6.6237072453544075,0.0,False,0.0,0.0,10.866292754645595,-8.16672222230625,False
4485,-3.966798589634857,-3.966798589634857,0.0,1.1845876473703814,2.3665089979767098,-2.782210942264476,False,0.0,0.0,10.866292754645595,-3.966798589634857,False
4486,-13.516733131781878,-13.516733131781878,0.0,0.0,1.7490000000000003,-13.516733131781878,False,0.0,8.745000000000001,10.866292754645595,-4.771733131781877,False
4487,-25.194129577397984,-25.194129577397984,0.0,0.0,1.7490000000000003,-25.194129577397984,True,0.0,8.745000000000001,6.307646377322798,-16.449129577397983,False
4488,4.604973410354344,4.604973410354344,4.604973410354344,0.0,1.7490000000000003,0.0,False,0.0,0.0,1.7490000000000003,4.604973410354344,False
4489,24.739933461530242,24.739933461530242,8.745000000000001,0.0,3.9574676645394247,15.994933461530241,False,0.0,0.0,1.7490000000000003,24.739933461530242,True
4490,3.9463871184681127,3.9463871184681127,3.9463871184681127,0.0,8.151422331676399,0.0,False,3.9463871184681127,0.0,1.7490000000000003,0.0,False
4491,6.406670297798586,6.406670297798586,6.406670297798586,0.0,10.04404310627086,0.0,False,6.406670297798586,0.0,3.641620774594463,0.0,False
4492,10.259029627643162,10.259029627643162,5.472305988244857,0.0,13.116574243636236,4.786723639398305,False,5.4139498163856015,0.0,6.714151911959838,4.845079811257561,False
4493,-2.609092519719989,-2.609092519719989,0.0,2.609092519719989,15.741000000000001,0.0,False,0.0,2.609092519719989,9.310591031465355,0.0,False
4494,-3.6965427010587137,-3.6965427010587137,0.0,3.6965427010587137,14.380916505074726,0.0,False,0.0,3.6965427010587137,7.950507536540079,0.0,False
4495,-4.80694387253374,-4.80694387253374,0.0,4.80694387253374,12.453960416704192,0.0,False,0.0,4.80694387253374,6.023551448169544,0.0,False
4496,-3.3930675607276726,-3.3930675607276726,0.0,3.3930675607276726,9.948167704237644,0.0,False,0.0,3.3930675607276726,3.517758735702997,0.0,False
4497,14.22436257203251,14.22436257203251,8.745000000000001,0.0,8.179408968534648,5.4793625720325085,False,0.0,0.0,1.7490000000000003,14.22436257203251,False
4498,27.672874115187877,27.672874115187877,7.022007232652293,0.0,12.373363635671623,20.650866882535585,True,0.0,0.0,1.7490000000000003,27.672874115187877,True
4499,23.206970850056422,23.206970850056422,0.0,0.0,15.741000000000001,23.206970850056422,True,0.0,0.0,1.7490000000000003,23.206970850056422,True
4500,8.11664280328795,8.11664280328795,0.0,0.0,15.741000000000001,8.11664280328795,False,0.0,0.0,1.7490000000000003,8.11664280328795,False
4501,8.564538218682003,8.564538218682003,0.0,0.0,15.741000000000001,8.564538218682003,False,0.0,0.0,1.7490000000000003,8.564538218682003,False
4502,7.622094220708492,7.622094220708492,0.0,0.0,15.741000000000001,7.622094220708492,False,4.64555904194583,0.0,1.7490000000000003,2.9765351787626617,False
4503,7.803332273889926,7.803332273889926,0.0,0.0,15.741000000000001,7.803332273889926,False,7.803332273889926,0.0,3.9769318496774253,0.0,False
4504,22.927265222504758,22.927265222504758,0.0,0.0,15.741000000000001,22.927265222504758,True,0.0,0.0,7.719278540277909,22.927265222504758,True
4505,17.94564022283422,17.94564022283422,0.0,0.0,15.741000000000001,17.94564022283422,True,0.0,0.0,7.719278540277909,17.94564022283422,True
4506,5.921845169565681,5.921845169565681,0.0,0.0,15.741000000000001,5.921845169565681,False,5.921845169565681,0.0,7.719278540277909,0.0,False
4507,7.21112851815329,7.21112851815329,0.0,0.0,15.741000000000001,7.21112851815329,False,7.21112851815329,0.0,10.559295714315933,0.0,False
4508,3.593471811311179,3.593471811311179,0.0,0.0,15.741000000000001,3.593471811311179,False,3.593471811311179,0.0,14.017631460917821,0.0,False
4509,-17.986533998857983,-17.986533998857983,0.0,8.745000000000001,15.741000000000001,-9.241533998857982,False,0.0,0.0,15.741000000000001,-17.986533998857983,True
4510,-27.397734199943372,-27.397734199943372,0.0,8.745000000000001,11.182353622677205,-18.65273419994337,True,0.0,0.4520373099900242,15.741000000000001,-26.945696889953346,True
4511,,0.0,0.0,0.0,6.6237072453544075,,False,0.0,0.0,15.505359262938736,0.0,False
4512,,0.0,0.0,0.0,6.6237072453544075,,False,0.0,0.0,15.505359262938736,0.0,False
4513,,0.0,0.0,0.0,6.6237072453544075,,False,0.0,0.0,15.505359262938736,0.0,False
4514,,0.0,0.0,0.0,6.6237072453544075,,False,0.0,0.0,15.505359262938736,0.0,False
4515,,0.0,0.0,0.0,6.6237072453544075,,False,0.0,0.0,15.505359262938736,0.0,False
4516,,0.0,0.0,0.0,6.6237072453544075,,False,0.0,0.0,15.505359262938736,0.0,False
4517,,0.0,0.0,0.0,6.6237072453544075,,False,0.0,0.0,15.505359262938736,0.0,False
4518,,0.0,0.0,0.0,6.6237072453544075,,False,0.0,0.0,15.505359262938736,0.0,False
4519,,0.0,0.0,0.0,6.6237072453544075,,False,0.0,0.0,15.505359262938736,0.0,False
4520,,0.0,0.0,0.0,6.6237072453544075,,False,0.0,0.0,15.505359262938736,0.0,False
4521,,0.0,0.0,0.0,6.6237072453544075,,False,0.0,0.0,15.505359262938736,0.0,False
4522,,0.0,0.0,0.0,6.6237072453544075,,False,0.0,0.0,15.505359262938736,0.0,False
4523,,0.0,0.0,0.0,6.6237072453544075,,False,0.0,0.0,15.505359262938736,0.0,False
4524,,0.0,0.0,0.0,6.6237072453544075,,False,0.0,0.0,15.505359262938736,0.0,False
4525,,0.0,0.0,0.0,6.6237072453544075,,False,0.0,0.0,15.505359262938736,0.0,False
4526,,0.0,0.0,0.0,6.6237072453544075,,False,0.0,0.0,15.505359262938736,0.0,False
4527,,0.0,0.0,0.0,6.6237072453544075,,False,0.0,0.0,15.505359262938736,0.0,False
4528,,0.0,0.0,0.0,6.6237072453544075,,False,0.0,0.0,15.505359262938736,0.0,False
4529,,0.0,0.0,0.0,6.6237072453544075,,False,0.0,0.0,15.505359262938736,0.0,False
4530,,0.0,0.0,0.0,6.6237072453544075,,False,0.0,0.0,15.505359262938736,0.0,False
4531,,0.0,0.0,0.0,6.6237072453544075,,False,0.0,0.0,15.505359262938736,0.0,False
4532,,0.0,0.0,0.0,6.6237072453544075,,False,0.0,0.0,15.505359262938736,0.0,False
4533,,0.0,0.0,0.0,6.6237072453544075,,False,0.0,0.0,15.505359262938736,0.0,False
4534,,0.0,0.0,0.0,6.6237072453544075,,False,0.0,0.0,15.505359262938736,0.0,False
4535,,0.0,0.0,0.0,6.6237072453544075,,False,0.0,0.0,15.505359262938736,0.0,False
4536,,0.0,0.0,0.0,6.6237072453544075,,False,0.0,0.0,15.505359262938736,0.0,False
4537,-4.154564710690844,-4.154564710690844,0.0,4.154564710690844,6.6237072453544075,0.0,False,0.0,4.154564710690844,15.505359262938736,0.0,False
4538,-9.919393888431156,-9.919393888431156,0.0,5.196745158985786,4.457990679574653,-4.722648729445369,False,0.0,8.745000000000001,13.339642697158983,-1.1743938884311547,False
4539,-7.783281319971938,-7.783281319971938,0.0,4.2595540635239357e-16,1.7490000000000006,-7.783281319971938,False,0.0,7.783281319971938,8.780996319836184,0.0,False
4540,-4.205547521607034,-4.205547521607034,0.0,0.0,1.7490000000000003,-4.205547521607034,False,0.0,4.205547521607034,4.723680460147874,0.0,False
4541,-1.5008790074167895,-1.5008790074167895,0.0,0.0,1.7490000000000003,-1.5008790074167895,False,0.0,1.5008790074167895,2.53138726700519,0.0,False
4542,1.4828927243965624,1.4828927243965624,1.4828927243965624,0.0,1.7490000000000003,0.0,False,0.0,0.0,1.7490000000000003,1.4828927243965624,False
4543,2.6296392744902413,2.6296392744902413,2.6296392744902413,0.0,2.4601703673352118,0.0,False,0.0,0.0,1.7490000000000003,2.6296392744902413,False
4544,2.548055128817491,2.548055128817491,2.548055128817491,0.0,3.7213010600893606,0.0,False,0.0,0.0,1.7490000000000003,2.548055128817491,False
4545,2.6799537564214195,2.6799537564214195,2.6799537564214195,0.0,4.943305371081518,0.0,False,0.0,0.0,1.7490000000000003,2.6799537564214195,False
4546,2.05329500710623,2.05329500710623,2.05329500710623,0.0,6.228566041688136,0.0,False,0.0,0.0,1.7490000000000003,2.05329500710623,False
4547,6.02598556058724,6.02598556058724,6.02598556058724,0.0,7.213291733862204,0.0,False,0.0,0.0,1.7490000000000003,6.02598556058724,False
4548,13.722912514347094,13.722912514347094,8.745000000000001,0.0,10.10325288491136,4.977912514347093,False,0.0,0.0,1.7490000000000003,13.722912514347094,False
4549,17.296152999432202,17.296152999432202,3.0105153630467147,0.0,14.297207552048334,14.285637636385488,False,0.0,0.0,1.7490000000000003,17.296152999432202,False
4550,12.827397147910029,12.827397147910029,0.0,0.0,15.741000000000001,12.827397147910029,False,4.099133412852424,0.0,1.7490000000000003,8.728263735057604,False
4551,2.917861822530935,2.917861822530935,0.0,0.0,15.741000000000001,2.917861822530935,False,2.917861822530935,0.0,3.7148753239622114,0.0,False
4552,-6.455635616552691,-6.455635616552691,0.0,6.455635616552691,15.741000000000001,0.0,False,0.0,6.455635616552691,5.114232694878668,0.0,False
4553,1.232731829054974,1.232731829054974,1.232731829054974,0.0,12.375767305121334,0.0,False,0.0,0.0,1.7490000000000003,1.232731829054974,False
4554,17.323028700703247,17.323028700703247,5.784263406328386,0.0,12.966964721678613,11.538765294374862,False,0.8958380532681977,0.0,1.7490000000000003,16.42719064743505,False
4555,9.526600525389282,9.526600525389282,0.0,0.0,15.741000000000001,9.526600525389282,False,8.745000000000001,0.0,2.1786288375646725,0.7816005253892815,False
4556,4.327942847722739,4.327942847722739,0.0,0.0,15.741000000000001,4.327942847722739,False,4.327942847722739,0.0,6.372583504701646,0.0,False
4557,10.331990077597489,10.331990077597489,0.0,0.0,15.741000000000001,10.331990077597489,False,8.745000000000001,0.0,8.4481919787221,1.5869900775974877,False
4558,1.0307045250253746,1.0307045250253746,0.0,0.0,15.741000000000001,1.0307045250253746,False,1.0307045250253746,0.0,12.642146645859075,0.0,False
4559,5.430851388849586,5.430851388849586,0.0,0.0,15.741000000000001,5.430851388849586,False,5.430851388849586,0.0,13.13645517109285,0.0,False
4560,-7.410473761342814,-7.410473761342814,0.0,7.410473761342814,15.741000000000001,0.0,False,0.0,7.410473761342814,15.741000000000001,0.0,False
4561,-26.938076019515083,-26.938076019515083,0.0,8.745000000000001,11.878023514420692,-18.193076019515082,True,0.0,8.745000000000001,11.878023514420692,-18.193076019515082,True
4562,-7.208697435944147,-7.208697435944147,0.0,7.208697435944147,7.319377137097894,0.0,False,0.0,7.208697435944147,7.319377137097894,0.0,False
4563,6.826842631108403,6.826842631108403,6.826842631108403,0.0,3.5615838321713165,0.0,False,5.9991640925216725,0.0,3.5615838321713165,0.8276785385867305,False
4564,0.4302674459077707,0.4302674459077707,0.4302674459077707,0.0,6.835622541667799,0.0,False,0.4302674459077707,0.0,6.438681859015435,0.0,False
4565,-5.765000140535958,-5.765000140535958,0.0,5.765000140535958,7.041971559721773,0.0,False,0.0,5.765000140535958,6.645030877069408,0.0,False
4566,1.6324297279178086,1.6324297279178086,1.6324297279178086,0.0,4.0367574938647515,0.0,False,1.6324297279178086,0.0,3.6398168112123863,0.0,False
4567,10.857444011383153,10.857444011383153,8.745000000000001,0.0,4.819643288738854,2.112444011383152,False,8.745000000000001,0.0,4.42270260608649,2.112444011383152,False
4568,2.815661050336666,2.815661050336666,2.815661050336666,0.0,9.013597955875827,0.0,False,2.815661050336666,0.0,8.616657273223463,0.0,False
4569,-7.668876812414388,-7.668876812414388,0.0,7.668876812414388,10.363941558292666,0.0,False,0.0,7.668876812414388,9.967000875640302,0.0,False
4570,1.37488455153946,1.37488455153946,1.37488455153946,0.0,6.366263170751482,0.0,False,1.37488455153946,0.0,5.969322488099119,0.0,False
4571,-0.7039460883567856,-0.7039460883567856,0.0,0.7039460883567856,7.025634638070343,0.0,False,0.0,0.7039460883567856,6.6286939554179805,0.0,False
4572,-4.449171647898543,-4.449171647898543,0.0,4.449171647898543,6.658677372716631,0.0,False,0.0,4.449171647898543,6.261736690064268,0.0,False
4573,7.234041030729435,7.234041030729435,7.234041030729435,0.0,4.339386324714345,0.0,False,7.234041030729435,0.0,3.942445642061982,0.0,False
4574,9.679921359705755,9.679921359705755,8.745000000000001,0.0,7.808710526325331,0.9349213597057542,False,8.745000000000001,0.0,7.411769843672968,0.9349213597057542,False
4575,8.622645455930485,8.622645455930485,7.794966917343754,0.0,12.002665193462306,0.8276785385867305,False,8.622645455930485,0.0,11.605724510809942,0.0,False
4576,-4.519044273651257,-4.519044273651257,0.0,4.519044273651257,15.741000000000001,0.0,False,0.0,2.189144671862914,15.741000000000001,-2.3298996017883433,False
4577,-16.128232247990912,-16.128232247990912,0.0,8.745000000000001,13.385285327954074,-7.383232247990911,False,0.0,8.745000000000001,14.599829453650845,-7.383232247990911,False
4578,-8.183766906960333,-8.183766906960333,0.0,8.183766906960333,8.826638950631278,0.0,False,0.0,8.183766906960333,10.041183076328048,0.0,False
4579,-5.485838970460332,-5.485838970460332,0.0,5.393498689065042,4.5605555471699954,-0.09234028139529027,False,0.0,5.485838970460332,5.775099672866766,0.0,False
4580,-2.237559320393052,-2.237559320393052,0.0,4.2595540635239357e-16,1.7490000000000006,-2.2375593203930517,False,0.0,2.237559320393052,2.9154084265242597,0.0,False
4581,8.122027912728202,8.122027912728202,8.122027912728202,0.0,1.7490000000000003,0.0,False,2.20033125437786,0.0,1.7490000000000003,5.921696658350342,False
4582,5.264051165622427,5.264051165622427,5.264051165622427,0.0,5.644187749708772,0.0,False,5.264051165622427,0.0,2.8042417991475563,0.0,False
4583,-3.2334250381774283,-3.2334250381774283,0.0,3.2334250381774283,8.168738001751082,0.0,False,0.0,3.2334250381774283,5.3287920511898665,0.0,False
4584,-3.6338067882228358,-3.6338067882228358,0.0,3.6338067882228358,6.48319868366848,0.0,False,0.0,3.6338067882228358,3.6432527331072637,0.0,False
4585,5.940429831115557,5.940429831115557,5.940429831115557,0.0,4.588945950561216,0.0,False,0.0,0.0,1.7490000000000003,5.940429831115557,False
4586,10.36178919894953,10.36178919894953,8.745000000000001,0.0,7.437876015170341,1.6167891989495295,False,0.0,0.0,1.7490000000000003,10.36178919894953,False
4587,1.7674518589154802,1.7674518589154802,1.7674518589154802,0.0,11.631830682307314,0.0,False,0.0,0.0,1.7490000000000003,1.7674518589154802,False
4588,2.7792228008796656,2.7792228008796656,2.7792228008796656,0.0,12.479470816399767,0.0,False,0.0,0.0,1.7490000000000003,2.7792228008796656,False
4589,8.275050545953551,8.275050545953551,4.021535665604859,0.0,13.812339248276583,4.253514880348692,False,0.0,0.0,1.7490000000000003,8.275050545953551,False
4590,19.98116961572766,19.98116961572766,0.0,0.0,15.741000000000001,19.98116961572766,True,0.0,0.0,1.7490000000000003,19.98116961572766,True
4591,31.466726565852465,31.466726565852465,0.0,0.0,15.741000000000001,31.466726565852465,True,0.0,0.0,1.7490000000000003,31.466726565852465,True
4592,14.191591059159288,14.191591059159288,0.0,0.0,15.741000000000001,14.191591059159288,False,0.0,0.0,1.7490000000000003,14.191591059159288,False
4593,8.008774461382373,8.008774461382373,0.0,0.0,15.741000000000001,8.008774461382373,False,0.0,0.0,1.7490000000000003,8.008774461382373,False
4594,14.785597138792708,14.785597138792708,0.0,0.0,15.741000000000001,14.785597138792708,False,0.0,0.0,1.7490000000000003,14.785597138792708,False
4595,11.646199889238815,11.646199889238815,0.0,0.0,15.741000000000001,11.646199889238815,False,2.9403368148659013,0.0,1.7490000000000003,8.705863074372914,False
4596,12.792832930530068,12.792832930530068,0.0,0.0,15.741000000000001,12.792832930530068,False,8.745000000000001,0.0,3.159135998589081,4.047832930530067,False
4597,14.662422598359585,14.662422598359585,0.0,0.0,15.741000000000001,14.662422598359585,False,8.745000000000001,0.0,7.353090665726055,5.917422598359584,False
4598,10.606928860141236,10.606928860141236,0.0,0.0,15.741000000000001,10.606928860141236,False,8.745000000000001,0.0,11.547045332863028,1.8619288601412354,False
4599,-0.35349946647912833,-0.35349946647912833,0.0,0.35349946647912833,15.741000000000001,0.0,False,0.0,0.35349946647912833,15.741000000000001,0.0,False
4600,-1.2538175320142582,-1.2538175320142582,0.0,1.2538175320142582,15.556725664694042,0.0,False,0.0,1.2538175320142582,15.556725664694042,0.0,False
4601,0.18241861468588275,0.18241861468588275,0.18241861468588275,0.0,14.90312809463794,0.0,False,0.0,0.0,14.90312809463794,0.18241861468588275,False
4602,-10.15415816297885,-10.15415816297885,0.0,8.745000000000001,14.9906129889129,-1.4091581629788497,False,0.0,8.745000000000001,14.90312809463794,-1.4091581629788497,False
4603,-11.43732445399346,-11.43732445399346,0.0,8.745000000000001,10.431966611590102,-2.692324453993459,False,0.0,8.745000000000001,10.344481717315144,-2.692324453993459,False
4604,6.656303088627184,6.656303088627184,6.656303088627184,0.0,5.873320234267305,0.0,False,0.0,0.0,5.785835339992347,6.656303088627184,False
4605,21.437024071161556,21.437024071161556,8.745000000000001,0.0,9.065571052383511,12.692024071161555,False,0.0,0.0,5.785835339992347,21.437024071161556,True
4606,10.715216957248392,10.715216957248392,5.174231555918873,0.0,13.259525719520486,5.540985401329519,False,0.0,0.0,5.785835339992347,10.715216957248392,False
4607,10.829870467089489,10.829870467089489,0.0,0.0,15.741000000000001,10.829870467089489,False,0.0,0.0,5.785835339992347,10.829870467089489,False
4608,18.36805474851247,18.36805474851247,0.0,0.0,15.741000000000001,18.36805474851247,True,0.0,0.0,5.785835339992347,18.36805474851247,True
4609,16.0413131886041,16.0413131886041,0.0,0.0,15.741000000000001,16.0413131886041,False,3.2679532592319394,0.0,5.785835339992347,12.77335992937216,False
4610,17.858111643915127,17.858111643915127,0.0,0.0,15.741000000000001,17.858111643915127,True,8.745000000000001,0.0,7.353090665726055,9.113111643915126,False
4611,8.808160639717997,8.808160639717997,0.0,0.0,15.741000000000001,8.808160639717997,False,8.745000000000001,0.0,11.547045332863028,0.06316063971799579,False
4612,3.0196647017737046,3.0196647017737046,0.0,0.0,15.741000000000001,3.0196647017737046,False,0.0,0.0,15.741000000000001,3.0196647017737046,False
4613,4.202715004761889,4.202715004761889,0.0,0.0,15.741000000000001,4.202715004761889,False,0.0,0.0,15.741000000000001,4.202715004761889,False
4614,7.344698995745496,7.344698995745496,0.0,0.0,15.741000000000001,7.344698995745496,False,0.0,0.0,15.741000000000001,7.344698995745496,False
4615,-0.6526196465937961,-0.6526196465937961,0.0,0.6526196465937961,15.741000000000001,0.0,False,0.0,0.6526196465937961,15.741000000000001,0.0,False
4616,-14.689558897651608,-14.689558897651608,0.0,8.745000000000001,15.4007984919709,-5.944558897651607,False,0.0,8.745000000000001,15.4007984919709,-5.944558897651607,False
4617,-15.519289004611327,-15.519289004611327,0.0,8.745000000000001,10.842152114648101,-6.774289004611326,False,0.0,8.745000000000001,10.842152114648101,-6.774289004611326,False
4618,9.147908750895432,9.147908750895432,8.745000000000001,0.0,6.283505737325304,0.4029087508954312,False,0.0,0.0,6.283505737325304,9.147908750895432,False
4619,32.5072087636046,32.5072087636046,8.745000000000001,0.0,10.477460404462278,23.7622087636046,True,0.0,0.0,6.283505737325304,32.5072087636046,True
4620,15.56659891378922,15.56659891378922,2.2302387462976045,0.0,14.671415071599252,13.336360167491614,False,5.728778222350791,0.0,6.283505737325304,9.837820691438427,False
4621,0.8332866578030974,0.8332866578030974,0.0,0.0,15.741000000000001,0.8332866578030974,False,0.8332866578030974,0.0,9.030931256207037,0.0,False
4622,8.370454781842271,8.370454781842271,0.0,0.0,15.741000000000001,8.370454781842271,False,8.370454781842271,0.0,9.430561498351835,0.0,False
4623,4.787719084301453,4.787719084301453,0.0,0.0,15.741000000000001,4.787719084301453,False,4.787719084301453,0.0,13.44489058907412,0.0,False
4624,-7.109443695060956,-7.109443695060956,0.0,7.109443695060956,15.741000000000001,0.0,False,0.0,0.0,15.741000000000001,-7.109443695060956,False
4625,-19.518503189688065,-19.518503189688065,0.0,8.745000000000001,12.034946284131502,-10.773503189688064,False,0.0,0.0,15.741000000000001,-19.518503189688065,True
4626,-21.52316658342545,-21.52316658342545,0.0,8.745000000000001,7.476299906808705,-12.778166583425449,False,0.0,0.4212075195961131,15.741000000000001,-21.101959063829337,True
4627,-8.084535902817231,-8.084535902817231,0.0,2.2418661746156734,2.917653529485907,-5.8426697282015585,False,0.0,8.084535902817231,15.521430402137458,0.0,False
4628,4.513023409978623,4.513023409978623,4.513023409978623,0.0,1.7490000000000003,0.0,False,4.513023409978623,0.0,11.307074735389161,0.0,False
4629,3.993236171414263,3.993236171414263,3.993236171414263,0.0,3.913369993502375,0.0,False,3.993236171414263,0.0,13.471444728891536,0.0,False
4630,0.7391137038390098,0.7391137038390098,0.7391137038390098,0.0,5.8284587845924865,0.0,False,0.7391137038390098,0.0,15.386533519981647,0.0,False
4631,-2.7135914516428934,-2.7135914516428934,0.0,2.7135914516428934,6.182925264610841,0.0,False,0.0,0.0,15.741000000000001,-2.7135914516428934,False
4632,-8.1726145359484,-8.1726145359484,0.0,5.792151970770451,4.768367935786829,-2.3804625651779485,False,0.0,5.405203138528524,15.741000000000001,-2.7674113974198757,False
4633,-7.058023682867622,-7.058023682867622,0.0,4.2595540635239357e-16,1.7490000000000006,-7.058023682867622,False,0.0,7.058023682867622,12.92334308677566,0.0,False
4634,-8.040904098593177,-8.040904098593177,0.0,0.0,1.7490000000000003,-8.040904098593177,False,0.0,8.040904098593177,9.244093905190411,0.0,False
4635,-6.337178949687305,-6.337178949687305,0.0,0.0,1.7490000000000003,-6.337178949687305,False,0.0,6.337178949687305,5.052482888672193,0.0,False
4636,1.3197016088619784,1.3197016088619784,1.3197016088619784,0.0,1.7490000000000003,0.0,False,1.3197016088619784,0.0,1.7490000000000003,0.0,False
4637,,0.0,0.0,0.0,2.381906657714679,,False,0.0,0.0,2.381906657714679,0.0,False
4638,,0.0,0.0,0.0,2.381906657714679,,False,0.0,0.0,2.381906657714679,0.0,False
4639,,0.0,0.0,0.0,2.381906657714679,,False,0.0,0.0,2.381906657714679,0.0,False
4640,,0.0,0.0,0.0,2.381906657714679,,False,0.0,0.0,2.381906657714679,0.0,False
4641,,0.0,0.0,0.0,2.381906657714679,,False,0.0,0.0,2.381906657714679,0.0,False
4642,,0.0,0.0,0.0,2.381906657714679,,False,0.0,0.0,2.381906657714679,0.0,False
4643,,0.0,0.0,0.0,2.381906657714679,,False,0.0,0.0,2.381906657714679,0.0,False
4644,,0.0,0.0,0.0,2.381906657714679,,False,0.0,0.0,2.381906657714679,0.0,False
4645,,0.0,0.0,0.0,2.381906657714679,,False,0.0,0.0,2.381906657714679,0.0,False
4646,,0.0,0.0,0.0,2.381906657714679,,False,0.0,0.0,2.381906657714679,0.0,False
4647,,0.0,0.0,0.0,2.381906657714679,,False,0.0,0.0,2.381906657714679,0.0,False
4648,,0.0,0.0,0.0,2.381906657714679,,False,0.0,0.0,2.381906657714679,0.0,False
4649,,0.0,0.0,0.0,2.381906657714679,,False,0.0,0.0,2.381906657714679,0.0,False
4650,,0.0,0.0,0.0,2.381906657714679,,False,0.0,0.0,2.381906657714679,0.0,False
4651,,0.0,0.0,0.0,2.381906657714679,,False,0.0,0.0,2.381906657714679,0.0,False
4652,,0.0,0.0,0.0,2.381906657714679,,False,0.0,0.0,2.381906657714679,0.0,False
4653,,0.0,0.0,0.0,2.381906657714679,,False,0.0,0.0,2.381906657714679,0.0,False
4654,,0.0,0.0,0.0,2.381906657714679,,False,0.0,0.0,2.381906657714679,0.0,False
4655,,0.0,0.0,0.0,2.381906657714679,,False,0.0,0.0,2.381906657714679,0.0,False
4656,,0.0,0.0,0.0,2.381906657714679,,False,0.0,0.0,2.381906657714679,0.0,False
4657,,0.0,0.0,0.0,2.381906657714679,,False,0.0,0.0,2.381906657714679,0.0,False
4658,,0.0,0.0,0.0,2.381906657714679,,False,0.0,0.0,2.381906657714679,0.0,False
4659,,0.0,0.0,0.0,2.381906657714679,,False,0.0,0.0,2.381906657714679,0.0,False
4660,,0.0,0.0,0.0,2.381906657714679,,False,0.0,0.0,2.381906657714679,0.0,False
4661,,0.0,0.0,0.0,2.381906657714679,,False,0.0,0.0,2.381906657714679,0.0,False
4662,,0.0,0.0,0.0,2.381906657714679,,False,0.0,0.0,2.381906657714679,0.0,False
4663,,0.0,0.0,0.0,2.381906657714679,,False,0.0,0.0,2.381906657714679,0.0,False
4664,,0.0,0.0,0.0,2.381906657714679,,False,0.0,0.0,2.381906657714679,0.0,False
4665,,0.0,0.0,0.0,2.381906657714679,,False,0.0,0.0,2.381906657714679,0.0,False
4666,,0.0,0.0,0.0,2.381906657714679,,False,0.0,0.0,2.381906657714679,0.0,False
4667,,0.0,0.0,0.0,2.381906657714679,,False,0.0,0.0,2.381906657714679,0.0,False
4668,,0.0,0.0,0.0,2.381906657714679,,False,0.0,0.0,2.381906657714679,0.0,False
4669,6.8050220941993596,6.8050220941993596,6.8050220941993596,0.0,2.381906657714679,0.0,False,6.8050220941993596,0.0,2.381906657714679,0.0,False
4670,7.637628311330895,7.637628311330895,7.637628311330895,0.0,5.645480605334762,0.0,False,7.637628311330895,0.0,5.645480605334762,0.0,False
4671,-2.20985372810888,-2.20985372810888,0.0,2.20985372810888,9.308358467217403,0.0,False,0.0,2.20985372810888,9.308358467217403,0.0,False
4672,3.522201750533208,3.522201750533208,3.522201750533208,0.0,8.156392579046239,0.0,False,0.0,0.0,8.156392579046239,3.522201750533208,False
4673,11.663918805685437,11.663918805685437,8.745000000000001,0.0,9.84558119771368,2.9189188056854363,False,7.069999722331149,0.0,8.156392579046239,4.5939190833542884,False
4674,17.962714640148423,17.962714640148423,3.54779797179794,0.0,14.039535864850652,14.414916668350482,False,8.745000000000001,0.0,11.547045332863028,9.217714640148422,False
4675,-1.2159870944720206,-1.2159870944720206,0.0,1.2159870944720206,15.741000000000001,0.0,False,0.0,1.2159870944720206,15.741000000000001,0.0,False
4676,-22.458520216452307,-22.458520216452307,0.0,8.745000000000001,15.107122908738006,-13.713520216452306,False,0.0,8.745000000000001,15.107122908738006,-13.713520216452306,False
4677,-1.9417998053610181,-1.9417998053610181,0.0,1.9417998053610181,10.548476531415208,0.0,False,0.0,1.9417998053610181,10.548476531415208,0.0,False
4678,3.191867524241178,3.191867524241178,3.191867524241178,0.0,9.536243409837722,0.0,False,0.0,0.0,9.536243409837722,3.191867524241178,False
4679,7.908355899814809,7.908355899814809,7.908355899814809,0.0,11.06700929893712,0.0,False,0.0,0.0,9.536243409837722,7.908355899814809,False
4680,19.879791738626484,19.879791738626484,1.8375884235886222,0.0,14.859723551127917,18.04220331503786,True,0.0,0.0,9.536243409837722,19.879791738626484,True
4681,13.728035276786358,13.728035276786358,0.0,0.0,15.741000000000001,13.728035276786358,False,0.0,0.0,9.536243409837722,13.728035276786358,False
4682,10.757657706087969,10.757657706087969,0.0,0.0,15.741000000000001,10.757657706087969,False,0.0,0.0,9.536243409837722,10.757657706087969,False
4683,16.837544207007866,16.837544207007866,0.0,0.0,15.741000000000001,16.837544207007866,False,0.0,0.0,9.536243409837722,16.837544207007866,False
4684,10.630425532039578,10.630425532039578,0.0,0.0,15.741000000000001,10.630425532039578,False,0.0,0.0,9.536243409837722,10.630425532039578,False
4685,5.100101779805987,5.100101779805987,0.0,0.0,15.741000000000001,5.100101779805987,False,5.100101779805987,0.0,9.536243409837722,0.0,False
4686,7.139905679835496,7.139905679835496,0.0,0.0,15.741000000000001,7.139905679835496,False,7.139905679835496,0.0,11.982166298607408,0.0,False
4687,22.460811380260918,22.460811380260918,0.0,0.0,15.741000000000001,22.460811380260918,True,0.5626467110549376,0.0,15.406344771890868,21.89816466920598,True
4688,0.13515767694818742,0.13515767694818742,0.0,0.0,15.741000000000001,0.13515767694818742,False,0.13515767694818742,0.0,15.676180655227418,0.0,False
4689,-24.852543288233644,-24.852543288233644,0.0,8.745000000000001,15.741000000000001,-16.107543288233643,False,0.0,8.745000000000001,15.741000000000001,-16.107543288233643,False
4690,-7.603755290849536,-7.603755290849536,0.0,7.603755290849536,11.182353622677205,0.0,False,0.0,7.603755290849536,11.182353622677205,0.0,False
4691,5.440387702335432,5.440387702335432,5.440387702335432,0.0,7.218622174915023,0.0,False,0.0,0.0,7.218622174915023,5.440387702335432,False
4692,12.06452355068168,12.06452355068168,8.745000000000001,0.0,9.827740459105335,3.3195235506816783,False,0.0,0.0,7.218622174915023,12.06452355068168,False
4693,20.872691186319713,20.872691186319713,3.584998483370579,0.0,14.02169512624231,17.287692702949133,False,0.0,0.0,7.218622174915023,20.872691186319713,True
4694,29.772633049842803,29.772633049842803,0.0,0.0,15.741000000000001,29.772633049842803,True,0.0,0.0,7.218622174915023,29.772633049842803,True
4695,22.411525998165615,22.411525998165615,0.0,0.0,15.741000000000001,22.411525998165615,True,0.2803861857060145,0.0,7.218622174915023,22.1311398124596,True
4696,17.591345844942108,17.591345844942108,0.0,0.0,15.741000000000001,17.591345844942108,True,8.745000000000001,0.0,7.353090665726055,8.846345844942107,False
4697,11.507374601216837,11.507374601216837,0.0,0.0,15.741000000000001,11.507374601216837,False,8.745000000000001,0.0,11.547045332863028,2.7623746012168358,False
4698,-2.487180742851599,-2.487180742851599,0.0,2.487180742851599,15.741000000000001,0.0,False,0.0,1.58603480149927,15.741000000000001,-0.9011459413523288,False
4699,-8.235944227496516,-8.235944227496516,0.0,8.235944227496516,14.44446741187565,0.0,False,0.0,8.235944227496516,14.914222206728128,0.0,False
4700,-8.274330840680845,-8.274330840680845,0.0,8.274330840680845,10.151184699867692,0.0,False,0.0,8.274330840680845,10.62093949472017,0.0,False
4701,-17.72590099827802,-17.72590099827802,0.0,7.843854058647674,5.837891582470319,-9.882046939630348,False,0.0,8.745000000000001,6.307646377322798,-8.98090099827802,False
4702,8.263314890109424,8.263314890109424,8.263314890109424,0.0,1.7490000000000006,0.0,False,0.0,0.0,1.7490000000000003,8.263314890109424,False
4703,32.08505571043733,32.08505571043733,8.745000000000001,0.0,5.711946603704616,23.34005571043733,True,7.046314932021381,0.0,1.7490000000000003,25.03874077841595,True
4704,28.424816587375116,28.424816587375116,8.745000000000001,0.0,9.90590127084159,19.679816587375115,True,8.745000000000001,0.0,5.128293927417727,19.679816587375115,True
4705,1.2322045115829972,1.2322045115829972,1.2322045115829972,0.0,14.099855937978564,0.0,False,1.2322045115829972,0.0,9.3222485945547,0.0,False
4706,-24.117739945620844,-24.117739945620844,0.0,8.745000000000001,14.690800461960354,-15.372739945620843,False,0.0,8.745000000000001,9.91319311853649,-15.372739945620843,False
4707,-6.916637888116029,-6.916637888116029,0.0,6.916637888116029,10.132154084637556,0.0,False,0.0,6.916637888116029,5.354546741213692,0.0,False
4708,16.37836087465138,16.37836087465138,8.745000000000001,0.0,6.526607343423864,7.63336087465138,False,0.0,0.0,1.7490000000000003,16.37836087465138,False
4709,27.02171661587958,27.02171661587958,8.745000000000001,0.0,10.720562010560837,18.27671661587958,True,5.915306166400644,0.0,1.7490000000000003,21.106410449478936,True
4710,19.70899334710429,19.70899334710429,1.723336856777856,0.0,14.914516677697812,17.985656490326434,True,8.745000000000001,0.0,4.585881178287033,10.963993347104289,False
4711,4.518235370398219,4.518235370398219,0.0,0.0,15.741000000000001,4.518235370398219,False,0.0,0.0,8.779835845424007,4.518235370398219,False
4712,8.758795679032401,8.758795679032401,0.0,0.0,15.741000000000001,8.758795679032401,False,8.745000000000001,0.0,8.779835845424007,0.013795679032400088,False
4713,5.446168955747175,5.446168955747175,0.0,0.0,15.741000000000001,5.446168955747175,False,5.446168955747175,0.0,12.97379051256098,0.0,False
4714,-10.054894802705633,-10.054894802705633,0.0,8.745000000000001,15.741000000000001,-1.3098948027056316,False,0.0,8.745000000000001,15.585681388486922,-1.3098948027056316,False
4715,-7.047847242699367,-7.047847242699367,0.0,7.047847242699367,11.182353622677205,0.0,False,0.0,7.047847242699367,11.027035011164125,0.0,False
4716,9.622033619448105,9.622033619448105,8.745000000000001,0.0,7.508409277239133,0.8770336194481043,False,8.745000000000001,0.0,7.353090665726055,0.8770336194481043,False
4717,9.194055588368942,9.194055588368942,8.42113830728192,0.0,11.702363944376106,0.7729172810870217,False,8.745000000000001,0.0,11.547045332863028,0.44905558836894066,False
4718,-2.222022256504632,-2.222022256504632,0.0,2.222022256504632,15.741000000000001,0.0,False,0.0,0.0,15.741000000000001,-2.222022256504632,False
4719,-0.3864196426529033,-0.3864196426529033,0.0,0.3864196426529033,14.582690827907895,0.0,False,0.0,0.0,15.741000000000001,-0.3864196426529033,False
4720,-8.317391602932755,-8.317391602932755,0.0,8.317391602932755,14.381255664488108,0.0,False,0.0,0.0,15.741000000000001,-8.317391602932755,False
4721,-19.86601327413468,-19.86601327413468,0.0,8.745000000000001,10.045515573066215,-11.121013274134679,False,0.0,5.323402808525814,15.741000000000001,-14.542610465608867,False
4722,-34.17819388127737,-34.17819388127737,0.0,7.170476367586336,5.4868691957434175,-27.007717513691038,True,0.0,8.745000000000001,12.965984456476136,-25.433193881277372,True
4723,-25.505148680640396,-25.505148680640396,0.0,4.2595540635239357e-16,1.7490000000000006,-25.505148680640396,True,0.0,8.745000000000001,8.40733807915334,-16.760148680640395,False
4724,-1.4951998594578362,-1.4951998594578362,0.0,0.0,1.7490000000000003,-1.4951998594578362,False,0.0,1.4951998594578362,3.8486917018305418,0.0,False
4725,0.1682255544835152,0.1682255544835152,0.1682255544835152,0.0,1.7490000000000003,0.0,False,0.1682255544835152,0.0,3.0692648953478634,0.0,False
4726,-1.1871376692635465,-1.1871376692635465,0.0,0.1547675101248338,1.8296781417218806,-1.0323701591387127,False,0.0,1.1871376692635465,3.1499430370697437,0.0,False
4727,-0.10113704255426792,-0.10113704255426792,0.0,0.0,1.7490000000000003,-0.10113704255426792,False,0.0,0.10113704255426792,2.531104748290819,0.0,False
4728,22.512212153674184,22.512212153674184,8.745000000000001,0.0,1.7490000000000003,13.767212153674183,False,8.745000000000001,0.0,2.4783834203716477,13.767212153674183,False
4729,40.09373922485938,40.09373922485938,8.745000000000001,0.0,5.942954667136974,31.348739224859376,True,8.745000000000001,0.0,6.672338087508622,31.348739224859376,True
4730,-25.933141840396615,-25.933141840396615,0.0,8.745000000000001,10.136909334273948,-17.188141840396614,False,0.0,8.745000000000001,10.866292754645595,-17.188141840396614,False
4731,-29.365675134972683,-29.365675134972683,0.0,7.345800000000001,5.578262956951151,-22.019875134972683,True,0.0,8.745000000000001,6.307646377322798,-20.620675134972682,True
4732,84.24727406661026,84.24727406661026,8.745000000000001,0.0,1.7490000000000006,75.50227406661025,True,6.577161249072606,0.0,1.7490000000000003,77.67011281753766,True
4733,67.66628222748,67.66628222748,8.745000000000001,0.0,5.942954667136974,58.92128222747999,True,8.745000000000001,0.0,4.903295725221327,58.92128222747999,True
4734,-4.02778727144418,-4.02778727144418,0.0,4.02778727144418,10.136909334273948,0.0,False,0.0,4.02778727144418,9.097250392358301,0.0,False
4735,3.1909912852578857,3.1909912852578857,3.1909912852578857,0.0,8.037280077144631,0.0,False,3.1909912852578857,0.0,6.997621135228982,0.0,False
4736,11.220100262686707,11.220100262686707,8.745000000000001,0.0,9.567625736790225,2.4751002626867056,False,8.745000000000001,0.0,8.527966794874576,2.4751002626867056,False
4737,6.295213923409519,6.295213923409519,4.127375172482123,0.0,13.761580403927198,2.1678387509273964,False,6.295213923409519,0.0,12.72192146201155,0.0,False
4738,-1.6560016059564426,-1.6560016059564426,0.0,1.6560016059564426,15.741000000000001,0.0,False,0.0,0.6063098696766263,15.741000000000001,-1.0496917362798164,False
4739,-13.212233963656983,-13.212233963656983,0.0,8.745000000000001,14.877749488641046,-4.467233963656982,False,0.0,8.745000000000001,15.424939131968394,-4.467233963656982,False
4740,-23.859060555708233,-23.859060555708233,0.0,8.745000000000001,10.319103111318249,-15.114060555708232,False,0.0,8.745000000000001,10.866292754645595,-15.114060555708232,False
4741,-12.58705931132637,-12.58705931132637,0.0,7.695308263720189,5.7604567339954516,-4.8917510476061805,False,0.0,8.745000000000001,6.307646377322798,-3.842059311326368,False
4742,4.480643668626873,4.480643668626873,4.480643668626873,0.0,1.7490000000000006,0.0,False,4.480643668626873,0.0,1.7490000000000003,0.0,False
4743,26.122747888419518,26.122747888419518,8.745000000000001,0.0,3.8978412150732313,17.377747888419517,False,8.745000000000001,0.0,3.897841215073231,17.377747888419517,False
4744,24.2855493303118,24.2855493303118,8.745000000000001,0.0,8.091795882210205,15.540549330311798,False,8.745000000000001,0.0,8.091795882210205,15.540549330311798,False
4745,1.757688178028763,1.757688178028763,1.757688178028763,0.0,12.285750549347178,0.0,False,1.757688178028763,0.0,12.285750549347178,0.0,False
4746,-4.829646507509102,-4.829646507509102,0.0,4.829646507509102,13.128708186581623,0.0,False,0.0,0.0,13.128708186581623,-4.829646507509102,False
4747,-13.530506349333654,-13.530506349333654,0.0,8.745000000000001,10.611080907541478,-4.785506349333653,False,0.0,0.0,13.128708186581623,-13.530506349333654,False
4748,-29.176931334093016,-29.176931334093016,0.0,8.255418791414083,6.05243453021868,-20.921512542678933,True,0.0,4.340065298923185,13.128708186581623,-24.83686603516983,True
4749,-24.23013989472346,-24.23013989472346,0.0,4.2595540635239357e-16,1.7490000000000006,-24.23013989472346,True,0.0,8.745000000000001,10.866292754645595,-15.48513989472346,False
4750,-12.354872596063368,-12.354872596063368,0.0,0.0,1.7490000000000003,-12.354872596063368,False,0.0,8.745000000000001,6.307646377322798,-3.609872596063367,False
4751,-7.328410744944261,-7.328410744944261,0.0,0.0,1.7490000000000003,-7.328410744944261,False,0.0,0.0,1.7490000000000003,-7.328410744944261,False
4752,-1.5246633515466164,-1.5246633515466164,0.0,0.0,1.7490000000000003,-1.5246633515466164,False,0.0,0.0,1.7490000000000003,-1.5246633515466164,False
4753,-2.4361385103396938,-2.4361385103396938,0.0,0.0,1.7490000000000003,-2.4361385103396938,False,0.0,0.0,1.7490000000000003,-2.4361385103396938,False
4754,-3.946592011475882,-3.946592011475882,0.0,0.0,1.7490000000000003,-3.946592011475882,False,0.0,0.0,1.7490000000000003,-3.946592011475882,False
4755,-1.2490449153723127,-1.2490449153723127,0.0,0.0,1.7490000000000003,-1.2490449153723127,False,0.0,0.0,1.7490000000000003,-1.2490449153723127,False
4756,-1.6249419947136563,-1.6249419947136563,0.0,0.0,1.7490000000000003,-1.6249419947136563,False,0.0,0.0,1.7490000000000003,-1.6249419947136563,False
4757,-3.497488794213788,-3.497488794213788,0.0,0.0,1.7490000000000003,-3.497488794213788,False,0.0,0.0,1.7490000000000003,-3.497488794213788,False
4758,-3.101624440902869,-3.101624440902869,0.0,0.0,1.7490000000000003,-3.101624440902869,False,0.0,0.0,1.7490000000000003,-3.101624440902869,False
4759,-2.316305920903132,-2.316305920903132,0.0,0.0,1.7490000000000003,-2.316305920903132,False,0.0,0.0,1.7490000000000003,-2.316305920903132,False
4760,0.18779156871508182,0.18779156871508182,0.18779156871508182,0.0,1.7490000000000003,0.0,False,0.18779156871508182,0.0,1.7490000000000003,0.0,False
4761,1.9345669859928227,1.9345669859928227,1.9345669859928227,0.0,1.839061672505614,0.0,False,1.9345669859928227,0.0,1.839061672505614,0.0,False
4762,-1.2280128186502337,-1.2280128186502337,0.0,1.2280128186502337,2.7668474060440595,0.0,False,0.0,0.0,2.7668474060440595,-1.2280128186502337,False
4763,-3.9553229196687085,-3.9553229196687085,0.0,0.7245570516810386,2.126701472705484,-3.23076586798767,False,0.0,0.0,2.7668474060440595,-3.9553229196687085,False
4764,-2.1706387979934347,-2.1706387979934347,0.0,0.0,1.7490000000000003,-2.1706387979934347,False,0.0,0.0,2.7668474060440595,-2.1706387979934347,False
4765,-0.287179281466772,-0.287179281466772,0.0,0.0,1.7490000000000003,-0.287179281466772,False,0.0,0.0,2.7668474060440595,-0.287179281466772,False
4766,-0.8767815168926307,-0.8767815168926307,0.0,0.0,1.7490000000000003,-0.8767815168926307,False,0.0,0.0,2.7668474060440595,-0.8767815168926307,False
4767,,0.0,0.0,0.0,1.7490000000000003,,False,0.0,0.0,2.7668474060440595,0.0,False
4768,,0.0,0.0,0.0,1.7490000000000003,,False,0.0,0.0,2.7668474060440595,0.0,False
4769,,0.0,0.0,0.0,1.7490000000000003,,False,0.0,0.0,2.7668474060440595,0.0,False
4770,,0.0,0.0,0.0,1.7490000000000003,,False,0.0,0.0,2.7668474060440595,0.0,False
4771,,0.0,0.0,0.0,1.7490000000000003,,False,0.0,0.0,2.7668474060440595,0.0,False
4772,,0.0,0.0,0.0,1.7490000000000003,,False,0.0,0.0,2.7668474060440595,0.0,False
4773,,0.0,0.0,0.0,1.7490000000000003,,False,0.0,0.0,2.7668474060440595,0.0,False
4774,,0.0,0.0,0.0,1.7490000000000003,,False,0.0,0.0,2.7668474060440595,0.0,False
4775,,0.0,0.0,0.0,1.7490000000000003,,False,0.0,0.0,2.7668474060440595,0.0,False
4776,,0.0,0.0,0.0,1.7490000000000003,,False,0.0,0.0,2.7668474060440595,0.0,False
4777,,0.0,0.0,0.0,1.7490000000000003,,False,0.0,0.0,2.7668474060440595,0.0,False
4778,,0.0,0.0,0.0,1.7490000000000003,,False,0.0,0.0,2.7668474060440595,0.0,False
4779,,0.0,0.0,0.0,1.7490000000000003,,False,0.0,0.0,2.7668474060440595,0.0,False
4780,,0.0,0.0,0.0,1.7490000000000003,,False,0.0,0.0,2.7668474060440595,0.0,False
4781,,0.0,0.0,0.0,1.7490000000000003,,False,0.0,0.0,2.7668474060440595,0.0,False
4782,,0.0,0.0,0.0,1.7490000000000003,,False,0.0,0.0,2.7668474060440595,0.0,False
4783,,0.0,0.0,0.0,1.7490000000000003,,False,0.0,0.0,2.7668474060440595,0.0,False
4784,,0.0,0.0,0.0,1.7490000000000003,,False,0.0,0.0,2.7668474060440595,0.0,False
4785,,0.0,0.0,0.0,1.7490000000000003,,False,0.0,0.0,2.7668474060440595,0.0,False
4786,,0.0,0.0,0.0,1.7490000000000003,,False,0.0,0.0,2.7668474060440595,0.0,False
4787,,0.0,0.0,0.0,1.7490000000000003,,False,0.0,0.0,2.7668474060440595,0.0,False
4788,,0.0,0.0,0.0,1.7490000000000003,,False,0.0,0.0,2.7668474060440595,0.0,False
4789,,0.0,0.0,0.0,1.7490000000000003,,False,0.0,0.0,2.7668474060440595,0.0,False
4790,,0.0,0.0,0.0,1.7490000000000003,,False,0.0,0.0,2.7668474060440595,0.0,False
4791,,0.0,0.0,0.0,1.7490000000000003,,False,0.0,0.0,2.7668474060440595,0.0,False
4792,,0.0,0.0,0.0,1.7490000000000003,,False,0.0,0.0,2.7668474060440595,0.0,False
4793,-5.546560145777639,-5.546560145777639,0.0,0.0,1.7490000000000003,-5.546560145777639,False,0.0,0.0,2.7668474060440595,-5.546560145777639,False
4794,-4.275500119470552,-4.275500119470552,0.0,0.0,1.7490000000000003,-4.275500119470552,False,0.0,0.0,2.7668474060440595,-4.275500119470552,False
4795,-2.639575142458599,-2.639575142458599,0.0,0.0,1.7490000000000003,-2.639575142458599,False,0.0,0.0,2.7668474060440595,-2.639575142458599,False
4796,-1.4636580544272417,-1.4636580544272417,0.0,0.0,1.7490000000000003,-1.4636580544272417,False,0.0,0.0,2.7668474060440595,-1.4636580544272417,False
4797,-1.90120127465217,-1.90120127465217,0.0,0.0,1.7490000000000003,-1.90120127465217,False,0.0,0.0,2.7668474060440595,-1.90120127465217,False
4798,-1.5383186318785995,-1.5383186318785995,0.0,0.0,1.7490000000000003,-1.5383186318785995,False,0.0,0.0,2.7668474060440595,-1.5383186318785995,False
4799,-0.6661827268212658,-0.6661827268212658,0.0,0.0,1.7490000000000003,-0.6661827268212658,False,0.0,0.0,2.7668474060440595,-0.6661827268212658,False
4800,-0.06642066828618659,-0.06642066828618659,0.0,0.0,1.7490000000000003,-0.06642066828618659,False,0.0,0.0,2.7668474060440595,-0.06642066828618659,False
4801,-0.05632100046980262,-0.05632100046980262,0.0,0.0,1.7490000000000003,-0.05632100046980262,False,0.0,0.0,2.7668474060440595,-0.05632100046980262,False
4802,-0.39669245161953304,-0.39669245161953304,0.0,0.0,1.7490000000000003,-0.39669245161953304,False,0.0,0.0,2.7668474060440595,-0.39669245161953304,False
4803,-1.8034137964044368,-1.8034137964044368,0.0,0.0,1.7490000000000003,-1.8034137964044368,False,0.0,0.0,2.7668474060440595,-1.8034137964044368,False
4804,-1.1123356657908963,-1.1123356657908963,0.0,0.0,1.7490000000000003,-1.1123356657908963,False,0.0,0.0,2.7668474060440595,-1.1123356657908963,False
4805,-0.5248647155388009,-0.5248647155388009,0.0,0.0,1.7490000000000003,-0.5248647155388009,False,0.0,0.0,2.7668474060440595,-0.5248647155388009,False
4806,-0.6244132076500456,-0.6244132076500456,0.0,0.0,1.7490000000000003,-0.6244132076500456,False,0.0,0.0,2.7668474060440595,-0.6244132076500456,False
4807,-1.4862125770307448,-1.4862125770307448,0.0,0.0,1.7490000000000003,-1.4862125770307448,False,0.0,0.0,2.7668474060440595,-1.4862125770307448,False
4808,-2.142725514333483,-2.142725514333483,0.0,0.0,1.7490000000000003,-2.142725514333483,False,0.0,0.0,2.7668474060440595,-2.142725514333483,False
4809,-2.5815750914498232,-2.5815750914498232,0.0,0.0,1.7490000000000003,-2.5815750914498232,False,0.0,0.7544226342733309,2.7668474060440595,-1.8271524571764923,False
4810,-1.1981472360579413,-1.1981472360579413,0.0,0.0,1.7490000000000003,-1.1981472360579413,False,0.0,1.1981472360579413,2.3735774222018136,0.0,False
4811,14.280985624847407,14.280985624847407,8.745000000000001,0.0,1.7490000000000003,5.535985624847406,False,0.0,0.0,1.7490000000000003,14.280985624847407,False
4812,22.726522894085974,22.726522894085974,8.745000000000001,0.0,5.942954667136974,13.981522894085973,False,7.749968545698692,0.0,1.7490000000000003,14.976554348387282,False
4813,8.765383212227166,8.765383212227166,8.745000000000001,0.0,10.136909334273948,0.02038321222716455,False,8.745000000000001,0.0,5.465754345614383,0.02038321222716455,False
4814,2.5918974227853337,2.5918974227853337,2.5918974227853337,0.0,14.330864001410923,0.0,False,2.5918974227853337,0.0,9.659709012751357,0.0,False
4815,7.125146912050005,7.125146912050005,0.3484393920805642,0.0,15.573894337949612,6.776707519969441,False,7.125146912050005,0.0,10.902739349290046,0.0,False
4816,2.9633239343318674,2.9633239343318674,0.0,0.0,15.741000000000001,2.9633239343318674,False,2.9633239343318674,0.0,14.319839766194416,0.0,False
4817,-0.27693524322125646,-0.27693524322125646,0.0,0.27693524322125646,15.741000000000001,0.0,False,0.0,0.0,15.741000000000001,-0.27693524322125646,False
4818,-2.501971866767223,-2.501971866767223,0.0,2.501971866767223,15.596637525069918,0.0,False,0.0,0.0,15.741000000000001,-2.501971866767223,False
4819,-21.473367001208207,-21.473367001208207,0.0,8.745000000000001,14.292394530604286,-12.728367001208206,False,0.0,4.254928165767296,15.741000000000001,-17.21843883544091,False
4820,-26.913085543793123,-26.913085543793123,0.0,8.745000000000001,9.73374815328149,-18.168085543793122,True,0.0,8.745000000000001,13.522965366650222,-18.168085543793122,True
4821,-8.350985311307063,-8.350985311307063,0.0,6.572402759688154,5.175101775958692,-1.7785825516189098,False,0.0,8.350985311307063,8.964318989327424,0.0,False
4822,0.08073204261354602,0.08073204261354602,0.08073204261354602,0.0,1.7490000000000006,0.0,False,0.08073204261354602,0.0,4.6110669668613475,0.0,False
4823,-2.3309196982460785,-2.3309196982460785,0.0,0.07427347920446298,1.7877177274907476,-2.2566462190416154,False,0.0,2.3309196982460785,4.649784694352094,0.0,False
4824,-1.9692310701311577,-1.9692310701311577,0.0,0.0,1.7490000000000003,-1.9692310701311577,False,0.0,1.9692310701311577,3.434708806617408,0.0,False
4825,-1.2645191034294947,-1.2645191034294947,0.0,0.0,1.7490000000000003,-1.2645191034294947,False,0.0,1.2645191034294947,2.4081761497889467,0.0,False
4826,2.171312854887969,2.171312854887969,2.171312854887969,0.0,1.7490000000000003,0.0,False,2.171312854887969,0.0,1.7490000000000003,0.0,False
4827,8.792793576686227,8.792793576686227,8.745000000000001,0.0,2.790325063644586,0.0477935766862263,False,8.745000000000001,0.0,2.790325063644586,0.0477935766862263,False
4828,2.716683648294521,2.716683648294521,2.716683648294521,0.0,6.9842797307815605,0.0,False,2.716683648294521,0.0,6.9842797307815605,0.0,False
4829,0.7050899212810837,0.7050899212810837,0.7050899212810837,0.0,8.287155438717468,0.0,False,0.7050899212810837,0.0,8.287155438717468,0.0,False
4830,0.9907403318751062,0.9907403318751062,0.9907403318751062,0.0,8.625304685842458,0.0,False,0.9907403318751062,0.0,8.625304685842458,0.0,False
4831,-12.452791865201537,-12.452791865201537,0.0,8.745000000000001,9.100447057344851,-3.7077918652015356,False,0.0,8.745000000000001,9.100447057344851,-3.7077918652015356,False
4832,0.549044176114363,0.549044176114363,0.549044176114363,0.0,4.541800680022054,0.0,False,0.0,0.0,4.541800680022054,0.549044176114363,False
4833,14.226415262417225,14.226415262417225,8.745000000000001,0.0,4.805113016772106,5.481415262417224,False,0.0,0.0,4.541800680022054,14.226415262417225,False
4834,4.988470507416265,4.988470507416265,4.988470507416265,0.0,8.999067683909079,0.0,False,0.0,0.0,4.541800680022054,4.988470507416265,False
4835,10.13730061918547,10.13730061918547,8.745000000000001,0.0,11.39145409516735,1.3923006191854697,False,0.0,0.0,4.541800680022054,10.13730061918547,False
4836,10.745571379752523,10.745571379752523,0.3244301576052889,0.0,15.585408762304326,10.421141222147234,False,0.0,0.0,4.541800680022054,10.745571379752523,False
4837,28.199994826919806,28.199994826919806,0.0,0.0,15.741000000000001,28.199994826919806,True,5.861944841135918,0.0,4.541800680022054,22.33804998578389,True
4838,48.34515230602405,48.34515230602405,0.0,0.0,15.741000000000001,48.34515230602405,True,8.745000000000001,0.0,7.353090665726055,39.60015230602404,True
4839,29.3386061714109,29.3386061714109,0.0,0.0,15.741000000000001,29.3386061714109,True,8.745000000000001,0.0,11.547045332863028,20.593606171410897,True
4840,8.719359677844116,8.719359677844116,0.0,0.0,15.741000000000001,8.719359677844116,False,0.0,0.0,15.741000000000001,8.719359677844116,False
4841,1.886558271853318,1.886558271853318,0.0,0.0,15.741000000000001,1.886558271853318,False,0.0,0.0,15.741000000000001,1.886558271853318,False
4842,-1.6695282173272983,-1.6695282173272983,0.0,1.6695282173272983,15.741000000000001,0.0,False,0.0,1.6695282173272983,15.741000000000001,0.0,False
4843,-7.7230409742380415,-7.7230409742380415,0.0,7.7230409742380415,14.870698255030616,0.0,False,0.0,7.7230409742380415,14.870698255030616,0.0,False
4844,-0.5554008439482575,-0.5554008439482575,0.0,0.5554008439482575,10.844784846325553,0.0,False,0.0,0.5554008439482575,10.844784846325553,0.0,False
4845,7.522357761343487,7.522357761343487,7.522357761343487,0.0,10.555262142468862,0.0,False,0.0,0.0,10.555262142468862,7.522357761343487,False
4846,10.724425336983014,10.724425336983014,3.290653146823469,0.0,14.162858190617582,7.433772190159544,False,0.0,0.0,10.555262142468862,10.724425336983014,False
4847,17.37483086502803,17.37483086502803,0.0,0.0,15.741000000000001,17.37483086502803,False,0.0,0.0,10.555262142468862,17.37483086502803,False
4848,16.213290392650727,16.213290392650727,0.0,0.0,15.741000000000001,16.213290392650727,False,0.0,0.0,10.555262142468862,16.213290392650727,False
4849,14.99362956567489,14.99362956567489,0.0,0.0,15.741000000000001,14.99362956567489,False,2.0680109081669573,0.0,10.555262142468862,12.925618657507933,False
4850,8.842935609188755,8.842935609188755,0.0,0.0,15.741000000000001,8.842935609188755,False,8.745000000000001,0.0,11.547045332863028,0.09793560918875421,False
4851,-8.11526285806276,-8.11526285806276,0.0,8.11526285806276,15.741000000000001,0.0,False,0.0,0.0,15.741000000000001,-8.11526285806276,False
4852,-12.387830375307288,-12.387830375307288,0.0,8.745000000000001,11.510626800579756,-3.6428303753072875,False,0.0,5.9076310691338385,15.741000000000001,-6.48019930617345,False
4853,5.837964962940298,5.837964962940298,5.837964962940298,0.0,6.951980423256958,0.0,False,5.837964962940298,0.0,12.66143442288547,0.0,False
4854,0.583373155683441,0.583373155683441,0.583373155683441,0.0,9.751770063383383,0.0,False,0.583373155683441,0.0,15.461224063011896,0.0,False
4855,-23.48810189631345,-23.48810189631345,0.0,8.745000000000001,10.031546000371488,-14.743101896313448,False,0.0,0.0,15.741000000000001,-23.48810189631345,True
4856,-12.981539128339588,-12.981539128339588,0.0,7.143678080747705,5.472899623048691,-5.837861047591883,False,0.0,4.5847948197443795,15.741000000000001,-8.396744308595208,False
4857,-5.835226060249999,-5.835226060249999,0.0,4.2595540635239357e-16,1.7490000000000006,-5.835226060249999,False,0.0,5.835226060249999,13.351010486472724,0.0,False
4858,-15.963697828362275,-15.963697828362275,0.0,0.0,1.7490000000000003,-15.963697828362275,False,0.0,8.745000000000001,10.309188629363721,-7.218697828362274,False
4859,-7.676288989682254,-7.676288989682254,0.0,0.0,1.7490000000000003,-7.676288989682254,False,0.0,7.676288989682254,5.750542252040924,0.0,False
4860,14.132740505408014,14.132740505408014,8.745000000000001,0.0,1.7490000000000003,5.387740505408013,False,8.745000000000001,0.0,1.7490000000000003,5.387740505408013,False
4861,16.12009599300032,16.12009599300032,8.745000000000001,0.0,5.942954667136974,7.375095993000318,False,8.745000000000001,0.0,5.942954667136974,7.375095993000318,False
4862,-0.39739973913418974,-0.39739973913418974,0.0,0.39739973913418974,10.136909334273948,0.0,False,0.0,0.0,10.136909334273948,-0.39739973913418974,False
4863,-15.017506640724667,-15.017506640724667,0.0,8.745000000000001,9.929750399893948,-6.272506640724666,False,0.0,0.0,10.136909334273948,-15.017506640724667,False
4864,-3.603197014637743,-3.603197014637743,0.0,3.603197014637743,5.37110402257115,0.0,False,0.0,0.0,10.136909334273948,-3.603197014637743,False
4865,-4.324962585791525,-4.324962585791525,0.0,3.3452032462280683,3.4928077369726753,-0.9797593395634565,False,0.0,0.0,10.136909334273948,-4.324962585791525,False
4866,-18.510907937489588,-18.510907937489588,0.0,0.0,1.7490000000000003,-18.510907937489588,True,0.0,0.0,10.136909334273948,-18.510907937489588,True
4867,-10.02176649791107,-10.02176649791107,0.0,0.0,1.7490000000000003,-10.02176649791107,False,0.0,0.0,10.136909334273948,-10.02176649791107,False
4868,-7.98835780448991,-7.98835780448991,0.0,0.0,1.7490000000000003,-7.98835780448991,False,0.0,0.0,10.136909334273948,-7.98835780448991,False
4869,-7.002016660163092,-7.002016660163092,0.0,0.0,1.7490000000000003,-7.002016660163092,False,0.0,0.0,10.136909334273948,-7.002016660163092,False
4870,-0.9033908021607098,-0.9033908021607098,0.0,0.0,1.7490000000000003,-0.9033908021607098,False,0.0,0.0,10.136909334273948,-0.9033908021607098,False
4871,-0.8635546308489689,-0.8635546308489689,0.0,0.0,1.7490000000000003,-0.8635546308489689,False,0.0,0.0028888638817456793,10.136909334273948,-0.8606657669672232,False
4872,-2.9476458799181815,-2.9476458799181815,0.0,0.0,1.7490000000000003,-2.9476458799181815,False,0.0,2.9476458799181815,10.135403409874966,0.0,False
4873,-2.1595012933115587,-2.1595012933115587,0.0,0.0,1.7490000000000003,-2.1595012933115587,False,0.0,2.1595012933115587,8.59883677612774,0.0,False
4874,-2.1068247509182187,-2.1068247509182187,0.0,0.0,1.7490000000000003,-2.1068247509182187,False,0.0,2.1068247509182187,7.473118909051854,0.0,False
4875,-1.5430817025876684,-1.5430817025876684,0.0,0.0,1.7490000000000003,-1.5430817025876684,False,0.0,1.5430817025876684,6.374860587905216,0.0,False
4876,-1.447847799861796,-1.447847799861796,0.0,0.0,1.7490000000000003,-1.447847799861796,False,0.0,1.447847799861796,5.570473645262064,0.0,False
4877,-1.4767790073753755,-1.4767790073753755,0.0,0.0,1.7490000000000003,-1.4767790073753755,False,0.0,1.4767790073753755,4.815730806182046,0.0,False
4878,-1.0450859940989428,-1.0450859940989428,0.0,0.0,1.7490000000000003,-1.0450859940989428,False,0.0,1.0450859940989428,4.045906532645383,0.0,False
4879,-1.5725587431500696,-1.5725587431500696,0.0,0.0,1.7490000000000003,-1.5725587431500696,False,0.0,1.5725587431500696,3.501117798398392,0.0,False
4880,-1.7885859648964455,-1.7885859648964455,0.0,0.0,1.7490000000000003,-1.7885859648964455,False,0.0,1.7885859648964455,2.6813648861527253,0.0,False
4881,1.4900478890524653,1.4900478890524653,1.4900478890524653,0.0,1.7490000000000003,0.0,False,0.0,0.0,1.7490000000000003,1.4900478890524653,False
4882,5.053930194265388,5.053930194265388,5.053930194265388,0.0,2.463601863756339,0.0,False,0.0,0.0,1.7490000000000003,5.053930194265388,False
4883,3.8492601372729216,3.8492601372729216,3.8492601372729216,0.0,4.887381637984332,0.0,False,3.154220881684845,0.0,1.7490000000000003,0.6950392555880764,False
4884,0.2872664681201001,0.2872664681201001,0.2872664681201001,0.0,6.733421948760784,0.0,False,0.2872664681201001,0.0,3.2617111935875425,0.0,False
4885,-2.0183928867890026,-2.0183928867890026,0.0,2.0183928867890026,6.871190107100892,0.0,False,0.0,2.0183928867890026,3.399479351927651,0.0,False
4886,-1.147775475031547,-1.147775475031547,0.0,1.147775475031547,5.819030081786451,0.0,False,0.0,1.147775475031547,2.3473193266132095,0.0,False
4887,13.150915599116429,13.150915599116429,8.745000000000001,0.0,5.220710755173242,4.405915599116428,False,0.0,0.0,1.7490000000000003,13.150915599116429,False
4888,20.165633662531228,20.165633662531228,8.745000000000001,0.0,9.414665422310215,11.420633662531227,False,2.9403368148659013,0.0,1.7490000000000003,17.225296847665327,False
4889,13.096196136140689,13.096196136140689,4.446319475959971,0.0,13.60862008944719,8.649876660180718,False,8.745000000000001,0.0,3.159135998589081,4.351196136140688,False
4890,11.968689940201347,11.968689940201347,0.0,0.0,15.741000000000001,11.968689940201347,False,8.745000000000001,0.0,7.353090665726055,3.2236899402013464,False
4891,18.157641085351333,18.157641085351333,0.0,0.0,15.741000000000001,18.157641085351333,True,8.745000000000001,0.0,11.547045332863028,9.412641085351332,False
4892,3.904181607439425,3.904181607439425,0.0,0.0,15.741000000000001,3.904181607439425,False,0.0,0.0,15.741000000000001,3.904181607439425,False
4893,-19.499338741266012,-19.499338741266012,0.0,8.745000000000001,15.741000000000001,-10.754338741266011,False,0.0,8.745000000000001,15.741000000000001,-10.754338741266011,False
4894,,0.0,0.0,0.0,11.182353622677205,,False,0.0,0.0,11.182353622677205,0.0,False
4895,,0.0,0.0,0.0,11.182353622677205,,False,0.0,0.0,11.182353622677205,0.0,False
4896,,0.0,0.0,0.0,11.182353622677205,,False,0.0,0.0,11.182353622677205,0.0,False
4897,,0.0,0.0,0.0,11.182353622677205,,False,0.0,0.0,11.182353622677205,0.0,False
4898,,0.0,0.0,0.0,11.182353622677205,,False,0.0,0.0,11.182353622677205,0.0,False
4899,,0.0,0.0,0.0,11.182353622677205,,False,0.0,0.0,11.182353622677205,0.0,False
4900,,0.0,0.0,0.0,11.182353622677205,,False,0.0,0.0,11.182353622677205,0.0,False
4901,,0.0,0.0,0.0,11.182353622677205,,False,0.0,0.0,11.182353622677205,0.0,False
4902,,0.0,0.0,0.0,11.182353622677205,,False,0.0,0.0,11.182353622677205,0.0,False
4903,,0.0,0.0,0.0,11.182353622677205,,False,0.0,0.0,11.182353622677205,0.0,False
4904,,0.0,0.0,0.0,11.182353622677205,,False,0.0,0.0,11.182353622677205,0.0,False
4905,,0.0,0.0,0.0,11.182353622677205,,False,0.0,0.0,11.182353622677205,0.0,False
4906,,0.0,0.0,0.0,11.182353622677205,,False,0.0,0.0,11.182353622677205,0.0,False
4907,,0.0,0.0,0.0,11.182353622677205,,False,0.0,0.0,11.182353622677205,0.0,False
4908,,0.0,0.0,0.0,11.182353622677205,,False,0.0,0.0,11.182353622677205,0.0,False
4909,,0.0,0.0,0.0,11.182353622677205,,False,0.0,0.0,11.182353622677205,0.0,False
4910,,0.0,0.0,0.0,11.182353622677205,,False,0.0,0.0,11.182353622677205,0.0,False
4911,,0.0,0.0,0.0,11.182353622677205,,False,0.0,0.0,11.182353622677205,0.0,False
4912,,0.0,0.0,0.0,11.182353622677205,,False,0.0,0.0,11.182353622677205,0.0,False
4913,,0.0,0.0,0.0,11.182353622677205,,False,0.0,0.0,11.182353622677205,0.0,False
4914,,0.0,0.0,0.0,11.182353622677205,,False,0.0,0.0,11.182353622677205,0.0,False
4915,,0.0,0.0,0.0,11.182353622677205,,False,0.0,0.0,11.182353622677205,0.0,False
4916,,0.0,0.0,0.0,11.182353622677205,,False,0.0,0.0,11.182353622677205,0.0,False
4917,,0.0,0.0,0.0,11.182353622677205,,False,0.0,0.0,11.182353622677205,0.0,False
4918,,0.0,0.0,0.0,11.182353622677205,,False,0.0,0.0,11.182353622677205,0.0,False
4919,,0.0,0.0,0.0,11.182353622677205,,False,0.0,0.0,11.182353622677205,0.0,False
4920,7.610155420836598,7.610155420836598,7.610155420836598,0.0,11.182353622677205,0.0,False,0.0,0.0,11.182353622677205,7.610155420836598,False
4921,7.39705821020237,7.39705821020237,1.8952793617720969,0.0,14.832055949132938,5.5017788484302725,False,1.7909795512229372,0.0,11.182353622677205,5.606078658979433,False
4922,4.738883190067837,4.738883190067837,0.0,0.0,15.741000000000001,4.738883190067837,False,4.738883190067837,0.0,12.041277241613548,0.0,False
4923,2.9755720413179216,2.9755720413179216,0.0,0.0,15.741000000000001,2.9755720413179216,False,2.9755720413179216,0.0,14.313965780435955,0.0,False
4924,-1.6513012221887653,-1.6513012221887653,0.0,1.6513012221887653,15.741000000000001,0.0,False,0.0,1.6513012221887653,15.741000000000001,0.0,False
4925,-4.467440618557233,-4.467440618557233,0.0,4.467440618557233,14.880199733058946,0.0,False,0.0,4.467440618557233,14.880199733058946,0.0,False
4926,0.3488279408815663,0.3488279408815663,0.3488279408815663,0.0,12.551385325775854,0.0,False,0.3488279408815663,0.0,12.551385325775854,0.0,False
4927,1.7696520757637573,1.7696520757637573,1.7696520757637573,0.0,12.718677329285063,0.0,False,1.7696520757637573,0.0,12.718677329285063,0.0,False
4928,-3.49022077662296,-3.49022077662296,0.0,3.49022077662296,13.567372650309425,0.0,False,0.0,3.49022077662296,13.567372650309425,0.0,False
4929,,0.0,0.0,0.0,11.747969299891013,,False,0.0,0.0,11.747969299891013,0.0,False
4930,,0.0,0.0,0.0,11.747969299891013,,False,0.0,0.0,11.747969299891013,0.0,False
4931,,0.0,0.0,0.0,11.747969299891013,,False,0.0,0.0,11.747969299891013,0.0,False
4932,,0.0,0.0,0.0,11.747969299891013,,False,0.0,0.0,11.747969299891013,0.0,False
4933,,0.0,0.0,0.0,11.747969299891013,,False,0.0,0.0,11.747969299891013,0.0,False
4934,,0.0,0.0,0.0,11.747969299891013,,False,0.0,0.0,11.747969299891013,0.0,False
4935,,0.0,0.0,0.0,11.747969299891013,,False,0.0,0.0,11.747969299891013,0.0,False
4936,,0.0,0.0,0.0,11.747969299891013,,False,0.0,0.0,11.747969299891013,0.0,False
4937,,0.0,0.0,0.0,11.747969299891013,,False,0.0,0.0,11.747969299891013,0.0,False
4938,,0.0,0.0,0.0,11.747969299891013,,False,0.0,0.0,11.747969299891013,0.0,False
4939,,0.0,0.0,0.0,11.747969299891013,,False,0.0,0.0,11.747969299891013,0.0,False
4940,,0.0,0.0,0.0,11.747969299891013,,False,0.0,0.0,11.747969299891013,0.0,False
4941,,0.0,0.0,0.0,11.747969299891013,,False,0.0,0.0,11.747969299891013,0.0,False
4942,,0.0,0.0,0.0,11.747969299891013,,False,0.0,0.0,11.747969299891013,0.0,False
4943,,0.0,0.0,0.0,11.747969299891013,,False,0.0,0.0,11.747969299891013,0.0,False
4944,,0.0,0.0,0.0,11.747969299891013,,False,0.0,0.0,11.747969299891013,0.0,False
4945,,0.0,0.0,0.0,11.747969299891013,,False,0.0,0.0,11.747969299891013,0.0,False
4946,,0.0,0.0,0.0,11.747969299891013,,False,0.0,0.0,11.747969299891013,0.0,False
4947,,0.0,0.0,0.0,11.747969299891013,,False,0.0,0.0,11.747969299891013,0.0,False
4948,,0.0,0.0,0.0,11.747969299891013,,False,0.0,0.0,11.747969299891013,0.0,False
4949,,0.0,0.0,0.0,11.747969299891013,,False,0.0,0.0,11.747969299891013,0.0,False
4950,,0.0,0.0,0.0,11.747969299891013,,False,0.0,0.0,11.747969299891013,0.0,False
4951,,0.0,0.0,0.0,11.747969299891013,,False,0.0,0.0,11.747969299891013,0.0,False
4952,,0.0,0.0,0.0,11.747969299891013,,False,0.0,0.0,11.747969299891013,0.0,False
4953,,0.0,0.0,0.0,11.747969299891013,,False,0.0,0.0,11.747969299891013,0.0,False
4954,,0.0,0.0,0.0,11.747969299891013,,False,0.0,0.0,11.747969299891013,0.0,False
4955,,0.0,0.0,0.0,11.747969299891013,,False,0.0,0.0,11.747969299891013,0.0,False
4956,,0.0,0.0,0.0,11.747969299891013,,False,0.0,0.0,11.747969299891013,0.0,False
4957,,0.0,0.0,0.0,11.747969299891013,,False,0.0,0.0,11.747969299891013,0.0,False
4958,,0.0,0.0,0.0,11.747969299891013,,False,0.0,0.0,11.747969299891013,0.0,False
4959,,0.0,0.0,0.0,11.747969299891013,,False,0.0,0.0,11.747969299891013,0.0,False
4960,,0.0,0.0,0.0,11.747969299891013,,False,0.0,0.0,11.747969299891013,0.0,False
4961,,0.0,0.0,0.0,11.747969299891013,,False,0.0,0.0,11.747969299891013,0.0,False
4962,,0.0,0.0,0.0,11.747969299891013,,False,0.0,0.0,11.747969299891013,0.0,False
4963,,0.0,0.0,0.0,11.747969299891013,,False,0.0,0.0,11.747969299891013,0.0,False
4964,,0.0,0.0,0.0,11.747969299891013,,False,0.0,0.0,11.747969299891013,0.0,False
4965,,0.0,0.0,0.0,11.747969299891013,,False,0.0,0.0,11.747969299891013,0.0,False
4966,-0.6070836228977876,-0.6070836228977876,0.0,0.6070836228977876,11.747969299891013,0.0,False,0.0,0.6070836228977876,11.747969299891013,0.0,False
4967,-0.09412267078889398,-0.09412267078889398,0.0,0.09412267078889398,11.431505085110567,0.0,False,0.0,0.09412267078889398,11.431505085110567,0.0,False
4968,,0.0,0.0,0.0,11.382440251237984,,False,0.0,0.0,11.382440251237984,0.0,False
4969,,0.0,0.0,0.0,11.382440251237984,,False,0.0,0.0,11.382440251237984,0.0,False
4970,,0.0,0.0,0.0,11.382440251237984,,False,0.0,0.0,11.382440251237984,0.0,False
4971,,0.0,0.0,0.0,11.382440251237984,,False,0.0,0.0,11.382440251237984,0.0,False
4972,,0.0,0.0,0.0,11.382440251237984,,False,0.0,0.0,11.382440251237984,0.0,False
4973,,0.0,0.0,0.0,11.382440251237984,,False,0.0,0.0,11.382440251237984,0.0,False
4974,,0.0,0.0,0.0,11.382440251237984,,False,0.0,0.0,11.382440251237984,0.0,False
4975,,0.0,0.0,0.0,11.382440251237984,,False,0.0,0.0,11.382440251237984,0.0,False
4976,,0.0,0.0,0.0,11.382440251237984,,False,0.0,0.0,11.382440251237984,0.0,False
4977,,0.0,0.0,0.0,11.382440251237984,,False,0.0,0.0,11.382440251237984,0.0,False
4978,,0.0,0.0,0.0,11.382440251237984,,False,0.0,0.0,11.382440251237984,0.0,False
4979,,0.0,0.0,0.0,11.382440251237984,,False,0.0,0.0,11.382440251237984,0.0,False
4980,,0.0,0.0,0.0,11.382440251237984,,False,0.0,0.0,11.382440251237984,0.0,False
4981,,0.0,0.0,0.0,11.382440251237984,,False,0.0,0.0,11.382440251237984,0.0,False
4982,,0.0,0.0,0.0,11.382440251237984,,False,0.0,0.0,11.382440251237984,0.0,False
4983,,0.0,0.0,0.0,11.382440251237984,,False,0.0,0.0,11.382440251237984,0.0,False
4984,,0.0,0.0,0.0,11.382440251237984,,False,0.0,0.0,11.382440251237984,0.0,False
4985,,0.0,0.0,0.0,11.382440251237984,,False,0.0,0.0,11.382440251237984,0.0,False
4986,,0.0,0.0,0.0,11.382440251237984,,False,0.0,0.0,11.382440251237984,0.0,False
4987,,0.0,0.0,0.0,11.382440251237984,,False,0.0,0.0,11.382440251237984,0.0,False
4988,,0.0,0.0,0.0,11.382440251237984,,False,0.0,0.0,11.382440251237984,0.0,False
4989,,0.0,0.0,0.0,11.382440251237984,,False,0.0,0.0,11.382440251237984,0.0,False
4990,,0.0,0.0,0.0,11.382440251237984,,False,0.0,0.0,11.382440251237984,0.0,False
4991,,0.0,0.0,0.0,11.382440251237984,,False,0.0,0.0,11.382440251237984,0.0,False
