step,residual_input_mw,residual_lp_mw,online_charge_mw,online_discharge_mw,online_soc_mwh,online_net_residual_mw,online_severe,lp_charge_mw,lp_discharge_mw,lp_soc_mwh,lp_net_residual_mw,lp_severe
0,,0.0,0.0,0.0,20.05,,False,0.0,0.0,20.05,0.0,False
1,,0.0,0.0,0.0,20.05,,False,0.0,0.0,20.05,0.0,False
2,,0.0,0.0,0.0,20.05,,False,0.0,0.0,20.05,0.0,False
3,,0.0,0.0,0.0,20.05,,False,0.0,0.0,20.05,0.0,False
4,,0.0,0.0,0.0,20.05,,False,0.0,0.0,20.05,0.0,False
5,,0.0,0.0,0.0,20.05,,False,0.0,0.0,20.05,0.0,False
6,,0.0,0.0,0.0,20.05,,False,0.0,0.0,20.05,0.0,False
7,,0.0,0.0,0.0,20.05,,False,0.0,0.0,20.05,0.0,False
8,,0.0,0.0,0.0,20.05,,False,0.0,0.0,20.05,0.0,False
9,,0.0,0.0,0.0,20.05,,False,0.0,0.0,20.05,0.0,False
10,,0.0,0.0,0.0,20.05,,False,0.0,0.0,20.05,0.0,False
11,,0.0,0.0,0.0,20.05,,False,0.0,0.0,20.05,0.0,False
12,,0.0,0.0,0.0,20.05,,False,0.0,0.0,20.05,0.0,False
13,,0.0,0.0,0.0,20.05,,False,0.0,0.0,20.05,0.0,False
14,,0.0,0.0,0.0,20.05,,False,0.0,0.0,20.05,0.0,False
15,,0.0,0.0,0.0,20.05,,False,0.0,0.0,20.05,0.0,False
16,,0.0,0.0,0.0,20.05,,False,0.0,0.0,20.05,0.0,False
17,,0.0,0.0,0.0,20.05,,False,0.0,0.0,20.05,0.0,False
18,,0.0,0.0,0.0,20.05,,False,0.0,0.0,20.05,0.0,False
19,,0.0,0.0,0.0,20.05,,False,0.0,0.0,20.05,0.0,False
20,,0.0,0.0,0.0,20.05,,False,0.0,0.0,20.05,0.0,False
21,,0.0,0.0,0.0,20.05,,False,0.0,0.0,20.05,0.0,False
22,,0.0,0.0,0.0,20.05,,False,0.0,0.0,20.05,0.0,False
23,,0.0,0.0,0.0,20.05,,False,0.0,0.0,20.05,0.0,False
24,,0.0,0.0,0.0,20.05,,False,0.0,0.0,20.05,0.0,False
25,-18.467734812263846,-18.467734812263846,0.0,18.467734812263846,20.05,0.0,False,0.0,18.467734812263846,20.05,0.0,False
26,-9.913737294441528,-9.913737294441528,0.0,9.913737294441528,10.423027741648408,0.0,False,0.0,9.913737294441528,10.423027741648408,0.0,False
27,70.78545363654456,70.78545363654456,20.05,0.0,5.255134933982796,50.73545363654456,True,4.145138217695411,0.0,5.255134933982796,66.64031541884916,True
28,96.886075363152,96.886075363152,20.05,0.0,14.870777138224799,76.836075363152,True,20.05,0.0,7.243073387273991,76.836075363152,True
29,58.966104779646955,58.966104779646955,20.05,0.0,24.486419342466803,38.91610477964696,False,20.05,0.0,16.858715591515995,38.91610477964696,False
30,31.231330490689675,31.231330490689675,4.145138217695405,0.0,34.10206154670881,27.08619227299427,False,20.05,0.0,26.474357795758,11.181330490689675,False
31,17.032710578275214,17.032710578275214,0.0,0.0,36.09,17.032710578275214,False,0.0,0.0,36.09,17.032710578275214,False
32,8.916844761499682,8.916844761499682,0.0,0.0,36.09,8.916844761499682,False,0.0,0.0,36.09,8.916844761499682,False
33,-15.111994780769756,-15.111994780769756,0.0,15.111994780769756,36.09,0.0,False,0.0,0.0,36.09,-15.111994780769756,False
34,-42.78111180704808,-42.78111180704808,0.0,20.05,28.21232815763556,-22.731111807048077,False,0.0,1.3901101071488196,36.09,-41.391001699899256,True
35,-65.6651680305148,-65.6651680305148,0.0,20.05,17.760543153024688,-45.61516803051481,True,0.0,20.05,35.36535501383262,-45.61516803051481,True
36,-53.43830828606263,-53.43830828606263,0.0,6.328115326379069,7.3087581484138155,-47.11019295968356,True,0.0,20.05,24.913570009221747,-33.388308286062625,False
37,-32.69219967787735,-32.69219967787735,0.0,0.0,4.010000000000001,-32.69219967787735,False,0.0,20.05,14.461785004610874,-12.642199677877347,False
38,-12.06925467223296,-12.06925467223296,0.0,0.0,4.010000000000001,-12.06925467223296,False,0.0,0.0,4.010000000000001,-12.06925467223296,False
39,3.1608606868778386,3.1608606868778386,3.1608606868778386,0.0,4.010000000000001,0.0,False,0.0,0.0,4.010000000000001,3.1608606868778386,False
40,0.4176758552669289,0.4176758552669289,0.4176758552669289,0.0,5.525895532292864,0.0,False,0.0,0.0,4.010000000000001,0.4176758552669289,False
41,9.629838487450776,9.629838487450776,9.629838487450776,0.0,5.726205835614438,0.0,False,0.0,0.0,4.010000000000001,9.629838487450776,False
42,35.868641320525676,35.868641320525676,20.05,0.0,10.34451413386709,15.818641320525675,False,0.0,0.0,4.010000000000001,35.868641320525676,False
43,54.06497510032056,54.06497510032056,20.05,0.0,19.960156338109094,34.014975100320555,False,12.841481866124791,0.0,4.010000000000001,41.22349323419577,True
44,34.05356122634135,34.05356122634135,13.583048999914038,0.0,29.575798542351098,20.470512226427314,False,20.05,0.0,10.168558353960993,14.00356122634135,False
45,7.671862558927674,7.671862558927674,0.0,0.0,36.09,7.671862558927674,False,7.671862558927674,0.0,19.784200558202997,0.0,False
46,18.30149877147959,18.30149877147959,0.0,0.0,36.09,18.30149877147959,False,18.30149877147959,0.0,23.46349658846579,0.0,False
47,8.026580832977528,8.026580832977528,0.0,0.0,36.09,8.026580832977528,False,8.026580832977528,0.0,32.24058706167887,0.0,False
48,-35.494782108614395,-35.494782108614395,0.0,20.05,36.09,-15.444782108614394,False,0.0,0.0,36.09,-35.494782108614395,False
49,-68.4594591261552,-68.4594591261552,0.0,20.05,25.63821499538913,-48.4094591261552,True,0.0,0.0,36.09,-68.4594591261552,True
50,-60.653621820064046,-60.653621820064046,0.0,20.05,15.186429990778258,-40.60362182006405,True,0.0,0.0,36.09,-60.653621820064046,True
51,-39.14255191975499,-39.14255191975499,0.0,1.3901101071488213,4.734644986167385,-37.75244181260617,False,0.0,0.0,36.09,-39.14255191975499,False
52,-23.17549108369568,-23.17549108369568,0.0,0.0,4.010000000000001,-23.17549108369568,False,0.0,0.0,36.09,-23.17549108369568,False
53,-14.221302003901416,-14.221302003901416,0.0,0.0,4.010000000000001,-14.221302003901416,False,0.0,0.0,36.09,-14.221302003901416,False
54,-9.37938546483053,-9.37938546483053,0.0,0.0,4.010000000000001,-9.37938546483053,False,0.0,0.0,36.09,-9.37938546483053,False
55,-6.402192131934973,-6.402192131934973,0.0,0.0,4.010000000000001,-6.402192131934973,False,0.0,0.0,36.09,-6.402192131934973,False
56,-5.6220307999211085,-5.6220307999211085,0.0,0.0,4.010000000000001,-5.6220307999211085,False,0.0,0.0,36.09,-5.6220307999211085,False
57,-5.989072404763313,-5.989072404763313,0.0,0.0,4.010000000000001,-5.989072404763313,False,0.0,0.0,36.09,-5.989072404763313,False
58,-8.640568678779072,-8.640568678779072,0.0,0.0,4.010000000000001,-8.640568678779072,False,0.0,0.0,36.09,-8.640568678779072,False
59,-10.025178374510638,-10.025178374510638,0.0,0.0,4.010000000000001,-10.025178374510638,False,0.0,0.0,36.09,-10.025178374510638,False
60,-12.832143030431158,-12.832143030431158,0.0,0.0,4.010000000000001,-12.832143030431158,False,0.0,0.0,36.09,-12.832143030431158,False
61,-18.014031970284933,-18.014031970284933,0.0,0.0,4.010000000000001,-18.014031970284933,False,0.0,0.0,36.09,-18.014031970284933,False
62,-21.25420035699451,-21.25420035699451,0.0,0.0,4.010000000000001,-21.25420035699451,False,0.0,0.0,36.09,-21.25420035699451,False
63,-22.015866166906427,-22.015866166906427,0.0,0.0,4.010000000000001,-22.015866166906427,False,0.0,1.3901101071488196,36.09,-20.625756059757606,False
64,-23.407720074661626,-23.407720074661626,0.0,0.0,4.010000000000001,-23.407720074661626,False,0.0,20.05,35.36535501383262,-3.357720074661625,False
65,-23.849552230169845,-23.849552230169845,0.0,0.0,4.010000000000001,-23.849552230169845,False,0.0,20.05,24.913570009221747,-3.7995522301698443,False
66,-20.997873454060464,-20.997873454060464,0.0,0.0,4.010000000000001,-20.997873454060464,False,0.0,20.05,14.461785004610874,-0.9478734540604634,False
67,-17.80314861030363,-17.80314861030363,0.0,0.0,4.010000000000001,-17.80314861030363,False,0.0,0.0,4.010000000000001,-17.80314861030363,False
68,-16.58102033901128,-16.58102033901128,0.0,0.0,4.010000000000001,-16.58102033901128,False,0.0,0.0,4.010000000000001,-16.58102033901128,False
69,-15.092140404309797,-15.092140404309797,0.0,0.0,4.010000000000001,-15.092140404309797,False,0.0,0.0,4.010000000000001,-15.092140404309797,False
70,-12.409460726260045,-12.409460726260045,0.0,0.0,4.010000000000001,-12.409460726260045,False,0.0,0.0,4.010000000000001,-12.409460726260045,False
71,-13.136851217686141,-13.136851217686141,0.0,0.0,4.010000000000001,-13.136851217686141,False,0.0,0.0,4.010000000000001,-13.136851217686141,False
72,-15.203678531097136,-15.203678531097136,0.0,0.0,4.010000000000001,-15.203678531097136,False,0.0,0.0,4.010000000000001,-15.203678531097136,False
73,-16.017509966614103,-16.017509966614103,0.0,0.0,4.010000000000001,-16.017509966614103,False,0.0,0.0,4.010000000000001,-16.017509966614103,False
74,-9.163154540235766,-9.163154540235766,0.0,0.0,4.010000000000001,-9.163154540235766,False,0.0,0.0,4.010000000000001,-9.163154540235766,False
75,20.596499624700144,20.596499624700144,20.05,0.0,4.010000000000001,0.546499624700143,False,6.741424029509581,0.0,4.010000000000001,13.855075595190563,False
76,31.43060055332913,31.43060055332913,20.05,0.0,13.625642204242006,11.380600553329128,False,20.05,0.0,7.243073387273991,11.380600553329128,False
77,34.91656594354536,34.91656594354536,20.05,0.0,23.24128440848401,14.866565943545357,False,20.05,0.0,16.858715591515995,14.866565943545357,False
78,36.74035320148896,36.74035320148896,6.741424029509579,0.0,32.856926612726014,29.998929171979377,False,20.05,0.0,26.474357795758,16.690353201488957,False
79,3.0254980414468715,3.0254980414468715,0.0,0.0,36.09,3.0254980414468715,False,0.0,0.0,36.09,3.0254980414468715,False
80,-43.99699000929288,-43.99699000929288,0.0,20.05,36.09,-23.94699000929288,False,0.0,2.168401742820889,36.09,-41.82858826647199,True
81,-55.06106822469183,-55.06106822469183,0.0,20.05,25.63821499538913,-35.011068224691826,False,0.0,20.05,34.95964245288841,-35.011068224691826,False
82,-39.971220526566086,-39.971220526566086,0.0,20.05,15.186429990778258,-19.921220526566085,False,0.0,20.05,24.507857448277537,-19.921220526566085,False
83,-19.271708364327935,-19.271708364327935,0.0,1.3901101071488213,4.734644986167385,-17.881598257179114,False,0.0,19.271708364327935,14.056072443666665,0.0,False
84,1.6995093707928022,1.6995093707928022,1.6995093707928022,0.0,4.010000000000001,0.0,False,1.6995093707928022,0.0,4.010000000000001,0.0,False
85,-3.1252869053354386,-3.1252869053354386,0.0,1.5635486211293774,4.825056061461349,-1.5617382842060612,False,0.0,0.0,4.825056061461349,-3.1252869053354386,False
86,-4.566267424219679,-4.566267424219679,0.0,0.0,4.010000000000001,-4.566267424219679,False,0.0,0.0,4.825056061461349,-4.566267424219679,False
87,-5.436695364081118,-5.436695364081118,0.0,0.0,4.010000000000001,-5.436695364081118,False,0.0,0.0,4.825056061461349,-5.436695364081118,False
88,-8.232220725723002,-8.232220725723002,0.0,0.0,4.010000000000001,-8.232220725723002,False,0.0,0.0,4.825056061461349,-8.232220725723002,False
89,-9.528614453828254,-9.528614453828254,0.0,0.0,4.010000000000001,-9.528614453828254,False,0.0,1.5635486211293774,4.825056061461349,-7.965065832698877,False
90,0.24865792874183965,0.24865792874183965,0.24865792874183965,0.0,4.010000000000001,0.0,False,0.0,0.0,4.010000000000001,0.24865792874183965,False
91,23.991126526566713,23.991126526566713,20.05,0.0,4.129252153318177,3.9411265265667126,False,6.741424029509581,0.0,4.010000000000001,17.249702497057132,False
92,45.45503833181016,45.45503833181016,20.05,0.0,13.744894357560181,25.405038331810157,False,20.05,0.0,7.243073387273991,25.405038331810157,False
93,45.24173785756079,45.24173785756079,20.05,0.0,23.360536561802185,25.191737857560792,False,20.05,0.0,16.858715591515995,25.191737857560792,False
94,33.6636036764652,33.6636036764652,6.492766100767748,0.0,32.976178766044185,27.17083757569745,False,20.05,0.0,26.474357795758,13.6136036764652,False
95,13.636682357851912,13.636682357851912,0.0,0.0,36.09,13.636682357851912,False,0.0,0.0,36.09,13.636682357851912,False
96,-11.61941859615024,-11.61941859615024,0.0,11.61941859615024,36.09,0.0,False,0.0,11.61941859615024,36.09,0.0,False
97,2.507931568456799,2.507931568456799,2.507931568456799,0.0,30.03295934934964,0.0,False,0.0,0.0,30.03295934934964,2.507931568456799,False
98,14.221408364700954,14.221408364700954,10.12187125344564,0.0,31.23572107678126,4.099537111255314,False,3.028409138185076,0.0,30.03295934934964,11.192999226515878,False
99,9.601393683717358,9.601393683717358,0.0,0.0,36.09,9.601393683717358,False,9.601393683717358,0.0,31.48533335038927,0.0,False
100,-19.17339092498448,-19.17339092498448,0.0,19.17339092498448,36.09,0.0,False,0.0,0.0,36.09,-19.17339092498448,False
101,-27.817106761734237,-27.817106761734237,0.0,20.05,26.095179064474067,-7.767106761734237,False,0.0,8.604675099805227,36.09,-19.21243166192901,False
102,-31.145699030401435,-31.145699030401435,0.0,20.05,15.643394059863194,-11.095699030401434,False,0.0,20.05,31.604503033531532,-11.095699030401434,False
103,-20.405405522730717,-20.405405522730717,0.0,2.2667191821643367,5.1916090552523215,-18.13868634056638,False,0.0,20.05,21.15271802892066,-0.3554055227307167,False
104,-12.835435007343596,-12.835435007343596,0.0,0.0,4.010000000000001,-12.835435007343596,False,0.0,12.835435007343596,10.700933024309787,0.0,False
105,1.038946711749121,1.038946711749121,1.038946711749121,0.0,4.010000000000001,0.0,False,0.0,0.0,4.010000000000001,1.038946711749121,False
106,5.392002596173299,5.392002596173299,5.392002596173299,0.0,4.508261339124854,0.0,False,0.0,0.0,4.010000000000001,5.392002596173299,False
107,2.0664641443608023,2.0664641443608023,2.0664641443608023,0.0,7.094174941576046,0.0,False,0.0,0.0,4.010000000000001,2.0664641443608023,False
108,8.396820572859122,8.396820572859122,8.396820572859122,0.0,8.085216330108144,0.0,False,0.0,0.0,4.010000000000001,8.396820572859122,False
109,5.642047822274158,5.642047822274158,5.642047822274158,0.0,12.112190009999999,0.0,False,0.0,0.0,4.010000000000001,5.642047822274158,False
110,14.372018061094797,14.372018061094797,14.372018061094797,0.0,14.818021090210028,0.0,False,0.0,0.0,4.010000000000001,14.372018061094797,False
111,28.710747795869043,28.710747795869043,20.05,0.0,21.710598817311848,8.660747795869042,False,0.0,0.0,4.010000000000001,28.710747795869043,False
112,28.388126046336957,28.388126046336957,9.933124120998283,0.0,31.32624102155385,18.455001925338674,False,0.0,0.0,4.010000000000001,28.388126046336957,False
113,28.875154350779997,28.875154350779997,0.0,0.0,36.09,28.875154350779997,False,18.296176231976,0.0,4.010000000000001,10.578978118803999,False
114,18.734375207454235,18.734375207454235,0.0,0.0,36.09,18.734375207454235,False,18.734375207454235,0.0,12.784537872939545,0.0,False
115,17.543881382094952,17.543881382094952,0.0,0.0,36.09,17.543881382094952,False,17.543881382094952,0.0,21.769228591887273,0.0,False
116,12.316991207984403,12.316991207984403,0.0,0.0,36.09,12.316991207984403,False,12.316991207984403,0.0,30.182978529238284,0.0,False
117,-59.09575679156567,-59.09575679156567,0.0,20.05,36.09,-39.045756791565665,False,0.0,0.0,36.09,-59.09575679156567,True
118,-75.04863083960039,-75.04863083960039,0.0,20.05,25.63821499538913,-54.998630839600395,True,0.0,3.8182390081123248,36.09,-71.23039183148806,True
119,-43.886142426491276,-43.886142426491276,0.0,20.05,15.186429990778258,-23.836142426491275,False,0.0,20.05,34.099605326233984,-23.836142426491275,False
120,-17.116146719612395,-17.116146719612395,0.0,1.3901101071488213,4.734644986167385,-15.726036612463574,False,0.0,17.116146719612395,23.647820321623115,0.0,False
121,-15.587940530263703,-15.587940530263703,0.0,0.0,4.010000000000001,-15.587940530263703,False,0.0,15.587940530263703,14.725412061235863,0.0,False
122,-4.9677838491604085,-4.9677838491604085,0.0,0.0,4.010000000000001,-4.9677838491604085,False,0.0,4.9677838491604085,6.599636346174705,0.0,False
123,28.76113737639425,28.76113737639425,20.05,0.0,4.010000000000001,8.711137376394248,False,6.741424029509581,0.0,4.010000000000001,22.019713346884668,False
124,41.02687850292153,41.02687850292153,20.05,0.0,13.625642204242006,20.976878502921526,False,20.05,0.0,7.243073387273991,20.976878502921526,False
125,44.250419151302395,44.250419151302395,20.05,0.0,23.24128440848401,24.200419151302395,False,20.05,0.0,16.858715591515995,24.200419151302395,False
126,44.51308225349832,44.51308225349832,6.741424029509579,0.0,32.856926612726014,37.77165822398874,False,20.05,0.0,26.474357795758,24.463082253498317,False
127,11.027353493829834,11.027353493829834,0.0,0.0,36.09,11.027353493829834,False,0.0,0.0,36.09,11.027353493829834,False
128,-37.89613054139256,-37.89613054139256,0.0,20.05,36.09,-17.846130541392558,False,0.0,1.3901101071488196,36.09,-36.50602043424374,False
129,-51.07109806448726,-51.07109806448726,0.0,20.05,25.63821499538913,-31.02109806448726,False,0.0,20.05,35.36535501383262,-31.02109806448726,False
130,-40.66669997388945,-40.66669997388945,0.0,20.05,15.186429990778258,-20.61669997388945,False,0.0,20.05,24.913570009221747,-20.61669997388945,False
131,-23.616833458738654,-23.616833458738654,0.0,1.3901101071488213,4.734644986167385,-22.226723351589833,False,0.0,20.05,14.461785004610874,-3.566833458738653,False
132,-3.19925272915392,-3.19925272915392,0.0,0.0,4.010000000000001,-3.19925272915392,False,0.0,0.0,4.010000000000001,-3.19925272915392,False
133,-6.208820687008077,-6.208820687008077,0.0,0.0,4.010000000000001,-6.208820687008077,False,0.0,0.0,4.010000000000001,-6.208820687008077,False
134,-8.257137395514475,-8.257137395514475,0.0,0.0,4.010000000000001,-8.257137395514475,False,0.0,0.0,4.010000000000001,-8.257137395514475,False
135,-8.628378649516076,-8.628378649516076,0.0,0.0,4.010000000000001,-8.628378649516076,False,0.0,0.0,4.010000000000001,-8.628378649516076,False
136,-7.51096631100732,-7.51096631100732,0.0,0.0,4.010000000000001,-7.51096631100732,False,0.0,0.0,4.010000000000001,-7.51096631100732,False
137,-6.510649801592016,-6.510649801592016,0.0,0.0,4.010000000000001,-6.510649801592016,False,0.0,0.0,4.010000000000001,-6.510649801592016,False
138,4.403413216194721,4.403413216194721,4.403413216194721,0.0,4.010000000000001,0.0,False,0.0,0.0,4.010000000000001,4.403413216194721,False
139,30.495880614837112,30.495880614837112,20.05,0.0,6.121802791239849,10.445880614837112,False,0.0,0.0,4.010000000000001,30.495880614837112,False
140,50.68406573705279,50.68406573705279,20.05,0.0,15.737444995481853,30.63406573705279,False,12.27481310758937,0.0,4.010000000000001,38.409252629463424,False
141,47.54507010644279,47.54507010644279,20.05,0.0,25.35308719972386,27.495070106442792,False,20.05,0.0,9.896793564414928,27.495070106442792,False
142,34.268109587184234,34.268109587184234,2.33801081331485,0.0,34.96872940396587,31.930098773869386,False,20.05,0.0,19.512435768656932,14.218109587184234,False
143,14.350902137388713,14.350902137388713,0.0,0.0,36.09,14.350902137388713,False,0.0,0.0,29.128077972898936,14.350902137388713,False
144,-11.058716910011757,-11.058716910011757,0.0,11.058716910011757,36.09,0.0,False,0.0,11.058716910011757,29.128077972898936,0.0,False
145,2.7141473318212803,2.7141473318212803,2.7141473318212803,0.0,30.32524530821459,0.0,False,2.7141473318212803,0.0,23.36332328111352,0.0,False
146,14.221342264769035,14.221342264769035,9.306197135582801,0.0,31.62690464150095,4.915145129186234,False,14.221342264769035,0.0,24.66498261439988,0.0,False
147,9.601465792733993,9.601465792733993,0.0,0.0,36.09,9.601465792733993,False,9.601465792733993,0.0,31.485298768119762,0.0,False
148,-19.173380909843278,-19.173380909843278,0.0,19.173380909843278,36.09,0.0,False,0.0,0.0,36.09,-19.173380909843278,False
149,-27.817094743564795,-27.817094743564795,0.0,20.05,26.09518428522732,-7.767094743564794,False,0.0,0.0,36.09,-27.817094743564795,False
150,-31.145695024344956,-31.145695024344956,0.0,20.05,15.643399280616446,-11.095695024344955,False,0.0,0.0,36.09,-31.145695024344956,False
151,-20.405449589351996,-20.405449589351996,0.0,2.266729197305545,5.1916142760055735,-18.13872039204645,False,0.0,2.6226338124025985,36.09,-17.7828157769494,False
152,-35.049940503326994,-35.049940503326994,0.0,0.0,4.010000000000001,-35.049940503326994,False,0.0,20.05,34.722857618301504,-14.999940503326993,False
153,-27.84805921661216,-27.84805921661216,0.0,0.0,4.010000000000001,-27.84805921661216,False,0.0,20.05,24.271072613690635,-7.79805921661216,False
154,-15.091926320651504,-15.091926320651504,0.0,0.0,4.010000000000001,-15.091926320651504,False,0.0,0.0,13.819287609079762,-15.091926320651504,False
155,-8.358269490140783,-8.358269490140783,0.0,0.0,4.010000000000001,-8.358269490140783,False,0.0,0.0,13.819287609079762,-8.358269490140783,False
156,4.897051513829759,4.897051513829759,4.897051513829759,0.0,4.010000000000001,0.0,False,4.897051513829759,0.0,13.819287609079762,0.0,False
157,24.942599793258097,24.942599793258097,20.05,0.0,6.358543402131104,4.892599793258096,False,20.05,0.0,16.167831011210865,4.892599793258096,False
158,24.1441719053004,24.1441719053004,20.05,0.0,15.974185606373108,4.094171905300399,False,20.05,0.0,25.78347321545287,4.094171905300399,False
159,1.4405939344339234,1.4405939344339234,1.4405939344339234,0.0,25.589827810615112,0.0,False,1.4405939344339234,0.0,35.39911541969487,0.0,False
160,-10.368545487524402,-10.368545487524402,0.0,10.368545487524402,26.280712390920243,0.0,False,0.0,10.368545487524402,36.09,0.0,False
161,-16.806929235062398,-16.806929235062398,0.0,16.806929235062398,20.87573442353205,0.0,False,0.0,16.806929235062398,30.685022032611812,0.0,False
162,-14.934925081325517,-14.934925081325517,0.0,14.934925081325517,12.114516919662663,0.0,False,0.0,14.934925081325517,21.923804528742423,0.0,False
163,-4.044510616151519,-4.044510616151519,0.0,0.6122340084902808,4.329149038865413,-3.432276607661238,False,0.0,4.044510616151519,14.138436647945174,0.0,False
164,-2.103472094123038,-2.103472094123038,0.0,0.0,4.010000000000001,-2.103472094123038,False,0.0,2.103472094123038,12.030089744759042,0.0,False
165,1.722688413586085,1.722688413586085,1.722688413586085,0.0,4.010000000000001,0.0,False,1.722688413586085,0.0,10.93357911678036,0.0,False
166,12.480913030061274,12.480913030061274,12.480913030061274,0.0,4.836172339872173,0.0,False,12.480913030061274,0.0,11.759751456652532,0.0,False
167,1.5531220579288791,1.5531220579288791,1.5531220579288791,0.0,10.821807954801407,0.0,False,1.5531220579288791,0.0,17.745387071581767,0.0,False
168,-22.83202616281296,-22.83202616281296,0.0,14.496185621450142,11.566659127298172,-8.335840541362817,False,0.0,0.0,18.490238244078533,-22.83202616281296,False
169,-31.73794440526344,-31.73794440526344,0.0,0.0,4.010000000000001,-31.73794440526344,False,0.0,0.0,18.490238244078533,-31.73794440526344,False
170,-29.41984382916792,-29.41984382916792,0.0,0.0,4.010000000000001,-29.41984382916792,False,0.0,0.0,18.490238244078533,-29.41984382916792,False
171,-17.502588153716058,-17.502588153716058,0.0,0.0,4.010000000000001,-17.502588153716058,False,0.0,0.0,18.490238244078533,-17.502588153716058,False
172,-5.367000797681614,-5.367000797681614,0.0,0.0,4.010000000000001,-5.367000797681614,False,0.0,0.0,18.490238244078533,-5.367000797681614,False
173,-11.14687378830499,-11.14687378830499,0.0,0.0,4.010000000000001,-11.14687378830499,False,0.0,0.0,18.490238244078533,-11.14687378830499,False
174,-11.35361875173048,-11.35361875173048,0.0,0.0,4.010000000000001,-11.35361875173048,False,0.0,0.0,18.490238244078533,-11.35361875173048,False
175,-14.93374289405827,-14.93374289405827,0.0,0.0,4.010000000000001,-14.93374289405827,False,0.0,0.0,18.490238244078533,-14.93374289405827,False
176,-19.22995704339055,-19.22995704339055,0.0,0.0,4.010000000000001,-19.22995704339055,False,0.0,0.0,18.490238244078533,-19.22995704339055,False
177,-21.28833195820411,-21.28833195820411,0.0,0.0,4.010000000000001,-21.28833195820411,False,0.0,0.0,18.490238244078533,-21.28833195820411,False
178,-21.30787386225863,-21.30787386225863,0.0,0.0,4.010000000000001,-21.30787386225863,False,0.0,0.0,18.490238244078533,-21.30787386225863,False
179,-19.34757243797918,-19.34757243797918,0.0,0.0,4.010000000000001,-19.34757243797918,False,0.0,0.0,18.490238244078533,-19.34757243797918,False
180,-15.539881072490088,-15.539881072490088,0.0,0.0,4.010000000000001,-15.539881072490088,False,0.0,0.0,18.490238244078533,-15.539881072490088,False
181,-12.49033627641636,-12.49033627641636,0.0,0.0,4.010000000000001,-12.49033627641636,False,0.0,0.0,18.490238244078533,-12.49033627641636,False
182,-5.82646663233096,-5.82646663233096,0.0,0.0,4.010000000000001,-5.82646663233096,False,0.0,0.0,18.490238244078533,-5.82646663233096,False
183,-15.92597097513763,-15.92597097513763,0.0,0.0,4.010000000000001,-15.92597097513763,False,0.0,0.0,18.490238244078533,-15.92597097513763,False
184,-23.799658859830533,-23.799658859830533,0.0,0.0,4.010000000000001,-23.799658859830533,False,0.0,7.727913214412097,18.490238244078533,-16.071745645418435,False
185,-23.311856244760754,-23.311856244760754,0.0,0.0,4.010000000000001,-23.311856244760754,False,0.0,20.05,14.461785004610874,-3.2618562447607538,False
186,-19.521489591306768,-19.521489591306768,0.0,0.0,4.010000000000001,-19.521489591306768,False,0.0,0.0,4.010000000000001,-19.521489591306768,False
187,-16.942830695089917,-16.942830695089917,0.0,0.0,4.010000000000001,-16.942830695089917,False,0.0,0.0,4.010000000000001,-16.942830695089917,False
188,-15.254790063090887,-15.254790063090887,0.0,0.0,4.010000000000001,-15.254790063090887,False,0.0,0.0,4.010000000000001,-15.254790063090887,False
189,-14.217413925784749,-14.217413925784749,0.0,0.0,4.010000000000001,-14.217413925784749,False,0.0,0.0,4.010000000000001,-14.217413925784749,False
190,-15.87634328646407,-15.87634328646407,0.0,0.0,4.010000000000001,-15.87634328646407,False,0.0,0.0,4.010000000000001,-15.87634328646407,False
191,-16.762517411895516,-16.762517411895516,0.0,0.0,4.010000000000001,-16.762517411895516,False,0.0,0.0,4.010000000000001,-16.762517411895516,False
192,-14.12645881704024,-14.12645881704024,0.0,0.0,4.010000000000001,-14.12645881704024,False,0.0,0.0,4.010000000000001,-14.12645881704024,False
193,-12.470648912451049,-12.470648912451049,0.0,0.0,4.010000000000001,-12.470648912451049,False,0.0,0.0,4.010000000000001,-12.470648912451049,False
194,-15.44728568391984,-15.44728568391984,0.0,0.0,4.010000000000001,-15.44728568391984,False,0.0,0.0,4.010000000000001,-15.44728568391984,False
195,-19.137028350921167,-19.137028350921167,0.0,0.0,4.010000000000001,-19.137028350921167,False,0.0,0.0,4.010000000000001,-19.137028350921167,False
196,-19.895240980207888,-19.895240980207888,0.0,0.0,4.010000000000001,-19.895240980207888,False,0.0,0.0,4.010000000000001,-19.895240980207888,False
197,-19.14148110272897,-19.14148110272897,0.0,0.0,4.010000000000001,-19.14148110272897,False,0.0,0.0,4.010000000000001,-19.14148110272897,False
198,-17.666451086762688,-17.666451086762688,0.0,0.0,4.010000000000001,-17.666451086762688,False,0.0,0.0,4.010000000000001,-17.666451086762688,False
199,-14.833483318533311,-14.833483318533311,0.0,0.0,4.010000000000001,-14.833483318533311,False,0.0,0.0,4.010000000000001,-14.833483318533311,False
200,-7.781050833135262,-7.781050833135262,0.0,0.0,4.010000000000001,-7.781050833135262,False,0.0,0.0,4.010000000000001,-7.781050833135262,False
201,-3.9580579142848795,-3.9580579142848795,0.0,0.0,4.010000000000001,-3.9580579142848795,False,0.0,0.0,4.010000000000001,-3.9580579142848795,False
202,2.563288258411562,2.563288258411562,2.563288258411562,0.0,4.010000000000001,0.0,False,0.0,0.0,4.010000000000001,2.563288258411562,False
203,4.045169612442478,4.045169612442478,4.045169612442478,0.0,5.239309863302753,0.0,False,0.0,0.0,4.010000000000001,4.045169612442478,False
204,3.6186187396497593,3.6186187396497593,3.6186187396497593,0.0,7.179305057752586,0.0,False,0.0,0.0,4.010000000000001,3.6186187396497593,False
205,13.64431389544632,13.64431389544632,13.64431389544632,0.0,8.914733639998833,0.0,False,9.814383405114155,0.0,4.010000000000001,3.829930490332165,False
206,20.907192139246074,20.907192139246074,20.05,0.0,15.458316709374355,0.8571921392460737,False,20.05,0.0,8.71681293161237,0.8571921392460737,False
207,12.284772498744,12.284772498744,12.284772498744,0.0,25.07395891361636,0.0,False,12.284772498744,0.0,18.332455135854374,0.0,False
208,14.982887592532313,14.982887592532313,10.685261024815471,0.0,30.965528834236522,4.297626567716842,False,14.982887592532313,0.0,24.224025056474538,0.0,False
209,9.75938053311912,9.75938053311912,0.0,0.0,36.09,9.75938053311912,False,9.75938053311912,0.0,31.409565519126286,0.0,False
210,-5.257708766611203,-5.257708766611203,0.0,5.257708766611203,36.09,0.0,False,0.0,0.0,36.09,-5.257708766611203,False
211,-15.571311189512393,-15.571311189512393,0.0,15.571311189512393,33.3492298431183,0.0,False,0.0,0.0,36.09,-15.571311189512393,False
212,-2.242804741525686,-2.242804741525686,0.0,2.242804741525686,25.23212277116443,0.0,False,0.0,0.0,36.09,-2.242804741525686,False
213,-27.301903862067356,-27.301903862067356,0.0,20.05,24.062979979855285,-7.251903862067355,False,0.0,8.077181618857702,36.09,-19.224722243209655,False
214,-32.79979053706354,-32.79979053706354,0.0,18.418285409499532,13.611194975244413,-14.381505127564004,False,0.0,20.05,31.879478018778283,-12.749790537063536,False
215,-29.256861427335597,-29.256861427335597,0.0,1.7038216254095743e-15,4.010000000000002,-29.256861427335597,False,0.0,20.05,21.42769301416741,-9.206861427335596,False
216,-13.362928488291116,-13.362928488291116,0.0,0.0,4.010000000000001,-13.362928488291116,False,0.0,13.362928488291116,10.975908009556536,0.0,False
217,8.158652503010162,8.158652503010162,8.158652503010162,0.0,4.010000000000001,0.0,False,0.0,0.0,4.010000000000001,8.158652503010162,False
218,21.629984879650078,21.629984879650078,20.05,0.0,7.922752286169036,1.5799848796500768,False,6.741424029509581,0.0,4.010000000000001,14.888560850140497,False
219,38.37810921164255,38.37810921164255,20.05,0.0,17.53839449041104,18.328109211642552,False,20.05,0.0,7.243073387273991,18.328109211642552,False
220,54.75675695751288,54.75675695751288,18.632771526499422,0.0,27.154036694653044,36.12398543101345,False,20.05,0.0,16.858715591515995,34.70675695751288,False
221,59.19638292125855,59.19638292125855,0.0,0.0,36.09,59.19638292125855,True,20.05,0.0,26.474357795758,39.14638292125855,False
222,19.163295662654882,19.163295662654882,0.0,0.0,36.09,19.163295662654882,False,0.0,0.0,36.09,19.163295662654882,False
223,-51.226936465798794,-51.226936465798794,0.0,20.05,36.09,-31.176936465798793,False,0.0,0.0,36.09,-51.226936465798794,True
224,-65.6726509434138,-65.6726509434138,0.0,20.05,25.63821499538913,-45.6226509434138,True,0.0,0.0,36.09,-65.6726509434138,True
225,-42.46749567248303,-42.46749567248303,0.0,20.05,15.186429990778258,-22.41749567248303,False,0.0,11.810764361946982,36.09,-30.656731310536053,False
226,-31.274145619925324,-31.274145619925324,0.0,1.3901101071488213,4.734644986167385,-29.884035512776503,False,0.0,20.05,29.933213473756116,-11.224145619925324,False
227,-26.59735209893656,-26.59735209893656,0.0,0.0,4.010000000000001,-26.59735209893656,False,0.0,20.05,19.481428469145243,-6.54735209893656,False
228,-8.892501959298958,-8.892501959298958,0.0,0.0,4.010000000000001,-8.892501959298958,False,0.0,0.0,9.029643464534368,-8.892501959298958,False
229,11.380787025566546,11.380787025566546,11.380787025566546,0.0,4.010000000000001,0.0,False,11.380787025566546,0.0,9.029643464534368,0.0,False
230,14.86980463021488,14.86980463021488,14.86980463021488,0.0,9.468033717732045,0.0,False,14.86980463021488,0.0,14.487677182266413,0.0,False
231,18.17123783897592,18.17123783897592,18.17123783897592,0.0,16.59934149684064,0.0,False,18.17123783897592,0.0,21.61898496137501,0.0,False
232,12.002914376924155,12.002914376924155,12.002914376924155,0.0,25.313961021418002,0.0,False,12.002914376924155,0.0,30.33360448595237,0.0,False
233,-4.860924896493118,-4.860924896493118,0.0,4.860924896493118,31.070356535465635,0.0,False,0.0,0.0,36.09,-4.860924896493118,False
234,-24.198889629246597,-24.198889629246597,0.0,20.05,28.53642426904636,-4.148889629246597,False,0.0,0.0,36.09,-24.198889629246597,False
235,-34.59365375491848,-34.59365375491848,0.0,20.05,18.084639264435488,-14.543653754918477,False,0.0,0.0,36.09,-34.59365375491848,False
236,-29.017412020321512,-29.017412020321512,0.0,6.949839465453863,7.632854259824615,-22.06757255486765,False,0.0,0.0,36.09,-29.017412020321512,False
237,-22.985213355946033,-22.985213355946033,0.0,0.0,4.010000000000001,-22.985213355946033,False,0.0,15.238000000000007,36.09,-7.747213355946027,False
238,-21.14698560642095,-21.14698560642095,0.0,0.0,4.010000000000001,-21.14698560642095,False,0.0,20.05,28.146643396495737,-1.0969856064209509,False
239,-21.074772812887836,-21.074772812887836,0.0,0.0,4.010000000000001,-21.074772812887836,False,0.0,20.05,17.694858391884864,-1.0247728128878357,False
240,-19.014840223133156,-19.014840223133156,0.0,0.0,4.010000000000001,-19.014840223133156,False,0.0,0.0,7.243073387273991,-19.014840223133156,False
241,-16.150424110324487,-16.150424110324487,0.0,0.0,4.010000000000001,-16.150424110324487,False,0.0,0.0,7.243073387273991,-16.150424110324487,False
242,-15.26118933771204,-15.26118933771204,0.0,0.0,4.010000000000001,-15.26118933771204,False,0.0,0.0,7.243073387273991,-15.26118933771204,False
243,-16.356082030324128,-16.356082030324128,0.0,0.0,4.010000000000001,-16.356082030324128,False,0.0,0.0,7.243073387273991,-16.356082030324128,False
244,36.72704588307369,36.72704588307369,20.05,0.0,4.010000000000001,16.677045883073692,False,20.05,0.0,7.243073387273991,16.677045883073692,False
245,69.05116308248392,69.05116308248392,20.05,0.0,13.625642204242006,49.00116308248393,True,20.05,0.0,16.858715591515995,49.00116308248393,True
246,28.422674277420484,28.422674277420484,20.05,0.0,23.24128440848401,8.372674277420483,False,20.05,0.0,26.474357795758,8.372674277420483,False
247,-17.76155847304872,-17.76155847304872,0.0,17.76155847304872,32.856926612726014,0.0,False,0.0,0.0,36.09,-17.76155847304872,False
248,-39.10010674983528,-39.10010674983528,0.0,20.05,23.59807421835545,-19.050106749835276,False,0.0,1.5733581375075998,36.09,-37.52674861232768,False
249,-41.05353600455639,-41.05353600455639,0.0,17.526441526951288,13.146289213744577,-23.527094477605104,False,0.0,20.05,35.269830374639184,-21.00353600455639,False
250,-35.00042151899602,-35.00042151899602,0.0,1.7038216254095743e-15,4.010000000000002,-35.00042151899602,False,0.0,20.05,24.818045370028308,-14.95042151899602,False
251,-19.866751969641214,-19.866751969641214,0.0,0.0,4.010000000000001,-19.866751969641214,False,0.0,19.866751969641214,14.366260365417435,0.0,False
252,6.7208628081122415,6.7208628081122415,6.7208628081122415,0.0,4.010000000000001,0.0,False,0.0,0.0,4.010000000000001,6.7208628081122415,False
253,75.9762232024032,75.9762232024032,20.05,0.0,7.233212571900474,55.92622320240321,True,6.741424029509581,0.0,4.010000000000001,69.23479917289362,True
254,117.25680446099184,117.25680446099184,20.05,0.0,16.848854776142478,97.20680446099185,True,20.05,0.0,7.243073387273991,97.20680446099185,True
255,82.81649854207127,82.81649854207127,20.05,0.0,26.46449698038448,62.766498542071275,True,20.05,0.0,16.858715591515995,62.766498542071275,True
256,58.89849656746223,58.89849656746223,0.02056122139733317,0.0,36.08013918462649,58.8779353460649,True,20.05,0.0,26.474357795758,38.848496567462234,False
257,16.210908151968,16.210908151968,0.0,0.0,36.09,16.210908151968,False,0.0,0.0,36.09,16.210908151968,False
258,1.3763327824382268,1.3763327824382268,0.0,0.0,36.09,1.3763327824382268,False,0.0,0.0,36.09,1.3763327824382268,False
259,-4.8946699132523985,-4.8946699132523985,0.0,4.8946699132523985,36.09,0.0,False,0.0,4.8946699132523985,36.09,0.0,False
260,-5.2576086151992,-5.2576086151992,0.0,5.2576086151992,33.53847692758846,0.0,False,0.0,5.2576086151992,33.53847692758846,0.0,False
261,2.281210804999445,2.281210804999445,2.281210804999445,0.0,30.797758978239237,0.0,False,0.0,0.0,30.797758978239237,2.281210804999445,False
262,17.860802513255997,17.860802513255997,8.753874552013166,0.0,31.891789247233028,9.106927961242832,False,0.0,0.0,30.797758978239237,17.860802513255997,False
263,20.587604977497598,20.587604977497598,0.0,0.0,36.09,20.587604977497598,False,0.0,0.0,30.797758978239237,20.587604977497598,False
264,17.70394737480984,17.70394737480984,0.0,0.0,36.09,17.70394737480984,False,11.035085357012608,0.0,30.797758978239237,6.668862017797231,False
265,29.18202628926095,29.18202628926095,0.0,0.0,36.09,29.18202628926095,False,0.0,0.0,36.09,29.18202628926095,False
266,29.60402828492063,29.60402828492063,0.0,0.0,36.09,29.60402828492063,False,0.0,0.0,36.09,29.60402828492063,False
267,67.02509260651945,67.02509260651945,0.0,0.0,36.09,67.02509260651945,True,0.0,0.0,36.09,67.02509260651945,True
268,29.11512915210145,29.11512915210145,0.0,0.0,36.09,29.11512915210145,False,0.0,0.0,36.09,29.11512915210145,False
269,-39.37627426842528,-39.37627426842528,0.0,20.05,36.09,-19.326274268425276,False,0.0,1.3901101071488196,36.09,-37.986164161276456,False
270,-49.559581707342716,-49.559581707342716,0.0,20.05,25.63821499538913,-29.509581707342715,False,0.0,20.05,35.36535501383262,-29.509581707342715,False
271,-32.79638058178776,-32.79638058178776,0.0,20.05,15.186429990778258,-12.746380581787758,False,0.0,20.05,24.913570009221747,-12.746380581787758,False
272,-22.023231401896318,-22.023231401896318,0.0,1.3901101071488213,4.734644986167385,-20.633121294747497,False,0.0,20.05,14.461785004610874,-1.9732314018963173,False
273,-2.6075942415662405,-2.6075942415662405,0.0,0.0,4.010000000000001,-2.6075942415662405,False,0.0,0.0,4.010000000000001,-2.6075942415662405,False
274,5.09023757849304,5.09023757849304,5.09023757849304,0.0,4.010000000000001,0.0,False,5.09023757849304,0.0,4.010000000000001,0.0,False
275,19.60751725058088,19.60751725058088,19.60751725058088,0.0,6.451192184008793,0.0,False,19.60751725058088,0.0,6.451192184008793,0.0,False
276,10.320470806736159,10.320470806736159,10.320470806736159,0.0,15.854627116432166,0.0,False,10.320470806736159,0.0,15.854627116432166,0.0,False
277,-25.065384623158796,-25.065384623158796,0.0,20.05,20.80415103946956,-5.015384623158795,False,0.0,5.905095996310675,20.80415103946956,-19.16028862684812,False
278,-30.13218677124384,-30.13218677124384,0.0,12.166767584945275,10.352366034858687,-17.96541918629857,False,0.0,20.05,17.725906960415813,-10.08218677124384,False
279,-6.2616715886345995,-6.2616715886345995,0.0,0.0,4.010000000000001,-6.2616715886345995,False,0.0,6.2616715886345995,7.27412195580494,0.0,False
280,2.6263916600845194,2.6263916600845194,2.6263916600845194,0.0,4.010000000000001,0.0,False,2.6263916600845194,0.0,4.010000000000001,0.0,False
281,-5.711266469163839,-5.711266469163839,0.0,2.416280327277758,5.269573191599897,-3.2949861418860804,False,0.0,0.0,5.269573191599897,-5.711266469163839,False
282,-25.727219004832055,-25.727219004832055,0.0,0.0,4.010000000000001,-25.727219004832055,False,0.0,0.0,5.269573191599897,-25.727219004832055,False
283,-29.24115247806057,-29.24115247806057,0.0,0.0,4.010000000000001,-29.24115247806057,False,0.0,0.0,5.269573191599897,-29.24115247806057,False
284,-20.848787841824155,-20.848787841824155,0.0,0.0,4.010000000000001,-20.848787841824155,False,0.0,0.0,5.269573191599897,-20.848787841824155,False
285,-11.47251850805688,-11.47251850805688,0.0,0.0,4.010000000000001,-11.47251850805688,False,0.0,0.0,5.269573191599897,-11.47251850805688,False
286,-4.827147831282001,-4.827147831282001,0.0,0.0,4.010000000000001,-4.827147831282001,False,0.0,2.416280327277758,5.269573191599897,-2.4108675040042424,False
287,0.6486406349591999,0.6486406349591999,0.6486406349591999,0.0,4.010000000000001,0.0,False,0.6486406349591999,0.0,4.010000000000001,0.0,False
288,-9.8487296138208,-9.8487296138208,0.0,0.5967493841624647,4.321077120443892,-9.251980229658335,False,0.0,0.0,4.321077120443892,-9.8487296138208,False
289,-15.796887823239071,-15.796887823239071,0.0,0.0,4.010000000000001,-15.796887823239071,False,0.0,0.0,4.321077120443892,-15.796887823239071,False
290,-15.545449290694465,-15.545449290694465,0.0,0.0,4.010000000000001,-15.545449290694465,False,0.0,0.0,4.321077120443892,-15.545449290694465,False
291,-13.075927391162256,-13.075927391162256,0.0,0.0,4.010000000000001,-13.075927391162256,False,0.0,0.0,4.321077120443892,-13.075927391162256,False
292,-6.302870874989039,-6.302870874989039,0.0,0.0,4.010000000000001,-6.302870874989039,False,0.0,0.0,4.321077120443892,-6.302870874989039,False
293,-0.06615601671071766,-0.06615601671071766,0.0,0.0,4.010000000000001,-0.06615601671071766,False,0.0,0.0,4.321077120443892,-0.06615601671071766,False
294,-4.6799733283197575,-4.6799733283197575,0.0,0.0,4.010000000000001,-4.6799733283197575,False,0.0,0.0,4.321077120443892,-4.6799733283197575,False
295,-8.819929041318575,-8.819929041318575,0.0,0.0,4.010000000000001,-8.819929041318575,False,0.0,0.0,4.321077120443892,-8.819929041318575,False
296,-19.42694425474488,-19.42694425474488,0.0,0.0,4.010000000000001,-19.42694425474488,False,0.0,0.0,4.321077120443892,-19.42694425474488,False
297,-29.530852455440012,-29.530852455440012,0.0,0.0,4.010000000000001,-29.530852455440012,False,0.0,0.0,4.321077120443892,-29.530852455440012,False
298,-25.90364392948584,-25.90364392948584,0.0,0.0,4.010000000000001,-25.90364392948584,False,0.0,0.0,4.321077120443892,-25.90364392948584,False
299,-11.268781291836575,-11.268781291836575,0.0,0.0,4.010000000000001,-11.268781291836575,False,0.0,0.0,4.321077120443892,-11.268781291836575,False
300,-3.561514407555599,-3.561514407555599,0.0,0.0,4.010000000000001,-3.561514407555599,False,0.0,0.5967493841624647,4.321077120443892,-2.9647650233931344,False
301,21.774299058285596,21.774299058285596,20.05,0.0,4.010000000000001,1.7242990582855953,False,6.741424029509581,0.0,4.010000000000001,15.032875028776015,False
302,36.458779509679204,36.458779509679204,20.05,0.0,13.625642204242006,16.408779509679203,False,20.05,0.0,7.243073387273991,16.408779509679203,False
303,31.911745162619997,31.911745162619997,20.05,0.0,23.24128440848401,11.861745162619997,False,20.05,0.0,16.858715591515995,11.861745162619997,False
304,23.72001665428272,23.72001665428272,6.741424029509579,0.0,32.856926612726014,16.978592624773142,False,20.05,0.0,26.474357795758,3.670016654282719,False
305,6.037852211582887,6.037852211582887,0.0,0.0,36.09,6.037852211582887,False,0.0,0.0,36.09,6.037852211582887,False
306,-6.838264299315115,-6.838264299315115,0.0,6.838264299315115,36.09,0.0,False,0.0,6.838264299315115,36.09,0.0,False
307,-0.524106360193677,-0.524106360193677,0.0,0.524106360193677,32.52530831615224,0.0,False,0.0,0.524106360193677,32.52530831615224,0.0,False
308,11.698261793733117,11.698261793733117,8.002576803813904,0.0,32.25209898965382,3.6956849899192132,False,0.0,0.0,32.25209898965382,11.698261793733117,False
309,8.138676302372643,8.138676302372643,0.0,0.0,36.09,8.138676302372643,False,0.0,0.0,32.25209898965382,8.138676302372643,False
310,5.553277616733835,5.553277616733835,0.0,0.0,36.09,5.553277616733835,False,0.0,0.0,32.25209898965382,5.553277616733835,False
311,6.525679724293688,6.525679724293688,0.0,0.0,36.09,6.525679724293688,False,4.10846290331733,0.0,32.25209898965382,2.4172168209763587,False
312,-6.81366510949968,-6.81366510949968,0.0,6.81366510949968,36.09,0.0,False,0.0,6.81366510949968,34.22244858006283,0.0,False
313,-27.3463730920236,-27.3463730920236,0.0,20.05,32.538131530278854,-7.2963730920236,False,0.0,20.05,30.670580110341678,-7.2963730920236,False
314,-29.61479055565416,-29.61479055565416,0.0,20.05,22.08634652566798,-9.56479055565416,False,0.0,20.05,20.218795105730806,-9.56479055565416,False
315,-1.9878913555903166,-1.9878913555903166,0.0,1.9878913555903166,11.634561521057108,0.0,False,0.0,1.9878913555903166,9.767010101119933,0.0,False
316,3.971065579675437,3.971065579675437,3.971065579675437,0.0,10.59830151800701,0.0,False,3.971065579675437,0.0,8.730750098069835,0.0,False
317,0.2439287790671982,0.2439287790671982,0.2439287790671982,0.0,12.502757666821967,0.0,False,0.2439287790671982,0.0,10.635206246884792,0.0,False
318,-2.7088192767028825,-2.7088192767028825,0.0,2.7088192767028825,12.619741799631333,0.0,False,0.0,2.7088192767028825,10.752190379694158,0.0,False
319,-10.224944386942315,-10.224944386942315,0.0,10.224944386942315,11.207672138960806,0.0,False,0.0,10.224944386942315,9.34012071902363,0.0,False
320,21.846345981050153,21.846345981050153,20.05,0.0,5.877551419937175,1.7963459810501519,False,0.0,0.0,4.010000000000001,21.846345981050153,False
321,91.40312006186807,91.40312006186807,20.05,0.0,15.49319362417918,71.35312006186807,True,0.0,0.0,4.010000000000001,91.40312006186807,True
322,99.76119005039615,99.76119005039615,20.05,0.0,25.108835828421185,79.71119005039616,True,13.914045610820379,0.0,4.010000000000001,85.84714443957577,True
323,71.82221304145558,71.82221304145558,2.847310129013006,0.0,34.724478032663185,68.97490291244257,True,20.05,0.0,10.682941855718337,51.772213041455586,True
324,28.787794277120643,28.787794277120643,0.0,0.0,36.09,28.787794277120643,False,20.05,0.0,20.29858405996034,8.737794277120642,False
325,4.529608001371203,4.529608001371203,0.0,0.0,36.09,4.529608001371203,False,0.0,0.0,29.914226264202345,4.529608001371203,False
326,12.877378418689204,12.877378418689204,0.0,0.0,36.09,12.877378418689204,False,12.877378418689204,0.0,29.914226264202345,0.0,False
327,-10.085106976423196,-10.085106976423196,0.0,10.085106976423196,36.09,0.0,False,0.0,0.0,36.09,-10.085106976423196,False
328,-61.47015447937464,-61.47015447937464,0.0,20.05,30.832774570270505,-41.420154479374645,True,0.0,1.3901101071488196,36.09,-60.08004437222582,True
329,-83.31503985223219,-83.31503985223219,0.0,20.05,20.380989565659632,-63.26503985223219,True,0.0,20.05,35.36535501383262,-63.26503985223219,True
330,-56.703492292158735,-56.703492292158735,0.0,11.355003130725628,9.92920456104876,-45.34848916143311,True,0.0,20.05,24.913570009221747,-36.65349229215873,False
331,-20.509771306147677,-20.509771306147677,0.0,0.0,4.010000000000001,-20.509771306147677,False,0.0,20.05,14.461785004610874,-0.45977130614767603,False
332,7.47450819249696,7.47450819249696,7.47450819249696,0.0,4.010000000000001,0.0,False,0.0,0.0,4.010000000000001,7.47450819249696,False
333,18.60493351350072,18.60493351350072,18.60493351350072,0.0,7.5946482010836105,0.0,False,9.395712445417589,0.0,4.010000000000001,9.20922106808313,False
334,20.63478170072585,20.63478170072585,20.05,0.0,16.51726086440201,0.5847817007258485,False,20.05,0.0,8.516025392971532,0.5847817007258485,False
335,17.427489417125038,17.427489417125038,17.427489417125038,0.0,26.132903068644016,0.0,False,17.427489417125038,0.0,18.131667597213536,0.0,False
336,9.139661622917277,9.139661622917277,3.3344929063868625,0.0,34.49083338052873,5.805168716530415,False,9.139661622917277,0.0,26.489597909098244,0.0,False
337,5.008125438822481,5.008125438822481,0.0,0.0,36.09,5.008125438822481,False,5.008125438822481,0.0,30.87282564145806,0.0,False
338,5.870435105227199,5.870435105227199,0.0,0.0,36.09,5.870435105227199,False,5.870435105227199,0.0,33.27463822667898,0.0,False
339,-4.842989781632164,-4.842989781632164,0.0,4.842989781632164,36.09,0.0,False,0.0,0.0,36.09,-4.842989781632164,False
340,-24.051169301088958,-24.051169301088958,0.0,20.05,33.56541705849643,-4.001169301088957,False,0.0,0.0,36.09,-24.051169301088958,False
341,-36.32535299134502,-36.32535299134502,0.0,20.05,23.113632053885556,-16.27535299134502,False,0.0,0.0,36.09,-36.32535299134502,False
342,-40.86742283291138,-40.86742283291138,0.0,16.597120325516663,12.661847049274684,-24.270302507394717,False,0.0,0.0,36.09,-40.86742283291138,True
343,-36.44227816243243,-36.44227816243243,0.0,1.7038216254095743e-15,4.010000000000002,-36.44227816243243,False,0.0,0.0,36.09,-36.44227816243243,False
344,-27.219200628763172,-27.219200628763172,0.0,0.0,4.010000000000001,-27.219200628763172,False,0.0,10.207522665794176,36.09,-17.011677962968996,False
345,-20.109305749942784,-20.109305749942784,0.0,0.0,4.010000000000001,-20.109305749942784,False,0.0,20.05,30.768960980919047,-0.05930574994278359,False
346,-13.997297006222695,-13.997297006222695,0.0,0.0,4.010000000000001,-13.997297006222695,False,0.0,0.0,20.317175976308175,-13.997297006222695,False
347,-5.934551438281129,-5.934551438281129,0.0,0.0,4.010000000000001,-5.934551438281129,False,0.0,0.0,20.317175976308175,-5.934551438281129,False
348,-1.3530437733945844,-1.3530437733945844,0.0,0.0,4.010000000000001,-1.3530437733945844,False,0.0,0.0,20.317175976308175,-1.3530437733945844,False
349,-4.534072751318161,-4.534072751318161,0.0,0.0,4.010000000000001,-4.534072751318161,False,0.0,0.0,20.317175976308175,-4.534072751318161,False
350,-7.986937298657087,-7.986937298657087,0.0,0.0,4.010000000000001,-7.986937298657087,False,0.0,0.0,20.317175976308175,-7.986937298657087,False
351,-12.388320846336214,-12.388320846336214,0.0,0.0,4.010000000000001,-12.388320846336214,False,0.0,0.0,20.317175976308175,-12.388320846336214,False
352,-12.882222141579167,-12.882222141579167,0.0,0.0,4.010000000000001,-12.882222141579167,False,0.0,0.0,20.317175976308175,-12.882222141579167,False
353,-11.592216671439743,-11.592216671439743,0.0,0.0,4.010000000000001,-11.592216671439743,False,0.0,0.0,20.317175976308175,-11.592216671439743,False
354,-15.995214058971841,-15.995214058971841,0.0,0.0,4.010000000000001,-15.995214058971841,False,0.0,0.0,20.317175976308175,-15.995214058971841,False
355,-20.460204169017818,-20.460204169017818,0.0,0.0,4.010000000000001,-20.460204169017818,False,0.0,20.05,20.317175976308175,-0.41020416901781687,False
356,-19.939608316117557,-19.939608316117557,0.0,0.0,4.010000000000001,-19.939608316117557,False,0.0,0.0,9.865390971697302,-19.939608316117557,False
357,-17.24808218372472,-17.24808218372472,0.0,0.0,4.010000000000001,-17.24808218372472,False,0.0,0.0,9.865390971697302,-17.24808218372472,False
358,-16.284693102336405,-16.284693102336405,0.0,0.0,4.010000000000001,-16.284693102336405,False,0.0,0.0,9.865390971697302,-16.284693102336405,False
359,-17.48287675341187,-17.48287675341187,0.0,0.0,4.010000000000001,-17.48287675341187,False,0.0,0.0,9.865390971697302,-17.48287675341187,False
360,-19.11678825131303,-19.11678825131303,0.0,0.0,4.010000000000001,-19.11678825131303,False,0.0,0.0,9.865390971697302,-19.11678825131303,False
361,-18.44379800385709,-18.44379800385709,0.0,0.0,4.010000000000001,-18.44379800385709,False,0.0,0.0,9.865390971697302,-18.44379800385709,False
362,-17.670615783079295,-17.670615783079295,0.0,0.0,4.010000000000001,-17.670615783079295,False,0.0,0.0,9.865390971697302,-17.670615783079295,False
363,-17.407106671860785,-17.407106671860785,0.0,0.0,4.010000000000001,-17.407106671860785,False,0.0,0.0,9.865390971697302,-17.407106671860785,False
364,-17.3988871994083,-17.3988871994083,0.0,0.0,4.010000000000001,-17.3988871994083,False,0.0,0.0,9.865390971697302,-17.3988871994083,False
365,-17.47562275459226,-17.47562275459226,0.0,0.0,4.010000000000001,-17.47562275459226,False,0.0,0.0,9.865390971697302,-17.47562275459226,False
366,-17.598002173580216,-17.598002173580216,0.0,0.0,4.010000000000001,-17.598002173580216,False,0.0,0.0,9.865390971697302,-17.598002173580216,False
367,-17.733546022960905,-17.733546022960905,0.0,0.0,4.010000000000001,-17.733546022960905,False,0.0,0.0,9.865390971697302,-17.733546022960905,False
368,-16.527626176065503,-16.527626176065503,0.0,0.0,4.010000000000001,-16.527626176065503,False,0.0,0.0,9.865390971697302,-16.527626176065503,False
369,-12.700479377251009,-12.700479377251009,0.0,0.0,4.010000000000001,-12.700479377251009,False,0.0,0.0,9.865390971697302,-12.700479377251009,False
370,0.564467579532505,0.564467579532505,0.564467579532505,0.0,4.010000000000001,0.0,False,0.564467579532505,0.0,9.865390971697302,0.0,False
371,14.017622274591597,14.017622274591597,14.017622274591597,0.0,4.280709141181003,0.0,False,14.017622274591597,0.0,10.136100112878303,0.0,False
372,29.74102540139544,29.74102540139544,20.05,0.0,11.003324619818695,9.69102540139544,False,20.05,0.0,16.858715591515995,9.69102540139544,False
373,21.538660813103753,21.538660813103753,20.05,0.0,20.6189668240607,1.4886608131037526,False,20.05,0.0,26.474357795758,1.4886608131037526,False
374,-5.696666396322483,-5.696666396322483,0.0,5.696666396322483,30.234609028302703,0.0,False,0.0,5.548973395527385,36.09,-0.14769300079509762,False
375,-20.49466246413336,-20.49466246413336,0.0,20.05,27.26501638903318,-0.4446624641333585,False,0.0,20.05,33.19739765953328,-0.4446624641333585,False
376,-27.61762718234088,-27.61762718234088,0.0,20.05,16.813231384422306,-7.567627182340878,False,0.0,20.05,22.745612654922407,-7.567627182340878,False
377,-15.891136711621439,-15.891136711621439,0.0,4.510856269471696,6.361446379811433,-11.380280442149743,False,0.0,15.891136711621439,12.293827650311535,0.0,False
378,5.009461458658558,5.009461458658558,5.009461458658558,0.0,4.010000000000001,0.0,False,0.0,0.0,4.010000000000001,5.009461458658558,False
379,13.339821554514476,13.339821554514476,13.339821554514476,0.0,6.412453317825484,0.0,False,13.268377259774786,0.0,4.010000000000001,0.07144429473969005,False
380,16.81296435914952,16.81296435914952,16.81296435914952,0.0,12.810006990476186,0.0,False,16.81296435914952,0.0,10.373290192563356,0.0,False
381,26.823993342172795,26.823993342172795,20.05,0.0,20.873221437870438,6.773993342172794,False,20.05,0.0,18.436504639957608,6.773993342172794,False
382,16.76008241058528,16.76008241058528,11.679176657187027,0.0,30.48886364211244,5.080905753398254,False,16.76008241058528,0.0,28.052146844199612,0.0,False
383,-10.237118792585036,-10.237118792585036,0.0,10.237118792585036,36.09,0.0,False,0.0,10.237118792585036,36.09,0.0,False
384,-14.093480960096873,-14.093480960096873,0.0,14.093480960096873,30.75353293332866,0.0,False,0.0,14.093480960096873,30.75353293332866,0.0,False
385,-7.9573621860878445,-7.9573621860878445,0.0,7.9573621860878445,23.40679812228081,0.0,False,0.0,7.9573621860878445,23.40679812228081,0.0,False
386,-13.526293468517279,-13.526293468517279,0.0,13.526293468517279,19.258736338100736,0.0,False,0.0,13.526293468517279,19.258736338100736,0.0,False
387,-13.46332026367992,-13.46332026367992,0.0,13.46332026367992,12.207668445720941,0.0,False,0.0,13.46332026367992,12.207668445720941,0.0,False
388,13.789373200587121,13.789373200587121,13.789373200587121,0.0,5.1894276056110415,0.0,False,13.789373200587121,0.0,5.1894276056110415,0.0,False
389,33.712808065180795,33.712808065180795,20.05,0.0,11.802578673820975,13.662808065180794,False,20.05,0.0,11.802578673820975,13.662808065180794,False
390,23.366125630895993,23.366125630895993,20.05,0.0,21.41822087806298,3.3161256308959928,False,20.05,0.0,21.41822087806298,3.3161256308959928,False
391,-17.047376751048475,-17.047376751048475,0.0,17.047376751048475,31.033863082304983,0.0,False,0.0,0.0,31.033863082304983,-17.047376751048475,False
392,-34.04447949630119,-34.04447949630119,0.0,20.05,22.147303646167302,-13.994479496301192,False,0.0,0.0,31.033863082304983,-34.04447949630119,False
393,-34.91645577699216,-34.91645577699216,0.0,14.743381029673548,11.69551864155643,-20.17307474731861,False,0.0,11.740757780722024,31.033863082304983,-23.175697996270134,False
394,-33.926795578116476,-33.926795578116476,0.0,0.0,4.010000000000001,-33.926795578116476,False,0.0,20.05,24.913570009221747,-13.876795578116475,False
395,-22.218034711560573,-22.218034711560573,0.0,0.0,4.010000000000001,-22.218034711560573,False,0.0,20.05,14.461785004610874,-2.1680347115605727,False
396,-12.246908454711983,-12.246908454711983,0.0,0.0,4.010000000000001,-12.246908454711983,False,0.0,0.0,4.010000000000001,-12.246908454711983,False
397,-9.045682943044488,-9.045682943044488,0.0,0.0,4.010000000000001,-9.045682943044488,False,0.0,0.0,4.010000000000001,-9.045682943044488,False
398,-12.117710729598096,-12.117710729598096,0.0,0.0,4.010000000000001,-12.117710729598096,False,0.0,0.0,4.010000000000001,-12.117710729598096,False
399,-15.40537732556844,-15.40537732556844,0.0,0.0,4.010000000000001,-15.40537732556844,False,0.0,0.0,4.010000000000001,-15.40537732556844,False
400,-17.185105774042174,-17.185105774042174,0.0,0.0,4.010000000000001,-17.185105774042174,False,0.0,0.0,4.010000000000001,-17.185105774042174,False
401,-15.557706221100672,-15.557706221100672,0.0,0.0,4.010000000000001,-15.557706221100672,False,0.0,0.0,4.010000000000001,-15.557706221100672,False
402,-13.050605308455,-13.050605308455,0.0,0.0,4.010000000000001,-13.050605308455,False,0.0,0.0,4.010000000000001,-13.050605308455,False
403,-12.229701040010616,-12.229701040010616,0.0,0.0,4.010000000000001,-12.229701040010616,False,0.0,0.0,4.010000000000001,-12.229701040010616,False
404,-12.31654653571512,-12.31654653571512,0.0,0.0,4.010000000000001,-12.31654653571512,False,0.0,0.0,4.010000000000001,-12.31654653571512,False
405,-14.050720112926536,-14.050720112926536,0.0,0.0,4.010000000000001,-14.050720112926536,False,0.0,0.0,4.010000000000001,-14.050720112926536,False
406,-17.592355066108606,-17.592355066108606,0.0,0.0,4.010000000000001,-17.592355066108606,False,0.0,0.0,4.010000000000001,-17.592355066108606,False
407,-17.81636392963183,-17.81636392963183,0.0,0.0,4.010000000000001,-17.81636392963183,False,0.0,0.0,4.010000000000001,-17.81636392963183,False
408,-17.75620337704908,-17.75620337704908,0.0,0.0,4.010000000000001,-17.75620337704908,False,0.0,0.0,4.010000000000001,-17.75620337704908,False
409,-12.720590581991903,-12.720590581991903,0.0,0.0,4.010000000000001,-12.720590581991903,False,0.0,0.0,4.010000000000001,-12.720590581991903,False
410,-1.7441528642059183,-1.7441528642059183,0.0,0.0,4.010000000000001,-1.7441528642059183,False,0.0,0.0,4.010000000000001,-1.7441528642059183,False
411,7.034763372687361,7.034763372687361,7.034763372687361,0.0,4.010000000000001,0.0,False,7.034763372687361,0.0,4.010000000000001,0.0,False
412,5.47111540135728,5.47111540135728,5.47111540135728,0.0,7.383753994177976,0.0,False,5.47111540135728,0.0,7.383753994177976,0.0,False
413,-7.257667165530576,-7.257667165530576,0.0,7.257667165530576,10.007608765129072,0.0,False,0.0,0.0,10.007608765129072,-7.257667165530576,False
414,-18.672445580329917,-18.672445580329917,0.0,4.247741306590494,6.2242882240243755,-14.424704273739422,False,0.0,0.0,10.007608765129072,-18.672445580329917,False
415,-6.07338593256048,-6.07338593256048,0.0,0.0,4.010000000000001,-6.07338593256048,False,0.0,0.0,10.007608765129072,-6.07338593256048,False
416,-9.945300612841798,-9.945300612841798,0.0,0.0,4.010000000000001,-9.945300612841798,False,0.0,0.0,10.007608765129072,-9.945300612841798,False
417,-17.164734175630077,-17.164734175630077,0.0,0.0,4.010000000000001,-17.164734175630077,False,0.0,0.0,10.007608765129072,-17.164734175630077,False
418,-19.15750490801304,-19.15750490801304,0.0,0.0,4.010000000000001,-19.15750490801304,False,0.0,0.0,10.007608765129072,-19.15750490801304,False
419,-19.256266218414478,-19.256266218414478,0.0,0.0,4.010000000000001,-19.256266218414478,False,0.0,0.0,10.007608765129072,-19.256266218414478,False
420,-19.4160638053452,-19.4160638053452,0.0,0.0,4.010000000000001,-19.4160638053452,False,0.0,4.574596256004989,10.007608765129072,-14.84146754934021,False
421,-6.93081221611608,-6.93081221611608,0.0,0.0,4.010000000000001,-6.93081221611608,False,0.0,6.93081221611608,7.6229356204576515,0.0,False
422,8.981831009718238,8.981831009718238,8.981831009718238,0.0,4.010000000000001,0.0,False,0.0,0.0,4.010000000000001,8.981831009718238,False
423,21.02559514456896,21.02559514456896,20.05,0.0,8.317534829347444,0.9755951445689597,False,6.741424029509581,0.0,4.010000000000001,14.28417111505938,False
424,44.646025240815355,44.646025240815355,20.05,0.0,17.93317703358945,24.596025240815354,False,20.05,0.0,7.243073387273991,24.596025240815354,False
425,72.16371934123438,72.16371934123438,17.809593019791347,0.0,27.548819237831452,54.35412632144303,True,20.05,0.0,16.858715591515995,52.113719341234386,True
426,66.98137651518144,66.98137651518144,0.0,0.0,36.09,66.98137651518144,True,20.05,0.0,26.474357795758,46.93137651518144,True
427,17.870763572693512,17.870763572693512,0.0,0.0,36.09,17.870763572693512,False,0.0,0.0,36.09,17.870763572693512,False
428,-25.126372827010314,-25.126372827010314,0.0,20.05,36.09,-5.076372827010314,False,0.0,0.0,36.09,-25.126372827010314,False
429,-28.816557762647037,-28.816557762647037,0.0,20.05,25.63821499538913,-8.766557762647036,False,0.0,0.0,36.09,-28.816557762647037,False
430,-34.27551277955928,-34.27551277955928,0.0,20.05,15.186429990778258,-14.225512779559278,False,0.0,0.0,36.09,-34.27551277955928,False
431,-19.25818311644015,-19.25818311644015,0.0,1.3901101071488213,4.734644986167385,-17.86807300929133,False,0.0,0.0,36.09,-19.25818311644015,False
432,-7.397716095831835,-7.397716095831835,0.0,0.0,4.010000000000001,-7.397716095831835,False,0.0,0.0,36.09,-7.397716095831835,False
433,-3.2848841894421636,-3.2848841894421636,0.0,0.0,4.010000000000001,-3.2848841894421636,False,0.0,0.0,36.09,-3.2848841894421636,False
434,-9.39573275917536,-9.39573275917536,0.0,0.0,4.010000000000001,-9.39573275917536,False,0.0,0.0,36.09,-9.39573275917536,False
435,-15.859156362741597,-15.859156362741597,0.0,0.0,4.010000000000001,-15.859156362741597,False,0.0,0.0,36.09,-15.859156362741597,False
436,-24.990178924859755,-24.990178924859755,0.0,0.0,4.010000000000001,-24.990178924859755,False,0.0,0.0,36.09,-24.990178924859755,False
437,-21.622234362178222,-21.622234362178222,0.0,0.0,4.010000000000001,-21.622234362178222,False,0.0,11.864720411015394,36.09,-9.757513951162828,False
438,1.7873621893992018,1.7873621893992018,1.7873621893992018,0.0,4.010000000000001,0.0,False,1.7873621893992018,0.0,29.905086938865278,0.0,False
439,11.109073039965356,11.109073039965356,11.109073039965356,0.0,4.8671887931497935,0.0,False,11.109073039965356,0.0,30.76227573201507,0.0,False
440,-3.863573870387135,-3.863573870387135,0.0,3.863573870387135,10.194913061134725,0.0,False,0.0,0.0,36.09,-3.863573870387135,False
441,-21.870971811141192,-21.870971811141192,0.0,8.001146540628259,8.180885956759731,-13.869825270512933,False,0.0,0.0,36.09,-21.870971811141192,False
442,-24.456274952332947,-24.456274952332947,0.0,0.0,4.010000000000001,-24.456274952332947,False,0.0,0.0,36.09,-24.456274952332947,False
443,-21.402770770337206,-21.402770770337206,0.0,0.0,4.010000000000001,-21.402770770337206,False,0.0,1.3901101071488196,36.09,-20.012660663188385,False
444,-19.389050966500562,-19.389050966500562,0.0,0.0,4.010000000000001,-19.389050966500562,False,0.0,0.0,35.36535501383262,-19.389050966500562,False
445,-22.859532347513113,-22.859532347513113,0.0,0.0,4.010000000000001,-22.859532347513113,False,0.0,20.05,35.36535501383262,-2.8095323475131124,False
446,-23.06220315149844,-23.06220315149844,0.0,0.0,4.010000000000001,-23.06220315149844,False,0.0,20.05,24.913570009221747,-3.01220315149844,False
447,-20.852643671186158,-20.852643671186158,0.0,0.0,4.010000000000001,-20.852643671186158,False,0.0,20.05,14.461785004610874,-0.8026436711861571,False
448,-16.89615633134426,-16.89615633134426,0.0,0.0,4.010000000000001,-16.89615633134426,False,0.0,0.0,4.010000000000001,-16.89615633134426,False
449,-14.075399624174397,-14.075399624174397,0.0,0.0,4.010000000000001,-14.075399624174397,False,0.0,0.0,4.010000000000001,-14.075399624174397,False
450,-14.716687603161056,-14.716687603161056,0.0,0.0,4.010000000000001,-14.716687603161056,False,0.0,0.0,4.010000000000001,-14.716687603161056,False
451,-15.381203899435693,-15.381203899435693,0.0,0.0,4.010000000000001,-15.381203899435693,False,0.0,0.0,4.010000000000001,-15.381203899435693,False
452,-14.750506211177871,-14.750506211177871,0.0,0.0,4.010000000000001,-14.750506211177871,False,0.0,0.0,4.010000000000001,-14.750506211177871,False
453,-15.896981748328583,-15.896981748328583,0.0,0.0,4.010000000000001,-15.896981748328583,False,0.0,0.0,4.010000000000001,-15.896981748328583,False
454,-16.6555653985362,-16.6555653985362,0.0,0.0,4.010000000000001,-16.6555653985362,False,0.0,0.0,4.010000000000001,-16.6555653985362,False
455,-14.043178110694464,-14.043178110694464,0.0,0.0,4.010000000000001,-14.043178110694464,False,0.0,0.0,4.010000000000001,-14.043178110694464,False
456,-12.99977245778028,-12.99977245778028,0.0,0.0,4.010000000000001,-12.99977245778028,False,0.0,0.0,4.010000000000001,-12.99977245778028,False
457,-11.523283255771439,-11.523283255771439,0.0,0.0,4.010000000000001,-11.523283255771439,False,0.0,0.0,4.010000000000001,-11.523283255771439,False
458,-9.51416981597832,-9.51416981597832,0.0,0.0,4.010000000000001,-9.51416981597832,False,0.0,0.0,4.010000000000001,-9.51416981597832,False
459,-16.12888694977953,-16.12888694977953,0.0,0.0,4.010000000000001,-16.12888694977953,False,0.0,0.0,4.010000000000001,-16.12888694977953,False
460,-18.48285114560378,-18.48285114560378,0.0,0.0,4.010000000000001,-18.48285114560378,False,0.0,0.0,4.010000000000001,-18.48285114560378,False
461,-19.108495413945192,-19.108495413945192,0.0,0.0,4.010000000000001,-19.108495413945192,False,0.0,0.0,4.010000000000001,-19.108495413945192,False
462,-16.559128001498806,-16.559128001498806,0.0,0.0,4.010000000000001,-16.559128001498806,False,0.0,0.0,4.010000000000001,-16.559128001498806,False
463,-12.233187510965159,-12.233187510965159,0.0,0.0,4.010000000000001,-12.233187510965159,False,0.0,0.0,4.010000000000001,-12.233187510965159,False
464,2.469578384928576,2.469578384928576,2.469578384928576,0.0,4.010000000000001,0.0,False,2.469578384928576,0.0,4.010000000000001,0.0,False
465,8.052950699757115,8.052950699757115,8.052950699757115,0.0,5.194368186773218,0.0,False,8.052950699757115,0.0,5.194368186773218,0.0,False
466,6.32917464183672,6.32917464183672,6.32917464183672,0.0,9.056427668931057,0.0,False,6.32917464183672,0.0,9.056427668931057,0.0,False
467,-8.055502557734876,-8.055502557734876,0.0,8.055502557734876,12.09179319531826,0.0,False,0.0,0.0,12.09179319531826,-8.055502557734876,False
468,-19.23720139562616,-19.23720139562616,0.0,7.448064870665741,7.892572205914874,-11.789136524960417,False,0.0,0.0,12.09179319531826,-19.23720139562616,False
469,-17.088418799686078,-17.088418799686078,0.0,0.0,4.010000000000001,-17.088418799686078,False,0.0,0.0,12.09179319531826,-17.088418799686078,False
470,-19.307724013900074,-19.307724013900074,0.0,0.0,4.010000000000001,-19.307724013900074,False,0.0,0.0,12.09179319531826,-19.307724013900074,False
471,-24.100330825000224,-24.100330825000224,0.0,0.0,4.010000000000001,-24.100330825000224,False,0.0,0.0,12.09179319531826,-24.100330825000224,False
472,-26.089887297966456,-26.089887297966456,0.0,0.0,4.010000000000001,-26.089887297966456,False,0.0,0.0,12.09179319531826,-26.089887297966456,False
473,-24.149669016002253,-24.149669016002253,0.0,0.0,4.010000000000001,-24.149669016002253,False,0.0,0.0,12.09179319531826,-24.149669016002253,False
474,-16.34968195449168,-16.34968195449168,0.0,0.0,4.010000000000001,-16.34968195449168,False,0.0,0.0,12.09179319531826,-16.34968195449168,False
475,-10.203618145271038,-10.203618145271038,0.0,0.0,4.010000000000001,-10.203618145271038,False,0.0,0.0,12.09179319531826,-10.203618145271038,False
476,-14.591780705052047,-14.591780705052047,0.0,0.0,4.010000000000001,-14.591780705052047,False,0.0,0.0,12.09179319531826,-14.591780705052047,False
477,-18.349256973805918,-18.349256973805918,0.0,0.0,4.010000000000001,-18.349256973805918,False,0.0,0.0,12.09179319531826,-18.349256973805918,False
478,-20.918406233059695,-20.918406233059695,0.0,0.0,4.010000000000001,-20.918406233059695,False,0.0,0.0,12.09179319531826,-20.918406233059695,False
479,-19.994080488831816,-19.994080488831816,0.0,0.0,4.010000000000001,-19.994080488831816,False,0.0,0.0,12.09179319531826,-19.994080488831816,False
480,-18.19813407153157,-18.19813407153157,0.0,0.0,4.010000000000001,-18.19813407153157,False,0.0,0.0,12.09179319531826,-18.19813407153157,False
481,-17.338270517234733,-17.338270517234733,0.0,0.0,4.010000000000001,-17.338270517234733,False,0.0,0.0,12.09179319531826,-17.338270517234733,False
482,-16.35269841486971,-16.35269841486971,0.0,0.0,4.010000000000001,-16.35269841486971,False,0.0,0.0,12.09179319531826,-16.35269841486971,False
483,-17.49746871398886,-17.49746871398886,0.0,0.0,4.010000000000001,-17.49746871398886,False,0.0,0.0,12.09179319531826,-17.49746871398886,False
484,-18.963638514808043,-18.963638514808043,0.0,0.0,4.010000000000001,-18.963638514808043,False,0.0,0.0,12.09179319531826,-18.963638514808043,False
485,-20.314067779507575,-20.314067779507575,0.0,0.0,4.010000000000001,-20.314067779507575,False,0.0,0.0,12.09179319531826,-20.314067779507575,False
486,-20.306744726689992,-20.306744726689992,0.0,0.0,4.010000000000001,-20.306744726689992,False,0.0,15.503567428400615,12.09179319531826,-4.803177298289377,False
487,-17.084871636975866,-17.084871636975866,0.0,0.0,4.010000000000001,-17.084871636975866,False,0.0,0.0,4.010000000000001,-17.084871636975866,False
488,0.24181358124575963,0.24181358124575963,0.24181358124575963,0.0,4.010000000000001,0.0,False,0.0,0.0,4.010000000000001,0.24181358124575963,False
489,51.89509861398504,51.89509861398504,20.05,0.0,4.125969719570357,31.84509861398504,False,0.0,0.0,4.010000000000001,51.89509861398504,True
490,112.31000573779343,112.31000573779343,20.05,0.0,13.74161192381236,92.26000573779343,True,0.0,0.0,4.010000000000001,112.31000573779343,True
491,122.27910933672527,122.27910933672527,20.05,0.0,23.357254128054365,102.22910933672527,True,0.0,0.0,4.010000000000001,122.27910933672527,True
492,102.9486709825836,102.9486709825836,6.499610448263813,0.0,32.97289633229637,96.44906053431978,True,6.741424029509581,0.0,4.010000000000001,96.20724695307402,True
493,76.0390982588568,76.0390982588568,0.0,0.0,36.09,76.0390982588568,True,20.05,0.0,7.243073387273991,55.9890982588568,True
494,41.68005319260482,41.68005319260482,0.0,0.0,36.09,41.68005319260482,True,20.05,0.0,16.858715591515995,21.630053192604816,False
495,38.79898550543136,38.79898550543136,0.0,0.0,36.09,38.79898550543136,False,20.05,0.0,26.474357795758,18.74898550543136,False
496,6.3863030102697556,6.3863030102697556,0.0,0.0,36.09,6.3863030102697556,False,0.0,0.0,36.09,6.3863030102697556,False
497,-25.1441537086968,-25.1441537086968,0.0,20.05,36.09,-5.094153708696798,False,0.0,1.3901101071488196,36.09,-23.754043601547977,False
498,-47.91512556772632,-47.91512556772632,0.0,20.05,25.63821499538913,-27.86512556772632,False,0.0,20.05,35.36535501383262,-27.86512556772632,False
499,-55.517212637913595,-55.517212637913595,0.0,20.05,15.186429990778258,-35.46721263791359,False,0.0,20.05,24.913570009221747,-35.46721263791359,False
500,-30.88918522490232,-30.88918522490232,0.0,1.3901101071488213,4.734644986167385,-29.4990751177535,False,0.0,20.05,14.461785004610874,-10.83918522490232,False
501,-3.931954450261196,-3.931954450261196,0.0,0.0,4.010000000000001,-3.931954450261196,False,0.0,0.0,4.010000000000001,-3.931954450261196,False
502,17.343538497530158,17.343538497530158,17.343538497530158,0.0,4.010000000000001,0.0,False,13.556933718023743,0.0,4.010000000000001,3.7866047795064155,False
503,29.530190654909514,29.530190654909514,20.05,0.0,12.327668865224286,9.480190654909514,False,20.05,0.0,10.511677008435939,9.480190654909514,False
504,24.611832929690877,24.611832929690877,20.05,0.0,21.94331106946629,4.561832929690876,False,20.05,0.0,20.127319212677943,4.561832929690876,False
505,13.234490311485839,13.234490311485839,9.447885531979425,0.0,31.558953273708294,3.7866047795064137,False,13.234490311485839,0.0,29.742961416919947,0.0,False
506,-4.0456463331635995,-4.0456463331635995,0.0,4.0456463331635995,36.09,0.0,False,0.0,0.0,36.09,-4.0456463331635995,False
507,-11.079398977801057,-11.079398977801057,0.0,11.079398977801057,33.9810610633956,0.0,False,0.0,0.0,36.09,-11.079398977801057,False
508,-11.52310418504678,-11.52310418504678,0.0,11.52310418504678,28.205525098493748,0.0,False,0.0,0.0,36.09,-11.52310418504678,False
509,-13.571780236819436,-13.571780236819436,0.0,13.571780236819436,22.19869180533461,0.0,False,0.0,0.0,36.09,-13.571780236819436,False
510,-20.177799420791278,-20.177799420791278,0.0,20.05,15.123912295855131,-0.12779942079127693,False,0.0,0.0,36.09,-20.177799420791278,False
511,-25.463792949179517,-25.463792949179517,0.0,1.2701803743179498,4.672127291244259,-24.193612574861568,False,0.0,0.0,36.09,-25.463792949179517,False
512,-35.79733672002686,-35.79733672002686,0.0,0.0,4.010000000000001,-35.79733672002686,False,0.0,4.870158826310689,36.09,-30.927177893716173,False
513,-34.265338798219844,-34.265338798219844,0.0,0.0,4.010000000000001,-34.265338798219844,False,0.0,20.05,33.55125421491734,-14.215338798219843,False
514,-18.60424246875792,-18.60424246875792,0.0,0.0,4.010000000000001,-18.60424246875792,False,0.0,0.0,23.09946921030647,-18.60424246875792,False
515,0.6119691939412795,0.6119691939412795,0.6119691939412795,0.0,4.010000000000001,0.0,False,0.6119691939412795,0.0,23.09946921030647,0.0,False
516,8.979227073006241,8.979227073006241,8.979227073006241,0.0,4.303490115159987,0.0,False,8.979227073006241,0.0,23.392959325466457,0.0,False
517,12.752397468626159,12.752397468626159,12.752397468626159,0.0,8.60977614033062,0.0,False,12.752397468626159,0.0,27.69924535063709,0.0,False
518,4.7435354234596785,4.7435354234596785,4.7435354234596785,0.0,14.725611118115687,0.0,False,4.7435354234596785,0.0,33.815080328422155,0.0,False
519,-1.150639572467997,-1.150639572467997,0.0,1.150639572467997,17.000530789693535,0.0,False,0.0,0.0,36.09,-1.150639572467997,False
520,-4.1386008646972785,-4.1386008646972785,0.0,4.1386008646972785,16.400718449083417,0.0,False,0.0,0.0,36.09,-4.1386008646972785,False
521,-1.4789619403711147,-1.4789619403711147,0.0,1.4789619403711147,14.243323613287277,0.0,False,0.0,0.0,36.09,-1.4789619403711147,False
522,-8.23470548225472,-8.23470548225472,0.0,8.23470548225472,13.472361407264284,0.0,False,0.0,0.0,36.09,-8.23470548225472,False
523,-16.41681745201176,-16.41681745201176,0.0,9.917250966519582,9.179724435851973,-6.499566485492178,False,0.0,0.0,36.09,-16.41681745201176,False
524,-17.725013222809917,-17.725013222809917,0.0,0.0,4.010000000000001,-17.725013222809917,False,0.0,0.0,36.09,-17.725013222809917,False
525,-7.501054325761682,-7.501054325761682,0.0,0.0,4.010000000000001,-7.501054325761682,False,0.0,0.0,36.09,-7.501054325761682,False
526,-3.440619635102161,-3.440619635102161,0.0,0.0,4.010000000000001,-3.440619635102161,False,0.0,0.0,36.09,-3.440619635102161,False
527,-8.1304017927132,-8.1304017927132,0.0,0.0,4.010000000000001,-8.1304017927132,False,0.0,0.0,36.09,-8.1304017927132,False
528,-13.711717798750561,-13.711717798750561,0.0,0.0,4.010000000000001,-13.711717798750561,False,0.0,0.0,36.09,-13.711717798750561,False
529,-16.989779674007277,-16.989779674007277,0.0,0.0,4.010000000000001,-16.989779674007277,False,0.0,0.0,36.09,-16.989779674007277,False
530,-18.934432460192017,-18.934432460192017,0.0,0.0,4.010000000000001,-18.934432460192017,False,0.0,0.0,36.09,-18.934432460192017,False
531,-20.074420529388167,-20.074420529388167,0.0,0.0,4.010000000000001,-20.074420529388167,False,0.0,0.0,36.09,-20.074420529388167,False
532,-21.342400500697725,-21.342400500697725,0.0,0.0,4.010000000000001,-21.342400500697725,False,0.0,0.0,36.09,-21.342400500697725,False
533,-21.89870033197598,-21.89870033197598,0.0,0.0,4.010000000000001,-21.89870033197598,False,0.0,0.0,36.09,-21.89870033197598,False
534,-19.697047064520653,-19.697047064520653,0.0,0.0,4.010000000000001,-19.697047064520653,False,0.0,0.0,36.09,-19.697047064520653,False
535,-18.276373666569466,-18.276373666569466,0.0,0.0,4.010000000000001,-18.276373666569466,False,0.0,0.0,36.09,-18.276373666569466,False
536,-16.11527076440966,-16.11527076440966,0.0,0.0,4.010000000000001,-16.11527076440966,False,0.0,0.0,36.09,-16.11527076440966,False
537,-13.20698873375064,-13.20698873375064,0.0,0.0,4.010000000000001,-13.20698873375064,False,0.0,0.0,36.09,-13.20698873375064,False
538,-12.76666664120227,-12.76666664120227,0.0,0.0,4.010000000000001,-12.76666664120227,False,0.0,0.0,36.09,-12.76666664120227,False
539,-15.649655432760696,-15.649655432760696,0.0,0.0,4.010000000000001,-15.649655432760696,False,0.0,0.0,36.09,-15.649655432760696,False
540,-17.78376304260324,-17.78376304260324,0.0,0.0,4.010000000000001,-17.78376304260324,False,0.0,1.0624695409833929,36.09,-16.721293501619847,False
541,-17.7884481256566,-17.7884481256566,0.0,0.0,4.010000000000001,-17.7884481256566,False,0.0,17.7884481256566,35.5361494655209,0.0,False
542,-15.621470221487183,-15.621470221487183,0.0,0.0,4.010000000000001,-15.621470221487183,False,0.0,15.621470221487183,26.26327987075601,0.0,False
543,-16.46936189031756,-16.46936189031756,0.0,0.0,4.010000000000001,-16.46936189031756,False,0.0,16.46936189031756,18.120025595897406,0.0,False
544,-10.598360328704088,-10.598360328704088,0.0,0.0,4.010000000000001,-10.598360328704088,False,0.0,10.598360328704088,9.534777234763698,0.0,False
545,5.8496264460531355,5.8496264460531355,5.8496264460531355,0.0,4.010000000000001,0.0,False,5.8496264460531355,0.0,4.010000000000001,0.0,False
546,18.1532346211548,18.1532346211548,18.1532346211548,0.0,6.815382290958539,0.0,False,18.1532346211548,0.0,6.815382290958539,0.0,False
547,-7.856968407670801,-7.856968407670801,0.0,7.856968407670801,15.521367775581142,0.0,False,0.0,0.0,15.521367775581142,-7.856968407670801,False
548,-29.74933756798579,-29.74933756798579,0.0,14.225663774160502,11.42563986610508,-15.523673793825289,False,0.0,3.634195264721782,15.521367775581142,-26.115142303264008,False
549,-15.859741246987678,-15.859741246987678,0.0,0.0,4.010000000000001,-15.859741246987678,False,0.0,15.859741246987678,13.626912535099997,0.0,False
550,-2.588695670121842,-2.588695670121842,0.0,0.0,4.010000000000001,-2.588695670121842,False,0.0,2.588695670121842,5.359450902068857,0.0,False
551,59.22402270794231,59.22402270794231,20.05,0.0,4.010000000000001,39.174022707942314,False,6.741424029509581,0.0,4.010000000000001,52.48259867843273,True
552,117.6379687168944,117.6379687168944,20.05,0.0,13.625642204242006,97.58796871689441,True,20.05,0.0,7.243073387273991,97.58796871689441,True
553,101.21582721582071,101.21582721582071,20.05,0.0,23.24128440848401,81.16582721582071,True,20.05,0.0,16.858715591515995,81.16582721582071,True
554,44.189535104919365,44.189535104919365,6.741424029509579,0.0,32.856926612726014,37.448111075409784,False,20.05,0.0,26.474357795758,24.139535104919364,False
555,-17.219533022219995,-17.219533022219995,0.0,17.219533022219995,36.09,0.0,False,0.0,0.0,36.09,-17.219533022219995,False
556,-22.937703929727135,-22.937703929727135,0.0,20.05,27.11369790383837,-2.8877039297271345,False,0.0,0.0,36.09,-22.937703929727135,False
557,-7.196924532941282,-7.196924532941282,0.0,7.196924532941282,16.6619128992275,0.0,False,0.0,0.0,36.09,-7.196924532941282,False
558,-2.774642790725763,-2.774642790725763,0.0,2.774642790725763,12.910256644229404,0.0,False,0.0,0.0,36.09,-2.774642790725763,False
559,-21.278477459868963,-21.278477459868963,0.0,14.29900976126178,11.463874104914732,-6.979467698607182,False,0.0,0.0,36.09,-21.278477459868963,False
560,-24.457920239729273,-24.457920239729273,0.0,0.0,4.01,-24.457920239729273,False,0.0,0.0,36.09,-24.457920239729273,False
561,-17.07057582412416,-17.07057582412416,0.0,0.0,4.01,-17.07057582412416,False,0.0,1.7243549330817707,36.09,-15.346220891042389,False
562,-11.93550847059168,-11.93550847059168,0.0,0.0,4.01,-11.93550847059168,False,0.0,11.93550847059168,35.191117853755074,0.0,False
563,-6.85637968671768,-6.85637968671768,0.0,0.0,4.01,-6.85637968671768,False,0.0,6.85637968671768,28.969303965708384,0.0,False
564,2.1700687770465628,2.1700687770465628,2.1700687770465628,0.0,4.01,0.0,False,2.1700687770465628,0.0,25.39516898338647,0.0,False
565,6.24771749240064,6.24771749240064,6.24771749240064,0.0,5.050728424871659,0.0,False,6.24771749240064,0.0,26.43589740825813,0.0,False
566,0.061739339441524085,0.061739339441524085,0.061739339441524085,0.0,8.047028474752388,0.0,False,0.061739339441524085,0.0,29.432197458138855,0.0,False
567,-7.69951836983736,-7.69951836983736,0.0,7.69951836983736,8.076637621784604,0.0,False,0.0,0.0,29.461806605171073,-7.69951836983736,False
568,-10.61685889540896,-10.61685889540896,0.0,0.10164519034026857,4.062986218263803,-10.51521370506869,False,0.0,0.0,29.461806605171073,-10.61685889540896,False
569,-8.120675087579759,-8.120675087579759,0.0,0.0,4.010000000000001,-8.120675087579759,False,0.0,0.0,29.461806605171073,-8.120675087579759,False
570,-11.352524297100143,-11.352524297100143,0.0,0.0,4.010000000000001,-11.352524297100143,False,0.0,0.0,29.461806605171073,-11.352524297100143,False
571,-4.968577649251917,-4.968577649251917,0.0,0.0,4.010000000000001,-4.968577649251917,False,0.0,0.0,29.461806605171073,-4.968577649251917,False
572,5.408436641671201,5.408436641671201,5.408436641671201,0.0,4.010000000000001,0.0,False,5.408436641671201,0.0,29.461806605171073,0.0,False
573,8.412301978126079,8.412301978126079,8.412301978126079,0.0,6.6037950937966325,0.0,False,8.412301978126079,0.0,32.055601698967706,0.0,False
574,-7.41105826693848,-7.41105826693848,0.0,7.41105826693848,10.638193394828932,0.0,False,0.0,0.0,36.09,-7.41105826693848,False
575,-10.659986096444399,-10.659986096444399,0.0,5.3040212632750166,6.7749122146451395,-5.3559648331693825,False,0.0,0.0,36.09,-10.659986096444399,False
576,-15.636051065257442,-15.636051065257442,0.0,0.0,4.010000000000001,-15.636051065257442,False,0.0,0.0,36.09,-15.636051065257442,False
577,-14.589781282262878,-14.589781282262878,0.0,0.0,4.010000000000001,-14.589781282262878,False,0.0,0.0,36.09,-14.589781282262878,False
578,-10.995825829332244,-10.995825829332244,0.0,0.0,4.010000000000001,-10.995825829332244,False,0.0,0.0,36.09,-10.995825829332244,False
579,-15.56856503779536,-15.56856503779536,0.0,0.0,4.010000000000001,-15.56856503779536,False,0.0,0.0,36.09,-15.56856503779536,False
580,-21.625632299284558,-21.625632299284558,0.0,0.0,4.010000000000001,-21.625632299284558,False,0.0,1.3901101071488196,36.09,-20.23552219213574,False
581,-23.424934339719574,-23.424934339719574,0.0,0.0,4.010000000000001,-23.424934339719574,False,0.0,20.05,35.36535501383262,-3.374934339719573,False
582,-23.190792957541486,-23.190792957541486,0.0,0.0,4.010000000000001,-23.190792957541486,False,0.0,20.05,24.913570009221747,-3.1407929575414855,False
583,-20.827125131469124,-20.827125131469124,0.0,0.0,4.010000000000001,-20.827125131469124,False,0.0,20.05,14.461785004610874,-0.7771251314691234,False
584,-16.921035312156377,-16.921035312156377,0.0,0.0,4.010000000000001,-16.921035312156377,False,0.0,0.0,4.010000000000001,-16.921035312156377,False
585,-14.393968867001593,-14.393968867001593,0.0,0.0,4.010000000000001,-14.393968867001593,False,0.0,0.0,4.010000000000001,-14.393968867001593,False
586,-12.396002379515487,-12.396002379515487,0.0,0.0,4.010000000000001,-12.396002379515487,False,0.0,0.0,4.010000000000001,-12.396002379515487,False
587,-10.189926045130871,-10.189926045130871,0.0,0.0,4.010000000000001,-10.189926045130871,False,0.0,0.0,4.010000000000001,-10.189926045130871,False
588,-4.1661344908843185,-4.1661344908843185,0.0,0.0,4.010000000000001,-4.1661344908843185,False,0.0,0.0,4.010000000000001,-4.1661344908843185,False
589,3.9291001350191976,3.9291001350191976,3.9291001350191976,0.0,4.010000000000001,0.0,False,0.0,0.0,4.010000000000001,3.9291001350191976,False
590,8.686655954947582,8.686655954947582,8.686655954947582,0.0,5.894330228577734,0.0,False,0.0,0.0,4.010000000000001,8.686655954947582,False
591,8.196091103844,8.196091103844,8.196091103844,0.0,10.06030407466871,0.0,False,0.0,0.0,4.010000000000001,8.196091103844,False
592,31.299864101921276,31.299864101921276,20.05,0.0,13.99101128304451,11.249864101921276,False,0.0,0.0,4.010000000000001,31.299864101921276,False
593,33.83628874709208,33.83628874709208,20.05,0.0,23.606653487286515,13.786288747092076,False,0.0,0.0,4.010000000000001,33.83628874709208,False
594,29.931409229550955,29.931409229550955,5.979576835698811,0.0,33.222295691528515,23.951832393852143,False,0.0,0.0,4.010000000000001,29.931409229550955,False
595,40.66378676961718,40.66378676961718,0.0,0.0,36.09,40.66378676961718,True,6.741424029509581,0.0,4.010000000000001,33.9223627401076,False
596,65.8107246875676,65.8107246875676,0.0,0.0,36.09,65.8107246875676,True,20.05,0.0,7.243073387273991,45.7607246875676,True
597,59.47228804314912,59.47228804314912,0.0,0.0,36.09,59.47228804314912,True,20.05,0.0,16.858715591515995,39.42228804314912,False
598,24.409551113789767,24.409551113789767,0.0,0.0,36.09,24.409551113789767,False,20.05,0.0,26.474357795758,4.359551113789767,False
599,-15.846437133417604,-15.846437133417604,0.0,15.846437133417604,36.09,0.0,False,0.0,0.0,36.09,-15.846437133417604,False
600,-37.7764916676456,-37.7764916676456,0.0,20.05,27.829473615582895,-17.7264916676456,False,0.0,0.0,36.09,-37.7764916676456,False
601,-16.538239020892327,-16.538239020892327,0.0,16.538239020892327,17.377688610972022,0.0,False,0.0,0.0,36.09,-16.538239020892327,False
602,-28.68416761112423,-28.68416761112423,0.0,9.10543395283889,8.756535563528988,-19.57873365828534,False,0.0,0.0,36.09,-28.68416761112423,False
603,-46.293698243785194,-46.293698243785194,0.0,0.0,4.01,-46.293698243785194,True,0.0,0.0,36.09,-46.293698243785194,True
604,-31.84226211600264,-31.84226211600264,0.0,0.0,4.01,-31.84226211600264,False,0.0,4.379933719165433,36.09,-27.462328396837208,False
605,-4.591465519478881,-4.591465519478881,0.0,0.0,4.01,-4.591465519478881,False,0.0,0.0,33.80680171734849,-4.591465519478881,False
606,4.760797520831999,4.760797520831999,4.760797520831999,0.0,4.01,0.0,False,4.760797520831999,0.0,33.80680171734849,0.0,False
607,-4.098480209050082,-4.098480209050082,0.0,4.098480209050082,6.293198282651515,0.0,False,0.0,0.0,36.09,-4.098480209050082,False
608,-13.30873776107486,-13.30873776107486,0.0,0.2814535101153577,4.156717784365028,-13.027284250959504,False,0.0,0.0,36.09,-13.30873776107486,False
609,-15.958320682424926,-15.958320682424926,0.0,0.0,4.010000000000001,-15.958320682424926,False,0.0,0.0,36.09,-15.958320682424926,False
610,-13.815862928576603,-13.815862928576603,0.0,0.0,4.010000000000001,-13.815862928576603,False,0.0,0.0,36.09,-13.815862928576603,False
611,-14.836612669582944,-14.836612669582944,0.0,0.0,4.010000000000001,-14.836612669582944,False,0.0,0.0,36.09,-14.836612669582944,False
612,-12.717116129206797,-12.717116129206797,0.0,0.0,4.010000000000001,-12.717116129206797,False,0.0,0.0,36.09,-12.717116129206797,False
613,-11.163200271186406,-11.163200271186406,0.0,0.0,4.010000000000001,-11.163200271186406,False,0.0,0.0,36.09,-11.163200271186406,False
614,-11.57175053009472,-11.57175053009472,0.0,0.0,4.010000000000001,-11.57175053009472,False,0.0,0.0,36.09,-11.57175053009472,False
615,-6.847175771954876,-6.847175771954876,0.0,0.0,4.010000000000001,-6.847175771954876,False,0.0,0.0,36.09,-6.847175771954876,False
616,-8.165223637454302,-8.165223637454302,0.0,0.0,4.010000000000001,-8.165223637454302,False,0.0,0.0,36.09,-8.165223637454302,False
617,-12.966377770660172,-12.966377770660172,0.0,0.0,4.010000000000001,-12.966377770660172,False,0.0,0.0,36.09,-12.966377770660172,False
618,-20.927290524606235,-20.927290524606235,0.0,0.0,4.010000000000001,-20.927290524606235,False,0.0,0.0,36.09,-20.927290524606235,False
619,-15.23393313093624,-15.23393313093624,0.0,0.0,4.010000000000001,-15.23393313093624,False,0.0,0.0,36.09,-15.23393313093624,False
620,-3.9181455735746384,-3.9181455735746384,0.0,0.0,4.010000000000001,-3.9181455735746384,False,0.0,0.0,36.09,-3.9181455735746384,False
621,-1.2602833352973615,-1.2602833352973615,0.0,0.0,4.010000000000001,-1.2602833352973615,False,0.0,0.0,36.09,-1.2602833352973615,False
622,-8.40349566446892,-8.40349566446892,0.0,0.0,4.010000000000001,-8.40349566446892,False,0.0,0.0,36.09,-8.40349566446892,False
623,-13.45988106419184,-13.45988106419184,0.0,0.0,4.010000000000001,-13.45988106419184,False,0.0,0.0,36.09,-13.45988106419184,False
624,-11.47519255075728,-11.47519255075728,0.0,0.0,4.010000000000001,-11.47519255075728,False,0.0,0.0,36.09,-11.47519255075728,False
625,-9.96198683959512,-9.96198683959512,0.0,0.0,4.010000000000001,-9.96198683959512,False,0.0,0.0,36.09,-9.96198683959512,False
626,-15.676377431904886,-15.676377431904886,0.0,0.0,4.010000000000001,-15.676377431904886,False,0.0,0.0,36.09,-15.676377431904886,False
627,-18.468558337294436,-18.468558337294436,0.0,0.0,4.010000000000001,-18.468558337294436,False,0.0,0.0,36.09,-18.468558337294436,False
628,-15.86181638424432,-15.86181638424432,0.0,0.0,4.010000000000001,-15.86181638424432,False,0.0,0.0,36.09,-15.86181638424432,False
629,-18.476531391203757,-18.476531391203757,0.0,0.0,4.010000000000001,-18.476531391203757,False,0.0,10.00856863007968,36.09,-8.467962761124078,False
630,-20.466517113121824,-20.466517113121824,0.0,0.0,4.010000000000001,-20.466517113121824,False,0.0,0.0,30.872672941372294,-20.466517113121824,False
631,-20.710401024356447,-20.710401024356447,0.0,0.0,4.010000000000001,-20.710401024356447,False,0.0,0.0,30.872672941372294,-20.710401024356447,False
632,-19.56435449579418,-19.56435449579418,0.0,0.0,4.010000000000001,-19.56435449579418,False,0.0,19.56435449579418,30.872672941372294,0.0,False
633,-17.876105248403952,-17.876105248403952,0.0,0.0,4.010000000000001,-17.876105248403952,False,0.0,17.876105248403952,20.674048156133743,0.0,False
634,-14.091081732871006,-14.091081732871006,0.0,0.0,4.010000000000001,-14.091081732871006,False,0.0,14.091081732871006,11.355484127399869,0.0,False
635,1.1431141953703197,1.1431141953703197,1.1431141953703197,0.0,4.010000000000001,0.0,False,0.0,0.0,4.010000000000001,1.1431141953703197,False
636,20.911400501578317,20.911400501578317,20.05,0.0,4.558218309290324,0.8614005015783164,False,7.684188911241269,0.0,4.010000000000001,13.227211590337049,False
637,19.366500874574637,19.366500874574637,19.366500874574637,0.0,14.173860513532329,0.0,False,19.366500874574637,0.0,7.695207541162093,0.0,False
638,29.628715607978638,29.628715607978638,20.05,0.0,23.46170805258717,9.578715607978637,False,20.05,0.0,16.983055080216932,9.578715607978637,False
639,19.790734243693677,19.790734243693677,6.281808959564615,0.0,33.07735025682918,13.508925284129063,False,19.790734243693677,0.0,26.598697284458936,0.0,False
640,-3.0068558576171966,-3.0068558576171966,0.0,3.0068558576171966,36.09,0.0,False,0.0,3.0068558576171966,36.09,0.0,False
641,-10.349672955447115,-10.349672955447115,0.0,10.349672955447115,34.52256803173717,0.0,False,0.0,10.349672955447115,34.52256803173717,0.0,False
642,-14.523358862796247,-14.523358862796247,0.0,14.523358862796247,29.127428051768653,0.0,False,0.0,14.523358862796247,29.127428051768653,0.0,False
643,-0.9564179422046383,-0.9564179422046383,0.0,0.9564179422046383,21.556603893227198,0.0,False,0.0,0.9564179422046383,21.556603893227198,0.0,False
644,19.150700621081754,19.150700621081754,19.150700621081754,0.0,21.058036576196013,0.0,False,17.47372122484428,0.0,21.058036576196013,1.6769793962374742,False
645,13.870089229574402,13.870089229574402,12.193109833336928,0.0,30.24238994940685,1.6769793962374742,False,13.870089229574402,0.0,29.438138884164687,0.0,False
646,-14.147180144183032,-14.147180144183032,0.0,14.147180144183032,36.09,0.0,False,0.0,4.9408678330665,36.09,-9.206312311116532,False
647,-29.457028045415278,-29.457028045415278,0.0,20.05,28.715272554189486,-9.407028045415277,False,0.0,20.05,33.51439459713673,-9.407028045415277,False
648,-18.409123481843043,-18.409123481843043,0.0,18.409123481843043,18.263487549578613,0.0,False,0.0,18.409123481843043,23.062609592525856,0.0,False
649,-18.14011879223928,-18.14011879223928,0.0,8.933806481122751,8.667068559276519,-9.20631231111653,False,0.0,18.14011879223928,13.466190602223762,0.0,False
650,7.830937052663756,7.830937052663756,7.830937052663756,0.0,4.010000000000001,0.0,False,0.0,0.0,4.010000000000001,7.830937052663756,False
651,56.38432756906607,56.38432756906607,20.05,0.0,7.765585477424244,36.334327569066076,False,6.741424029509581,0.0,4.010000000000001,49.64290353955649,True
652,92.28643949148216,92.28643949148216,20.05,0.0,17.381227681666246,72.23643949148216,True,20.05,0.0,7.243073387273991,72.23643949148216,True
653,98.88787374381265,98.88787374381265,18.960486976845832,0.0,26.99686988590825,79.92738676696682,True,20.05,0.0,16.858715591515995,78.83787374381265,True
654,46.960724674959366,46.960724674959366,0.0,0.0,36.09,46.960724674959366,True,20.05,0.0,26.474357795758,26.910724674959365,False
655,-0.12493688344175674,-0.12493688344175674,0.0,0.12493688344175674,36.09,0.0,False,0.0,0.0,36.09,-0.12493688344175674,False
656,-66.89169493179192,-66.89169493179192,0.0,20.05,36.02487214738757,-46.84169493179192,True,0.0,0.0,36.09,-66.89169493179192,True
657,-74.45791177225726,-74.45791177225726,0.0,20.05,25.573087142776696,-54.407911772257265,True,0.0,0.0,36.09,-74.45791177225726,True
658,-57.61750792924799,-57.61750792924799,0.0,20.05,15.121302138165824,-37.567507929247995,False,0.0,0.0,36.09,-57.61750792924799,True
659,-43.38415170139826,-43.38415170139826,0.0,1.2651732237070703,4.669517133554951,-42.118978477691186,True,0.0,12.686134515923383,36.09,-30.698017185474875,False
660,-28.791112794157257,-28.791112794157257,0.0,0.0,4.010000000000001,-28.791112794157257,False,0.0,20.05,29.476895236907513,-8.741112794157257,False
661,-16.98210559209306,-16.98210559209306,0.0,0.0,4.010000000000001,-16.98210559209306,False,0.0,0.0,19.02511023229664,-16.98210559209306,False
662,0.20775008299631972,0.20775008299631972,0.20775008299631972,0.0,4.010000000000001,0.0,False,0.20775008299631972,0.0,19.02511023229664,0.0,False
663,17.073489028396416,17.073489028396416,17.073489028396416,0.0,4.109633439700459,0.0,False,17.073489028396416,0.0,19.1247436719971,0.0,False
664,17.87537053764552,17.87537053764552,17.87537053764552,0.0,12.297791129232198,0.0,False,17.87537053764552,0.0,27.312901361528837,0.0,False
665,0.4261452595741203,0.4261452595741203,0.4261452595741203,0.0,20.87051768076578,0.0,False,0.4261452595741203,0.0,35.88562791306242,0.0,False
666,-15.757387305134975,-15.757387305134975,0.0,15.757387305134975,21.074889767703365,0.0,False,0.0,15.757387305134975,36.09,0.0,False
667,-14.445161842123582,-14.445161842123582,0.0,14.445161842123582,12.860783815201845,0.0,False,0.0,14.445161842123582,27.875894047498484,0.0,False
668,-1.968632239062719,-1.968632239062719,0.0,1.968632239062719,5.330722671526812,0.0,False,0.0,1.968632239062719,20.34583290382345,0.0,False
669,3.727299045895679,3.727299045895679,3.727299045895679,0.0,4.304502176971737,0.0,False,3.727299045895679,0.0,19.319612409268373,0.0,False
670,15.237640736208483,15.237640736208483,15.237640736208483,0.0,6.0920520030837295,0.0,False,15.237640736208483,0.0,21.107162235380365,0.0,False
671,6.989012204657519,6.989012204657519,6.989012204657519,0.0,13.399767781445998,0.0,False,6.989012204657519,0.0,28.414878013742634,0.0,False
672,-10.122896107199043,-10.122896107199043,0.0,10.122896107199043,16.751580286237385,0.0,False,0.0,0.0,31.76669051853402,-10.122896107199043,False
673,-20.844293046453597,-20.844293046453597,0.0,14.319692850223815,11.474655910354254,-6.524600196229782,False,0.0,0.5658260571922739,31.76669051853402,-20.27846698926132,False
674,-31.39801448870952,-31.39801448870952,0.0,0.0,4.010000000000001,-31.39801448870952,False,0.0,20.05,31.47173329659984,-11.34801448870952,False
675,-7.982628384307199,-7.982628384307199,0.0,0.0,4.010000000000001,-7.982628384307199,False,0.0,7.982628384307199,21.019948291988968,0.0,False
676,37.85632235815079,37.85632235815079,20.05,0.0,4.010000000000001,17.80632235815079,False,20.05,0.0,16.858715591515995,17.80632235815079,False
677,36.46828187564975,36.46828187564975,20.05,0.0,13.625642204242006,16.41828187564975,False,20.05,0.0,26.474357795758,16.41828187564975,False
678,-7.613610491652,-7.613610491652,0.0,7.613610491652,23.24128440848401,0.0,False,0.0,0.0,36.09,-7.613610491652,False
679,-43.21117599137376,-43.21117599137376,0.0,20.05,19.272415582169977,-23.161175991373756,False,0.0,8.45467712823588,36.09,-34.75649886313788,False
680,-46.50029999069153,-46.50029999069153,0.0,9.228389508348009,8.820630577559104,-37.27191048234352,False,0.0,20.05,31.682694881410363,-26.45029999069153,False
681,-33.8451273095039,-33.8451273095039,0.0,0.0,4.010000000000001,-33.8451273095039,False,0.0,20.05,21.23090987679949,-13.7951273095039,False
682,-12.985432978912941,-12.985432978912941,0.0,0.0,4.010000000000001,-12.985432978912941,False,0.0,12.985432978912941,10.779124872188618,0.0,False
683,17.50786493131152,17.50786493131152,17.50786493131152,0.0,4.010000000000001,0.0,False,0.0,0.0,4.010000000000001,17.50786493131152,False
684,43.63078837434312,43.63078837434312,20.05,0.0,12.406477054348507,23.58078837434312,False,0.0,0.0,4.010000000000001,43.63078837434312,True
685,39.15177886934256,39.15177886934256,20.05,0.0,22.02211925859051,19.101778869342557,False,6.741424029509581,0.0,4.010000000000001,32.410354839832976,False
686,20.92478273324976,20.92478273324976,9.283559098198065,0.0,31.637761462832515,11.641223635051695,False,20.05,0.0,7.243073387273991,0.8747827332497593,False
687,12.284636292823677,12.284636292823677,0.0,0.0,36.09,12.284636292823677,False,0.0,0.0,16.858715591515995,12.284636292823677,False
688,4.1611990293009615,4.1611990293009615,0.0,0.0,36.09,4.1611990293009615,False,0.0,0.0,16.858715591515995,4.1611990293009615,False
689,10.575201917101685,10.575201917101685,0.0,0.0,36.09,10.575201917101685,False,0.0,0.0,16.858715591515995,10.575201917101685,False
690,7.788198439106884,7.788198439106884,0.0,0.0,36.09,7.788198439106884,False,0.0,0.0,16.858715591515995,7.788198439106884,False
691,6.462055535278327,6.462055535278327,0.0,0.0,36.09,6.462055535278327,False,0.0,0.0,16.858715591515995,6.462055535278327,False
692,4.955331623500803,4.955331623500803,0.0,0.0,36.09,4.955331623500803,False,0.0,0.0,16.858715591515995,4.955331623500803,False
693,7.370266596830885,7.370266596830885,0.0,0.0,36.09,7.370266596830885,False,0.0,0.0,16.858715591515995,7.370266596830885,False
694,26.077058102392076,26.077058102392076,0.0,0.0,36.09,26.077058102392076,False,20.05,0.0,16.858715591515995,6.0270581023920755,False
695,28.779295428298315,28.779295428298315,0.0,0.0,36.09,28.779295428298315,False,20.05,0.0,26.474357795758,8.729295428298315,False
696,-11.553767342555998,-11.553767342555998,0.0,11.553767342555998,36.09,0.0,False,0.0,1.3901101071488196,36.09,-10.163657235407179,False
697,-46.04459564277408,-46.04459564277408,0.0,20.05,30.067182431037928,-25.994595642774076,False,0.0,20.05,35.36535501383262,-25.994595642774076,False
698,-53.77529775716023,-53.77529775716023,0.0,20.05,19.615397426427055,-33.725297757160234,False,0.0,20.05,24.913570009221747,-33.725297757160234,False
699,-27.69880991690808,-27.69880991690808,0.0,9.886342764592822,9.163612421816183,-17.812467152315257,False,0.0,20.05,14.461785004610874,-7.648809916908078,False
700,32.33157186961104,32.33157186961104,20.05,0.0,4.010000000000001,12.281571869611039,False,0.0,0.0,4.010000000000001,32.33157186961104,False
701,64.36104101098056,64.36104101098056,20.05,0.0,13.625642204242006,44.31104101098056,True,0.0,0.0,4.010000000000001,64.36104101098056,True
702,46.783979466089995,46.783979466089995,20.05,0.0,23.24128440848401,26.733979466089995,False,8.08037255414102,0.0,4.010000000000001,38.703606911948974,False
703,26.04695258794488,26.04695258794488,6.741424029509579,0.0,32.856926612726014,19.3055285584353,False,20.05,0.0,7.8852105415260425,5.996952587944879,False
704,10.982353461389996,10.982353461389996,0.0,0.0,36.09,10.982353461389996,False,0.0,0.0,17.500852745768047,10.982353461389996,False
705,2.867897776495437,2.867897776495437,0.0,0.0,36.09,2.867897776495437,False,2.867897776495437,0.0,17.500852745768047,0.0,False
706,5.599339254140881,5.599339254140881,0.0,0.0,36.09,5.599339254140881,False,5.599339254140881,0.0,18.876248201983575,0.0,False
707,12.815885451721204,12.815885451721204,0.0,0.0,36.09,12.815885451721204,False,12.815885451721204,0.0,21.56159697245669,0.0,False
708,-6.883602843527523,-6.883602843527523,0.0,6.883602843527523,36.09,0.0,False,0.0,6.883602843527523,27.707879717309634,0.0,False
709,-16.12689513849768,-16.12689513849768,0.0,16.12689513849768,32.50167396620061,0.0,False,0.0,16.12689513849768,24.119553683510247,0.0,False
710,-4.777727115516488,-4.777727115516488,0.0,4.777727115516488,24.094948740291287,0.0,False,0.0,4.777727115516488,15.71282845760092,0.0,False
711,7.582521490338957,7.582521490338957,7.582521490338957,0.0,21.60438631524999,0.0,False,7.582521490338957,0.0,13.222266032559624,0.0,False
712,27.043659440168884,27.043659440168884,20.05,0.0,25.24083587420636,6.993659440168884,False,20.05,0.0,16.858715591515995,6.993659440168884,False
713,37.25601880067927,37.25601880067927,2.572071006988975,0.0,34.85647807844836,34.683947793690294,False,20.05,0.0,26.474357795758,17.20601880067927,False
714,-20.596532474363283,-20.596532474363283,0.0,20.05,36.09,-0.546532474363282,False,0.0,20.05,36.09,-0.546532474363282,False
715,-49.388485038110154,-49.388485038110154,0.0,20.05,25.63821499538913,-29.338485038110154,False,0.0,20.05,25.63821499538913,-29.338485038110154,False
716,-1.7636503410940787,-1.7636503410940787,0.0,1.7636503410940787,15.186429990778258,0.0,False,0.0,1.7636503410940787,15.186429990778258,0.0,False
717,43.403182272403676,43.403182272403676,20.05,0.0,14.26706369709128,23.353182272403675,False,0.0,0.0,14.26706369709128,43.403182272403676,True
718,62.17992553319039,62.17992553319039,20.05,0.0,23.88270590133328,42.12992553319039,True,0.0,0.0,14.26706369709128,62.17992553319039,True
719,59.31140281188408,59.31140281188408,5.403967762058771,0.0,33.49834810557529,53.90743504982531,True,0.0,0.0,14.26706369709128,59.31140281188408,True
720,30.360560032999203,30.360560032999203,0.0,0.0,36.09,30.360560032999203,False,0.0,0.0,14.26706369709128,30.360560032999203,False
721,40.76677246657679,40.76677246657679,0.0,0.0,36.09,40.76677246657679,True,7.244129217517077,0.0,14.26706369709128,33.52264324905971,False
722,11.295102284727127,11.295102284727127,0.0,0.0,36.09,11.295102284727127,False,0.0,0.0,17.74122602312319,11.295102284727127,False
723,-15.466913357643593,-15.466913357643593,0.0,15.466913357643593,36.09,0.0,False,0.0,15.466913357643593,17.74122602312319,0.0,False
724,3.1119587554264836,3.1119587554264836,3.1119587554264836,0.0,28.02731405989851,0.0,False,3.1119587554264836,0.0,9.678540083021698,0.0,False
725,22.080247600747928,22.080247600747928,13.69990358983829,0.0,29.519757049750847,8.380344010909639,False,20.05,0.0,11.170983072874034,2.030247600747927,False
726,3.96081408114312,3.96081408114312,0.0,0.0,36.09,3.96081408114312,False,3.96081408114312,0.0,20.786625277116038,0.0,False
727,10.214184119237034,10.214184119237034,0.0,0.0,36.09,10.214184119237034,False,10.214184119237034,0.0,22.686164979948746,0.0,False
728,17.73474393399983,17.73474393399983,0.0,0.0,36.09,17.73474393399983,False,17.73474393399983,0.0,27.58471559834446,0.0,False
729,-7.738803762708475,-7.738803762708475,0.0,7.738803762708475,36.09,0.0,False,0.0,0.0,36.09,-7.738803762708475,False
730,-12.116906714062559,-12.116906714062559,0.0,12.116906714062559,32.0558696697904,0.0,False,0.0,0.0,36.09,-12.116906714062559,False
731,-5.800010635337036,-5.800010635337036,0.0,5.800010635337036,25.739495410622922,0.0,False,0.0,0.0,36.09,-5.800010635337036,False
732,-4.585440410532957,-4.585440410532957,0.0,4.585440410532957,22.716030862742663,0.0,False,0.0,0.0,36.09,-4.585440410532957,False
733,-15.40870135093272,-15.40870135093272,0.0,15.40870135093272,20.325704811752882,0.0,False,0.0,0.0,36.09,-15.40870135093272,False
734,-24.30467255514336,-24.30467255514336,0.0,15.890247233575074,12.2933639778274,-8.414425321568284,False,0.0,0.0,36.09,-24.30467255514336,False
735,-13.78560350143944,-13.78560350143944,0.0,1.7038216254095743e-15,4.010000000000002,-13.785603501439438,False,0.0,0.0,36.09,-13.78560350143944,False
736,-1.7202098664419043,-1.7202098664419043,0.0,0.0,4.010000000000001,-1.7202098664419043,False,0.0,0.0,36.09,-1.7202098664419043,False
737,-7.255124521482721,-7.255124521482721,0.0,0.0,4.010000000000001,-7.255124521482721,False,0.0,0.0,36.09,-7.255124521482721,False
738,-10.622527465328156,-10.622527465328156,0.0,0.0,4.010000000000001,-10.622527465328156,False,0.0,0.0,36.09,-10.622527465328156,False
739,-17.59726068257119,-17.59726068257119,0.0,0.0,4.010000000000001,-17.59726068257119,False,0.0,0.0,36.09,-17.59726068257119,False
740,-19.454929764102864,-19.454929764102864,0.0,0.0,4.010000000000001,-19.454929764102864,False,0.0,0.0,36.09,-19.454929764102864,False
741,-15.632875263982921,-15.632875263982921,0.0,0.0,4.010000000000001,-15.632875263982921,False,0.0,0.0,36.09,-15.632875263982921,False
742,-14.393909757638232,-14.393909757638232,0.0,0.0,4.010000000000001,-14.393909757638232,False,0.0,0.0,36.09,-14.393909757638232,False
743,-18.381116540082886,-18.381116540082886,0.0,0.0,4.010000000000001,-18.381116540082886,False,0.0,0.0,36.09,-18.381116540082886,False
744,-17.261113685151333,-17.261113685151333,0.0,0.0,4.010000000000001,-17.261113685151333,False,0.0,0.0,36.09,-17.261113685151333,False
745,-14.468661369435262,-14.468661369435262,0.0,0.0,4.010000000000001,-14.468661369435262,False,0.0,0.0,36.09,-14.468661369435262,False
746,-18.509261774008067,-18.509261774008067,0.0,0.0,4.010000000000001,-18.509261774008067,False,0.0,0.0,36.09,-18.509261774008067,False
747,-19.973798405751765,-19.973798405751765,0.0,0.0,4.010000000000001,-19.973798405751765,False,0.0,0.0,36.09,-19.973798405751765,False
748,-14.782720173241342,-14.782720173241342,0.0,0.0,4.010000000000001,-14.782720173241342,False,0.0,0.0,36.09,-14.782720173241342,False
749,-14.016462921846284,-14.016462921846284,0.0,0.0,4.010000000000001,-14.016462921846284,False,0.0,0.0,36.09,-14.016462921846284,False
750,-14.954204628741167,-14.954204628741167,0.0,0.0,4.010000000000001,-14.954204628741167,False,0.0,0.0,36.09,-14.954204628741167,False
751,-9.955112046069791,-9.955112046069791,0.0,0.0,4.010000000000001,-9.955112046069791,False,0.0,0.0,36.09,-9.955112046069791,False
752,-5.622488051207736,-5.622488051207736,0.0,0.0,4.010000000000001,-5.622488051207736,False,0.0,0.0,36.09,-5.622488051207736,False
753,-3.202010899040399,-3.202010899040399,0.0,0.0,4.010000000000001,-3.202010899040399,False,0.0,0.0,36.09,-3.202010899040399,False
754,-5.186602265605321,-5.186602265605321,0.0,0.0,4.010000000000001,-5.186602265605321,False,0.0,0.0,36.09,-5.186602265605321,False
755,-5.72604581303268,-5.72604581303268,0.0,0.0,4.010000000000001,-5.72604581303268,False,0.0,0.0,36.09,-5.72604581303268,False
756,-12.461173186756078,-12.461173186756078,0.0,0.0,4.010000000000001,-12.461173186756078,False,0.0,0.0,36.09,-12.461173186756078,False
757,-7.848571713288721,-7.848571713288721,0.0,0.0,4.010000000000001,-7.848571713288721,False,0.0,0.0,36.09,-7.848571713288721,False
758,-10.489687633965477,-10.489687633965477,0.0,0.0,4.010000000000001,-10.489687633965477,False,0.0,0.0,36.09,-10.489687633965477,False
759,-22.287287810535982,-22.287287810535982,0.0,0.0,4.010000000000001,-22.287287810535982,False,0.0,0.0,36.09,-22.287287810535982,False
760,-25.23527947544736,-25.23527947544736,0.0,0.0,4.010000000000001,-25.23527947544736,False,0.0,0.0,36.09,-25.23527947544736,False
761,-17.81396810755397,-17.81396810755397,0.0,0.0,4.010000000000001,-17.81396810755397,False,0.0,16.38827697032348,36.09,-1.425691137230487,False
762,-9.345411882518784,-9.345411882518784,0.0,0.0,4.010000000000001,-9.345411882518784,False,0.0,9.345411882518784,27.54702007531987,0.0,False
763,-7.975308317604118,-7.975308317604118,0.0,0.0,4.010000000000001,-7.975308317604118,False,0.0,7.975308317604118,22.6753873683063,0.0,False
764,-9.1239488678886,-9.1239488678886,0.0,0.0,4.010000000000001,-9.1239488678886,False,0.0,9.1239488678886,18.517970516381958,0.0,False
765,-11.821241718584401,-11.821241718584401,0.0,0.0,4.010000000000001,-11.821241718584401,False,0.0,11.821241718584401,13.761783386195702,0.0,False
766,-6.88592235022944,-6.88592235022944,0.0,0.0,4.010000000000001,-6.88592235022944,False,0.0,6.88592235022944,7.599535160251518,0.0,False
767,0.8814225618708,0.8814225618708,0.8814225618708,0.0,4.010000000000001,0.0,False,0.8814225618708,0.0,4.010000000000001,0.0,False
768,-2.9725339687247994,-2.9725339687247994,0.0,0.8109087569211352,4.432715410757904,-2.1616252118036643,False,0.0,0.0,4.432715410757904,-2.9725339687247994,False
769,-22.67633378226012,-22.67633378226012,0.0,0.0,4.010000000000001,-22.67633378226012,False,0.0,0.0,4.432715410757904,-22.67633378226012,False
770,-26.71892249281536,-26.71892249281536,0.0,0.0,4.010000000000001,-26.71892249281536,False,0.0,0.0,4.432715410757904,-26.71892249281536,False
771,-15.457128564691201,-15.457128564691201,0.0,0.0,4.010000000000001,-15.457128564691201,False,0.0,0.0,4.432715410757904,-15.457128564691201,False
772,-3.4381639224799208,-3.4381639224799208,0.0,0.0,4.010000000000001,-3.4381639224799208,False,0.0,0.0,4.432715410757904,-3.4381639224799208,False
773,-5.36734652035584,-5.36734652035584,0.0,0.0,4.010000000000001,-5.36734652035584,False,0.0,0.0,4.432715410757904,-5.36734652035584,False
774,-11.410829244321357,-11.410829244321357,0.0,0.0,4.010000000000001,-11.410829244321357,False,0.0,0.0,4.432715410757904,-11.410829244321357,False
775,-10.883095399985038,-10.883095399985038,0.0,0.0,4.010000000000001,-10.883095399985038,False,0.0,0.0,4.432715410757904,-10.883095399985038,False
776,-3.8937526956679207,-3.8937526956679207,0.0,0.0,4.010000000000001,-3.8937526956679207,False,0.0,0.0,4.432715410757904,-3.8937526956679207,False
777,-9.33973209564144,-9.33973209564144,0.0,0.0,4.010000000000001,-9.33973209564144,False,0.0,0.0,4.432715410757904,-9.33973209564144,False
778,-15.907551528048238,-15.907551528048238,0.0,0.0,4.010000000000001,-15.907551528048238,False,0.0,0.0,4.432715410757904,-15.907551528048238,False
779,-15.162081303122255,-15.162081303122255,0.0,0.0,4.010000000000001,-15.162081303122255,False,0.0,0.8109087569211352,4.432715410757904,-14.35117254620112,False
780,1.6109635044153634,1.6109635044153634,1.6109635044153634,0.0,4.010000000000001,0.0,False,1.6109635044153634,0.0,4.010000000000001,0.0,False
781,45.944892909099835,45.944892909099835,20.05,0.0,4.782590955738153,25.894892909099834,False,20.05,0.0,4.782590955738153,25.894892909099834,False
782,-3.808954495127523,-3.808954495127523,0.0,3.808954495127523,14.398233159980158,0.0,False,0.0,3.808954495127523,14.398233159980158,0.0,False
783,81.45706130283743,81.45706130283743,20.05,0.0,12.412678373176217,61.407061302837434,True,0.0,0.0,12.412678373176217,81.45706130283743,True
784,86.86180035437759,86.86180035437759,20.05,0.0,22.02832057741822,66.8118003543776,True,6.016160946810201,0.0,12.412678373176217,80.84563940756739,True
785,24.236731840270807,24.236731840270807,9.270628454580654,0.0,31.643962781660225,14.966103385690152,False,20.05,0.0,15.297927804979743,4.186731840270806,False
786,-43.728944770216074,-43.728944770216074,0.0,20.05,36.09,-23.678944770216074,False,0.0,20.05,24.913570009221747,-23.678944770216074,False
787,-42.91153899089568,-42.91153899089568,0.0,20.05,25.63821499538913,-22.861538990895678,False,0.0,20.05,14.461785004610874,-22.861538990895678,False
788,27.254582319897356,27.254582319897356,20.05,0.0,15.186429990778258,7.204582319897355,False,6.741424029509581,0.0,4.010000000000001,20.513158290387775,False
789,58.176252656796,58.176252656796,20.05,0.0,24.802072195020262,38.126252656796,False,20.05,0.0,7.243073387273991,38.126252656796,False
790,75.12853564215048,75.12853564215048,3.486956521739126,0.0,34.417714399262266,71.64157912041135,True,20.05,0.0,16.858715591515995,55.078535642150484,True
791,41.84533306782839,41.84533306782839,0.0,0.0,36.09,41.84533306782839,True,20.05,0.0,26.474357795758,21.79533306782839,False
792,0.33116266194744376,0.33116266194744376,0.0,0.0,36.09,0.33116266194744376,False,0.0,0.0,36.09,0.33116266194744376,False
793,-18.326672830399925,-18.326672830399925,0.0,18.326672830399925,36.09,0.0,False,0.0,0.0,36.09,-18.326672830399925,False
794,-5.539138240387679,-5.539138240387679,0.0,5.539138240387679,26.536561382883622,0.0,False,0.0,0.0,36.09,-5.539138240387679,False
795,-12.952245605215673,-12.952245605215673,0.0,12.952245605215673,23.64908597144469,0.0,False,0.0,0.0,36.09,-12.952245605215673,False
796,-36.04541256876215,-36.04541256876215,0.0,20.05,16.897261213707523,-15.995412568762152,False,0.0,7.304516073157062,36.09,-28.740896495605092,False
797,-5.317751541133445,-5.317751541133445,0.0,4.6720534311455495,6.44547620909665,-0.6456981099878956,False,0.0,5.317751541133445,32.28225777758793,0.0,False
798,13.719856102489686,13.719856102489686,13.719856102489686,0.0,4.010000000000001,0.0,False,13.719856102489686,0.0,29.510188160836563,0.0,False
799,-7.256576716956719,-7.256576716956719,0.0,7.256576716956719,10.589811839163442,0.0,False,0.0,0.0,36.09,-7.256576716956719,False
800,-21.74163367374768,-21.74163367374768,0.0,5.365690897333789,6.807059733672338,-16.37594277641389,False,0.0,10.512567624642534,36.09,-11.229066049105144,False
801,-6.211949417118962,-6.211949417118962,0.0,0.0,4.010000000000001,-6.211949417118962,False,0.0,6.211949417118962,30.609945303780723,0.0,False
802,-0.7591637271859202,-0.7591637271859202,0.0,0.0,4.010000000000001,-0.7591637271859202,False,0.0,0.7591637271859202,27.371742821623855,0.0,False
803,4.350663467494317,4.350663467494317,4.350663467494317,0.0,4.010000000000001,0.0,False,4.350663467494317,0.0,26.976001372254963,0.0,False
804,-1.7510352692385607,-1.7510352692385607,0.0,1.7510352692385607,6.096504900473428,0.0,False,0.0,0.0,29.062506272728392,-1.7510352692385607,False
805,-6.302300011940642,-6.302300011940642,0.0,2.251575120856212,5.183714667577052,-4.05072489108443,False,0.0,0.0,29.062506272728392,-6.302300011940642,False
806,-13.19947938087888,-13.19947938087888,0.0,0.0,4.010000000000001,-13.19947938087888,False,0.0,0.0,29.062506272728392,-13.19947938087888,False
807,-8.47256107969824,-8.47256107969824,0.0,0.0,4.010000000000001,-8.47256107969824,False,0.0,0.0,29.062506272728392,-8.47256107969824,False
808,-6.042126673847041,-6.042126673847041,0.0,0.0,4.010000000000001,-6.042126673847041,False,0.0,0.0,29.062506272728392,-6.042126673847041,False
809,-10.692113868202705,-10.692113868202705,0.0,0.0,4.010000000000001,-10.692113868202705,False,0.0,0.0,29.062506272728392,-10.692113868202705,False
810,-19.068769555164096,-19.068769555164096,0.0,0.0,4.010000000000001,-19.068769555164096,False,0.0,0.0,29.062506272728392,-19.068769555164096,False
811,-12.2696296052496,-12.2696296052496,0.0,0.0,4.010000000000001,-12.2696296052496,False,0.0,0.0,29.062506272728392,-12.2696296052496,False
812,-1.4443355911862366,-1.4443355911862366,0.0,0.0,4.010000000000001,-1.4443355911862366,False,0.0,0.0,29.062506272728392,-1.4443355911862366,False
813,2.7353293554592835,2.7353293554592835,2.7353293554592835,0.0,4.010000000000001,0.0,False,2.7353293554592835,0.0,29.062506272728392,0.0,False
814,9.04678520948496,9.04678520948496,9.04678520948496,0.0,5.32181787495543,0.0,False,9.04678520948496,0.0,30.374324147683822,0.0,False
815,2.871222803373838,2.871222803373838,2.871222803373838,0.0,9.660503644184153,0.0,False,2.871222803373838,0.0,34.71300991691255,0.0,False
816,-2.775592226111518,-2.775592226111518,0.0,2.775592226111518,11.03749372727161,0.0,False,0.0,0.0,36.09,-2.775592226111518,False
817,-11.665199809603678,-11.665199809603678,0.0,10.705478152741115,9.590616260549073,-0.9597216568625626,False,0.0,0.0,36.09,-11.665199809603678,False
818,-15.849613936206238,-15.849613936206238,0.0,0.0,4.010000000000001,-15.849613936206238,False,0.0,0.0,36.09,-15.849613936206238,False
819,-19.08675795057624,-19.08675795057624,0.0,0.0,4.010000000000001,-19.08675795057624,False,0.0,0.0,36.09,-19.08675795057624,False
820,-18.79072439790192,-18.79072439790192,0.0,0.0,4.010000000000001,-18.79072439790192,False,0.0,0.0,36.09,-18.79072439790192,False
821,-19.281643985306804,-19.281643985306804,0.0,0.0,4.010000000000001,-19.281643985306804,False,0.0,0.0,36.09,-19.281643985306804,False
822,-23.049177458853716,-23.049177458853716,0.0,0.0,4.010000000000001,-23.049177458853716,False,0.0,0.0,36.09,-23.049177458853716,False
823,-24.791042664506737,-24.791042664506737,0.0,0.0,4.010000000000001,-24.791042664506737,False,0.0,0.0,36.09,-24.791042664506737,False
824,-22.181258832650222,-22.181258832650222,0.0,0.0,4.010000000000001,-22.181258832650222,False,0.0,0.0,36.09,-22.181258832650222,False
825,-17.845729879983175,-17.845729879983175,0.0,0.0,4.010000000000001,-17.845729879983175,False,0.0,1.1112895485797434,36.09,-16.73444033140343,False
826,-13.824665756964622,-13.824665756964622,0.0,0.0,4.010000000000001,-13.824665756964622,False,0.0,13.824665756964622,35.51070027732536,0.0,False
827,-11.19180211233384,-11.19180211233384,0.0,0.0,4.010000000000001,-11.19180211233384,False,0.0,11.19180211233384,28.304095077704403,0.0,False
828,-10.41180649084627,-10.41180649084627,0.0,0.0,4.010000000000001,-10.41180649084627,False,0.0,10.41180649084627,22.46996492846435,0.0,False
829,-5.993621942895671,-5.993621942895671,0.0,0.0,4.010000000000001,-5.993621942895671,False,0.0,5.993621942895671,17.042435604178205,0.0,False
830,-6.0469519688772015,-6.0469519688772015,0.0,0.0,4.010000000000001,-6.0469519688772015,False,0.0,6.0469519688772015,13.918044185421914,0.0,False
831,-10.406836376874361,-10.406836376874361,0.0,0.0,4.010000000000001,-10.406836376874361,False,0.0,10.406836376874361,10.765852568867654,0.0,False
832,-2.55313590977712,-2.55313590977712,0.0,0.0,4.010000000000001,-2.55313590977712,False,0.0,2.55313590977712,5.340914095588133,0.0,False
833,6.010651088083684,6.010651088083684,6.010651088083684,0.0,4.010000000000001,0.0,False,6.010651088083684,0.0,4.010000000000001,0.0,False
834,-2.8529371585708794,-2.8529371585708794,0.0,2.8529371585708794,6.892606996386563,0.0,False,0.0,0.0,6.892606996386563,-2.8529371585708794,False
835,-16.182740567343,-16.182740567343,0.0,2.67686184246611,5.405410696483907,-13.50587872487689,False,0.0,0.0,6.892606996386563,-16.182740567343,False
836,-21.624282258250798,-21.624282258250798,0.0,0.0,4.010000000000001,-21.624282258250798,False,0.0,0.0,6.892606996386563,-21.624282258250798,False
837,-17.885344416463777,-17.885344416463777,0.0,0.0,4.010000000000001,-17.885344416463777,False,0.0,5.529799001036989,6.892606996386563,-12.35554541542679,False
838,11.449291392585842,11.449291392585842,11.449291392585842,0.0,4.010000000000001,0.0,False,11.449291392585842,0.0,4.010000000000001,0.0,False
839,28.682497085572077,28.682497085572077,20.05,0.0,9.500887258015617,8.632497085572076,False,20.05,0.0,9.500887258015617,8.632497085572076,False
840,4.470636846957358,4.470636846957358,4.470636846957358,0.0,19.11652946225762,0.0,False,4.470636846957358,0.0,19.11652946225762,0.0,False
841,-24.645115246926718,-24.645115246926718,0.0,20.05,21.26057157424977,-4.595115246926717,False,0.0,0.0,21.26057157424977,-24.645115246926718,False
842,-35.23318261441392,-35.23318261441392,0.0,13.042333980379748,10.808786569638897,-22.19084863403417,False,0.0,0.0,21.26057157424977,-35.23318261441392,False
843,-31.613774681637597,-31.613774681637597,0.0,0.0,4.010000000000001,-31.613774681637597,False,0.0,0.0,21.26057157424977,-31.613774681637597,False
844,-23.274651337231678,-23.274651337231678,0.0,0.0,4.010000000000001,-23.274651337231678,False,0.0,0.0,21.26057157424977,-23.274651337231678,False
845,-17.129249929450012,-17.129249929450012,0.0,0.0,4.010000000000001,-17.129249929450012,False,0.0,0.0,21.26057157424977,-17.129249929450012,False
846,-16.225663259195137,-16.225663259195137,0.0,0.0,4.010000000000001,-16.225663259195137,False,0.0,0.0,21.26057157424977,-16.225663259195137,False
847,-16.499112067554982,-16.499112067554982,0.0,0.0,4.010000000000001,-16.499112067554982,False,0.0,0.0,21.26057157424977,-16.499112067554982,False
848,-20.211996280660937,-20.211996280660937,0.0,0.0,4.010000000000001,-20.211996280660937,False,0.0,0.0,21.26057157424977,-20.211996280660937,False
849,-20.178597487332944,-20.178597487332944,0.0,0.0,4.010000000000001,-20.178597487332944,False,0.0,17.046065235759286,21.26057157424977,-3.1325322515736573,False
850,-16.785736595374726,-16.785736595374726,0.0,0.0,4.010000000000001,-16.785736595374726,False,0.0,0.0,12.37469581271722,-16.785736595374726,False
851,-15.104426138262095,-15.104426138262095,0.0,0.0,4.010000000000001,-15.104426138262095,False,0.0,0.0,12.37469581271722,-15.104426138262095,False
852,-3.93733658714208,-3.93733658714208,0.0,0.0,4.010000000000001,-3.93733658714208,False,0.0,0.0,12.37469581271722,-3.93733658714208,False
853,6.706237897720703,6.706237897720703,6.706237897720703,0.0,4.010000000000001,0.0,False,6.706237897720703,0.0,12.37469581271722,0.0,False
854,16.454943892743216,16.454943892743216,16.454943892743216,0.0,7.226198711272337,0.0,False,16.454943892743216,0.0,15.590894523989558,0.0,False
855,20.36777062512936,20.36777062512936,20.05,0.0,15.11771257478834,0.3177706251293593,False,20.05,0.0,23.48240838750556,0.3177706251293593,False
856,6.238645777501679,6.238645777501679,6.238645777501679,0.0,24.733354779030343,0.0,False,6.238645777501679,0.0,33.098050591747565,0.0,False
857,-8.112552808066559,-8.112552808066559,0.0,8.112552808066559,27.725304187282777,0.0,False,0.0,0.0,36.09,-8.112552808066559,False
858,-18.463057020233283,-18.463057020233283,0.0,18.463057020233283,23.49634369908009,0.0,False,0.0,0.0,36.09,-18.463057020233283,False
859,-24.46612464340032,-24.46612464340032,0.0,18.918231534228507,13.87180990838933,-5.547893109171813,False,0.0,0.0,36.09,-24.46612464340032,False
860,-26.72817648328416,-26.72817648328416,0.0,1.7038216254095743e-15,4.010000000000002,-26.72817648328416,False,0.0,0.0,36.09,-26.72817648328416,False
861,-22.86614674736724,-22.86614674736724,0.0,0.0,4.010000000000001,-22.86614674736724,False,0.0,0.0,36.09,-22.86614674736724,False
862,-16.08912203194776,-16.08912203194776,0.0,0.0,4.010000000000001,-16.08912203194776,False,0.0,6.801083608397452,36.09,-9.288038423550308,False
863,0.47289694020983875,0.47289694020983875,0.47289694020983875,0.0,4.010000000000001,0.0,False,0.47289694020983875,0.0,32.54469009110458,0.0,False
864,0.010557961853036715,0.010557961853036715,0.010557961853036715,0.0,4.236793405313648,0.0,False,0.010557961853036715,0.0,32.77148349641823,0.0,False
865,-4.168788503302318,-4.168788503302318,0.0,0.4447785098978457,4.241856825941321,-3.7240099934044726,False,0.0,0.0,32.7765469170459,-4.168788503302318,False
866,-9.083919350026322,-9.083919350026322,0.0,0.0,4.010000000000001,-9.083919350026322,False,0.0,0.0,32.7765469170459,-9.083919350026322,False
867,6.9090272809778375,6.9090272809778375,6.9090272809778375,0.0,4.010000000000001,0.0,False,6.9090272809778375,0.0,32.7765469170459,0.0,False
868,-0.210482213515676,-0.210482213515676,0.0,0.210482213515676,7.323453082954108,0.0,False,0.0,0.0,36.09,-0.210482213515676,False
869,-19.617747517013854,-19.617747517013854,0.0,6.145822884983934,7.213731644402465,-13.47192463202992,False,0.0,0.0,36.09,-19.617747517013854,False
870,-24.29406051152784,-24.29406051152784,0.0,0.0,4.010000000000001,-24.29406051152784,False,0.0,0.0,36.09,-24.29406051152784,False
871,-23.26552754359848,-23.26552754359848,0.0,0.0,4.010000000000001,-23.26552754359848,False,0.0,1.3901101071488196,36.09,-21.87541743644966,False
872,-19.174680073959742,-19.174680073959742,0.0,0.0,4.010000000000001,-19.174680073959742,False,0.0,0.0,35.36535501383262,-19.174680073959742,False
873,-19.404498720893084,-19.404498720893084,0.0,0.0,4.010000000000001,-19.404498720893084,False,0.0,0.0,35.36535501383262,-19.404498720893084,False
874,-23.601022555326214,-23.601022555326214,0.0,0.0,4.010000000000001,-23.601022555326214,False,0.0,20.05,35.36535501383262,-3.551022555326213,False
875,-25.159923690242294,-25.159923690242294,0.0,0.0,4.010000000000001,-25.159923690242294,False,0.0,20.05,24.913570009221747,-5.109923690242294,False
876,-21.222234830523647,-21.222234830523647,0.0,0.0,4.010000000000001,-21.222234830523647,False,0.0,20.05,14.461785004610874,-1.1722348305236459,False
877,-17.917047145629553,-17.917047145629553,0.0,0.0,4.010000000000001,-17.917047145629553,False,0.0,0.0,4.010000000000001,-17.917047145629553,False
878,-14.658945246481608,-14.658945246481608,0.0,0.0,4.010000000000001,-14.658945246481608,False,0.0,0.0,4.010000000000001,-14.658945246481608,False
879,-11.321314513184232,-11.321314513184232,0.0,0.0,4.010000000000001,-11.321314513184232,False,0.0,0.0,4.010000000000001,-11.321314513184232,False
880,-10.741934588707753,-10.741934588707753,0.0,0.0,4.010000000000001,-10.741934588707753,False,0.0,0.0,4.010000000000001,-10.741934588707753,False
881,-10.728386105692392,-10.728386105692392,0.0,0.0,4.010000000000001,-10.728386105692392,False,0.0,0.0,4.010000000000001,-10.728386105692392,False
882,-13.42631131240356,-13.42631131240356,0.0,0.0,4.010000000000001,-13.42631131240356,False,0.0,0.0,4.010000000000001,-13.42631131240356,False
883,-15.997215084183601,-15.997215084183601,0.0,0.0,4.010000000000001,-15.997215084183601,False,0.0,0.0,4.010000000000001,-15.997215084183601,False
884,-17.023938115795293,-17.023938115795293,0.0,0.0,4.010000000000001,-17.023938115795293,False,0.0,0.0,4.010000000000001,-17.023938115795293,False
885,-16.034882831448094,-16.034882831448094,0.0,0.0,4.010000000000001,-16.034882831448094,False,0.0,0.0,4.010000000000001,-16.034882831448094,False
886,-13.97491731190915,-13.97491731190915,0.0,0.0,4.010000000000001,-13.97491731190915,False,0.0,0.0,4.010000000000001,-13.97491731190915,False
887,-7.040123476257598,-7.040123476257598,0.0,0.0,4.010000000000001,-7.040123476257598,False,0.0,0.0,4.010000000000001,-7.040123476257598,False
888,2.4178573915322414,2.4178573915322414,2.4178573915322414,0.0,4.010000000000001,0.0,False,2.4178573915322414,0.0,4.010000000000001,0.0,False
889,1.3863359054688031,1.3863359054688031,1.3863359054688031,0.0,5.1695636697184995,0.0,False,1.3863359054688031,0.0,5.1695636697184995,0.0,False
890,-5.850773380023356,-5.850773380023356,0.0,3.4998578332409607,5.834427013453256,-2.3509155467823954,False,0.0,0.0,5.834427013453256,-5.850773380023356,False
891,-16.6243632261276,-16.6243632261276,0.0,0.0,4.010000000000001,-16.6243632261276,False,0.0,0.0,5.834427013453256,-16.6243632261276,False
892,-22.97541293937336,-22.97541293937336,0.0,0.0,4.010000000000001,-22.97541293937336,False,0.0,0.0,5.834427013453256,-22.97541293937336,False
893,-22.302824499382368,-22.302824499382368,0.0,0.0,4.010000000000001,-22.302824499382368,False,0.0,0.0,5.834427013453256,-22.302824499382368,False
894,-12.140124615603696,-12.140124615603696,0.0,0.0,4.010000000000001,-12.140124615603696,False,0.0,0.0,5.834427013453256,-12.140124615603696,False
895,-7.376154498342357,-7.376154498342357,0.0,0.0,4.010000000000001,-7.376154498342357,False,0.0,0.0,5.834427013453256,-7.376154498342357,False
896,-17.720620982485247,-17.720620982485247,0.0,0.0,4.010000000000001,-17.720620982485247,False,0.0,0.0,5.834427013453256,-17.720620982485247,False
897,-20.411624925415914,-20.411624925415914,0.0,0.0,4.010000000000001,-20.411624925415914,False,0.0,0.0,5.834427013453256,-20.411624925415914,False
898,-11.700967884885362,-11.700967884885362,0.0,0.0,4.010000000000001,-11.700967884885362,False,0.0,3.4998578332409607,5.834427013453256,-8.2011100516444,False
899,4.899152690453519,4.899152690453519,4.899152690453519,0.0,4.010000000000001,0.0,False,4.899152690453519,0.0,4.010000000000001,0.0,False
900,23.250500825741998,23.250500825741998,20.05,0.0,6.359551091039932,3.2005008257419973,False,20.05,0.0,6.359551091039932,3.2005008257419973,False
901,26.39043587659656,26.39043587659656,20.05,0.0,15.975193295281937,6.340435876596558,False,20.05,0.0,15.975193295281937,6.340435876596558,False
902,12.238588676614322,12.238588676614322,12.238588676614322,0.0,25.59083549952394,0.0,False,12.238588676614322,0.0,25.59083549952394,0.0,False
903,5.140785999157682,5.140785999157682,5.140785999157682,0.0,31.460256437140448,0.0,False,5.140785999157682,0.0,31.460256437140448,0.0,False
904,-7.416256125221285,-7.416256125221285,0.0,7.416256125221285,33.925690792076956,0.0,False,0.0,0.0,33.925690792076956,-7.416256125221285,False
905,-22.247588592030482,-22.247588592030482,0.0,20.05,30.059700040957686,-2.197588592030481,False,0.0,0.0,33.925690792076956,-22.247588592030482,False
906,-33.10830515900411,-33.10830515900411,0.0,20.05,19.607915036346814,-13.05830515900411,False,0.0,0.0,33.925690792076956,-33.10830515900411,False
907,-29.161785688895762,-29.161785688895762,0.0,9.871989051706203,9.156130031735941,-19.28979663718956,False,0.0,0.0,33.925690792076956,-29.161785688895762,False
908,-20.9670386170008,-20.9670386170008,0.0,0.0,4.010000000000001,-20.9670386170008,False,0.0,0.0,33.925690792076956,-20.9670386170008,False
909,-22.98806005968072,-22.98806005968072,0.0,0.0,4.010000000000001,-22.98806005968072,False,0.0,0.0,33.925690792076956,-22.98806005968072,False
910,-28.999460600810682,-28.999460600810682,0.0,0.0,4.010000000000001,-28.999460600810682,False,0.0,0.0,33.925690792076956,-28.999460600810682,False
911,-25.425511554183416,-25.425511554183416,0.0,0.0,4.010000000000001,-25.425511554183416,False,0.0,17.288245176927486,33.925690792076956,-8.13726637725593,False
912,-18.0956346998135,-18.0956346998135,0.0,0.0,4.010000000000001,-18.0956346998135,False,0.0,0.0,24.913570009221747,-18.0956346998135,False
913,-12.744280997894856,-12.744280997894856,0.0,0.0,4.010000000000001,-12.744280997894856,False,0.0,0.0,24.913570009221747,-12.744280997894856,False
914,-9.02394968603484,-9.02394968603484,0.0,0.0,4.010000000000001,-9.02394968603484,False,0.0,0.0,24.913570009221747,-9.02394968603484,False
915,-11.553376752049198,-11.553376752049198,0.0,0.0,4.010000000000001,-11.553376752049198,False,0.0,0.0,24.913570009221747,-11.553376752049198,False
916,-14.835201115551936,-14.835201115551936,0.0,0.0,4.010000000000001,-14.835201115551936,False,0.0,0.0,24.913570009221747,-14.835201115551936,False
917,-16.77293128991817,-16.77293128991817,0.0,0.0,4.010000000000001,-16.77293128991817,False,0.0,0.0,24.913570009221747,-16.77293128991817,False
918,-17.71251375572927,-17.71251375572927,0.0,0.0,4.010000000000001,-17.71251375572927,False,0.0,0.0,24.913570009221747,-17.71251375572927,False
919,-19.232938510064013,-19.232938510064013,0.0,0.0,4.010000000000001,-19.232938510064013,False,0.0,0.0,24.913570009221747,-19.232938510064013,False
920,-14.160558970706472,-14.160558970706472,0.0,0.0,4.010000000000001,-14.160558970706472,False,0.0,0.0,24.913570009221747,-14.160558970706472,False
921,-5.608913729128081,-5.608913729128081,0.0,0.0,4.010000000000001,-5.608913729128081,False,0.0,0.0,24.913570009221747,-5.608913729128081,False
922,-18.406374926492113,-18.406374926492113,0.0,0.0,4.010000000000001,-18.406374926492113,False,0.0,0.0,24.913570009221747,-18.406374926492113,False
923,-25.77668659145839,-25.77668659145839,0.0,0.0,4.010000000000001,-25.77668659145839,False,0.0,20.05,24.913570009221747,-5.726686591458389,False
924,-22.852162004801208,-22.852162004801208,0.0,0.0,4.010000000000001,-22.852162004801208,False,0.0,20.05,14.461785004610874,-2.8021620048012075,False
925,-19.800903097280816,-19.800903097280816,0.0,0.0,4.010000000000001,-19.800903097280816,False,0.0,0.0,4.010000000000001,-19.800903097280816,False
926,-14.584358684211551,-14.584358684211551,0.0,0.0,4.010000000000001,-14.584358684211551,False,0.0,0.0,4.010000000000001,-14.584358684211551,False
927,-7.804435787231615,-7.804435787231615,0.0,0.0,4.010000000000001,-7.804435787231615,False,0.0,0.0,4.010000000000001,-7.804435787231615,False
928,11.052602666309161,11.052602666309161,11.052602666309161,0.0,4.010000000000001,0.0,False,0.0,0.0,4.010000000000001,11.052602666309161,False
929,21.38282321300352,21.38282321300352,20.05,0.0,9.31064202817357,1.3328232130035182,False,6.741424029509581,0.0,4.010000000000001,14.641399183493938,False
930,24.52679436576168,24.52679436576168,20.05,0.0,18.926284232415576,4.47679436576168,False,20.05,0.0,7.243073387273991,4.47679436576168,False
931,59.98056647419032,59.98056647419032,15.738821363200419,0.0,28.54192643665758,44.241745110989896,True,20.05,0.0,16.858715591515995,39.930566474190314,False
932,47.94834178503024,47.94834178503024,0.0,0.0,36.09,47.94834178503024,True,20.05,0.0,26.474357795758,27.898341785030237,False
933,-6.6256769031192,-6.6256769031192,0.0,6.6256769031192,36.09,0.0,False,0.0,0.0,36.09,-6.6256769031192,False
934,-37.01143302834936,-37.01143302834936,0.0,20.05,32.63612715703652,-16.961433028349358,False,0.0,0.0,36.09,-37.01143302834936,False
935,-15.936164786456638,-15.936164786456638,0.0,15.936164786456638,22.184342152425646,0.0,False,0.0,0.0,36.09,-15.936164786456638,False
936,-2.310557171743672,-2.310557171743672,0.0,2.310557171743672,13.877041995513162,0.0,False,0.0,0.0,36.09,-2.310557171743672,False
937,-5.364386044617124,-5.364386044617124,0.0,5.364386044617124,12.672580808484403,0.0,False,0.0,0.0,36.09,-5.364386044617124,False
938,-8.006744844316803,-8.006744844316803,0.0,8.006744844316803,9.876201276311182,0.0,False,0.0,0.0,36.09,-8.006744844316803,False
939,-11.42935124645664,-11.42935124645664,0.0,3.2465803568953873,5.7023970020181265,-8.182770889561253,False,0.0,0.0,36.09,-11.42935124645664,False
940,-17.06345105267448,-17.06345105267448,0.0,0.0,4.010000000000001,-17.06345105267448,False,0.0,0.0,36.09,-17.06345105267448,False
941,-35.349742833756004,-35.349742833756004,0.0,0.0,4.010000000000001,-35.349742833756004,False,0.0,0.1203969173290065,36.09,-35.229345916427,False
942,-37.0228539949196,-37.0228539949196,0.0,0.0,4.010000000000001,-37.0228539949196,False,0.0,20.05,36.027238768322164,-16.9728539949196,False
943,-25.6815603767069,-25.6815603767069,0.0,0.0,4.010000000000001,-25.6815603767069,False,0.0,20.05,25.575453763711288,-5.631560376706901,False
944,-12.61831035157843,-12.61831035157843,0.0,0.0,4.010000000000001,-12.61831035157843,False,0.0,0.0,15.123668759100415,-12.61831035157843,False
945,-9.129491447331503,-9.129491447331503,0.0,0.0,4.010000000000001,-9.129491447331503,False,0.0,0.0,15.123668759100415,-9.129491447331503,False
946,-12.142949666603108,-12.142949666603108,0.0,0.0,4.010000000000001,-12.142949666603108,False,0.0,0.0,15.123668759100415,-12.142949666603108,False
947,-16.098606691148674,-16.098606691148674,0.0,0.0,4.010000000000001,-16.098606691148674,False,0.0,0.0,15.123668759100415,-16.098606691148674,False
948,-13.86705173739985,-13.86705173739985,0.0,0.0,4.010000000000001,-13.86705173739985,False,0.0,0.0,15.123668759100415,-13.86705173739985,False
949,-12.666551684316241,-12.666551684316241,0.0,0.0,4.010000000000001,-12.666551684316241,False,0.0,0.0,15.123668759100415,-12.666551684316241,False
950,-17.819994618619656,-17.819994618619656,0.0,0.0,4.010000000000001,-17.819994618619656,False,0.0,0.0,15.123668759100415,-17.819994618619656,False
951,-18.601698622893117,-18.601698622893117,0.0,0.0,4.010000000000001,-18.601698622893117,False,0.0,0.0,15.123668759100415,-18.601698622893117,False
952,-17.617871041949495,-17.617871041949495,0.0,0.0,4.010000000000001,-17.617871041949495,False,0.0,0.0,15.123668759100415,-17.617871041949495,False
953,-15.131217041577745,-15.131217041577745,0.0,0.0,4.010000000000001,-15.131217041577745,False,0.0,0.0,15.123668759100415,-15.131217041577745,False
954,-13.462875992016285,-13.462875992016285,0.0,0.0,4.010000000000001,-13.462875992016285,False,0.0,0.0,15.123668759100415,-13.462875992016285,False
955,-12.79954134219127,-12.79954134219127,0.0,0.0,4.010000000000001,-12.79954134219127,False,0.0,0.0,15.123668759100415,-12.79954134219127,False
956,-5.532474165433198,-5.532474165433198,0.0,0.0,4.010000000000001,-5.532474165433198,False,0.0,0.0,15.123668759100415,-5.532474165433198,False
957,3.6178227362271853,3.6178227362271853,3.6178227362271853,0.0,4.010000000000001,0.0,False,3.6178227362271853,0.0,15.123668759100415,0.0,False
958,21.71295231237912,21.71295231237912,20.05,0.0,5.745046832415582,1.6629523123791188,False,20.05,0.0,16.858715591515995,1.6629523123791188,False
959,21.89798805513384,21.89798805513384,20.05,0.0,15.360689036657586,1.8479880551338397,False,20.05,0.0,26.474357795758,1.8479880551338397,False
960,-3.1069912453912796,-3.1069912453912796,0.0,3.1069912453912796,24.97633124089959,0.0,False,0.0,0.0,36.09,-3.1069912453912796,False
961,-30.55248018381479,-30.55248018381479,0.0,20.05,23.35670009336653,-10.50248018381479,False,0.0,0.0,36.09,-30.55248018381479,False
962,-32.26543187712624,-32.26543187712624,0.0,17.063405671937733,12.904915088755658,-15.202026205188506,False,0.0,0.0,36.09,-32.26543187712624,False
963,-25.20509984895528,-25.20509984895528,0.0,1.7038216254095743e-15,4.010000000000002,-25.20509984895528,False,0.0,0.0,36.09,-25.20509984895528,False
964,-24.766533210356446,-24.766533210356446,0.0,0.0,4.010000000000001,-24.766533210356446,False,0.0,0.0,36.09,-24.766533210356446,False
965,-25.470976028781262,-25.470976028781262,0.0,0.0,4.010000000000001,-25.470976028781262,False,0.0,0.0,36.09,-25.470976028781262,False
966,-22.08129177936943,-22.08129177936943,0.0,0.0,4.010000000000001,-22.08129177936943,False,0.0,0.0,36.09,-22.08129177936943,False
967,-17.154165197121717,-17.154165197121717,0.0,0.0,4.010000000000001,-17.154165197121717,False,0.0,0.0,36.09,-17.154165197121717,False
968,-15.264419020446214,-15.264419020446214,0.0,0.0,4.010000000000001,-15.264419020446214,False,0.0,0.0,36.09,-15.264419020446214,False
969,-15.82053749754762,-15.82053749754762,0.0,0.0,4.010000000000001,-15.82053749754762,False,0.0,0.0,36.09,-15.82053749754762,False
970,-16.328992395376762,-16.328992395376762,0.0,0.0,4.010000000000001,-16.328992395376762,False,0.0,0.0,36.09,-16.328992395376762,False
971,-15.253293200087134,-15.253293200087134,0.0,0.0,4.010000000000001,-15.253293200087134,False,0.0,0.0,36.09,-15.253293200087134,False
972,-14.672956689414077,-14.672956689414077,0.0,0.0,4.010000000000001,-14.672956689414077,False,0.0,0.0,36.09,-14.672956689414077,False
973,-13.259742889113168,-13.259742889113168,0.0,0.0,4.010000000000001,-13.259742889113168,False,0.0,0.0,36.09,-13.259742889113168,False
974,-13.695296973239039,-13.695296973239039,0.0,0.0,4.010000000000001,-13.695296973239039,False,0.0,0.0,36.09,-13.695296973239039,False
975,-17.924958105663432,-17.924958105663432,0.0,0.0,4.010000000000001,-17.924958105663432,False,0.0,0.0,36.09,-17.924958105663432,False
976,-18.92648083868486,-18.92648083868486,0.0,0.0,4.010000000000001,-18.92648083868486,False,0.0,0.0,36.09,-18.92648083868486,False
977,-19.495524937140118,-19.495524937140118,0.0,0.0,4.010000000000001,-19.495524937140118,False,0.0,0.0,36.09,-19.495524937140118,False
978,-19.19886143208432,-19.19886143208432,0.0,0.0,4.010000000000001,-19.19886143208432,False,0.0,0.0,36.09,-19.19886143208432,False
979,-20.41079667323868,-20.41079667323868,0.0,0.0,4.010000000000001,-20.41079667323868,False,0.0,2.345181037173542,36.09,-18.065615636065136,False
980,-19.822619248429294,-19.822619248429294,0.0,0.0,4.010000000000001,-19.822619248429294,False,0.0,0.0,34.86748987543999,-19.822619248429294,False
981,-17.701652305052445,-17.701652305052445,0.0,0.0,4.010000000000001,-17.701652305052445,False,0.0,0.0,34.86748987543999,-17.701652305052445,False
982,-13.824669763021102,-13.824669763021102,0.0,0.0,4.010000000000001,-13.824669763021102,False,0.0,0.0,34.86748987543999,-13.824669763021102,False
983,-8.902360063084943,-8.902360063084943,0.0,0.0,4.010000000000001,-8.902360063084943,False,0.0,0.0,34.86748987543999,-8.902360063084943,False
984,-3.221143824788882,-3.221143824788882,0.0,0.0,4.010000000000001,-3.221143824788882,False,0.0,0.0,34.86748987543999,-3.221143824788882,False
985,2.5491098230147182,2.5491098230147182,2.5491098230147182,0.0,4.010000000000001,0.0,False,2.5491098230147182,0.0,34.86748987543999,0.0,False
986,-3.523685216214959,-3.523685216214959,0.0,2.3451810371735404,5.23251012456001,-1.1785041790414184,False,0.0,0.0,36.09,-3.523685216214959,False
987,-11.92836767491608,-11.92836767491608,0.0,0.0,4.010000000000001,-11.92836767491608,False,0.0,0.0,36.09,-11.92836767491608,False
988,-14.19569749421232,-14.19569749421232,0.0,0.0,4.010000000000001,-14.19569749421232,False,0.0,3.103451780366844,36.09,-11.092245713845475,False
989,-24.319247990737367,-24.319247990737367,0.0,0.0,4.010000000000001,-24.319247990737367,False,0.0,20.05,34.47221392615606,-4.269247990737366,False
990,-24.4598491559244,-24.4598491559244,0.0,0.0,4.010000000000001,-24.4598491559244,False,0.0,20.05,24.020428921545182,-4.409849155924398,False
991,-18.33665832678197,-18.33665832678197,0.0,0.0,4.010000000000001,-18.33665832678197,False,0.0,18.33665832678197,13.56864391693431,0.0,False
992,6.1029718614822235,6.1029718614822235,6.1029718614822235,0.0,4.010000000000001,0.0,False,6.1029718614822235,0.0,4.010000000000001,0.0,False
993,25.510334311850038,25.510334311850038,20.05,0.0,6.936882483918696,5.460334311850037,False,20.05,0.0,6.936882483918696,5.460334311850037,False
994,12.62696583720912,12.62696583720912,12.62696583720912,0.0,16.5525246881607,0.0,False,12.62696583720912,0.0,16.5525246881607,0.0,False
995,-6.079455108127677,-6.079455108127677,0.0,6.079455108127677,22.60820476874873,0.0,False,0.0,6.079455108127677,22.60820476874873,0.0,False
996,10.496735288827924,10.496735288827924,10.496735288827924,0.0,19.4390697196049,0.0,False,0.0,0.0,19.4390697196049,10.496735288827924,False
997,33.15563371177296,33.15563371177296,20.05,0.0,24.4731271186079,13.105633711772956,False,14.669589709217886,0.0,19.4390697196049,18.48604400255507,False
998,35.69632280406672,35.69632280406672,4.17285442038997,0.0,34.0887693228499,31.523468383676747,False,20.05,0.0,26.474357795758,15.646322804066717,False
999,-8.299847966675998,-8.299847966675998,0.0,8.299847966675998,36.09,0.0,False,0.0,0.0,36.09,-8.299847966675998,False
1000,-49.28702765169767,-49.28702765169767,0.0,20.05,31.763405161164382,-29.23702765169767,False,0.0,0.0,36.09,-49.28702765169767,True
1001,-52.38252151499136,-52.38252151499136,0.0,20.05,21.31162015655351,-32.332521514991356,False,0.0,0.0,36.09,-52.38252151499136,True
1002,-42.20269333612679,-42.20269333612679,0.0,13.140262140472826,10.859835151942637,-29.062431195653964,False,0.0,0.0,36.09,-42.20269333612679,True
1003,-30.941503120714174,-30.941503120714174,0.0,0.0,4.010000000000001,-30.941503120714174,False,0.0,11.167976748137157,36.09,-19.773526372577017,False
1004,-22.025627824882655,-22.025627824882655,0.0,0.0,4.010000000000001,-22.025627824882655,False,0.0,20.05,30.268289680397867,-1.975627824882654,False
1005,-13.913735014621174,-13.913735014621174,0.0,0.0,4.010000000000001,-13.913735014621174,False,0.0,0.0,19.816504675786994,-13.913735014621174,False
1006,-4.840731567594384,-4.840731567594384,0.0,0.0,4.010000000000001,-4.840731567594384,False,0.0,0.0,19.816504675786994,-4.840731567594384,False
1007,0.31899827144591925,0.31899827144591925,0.31899827144591925,0.0,4.010000000000001,0.0,False,0.31899827144591925,0.0,19.816504675786994,0.0,False
1008,-2.911727038929002,-2.911727038929002,0.0,0.2934784097302455,4.162986196608261,-2.6182486291987566,False,0.0,0.0,19.969490872395255,-2.911727038929002,False
1009,-2.2974705870404644,-2.2974705870404644,0.0,0.0,4.010000000000001,-2.2974705870404644,False,0.0,0.0,19.969490872395255,-2.2974705870404644,False
1010,-8.32206956197056,-8.32206956197056,0.0,0.0,4.010000000000001,-8.32206956197056,False,0.0,0.0,19.969490872395255,-8.32206956197056,False
1011,-14.306207767058305,-14.306207767058305,0.0,0.0,4.010000000000001,-14.306207767058305,False,0.0,0.0,19.969490872395255,-14.306207767058305,False
1012,-15.510533303626078,-15.510533303626078,0.0,0.0,4.010000000000001,-15.510533303626078,False,0.0,0.0,19.969490872395255,-15.510533303626078,False
1013,-13.640001375645602,-13.640001375645602,0.0,0.0,4.010000000000001,-13.640001375645602,False,0.0,0.0,19.969490872395255,-13.640001375645602,False
1014,-18.65021657383087,-18.65021657383087,0.0,0.0,4.010000000000001,-18.65021657383087,False,0.0,0.0,19.969490872395255,-18.65021657383087,False
1015,-28.029433363653315,-28.029433363653315,0.0,0.0,4.010000000000001,-28.029433363653315,False,0.0,0.0,19.969490872395255,-28.029433363653315,False
1016,-27.845192422504223,-27.845192422504223,0.0,0.0,4.010000000000001,-27.845192422504223,False,0.0,0.0,19.969490872395255,-27.845192422504223,False
1017,-23.719661016618705,-23.719661016618705,0.0,0.0,4.010000000000001,-23.719661016618705,False,0.0,0.0,19.969490872395255,-23.719661016618705,False
1018,-19.32763411460568,-19.32763411460568,0.0,0.0,4.010000000000001,-19.32763411460568,False,0.0,0.0,19.969490872395255,-19.32763411460568,False
1019,-17.582416440587377,-17.582416440587377,0.0,0.0,4.010000000000001,-17.582416440587377,False,0.0,0.0,19.969490872395255,-17.582416440587377,False
1020,-13.756208260806144,-13.756208260806144,0.0,0.0,4.010000000000001,-13.756208260806144,False,0.0,0.0,19.969490872395255,-13.756208260806144,False
1021,-5.37454139779392,-5.37454139779392,0.0,0.0,4.010000000000001,-5.37454139779392,False,0.0,0.0,19.969490872395255,-5.37454139779392,False
1022,-6.874529526205968,-6.874529526205968,0.0,0.0,4.010000000000001,-6.874529526205968,False,0.0,0.0,19.969490872395255,-6.874529526205968,False
1023,-11.89466231811595,-11.89466231811595,0.0,0.0,4.010000000000001,-11.89466231811595,False,0.0,0.0,19.969490872395255,-11.89466231811595,False
1024,-15.784764294513646,-15.784764294513646,0.0,0.0,4.010000000000001,-15.784764294513646,False,0.0,0.0,19.969490872395255,-15.784764294513646,False
1025,-14.028584247240646,-14.028584247240646,0.0,0.0,4.010000000000001,-14.028584247240646,False,0.0,0.0,19.969490872395255,-14.028584247240646,False
1026,9.05758553775504,9.05758553775504,9.05758553775504,0.0,4.010000000000001,0.0,False,9.05758553775504,0.0,19.969490872395255,0.0,False
1027,1.251532104916799,1.251532104916799,1.251532104916799,0.0,8.3538654247067,0.0,False,1.251532104916799,0.0,24.313356297101958,0.0,False
1028,-20.11201797036144,-20.11201797036144,0.0,9.484388231258091,8.954079136826492,-10.627629739103348,False,0.0,20.05,24.913570009221747,-0.0620179703614383,False
1029,-22.638370588330226,-22.638370588330226,0.0,0.0,4.010000000000001,-22.638370588330226,False,0.0,20.05,14.461785004610874,-2.588370588330225,False
1030,27.8647868459592,27.8647868459592,20.05,0.0,4.010000000000001,7.814786845959198,False,0.0,0.0,4.010000000000001,27.8647868459592,False
1031,64.87415074613664,64.87415074613664,20.05,0.0,13.625642204242006,44.82415074613664,True,0.0,0.0,4.010000000000001,64.87415074613664,True
1032,59.987266603653104,59.987266603653104,20.05,0.0,23.24128440848401,39.9372666036531,False,0.0,0.0,4.010000000000001,59.987266603653104,True
1033,39.01204561629191,39.01204561629191,6.741424029509579,0.0,32.856926612726014,32.270621586782326,False,0.0,0.0,4.010000000000001,39.01204561629191,False
1034,25.896320858240394,25.896320858240394,0.0,0.0,36.09,25.896320858240394,False,0.0,0.0,4.010000000000001,25.896320858240394,False
1035,21.954671751297603,21.954671751297603,0.0,0.0,36.09,21.954671751297603,False,0.0,0.0,4.010000000000001,21.954671751297603,False
1036,21.293091553908003,21.293091553908003,0.0,0.0,36.09,21.293091553908003,False,0.0,0.0,4.010000000000001,21.293091553908003,False
1037,20.651571684341985,20.651571684341985,0.0,0.0,36.09,20.651571684341985,False,0.0,0.0,4.010000000000001,20.651571684341985,False
1038,17.45525339155968,17.45525339155968,0.0,0.0,36.09,17.45525339155968,False,0.0,0.0,4.010000000000001,17.45525339155968,False
1039,25.953411169136892,25.953411169136892,0.0,0.0,36.09,25.953411169136892,False,0.0,0.0,4.010000000000001,25.953411169136892,False
1040,33.641368059972955,33.641368059972955,0.0,0.0,36.09,33.641368059972955,False,0.0,0.0,4.010000000000001,33.641368059972955,False
1041,61.358002925188806,61.358002925188806,0.0,0.0,36.09,61.358002925188806,True,0.0,0.0,4.010000000000001,61.358002925188806,True
1042,65.742491530572,65.742491530572,0.0,0.0,36.09,65.742491530572,True,0.0,0.0,4.010000000000001,65.742491530572,True
1043,45.8985308174568,45.8985308174568,0.0,0.0,36.09,45.8985308174568,True,6.741424029509581,0.0,4.010000000000001,39.15710678794722,False
1044,29.870717473878955,29.870717473878955,0.0,0.0,36.09,29.870717473878955,False,20.05,0.0,7.243073387273991,9.820717473878954,False
1045,32.49069443602488,32.49069443602488,0.0,0.0,36.09,32.49069443602488,False,20.05,0.0,16.858715591515995,12.44069443602488,False
1046,27.78268271840158,27.78268271840158,0.0,0.0,36.09,27.78268271840158,False,20.05,0.0,26.474357795758,7.7326827184015805,False
1047,-25.229863287086406,-25.229863287086406,0.0,20.05,36.09,-5.179863287086405,False,0.0,0.0,36.09,-25.229863287086406,False
1048,-69.88214799115175,-69.88214799115175,0.0,20.05,25.63821499538913,-49.83214799115176,True,0.0,0.0,36.09,-69.88214799115175,True
1049,-66.96950857285944,-66.96950857285944,0.0,20.05,15.186429990778258,-46.91950857285944,True,0.0,0.0,36.09,-66.96950857285944,True
1050,-40.4504784835577,-40.4504784835577,0.0,1.3901101071488213,4.734644986167385,-39.06036837640888,False,0.0,2.982129691835566,36.09,-37.468348791722136,False
1051,-19.652373866198737,-19.652373866198737,0.0,0.0,4.010000000000001,-19.652373866198737,False,0.0,0.0,34.53545743666176,-19.652373866198737,False
1052,-9.256393902385176,-9.256393902385176,0.0,0.0,4.010000000000001,-9.256393902385176,False,0.0,0.0,34.53545743666176,-9.256393902385176,False
1053,-5.104703047836672,-5.104703047836672,0.0,0.0,4.010000000000001,-5.104703047836672,False,0.0,0.0,34.53545743666176,-5.104703047836672,False
1054,0.44637724691788766,0.44637724691788766,0.44637724691788766,0.0,4.010000000000001,0.0,False,0.44637724691788766,0.0,34.53545743666176,0.0,False
1055,2.795068070294687,2.795068070294687,2.795068070294687,0.0,4.224075007205836,0.0,False,2.795068070294687,0.0,34.749532443867594,0.0,False
1056,-2.918083448745816,-2.918083448745816,0.0,2.918083448745816,5.5645425633382475,0.0,False,0.0,0.0,36.09,-2.918083448745816,False
1057,-5.511899660260392,-5.511899660260392,0.0,0.06404624308975437,4.043386412126043,-5.447853417170638,False,0.0,0.0,36.09,-5.511899660260392,False
1058,-8.471797725635975,-8.471797725635975,0.0,0.0,4.010000000000001,-8.471797725635975,False,0.0,0.0,36.09,-8.471797725635975,False
1059,-12.165015446330878,-12.165015446330878,0.0,0.0,4.010000000000001,-12.165015446330878,False,0.0,0.0,36.09,-12.165015446330878,False
1060,-18.034518842972243,-18.034518842972243,0.0,0.0,4.010000000000001,-18.034518842972243,False,0.0,0.0,36.09,-18.034518842972243,False
1061,-24.218623723860752,-24.218623723860752,0.0,0.0,4.010000000000001,-24.218623723860752,False,0.0,1.3901101071488196,36.09,-22.82851361671193,False
1062,-25.92015196684693,-25.92015196684693,0.0,0.0,4.010000000000001,-25.92015196684693,False,0.0,20.05,35.36535501383262,-5.8701519668469295,False
1063,-23.91156868856837,-23.91156868856837,0.0,0.0,4.010000000000001,-23.91156868856837,False,0.0,20.05,24.913570009221747,-3.8615686885683687,False
1064,-21.346510834827903,-21.346510834827903,0.0,0.0,4.010000000000001,-21.346510834827903,False,0.0,20.05,14.461785004610874,-1.2965108348279024,False
1065,-19.347761744178143,-19.347761744178143,0.0,0.0,4.010000000000001,-19.347761744178143,False,0.0,0.0,4.010000000000001,-19.347761744178143,False
1066,-15.27064984039238,-15.27064984039238,0.0,0.0,4.010000000000001,-15.27064984039238,False,0.0,0.0,4.010000000000001,-15.27064984039238,False
1067,-12.213243559082303,-12.213243559082303,0.0,0.0,4.010000000000001,-12.213243559082303,False,0.0,0.0,4.010000000000001,-12.213243559082303,False
1068,-4.607937021604871,-4.607937021604871,0.0,0.0,4.010000000000001,-4.607937021604871,False,0.0,0.0,4.010000000000001,-4.607937021604871,False
1069,8.998546280381039,8.998546280381039,8.998546280381039,0.0,4.010000000000001,0.0,False,0.0,0.0,4.010000000000001,8.998546280381039,False
1070,6.366545139710399,6.366545139710399,6.366545139710399,0.0,8.32555119154398,0.0,False,0.0,0.0,4.010000000000001,6.366545139710399,False
1071,10.147443218280241,10.147443218280241,10.147443218280241,0.0,11.37883897910563,0.0,False,1.287234006785762,0.0,4.010000000000001,8.860209211494478,False
1072,27.257931383114638,27.257931383114638,20.05,0.0,16.245381785831057,7.207931383114637,False,20.05,0.0,4.62733574276233,7.207931383114637,False
1073,23.77993323802584,23.77993323802584,20.05,0.0,25.86102399007306,3.72993323802584,False,20.05,0.0,14.242977947004334,3.72993323802584,False
1074,10.945033039222313,10.945033039222313,1.2788893911379065,0.0,35.476666194315065,9.666143648084407,False,10.945033039222313,0.0,23.85862015124634,0.0,False
1075,3.6215832214449555,3.6215832214449555,0.0,0.0,36.09,3.6215832214449555,False,3.6215832214449555,0.0,29.107673598566496,0.0,False
1076,10.937573762056553,10.937573762056553,0.0,0.0,36.09,10.937573762056553,False,10.937573762056553,0.0,30.844523896337112,0.0,False
1077,-1.643961391641117,-1.643961391641117,0.0,1.643961391641117,36.09,0.0,False,0.0,0.0,36.09,-1.643961391641117,False
1078,-27.8302846845252,-27.8302846845252,0.0,20.05,35.23302588422375,-7.780284684525199,False,0.0,0.0,36.09,-27.8302846845252,False
1079,-46.07177873901912,-46.07177873901912,0.0,20.05,24.781240879612877,-26.021778739019123,False,0.0,1.3901101071488196,36.09,-44.6816686318703,True
1080,-48.38466202745791,-48.38466202745791,0.0,19.7961487155077,14.329455875002004,-28.588513311950205,False,0.0,20.05,35.36535501383262,-28.334662027457906,False
1081,-35.62625807804846,-35.62625807804846,0.0,1.7038216254095743e-15,4.010000000000002,-35.62625807804846,False,0.0,20.05,24.913570009221747,-15.576258078048458,False
1082,-22.57030448388984,-22.57030448388984,0.0,0.0,4.010000000000001,-22.57030448388984,False,0.0,20.05,14.461785004610874,-2.520304483889838,False
1083,-15.598522328152796,-15.598522328152796,0.0,0.0,4.010000000000001,-15.598522328152796,False,0.0,0.0,4.010000000000001,-15.598522328152796,False
1084,-12.380680775841515,-12.380680775841515,0.0,0.0,4.010000000000001,-12.380680775841515,False,0.0,0.0,4.010000000000001,-12.380680775841515,False
1085,-9.464055251230464,-9.464055251230464,0.0,0.0,4.010000000000001,-9.464055251230464,False,0.0,0.0,4.010000000000001,-9.464055251230464,False
1086,-4.886161249591704,-4.886161249591704,0.0,0.0,4.010000000000001,-4.886161249591704,False,0.0,0.0,4.010000000000001,-4.886161249591704,False
1087,13.545025788617759,13.545025788617759,13.545025788617759,0.0,4.010000000000001,0.0,False,0.5187463931371878,0.0,4.010000000000001,13.026279395480572,False
1088,28.0019241744108,28.0019241744108,20.05,0.0,10.505966166113678,7.951924174410799,False,20.05,0.0,4.2587820304812105,7.951924174410799,False
1089,30.068614660962712,30.068614660962712,20.05,0.0,20.12160837035568,10.018614660962712,False,20.05,0.0,13.874424234723215,10.018614660962712,False
1090,29.899921625618155,29.899921625618155,13.246398240891828,0.0,29.737250574597685,16.653523384726327,False,20.05,0.0,23.49006643896522,9.849921625618155,False
1091,6.222677636372392,6.222677636372392,0.0,0.0,36.09,6.222677636372392,False,6.222677636372392,0.0,33.10570864320722,0.0,False
1092,-17.023516678653596,-17.023516678653596,0.0,17.023516678653596,36.09,0.0,False,0.0,0.0,36.09,-17.023516678653596,False
1093,-20.041507370256962,-20.041507370256962,0.0,20.041507370256962,27.21587848639927,0.0,False,0.0,0.0,36.09,-20.041507370256962,False
1094,-15.936505301257437,-15.936505301257437,0.0,15.936505301257437,16.76852057107508,0.0,False,0.0,0.0,36.09,-15.936505301257437,False
1095,-17.155085588598002,-17.155085588598002,0.0,8.538580756980828,8.461042908552178,-8.616504831617174,False,0.0,0.0,36.09,-17.155085588598002,False
1096,-23.168382676986717,-23.168382676986717,0.0,0.0,4.010000000000001,-23.168382676986717,False,0.0,0.0,36.09,-23.168382676986717,False
1097,-27.304373595887277,-27.304373595887277,0.0,0.0,4.010000000000001,-27.304373595887277,False,0.0,0.0,36.09,-27.304373595887277,False
1098,-23.712273948621,-23.712273948621,0.0,0.0,4.010000000000001,-23.712273948621,False,0.0,0.0,36.09,-23.712273948621,False
1099,-17.87104960512619,-17.87104960512619,0.0,0.0,4.010000000000001,-17.87104960512619,False,0.0,0.0,36.09,-17.87104960512619,False
1100,-12.697027158079367,-12.697027158079367,0.0,0.0,4.010000000000001,-12.697027158079367,False,0.0,0.0,36.09,-12.697027158079367,False
1101,-8.726021669251129,-8.726021669251129,0.0,0.0,4.010000000000001,-8.726021669251129,False,0.0,0.0,36.09,-8.726021669251129,False
1102,-10.542357061233453,-10.542357061233453,0.0,0.0,4.010000000000001,-10.542357061233453,False,0.0,0.0,36.09,-10.542357061233453,False
1103,-12.25593550208119,-12.25593550208119,0.0,0.0,4.010000000000001,-12.25593550208119,False,0.0,0.0,36.09,-12.25593550208119,False
1104,-12.927139048347046,-12.927139048347046,0.0,0.0,4.010000000000001,-12.927139048347046,False,0.0,0.0,36.09,-12.927139048347046,False
1105,-16.37252368732934,-16.37252368732934,0.0,0.0,4.010000000000001,-16.37252368732934,False,0.0,0.0,36.09,-16.37252368732934,False
1106,-19.581302418187054,-19.581302418187054,0.0,0.0,4.010000000000001,-19.581302418187054,False,0.0,0.0,36.09,-19.581302418187054,False
1107,-19.765657051219044,-19.765657051219044,0.0,0.0,4.010000000000001,-19.765657051219044,False,0.0,7.196272346946338,36.09,-12.569384704272707,False
1108,-17.277245073082174,-17.277245073082174,0.0,0.0,4.010000000000001,-17.277245073082174,False,0.0,17.277245073082174,32.33868372045339,0.0,False
1109,-7.721538460490975,-7.721538460490975,0.0,0.0,4.010000000000001,-7.721538460490975,False,0.0,7.721538460490975,23.33229713811786,0.0,False
1110,5.435804016514318,5.435804016514318,5.435804016514318,0.0,4.010000000000001,0.0,False,5.435804016514318,0.0,19.30716696884675,0.0,False
1111,18.694899526900322,18.694899526900322,18.694899526900322,0.0,6.616920025694927,0.0,False,18.694899526900322,0.0,21.914086994541677,0.0,False
1112,10.863922413671759,10.863922413671759,10.863922413671759,0.0,15.58267887332219,0.0,False,10.863922413671759,0.0,30.87984584216894,0.0,False
1113,-7.530482816663762,-7.530482816663762,0.0,7.530482816663762,20.79283303115325,0.0,False,0.0,7.530482816663762,36.09,0.0,False
1114,-7.414739832843597,-7.414739832843597,0.0,7.414739832843597,16.867297500944467,0.0,False,0.0,7.414739832843597,32.16446446979122,0.0,False
1115,4.09131137097912,4.09131137097912,4.09131137097912,0.0,13.002097171866879,0.0,False,4.09131137097912,0.0,28.299264140713632,0.0,False
1116,3.6519290992809608,3.6519290992809608,3.6519290992809608,0.0,14.964221176329824,0.0,False,3.6519290992809608,0.0,30.261388145176575,0.0,False
1117,-2.361424073898478,-2.361424073898478,0.0,2.361424073898478,16.71562484585329,0.0,False,0.0,0.0,32.01279181470004,-2.361424073898478,False
1118,0.7218913776959992,0.7218913776959992,0.7218913776959992,0.0,15.484647453080262,0.0,False,0.7218913776959992,0.0,32.01279181470004,0.0,False
1119,-5.723090344864559,-5.723090344864559,0.0,5.723090344864559,15.830854395636473,0.0,False,0.0,0.0,32.35899875725625,-5.723090344864559,False
1120,-17.801056186913275,-17.801056186913275,0.0,16.95324011236869,12.847487320998635,-0.8478160745445855,False,0.0,0.0,32.35899875725625,-17.801056186913275,False
1121,-20.796240398976,-20.796240398976,0.0,1.7038216254095743e-15,4.010000000000002,-20.796240398976,False,0.0,0.0,32.35899875725625,-20.796240398976,False
1122,-19.919364711209997,-19.919364711209997,0.0,0.0,4.010000000000001,-19.919364711209997,False,0.0,0.0,32.35899875725625,-19.919364711209997,False
1123,-8.426785875329522,-8.426785875329522,0.0,0.0,4.010000000000001,-8.426785875329522,False,0.0,0.0,32.35899875725625,-8.426785875329522,False
1124,-8.727406362673438,-8.727406362673438,0.0,0.0,4.010000000000001,-8.727406362673438,False,0.0,0.0,32.35899875725625,-8.727406362673438,False
1125,0.054394234885435246,0.054394234885435246,0.054394234885435246,0.0,4.010000000000001,0.0,False,0.054394234885435246,0.0,32.35899875725625,0.0,False
1126,-5.675638605858962,-5.675638605858962,0.0,0.05004269609459972,4.036086558635005,-5.625595909764362,False,0.0,0.0,32.38508531589126,-5.675638605858962,False
1127,-15.418718495160961,-15.418718495160961,0.0,0.0,4.010000000000001,-15.418718495160961,False,0.0,0.0,32.38508531589126,-15.418718495160961,False
1128,-19.7000431340712,-19.7000431340712,0.0,0.0,4.010000000000001,-19.7000431340712,False,0.0,0.0,32.38508531589126,-19.7000431340712,False
1129,-23.768112767473127,-23.768112767473127,0.0,0.0,4.010000000000001,-23.768112767473127,False,0.0,0.0,32.38508531589126,-23.768112767473127,False
1130,-25.332526095893712,-25.332526095893712,0.0,0.0,4.010000000000001,-25.332526095893712,False,0.0,0.0,32.38508531589126,-25.332526095893712,False
1131,-24.480685056282528,-24.480685056282528,0.0,0.0,4.010000000000001,-24.480685056282528,False,0.0,0.0,32.38508531589126,-24.480685056282528,False
1132,-21.402048778808098,-21.402048778808098,0.0,0.0,4.010000000000001,-21.402048778808098,False,0.0,14.877856236559268,32.38508531589126,-6.52419254224883,False
1133,-20.13752068615538,-20.13752068615538,0.0,0.0,4.010000000000001,-20.13752068615538,False,0.0,20.05,24.629466626912382,-0.08752068615537922,False
1134,-18.23883990787303,-18.23883990787303,0.0,0.0,4.010000000000001,-18.23883990787303,False,0.0,0.0,14.17768162230151,-18.23883990787303,False
1135,-17.235661641965812,-17.235661641965812,0.0,0.0,4.010000000000001,-17.235661641965812,False,0.0,0.0,14.17768162230151,-17.235661641965812,False
1136,-14.626943865805247,-14.626943865805247,0.0,0.0,4.010000000000001,-14.626943865805247,False,0.0,0.0,14.17768162230151,-14.626943865805247,False
1137,-8.964667861940976,-8.964667861940976,0.0,0.0,4.010000000000001,-8.964667861940976,False,0.0,0.0,14.17768162230151,-8.964667861940976,False
1138,-4.04663382608592,-4.04663382608592,0.0,0.0,4.010000000000001,-4.04663382608592,False,0.0,0.0,14.17768162230151,-4.04663382608592,False
1139,3.482868508254361,3.482868508254361,3.482868508254361,0.0,4.010000000000001,0.0,False,3.482868508254361,0.0,14.17768162230151,0.0,False
1140,-5.885678951344896,-5.885678951344896,0.0,3.2042390275940127,5.680325058343942,-2.681439923750883,False,0.0,0.0,15.848006680645451,-5.885678951344896,False
1141,-20.13286348525512,-20.13286348525512,0.0,0.0,4.010000000000001,-20.13286348525512,False,0.0,0.0,15.848006680645451,-20.13286348525512,False
1142,-25.78093882010909,-25.78093882010909,0.0,0.0,4.010000000000001,-25.78093882010909,False,0.0,0.0,15.848006680645451,-25.78093882010909,False
1143,-20.782914252095278,-20.782914252095278,0.0,0.0,4.010000000000001,-20.782914252095278,False,0.0,0.0,15.848006680645451,-20.782914252095278,False
1144,-11.3864744239512,-11.3864744239512,0.0,0.0,4.010000000000001,-11.3864744239512,False,0.0,0.0,15.848006680645451,-11.3864744239512,False
1145,-9.3973121469426,-9.3973121469426,0.0,0.0,4.010000000000001,-9.3973121469426,False,0.0,0.0,15.848006680645451,-9.3973121469426,False
1146,-13.88623824415375,-13.88623824415375,0.0,0.0,4.010000000000001,-13.88623824415375,False,0.0,0.0,15.848006680645451,-13.88623824415375,False
1147,-14.33067355519296,-14.33067355519296,0.0,0.0,4.010000000000001,-14.33067355519296,False,0.0,0.0,15.848006680645451,-14.33067355519296,False
1148,-9.814612033808881,-9.814612033808881,0.0,0.0,4.010000000000001,-9.814612033808881,False,0.0,0.0,15.848006680645451,-9.814612033808881,False
1149,-13.379570047514688,-13.379570047514688,0.0,0.0,4.010000000000001,-13.379570047514688,False,0.0,0.0,15.848006680645451,-13.379570047514688,False
1150,-21.905890201843462,-21.905890201843462,0.0,0.0,4.010000000000001,-21.905890201843462,False,0.0,0.0,15.848006680645451,-21.905890201843462,False
1151,-21.737928672412153,-21.737928672412153,0.0,0.0,4.010000000000001,-21.737928672412153,False,0.0,0.0,15.848006680645451,-21.737928672412153,False
1152,-17.639410606128337,-17.639410606128337,0.0,0.0,4.010000000000001,-17.639410606128337,False,0.0,0.0,15.848006680645451,-17.639410606128337,False
1153,-16.89109608110155,-16.89109608110155,0.0,0.0,4.010000000000001,-16.89109608110155,False,0.0,0.0,15.848006680645451,-16.89109608110155,False
1154,-18.230032125996168,-18.230032125996168,0.0,0.0,4.010000000000001,-18.230032125996168,False,0.0,0.0,15.848006680645451,-18.230032125996168,False
1155,-18.61834526980842,-18.61834526980842,0.0,0.0,4.010000000000001,-18.61834526980842,False,0.0,0.0,15.848006680645451,-18.61834526980842,False
1156,-17.90129272761348,-17.90129272761348,0.0,0.0,4.010000000000001,-17.90129272761348,False,0.0,0.0,15.848006680645451,-17.90129272761348,False
1157,-18.592759067797434,-18.592759067797434,0.0,0.0,4.010000000000001,-18.592759067797434,False,0.0,0.0,15.848006680645451,-18.592759067797434,False
1158,-19.393645692950013,-19.393645692950013,0.0,0.0,4.010000000000001,-19.393645692950013,False,0.0,0.0,15.848006680645451,-19.393645692950013,False
1159,-19.356277069910764,-19.356277069910764,0.0,0.0,4.010000000000001,-19.356277069910764,False,0.0,0.0,15.848006680645451,-19.356277069910764,False
1160,-18.621278510372157,-18.621278510372157,0.0,0.0,4.010000000000001,-18.621278510372157,False,0.0,0.0,15.848006680645451,-18.621278510372157,False
1161,-17.5081093007568,-17.5081093007568,0.0,0.0,4.010000000000001,-17.5081093007568,False,0.0,0.0,15.848006680645451,-17.5081093007568,False
1162,-12.131531624454096,-12.131531624454096,0.0,0.0,4.010000000000001,-12.131531624454096,False,0.0,0.0,15.848006680645451,-12.131531624454096,False
1163,0.006712147632240096,0.006712147632240096,0.006712147632240096,0.0,4.010000000000001,0.0,False,0.006712147632240096,0.0,15.848006680645451,0.0,False
1164,3.924174688577039,3.924174688577039,3.924174688577039,0.0,4.013219032920383,0.0,False,3.924174688577039,0.0,15.851225713565833,0.0,False
1165,14.047555528610157,14.047555528610157,14.047555528610157,0.0,5.895187100366747,0.0,False,14.047555528610157,0.0,17.733193781012197,0.0,False
1166,11.54913834429336,11.54913834429336,11.54913834429336,0.0,12.632158063326195,0.0,False,11.54913834429336,0.0,24.470164743971644,0.0,False
1167,7.667888550899521,7.667888550899521,7.667888550899521,0.0,18.170930237192373,0.0,False,7.667888550899521,0.0,30.008936917837822,0.0,False
1168,-9.555438206807038,-9.555438206807038,0.0,9.555438206807038,21.848320400157633,0.0,False,0.0,0.0,33.68632708080308,-9.555438206807038,False
1169,-14.296545960039834,-14.296545960039834,0.0,14.296545960039834,16.867203903280245,0.0,False,0.0,0.0,33.68632708080308,-14.296545960039834,False
1170,-16.778604412720558,-16.778604412720558,0.0,10.367847552364463,9.414614143535882,-6.410756860356095,False,0.0,0.0,33.68632708080308,-16.778604412720558,False
1171,-18.657224568734154,-18.657224568734154,0.0,0.0,4.010000000000001,-18.657224568734154,False,0.0,0.0,33.68632708080308,-18.657224568734154,False
1172,-11.99173147026024,-11.99173147026024,0.0,0.0,4.010000000000001,-11.99173147026024,False,0.0,0.0,33.68632708080308,-11.99173147026024,False
1173,-11.8752834204996,-11.8752834204996,0.0,0.0,4.010000000000001,-11.8752834204996,False,0.0,0.0,33.68632708080308,-11.8752834204996,False
1174,-16.37691793068225,-16.37691793068225,0.0,0.0,4.010000000000001,-16.37691793068225,False,0.0,0.0,33.68632708080308,-16.37691793068225,False
1175,-21.147837955027917,-21.147837955027917,0.0,0.0,4.010000000000001,-21.147837955027917,False,0.0,0.0,33.68632708080308,-21.147837955027917,False
1176,-19.63535633857452,-19.63535633857452,0.0,0.0,4.010000000000001,-19.63535633857452,False,0.0,0.0,33.68632708080308,-19.63535633857452,False
1177,-18.232270910660016,-18.232270910660016,0.0,0.0,4.010000000000001,-18.232270910660016,False,0.0,0.0,33.68632708080308,-18.232270910660016,False
1178,-17.973395735168758,-17.973395735168758,0.0,0.0,4.010000000000001,-17.973395735168758,False,0.0,0.0,33.68632708080308,-17.973395735168758,False
1179,-17.311013525271864,-17.311013525271864,0.0,0.0,4.010000000000001,-17.311013525271864,False,0.0,0.0,33.68632708080308,-17.311013525271864,False
1180,-16.33153311651751,-16.33153311651751,0.0,0.0,4.010000000000001,-16.33153311651751,False,0.0,0.0,33.68632708080308,-16.33153311651751,False
1181,-17.87199102839899,-17.87199102839899,0.0,0.0,4.010000000000001,-17.87199102839899,False,0.0,0.0,33.68632708080308,-17.87199102839899,False
1182,-19.233628994760117,-19.233628994760117,0.0,0.0,4.010000000000001,-19.233628994760117,False,0.0,0.0,33.68632708080308,-19.233628994760117,False
1183,-19.33547736026688,-19.33547736026688,0.0,0.0,4.010000000000001,-19.33547736026688,False,0.0,0.0,33.68632708080308,-19.33547736026688,False
1184,-19.485684537119234,-19.485684537119234,0.0,0.0,4.010000000000001,-19.485684537119234,False,0.0,0.0,33.68632708080308,-19.485684537119234,False
1185,-19.35910671585696,-19.35910671585696,0.0,0.0,4.010000000000001,-19.35910671585696,False,0.0,0.0,33.68632708080308,-19.35910671585696,False
1186,-16.56334157170447,-16.56334157170447,0.0,0.0,4.010000000000001,-16.56334157170447,False,0.0,0.0,33.68632708080308,-16.56334157170447,False
1187,-17.55318805220647,-17.55318805220647,0.0,0.0,4.010000000000001,-17.55318805220647,False,0.0,0.0,33.68632708080308,-17.55318805220647,False
1188,-10.072345683506159,-10.072345683506159,0.0,0.0,4.010000000000001,-10.072345683506159,False,0.0,0.0,33.68632708080308,-10.072345683506159,False
1189,1.8521381196525601,1.8521381196525601,1.8521381196525601,0.0,4.010000000000001,0.0,False,1.8521381196525601,0.0,33.68632708080308,0.0,False
1190,0.3806266431229446,0.3806266431229446,0.3806266431229446,0.0,4.89825423797589,0.0,False,0.3806266431229446,0.0,34.57458131877897,0.0,False
1191,2.779239740536556,2.779239740536556,2.779239740536556,0.0,5.080796363346062,0.0,False,2.779239740536556,0.0,34.75712344414914,0.0,False
1192,-3.029562185745838,-3.029562185745838,0.0,3.029562185745838,6.41367291919693,0.0,False,0.0,0.0,36.09,-3.029562185745838,False
1193,-18.50311758503328,-18.50311758503328,0.0,1.581481957301259,4.83440445917127,-16.92163562773202,False,0.0,0.0,36.09,-18.50311758503328,False
1194,-22.627653185429278,-22.627653185429278,0.0,0.0,4.010000000000001,-22.627653185429278,False,0.0,18.14389758150078,36.09,-4.483755603928497,False
1195,-20.289249915093123,-20.289249915093123,0.0,0.0,4.010000000000001,-20.289249915093123,False,0.0,20.05,26.631839567704475,-0.2392499150931222,False
1196,-14.292049161641039,-14.292049161641039,0.0,0.0,4.010000000000001,-14.292049161641039,False,0.0,14.292049161641039,16.180054563093602,0.0,False
1197,-9.054163364006998,-9.054163364006998,0.0,0.0,4.010000000000001,-9.054163364006998,False,0.0,9.054163364006998,8.729808921557382,0.0,False
1198,1.9423284722150407,1.9423284722150407,1.9423284722150407,0.0,4.010000000000001,0.0,False,1.9423284722150407,0.0,4.010000000000001,0.0,False
1199,10.895526193242484,10.895526193242484,10.895526193242484,0.0,4.941508011567674,0.0,False,10.895526193242484,0.0,4.941508011567674,0.0,False
1200,5.230103031407521,5.230103031407521,5.230103031407521,0.0,10.166818809630847,0.0,False,5.230103031407521,0.0,10.166818809630847,0.0,False
1201,-15.22486542209376,-15.22486542209376,0.0,15.22486542209376,12.675088108450607,0.0,False,0.0,0.0,12.675088108450607,-15.22486542209376,False
1202,-26.20117694910062,-26.20117694910062,0.0,1.3976556590220817,4.738578376986361,-24.80352129007854,False,0.0,0.0,12.675088108450607,-26.20117694910062,False
1203,-27.420083529741483,-27.420083529741483,0.0,0.0,4.010000000000001,-27.420083529741483,False,0.0,0.0,12.675088108450607,-27.420083529741483,False
1204,-26.98381216120286,-26.98381216120286,0.0,0.0,4.010000000000001,-26.98381216120286,False,0.0,0.0,12.675088108450607,-26.98381216120286,False
1205,-23.495601176026774,-23.495601176026774,0.0,0.0,4.010000000000001,-23.495601176026774,False,0.0,0.0,12.675088108450607,-23.495601176026774,False
1206,-21.63217218648816,-21.63217218648816,0.0,0.0,4.010000000000001,-21.63217218648816,False,0.0,0.0,12.675088108450607,-21.63217218648816,False
1207,-20.21041490989574,-20.21041490989574,0.0,0.0,4.010000000000001,-20.21041490989574,False,0.0,0.0,12.675088108450607,-20.21041490989574,False
1208,-19.082842270730428,-19.082842270730428,0.0,0.0,4.010000000000001,-19.082842270730428,False,0.0,0.0,12.675088108450607,-19.082842270730428,False
1209,-18.193157229387797,-18.193157229387797,0.0,0.0,4.010000000000001,-18.193157229387797,False,0.0,0.0,12.675088108450607,-18.193157229387797,False
1210,-18.32736733036643,-18.32736733036643,0.0,0.0,4.010000000000001,-18.32736733036643,False,0.0,0.0,12.675088108450607,-18.32736733036643,False
1211,-17.597858630567455,-17.597858630567455,0.0,0.0,4.010000000000001,-17.597858630567455,False,0.0,0.0,12.675088108450607,-17.597858630567455,False
1212,-15.639488161565865,-15.639488161565865,0.0,0.0,4.010000000000001,-15.639488161565865,False,0.0,0.0,12.675088108450607,-15.639488161565865,False
1213,-13.305770875645774,-13.305770875645774,0.0,0.0,4.010000000000001,-13.305770875645774,False,0.0,0.0,12.675088108450607,-13.305770875645774,False
1214,-13.76819968981914,-13.76819968981914,0.0,0.0,4.010000000000001,-13.76819968981914,False,0.0,0.0,12.675088108450607,-13.76819968981914,False
1215,-13.837224944332247,-13.837224944332247,0.0,0.0,4.010000000000001,-13.837224944332247,False,0.0,0.0,12.675088108450607,-13.837224944332247,False
1216,-15.238237838926825,-15.238237838926825,0.0,0.0,4.010000000000001,-15.238237838926825,False,0.0,0.0,12.675088108450607,-15.238237838926825,False
1217,-16.30936800661932,-16.30936800661932,0.0,0.0,4.010000000000001,-16.30936800661932,False,0.0,0.0,12.675088108450607,-16.30936800661932,False
1218,-16.861202487042142,-16.861202487042142,0.0,0.0,4.010000000000001,-16.861202487042142,False,0.0,0.0,12.675088108450607,-16.861202487042142,False
1219,-20.37178769826468,-20.37178769826468,0.0,0.0,4.010000000000001,-20.37178769826468,False,0.0,0.0,12.675088108450607,-20.37178769826468,False
1220,-20.78692291251199,-20.78692291251199,0.0,0.0,4.010000000000001,-20.78692291251199,False,0.0,0.0,12.675088108450607,-20.78692291251199,False
1221,-18.727810482700463,-18.727810482700463,0.0,0.0,4.010000000000001,-18.727810482700463,False,0.0,0.0,12.675088108450607,-18.727810482700463,False
1222,-18.856955367929377,-18.856955367929377,0.0,0.0,4.010000000000001,-18.856955367929377,False,0.0,0.0,12.675088108450607,-18.856955367929377,False
1223,-16.617361340460445,-16.617361340460445,0.0,0.0,4.010000000000001,-16.617361340460445,False,0.0,0.0,12.675088108450607,-16.617361340460445,False
1224,-16.073848941617758,-16.073848941617758,0.0,0.0,4.010000000000001,-16.073848941617758,False,0.0,0.0,12.675088108450607,-16.073848941617758,False
1225,-15.052361425219777,-15.052361425219777,0.0,0.0,4.010000000000001,-15.052361425219777,False,0.0,0.0,12.675088108450607,-15.052361425219777,False
1226,-9.773641893885097,-9.773641893885097,0.0,0.0,4.010000000000001,-9.773641893885097,False,0.0,0.0,12.675088108450607,-9.773641893885097,False
1227,0.16081312224839875,0.16081312224839875,0.16081312224839875,0.0,4.010000000000001,0.0,False,0.16081312224839875,0.0,12.675088108450607,0.0,False
1228,-0.01937529216552064,-0.01937529216552064,0.0,0.01937529216552064,4.087123264104122,0.0,False,0.0,0.0,12.75221137255473,-0.01937529216552064,False
1229,-11.410755132276478,-11.410755132276478,0.0,0.1285727803030055,4.077023194871426,-11.282182351973471,False,0.0,0.0,12.75221137255473,-11.410755132276478,False
1230,-19.191458840617752,-19.191458840617752,0.0,0.0,4.010000000000001,-19.191458840617752,False,0.0,0.0,12.75221137255473,-19.191458840617752,False
1231,-10.86132448604448,-10.86132448604448,0.0,0.0,4.010000000000001,-10.86132448604448,False,0.0,0.0,12.75221137255473,-10.86132448604448,False
1232,2.651612790168478,2.651612790168478,2.651612790168478,0.0,4.010000000000001,0.0,False,2.651612790168478,0.0,12.75221137255473,0.0,False
1233,2.0843031138662425,2.0843031138662425,2.0843031138662425,0.0,5.281668820670919,0.0,False,2.0843031138662425,0.0,14.023880193225647,0.0,False
1234,-13.572773738826482,-13.572773738826482,0.0,4.357042631711942,6.281265478432777,-9.21573110711454,False,0.0,0.0,15.023476850987507,-13.572773738826482,False
1235,-20.067375478462438,-20.067375478462438,0.0,0.0,4.010000000000001,-20.067375478462438,False,0.0,0.0,15.023476850987507,-20.067375478462438,False
1236,-12.98327952325212,-12.98327952325212,0.0,0.0,4.010000000000001,-12.98327952325212,False,0.0,0.0,15.023476850987507,-12.98327952325212,False
1237,-13.87399914069888,-13.87399914069888,0.0,0.0,4.010000000000001,-13.87399914069888,False,0.0,5.478457060704789,15.023476850987507,-8.39554207999409,False
1238,-15.649054724591522,-15.649054724591522,0.0,0.0,4.010000000000001,-15.649054724591522,False,0.0,15.649054724591522,12.167633691113249,0.0,False
1239,31.924742812869354,31.924742812869354,20.05,0.0,4.010000000000001,11.874742812869354,False,20.05,0.0,4.010000000000001,11.874742812869354,False
1240,27.209323896814556,27.209323896814556,20.05,0.0,13.625642204242006,7.159323896814556,False,20.05,0.0,13.625642204242006,7.159323896814556,False
1241,-1.079301721700397,-1.079301721700397,0.0,1.079301721700397,23.24128440848401,0.0,False,0.0,0.0,23.24128440848401,-1.079301721700397,False
1242,-17.875062071296558,-17.875062071296558,0.0,17.875062071296558,22.678659493256134,0.0,False,0.0,0.0,23.24128440848401,-17.875062071296558,False
1243,-30.5064505948596,-30.5064505948596,0.0,17.937636207003052,13.360639258180527,-12.568814387856548,False,0.0,0.0,23.24128440848401,-30.5064505948596,False
1244,-38.62169066561294,-38.62169066561294,0.0,1.7038216254095743e-15,4.010000000000002,-38.62169066561294,False,0.0,0.0,23.24128440848401,-38.62169066561294,False
1245,-37.07139548143917,-37.07139548143917,0.0,0.0,4.010000000000001,-37.07139548143917,False,0.0,16.842000000000006,23.24128440848401,-20.229395481439163,False
1246,-25.819446837720264,-25.819446837720264,0.0,0.0,4.010000000000001,-25.819446837720264,False,0.0,20.05,14.461785004610874,-5.769446837720263,False
1247,8.54150531171904,8.54150531171904,8.54150531171904,0.0,4.010000000000001,0.0,False,8.54150531171904,0.0,4.010000000000001,0.0,False
1248,36.0700918797072,36.0700918797072,20.05,0.0,8.106362043048522,16.0200918797072,False,20.05,0.0,8.106362043048522,16.0200918797072,False
1249,19.90993445425608,19.90993445425608,19.90993445425608,0.0,17.722004247290528,0.0,False,19.90993445425608,0.0,17.722004247290528,0.0,False
1250,-14.601719330573282,-14.601719330573282,0.0,14.601719330573282,27.27047337557166,0.0,False,0.0,14.601719330573282,27.27047337557166,0.0,False
1251,-5.492858272902477,-5.492858272902477,0.0,5.492858272902477,19.658800999470788,0.0,False,0.0,5.492858272902477,19.658800999470788,0.0,False
1252,38.023286780124245,38.023286780124245,20.05,0.0,16.795450688788748,17.973286780124244,False,0.0,0.0,16.795450688788748,38.023286780124245,False
1253,55.43769241678561,55.43769241678561,20.05,0.0,26.41109289303075,35.38769241678561,False,0.13191644122549911,0.0,16.795450688788748,55.30577597556011,True
1254,44.77625813092367,44.77625813092367,0.13191644122549911,0.0,36.026735097272756,44.64434168969817,True,20.05,0.0,16.858715591515995,24.72625813092367,False
1255,27.945190402541037,27.945190402541037,0.0,0.0,36.09,27.945190402541037,False,20.05,0.0,26.474357795758,7.895190402541036,False
1256,19.68544706728631,19.68544706728631,0.0,0.0,36.09,19.68544706728631,False,0.0,0.0,36.09,19.68544706728631,False
1257,-13.716364824267362,-13.716364824267362,0.0,13.716364824267362,36.09,0.0,False,0.0,1.3901101071488196,36.09,-12.326254717118543,False
1258,-71.54359982538456,-71.54359982538456,0.0,20.05,28.939850564187054,-51.493599825384564,True,0.0,20.05,35.36535501383262,-51.493599825384564,True
1259,-73.67030844921136,-73.67030844921136,0.0,20.05,18.48806555957618,-53.620308449211365,True,0.0,20.05,24.913570009221747,-53.620308449211365,True
1260,-34.79419493927904,-34.79419493927904,0.0,7.723745282881462,8.036280554965309,-27.070449656397575,False,0.0,20.05,14.461785004610874,-14.744194939279037,False
1261,13.351819693672077,13.351819693672077,13.351819693672077,0.0,4.010000000000001,0.0,False,0.0,0.0,4.010000000000001,13.351819693672077,False
1262,91.79087628370849,91.79087628370849,20.05,0.0,10.413307778050013,71.74087628370849,True,0.0,0.0,4.010000000000001,91.79087628370849,True
1263,136.58809009607901,136.58809009607901,20.05,0.0,20.02894998229202,116.53809009607902,True,6.741424029509581,0.0,4.010000000000001,129.84666606656944,True
1264,94.69945556375832,94.69945556375832,13.439604335837503,0.0,29.644592186534023,81.25985122792082,True,20.05,0.0,7.243073387273991,74.64945556375832,True
1265,57.67534136362152,57.67534136362152,0.0,0.0,36.09,57.67534136362152,True,20.05,0.0,16.858715591515995,37.625341363621516,False
1266,40.85672045272224,40.85672045272224,0.0,0.0,36.09,40.85672045272224,True,20.05,0.0,26.474357795758,20.806720452722242,False
1267,17.616929818979514,17.616929818979514,0.0,0.0,36.09,17.616929818979514,False,0.0,0.0,36.09,17.616929818979514,False
1268,-44.110407477326405,-44.110407477326405,0.0,20.05,36.09,-24.060407477326404,False,0.0,0.0,36.09,-44.110407477326405,True
1269,-69.27711328097736,-69.27711328097736,0.0,20.05,25.63821499538913,-49.22711328097736,True,0.0,0.0,36.09,-69.27711328097736,True
1270,-56.60409982755887,-56.60409982755887,0.0,20.05,15.186429990778258,-36.55409982755887,False,0.0,0.0,36.09,-56.60409982755887,True
1271,-32.20437957637103,-32.20437957637103,0.0,1.3901101071488213,4.734644986167385,-30.81426946922221,False,0.0,6.343900188321347,36.09,-25.860479388049686,False
1272,-23.06357021827224,-23.06357021827224,0.0,0.0,4.010000000000001,-23.06357021827224,False,0.0,20.05,32.783013423489024,-3.013570218272239,False
1273,-21.063681925341267,-21.063681925341267,0.0,0.0,4.010000000000001,-21.063681925341267,False,0.0,20.05,22.33122841887815,-1.0136819253412668,False
1274,-19.318281775450295,-19.318281775450295,0.0,0.0,4.010000000000001,-19.318281775450295,False,0.0,0.0,11.879443414267278,-19.318281775450295,False
1275,-14.684830180124303,-14.684830180124303,0.0,0.0,4.010000000000001,-14.684830180124303,False,0.0,0.0,11.879443414267278,-14.684830180124303,False
1276,-5.119849907326987,-5.119849907326987,0.0,0.0,4.010000000000001,-5.119849907326987,False,0.0,0.0,11.879443414267278,-5.119849907326987,False
1277,0.21799999913633036,0.21799999913633036,0.21799999913633036,0.0,4.010000000000001,0.0,False,0.21799999913633036,0.0,11.879443414267278,0.0,False
1278,10.164500205560783,10.164500205560783,10.164500205560783,0.0,4.114549126794016,0.0,False,10.164500205560783,0.0,11.983992541061294,0.0,False
1279,61.19193550933694,61.19193550933694,20.05,0.0,8.989272177248719,41.141935509336946,True,20.05,0.0,16.858715591515995,41.141935509336946,True
1280,73.02467395903476,73.02467395903476,20.05,0.0,18.604914381490723,52.97467395903476,True,20.05,0.0,26.474357795758,52.97467395903476,True
1281,-4.06346727541488,-4.06346727541488,0.0,4.06346727541488,28.220556585732727,0.0,False,0.0,0.0,36.09,-4.06346727541488,False
1282,-65.08499630897506,-65.08499630897506,0.0,20.05,26.102327840799646,-45.03499630897507,True,0.0,13.509562460109859,36.09,-51.5754338488652,True
1283,-67.14319035033854,-67.14319035033854,0.0,20.05,15.650542836188773,-47.093190350338546,True,0.0,20.05,29.047653748656852,-47.093190350338546,True
1284,-47.36858529124464,-47.36858529124464,0.0,2.2804329129064658,5.1987578315779,-45.08815237833818,True,0.0,20.05,18.59586874404598,-27.31858529124464,False
1285,-7.930547647038963,-7.930547647038963,0.0,0.0,4.010000000000001,-7.930547647038963,False,0.0,7.930547647038963,8.144083739435107,0.0,False
1286,22.99236456736848,22.99236456736848,20.05,0.0,4.010000000000001,2.942364567368479,False,0.0,0.0,4.010000000000001,22.99236456736848,False
1287,30.832377340987676,30.832377340987676,20.05,0.0,13.625642204242006,10.782377340987676,False,0.0,0.0,4.010000000000001,30.832377340987676,False
1288,27.50522925568152,27.50522925568152,20.05,0.0,23.24128440848401,7.45522925568152,False,9.052703112875944,0.0,4.010000000000001,18.452526142805574,False
1289,12.207661920588716,12.207661920588716,6.741424029509579,0.0,32.856926612726014,5.466237891079137,False,12.207661920588716,0.0,8.351523895992164,0.0,False
1290,4.087693901977677,4.087693901977677,0.0,0.0,36.09,4.087693901977677,False,4.087693901977677,0.0,14.20611288246253,0.0,False
1291,-14.406365989354313,-14.406365989354313,0.0,14.406365989354313,36.09,0.0,False,0.0,14.406365989354313,16.166502009738302,0.0,False
1292,-8.91384823125264,-8.91384823125264,0.0,8.91384823125264,28.58016259259504,0.0,False,0.0,8.91384823125264,8.656664602333342,0.0,False
1293,44.4080073980844,44.4080073980844,20.05,0.0,23.9334979902617,24.3580073980844,False,0.0,0.0,4.010000000000001,44.4080073980844,True
1294,91.7246121034728,91.7246121034728,5.298058935442332,0.0,33.54914019450371,86.42655316803047,True,6.741424029509581,0.0,4.010000000000001,84.98318807396322,True
1295,92.89592092434934,92.89592092434934,0.0,0.0,36.09,92.89592092434934,True,20.05,0.0,7.243073387273991,72.84592092434934,True
1296,72.7470412252872,72.7470412252872,0.0,0.0,36.09,72.7470412252872,True,20.05,0.0,16.858715591515995,52.69704122528721,True
1297,41.21794255946737,41.21794255946737,0.0,0.0,36.09,41.21794255946737,True,20.05,0.0,26.474357795758,21.167942559467367,False
1298,3.0125144123951872,3.0125144123951872,0.0,0.0,36.09,3.0125144123951872,False,0.0,0.0,36.09,3.0125144123951872,False
1299,-7.758239145721195,-7.758239145721195,0.0,7.758239145721195,36.09,0.0,False,0.0,7.758239145721195,36.09,0.0,False
1300,11.920545849638883,11.920545849638883,8.432868636653474,0.0,32.045738276038215,3.4876772129854086,False,0.0,0.0,32.045738276038215,11.920545849638883,False
1301,42.61575581675136,42.61575581675136,0.0,0.0,36.09,42.61575581675136,True,0.0,0.0,32.045738276038215,42.61575581675136,True
1302,51.20907946903921,51.20907946903921,0.0,0.0,36.09,51.20907946903921,True,0.0,0.0,32.045738276038215,51.20907946903921,True
1303,23.042332109843525,23.042332109843525,0.0,0.0,36.09,23.042332109843525,False,8.432868636653474,0.0,32.045738276038215,14.60946347319005,False
1304,-30.807529775670485,-30.807529775670485,0.0,20.05,36.09,-10.757529775670484,False,0.0,0.0,36.09,-30.807529775670485,False
1305,-58.78538155669295,-58.78538155669295,0.0,20.05,25.63821499538913,-38.73538155669294,False,0.0,0.0,36.09,-58.78538155669295,True
1306,-47.072665911179996,-47.072665911179996,0.0,20.05,15.186429990778258,-27.022665911179995,False,0.0,0.0,36.09,-47.072665911179996,True
1307,-31.04702244809455,-31.04702244809455,0.0,1.3901101071488213,4.734644986167385,-29.656912340945727,False,0.0,2.333877387967311,36.09,-28.71314506012724,False
1308,-16.257457927357127,-16.257457927357127,0.0,0.0,4.010000000000001,-16.257457927357127,False,0.0,0.0,34.87338230991735,-16.257457927357127,False
1309,-6.0546456003470395,-6.0546456003470395,0.0,0.0,4.010000000000001,-6.0546456003470395,False,0.0,0.0,34.87338230991735,-6.0546456003470395,False
1310,-1.844298868029672,-1.844298868029672,0.0,0.0,4.010000000000001,-1.844298868029672,False,0.0,0.0,34.87338230991735,-1.844298868029672,False
1311,-4.083702267301008,-4.083702267301008,0.0,0.0,4.010000000000001,-4.083702267301008,False,0.0,0.0,34.87338230991735,-4.083702267301008,False
1312,-6.0064771778371675,-6.0064771778371675,0.0,0.0,4.010000000000001,-6.0064771778371675,False,0.0,0.0,34.87338230991735,-6.0064771778371675,False
1313,-5.197640753933135,-5.197640753933135,0.0,0.0,4.010000000000001,-5.197640753933135,False,0.0,0.0,34.87338230991735,-5.197640753933135,False
1314,-7.362805516939703,-7.362805516939703,0.0,0.0,4.010000000000001,-7.362805516939703,False,0.0,0.0,34.87338230991735,-7.362805516939703,False
1315,-11.30845046491848,-11.30845046491848,0.0,0.0,4.010000000000001,-11.30845046491848,False,0.0,0.0,34.87338230991735,-11.30845046491848,False
1316,-18.751829395234775,-18.751829395234775,0.0,0.0,4.010000000000001,-18.751829395234775,False,0.0,0.0,34.87338230991735,-18.751829395234775,False
1317,-11.091541334991934,-11.091541334991934,0.0,0.0,4.010000000000001,-11.091541334991934,False,0.0,0.0,34.87338230991735,-11.091541334991934,False
1318,0.7208938696324788,0.7208938696324788,0.7208938696324788,0.0,4.010000000000001,0.0,False,0.7208938696324788,0.0,34.87338230991735,0.0,False
1319,1.815929378158081,1.815929378158081,1.815929378158081,0.0,4.355728554494634,0.0,False,1.815929378158081,0.0,35.21911086441199,0.0,False
1320,-9.844715545227839,-9.844715545227839,0.0,2.3338773879673163,5.226617690082653,-7.5108381572605225,False,0.0,0.0,36.09,-9.844715545227839,False
1321,-21.148673217804,-21.148673217804,0.0,0.0,4.010000000000001,-21.148673217804,False,0.0,0.0,36.09,-21.148673217804,False
1322,-27.065607021200204,-27.065607021200204,0.0,0.0,4.010000000000001,-27.065607021200204,False,0.0,0.0,36.09,-27.065607021200204,False
1323,-19.487493795411837,-19.487493795411837,0.0,0.0,4.010000000000001,-19.487493795411837,False,0.0,18.466592812850926,36.09,-1.02090098256091,False
1324,-9.819473383347358,-9.819473383347358,0.0,0.0,4.010000000000001,-9.819473383347358,False,0.0,9.819473383347358,26.463623049994506,0.0,False
1325,0.2492147705925612,0.2492147705925612,0.2492147705925612,0.0,4.010000000000001,0.0,False,0.2492147705925612,0.0,21.344868702800216,0.0,False
1326,25.77586074291504,25.77586074291504,20.05,0.0,4.129519205288296,5.725860742915039,False,20.05,0.0,21.46438790808851,5.725860742915039,False
1327,10.446509355709917,10.446509355709917,10.446509355709917,0.0,13.7451614095303,0.0,False,10.446509355709917,0.0,31.080030112330515,0.0,False
1328,-9.90206624979552,-9.90206624979552,0.0,9.90206624979552,18.75513129719979,0.0,False,0.0,0.0,36.09,-9.90206624979552,False
1329,-10.99213625131416,-10.99213625131416,0.0,10.99213625131416,13.593322442123668,0.0,False,0.0,0.0,36.09,-10.99213625131416,False
1330,-4.930944754678802,-4.930944754678802,0.0,4.930944754678802,7.863275317927913,0.0,False,0.0,0.0,36.09,-4.930944754678802,False
1331,-9.685542903107999,-9.685542903107999,0.0,2.4609189404098077,5.2928426772537716,-7.224623962698191,False,0.0,0.0,36.09,-9.685542903107999,False
1332,-14.635360189864079,-14.635360189864079,0.0,0.0,4.010000000000001,-14.635360189864079,False,0.0,12.793014741769069,36.09,-1.8423454480950099,False
1333,-17.65244350967472,-17.65244350967472,0.0,0.0,4.010000000000001,-17.65244350967472,False,0.0,17.65244350967472,29.42118006774126,0.0,False
1334,-18.77081429719632,-18.77081429719632,0.0,0.0,4.010000000000001,-18.77081429719632,False,0.0,18.77081429719632,20.219207780002673,0.0,False
1335,-12.323837558508721,-12.323837558508721,0.0,0.0,4.010000000000001,-12.323837558508721,False,0.0,12.323837558508721,10.434244418617542,0.0,False
1336,19.664605558449114,19.664605558449114,19.664605558449114,0.0,4.010000000000001,0.0,False,19.257104006747895,0.0,4.010000000000001,0.4075015517012197,False
1337,14.39442794104392,14.39442794104392,14.39442794104392,0.0,13.44081352307208,0.0,False,14.39442794104392,0.0,13.245382644327325,0.0,False
1338,-16.100523268689837,-16.100523268689837,0.0,16.100523268689837,20.344138651043263,0.0,False,0.0,16.100523268689837,20.148707772298508,0.0,False
1339,-14.858886123278639,-14.858886123278639,0.0,14.858886123278639,11.951160712585365,0.0,False,0.0,14.858886123278639,11.755729833840611,0.0,False
1340,14.260984196666879,14.260984196666879,14.260984196666879,0.0,4.205430878744753,0.0,False,0.0,0.0,4.010000000000001,14.260984196666879,False
1341,16.562760092606393,16.562760092606393,16.562760092606393,0.0,11.044758635128707,0.0,False,0.0,0.0,4.010000000000001,16.562760092606393,False
1342,20.9097520093368,20.9097520093368,20.05,0.0,18.98797933164747,0.8597520093367983,False,0.0,0.0,4.010000000000001,20.9097520093368,False
1343,51.79158812362656,51.79158812362656,15.610178188535103,0.0,28.603621535889474,36.18140993509146,False,6.741424029509581,0.0,4.010000000000001,45.05016409411698,True
1344,92.92264733015568,92.92264733015568,0.0,0.0,36.09,92.92264733015568,True,20.05,0.0,7.243073387273991,72.87264733015569,True
1345,89.48335570277663,89.48335570277663,0.0,0.0,36.09,89.48335570277663,True,20.05,0.0,16.858715591515995,69.43335570277664,True
1346,66.75238031164344,66.75238031164344,0.0,0.0,36.09,66.75238031164344,True,20.05,0.0,26.474357795758,46.70238031164344,True
1347,-16.711605121120797,-16.711605121120797,0.0,16.711605121120797,36.09,0.0,False,0.0,0.0,36.09,-16.711605121120797,False
1348,-59.75827440617159,-59.75827440617159,0.0,20.05,27.37847362554072,-39.70827440617158,False,0.0,0.0,36.09,-59.75827440617159,True
1349,-60.1196006703852,-60.1196006703852,0.0,20.05,16.92668862092985,-40.0696006703852,False,0.0,0.0,36.09,-60.1196006703852,True
1350,-29.834454650622,-29.834454650622,0.0,4.728504986028025,6.474903616318976,-25.105949664593975,False,0.0,0.0,36.09,-29.834454650622,False
1351,-11.235580297547283,-11.235580297547283,0.0,0.0,4.010000000000001,-11.235580297547283,False,0.0,10.576415351609455,36.09,-0.6591649459378282,False
1352,-0.5739417028048811,-0.5739417028048811,0.0,0.0,4.010000000000001,-0.5739417028048811,False,0.0,0.5739417028048811,30.576662375337264,0.0,False
1353,0.5761370217559164,0.5761370217559164,0.5761370217559164,0.0,4.010000000000001,0.0,False,0.5761370217559164,0.0,30.277474580679065,0.0,False
1354,6.106335747108477,6.106335747108477,6.106335747108477,0.0,4.286305609068454,0.0,False,6.106335747108477,0.0,30.553780189747517,0.0,False
1355,5.4374805511511966,5.4374805511511966,5.4374805511511966,0.0,7.21480135585987,0.0,False,5.4374805511511966,0.0,33.48227593653893,0.0,False
1356,-11.106993896652241,-11.106993896652241,0.0,11.106993896652241,9.822525419320943,0.0,False,0.0,0.0,36.09,-11.106993896652241,False
1357,-20.361179660705638,-20.361179660705638,0.0,0.04336315776210192,4.032604608581074,-20.317816502943536,False,0.0,18.95240008807843,36.09,-1.408779572627207,False
1358,-21.937822478045543,-21.937822478045543,0.0,0.0,4.010000000000001,-21.937822478045543,False,0.0,20.05,26.21037850164769,-1.8878224780455426,False
1359,-12.451539822738622,-12.451539822738622,0.0,0.0,4.010000000000001,-12.451539822738622,False,0.0,12.451539822738622,15.758593497036815,0.0,False
1360,15.828195555235922,15.828195555235922,15.828195555235922,0.0,4.010000000000001,0.0,False,15.828195555235922,0.0,9.267779671420124,0.0,False
1361,126.76841841293592,126.76841841293592,20.05,0.0,11.600935920095871,106.71841841293592,True,20.05,0.0,16.858715591515995,106.71841841293592,True
1362,93.13289518936728,93.13289518936728,20.05,0.0,21.216578124337875,73.08289518936728,True,20.05,0.0,26.474357795758,73.08289518936728,True
1363,-22.930719370254238,-22.930719370254238,0.0,20.05,30.83222032857988,-2.880719370254237,False,0.0,0.0,36.09,-22.930719370254238,False
1364,-88.88143770454369,-88.88143770454369,0.0,20.05,20.380435323969007,-68.83143770454369,True,0.0,1.3901101071488196,36.09,-87.49132759739487,True
1365,-89.4939631394272,-89.4939631394272,0.0,11.353939910817052,9.928650319358134,-78.14002322861015,True,0.0,20.05,35.36535501383262,-69.4439631394272,True
1366,-55.38398762422037,-55.38398762422037,0.0,0.0,4.010000000000001,-55.38398762422037,True,0.0,20.05,24.913570009221747,-35.33398762422037,False
1367,-28.224523607112946,-28.224523607112946,0.0,0.0,4.010000000000001,-28.224523607112946,False,0.0,20.05,14.461785004610874,-8.174523607112945,False
1368,-7.072240631966232,-7.072240631966232,0.0,0.0,4.010000000000001,-7.072240631966232,False,0.0,0.0,4.010000000000001,-7.072240631966232,False
1369,10.421708460950713,10.421708460950713,10.421708460950713,0.0,4.010000000000001,0.0,False,10.421708460950713,0.0,4.010000000000001,0.0,False
1370,3.153198502951368,3.153198502951368,3.153198502951368,0.0,9.008075796380233,0.0,False,3.153198502951368,0.0,9.008075796380233,0.0,False
1371,-15.369143345918134,-15.369143345918134,0.0,12.488914406789915,10.520296674351897,-2.8802289391282194,False,0.0,0.0,10.520296674351897,-15.369143345918134,False
1372,-21.561894979234204,-21.561894979234204,0.0,0.0,4.010000000000001,-21.561894979234204,False,0.0,0.0,10.520296674351897,-21.561894979234204,False
1373,-16.49013389407483,-16.49013389407483,0.0,0.0,4.010000000000001,-16.49013389407483,False,0.0,5.711409164895661,10.520296674351897,-10.778724729179169,False
1374,-6.7775052418942545,-6.7775052418942545,0.0,0.0,4.010000000000001,-6.7775052418942545,False,0.0,6.7775052418942545,7.543018835705833,0.0,False
1375,13.24252646078472,13.24252646078472,13.24252646078472,0.0,4.010000000000001,0.0,False,13.24252646078472,0.0,4.010000000000001,0.0,False
1376,14.7562789986564,14.7562789986564,14.7562789986564,0.0,10.360892584893419,0.0,False,14.7562789986564,0.0,10.360892584893419,0.0,False
1377,-0.9873587194279219,-0.9873587194279219,0.0,0.9873587194279219,17.4377553837488,0.0,False,0.0,0.0,17.4377553837488,-0.9873587194279219,False
1378,-8.810127422928959,-8.810127422928959,0.0,8.810127422928959,16.923059071634658,0.0,False,0.0,0.0,17.4377553837488,-8.810127422928959,False
1379,-15.044264383862398,-15.044264383862398,0.0,15.044264383862398,12.330462678234163,0.0,False,0.0,0.0,17.4377553837488,-15.044264383862398,False
1380,-20.9034224400984,-20.9034224400984,0.0,0.9171504964665508,4.488097745932196,-19.98627194363185,False,0.0,0.0,17.4377553837488,-20.9034224400984,False
1381,-18.515678575126316,-18.515678575126316,0.0,0.0,4.010000000000001,-18.515678575126316,False,0.0,0.0,17.4377553837488,-18.515678575126316,False
1382,-15.68737866390744,-15.68737866390744,0.0,0.0,4.010000000000001,-15.68737866390744,False,0.0,0.0,17.4377553837488,-15.68737866390744,False
1383,-16.390629860802,-16.390629860802,0.0,0.0,4.010000000000001,-16.390629860802,False,0.0,0.0,17.4377553837488,-16.390629860802,False
1384,-16.471301823168,-16.471301823168,0.0,0.0,4.010000000000001,-16.471301823168,False,0.0,0.0,17.4377553837488,-16.471301823168,False
1385,-10.61453938870704,-10.61453938870704,0.0,0.0,4.010000000000001,-10.61453938870704,False,0.0,0.0,17.4377553837488,-10.61453938870704,False
1386,-6.26686644237504,-6.26686644237504,0.0,0.0,4.010000000000001,-6.26686644237504,False,0.0,0.0,17.4377553837488,-6.26686644237504,False
1387,-12.524462870055359,-12.524462870055359,0.0,0.0,4.010000000000001,-12.524462870055359,False,0.0,3.593261123221531,17.4377553837488,-8.931201746833828,False
1388,-16.087132223694145,-16.087132223694145,0.0,0.0,4.010000000000001,-16.087132223694145,False,0.0,16.087132223694145,15.564638539592291,0.0,False
1389,-6.078507675770158,-6.078507675770158,0.0,0.0,4.010000000000001,-6.078507675770158,False,0.0,6.078507675770158,7.178641165886615,0.0,False
1390,4.317285004902957,4.317285004902957,4.317285004902957,0.0,4.010000000000001,0.0,False,4.317285004902957,0.0,4.010000000000001,0.0,False
1391,-0.4159668715725584,-0.4159668715725584,0.0,0.4159668715725584,6.0804971521638915,0.0,False,0.0,0.0,6.0804971521638915,-0.4159668715725584,False
1392,-1.2928625896209616,-1.2928625896209616,0.0,1.2928625896209616,5.863659430931126,0.0,False,0.0,0.0,6.0804971521638915,-1.2928625896209616,False
1393,-0.3697970706405595,-0.3697970706405595,0.0,0.3697970706405595,5.189708217603308,0.0,False,0.0,0.0,6.0804971521638915,-0.3697970706405595,False
1394,-9.440985173173438,-9.440985173173438,0.0,1.8932756726766413,4.9969381688417105,-7.547709500496796,False,0.0,0.0,6.0804971521638915,-9.440985173173438,False
1395,-14.94096020541264,-14.94096020541264,0.0,0.0,4.010000000000001,-14.94096020541264,False,0.0,0.0,6.0804971521638915,-14.94096020541264,False
1396,-16.11746888760024,-16.11746888760024,0.0,0.0,4.010000000000001,-16.11746888760024,False,0.0,0.0,6.0804971521638915,-16.11746888760024,False
1397,-19.409290565351636,-19.409290565351636,0.0,0.0,4.010000000000001,-19.409290565351636,False,0.0,0.0,6.0804971521638915,-19.409290565351636,False
1398,-26.560150856949168,-26.560150856949168,0.0,0.0,4.010000000000001,-26.560150856949168,False,0.0,0.0,6.0804971521638915,-26.560150856949168,False
1399,-29.830657710290254,-29.830657710290254,0.0,0.0,4.010000000000001,-29.830657710290254,False,0.0,0.0,6.0804971521638915,-29.830657710290254,False
1400,-26.871923644685502,-26.871923644685502,0.0,0.0,4.010000000000001,-26.871923644685502,False,0.0,0.0,6.0804971521638915,-26.871923644685502,False
1401,-21.595735059713753,-21.595735059713753,0.0,0.0,4.010000000000001,-21.595735059713753,False,0.0,3.9719022045107204,6.0804971521638915,-17.623832855203034,False
1402,-16.204114280783568,-16.204114280783568,0.0,0.0,4.010000000000001,-16.204114280783568,False,0.0,0.0,4.010000000000001,-16.204114280783568,False
1403,-13.110672119316119,-13.110672119316119,0.0,0.0,4.010000000000001,-13.110672119316119,False,0.0,0.0,4.010000000000001,-13.110672119316119,False
1404,-2.3076397611121187,-2.3076397611121187,0.0,0.0,4.010000000000001,-2.3076397611121187,False,0.0,0.0,4.010000000000001,-2.3076397611121187,False
1405,20.44848184684886,20.44848184684886,20.05,0.0,4.010000000000001,0.3984818468488598,False,20.05,0.0,4.010000000000001,0.3984818468488598,False
1406,24.999887602739037,24.999887602739037,20.05,0.0,13.625642204242006,4.949887602739036,False,20.05,0.0,13.625642204242006,4.949887602739036,False
1407,30.202925716567677,30.202925716567677,20.05,0.0,23.24128440848401,10.152925716567676,False,20.05,0.0,23.24128440848401,10.152925716567676,False
1408,-10.040733891822482,-10.040733891822482,0.0,10.040733891822482,32.856926612726014,0.0,False,0.0,0.0,32.856926612726014,-10.040733891822482,False
1409,-21.625215669410643,-21.625215669410643,0.0,20.05,27.622832252335073,-1.5752156694106425,False,0.0,0.0,32.856926612726014,-21.625215669410643,False
1410,-27.01196552432736,-27.01196552432736,0.0,20.05,17.1710472477242,-6.961965524327358,False,0.0,0.0,32.856926612726014,-27.01196552432736,False
1411,-25.53520891804848,-25.53520891804848,0.0,5.197266108177528,6.719262243113327,-20.337942809870952,False,0.0,0.0,32.856926612726014,-25.53520891804848,False
1412,-24.27510184923624,-24.27510184923624,0.0,0.0,4.010000000000001,-24.27510184923624,False,0.0,0.0,32.856926612726014,-24.27510184923624,False
1413,-21.346006552438197,-21.346006552438197,0.0,0.0,4.010000000000001,-21.346006552438197,False,0.0,0.0,32.856926612726014,-21.346006552438197,False
1414,-20.17837589231875,-20.17837589231875,0.0,0.0,4.010000000000001,-20.17837589231875,False,0.0,15.238000000000007,32.856926612726014,-4.940375892318745,False
1415,-22.878247842176375,-22.878247842176375,0.0,0.0,4.010000000000001,-22.878247842176375,False,0.0,20.05,24.913570009221747,-2.828247842176374,False
1416,-20.933009971442736,-20.933009971442736,0.0,0.0,4.010000000000001,-20.933009971442736,False,0.0,20.05,14.461785004610874,-0.8830099714427355,False
1417,-18.16503946808724,-18.16503946808724,0.0,0.0,4.010000000000001,-18.16503946808724,False,0.0,0.0,4.010000000000001,-18.16503946808724,False
1418,-14.233443159275351,-14.233443159275351,0.0,0.0,4.010000000000001,-14.233443159275351,False,0.0,0.0,4.010000000000001,-14.233443159275351,False
1419,-14.316213433934726,-14.316213433934726,0.0,0.0,4.010000000000001,-14.316213433934726,False,0.0,0.0,4.010000000000001,-14.316213433934726,False
1420,-12.306721962621873,-12.306721962621873,0.0,0.0,4.010000000000001,-12.306721962621873,False,0.0,0.0,4.010000000000001,-12.306721962621873,False
1421,-12.39931166259192,-12.39931166259192,0.0,0.0,4.010000000000001,-12.39931166259192,False,0.0,0.0,4.010000000000001,-12.39931166259192,False
1422,-14.387529912391008,-14.387529912391008,0.0,0.0,4.010000000000001,-14.387529912391008,False,0.0,0.0,4.010000000000001,-14.387529912391008,False
1423,-4.2002350451562,-4.2002350451562,0.0,0.0,4.010000000000001,-4.2002350451562,False,0.0,0.0,4.010000000000001,-4.2002350451562,False
1424,8.322742579459202,8.322742579459202,8.322742579459202,0.0,4.010000000000001,0.0,False,8.322742579459202,0.0,4.010000000000001,0.0,False
1425,3.5742136065972,3.5742136065972,3.5742136065972,0.0,8.001447122298746,0.0,False,3.5742136065972,0.0,8.001447122298746,0.0,False
1426,5.012417928340799,5.012417928340799,5.012417928340799,0.0,9.715579750855955,0.0,False,5.012417928340799,0.0,9.715579750855955,0.0,False
1427,-10.165825008438722,-10.165825008438722,0.0,10.165825008438722,12.119450941731419,0.0,False,0.0,0.0,12.119450941731419,-10.165825008438722,False
1428,-20.152336925804402,-20.152336925804402,0.0,5.3907991768067,6.820148329128026,-14.761537748997702,False,0.0,0.0,12.119450941731419,-20.152336925804402,False
1429,-16.698477274035838,-16.698477274035838,0.0,0.0,4.010000000000001,-16.698477274035838,False,0.0,0.0,12.119450941731419,-16.698477274035838,False
1430,-5.270043414513118,-5.270043414513118,0.0,0.0,4.010000000000001,-5.270043414513118,False,0.0,0.0,12.119450941731419,-5.270043414513118,False
1431,-3.193782459030479,-3.193782459030479,0.0,0.0,4.010000000000001,-3.193782459030479,False,0.0,0.0,12.119450941731419,-3.193782459030479,False
1432,-8.128498915885201,-8.128498915885201,0.0,0.0,4.010000000000001,-8.128498915885201,False,0.0,6.989045454926304,12.119450941731419,-1.1394534609588973,False
1433,-6.515147801807763,-6.515147801807763,0.0,0.0,4.010000000000001,-6.515147801807763,False,0.0,6.515147801807763,8.47615914710087,0.0,False
1434,-2.0524309285113547,-2.0524309285113547,0.0,0.0,4.010000000000001,-2.0524309285113547,False,0.0,2.0524309285113547,5.079903581127908,0.0,False
1435,1.7353114975545643,1.7353114975545643,1.7353114975545643,0.0,4.010000000000001,0.0,False,1.7353114975545643,0.0,4.010000000000001,0.0,False
1436,8.662221814659121,8.662221814659121,8.662221814659121,0.0,4.842226158273919,0.0,False,8.662221814659121,0.0,4.842226158273919,0.0,False
1437,17.811788412223194,17.811788412223194,17.811788412223194,0.0,8.99648180234085,0.0,False,17.811788412223194,0.0,8.99648180234085,0.0,False
1438,22.16432471112192,22.16432471112192,20.05,0.0,17.53871543773247,2.1143247111219203,False,20.05,0.0,17.53871543773247,2.1143247111219203,False
1439,12.903385737357363,12.903385737357363,12.903385737357363,0.0,27.154357641974475,0.0,False,12.903385737357363,0.0,27.154357641974475,0.0,False
1440,-13.673437926055918,-13.673437926055918,0.0,13.673437926055918,33.342604049642695,0.0,False,0.0,2.540585962830719,33.342604049642695,-11.1328519632252,False
1441,-42.10098356815608,-42.10098356815608,0.0,20.05,26.21483180639936,-22.05098356815608,False,0.0,20.05,32.018232066139504,-22.05098356815608,False
1442,-41.56116745747607,-41.56116745747607,0.0,20.05,15.763046801788487,-21.511167457476066,False,0.0,20.05,21.566447061528635,-21.511167457476066,False
1443,-13.629104902019995,-13.629104902019995,0.0,2.496252938794785,5.311261797177615,-11.13285196322521,False,0.0,13.629104902019995,11.114662056917762,0.0,False
1444,2.707753665679202,2.707753665679202,2.707753665679202,0.0,4.010000000000001,0.0,False,2.707753665679202,0.0,4.010000000000001,0.0,False
1445,-14.65583915058984,-14.65583915058984,0.0,2.4911333724248657,5.308593038722989,-12.164705778164974,False,0.0,0.0,5.308593038722989,-14.65583915058984,False
1446,-27.136548873284756,-27.136548873284756,0.0,0.0,4.010000000000001,-27.136548873284756,False,0.0,0.0,5.308593038722989,-27.136548873284756,False
1447,-28.221364731427055,-28.221364731427055,0.0,0.0,4.010000000000001,-28.221364731427055,False,0.0,0.0,5.308593038722989,-28.221364731427055,False
1448,-23.236508471668653,-23.236508471668653,0.0,0.0,4.010000000000001,-23.236508471668653,False,0.0,0.0,5.308593038722989,-23.236508471668653,False
1449,-17.64212891575284,-17.64212891575284,0.0,0.0,4.010000000000001,-17.64212891575284,False,0.0,0.0,5.308593038722989,-17.64212891575284,False
1450,-14.571328264420185,-14.571328264420185,0.0,0.0,4.010000000000001,-14.571328264420185,False,0.0,0.0,5.308593038722989,-14.571328264420185,False
1451,-12.447720929217367,-12.447720929217367,0.0,0.0,4.010000000000001,-12.447720929217367,False,0.0,0.0,5.308593038722989,-12.447720929217367,False
1452,-12.216156162446087,-12.216156162446087,0.0,0.0,4.010000000000001,-12.216156162446087,False,0.0,0.0,5.308593038722989,-12.216156162446087,False
1453,-9.259275859416888,-9.259275859416888,0.0,0.0,4.010000000000001,-9.259275859416888,False,0.0,0.0,5.308593038722989,-9.259275859416888,False
1454,-7.517280456928271,-7.517280456928271,0.0,0.0,4.010000000000001,-7.517280456928271,False,0.0,0.0,5.308593038722989,-7.517280456928271,False
1455,-10.016967561149231,-10.016967561149231,0.0,0.0,4.010000000000001,-10.016967561149231,False,0.0,0.0,5.308593038722989,-10.016967561149231,False
1456,-13.075488727977692,-13.075488727977692,0.0,0.0,4.010000000000001,-13.075488727977692,False,0.0,0.0,5.308593038722989,-13.075488727977692,False
1457,-11.251103766407281,-11.251103766407281,0.0,0.0,4.010000000000001,-11.251103766407281,False,0.0,0.0,5.308593038722989,-11.251103766407281,False
1458,-7.092423545118118,-7.092423545118118,0.0,0.0,4.010000000000001,-7.092423545118118,False,0.0,0.0,5.308593038722989,-7.092423545118118,False
1459,-5.760264545970721,-5.760264545970721,0.0,0.0,4.010000000000001,-5.760264545970721,False,0.0,0.0,5.308593038722989,-5.760264545970721,False
1460,-9.006934962650162,-9.006934962650162,0.0,0.0,4.010000000000001,-9.006934962650162,False,0.0,0.0,5.308593038722989,-9.006934962650162,False
1461,-12.133718931292176,-12.133718931292176,0.0,0.0,4.010000000000001,-12.133718931292176,False,0.0,0.0,5.308593038722989,-12.133718931292176,False
1462,-21.78908501214763,-21.78908501214763,0.0,0.0,4.010000000000001,-21.78908501214763,False,0.0,0.0,5.308593038722989,-21.78908501214763,False
1463,-23.637417778749835,-23.637417778749835,0.0,0.0,4.010000000000001,-23.637417778749835,False,0.0,0.0,5.308593038722989,-23.637417778749835,False
1464,-21.91341898408915,-21.91341898408915,0.0,0.0,4.010000000000001,-21.91341898408915,False,0.0,0.0,5.308593038722989,-21.91341898408915,False
1465,-22.196070305092032,-22.196070305092032,0.0,0.0,4.010000000000001,-22.196070305092032,False,0.0,0.0,5.308593038722989,-22.196070305092032,False
1466,-21.05509111749244,-21.05509111749244,0.0,0.0,4.010000000000001,-21.05509111749244,False,0.0,2.4911333724248657,5.308593038722989,-18.563957745067576,False
1467,-17.884078064353513,-17.884078064353513,0.0,0.0,4.010000000000001,-17.884078064353513,False,0.0,0.0,4.010000000000001,-17.884078064353513,False
1468,-15.916184406300395,-15.916184406300395,0.0,0.0,4.010000000000001,-15.916184406300395,False,0.0,0.0,4.010000000000001,-15.916184406300395,False
1469,-15.879482115442732,-15.879482115442732,0.0,0.0,4.010000000000001,-15.879482115442732,False,0.0,0.0,4.010000000000001,-15.879482115442732,False
1470,-16.17827341376215,-16.17827341376215,0.0,0.0,4.010000000000001,-16.17827341376215,False,0.0,0.0,4.010000000000001,-16.17827341376215,False
1471,-16.04933458004828,-16.04933458004828,0.0,0.0,4.010000000000001,-16.04933458004828,False,0.0,0.0,4.010000000000001,-16.04933458004828,False
1472,2.1739867002840003,2.1739867002840003,2.1739867002840003,0.0,4.010000000000001,0.0,False,2.1739867002840003,0.0,4.010000000000001,0.0,False
1473,20.536469669558638,20.536469669558638,20.05,0.0,5.0526073948484616,0.48646966955863746,False,20.05,0.0,5.0526073948484616,0.48646966955863746,False
1474,24.094260447616076,24.094260447616076,20.05,0.0,14.668249599090466,4.044260447616075,False,20.05,0.0,14.668249599090466,4.044260447616075,False
1475,1.7378453282781594,1.7378453282781594,1.7378453282781594,0.0,24.28389180333247,0.0,False,1.7378453282781594,0.0,24.28389180333247,0.0,False
1476,-10.29282901702416,-10.29282901702416,0.0,10.29282901702416,25.117333144132285,0.0,False,0.0,0.0,25.117333144132285,-10.29282901702416,False
1477,-6.666526661045763,-6.666526661045763,0.0,6.666526661045763,19.751825115446163,0.0,False,0.0,0.0,25.117333144132285,-6.666526661045763,False
1478,-10.88287106082216,-10.88287106082216,0.0,10.88287106082216,16.276657864136602,0.0,False,0.0,0.0,25.117333144132285,-10.88287106082216,False
1479,-17.24555035602936,-17.24555035602936,0.0,12.648658727385119,10.603569157871533,-4.59689162864424,False,0.0,8.10679219318512,25.117333144132285,-9.138758162844239,False
1480,-19.644785594014316,-19.644785594014316,0.0,0.0,4.010000000000001,-19.644785594014316,False,0.0,19.644785594014316,20.891375584021127,0.0,False
1481,-12.73930767907776,-12.73930767907776,0.0,0.0,4.010000000000001,-12.73930767907776,False,0.0,12.73930767907776,10.65082319048923,0.0,False
1482,5.047272622745039,5.047272622745039,5.047272622745039,0.0,4.010000000000001,0.0,False,0.0,0.0,4.010000000000001,5.047272622745039,False
1483,28.33945846918967,28.33945846918967,20.05,0.0,6.430586915091393,8.289458469189668,False,0.0,0.0,4.010000000000001,28.33945846918967,False
1484,32.355492032853114,32.355492032853114,20.05,0.0,16.046229119333397,12.305492032853113,False,0.688556698250544,0.0,4.010000000000001,31.66693533460257,False
1485,17.252128300769524,17.252128300769524,17.252128300769524,0.0,25.6618713235754,0.0,False,17.252128300769524,0.0,4.340220191905809,0.0,False
1486,10.104131738646721,10.104131738646721,4.492023105995029,0.0,33.935701398481996,5.612108632651692,False,10.104131738646721,0.0,12.614050266812407,0.0,False
1487,24.20323720204152,24.20323720204152,0.0,0.0,36.09,24.20323720204152,False,20.05,0.0,17.45982161760306,4.15323720204152,False
1488,18.796607291842793,18.796607291842793,0.0,0.0,36.09,18.796607291842793,False,18.796607291842793,0.0,27.075463821845062,0.0,False
1489,-5.577432134280001,-5.577432134280001,0.0,5.577432134280001,36.09,0.0,False,0.0,0.0,36.09,-5.577432134280001,False
1490,-19.67669383387752,-19.67669383387752,0.0,19.67669383387752,33.18256251644377,0.0,False,0.0,0.0,36.09,-19.67669383387752,False
1491,-30.781211987625124,-30.781211987625124,0.0,20.05,22.9253768030652,-10.731211987625123,False,0.0,0.0,36.09,-30.781211987625124,False
1492,-29.863879135467595,-29.863879135467595,0.0,16.235984138991295,12.473591798454326,-13.6278949964763,False,0.0,0.0,36.09,-29.863879135467595,False
1493,-27.204073959797515,-27.204073959797515,0.0,1.7038216254095743e-15,4.010000000000002,-27.204073959797515,False,0.0,0.0,36.09,-27.204073959797515,False
1494,-33.006264290465325,-33.006264290465325,0.0,0.0,4.010000000000001,-33.006264290465325,False,0.0,0.0,36.09,-33.006264290465325,False
1495,-32.03637369989449,-32.03637369989449,0.0,0.0,4.010000000000001,-32.03637369989449,False,0.0,0.0,36.09,-32.03637369989449,False
1496,-22.742350868932114,-22.742350868932114,0.0,0.0,4.010000000000001,-22.742350868932114,False,0.0,1.3901101071488196,36.09,-21.352240761783293,False
1497,-14.362858401237935,-14.362858401237935,0.0,0.0,4.010000000000001,-14.362858401237935,False,0.0,0.0,35.36535501383262,-14.362858401237935,False
1498,-11.010825033592816,-11.010825033592816,0.0,0.0,4.010000000000001,-11.010825033592816,False,0.0,0.0,35.36535501383262,-11.010825033592816,False
1499,-9.900368362877602,-9.900368362877602,0.0,0.0,4.010000000000001,-9.900368362877602,False,0.0,0.0,35.36535501383262,-9.900368362877602,False
1500,-8.277152454899854,-8.277152454899854,0.0,0.0,4.010000000000001,-8.277152454899854,False,0.0,0.0,35.36535501383262,-8.277152454899854,False
1501,-8.051467056739751,-8.051467056739751,0.0,0.0,4.010000000000001,-8.051467056739751,False,0.0,0.0,35.36535501383262,-8.051467056739751,False
1502,-11.398468356749495,-11.398468356749495,0.0,0.0,4.010000000000001,-11.398468356749495,False,0.0,0.0,35.36535501383262,-11.398468356749495,False
1503,-15.421255330426916,-15.421255330426916,0.0,0.0,4.010000000000001,-15.421255330426916,False,0.0,0.0,35.36535501383262,-15.421255330426916,False
1504,-15.281480214086063,-15.281480214086063,0.0,0.0,4.010000000000001,-15.281480214086063,False,0.0,0.0,35.36535501383262,-15.281480214086063,False
1505,-19.729495461009336,-19.729495461009336,0.0,0.0,4.010000000000001,-19.729495461009336,False,0.0,0.0,35.36535501383262,-19.729495461009336,False
1506,-23.046469765278886,-23.046469765278886,0.0,0.0,4.010000000000001,-23.046469765278886,False,0.0,20.05,35.36535501383262,-2.996469765278885,False
1507,-22.274828494156406,-22.274828494156406,0.0,0.0,4.010000000000001,-22.274828494156406,False,0.0,20.05,24.913570009221747,-2.224828494156405,False
1508,-20.39788164790422,-20.39788164790422,0.0,0.0,4.010000000000001,-20.39788164790422,False,0.0,20.05,14.461785004610874,-0.34788164790422016,False
1509,-19.33146791065704,-19.33146791065704,0.0,0.0,4.010000000000001,-19.33146791065704,False,0.0,0.0,4.010000000000001,-19.33146791065704,False
1510,-17.429150768807858,-17.429150768807858,0.0,0.0,4.010000000000001,-17.429150768807858,False,0.0,0.0,4.010000000000001,-17.429150768807858,False
1511,-15.886571029081466,-15.886571029081466,0.0,0.0,4.010000000000001,-15.886571029081466,False,0.0,0.0,4.010000000000001,-15.886571029081466,False
1512,-14.98507874518462,-14.98507874518462,0.0,0.0,4.010000000000001,-14.98507874518462,False,0.0,0.0,4.010000000000001,-14.98507874518462,False
1513,-14.006465888021578,-14.006465888021578,0.0,0.0,4.010000000000001,-14.006465888021578,False,0.0,0.0,4.010000000000001,-14.006465888021578,False
1514,-13.992652043824982,-13.992652043824982,0.0,0.0,4.010000000000001,-13.992652043824982,False,0.0,0.0,4.010000000000001,-13.992652043824982,False
1515,-12.964963031814262,-12.964963031814262,0.0,0.0,4.010000000000001,-12.964963031814262,False,0.0,0.0,4.010000000000001,-12.964963031814262,False
1516,-13.081584744123312,-13.081584744123312,0.0,0.0,4.010000000000001,-13.081584744123312,False,0.0,0.0,4.010000000000001,-13.081584744123312,False
1517,-14.615499363653182,-14.615499363653182,0.0,0.0,4.010000000000001,-14.615499363653182,False,0.0,0.0,4.010000000000001,-14.615499363653182,False
1518,-7.353857388883151,-7.353857388883151,0.0,0.0,4.010000000000001,-7.353857388883151,False,0.0,0.0,4.010000000000001,-7.353857388883151,False
1519,1.1947732951940402,1.1947732951940402,1.1947732951940402,0.0,4.010000000000001,0.0,False,1.1947732951940402,0.0,4.010000000000001,0.0,False
1520,2.8169207077874416,2.8169207077874416,2.8169207077874416,0.0,4.58299314323038,0.0,False,2.8169207077874416,0.0,4.58299314323038,0.0,False
1521,-8.192415547023598,-8.192415547023598,0.0,3.690758482742964,5.933940856138319,-4.501657064280634,False,0.0,0.0,5.933940856138319,-8.192415547023598,False
1522,-7.486251947068079,-7.486251947068079,0.0,0.0,4.010000000000001,-7.486251947068079,False,0.0,3.690758482742964,5.933940856138319,-3.7954934643251153,False
1523,19.20842589193032,19.20842589193032,19.20842589193032,0.0,4.010000000000001,0.0,False,14.742457610330467,0.0,4.010000000000001,4.465968281599855,False
1524,18.62713507851288,18.62713507851288,18.62713507851288,0.0,13.222037440573569,0.0,False,18.62713507851288,0.0,11.080234293872437,0.0,False
1525,9.441790390525917,9.441790390525917,9.441790390525917,0.0,22.15529760042719,0.0,False,9.441790390525917,0.0,20.013494453726057,0.0,False
1526,2.5776169209264013,2.5776169209264013,2.5776169209264013,0.0,26.68342119956672,0.0,False,2.5776169209264013,0.0,24.541618052865587,0.0,False
1527,6.224193928750086,6.224193928750086,6.224193928750086,0.0,27.91960284800703,0.0,False,6.224193928750086,0.0,25.7777997013059,0.0,False
1528,12.631562787019918,12.631562787019918,10.812261818863982,0.0,30.904621393078163,1.819300968155936,False,12.631562787019918,0.0,28.76281824637703,0.0,False
1529,2.6466673134439245,2.6466673134439245,0.0,0.0,36.09,2.6466673134439245,False,2.6466673134439245,0.0,34.82070294664643,0.0,False
1530,-9.288901247994957,-9.288901247994957,0.0,9.288901247994957,36.09,0.0,False,0.0,9.288901247994957,36.09,0.0,False
1531,4.333191052156804,4.333191052156804,4.333191052156804,0.0,31.247825497600758,0.0,False,0.0,0.0,31.247825497600758,4.333191052156804,False
1532,14.520178053951112,14.520178053951112,5.763440739142054,0.0,33.32595092204778,8.756737314809058,False,1.7370875739861464,0.0,31.247825497600758,12.783090479964965,False
1533,8.359544217312719,8.359544217312719,0.0,0.0,36.09,8.359544217312719,False,8.359544217312719,0.0,32.080903432208515,0.0,False
1534,-4.244224549848958,-4.244224549848958,0.0,4.244224549848958,36.09,0.0,False,0.0,0.0,36.09,-4.244224549848958,False
1535,-7.7679738629675965,-7.7679738629675965,0.0,7.7679738629675965,33.87754501215399,0.0,False,0.0,0.0,36.09,-7.7679738629675965,False
1536,-3.2536469640393606,-3.2536469640393606,0.0,3.2536469640393606,29.82820871603559,0.0,False,0.0,3.140151538146733,36.09,-0.11349542589262773,False
1537,3.4132081936377565,3.4132081936377565,3.4132081936377565,0.0,28.13212799039747,0.0,False,3.4132081936377565,0.0,34.45308285493228,0.0,False
1538,-5.280943894195204,-5.280943894195204,0.0,5.280943894195204,29.76904513546519,0.0,False,0.0,0.0,36.09,-5.280943894195204,False
1539,-20.71112972603015,-20.71112972603015,0.0,20.05,27.016162831049193,-0.6611297260301505,False,0.0,0.0,36.09,-20.71112972603015,False
1540,-17.330771195528396,-17.330771195528396,0.0,17.330771195528396,16.56437782643832,0.0,False,0.0,0.0,36.09,-17.330771195528396,False
1541,-10.665578551290482,-10.665578551290482,0.0,6.752701178716051,7.530088823956239,-3.912877372574431,False,0.0,0.0,36.09,-10.665578551290482,False
1542,-9.407129989860959,-9.407129989860959,0.0,0.0,4.010000000000001,-9.407129989860959,False,0.0,0.0,36.09,-9.407129989860959,False
1543,-10.153993120625042,-10.153993120625042,0.0,0.0,4.010000000000001,-10.153993120625042,False,0.0,0.0,36.09,-10.153993120625042,False
1544,-17.658269117007936,-17.658269117007936,0.0,0.0,4.010000000000001,-17.658269117007936,False,0.0,0.0,36.09,-17.658269117007936,False
1545,-23.068082439988487,-23.068082439988487,0.0,0.0,4.010000000000001,-23.068082439988487,False,0.0,0.0,36.09,-23.068082439988487,False
1546,-23.040843459255548,-23.040843459255548,0.0,0.0,4.010000000000001,-23.040843459255548,False,0.0,0.0,36.09,-23.040843459255548,False
1547,-15.87791532311767,-15.87791532311767,0.0,0.0,4.010000000000001,-15.87791532311767,False,0.0,0.0,36.09,-15.87791532311767,False
1548,-13.550072618571262,-13.550072618571262,0.0,0.0,4.010000000000001,-13.550072618571262,False,0.0,0.0,36.09,-13.550072618571262,False
1549,-14.463082935786863,-14.463082935786863,0.0,0.0,4.010000000000001,-14.463082935786863,False,0.0,0.0,36.09,-14.463082935786863,False
1550,,0.0,0.0,0.0,4.010000000000001,,False,0.0,0.0,36.09,0.0,False
1551,,0.0,0.0,0.0,4.010000000000001,,False,0.0,0.0,36.09,0.0,False
1552,,0.0,0.0,0.0,4.010000000000001,,False,0.0,0.0,36.09,0.0,False
1553,,0.0,0.0,0.0,4.010000000000001,,False,0.0,0.0,36.09,0.0,False
1554,,0.0,0.0,0.0,4.010000000000001,,False,0.0,0.0,36.09,0.0,False
1555,,0.0,0.0,0.0,4.010000000000001,,False,0.0,0.0,36.09,0.0,False
1556,,0.0,0.0,0.0,4.010000000000001,,False,0.0,0.0,36.09,0.0,False
1557,,0.0,0.0,0.0,4.010000000000001,,False,0.0,0.0,36.09,0.0,False
1558,,0.0,0.0,0.0,4.010000000000001,,False,0.0,0.0,36.09,0.0,False
1559,,0.0,0.0,0.0,4.010000000000001,,False,0.0,0.0,36.09,0.0,False
1560,,0.0,0.0,0.0,4.010000000000001,,False,0.0,0.0,36.09,0.0,False
1561,,0.0,0.0,0.0,4.010000000000001,,False,0.0,0.0,36.09,0.0,False
1562,,0.0,0.0,0.0,4.010000000000001,,False,0.0,0.0,36.09,0.0,False
1563,,0.0,0.0,0.0,4.010000000000001,,False,0.0,0.0,36.09,0.0,False
1564,,0.0,0.0,0.0,4.010000000000001,,False,0.0,0.0,36.09,0.0,False
1565,,0.0,0.0,0.0,4.010000000000001,,False,0.0,0.0,36.09,0.0,False
1566,,0.0,0.0,0.0,4.010000000000001,,False,0.0,0.0,36.09,0.0,False
1567,,0.0,0.0,0.0,4.010000000000001,,False,0.0,0.0,36.09,0.0,False
1568,,0.0,0.0,0.0,4.010000000000001,,False,0.0,0.0,36.09,0.0,False
1569,,0.0,0.0,0.0,4.010000000000001,,False,0.0,0.0,36.09,0.0,False
1570,,0.0,0.0,0.0,4.010000000000001,,False,0.0,0.0,36.09,0.0,False
1571,,0.0,0.0,0.0,4.010000000000001,,False,0.0,0.0,36.09,0.0,False
1572,,0.0,0.0,0.0,4.010000000000001,,False,0.0,0.0,36.09,0.0,False
1573,,0.0,0.0,0.0,4.010000000000001,,False,0.0,0.0,36.09,0.0,False
1574,,0.0,0.0,0.0,4.010000000000001,,False,0.0,0.0,36.09,0.0,False
1575,,0.0,0.0,0.0,4.010000000000001,,False,0.0,0.0,36.09,0.0,False
1576,,0.0,0.0,0.0,4.010000000000001,,False,0.0,0.0,36.09,0.0,False
1577,,0.0,0.0,0.0,4.010000000000001,,False,0.0,0.0,36.09,0.0,False
1578,,0.0,0.0,0.0,4.010000000000001,,False,0.0,0.0,36.09,0.0,False
1579,,0.0,0.0,0.0,4.010000000000001,,False,0.0,0.0,36.09,0.0,False
1580,,0.0,0.0,0.0,4.010000000000001,,False,0.0,0.0,36.09,0.0,False
1581,,0.0,0.0,0.0,4.010000000000001,,False,0.0,0.0,36.09,0.0,False
1582,,0.0,0.0,0.0,4.010000000000001,,False,0.0,0.0,36.09,0.0,False
1583,,0.0,0.0,0.0,4.010000000000001,,False,0.0,0.0,36.09,0.0,False
1584,,0.0,0.0,0.0,4.010000000000001,,False,0.0,0.0,36.09,0.0,False
1585,,0.0,0.0,0.0,4.010000000000001,,False,0.0,0.0,36.09,0.0,False
1586,,0.0,0.0,0.0,4.010000000000001,,False,0.0,0.0,36.09,0.0,False
1587,,0.0,0.0,0.0,4.010000000000001,,False,0.0,0.0,36.09,0.0,False
1588,,0.0,0.0,0.0,4.010000000000001,,False,0.0,0.0,36.09,0.0,False
1589,,0.0,0.0,0.0,4.010000000000001,,False,0.0,0.0,36.09,0.0,False
1590,,0.0,0.0,0.0,4.010000000000001,,False,0.0,0.0,36.09,0.0,False
1591,,0.0,0.0,0.0,4.010000000000001,,False,0.0,0.0,36.09,0.0,False
1592,,0.0,0.0,0.0,4.010000000000001,,False,0.0,0.0,36.09,0.0,False
1593,,0.0,0.0,0.0,4.010000000000001,,False,0.0,0.0,36.09,0.0,False
1594,,0.0,0.0,0.0,4.010000000000001,,False,0.0,0.0,36.09,0.0,False
1595,,0.0,0.0,0.0,4.010000000000001,,False,0.0,0.0,36.09,0.0,False
1596,,0.0,0.0,0.0,4.010000000000001,,False,0.0,0.0,36.09,0.0,False
1597,,0.0,0.0,0.0,4.010000000000001,,False,0.0,0.0,36.09,0.0,False
1598,,0.0,0.0,0.0,4.010000000000001,,False,0.0,0.0,36.09,0.0,False
1599,,0.0,0.0,0.0,4.010000000000001,,False,0.0,0.0,36.09,0.0,False
1600,,0.0,0.0,0.0,4.010000000000001,,False,0.0,0.0,36.09,0.0,False
1601,,0.0,0.0,0.0,4.010000000000001,,False,0.0,0.0,36.09,0.0,False
1602,,0.0,0.0,0.0,4.010000000000001,,False,0.0,0.0,36.09,0.0,False
1603,,0.0,0.0,0.0,4.010000000000001,,False,0.0,0.0,36.09,0.0,False
1604,,0.0,0.0,0.0,4.010000000000001,,False,0.0,0.0,36.09,0.0,False
1605,,0.0,0.0,0.0,4.010000000000001,,False,0.0,0.0,36.09,0.0,False
1606,,0.0,0.0,0.0,4.010000000000001,,False,0.0,0.0,36.09,0.0,False
1607,,0.0,0.0,0.0,4.010000000000001,,False,0.0,0.0,36.09,0.0,False
1608,,0.0,0.0,0.0,4.010000000000001,,False,0.0,0.0,36.09,0.0,False
1609,,0.0,0.0,0.0,4.010000000000001,,False,0.0,0.0,36.09,0.0,False
1610,,0.0,0.0,0.0,4.010000000000001,,False,0.0,0.0,36.09,0.0,False
1611,,0.0,0.0,0.0,4.010000000000001,,False,0.0,0.0,36.09,0.0,False
1612,,0.0,0.0,0.0,4.010000000000001,,False,0.0,0.0,36.09,0.0,False
1613,,0.0,0.0,0.0,4.010000000000001,,False,0.0,0.0,36.09,0.0,False
1614,,0.0,0.0,0.0,4.010000000000001,,False,0.0,0.0,36.09,0.0,False
1615,,0.0,0.0,0.0,4.010000000000001,,False,0.0,0.0,36.09,0.0,False
1616,,0.0,0.0,0.0,4.010000000000001,,False,0.0,0.0,36.09,0.0,False
1617,,0.0,0.0,0.0,4.010000000000001,,False,0.0,0.0,36.09,0.0,False
1618,,0.0,0.0,0.0,4.010000000000001,,False,0.0,0.0,36.09,0.0,False
1619,,0.0,0.0,0.0,4.010000000000001,,False,0.0,0.0,36.09,0.0,False
1620,,0.0,0.0,0.0,4.010000000000001,,False,0.0,0.0,36.09,0.0,False
1621,,0.0,0.0,0.0,4.010000000000001,,False,0.0,0.0,36.09,0.0,False
1622,,0.0,0.0,0.0,4.010000000000001,,False,0.0,0.0,36.09,0.0,False
1623,,0.0,0.0,0.0,4.010000000000001,,False,0.0,0.0,36.09,0.0,False
1624,,0.0,0.0,0.0,4.010000000000001,,False,0.0,0.0,36.09,0.0,False
1625,,0.0,0.0,0.0,4.010000000000001,,False,0.0,0.0,36.09,0.0,False
1626,,0.0,0.0,0.0,4.010000000000001,,False,0.0,0.0,36.09,0.0,False
1627,,0.0,0.0,0.0,4.010000000000001,,False,0.0,0.0,36.09,0.0,False
1628,,0.0,0.0,0.0,4.010000000000001,,False,0.0,0.0,36.09,0.0,False
1629,,0.0,0.0,0.0,4.010000000000001,,False,0.0,0.0,36.09,0.0,False
1630,,0.0,0.0,0.0,4.010000000000001,,False,0.0,0.0,36.09,0.0,False
1631,,0.0,0.0,0.0,4.010000000000001,,False,0.0,0.0,36.09,0.0,False
1632,,0.0,0.0,0.0,4.010000000000001,,False,0.0,0.0,36.09,0.0,False
1633,,0.0,0.0,0.0,4.010000000000001,,False,0.0,0.0,36.09,0.0,False
1634,,0.0,0.0,0.0,4.010000000000001,,False,0.0,0.0,36.09,0.0,False
1635,,0.0,0.0,0.0,4.010000000000001,,False,0.0,0.0,36.09,0.0,False
1636,,0.0,0.0,0.0,4.010000000000001,,False,0.0,0.0,36.09,0.0,False
1637,,0.0,0.0,0.0,4.010000000000001,,False,0.0,0.0,36.09,0.0,False
1638,,0.0,0.0,0.0,4.010000000000001,,False,0.0,0.0,36.09,0.0,False
1639,,0.0,0.0,0.0,4.010000000000001,,False,0.0,0.0,36.09,0.0,False
1640,,0.0,0.0,0.0,4.010000000000001,,False,0.0,0.0,36.09,0.0,False
1641,,0.0,0.0,0.0,4.010000000000001,,False,0.0,0.0,36.09,0.0,False
1642,,0.0,0.0,0.0,4.010000000000001,,False,0.0,0.0,36.09,0.0,False
1643,,0.0,0.0,0.0,4.010000000000001,,False,0.0,0.0,36.09,0.0,False
1644,,0.0,0.0,0.0,4.010000000000001,,False,0.0,0.0,36.09,0.0,False
1645,,0.0,0.0,0.0,4.010000000000001,,False,0.0,0.0,36.09,0.0,False
1646,,0.0,0.0,0.0,4.010000000000001,,False,0.0,0.0,36.09,0.0,False
1647,,0.0,0.0,0.0,4.010000000000001,,False,0.0,0.0,36.09,0.0,False
1648,,0.0,0.0,0.0,4.010000000000001,,False,0.0,0.0,36.09,0.0,False
1649,,0.0,0.0,0.0,4.010000000000001,,False,0.0,0.0,36.09,0.0,False
1650,,0.0,0.0,0.0,4.010000000000001,,False,0.0,0.0,36.09,0.0,False
1651,,0.0,0.0,0.0,4.010000000000001,,False,0.0,0.0,36.09,0.0,False
1652,,0.0,0.0,0.0,4.010000000000001,,False,0.0,0.0,36.09,0.0,False
1653,,0.0,0.0,0.0,4.010000000000001,,False,0.0,0.0,36.09,0.0,False
1654,,0.0,0.0,0.0,4.010000000000001,,False,0.0,0.0,36.09,0.0,False
1655,,0.0,0.0,0.0,4.010000000000001,,False,0.0,0.0,36.09,0.0,False
1656,,0.0,0.0,0.0,4.010000000000001,,False,0.0,0.0,36.09,0.0,False
1657,,0.0,0.0,0.0,4.010000000000001,,False,0.0,0.0,36.09,0.0,False
1658,,0.0,0.0,0.0,4.010000000000001,,False,0.0,0.0,36.09,0.0,False
1659,,0.0,0.0,0.0,4.010000000000001,,False,0.0,0.0,36.09,0.0,False
1660,,0.0,0.0,0.0,4.010000000000001,,False,0.0,0.0,36.09,0.0,False
1661,,0.0,0.0,0.0,4.010000000000001,,False,0.0,0.0,36.09,0.0,False
1662,,0.0,0.0,0.0,4.010000000000001,,False,0.0,0.0,36.09,0.0,False
1663,,0.0,0.0,0.0,4.010000000000001,,False,0.0,0.0,36.09,0.0,False
1664,,0.0,0.0,0.0,4.010000000000001,,False,0.0,0.0,36.09,0.0,False
1665,,0.0,0.0,0.0,4.010000000000001,,False,0.0,0.0,36.09,0.0,False
1666,,0.0,0.0,0.0,4.010000000000001,,False,0.0,0.0,36.09,0.0,False
1667,,0.0,0.0,0.0,4.010000000000001,,False,0.0,0.0,36.09,0.0,False
1668,,0.0,0.0,0.0,4.010000000000001,,False,0.0,0.0,36.09,0.0,False
1669,,0.0,0.0,0.0,4.010000000000001,,False,0.0,0.0,36.09,0.0,False
1670,,0.0,0.0,0.0,4.010000000000001,,False,0.0,0.0,36.09,0.0,False
1671,,0.0,0.0,0.0,4.010000000000001,,False,0.0,0.0,36.09,0.0,False
1672,,0.0,0.0,0.0,4.010000000000001,,False,0.0,0.0,36.09,0.0,False
1673,,0.0,0.0,0.0,4.010000000000001,,False,0.0,0.0,36.09,0.0,False
1674,,0.0,0.0,0.0,4.010000000000001,,False,0.0,0.0,36.09,0.0,False
1675,,0.0,0.0,0.0,4.010000000000001,,False,0.0,0.0,36.09,0.0,False
1676,,0.0,0.0,0.0,4.010000000000001,,False,0.0,0.0,36.09,0.0,False
1677,,0.0,0.0,0.0,4.010000000000001,,False,0.0,0.0,36.09,0.0,False
1678,,0.0,0.0,0.0,4.010000000000001,,False,0.0,0.0,36.09,0.0,False
1679,,0.0,0.0,0.0,4.010000000000001,,False,0.0,0.0,36.09,0.0,False
1680,,0.0,0.0,0.0,4.010000000000001,,False,0.0,0.0,36.09,0.0,False
1681,,0.0,0.0,0.0,4.010000000000001,,False,0.0,0.0,36.09,0.0,False
1682,,0.0,0.0,0.0,4.010000000000001,,False,0.0,0.0,36.09,0.0,False
1683,,0.0,0.0,0.0,4.010000000000001,,False,0.0,0.0,36.09,0.0,False
1684,,0.0,0.0,0.0,4.010000000000001,,False,0.0,0.0,36.09,0.0,False
1685,,0.0,0.0,0.0,4.010000000000001,,False,0.0,0.0,36.09,0.0,False
1686,,0.0,0.0,0.0,4.010000000000001,,False,0.0,0.0,36.09,0.0,False
1687,,0.0,0.0,0.0,4.010000000000001,,False,0.0,0.0,36.09,0.0,False
1688,,0.0,0.0,0.0,4.010000000000001,,False,0.0,0.0,36.09,0.0,False
1689,,0.0,0.0,0.0,4.010000000000001,,False,0.0,0.0,36.09,0.0,False
1690,,0.0,0.0,0.0,4.010000000000001,,False,0.0,0.0,36.09,0.0,False
1691,,0.0,0.0,0.0,4.010000000000001,,False,0.0,0.0,36.09,0.0,False
1692,,0.0,0.0,0.0,4.010000000000001,,False,0.0,0.0,36.09,0.0,False
1693,,0.0,0.0,0.0,4.010000000000001,,False,0.0,0.0,36.09,0.0,False
1694,,0.0,0.0,0.0,4.010000000000001,,False,0.0,0.0,36.09,0.0,False
1695,,0.0,0.0,0.0,4.010000000000001,,False,0.0,0.0,36.09,0.0,False
1696,,0.0,0.0,0.0,4.010000000000001,,False,0.0,0.0,36.09,0.0,False
1697,,0.0,0.0,0.0,4.010000000000001,,False,0.0,0.0,36.09,0.0,False
1698,,0.0,0.0,0.0,4.010000000000001,,False,0.0,0.0,36.09,0.0,False
1699,,0.0,0.0,0.0,4.010000000000001,,False,0.0,0.0,36.09,0.0,False
1700,,0.0,0.0,0.0,4.010000000000001,,False,0.0,0.0,36.09,0.0,False
1701,,0.0,0.0,0.0,4.010000000000001,,False,0.0,0.0,36.09,0.0,False
1702,,0.0,0.0,0.0,4.010000000000001,,False,0.0,0.0,36.09,0.0,False
1703,,0.0,0.0,0.0,4.010000000000001,,False,0.0,0.0,36.09,0.0,False
1704,,0.0,0.0,0.0,4.010000000000001,,False,0.0,0.0,36.09,0.0,False
1705,,0.0,0.0,0.0,4.010000000000001,,False,0.0,0.0,36.09,0.0,False
1706,,0.0,0.0,0.0,4.010000000000001,,False,0.0,0.0,36.09,0.0,False
1707,,0.0,0.0,0.0,4.010000000000001,,False,0.0,0.0,36.09,0.0,False
1708,,0.0,0.0,0.0,4.010000000000001,,False,0.0,0.0,36.09,0.0,False
1709,,0.0,0.0,0.0,4.010000000000001,,False,0.0,0.0,36.09,0.0,False
1710,,0.0,0.0,0.0,4.010000000000001,,False,0.0,0.0,36.09,0.0,False
1711,,0.0,0.0,0.0,4.010000000000001,,False,0.0,0.0,36.09,0.0,False
1712,,0.0,0.0,0.0,4.010000000000001,,False,0.0,0.0,36.09,0.0,False
1713,,0.0,0.0,0.0,4.010000000000001,,False,0.0,0.0,36.09,0.0,False
1714,,0.0,0.0,0.0,4.010000000000001,,False,0.0,0.0,36.09,0.0,False
1715,,0.0,0.0,0.0,4.010000000000001,,False,0.0,0.0,36.09,0.0,False
1716,,0.0,0.0,0.0,4.010000000000001,,False,0.0,0.0,36.09,0.0,False
1717,,0.0,0.0,0.0,4.010000000000001,,False,0.0,0.0,36.09,0.0,False
1718,,0.0,0.0,0.0,4.010000000000001,,False,0.0,0.0,36.09,0.0,False
1719,,0.0,0.0,0.0,4.010000000000001,,False,0.0,0.0,36.09,0.0,False
1720,,0.0,0.0,0.0,4.010000000000001,,False,0.0,0.0,36.09,0.0,False
1721,,0.0,0.0,0.0,4.010000000000001,,False,0.0,0.0,36.09,0.0,False
1722,,0.0,0.0,0.0,4.010000000000001,,False,0.0,0.0,36.09,0.0,False
1723,,0.0,0.0,0.0,4.010000000000001,,False,0.0,0.0,36.09,0.0,False
1724,,0.0,0.0,0.0,4.010000000000001,,False,0.0,0.0,36.09,0.0,False
1725,,0.0,0.0,0.0,4.010000000000001,,False,0.0,0.0,36.09,0.0,False
1726,,0.0,0.0,0.0,4.010000000000001,,False,0.0,0.0,36.09,0.0,False
1727,,0.0,0.0,0.0,4.010000000000001,,False,0.0,0.0,36.09,0.0,False
1728,,0.0,0.0,0.0,4.010000000000001,,False,0.0,0.0,36.09,0.0,False
1729,,0.0,0.0,0.0,4.010000000000001,,False,0.0,0.0,36.09,0.0,False
1730,,0.0,0.0,0.0,4.010000000000001,,False,0.0,0.0,36.09,0.0,False
1731,,0.0,0.0,0.0,4.010000000000001,,False,0.0,0.0,36.09,0.0,False
1732,,0.0,0.0,0.0,4.010000000000001,,False,0.0,0.0,36.09,0.0,False
1733,,0.0,0.0,0.0,4.010000000000001,,False,0.0,0.0,36.09,0.0,False
1734,,0.0,0.0,0.0,4.010000000000001,,False,0.0,0.0,36.09,0.0,False
1735,,0.0,0.0,0.0,4.010000000000001,,False,0.0,0.0,36.09,0.0,False
1736,,0.0,0.0,0.0,4.010000000000001,,False,0.0,0.0,36.09,0.0,False
1737,,0.0,0.0,0.0,4.010000000000001,,False,0.0,0.0,36.09,0.0,False
1738,,0.0,0.0,0.0,4.010000000000001,,False,0.0,0.0,36.09,0.0,False
1739,,0.0,0.0,0.0,4.010000000000001,,False,0.0,0.0,36.09,0.0,False
1740,,0.0,0.0,0.0,4.010000000000001,,False,0.0,0.0,36.09,0.0,False
1741,,0.0,0.0,0.0,4.010000000000001,,False,0.0,0.0,36.09,0.0,False
1742,,0.0,0.0,0.0,4.010000000000001,,False,0.0,0.0,36.09,0.0,False
1743,,0.0,0.0,0.0,4.010000000000001,,False,0.0,0.0,36.09,0.0,False
1744,,0.0,0.0,0.0,4.010000000000001,,False,0.0,0.0,36.09,0.0,False
1745,,0.0,0.0,0.0,4.010000000000001,,False,0.0,0.0,36.09,0.0,False
1746,,0.0,0.0,0.0,4.010000000000001,,False,0.0,0.0,36.09,0.0,False
1747,,0.0,0.0,0.0,4.010000000000001,,False,0.0,0.0,36.09,0.0,False
1748,,0.0,0.0,0.0,4.010000000000001,,False,0.0,0.0,36.09,0.0,False
1749,,0.0,0.0,0.0,4.010000000000001,,False,0.0,0.0,36.09,0.0,False
1750,,0.0,0.0,0.0,4.010000000000001,,False,0.0,0.0,36.09,0.0,False
1751,,0.0,0.0,0.0,4.010000000000001,,False,0.0,0.0,36.09,0.0,False
1752,,0.0,0.0,0.0,4.010000000000001,,False,0.0,0.0,36.09,0.0,False
1753,,0.0,0.0,0.0,4.010000000000001,,False,0.0,0.0,36.09,0.0,False
1754,,0.0,0.0,0.0,4.010000000000001,,False,0.0,0.0,36.09,0.0,False
1755,,0.0,0.0,0.0,4.010000000000001,,False,0.0,0.0,36.09,0.0,False
1756,,0.0,0.0,0.0,4.010000000000001,,False,0.0,0.0,36.09,0.0,False
1757,,0.0,0.0,0.0,4.010000000000001,,False,0.0,0.0,36.09,0.0,False
1758,,0.0,0.0,0.0,4.010000000000001,,False,0.0,0.0,36.09,0.0,False
1759,,0.0,0.0,0.0,4.010000000000001,,False,0.0,0.0,36.09,0.0,False
1760,,0.0,0.0,0.0,4.010000000000001,,False,0.0,0.0,36.09,0.0,False
1761,,0.0,0.0,0.0,4.010000000000001,,False,0.0,0.0,36.09,0.0,False
1762,,0.0,0.0,0.0,4.010000000000001,,False,0.0,0.0,36.09,0.0,False
1763,,0.0,0.0,0.0,4.010000000000001,,False,0.0,0.0,36.09,0.0,False
1764,,0.0,0.0,0.0,4.010000000000001,,False,0.0,0.0,36.09,0.0,False
1765,,0.0,0.0,0.0,4.010000000000001,,False,0.0,0.0,36.09,0.0,False
1766,,0.0,0.0,0.0,4.010000000000001,,False,0.0,0.0,36.09,0.0,False
1767,,0.0,0.0,0.0,4.010000000000001,,False,0.0,0.0,36.09,0.0,False
1768,,0.0,0.0,0.0,4.010000000000001,,False,0.0,0.0,36.09,0.0,False
1769,,0.0,0.0,0.0,4.010000000000001,,False,0.0,0.0,36.09,0.0,False
1770,,0.0,0.0,0.0,4.010000000000001,,False,0.0,0.0,36.09,0.0,False
1771,,0.0,0.0,0.0,4.010000000000001,,False,0.0,0.0,36.09,0.0,False
1772,,0.0,0.0,0.0,4.010000000000001,,False,0.0,0.0,36.09,0.0,False
1773,,0.0,0.0,0.0,4.010000000000001,,False,0.0,0.0,36.09,0.0,False
1774,,0.0,0.0,0.0,4.010000000000001,,False,0.0,0.0,36.09,0.0,False
1775,,0.0,0.0,0.0,4.010000000000001,,False,0.0,0.0,36.09,0.0,False
1776,,0.0,0.0,0.0,4.010000000000001,,False,0.0,0.0,36.09,0.0,False
1777,,0.0,0.0,0.0,4.010000000000001,,False,0.0,0.0,36.09,0.0,False
1778,,0.0,0.0,0.0,4.010000000000001,,False,0.0,0.0,36.09,0.0,False
1779,,0.0,0.0,0.0,4.010000000000001,,False,0.0,0.0,36.09,0.0,False
1780,,0.0,0.0,0.0,4.010000000000001,,False,0.0,0.0,36.09,0.0,False
1781,,0.0,0.0,0.0,4.010000000000001,,False,0.0,0.0,36.09,0.0,False
1782,,0.0,0.0,0.0,4.010000000000001,,False,0.0,0.0,36.09,0.0,False
1783,,0.0,0.0,0.0,4.010000000000001,,False,0.0,0.0,36.09,0.0,False
1784,,0.0,0.0,0.0,4.010000000000001,,False,0.0,0.0,36.09,0.0,False
1785,,0.0,0.0,0.0,4.010000000000001,,False,0.0,0.0,36.09,0.0,False
1786,,0.0,0.0,0.0,4.010000000000001,,False,0.0,0.0,36.09,0.0,False
1787,,0.0,0.0,0.0,4.010000000000001,,False,0.0,0.0,36.09,0.0,False
1788,,0.0,0.0,0.0,4.010000000000001,,False,0.0,0.0,36.09,0.0,False
1789,,0.0,0.0,0.0,4.010000000000001,,False,0.0,0.0,36.09,0.0,False
1790,,0.0,0.0,0.0,4.010000000000001,,False,0.0,0.0,36.09,0.0,False
1791,,0.0,0.0,0.0,4.010000000000001,,False,0.0,0.0,36.09,0.0,False
1792,,0.0,0.0,0.0,4.010000000000001,,False,0.0,0.0,36.09,0.0,False
1793,,0.0,0.0,0.0,4.010000000000001,,False,0.0,0.0,36.09,0.0,False
1794,,0.0,0.0,0.0,4.010000000000001,,False,0.0,0.0,36.09,0.0,False
1795,,0.0,0.0,0.0,4.010000000000001,,False,0.0,0.0,36.09,0.0,False
1796,,0.0,0.0,0.0,4.010000000000001,,False,0.0,0.0,36.09,0.0,False
1797,,0.0,0.0,0.0,4.010000000000001,,False,0.0,0.0,36.09,0.0,False
1798,,0.0,0.0,0.0,4.010000000000001,,False,0.0,0.0,36.09,0.0,False
1799,,0.0,0.0,0.0,4.010000000000001,,False,0.0,0.0,36.09,0.0,False
1800,,0.0,0.0,0.0,4.010000000000001,,False,0.0,0.0,36.09,0.0,False
1801,,0.0,0.0,0.0,4.010000000000001,,False,0.0,0.0,36.09,0.0,False
1802,,0.0,0.0,0.0,4.010000000000001,,False,0.0,0.0,36.09,0.0,False
1803,,0.0,0.0,0.0,4.010000000000001,,False,0.0,0.0,36.09,0.0,False
1804,,0.0,0.0,0.0,4.010000000000001,,False,0.0,0.0,36.09,0.0,False
1805,,0.0,0.0,0.0,4.010000000000001,,False,0.0,0.0,36.09,0.0,False
1806,,0.0,0.0,0.0,4.010000000000001,,False,0.0,0.0,36.09,0.0,False
1807,,0.0,0.0,0.0,4.010000000000001,,False,0.0,0.0,36.09,0.0,False
1808,,0.0,0.0,0.0,4.010000000000001,,False,0.0,0.0,36.09,0.0,False
1809,,0.0,0.0,0.0,4.010000000000001,,False,0.0,0.0,36.09,0.0,False
1810,,0.0,0.0,0.0,4.010000000000001,,False,0.0,0.0,36.09,0.0,False
1811,,0.0,0.0,0.0,4.010000000000001,,False,0.0,0.0,36.09,0.0,False
1812,,0.0,0.0,0.0,4.010000000000001,,False,0.0,0.0,36.09,0.0,False
1813,,0.0,0.0,0.0,4.010000000000001,,False,0.0,0.0,36.09,0.0,False
1814,,0.0,0.0,0.0,4.010000000000001,,False,0.0,0.0,36.09,0.0,False
1815,,0.0,0.0,0.0,4.010000000000001,,False,0.0,0.0,36.09,0.0,False
1816,,0.0,0.0,0.0,4.010000000000001,,False,0.0,0.0,36.09,0.0,False
1817,,0.0,0.0,0.0,4.010000000000001,,False,0.0,0.0,36.09,0.0,False
1818,,0.0,0.0,0.0,4.010000000000001,,False,0.0,0.0,36.09,0.0,False
1819,,0.0,0.0,0.0,4.010000000000001,,False,0.0,0.0,36.09,0.0,False
1820,,0.0,0.0,0.0,4.010000000000001,,False,0.0,0.0,36.09,0.0,False
1821,,0.0,0.0,0.0,4.010000000000001,,False,0.0,0.0,36.09,0.0,False
1822,,0.0,0.0,0.0,4.010000000000001,,False,0.0,0.0,36.09,0.0,False
1823,,0.0,0.0,0.0,4.010000000000001,,False,0.0,0.0,36.09,0.0,False
1824,,0.0,0.0,0.0,4.010000000000001,,False,0.0,0.0,36.09,0.0,False
1825,,0.0,0.0,0.0,4.010000000000001,,False,0.0,0.0,36.09,0.0,False
1826,,0.0,0.0,0.0,4.010000000000001,,False,0.0,0.0,36.09,0.0,False
1827,,0.0,0.0,0.0,4.010000000000001,,False,0.0,0.0,36.09,0.0,False
