dataset,source,model,metric,estimate,low,high,block_days,valid_draws,events,direction_events,occupied_blocks
era5_pizhou,pizhou_training,scalar,log_loss,0.2129029220301049,0.1679783593392017,0.2642845732304441,3,2000,94534,5862,34
era5_pizhou,pizhou_training,scalar,brier,0.1082992510466884,0.0809126213203111,0.1389034270258288,3,2000,94534,5862,34
era5_pizhou,pizhou_training,scalar,direction_auroc,0.9234809000389632,0.8753737807084795,0.9590241267360168,3,2000,94534,5862,34
era5_pizhou,pizhou_training,scalar_g5,log_loss,0.2079919784979191,0.1636222982179324,0.2577853962724609,3,2000,94534,5862,34
era5_pizhou,pizhou_training,scalar_g5,brier,0.1047288364917188,0.0788436964452785,0.132898868019532,3,2000,94534,5862,34
era5_pizhou,pizhou_training,scalar_g5,direction_auroc,0.9211103699096236,0.8622183535210225,0.9644574506557532,3,2000,94534,5862,34
era5_pizhou,pizhou_training,scalar_bit,log_loss,0.2132950688297625,0.1683321585555818,0.2642604836602046,3,2000,94534,5862,34
era5_pizhou,pizhou_training,scalar_bit,brier,0.1084248719920981,0.0812714977847133,0.1388305485326463,3,2000,94534,5862,34
era5_pizhou,pizhou_training,scalar_bit,direction_auroc,0.9235840672730496,0.874836695052312,0.9596246021668108,3,2000,94534,5862,34
era5_pizhou,pizhou_training,scalar_g5_bit,log_loss,0.2080849946926606,0.1636154296377552,0.2580007940485635,3,2000,94534,5862,34
era5_pizhou,pizhou_training,scalar_g5_bit,brier,0.1046056811426525,0.078690147615598,0.1329154779363604,3,2000,94534,5862,34
era5_pizhou,pizhou_training,scalar_g5_bit,direction_auroc,0.9200744406683232,0.8598825223492197,0.9646631564189532,3,2000,94534,5862,34
era5_pizhou,pizhou_training,scalar_g6,log_loss,0.2069563025553761,0.1630796961980849,0.2560089382303167,3,2000,94534,5862,34
era5_pizhou,pizhou_training,scalar_g6,brier,0.1041542265630842,0.0783103158460853,0.1322227162075811,3,2000,94534,5862,34
era5_pizhou,pizhou_training,scalar_g6,direction_auroc,0.92506215074636,0.8681735062384973,0.9658547054470852,3,2000,94534,5862,34
era5_pizhou,pizhou_training,scalar_signed6,log_loss,0.2065943202535055,0.1629541153440508,0.2552623906183706,3,2000,94534,5862,34
era5_pizhou,pizhou_training,scalar_signed6,brier,0.1040008835085601,0.078460701508841,0.1318429675231854,3,2000,94534,5862,34
era5_pizhou,pizhou_training,scalar_signed6,direction_auroc,0.9235508258887656,0.8641555935845012,0.9657847615092272,3,2000,94534,5862,34
era5_pizhou,pizhou_training,scalar_raw25,log_loss,0.2069921893369169,0.1629319647301845,0.2559854109684499,3,2000,94534,5862,34
era5_pizhou,pizhou_training,scalar_raw25,brier,0.1051066612252445,0.0791039549287587,0.1338279336665826,3,2000,94534,5862,34
era5_pizhou,pizhou_training,scalar_raw25,direction_auroc,0.925817500167772,0.8694788510946834,0.9695683519652408,3,2000,94534,5862,34
era5_pizhou,pizhou_training,scalar_g5_random,log_loss,0.2071212264601616,0.1630662490261471,0.2561077210535057,3,2000,94534,5862,34
era5_pizhou,pizhou_training,scalar_g5_random,brier,0.1043907181326988,0.0786014072229829,0.1324844792494522,3,2000,94534,5862,34
era5_pizhou,pizhou_training,scalar_g5_random,direction_auroc,0.9229075331111732,0.8639925423908057,0.964860355488888,3,2000,94534,5862,34
era5_pizhou,pizhou_training,scalar_g5_reversed,log_loss,0.2080849946926606,0.1636154296377552,0.2580007940485635,3,2000,94534,5862,34
era5_pizhou,pizhou_training,scalar_g5_reversed,brier,0.1046056811426525,0.078690147615598,0.1329154779363604,3,2000,94534,5862,34
era5_pizhou,pizhou_training,scalar_g5_reversed,direction_auroc,0.9200744406683232,0.8598825223492197,0.9646631564189532,3,2000,94534,5862,34
era5_pizhou,pizhou_training,scalar_g5_endpoint,log_loss,0.2079919784979191,0.1636222982179324,0.2577853962724609,3,2000,94534,5862,34
era5_pizhou,pizhou_training,scalar_g5_endpoint,brier,0.1047288364917188,0.0788436964452785,0.132898868019532,3,2000,94534,5862,34
era5_pizhou,pizhou_training,scalar_g5_endpoint,direction_auroc,0.9211103699096236,0.8622183535210225,0.9644574506557532,3,2000,94534,5862,34
era5_pizhou,pizhou_training,scalar_g5_pre,log_loss,0.2070317847303624,0.162543405753736,0.257731581750816,3,2000,94534,5862,34
era5_pizhou,pizhou_training,scalar_g5_pre,brier,0.1043866334270229,0.0783680526364308,0.1330060013355677,3,2000,94534,5862,34
era5_pizhou,pizhou_training,scalar_g5_pre,direction_auroc,0.9240483824279156,0.8662704854508938,0.965486924480062,3,2000,94534,5862,34
era5_pizhou,pizhou_training,scalar_g5_post,log_loss,0.2079844575186157,0.1631332681520133,0.2591763795474707,3,2000,94534,5862,34
era5_pizhou,pizhou_training,scalar_g5_post,brier,0.1045051974368071,0.0782375213851444,0.1330865380472906,3,2000,94534,5862,34
era5_pizhou,pizhou_training,scalar_g5_post,direction_auroc,0.91976606579265,0.8614787916855294,0.9635647891342448,3,2000,94534,5862,34
era5_pizhou,pizhou_training,scalar_g5_internal,log_loss,0.2082298923065162,0.1634895652037939,0.2586220942061298,3,2000,94534,5862,34
era5_pizhou,pizhou_training,scalar_g5_internal,brier,0.1046088257270079,0.0785831283718925,0.1330560787544576,3,2000,94534,5862,34
era5_pizhou,pizhou_training,scalar_g5_internal,direction_auroc,0.9187752096147856,0.8579550764620635,0.963454719533666,3,2000,94534,5862,34
era5_pizhou,pizhou_training,scalar,log_loss,0.2129029220301049,0.1610395391431698,0.2644978409211097,7,2000,94534,5862,16
era5_pizhou,pizhou_training,scalar,brier,0.1082992510466881,0.0770708433108015,0.1400556773114137,7,2000,94534,5862,16
era5_pizhou,pizhou_training,scalar,direction_auroc,0.9234809000389632,0.8534286993025157,0.9694523407668896,7,2000,94534,5862,16
era5_pizhou,pizhou_training,scalar_g5,log_loss,0.2079919784979188,0.1587947179060089,0.2583384556256619,7,2000,94534,5862,16
era5_pizhou,pizhou_training,scalar_g5,brier,0.1047288364917189,0.0752372061790783,0.1345546947929544,7,2000,94534,5862,16
era5_pizhou,pizhou_training,scalar_g5,direction_auroc,0.9211103699096236,0.8336400382535436,0.9750060917986688,7,2000,94534,5862,16
era5_pizhou,pizhou_training,scalar_bit,log_loss,0.2132950688297621,0.1615475997582725,0.2648093800859422,7,2000,94534,5862,16
era5_pizhou,pizhou_training,scalar_bit,brier,0.1084248719920984,0.0772928939368168,0.1399718444472903,7,2000,94534,5862,16
era5_pizhou,pizhou_training,scalar_bit,direction_auroc,0.9235840672730496,0.8534063421450373,0.9693331471548322,7,2000,94534,5862,16
era5_pizhou,pizhou_training,scalar_g5_bit,log_loss,0.2080849946926605,0.1586105151443949,0.2587026766907025,7,2000,94534,5862,16
era5_pizhou,pizhou_training,scalar_g5_bit,brier,0.1046056811426526,0.0749107855206756,0.134375466918937,7,2000,94534,5862,16
era5_pizhou,pizhou_training,scalar_g5_bit,direction_auroc,0.9200744406683232,0.8298101642103373,0.975494678744696,7,2000,94534,5862,16
era5_pizhou,pizhou_training,scalar_g6,log_loss,0.206956302555376,0.1580671321772173,0.2566345335207838,7,2000,94534,5862,16
era5_pizhou,pizhou_training,scalar_g6,brier,0.104154226563084,0.07489630902494,0.1337885675448983,7,2000,94534,5862,16
era5_pizhou,pizhou_training,scalar_g6,direction_auroc,0.92506215074636,0.8374151906728117,0.9759988665524248,7,2000,94534,5862,16
era5_pizhou,pizhou_training,scalar_signed6,log_loss,0.2065943202535052,0.1582600131861713,0.2550070281682364,7,2000,94534,5862,16
era5_pizhou,pizhou_training,scalar_signed6,brier,0.1040008835085603,0.0749284497505716,0.1332666573228729,7,2000,94534,5862,16
era5_pizhou,pizhou_training,scalar_signed6,direction_auroc,0.9235508258887656,0.8334572721023908,0.976957197857098,7,2000,94534,5862,16
era5_pizhou,pizhou_training,scalar_raw25,log_loss,0.206992189336917,0.1582413971292534,0.2563135931481859,7,2000,94534,5862,16
era5_pizhou,pizhou_training,scalar_raw25,brier,0.1051066612252447,0.0756737497376746,0.1347254766331524,7,2000,94534,5862,16
era5_pizhou,pizhou_training,scalar_raw25,direction_auroc,0.925817500167772,0.8400630254416346,0.9767016213010262,7,2000,94534,5862,16
era5_pizhou,pizhou_training,scalar_g5_random,log_loss,0.2071212264601617,0.1582959467132175,0.2569745936026147,7,2000,94534,5862,16
era5_pizhou,pizhou_training,scalar_g5_random,brier,0.104390718132699,0.075009101808548,0.1339375943472462,7,2000,94534,5862,16
era5_pizhou,pizhou_training,scalar_g5_random,direction_auroc,0.9229075331111732,0.8335202507739892,0.9759629581659836,7,2000,94534,5862,16
era5_pizhou,pizhou_training,scalar_g5_reversed,log_loss,0.2080849946926605,0.1586105151443949,0.2587026766907025,7,2000,94534,5862,16
era5_pizhou,pizhou_training,scalar_g5_reversed,brier,0.1046056811426526,0.0749107855206756,0.134375466918937,7,2000,94534,5862,16
era5_pizhou,pizhou_training,scalar_g5_reversed,direction_auroc,0.9200744406683232,0.8298101642103373,0.975494678744696,7,2000,94534,5862,16
era5_pizhou,pizhou_training,scalar_g5_endpoint,log_loss,0.2079919784979188,0.1587947179060089,0.2583384556256619,7,2000,94534,5862,16
era5_pizhou,pizhou_training,scalar_g5_endpoint,brier,0.1047288364917189,0.0752372061790783,0.1345546947929544,7,2000,94534,5862,16
era5_pizhou,pizhou_training,scalar_g5_endpoint,direction_auroc,0.9211103699096236,0.8336400382535436,0.9750060917986688,7,2000,94534,5862,16
era5_pizhou,pizhou_training,scalar_g5_pre,log_loss,0.2070317847303621,0.1573685644717969,0.2576527373299247,7,2000,94534,5862,16
era5_pizhou,pizhou_training,scalar_g5_pre,brier,0.104386633427023,0.0745157671329283,0.1345450306416409,7,2000,94534,5862,16
era5_pizhou,pizhou_training,scalar_g5_pre,direction_auroc,0.9240483824279156,0.8377891035952316,0.9753585775533576,7,2000,94534,5862,16
era5_pizhou,pizhou_training,scalar_g5_post,log_loss,0.207984457518616,0.1583246159695497,0.2586033113909322,7,2000,94534,5862,16
era5_pizhou,pizhou_training,scalar_g5_post,brier,0.1045051974368072,0.0749469868723472,0.1345257604033309,7,2000,94534,5862,16
era5_pizhou,pizhou_training,scalar_g5_post,direction_auroc,0.91976606579265,0.8341157607549174,0.9732519788540924,7,2000,94534,5862,16
era5_pizhou,pizhou_training,scalar_g5_internal,log_loss,0.2082298923065162,0.1586562990256909,0.259173260900964,7,2000,94534,5862,16
era5_pizhou,pizhou_training,scalar_g5_internal,brier,0.1046088257270079,0.0749362062080018,0.1345807852004186,7,2000,94534,5862,16
era5_pizhou,pizhou_training,scalar_g5_internal,direction_auroc,0.9187752096147856,0.8274835409815365,0.9741286641769052,7,2000,94534,5862,16
era5_pizhou,pizhou_training,scalar,log_loss,0.2129029220301052,0.1547347301930867,0.2696738064668464,14,2000,94534,5862,9
era5_pizhou,pizhou_training,scalar,brier,0.1082992510466878,0.0751609156066095,0.1408871537151761,14,2000,94534,5862,9
era5_pizhou,pizhou_training,scalar,direction_auroc,0.9234809000389632,0.87472900144451,0.9772400099250718,14,2000,94534,5862,9
era5_pizhou,pizhou_training,scalar_g5,log_loss,0.2079919784979191,0.1515907174896895,0.2630458980889976,14,2000,94534,5862,9
era5_pizhou,pizhou_training,scalar_g5,brier,0.1047288364917187,0.0728481957850701,0.1354034584750872,14,2000,94534,5862,9
era5_pizhou,pizhou_training,scalar_g5,direction_auroc,0.9211103699096236,0.8687339443546882,0.982591893944122,14,2000,94534,5862,9
era5_pizhou,pizhou_training,scalar_bit,log_loss,0.2132950688297631,0.1553080378831656,0.2700217185850143,14,2000,94534,5862,9
era5_pizhou,pizhou_training,scalar_bit,brier,0.1084248719920982,0.0753385122326784,0.1409346146100886,14,2000,94534,5862,9
era5_pizhou,pizhou_training,scalar_bit,direction_auroc,0.9235840672730496,0.8752201704169644,0.9775942064647424,14,2000,94534,5862,9
era5_pizhou,pizhou_training,scalar_g5_bit,log_loss,0.2080849946926609,0.1514790756884489,0.2634772725201091,14,2000,94534,5862,9
era5_pizhou,pizhou_training,scalar_g5_bit,brier,0.1046056811426522,0.072495187240944,0.1354322340020474,14,2000,94534,5862,9
era5_pizhou,pizhou_training,scalar_g5_bit,direction_auroc,0.9200744406683232,0.8654063303506294,0.9836521804299544,14,2000,94534,5862,9
era5_pizhou,pizhou_training,scalar_g6,log_loss,0.2069563025553764,0.1505696203179162,0.2617707467915101,14,2000,94534,5862,9
era5_pizhou,pizhou_training,scalar_g6,brier,0.104154226563084,0.0721605441036802,0.1349722732474052,14,2000,94534,5862,9
era5_pizhou,pizhou_training,scalar_g6,direction_auroc,0.92506215074636,0.870891757080012,0.9840093452192272,14,2000,94534,5862,9
era5_pizhou,pizhou_training,scalar_signed6,log_loss,0.2065943202535044,0.1509902957928806,0.2603245201165196,14,2000,94534,5862,9
era5_pizhou,pizhou_training,scalar_signed6,brier,0.1040008835085604,0.0724732905068907,0.1342106439146655,14,2000,94534,5862,9
era5_pizhou,pizhou_training,scalar_signed6,direction_auroc,0.9235508258887656,0.8681734562377516,0.984430834177684,14,2000,94534,5862,9
era5_pizhou,pizhou_training,scalar_raw25,log_loss,0.2069921893369164,0.1501318322344531,0.2628860342397115,14,2000,94534,5862,9
era5_pizhou,pizhou_training,scalar_raw25,brier,0.1051066612252452,0.0731057484832777,0.1363844123568031,14,2000,94534,5862,9
era5_pizhou,pizhou_training,scalar_raw25,direction_auroc,0.925817500167772,0.877831049907895,0.9824228953183552,14,2000,94534,5862,9
era5_pizhou,pizhou_training,scalar_g5_random,log_loss,0.2071212264601617,0.1512024363008572,0.2616497855159942,14,2000,94534,5862,9
era5_pizhou,pizhou_training,scalar_g5_random,brier,0.1043907181326989,0.0725731065491911,0.1350176601384101,14,2000,94534,5862,9
era5_pizhou,pizhou_training,scalar_g5_random,direction_auroc,0.9229075331111732,0.8665355687381279,0.9837816601419126,14,2000,94534,5862,9
era5_pizhou,pizhou_training,scalar_g5_reversed,log_loss,0.2080849946926609,0.1514790756884489,0.2634772725201091,14,2000,94534,5862,9
era5_pizhou,pizhou_training,scalar_g5_reversed,brier,0.1046056811426522,0.072495187240944,0.1354322340020474,14,2000,94534,5862,9
era5_pizhou,pizhou_training,scalar_g5_reversed,direction_auroc,0.9200744406683232,0.8654063303506294,0.9836521804299544,14,2000,94534,5862,9
era5_pizhou,pizhou_training,scalar_g5_endpoint,log_loss,0.2079919784979191,0.1515907174896895,0.2630458980889976,14,2000,94534,5862,9
era5_pizhou,pizhou_training,scalar_g5_endpoint,brier,0.1047288364917187,0.0728481957850701,0.1354034584750872,14,2000,94534,5862,9
era5_pizhou,pizhou_training,scalar_g5_endpoint,direction_auroc,0.9211103699096236,0.8687339443546882,0.982591893944122,14,2000,94534,5862,9
era5_pizhou,pizhou_training,scalar_g5_pre,log_loss,0.207031784730362,0.1502953978722751,0.2626744874447316,14,2000,94534,5862,9
era5_pizhou,pizhou_training,scalar_g5_pre,brier,0.104386633427023,0.0720489713845698,0.1355751952895249,14,2000,94534,5862,9
era5_pizhou,pizhou_training,scalar_g5_pre,direction_auroc,0.9240483824279156,0.8723941741674465,0.982430619165207,14,2000,94534,5862,9
era5_pizhou,pizhou_training,scalar_g5_post,log_loss,0.2079844575186155,0.15080506303427,0.2639152508049979,14,2000,94534,5862,9
era5_pizhou,pizhou_training,scalar_g5_post,brier,0.1045051974368071,0.0724114198915762,0.1356136714514846,14,2000,94534,5862,9
era5_pizhou,pizhou_training,scalar_g5_post,direction_auroc,0.91976606579265,0.8634097785932274,0.9807254038081576,14,2000,94534,5862,9
era5_pizhou,pizhou_training,scalar_g5_internal,log_loss,0.2082298923065157,0.1516261572257363,0.2639192473261856,14,2000,94534,5862,9
era5_pizhou,pizhou_training,scalar_g5_internal,brier,0.1046088257270077,0.0724495641041316,0.1355648614759255,14,2000,94534,5862,9
era5_pizhou,pizhou_training,scalar_g5_internal,direction_auroc,0.9187752096147856,0.8649184420152922,0.9818732184236536,14,2000,94534,5862,9
era5_suining,suining_training,scalar,log_loss,0.343306652330568,0.2559823451299762,0.4322918554318183,3,2000,33617,3202,24
era5_suining,suining_training,scalar,brier,0.1683670499808771,0.1249327588628247,0.2108079768734935,3,2000,33617,3202,24
era5_suining,suining_training,scalar,direction_auroc,0.7824351285576574,0.6722253398434703,0.8796858052099977,3,2000,33617,3202,24
era5_suining,suining_training,scalar_g5,log_loss,0.3436935875866394,0.2526276519440075,0.4343819919576325,3,2000,33617,3202,24
era5_suining,suining_training,scalar_g5,brier,0.1698849612878069,0.1239615333754821,0.2146825893584062,3,2000,33617,3202,24
era5_suining,suining_training,scalar_g5,direction_auroc,0.7992473806476083,0.6881109555022081,0.9015100600192764,3,2000,33617,3202,24
era5_suining,suining_training,scalar_bit,log_loss,0.3423771413345362,0.255121917860391,0.4319345795108082,3,2000,33617,3202,24
era5_suining,suining_training,scalar_bit,brier,0.1679771044411675,0.1245592046413477,0.2103958550592939,3,2000,33617,3202,24
era5_suining,suining_training,scalar_bit,direction_auroc,0.7849430695807456,0.6718044343513839,0.8838513325931163,3,2000,33617,3202,24
era5_suining,suining_training,scalar_g5_bit,log_loss,0.3439873660755696,0.2532170754781089,0.4345597364874942,3,2000,33617,3202,24
era5_suining,suining_training,scalar_g5_bit,brier,0.1699737305050101,0.1242094799499225,0.2146999522415856,3,2000,33617,3202,24
era5_suining,suining_training,scalar_g5_bit,direction_auroc,0.8009730716351396,0.6936766667807656,0.9014569011997386,3,2000,33617,3202,24
era5_suining,suining_training,scalar_g6,log_loss,0.3447092067891969,0.2534689868817261,0.4353073368956123,3,2000,33617,3202,24
era5_suining,suining_training,scalar_g6,brier,0.1699162692764142,0.1244593105167222,0.214412932719405,3,2000,33617,3202,24
era5_suining,suining_training,scalar_g6,direction_auroc,0.7946660819545188,0.6813783423600502,0.8980267070046801,3,2000,33617,3202,24
era5_suining,suining_training,scalar_signed6,log_loss,0.3452894187942692,0.2539100631625529,0.4358801242378045,3,2000,33617,3202,24
era5_suining,suining_training,scalar_signed6,brier,0.1699788821200437,0.1244944309341907,0.2144780475402257,3,2000,33617,3202,24
era5_suining,suining_training,scalar_signed6,direction_auroc,0.7943986156544826,0.6826719392248316,0.8979450913957029,3,2000,33617,3202,24
era5_suining,suining_training,scalar_raw25,log_loss,0.3401734041955429,0.2517001817128773,0.4267235969913403,3,2000,33617,3202,24
era5_suining,suining_training,scalar_raw25,brier,0.1682419354962974,0.1241859043169244,0.2111254870096275,3,2000,33617,3202,24
era5_suining,suining_training,scalar_raw25,direction_auroc,0.8128917176314417,0.7101640586752399,0.911555814547215,3,2000,33617,3202,24
era5_suining,suining_training,scalar_g5_random,log_loss,0.3439680881058545,0.2531480594093645,0.4341432687255475,3,2000,33617,3202,24
era5_suining,suining_training,scalar_g5_random,brier,0.17010209272911,0.124309951601383,0.2147330095558162,3,2000,33617,3202,24
era5_suining,suining_training,scalar_g5_random,direction_auroc,0.7985445408429337,0.6872137767800288,0.9010100056435568,3,2000,33617,3202,24
era5_suining,suining_training,scalar_g5_reversed,log_loss,0.3439873660755696,0.2532170754781089,0.4345597364874942,3,2000,33617,3202,24
era5_suining,suining_training,scalar_g5_reversed,brier,0.1699737305050101,0.1242094799499225,0.2146999522415856,3,2000,33617,3202,24
era5_suining,suining_training,scalar_g5_reversed,direction_auroc,0.8009730716351396,0.6936766667807656,0.9014569011997386,3,2000,33617,3202,24
era5_suining,suining_training,scalar_g5_endpoint,log_loss,0.3436935875866394,0.2526276519440075,0.4343819919576325,3,2000,33617,3202,24
era5_suining,suining_training,scalar_g5_endpoint,brier,0.1698849612878069,0.1239615333754821,0.2146825893584062,3,2000,33617,3202,24
era5_suining,suining_training,scalar_g5_endpoint,direction_auroc,0.7992473806476083,0.6881109555022081,0.9015100600192764,3,2000,33617,3202,24
era5_suining,suining_training,scalar_g5_pre,log_loss,0.3439161073360778,0.2534100086667261,0.433996622633919,3,2000,33617,3202,24
era5_suining,suining_training,scalar_g5_pre,brier,0.1701470820100252,0.1241050730172701,0.2150511357104689,3,2000,33617,3202,24
era5_suining,suining_training,scalar_g5_pre,direction_auroc,0.7994168681553122,0.6862316573193034,0.902902200328052,3,2000,33617,3202,24
era5_suining,suining_training,scalar_g5_post,log_loss,0.3426473304447508,0.2529199257344376,0.4324626404283641,3,2000,33617,3202,24
era5_suining,suining_training,scalar_g5_post,brier,0.1697774763474424,0.1240690584896277,0.2144133762109002,3,2000,33617,3202,24
era5_suining,suining_training,scalar_g5_post,direction_auroc,0.8048017509758372,0.6938251638581681,0.9055497147239524,3,2000,33617,3202,24
era5_suining,suining_training,scalar_g5_internal,log_loss,0.3450069881467391,0.253580509580077,0.435644957702522,3,2000,33617,3202,24
era5_suining,suining_training,scalar_g5_internal,brier,0.1703788649559439,0.1245690548112173,0.2151774258927578,3,2000,33617,3202,24
era5_suining,suining_training,scalar_g5_internal,direction_auroc,0.8015968962847074,0.6928111682798285,0.9027530966955942,3,2000,33617,3202,24
era5_suining,suining_training,scalar,log_loss,0.3433066523305679,0.257220021016053,0.4446073612963689,7,2000,33617,3202,11
era5_suining,suining_training,scalar,brier,0.1683670499808771,0.1257726885429758,0.2202868827348932,7,2000,33617,3202,11
era5_suining,suining_training,scalar,direction_auroc,0.7824351285576574,0.6282553096500308,0.8768379115442004,7,2000,33617,3202,11
era5_suining,suining_training,scalar_g5,log_loss,0.3436935875866397,0.2532733303106755,0.4512474834969355,7,2000,33617,3202,11
era5_suining,suining_training,scalar_g5,brier,0.1698849612878068,0.1240483975762939,0.2254252738654039,7,2000,33617,3202,11
era5_suining,suining_training,scalar_g5,direction_auroc,0.7992473806476083,0.6425499166145122,0.8984371407690143,7,2000,33617,3202,11
era5_suining,suining_training,scalar_bit,log_loss,0.3423771413345363,0.2562260994404113,0.4432888685497281,7,2000,33617,3202,11
era5_suining,suining_training,scalar_bit,brier,0.1679771044411673,0.1255171796651338,0.2197263440740673,7,2000,33617,3202,11
era5_suining,suining_training,scalar_bit,direction_auroc,0.7849430695807456,0.6333942353671633,0.8789499920193413,7,2000,33617,3202,11
era5_suining,suining_training,scalar_g5_bit,log_loss,0.3439873660755697,0.2530376821264347,0.4523815708271643,7,2000,33617,3202,11
era5_suining,suining_training,scalar_g5_bit,brier,0.16997373050501,0.1239372507638807,0.2257141667152179,7,2000,33617,3202,11
era5_suining,suining_training,scalar_g5_bit,direction_auroc,0.8009730716351396,0.6470533591786022,0.8991114073421401,7,2000,33617,3202,11
era5_suining,suining_training,scalar_g6,log_loss,0.3447092067891968,0.2541602524730978,0.4530844393966576,7,2000,33617,3202,11
era5_suining,suining_training,scalar_g6,brier,0.1699162692764144,0.124386956375224,0.2247459614553665,7,2000,33617,3202,11
era5_suining,suining_training,scalar_g6,direction_auroc,0.7946660819545188,0.6406399900461636,0.8960441225064492,7,2000,33617,3202,11
era5_suining,suining_training,scalar_signed6,log_loss,0.3452894187942683,0.2552663088072389,0.4532642906364662,7,2000,33617,3202,11
era5_suining,suining_training,scalar_signed6,brier,0.1699788821200439,0.1245134568603991,0.2252696913015469,7,2000,33617,3202,11
era5_suining,suining_training,scalar_signed6,direction_auroc,0.7943986156544826,0.6393939144779566,0.8947132723291819,7,2000,33617,3202,11
era5_suining,suining_training,scalar_raw25,log_loss,0.3401734041955432,0.2521683982068971,0.4448458570957003,7,2000,33617,3202,11
era5_suining,suining_training,scalar_raw25,brier,0.1682419354962977,0.1242742398351871,0.220937179351419,7,2000,33617,3202,11
era5_suining,suining_training,scalar_raw25,direction_auroc,0.8128917176314417,0.6731426925419863,0.9125747796713456,7,2000,33617,3202,11
era5_suining,suining_training,scalar_g5_random,log_loss,0.3439680881058544,0.2536259417428489,0.4520119077078774,7,2000,33617,3202,11
era5_suining,suining_training,scalar_g5_random,brier,0.1701020927291098,0.124248928435916,0.2257797232840673,7,2000,33617,3202,11
era5_suining,suining_training,scalar_g5_random,direction_auroc,0.7985445408429337,0.643293769798411,0.8976558342214632,7,2000,33617,3202,11
era5_suining,suining_training,scalar_g5_reversed,log_loss,0.3439873660755697,0.2530376821264347,0.4523815708271643,7,2000,33617,3202,11
era5_suining,suining_training,scalar_g5_reversed,brier,0.16997373050501,0.1239372507638807,0.2257141667152179,7,2000,33617,3202,11
era5_suining,suining_training,scalar_g5_reversed,direction_auroc,0.8009730716351396,0.6470533591786022,0.8991114073421401,7,2000,33617,3202,11
era5_suining,suining_training,scalar_g5_endpoint,log_loss,0.3436935875866397,0.2532733303106755,0.4512474834969355,7,2000,33617,3202,11
era5_suining,suining_training,scalar_g5_endpoint,brier,0.1698849612878068,0.1240483975762939,0.2254252738654039,7,2000,33617,3202,11
era5_suining,suining_training,scalar_g5_endpoint,direction_auroc,0.7992473806476083,0.6425499166145122,0.8984371407690143,7,2000,33617,3202,11
era5_suining,suining_training,scalar_g5_pre,log_loss,0.3439161073360786,0.2533087985643543,0.4521643542895586,7,2000,33617,3202,11
era5_suining,suining_training,scalar_g5_pre,brier,0.1701470820100256,0.1240161158822495,0.2259690212075976,7,2000,33617,3202,11
era5_suining,suining_training,scalar_g5_pre,direction_auroc,0.7994168681553122,0.6439559295561117,0.9004636304986445,7,2000,33617,3202,11
era5_suining,suining_training,scalar_g5_post,log_loss,0.342647330444751,0.2524766396176439,0.4503690683817886,7,2000,33617,3202,11
era5_suining,suining_training,scalar_g5_post,brier,0.1697774763474429,0.1241049249196033,0.2252962288443385,7,2000,33617,3202,11
era5_suining,suining_training,scalar_g5_post,direction_auroc,0.8048017509758372,0.652660820507381,0.9039444548157146,7,2000,33617,3202,11
era5_suining,suining_training,scalar_g5_internal,log_loss,0.3450069881467386,0.2541412618128357,0.453297752811878,7,2000,33617,3202,11
era5_suining,suining_training,scalar_g5_internal,brier,0.1703788649559439,0.124218702798155,0.2261930870677828,7,2000,33617,3202,11
era5_suining,suining_training,scalar_g5_internal,direction_auroc,0.8015968962847074,0.6484627020126839,0.8994506499727425,7,2000,33617,3202,11
era5_suining,suining_training,scalar,log_loss,0.3433066523305687,0.227466208966467,0.477200049457761,14,2000,33617,3202,6
era5_suining,suining_training,scalar,brier,0.1683670499808771,0.1119676229920556,0.2321965487315609,14,2000,33617,3202,6
era5_suining,suining_training,scalar,direction_auroc,0.7824351285576574,0.6760798379363993,0.8914935542155141,14,2000,33617,3202,6
era5_suining,suining_training,scalar_g5,log_loss,0.343693587586641,0.221177294873505,0.4882261420129877,14,2000,33617,3202,6
era5_suining,suining_training,scalar_g5,brier,0.1698849612878076,0.1085990975557055,0.2412912451724597,14,2000,33617,3202,6
era5_suining,suining_training,scalar_g5,direction_auroc,0.7992473806476083,0.6849784618449636,0.9190658506606249,14,2000,33617,3202,6
era5_suining,suining_training,scalar_bit,log_loss,0.3423771413345354,0.2266681870417769,0.476145418075222,14,2000,33617,3202,6
era5_suining,suining_training,scalar_bit,brier,0.1679771044411676,0.1116307273208618,0.2317199655660637,14,2000,33617,3202,6
era5_suining,suining_training,scalar_bit,direction_auroc,0.7849430695807456,0.6808300142973857,0.8921281839800513,14,2000,33617,3202,6
era5_suining,suining_training,scalar_g5_bit,log_loss,0.3439873660755704,0.2207812256807515,0.4894705895794058,14,2000,33617,3202,6
era5_suining,suining_training,scalar_g5_bit,brier,0.16997373050501,0.1085777795172288,0.2416179297116484,14,2000,33617,3202,6
era5_suining,suining_training,scalar_g5_bit,direction_auroc,0.8009730716351396,0.6839674307507555,0.9206215360126316,14,2000,33617,3202,6
era5_suining,suining_training,scalar_g6,log_loss,0.3447092067891965,0.2215823365225306,0.4899026243749108,14,2000,33617,3202,6
era5_suining,suining_training,scalar_g6,brier,0.1699162692764138,0.1091785361691965,0.240336761791392,14,2000,33617,3202,6
era5_suining,suining_training,scalar_g6,direction_auroc,0.7946660819545188,0.6743368806689578,0.9177965911315504,14,2000,33617,3202,6
era5_suining,suining_training,scalar_signed6,log_loss,0.3452894187942694,0.2232815245218161,0.4892994164545899,14,2000,33617,3202,6
era5_suining,suining_training,scalar_signed6,brier,0.1699788821200434,0.1094430800465908,0.2405137290315102,14,2000,33617,3202,6
era5_suining,suining_training,scalar_signed6,direction_auroc,0.7943986156544826,0.6801013070452175,0.9164936344468372,14,2000,33617,3202,6
era5_suining,suining_training,scalar_raw25,log_loss,0.340173404195544,0.2221080546828997,0.4795172013080906,14,2000,33617,3202,6
era5_suining,suining_training,scalar_raw25,brier,0.1682419354962981,0.110034028481619,0.2347087519803168,14,2000,33617,3202,6
era5_suining,suining_training,scalar_raw25,direction_auroc,0.8128917176314417,0.7088856605301388,0.9357347103167852,14,2000,33617,3202,6
era5_suining,suining_training,scalar_g5_random,log_loss,0.3439680881058542,0.2216679570835553,0.4880338197139127,14,2000,33617,3202,6
era5_suining,suining_training,scalar_g5_random,brier,0.1701020927291093,0.1089411701598151,0.2413755882833468,14,2000,33617,3202,6
era5_suining,suining_training,scalar_g5_random,direction_auroc,0.7985445408429337,0.6843756744641641,0.9187192513454792,14,2000,33617,3202,6
era5_suining,suining_training,scalar_g5_reversed,log_loss,0.3439873660755704,0.2207812256807515,0.4894705895794058,14,2000,33617,3202,6
era5_suining,suining_training,scalar_g5_reversed,brier,0.16997373050501,0.1085777795172288,0.2416179297116484,14,2000,33617,3202,6
era5_suining,suining_training,scalar_g5_reversed,direction_auroc,0.8009730716351396,0.6839674307507555,0.9206215360126316,14,2000,33617,3202,6
era5_suining,suining_training,scalar_g5_endpoint,log_loss,0.343693587586641,0.221177294873505,0.4882261420129877,14,2000,33617,3202,6
era5_suining,suining_training,scalar_g5_endpoint,brier,0.1698849612878076,0.1085990975557055,0.2412912451724597,14,2000,33617,3202,6
era5_suining,suining_training,scalar_g5_endpoint,direction_auroc,0.7992473806476083,0.6849784618449636,0.9190658506606249,14,2000,33617,3202,6
era5_suining,suining_training,scalar_g5_pre,log_loss,0.3439161073360789,0.2208885899100503,0.4888239571153625,14,2000,33617,3202,6
era5_suining,suining_training,scalar_g5_pre,brier,0.1701470820100251,0.1086361704666661,0.2417642761753231,14,2000,33617,3202,6
era5_suining,suining_training,scalar_g5_pre,direction_auroc,0.7994168681553122,0.6824278964550908,0.9207643477674832,14,2000,33617,3202,6
era5_suining,suining_training,scalar_g5_post,log_loss,0.3426473304447507,0.2206789465896165,0.4872868258658234,14,2000,33617,3202,6
era5_suining,suining_training,scalar_g5_post,brier,0.1697774763474425,0.1088102358831609,0.2412411264453565,14,2000,33617,3202,6
era5_suining,suining_training,scalar_g5_post,direction_auroc,0.8048017509758372,0.6960449926389363,0.9249066909714088,14,2000,33617,3202,6
era5_suining,suining_training,scalar_g5_internal,log_loss,0.3450069881467376,0.2217114871038609,0.4901940328176151,14,2000,33617,3202,6
era5_suining,suining_training,scalar_g5_internal,brier,0.170378864955943,0.1089881296637691,0.2418817274526376,14,2000,33617,3202,6
era5_suining,suining_training,scalar_g5_internal,direction_auroc,0.8015968962847074,0.68692368567022,0.9186510547209716,14,2000,33617,3202,6
era5_yandun,yandun_training,scalar,log_loss,0.68195387349921,0.6141117078473016,0.7604908364002279,3,2000,238131,56960,15
era5_yandun,yandun_training,scalar,brier,0.37613647211428,0.3370392097370712,0.4211341553892909,3,2000,238131,56960,15
era5_yandun,yandun_training,scalar,direction_auroc,0.6005543714961001,0.5415768387647764,0.6585370926757514,3,2000,238131,56960,15
era5_yandun,yandun_training,scalar_g5,log_loss,0.6736383840356063,0.6050194771376783,0.7522294393253265,3,2000,238131,56960,15
era5_yandun,yandun_training,scalar_g5,brier,0.3689075082809948,0.3296629722768251,0.4150098309286997,3,2000,238131,56960,15
era5_yandun,yandun_training,scalar_g5,direction_auroc,0.5970580699391703,0.5423377595787937,0.6515559021651153,3,2000,238131,56960,15
era5_yandun,yandun_training,scalar_bit,log_loss,0.6824937117662946,0.6150871082890214,0.7608360193872069,3,2000,238131,56960,15
era5_yandun,yandun_training,scalar_bit,brier,0.3765985206220176,0.3375819931680252,0.4211868806542234,3,2000,238131,56960,15
era5_yandun,yandun_training,scalar_bit,direction_auroc,0.5991701311937329,0.5404513098403314,0.6568275222957908,3,2000,238131,56960,15
era5_yandun,yandun_training,scalar_g5_bit,log_loss,0.6739166643781682,0.6054460993093946,0.752220737575503,3,2000,238131,56960,15
era5_yandun,yandun_training,scalar_g5_bit,brier,0.3690560126716517,0.3299592832884576,0.4149861316632598,3,2000,238131,56960,15
era5_yandun,yandun_training,scalar_g5_bit,direction_auroc,0.5961918169921151,0.5414026132969112,0.6507274100937481,3,2000,238131,56960,15
era5_yandun,yandun_training,scalar_g6,log_loss,0.6699483993103308,0.6008091711801027,0.7496462873235614,3,2000,238131,56960,15
era5_yandun,yandun_training,scalar_g6,brier,0.3675116038029927,0.3279689083539926,0.4134386090646422,3,2000,238131,56960,15
era5_yandun,yandun_training,scalar_g6,direction_auroc,0.5993501789667621,0.5457210968064763,0.6548549436595036,3,2000,238131,56960,15
era5_yandun,yandun_training,scalar_signed6,log_loss,0.6684392415295122,0.5991363807332648,0.748225699080232,3,2000,238131,56960,15
era5_yandun,yandun_training,scalar_signed6,brier,0.3669289775875031,0.3275589875853264,0.4129489070461788,3,2000,238131,56960,15
era5_yandun,yandun_training,scalar_signed6,direction_auroc,0.5956140426953753,0.544334739400964,0.6485988855193472,3,2000,238131,56960,15
era5_yandun,yandun_training,scalar_raw25,log_loss,0.6621742819522544,0.5915833313564964,0.7436412660339501,3,2000,238131,56960,15
era5_yandun,yandun_training,scalar_raw25,brier,0.3649527852161434,0.325053825463668,0.411467199350133,3,2000,238131,56960,15
era5_yandun,yandun_training,scalar_raw25,direction_auroc,0.6181812093859366,0.560094019903398,0.6807412169592952,3,2000,238131,56960,15
era5_yandun,yandun_training,scalar_g5_random,log_loss,0.674112297529716,0.6051845253928156,0.7527361884528616,3,2000,238131,56960,15
era5_yandun,yandun_training,scalar_g5_random,brier,0.3693081613019132,0.329962047793215,0.4152779036087183,3,2000,238131,56960,15
era5_yandun,yandun_training,scalar_g5_random,direction_auroc,0.5978834562804207,0.5421416118358259,0.6533228184179901,3,2000,238131,56960,15
era5_yandun,yandun_training,scalar_g5_reversed,log_loss,0.6739166643781682,0.6054460993093946,0.752220737575503,3,2000,238131,56960,15
era5_yandun,yandun_training,scalar_g5_reversed,brier,0.3690560126716517,0.3299592832884576,0.4149861316632598,3,2000,238131,56960,15
era5_yandun,yandun_training,scalar_g5_reversed,direction_auroc,0.5961918169921151,0.5414026132969112,0.6507274100937481,3,2000,238131,56960,15
era5_yandun,yandun_training,scalar_g5_endpoint,log_loss,0.6736383840356063,0.6050194771376783,0.7522294393253265,3,2000,238131,56960,15
era5_yandun,yandun_training,scalar_g5_endpoint,brier,0.3689075082809948,0.3296629722768251,0.4150098309286997,3,2000,238131,56960,15
era5_yandun,yandun_training,scalar_g5_endpoint,direction_auroc,0.5970580699391703,0.5423377595787937,0.6515559021651153,3,2000,238131,56960,15
era5_yandun,yandun_training,scalar_g5_pre,log_loss,0.6760385014775119,0.6065268746453547,0.7563340314804677,3,2000,238131,56960,15
era5_yandun,yandun_training,scalar_g5_pre,brier,0.3697191186315295,0.3305989878764903,0.4161236360632743,3,2000,238131,56960,15
era5_yandun,yandun_training,scalar_g5_pre,direction_auroc,0.5952708209501333,0.5392092796232433,0.651122492485583,3,2000,238131,56960,15
era5_yandun,yandun_training,scalar_g5_post,log_loss,0.6738356778039859,0.6044630278149671,0.754334740258396,3,2000,238131,56960,15
era5_yandun,yandun_training,scalar_g5_post,brier,0.3696889028620422,0.3301845323213971,0.416170549314128,3,2000,238131,56960,15
era5_yandun,yandun_training,scalar_g5_post,direction_auroc,0.6025577847129485,0.5462076263454766,0.6577978398011605,3,2000,238131,56960,15
era5_yandun,yandun_training,scalar_g5_internal,log_loss,0.6732888294267675,0.6043970081034649,0.7517694769610165,3,2000,238131,56960,15
era5_yandun,yandun_training,scalar_g5_internal,brier,0.3688441675483862,0.3296764141513686,0.4149743782261099,3,2000,238131,56960,15
era5_yandun,yandun_training,scalar_g5_internal,direction_auroc,0.5970537229971944,0.5422263410381283,0.6521863537696738,3,2000,238131,56960,15
era5_yandun,yandun_training,scalar,log_loss,0.6819538734992134,0.5940992106434576,0.7674374995756454,7,2000,238131,56960,7
era5_yandun,yandun_training,scalar,brier,0.3761364721142806,0.3280883269241109,0.4219191535445091,7,2000,238131,56960,7
era5_yandun,yandun_training,scalar,direction_auroc,0.6005543714961001,0.5478928780547945,0.6421278088010436,7,2000,238131,56960,7
era5_yandun,yandun_training,scalar_g5,log_loss,0.6736383840356088,0.5854425268807462,0.760414414676687,7,2000,238131,56960,7
era5_yandun,yandun_training,scalar_g5,brier,0.3689075082809984,0.3215102861863195,0.4147866959378291,7,2000,238131,56960,7
era5_yandun,yandun_training,scalar_g5,direction_auroc,0.5970580699391703,0.5364171821920112,0.6465244380089159,7,2000,238131,56960,7
era5_yandun,yandun_training,scalar_bit,log_loss,0.6824937117662944,0.5947103837609566,0.7683058358390935,7,2000,238131,56960,7
era5_yandun,yandun_training,scalar_bit,brier,0.3765985206220187,0.3284606372120603,0.4225615341042514,7,2000,238131,56960,7
era5_yandun,yandun_training,scalar_bit,direction_auroc,0.5991701311937329,0.5473054157545099,0.6409565604009867,7,2000,238131,56960,7
era5_yandun,yandun_training,scalar_g5_bit,log_loss,0.6739166643781596,0.586021856887142,0.760139595879383,7,2000,238131,56960,7
era5_yandun,yandun_training,scalar_g5_bit,brier,0.3690560126716495,0.3218608545084376,0.4146837649071789,7,2000,238131,56960,7
era5_yandun,yandun_training,scalar_g5_bit,direction_auroc,0.5961918169921151,0.5365193471726236,0.6452976053702203,7,2000,238131,56960,7
era5_yandun,yandun_training,scalar_g6,log_loss,0.6699483993103327,0.5786810690537351,0.7579514868259323,7,2000,238131,56960,7
era5_yandun,yandun_training,scalar_g6,brier,0.3675116038029956,0.3185547873748136,0.4147324359210043,7,2000,238131,56960,7
era5_yandun,yandun_training,scalar_g6,direction_auroc,0.5993501789667621,0.5369565422180356,0.648649112694882,7,2000,238131,56960,7
era5_yandun,yandun_training,scalar_signed6,log_loss,0.6684392415295118,0.5781741295052591,0.7558821080713674,7,2000,238131,56960,7
era5_yandun,yandun_training,scalar_signed6,brier,0.3669289775875036,0.3186487629099743,0.4142564454599869,7,2000,238131,56960,7
era5_yandun,yandun_training,scalar_signed6,direction_auroc,0.5956140426953753,0.5362593733961766,0.6432016107280702,7,2000,238131,56960,7
era5_yandun,yandun_training,scalar_raw25,log_loss,0.6621742819522501,0.5653362659269232,0.7539315431355965,7,2000,238131,56960,7
era5_yandun,yandun_training,scalar_raw25,brier,0.3649527852161441,0.3134535924740065,0.4137476116216086,7,2000,238131,56960,7
era5_yandun,yandun_training,scalar_raw25,direction_auroc,0.6181812093859366,0.5372110591872777,0.6910878477569469,7,2000,238131,56960,7
era5_yandun,yandun_training,scalar_g5_random,log_loss,0.6741122975297137,0.585229025010785,0.7608901329911719,7,2000,238131,56960,7
era5_yandun,yandun_training,scalar_g5_random,brier,0.3693081613019129,0.3218415668717739,0.4153287183974989,7,2000,238131,56960,7
era5_yandun,yandun_training,scalar_g5_random,direction_auroc,0.5978834562804207,0.5367643516276203,0.648001024361643,7,2000,238131,56960,7
era5_yandun,yandun_training,scalar_g5_reversed,log_loss,0.6739166643781596,0.586021856887142,0.760139595879383,7,2000,238131,56960,7
era5_yandun,yandun_training,scalar_g5_reversed,brier,0.3690560126716495,0.3218608545084376,0.4146837649071789,7,2000,238131,56960,7
era5_yandun,yandun_training,scalar_g5_reversed,direction_auroc,0.5961918169921151,0.5365193471726236,0.6452976053702203,7,2000,238131,56960,7
era5_yandun,yandun_training,scalar_g5_endpoint,log_loss,0.6736383840356088,0.5854425268807462,0.760414414676687,7,2000,238131,56960,7
era5_yandun,yandun_training,scalar_g5_endpoint,brier,0.3689075082809984,0.3215102861863195,0.4147866959378291,7,2000,238131,56960,7
era5_yandun,yandun_training,scalar_g5_endpoint,direction_auroc,0.5970580699391703,0.5364171821920112,0.6465244380089159,7,2000,238131,56960,7
era5_yandun,yandun_training,scalar_g5_pre,log_loss,0.6760385014775185,0.5869446917963599,0.7630375087494243,7,2000,238131,56960,7
era5_yandun,yandun_training,scalar_g5_pre,brier,0.3697191186315325,0.3222656541605379,0.4158499579622336,7,2000,238131,56960,7
era5_yandun,yandun_training,scalar_g5_pre,direction_auroc,0.5952708209501333,0.5336395679411247,0.6458937264225922,7,2000,238131,56960,7
era5_yandun,yandun_training,scalar_g5_post,log_loss,0.6738356778039835,0.584859968494546,0.7621320769365078,7,2000,238131,56960,7
era5_yandun,yandun_training,scalar_g5_post,brier,0.3696889028620419,0.3219775192541504,0.4163064061567366,7,2000,238131,56960,7
era5_yandun,yandun_training,scalar_g5_post,direction_auroc,0.6025577847129485,0.5388283189046428,0.6532061103319106,7,2000,238131,56960,7
era5_yandun,yandun_training,scalar_g5_internal,log_loss,0.6732888294267688,0.5856268415413292,0.7595690045836635,7,2000,238131,56960,7
era5_yandun,yandun_training,scalar_g5_internal,brier,0.3688441675483862,0.3214566448465653,0.4146855303599864,7,2000,238131,56960,7
era5_yandun,yandun_training,scalar_g5_internal,direction_auroc,0.5970537229971944,0.5367687099836025,0.6465251359778279,7,2000,238131,56960,7
era5_yandun,yandun_training,scalar,log_loss,0.6819538734992143,0.5350895299103006,0.7536825665078953,14,2000,238131,56960,4
era5_yandun,yandun_training,scalar,brier,0.3761364721142847,0.2942093052771878,0.4147772991602668,14,2000,238131,56960,4
era5_yandun,yandun_training,scalar,direction_auroc,0.6005543714961001,0.5476846081722018,0.6409280109869091,14,2000,238131,56960,4
era5_yandun,yandun_training,scalar_g5,log_loss,0.6736383840356028,0.5265812657957318,0.7507604375037606,14,2000,238131,56960,4
era5_yandun,yandun_training,scalar_g5,brier,0.368907508280993,0.288417699029829,0.4080154919864397,14,2000,238131,56960,4
era5_yandun,yandun_training,scalar_g5,direction_auroc,0.5970580699391703,0.5334382659106465,0.6473821965503651,14,2000,238131,56960,4
era5_yandun,yandun_training,scalar_bit,log_loss,0.6824937117662969,0.5360655546619715,0.7542869393320317,14,2000,238131,56960,4
era5_yandun,yandun_training,scalar_bit,brier,0.3765985206220129,0.2949108000876516,0.4151628549674741,14,2000,238131,56960,4
era5_yandun,yandun_training,scalar_bit,direction_auroc,0.5991701311937329,0.5467261235352006,0.6393113754240931,14,2000,238131,56960,4
era5_yandun,yandun_training,scalar_g5_bit,log_loss,0.6739166643781717,0.5274298709309551,0.7505658840154009,14,2000,238131,56960,4
era5_yandun,yandun_training,scalar_g5_bit,brier,0.3690560126716547,0.2889174077876137,0.4079788159464621,14,2000,238131,56960,4
era5_yandun,yandun_training,scalar_g5_bit,direction_auroc,0.5961918169921151,0.5335884219330095,0.6455955242126328,14,2000,238131,56960,4
era5_yandun,yandun_training,scalar_g6,log_loss,0.669948399310322,0.5196203640081559,0.7472371610201901,14,2000,238131,56960,4
era5_yandun,yandun_training,scalar_g6,brier,0.3675116038029918,0.284239585993759,0.4076509822931709,14,2000,238131,56960,4
era5_yandun,yandun_training,scalar_g6,direction_auroc,0.5993501789667621,0.5344670734278263,0.6501227752807717,14,2000,238131,56960,4
era5_yandun,yandun_training,scalar_signed6,log_loss,0.6684392415295004,0.5188368647653386,0.7439365506034656,14,2000,238131,56960,4
era5_yandun,yandun_training,scalar_signed6,brier,0.3669289775875072,0.2842606182973504,0.4065698429213517,14,2000,238131,56960,4
era5_yandun,yandun_training,scalar_signed6,direction_auroc,0.5956140426953753,0.5352637425687058,0.6483885187806038,14,2000,238131,56960,4
era5_yandun,yandun_training,scalar_raw25,log_loss,0.6621742819522667,0.5025871508593569,0.7410215870191885,14,2000,238131,56960,4
era5_yandun,yandun_training,scalar_raw25,brier,0.3649527852161436,0.2770375412637302,0.406228681643966,14,2000,238131,56960,4
era5_yandun,yandun_training,scalar_raw25,direction_auroc,0.6181812093859366,0.5364109884441787,0.7059326263051773,14,2000,238131,56960,4
era5_yandun,yandun_training,scalar_g5_random,log_loss,0.6741122975297132,0.5265308006279351,0.750959893542329,14,2000,238131,56960,4
era5_yandun,yandun_training,scalar_g5_random,brier,0.3693081613019139,0.2886151419795901,0.4085067409228739,14,2000,238131,56960,4
era5_yandun,yandun_training,scalar_g5_random,direction_auroc,0.5978834562804207,0.5336906505332862,0.6483390672206042,14,2000,238131,56960,4
era5_yandun,yandun_training,scalar_g5_reversed,log_loss,0.6739166643781717,0.5274298709309551,0.7505658840154009,14,2000,238131,56960,4
era5_yandun,yandun_training,scalar_g5_reversed,brier,0.3690560126716547,0.2889174077876137,0.4079788159464621,14,2000,238131,56960,4
era5_yandun,yandun_training,scalar_g5_reversed,direction_auroc,0.5961918169921151,0.5335884219330095,0.6455955242126328,14,2000,238131,56960,4
era5_yandun,yandun_training,scalar_g5_endpoint,log_loss,0.6736383840356028,0.5265812657957318,0.7507604375037606,14,2000,238131,56960,4
era5_yandun,yandun_training,scalar_g5_endpoint,brier,0.368907508280993,0.288417699029829,0.4080154919864397,14,2000,238131,56960,4
era5_yandun,yandun_training,scalar_g5_endpoint,direction_auroc,0.5970580699391703,0.5334382659106465,0.6473821965503651,14,2000,238131,56960,4
era5_yandun,yandun_training,scalar_g5_pre,log_loss,0.6760385014775149,0.527721614937724,0.752571063844671,14,2000,238131,56960,4
era5_yandun,yandun_training,scalar_g5_pre,brier,0.3697191186315295,0.2890069244859838,0.4088737198470275,14,2000,238131,56960,4
era5_yandun,yandun_training,scalar_g5_pre,direction_auroc,0.5952708209501333,0.5314887864507405,0.6457536408706567,14,2000,238131,56960,4
era5_yandun,yandun_training,scalar_g5_post,log_loss,0.6738356778039891,0.5251935099776635,0.7504743110702019,14,2000,238131,56960,4
era5_yandun,yandun_training,scalar_g5_post,brier,0.3696889028620377,0.2880795140818782,0.4091693488032291,14,2000,238131,56960,4
era5_yandun,yandun_training,scalar_g5_post,direction_auroc,0.6025577847129485,0.537033333004907,0.6552978988223347,14,2000,238131,56960,4
era5_yandun,yandun_training,scalar_g5_internal,log_loss,0.6732888294267674,0.5268886807949492,0.7497764797002049,14,2000,238131,56960,4
era5_yandun,yandun_training,scalar_g5_internal,brier,0.368844167548381,0.2886160787967515,0.4078502787703236,14,2000,238131,56960,4
era5_yandun,yandun_training,scalar_g5_internal,direction_auroc,0.5970537229971944,0.5339900222978704,0.6469309622101352,14,2000,238131,56960,4
era5_lahaute,lahaute_training,scalar,log_loss,0.3127668587800327,0.2490002808998171,0.3917713807787776,3,2000,12534,963,45
era5_lahaute,lahaute_training,scalar,brier,0.1495250912888098,0.1127892395703555,0.1931119405610932,3,2000,12534,963,45
era5_lahaute,lahaute_training,scalar,direction_auroc,0.7311655289320567,0.6375154424584006,0.8315878725637018,3,2000,12534,963,45
era5_lahaute,lahaute_training,scalar_g5,log_loss,0.3045193427391292,0.2409108093667588,0.3800036084106553,3,2000,12534,963,45
era5_lahaute,lahaute_training,scalar_g5,brier,0.1466089156226228,0.1090830520323574,0.1898856989874122,3,2000,12534,963,45
era5_lahaute,lahaute_training,scalar_g5,direction_auroc,0.7769276584047281,0.6553030495180313,0.8938056130821793,3,2000,12534,963,45
era5_lahaute,lahaute_training,scalar_bit,log_loss,0.3120016955308051,0.2487128774286393,0.3900894306120071,3,2000,12534,963,45
era5_lahaute,lahaute_training,scalar_bit,brier,0.1493927171550417,0.1128923716123153,0.192715479815411,3,2000,12534,963,45
era5_lahaute,lahaute_training,scalar_bit,direction_auroc,0.735080405002978,0.6383617574137391,0.8371809431851982,3,2000,12534,963,45
era5_lahaute,lahaute_training,scalar_g5_bit,log_loss,0.3048334229913799,0.2416141247060405,0.3797728127780106,3,2000,12534,963,45
era5_lahaute,lahaute_training,scalar_g5_bit,brier,0.1466672519235647,0.1092128134200072,0.1898553358789024,3,2000,12534,963,45
era5_lahaute,lahaute_training,scalar_g5_bit,direction_auroc,0.7726577175058413,0.6555316589182568,0.8864710435498173,3,2000,12534,963,45
era5_lahaute,lahaute_training,scalar_g6,log_loss,0.3046165304602235,0.2424720562758834,0.3775242016725967,3,2000,12534,963,45
era5_lahaute,lahaute_training,scalar_g6,brier,0.146755300493459,0.1096598475602557,0.1892758420738813,3,2000,12534,963,45
era5_lahaute,lahaute_training,scalar_g6,direction_auroc,0.785288862418106,0.6683304963334666,0.8952259750127017,3,2000,12534,963,45
era5_lahaute,lahaute_training,scalar_signed6,log_loss,0.3032066056604621,0.2417142560197482,0.3761114461687336,3,2000,12534,963,45
era5_lahaute,lahaute_training,scalar_signed6,brier,0.1460069251032098,0.1094194359566476,0.1883408321562868,3,2000,12534,963,45
era5_lahaute,lahaute_training,scalar_signed6,direction_auroc,0.7885371329087827,0.6683675080376267,0.8948814578773532,3,2000,12534,963,45
era5_lahaute,lahaute_training,scalar_raw25,log_loss,0.2991195602621674,0.2362903952843649,0.3765065313402083,3,2000,12534,963,45
era5_lahaute,lahaute_training,scalar_raw25,brier,0.1458272808936041,0.108570953984348,0.1899287926435948,3,2000,12534,963,45
era5_lahaute,lahaute_training,scalar_raw25,direction_auroc,0.8283639529023686,0.7295894024503479,0.9247436582600568,3,2000,12534,963,45
era5_lahaute,lahaute_training,scalar_g5_random,log_loss,0.3049971772469292,0.2415891653865478,0.3803832192482845,3,2000,12534,963,45
era5_lahaute,lahaute_training,scalar_g5_random,brier,0.1468218037573118,0.1094387301742349,0.1898307263786424,3,2000,12534,963,45
era5_lahaute,lahaute_training,scalar_g5_random,direction_auroc,0.7758143583634948,0.6606299137639641,0.8884720472478207,3,2000,12534,963,45
era5_lahaute,lahaute_training,scalar_g5_reversed,log_loss,0.3048334229913799,0.2416141247060405,0.3797728127780106,3,2000,12534,963,45
era5_lahaute,lahaute_training,scalar_g5_reversed,brier,0.1466672519235647,0.1092128134200072,0.1898553358789024,3,2000,12534,963,45
era5_lahaute,lahaute_training,scalar_g5_reversed,direction_auroc,0.7726577175058413,0.6555316589182568,0.8864710435498173,3,2000,12534,963,45
era5_lahaute,lahaute_training,scalar_g5_endpoint,log_loss,0.3045193427391292,0.2409108093667588,0.3800036084106553,3,2000,12534,963,45
era5_lahaute,lahaute_training,scalar_g5_endpoint,brier,0.1466089156226228,0.1090830520323574,0.1898856989874122,3,2000,12534,963,45
era5_lahaute,lahaute_training,scalar_g5_endpoint,direction_auroc,0.7769276584047281,0.6553030495180313,0.8938056130821793,3,2000,12534,963,45
era5_lahaute,lahaute_training,scalar_g5_pre,log_loss,0.3052791492973394,0.2411821020190375,0.381973768799023,3,2000,12534,963,45
era5_lahaute,lahaute_training,scalar_g5_pre,brier,0.1473328543431432,0.1099715928606732,0.1905315998860893,3,2000,12534,963,45
era5_lahaute,lahaute_training,scalar_g5_pre,direction_auroc,0.7802309066752188,0.674017627510679,0.885228743739485,3,2000,12534,963,45
era5_lahaute,lahaute_training,scalar_g5_post,log_loss,0.3030670418121624,0.2400284448201552,0.3770736840820003,3,2000,12534,963,45
era5_lahaute,lahaute_training,scalar_g5_post,brier,0.146049312900413,0.1089463555803183,0.1890430323312834,3,2000,12534,963,45
era5_lahaute,lahaute_training,scalar_g5_post,direction_auroc,0.7867091217299674,0.6790308556391402,0.8927004328728161,3,2000,12534,963,45
era5_lahaute,lahaute_training,scalar_g5_internal,log_loss,0.3051049144128179,0.241708489805466,0.3803582621520048,3,2000,12534,963,45
era5_lahaute,lahaute_training,scalar_g5_internal,brier,0.1467319062395398,0.1094042812648471,0.1897091082189229,3,2000,12534,963,45
era5_lahaute,lahaute_training,scalar_g5_internal,direction_auroc,0.7725202730563064,0.6554471941514883,0.8881662657135501,3,2000,12534,963,45
era5_lahaute,lahaute_training,scalar,log_loss,0.3127668587800329,0.2371933722491373,0.4070250839162097,7,2000,12534,963,21
era5_lahaute,lahaute_training,scalar,brier,0.1495250912888097,0.1060230096980626,0.2029978932426504,7,2000,12534,963,21
era5_lahaute,lahaute_training,scalar,direction_auroc,0.7311655289320567,0.6641761643783175,0.8367034102838551,7,2000,12534,963,21
era5_lahaute,lahaute_training,scalar_g5,log_loss,0.3045193427391291,0.22922779561275,0.3967089698334474,7,2000,12534,963,21
era5_lahaute,lahaute_training,scalar_g5,brier,0.1466089156226228,0.1027929153777073,0.2002355527942189,7,2000,12534,963,21
era5_lahaute,lahaute_training,scalar_g5,direction_auroc,0.7769276584047281,0.7074667874782643,0.8897795872862363,7,2000,12534,963,21
era5_lahaute,lahaute_training,scalar_bit,log_loss,0.3120016955308049,0.2373668151224023,0.4051405583251793,7,2000,12534,963,21
era5_lahaute,lahaute_training,scalar_bit,brier,0.1493927171550416,0.1059747402938727,0.2030241951780986,7,2000,12534,963,21
era5_lahaute,lahaute_training,scalar_bit,direction_auroc,0.735080405002978,0.6650494245252265,0.840122326511689,7,2000,12534,963,21
era5_lahaute,lahaute_training,scalar_g5_bit,log_loss,0.30483342299138,0.2303074089134717,0.3960525264642024,7,2000,12534,963,21
era5_lahaute,lahaute_training,scalar_g5_bit,brier,0.1466672519235648,0.1031808516849547,0.1997056040778505,7,2000,12534,963,21
era5_lahaute,lahaute_training,scalar_g5_bit,direction_auroc,0.7726577175058413,0.7050167950138239,0.8855698079546683,7,2000,12534,963,21
era5_lahaute,lahaute_training,scalar_g6,log_loss,0.3046165304602237,0.2310463644911424,0.3947204847774569,7,2000,12534,963,21
era5_lahaute,lahaute_training,scalar_g6,brier,0.146755300493459,0.1035681179242882,0.199195194045316,7,2000,12534,963,21
era5_lahaute,lahaute_training,scalar_g6,direction_auroc,0.785288862418106,0.7203979928804658,0.8890406203630375,7,2000,12534,963,21
era5_lahaute,lahaute_training,scalar_signed6,log_loss,0.303206605660462,0.229912317551635,0.3927116576798922,7,2000,12534,963,21
era5_lahaute,lahaute_training,scalar_signed6,brier,0.1460069251032098,0.1030675884683408,0.1986083576804269,7,2000,12534,963,21
era5_lahaute,lahaute_training,scalar_signed6,direction_auroc,0.7885371329087827,0.7284780767311436,0.8896870950224487,7,2000,12534,963,21
era5_lahaute,lahaute_training,scalar_raw25,log_loss,0.2991195602621674,0.2228607428981048,0.3941029635557683,7,2000,12534,963,21
era5_lahaute,lahaute_training,scalar_raw25,brier,0.1458272808936041,0.1016968725408326,0.2000275836453736,7,2000,12534,963,21
era5_lahaute,lahaute_training,scalar_raw25,direction_auroc,0.8283639529023686,0.7463079915478253,0.924889359810916,7,2000,12534,963,21
era5_lahaute,lahaute_training,scalar_g5_random,log_loss,0.3049971772469292,0.2300381789993942,0.3969347923760665,7,2000,12534,963,21
era5_lahaute,lahaute_training,scalar_g5_random,brier,0.1468218037573118,0.1032781484466225,0.2001089407166889,7,2000,12534,963,21
era5_lahaute,lahaute_training,scalar_g5_random,direction_auroc,0.7758143583634948,0.7077462083244092,0.8870179418684081,7,2000,12534,963,21
era5_lahaute,lahaute_training,scalar_g5_reversed,log_loss,0.30483342299138,0.2303074089134717,0.3960525264642024,7,2000,12534,963,21
era5_lahaute,lahaute_training,scalar_g5_reversed,brier,0.1466672519235648,0.1031808516849547,0.1997056040778505,7,2000,12534,963,21
era5_lahaute,lahaute_training,scalar_g5_reversed,direction_auroc,0.7726577175058413,0.7050167950138239,0.8855698079546683,7,2000,12534,963,21
era5_lahaute,lahaute_training,scalar_g5_endpoint,log_loss,0.3045193427391291,0.22922779561275,0.3967089698334474,7,2000,12534,963,21
era5_lahaute,lahaute_training,scalar_g5_endpoint,brier,0.1466089156226228,0.1027929153777073,0.2002355527942189,7,2000,12534,963,21
era5_lahaute,lahaute_training,scalar_g5_endpoint,direction_auroc,0.7769276584047281,0.7074667874782643,0.8897795872862363,7,2000,12534,963,21
era5_lahaute,lahaute_training,scalar_g5_pre,log_loss,0.3052791492973394,0.2296636006977259,0.398370265252869,7,2000,12534,963,21
era5_lahaute,lahaute_training,scalar_g5_pre,brier,0.1473328543431433,0.1032275311760616,0.2013570404939968,7,2000,12534,963,21
era5_lahaute,lahaute_training,scalar_g5_pre,direction_auroc,0.7802309066752188,0.7140383406286578,0.8887352694908129,7,2000,12534,963,21
era5_lahaute,lahaute_training,scalar_g5_post,log_loss,0.3030670418121625,0.2285461345538779,0.3936899586944656,7,2000,12534,963,21
era5_lahaute,lahaute_training,scalar_g5_post,brier,0.1460493129004129,0.1025619068159452,0.1988184865457214,7,2000,12534,963,21
era5_lahaute,lahaute_training,scalar_g5_post,direction_auroc,0.7867091217299674,0.7192442240124138,0.8888494753222966,7,2000,12534,963,21
era5_lahaute,lahaute_training,scalar_g5_internal,log_loss,0.3051049144128183,0.2299959821097268,0.3969836516278733,7,2000,12534,963,21
era5_lahaute,lahaute_training,scalar_g5_internal,brier,0.1467319062395398,0.1031455575346125,0.1998960755315834,7,2000,12534,963,21
era5_lahaute,lahaute_training,scalar_g5_internal,direction_auroc,0.7725202730563064,0.7013076346499195,0.8905067816394829,7,2000,12534,963,21
era5_lahaute,lahaute_training,scalar,log_loss,0.312766858780033,0.232597270917911,0.4218019968839994,14,2000,12534,963,12
era5_lahaute,lahaute_training,scalar,brier,0.1495250912888097,0.1029872019582266,0.2115630931966205,14,2000,12534,963,12
era5_lahaute,lahaute_training,scalar,direction_auroc,0.7311655289320567,0.6545842942622835,0.8289244390433425,14,2000,12534,963,12
era5_lahaute,lahaute_training,scalar_g5,log_loss,0.3045193427391293,0.2254255584838031,0.4096196713968951,14,2000,12534,963,12
era5_lahaute,lahaute_training,scalar_g5,brier,0.1466089156226228,0.0997174657477877,0.2078919132038114,14,2000,12534,963,12
era5_lahaute,lahaute_training,scalar_g5,direction_auroc,0.7769276584047281,0.7122480752991689,0.8723725684793505,14,2000,12534,963,12
era5_lahaute,lahaute_training,scalar_bit,log_loss,0.3120016955308049,0.232495535237135,0.420672383032429,14,2000,12534,963,12
era5_lahaute,lahaute_training,scalar_bit,brier,0.1493927171550418,0.102999742863203,0.2110760548477068,14,2000,12534,963,12
era5_lahaute,lahaute_training,scalar_bit,direction_auroc,0.735080405002978,0.6534578294314186,0.832970405269014,14,2000,12534,963,12
era5_lahaute,lahaute_training,scalar_g5_bit,log_loss,0.3048334229913801,0.2253984573305398,0.4097590007998271,14,2000,12534,963,12
era5_lahaute,lahaute_training,scalar_g5_bit,brier,0.1466672519235648,0.0997852031245366,0.2079188675981572,14,2000,12534,963,12
era5_lahaute,lahaute_training,scalar_g5_bit,direction_auroc,0.7726577175058413,0.7079312286531037,0.8698172146831075,14,2000,12534,963,12
era5_lahaute,lahaute_training,scalar_g6,log_loss,0.3046165304602232,0.2264657767131178,0.4073939324415751,14,2000,12534,963,12
era5_lahaute,lahaute_training,scalar_g6,brier,0.1467553004934591,0.0999857572001572,0.2072065048641529,14,2000,12534,963,12
era5_lahaute,lahaute_training,scalar_g6,direction_auroc,0.785288862418106,0.7235540959549425,0.8752348508195005,14,2000,12534,963,12
era5_lahaute,lahaute_training,scalar_signed6,log_loss,0.3032066056604619,0.2252076056283606,0.4060760935495384,14,2000,12534,963,12
era5_lahaute,lahaute_training,scalar_signed6,brier,0.1460069251032097,0.0996151440969751,0.206657238390173,14,2000,12534,963,12
era5_lahaute,lahaute_training,scalar_signed6,direction_auroc,0.7885371329087827,0.7228522127192768,0.8790656020107468,14,2000,12534,963,12
era5_lahaute,lahaute_training,scalar_raw25,log_loss,0.2991195602621675,0.2183347682482834,0.4065674104842672,14,2000,12534,963,12
era5_lahaute,lahaute_training,scalar_raw25,brier,0.1458272808936042,0.0980899210450562,0.2088659738135234,14,2000,12534,963,12
era5_lahaute,lahaute_training,scalar_raw25,direction_auroc,0.8283639529023686,0.7470163861827741,0.9225395084902966,14,2000,12534,963,12
era5_lahaute,lahaute_training,scalar_g5_random,log_loss,0.3049971772469291,0.2260593209317354,0.4093688509426448,14,2000,12534,963,12
era5_lahaute,lahaute_training,scalar_g5_random,brier,0.1468218037573119,0.1000971955581054,0.2080393339888716,14,2000,12534,963,12
era5_lahaute,lahaute_training,scalar_g5_random,direction_auroc,0.7758143583634948,0.7095697273199633,0.870643844326673,14,2000,12534,963,12
era5_lahaute,lahaute_training,scalar_g5_reversed,log_loss,0.3048334229913801,0.2253984573305398,0.4097590007998271,14,2000,12534,963,12
era5_lahaute,lahaute_training,scalar_g5_reversed,brier,0.1466672519235648,0.0997852031245366,0.2079188675981572,14,2000,12534,963,12
era5_lahaute,lahaute_training,scalar_g5_reversed,direction_auroc,0.7726577175058413,0.7079312286531037,0.8698172146831075,14,2000,12534,963,12
era5_lahaute,lahaute_training,scalar_g5_endpoint,log_loss,0.3045193427391293,0.2254255584838031,0.4096196713968951,14,2000,12534,963,12
era5_lahaute,lahaute_training,scalar_g5_endpoint,brier,0.1466089156226228,0.0997174657477877,0.2078919132038114,14,2000,12534,963,12
era5_lahaute,lahaute_training,scalar_g5_endpoint,direction_auroc,0.7769276584047281,0.7122480752991689,0.8723725684793505,14,2000,12534,963,12
era5_lahaute,lahaute_training,scalar_g5_pre,log_loss,0.3052791492973395,0.225125738283954,0.4118670017976958,14,2000,12534,963,12
era5_lahaute,lahaute_training,scalar_g5_pre,brier,0.1473328543431433,0.1000815214403947,0.2092842316331186,14,2000,12534,963,12
era5_lahaute,lahaute_training,scalar_g5_pre,direction_auroc,0.7802309066752188,0.7166045125835017,0.8714032459813623,14,2000,12534,963,12
era5_lahaute,lahaute_training,scalar_g5_post,log_loss,0.3030670418121622,0.2244157596024908,0.4065921777633137,14,2000,12534,963,12
era5_lahaute,lahaute_training,scalar_g5_post,brier,0.1460493129004129,0.0994405938456245,0.2067760133533048,14,2000,12534,963,12
era5_lahaute,lahaute_training,scalar_g5_post,direction_auroc,0.7867091217299674,0.7250421910476533,0.8758925074597618,14,2000,12534,963,12
era5_lahaute,lahaute_training,scalar_g5_internal,log_loss,0.3051049144128183,0.2256764762297717,0.4095185666690106,14,2000,12534,963,12
era5_lahaute,lahaute_training,scalar_g5_internal,brier,0.1467319062395397,0.0998236936518794,0.2078287681424392,14,2000,12534,963,12
era5_lahaute,lahaute_training,scalar_g5_internal,direction_auroc,0.7725202730563064,0.7042863981287567,0.8755777234695581,14,2000,12534,963,12
era5_hill,hill_training,scalar,log_loss,0.2911403493714615,0.2174527812508716,0.3743764857414183,3,2000,79436,7749,26
era5_hill,hill_training,scalar,brier,0.1483457786768533,0.1092142049822658,0.1901949766148616,3,2000,79436,7749,26
era5_hill,hill_training,scalar,direction_auroc,0.9475880229733716,0.914447934705646,0.97005807235837,3,2000,79436,7749,26
era5_hill,hill_training,scalar_g5,log_loss,0.2868443736421858,0.2115310575439243,0.3746622189651509,3,2000,79436,7749,26
era5_hill,hill_training,scalar_g5,brier,0.1449304457304841,0.1066668284421131,0.1875897229152092,3,2000,79436,7749,26
era5_hill,hill_training,scalar_g5,direction_auroc,0.9558115793592188,0.9234518314260854,0.9760417374714652,3,2000,79436,7749,26
era5_hill,hill_training,scalar_bit,log_loss,0.2911929599140416,0.2171005037224946,0.3749797898411557,3,2000,79436,7749,26
era5_hill,hill_training,scalar_bit,brier,0.1483042235227363,0.1091644034019265,0.1903330862340347,3,2000,79436,7749,26
era5_hill,hill_training,scalar_bit,direction_auroc,0.9484589386366338,0.9155615283414706,0.9706710877432472,3,2000,79436,7749,26
era5_hill,hill_training,scalar_g5_bit,log_loss,0.2857657143670979,0.2112043185221283,0.3728690017929309,3,2000,79436,7749,26
era5_hill,hill_training,scalar_g5_bit,brier,0.1445678480821398,0.106520321700283,0.1869761818888379,3,2000,79436,7749,26
era5_hill,hill_training,scalar_g5_bit,direction_auroc,0.9565744651586996,0.925544443025256,0.9761694258248672,3,2000,79436,7749,26
era5_hill,hill_training,scalar_g6,log_loss,0.294915186897479,0.2193988260845598,0.3819488471170691,3,2000,79436,7749,26
era5_hill,hill_training,scalar_g6,brier,0.1483536620232544,0.1102225151528613,0.1908077827908026,3,2000,79436,7749,26
era5_hill,hill_training,scalar_g6,direction_auroc,0.9549253071640224,0.9246673467195704,0.9744008776226448,3,2000,79436,7749,26
era5_hill,hill_training,scalar_signed6,log_loss,0.2859097083398057,0.2115761277201374,0.3725933179937616,3,2000,79436,7749,26
era5_hill,hill_training,scalar_signed6,brier,0.1441260188763939,0.1063347596371057,0.1864248667554898,3,2000,79436,7749,26
era5_hill,hill_training,scalar_signed6,direction_auroc,0.9560401246149184,0.9257499354716636,0.9757820093172326,3,2000,79436,7749,26
era5_hill,hill_training,scalar_raw25,log_loss,0.281349377667223,0.2077485547940163,0.3677317280050809,3,2000,79436,7749,26
era5_hill,hill_training,scalar_raw25,brier,0.1444044537812663,0.1063930753122916,0.1870375375710102,3,2000,79436,7749,26
era5_hill,hill_training,scalar_raw25,direction_auroc,0.9723178481626245,0.9507143633413104,0.9862873464799248,3,2000,79436,7749,26
era5_hill,hill_training,scalar_g5_random,log_loss,0.2860886476784901,0.2111392321240666,0.3739610539778398,3,2000,79436,7749,26
era5_hill,hill_training,scalar_g5_random,brier,0.144434670707242,0.1062048656820833,0.1869150110454491,3,2000,79436,7749,26
era5_hill,hill_training,scalar_g5_random,direction_auroc,0.9561838083397988,0.9249548522513664,0.9759048756196148,3,2000,79436,7749,26
era5_hill,hill_training,scalar_g5_reversed,log_loss,0.2857657143670979,0.2112043185221283,0.3728690017929309,3,2000,79436,7749,26
era5_hill,hill_training,scalar_g5_reversed,brier,0.1445678480821398,0.106520321700283,0.1869761818888379,3,2000,79436,7749,26
era5_hill,hill_training,scalar_g5_reversed,direction_auroc,0.9565744651586996,0.925544443025256,0.9761694258248672,3,2000,79436,7749,26
era5_hill,hill_training,scalar_g5_endpoint,log_loss,0.2868443736421858,0.2115310575439243,0.3746622189651509,3,2000,79436,7749,26
era5_hill,hill_training,scalar_g5_endpoint,brier,0.1449304457304841,0.1066668284421131,0.1875897229152092,3,2000,79436,7749,26
era5_hill,hill_training,scalar_g5_endpoint,direction_auroc,0.9558115793592188,0.9234518314260854,0.9760417374714652,3,2000,79436,7749,26
era5_hill,hill_training,scalar_g5_pre,log_loss,0.2862190706721385,0.2116108257454651,0.3722025275423367,3,2000,79436,7749,26
era5_hill,hill_training,scalar_g5_pre,brier,0.1449479475170022,0.106500105595815,0.1872444010938361,3,2000,79436,7749,26
era5_hill,hill_training,scalar_g5_pre,direction_auroc,0.9602948187061254,0.9300503557043142,0.9784096631055996,3,2000,79436,7749,26
era5_hill,hill_training,scalar_g5_post,log_loss,0.284929991745802,0.2100752965630719,0.3725575876847011,3,2000,79436,7749,26
era5_hill,hill_training,scalar_g5_post,brier,0.144182094568898,0.1059570589344175,0.1865526445828146,3,2000,79436,7749,26
era5_hill,hill_training,scalar_g5_post,direction_auroc,0.960213495854404,0.9295414726035336,0.9800770455911206,3,2000,79436,7749,26
era5_hill,hill_training,scalar_g5_internal,log_loss,0.2861000468155989,0.210872280746853,0.3733767795539261,3,2000,79436,7749,26
era5_hill,hill_training,scalar_g5_internal,brier,0.1447589544243268,0.1063047846381659,0.1875932687107311,3,2000,79436,7749,26
era5_hill,hill_training,scalar_g5_internal,direction_auroc,0.9562564514126006,0.9245004375978442,0.9763478180107426,3,2000,79436,7749,26
era5_hill,hill_training,scalar,log_loss,0.2911403493714615,0.2070203679599629,0.3970093391566424,7,2000,79436,7749,12
era5_hill,hill_training,scalar,brier,0.1483457786768529,0.105881200034991,0.1995103123182398,7,2000,79436,7749,12
era5_hill,hill_training,scalar,direction_auroc,0.9475880229733716,0.9090962843978996,0.9682179235516978,7,2000,79436,7749,12
era5_hill,hill_training,scalar_g5,log_loss,0.2868443736421859,0.2007784764112949,0.3954769926481107,7,2000,79436,7749,12
era5_hill,hill_training,scalar_g5,brier,0.1449304457304842,0.1033229111286816,0.1973465623606727,7,2000,79436,7749,12
era5_hill,hill_training,scalar_g5,direction_auroc,0.9558115793592188,0.9205373480320284,0.9742287097949456,7,2000,79436,7749,12
era5_hill,hill_training,scalar_bit,log_loss,0.2911929599140417,0.206172619670875,0.3980462283699708,7,2000,79436,7749,12
era5_hill,hill_training,scalar_bit,brier,0.1483042235227362,0.1055716212903279,0.1996141922613409,7,2000,79436,7749,12
era5_hill,hill_training,scalar_bit,direction_auroc,0.9484589386366338,0.9099875906243726,0.9697765332850988,7,2000,79436,7749,12
era5_hill,hill_training,scalar_g5_bit,log_loss,0.2857657143670982,0.2003138553546972,0.3937478014506816,7,2000,79436,7749,12
era5_hill,hill_training,scalar_g5_bit,brier,0.1445678480821396,0.1033079271264624,0.1968662304840458,7,2000,79436,7749,12
era5_hill,hill_training,scalar_g5_bit,direction_auroc,0.9565744651586996,0.9222943307178844,0.9745775239287048,7,2000,79436,7749,12
era5_hill,hill_training,scalar_g6,log_loss,0.294915186897479,0.2080811356522429,0.4047193515943168,7,2000,79436,7749,12
era5_hill,hill_training,scalar_g6,brier,0.1483536620232545,0.1073964498860026,0.2002436032727655,7,2000,79436,7749,12
era5_hill,hill_training,scalar_g6,direction_auroc,0.9549253071640224,0.9212989903737248,0.9734028233088428,7,2000,79436,7749,12
era5_hill,hill_training,scalar_signed6,log_loss,0.2859097083398043,0.2004587431102981,0.3943054742819424,7,2000,79436,7749,12
era5_hill,hill_training,scalar_signed6,brier,0.1441260188763937,0.102859230479855,0.1961598190651492,7,2000,79436,7749,12
era5_hill,hill_training,scalar_signed6,direction_auroc,0.9560401246149184,0.9230878285583024,0.974180491109728,7,2000,79436,7749,12
era5_hill,hill_training,scalar_raw25,log_loss,0.2813493776672229,0.1950582146508771,0.3935970101521014,7,2000,79436,7749,12
era5_hill,hill_training,scalar_raw25,brier,0.1444044537812662,0.1020336839059488,0.1972871315366224,7,2000,79436,7749,12
era5_hill,hill_training,scalar_raw25,direction_auroc,0.9723178481626245,0.9487558553667798,0.9848813333469868,7,2000,79436,7749,12
era5_hill,hill_training,scalar_g5_random,log_loss,0.2860886476784902,0.2005338171128123,0.3944620934162617,7,2000,79436,7749,12
era5_hill,hill_training,scalar_g5_random,brier,0.1444346707072422,0.1031031029839432,0.1970643659403864,7,2000,79436,7749,12
era5_hill,hill_training,scalar_g5_random,direction_auroc,0.9561838083397988,0.9216398602723136,0.974171567019172,7,2000,79436,7749,12
era5_hill,hill_training,scalar_g5_reversed,log_loss,0.2857657143670982,0.2003138553546972,0.3937478014506816,7,2000,79436,7749,12
era5_hill,hill_training,scalar_g5_reversed,brier,0.1445678480821396,0.1033079271264624,0.1968662304840458,7,2000,79436,7749,12
era5_hill,hill_training,scalar_g5_reversed,direction_auroc,0.9565744651586996,0.9222943307178844,0.9745775239287048,7,2000,79436,7749,12
era5_hill,hill_training,scalar_g5_endpoint,log_loss,0.2868443736421859,0.2007784764112949,0.3954769926481107,7,2000,79436,7749,12
era5_hill,hill_training,scalar_g5_endpoint,brier,0.1449304457304842,0.1033229111286816,0.1973465623606727,7,2000,79436,7749,12
era5_hill,hill_training,scalar_g5_endpoint,direction_auroc,0.9558115793592188,0.9205373480320284,0.9742287097949456,7,2000,79436,7749,12
era5_hill,hill_training,scalar_g5_pre,log_loss,0.286219070672139,0.1996137962171823,0.3945505230939994,7,2000,79436,7749,12
era5_hill,hill_training,scalar_g5_pre,brier,0.1449479475170023,0.103070269214265,0.1973372398308981,7,2000,79436,7749,12
era5_hill,hill_training,scalar_g5_pre,direction_auroc,0.9602948187061254,0.9271340089061152,0.9760018730495992,7,2000,79436,7749,12
era5_hill,hill_training,scalar_g5_post,log_loss,0.2849299917458008,0.1987881309248201,0.3951915815850119,7,2000,79436,7749,12
era5_hill,hill_training,scalar_g5_post,brier,0.1441820945688982,0.1026839184322009,0.1961377555686877,7,2000,79436,7749,12
era5_hill,hill_training,scalar_g5_post,direction_auroc,0.960213495854404,0.9260250510119034,0.9779730880105216,7,2000,79436,7749,12
era5_hill,hill_training,scalar_g5_internal,log_loss,0.2861000468155987,0.2001723952030423,0.394317405767606,7,2000,79436,7749,12
era5_hill,hill_training,scalar_g5_internal,brier,0.1447589544243271,0.103033763957783,0.1971706279070553,7,2000,79436,7749,12
era5_hill,hill_training,scalar_g5_internal,direction_auroc,0.9562564514126006,0.9217679355525646,0.9745003686012222,7,2000,79436,7749,12
era5_hill,hill_training,scalar,log_loss,0.2911403493714631,0.2230859641292539,0.3805364111445665,14,2000,79436,7749,6
era5_hill,hill_training,scalar,brier,0.1483457786768523,0.1117917186595184,0.1904038482183203,14,2000,79436,7749,6
era5_hill,hill_training,scalar,direction_auroc,0.9475880229733716,0.9019413277855256,0.9704469636079852,14,2000,79436,7749,6
era5_hill,hill_training,scalar_g5,log_loss,0.286844373642187,0.2141032925370361,0.3745950422947647,14,2000,79436,7749,6
era5_hill,hill_training,scalar_g5,brier,0.1449304457304842,0.1105132465006969,0.1855023645309631,14,2000,79436,7749,6
era5_hill,hill_training,scalar_g5,direction_auroc,0.9558115793592188,0.9116223535153064,0.9727936506738012,14,2000,79436,7749,6
era5_hill,hill_training,scalar_bit,log_loss,0.2911929599140415,0.2222739411335902,0.3813178641897133,14,2000,79436,7749,6
era5_hill,hill_training,scalar_bit,brier,0.1483042235227366,0.1116566428395794,0.190555283232075,14,2000,79436,7749,6
era5_hill,hill_training,scalar_bit,direction_auroc,0.9484589386366338,0.9035216288342854,0.9703087449970472,14,2000,79436,7749,6
era5_hill,hill_training,scalar_g5_bit,log_loss,0.285765714367098,0.2138875086117612,0.3728343953008788,14,2000,79436,7749,6
era5_hill,hill_training,scalar_g5_bit,brier,0.1445678480821396,0.110433287107789,0.1851169861192504,14,2000,79436,7749,6
era5_hill,hill_training,scalar_g5_bit,direction_auroc,0.9565744651586996,0.913571340806904,0.9728840473200224,14,2000,79436,7749,6
era5_hill,hill_training,scalar_g6,log_loss,0.2949151868974788,0.2213444127756328,0.3841421798488503,14,2000,79436,7749,6
era5_hill,hill_training,scalar_g6,brier,0.1483536620232548,0.1140473758944658,0.1889035494969367,14,2000,79436,7749,6
era5_hill,hill_training,scalar_g6,direction_auroc,0.9549253071640224,0.913944076571386,0.9708916561150016,14,2000,79436,7749,6
era5_hill,hill_training,scalar_signed6,log_loss,0.2859097083398046,0.2145625851377785,0.3736768735688823,14,2000,79436,7749,6
era5_hill,hill_training,scalar_signed6,brier,0.1441260188763937,0.1100564200985803,0.1846321127266266,14,2000,79436,7749,6
era5_hill,hill_training,scalar_signed6,direction_auroc,0.9560401246149184,0.9147782468138752,0.972357711515261,14,2000,79436,7749,6
era5_hill,hill_training,scalar_raw25,log_loss,0.281349377667223,0.207042297882157,0.3706701743036098,14,2000,79436,7749,6
era5_hill,hill_training,scalar_raw25,brier,0.1444044537812669,0.1081547040475096,0.185267588484264,14,2000,79436,7749,6
era5_hill,hill_training,scalar_raw25,direction_auroc,0.9723178481626245,0.9465180817894828,0.984415161441369,14,2000,79436,7749,6
era5_hill,hill_training,scalar_g5_random,log_loss,0.28608864767849,0.2141213371104987,0.3739154227611447,14,2000,79436,7749,6
era5_hill,hill_training,scalar_g5_random,brier,0.1444346707072422,0.1103069790624363,0.1851948680479403,14,2000,79436,7749,6
era5_hill,hill_training,scalar_g5_random,direction_auroc,0.9561838083397988,0.9127651170426708,0.9724793597820076,14,2000,79436,7749,6
era5_hill,hill_training,scalar_g5_reversed,log_loss,0.285765714367098,0.2138875086117612,0.3728343953008788,14,2000,79436,7749,6
era5_hill,hill_training,scalar_g5_reversed,brier,0.1445678480821396,0.110433287107789,0.1851169861192504,14,2000,79436,7749,6
era5_hill,hill_training,scalar_g5_reversed,direction_auroc,0.9565744651586996,0.913571340806904,0.9728840473200224,14,2000,79436,7749,6
era5_hill,hill_training,scalar_g5_endpoint,log_loss,0.286844373642187,0.2141032925370361,0.3745950422947647,14,2000,79436,7749,6
era5_hill,hill_training,scalar_g5_endpoint,brier,0.1449304457304842,0.1105132465006969,0.1855023645309631,14,2000,79436,7749,6
era5_hill,hill_training,scalar_g5_endpoint,direction_auroc,0.9558115793592188,0.9116223535153064,0.9727936506738012,14,2000,79436,7749,6
era5_hill,hill_training,scalar_g5_pre,log_loss,0.2862190706721391,0.2131687100062241,0.3738566774565774,14,2000,79436,7749,6
era5_hill,hill_training,scalar_g5_pre,brier,0.1449479475170028,0.1103549088256908,0.1856331179359541,14,2000,79436,7749,6
era5_hill,hill_training,scalar_g5_pre,direction_auroc,0.9602948187061254,0.9197660882042396,0.9754976134233851,14,2000,79436,7749,6
era5_hill,hill_training,scalar_g5_post,log_loss,0.2849299917458013,0.212244575447285,0.3738553733652341,14,2000,79436,7749,6
era5_hill,hill_training,scalar_g5_post,brier,0.1441820945688988,0.1099122378821105,0.1843516764508246,14,2000,79436,7749,6
era5_hill,hill_training,scalar_g5_post,direction_auroc,0.960213495854404,0.916957008572462,0.9765953138595584,14,2000,79436,7749,6
era5_hill,hill_training,scalar_g5_internal,log_loss,0.2861000468155995,0.2138741123795598,0.3731702072300274,14,2000,79436,7749,6
era5_hill,hill_training,scalar_g5_internal,brier,0.1447589544243266,0.1103394743448895,0.1853418402217361,14,2000,79436,7749,6
era5_hill,hill_training,scalar_g5_internal,direction_auroc,0.9562564514126006,0.9127490120045012,0.97287272152212,14,2000,79436,7749,6
lidar_T11,Hill2020_head_then_chronological_LiDAR_calibration,scalar,log_loss,0.9488807855160952,0.8843591439955362,1.0423033106014303,3,2000,1064,705,7
lidar_T11,Hill2020_head_then_chronological_LiDAR_calibration,scalar,brier,0.5707728548421411,0.5202276710459663,0.6341395640837305,3,2000,1064,705,7
lidar_T11,Hill2020_head_then_chronological_LiDAR_calibration,scalar,direction_auroc,0.8579618247571478,0.7795979778980615,0.9266419353945446,3,2000,1064,705,7
lidar_T11,Hill2020_head_then_chronological_LiDAR_calibration,scalar_g5,log_loss,0.9385168443654386,0.8488310329693441,1.0733461086663023,3,2000,1064,705,7
lidar_T11,Hill2020_head_then_chronological_LiDAR_calibration,scalar_g5,brier,0.5646904535622008,0.5029595631659899,0.6501752708255976,3,2000,1064,705,7
lidar_T11,Hill2020_head_then_chronological_LiDAR_calibration,scalar_g5,direction_auroc,0.8572644859964647,0.7445097338583319,0.9393064786402888,3,2000,1064,705,7
lidar_T11,Hill2020_head_then_chronological_LiDAR_calibration,scalar_bit,log_loss,0.9533690280791564,0.8887937183987651,1.0447169123976785,3,2000,1064,705,7
lidar_T11,Hill2020_head_then_chronological_LiDAR_calibration,scalar_bit,brier,0.5729717560004612,0.5230299191647364,0.6353139059635872,3,2000,1064,705,7
lidar_T11,Hill2020_head_then_chronological_LiDAR_calibration,scalar_bit,direction_auroc,0.8522452686375946,0.7793238453982874,0.9206673476336398,3,2000,1064,705,7
lidar_T11,Hill2020_head_then_chronological_LiDAR_calibration,scalar_g5_bit,log_loss,0.9449439527709652,0.8549143924026099,1.079993727020084,3,2000,1064,705,7
lidar_T11,Hill2020_head_then_chronological_LiDAR_calibration,scalar_g5_bit,brier,0.5691580984614424,0.5065558713006895,0.6557329955849904,3,2000,1064,705,7
lidar_T11,Hill2020_head_then_chronological_LiDAR_calibration,scalar_g5_bit,direction_auroc,0.855391401650909,0.7430138865078004,0.9347144713706904,3,2000,1064,705,7
lidar_T11,Hill2020_head_then_chronological_LiDAR_calibration,scalar_g6,log_loss,0.9788773954705988,0.8927434166439026,1.1078720603898435,3,2000,1064,705,7
lidar_T11,Hill2020_head_then_chronological_LiDAR_calibration,scalar_g6,brier,0.5854228937218435,0.5268436809673689,0.6680106004207857,3,2000,1064,705,7
lidar_T11,Hill2020_head_then_chronological_LiDAR_calibration,scalar_g6,direction_auroc,0.8188297682564909,0.7087047359778758,0.9023183491387444,3,2000,1064,705,7
lidar_T11,Hill2020_head_then_chronological_LiDAR_calibration,scalar_signed6,log_loss,0.9468617330513242,0.8615342687031826,1.0705002885305772,3,2000,1064,705,7
lidar_T11,Hill2020_head_then_chronological_LiDAR_calibration,scalar_signed6,brier,0.5701413712803524,0.5140871361373384,0.6497999539762712,3,2000,1064,705,7
lidar_T11,Hill2020_head_then_chronological_LiDAR_calibration,scalar_signed6,direction_auroc,0.8517911875841266,0.7465515871121696,0.9347604727199182,3,2000,1064,705,7
lidar_T11,Hill2020_head_then_chronological_LiDAR_calibration,scalar_raw25,log_loss,1.000906477202734,0.924755717851764,1.11114679402616,3,2000,1064,705,7
lidar_T11,Hill2020_head_then_chronological_LiDAR_calibration,scalar_raw25,brier,0.6056090897931791,0.5524222438459302,0.6773275434668,3,2000,1064,705,7
lidar_T11,Hill2020_head_then_chronological_LiDAR_calibration,scalar_raw25,direction_auroc,0.8006746347080097,0.6980544354259394,0.8802535332805712,3,2000,1064,705,7
lidar_T11,Hill2020_head_then_chronological_LiDAR_calibration,scalar_g5_random,log_loss,0.946326719017351,0.8544372977680003,1.0831843306605116,3,2000,1064,705,7
lidar_T11,Hill2020_head_then_chronological_LiDAR_calibration,scalar_g5_random,brier,0.5697506965003395,0.5063011789109778,0.6573332685062561,3,2000,1064,705,7
lidar_T11,Hill2020_head_then_chronological_LiDAR_calibration,scalar_g5_random,direction_auroc,0.8524885263448096,0.7352991599519972,0.9365491934867364,3,2000,1064,705,7
lidar_T11,Hill2020_head_then_chronological_LiDAR_calibration,scalar_g5_reversed,log_loss,0.9449439527709652,0.8549143924026099,1.079993727020084,3,2000,1064,705,7
lidar_T11,Hill2020_head_then_chronological_LiDAR_calibration,scalar_g5_reversed,brier,0.5691580984614424,0.5065558713006895,0.6557329955849904,3,2000,1064,705,7
lidar_T11,Hill2020_head_then_chronological_LiDAR_calibration,scalar_g5_reversed,direction_auroc,0.855391401650909,0.7430138865078004,0.9347144713706904,3,2000,1064,705,7
lidar_T11,Hill2020_head_then_chronological_LiDAR_calibration,scalar_g5_endpoint,log_loss,0.9385168443654386,0.8488310329693441,1.0733461086663023,3,2000,1064,705,7
lidar_T11,Hill2020_head_then_chronological_LiDAR_calibration,scalar_g5_endpoint,brier,0.5646904535622008,0.5029595631659899,0.6501752708255976,3,2000,1064,705,7
lidar_T11,Hill2020_head_then_chronological_LiDAR_calibration,scalar_g5_endpoint,direction_auroc,0.8572644859964647,0.7445097338583319,0.9393064786402888,3,2000,1064,705,7
lidar_T11,Hill2020_head_then_chronological_LiDAR_calibration,scalar_g5_pre,log_loss,0.9642742251458022,0.8857390817168771,1.0768780260247084,3,2000,1064,705,7
lidar_T11,Hill2020_head_then_chronological_LiDAR_calibration,scalar_g5_pre,brier,0.5847002022595404,0.5290992423528916,0.6583895345230883,3,2000,1064,705,7
lidar_T11,Hill2020_head_then_chronological_LiDAR_calibration,scalar_g5_pre,direction_auroc,0.8395958678624135,0.7310561662956132,0.9198662284555988,3,2000,1064,705,7
lidar_T11,Hill2020_head_then_chronological_LiDAR_calibration,scalar_g5_post,log_loss,0.9525377415844556,0.8601113220412996,1.0892759111985133,3,2000,1064,705,7
lidar_T11,Hill2020_head_then_chronological_LiDAR_calibration,scalar_g5_post,brier,0.5736638608308116,0.5101540272444863,0.6607125204974599,3,2000,1064,705,7
lidar_T11,Hill2020_head_then_chronological_LiDAR_calibration,scalar_g5_post,direction_auroc,0.8409743282032985,0.7171173536361249,0.9302917698871456,3,2000,1064,705,7
lidar_T11,Hill2020_head_then_chronological_LiDAR_calibration,scalar_g5_internal,log_loss,0.9481897549424054,0.8542941611086997,1.08569773910493,3,2000,1064,705,7
lidar_T11,Hill2020_head_then_chronological_LiDAR_calibration,scalar_g5_internal,brier,0.5714616220389992,0.5063128798944315,0.6591464661687132,3,2000,1064,705,7
lidar_T11,Hill2020_head_then_chronological_LiDAR_calibration,scalar_g5_internal,direction_auroc,0.851539821286671,0.7379494636489484,0.9362915278402189,3,2000,1064,705,7
lidar_T11,Hill2020_head_then_chronological_LiDAR_calibration,scalar,log_loss,0.9488807855160948,0.8792975756742841,1.0022818535342288,7,2000,1064,705,4
lidar_T11,Hill2020_head_then_chronological_LiDAR_calibration,scalar,brier,0.5707728548421411,0.5136114903983056,0.6146408787176428,7,2000,1064,705,4
lidar_T11,Hill2020_head_then_chronological_LiDAR_calibration,scalar,direction_auroc,0.8579618247571478,0.8152119896424554,0.9277073494075732,7,2000,1064,705,4
lidar_T11,Hill2020_head_then_chronological_LiDAR_calibration,scalar_g5,log_loss,0.9385168443654386,0.8409939069325919,1.0213616908660508,7,2000,1064,705,4
lidar_T11,Hill2020_head_then_chronological_LiDAR_calibration,scalar_g5,brier,0.5646904535622015,0.4975279027490829,0.625633554099635,7,2000,1064,705,4
lidar_T11,Hill2020_head_then_chronological_LiDAR_calibration,scalar_g5,direction_auroc,0.8572644859964647,0.7969715357458076,0.9473509477455808,7,2000,1064,705,4
lidar_T11,Hill2020_head_then_chronological_LiDAR_calibration,scalar_bit,log_loss,0.9533690280791564,0.883950654284761,1.00664359401439,7,2000,1064,705,4
lidar_T11,Hill2020_head_then_chronological_LiDAR_calibration,scalar_bit,brier,0.5729717560004609,0.5159299745737078,0.6167480068628529,7,2000,1064,705,4
lidar_T11,Hill2020_head_then_chronological_LiDAR_calibration,scalar_bit,direction_auroc,0.8522452686375946,0.8084377370334528,0.924227359350402,7,2000,1064,705,4
lidar_T11,Hill2020_head_then_chronological_LiDAR_calibration,scalar_g5_bit,log_loss,0.944943952770966,0.8484037147300867,1.0219949526192935,7,2000,1064,705,4
lidar_T11,Hill2020_head_then_chronological_LiDAR_calibration,scalar_g5_bit,brier,0.5691580984614425,0.5017478409932058,0.6295412065700726,7,2000,1064,705,4
lidar_T11,Hill2020_head_then_chronological_LiDAR_calibration,scalar_g5_bit,direction_auroc,0.855391401650909,0.797798984995587,0.938662757920848,7,2000,1064,705,4
lidar_T11,Hill2020_head_then_chronological_LiDAR_calibration,scalar_g6,log_loss,0.9788773954705984,0.8847329690228144,1.0542141068265989,7,2000,1064,705,4
lidar_T11,Hill2020_head_then_chronological_LiDAR_calibration,scalar_g6,brier,0.5854228937218439,0.5208678092563015,0.6412311962222501,7,2000,1064,705,4
lidar_T11,Hill2020_head_then_chronological_LiDAR_calibration,scalar_g6,direction_auroc,0.8188297682564909,0.7523809523809524,0.9091968279024316,7,2000,1064,705,4
lidar_T11,Hill2020_head_then_chronological_LiDAR_calibration,scalar_signed6,log_loss,0.946861733051324,0.8533067126557807,1.0186597719595316,7,2000,1064,705,4
lidar_T11,Hill2020_head_then_chronological_LiDAR_calibration,scalar_signed6,brier,0.5701413712803527,0.5060269915936809,0.6193454301096587,7,2000,1064,705,4
lidar_T11,Hill2020_head_then_chronological_LiDAR_calibration,scalar_signed6,direction_auroc,0.8517911875841266,0.7970818623124448,0.9413312286240464,7,2000,1064,705,4
lidar_T11,Hill2020_head_then_chronological_LiDAR_calibration,scalar_raw25,log_loss,1.0009064772027354,0.9178757387814948,1.070517601926299,7,2000,1064,705,4
lidar_T11,Hill2020_head_then_chronological_LiDAR_calibration,scalar_raw25,brier,0.6056090897931786,0.5448710979665636,0.6522219672415109,7,2000,1064,705,4
lidar_T11,Hill2020_head_then_chronological_LiDAR_calibration,scalar_raw25,direction_auroc,0.8006746347080097,0.7321371060501495,0.8855626965334937,7,2000,1064,705,4
lidar_T11,Hill2020_head_then_chronological_LiDAR_calibration,scalar_g5_random,log_loss,0.9463267190173508,0.8474061154733714,1.0222425310394745,7,2000,1064,705,4
lidar_T11,Hill2020_head_then_chronological_LiDAR_calibration,scalar_g5_random,brier,0.5697506965003393,0.5011870770258137,0.6264550767799472,7,2000,1064,705,4
lidar_T11,Hill2020_head_then_chronological_LiDAR_calibration,scalar_g5_random,direction_auroc,0.8524885263448096,0.792751544571933,0.9406672429561144,7,2000,1064,705,4
lidar_T11,Hill2020_head_then_chronological_LiDAR_calibration,scalar_g5_reversed,log_loss,0.944943952770966,0.8484037147300867,1.0219949526192935,7,2000,1064,705,4
lidar_T11,Hill2020_head_then_chronological_LiDAR_calibration,scalar_g5_reversed,brier,0.5691580984614425,0.5017478409932058,0.6295412065700726,7,2000,1064,705,4
lidar_T11,Hill2020_head_then_chronological_LiDAR_calibration,scalar_g5_reversed,direction_auroc,0.855391401650909,0.797798984995587,0.938662757920848,7,2000,1064,705,4
lidar_T11,Hill2020_head_then_chronological_LiDAR_calibration,scalar_g5_endpoint,log_loss,0.9385168443654386,0.8409939069325919,1.0213616908660508,7,2000,1064,705,4
lidar_T11,Hill2020_head_then_chronological_LiDAR_calibration,scalar_g5_endpoint,brier,0.5646904535622015,0.4975279027490829,0.625633554099635,7,2000,1064,705,4
lidar_T11,Hill2020_head_then_chronological_LiDAR_calibration,scalar_g5_endpoint,direction_auroc,0.8572644859964647,0.7969715357458076,0.9473509477455808,7,2000,1064,705,4
lidar_T11,Hill2020_head_then_chronological_LiDAR_calibration,scalar_g5_pre,log_loss,0.9642742251458026,0.875803472014803,1.0450129758357138,7,2000,1064,705,4
lidar_T11,Hill2020_head_then_chronological_LiDAR_calibration,scalar_g5_pre,brier,0.5847002022595404,0.5202636891852562,0.6434810283172484,7,2000,1064,705,4
lidar_T11,Hill2020_head_then_chronological_LiDAR_calibration,scalar_g5_pre,direction_auroc,0.8395958678624135,0.7767266107678729,0.9249696195236844,7,2000,1064,705,4
lidar_T11,Hill2020_head_then_chronological_LiDAR_calibration,scalar_g5_post,log_loss,0.952537741584456,0.8523103263602488,1.0400971045783078,7,2000,1064,705,4
lidar_T11,Hill2020_head_then_chronological_LiDAR_calibration,scalar_g5_post,brier,0.5736638608308119,0.5040184699990063,0.6334597348469552,7,2000,1064,705,4
lidar_T11,Hill2020_head_then_chronological_LiDAR_calibration,scalar_g5_post,direction_auroc,0.8409743282032985,0.7736098852603707,0.9401535936658272,7,2000,1064,705,4
lidar_T11,Hill2020_head_then_chronological_LiDAR_calibration,scalar_g5_internal,log_loss,0.9481897549424048,0.8460344367357963,1.0346071040664335,7,2000,1064,705,4
lidar_T11,Hill2020_head_then_chronological_LiDAR_calibration,scalar_g5_internal,brier,0.5714616220389995,0.5006914537498363,0.6338135225625162,7,2000,1064,705,4
lidar_T11,Hill2020_head_then_chronological_LiDAR_calibration,scalar_g5_internal,direction_auroc,0.851539821286671,0.7874558693733451,0.9483156061688028,7,2000,1064,705,4
lidar_T11,Hill2020_head_then_chronological_LiDAR_calibration,scalar,log_loss,0.9488807855160956,0.9097078244029267,1.0140987619961113,14,2000,1064,705,3
lidar_T11,Hill2020_head_then_chronological_LiDAR_calibration,scalar,brier,0.5707728548421419,0.4923000526888906,0.6387143147393439,14,2000,1064,705,3
lidar_T11,Hill2020_head_then_chronological_LiDAR_calibration,scalar,direction_auroc,0.8579618247571478,0.835672514619883,0.934959349593496,14,2000,1064,705,3
lidar_T11,Hill2020_head_then_chronological_LiDAR_calibration,scalar_g5,log_loss,0.9385168443654376,0.8639265244272863,1.0566083699195057,14,2000,1064,705,3
lidar_T11,Hill2020_head_then_chronological_LiDAR_calibration,scalar_g5,brier,0.5646904535622014,0.4832246122365163,0.6575161530242136,14,2000,1064,705,3
lidar_T11,Hill2020_head_then_chronological_LiDAR_calibration,scalar_g5,direction_auroc,0.8572644859964647,0.7934959349593496,0.8684062850729517,14,2000,1064,705,3
lidar_T11,Hill2020_head_then_chronological_LiDAR_calibration,scalar_bit,log_loss,0.953369028079156,0.9181785446362998,1.0141510518159798,14,2000,1064,705,3
lidar_T11,Hill2020_head_then_chronological_LiDAR_calibration,scalar_bit,brier,0.5729717560004614,0.4958152805120195,0.6384752595734359,14,2000,1064,705,3
lidar_T11,Hill2020_head_then_chronological_LiDAR_calibration,scalar_bit,direction_auroc,0.8522452686375946,0.8304093567251462,0.9439024390243902,14,2000,1064,705,3
lidar_T11,Hill2020_head_then_chronological_LiDAR_calibration,scalar_g5_bit,log_loss,0.9449439527709648,0.861743284192994,1.057872191819211,14,2000,1064,705,3
lidar_T11,Hill2020_head_then_chronological_LiDAR_calibration,scalar_g5_bit,brier,0.5691580984614426,0.4844896106655478,0.6620154444591454,14,2000,1064,705,3
lidar_T11,Hill2020_head_then_chronological_LiDAR_calibration,scalar_g5_bit,direction_auroc,0.855391401650909,0.7975609756097561,0.8638635027523917,14,2000,1064,705,3
lidar_T11,Hill2020_head_then_chronological_LiDAR_calibration,scalar_g6,log_loss,0.978877395470598,0.9280497553219498,1.08245985716346,14,2000,1064,705,3
lidar_T11,Hill2020_head_then_chronological_LiDAR_calibration,scalar_g6,brier,0.585422893721844,0.5219586683170288,0.6679340009771505,14,2000,1064,705,3
lidar_T11,Hill2020_head_then_chronological_LiDAR_calibration,scalar_g6,direction_auroc,0.8188297682564909,0.7121951219512195,0.8351237240126129,14,2000,1064,705,3
lidar_T11,Hill2020_head_then_chronological_LiDAR_calibration,scalar_signed6,log_loss,0.9468617330513256,0.8756168022273548,1.0274960413935934,14,2000,1064,705,3
lidar_T11,Hill2020_head_then_chronological_LiDAR_calibration,scalar_signed6,brier,0.570141371280352,0.4929855755003791,0.6320583990720728,14,2000,1064,705,3
lidar_T11,Hill2020_head_then_chronological_LiDAR_calibration,scalar_signed6,direction_auroc,0.8517911875841266,0.8203252032520325,0.8614035087719298,14,2000,1064,705,3
lidar_T11,Hill2020_head_then_chronological_LiDAR_calibration,scalar_raw25,log_loss,1.000906477202735,0.9628789856671912,1.0946157995962484,14,2000,1064,705,3
lidar_T11,Hill2020_head_then_chronological_LiDAR_calibration,scalar_raw25,brier,0.6056090897931786,0.5531106952447508,0.6734301097042072,14,2000,1064,705,3
lidar_T11,Hill2020_head_then_chronological_LiDAR_calibration,scalar_raw25,direction_auroc,0.8006746347080097,0.7008130081300813,0.8173133450911229,14,2000,1064,705,3
lidar_T11,Hill2020_head_then_chronological_LiDAR_calibration,scalar_g5_random,log_loss,0.94632671901735,0.8545906258438669,1.0572798474540188,14,2000,1064,705,3
lidar_T11,Hill2020_head_then_chronological_LiDAR_calibration,scalar_g5_random,brier,0.5697506965003393,0.4797208810324714,0.6593060161263969,14,2000,1064,705,3
lidar_T11,Hill2020_head_then_chronological_LiDAR_calibration,scalar_g5_random,direction_auroc,0.8524885263448096,0.8048780487804879,0.8608706108706109,14,2000,1064,705,3
lidar_T11,Hill2020_head_then_chronological_LiDAR_calibration,scalar_g5_reversed,log_loss,0.9449439527709648,0.861743284192994,1.057872191819211,14,2000,1064,705,3
lidar_T11,Hill2020_head_then_chronological_LiDAR_calibration,scalar_g5_reversed,brier,0.5691580984614426,0.4844896106655478,0.6620154444591454,14,2000,1064,705,3
lidar_T11,Hill2020_head_then_chronological_LiDAR_calibration,scalar_g5_reversed,direction_auroc,0.855391401650909,0.7975609756097561,0.8638635027523917,14,2000,1064,705,3
lidar_T11,Hill2020_head_then_chronological_LiDAR_calibration,scalar_g5_endpoint,log_loss,0.9385168443654376,0.8639265244272863,1.0566083699195057,14,2000,1064,705,3
lidar_T11,Hill2020_head_then_chronological_LiDAR_calibration,scalar_g5_endpoint,brier,0.5646904535622014,0.4832246122365163,0.6575161530242136,14,2000,1064,705,3
lidar_T11,Hill2020_head_then_chronological_LiDAR_calibration,scalar_g5_endpoint,direction_auroc,0.8572644859964647,0.7934959349593496,0.8684062850729517,14,2000,1064,705,3
lidar_T11,Hill2020_head_then_chronological_LiDAR_calibration,scalar_g5_pre,log_loss,0.9642742251458024,0.8965894753166566,1.0782421177429655,14,2000,1064,705,3
lidar_T11,Hill2020_head_then_chronological_LiDAR_calibration,scalar_g5_pre,brier,0.5847002022595412,0.5073113754598523,0.6739667714942774,14,2000,1064,705,3
lidar_T11,Hill2020_head_then_chronological_LiDAR_calibration,scalar_g5_pre,direction_auroc,0.8395958678624135,0.7853658536585366,0.8584795321637427,14,2000,1064,705,3
lidar_T11,Hill2020_head_then_chronological_LiDAR_calibration,scalar_g5_post,log_loss,0.9525377415844544,0.8672213255601955,1.078800637194303,14,2000,1064,705,3
lidar_T11,Hill2020_head_then_chronological_LiDAR_calibration,scalar_g5_post,brier,0.5736638608308127,0.4857772555306171,0.6665229764849414,14,2000,1064,705,3
lidar_T11,Hill2020_head_then_chronological_LiDAR_calibration,scalar_g5_post,direction_auroc,0.8409743282032985,0.732520325203252,0.8554459943348832,14,2000,1064,705,3
lidar_T11,Hill2020_head_then_chronological_LiDAR_calibration,scalar_g5_internal,log_loss,0.9481897549424052,0.8600637050869234,1.0736839844349808,14,2000,1064,705,3
lidar_T11,Hill2020_head_then_chronological_LiDAR_calibration,scalar_g5_internal,brier,0.5714616220390009,0.4809838058924316,0.6680291307722366,14,2000,1064,705,3
lidar_T11,Hill2020_head_then_chronological_LiDAR_calibration,scalar_g5_internal,direction_auroc,0.851539821286671,0.7634146341463415,0.8637165303831971,14,2000,1064,705,3
lidar_T07,Hill2020_head_then_chronological_LiDAR_calibration,scalar,log_loss,0.9166708989555402,0.823986300201,0.9996897826201718,3,2000,444,285,6
lidar_T07,Hill2020_head_then_chronological_LiDAR_calibration,scalar,brier,0.5581185671456517,0.4928710284782598,0.6095002665536424,3,2000,444,285,6
lidar_T07,Hill2020_head_then_chronological_LiDAR_calibration,scalar,direction_auroc,0.8869663807552006,0.7715395480225988,0.9712355798421372,3,2000,444,285,6
lidar_T07,Hill2020_head_then_chronological_LiDAR_calibration,scalar_g5,log_loss,0.889262840496946,0.773936645976784,0.9848826230183174,3,2000,444,285,6
lidar_T07,Hill2020_head_then_chronological_LiDAR_calibration,scalar_g5,brier,0.5439251717827192,0.4655288982578802,0.6075392767019075,3,2000,444,285,6
lidar_T07,Hill2020_head_then_chronological_LiDAR_calibration,scalar_g5,direction_auroc,0.9210785763580794,0.7950431634642161,0.9858646616541352,3,2000,444,285,6
lidar_T07,Hill2020_head_then_chronological_LiDAR_calibration,scalar_bit,log_loss,0.9224276274074824,0.8309945587054068,1.0072989994922257,3,2000,444,285,6
lidar_T07,Hill2020_head_then_chronological_LiDAR_calibration,scalar_bit,brier,0.5591210688692679,0.4968229011067084,0.6079673997833743,3,2000,444,285,6
lidar_T07,Hill2020_head_then_chronological_LiDAR_calibration,scalar_bit,direction_auroc,0.8721285615695553,0.7353569107955072,0.967853191904731,3,2000,444,285,6
lidar_T07,Hill2020_head_then_chronological_LiDAR_calibration,scalar_g5_bit,log_loss,0.8943891506131383,0.7756892287379757,0.9967466873220068,3,2000,444,285,6
lidar_T07,Hill2020_head_then_chronological_LiDAR_calibration,scalar_g5_bit,brier,0.5466112145454534,0.4651164024019331,0.615011376015502,3,2000,444,285,6
lidar_T07,Hill2020_head_then_chronological_LiDAR_calibration,scalar_g5_bit,direction_auroc,0.9156068224391206,0.761394226306507,0.9862255639097744,3,2000,444,285,6
lidar_T07,Hill2020_head_then_chronological_LiDAR_calibration,scalar_g6,log_loss,0.9283620013199598,0.8209935094169031,1.0131134590508606,3,2000,444,285,6
lidar_T07,Hill2020_head_then_chronological_LiDAR_calibration,scalar_g6,brier,0.5601930785818634,0.4908837245794665,0.617934879664142,3,2000,444,285,6
lidar_T07,Hill2020_head_then_chronological_LiDAR_calibration,scalar_g6,direction_auroc,0.8821847579611555,0.740757304710793,0.9687161556676812,3,2000,444,285,6
lidar_T07,Hill2020_head_then_chronological_LiDAR_calibration,scalar_signed6,log_loss,0.8945264451571849,0.7740487606081595,0.9851347870970192,3,2000,444,285,6
lidar_T07,Hill2020_head_then_chronological_LiDAR_calibration,scalar_signed6,brier,0.5464469438738644,0.4682860520908773,0.6058662223325474,3,2000,444,285,6
lidar_T07,Hill2020_head_then_chronological_LiDAR_calibration,scalar_signed6,direction_auroc,0.9161490683229814,0.8127942561205274,0.9860948232534764,3,2000,444,285,6
lidar_T07,Hill2020_head_then_chronological_LiDAR_calibration,scalar_raw25,log_loss,0.9480497026999262,0.820407726070097,1.0820146840559015,3,2000,444,285,6
lidar_T07,Hill2020_head_then_chronological_LiDAR_calibration,scalar_raw25,brier,0.5746493699132367,0.4917730086377352,0.6537293326858944,3,2000,444,285,6
lidar_T07,Hill2020_head_then_chronological_LiDAR_calibration,scalar_raw25,direction_auroc,0.8640441683919945,0.6738904853128991,0.9764280125195618,3,2000,444,285,6
lidar_T07,Hill2020_head_then_chronological_LiDAR_calibration,scalar_g5_random,log_loss,0.8941221486331977,0.7785412957298617,0.9919996851227402,3,2000,444,285,6
lidar_T07,Hill2020_head_then_chronological_LiDAR_calibration,scalar_g5_random,brier,0.546571750781453,0.4697461230101089,0.6111820184726791,3,2000,444,285,6
lidar_T07,Hill2020_head_then_chronological_LiDAR_calibration,scalar_g5_random,direction_auroc,0.916888494528246,0.782780131826742,0.9865864661654136,3,2000,444,285,6
lidar_T07,Hill2020_head_then_chronological_LiDAR_calibration,scalar_g5_reversed,log_loss,0.8943891506131383,0.7756892287379757,0.9967466873220068,3,2000,444,285,6
lidar_T07,Hill2020_head_then_chronological_LiDAR_calibration,scalar_g5_reversed,brier,0.5466112145454534,0.4651164024019331,0.615011376015502,3,2000,444,285,6
lidar_T07,Hill2020_head_then_chronological_LiDAR_calibration,scalar_g5_reversed,direction_auroc,0.9156068224391206,0.761394226306507,0.9862255639097744,3,2000,444,285,6
lidar_T07,Hill2020_head_then_chronological_LiDAR_calibration,scalar_g5_endpoint,log_loss,0.889262840496946,0.773936645976784,0.9848826230183174,3,2000,444,285,6
lidar_T07,Hill2020_head_then_chronological_LiDAR_calibration,scalar_g5_endpoint,brier,0.5439251717827192,0.4655288982578802,0.6075392767019075,3,2000,444,285,6
lidar_T07,Hill2020_head_then_chronological_LiDAR_calibration,scalar_g5_endpoint,direction_auroc,0.9210785763580794,0.7950431634642161,0.9858646616541352,3,2000,444,285,6
lidar_T07,Hill2020_head_then_chronological_LiDAR_calibration,scalar_g5_pre,log_loss,0.9045213852876626,0.7696519296553895,1.0155725004086995,3,2000,444,285,6
lidar_T07,Hill2020_head_then_chronological_LiDAR_calibration,scalar_g5_pre,brier,0.5523608722302739,0.4622570364924515,0.6168217195456667,3,2000,444,285,6
lidar_T07,Hill2020_head_then_chronological_LiDAR_calibration,scalar_g5_pre,direction_auroc,0.906339347333136,0.7546448087431694,0.9859162895927602,3,2000,444,285,6
lidar_T07,Hill2020_head_then_chronological_LiDAR_calibration,scalar_g5_post,log_loss,0.912169971234856,0.8003373107211648,0.9995246237417208,3,2000,444,285,6
lidar_T07,Hill2020_head_then_chronological_LiDAR_calibration,scalar_g5_post,brier,0.558382947717222,0.4850250624659781,0.6158438044494347,3,2000,444,285,6
lidar_T07,Hill2020_head_then_chronological_LiDAR_calibration,scalar_g5_post,direction_auroc,0.901459134378389,0.7592180867560457,0.9740716180371352,3,2000,444,285,6
lidar_T07,Hill2020_head_then_chronological_LiDAR_calibration,scalar_g5_internal,log_loss,0.8961985418403469,0.7770532874642884,0.9976907817991132,3,2000,444,285,6
lidar_T07,Hill2020_head_then_chronological_LiDAR_calibration,scalar_g5_internal,brier,0.5485128924041203,0.4723188637098866,0.6126434849693033,3,2000,444,285,6
lidar_T07,Hill2020_head_then_chronological_LiDAR_calibration,scalar_g5_internal,direction_auroc,0.9155575273587696,0.7705665615089692,0.9881221719457014,3,2000,444,285,6
lidar_T07,Hill2020_head_then_chronological_LiDAR_calibration,scalar,log_loss,0.91667089895554,0.8526826515377608,0.9757198472709032,7,2000,444,285,4
lidar_T07,Hill2020_head_then_chronological_LiDAR_calibration,scalar,brier,0.5581185671456519,0.5040039606149499,0.6095002665536429,7,2000,444,285,4
lidar_T07,Hill2020_head_then_chronological_LiDAR_calibration,scalar,direction_auroc,0.8869663807552006,0.8468448237143499,0.9638009049773756,7,2000,444,285,4
lidar_T07,Hill2020_head_then_chronological_LiDAR_calibration,scalar_g5,log_loss,0.8892628404969457,0.7644979392616668,0.9627298191032008,7,2000,444,285,4
lidar_T07,Hill2020_head_then_chronological_LiDAR_calibration,scalar_g5,brier,0.5439251717827193,0.4465465694133183,0.5978000261125904,7,2000,444,285,4
lidar_T07,Hill2020_head_then_chronological_LiDAR_calibration,scalar_g5,direction_auroc,0.9210785763580794,0.8618908600943185,0.9848484848484848,7,2000,444,285,4
lidar_T07,Hill2020_head_then_chronological_LiDAR_calibration,scalar_bit,log_loss,0.9224276274074824,0.8732488866456212,0.9727734510448486,7,2000,444,285,4
lidar_T07,Hill2020_head_then_chronological_LiDAR_calibration,scalar_bit,brier,0.5591210688692684,0.5136951313551631,0.6045202930060568,7,2000,444,285,4
lidar_T07,Hill2020_head_then_chronological_LiDAR_calibration,scalar_bit,direction_auroc,0.8721285615695553,0.8230406467549967,0.987878787878788,7,2000,444,285,4
lidar_T07,Hill2020_head_then_chronological_LiDAR_calibration,scalar_g5_bit,log_loss,0.8943891506131382,0.7505727968863438,0.9713306149002264,7,2000,444,285,4
lidar_T07,Hill2020_head_then_chronological_LiDAR_calibration,scalar_g5_bit,brier,0.5466112145454534,0.4403415475290436,0.6021831717315288,7,2000,444,285,4
lidar_T07,Hill2020_head_then_chronological_LiDAR_calibration,scalar_g5_bit,direction_auroc,0.9156068224391206,0.8468448237143499,0.987878787878788,7,2000,444,285,4
lidar_T07,Hill2020_head_then_chronological_LiDAR_calibration,scalar_g6,log_loss,0.9283620013199596,0.7933487860801942,0.9976659973106242,7,2000,444,285,4
lidar_T07,Hill2020_head_then_chronological_LiDAR_calibration,scalar_g6,brier,0.5601930785818635,0.4604652779884676,0.616185842683685,7,2000,444,285,4
lidar_T07,Hill2020_head_then_chronological_LiDAR_calibration,scalar_g6,direction_auroc,0.8821847579611555,0.7893554906804402,0.9547511312217196,7,2000,444,285,4
lidar_T07,Hill2020_head_then_chronological_LiDAR_calibration,scalar_signed6,log_loss,0.894526445157184,0.7749713050376046,0.9605173907410558,7,2000,444,285,4
lidar_T07,Hill2020_head_then_chronological_LiDAR_calibration,scalar_signed6,brier,0.5464469438738645,0.4542042044761905,0.5988882751944952,7,2000,444,285,4
lidar_T07,Hill2020_head_then_chronological_LiDAR_calibration,scalar_signed6,direction_auroc,0.9161490683229814,0.8845721985178532,0.9728506787330315,7,2000,444,285,4
lidar_T07,Hill2020_head_then_chronological_LiDAR_calibration,scalar_raw25,log_loss,0.9480497026999262,0.875050989917444,1.027878621551661,7,2000,444,285,4
lidar_T07,Hill2020_head_then_chronological_LiDAR_calibration,scalar_raw25,brier,0.5746493699132363,0.5240892764518938,0.6285388358674656,7,2000,444,285,4
lidar_T07,Hill2020_head_then_chronological_LiDAR_calibration,scalar_raw25,direction_auroc,0.8640441683919945,0.7960925218953514,0.9728506787330315,7,2000,444,285,4
lidar_T07,Hill2020_head_then_chronological_LiDAR_calibration,scalar_g5_random,log_loss,0.8941221486331976,0.7640789405166758,0.9657201628307492,7,2000,444,285,4
lidar_T07,Hill2020_head_then_chronological_LiDAR_calibration,scalar_g5_random,brier,0.5465717507814526,0.4487164633611829,0.5991663113493546,7,2000,444,285,4
lidar_T07,Hill2020_head_then_chronological_LiDAR_calibration,scalar_g5_random,direction_auroc,0.916888494528246,0.8652593757017741,0.987878787878788,7,2000,444,285,4
lidar_T07,Hill2020_head_then_chronological_LiDAR_calibration,scalar_g5_reversed,log_loss,0.8943891506131382,0.7505727968863438,0.9713306149002264,7,2000,444,285,4
lidar_T07,Hill2020_head_then_chronological_LiDAR_calibration,scalar_g5_reversed,brier,0.5466112145454534,0.4403415475290436,0.6021831717315288,7,2000,444,285,4
lidar_T07,Hill2020_head_then_chronological_LiDAR_calibration,scalar_g5_reversed,direction_auroc,0.9156068224391206,0.8468448237143499,0.987878787878788,7,2000,444,285,4
lidar_T07,Hill2020_head_then_chronological_LiDAR_calibration,scalar_g5_endpoint,log_loss,0.8892628404969457,0.7644979392616668,0.9627298191032008,7,2000,444,285,4
lidar_T07,Hill2020_head_then_chronological_LiDAR_calibration,scalar_g5_endpoint,brier,0.5439251717827193,0.4465465694133183,0.5978000261125904,7,2000,444,285,4
lidar_T07,Hill2020_head_then_chronological_LiDAR_calibration,scalar_g5_endpoint,direction_auroc,0.9210785763580794,0.8618908600943185,0.9848484848484848,7,2000,444,285,4
lidar_T07,Hill2020_head_then_chronological_LiDAR_calibration,scalar_g5_pre,log_loss,0.9045213852876626,0.7571939669003533,0.9796308831444532,7,2000,444,285,4
lidar_T07,Hill2020_head_then_chronological_LiDAR_calibration,scalar_g5_pre,brier,0.5523608722302739,0.4441123812981609,0.6053640829315431,7,2000,444,285,4
lidar_T07,Hill2020_head_then_chronological_LiDAR_calibration,scalar_g5_pre,direction_auroc,0.906339347333136,0.8400884303610906,0.987878787878788,7,2000,444,285,4
lidar_T07,Hill2020_head_then_chronological_LiDAR_calibration,scalar_g5_post,log_loss,0.9121699712348564,0.8263221789236546,0.9727333362924452,7,2000,444,285,4
lidar_T07,Hill2020_head_then_chronological_LiDAR_calibration,scalar_g5_post,brier,0.5583829477172221,0.4883488227960465,0.6050265237086929,7,2000,444,285,4
lidar_T07,Hill2020_head_then_chronological_LiDAR_calibration,scalar_g5_post,direction_auroc,0.901459134378389,0.8385358185492926,0.9728506787330315,7,2000,444,285,4
lidar_T07,Hill2020_head_then_chronological_LiDAR_calibration,scalar_g5_internal,log_loss,0.8961985418403468,0.7705946727392584,0.9648329286690692,7,2000,444,285,4
lidar_T07,Hill2020_head_then_chronological_LiDAR_calibration,scalar_g5_internal,brier,0.54851289240412,0.4560002040373078,0.5978071783550314,7,2000,444,285,4
lidar_T07,Hill2020_head_then_chronological_LiDAR_calibration,scalar_g5_internal,direction_auroc,0.9155575273587696,0.8551543437320888,0.996969696969697,7,2000,444,285,4
lidar_T07,Hill2020_head_then_chronological_LiDAR_calibration,scalar,log_loss,0.91667089895554,0.8181184471112591,1.0078288563634623,14,2000,444,285,3
lidar_T07,Hill2020_head_then_chronological_LiDAR_calibration,scalar,brier,0.5581185671456517,0.4786429688400158,0.6072339446150227,14,2000,444,285,3
lidar_T07,Hill2020_head_then_chronological_LiDAR_calibration,scalar,direction_auroc,0.8869663807552006,0.5555555555555556,1.0,14,2000,444,285,3
lidar_T07,Hill2020_head_then_chronological_LiDAR_calibration,scalar_g5,log_loss,0.8892628404969454,0.7077758035855867,0.9346643462899072,14,2000,444,285,3
lidar_T07,Hill2020_head_then_chronological_LiDAR_calibration,scalar_g5,brier,0.5439251717827193,0.4088367130596525,0.5596761384743156,14,2000,444,285,3
lidar_T07,Hill2020_head_then_chronological_LiDAR_calibration,scalar_g5,direction_auroc,0.9210785763580794,0.9085903735717246,1.0,14,2000,444,285,3
lidar_T07,Hill2020_head_then_chronological_LiDAR_calibration,scalar_bit,log_loss,0.9224276274074834,0.8593138174399618,0.9986645094965556,14,2000,444,285,3
lidar_T07,Hill2020_head_then_chronological_LiDAR_calibration,scalar_bit,brier,0.5591210688692682,0.4984815740317537,0.6015802458595442,14,2000,444,285,3
lidar_T07,Hill2020_head_then_chronological_LiDAR_calibration,scalar_bit,direction_auroc,0.8721285615695553,0.8577348884021077,1.0,14,2000,444,285,3
lidar_T07,Hill2020_head_then_chronological_LiDAR_calibration,scalar_g5_bit,log_loss,0.894389150613138,0.6915914351932186,0.9275168819657194,14,2000,444,285,3
lidar_T07,Hill2020_head_then_chronological_LiDAR_calibration,scalar_g5_bit,brier,0.5466112145454538,0.4010175428266032,0.5607082111904877,14,2000,444,285,3
lidar_T07,Hill2020_head_then_chronological_LiDAR_calibration,scalar_g5_bit,direction_auroc,0.9156068224391206,0.9011899828310936,1.0,14,2000,444,285,3
lidar_T07,Hill2020_head_then_chronological_LiDAR_calibration,scalar_g6,log_loss,0.9283620013199592,0.7289591298208601,0.9865177548581968,14,2000,444,285,3
lidar_T07,Hill2020_head_then_chronological_LiDAR_calibration,scalar_g6,brier,0.560193078581864,0.4183187183455676,0.5869049569171676,14,2000,444,285,3
lidar_T07,Hill2020_head_then_chronological_LiDAR_calibration,scalar_g6,direction_auroc,0.8821847579611555,0.5555555555555556,0.9678571428571427,14,2000,444,285,3
lidar_T07,Hill2020_head_then_chronological_LiDAR_calibration,scalar_signed6,log_loss,0.894526445157185,0.7428366228671911,0.9103858004791704,14,2000,444,285,3
lidar_T07,Hill2020_head_then_chronological_LiDAR_calibration,scalar_signed6,brier,0.5464469438738648,0.431679932437817,0.5586832256306992,14,2000,444,285,3
lidar_T07,Hill2020_head_then_chronological_LiDAR_calibration,scalar_signed6,direction_auroc,0.9161490683229814,0.9073833754524964,1.0,14,2000,444,285,3
lidar_T07,Hill2020_head_then_chronological_LiDAR_calibration,scalar_raw25,log_loss,0.9480497026999272,0.8596185998239744,0.9567096285220164,14,2000,444,285,3
lidar_T07,Hill2020_head_then_chronological_LiDAR_calibration,scalar_raw25,brier,0.5746493699132359,0.5102116530001564,0.5808296656045823,14,2000,444,285,3
lidar_T07,Hill2020_head_then_chronological_LiDAR_calibration,scalar_raw25,direction_auroc,0.8640441683919945,0.8534936138241923,1.0,14,2000,444,285,3
lidar_T07,Hill2020_head_then_chronological_LiDAR_calibration,scalar_g5_random,log_loss,0.8941221486331979,0.7116104819380084,0.9214843162526783,14,2000,444,285,3
lidar_T07,Hill2020_head_then_chronological_LiDAR_calibration,scalar_g5_random,brier,0.5465717507814524,0.4137701005779995,0.5595525542147534,14,2000,444,285,3
lidar_T07,Hill2020_head_then_chronological_LiDAR_calibration,scalar_g5_random,direction_auroc,0.916888494528246,0.904150139127346,1.0,14,2000,444,285,3
lidar_T07,Hill2020_head_then_chronological_LiDAR_calibration,scalar_g5_reversed,log_loss,0.894389150613138,0.6915914351932186,0.9275168819657194,14,2000,444,285,3
lidar_T07,Hill2020_head_then_chronological_LiDAR_calibration,scalar_g5_reversed,brier,0.5466112145454538,0.4010175428266032,0.5607082111904877,14,2000,444,285,3
lidar_T07,Hill2020_head_then_chronological_LiDAR_calibration,scalar_g5_reversed,direction_auroc,0.9156068224391206,0.9011899828310936,1.0,14,2000,444,285,3
lidar_T07,Hill2020_head_then_chronological_LiDAR_calibration,scalar_g5_endpoint,log_loss,0.8892628404969454,0.7077758035855867,0.9346643462899072,14,2000,444,285,3
lidar_T07,Hill2020_head_then_chronological_LiDAR_calibration,scalar_g5_endpoint,brier,0.5439251717827193,0.4088367130596525,0.5596761384743156,14,2000,444,285,3
lidar_T07,Hill2020_head_then_chronological_LiDAR_calibration,scalar_g5_endpoint,direction_auroc,0.9210785763580794,0.9085903735717246,1.0,14,2000,444,285,3
lidar_T07,Hill2020_head_then_chronological_LiDAR_calibration,scalar_g5_pre,log_loss,0.9045213852876616,0.6904636332690121,0.9573849677943772,14,2000,444,285,3
lidar_T07,Hill2020_head_then_chronological_LiDAR_calibration,scalar_g5_pre,brier,0.5523608722302741,0.3951478974274376,0.5910058329103306,14,2000,444,285,3
lidar_T07,Hill2020_head_then_chronological_LiDAR_calibration,scalar_g5_pre,direction_auroc,0.906339347333136,0.8884021076312829,1.0,14,2000,444,285,3
lidar_T07,Hill2020_head_then_chronological_LiDAR_calibration,scalar_g5_post,log_loss,0.912169971234856,0.7993315025008119,0.9235579436843012,14,2000,444,285,3
lidar_T07,Hill2020_head_then_chronological_LiDAR_calibration,scalar_g5_post,brier,0.5583829477172215,0.4689970616712747,0.5676731887781936,14,2000,444,285,3
lidar_T07,Hill2020_head_then_chronological_LiDAR_calibration,scalar_g5_post,direction_auroc,0.901459134378389,0.8912642579058807,1.0,14,2000,444,285,3
lidar_T07,Hill2020_head_then_chronological_LiDAR_calibration,scalar_g5_internal,log_loss,0.8961985418403459,0.718958017420224,0.9255046386963616,14,2000,444,285,3
lidar_T07,Hill2020_head_then_chronological_LiDAR_calibration,scalar_g5_internal,brier,0.54851289240412,0.4220456264932643,0.5607849837180849,14,2000,444,285,3
lidar_T07,Hill2020_head_then_chronological_LiDAR_calibration,scalar_g5_internal,direction_auroc,0.9155575273587696,0.9021372328458944,1.0,14,2000,444,285,3
smarteole,Pizhou_training_no_target_fit,scalar,log_loss,2.465845820935905,2.2655098055416474,2.617765660289645,3,2000,13931,9265,32
smarteole,Pizhou_training_no_target_fit,scalar,brier,1.1623706537819418,1.0828889749893558,1.228278652492722,3,2000,13931,9265,32
smarteole,Pizhou_training_no_target_fit,scalar,direction_auroc,0.8579224372389036,0.8284554271088495,0.8872945493532536,3,2000,13931,9265,32
smarteole,Pizhou_training_no_target_fit,scalar_g5,log_loss,2.43990353387516,2.238803083567818,2.596148275546044,3,2000,13931,9265,32
smarteole,Pizhou_training_no_target_fit,scalar_g5,brier,1.1588901262873377,1.074985490538285,1.226197787454336,3,2000,13931,9265,32
smarteole,Pizhou_training_no_target_fit,scalar_g5,direction_auroc,0.874834706625955,0.8438015594792404,0.9023080817029688,3,2000,13931,9265,32
smarteole,Pizhou_training_no_target_fit,scalar_bit,log_loss,2.4649241265839223,2.267156855550018,2.615897456426084,3,2000,13931,9265,32
smarteole,Pizhou_training_no_target_fit,scalar_bit,brier,1.162967851608376,1.0831261513868975,1.22925537335924,3,2000,13931,9265,32
smarteole,Pizhou_training_no_target_fit,scalar_bit,direction_auroc,0.8861750077538127,0.8644309655467963,0.908982964209522,3,2000,13931,9265,32
smarteole,Pizhou_training_no_target_fit,scalar_g5_bit,log_loss,2.4263822038071234,2.225784059226652,2.5813952257549877,3,2000,13931,9265,32
smarteole,Pizhou_training_no_target_fit,scalar_g5_bit,brier,1.157821982082597,1.074043711070235,1.2251217938700885,3,2000,13931,9265,32
smarteole,Pizhou_training_no_target_fit,scalar_g5_bit,direction_auroc,0.8835316667207848,0.8555476841262721,0.9095375224643596,3,2000,13931,9265,32
smarteole,Pizhou_training_no_target_fit,scalar_g6,log_loss,2.411146341869703,2.2089484556399563,2.5686983234255765,3,2000,13931,9265,32
smarteole,Pizhou_training_no_target_fit,scalar_g6,brier,1.1559481670617155,1.072641631775743,1.2250078667935582,3,2000,13931,9265,32
smarteole,Pizhou_training_no_target_fit,scalar_g6,direction_auroc,0.8772118427500637,0.8478966277172532,0.9035586926843872,3,2000,13931,9265,32
smarteole,Pizhou_training_no_target_fit,scalar_signed6,log_loss,2.432323732947133,2.228516203198725,2.592472964563948,3,2000,13931,9265,32
smarteole,Pizhou_training_no_target_fit,scalar_signed6,brier,1.1589462850631724,1.0752595518391064,1.2284166464023292,3,2000,13931,9265,32
smarteole,Pizhou_training_no_target_fit,scalar_signed6,direction_auroc,0.8767722267569431,0.8416756121213748,0.9057180686857554,3,2000,13931,9265,32
smarteole,Pizhou_training_no_target_fit,scalar_raw25,log_loss,2.3205209249376475,2.109010802696971,2.485587981718016,3,2000,13931,9265,32
smarteole,Pizhou_training_no_target_fit,scalar_raw25,brier,1.1491580877414531,1.062734181815298,1.2191910463358009,3,2000,13931,9265,32
smarteole,Pizhou_training_no_target_fit,scalar_raw25,direction_auroc,0.9118376088472964,0.8824819666342221,0.94253742659293,3,2000,13931,9265,32
smarteole,Pizhou_training_no_target_fit,scalar_g5_random,log_loss,2.425987634282609,2.2272902508744554,2.580338075090149,3,2000,13931,9265,32
smarteole,Pizhou_training_no_target_fit,scalar_g5_random,brier,1.1578178504250811,1.0741634223196583,1.225533156430398,3,2000,13931,9265,32
smarteole,Pizhou_training_no_target_fit,scalar_g5_random,direction_auroc,0.8809430969045585,0.8525967669268345,0.9075275463377392,3,2000,13931,9265,32
smarteole,Pizhou_training_no_target_fit,scalar_g5_reversed,log_loss,2.4263822038071234,2.225784059226652,2.5813952257549877,3,2000,13931,9265,32
smarteole,Pizhou_training_no_target_fit,scalar_g5_reversed,brier,1.157821982082597,1.074043711070235,1.2251217938700885,3,2000,13931,9265,32
smarteole,Pizhou_training_no_target_fit,scalar_g5_reversed,direction_auroc,0.8835316667207848,0.8555476841262721,0.9095375224643596,3,2000,13931,9265,32
smarteole,Pizhou_training_no_target_fit,scalar_g5_endpoint,log_loss,2.43990353387516,2.238803083567818,2.596148275546044,3,2000,13931,9265,32
smarteole,Pizhou_training_no_target_fit,scalar_g5_endpoint,brier,1.1588901262873377,1.074985490538285,1.226197787454336,3,2000,13931,9265,32
smarteole,Pizhou_training_no_target_fit,scalar_g5_endpoint,direction_auroc,0.874834706625955,0.8438015594792404,0.9023080817029688,3,2000,13931,9265,32
smarteole,Pizhou_training_no_target_fit,scalar_g5_pre,log_loss,2.444960656915443,2.24535878264565,2.603821673856652,3,2000,13931,9265,32
smarteole,Pizhou_training_no_target_fit,scalar_g5_pre,brier,1.159933258266201,1.076512014940188,1.2272995727049787,3,2000,13931,9265,32
smarteole,Pizhou_training_no_target_fit,scalar_g5_pre,direction_auroc,0.8566632124410346,0.8220067096522548,0.8876393753822039,3,2000,13931,9265,32
smarteole,Pizhou_training_no_target_fit,scalar_g5_post,log_loss,2.425531943860385,2.217676321104497,2.5866743245447164,3,2000,13931,9265,32
smarteole,Pizhou_training_no_target_fit,scalar_g5_post,brier,1.1546054387973097,1.0707493023205712,1.2222049551509755,3,2000,13931,9265,32
smarteole,Pizhou_training_no_target_fit,scalar_g5_post,direction_auroc,0.8952344189417716,0.8704480946970927,0.918940662452398,3,2000,13931,9265,32
smarteole,Pizhou_training_no_target_fit,scalar_g5_internal,log_loss,2.4356284543146494,2.2347542640509364,2.5915988531331946,3,2000,13931,9265,32
smarteole,Pizhou_training_no_target_fit,scalar_g5_internal,brier,1.1580292818867504,1.0746386596291349,1.2256022958942818,3,2000,13931,9265,32
smarteole,Pizhou_training_no_target_fit,scalar_g5_internal,direction_auroc,0.8749098654251609,0.8455515334789936,0.9016234456189678,3,2000,13931,9265,32
smarteole,Pizhou_training_no_target_fit,scalar,log_loss,2.4658458209359035,2.2880080685014583,2.640111743543123,7,2000,13931,9265,15
smarteole,Pizhou_training_no_target_fit,scalar,brier,1.1623706537819412,1.086016699993828,1.239245684941183,7,2000,13931,9265,15
smarteole,Pizhou_training_no_target_fit,scalar,direction_auroc,0.8579224372389036,0.8169748654958428,0.8983656991560338,7,2000,13931,9265,15
smarteole,Pizhou_training_no_target_fit,scalar_g5,log_loss,2.4399035338751585,2.2570325796869968,2.621762206835327,7,2000,13931,9265,15
smarteole,Pizhou_training_no_target_fit,scalar_g5,brier,1.1588901262873388,1.0803468245911858,1.2370750721657944,7,2000,13931,9265,15
smarteole,Pizhou_training_no_target_fit,scalar_g5,direction_auroc,0.874834706625955,0.8336243110318327,0.9125468165089452,7,2000,13931,9265,15
smarteole,Pizhou_training_no_target_fit,scalar_bit,log_loss,2.464924126583924,2.285258204893745,2.640788020111043,7,2000,13931,9265,15
smarteole,Pizhou_training_no_target_fit,scalar_bit,brier,1.1629678516083766,1.0864066316239749,1.240610799859465,7,2000,13931,9265,15
smarteole,Pizhou_training_no_target_fit,scalar_bit,direction_auroc,0.8861750077538127,0.8569520270067107,0.9176586535864336,7,2000,13931,9265,15
smarteole,Pizhou_training_no_target_fit,scalar_g5_bit,log_loss,2.4263822038071248,2.2468946666503147,2.6034584504874685,7,2000,13931,9265,15
smarteole,Pizhou_training_no_target_fit,scalar_g5_bit,brier,1.1578219820825968,1.0799618346431243,1.2353947676315769,7,2000,13931,9265,15
smarteole,Pizhou_training_no_target_fit,scalar_g5_bit,direction_auroc,0.8835316667207848,0.8485666553840251,0.9176627581070108,7,2000,13931,9265,15
smarteole,Pizhou_training_no_target_fit,scalar_g6,log_loss,2.411146341869704,2.2202609247548857,2.598234499344629,7,2000,13931,9265,15
smarteole,Pizhou_training_no_target_fit,scalar_g6,brier,1.1559481670617155,1.0760582421412563,1.236264550852371,7,2000,13931,9265,15
smarteole,Pizhou_training_no_target_fit,scalar_g6,direction_auroc,0.8772118427500637,0.83996849249725,0.9129218201891314,7,2000,13931,9265,15
smarteole,Pizhou_training_no_target_fit,scalar_signed6,log_loss,2.432323732947133,2.2377401311192844,2.621796815094488,7,2000,13931,9265,15
smarteole,Pizhou_training_no_target_fit,scalar_signed6,brier,1.158946285063173,1.077703535928356,1.240300837569967,7,2000,13931,9265,15
smarteole,Pizhou_training_no_target_fit,scalar_signed6,direction_auroc,0.8767722267569431,0.8346171754995472,0.916291015303827,7,2000,13931,9265,15
smarteole,Pizhou_training_no_target_fit,scalar_raw25,log_loss,2.320520924937646,2.1284829054377115,2.5032176995754964,7,2000,13931,9265,15
smarteole,Pizhou_training_no_target_fit,scalar_raw25,brier,1.1491580877414538,1.069232521571701,1.229729304121297,7,2000,13931,9265,15
smarteole,Pizhou_training_no_target_fit,scalar_raw25,direction_auroc,0.9118376088472964,0.8752808850981387,0.9491924651635388,7,2000,13931,9265,15
smarteole,Pizhou_training_no_target_fit,scalar_g5_random,log_loss,2.4259876342826097,2.2448713144676007,2.605291861388691,7,2000,13931,9265,15
smarteole,Pizhou_training_no_target_fit,scalar_g5_random,brier,1.157817850425081,1.0795117064666544,1.2357134825595404,7,2000,13931,9265,15
smarteole,Pizhou_training_no_target_fit,scalar_g5_random,direction_auroc,0.8809430969045585,0.8422199600254896,0.9175649043955468,7,2000,13931,9265,15
smarteole,Pizhou_training_no_target_fit,scalar_g5_reversed,log_loss,2.4263822038071248,2.2468946666503147,2.6034584504874685,7,2000,13931,9265,15
smarteole,Pizhou_training_no_target_fit,scalar_g5_reversed,brier,1.1578219820825968,1.0799618346431243,1.2353947676315769,7,2000,13931,9265,15
smarteole,Pizhou_training_no_target_fit,scalar_g5_reversed,direction_auroc,0.8835316667207848,0.8485666553840251,0.9176627581070108,7,2000,13931,9265,15
smarteole,Pizhou_training_no_target_fit,scalar_g5_endpoint,log_loss,2.4399035338751585,2.2570325796869968,2.621762206835327,7,2000,13931,9265,15
smarteole,Pizhou_training_no_target_fit,scalar_g5_endpoint,brier,1.1588901262873388,1.0803468245911858,1.2370750721657944,7,2000,13931,9265,15
smarteole,Pizhou_training_no_target_fit,scalar_g5_endpoint,direction_auroc,0.874834706625955,0.8336243110318327,0.9125468165089452,7,2000,13931,9265,15
smarteole,Pizhou_training_no_target_fit,scalar_g5_pre,log_loss,2.4449606569154443,2.2597543286440085,2.6286393030415844,7,2000,13931,9265,15
smarteole,Pizhou_training_no_target_fit,scalar_g5_pre,brier,1.1599332582662003,1.0818964192388678,1.2378601313341948,7,2000,13931,9265,15
smarteole,Pizhou_training_no_target_fit,scalar_g5_pre,direction_auroc,0.8566632124410346,0.8095038873173639,0.8995928785740231,7,2000,13931,9265,15
smarteole,Pizhou_training_no_target_fit,scalar_g5_post,log_loss,2.425531943860384,2.2360996349993227,2.613199626420613,7,2000,13931,9265,15
smarteole,Pizhou_training_no_target_fit,scalar_g5_post,brier,1.154605438797309,1.0757997608821763,1.2333511016292096,7,2000,13931,9265,15
smarteole,Pizhou_training_no_target_fit,scalar_g5_post,direction_auroc,0.8952344189417716,0.8616640050358938,0.928048911571876,7,2000,13931,9265,15
smarteole,Pizhou_training_no_target_fit,scalar_g5_internal,log_loss,2.4356284543146494,2.253259698749912,2.616082446208477,7,2000,13931,9265,15
smarteole,Pizhou_training_no_target_fit,scalar_g5_internal,brier,1.1580292818867497,1.0804773776982513,1.2353907169011054,7,2000,13931,9265,15
smarteole,Pizhou_training_no_target_fit,scalar_g5_internal,direction_auroc,0.8749098654251609,0.836269777574849,0.911672690211748,7,2000,13931,9265,15
smarteole,Pizhou_training_no_target_fit,scalar,log_loss,2.4658458209359044,2.3539073829748838,2.5888762081972088,14,2000,13931,9265,8
smarteole,Pizhou_training_no_target_fit,scalar,brier,1.1623706537819418,1.102355378013457,1.220930806021118,14,2000,13931,9265,8
smarteole,Pizhou_training_no_target_fit,scalar,direction_auroc,0.8579224372389036,0.822000158106366,0.8838687866964335,14,2000,13931,9265,8
smarteole,Pizhou_training_no_target_fit,scalar_g5,log_loss,2.4399035338751576,2.320475210182776,2.5710241584451614,14,2000,13931,9265,8
smarteole,Pizhou_training_no_target_fit,scalar_g5,brier,1.15889012628734,1.1013027388204475,1.217872502044018,14,2000,13931,9265,8
smarteole,Pizhou_training_no_target_fit,scalar_g5,direction_auroc,0.874834706625955,0.8339310335590573,0.8991705472636816,14,2000,13931,9265,8
smarteole,Pizhou_training_no_target_fit,scalar_bit,log_loss,2.464924126583921,2.3477511602163577,2.59294458274688,14,2000,13931,9265,8
smarteole,Pizhou_training_no_target_fit,scalar_bit,brier,1.162967851608376,1.1032909230629038,1.2213763695001327,14,2000,13931,9265,8
smarteole,Pizhou_training_no_target_fit,scalar_bit,direction_auroc,0.8861750077538127,0.86197427200005,0.9089106714792224,14,2000,13931,9265,8
smarteole,Pizhou_training_no_target_fit,scalar_g5_bit,log_loss,2.4263822038071226,2.309113309320529,2.5554503567787026,14,2000,13931,9265,8
smarteole,Pizhou_training_no_target_fit,scalar_g5_bit,brier,1.1578219820825963,1.1000471233959026,1.216732877854149,14,2000,13931,9265,8
smarteole,Pizhou_training_no_target_fit,scalar_g5_bit,direction_auroc,0.8835316667207848,0.8463244652807548,0.9073785513371028,14,2000,13931,9265,8
smarteole,Pizhou_training_no_target_fit,scalar_g6,log_loss,2.411146341869705,2.2876697445894085,2.546877798567305,14,2000,13931,9265,8
smarteole,Pizhou_training_no_target_fit,scalar_g6,brier,1.155948167061715,1.096632801589439,1.2164419876795924,14,2000,13931,9265,8
smarteole,Pizhou_training_no_target_fit,scalar_g6,direction_auroc,0.8772118427500637,0.8418519893672942,0.902808342943777,14,2000,13931,9265,8
smarteole,Pizhou_training_no_target_fit,scalar_signed6,log_loss,2.432323732947134,2.304171405687479,2.573534946569821,14,2000,13931,9265,8
smarteole,Pizhou_training_no_target_fit,scalar_signed6,brier,1.1589462850631722,1.0980333480987396,1.220757443323461,14,2000,13931,9265,8
smarteole,Pizhou_training_no_target_fit,scalar_signed6,direction_auroc,0.8767722267569431,0.8285787877086012,0.9068407203885546,14,2000,13931,9265,8
smarteole,Pizhou_training_no_target_fit,scalar_raw25,log_loss,2.3205209249376457,2.2200695413125318,2.4382689556316195,14,2000,13931,9265,8
smarteole,Pizhou_training_no_target_fit,scalar_raw25,brier,1.149158087741453,1.0927144923927703,1.2078679393647034,14,2000,13931,9265,8
smarteole,Pizhou_training_no_target_fit,scalar_raw25,direction_auroc,0.9118376088472964,0.8865010416648983,0.934832656051038,14,2000,13931,9265,8
smarteole,Pizhou_training_no_target_fit,scalar_g5_random,log_loss,2.42598763428261,2.3093740334264075,2.55504818494082,14,2000,13931,9265,8
smarteole,Pizhou_training_no_target_fit,scalar_g5_random,brier,1.1578178504250825,1.0998134372208963,1.216709747316428,14,2000,13931,9265,8
smarteole,Pizhou_training_no_target_fit,scalar_g5_random,direction_auroc,0.8809430969045585,0.8418337911701559,0.9065095185054424,14,2000,13931,9265,8
smarteole,Pizhou_training_no_target_fit,scalar_g5_reversed,log_loss,2.4263822038071226,2.309113309320529,2.5554503567787026,14,2000,13931,9265,8
smarteole,Pizhou_training_no_target_fit,scalar_g5_reversed,brier,1.1578219820825963,1.1000471233959026,1.216732877854149,14,2000,13931,9265,8
smarteole,Pizhou_training_no_target_fit,scalar_g5_reversed,direction_auroc,0.8835316667207848,0.8463244652807548,0.9073785513371028,14,2000,13931,9265,8
smarteole,Pizhou_training_no_target_fit,scalar_g5_endpoint,log_loss,2.4399035338751576,2.320475210182776,2.5710241584451614,14,2000,13931,9265,8
smarteole,Pizhou_training_no_target_fit,scalar_g5_endpoint,brier,1.15889012628734,1.1013027388204475,1.217872502044018,14,2000,13931,9265,8
smarteole,Pizhou_training_no_target_fit,scalar_g5_endpoint,direction_auroc,0.874834706625955,0.8339310335590573,0.8991705472636816,14,2000,13931,9265,8
smarteole,Pizhou_training_no_target_fit,scalar_g5_pre,log_loss,2.444960656915444,2.321005803926204,2.5784094204178265,14,2000,13931,9265,8
smarteole,Pizhou_training_no_target_fit,scalar_g5_pre,brier,1.1599332582662012,1.1013722377308963,1.2188072971880852,14,2000,13931,9265,8
smarteole,Pizhou_training_no_target_fit,scalar_g5_pre,direction_auroc,0.8566632124410346,0.8137606890446393,0.8829111200529514,14,2000,13931,9265,8
smarteole,Pizhou_training_no_target_fit,scalar_g5_post,log_loss,2.425531943860381,2.302843832473888,2.563623890032172,14,2000,13931,9265,8
smarteole,Pizhou_training_no_target_fit,scalar_g5_post,brier,1.1546054387973106,1.0961546141045124,1.2143403995016175,14,2000,13931,9265,8
smarteole,Pizhou_training_no_target_fit,scalar_g5_post,direction_auroc,0.8952344189417716,0.861691399545787,0.9186596690249664,14,2000,13931,9265,8
smarteole,Pizhou_training_no_target_fit,scalar_g5_internal,log_loss,2.4356284543146525,2.318308863445524,2.5656403290596,14,2000,13931,9265,8
smarteole,Pizhou_training_no_target_fit,scalar_g5_internal,brier,1.1580292818867517,1.1000311552835778,1.2167066273407152,14,2000,13931,9265,8
smarteole,Pizhou_training_no_target_fit,scalar_g5_internal,direction_auroc,0.8749098654251609,0.8356007181832457,0.9002333844699442,14,2000,13931,9265,8
