seed,noise_ratio,model,metric,estimate,low,high,block_days,valid_draws,events,direction_events,occupied_blocks,test_flip_probability,dataset
101,0.0,clean_protected,log_loss,0.2080849946926605,0.1586105151443949,0.2587026766907025,7,2000,94534,5862,16,,era5_pizhou
101,0.0,clean_protected,brier,0.1046056811426526,0.0749107855206756,0.134375466918937,7,2000,94534,5862,16,,era5_pizhou
101,0.0,clean_protected,direction_auroc,0.9200744406683232,0.8298101642103373,0.975494678744696,7,2000,94534,5862,16,,era5_pizhou
101,0.0,noisy_protected,log_loss,0.2080849946926605,0.1586105151443949,0.2587026766907025,7,2000,94534,5862,16,,era5_pizhou
101,0.0,noisy_protected,brier,0.1046056811426526,0.0749107855206756,0.134375466918937,7,2000,94534,5862,16,,era5_pizhou
101,0.0,noisy_protected,direction_auroc,0.9200744406683232,0.8298101642103373,0.975494678744696,7,2000,94534,5862,16,,era5_pizhou
101,0.0,noisy_angular,log_loss,0.2079919784979188,0.1587947179060089,0.2583384556256619,7,2000,94534,5862,16,,era5_pizhou
101,0.0,noisy_angular,brier,0.1047288364917189,0.0752372061790783,0.1345546947929544,7,2000,94534,5862,16,,era5_pizhou
101,0.0,noisy_angular,direction_auroc,0.9211103699096236,0.8336400382535436,0.9750060917986688,7,2000,94534,5862,16,,era5_pizhou
101,0.01,clean_protected,log_loss,0.2080849946926605,0.1586105151443949,0.2587026766907025,7,2000,94534,5862,16,,era5_pizhou
101,0.01,clean_protected,brier,0.1046056811426526,0.0749107855206756,0.134375466918937,7,2000,94534,5862,16,,era5_pizhou
101,0.01,clean_protected,direction_auroc,0.9200744406683232,0.8298101642103373,0.975494678744696,7,2000,94534,5862,16,,era5_pizhou
101,0.01,noisy_protected,log_loss,0.2080461721796865,0.1588345374565363,0.2582887814414491,7,2000,94534,5862,16,,era5_pizhou
101,0.01,noisy_protected,brier,0.1046789356692808,0.0750412374657075,0.1344491270463375,7,2000,94534,5862,16,,era5_pizhou
101,0.01,noisy_protected,direction_auroc,0.9213871936408918,0.8327768396671215,0.9755660337733902,7,2000,94534,5862,16,,era5_pizhou
101,0.01,noisy_angular,log_loss,0.2078800087791347,0.1589651280225393,0.2578705337819367,7,2000,94534,5862,16,,era5_pizhou
101,0.01,noisy_angular,brier,0.104769700855393,0.0752792285040985,0.1346441255184184,7,2000,94534,5862,16,,era5_pizhou
101,0.01,noisy_angular,direction_auroc,0.9223174515890258,0.8364804172851389,0.9748104494742952,7,2000,94534,5862,16,,era5_pizhou
101,0.05,clean_protected,log_loss,0.2080849946926605,0.1586105151443949,0.2587026766907025,7,2000,94534,5862,16,,era5_pizhou
101,0.05,clean_protected,brier,0.1046056811426526,0.0749107855206756,0.134375466918937,7,2000,94534,5862,16,,era5_pizhou
101,0.05,clean_protected,direction_auroc,0.9200744406683232,0.8298101642103373,0.975494678744696,7,2000,94534,5862,16,,era5_pizhou
101,0.05,noisy_protected,log_loss,0.2076148455856344,0.1590708707223317,0.2569378588659204,7,2000,94534,5862,16,,era5_pizhou
101,0.05,noisy_protected,brier,0.1046388447863095,0.0753106830984211,0.1340788880583238,7,2000,94534,5862,16,,era5_pizhou
101,0.05,noisy_protected,direction_auroc,0.9231615699048156,0.8381754525273432,0.9752617077447812,7,2000,94534,5862,16,,era5_pizhou
101,0.05,noisy_angular,log_loss,0.2074137344040304,0.1590770164513483,0.2565375303270431,7,2000,94534,5862,16,,era5_pizhou
101,0.05,noisy_angular,brier,0.1047142422073111,0.0754981658399529,0.1342109458236461,7,2000,94534,5862,16,,era5_pizhou
101,0.05,noisy_angular,direction_auroc,0.9239512249356208,0.8405995374882886,0.9749097724310392,7,2000,94534,5862,16,,era5_pizhou
101,0.1,clean_protected,log_loss,0.2080849946926605,0.1586105151443949,0.2587026766907025,7,2000,94534,5862,16,,era5_pizhou
101,0.1,clean_protected,brier,0.1046056811426526,0.0749107855206756,0.134375466918937,7,2000,94534,5862,16,,era5_pizhou
101,0.1,clean_protected,direction_auroc,0.9200744406683232,0.8298101642103373,0.975494678744696,7,2000,94534,5862,16,,era5_pizhou
101,0.1,noisy_protected,log_loss,0.208831419030706,0.1597974604412617,0.2583239981608669,7,2000,94534,5862,16,,era5_pizhou
101,0.1,noisy_protected,brier,0.1051066390895418,0.075537483388528,0.1344610301454179,7,2000,94534,5862,16,,era5_pizhou
101,0.1,noisy_protected,direction_auroc,0.9189822953006824,0.8349217203865524,0.9723420967589348,7,2000,94534,5862,16,,era5_pizhou
101,0.1,noisy_angular,log_loss,0.2085728114571778,0.1598429765583958,0.2577551854129096,7,2000,94534,5862,16,,era5_pizhou
101,0.1,noisy_angular,brier,0.1050669689381735,0.0756009313862365,0.1343766734264213,7,2000,94534,5862,16,,era5_pizhou
101,0.1,noisy_angular,direction_auroc,0.918813271312798,0.8357011252332263,0.9718985573761408,7,2000,94534,5862,16,,era5_pizhou
101,0.2,clean_protected,log_loss,0.2080849946926605,0.1586105151443949,0.2587026766907025,7,2000,94534,5862,16,,era5_pizhou
101,0.2,clean_protected,brier,0.1046056811426526,0.0749107855206756,0.134375466918937,7,2000,94534,5862,16,,era5_pizhou
101,0.2,clean_protected,direction_auroc,0.9200744406683232,0.8298101642103373,0.975494678744696,7,2000,94534,5862,16,,era5_pizhou
101,0.2,noisy_protected,log_loss,0.2127352519326078,0.1627562654279022,0.2621326525225779,7,2000,94534,5862,16,,era5_pizhou
101,0.2,noisy_protected,brier,0.1065641488724296,0.0766788751676768,0.1360193926978577,7,2000,94534,5862,16,,era5_pizhou
101,0.2,noisy_protected,direction_auroc,0.9083245190453726,0.8212504689685025,0.9679540395839268,7,2000,94534,5862,16,,era5_pizhou
101,0.2,noisy_angular,log_loss,0.2125368131072125,0.1628483979858102,0.2618323607172704,7,2000,94534,5862,16,,era5_pizhou
101,0.2,noisy_angular,brier,0.1064274922363283,0.0767212983765573,0.1355862751810071,7,2000,94534,5862,16,,era5_pizhou
101,0.2,noisy_angular,direction_auroc,0.9062052086432106,0.819509248268372,0.9673178298966284,7,2000,94534,5862,16,,era5_pizhou
101,0.4,clean_protected,log_loss,0.2080849946926605,0.1586105151443949,0.2587026766907025,7,2000,94534,5862,16,,era5_pizhou
101,0.4,clean_protected,brier,0.1046056811426526,0.0749107855206756,0.134375466918937,7,2000,94534,5862,16,,era5_pizhou
101,0.4,clean_protected,direction_auroc,0.9200744406683232,0.8298101642103373,0.975494678744696,7,2000,94534,5862,16,,era5_pizhou
101,0.4,noisy_protected,log_loss,0.219725573684398,0.1707672771951877,0.2685462303330318,7,2000,94534,5862,16,,era5_pizhou
101,0.4,noisy_protected,brier,0.1088063278254084,0.078782461815425,0.137782047862177,7,2000,94534,5862,16,,era5_pizhou
101,0.4,noisy_protected,direction_auroc,0.8903444984319582,0.8004398719103649,0.9562754572819372,7,2000,94534,5862,16,,era5_pizhou
101,0.4,noisy_angular,log_loss,0.2199263711643987,0.1709106686414811,0.2687438909688094,7,2000,94534,5862,16,,era5_pizhou
101,0.4,noisy_angular,brier,0.1087924867000889,0.0790139703291597,0.1376098847757371,7,2000,94534,5862,16,,era5_pizhou
101,0.4,noisy_angular,direction_auroc,0.8863565339415193,0.7967346043429507,0.9538940582905931,7,2000,94534,5862,16,,era5_pizhou
202,0.0,clean_protected,log_loss,0.2080849946926605,0.1586105151443949,0.2587026766907025,7,2000,94534,5862,16,,era5_pizhou
202,0.0,clean_protected,brier,0.1046056811426526,0.0749107855206756,0.134375466918937,7,2000,94534,5862,16,,era5_pizhou
202,0.0,clean_protected,direction_auroc,0.9200744406683232,0.8298101642103373,0.975494678744696,7,2000,94534,5862,16,,era5_pizhou
202,0.0,noisy_protected,log_loss,0.2080849946926605,0.1586105151443949,0.2587026766907025,7,2000,94534,5862,16,,era5_pizhou
202,0.0,noisy_protected,brier,0.1046056811426526,0.0749107855206756,0.134375466918937,7,2000,94534,5862,16,,era5_pizhou
202,0.0,noisy_protected,direction_auroc,0.9200744406683232,0.8298101642103373,0.975494678744696,7,2000,94534,5862,16,,era5_pizhou
202,0.0,noisy_angular,log_loss,0.2079919784979188,0.1587947179060089,0.2583384556256619,7,2000,94534,5862,16,,era5_pizhou
202,0.0,noisy_angular,brier,0.1047288364917189,0.0752372061790783,0.1345546947929544,7,2000,94534,5862,16,,era5_pizhou
202,0.0,noisy_angular,direction_auroc,0.9211103699096236,0.8336400382535436,0.9750060917986688,7,2000,94534,5862,16,,era5_pizhou
202,0.01,clean_protected,log_loss,0.2080849946926605,0.1586105151443949,0.2587026766907025,7,2000,94534,5862,16,,era5_pizhou
202,0.01,clean_protected,brier,0.1046056811426526,0.0749107855206756,0.134375466918937,7,2000,94534,5862,16,,era5_pizhou
202,0.01,clean_protected,direction_auroc,0.9200744406683232,0.8298101642103373,0.975494678744696,7,2000,94534,5862,16,,era5_pizhou
202,0.01,noisy_protected,log_loss,0.2078642377669603,0.1586007456900849,0.2580028379374269,7,2000,94534,5862,16,,era5_pizhou
202,0.01,noisy_protected,brier,0.1045381206265177,0.0749246118540606,0.1342637877534694,7,2000,94534,5862,16,,era5_pizhou
202,0.01,noisy_protected,direction_auroc,0.9213692896184716,0.8336915857648971,0.9755701735207676,7,2000,94534,5862,16,,era5_pizhou
202,0.01,noisy_angular,log_loss,0.2077708027966028,0.158752538832112,0.2579149726014477,7,2000,94534,5862,16,,era5_pizhou
202,0.01,noisy_angular,brier,0.104661142032603,0.0752696271420651,0.1344919268591797,7,2000,94534,5862,16,,era5_pizhou
202,0.01,noisy_angular,direction_auroc,0.9224840967207844,0.8375665372489357,0.9752520621182096,7,2000,94534,5862,16,,era5_pizhou
202,0.05,clean_protected,log_loss,0.2080849946926605,0.1586105151443949,0.2587026766907025,7,2000,94534,5862,16,,era5_pizhou
202,0.05,clean_protected,brier,0.1046056811426526,0.0749107855206756,0.134375466918937,7,2000,94534,5862,16,,era5_pizhou
202,0.05,clean_protected,direction_auroc,0.9200744406683232,0.8298101642103373,0.975494678744696,7,2000,94534,5862,16,,era5_pizhou
202,0.05,noisy_protected,log_loss,0.2075104205670886,0.1589120905498124,0.2569937338133439,7,2000,94534,5862,16,,era5_pizhou
202,0.05,noisy_protected,brier,0.1045155358285881,0.0750954350197474,0.1337141561429639,7,2000,94534,5862,16,,era5_pizhou
202,0.05,noisy_protected,direction_auroc,0.9219171777451248,0.8377987597112483,0.9741664946390972,7,2000,94534,5862,16,,era5_pizhou
202,0.05,noisy_angular,log_loss,0.2073757069259799,0.1589799224125448,0.2567182379390016,7,2000,94534,5862,16,,era5_pizhou
202,0.05,noisy_angular,brier,0.1046183842621966,0.0753782627375094,0.1339834904115527,7,2000,94534,5862,16,,era5_pizhou
202,0.05,noisy_angular,direction_auroc,0.9224814674587506,0.8404620083364824,0.9734154245273144,7,2000,94534,5862,16,,era5_pizhou
202,0.1,clean_protected,log_loss,0.2080849946926605,0.1586105151443949,0.2587026766907025,7,2000,94534,5862,16,,era5_pizhou
202,0.1,clean_protected,brier,0.1046056811426526,0.0749107855206756,0.134375466918937,7,2000,94534,5862,16,,era5_pizhou
202,0.1,clean_protected,direction_auroc,0.9200744406683232,0.8298101642103373,0.975494678744696,7,2000,94534,5862,16,,era5_pizhou
202,0.1,noisy_protected,log_loss,0.2085081318894283,0.159452823795479,0.2578038939960845,7,2000,94534,5862,16,,era5_pizhou
202,0.1,noisy_protected,brier,0.1048878841739294,0.0753966809705656,0.134084346135857,7,2000,94534,5862,16,,era5_pizhou
202,0.1,noisy_protected,direction_auroc,0.9189949407990352,0.833474532814872,0.9720262719256496,7,2000,94534,5862,16,,era5_pizhou
202,0.1,noisy_angular,log_loss,0.2082340219543215,0.1594523215131241,0.2572885278235124,7,2000,94534,5862,16,,era5_pizhou
202,0.1,noisy_angular,brier,0.1048192397946133,0.0754026525557258,0.1339020538741302,7,2000,94534,5862,16,,era5_pizhou
202,0.1,noisy_angular,direction_auroc,0.9184612006061826,0.8340438315566291,0.971413706765308,7,2000,94534,5862,16,,era5_pizhou
202,0.2,clean_protected,log_loss,0.2080849946926605,0.1586105151443949,0.2587026766907025,7,2000,94534,5862,16,,era5_pizhou
202,0.2,clean_protected,brier,0.1046056811426526,0.0749107855206756,0.134375466918937,7,2000,94534,5862,16,,era5_pizhou
202,0.2,clean_protected,direction_auroc,0.9200744406683232,0.8298101642103373,0.975494678744696,7,2000,94534,5862,16,,era5_pizhou
202,0.2,noisy_protected,log_loss,0.2121955185841527,0.1623171065636095,0.2617669260880741,7,2000,94534,5862,16,,era5_pizhou
202,0.2,noisy_protected,brier,0.1061115114041967,0.0761965376358047,0.1354030498730169,7,2000,94534,5862,16,,era5_pizhou
202,0.2,noisy_protected,direction_auroc,0.907801546306563,0.8223372322258308,0.966823680504528,7,2000,94534,5862,16,,era5_pizhou
202,0.2,noisy_angular,log_loss,0.2119810621876691,0.1624193353332391,0.2612973606033147,7,2000,94534,5862,16,,era5_pizhou
202,0.2,noisy_angular,brier,0.1059937066345007,0.0762528396798863,0.1349881717825325,7,2000,94534,5862,16,,era5_pizhou
202,0.2,noisy_angular,direction_auroc,0.9060918999698512,0.8217962758059821,0.9652846849189738,7,2000,94534,5862,16,,era5_pizhou
202,0.4,clean_protected,log_loss,0.2080849946926605,0.1586105151443949,0.2587026766907025,7,2000,94534,5862,16,,era5_pizhou
202,0.4,clean_protected,brier,0.1046056811426526,0.0749107855206756,0.134375466918937,7,2000,94534,5862,16,,era5_pizhou
202,0.4,clean_protected,direction_auroc,0.9200744406683232,0.8298101642103373,0.975494678744696,7,2000,94534,5862,16,,era5_pizhou
202,0.4,noisy_protected,log_loss,0.2202558118926446,0.1705693588269612,0.2693475088709967,7,2000,94534,5862,16,,era5_pizhou
202,0.4,noisy_protected,brier,0.1089088099141145,0.0790082654649769,0.1382547226604876,7,2000,94534,5862,16,,era5_pizhou
202,0.4,noisy_protected,direction_auroc,0.8852810405667587,0.8039765596719529,0.9536916640299272,7,2000,94534,5862,16,,era5_pizhou
202,0.4,noisy_angular,log_loss,0.220557394198109,0.1709287888536028,0.2694584298142983,7,2000,94534,5862,16,,era5_pizhou
202,0.4,noisy_angular,brier,0.1089731875286185,0.0792779734430354,0.1382412277725454,7,2000,94534,5862,16,,era5_pizhou
202,0.4,noisy_angular,direction_auroc,0.8821731276399043,0.803601328625302,0.9500566389750368,7,2000,94534,5862,16,,era5_pizhou
303,0.0,clean_protected,log_loss,0.2080849946926605,0.1586105151443949,0.2587026766907025,7,2000,94534,5862,16,,era5_pizhou
303,0.0,clean_protected,brier,0.1046056811426526,0.0749107855206756,0.134375466918937,7,2000,94534,5862,16,,era5_pizhou
303,0.0,clean_protected,direction_auroc,0.9200744406683232,0.8298101642103373,0.975494678744696,7,2000,94534,5862,16,,era5_pizhou
303,0.0,noisy_protected,log_loss,0.2080849946926605,0.1586105151443949,0.2587026766907025,7,2000,94534,5862,16,,era5_pizhou
303,0.0,noisy_protected,brier,0.1046056811426526,0.0749107855206756,0.134375466918937,7,2000,94534,5862,16,,era5_pizhou
303,0.0,noisy_protected,direction_auroc,0.9200744406683232,0.8298101642103373,0.975494678744696,7,2000,94534,5862,16,,era5_pizhou
303,0.0,noisy_angular,log_loss,0.2079919784979188,0.1587947179060089,0.2583384556256619,7,2000,94534,5862,16,,era5_pizhou
303,0.0,noisy_angular,brier,0.1047288364917189,0.0752372061790783,0.1345546947929544,7,2000,94534,5862,16,,era5_pizhou
303,0.0,noisy_angular,direction_auroc,0.9211103699096236,0.8336400382535436,0.9750060917986688,7,2000,94534,5862,16,,era5_pizhou
303,0.01,clean_protected,log_loss,0.2080849946926605,0.1586105151443949,0.2587026766907025,7,2000,94534,5862,16,,era5_pizhou
303,0.01,clean_protected,brier,0.1046056811426526,0.0749107855206756,0.134375466918937,7,2000,94534,5862,16,,era5_pizhou
303,0.01,clean_protected,direction_auroc,0.9200744406683232,0.8298101642103373,0.975494678744696,7,2000,94534,5862,16,,era5_pizhou
303,0.01,noisy_protected,log_loss,0.2076555563431264,0.1584585163202047,0.2577845487630361,7,2000,94534,5862,16,,era5_pizhou
303,0.01,noisy_protected,brier,0.1044401513192873,0.0747925730138989,0.1340690704266553,7,2000,94534,5862,16,,era5_pizhou
303,0.01,noisy_protected,direction_auroc,0.9211992640069552,0.8325103291118116,0.9756721816909384,7,2000,94534,5862,16,,era5_pizhou
303,0.01,noisy_angular,log_loss,0.2075552682538968,0.1586836866037436,0.257605700097656,7,2000,94534,5862,16,,era5_pizhou
303,0.01,noisy_angular,brier,0.1045661266535734,0.0751233945154612,0.1342448401504113,7,2000,94534,5862,16,,era5_pizhou
303,0.01,noisy_angular,direction_auroc,0.9222164128051572,0.8365863273698528,0.9747910897079356,7,2000,94534,5862,16,,era5_pizhou
303,0.05,clean_protected,log_loss,0.2080849946926605,0.1586105151443949,0.2587026766907025,7,2000,94534,5862,16,,era5_pizhou
303,0.05,clean_protected,brier,0.1046056811426526,0.0749107855206756,0.134375466918937,7,2000,94534,5862,16,,era5_pizhou
303,0.05,clean_protected,direction_auroc,0.9200744406683232,0.8298101642103373,0.975494678744696,7,2000,94534,5862,16,,era5_pizhou
303,0.05,noisy_protected,log_loss,0.2077061080530626,0.158797345465204,0.2572696744271426,7,2000,94534,5862,16,,era5_pizhou
303,0.05,noisy_protected,brier,0.1045345725627003,0.0751087385826391,0.133840183556249,7,2000,94534,5862,16,,era5_pizhou
303,0.05,noisy_protected,direction_auroc,0.9215035071851472,0.8351414693915283,0.9743626295765596,7,2000,94534,5862,16,,era5_pizhou
303,0.05,noisy_angular,log_loss,0.2074904883695837,0.1588379340036966,0.2570139290361617,7,2000,94534,5862,16,,era5_pizhou
303,0.05,noisy_angular,brier,0.104609081403624,0.0752765073597048,0.1338554225187762,7,2000,94534,5862,16,,era5_pizhou
303,0.05,noisy_angular,direction_auroc,0.9222435818461726,0.8381861671371479,0.9742781530501612,7,2000,94534,5862,16,,era5_pizhou
303,0.1,clean_protected,log_loss,0.2080849946926605,0.1586105151443949,0.2587026766907025,7,2000,94534,5862,16,,era5_pizhou
303,0.1,clean_protected,brier,0.1046056811426526,0.0749107855206756,0.134375466918937,7,2000,94534,5862,16,,era5_pizhou
303,0.1,clean_protected,direction_auroc,0.9200744406683232,0.8298101642103373,0.975494678744696,7,2000,94534,5862,16,,era5_pizhou
303,0.1,noisy_protected,log_loss,0.2086525112126037,0.1591359816954971,0.2584639659830018,7,2000,94534,5862,16,,era5_pizhou
303,0.1,noisy_protected,brier,0.1048735925514974,0.0752791722559939,0.1342320348567582,7,2000,94534,5862,16,,era5_pizhou
303,0.1,noisy_protected,direction_auroc,0.9192443450833802,0.8344114061859225,0.9738183142469756,7,2000,94534,5862,16,,era5_pizhou
303,0.1,noisy_angular,log_loss,0.2084382928030959,0.1594810235496761,0.2579886807242953,7,2000,94534,5862,16,,era5_pizhou
303,0.1,noisy_angular,brier,0.1048956232148042,0.0754651051061824,0.1341127058766764,7,2000,94534,5862,16,,era5_pizhou
303,0.1,noisy_angular,direction_auroc,0.9189521213887712,0.8348129421465084,0.9730142224195624,7,2000,94534,5862,16,,era5_pizhou
303,0.2,clean_protected,log_loss,0.2080849946926605,0.1586105151443949,0.2587026766907025,7,2000,94534,5862,16,,era5_pizhou
303,0.2,clean_protected,brier,0.1046056811426526,0.0749107855206756,0.134375466918937,7,2000,94534,5862,16,,era5_pizhou
303,0.2,clean_protected,direction_auroc,0.9200744406683232,0.8298101642103373,0.975494678744696,7,2000,94534,5862,16,,era5_pizhou
303,0.2,noisy_protected,log_loss,0.2126022432039431,0.1631516152012083,0.2621485287214358,7,2000,94534,5862,16,,era5_pizhou
303,0.2,noisy_protected,brier,0.1061813754701874,0.0761954482238868,0.1355374385694282,7,2000,94534,5862,16,,era5_pizhou
303,0.2,noisy_protected,direction_auroc,0.9088682754745442,0.8211041165602706,0.9674136450881364,7,2000,94534,5862,16,,era5_pizhou
303,0.2,noisy_angular,log_loss,0.2124410643005,0.1632484443559088,0.2615443549030225,7,2000,94534,5862,16,,era5_pizhou
303,0.2,noisy_angular,brier,0.1061270297470103,0.076357839597019,0.135198004190953,7,2000,94534,5862,16,,era5_pizhou
303,0.2,noisy_angular,direction_auroc,0.9072637996191828,0.8196942204890899,0.9660814155007008,7,2000,94534,5862,16,,era5_pizhou
303,0.4,clean_protected,log_loss,0.2080849946926605,0.1586105151443949,0.2587026766907025,7,2000,94534,5862,16,,era5_pizhou
303,0.4,clean_protected,brier,0.1046056811426526,0.0749107855206756,0.134375466918937,7,2000,94534,5862,16,,era5_pizhou
303,0.4,clean_protected,direction_auroc,0.9200744406683232,0.8298101642103373,0.975494678744696,7,2000,94534,5862,16,,era5_pizhou
303,0.4,noisy_protected,log_loss,0.2205228891769665,0.1709600981257783,0.2693623417578838,7,2000,94534,5862,16,,era5_pizhou
303,0.4,noisy_protected,brier,0.1089721151811891,0.0789880729924121,0.1381147621923811,7,2000,94534,5862,16,,era5_pizhou
303,0.4,noisy_protected,direction_auroc,0.8884064819071715,0.8022378438673227,0.9527057332563638,7,2000,94534,5862,16,,era5_pizhou
303,0.4,noisy_angular,log_loss,0.220666196572452,0.1711412183389473,0.269329860691517,7,2000,94534,5862,16,,era5_pizhou
303,0.4,noisy_angular,brier,0.1089982309207886,0.079180187542188,0.1379797706880869,7,2000,94534,5862,16,,era5_pizhou
303,0.4,noisy_angular,direction_auroc,0.8843436460502474,0.7983657241789912,0.9494202157444108,7,2000,94534,5862,16,,era5_pizhou
404,,clean,log_loss,0.2080849946926605,0.1586105151443949,0.2587026766907025,7,2000,94534,5862,16,0.25,era5_pizhou
404,,clean,brier,0.1046056811426526,0.0749107855206756,0.134375466918937,7,2000,94534,5862,16,0.25,era5_pizhou
404,,clean,direction_auroc,0.9200744406683232,0.8298101642103373,0.975494678744696,7,2000,94534,5862,16,0.25,era5_pizhou
404,,wrong_test_bit,log_loss,0.208582379469261,0.1591972064243499,0.2589592790735158,7,2000,94534,5862,16,0.25,era5_pizhou
404,,wrong_test_bit,brier,0.1047320779189309,0.0749973572662951,0.1343746482370383,7,2000,94534,5862,16,0.25,era5_pizhou
404,,wrong_test_bit,direction_auroc,0.9180979868366622,0.8268366773824145,0.974545818543327,7,2000,94534,5862,16,0.25,era5_pizhou
404,,clean,log_loss,0.2080849946926605,0.1586105151443949,0.2587026766907025,7,2000,94534,5862,16,0.5,era5_pizhou
404,,clean,brier,0.1046056811426526,0.0749107855206756,0.134375466918937,7,2000,94534,5862,16,0.5,era5_pizhou
404,,clean,direction_auroc,0.9200744406683232,0.8298101642103373,0.975494678744696,7,2000,94534,5862,16,0.5,era5_pizhou
404,,wrong_test_bit,log_loss,0.2091160261358703,0.1598849900310966,0.2593517925679299,7,2000,94534,5862,16,0.5,era5_pizhou
404,,wrong_test_bit,brier,0.1048854976988443,0.0751997049791663,0.1344086411449129,7,2000,94534,5862,16,0.5,era5_pizhou
404,,wrong_test_bit,direction_auroc,0.9164031144485212,0.825095358406398,0.9735791434677744,7,2000,94534,5862,16,0.5,era5_pizhou
404,,clean,log_loss,0.2080849946926605,0.1586105151443949,0.2587026766907025,7,2000,94534,5862,16,1.0,era5_pizhou
404,,clean,brier,0.1046056811426526,0.0749107855206756,0.134375466918937,7,2000,94534,5862,16,1.0,era5_pizhou
404,,clean,direction_auroc,0.9200744406683232,0.8298101642103373,0.975494678744696,7,2000,94534,5862,16,1.0,era5_pizhou
404,,wrong_test_bit,log_loss,0.2101793750607426,0.1608793343871152,0.2602103297142408,7,2000,94534,5862,16,1.0,era5_pizhou
404,,wrong_test_bit,brier,0.1051930453006907,0.0754013564791195,0.1344596936870056,7,2000,94534,5862,16,1.0,era5_pizhou
404,,wrong_test_bit,direction_auroc,0.9127766108862466,0.8204686537072611,0.9710312903310911,7,2000,94534,5862,16,1.0,era5_pizhou
101,0.0,clean_protected,log_loss,0.2857657143670982,0.2003138553546972,0.3937478014506816,7,2000,79436,7749,12,,era5_hill
101,0.0,clean_protected,brier,0.1445678480821396,0.1033079271264624,0.1968662304840458,7,2000,79436,7749,12,,era5_hill
101,0.0,clean_protected,direction_auroc,0.9565744651586996,0.9222943307178844,0.9745775239287048,7,2000,79436,7749,12,,era5_hill
101,0.0,noisy_protected,log_loss,0.2857657143670982,0.2003138553546972,0.3937478014506816,7,2000,79436,7749,12,,era5_hill
101,0.0,noisy_protected,brier,0.1445678480821396,0.1033079271264624,0.1968662304840458,7,2000,79436,7749,12,,era5_hill
101,0.0,noisy_protected,direction_auroc,0.9565744651586996,0.9222943307178844,0.9745775239287048,7,2000,79436,7749,12,,era5_hill
101,0.0,noisy_angular,log_loss,0.2868443736421859,0.2007784764112949,0.3954769926481107,7,2000,79436,7749,12,,era5_hill
101,0.0,noisy_angular,brier,0.1449304457304842,0.1033229111286816,0.1973465623606727,7,2000,79436,7749,12,,era5_hill
101,0.0,noisy_angular,direction_auroc,0.9558115793592188,0.9205373480320284,0.9742287097949456,7,2000,79436,7749,12,,era5_hill
101,0.01,clean_protected,log_loss,0.2857657143670982,0.2003138553546972,0.3937478014506816,7,2000,79436,7749,12,,era5_hill
101,0.01,clean_protected,brier,0.1445678480821396,0.1033079271264624,0.1968662304840458,7,2000,79436,7749,12,,era5_hill
101,0.01,clean_protected,direction_auroc,0.9565744651586996,0.9222943307178844,0.9745775239287048,7,2000,79436,7749,12,,era5_hill
101,0.01,noisy_protected,log_loss,0.2856272328926739,0.2001081241117368,0.3935997187017183,7,2000,79436,7749,12,,era5_hill
101,0.01,noisy_protected,brier,0.1444898659851667,0.1032708363405035,0.1965408099780309,7,2000,79436,7749,12,,era5_hill
101,0.01,noisy_protected,direction_auroc,0.9563471217185427,0.922068300941301,0.97423663335598,7,2000,79436,7749,12,,era5_hill
101,0.01,noisy_angular,log_loss,0.2867035860110651,0.2004694850580893,0.3954924810930946,7,2000,79436,7749,12,,era5_hill
101,0.01,noisy_angular,brier,0.1447815217244492,0.1032858041628328,0.1970555842518029,7,2000,79436,7749,12,,era5_hill
101,0.01,noisy_angular,direction_auroc,0.9556033314326844,0.9204166089315038,0.974022815760892,7,2000,79436,7749,12,,era5_hill
101,0.05,clean_protected,log_loss,0.2857657143670982,0.2003138553546972,0.3937478014506816,7,2000,79436,7749,12,,era5_hill
101,0.05,clean_protected,brier,0.1445678480821396,0.1033079271264624,0.1968662304840458,7,2000,79436,7749,12,,era5_hill
101,0.05,clean_protected,direction_auroc,0.9565744651586996,0.9222943307178844,0.9745775239287048,7,2000,79436,7749,12,,era5_hill
101,0.05,noisy_protected,log_loss,0.2865008429876159,0.2003545078476392,0.3941752290043394,7,2000,79436,7749,12,,era5_hill
101,0.05,noisy_protected,brier,0.144809406485872,0.1032579967462808,0.1966017658240148,7,2000,79436,7749,12,,era5_hill
101,0.05,noisy_protected,direction_auroc,0.956294775974906,0.9222261146386472,0.9741341884794024,7,2000,79436,7749,12,,era5_hill
101,0.05,noisy_angular,log_loss,0.2878335059829707,0.2011066096140714,0.3963600600709526,7,2000,79436,7749,12,,era5_hill
101,0.05,noisy_angular,brier,0.1452512551004854,0.1034214224278872,0.1972353710211663,7,2000,79436,7749,12,,era5_hill
101,0.05,noisy_angular,direction_auroc,0.9553284495110612,0.9201472726268332,0.9735330906648352,7,2000,79436,7749,12,,era5_hill
101,0.1,clean_protected,log_loss,0.2857657143670982,0.2003138553546972,0.3937478014506816,7,2000,79436,7749,12,,era5_hill
101,0.1,clean_protected,brier,0.1445678480821396,0.1033079271264624,0.1968662304840458,7,2000,79436,7749,12,,era5_hill
101,0.1,clean_protected,direction_auroc,0.9565744651586996,0.9222943307178844,0.9745775239287048,7,2000,79436,7749,12,,era5_hill
101,0.1,noisy_protected,log_loss,0.2894067274920459,0.2016582822000506,0.3989466294654937,7,2000,79436,7749,12,,era5_hill
101,0.1,noisy_protected,brier,0.1462671416599672,0.1033137011900339,0.1993734229912493,7,2000,79436,7749,12,,era5_hill
101,0.1,noisy_protected,direction_auroc,0.9553172993335264,0.9214335120649346,0.973052944087718,7,2000,79436,7749,12,,era5_hill
101,0.1,noisy_angular,log_loss,0.290964808878416,0.2021036411326668,0.4017112145828382,7,2000,79436,7749,12,,era5_hill
101,0.1,noisy_angular,brier,0.1467463970533878,0.10341648576575,0.2001738605075517,7,2000,79436,7749,12,,era5_hill
101,0.1,noisy_angular,direction_auroc,0.9543025664103238,0.9189312716011644,0.9729050295217824,7,2000,79436,7749,12,,era5_hill
101,0.2,clean_protected,log_loss,0.2857657143670982,0.2003138553546972,0.3937478014506816,7,2000,79436,7749,12,,era5_hill
101,0.2,clean_protected,brier,0.1445678480821396,0.1033079271264624,0.1968662304840458,7,2000,79436,7749,12,,era5_hill
101,0.2,clean_protected,direction_auroc,0.9565744651586996,0.9222943307178844,0.9745775239287048,7,2000,79436,7749,12,,era5_hill
101,0.2,noisy_protected,log_loss,0.2985703264554386,0.2058158208719027,0.4131456840212709,7,2000,79436,7749,12,,era5_hill
101,0.2,noisy_protected,brier,0.1503804513314339,0.104653041731362,0.2067446262884357,7,2000,79436,7749,12,,era5_hill
101,0.2,noisy_protected,direction_auroc,0.949738004211696,0.9148399238108018,0.9689175816761172,7,2000,79436,7749,12,,era5_hill
101,0.2,noisy_angular,log_loss,0.2998852258137112,0.2061899035980422,0.4156672076981779,7,2000,79436,7749,12,,era5_hill
101,0.2,noisy_angular,brier,0.150861773311846,0.1047707809944437,0.2076099644738161,7,2000,79436,7749,12,,era5_hill
101,0.2,noisy_angular,direction_auroc,0.948974383969383,0.9134694563405696,0.9686303415985108,7,2000,79436,7749,12,,era5_hill
101,0.4,clean_protected,log_loss,0.2857657143670982,0.2003138553546972,0.3937478014506816,7,2000,79436,7749,12,,era5_hill
101,0.4,clean_protected,brier,0.1445678480821396,0.1033079271264624,0.1968662304840458,7,2000,79436,7749,12,,era5_hill
101,0.4,clean_protected,direction_auroc,0.9565744651586996,0.9222943307178844,0.9745775239287048,7,2000,79436,7749,12,,era5_hill
101,0.4,noisy_protected,log_loss,0.3100562743930131,0.2135321459490454,0.4279096615170893,7,2000,79436,7749,12,,era5_hill
101,0.4,noisy_protected,brier,0.1558049581827523,0.1076941356705922,0.2145297274238851,7,2000,79436,7749,12,,era5_hill
101,0.4,noisy_protected,direction_auroc,0.9380278474014744,0.901140134595408,0.9595423424902622,7,2000,79436,7749,12,,era5_hill
101,0.4,noisy_angular,log_loss,0.311154697312108,0.2143316185074972,0.4294672866508896,7,2000,79436,7749,12,,era5_hill
101,0.4,noisy_angular,brier,0.1563088757419645,0.107942595260117,0.2151978150736386,7,2000,79436,7749,12,,era5_hill
101,0.4,noisy_angular,direction_auroc,0.937693008237778,0.9012216873438572,0.9598359254946676,7,2000,79436,7749,12,,era5_hill
202,0.0,clean_protected,log_loss,0.2857657143670982,0.2003138553546972,0.3937478014506816,7,2000,79436,7749,12,,era5_hill
202,0.0,clean_protected,brier,0.1445678480821396,0.1033079271264624,0.1968662304840458,7,2000,79436,7749,12,,era5_hill
202,0.0,clean_protected,direction_auroc,0.9565744651586996,0.9222943307178844,0.9745775239287048,7,2000,79436,7749,12,,era5_hill
202,0.0,noisy_protected,log_loss,0.2857657143670982,0.2003138553546972,0.3937478014506816,7,2000,79436,7749,12,,era5_hill
202,0.0,noisy_protected,brier,0.1445678480821396,0.1033079271264624,0.1968662304840458,7,2000,79436,7749,12,,era5_hill
202,0.0,noisy_protected,direction_auroc,0.9565744651586996,0.9222943307178844,0.9745775239287048,7,2000,79436,7749,12,,era5_hill
202,0.0,noisy_angular,log_loss,0.2868443736421859,0.2007784764112949,0.3954769926481107,7,2000,79436,7749,12,,era5_hill
202,0.0,noisy_angular,brier,0.1449304457304842,0.1033229111286816,0.1973465623606727,7,2000,79436,7749,12,,era5_hill
202,0.0,noisy_angular,direction_auroc,0.9558115793592188,0.9205373480320284,0.9742287097949456,7,2000,79436,7749,12,,era5_hill
202,0.01,clean_protected,log_loss,0.2857657143670982,0.2003138553546972,0.3937478014506816,7,2000,79436,7749,12,,era5_hill
202,0.01,clean_protected,brier,0.1445678480821396,0.1033079271264624,0.1968662304840458,7,2000,79436,7749,12,,era5_hill
202,0.01,clean_protected,direction_auroc,0.9565744651586996,0.9222943307178844,0.9745775239287048,7,2000,79436,7749,12,,era5_hill
202,0.01,noisy_protected,log_loss,0.2857406461594418,0.2001920063187001,0.3937549525043903,7,2000,79436,7749,12,,era5_hill
202,0.01,noisy_protected,brier,0.1445634488814869,0.103194268922219,0.1969324884310532,7,2000,79436,7749,12,,era5_hill
202,0.01,noisy_protected,direction_auroc,0.95661051962498,0.9226911004350438,0.9744384817885452,7,2000,79436,7749,12,,era5_hill
202,0.01,noisy_angular,log_loss,0.2870144797722531,0.2006904351451476,0.3957551270419954,7,2000,79436,7749,12,,era5_hill
202,0.01,noisy_angular,brier,0.1449388400372128,0.1031754729416021,0.1974171213331036,7,2000,79436,7749,12,,era5_hill
202,0.01,noisy_angular,direction_auroc,0.955658748482708,0.920709806020492,0.974087462911476,7,2000,79436,7749,12,,era5_hill
202,0.05,clean_protected,log_loss,0.2857657143670982,0.2003138553546972,0.3937478014506816,7,2000,79436,7749,12,,era5_hill
202,0.05,clean_protected,brier,0.1445678480821396,0.1033079271264624,0.1968662304840458,7,2000,79436,7749,12,,era5_hill
202,0.05,clean_protected,direction_auroc,0.9565744651586996,0.9222943307178844,0.9745775239287048,7,2000,79436,7749,12,,era5_hill
202,0.05,noisy_protected,log_loss,0.2859607045015906,0.1999777228407144,0.3938763895047537,7,2000,79436,7749,12,,era5_hill
202,0.05,noisy_protected,brier,0.1446760906931782,0.1028627750695912,0.1972384212521388,7,2000,79436,7749,12,,era5_hill
202,0.05,noisy_protected,direction_auroc,0.95603645240076,0.9222295944410912,0.9736665292707704,7,2000,79436,7749,12,,era5_hill
202,0.05,noisy_angular,log_loss,0.2873170397970583,0.2004328778295443,0.3963849849243304,7,2000,79436,7749,12,,era5_hill
202,0.05,noisy_angular,brier,0.1450436957813431,0.1029478048132971,0.1979353042140634,7,2000,79436,7749,12,,era5_hill
202,0.05,noisy_angular,direction_auroc,0.9550797404612568,0.9201767445018104,0.9734829746658326,7,2000,79436,7749,12,,era5_hill
202,0.1,clean_protected,log_loss,0.2857657143670982,0.2003138553546972,0.3937478014506816,7,2000,79436,7749,12,,era5_hill
202,0.1,clean_protected,brier,0.1445678480821396,0.1033079271264624,0.1968662304840458,7,2000,79436,7749,12,,era5_hill
202,0.1,clean_protected,direction_auroc,0.9565744651586996,0.9222943307178844,0.9745775239287048,7,2000,79436,7749,12,,era5_hill
202,0.1,noisy_protected,log_loss,0.2896182986692954,0.2013730216734979,0.3996903907477327,7,2000,79436,7749,12,,era5_hill
202,0.1,noisy_protected,brier,0.1463138989475607,0.1031261913840142,0.2000975070973581,7,2000,79436,7749,12,,era5_hill
202,0.1,noisy_protected,direction_auroc,0.9546995661445892,0.9211897347889072,0.9728835010875724,7,2000,79436,7749,12,,era5_hill
202,0.1,noisy_angular,log_loss,0.2908846874088417,0.2016554601626194,0.4020955298649679,7,2000,79436,7749,12,,era5_hill
202,0.1,noisy_angular,brier,0.1466909902309794,0.1031629880742514,0.2006995618846552,7,2000,79436,7749,12,,era5_hill
202,0.1,noisy_angular,direction_auroc,0.9539109748460008,0.9192453234850734,0.97262959125296,7,2000,79436,7749,12,,era5_hill
202,0.2,clean_protected,log_loss,0.2857657143670982,0.2003138553546972,0.3937478014506816,7,2000,79436,7749,12,,era5_hill
202,0.2,clean_protected,brier,0.1445678480821396,0.1033079271264624,0.1968662304840458,7,2000,79436,7749,12,,era5_hill
202,0.2,clean_protected,direction_auroc,0.9565744651586996,0.9222943307178844,0.9745775239287048,7,2000,79436,7749,12,,era5_hill
202,0.2,noisy_protected,log_loss,0.297781100395993,0.2051363783138151,0.4121904456809014,7,2000,79436,7749,12,,era5_hill
202,0.2,noisy_protected,brier,0.1502437362867914,0.1044901472577986,0.2071202155551695,7,2000,79436,7749,12,,era5_hill
202,0.2,noisy_protected,direction_auroc,0.9513926371438453,0.9173342119814744,0.9698481548684108,7,2000,79436,7749,12,,era5_hill
202,0.2,noisy_angular,log_loss,0.2988374826417047,0.2054004917238065,0.4143703711997092,7,2000,79436,7749,12,,era5_hill
202,0.2,noisy_angular,brier,0.1506533475475636,0.1044892205302489,0.2078414850368951,7,2000,79436,7749,12,,era5_hill
202,0.2,noisy_angular,direction_auroc,0.950857028016991,0.9153358960816996,0.969741986885638,7,2000,79436,7749,12,,era5_hill
202,0.4,clean_protected,log_loss,0.2857657143670982,0.2003138553546972,0.3937478014506816,7,2000,79436,7749,12,,era5_hill
202,0.4,clean_protected,brier,0.1445678480821396,0.1033079271264624,0.1968662304840458,7,2000,79436,7749,12,,era5_hill
202,0.4,clean_protected,direction_auroc,0.9565744651586996,0.9222943307178844,0.9745775239287048,7,2000,79436,7749,12,,era5_hill
202,0.4,noisy_protected,log_loss,0.3092741210484271,0.2128945348681617,0.4273881709835031,7,2000,79436,7749,12,,era5_hill
202,0.4,noisy_protected,brier,0.1554806483281554,0.1073984085541328,0.2143677457933917,7,2000,79436,7749,12,,era5_hill
202,0.4,noisy_protected,direction_auroc,0.9391442005055636,0.9017232436172214,0.9604737445230642,7,2000,79436,7749,12,,era5_hill
202,0.4,noisy_angular,log_loss,0.3099693123279779,0.2134526874843154,0.428387118300786,7,2000,79436,7749,12,,era5_hill
202,0.4,noisy_angular,brier,0.1556972782908086,0.1072489921921067,0.2146301832910855,7,2000,79436,7749,12,,era5_hill
202,0.4,noisy_angular,direction_auroc,0.9386500540149318,0.9003398133500004,0.9605053897698914,7,2000,79436,7749,12,,era5_hill
303,0.0,clean_protected,log_loss,0.2857657143670982,0.2003138553546972,0.3937478014506816,7,2000,79436,7749,12,,era5_hill
303,0.0,clean_protected,brier,0.1445678480821396,0.1033079271264624,0.1968662304840458,7,2000,79436,7749,12,,era5_hill
303,0.0,clean_protected,direction_auroc,0.9565744651586996,0.9222943307178844,0.9745775239287048,7,2000,79436,7749,12,,era5_hill
303,0.0,noisy_protected,log_loss,0.2857657143670982,0.2003138553546972,0.3937478014506816,7,2000,79436,7749,12,,era5_hill
303,0.0,noisy_protected,brier,0.1445678480821396,0.1033079271264624,0.1968662304840458,7,2000,79436,7749,12,,era5_hill
303,0.0,noisy_protected,direction_auroc,0.9565744651586996,0.9222943307178844,0.9745775239287048,7,2000,79436,7749,12,,era5_hill
303,0.0,noisy_angular,log_loss,0.2868443736421859,0.2007784764112949,0.3954769926481107,7,2000,79436,7749,12,,era5_hill
303,0.0,noisy_angular,brier,0.1449304457304842,0.1033229111286816,0.1973465623606727,7,2000,79436,7749,12,,era5_hill
303,0.0,noisy_angular,direction_auroc,0.9558115793592188,0.9205373480320284,0.9742287097949456,7,2000,79436,7749,12,,era5_hill
303,0.01,clean_protected,log_loss,0.2857657143670982,0.2003138553546972,0.3937478014506816,7,2000,79436,7749,12,,era5_hill
303,0.01,clean_protected,brier,0.1445678480821396,0.1033079271264624,0.1968662304840458,7,2000,79436,7749,12,,era5_hill
303,0.01,clean_protected,direction_auroc,0.9565744651586996,0.9222943307178844,0.9745775239287048,7,2000,79436,7749,12,,era5_hill
303,0.01,noisy_protected,log_loss,0.2855211699027292,0.2002327124670706,0.3933024075123554,7,2000,79436,7749,12,,era5_hill
303,0.01,noisy_protected,brier,0.144513780390208,0.1033336873471956,0.1965998483606686,7,2000,79436,7749,12,,era5_hill
303,0.01,noisy_protected,direction_auroc,0.956311334322383,0.9220433386636636,0.9742467702392168,7,2000,79436,7749,12,,era5_hill
303,0.01,noisy_angular,log_loss,0.286646294348417,0.2006824865500095,0.395138096859453,7,2000,79436,7749,12,,era5_hill
303,0.01,noisy_angular,brier,0.1448270004570177,0.1033485757856643,0.1969827957230522,7,2000,79436,7749,12,,era5_hill
303,0.01,noisy_angular,direction_auroc,0.9555403028842238,0.9202292864593984,0.9739454000767376,7,2000,79436,7749,12,,era5_hill
303,0.05,clean_protected,log_loss,0.2857657143670982,0.2003138553546972,0.3937478014506816,7,2000,79436,7749,12,,era5_hill
303,0.05,clean_protected,brier,0.1445678480821396,0.1033079271264624,0.1968662304840458,7,2000,79436,7749,12,,era5_hill
303,0.05,clean_protected,direction_auroc,0.9565744651586996,0.9222943307178844,0.9745775239287048,7,2000,79436,7749,12,,era5_hill
303,0.05,noisy_protected,log_loss,0.286545850804979,0.2007003128959216,0.3943054376484084,7,2000,79436,7749,12,,era5_hill
303,0.05,noisy_protected,brier,0.1450662930051352,0.1034338812265466,0.1971862259376627,7,2000,79436,7749,12,,era5_hill
303,0.05,noisy_protected,direction_auroc,0.9560185587026802,0.9219368475564595,0.974070985226642,7,2000,79436,7749,12,,era5_hill
303,0.05,noisy_angular,log_loss,0.2879477984710626,0.2016622523770168,0.3965130378062382,7,2000,79436,7749,12,,era5_hill
303,0.05,noisy_angular,brier,0.1455309343574619,0.1036420800360436,0.1978027360706394,7,2000,79436,7749,12,,era5_hill
303,0.05,noisy_angular,direction_auroc,0.9551707446048496,0.9200457536270682,0.973539413246749,7,2000,79436,7749,12,,era5_hill
303,0.1,clean_protected,log_loss,0.2857657143670982,0.2003138553546972,0.3937478014506816,7,2000,79436,7749,12,,era5_hill
303,0.1,clean_protected,brier,0.1445678480821396,0.1033079271264624,0.1968662304840458,7,2000,79436,7749,12,,era5_hill
303,0.1,clean_protected,direction_auroc,0.9565744651586996,0.9222943307178844,0.9745775239287048,7,2000,79436,7749,12,,era5_hill
303,0.1,noisy_protected,log_loss,0.2896578989698325,0.2021436977498932,0.3991522012387105,7,2000,79436,7749,12,,era5_hill
303,0.1,noisy_protected,brier,0.1467273381702199,0.103621901942196,0.2000208925976198,7,2000,79436,7749,12,,era5_hill
303,0.1,noisy_protected,direction_auroc,0.9552605469329,0.921087058457674,0.973319836203992,7,2000,79436,7749,12,,era5_hill
303,0.1,noisy_angular,log_loss,0.2909463288656859,0.2025523860826228,0.401625999449698,7,2000,79436,7749,12,,era5_hill
303,0.1,noisy_angular,brier,0.1471152935917485,0.1036550796449789,0.2006844563608266,7,2000,79436,7749,12,,era5_hill
303,0.1,noisy_angular,direction_auroc,0.954511214942039,0.9189053057056922,0.9731677572890236,7,2000,79436,7749,12,,era5_hill
303,0.2,clean_protected,log_loss,0.2857657143670982,0.2003138553546972,0.3937478014506816,7,2000,79436,7749,12,,era5_hill
303,0.2,clean_protected,brier,0.1445678480821396,0.1033079271264624,0.1968662304840458,7,2000,79436,7749,12,,era5_hill
303,0.2,clean_protected,direction_auroc,0.9565744651586996,0.9222943307178844,0.9745775239287048,7,2000,79436,7749,12,,era5_hill
303,0.2,noisy_protected,log_loss,0.2984327971608602,0.2060353093050594,0.413029008711596,7,2000,79436,7749,12,,era5_hill
303,0.2,noisy_protected,brier,0.1507117104526438,0.1048085106340171,0.2075775365615738,7,2000,79436,7749,12,,era5_hill
303,0.2,noisy_protected,direction_auroc,0.9509556436590209,0.9158929251034922,0.96975224867994,7,2000,79436,7749,12,,era5_hill
303,0.2,noisy_angular,log_loss,0.2995539538779345,0.2063060614557348,0.4151662999541033,7,2000,79436,7749,12,,era5_hill
303,0.2,noisy_angular,brier,0.1510640330517113,0.1047372168715568,0.2083372411719042,7,2000,79436,7749,12,,era5_hill
303,0.2,noisy_angular,direction_auroc,0.950496883959368,0.9149658227256876,0.9698717649469536,7,2000,79436,7749,12,,era5_hill
303,0.4,clean_protected,log_loss,0.2857657143670982,0.2003138553546972,0.3937478014506816,7,2000,79436,7749,12,,era5_hill
303,0.4,clean_protected,brier,0.1445678480821396,0.1033079271264624,0.1968662304840458,7,2000,79436,7749,12,,era5_hill
303,0.4,clean_protected,direction_auroc,0.9565744651586996,0.9222943307178844,0.9745775239287048,7,2000,79436,7749,12,,era5_hill
303,0.4,noisy_protected,log_loss,0.3094993109320632,0.2130002043411853,0.428342304506676,7,2000,79436,7749,12,,era5_hill
303,0.4,noisy_protected,brier,0.1554923398221228,0.1073506978995934,0.2142139261804357,7,2000,79436,7749,12,,era5_hill
303,0.4,noisy_protected,direction_auroc,0.9389356855089088,0.901452869721773,0.9606734344036372,7,2000,79436,7749,12,,era5_hill
303,0.4,noisy_angular,log_loss,0.3103771592434574,0.2133768703030677,0.4297425693228805,7,2000,79436,7749,12,,era5_hill
303,0.4,noisy_angular,brier,0.1558018488098868,0.107433335374011,0.2147932432922518,7,2000,79436,7749,12,,era5_hill
303,0.4,noisy_angular,direction_auroc,0.938399408706753,0.9003511308522396,0.9604361053082712,7,2000,79436,7749,12,,era5_hill
404,,clean,log_loss,0.2857657143670982,0.2003138553546972,0.3937478014506816,7,2000,79436,7749,12,0.25,era5_hill
404,,clean,brier,0.1445678480821396,0.1033079271264624,0.1968662304840458,7,2000,79436,7749,12,0.25,era5_hill
404,,clean,direction_auroc,0.9565744651586996,0.9222943307178844,0.9745775239287048,7,2000,79436,7749,12,0.25,era5_hill
404,,wrong_test_bit,log_loss,0.2858271386437714,0.2003122140298258,0.3939422191048871,7,2000,79436,7749,12,0.25,era5_hill
404,,wrong_test_bit,brier,0.144571429342433,0.1031877832087415,0.196987770506408,7,2000,79436,7749,12,0.25,era5_hill
404,,wrong_test_bit,direction_auroc,0.9564984169418602,0.9221679727674594,0.9744243020803282,7,2000,79436,7749,12,0.25,era5_hill
404,,clean,log_loss,0.2857657143670982,0.2003138553546972,0.3937478014506816,7,2000,79436,7749,12,0.5,era5_hill
404,,clean,brier,0.1445678480821396,0.1033079271264624,0.1968662304840458,7,2000,79436,7749,12,0.5,era5_hill
404,,clean,direction_auroc,0.9565744651586996,0.9222943307178844,0.9745775239287048,7,2000,79436,7749,12,0.5,era5_hill
404,,wrong_test_bit,log_loss,0.2858445064132815,0.2002328050945332,0.3940751344176438,7,2000,79436,7749,12,0.5,era5_hill
404,,wrong_test_bit,brier,0.144562539360027,0.103067656134387,0.1970655011309642,7,2000,79436,7749,12,0.5,era5_hill
404,,wrong_test_bit,direction_auroc,0.956493008771918,0.922278837635746,0.9743450219916904,7,2000,79436,7749,12,0.5,era5_hill
404,,clean,log_loss,0.2857657143670982,0.2003138553546972,0.3937478014506816,7,2000,79436,7749,12,1.0,era5_hill
404,,clean,brier,0.1445678480821396,0.1033079271264624,0.1968662304840458,7,2000,79436,7749,12,1.0,era5_hill
404,,clean,direction_auroc,0.9565744651586996,0.9222943307178844,0.9745775239287048,7,2000,79436,7749,12,1.0,era5_hill
404,,wrong_test_bit,log_loss,0.2859390642975287,0.2000653787965627,0.3946330009341547,7,2000,79436,7749,12,1.0,era5_hill
404,,wrong_test_bit,brier,0.1445928984516312,0.1029679306009788,0.1973551090856668,7,2000,79436,7749,12,1.0,era5_hill
404,,wrong_test_bit,direction_auroc,0.9564868661591444,0.9221967193225412,0.974338973300074,7,2000,79436,7749,12,1.0,era5_hill
101,0.0,clean_protected,log_loss,0.944943952770966,0.8484037147300867,1.0219949526192935,7,2000,1064,705,4,,lidar_T11
101,0.0,clean_protected,brier,0.5691580984614425,0.5017478409932058,0.6295412065700726,7,2000,1064,705,4,,lidar_T11
101,0.0,clean_protected,direction_auroc,0.855391401650909,0.797798984995587,0.938662757920848,7,2000,1064,705,4,,lidar_T11
101,0.0,noisy_protected,log_loss,0.944943952770966,0.8484037147300867,1.0219949526192935,7,2000,1064,705,4,,lidar_T11
101,0.0,noisy_protected,brier,0.5691580984614425,0.5017478409932058,0.6295412065700726,7,2000,1064,705,4,,lidar_T11
101,0.0,noisy_protected,direction_auroc,0.855391401650909,0.797798984995587,0.938662757920848,7,2000,1064,705,4,,lidar_T11
101,0.0,noisy_angular,log_loss,0.9385168443654386,0.8409939069325919,1.0213616908660508,7,2000,1064,705,4,,lidar_T11
101,0.0,noisy_angular,brier,0.5646904535622015,0.4975279027490829,0.625633554099635,7,2000,1064,705,4,,lidar_T11
101,0.0,noisy_angular,direction_auroc,0.8572644859964647,0.7969715357458076,0.9473509477455808,7,2000,1064,705,4,,lidar_T11
101,0.01,clean_protected,log_loss,0.944943952770966,0.8484037147300867,1.0219949526192935,7,2000,1064,705,4,,lidar_T11
101,0.01,clean_protected,brier,0.5691580984614425,0.5017478409932058,0.6295412065700726,7,2000,1064,705,4,,lidar_T11
101,0.01,clean_protected,direction_auroc,0.855391401650909,0.797798984995587,0.938662757920848,7,2000,1064,705,4,,lidar_T11
101,0.01,noisy_protected,log_loss,0.9446591201503588,0.847341685370163,1.0193445933537653,7,2000,1064,705,4,,lidar_T11
101,0.01,noisy_protected,brier,0.5695176404944633,0.5010470621720893,0.6236996466966912,7,2000,1064,705,4,,lidar_T11
101,0.01,noisy_protected,direction_auroc,0.8551724697144154,0.7956476169461606,0.939903033036419,7,2000,1064,705,4,,lidar_T11
101,0.01,noisy_angular,log_loss,0.9394095864316696,0.8398954660032683,1.0157808881557917,7,2000,1064,705,4,,lidar_T11
101,0.01,noisy_angular,brier,0.5658660894967878,0.496974377971165,0.6200604768632477,7,2000,1064,705,4,,lidar_T11
101,0.01,noisy_angular,direction_auroc,0.8576050467865657,0.7978541482789056,0.9471254431791132,7,2000,1064,705,4,,lidar_T11
101,0.05,clean_protected,log_loss,0.944943952770966,0.8484037147300867,1.0219949526192935,7,2000,1064,705,4,,lidar_T11
101,0.05,clean_protected,brier,0.5691580984614425,0.5017478409932058,0.6295412065700726,7,2000,1064,705,4,,lidar_T11
101,0.05,clean_protected,direction_auroc,0.855391401650909,0.797798984995587,0.938662757920848,7,2000,1064,705,4,,lidar_T11
101,0.05,noisy_protected,log_loss,0.9439113986635757,0.8502015094925207,1.0184284907158672,7,2000,1064,705,4,,lidar_T11
101,0.05,noisy_protected,brier,0.5686442082051091,0.5017040490737106,0.6233005774516801,7,2000,1064,705,4,,lidar_T11
101,0.05,noisy_protected,direction_auroc,0.8575320694744012,0.8025981906443072,0.9389195825659914,7,2000,1064,705,4,,lidar_T11
101,0.05,noisy_angular,log_loss,0.9363450903288248,0.8417296532744332,1.0159214076658043,7,2000,1064,705,4,,lidar_T11
101,0.05,noisy_angular,brier,0.5641175443959177,0.4977788312789433,0.6206010809056826,7,2000,1064,705,4,,lidar_T11
101,0.05,noisy_angular,direction_auroc,0.861270129575272,0.8043909973521624,0.9500068904173088,7,2000,1064,705,4,,lidar_T11
101,0.1,clean_protected,log_loss,0.944943952770966,0.8484037147300867,1.0219949526192935,7,2000,1064,705,4,,lidar_T11
101,0.1,clean_protected,brier,0.5691580984614425,0.5017478409932058,0.6295412065700726,7,2000,1064,705,4,,lidar_T11
101,0.1,clean_protected,direction_auroc,0.855391401650909,0.797798984995587,0.938662757920848,7,2000,1064,705,4,,lidar_T11
101,0.1,noisy_protected,log_loss,0.9493475001284816,0.8650692239157247,1.0140261772219927,7,2000,1064,705,4,,lidar_T11
101,0.1,noisy_protected,brier,0.5722847275964724,0.5101864636218654,0.6201043320426922,7,2000,1064,705,4,,lidar_T11
101,0.1,noisy_protected,direction_auroc,0.8526263723788982,0.80504926306315,0.9318087662606678,7,2000,1064,705,4,,lidar_T11
101,0.1,noisy_angular,log_loss,0.9412790821992424,0.856347877654347,1.0064588438267206,7,2000,1064,705,4,,lidar_T11
101,0.1,noisy_angular,brier,0.5673975022822104,0.505712142598264,0.614737429481518,7,2000,1064,705,4,,lidar_T11
101,0.1,noisy_angular,direction_auroc,0.8571590743233382,0.8069659417843997,0.9403844560444112,7,2000,1064,705,4,,lidar_T11
101,0.2,clean_protected,log_loss,0.944943952770966,0.8484037147300867,1.0219949526192935,7,2000,1064,705,4,,lidar_T11
101,0.2,clean_protected,brier,0.5691580984614425,0.5017478409932058,0.6295412065700726,7,2000,1064,705,4,,lidar_T11
101,0.2,clean_protected,direction_auroc,0.855391401650909,0.797798984995587,0.938662757920848,7,2000,1064,705,4,,lidar_T11
101,0.2,noisy_protected,log_loss,0.9566180803991352,0.8825237514325679,1.019518306626288,7,2000,1064,705,4,,lidar_T11
101,0.2,noisy_protected,brier,0.576319766132772,0.5194798486709243,0.624895420820101,7,2000,1064,705,4,,lidar_T11
101,0.2,noisy_protected,direction_auroc,0.8483207109611923,0.8012449977767897,0.929530201342282,7,2000,1064,705,4,,lidar_T11
101,0.2,noisy_angular,log_loss,0.9455724078107256,0.8731512807388996,1.006664599958028,7,2000,1064,705,4,,lidar_T11
101,0.2,noisy_angular,brier,0.569692244899271,0.5147861361679498,0.615145050775306,7,2000,1064,705,4,,lidar_T11
101,0.2,noisy_angular,direction_auroc,0.8550102979096055,0.8074438312452593,0.937857320407656,7,2000,1064,705,4,,lidar_T11
101,0.4,clean_protected,log_loss,0.944943952770966,0.8484037147300867,1.0219949526192935,7,2000,1064,705,4,,lidar_T11
101,0.4,clean_protected,brier,0.5691580984614425,0.5017478409932058,0.6295412065700726,7,2000,1064,705,4,,lidar_T11
101,0.4,clean_protected,direction_auroc,0.855391401650909,0.797798984995587,0.938662757920848,7,2000,1064,705,4,,lidar_T11
101,0.4,noisy_protected,log_loss,0.9787863624874268,0.9160444265275396,1.036790612231214,7,2000,1064,705,4,,lidar_T11
101,0.4,noisy_protected,brier,0.5905026298231134,0.5391036771952148,0.6379985449808305,7,2000,1064,705,4,,lidar_T11
101,0.4,noisy_protected,direction_auroc,0.8295412159641925,0.7825438757094656,0.914740243599304,7,2000,1064,705,4,,lidar_T11
101,0.4,noisy_angular,log_loss,0.966138686376278,0.9078303065383604,1.0230240804204076,7,2000,1064,705,4,,lidar_T11
101,0.4,noisy_angular,brier,0.5836245611167512,0.5354164458225296,0.6318149698771933,7,2000,1064,705,4,,lidar_T11
101,0.4,noisy_angular,direction_auroc,0.8399202114720334,0.7960139146810347,0.9215345099014004,7,2000,1064,705,4,,lidar_T11
202,0.0,clean_protected,log_loss,0.944943952770966,0.8484037147300867,1.0219949526192935,7,2000,1064,705,4,,lidar_T11
202,0.0,clean_protected,brier,0.5691580984614425,0.5017478409932058,0.6295412065700726,7,2000,1064,705,4,,lidar_T11
202,0.0,clean_protected,direction_auroc,0.855391401650909,0.797798984995587,0.938662757920848,7,2000,1064,705,4,,lidar_T11
202,0.0,noisy_protected,log_loss,0.944943952770966,0.8484037147300867,1.0219949526192935,7,2000,1064,705,4,,lidar_T11
202,0.0,noisy_protected,brier,0.5691580984614425,0.5017478409932058,0.6295412065700726,7,2000,1064,705,4,,lidar_T11
202,0.0,noisy_protected,direction_auroc,0.855391401650909,0.797798984995587,0.938662757920848,7,2000,1064,705,4,,lidar_T11
202,0.0,noisy_angular,log_loss,0.9385168443654386,0.8409939069325919,1.0213616908660508,7,2000,1064,705,4,,lidar_T11
202,0.0,noisy_angular,brier,0.5646904535622015,0.4975279027490829,0.625633554099635,7,2000,1064,705,4,,lidar_T11
202,0.0,noisy_angular,direction_auroc,0.8572644859964647,0.7969715357458076,0.9473509477455808,7,2000,1064,705,4,,lidar_T11
202,0.01,clean_protected,log_loss,0.944943952770966,0.8484037147300867,1.0219949526192935,7,2000,1064,705,4,,lidar_T11
202,0.01,clean_protected,brier,0.5691580984614425,0.5017478409932058,0.6295412065700726,7,2000,1064,705,4,,lidar_T11
202,0.01,clean_protected,direction_auroc,0.855391401650909,0.797798984995587,0.938662757920848,7,2000,1064,705,4,,lidar_T11
202,0.01,noisy_protected,log_loss,0.9467969962871838,0.847129198735188,1.028707247409757,7,2000,1064,705,4,,lidar_T11
202,0.01,noisy_protected,brier,0.5705584857358345,0.5016028858137573,0.6334967058840448,7,2000,1064,705,4,,lidar_T11
202,0.01,noisy_protected,direction_auroc,0.8543453935098844,0.7945443512797882,0.9404041542952356,7,2000,1064,705,4,,lidar_T11
202,0.01,noisy_angular,log_loss,0.941559528160716,0.8407472313335946,1.030535805075124,7,2000,1064,705,4,,lidar_T11
202,0.01,noisy_angular,brier,0.5669850796422269,0.4984634817280803,0.631364162090401,7,2000,1064,705,4,,lidar_T11
202,0.01,noisy_angular,direction_auroc,0.8566320159577056,0.7930549426301854,0.95034514726701,7,2000,1064,705,4,,lidar_T11
202,0.05,clean_protected,log_loss,0.944943952770966,0.8484037147300867,1.0219949526192935,7,2000,1064,705,4,,lidar_T11
202,0.05,clean_protected,brier,0.5691580984614425,0.5017478409932058,0.6295412065700726,7,2000,1064,705,4,,lidar_T11
202,0.05,clean_protected,direction_auroc,0.855391401650909,0.797798984995587,0.938662757920848,7,2000,1064,705,4,,lidar_T11
202,0.05,noisy_protected,log_loss,0.951816943910216,0.8520452898936814,1.0283858876903471,7,2000,1064,705,4,,lidar_T11
202,0.05,noisy_protected,brier,0.5735691379230947,0.5023679151835275,0.6305266565829527,7,2000,1064,705,4,,lidar_T11
202,0.05,noisy_protected,direction_auroc,0.8475585034785852,0.7852493380406002,0.9364265043033788,7,2000,1064,705,4,,lidar_T11
202,0.05,noisy_angular,log_loss,0.9463343251254148,0.84666976599942,1.0292006756190224,7,2000,1064,705,4,,lidar_T11
202,0.05,noisy_angular,brier,0.570232721284514,0.5001507589607694,0.6297327465098996,7,2000,1064,705,4,,lidar_T11
202,0.05,noisy_angular,direction_auroc,0.8512073690868106,0.7871524713150927,0.945728567670162,7,2000,1064,705,4,,lidar_T11
202,0.1,clean_protected,log_loss,0.944943952770966,0.8484037147300867,1.0219949526192935,7,2000,1064,705,4,,lidar_T11
202,0.1,clean_protected,brier,0.5691580984614425,0.5017478409932058,0.6295412065700726,7,2000,1064,705,4,,lidar_T11
202,0.1,clean_protected,direction_auroc,0.855391401650909,0.797798984995587,0.938662757920848,7,2000,1064,705,4,,lidar_T11
202,0.1,noisy_protected,log_loss,0.9534310485241648,0.8627390588720012,1.0230318777921046,7,2000,1064,705,4,,lidar_T11
202,0.1,noisy_protected,brier,0.575830536864637,0.5095685898298963,0.6279657292334996,7,2000,1064,705,4,,lidar_T11
202,0.1,noisy_protected,direction_auroc,0.8514749525647471,0.7948359270268694,0.9398278648475964,7,2000,1064,705,4,,lidar_T11
202,0.1,noisy_angular,log_loss,0.9483589455163228,0.8574252272171066,1.0189568236547155,7,2000,1064,705,4,,lidar_T11
202,0.1,noisy_angular,brier,0.5728496328266319,0.5074964764541339,0.6247965935938695,7,2000,1064,705,4,,lidar_T11
202,0.1,noisy_angular,direction_auroc,0.8534858829443913,0.795826776242933,0.9464990416055924,7,2000,1064,705,4,,lidar_T11
202,0.2,clean_protected,log_loss,0.944943952770966,0.8484037147300867,1.0219949526192935,7,2000,1064,705,4,,lidar_T11
202,0.2,clean_protected,brier,0.5691580984614425,0.5017478409932058,0.6295412065700726,7,2000,1064,705,4,,lidar_T11
202,0.2,clean_protected,direction_auroc,0.855391401650909,0.797798984995587,0.938662757920848,7,2000,1064,705,4,,lidar_T11
202,0.2,noisy_protected,log_loss,0.9580654205575552,0.8825803863309548,1.0269694350688228,7,2000,1064,705,4,,lidar_T11
202,0.2,noisy_protected,brier,0.5786397281555,0.5205768627749475,0.6296616673697577,7,2000,1064,705,4,,lidar_T11
202,0.2,noisy_protected,direction_auroc,0.8444366962359924,0.7972693361310252,0.9278448027461444,7,2000,1064,705,4,,lidar_T11
202,0.2,noisy_angular,log_loss,0.9488094898696492,0.8745844875204876,1.0195442601209654,7,2000,1064,705,4,,lidar_T11
202,0.2,noisy_angular,brier,0.5735564671877504,0.5173762757421528,0.6280945328710932,7,2000,1064,705,4,,lidar_T11
202,0.2,noisy_angular,direction_auroc,0.8529263902177967,0.8046392321270962,0.9413312286240464,7,2000,1064,705,4,,lidar_T11
202,0.4,clean_protected,log_loss,0.944943952770966,0.8484037147300867,1.0219949526192935,7,2000,1064,705,4,,lidar_T11
202,0.4,clean_protected,brier,0.5691580984614425,0.5017478409932058,0.6295412065700726,7,2000,1064,705,4,,lidar_T11
202,0.4,clean_protected,direction_auroc,0.855391401650909,0.797798984995587,0.938662757920848,7,2000,1064,705,4,,lidar_T11
202,0.4,noisy_protected,log_loss,0.9789572758663544,0.9116972130443594,1.0422247400548277,7,2000,1064,705,4,,lidar_T11
202,0.4,noisy_protected,brier,0.590688452281471,0.5384297599337171,0.6404348695470031,7,2000,1064,705,4,,lidar_T11
202,0.4,noisy_protected,direction_auroc,0.8248868851661451,0.7734300914541041,0.9142957367108906,7,2000,1064,705,4,,lidar_T11
202,0.4,noisy_angular,log_loss,0.9666074979904036,0.9038124029047646,1.0292254767825828,7,2000,1064,705,4,,lidar_T11
202,0.4,noisy_angular,brier,0.5836355089212075,0.534838896994773,0.6335616948344527,7,2000,1064,705,4,,lidar_T11
202,0.4,noisy_angular,direction_auroc,0.8375038515803642,0.7906497654724438,0.9254895328297064,7,2000,1064,705,4,,lidar_T11
303,0.0,clean_protected,log_loss,0.944943952770966,0.8484037147300867,1.0219949526192935,7,2000,1064,705,4,,lidar_T11
303,0.0,clean_protected,brier,0.5691580984614425,0.5017478409932058,0.6295412065700726,7,2000,1064,705,4,,lidar_T11
303,0.0,clean_protected,direction_auroc,0.855391401650909,0.797798984995587,0.938662757920848,7,2000,1064,705,4,,lidar_T11
303,0.0,noisy_protected,log_loss,0.944943952770966,0.8484037147300867,1.0219949526192935,7,2000,1064,705,4,,lidar_T11
303,0.0,noisy_protected,brier,0.5691580984614425,0.5017478409932058,0.6295412065700726,7,2000,1064,705,4,,lidar_T11
303,0.0,noisy_protected,direction_auroc,0.855391401650909,0.797798984995587,0.938662757920848,7,2000,1064,705,4,,lidar_T11
303,0.0,noisy_angular,log_loss,0.9385168443654386,0.8409939069325919,1.0213616908660508,7,2000,1064,705,4,,lidar_T11
303,0.0,noisy_angular,brier,0.5646904535622015,0.4975279027490829,0.625633554099635,7,2000,1064,705,4,,lidar_T11
303,0.0,noisy_angular,direction_auroc,0.8572644859964647,0.7969715357458076,0.9473509477455808,7,2000,1064,705,4,,lidar_T11
303,0.01,clean_protected,log_loss,0.944943952770966,0.8484037147300867,1.0219949526192935,7,2000,1064,705,4,,lidar_T11
303,0.01,clean_protected,brier,0.5691580984614425,0.5017478409932058,0.6295412065700726,7,2000,1064,705,4,,lidar_T11
303,0.01,clean_protected,direction_auroc,0.855391401650909,0.797798984995587,0.938662757920848,7,2000,1064,705,4,,lidar_T11
303,0.01,noisy_protected,log_loss,0.9470638988028478,0.8470195624441489,1.026770064680649,7,2000,1064,705,4,,lidar_T11
303,0.01,noisy_protected,brier,0.5704569690570984,0.5012967584409033,0.6318485881681883,7,2000,1064,705,4,,lidar_T11
303,0.01,noisy_protected,direction_auroc,0.8521885085059112,0.7910414827890556,0.9428533844477016,7,2000,1064,705,4,,lidar_T11
303,0.01,noisy_angular,log_loss,0.9417003225131207,0.8394335636116641,1.0298327600965478,7,2000,1064,705,4,,lidar_T11
303,0.01,noisy_angular,brier,0.5668211681327632,0.497227873523252,0.6307799095768848,7,2000,1064,705,4,,lidar_T11
303,0.01,noisy_angular,direction_auroc,0.855829265523896,0.7910414827890556,0.9547111662344496,7,2000,1064,705,4,,lidar_T11
303,0.05,clean_protected,log_loss,0.944943952770966,0.8484037147300867,1.0219949526192935,7,2000,1064,705,4,,lidar_T11
303,0.05,clean_protected,brier,0.5691580984614425,0.5017478409932058,0.6295412065700726,7,2000,1064,705,4,,lidar_T11
303,0.05,clean_protected,direction_auroc,0.855391401650909,0.797798984995587,0.938662757920848,7,2000,1064,705,4,,lidar_T11
303,0.05,noisy_protected,log_loss,0.9516302128871976,0.855183856814029,1.0296710946494196,7,2000,1064,705,4,,lidar_T11
303,0.05,noisy_protected,brier,0.5744765848254356,0.5063731853886551,0.6329703534919529,7,2000,1064,705,4,,lidar_T11
303,0.05,noisy_protected,direction_auroc,0.8501451437653049,0.7878695939982348,0.9416945415366884,7,2000,1064,705,4,,lidar_T11
303,0.05,noisy_angular,log_loss,0.9458807341635732,0.8472138583192527,1.028319129726419,7,2000,1064,705,4,,lidar_T11
303,0.05,noisy_angular,brier,0.5707372013034555,0.5022594338478499,0.629905399863807,7,2000,1064,705,4,,lidar_T11
303,0.05,noisy_angular,direction_auroc,0.8541183529831503,0.7892762577228597,0.9512033174227332,7,2000,1064,705,4,,lidar_T11
303,0.1,clean_protected,log_loss,0.944943952770966,0.8484037147300867,1.0219949526192935,7,2000,1064,705,4,,lidar_T11
303,0.1,clean_protected,brier,0.5691580984614425,0.5017478409932058,0.6295412065700726,7,2000,1064,705,4,,lidar_T11
303,0.1,clean_protected,direction_auroc,0.855391401650909,0.797798984995587,0.938662757920848,7,2000,1064,705,4,,lidar_T11
303,0.1,noisy_protected,log_loss,0.9576848121640166,0.8700399857771454,1.03112265005089,7,2000,1064,705,4,,lidar_T11
303,0.1,noisy_protected,brier,0.5791389818142176,0.5151853795147993,0.6321553655657599,7,2000,1064,705,4,,lidar_T11
303,0.1,noisy_protected,direction_auroc,0.8470395537031932,0.7906001765225066,0.937641723356009,7,2000,1064,705,4,,lidar_T11
303,0.1,noisy_angular,log_loss,0.9522385999393094,0.86169865810594,1.028539800160304,7,2000,1064,705,4,,lidar_T11
303,0.1,noisy_angular,brier,0.5758859533616238,0.510732536129587,0.629462250647255,7,2000,1064,705,4,,lidar_T11
303,0.1,noisy_angular,direction_auroc,0.8503640757017985,0.7911518093556928,0.945997920346776,7,2000,1064,705,4,,lidar_T11
303,0.2,clean_protected,log_loss,0.944943952770966,0.8484037147300867,1.0219949526192935,7,2000,1064,705,4,,lidar_T11
303,0.2,clean_protected,brier,0.5691580984614425,0.5017478409932058,0.6295412065700726,7,2000,1064,705,4,,lidar_T11
303,0.2,clean_protected,direction_auroc,0.855391401650909,0.797798984995587,0.938662757920848,7,2000,1064,705,4,,lidar_T11
303,0.2,noisy_protected,log_loss,0.9618916020306808,0.8817796264434152,1.0382618959149763,7,2000,1064,705,4,,lidar_T11
303,0.2,noisy_protected,brier,0.5818195149342791,0.5224284289802293,0.6388460192967649,7,2000,1064,705,4,,lidar_T11
303,0.2,noisy_protected,direction_auroc,0.8440231581337269,0.7929802525992603,0.9333634006088624,7,2000,1064,705,4,,lidar_T11
303,0.2,noisy_angular,log_loss,0.953027529150326,0.8738133599569581,1.030338086695971,7,2000,1064,705,4,,lidar_T11
303,0.2,noisy_angular,brier,0.5765298383542062,0.5180745798968369,0.6344856666218848,7,2000,1064,705,4,,lidar_T11
303,0.2,noisy_angular,direction_auroc,0.8501208179945835,0.7969576442676715,0.9418323498828628,7,2000,1064,705,4,,lidar_T11
303,0.4,clean_protected,log_loss,0.944943952770966,0.8484037147300867,1.0219949526192935,7,2000,1064,705,4,,lidar_T11
303,0.4,clean_protected,brier,0.5691580984614425,0.5017478409932058,0.6295412065700726,7,2000,1064,705,4,,lidar_T11
303,0.4,clean_protected,direction_auroc,0.855391401650909,0.797798984995587,0.938662757920848,7,2000,1064,705,4,,lidar_T11
303,0.4,noisy_protected,log_loss,0.9719452691497602,0.9097040754630372,1.0408774589446552,7,2000,1064,705,4,,lidar_T11
303,0.4,noisy_protected,brier,0.5870781165224224,0.5387504849153493,0.6405317802028306,7,2000,1064,705,4,,lidar_T11
303,0.4,noisy_protected,direction_auroc,0.8347063879473915,0.7908729328030144,0.9141681137050616,7,2000,1064,705,4,,lidar_T11
303,0.4,noisy_angular,log_loss,0.962659699575652,0.9022261153329624,1.0325109090600852,7,2000,1064,705,4,,lidar_T11
303,0.4,noisy_angular,brier,0.5818147564161389,0.5350743237344531,0.6354981365163207,7,2000,1064,705,4,,lidar_T11
303,0.4,noisy_angular,direction_auroc,0.8437312488850689,0.798562556695276,0.9230818702167342,7,2000,1064,705,4,,lidar_T11
404,,clean,log_loss,0.944943952770966,0.8484037147300867,1.0219949526192935,7,2000,1064,705,4,0.25,lidar_T11
404,,clean,brier,0.5691580984614425,0.5017478409932058,0.6295412065700726,7,2000,1064,705,4,0.25,lidar_T11
404,,clean,direction_auroc,0.855391401650909,0.797798984995587,0.938662757920848,7,2000,1064,705,4,0.25,lidar_T11
404,,wrong_test_bit,log_loss,0.9463607011506868,0.8491229200447015,1.0228576674432166,7,2000,1064,705,4,0.25,lidar_T11
404,,wrong_test_bit,brier,0.569797351346368,0.5021604717987297,0.6298281570967009,7,2000,1064,705,4,0.25,lidar_T11
404,,wrong_test_bit,direction_auroc,0.8540129413100238,0.7957303618711385,0.937854699891006,7,2000,1064,705,4,0.25,lidar_T11
404,,clean,log_loss,0.944943952770966,0.8484037147300867,1.0219949526192935,7,2000,1064,705,4,0.5,lidar_T11
404,,clean,brier,0.5691580984614425,0.5017478409932058,0.6295412065700726,7,2000,1064,705,4,0.5,lidar_T11
404,,clean,direction_auroc,0.855391401650909,0.797798984995587,0.938662757920848,7,2000,1064,705,4,0.5,lidar_T11
404,,wrong_test_bit,log_loss,0.947357279081452,0.8501155618592768,1.0229142991564155,7,2000,1064,705,4,0.5,lidar_T11
404,,wrong_test_bit,brier,0.5704770769704781,0.5029735492876788,0.6300928153757223,7,2000,1064,705,4,0.5,lidar_T11
404,,wrong_test_bit,direction_auroc,0.8532507338274168,0.7946546778464254,0.9368775134363138,7,2000,1064,705,4,0.5,lidar_T11
404,,clean,log_loss,0.944943952770966,0.8484037147300867,1.0219949526192935,7,2000,1064,705,4,1.0,lidar_T11
404,,clean,brier,0.5691580984614425,0.5017478409932058,0.6295412065700726,7,2000,1064,705,4,1.0,lidar_T11
404,,clean,direction_auroc,0.855391401650909,0.797798984995587,0.938662757920848,7,2000,1064,705,4,1.0,lidar_T11
404,,wrong_test_bit,log_loss,0.9492207516041464,0.8513573544333469,1.0243252192003411,7,2000,1064,705,4,1.0,lidar_T11
404,,wrong_test_bit,brier,0.5714061245577314,0.5037838584133775,0.6294807911342978,7,2000,1064,705,4,1.0,lidar_T11
404,,wrong_test_bit,direction_auroc,0.8512479120380131,0.7917586054721977,0.9347790681650192,7,2000,1064,705,4,1.0,lidar_T11
101,0.0,clean_protected,log_loss,0.8943891506131382,0.7505727968863438,0.9713306149002264,7,2000,444,285,4,,lidar_T07
101,0.0,clean_protected,brier,0.5466112145454534,0.4403415475290436,0.6021831717315288,7,2000,444,285,4,,lidar_T07
101,0.0,clean_protected,direction_auroc,0.9156068224391206,0.8468448237143499,0.987878787878788,7,2000,444,285,4,,lidar_T07
101,0.0,noisy_protected,log_loss,0.8943891506131382,0.7505727968863438,0.9713306149002264,7,2000,444,285,4,,lidar_T07
101,0.0,noisy_protected,brier,0.5466112145454534,0.4403415475290436,0.6021831717315288,7,2000,444,285,4,,lidar_T07
101,0.0,noisy_protected,direction_auroc,0.9156068224391206,0.8468448237143499,0.987878787878788,7,2000,444,285,4,,lidar_T07
101,0.0,noisy_angular,log_loss,0.8892628404969457,0.7644979392616668,0.9627298191032008,7,2000,444,285,4,,lidar_T07
101,0.0,noisy_angular,brier,0.5439251717827193,0.4465465694133183,0.5978000261125904,7,2000,444,285,4,,lidar_T07
101,0.0,noisy_angular,direction_auroc,0.9210785763580794,0.8618908600943185,0.9848484848484848,7,2000,444,285,4,,lidar_T07
101,0.01,clean_protected,log_loss,0.8943891506131382,0.7505727968863438,0.9713306149002264,7,2000,444,285,4,,lidar_T07
101,0.01,clean_protected,brier,0.5466112145454534,0.4403415475290436,0.6021831717315288,7,2000,444,285,4,,lidar_T07
101,0.01,clean_protected,direction_auroc,0.9156068224391206,0.8468448237143499,0.987878787878788,7,2000,444,285,4,,lidar_T07
101,0.01,noisy_protected,log_loss,0.8967662130615075,0.7482655204622269,0.9728454501825876,7,2000,444,285,4,,lidar_T07
101,0.01,noisy_protected,brier,0.5476145254709895,0.4380487354221121,0.603715917931887,7,2000,444,285,4,,lidar_T07
101,0.01,noisy_protected,direction_auroc,0.9152617568766636,0.8488659330788233,0.9848484848484848,7,2000,444,285,4,,lidar_T07
101,0.01,noisy_angular,log_loss,0.8920484033693112,0.7566413024925287,0.9669625194505332,7,2000,444,285,4,,lidar_T07
101,0.01,noisy_angular,brier,0.5447099320823928,0.4406190882686794,0.6005611055815562,7,2000,444,285,4,,lidar_T07
101,0.01,noisy_angular,direction_auroc,0.9201419698314108,0.8607680215584999,0.9848484848484848,7,2000,444,285,4,,lidar_T07
101,0.05,clean_protected,log_loss,0.8943891506131382,0.7505727968863438,0.9713306149002264,7,2000,444,285,4,,lidar_T07
101,0.05,clean_protected,brier,0.5466112145454534,0.4403415475290436,0.6021831717315288,7,2000,444,285,4,,lidar_T07
101,0.05,clean_protected,direction_auroc,0.9156068224391206,0.8468448237143499,0.987878787878788,7,2000,444,285,4,,lidar_T07
101,0.05,noisy_protected,log_loss,0.8958418395423756,0.7535557773033175,0.9638755118415804,7,2000,444,285,4,,lidar_T07
101,0.05,noisy_protected,brier,0.5465190340211875,0.4375400159406896,0.5988081852571349,7,2000,444,285,4,,lidar_T07
101,0.05,noisy_protected,direction_auroc,0.9125012323770088,0.8542555580507523,0.9751131221719456,7,2000,444,285,4,,lidar_T07
101,0.05,noisy_angular,log_loss,0.8916708932918068,0.7617435454834329,0.9556902817699432,7,2000,444,285,4,,lidar_T07
101,0.05,noisy_angular,brier,0.5444281244219651,0.4412033614083459,0.5933254635716473,7,2000,444,285,4,,lidar_T07
101,0.05,noisy_angular,direction_auroc,0.914768806073154,0.8583476623270285,0.9737373737373738,7,2000,444,285,4,,lidar_T07
101,0.1,clean_protected,log_loss,0.8943891506131382,0.7505727968863438,0.9713306149002264,7,2000,444,285,4,,lidar_T07
101,0.1,clean_protected,brier,0.5466112145454534,0.4403415475290436,0.6021831717315288,7,2000,444,285,4,,lidar_T07
101,0.1,clean_protected,direction_auroc,0.9156068224391206,0.8468448237143499,0.987878787878788,7,2000,444,285,4,,lidar_T07
101,0.1,noisy_protected,log_loss,0.9008195218643164,0.7600841228668673,0.9663910113510126,7,2000,444,285,4,,lidar_T07
101,0.1,noisy_protected,brier,0.550191647751749,0.4433810863155305,0.6011066176713927,7,2000,444,285,4,,lidar_T07
101,0.1,noisy_protected,direction_auroc,0.906635117815242,0.8412306310352571,0.9728506787330315,7,2000,444,285,4,,lidar_T07
101,0.1,noisy_angular,log_loss,0.8948524395806893,0.7677330875142154,0.9604254194806896,7,2000,444,285,4,,lidar_T07
101,0.1,noisy_angular,brier,0.5467141192494123,0.4453988896492908,0.597051037441215,7,2000,444,285,4,,lidar_T07
101,0.1,noisy_angular,direction_auroc,0.9107266094843736,0.8454974174713676,0.9683257918552036,7,2000,444,285,4,,lidar_T07
101,0.2,clean_protected,log_loss,0.8943891506131382,0.7505727968863438,0.9713306149002264,7,2000,444,285,4,,lidar_T07
101,0.2,clean_protected,brier,0.5466112145454534,0.4403415475290436,0.6021831717315288,7,2000,444,285,4,,lidar_T07
101,0.2,clean_protected,direction_auroc,0.9156068224391206,0.8468448237143499,0.987878787878788,7,2000,444,285,4,,lidar_T07
101,0.2,noisy_protected,log_loss,0.9080643116424728,0.7973357897931259,0.9684331483875832,7,2000,444,285,4,,lidar_T07
101,0.2,noisy_protected,brier,0.5526730519561556,0.4672201771971185,0.6006110007055715,7,2000,444,285,4,,lidar_T07
101,0.2,noisy_protected,direction_auroc,0.9030365769496204,0.8520098809791152,0.9705882352941176,7,2000,444,285,4,,lidar_T07
101,0.2,noisy_angular,log_loss,0.8992229712235084,0.794879403943497,0.9559857695508152,7,2000,444,285,4,,lidar_T07
101,0.2,noisy_angular,brier,0.5475760861852493,0.463580831279604,0.592435099950234,7,2000,444,285,4,,lidar_T07
101,0.2,noisy_angular,direction_auroc,0.9083111505471754,0.8605434538513361,0.9660633484162896,7,2000,444,285,4,,lidar_T07
101,0.4,clean_protected,log_loss,0.8943891506131382,0.7505727968863438,0.9713306149002264,7,2000,444,285,4,,lidar_T07
101,0.4,clean_protected,brier,0.5466112145454534,0.4403415475290436,0.6021831717315288,7,2000,444,285,4,,lidar_T07
101,0.4,clean_protected,direction_auroc,0.9156068224391206,0.8468448237143499,0.987878787878788,7,2000,444,285,4,,lidar_T07
101,0.4,noisy_protected,log_loss,0.9268834220277872,0.8619655891195991,0.9699925278143504,7,2000,444,285,4,,lidar_T07
101,0.4,noisy_protected,brier,0.5636899910441365,0.5144735370806421,0.6000144646383712,7,2000,444,285,4,,lidar_T07
101,0.4,noisy_protected,direction_auroc,0.8924381346741596,0.842802604985403,0.9705882352941176,7,2000,444,285,4,,lidar_T07
101,0.4,noisy_angular,log_loss,0.9188499994137828,0.8592518897106788,0.9578984965937808,7,2000,444,285,4,,lidar_T07
101,0.4,noisy_angular,brier,0.5593074333958346,0.5118196981076278,0.5927053016738817,7,2000,444,285,4,,lidar_T07
101,0.4,noisy_angular,direction_auroc,0.9020506753426007,0.8569503705367169,0.9728506787330315,7,2000,444,285,4,,lidar_T07
202,0.0,clean_protected,log_loss,0.8943891506131382,0.7505727968863438,0.9713306149002264,7,2000,444,285,4,,lidar_T07
202,0.0,clean_protected,brier,0.5466112145454534,0.4403415475290436,0.6021831717315288,7,2000,444,285,4,,lidar_T07
202,0.0,clean_protected,direction_auroc,0.9156068224391206,0.8468448237143499,0.987878787878788,7,2000,444,285,4,,lidar_T07
202,0.0,noisy_protected,log_loss,0.8943891506131382,0.7505727968863438,0.9713306149002264,7,2000,444,285,4,,lidar_T07
202,0.0,noisy_protected,brier,0.5466112145454534,0.4403415475290436,0.6021831717315288,7,2000,444,285,4,,lidar_T07
202,0.0,noisy_protected,direction_auroc,0.9156068224391206,0.8468448237143499,0.987878787878788,7,2000,444,285,4,,lidar_T07
202,0.0,noisy_angular,log_loss,0.8892628404969457,0.7644979392616668,0.9627298191032008,7,2000,444,285,4,,lidar_T07
202,0.0,noisy_angular,brier,0.5439251717827193,0.4465465694133183,0.5978000261125904,7,2000,444,285,4,,lidar_T07
202,0.0,noisy_angular,direction_auroc,0.9210785763580794,0.8618908600943185,0.9848484848484848,7,2000,444,285,4,,lidar_T07
202,0.01,clean_protected,log_loss,0.8943891506131382,0.7505727968863438,0.9713306149002264,7,2000,444,285,4,,lidar_T07
202,0.01,clean_protected,brier,0.5466112145454534,0.4403415475290436,0.6021831717315288,7,2000,444,285,4,,lidar_T07
202,0.01,clean_protected,direction_auroc,0.9156068224391206,0.8468448237143499,0.987878787878788,7,2000,444,285,4,,lidar_T07
202,0.01,noisy_protected,log_loss,0.8928466754506035,0.7419438805422458,0.9676222554762252,7,2000,444,285,4,,lidar_T07
202,0.01,noisy_protected,brier,0.5452219208517066,0.4356500218500975,0.5997665856456111,7,2000,444,285,4,,lidar_T07
202,0.01,noisy_protected,direction_auroc,0.9184166420191264,0.8580732090725354,0.993939393939394,7,2000,444,285,4,,lidar_T07
202,0.01,noisy_angular,log_loss,0.8903312169664328,0.7556971308706354,0.9653616241573196,7,2000,444,285,4,,lidar_T07
202,0.01,noisy_angular,brier,0.5441864545110983,0.4417513957416229,0.5990604636642409,7,2000,444,285,4,,lidar_T07
202,0.01,noisy_angular,direction_auroc,0.9190081829833384,0.8578486413653716,0.990909090909091,7,2000,444,285,4,,lidar_T07
202,0.05,clean_protected,log_loss,0.8943891506131382,0.7505727968863438,0.9713306149002264,7,2000,444,285,4,,lidar_T07
202,0.05,clean_protected,brier,0.5466112145454534,0.4403415475290436,0.6021831717315288,7,2000,444,285,4,,lidar_T07
202,0.05,clean_protected,direction_auroc,0.9156068224391206,0.8468448237143499,0.987878787878788,7,2000,444,285,4,,lidar_T07
202,0.05,noisy_protected,log_loss,0.8921281091612225,0.7512269480098847,0.9623211999848472,7,2000,444,285,4,,lidar_T07
202,0.05,noisy_protected,brier,0.5461110534627979,0.4447214626412515,0.5979999400835104,7,2000,444,285,4,,lidar_T07
202,0.05,noisy_protected,direction_auroc,0.9224588386079068,0.8749692950135102,0.997979797979798,7,2000,444,285,4,,lidar_T07
202,0.05,noisy_angular,log_loss,0.8905916238231547,0.7654769944274112,0.961117831909837,7,2000,444,285,4,,lidar_T07
202,0.05,noisy_angular,brier,0.5455029351393877,0.4512514413357843,0.5972707803184052,7,2000,444,285,4,,lidar_T07
202,0.05,noisy_angular,direction_auroc,0.9216701173222912,0.8684033236020661,0.997979797979798,7,2000,444,285,4,,lidar_T07
202,0.1,clean_protected,log_loss,0.8943891506131382,0.7505727968863438,0.9713306149002264,7,2000,444,285,4,,lidar_T07
202,0.1,clean_protected,brier,0.5466112145454534,0.4403415475290436,0.6021831717315288,7,2000,444,285,4,,lidar_T07
202,0.1,clean_protected,direction_auroc,0.9156068224391206,0.8468448237143499,0.987878787878788,7,2000,444,285,4,,lidar_T07
202,0.1,noisy_protected,log_loss,0.8925175837956233,0.7848563739309682,0.9571944118004572,7,2000,444,285,4,,lidar_T07
202,0.1,noisy_protected,brier,0.5456772123281052,0.4641868633041479,0.5949670763992057,7,2000,444,285,4,,lidar_T07
202,0.1,noisy_protected,direction_auroc,0.919747609188603,0.8735683808668313,0.9819004524886876,7,2000,444,285,4,,lidar_T07
202,0.1,noisy_angular,log_loss,0.89080947540004,0.7928856917708538,0.9553770153900766,7,2000,444,285,4,,lidar_T07
202,0.1,noisy_angular,brier,0.5454537457883236,0.4679717272260302,0.5936009418541776,7,2000,444,285,4,,lidar_T07
202,0.1,noisy_angular,direction_auroc,0.9188602977422852,0.8706490006737031,0.9796380090497736,7,2000,444,285,4,,lidar_T07
202,0.2,clean_protected,log_loss,0.8943891506131382,0.7505727968863438,0.9713306149002264,7,2000,444,285,4,,lidar_T07
202,0.2,clean_protected,brier,0.5466112145454534,0.4403415475290436,0.6021831717315288,7,2000,444,285,4,,lidar_T07
202,0.2,clean_protected,direction_auroc,0.9156068224391206,0.8468448237143499,0.987878787878788,7,2000,444,285,4,,lidar_T07
202,0.2,noisy_protected,log_loss,0.9019953083732544,0.808222564971721,0.9616932879803394,7,2000,444,285,4,,lidar_T07
202,0.2,noisy_protected,brier,0.5524023038305442,0.4778495289196225,0.5987487303743428,7,2000,444,285,4,,lidar_T07
202,0.2,noisy_protected,direction_auroc,0.9186631174208814,0.8720762029531374,0.9796380090497736,7,2000,444,285,4,,lidar_T07
202,0.2,noisy_angular,log_loss,0.8941049655371095,0.8094021901390855,0.9519814618874394,7,2000,444,285,4,,lidar_T07
202,0.2,noisy_angular,brier,0.5482610524607922,0.4796830155954631,0.5930419804493076,7,2000,444,285,4,,lidar_T07
202,0.2,noisy_angular,direction_auroc,0.9233461500542246,0.8793908130680422,0.985858585858586,7,2000,444,285,4,,lidar_T07
202,0.4,clean_protected,log_loss,0.8943891506131382,0.7505727968863438,0.9713306149002264,7,2000,444,285,4,,lidar_T07
202,0.4,clean_protected,brier,0.5466112145454534,0.4403415475290436,0.6021831717315288,7,2000,444,285,4,,lidar_T07
202,0.4,clean_protected,direction_auroc,0.9156068224391206,0.8468448237143499,0.987878787878788,7,2000,444,285,4,,lidar_T07
202,0.4,noisy_protected,log_loss,0.932197849278563,0.8703159153403885,0.9916041453716098,7,2000,444,285,4,,lidar_T07
202,0.4,noisy_protected,brier,0.5695086933945218,0.5204864384923958,0.6143176681104725,7,2000,444,285,4,,lidar_T07
202,0.4,noisy_protected,direction_auroc,0.888543823326432,0.8228160790478329,0.9395989974937344,7,2000,444,285,4,,lidar_T07
202,0.4,noisy_angular,log_loss,0.9254167436947468,0.8751280888568722,0.9784089860458332,7,2000,444,285,4,,lidar_T07
202,0.4,noisy_angular,brier,0.5662316774466934,0.5237281070339384,0.6063418054818998,7,2000,444,285,4,,lidar_T07
202,0.4,noisy_angular,direction_auroc,0.8946071182096027,0.8407814956209297,0.938047138047138,7,2000,444,285,4,,lidar_T07
303,0.0,clean_protected,log_loss,0.8943891506131382,0.7505727968863438,0.9713306149002264,7,2000,444,285,4,,lidar_T07
303,0.0,clean_protected,brier,0.5466112145454534,0.4403415475290436,0.6021831717315288,7,2000,444,285,4,,lidar_T07
303,0.0,clean_protected,direction_auroc,0.9156068224391206,0.8468448237143499,0.987878787878788,7,2000,444,285,4,,lidar_T07
303,0.0,noisy_protected,log_loss,0.8943891506131382,0.7505727968863438,0.9713306149002264,7,2000,444,285,4,,lidar_T07
303,0.0,noisy_protected,brier,0.5466112145454534,0.4403415475290436,0.6021831717315288,7,2000,444,285,4,,lidar_T07
303,0.0,noisy_protected,direction_auroc,0.9156068224391206,0.8468448237143499,0.987878787878788,7,2000,444,285,4,,lidar_T07
303,0.0,noisy_angular,log_loss,0.8892628404969457,0.7644979392616668,0.9627298191032008,7,2000,444,285,4,,lidar_T07
303,0.0,noisy_angular,brier,0.5439251717827193,0.4465465694133183,0.5978000261125904,7,2000,444,285,4,,lidar_T07
303,0.0,noisy_angular,direction_auroc,0.9210785763580794,0.8618908600943185,0.9848484848484848,7,2000,444,285,4,,lidar_T07
303,0.01,clean_protected,log_loss,0.8943891506131382,0.7505727968863438,0.9713306149002264,7,2000,444,285,4,,lidar_T07
303,0.01,clean_protected,brier,0.5466112145454534,0.4403415475290436,0.6021831717315288,7,2000,444,285,4,,lidar_T07
303,0.01,clean_protected,direction_auroc,0.9156068224391206,0.8468448237143499,0.987878787878788,7,2000,444,285,4,,lidar_T07
303,0.01,noisy_protected,log_loss,0.8943499830126856,0.7517538365678693,0.9717918112572986,7,2000,444,285,4,,lidar_T07
303,0.01,noisy_protected,brier,0.5462153423569619,0.4427754049437541,0.6019737091980211,7,2000,444,285,4,,lidar_T07
303,0.01,noisy_protected,direction_auroc,0.9154096421177168,0.8470693914215136,0.993939393939394,7,2000,444,285,4,,lidar_T07
303,0.01,noisy_angular,log_loss,0.8899378937522628,0.7623455654161166,0.9658521923731436,7,2000,444,285,4,,lidar_T07
303,0.01,noisy_angular,brier,0.5438001368513578,0.4462403760052193,0.5992685689510289,7,2000,444,285,4,,lidar_T07
303,0.01,noisy_angular,direction_auroc,0.9189588879029872,0.8547046934650797,0.9796380090497736,7,2000,444,285,4,,lidar_T07
303,0.05,clean_protected,log_loss,0.8943891506131382,0.7505727968863438,0.9713306149002264,7,2000,444,285,4,,lidar_T07
303,0.05,clean_protected,brier,0.5466112145454534,0.4403415475290436,0.6021831717315288,7,2000,444,285,4,,lidar_T07
303,0.05,clean_protected,direction_auroc,0.9156068224391206,0.8468448237143499,0.987878787878788,7,2000,444,285,4,,lidar_T07
303,0.05,noisy_protected,log_loss,0.8930857730369713,0.7633017043148876,0.9678875406473444,7,2000,444,285,4,,lidar_T07
303,0.05,noisy_protected,brier,0.54605864253995,0.4494974487862776,0.6007476891354272,7,2000,444,285,4,,lidar_T07
303,0.05,noisy_protected,direction_auroc,0.9181701666173716,0.852234448686279,0.986425339366516,7,2000,444,285,4,,lidar_T07
303,0.05,noisy_angular,log_loss,0.890625526031543,0.7770502042164379,0.9633992624314336,7,2000,444,285,4,,lidar_T07
303,0.05,noisy_angular,brier,0.5440715915886903,0.4552897237832161,0.5968754232235401,7,2000,444,285,4,,lidar_T07
303,0.05,noisy_angular,direction_auroc,0.919303953465444,0.856052099708062,0.9819004524886876,7,2000,444,285,4,,lidar_T07
303,0.1,clean_protected,log_loss,0.8943891506131382,0.7505727968863438,0.9713306149002264,7,2000,444,285,4,,lidar_T07
303,0.1,clean_protected,brier,0.5466112145454534,0.4403415475290436,0.6021831717315288,7,2000,444,285,4,,lidar_T07
303,0.1,clean_protected,direction_auroc,0.9156068224391206,0.8468448237143499,0.987878787878788,7,2000,444,285,4,,lidar_T07
303,0.1,noisy_protected,log_loss,0.8976118439798899,0.79287104786076,0.9749381117858852,7,2000,444,285,4,,lidar_T07
303,0.1,noisy_protected,brier,0.5494774895557808,0.4679440952247649,0.6076961040672337,7,2000,444,285,4,,lidar_T07
303,0.1,noisy_protected,direction_auroc,0.911663216011042,0.8353918706490007,0.9728506787330315,7,2000,444,285,4,,lidar_T07
303,0.1,noisy_angular,log_loss,0.894167909613412,0.7982050950633949,0.9668344019001756,7,2000,444,285,4,,lidar_T07
303,0.1,noisy_angular,brier,0.5476661886191501,0.4692032720765351,0.6021195684450089,7,2000,444,285,4,,lidar_T07
303,0.1,noisy_angular,direction_auroc,0.9159025929212264,0.842128901863912,0.9650793650793652,7,2000,444,285,4,,lidar_T07
303,0.2,clean_protected,log_loss,0.8943891506131382,0.7505727968863438,0.9713306149002264,7,2000,444,285,4,,lidar_T07
303,0.2,clean_protected,brier,0.5466112145454534,0.4403415475290436,0.6021831717315288,7,2000,444,285,4,,lidar_T07
303,0.2,clean_protected,direction_auroc,0.9156068224391206,0.8468448237143499,0.987878787878788,7,2000,444,285,4,,lidar_T07
303,0.2,noisy_protected,log_loss,0.8979679906412897,0.8224760096531148,0.969165708400744,7,2000,444,285,4,,lidar_T07
303,0.2,noisy_protected,brier,0.5471572489170902,0.4868335821808495,0.6025721811563064,7,2000,444,285,4,,lidar_T07
303,0.2,noisy_protected,direction_auroc,0.9157054125998224,0.8531327195149337,0.9502262443438914,7,2000,444,285,4,,lidar_T07
303,0.2,noisy_angular,log_loss,0.8938623474954843,0.8254287968451499,0.961593191898946,7,2000,444,285,4,,lidar_T07
303,0.2,noisy_angular,brier,0.545958471228025,0.4900552353332506,0.5987754747896675,7,2000,444,285,4,,lidar_T07
303,0.2,noisy_angular,direction_auroc,0.9181701666173716,0.8565012351223894,0.9502088554720134,7,2000,444,285,4,,lidar_T07
303,0.4,clean_protected,log_loss,0.8943891506131382,0.7505727968863438,0.9713306149002264,7,2000,444,285,4,,lidar_T07
303,0.4,clean_protected,brier,0.5466112145454534,0.4403415475290436,0.6021831717315288,7,2000,444,285,4,,lidar_T07
303,0.4,clean_protected,direction_auroc,0.9156068224391206,0.8468448237143499,0.987878787878788,7,2000,444,285,4,,lidar_T07
303,0.4,noisy_protected,log_loss,0.9209403309874684,0.8693061607404526,0.9789978908345914,7,2000,444,285,4,,lidar_T07
303,0.4,noisy_protected,brier,0.558616279629485,0.5114838201589026,0.6042170904767412,7,2000,444,285,4,,lidar_T07
303,0.4,noisy_protected,direction_auroc,0.8992408557625949,0.8344935998203459,0.9331907242063492,7,2000,444,285,4,,lidar_T07
303,0.4,noisy_angular,log_loss,0.9165130140433252,0.8695761262618473,0.969288940496183,7,2000,444,285,4,,lidar_T07
303,0.4,noisy_angular,brier,0.5570340868448018,0.5144593534231646,0.5986949787094464,7,2000,444,285,4,,lidar_T07
303,0.4,noisy_angular,direction_auroc,0.9052055604850636,0.8454974174713676,0.938613111026904,7,2000,444,285,4,,lidar_T07
404,,clean,log_loss,0.8943891506131382,0.7505727968863438,0.9713306149002264,7,2000,444,285,4,0.25,lidar_T07
404,,clean,brier,0.5466112145454534,0.4403415475290436,0.6021831717315288,7,2000,444,285,4,0.25,lidar_T07
404,,clean,direction_auroc,0.9156068224391206,0.8468448237143499,0.987878787878788,7,2000,444,285,4,0.25,lidar_T07
404,,wrong_test_bit,log_loss,0.8955687187675211,0.7509065798521879,0.9719069178744586,7,2000,444,285,4,0.25,lidar_T07
404,,wrong_test_bit,brier,0.5472454599918318,0.4405284367966808,0.6022698873223313,7,2000,444,285,4,0.25,lidar_T07
404,,wrong_test_bit,direction_auroc,0.9144237405106972,0.8454974174713676,0.987878787878788,7,2000,444,285,4,0.25,lidar_T07
404,,clean,log_loss,0.8943891506131382,0.7505727968863438,0.9713306149002264,7,2000,444,285,4,0.5,lidar_T07
404,,clean,brier,0.5466112145454534,0.4403415475290436,0.6021831717315288,7,2000,444,285,4,0.5,lidar_T07
404,,clean,direction_auroc,0.9156068224391206,0.8468448237143499,0.987878787878788,7,2000,444,285,4,0.5,lidar_T07
404,,wrong_test_bit,log_loss,0.8972376823778813,0.7502989705362538,0.97346662035356,7,2000,444,285,4,0.5,lidar_T07
404,,wrong_test_bit,brier,0.5483600516128962,0.4400877445825616,0.6033547094295054,7,2000,444,285,4,0.5,lidar_T07
404,,wrong_test_bit,direction_auroc,0.9135857241447304,0.8454974174713676,0.987878787878788,7,2000,444,285,4,0.5,lidar_T07
404,,clean,log_loss,0.8943891506131382,0.7505727968863438,0.9713306149002264,7,2000,444,285,4,1.0,lidar_T07
404,,clean,brier,0.5466112145454534,0.4403415475290436,0.6021831717315288,7,2000,444,285,4,1.0,lidar_T07
404,,clean,direction_auroc,0.9156068224391206,0.8468448237143499,0.987878787878788,7,2000,444,285,4,1.0,lidar_T07
404,,wrong_test_bit,log_loss,0.8998950754370508,0.7515360226356399,0.975580140404857,7,2000,444,285,4,1.0,lidar_T07
404,,wrong_test_bit,brier,0.5493857978231632,0.440598055755017,0.6039916173943916,7,2000,444,285,4,1.0,lidar_T07
404,,wrong_test_bit,direction_auroc,0.9103815439219166,0.8347181675275095,0.987878787878788,7,2000,444,285,4,1.0,lidar_T07
101,0.0,clean_protected,log_loss,2.4263822038071248,2.2468946666503147,2.6034584504874685,7,2000,13931,9265,15,,smarteole
101,0.0,clean_protected,brier,1.1578219820825968,1.0799618346431243,1.2353947676315769,7,2000,13931,9265,15,,smarteole
101,0.0,clean_protected,direction_auroc,0.8835316667207848,0.8485666553840251,0.9176627581070108,7,2000,13931,9265,15,,smarteole
101,0.0,noisy_protected,log_loss,2.4263822038071248,2.2468946666503147,2.6034584504874685,7,2000,13931,9265,15,,smarteole
101,0.0,noisy_protected,brier,1.1578219820825968,1.0799618346431243,1.2353947676315769,7,2000,13931,9265,15,,smarteole
101,0.0,noisy_protected,direction_auroc,0.8835316667207848,0.8485666553840251,0.9176627581070108,7,2000,13931,9265,15,,smarteole
101,0.0,noisy_angular,log_loss,2.4399035338751585,2.2570325796869968,2.621762206835327,7,2000,13931,9265,15,,smarteole
101,0.0,noisy_angular,brier,1.1588901262873388,1.0803468245911858,1.2370750721657944,7,2000,13931,9265,15,,smarteole
101,0.0,noisy_angular,direction_auroc,0.874834706625955,0.8336243110318327,0.9125468165089452,7,2000,13931,9265,15,,smarteole
101,0.01,clean_protected,log_loss,2.4263822038071248,2.2468946666503147,2.6034584504874685,7,2000,13931,9265,15,,smarteole
101,0.01,clean_protected,brier,1.1578219820825968,1.0799618346431243,1.2353947676315769,7,2000,13931,9265,15,,smarteole
101,0.01,clean_protected,direction_auroc,0.8835316667207848,0.8485666553840251,0.9176627581070108,7,2000,13931,9265,15,,smarteole
101,0.01,noisy_protected,log_loss,2.427467746013974,2.2461382857014054,2.6051550565698136,7,2000,13931,9265,15,,smarteole
101,0.01,noisy_protected,brier,1.1580605758913318,1.0801840854243212,1.2357900705853118,7,2000,13931,9265,15,,smarteole
101,0.01,noisy_protected,direction_auroc,0.8833210727917868,0.848178698111047,0.9181668741176672,7,2000,13931,9265,15,,smarteole
101,0.01,noisy_angular,log_loss,2.441180490476948,2.2555542212667685,2.623847856742413,7,2000,13931,9265,15,,smarteole
101,0.01,noisy_angular,brier,1.1589764067744708,1.0802024819468043,1.237157915311362,7,2000,13931,9265,15,,smarteole
101,0.01,noisy_angular,direction_auroc,0.8744094599128811,0.8333430516421944,0.9125843999269344,7,2000,13931,9265,15,,smarteole
101,0.05,clean_protected,log_loss,2.4263822038071248,2.2468946666503147,2.6034584504874685,7,2000,13931,9265,15,,smarteole
101,0.05,clean_protected,brier,1.1578219820825968,1.0799618346431243,1.2353947676315769,7,2000,13931,9265,15,,smarteole
101,0.05,clean_protected,direction_auroc,0.8835316667207848,0.8485666553840251,0.9176627581070108,7,2000,13931,9265,15,,smarteole
101,0.05,noisy_protected,log_loss,2.4316530274698605,2.247676381161595,2.613016559321042,7,2000,13931,9265,15,,smarteole
101,0.05,noisy_protected,brier,1.159726256759272,1.081572544668141,1.238289890286901,7,2000,13931,9265,15,,smarteole
101,0.05,noisy_protected,direction_auroc,0.8824860216763388,0.8466515904662874,0.9182609562534214,7,2000,13931,9265,15,,smarteole
101,0.05,noisy_angular,log_loss,2.4451461758635067,2.2585842326035075,2.6299957153367437,7,2000,13931,9265,15,,smarteole
101,0.05,noisy_angular,brier,1.160337228994604,1.0811501369063123,1.2393648104439454,7,2000,13931,9265,15,,smarteole
101,0.05,noisy_angular,direction_auroc,0.8737627956572677,0.8339373105703168,0.9127235941722196,7,2000,13931,9265,15,,smarteole
101,0.1,clean_protected,log_loss,2.4263822038071248,2.2468946666503147,2.6034584504874685,7,2000,13931,9265,15,,smarteole
101,0.1,clean_protected,brier,1.1578219820825968,1.0799618346431243,1.2353947676315769,7,2000,13931,9265,15,,smarteole
101,0.1,clean_protected,direction_auroc,0.8835316667207848,0.8485666553840251,0.9176627581070108,7,2000,13931,9265,15,,smarteole
101,0.1,noisy_protected,log_loss,2.4333762744671734,2.2505269301822124,2.6138857306527234,7,2000,13931,9265,15,,smarteole
101,0.1,noisy_protected,brier,1.1613708325178835,1.0836952156652158,1.2398736498765233,7,2000,13931,9265,15,,smarteole
101,0.1,noisy_protected,direction_auroc,0.8761206638831318,0.8399351507345919,0.9131542214295422,7,2000,13931,9265,15,,smarteole
101,0.1,noisy_angular,log_loss,2.4471609041219384,2.2623022781494138,2.63126130316864,7,2000,13931,9265,15,,smarteole
101,0.1,noisy_angular,brier,1.162043895912211,1.0837311975271058,1.241248391931519,7,2000,13931,9265,15,,smarteole
101,0.1,noisy_angular,direction_auroc,0.8668724459537787,0.8265157304744191,0.9068915521988888,7,2000,13931,9265,15,,smarteole
101,0.2,clean_protected,log_loss,2.4263822038071248,2.2468946666503147,2.6034584504874685,7,2000,13931,9265,15,,smarteole
101,0.2,clean_protected,brier,1.1578219820825968,1.0799618346431243,1.2353947676315769,7,2000,13931,9265,15,,smarteole
101,0.2,clean_protected,direction_auroc,0.8835316667207848,0.8485666553840251,0.9176627581070108,7,2000,13931,9265,15,,smarteole
101,0.2,noisy_protected,log_loss,2.422678593276001,2.2424950794712144,2.601478198838244,7,2000,13931,9265,15,,smarteole
101,0.2,noisy_protected,brier,1.163955411433709,1.086662758006076,1.2408069509226334,7,2000,13931,9265,15,,smarteole
101,0.2,noisy_protected,direction_auroc,0.8579333541594587,0.8176378961212752,0.8978305386618511,7,2000,13931,9265,15,,smarteole
101,0.2,noisy_angular,log_loss,2.4361909498874925,2.257384635963526,2.6152766740687965,7,2000,13931,9265,15,,smarteole
101,0.2,noisy_angular,brier,1.1647362018125855,1.0873952953333843,1.2411880835133002,7,2000,13931,9265,15,,smarteole
101,0.2,noisy_angular,direction_auroc,0.8497661912860953,0.806898696849444,0.8920155475739194,7,2000,13931,9265,15,,smarteole
101,0.4,clean_protected,log_loss,2.4263822038071248,2.2468946666503147,2.6034584504874685,7,2000,13931,9265,15,,smarteole
101,0.4,clean_protected,brier,1.1578219820825968,1.0799618346431243,1.2353947676315769,7,2000,13931,9265,15,,smarteole
101,0.4,clean_protected,direction_auroc,0.8835316667207848,0.8485666553840251,0.9176627581070108,7,2000,13931,9265,15,,smarteole
101,0.4,noisy_protected,log_loss,2.393309049121304,2.2138400378667047,2.566597665071026,7,2000,13931,9265,15,,smarteole
101,0.4,noisy_protected,brier,1.168344600672998,1.0896840959379357,1.2469310106163145,7,2000,13931,9265,15,,smarteole
101,0.4,noisy_protected,direction_auroc,0.8162925335354736,0.7701741781308046,0.8608385744589704,7,2000,13931,9265,15,,smarteole
101,0.4,noisy_angular,log_loss,2.4061485654661348,2.2264254427097505,2.5804330607378585,7,2000,13931,9265,15,,smarteole
101,0.4,noisy_angular,brier,1.169283787459825,1.0907923917770967,1.2477596828806523,7,2000,13931,9265,15,,smarteole
101,0.4,noisy_angular,direction_auroc,0.8109090920966348,0.7637721168318498,0.8555795494815345,7,2000,13931,9265,15,,smarteole
202,0.0,clean_protected,log_loss,2.4263822038071248,2.2468946666503147,2.6034584504874685,7,2000,13931,9265,15,,smarteole
202,0.0,clean_protected,brier,1.1578219820825968,1.0799618346431243,1.2353947676315769,7,2000,13931,9265,15,,smarteole
202,0.0,clean_protected,direction_auroc,0.8835316667207848,0.8485666553840251,0.9176627581070108,7,2000,13931,9265,15,,smarteole
202,0.0,noisy_protected,log_loss,2.4263822038071248,2.2468946666503147,2.6034584504874685,7,2000,13931,9265,15,,smarteole
202,0.0,noisy_protected,brier,1.1578219820825968,1.0799618346431243,1.2353947676315769,7,2000,13931,9265,15,,smarteole
202,0.0,noisy_protected,direction_auroc,0.8835316667207848,0.8485666553840251,0.9176627581070108,7,2000,13931,9265,15,,smarteole
202,0.0,noisy_angular,log_loss,2.4399035338751585,2.2570325796869968,2.621762206835327,7,2000,13931,9265,15,,smarteole
202,0.0,noisy_angular,brier,1.1588901262873388,1.0803468245911858,1.2370750721657944,7,2000,13931,9265,15,,smarteole
202,0.0,noisy_angular,direction_auroc,0.874834706625955,0.8336243110318327,0.9125468165089452,7,2000,13931,9265,15,,smarteole
202,0.01,clean_protected,log_loss,2.4263822038071248,2.2468946666503147,2.6034584504874685,7,2000,13931,9265,15,,smarteole
202,0.01,clean_protected,brier,1.1578219820825968,1.0799618346431243,1.2353947676315769,7,2000,13931,9265,15,,smarteole
202,0.01,clean_protected,direction_auroc,0.8835316667207848,0.8485666553840251,0.9176627581070108,7,2000,13931,9265,15,,smarteole
202,0.01,noisy_protected,log_loss,2.42683205980391,2.2456090431395497,2.605321897760544,7,2000,13931,9265,15,,smarteole
202,0.01,noisy_protected,brier,1.1582032695136215,1.0801134526554856,1.2360237588546328,7,2000,13931,9265,15,,smarteole
202,0.01,noisy_protected,direction_auroc,0.884276536607887,0.8492952296829921,0.9190371538902432,7,2000,13931,9265,15,,smarteole
202,0.01,noisy_angular,log_loss,2.440897141398604,2.2575039757630857,2.624089575273577,7,2000,13931,9265,15,,smarteole
202,0.01,noisy_angular,brier,1.1591865531437913,1.0805368196224536,1.2375405577837637,7,2000,13931,9265,15,,smarteole
202,0.01,noisy_angular,direction_auroc,0.8753892768594501,0.8346574388568343,0.9129211709261156,7,2000,13931,9265,15,,smarteole
202,0.05,clean_protected,log_loss,2.4263822038071248,2.2468946666503147,2.6034584504874685,7,2000,13931,9265,15,,smarteole
202,0.05,clean_protected,brier,1.1578219820825968,1.0799618346431243,1.2353947676315769,7,2000,13931,9265,15,,smarteole
202,0.05,clean_protected,direction_auroc,0.8835316667207848,0.8485666553840251,0.9176627581070108,7,2000,13931,9265,15,,smarteole
202,0.05,noisy_protected,log_loss,2.4285376265756744,2.246016242139335,2.6096056517101047,7,2000,13931,9265,15,,smarteole
202,0.05,noisy_protected,brier,1.1593803365461417,1.081279098337072,1.2371399927919802,7,2000,13931,9265,15,,smarteole
202,0.05,noisy_protected,direction_auroc,0.8832102707135038,0.8476130319996793,0.9185489122511794,7,2000,13931,9265,15,,smarteole
202,0.05,noisy_angular,log_loss,2.442395510376948,2.2564755000673413,2.62656749069079,7,2000,13931,9265,15,,smarteole
202,0.05,noisy_angular,brier,1.1601160152893095,1.0813726277009446,1.239039886310833,7,2000,13931,9265,15,,smarteole
202,0.05,noisy_angular,direction_auroc,0.8743203517151882,0.8334573373214101,0.912836755347815,7,2000,13931,9265,15,,smarteole
202,0.1,clean_protected,log_loss,2.4263822038071248,2.2468946666503147,2.6034584504874685,7,2000,13931,9265,15,,smarteole
202,0.1,clean_protected,brier,1.1578219820825968,1.0799618346431243,1.2353947676315769,7,2000,13931,9265,15,,smarteole
202,0.1,clean_protected,direction_auroc,0.8835316667207848,0.8485666553840251,0.9176627581070108,7,2000,13931,9265,15,,smarteole
202,0.1,noisy_protected,log_loss,2.430057150633746,2.245176807337024,2.6121131110097595,7,2000,13931,9265,15,,smarteole
202,0.1,noisy_protected,brier,1.1611693200304902,1.0833912701457271,1.2398865536008383,7,2000,13931,9265,15,,smarteole
202,0.1,noisy_protected,direction_auroc,0.8776217404594512,0.83986996947819,0.914578639979347,7,2000,13931,9265,15,,smarteole
202,0.1,noisy_angular,log_loss,2.443811292096978,2.2565303179997978,2.6282745732903745,7,2000,13931,9265,15,,smarteole
202,0.1,noisy_angular,brier,1.161698033052427,1.083129012292548,1.2410554323222929,7,2000,13931,9265,15,,smarteole
202,0.1,noisy_angular,direction_auroc,0.8685857026783218,0.8264314419151758,0.908768274149373,7,2000,13931,9265,15,,smarteole
202,0.2,clean_protected,log_loss,2.4263822038071248,2.2468946666503147,2.6034584504874685,7,2000,13931,9265,15,,smarteole
202,0.2,clean_protected,brier,1.1578219820825968,1.0799618346431243,1.2353947676315769,7,2000,13931,9265,15,,smarteole
202,0.2,clean_protected,direction_auroc,0.8835316667207848,0.8485666553840251,0.9176627581070108,7,2000,13931,9265,15,,smarteole
202,0.2,noisy_protected,log_loss,2.4227146743280112,2.2429983069001183,2.5983568025580155,7,2000,13931,9265,15,,smarteole
202,0.2,noisy_protected,brier,1.1637849553539448,1.085809700115575,1.24108024399259,7,2000,13931,9265,15,,smarteole
202,0.2,noisy_protected,direction_auroc,0.8569995842239487,0.8141098634599627,0.8978218462972813,7,2000,13931,9265,15,,smarteole
202,0.2,noisy_angular,log_loss,2.4348873003802822,2.2535080655498696,2.61482742727718,7,2000,13931,9265,15,,smarteole
202,0.2,noisy_angular,brier,1.1639683346978595,1.0859078219831306,1.2415558863260368,7,2000,13931,9265,15,,smarteole
202,0.2,noisy_angular,direction_auroc,0.8488542551916956,0.8028218753284271,0.892093664445273,7,2000,13931,9265,15,,smarteole
202,0.4,clean_protected,log_loss,2.4263822038071248,2.2468946666503147,2.6034584504874685,7,2000,13931,9265,15,,smarteole
202,0.4,clean_protected,brier,1.1578219820825968,1.0799618346431243,1.2353947676315769,7,2000,13931,9265,15,,smarteole
202,0.4,clean_protected,direction_auroc,0.8835316667207848,0.8485666553840251,0.9176627581070108,7,2000,13931,9265,15,,smarteole
202,0.4,noisy_protected,log_loss,2.3981830342233,2.218708853369455,2.5740804137836872,7,2000,13931,9265,15,,smarteole
202,0.4,noisy_protected,brier,1.168740509559294,1.0895752379644268,1.2471694902803483,7,2000,13931,9265,15,,smarteole
202,0.4,noisy_protected,direction_auroc,0.8171508180972311,0.7687490439344228,0.861811241029761,7,2000,13931,9265,15,,smarteole
202,0.4,noisy_angular,log_loss,2.410107221645464,2.231970345961945,2.585871026203709,7,2000,13931,9265,15,,smarteole
202,0.4,noisy_angular,brier,1.1690405838786166,1.0902570876928095,1.2471770115602367,7,2000,13931,9265,15,,smarteole
202,0.4,noisy_angular,direction_auroc,0.8128198331148083,0.7626133722712853,0.85736945986133,7,2000,13931,9265,15,,smarteole
303,0.0,clean_protected,log_loss,2.4263822038071248,2.2468946666503147,2.6034584504874685,7,2000,13931,9265,15,,smarteole
303,0.0,clean_protected,brier,1.1578219820825968,1.0799618346431243,1.2353947676315769,7,2000,13931,9265,15,,smarteole
303,0.0,clean_protected,direction_auroc,0.8835316667207848,0.8485666553840251,0.9176627581070108,7,2000,13931,9265,15,,smarteole
303,0.0,noisy_protected,log_loss,2.4263822038071248,2.2468946666503147,2.6034584504874685,7,2000,13931,9265,15,,smarteole
303,0.0,noisy_protected,brier,1.1578219820825968,1.0799618346431243,1.2353947676315769,7,2000,13931,9265,15,,smarteole
303,0.0,noisy_protected,direction_auroc,0.8835316667207848,0.8485666553840251,0.9176627581070108,7,2000,13931,9265,15,,smarteole
303,0.0,noisy_angular,log_loss,2.4399035338751585,2.2570325796869968,2.621762206835327,7,2000,13931,9265,15,,smarteole
303,0.0,noisy_angular,brier,1.1588901262873388,1.0803468245911858,1.2370750721657944,7,2000,13931,9265,15,,smarteole
303,0.0,noisy_angular,direction_auroc,0.874834706625955,0.8336243110318327,0.9125468165089452,7,2000,13931,9265,15,,smarteole
303,0.01,clean_protected,log_loss,2.4263822038071248,2.2468946666503147,2.6034584504874685,7,2000,13931,9265,15,,smarteole
303,0.01,clean_protected,brier,1.1578219820825968,1.0799618346431243,1.2353947676315769,7,2000,13931,9265,15,,smarteole
303,0.01,clean_protected,direction_auroc,0.8835316667207848,0.8485666553840251,0.9176627581070108,7,2000,13931,9265,15,,smarteole
303,0.01,noisy_protected,log_loss,2.4254926021565195,2.243543534903286,2.604053889375948,7,2000,13931,9265,15,,smarteole
303,0.01,noisy_protected,brier,1.1579456524445555,1.0795266038934448,1.2360183854780409,7,2000,13931,9265,15,,smarteole
303,0.01,noisy_protected,direction_auroc,0.88390960677812,0.8484759708417073,0.9185966931260882,7,2000,13931,9265,15,,smarteole
303,0.01,noisy_angular,log_loss,2.439675055911049,2.254170981635252,2.621501878854327,7,2000,13931,9265,15,,smarteole
303,0.01,noisy_angular,brier,1.1590235207196529,1.079934908551036,1.2378413032343434,7,2000,13931,9265,15,,smarteole
303,0.01,noisy_angular,direction_auroc,0.8749828315095545,0.8339355362114105,0.9131714073450518,7,2000,13931,9265,15,,smarteole
303,0.05,clean_protected,log_loss,2.4263822038071248,2.2468946666503147,2.6034584504874685,7,2000,13931,9265,15,,smarteole
303,0.05,clean_protected,brier,1.1578219820825968,1.0799618346431243,1.2353947676315769,7,2000,13931,9265,15,,smarteole
303,0.05,clean_protected,direction_auroc,0.8835316667207848,0.8485666553840251,0.9176627581070108,7,2000,13931,9265,15,,smarteole
303,0.05,noisy_protected,log_loss,2.430015728299662,2.245473470145982,2.611690826110214,7,2000,13931,9265,15,,smarteole
303,0.05,noisy_protected,brier,1.1597723834991829,1.0812407709045837,1.2385039448708923,7,2000,13931,9265,15,,smarteole
303,0.05,noisy_protected,direction_auroc,0.8834715770042253,0.8472352063497213,0.9193021471422196,7,2000,13931,9265,15,,smarteole
303,0.05,noisy_angular,log_loss,2.445262971090325,2.25770924358008,2.6309265988800323,7,2000,13931,9265,15,,smarteole
303,0.05,noisy_angular,brier,1.1605822967881243,1.08121838453918,1.2400519617986698,7,2000,13931,9265,15,,smarteole
303,0.05,noisy_angular,direction_auroc,0.8735697901002751,0.8325881989265325,0.912530567137936,7,2000,13931,9265,15,,smarteole
303,0.1,clean_protected,log_loss,2.4263822038071248,2.2468946666503147,2.6034584504874685,7,2000,13931,9265,15,,smarteole
303,0.1,clean_protected,brier,1.1578219820825968,1.0799618346431243,1.2353947676315769,7,2000,13931,9265,15,,smarteole
303,0.1,clean_protected,direction_auroc,0.8835316667207848,0.8485666553840251,0.9176627581070108,7,2000,13931,9265,15,,smarteole
303,0.1,noisy_protected,log_loss,2.4305893328564654,2.24584478489365,2.6122035783346544,7,2000,13931,9265,15,,smarteole
303,0.1,noisy_protected,brier,1.1617988170987117,1.083235788026885,1.240356243005674,7,2000,13931,9265,15,,smarteole
303,0.1,noisy_protected,direction_auroc,0.8778070481878472,0.8405442907683485,0.9149092199253802,7,2000,13931,9265,15,,smarteole
303,0.1,noisy_angular,log_loss,2.4439557290885725,2.2554619899275696,2.628551694057216,7,2000,13931,9265,15,,smarteole
303,0.1,noisy_angular,brier,1.162205625413351,1.083551021709754,1.241433652188928,7,2000,13931,9265,15,,smarteole
303,0.1,noisy_angular,direction_auroc,0.8686559162058233,0.8260961848866967,0.908835419161142,7,2000,13931,9265,15,,smarteole
303,0.2,clean_protected,log_loss,2.4263822038071248,2.2468946666503147,2.6034584504874685,7,2000,13931,9265,15,,smarteole
303,0.2,clean_protected,brier,1.1578219820825968,1.0799618346431243,1.2353947676315769,7,2000,13931,9265,15,,smarteole
303,0.2,clean_protected,direction_auroc,0.8835316667207848,0.8485666553840251,0.9176627581070108,7,2000,13931,9265,15,,smarteole
303,0.2,noisy_protected,log_loss,2.421386454007706,2.2412452080846266,2.5976678917870566,7,2000,13931,9265,15,,smarteole
303,0.2,noisy_protected,brier,1.1639989139282834,1.0859815014827756,1.2410119534057524,7,2000,13931,9265,15,,smarteole
303,0.2,noisy_protected,direction_auroc,0.8571492953267742,0.8143209136604415,0.8996133266387192,7,2000,13931,9265,15,,smarteole
303,0.2,noisy_angular,log_loss,2.43422625948377,2.2523571410231997,2.6132507480988103,7,2000,13931,9265,15,,smarteole
303,0.2,noisy_angular,brier,1.164293567126727,1.0858681065060896,1.2419398745642782,7,2000,13931,9265,15,,smarteole
303,0.2,noisy_angular,direction_auroc,0.8490416623278906,0.8030623100138218,0.893209083380418,7,2000,13931,9265,15,,smarteole
303,0.4,clean_protected,log_loss,2.4263822038071248,2.2468946666503147,2.6034584504874685,7,2000,13931,9265,15,,smarteole
303,0.4,clean_protected,brier,1.1578219820825968,1.0799618346431243,1.2353947676315769,7,2000,13931,9265,15,,smarteole
303,0.4,clean_protected,direction_auroc,0.8835316667207848,0.8485666553840251,0.9176627581070108,7,2000,13931,9265,15,,smarteole
303,0.4,noisy_protected,log_loss,2.3955197072781105,2.2172115752131805,2.5713091889807385,7,2000,13931,9265,15,,smarteole
303,0.4,noisy_protected,brier,1.1681505564571997,1.0890752280356617,1.2469938628812682,7,2000,13931,9265,15,,smarteole
303,0.4,noisy_protected,direction_auroc,0.8159785087822427,0.7709850415557362,0.8597331361538788,7,2000,13931,9265,15,,smarteole
303,0.4,noisy_angular,log_loss,2.408606864902787,2.2313845222418696,2.582824125960366,7,2000,13931,9265,15,,smarteole
303,0.4,noisy_angular,brier,1.1691876460631558,1.0904383846126555,1.2480756747093764,7,2000,13931,9265,15,,smarteole
303,0.4,noisy_angular,direction_auroc,0.812347139785476,0.7670168430989417,0.8565164651104646,7,2000,13931,9265,15,,smarteole
404,,clean,log_loss,2.4263822038071248,2.2468946666503147,2.6034584504874685,7,2000,13931,9265,15,0.25,smarteole
404,,clean,brier,1.1578219820825968,1.0799618346431243,1.2353947676315769,7,2000,13931,9265,15,0.25,smarteole
404,,clean,direction_auroc,0.8835316667207848,0.8485666553840251,0.9176627581070108,7,2000,13931,9265,15,0.25,smarteole
404,,wrong_test_bit,log_loss,2.4326201072162514,2.2529548311894594,2.61083671500808,7,2000,13931,9265,15,0.25,smarteole
404,,wrong_test_bit,brier,1.158385680077188,1.080613874966385,1.235899167083607,7,2000,13931,9265,15,0.25,smarteole
404,,wrong_test_bit,direction_auroc,0.8722821999703657,0.8330388959766262,0.9095318147914996,7,2000,13931,9265,15,0.25,smarteole
404,,clean,log_loss,2.4263822038071248,2.2468946666503147,2.6034584504874685,7,2000,13931,9265,15,0.5,smarteole
404,,clean,brier,1.1578219820825968,1.0799618346431243,1.2353947676315769,7,2000,13931,9265,15,0.5,smarteole
404,,clean,direction_auroc,0.8835316667207848,0.8485666553840251,0.9176627581070108,7,2000,13931,9265,15,0.5,smarteole
404,,wrong_test_bit,log_loss,2.4389288787046444,2.2587120768472024,2.6177828204802776,7,2000,13931,9265,15,0.5,smarteole
404,,wrong_test_bit,brier,1.1588655976260571,1.0813204598880206,1.2362167879767854,7,2000,13931,9265,15,0.5,smarteole
404,,wrong_test_bit,direction_auroc,0.8600165265381942,0.817159931838355,0.9003494774940123,7,2000,13931,9265,15,0.5,smarteole
404,,clean,log_loss,2.4263822038071248,2.2468946666503147,2.6034584504874685,7,2000,13931,9265,15,1.0,smarteole
404,,clean,brier,1.1578219820825968,1.0799618346431243,1.2353947676315769,7,2000,13931,9265,15,1.0,smarteole
404,,clean,direction_auroc,0.8835316667207848,0.8485666553840251,0.9176627581070108,7,2000,13931,9265,15,1.0,smarteole
404,,wrong_test_bit,log_loss,2.4510563821549094,2.270649465568882,2.630741454965096,7,2000,13931,9265,15,1.0,smarteole
404,,wrong_test_bit,brier,1.1598365541101454,1.0825166195604252,1.2371816280083232,7,2000,13931,9265,15,1.0,smarteole
404,,wrong_test_bit,direction_auroc,0.8345111944156126,0.7853780152032924,0.8822779331101467,7,2000,13931,9265,15,1.0,smarteole
