site,cutoff,method,config_a,config_b,pairs,nmi,ari,mean_iou,left_n,right_n,left_coverage,right_coverage
hill,0.3,greedy,adaptive_corridor,endpoint_corridor_0.025,6367,0.8302039739740602,0.8989756505480941,0.819348463431234,8032,7740,0.7927041832669323,0.822609819121447
hill,0.3,maximum_iou,adaptive_corridor,endpoint_corridor_0.025,6367,0.8280324682320512,0.9018472209834077,0.819348463431234,8032,7740,0.7927041832669323,0.822609819121447
hill,0.5,greedy,adaptive_corridor,endpoint_corridor_0.025,5849,0.847953438424032,0.9125349387993585,0.8615559029219484,8032,7740,0.7282121513944223,0.7556847545219638
hill,0.5,maximum_iou,adaptive_corridor,endpoint_corridor_0.025,5849,0.848281045330583,0.9167782535618255,0.8615559029219484,8032,7740,0.7282121513944223,0.7556847545219638
hill,0.7,greedy,adaptive_corridor,endpoint_corridor_0.025,4155,0.9964507864941146,0.9989672098649275,0.9973921265257004,8032,7740,0.5173057768924303,0.5368217054263565
hill,0.7,maximum_iou,adaptive_corridor,endpoint_corridor_0.025,4155,0.9964507864941146,0.9989672098649275,0.9973921265257004,8032,7740,0.5173057768924303,0.5368217054263565
hill,0.3,greedy,adaptive_corridor,endpoint_corridor_0.050,7020,0.843792012523361,0.9127276969152359,0.8435468029912475,8032,8585,0.874003984063745,0.8177052999417589
hill,0.3,maximum_iou,adaptive_corridor,endpoint_corridor_0.050,7020,0.8433552234730317,0.9148107682334086,0.8435468029912475,8032,8585,0.874003984063745,0.8177052999417589
hill,0.5,greedy,adaptive_corridor,endpoint_corridor_0.050,6563,0.8611408211780175,0.9255429839417092,0.8779286959844633,8032,8585,0.8171065737051793,0.7644729178800233
hill,0.5,maximum_iou,adaptive_corridor,endpoint_corridor_0.050,6563,0.8609533662115548,0.9275398375948618,0.8779286959844633,8032,8585,0.8171065737051793,0.7644729178800233
hill,0.7,greedy,adaptive_corridor,endpoint_corridor_0.050,4883,0.9928784613155535,0.9978665900429186,0.9932672147294306,8032,8585,0.6079432270916335,0.5687827606290041
hill,0.7,maximum_iou,adaptive_corridor,endpoint_corridor_0.050,4883,0.9928784613155535,0.9978665900429186,0.9932672147294306,8032,8585,0.6079432270916335,0.5687827606290041
hill,0.3,greedy,adaptive_corridor,endpoint_corridor_0.100,7468,0.8719995635624975,0.9354246942790826,0.8803539012306068,8032,8952,0.9297808764940239,0.8342269883824843
hill,0.3,maximum_iou,adaptive_corridor,endpoint_corridor_0.100,7468,0.8695199792804137,0.9350236105387864,0.8803539012306068,8032,8952,0.9297808764940239,0.8342269883824843
hill,0.5,greedy,adaptive_corridor,endpoint_corridor_0.100,7174,0.8835788268643474,0.9431142822337748,0.9019552583822498,8032,8952,0.8931772908366534,0.8013851653261841
hill,0.5,maximum_iou,adaptive_corridor,endpoint_corridor_0.100,7174,0.8819114768481249,0.9430627331408606,0.9019552583822498,8032,8952,0.8931772908366534,0.8013851653261841
hill,0.7,greedy,adaptive_corridor,endpoint_corridor_0.100,5734,0.9738828481863244,0.9908717168210328,0.9883422274915536,8032,8952,0.713894422310757,0.6405272564789991
hill,0.7,maximum_iou,adaptive_corridor,endpoint_corridor_0.100,5734,0.9738828481863244,0.9908717168210328,0.9883422274915536,8032,8952,0.713894422310757,0.6405272564789991
hill,0.3,greedy,adaptive_corridor,financial_tail_1h,1945,0.7288877500849484,0.8105072727505481,0.6720130982984454,8032,2177,0.24215637450199204,0.8934313275149288
hill,0.3,maximum_iou,adaptive_corridor,financial_tail_1h,1945,0.724622693605109,0.8048461774548831,0.6720130982984454,8032,2177,0.24215637450199204,0.8934313275149288
hill,0.5,greedy,adaptive_corridor,financial_tail_1h,1598,0.7467945586196562,0.8306329732481811,0.7441176470588234,8032,2177,0.19895418326693226,0.7340376665135507
hill,0.5,maximum_iou,adaptive_corridor,financial_tail_1h,1598,0.7463625626481682,0.8299859785031344,0.7441176470588234,8032,2177,0.19895418326693226,0.7340376665135507
hill,0.7,greedy,adaptive_corridor,financial_tail_1h,684,0.9907388187877633,0.9971347532013629,0.9871345029239765,8032,2177,0.08515936254980079,0.3141938447404685
hill,0.7,maximum_iou,adaptive_corridor,financial_tail_1h,684,0.9907388187877633,0.9971347532013629,0.9871345029239765,8032,2177,0.08515936254980079,0.3141938447404685
hill,0.3,greedy,adaptive_corridor,financial_tail_2h,864,0.6103481841644972,0.669433400903742,0.5613804212762546,8032,1467,0.10756972111553785,0.588957055214724
hill,0.3,maximum_iou,adaptive_corridor,financial_tail_2h,864,0.6051402942756443,0.6618009859007182,0.5613804212762546,8032,1467,0.10756972111553785,0.588957055214724
hill,0.5,greedy,adaptive_corridor,financial_tail_2h,577,0.6645759143724511,0.713958412865549,0.6534056834750077,8032,1467,0.07183764940239044,0.3933197000681663
hill,0.5,maximum_iou,adaptive_corridor,financial_tail_2h,577,0.6543092794046389,0.7060123843382946,0.6534056834750077,8032,1467,0.07183764940239044,0.3933197000681663
hill,0.7,greedy,adaptive_corridor,financial_tail_2h,221,0.709087063256234,0.7600222347782126,0.8407670760611936,8032,1467,0.027514940239043825,0.15064758009543286
hill,0.7,maximum_iou,adaptive_corridor,financial_tail_2h,221,0.709087063256234,0.7600222347782126,0.8407670760611936,8032,1467,0.027514940239043825,0.15064758009543286
hill,0.3,greedy,adaptive_corridor,financial_tail_4h,388,0.35342829285958755,0.4647906059952798,0.45680173044305206,8032,1091,0.04830677290836653,0.3556370302474794
hill,0.3,maximum_iou,adaptive_corridor,financial_tail_4h,391,0.3697661365368622,0.47630896798733957,0.4557177816073795,8032,1091,0.04868027888446215,0.35838680109990834
hill,0.5,greedy,adaptive_corridor,financial_tail_4h,138,0.48051199459222066,0.5888776197491282,0.6161505528193508,8032,1091,0.017181274900398405,0.12648945921173235
hill,0.5,maximum_iou,adaptive_corridor,financial_tail_4h,138,0.4972677721807559,0.5853110477518683,0.6161505528193508,8032,1091,0.017181274900398405,0.12648945921173235
hill,0.7,greedy,adaptive_corridor,financial_tail_4h,37,0.818704794422885,0.856044958931745,0.8092258342258344,8032,1091,0.004606573705179283,0.03391384051329056
hill,0.7,maximum_iou,adaptive_corridor,financial_tail_4h,37,0.818704794422885,0.856044958931745,0.8092258342258344,8032,1091,0.004606573705179283,0.03391384051329056
hill,0.3,greedy,adaptive_corridor,mean_shift_1h,3401,0.560248276974738,0.5650201512206919,0.5686720928782089,8032,4526,0.4234312749003984,0.7514361467079098
hill,0.3,maximum_iou,adaptive_corridor,mean_shift_1h,3407,0.5465513032966304,0.5517190098546179,0.5683065613576328,8032,4526,0.4241782868525896,0.7527618205921344
hill,0.5,greedy,adaptive_corridor,mean_shift_1h,2283,0.5888175923449588,0.5774065802495374,0.6764153170526364,8032,4526,0.28423804780876494,0.5044189129474149
hill,0.5,maximum_iou,adaptive_corridor,mean_shift_1h,2284,0.5889896212567219,0.5768899062372678,0.6763380774217026,8032,4526,0.28436254980079684,0.5046398585947857
hill,0.7,greedy,adaptive_corridor,mean_shift_1h,749,0.7158900584040707,0.7505164774342177,0.8733358764066373,8032,4526,0.09325199203187251,0.16548828988068934
hill,0.7,maximum_iou,adaptive_corridor,mean_shift_1h,749,0.7158900584040707,0.7505164774342177,0.8733358764066373,8032,4526,0.09325199203187251,0.16548828988068934
hill,0.3,greedy,adaptive_corridor,mean_shift_2h,966,0.27120727307747255,0.2758861149909965,0.45006697287189673,8032,2660,0.12026892430278885,0.3631578947368421
hill,0.3,maximum_iou,adaptive_corridor,mean_shift_2h,972,0.261600683321825,0.2671795385133315,0.4486522801513095,8032,2660,0.12101593625498008,0.36541353383458647
hill,0.5,greedy,adaptive_corridor,mean_shift_2h,298,0.4686603899704107,0.39050251446190887,0.6260686005387525,8032,2660,0.03710159362549801,0.11203007518796992
hill,0.5,maximum_iou,adaptive_corridor,mean_shift_2h,298,0.4686603899704107,0.39050251446190887,0.6260686005387525,8032,2660,0.03710159362549801,0.11203007518796992
hill,0.7,greedy,adaptive_corridor,mean_shift_2h,87,0.5205926338584461,0.4680847819115177,0.7976132743374122,8032,2660,0.01083167330677291,0.03270676691729323
hill,0.7,maximum_iou,adaptive_corridor,mean_shift_2h,87,0.5205926338584461,0.4680847819115177,0.7976132743374122,8032,2660,0.01083167330677291,0.03270676691729323
hill,0.3,greedy,adaptive_corridor,mean_shift_4h,117,0.16427249298485644,0.13134781237126184,0.40063790054346093,8032,1328,0.014566733067729083,0.08810240963855422
hill,0.3,maximum_iou,adaptive_corridor,mean_shift_4h,117,0.16427249298485644,0.13134781237126184,0.40063790054346093,8032,1328,0.014566733067729083,0.08810240963855422
hill,0.5,greedy,adaptive_corridor,mean_shift_4h,14,0.6229083742741091,0.4396551724137931,0.6641208836006491,8032,1328,0.0017430278884462151,0.010542168674698794
hill,0.5,maximum_iou,adaptive_corridor,mean_shift_4h,14,0.6229083742741091,0.4396551724137931,0.6641208836006491,8032,1328,0.0017430278884462151,0.010542168674698794
hill,0.7,greedy,adaptive_corridor,mean_shift_4h,5,0.8326760405064336,0.4117647058823529,0.8420098039215688,8032,1328,0.0006225099601593625,0.0037650602409638554
hill,0.7,maximum_iou,adaptive_corridor,mean_shift_4h,5,0.8326760405064336,0.4117647058823529,0.8420098039215688,8032,1328,0.0006225099601593625,0.0037650602409638554
hill,0.3,greedy,adaptive_corridor,opsda_cui2015_1h_0.025,3169,0.6040926267216343,0.6897555473010973,0.5908909224781739,8032,3665,0.394546812749004,0.8646657571623465
hill,0.3,maximum_iou,adaptive_corridor,opsda_cui2015_1h_0.025,3170,0.5942165939110929,0.6825038287669859,0.5908096740273395,8032,3665,0.39467131474103584,0.8649386084583902
hill,0.5,greedy,adaptive_corridor,opsda_cui2015_1h_0.025,2700,0.6411897567475471,0.7186371076657242,0.6341975308641976,8032,3665,0.33615537848605576,0.7366984993178718
hill,0.5,maximum_iou,adaptive_corridor,opsda_cui2015_1h_0.025,2700,0.6288478712235994,0.7109359926077093,0.6341975308641976,8032,3665,0.33615537848605576,0.7366984993178718
hill,0.7,greedy,adaptive_corridor,opsda_cui2015_1h_0.025,603,1.0,1.0,1.0,8032,3665,0.07507470119521913,0.1645293315143247
hill,0.7,maximum_iou,adaptive_corridor,opsda_cui2015_1h_0.025,603,1.0,1.0,1.0,8032,3665,0.07507470119521913,0.1645293315143247
hill,0.3,greedy,adaptive_corridor,opsda_cui2015_2h_0.025,4344,0.5604958371412777,0.6532889558089625,0.618517434453208,8032,6774,0.5408366533864541,0.6412754650132861
hill,0.3,maximum_iou,adaptive_corridor,opsda_cui2015_2h_0.025,4344,0.5549112210953894,0.6487645430970674,0.618517434453208,8032,6774,0.5408366533864541,0.6412754650132861
hill,0.5,greedy,adaptive_corridor,opsda_cui2015_2h_0.025,3804,0.5961488194022808,0.6893574839772131,0.6568299033598719,8032,6774,0.47360557768924305,0.5615589016829052
hill,0.5,maximum_iou,adaptive_corridor,opsda_cui2015_2h_0.025,3804,0.5904814829042399,0.6841399885235849,0.6568299033598719,8032,6774,0.47360557768924305,0.5615589016829052
hill,0.7,greedy,adaptive_corridor,opsda_cui2015_2h_0.025,1164,0.852839602378593,0.9066065020600894,0.9228522336769762,8032,6774,0.1449203187250996,0.17183348095659876
hill,0.7,maximum_iou,adaptive_corridor,opsda_cui2015_2h_0.025,1164,0.852839602378593,0.9066065020600894,0.9228522336769762,8032,6774,0.1449203187250996,0.17183348095659876
hill,0.3,greedy,adaptive_corridor,opsda_cui2015_4h_0.025,4861,0.5181582117337721,0.6161881931503678,0.6169965046761028,8032,9953,0.6052041832669323,0.4883954586556817
hill,0.3,maximum_iou,adaptive_corridor,opsda_cui2015_4h_0.025,4887,0.5054254618176802,0.6047261022176187,0.6148084343675763,8032,9953,0.608441235059761,0.49100773636089623
hill,0.5,greedy,adaptive_corridor,opsda_cui2015_4h_0.025,3998,0.5900518554869106,0.6830904831086596,0.6723356551458104,8032,9953,0.4977589641434263,0.4016879332864463
hill,0.5,maximum_iou,adaptive_corridor,opsda_cui2015_4h_0.025,3998,0.585518188816881,0.6785675168434938,0.6723356551458104,8032,9953,0.4977589641434263,0.4016879332864463
hill,0.7,greedy,adaptive_corridor,opsda_cui2015_4h_0.025,1404,0.8285578770051681,0.8842478261062057,0.9114071627960518,8032,9953,0.17480079681274902,0.14106299608158343
hill,0.7,maximum_iou,adaptive_corridor,opsda_cui2015_4h_0.025,1404,0.8285578770051681,0.8842478261062057,0.9114071627960518,8032,9953,0.17480079681274902,0.14106299608158343
hill,0.3,greedy,adaptive_corridor,sda_florita2013_0.025,4289,0.6045830562240071,0.69781987493435,0.6013415051827269,8032,5315,0.5339890438247012,0.8069614299153339
hill,0.3,maximum_iou,adaptive_corridor,sda_florita2013_0.025,4290,0.5952432310320025,0.6910699205951201,0.601279032415396,8032,5315,0.5341135458167331,0.8071495766698025
hill,0.5,greedy,adaptive_corridor,sda_florita2013_0.025,3543,0.6599918365608868,0.7518423882355516,0.6556901827435274,8032,5315,0.4411105577689243,0.6666039510818439
hill,0.5,maximum_iou,adaptive_corridor,sda_florita2013_0.025,3543,0.6482710256788861,0.7441633591578308,0.6556901827435274,8032,5315,0.4411105577689243,0.6666039510818439
hill,0.7,greedy,adaptive_corridor,sda_florita2013_0.025,960,0.9529849187526634,0.9811298641180154,0.9542708333333333,8032,5315,0.11952191235059761,0.18062088428974601
hill,0.7,maximum_iou,adaptive_corridor,sda_florita2013_0.025,960,0.9529849187526634,0.9811298641180154,0.9542708333333333,8032,5315,0.11952191235059761,0.18062088428974601
hill,0.3,greedy,adaptive_corridor,threshold_1h,5865,0.685259984085685,0.7510514105970436,0.6592709890280223,8032,7040,0.7302041832669323,0.8330965909090909
hill,0.3,maximum_iou,adaptive_corridor,threshold_1h,5865,0.6793850693817995,0.746789146195297,0.6592709890280223,8032,7040,0.7302041832669323,0.8330965909090909
hill,0.5,greedy,adaptive_corridor,threshold_1h,4671,0.7119147307273267,0.791212030397036,0.7395941013956429,8032,7040,0.5815488047808764,0.6634943181818181
hill,0.5,maximum_iou,adaptive_corridor,threshold_1h,4671,0.7127396619130326,0.7914753733980532,0.7395941013956429,8032,7040,0.5815488047808764,0.6634943181818181
hill,0.7,greedy,adaptive_corridor,threshold_1h,1989,0.9421606080694104,0.9750239447381378,0.9730062965357086,8032,7040,0.24763446215139442,0.2825284090909091
hill,0.7,maximum_iou,adaptive_corridor,threshold_1h,1989,0.9421606080694104,0.9750239447381378,0.9730062965357086,8032,7040,0.24763446215139442,0.2825284090909091
hill,0.3,greedy,adaptive_corridor,threshold_2h,2680,0.5280146004161158,0.5779398477749725,0.5624655508974338,8032,5402,0.3336653386454183,0.49611255090707146
hill,0.3,maximum_iou,adaptive_corridor,threshold_2h,2686,0.5174477041285348,0.5700705704908859,0.5621233179302597,8032,5402,0.33441235059760954,0.4972232506479082
hill,0.5,greedy,adaptive_corridor,threshold_2h,1700,0.5747765320122071,0.6291600947237217,0.6709935521994346,8032,5402,0.21165338645418327,0.31469825990373934
hill,0.5,maximum_iou,adaptive_corridor,threshold_2h,1703,0.5577433111732029,0.6185978434886856,0.6706923304398349,8032,5402,0.2120268924302789,0.31525360977415773
hill,0.7,greedy,adaptive_corridor,threshold_2h,695,0.7100858468037464,0.7589069014914029,0.8534359205941939,8032,5402,0.0865288844621514,0.12865605331358757
hill,0.7,maximum_iou,adaptive_corridor,threshold_2h,695,0.7100858468037464,0.7589069014914029,0.8534359205941939,8032,5402,0.0865288844621514,0.12865605331358757
hill,0.3,greedy,adaptive_corridor,threshold_4h,803,0.2392406207114996,0.31251984961113183,0.45009524933222617,8032,3280,0.09997509960159362,0.2448170731707317
hill,0.3,maximum_iou,adaptive_corridor,threshold_4h,813,0.23784159257598533,0.3120820272959752,0.4483915760949201,8032,3280,0.10122011952191234,0.24786585365853658
hill,0.5,greedy,adaptive_corridor,threshold_4h,257,0.3439744143913486,0.4052337646351302,0.6252045245007021,8032,3280,0.031997011952191234,0.07835365853658537
hill,0.5,maximum_iou,adaptive_corridor,threshold_4h,257,0.3557612441493528,0.41816181249772827,0.6252045245007021,8032,3280,0.031997011952191234,0.07835365853658537
hill,0.7,greedy,adaptive_corridor,threshold_4h,72,0.5507420124665764,0.6338618248270195,0.8183178976071134,8032,3280,0.008964143426294821,0.02195121951219512
hill,0.7,maximum_iou,adaptive_corridor,threshold_4h,72,0.5507420124665764,0.6338618248270195,0.8183178976071134,8032,3280,0.008964143426294821,0.02195121951219512
hill,0.3,greedy,endpoint_corridor_0.025,endpoint_corridor_0.050,7483,0.9312882047179116,0.968169758974458,0.9516637712147533,7740,8585,0.966795865633075,0.8716365754222481
hill,0.3,maximum_iou,endpoint_corridor_0.025,endpoint_corridor_0.050,7483,0.9375075912447638,0.9726969517208494,0.9516637712147533,7740,8585,0.966795865633075,0.8716365754222481
hill,0.5,greedy,endpoint_corridor_0.025,endpoint_corridor_0.050,7439,0.9333931902222337,0.9692925400372947,0.9552941703634001,7740,8585,0.9611111111111111,0.8665113570180547
hill,0.5,maximum_iou,endpoint_corridor_0.025,endpoint_corridor_0.050,7439,0.9393153331734725,0.9735933946948276,0.9552941703634001,7740,8585,0.9611111111111111,0.8665113570180547
hill,0.7,greedy,endpoint_corridor_0.025,endpoint_corridor_0.050,6725,0.9964283274330572,0.9990645896459202,0.998557620817844,7740,8585,0.8688630490956072,0.7833430401863716
hill,0.7,maximum_iou,endpoint_corridor_0.025,endpoint_corridor_0.050,6725,0.9964283274330572,0.9990645896459202,0.998557620817844,7740,8585,0.8688630490956072,0.7833430401863716
hill,0.3,greedy,endpoint_corridor_0.025,endpoint_corridor_0.100,7003,0.8489370748604057,0.911903476168632,0.8345980974140335,7740,8952,0.904780361757106,0.7822832886505808
hill,0.3,maximum_iou,endpoint_corridor_0.025,endpoint_corridor_0.100,7003,0.8484288554171356,0.9154850606155019,0.8345980974140335,7740,8952,0.904780361757106,0.7822832886505808
hill,0.5,greedy,endpoint_corridor_0.025,endpoint_corridor_0.100,6622,0.8581190263998986,0.9192865459394993,0.8628590125267867,7740,8952,0.8555555555555555,0.7397229669347631
hill,0.5,maximum_iou,endpoint_corridor_0.025,endpoint_corridor_0.100,6622,0.8582913107644838,0.9226942740804328,0.8628590125267867,7740,8952,0.8555555555555555,0.7397229669347631
hill,0.7,greedy,endpoint_corridor_0.025,endpoint_corridor_0.100,4695,0.9925499360199113,0.9977499670592316,0.9978802170495462,7740,8952,0.6065891472868217,0.5244638069705094
hill,0.7,maximum_iou,endpoint_corridor_0.025,endpoint_corridor_0.100,4695,0.9925499360199113,0.9977499670592316,0.9978802170495462,7740,8952,0.6065891472868217,0.5244638069705094
hill,0.3,greedy,endpoint_corridor_0.025,financial_tail_1h,1817,0.6902264446577311,0.7751292629819084,0.5443542469271694,7740,2177,0.2347545219638243,0.8346348185576481
hill,0.3,maximum_iou,endpoint_corridor_0.025,financial_tail_1h,1818,0.6692820297100021,0.7578710091534101,0.5443298496516319,7740,2177,0.23488372093023255,0.8350941662838769
hill,0.5,greedy,endpoint_corridor_0.025,financial_tail_1h,1335,0.6969578189605249,0.7787191921479178,0.620362047440699,7740,2177,0.17248062015503876,0.6132292145153881
hill,0.5,maximum_iou,endpoint_corridor_0.025,financial_tail_1h,1336,0.6842755970427474,0.7734176089757728,0.6202719560878243,7740,2177,0.17260981912144702,0.6136885622416169
hill,0.7,greedy,endpoint_corridor_0.025,financial_tail_1h,292,1.0,1.0,0.997431506849315,7740,2177,0.03772609819121447,0.13412953605879652
hill,0.7,maximum_iou,endpoint_corridor_0.025,financial_tail_1h,292,1.0,1.0,0.997431506849315,7740,2177,0.03772609819121447,0.13412953605879652
hill,0.3,greedy,endpoint_corridor_0.025,financial_tail_2h,326,0.6476980941731457,0.6891785930998865,0.46234662576687113,7740,1467,0.04211886304909561,0.2222222222222222
hill,0.3,maximum_iou,endpoint_corridor_0.025,financial_tail_2h,326,0.6520953010331174,0.6912172691384809,0.46234662576687113,7740,1467,0.04211886304909561,0.2222222222222222
hill,0.5,greedy,endpoint_corridor_0.025,financial_tail_2h,166,0.667864802573317,0.7414739779351377,0.5461130235226621,7740,1467,0.02144702842377261,0.11315610088616224
hill,0.5,maximum_iou,endpoint_corridor_0.025,financial_tail_2h,166,0.667864802573317,0.7414739779351377,0.5461130235226621,7740,1467,0.02144702842377261,0.11315610088616224
hill,0.7,greedy,endpoint_corridor_0.025,financial_tail_2h,21,0.7547205300100144,0.7292817679558011,0.7801587301587302,7740,1467,0.0027131782945736434,0.014314928425357873
hill,0.7,maximum_iou,endpoint_corridor_0.025,financial_tail_2h,21,0.7547205300100144,0.7292817679558011,0.7801587301587302,7740,1467,0.0027131782945736434,0.014314928425357873
hill,0.3,greedy,endpoint_corridor_0.025,financial_tail_4h,32,0.5077383143350057,0.5849743289790083,0.35343640734265735,7740,1091,0.004134366925064599,0.02933088909257562
hill,0.3,maximum_iou,endpoint_corridor_0.025,financial_tail_4h,32,0.5077383143350057,0.5849743289790083,0.35343640734265735,7740,1091,0.004134366925064599,0.02933088909257562
hill,0.5,greedy,endpoint_corridor_0.025,financial_tail_4h,0,,,,7740,1091,0.0,0.0
hill,0.5,maximum_iou,endpoint_corridor_0.025,financial_tail_4h,0,,,,7740,1091,0.0,0.0
hill,0.7,greedy,endpoint_corridor_0.025,financial_tail_4h,0,,,,7740,1091,0.0,0.0
hill,0.7,maximum_iou,endpoint_corridor_0.025,financial_tail_4h,0,,,,7740,1091,0.0,0.0
hill,0.3,greedy,endpoint_corridor_0.025,mean_shift_1h,2346,0.5471121346119566,0.5596428972704054,0.42791681890147365,7740,4526,0.30310077519379847,0.518338488731772
hill,0.3,maximum_iou,endpoint_corridor_0.025,mean_shift_1h,2357,0.5298650148054611,0.5401252166205215,0.42747540254964944,7740,4526,0.3045219638242894,0.5207688908528502
hill,0.5,greedy,endpoint_corridor_0.025,mean_shift_1h,770,0.6290835070664423,0.6192086880864784,0.609112554112554,7740,4526,0.09948320413436693,0.17012814847547503
hill,0.5,maximum_iou,endpoint_corridor_0.025,mean_shift_1h,770,0.6290835070664423,0.6192086880864784,0.609112554112554,7740,4526,0.09948320413436693,0.17012814847547503
hill,0.7,greedy,endpoint_corridor_0.025,mean_shift_1h,73,0.9451504561025758,0.9701537913176572,0.9116438356164384,7740,4526,0.009431524547803617,0.016129032258064516
hill,0.7,maximum_iou,endpoint_corridor_0.025,mean_shift_1h,73,0.9451504561025758,0.9701537913176572,0.9116438356164384,7740,4526,0.009431524547803617,0.016129032258064516
hill,0.3,greedy,endpoint_corridor_0.025,mean_shift_2h,90,0.3892036033245802,0.36364370834174914,0.37564734648067977,7740,2660,0.011627906976744186,0.03383458646616541
hill,0.3,maximum_iou,endpoint_corridor_0.025,mean_shift_2h,90,0.3892036033245802,0.36364370834174914,0.37564734648067977,7740,2660,0.011627906976744186,0.03383458646616541
hill,0.5,greedy,endpoint_corridor_0.025,mean_shift_2h,7,0.5799325048195638,0.27586206896551724,0.5640589569160998,7740,2660,0.0009043927648578811,0.002631578947368421
hill,0.5,maximum_iou,endpoint_corridor_0.025,mean_shift_2h,7,0.5799325048195638,0.27586206896551724,0.5640589569160998,7740,2660,0.0009043927648578811,0.002631578947368421
hill,0.7,greedy,endpoint_corridor_0.025,mean_shift_2h,1,1.0,1.0,0.75,7740,2660,0.00012919896640826872,0.00037593984962406017
hill,0.7,maximum_iou,endpoint_corridor_0.025,mean_shift_2h,1,1.0,1.0,0.75,7740,2660,0.00012919896640826872,0.00037593984962406017
hill,0.3,greedy,endpoint_corridor_0.025,mean_shift_4h,0,,,,7740,1328,0.0,0.0
hill,0.3,maximum_iou,endpoint_corridor_0.025,mean_shift_4h,0,,,,7740,1328,0.0,0.0
hill,0.5,greedy,endpoint_corridor_0.025,mean_shift_4h,0,,,,7740,1328,0.0,0.0
hill,0.5,maximum_iou,endpoint_corridor_0.025,mean_shift_4h,0,,,,7740,1328,0.0,0.0
hill,0.7,greedy,endpoint_corridor_0.025,mean_shift_4h,0,,,,7740,1328,0.0,0.0
hill,0.7,maximum_iou,endpoint_corridor_0.025,mean_shift_4h,0,,,,7740,1328,0.0,0.0
hill,0.3,greedy,endpoint_corridor_0.025,opsda_cui2015_1h_0.025,3110,0.5953640416844418,0.6707363224770051,0.4913719185423365,7740,3665,0.4018087855297158,0.8485675306957708
hill,0.3,maximum_iou,endpoint_corridor_0.025,opsda_cui2015_1h_0.025,3111,0.5639062757607309,0.6500164396355054,0.4913211186113789,7740,3665,0.40193798449612406,0.8488403819918144
hill,0.5,greedy,endpoint_corridor_0.025,opsda_cui2015_1h_0.025,2949,0.5899155101480037,0.667036904714611,0.5,7740,3665,0.3810077519379845,0.8046384720327422
hill,0.5,maximum_iou,endpoint_corridor_0.025,opsda_cui2015_1h_0.025,2949,0.5573813079973039,0.6454422540233684,0.5,7740,3665,0.3810077519379845,0.8046384720327422
hill,0.7,greedy,endpoint_corridor_0.025,opsda_cui2015_1h_0.025,0,,,,7740,3665,0.0,0.0
hill,0.7,maximum_iou,endpoint_corridor_0.025,opsda_cui2015_1h_0.025,0,,,,7740,3665,0.0,0.0
hill,0.3,greedy,endpoint_corridor_0.025,opsda_cui2015_2h_0.025,3752,0.5879098953043895,0.6580152287901274,0.49982675906183377,7740,6774,0.4847545219638243,0.5538824918807204
hill,0.3,maximum_iou,endpoint_corridor_0.025,opsda_cui2015_2h_0.025,3752,0.5628247073552346,0.6418102900518254,0.49982675906183377,7740,6774,0.4847545219638243,0.5538824918807204
hill,0.5,greedy,endpoint_corridor_0.025,opsda_cui2015_2h_0.025,3275,0.5976948651328383,0.6728067088169671,0.523913486005089,7740,6774,0.4231266149870801,0.4834661942722173
hill,0.5,maximum_iou,endpoint_corridor_0.025,opsda_cui2015_2h_0.025,3275,0.5727917190145492,0.6563723323217266,0.523913486005089,7740,6774,0.4231266149870801,0.4834661942722173
hill,0.7,greedy,endpoint_corridor_0.025,opsda_cui2015_2h_0.025,43,0.815311891074279,0.864815637272759,0.75,7740,6774,0.005555555555555556,0.0063478004133451435
hill,0.7,maximum_iou,endpoint_corridor_0.025,opsda_cui2015_2h_0.025,43,0.815311891074279,0.864815637272759,0.75,7740,6774,0.005555555555555556,0.0063478004133451435
hill,0.3,greedy,endpoint_corridor_0.025,opsda_cui2015_4h_0.025,3924,0.5570166676824789,0.6389295653281708,0.49053019270909176,7740,9953,0.5069767441860465,0.39425298904852807
hill,0.3,maximum_iou,endpoint_corridor_0.025,opsda_cui2015_4h_0.025,3940,0.5323088954901299,0.6211298044987739,0.4888669325598259,7740,9953,0.5090439276485789,0.3958605445594293
hill,0.5,greedy,endpoint_corridor_0.025,opsda_cui2015_4h_0.025,3167,0.5930358398154212,0.667745980752247,0.5230020900055633,7740,9953,0.40917312661498706,0.3181955189390134
hill,0.5,maximum_iou,endpoint_corridor_0.025,opsda_cui2015_4h_0.025,3167,0.565710292553686,0.6500388274914798,0.5230020900055633,7740,9953,0.40917312661498706,0.3181955189390134
hill,0.7,greedy,endpoint_corridor_0.025,opsda_cui2015_4h_0.025,42,0.8136373186478765,0.8652015919709293,0.7541950113378686,7740,9953,0.005426356589147287,0.004219833216115744
hill,0.7,maximum_iou,endpoint_corridor_0.025,opsda_cui2015_4h_0.025,42,0.8136373186478765,0.8652015919709293,0.7541950113378686,7740,9953,0.005426356589147287,0.004219833216115744
hill,0.3,greedy,endpoint_corridor_0.025,sda_florita2013_0.025,4080,0.6036933380855858,0.6797552466324764,0.4963626283846872,7740,5315,0.5271317829457365,0.7676387582314205
hill,0.3,maximum_iou,endpoint_corridor_0.025,sda_florita2013_0.025,4081,0.5753695293571124,0.661829101741201,0.49632268001540236,7740,5315,0.5272609819121447,0.767826904985889
hill,0.5,greedy,endpoint_corridor_0.025,sda_florita2013_0.025,3497,0.6129175089735214,0.6947381442750211,0.5232859457766521,7740,5315,0.45180878552971576,0.6579492003762936
hill,0.5,maximum_iou,endpoint_corridor_0.025,sda_florita2013_0.025,3497,0.5836390072238773,0.6760431854360549,0.5232859457766521,7740,5315,0.45180878552971576,0.6579492003762936
hill,0.7,greedy,endpoint_corridor_0.025,sda_florita2013_0.025,49,0.8315426746694063,0.8862669245647969,0.7550534499514092,7740,5315,0.006330749354005168,0.009219190968955786
hill,0.7,maximum_iou,endpoint_corridor_0.025,sda_florita2013_0.025,49,0.8315426746694063,0.8862669245647969,0.7550534499514092,7740,5315,0.006330749354005168,0.009219190968955786
hill,0.3,greedy,endpoint_corridor_0.025,threshold_1h,5271,0.6520487199354505,0.718614229730569,0.5400863665519328,7740,7040,0.6810077519379845,0.748721590909091
hill,0.3,maximum_iou,endpoint_corridor_0.025,threshold_1h,5271,0.6415389276031289,0.7113353059488488,0.5400863665519328,7740,7040,0.6810077519379845,0.748721590909091
hill,0.5,greedy,endpoint_corridor_0.025,threshold_1h,3470,0.6792065657766244,0.7680244300707262,0.6460038424591739,7740,7040,0.4483204134366925,0.4928977272727273
hill,0.5,maximum_iou,endpoint_corridor_0.025,threshold_1h,3470,0.6752164714879481,0.7666781623124851,0.6460038424591739,7740,7040,0.4483204134366925,0.4928977272727273
hill,0.7,greedy,endpoint_corridor_0.025,threshold_1h,907,1.0,1.0,0.9950385887541345,7740,7040,0.11718346253229975,0.12883522727272728
hill,0.7,maximum_iou,endpoint_corridor_0.025,threshold_1h,907,1.0,1.0,0.9950385887541345,7740,7040,0.11718346253229975,0.12883522727272728
hill,0.3,greedy,endpoint_corridor_0.025,threshold_2h,831,0.538046581546394,0.5827241890865836,0.45309103585276866,7740,5402,0.10736434108527132,0.1538319141058867
hill,0.3,maximum_iou,endpoint_corridor_0.025,threshold_2h,832,0.542599899875867,0.5830698095135081,0.4529470963064713,7740,5402,0.10749354005167959,0.1540170307293595
hill,0.5,greedy,endpoint_corridor_0.025,threshold_2h,379,0.5856820698293107,0.6616974749727024,0.5563743351342296,7740,5402,0.04896640826873385,0.0701592002961866
hill,0.5,maximum_iou,endpoint_corridor_0.025,threshold_2h,379,0.5856820698293107,0.6616974749727024,0.5563743351342296,7740,5402,0.04896640826873385,0.0701592002961866
hill,0.7,greedy,endpoint_corridor_0.025,threshold_2h,52,0.8007582007788913,0.77817843866171,0.8144230769230768,7740,5402,0.006718346253229974,0.009626064420584968
hill,0.7,maximum_iou,endpoint_corridor_0.025,threshold_2h,52,0.8007582007788913,0.77817843866171,0.8144230769230768,7740,5402,0.006718346253229974,0.009626064420584968
hill,0.3,greedy,endpoint_corridor_0.025,threshold_4h,54,0.33952684693961566,0.2565762202824622,0.3664770928659818,7740,3280,0.0069767441860465115,0.016463414634146342
hill,0.3,maximum_iou,endpoint_corridor_0.025,threshold_4h,54,0.3180452505289392,0.23153457717618725,0.3664770928659818,7740,3280,0.0069767441860465115,0.016463414634146342
hill,0.5,greedy,endpoint_corridor_0.025,threshold_4h,4,1.0,1.0,0.59375,7740,3280,0.0005167958656330749,0.0012195121951219512
hill,0.5,maximum_iou,endpoint_corridor_0.025,threshold_4h,4,1.0,1.0,0.59375,7740,3280,0.0005167958656330749,0.0012195121951219512
hill,0.7,greedy,endpoint_corridor_0.025,threshold_4h,1,1.0,1.0,0.875,7740,3280,0.00012919896640826872,0.0003048780487804878
hill,0.7,maximum_iou,endpoint_corridor_0.025,threshold_4h,1,1.0,1.0,0.875,7740,3280,0.00012919896640826872,0.0003048780487804878
hill,0.3,greedy,endpoint_corridor_0.050,endpoint_corridor_0.100,7791,0.869507200865344,0.9295923886860803,0.8648950818858405,8585,8952,0.9075131042516016,0.8703083109919572
hill,0.3,maximum_iou,endpoint_corridor_0.050,endpoint_corridor_0.100,7791,0.8689751830619024,0.9308537117495109,0.8648950818858405,8585,8952,0.9075131042516016,0.8703083109919572
hill,0.5,greedy,endpoint_corridor_0.050,endpoint_corridor_0.100,7506,0.8763690080577261,0.9342399728299156,0.8844286235273444,8585,8952,0.8743156668608038,0.8384718498659517
hill,0.5,maximum_iou,endpoint_corridor_0.050,endpoint_corridor_0.100,7506,0.8759699446964234,0.9354463251001839,0.8844286235273444,8585,8952,0.8743156668608038,0.8384718498659517
hill,0.7,greedy,endpoint_corridor_0.050,endpoint_corridor_0.100,5663,0.9834180176130586,0.9944674941622629,0.9932426864441699,8585,8952,0.6596389050669773,0.6325960679177838
hill,0.7,maximum_iou,endpoint_corridor_0.050,endpoint_corridor_0.100,5663,0.9834180176130586,0.9944674941622629,0.9932426864441699,8585,8952,0.6596389050669773,0.6325960679177838
hill,0.3,greedy,endpoint_corridor_0.050,financial_tail_1h,1941,0.7104667170648986,0.7940662658875824,0.6098862883638773,8585,2177,0.22609202096680256,0.8915939366100137
hill,0.3,maximum_iou,endpoint_corridor_0.050,financial_tail_1h,1942,0.6784608714527723,0.774732353054163,0.6098297042813007,8585,2177,0.2262085032032615,0.8920532843362425
hill,0.5,greedy,endpoint_corridor_0.050,financial_tail_1h,1517,0.7256146216091562,0.8076063795504006,0.6868474746523527,8585,2177,0.176703552708212,0.6968305006890216
hill,0.5,maximum_iou,endpoint_corridor_0.050,financial_tail_1h,1518,0.7108312018924511,0.7997810462917729,0.6867243867243867,8585,2177,0.17682003494467094,0.6972898484152503
hill,0.7,greedy,endpoint_corridor_0.050,financial_tail_1h,526,0.979640538149858,0.9925223918874181,0.9895708853883759,8585,2177,0.06126965637740245,0.2416169039963252
hill,0.7,maximum_iou,endpoint_corridor_0.050,financial_tail_1h,526,0.979640538149858,0.9925223918874181,0.9895708853883759,8585,2177,0.06126965637740245,0.2416169039963252
hill,0.3,greedy,endpoint_corridor_0.050,financial_tail_2h,576,0.6231997786193961,0.6722387756193539,0.498640547338464,8585,1467,0.06709376820034944,0.39263803680981596
hill,0.3,maximum_iou,endpoint_corridor_0.050,financial_tail_2h,576,0.6231997786193961,0.6722387756193539,0.498640547338464,8585,1467,0.06709376820034944,0.39263803680981596
hill,0.5,greedy,endpoint_corridor_0.050,financial_tail_2h,322,0.681847066047695,0.7388760958584051,0.5965690624075718,8585,1467,0.037507280139778686,0.2194955691888207
hill,0.5,maximum_iou,endpoint_corridor_0.050,financial_tail_2h,322,0.681847066047695,0.7388760958584051,0.5965690624075718,8585,1467,0.037507280139778686,0.2194955691888207
hill,0.7,greedy,endpoint_corridor_0.050,financial_tail_2h,79,0.7198123359139829,0.7564635395215414,0.828390596745027,8585,1467,0.009202096680256261,0.05385139740967962
hill,0.7,maximum_iou,endpoint_corridor_0.050,financial_tail_2h,79,0.7198123359139829,0.7564635395215414,0.828390596745027,8585,1467,0.009202096680256261,0.05385139740967962
hill,0.3,greedy,endpoint_corridor_0.050,financial_tail_4h,126,0.4357585265509636,0.5163069995937049,0.40442527049669913,8585,1091,0.014676761793826442,0.1154903758020165
hill,0.3,maximum_iou,endpoint_corridor_0.050,financial_tail_4h,126,0.4361105025191161,0.5123230863041625,0.40442527049669913,8585,1091,0.014676761793826442,0.1154903758020165
hill,0.5,greedy,endpoint_corridor_0.050,financial_tail_4h,29,0.7746763365723238,0.7602834087777997,0.5618773946360153,8585,1091,0.00337798485730926,0.026581118240146653
hill,0.5,maximum_iou,endpoint_corridor_0.050,financial_tail_4h,29,0.7746763365723238,0.7602834087777997,0.5618773946360153,8585,1091,0.00337798485730926,0.026581118240146653
hill,0.7,greedy,endpoint_corridor_0.050,financial_tail_4h,3,0.7336804366512112,0.0,0.8009259259259259,8585,1091,0.00034944670937682004,0.002749770852428964
hill,0.7,maximum_iou,endpoint_corridor_0.050,financial_tail_4h,3,0.7336804366512112,0.0,0.8009259259259259,8585,1091,0.00034944670937682004,0.002749770852428964
hill,0.3,greedy,endpoint_corridor_0.050,mean_shift_1h,2978,0.5589696548908137,0.5754901314927932,0.48248504909015333,8585,4526,0.3468841001747234,0.6579761378700839
hill,0.3,maximum_iou,endpoint_corridor_0.050,mean_shift_1h,2986,0.5377119769664733,0.5555020322294939,0.4820854463687686,8585,4526,0.34781595806639487,0.65974370304905
hill,0.5,greedy,endpoint_corridor_0.050,mean_shift_1h,1404,0.6243292954301767,0.6218728810801978,0.6389550264550264,8585,4526,0.16354105998835178,0.3102076889085285
hill,0.5,maximum_iou,endpoint_corridor_0.050,mean_shift_1h,1404,0.6282039812247033,0.6226961770496428,0.6389550264550264,8585,4526,0.16354105998835178,0.3102076889085285
hill,0.7,greedy,endpoint_corridor_0.050,mean_shift_1h,269,0.8485100180542285,0.8910385742280299,0.9024163568773236,8585,4526,0.031333721607454866,0.059434379142730885
hill,0.7,maximum_iou,endpoint_corridor_0.050,mean_shift_1h,269,0.8485100180542285,0.8910385742280299,0.9024163568773236,8585,4526,0.031333721607454866,0.059434379142730885
hill,0.3,greedy,endpoint_corridor_0.050,mean_shift_2h,313,0.3673131028896987,0.35097239130250446,0.39225883275404044,8585,2660,0.036458940011648226,0.11766917293233083
hill,0.3,maximum_iou,endpoint_corridor_0.050,mean_shift_2h,313,0.36692689083988345,0.3496135628010102,0.39225883275404044,8585,2660,0.036458940011648226,0.11766917293233083
hill,0.5,greedy,endpoint_corridor_0.050,mean_shift_2h,43,0.550918693295108,0.4416689337917048,0.5823643410852714,8585,2660,0.005008736167734421,0.016165413533834588
hill,0.5,maximum_iou,endpoint_corridor_0.050,mean_shift_2h,43,0.550918693295108,0.4416689337917048,0.5823643410852714,8585,2660,0.005008736167734421,0.016165413533834588
hill,0.7,greedy,endpoint_corridor_0.050,mean_shift_2h,7,0.6380508302234983,0.3524229074889868,0.7704081632653061,8585,2660,0.0008153756552125801,0.002631578947368421
hill,0.7,maximum_iou,endpoint_corridor_0.050,mean_shift_2h,7,0.6380508302234983,0.3524229074889868,0.7704081632653061,8585,2660,0.0008153756552125801,0.002631578947368421
hill,0.3,greedy,endpoint_corridor_0.050,mean_shift_4h,5,0.6712694853274374,0.21052631578947367,0.3483660130718954,8585,1328,0.0005824111822947001,0.0037650602409638554
hill,0.3,maximum_iou,endpoint_corridor_0.050,mean_shift_4h,5,0.6712694853274374,0.21052631578947367,0.3483660130718954,8585,1328,0.0005824111822947001,0.0037650602409638554
hill,0.5,greedy,endpoint_corridor_0.050,mean_shift_4h,0,,,,8585,1328,0.0,0.0
hill,0.5,maximum_iou,endpoint_corridor_0.050,mean_shift_4h,0,,,,8585,1328,0.0,0.0
hill,0.7,greedy,endpoint_corridor_0.050,mean_shift_4h,0,,,,8585,1328,0.0,0.0
hill,0.7,maximum_iou,endpoint_corridor_0.050,mean_shift_4h,0,,,,8585,1328,0.0,0.0
hill,0.3,greedy,endpoint_corridor_0.050,opsda_cui2015_1h_0.025,3277,0.610440191724414,0.685082028953023,0.5241481029396806,8585,3665,0.38171228887594644,0.8941336971350614
hill,0.3,maximum_iou,endpoint_corridor_0.050,opsda_cui2015_1h_0.025,3280,0.5796385949922375,0.6659450064822995,0.5239735772357723,8585,3665,0.38206173558532325,0.8949522510231923
hill,0.5,greedy,endpoint_corridor_0.050,opsda_cui2015_1h_0.025,2988,0.6005869980062603,0.6767567443423965,0.5425591253904507,8585,3665,0.34804892253931274,0.8152796725784448
hill,0.5,maximum_iou,endpoint_corridor_0.050,opsda_cui2015_1h_0.025,2988,0.5688154206305704,0.6567153599591538,0.5425591253904507,8585,3665,0.34804892253931274,0.8152796725784448
hill,0.7,greedy,endpoint_corridor_0.050,opsda_cui2015_1h_0.025,236,1.0,1.0,1.0,8585,3665,0.027489807804309842,0.06439290586630286
hill,0.7,maximum_iou,endpoint_corridor_0.050,opsda_cui2015_1h_0.025,236,1.0,1.0,1.0,8585,3665,0.027489807804309842,0.06439290586630286
hill,0.3,greedy,endpoint_corridor_0.050,opsda_cui2015_2h_0.025,4206,0.58862876493259,0.6694951821038239,0.5485881846794828,8585,6774,0.4899242865463017,0.620903454384411
hill,0.3,maximum_iou,endpoint_corridor_0.050,opsda_cui2015_2h_0.025,4206,0.5745656854533279,0.6592974562942641,0.5485881846794828,8585,6774,0.4899242865463017,0.620903454384411
hill,0.5,greedy,endpoint_corridor_0.050,opsda_cui2015_2h_0.025,3805,0.594282458620785,0.6812442046029256,0.5709955572242037,8585,6774,0.44321490972626676,0.5617065249483318
hill,0.5,maximum_iou,endpoint_corridor_0.050,opsda_cui2015_2h_0.025,3805,0.5786864490845997,0.6698935985031388,0.5709955572242037,8585,6774,0.44321490972626676,0.5617065249483318
hill,0.7,greedy,endpoint_corridor_0.050,opsda_cui2015_2h_0.025,437,0.867456771909799,0.9221778539884486,0.916933638443936,8585,6774,0.050902737332556784,0.06451136699143785
hill,0.7,maximum_iou,endpoint_corridor_0.050,opsda_cui2015_2h_0.025,437,0.867456771909799,0.9221778539884486,0.916933638443936,8585,6774,0.050902737332556784,0.06451136699143785
hill,0.3,greedy,endpoint_corridor_0.050,opsda_cui2015_4h_0.025,4586,0.5510791285623244,0.6396190986816209,0.5365511148491959,8585,9953,0.5341875364006989,0.4607655983120667
hill,0.3,maximum_iou,endpoint_corridor_0.050,opsda_cui2015_4h_0.025,4613,0.5270578593309788,0.6197256450896146,0.5340318423778211,8585,9953,0.5373325567850903,0.4634783482367125
hill,0.5,greedy,endpoint_corridor_0.050,opsda_cui2015_4h_0.025,3756,0.5921696472420922,0.6777668966427162,0.5755344887333705,8585,9953,0.4375072801397787,0.3773736561840651
hill,0.5,maximum_iou,endpoint_corridor_0.050,opsda_cui2015_4h_0.025,3756,0.5735155475429667,0.6641055061626849,0.5755344887333705,8585,9953,0.4375072801397787,0.3773736561840651
hill,0.7,greedy,endpoint_corridor_0.050,opsda_cui2015_4h_0.025,462,0.8843131516074437,0.9369026524698292,0.9153421974850546,8585,9953,0.05381479324403029,0.04641816537727318
hill,0.7,maximum_iou,endpoint_corridor_0.050,opsda_cui2015_4h_0.025,462,0.8843131516074437,0.9369026524698292,0.9153421974850546,8585,9953,0.05381479324403029,0.04641816537727318
hill,0.3,greedy,endpoint_corridor_0.050,sda_florita2013_0.025,4439,0.6219970756411084,0.7032339860377792,0.5445880131732801,8585,5315,0.5170646476412347,0.8351834430856068
hill,0.3,maximum_iou,endpoint_corridor_0.050,sda_florita2013_0.025,4441,0.5983099339196112,0.6890279561985302,0.54449287483514,8585,5315,0.5172976121141526,0.8355597365945437
hill,0.5,greedy,endpoint_corridor_0.050,sda_florita2013_0.025,3868,0.6288783661086931,0.7174596135396503,0.5756469444034077,8585,5315,0.45055329062317995,0.7277516462841016
hill,0.5,maximum_iou,endpoint_corridor_0.050,sda_florita2013_0.025,3868,0.6024817475273452,0.701646700776341,0.5756469444034077,8585,5315,0.45055329062317995,0.7277516462841016
hill,0.7,greedy,endpoint_corridor_0.050,sda_florita2013_0.025,467,0.9276003217232973,0.9687209865633855,0.9270470072397267,8585,5315,0.05439720442632499,0.0878645343367827
hill,0.7,maximum_iou,endpoint_corridor_0.050,sda_florita2013_0.025,467,0.9276003217232973,0.9687209865633855,0.9270470072397267,8585,5315,0.05439720442632499,0.0878645343367827
hill,0.3,greedy,endpoint_corridor_0.050,threshold_1h,6077,0.6715501765467099,0.7404329193640002,0.6087923239066896,8585,7040,0.7078625509609785,0.8632102272727272
hill,0.3,maximum_iou,endpoint_corridor_0.050,threshold_1h,6077,0.6581045448977375,0.7335498726326151,0.6087923239066896,8585,7040,0.7078625509609785,0.8632102272727272
hill,0.5,greedy,endpoint_corridor_0.050,threshold_1h,4452,0.7052610307380357,0.7942785580552958,0.7078236640568176,8585,7040,0.518578916715201,0.6323863636363637
hill,0.5,maximum_iou,endpoint_corridor_0.050,threshold_1h,4452,0.699635435817771,0.7916469085980751,0.7078236640568176,8585,7040,0.518578916715201,0.6323863636363637
hill,0.7,greedy,endpoint_corridor_0.050,threshold_1h,1679,0.9787029485202485,0.992468729251873,0.9896664681357951,8585,7040,0.19557367501456027,0.23849431818181818
hill,0.7,maximum_iou,endpoint_corridor_0.050,threshold_1h,1679,0.9787029485202485,0.992468729251873,0.9896664681357951,8585,7040,0.19557367501456027,0.23849431818181818
hill,0.3,greedy,endpoint_corridor_0.050,threshold_2h,1652,0.5252191194520669,0.5772096681198331,0.4966771979029847,8585,5402,0.1924286546301689,0.30581266197704554
hill,0.3,maximum_iou,endpoint_corridor_0.050,threshold_2h,1654,0.5203653770718561,0.574024312244365,0.49641922466892224,8585,5402,0.19266161910308677,0.3061828952239911
hill,0.5,greedy,endpoint_corridor_0.050,threshold_2h,871,0.5755039720277064,0.6493091813205732,0.610939599372435,8585,5402,0.10145602795573674,0.1612365790447982
hill,0.5,maximum_iou,endpoint_corridor_0.050,threshold_2h,871,0.5671647508657517,0.6444664026119202,0.610939599372435,8585,5402,0.10145602795573674,0.1612365790447982
hill,0.7,greedy,endpoint_corridor_0.050,threshold_2h,237,0.7437767826599427,0.8064936081443098,0.841360257183042,8585,5402,0.027606290040768783,0.043872639763050725
hill,0.7,maximum_iou,endpoint_corridor_0.050,threshold_2h,237,0.7437767826599427,0.8064936081443098,0.841360257183042,8585,5402,0.027606290040768783,0.043872639763050725
hill,0.3,greedy,endpoint_corridor_0.050,threshold_4h,232,0.2910742896707339,0.3378557010969575,0.39300624894881986,8585,3280,0.02702387885847408,0.07073170731707316
hill,0.3,maximum_iou,endpoint_corridor_0.050,threshold_4h,232,0.2970449992225916,0.33624360625370275,0.39300624894881986,8585,3280,0.02702387885847408,0.07073170731707316
hill,0.5,greedy,endpoint_corridor_0.050,threshold_4h,39,0.4812359076336639,0.44559952746603665,0.5707070707070707,8585,3280,0.00454280722189866,0.011890243902439025
hill,0.5,maximum_iou,endpoint_corridor_0.050,threshold_4h,39,0.4812359076336639,0.44559952746603665,0.5707070707070707,8585,3280,0.00454280722189866,0.011890243902439025
hill,0.7,greedy,endpoint_corridor_0.050,threshold_4h,5,0.0,0.0,0.8083333333333332,8585,3280,0.0005824111822947001,0.001524390243902439
hill,0.7,maximum_iou,endpoint_corridor_0.050,threshold_4h,5,0.0,0.0,0.8083333333333332,8585,3280,0.0005824111822947001,0.001524390243902439
hill,0.3,greedy,endpoint_corridor_0.100,financial_tail_1h,2005,0.7352192263005353,0.8131275294486348,0.6732680204251277,8952,2177,0.22397229669347632,0.9209921910886542
hill,0.3,maximum_iou,endpoint_corridor_0.100,financial_tail_1h,2006,0.7279188839620891,0.807221625806014,0.6731816455395718,8952,2177,0.2240840035746202,0.9214515388148828
hill,0.5,greedy,endpoint_corridor_0.100,financial_tail_1h,1655,0.7522185384498734,0.8320207367087399,0.7442339231765214,8952,2177,0.18487488829311885,0.7602204869085898
hill,0.5,maximum_iou,endpoint_corridor_0.100,financial_tail_1h,1656,0.7481440522271885,0.8301219439203871,0.7440864389233954,8952,2177,0.18498659517426275,0.7606798346348186
hill,0.7,greedy,endpoint_corridor_0.100,financial_tail_1h,720,0.9629277869711523,0.9863592674978796,0.98578373015873,8952,2177,0.08042895442359249,0.3307303628847037
hill,0.7,maximum_iou,endpoint_corridor_0.100,financial_tail_1h,720,0.9629277869711523,0.9863592674978796,0.98578373015873,8952,2177,0.08042895442359249,0.3307303628847037
hill,0.3,greedy,endpoint_corridor_0.100,financial_tail_2h,862,0.6139754745062806,0.6694416281482465,0.552953781202041,8952,1467,0.09629133154602323,0.5875937286980232
hill,0.3,maximum_iou,endpoint_corridor_0.100,financial_tail_2h,862,0.6120495479392603,0.6675530504856405,0.552953781202041,8952,1467,0.09629133154602323,0.5875937286980232
hill,0.5,greedy,endpoint_corridor_0.100,financial_tail_2h,556,0.6545594753340728,0.7043989999359681,0.6493769270298049,8952,1467,0.06210902591599642,0.37900477164280844
hill,0.5,maximum_iou,endpoint_corridor_0.100,financial_tail_2h,556,0.6476290662567638,0.7002846463368213,0.6493769270298049,8952,1467,0.06210902591599642,0.37900477164280844
hill,0.7,greedy,endpoint_corridor_0.100,financial_tail_2h,200,0.7521002728035514,0.7754442130464771,0.8474007936507936,8952,1467,0.022341376228775692,0.136332651670075
hill,0.7,maximum_iou,endpoint_corridor_0.100,financial_tail_2h,200,0.7521002728035514,0.7754442130464771,0.8474007936507936,8952,1467,0.022341376228775692,0.136332651670075
hill,0.3,greedy,endpoint_corridor_0.100,financial_tail_4h,354,0.4084779721724867,0.5169766252870467,0.4312638123019479,8952,1091,0.039544235924932974,0.3244729605866178
hill,0.3,maximum_iou,endpoint_corridor_0.100,financial_tail_4h,358,0.4305824245997772,0.5247445782860436,0.4303307687036737,8952,1091,0.039991063449508486,0.3281393217231897
hill,0.5,greedy,endpoint_corridor_0.100,financial_tail_4h,98,0.5546591334192907,0.6244650126230684,0.5996851221341019,8952,1091,0.010947274352100089,0.08982584784601283
hill,0.5,maximum_iou,endpoint_corridor_0.100,financial_tail_4h,98,0.6049215663031193,0.6514818817928771,0.5996851221341019,8952,1091,0.010947274352100089,0.08982584784601283
hill,0.7,greedy,endpoint_corridor_0.100,financial_tail_4h,21,0.8478552878185874,0.8267644362969753,0.8273757988043703,8952,1091,0.0023458445040214475,0.01924839596700275
hill,0.7,maximum_iou,endpoint_corridor_0.100,financial_tail_4h,21,0.8478552878185874,0.8267644362969753,0.8273757988043703,8952,1091,0.0023458445040214475,0.01924839596700275
hill,0.3,greedy,endpoint_corridor_0.100,mean_shift_1h,3597,0.5727244870062895,0.5801406542924108,0.5671327737841497,8952,4526,0.40180965147453085,0.7947414935925762
hill,0.3,maximum_iou,endpoint_corridor_0.100,mean_shift_1h,3601,0.561509703121778,0.5688562410018697,0.5668730687683756,8952,4526,0.4022564789991063,0.7956252761820592
hill,0.5,greedy,endpoint_corridor_0.100,mean_shift_1h,2384,0.6157830814460248,0.6027047515396188,0.678928471556408,8952,4526,0.26630920464700625,0.5267344233318604
hill,0.5,maximum_iou,endpoint_corridor_0.100,mean_shift_1h,2384,0.6190194441907294,0.6035671481279,0.678928471556408,8952,4526,0.26630920464700625,0.5267344233318604
hill,0.7,greedy,endpoint_corridor_0.100,mean_shift_1h,769,0.7853009549855406,0.8385265130287173,0.8827620905319213,8952,4526,0.08590259159964254,0.1699072028281043
hill,0.7,maximum_iou,endpoint_corridor_0.100,mean_shift_1h,769,0.7853009549855406,0.8385265130287173,0.8827620905319213,8952,4526,0.08590259159964254,0.1699072028281043
hill,0.3,greedy,endpoint_corridor_0.100,mean_shift_2h,894,0.3086286432398372,0.3047529061219981,0.4260257475649823,8952,2660,0.09986595174262734,0.3360902255639098
hill,0.3,maximum_iou,endpoint_corridor_0.100,mean_shift_2h,897,0.303426851760135,0.2998287652130906,0.4257900613040812,8952,2660,0.10020107238605898,0.337218045112782
hill,0.5,greedy,endpoint_corridor_0.100,mean_shift_2h,230,0.523515272585399,0.4351948695819716,0.5996622438374356,8952,2660,0.025692582663092045,0.08646616541353383
hill,0.5,maximum_iou,endpoint_corridor_0.100,mean_shift_2h,230,0.523515272585399,0.4351948695819716,0.5996622438374356,8952,2660,0.025692582663092045,0.08646616541353383
hill,0.7,greedy,endpoint_corridor_0.100,mean_shift_2h,50,0.6333407539627487,0.5234127119735655,0.7784444444444444,8952,2660,0.005585344057193923,0.018796992481203006
hill,0.7,maximum_iou,endpoint_corridor_0.100,mean_shift_2h,50,0.6333407539627487,0.5234127119735655,0.7784444444444444,8952,2660,0.005585344057193923,0.018796992481203006
hill,0.3,greedy,endpoint_corridor_0.100,mean_shift_4h,75,0.34382697918013383,0.29813057662652537,0.3741253559404141,8952,1328,0.008378016085790885,0.05647590361445783
hill,0.3,maximum_iou,endpoint_corridor_0.100,mean_shift_4h,75,0.34382697918013383,0.29813057662652537,0.3741253559404141,8952,1328,0.008378016085790885,0.05647590361445783
hill,0.5,greedy,endpoint_corridor_0.100,mean_shift_4h,6,0.6853314789615865,0.375,0.5832580187843346,8952,1328,0.0006702412868632708,0.004518072289156626
hill,0.5,maximum_iou,endpoint_corridor_0.100,mean_shift_4h,6,0.6853314789615865,0.375,0.5832580187843346,8952,1328,0.0006702412868632708,0.004518072289156626
hill,0.7,greedy,endpoint_corridor_0.100,mean_shift_4h,1,1.0,1.0,0.7333333333333333,8952,1328,0.00011170688114387846,0.0007530120481927711
hill,0.7,maximum_iou,endpoint_corridor_0.100,mean_shift_4h,1,1.0,1.0,0.7333333333333333,8952,1328,0.00011170688114387846,0.0007530120481927711
hill,0.3,greedy,endpoint_corridor_0.100,opsda_cui2015_1h_0.025,3438,0.6217359542115044,0.697197399481475,0.6005623424471592,8952,3665,0.38404825737265413,0.9380627557980901
hill,0.3,maximum_iou,endpoint_corridor_0.100,opsda_cui2015_1h_0.025,3439,0.6115039575775412,0.6910996152886204,0.6004846370068819,8952,3665,0.38415996425379806,0.9383356070941337
hill,0.5,greedy,endpoint_corridor_0.100,opsda_cui2015_1h_0.025,3014,0.6319928316895833,0.7036626862486811,0.6374695863746959,8952,3665,0.33668453976764967,0.8223738062755798
hill,0.5,maximum_iou,endpoint_corridor_0.100,opsda_cui2015_1h_0.025,3014,0.6182186302905256,0.6960514193583128,0.6374695863746959,8952,3665,0.33668453976764967,0.8223738062755798
hill,0.7,greedy,endpoint_corridor_0.100,opsda_cui2015_1h_0.025,698,1.0,1.0,1.0,8952,3665,0.07797140303842717,0.19045020463847204
hill,0.7,maximum_iou,endpoint_corridor_0.100,opsda_cui2015_1h_0.025,698,1.0,1.0,1.0,8952,3665,0.07797140303842717,0.19045020463847204
hill,0.3,greedy,endpoint_corridor_0.100,opsda_cui2015_2h_0.025,4727,0.5810412801010371,0.6683067646978077,0.6248172437298735,8952,6774,0.5280384271671135,0.6978151756716858
hill,0.3,maximum_iou,endpoint_corridor_0.100,opsda_cui2015_2h_0.025,4727,0.5755228903561295,0.6632698880131329,0.6248172437298735,8952,6774,0.5280384271671135,0.6978151756716858
hill,0.5,greedy,endpoint_corridor_0.100,opsda_cui2015_2h_0.025,4212,0.5955837410579193,0.6865185122020863,0.6588211685433908,8952,6774,0.47050938337801607,0.6217891939769707
hill,0.5,maximum_iou,endpoint_corridor_0.100,opsda_cui2015_2h_0.025,4212,0.5905169702759155,0.6813735147411959,0.6588211685433908,8952,6774,0.47050938337801607,0.6217891939769707
hill,0.7,greedy,endpoint_corridor_0.100,opsda_cui2015_2h_0.025,1340,0.8457138952824625,0.9030651473954763,0.9225746268656716,8952,6774,0.14968722073279714,0.19781517567168586
hill,0.7,maximum_iou,endpoint_corridor_0.100,opsda_cui2015_2h_0.025,1340,0.8457138952824625,0.9030651473954763,0.9225746268656716,8952,6774,0.14968722073279714,0.19781517567168586
hill,0.3,greedy,endpoint_corridor_0.100,opsda_cui2015_4h_0.025,5290,0.538161255347745,0.6312338715368907,0.6177460639981489,8952,9953,0.590929401251117,0.5314980407917211
hill,0.3,maximum_iou,endpoint_corridor_0.100,opsda_cui2015_4h_0.025,5306,0.5281341209873158,0.6209310439456834,0.616521819409782,8952,9953,0.5927167113494192,0.5331055963026223
hill,0.5,greedy,endpoint_corridor_0.100,opsda_cui2015_4h_0.025,4405,0.5984144652324942,0.6837679744719609,0.6694045921287692,8952,9953,0.4920688114387846,0.44258012659499646
hill,0.5,maximum_iou,endpoint_corridor_0.100,opsda_cui2015_4h_0.025,4405,0.5942746628780997,0.679495386391701,0.6694045921287692,8952,9953,0.4920688114387846,0.44258012659499646
hill,0.7,greedy,endpoint_corridor_0.100,opsda_cui2015_4h_0.025,1526,0.8318557791334155,0.8936812541911505,0.9138299773620875,8952,9953,0.17046470062555855,0.15332060685220536
hill,0.7,maximum_iou,endpoint_corridor_0.100,opsda_cui2015_4h_0.025,1526,0.8318557791334155,0.8936812541911505,0.9138299773620875,8952,9953,0.17046470062555855,0.15332060685220536
hill,0.3,greedy,endpoint_corridor_0.100,sda_florita2013_0.025,4666,0.6277715293000218,0.7112395958047737,0.6138245630637401,8952,5315,0.5212243074173369,0.877892756349953
hill,0.3,maximum_iou,endpoint_corridor_0.100,sda_florita2013_0.025,4668,0.6185384018273117,0.7057882054785187,0.6137043868727674,8952,5315,0.5214477211796247,0.87826904985889
hill,0.5,greedy,endpoint_corridor_0.100,sda_florita2013_0.025,3982,0.653758840475979,0.7397794581529862,0.660782214046905,8952,5315,0.444816800714924,0.7492003762935089
hill,0.5,maximum_iou,endpoint_corridor_0.100,sda_florita2013_0.025,3982,0.6432511137726219,0.7343681354317552,0.660782214046905,8952,5315,0.444816800714924,0.7492003762935089
hill,0.7,greedy,endpoint_corridor_0.100,sda_florita2013_0.025,1137,0.9497813277414575,0.9796455185422203,0.9553467201224456,8952,5315,0.1270107238605898,0.21392285983066792
hill,0.7,maximum_iou,endpoint_corridor_0.100,sda_florita2013_0.025,1137,0.9497813277414575,0.9796455185422203,0.9553467201224456,8952,5315,0.1270107238605898,0.21392285983066792
hill,0.3,greedy,endpoint_corridor_0.100,threshold_1h,6493,0.6956461064829798,0.7602309011368533,0.6683831672203764,8952,7040,0.7253127792672028,0.9223011363636363
hill,0.3,maximum_iou,endpoint_corridor_0.100,threshold_1h,6493,0.6890736835563053,0.7574134241513814,0.6683831672203764,8952,7040,0.7253127792672028,0.9223011363636363
hill,0.5,greedy,endpoint_corridor_0.100,threshold_1h,5230,0.7242302422940017,0.8042900900483304,0.7472475644177364,8952,7040,0.5842269883824843,0.7428977272727273
hill,0.5,maximum_iou,endpoint_corridor_0.100,threshold_1h,5230,0.7229638155925532,0.8038662398945111,0.7472475644177364,8952,7040,0.5842269883824843,0.7428977272727273
hill,0.7,greedy,endpoint_corridor_0.100,threshold_1h,2322,0.9547412547250149,0.9814753939715221,0.9771133259505353,8952,7040,0.2593833780160858,0.32982954545454546
hill,0.7,maximum_iou,endpoint_corridor_0.100,threshold_1h,2322,0.9547412547250149,0.9814753939715221,0.9771133259505353,8952,7040,0.2593833780160858,0.32982954545454546
hill,0.3,greedy,endpoint_corridor_0.100,threshold_2h,2817,0.5435580920258349,0.5912197978409189,0.5529458757627023,8952,5402,0.31467828418230565,0.5214735283228434
hill,0.3,maximum_iou,endpoint_corridor_0.100,threshold_2h,2822,0.5361067320794998,0.5881826688531543,0.5525912193169458,8952,5402,0.31523681858802505,0.5223991114402073
hill,0.5,greedy,endpoint_corridor_0.100,threshold_2h,1740,0.5682668095263096,0.6322285360661516,0.6641145859249308,8952,5402,0.19436997319034852,0.32210292484265085
hill,0.5,maximum_iou,endpoint_corridor_0.100,threshold_2h,1740,0.5631048771942535,0.6301788559744651,0.6641145859249308,8952,5402,0.19436997319034852,0.32210292484265085
hill,0.7,greedy,endpoint_corridor_0.100,threshold_2h,687,0.7387346424665285,0.7807442658486338,0.8549403895473764,8952,5402,0.0767426273458445,0.12717512032580525
hill,0.7,maximum_iou,endpoint_corridor_0.100,threshold_2h,687,0.7387346424665285,0.7807442658486338,0.8549403895473764,8952,5402,0.0767426273458445,0.12717512032580525
hill,0.3,greedy,endpoint_corridor_0.100,threshold_4h,726,0.28260857826054314,0.34879574948687403,0.426602933781626,8952,3280,0.08109919571045576,0.22134146341463415
hill,0.3,maximum_iou,endpoint_corridor_0.100,threshold_4h,731,0.27986813952243356,0.3462272671472857,0.42584717576062386,8952,3280,0.08165773011617515,0.2228658536585366
hill,0.5,greedy,endpoint_corridor_0.100,threshold_4h,176,0.43179916530611584,0.4744134838475599,0.6208093122155623,8952,3280,0.01966041108132261,0.05365853658536585
hill,0.5,maximum_iou,endpoint_corridor_0.100,threshold_4h,176,0.44967634701342973,0.48617124632272984,0.6208093122155623,8952,3280,0.01966041108132261,0.05365853658536585
hill,0.7,greedy,endpoint_corridor_0.100,threshold_4h,43,0.627944978404435,0.6617993978335628,0.8131489311721869,8952,3280,0.004803395889186774,0.013109756097560975
hill,0.7,maximum_iou,endpoint_corridor_0.100,threshold_4h,43,0.627944978404435,0.6617993978335628,0.8131489311721869,8952,3280,0.004803395889186774,0.013109756097560975
hill,0.3,greedy,financial_tail_1h,financial_tail_2h,1154,0.6027467813052291,0.665443917123201,0.5150415394349537,2177,1467,0.5300872760679834,0.7866394001363326
hill,0.3,maximum_iou,financial_tail_1h,financial_tail_2h,1154,0.602762483751823,0.665304147042716,0.5150415394349537,2177,1467,0.5300872760679834,0.7866394001363326
hill,0.5,greedy,financial_tail_1h,financial_tail_2h,797,0.6087323791620282,0.6847465790807536,0.5712154707135887,2177,1467,0.3661001378043179,0.5432856169052488
hill,0.5,maximum_iou,financial_tail_1h,financial_tail_2h,797,0.6087323791620282,0.6847465790807536,0.5712154707135887,2177,1467,0.3661001378043179,0.5432856169052488
hill,0.7,greedy,financial_tail_1h,financial_tail_2h,124,0.6926991329984185,0.7597782779462894,0.7894073220686123,2177,1467,0.05695911805236564,0.0845262440354465
hill,0.7,maximum_iou,financial_tail_1h,financial_tail_2h,124,0.6926991329984185,0.7597782779462894,0.7894073220686123,2177,1467,0.05695911805236564,0.0845262440354465
hill,0.3,greedy,financial_tail_1h,financial_tail_4h,236,0.5532440063611492,0.6344837660874523,0.3660094731069307,2177,1091,0.10840606338998622,0.21631530705774518
hill,0.3,maximum_iou,financial_tail_1h,financial_tail_4h,238,0.5411187945405895,0.6073350458044708,0.3657348836970686,2177,1091,0.10932475884244373,0.21814848762603117
hill,0.5,greedy,financial_tail_1h,financial_tail_4h,15,0.7854079920331901,0.7619047619047619,0.5457795907795907,2177,1091,0.006890215893431328,0.013748854262144821
hill,0.5,maximum_iou,financial_tail_1h,financial_tail_4h,15,0.7854079920331901,0.7619047619047619,0.5457795907795907,2177,1091,0.006890215893431328,0.013748854262144821
hill,0.7,greedy,financial_tail_1h,financial_tail_4h,1,1.0,1.0,0.75,2177,1091,0.00045934772622875517,0.0009165902841429881
hill,0.7,maximum_iou,financial_tail_1h,financial_tail_4h,1,1.0,1.0,0.75,2177,1091,0.00045934772622875517,0.0009165902841429881
hill,0.3,greedy,financial_tail_1h,mean_shift_1h,1610,0.5625835516197468,0.5786415616069183,0.6467484965000492,2177,4526,0.7395498392282959,0.35572249226690233
hill,0.3,maximum_iou,financial_tail_1h,mean_shift_1h,1610,0.5635526355326735,0.5791369108966702,0.6467484965000492,2177,4526,0.7395498392282959,0.35572249226690233
hill,0.5,greedy,financial_tail_1h,mean_shift_1h,1489,0.5637184689645873,0.5706992852727154,0.668366966217873,2177,4526,0.6839687643546164,0.32898806893504196
hill,0.5,maximum_iou,financial_tail_1h,mean_shift_1h,1489,0.5637184689645873,0.5706992852727154,0.668366966217873,2177,4526,0.6839687643546164,0.32898806893504196
hill,0.7,greedy,financial_tail_1h,mean_shift_1h,468,0.6978630016345618,0.7869762796990377,0.8497269705603039,2177,4526,0.21497473587505742,0.1034025629695095
hill,0.7,maximum_iou,financial_tail_1h,mean_shift_1h,468,0.6978630016345618,0.7869762796990377,0.8497269705603039,2177,4526,0.21497473587505742,0.1034025629695095
hill,0.3,greedy,financial_tail_1h,mean_shift_2h,421,0.41352139698568185,0.344280729001022,0.3582350316613974,2177,2660,0.19338539274230593,0.1582706766917293
hill,0.3,maximum_iou,financial_tail_1h,mean_shift_2h,421,0.395492470136013,0.33513511372106913,0.3582350316613974,2177,2660,0.19338539274230593,0.1582706766917293
hill,0.5,greedy,financial_tail_1h,mean_shift_2h,26,0.5366172805180992,0.42779291553133514,0.5386132030362799,2177,2660,0.011943040881947635,0.009774436090225564
hill,0.5,maximum_iou,financial_tail_1h,mean_shift_2h,26,0.5366172805180992,0.42779291553133514,0.5386132030362799,2177,2660,0.011943040881947635,0.009774436090225564
hill,0.7,greedy,financial_tail_1h,mean_shift_2h,0,,,,2177,2660,0.0,0.0
hill,0.7,maximum_iou,financial_tail_1h,mean_shift_2h,0,,,,2177,2660,0.0,0.0
hill,0.3,greedy,financial_tail_1h,mean_shift_4h,10,0.7347732674337099,0.6120689655172413,0.32135375494071144,2177,1328,0.004593477262287551,0.007530120481927711
hill,0.3,maximum_iou,financial_tail_1h,mean_shift_4h,10,0.7347732674337099,0.6120689655172413,0.32135375494071144,2177,1328,0.004593477262287551,0.007530120481927711
hill,0.5,greedy,financial_tail_1h,mean_shift_4h,0,,,,2177,1328,0.0,0.0
hill,0.5,maximum_iou,financial_tail_1h,mean_shift_4h,0,,,,2177,1328,0.0,0.0
hill,0.7,greedy,financial_tail_1h,mean_shift_4h,0,,,,2177,1328,0.0,0.0
hill,0.7,maximum_iou,financial_tail_1h,mean_shift_4h,0,,,,2177,1328,0.0,0.0
hill,0.3,greedy,financial_tail_1h,opsda_cui2015_1h_0.025,1115,0.568769157062708,0.6996168504452243,0.696831091180867,2177,3665,0.512172714745062,0.3042291950886767
hill,0.3,maximum_iou,financial_tail_1h,opsda_cui2015_1h_0.025,1116,0.5703593485257603,0.6997571866732724,0.6965053763440858,2177,3665,0.5126320624712908,0.30450204638472034
hill,0.5,greedy,financial_tail_1h,opsda_cui2015_1h_0.025,840,0.7709248165831548,0.8573409784632158,0.8144841269841271,2177,3665,0.3858520900321543,0.2291950886766712
hill,0.5,maximum_iou,financial_tail_1h,opsda_cui2015_1h_0.025,840,0.7709248165831548,0.8573409784632158,0.8144841269841271,2177,3665,0.3858520900321543,0.2291950886766712
hill,0.7,greedy,financial_tail_1h,opsda_cui2015_1h_0.025,397,1.0,1.0,1.0,2177,3665,0.1823610473128158,0.10832196452933152
hill,0.7,maximum_iou,financial_tail_1h,opsda_cui2015_1h_0.025,397,1.0,1.0,1.0,2177,3665,0.1823610473128158,0.10832196452933152
hill,0.3,greedy,financial_tail_1h,opsda_cui2015_2h_0.025,1555,0.5469334490890909,0.6699374270777224,0.6876435461644466,2177,6774,0.7142857142857143,0.22955417773841158
hill,0.3,maximum_iou,financial_tail_1h,opsda_cui2015_2h_0.025,1555,0.5469334490890909,0.6699374270777224,0.6876435461644466,2177,6774,0.7142857142857143,0.22955417773841158
hill,0.5,greedy,financial_tail_1h,opsda_cui2015_2h_0.025,1373,0.6263951865317734,0.735752275223737,0.7327159851558978,2177,6774,0.6306844281120808,0.20268674343076468
hill,0.5,maximum_iou,financial_tail_1h,opsda_cui2015_2h_0.025,1373,0.6263951865317734,0.735752275223737,0.7327159851558978,2177,6774,0.6306844281120808,0.20268674343076468
hill,0.7,greedy,financial_tail_1h,opsda_cui2015_2h_0.025,575,0.8480313059662251,0.9118463712020675,0.9267826086956521,2177,6774,0.26412494258153424,0.08488337762031296
hill,0.7,maximum_iou,financial_tail_1h,opsda_cui2015_2h_0.025,575,0.8480313059662251,0.9118463712020675,0.9267826086956521,2177,6774,0.26412494258153424,0.08488337762031296
hill,0.3,greedy,financial_tail_1h,opsda_cui2015_4h_0.025,1690,0.5114813955683399,0.6245407957060792,0.6561475063398139,2177,9953,0.7762976573265963,0.16979805083894303
hill,0.3,maximum_iou,financial_tail_1h,opsda_cui2015_4h_0.025,1695,0.4998802281723792,0.6139900436223604,0.6551559207753899,2177,9953,0.77859439595774,0.17030041193609965
hill,0.5,greedy,financial_tail_1h,opsda_cui2015_4h_0.025,1323,0.6286067730793988,0.7320341265776953,0.7384776661987547,2177,9953,0.6077170418006431,0.13292474630764595
hill,0.5,maximum_iou,financial_tail_1h,opsda_cui2015_4h_0.025,1323,0.6286067730793988,0.7320341265776953,0.7384776661987547,2177,9953,0.6077170418006431,0.13292474630764595
hill,0.7,greedy,financial_tail_1h,opsda_cui2015_4h_0.025,553,0.8440103976373058,0.9060157508147128,0.9292581589597865,2177,9953,0.2540192926045016,0.05556113734552396
hill,0.7,maximum_iou,financial_tail_1h,opsda_cui2015_4h_0.025,553,0.8440103976373058,0.9060157508147128,0.9292581589597865,2177,9953,0.2540192926045016,0.05556113734552396
hill,0.3,greedy,financial_tail_1h,sda_florita2013_0.025,1500,0.5849633404526443,0.7145094096782265,0.6748999999999999,2177,5315,0.6890215893431327,0.28222013170272814
hill,0.3,maximum_iou,financial_tail_1h,sda_florita2013_0.025,1501,0.5857040731811611,0.7148702815124456,0.6746724405951587,2177,5315,0.6894809370693615,0.2824082784571966
hill,0.5,greedy,financial_tail_1h,sda_florita2013_0.025,1190,0.733915501696613,0.834198621676569,0.7615266106442579,2177,5315,0.5466237942122186,0.22389463781749766
hill,0.5,maximum_iou,financial_tail_1h,sda_florita2013_0.025,1190,0.7327896152983692,0.8332380054024323,0.7615266106442579,2177,5315,0.5466237942122186,0.22389463781749766
hill,0.7,greedy,financial_tail_1h,sda_florita2013_0.025,446,0.9874300875451489,0.9955994315139512,0.9835201793721974,2177,5315,0.2048690858980248,0.08391345249294449
hill,0.7,maximum_iou,financial_tail_1h,sda_florita2013_0.025,446,0.9874300875451489,0.9955994315139512,0.9835201793721974,2177,5315,0.2048690858980248,0.08391345249294449
hill,0.3,greedy,financial_tail_1h,threshold_1h,2046,0.7672068013648868,0.8559495238100066,0.8701019410696832,2177,7040,0.9398254478640331,0.290625
hill,0.3,maximum_iou,financial_tail_1h,threshold_1h,2046,0.767436095773817,0.8559961396833372,0.8701019410696832,2177,7040,0.9398254478640331,0.290625
hill,0.5,greedy,financial_tail_1h,threshold_1h,1989,0.7744358166532532,0.8619862018193087,0.8838660250424958,2177,7040,0.913642627468994,0.2825284090909091
hill,0.5,maximum_iou,financial_tail_1h,threshold_1h,1989,0.7744358166532532,0.8619862018193087,0.8838660250424958,2177,7040,0.913642627468994,0.2825284090909091
hill,0.7,greedy,financial_tail_1h,threshold_1h,1423,0.9676840120378081,0.9880818054258728,0.9817345982665727,2177,7040,0.6536518144235186,0.2021306818181818
hill,0.7,maximum_iou,financial_tail_1h,threshold_1h,1423,0.9676840120378081,0.9880818054258728,0.9817345982665727,2177,7040,0.6536518144235186,0.2021306818181818
hill,0.3,greedy,financial_tail_1h,threshold_2h,1228,0.5108794394702066,0.5322016031486034,0.4571607692434241,2177,5402,0.5640790078089113,0.2273232136245835
hill,0.3,maximum_iou,financial_tail_1h,threshold_2h,1228,0.5102743220883458,0.5319621946466173,0.4571607692434241,2177,5402,0.5640790078089113,0.2273232136245835
hill,0.5,greedy,financial_tail_1h,threshold_2h,554,0.4838550178653577,0.5379050886623127,0.5487156896452925,2177,5402,0.25447864033073037,0.10255460940392447
hill,0.5,maximum_iou,financial_tail_1h,threshold_2h,554,0.4838550178653577,0.5379050886623127,0.5487156896452925,2177,5402,0.25447864033073037,0.10255460940392447
hill,0.7,greedy,financial_tail_1h,threshold_2h,44,0.589741794350099,0.4899505020803855,0.8036976911976912,2177,5402,0.020211299954065228,0.008145131432802665
hill,0.7,maximum_iou,financial_tail_1h,threshold_2h,44,0.589741794350099,0.4899505020803855,0.8036976911976912,2177,5402,0.020211299954065228,0.008145131432802665
hill,0.3,greedy,financial_tail_1h,threshold_4h,132,0.3048860415746996,0.3066391415658768,0.3570115385456295,2177,3280,0.06063389986219568,0.04024390243902439
hill,0.3,maximum_iou,financial_tail_1h,threshold_4h,134,0.26810477334240157,0.27742985397679115,0.3564093762787793,2177,3280,0.061552595314653194,0.04085365853658537
hill,0.5,greedy,financial_tail_1h,threshold_4h,5,0.5981055023708863,0.047619047619047616,0.5177777777777777,2177,3280,0.0022967386311437757,0.001524390243902439
hill,0.5,maximum_iou,financial_tail_1h,threshold_4h,5,0.5981055023708863,0.047619047619047616,0.5177777777777777,2177,3280,0.0022967386311437757,0.001524390243902439
hill,0.7,greedy,financial_tail_1h,threshold_4h,0,,,,2177,3280,0.0,0.0
hill,0.7,maximum_iou,financial_tail_1h,threshold_4h,0,,,,2177,3280,0.0,0.0
hill,0.3,greedy,financial_tail_2h,financial_tail_4h,865,0.5299035231122643,0.6080634599547914,0.5238492225680322,1467,1091,0.5896387184730743,0.7928505957836847
hill,0.3,maximum_iou,financial_tail_2h,financial_tail_4h,866,0.546819869034123,0.6167850532434501,0.5236773412486696,1467,1091,0.5903203817314246,0.7937671860678277
hill,0.5,greedy,financial_tail_2h,financial_tail_4h,541,0.5200247771942984,0.5873296225211581,0.5982270676270579,1467,1091,0.36877982276755283,0.49587534372135655
hill,0.5,maximum_iou,financial_tail_2h,financial_tail_4h,541,0.5364046758227098,0.5949043796026384,0.5982270676270579,1467,1091,0.36877982276755283,0.49587534372135655
hill,0.7,greedy,financial_tail_2h,financial_tail_4h,96,0.5872535133666521,0.5036034492654884,0.7849407035746044,1467,1091,0.065439672801636,0.08799266727772685
hill,0.7,maximum_iou,financial_tail_2h,financial_tail_4h,96,0.5872535133666521,0.5036034492654884,0.7849407035746044,1467,1091,0.065439672801636,0.08799266727772685
hill,0.3,greedy,financial_tail_2h,mean_shift_1h,1229,0.5680068376953797,0.6098461354907841,0.6977056981532164,1467,4526,0.8377641445126107,0.2715422006186478
hill,0.3,maximum_iou,financial_tail_2h,mean_shift_1h,1229,0.5680068376953797,0.6098461354907841,0.6977056981532164,1467,4526,0.8377641445126107,0.2715422006186478
hill,0.5,greedy,financial_tail_2h,mean_shift_1h,1089,0.5821504666577372,0.6278554390572498,0.7361804454090956,1467,4526,0.7423312883435583,0.24060980998674325
hill,0.5,maximum_iou,financial_tail_2h,mean_shift_1h,1089,0.5821504666577372,0.6278554390572498,0.7361804454090956,1467,4526,0.7423312883435583,0.24060980998674325
hill,0.7,greedy,financial_tail_2h,mean_shift_1h,624,0.653986093525472,0.7131094225093463,0.8330616143116143,1467,4526,0.42535787321063395,0.137870083959346
hill,0.7,maximum_iou,financial_tail_2h,mean_shift_1h,624,0.653986093525472,0.7131094225093463,0.8330616143116143,1467,4526,0.42535787321063395,0.137870083959346
hill,0.3,greedy,financial_tail_2h,mean_shift_2h,1042,0.4138888506690042,0.35880284076115054,0.5621983160744244,1467,2660,0.7102931152010906,0.39172932330827065
hill,0.3,maximum_iou,financial_tail_2h,mean_shift_2h,1042,0.41379996448150536,0.35874343638819944,0.5621983160744244,1467,2660,0.7102931152010906,0.39172932330827065
hill,0.5,greedy,financial_tail_2h,mean_shift_2h,770,0.4045167328694971,0.34189833464695046,0.6185645973795323,1467,2660,0.5248807089297887,0.2894736842105263
hill,0.5,maximum_iou,financial_tail_2h,mean_shift_2h,770,0.4045167328694971,0.34189833464695046,0.6185645973795323,1467,2660,0.5248807089297887,0.2894736842105263
hill,0.7,greedy,financial_tail_2h,mean_shift_2h,169,0.45039838072349925,0.4152174752742896,0.778459517142949,1467,2660,0.11520109066121335,0.06353383458646616
hill,0.7,maximum_iou,financial_tail_2h,mean_shift_2h,169,0.45039838072349925,0.4152174752742896,0.778459517142949,1467,2660,0.11520109066121335,0.06353383458646616
hill,0.3,greedy,financial_tail_2h,mean_shift_4h,224,0.3136154408991236,0.2434216610893946,0.3595324094354538,1467,1328,0.152692569870484,0.1686746987951807
hill,0.3,maximum_iou,financial_tail_2h,mean_shift_4h,225,0.27514319170460216,0.22082337483547818,0.35926782094907406,1467,1328,0.15337423312883436,0.1694277108433735
hill,0.5,greedy,financial_tail_2h,mean_shift_4h,6,1.0,1.0,0.5732869310958556,1467,1328,0.00408997955010225,0.004518072289156626
hill,0.5,maximum_iou,financial_tail_2h,mean_shift_4h,6,1.0,1.0,0.5732869310958556,1467,1328,0.00408997955010225,0.004518072289156626
hill,0.7,greedy,financial_tail_2h,mean_shift_4h,0,,,,1467,1328,0.0,0.0
hill,0.7,maximum_iou,financial_tail_2h,mean_shift_4h,0,,,,1467,1328,0.0,0.0
hill,0.3,greedy,financial_tail_2h,opsda_cui2015_1h_0.025,582,0.5565117119860582,0.6431787399457344,0.42600229095074454,1467,3665,0.3967280163599182,0.1587994542974079
hill,0.3,maximum_iou,financial_tail_2h,opsda_cui2015_1h_0.025,582,0.5425325002701837,0.6234424809325902,0.42600229095074454,1467,3665,0.3967280163599182,0.1587994542974079
hill,0.5,greedy,financial_tail_2h,opsda_cui2015_1h_0.025,248,0.5599291190879837,0.6532728132418666,0.5,1467,3665,0.169052488070893,0.06766712141882673
hill,0.5,maximum_iou,financial_tail_2h,opsda_cui2015_1h_0.025,248,0.5599291190879837,0.6532728132418666,0.5,1467,3665,0.169052488070893,0.06766712141882673
hill,0.7,greedy,financial_tail_2h,opsda_cui2015_1h_0.025,0,,,,1467,3665,0.0,0.0
hill,0.7,maximum_iou,financial_tail_2h,opsda_cui2015_1h_0.025,0,,,,1467,3665,0.0,0.0
hill,0.3,greedy,financial_tail_2h,opsda_cui2015_2h_0.025,1148,0.5468237786967536,0.6467769929849565,0.6115321017542273,1467,6774,0.7825494205862304,0.16947150870977265
hill,0.3,maximum_iou,financial_tail_2h,opsda_cui2015_2h_0.025,1149,0.5365102321671871,0.6380647287330198,0.6112392104559208,1467,6774,0.7832310838445807,0.1696191319751993
hill,0.5,greedy,financial_tail_2h,opsda_cui2015_2h_0.025,894,0.5627731892124582,0.649676011880545,0.6749547246191541,1467,6774,0.6094069529652352,0.13197519929140833
hill,0.5,maximum_iou,financial_tail_2h,opsda_cui2015_2h_0.025,894,0.5572798695888186,0.6441909623252933,0.6749547246191541,1467,6774,0.6094069529652352,0.13197519929140833
hill,0.7,greedy,financial_tail_2h,opsda_cui2015_2h_0.025,331,0.7535124744603133,0.822404262213737,0.8549848942598187,1467,6774,0.2256305385139741,0.04886330085621494
hill,0.7,maximum_iou,financial_tail_2h,opsda_cui2015_2h_0.025,331,0.7535124744603133,0.822404262213737,0.8549848942598187,1467,6774,0.2256305385139741,0.04886330085621494
hill,0.3,greedy,financial_tail_2h,opsda_cui2015_4h_0.025,1314,0.540719102186239,0.6408445950733899,0.6976966991236397,1467,9953,0.8957055214723927,0.132020496332764
hill,0.3,maximum_iou,financial_tail_2h,opsda_cui2015_4h_0.025,1315,0.537822688709948,0.6363145826425591,0.6971724684272212,1467,9953,0.896387184730743,0.13212096855219532
hill,0.5,greedy,financial_tail_2h,opsda_cui2015_4h_0.025,1178,0.5724779842127707,0.6612112356977075,0.7340416092113886,1467,9953,0.8029993183367417,0.11835627449010348
hill,0.5,maximum_iou,financial_tail_2h,opsda_cui2015_4h_0.025,1178,0.5724779842127707,0.6612112356977075,0.7340416092113886,1467,9953,0.8029993183367417,0.11835627449010348
hill,0.7,greedy,financial_tail_2h,opsda_cui2015_4h_0.025,669,0.7020770055005175,0.783591299723986,0.8490236013778614,1467,9953,0.4560327198364008,0.06721591479955792
hill,0.7,maximum_iou,financial_tail_2h,opsda_cui2015_4h_0.025,669,0.7020770055005175,0.783591299723986,0.8490236013778614,1467,9953,0.4560327198364008,0.06721591479955792
hill,0.3,greedy,financial_tail_2h,sda_florita2013_0.025,976,0.5837741639490193,0.6690310031487284,0.5002292931340061,1467,5315,0.665303340149966,0.18363123236124176
hill,0.3,maximum_iou,financial_tail_2h,sda_florita2013_0.025,977,0.5720453032010113,0.6543173633694443,0.49999876161595697,1467,5315,0.6659850034083163,0.18381937911571025
hill,0.5,greedy,financial_tail_2h,sda_florita2013_0.025,566,0.5917593791073407,0.6859934302502779,0.5895528352683831,1467,5315,0.3858214042263122,0.10649106302916275
hill,0.5,maximum_iou,financial_tail_2h,sda_florita2013_0.025,566,0.5853512543104059,0.6794180892384091,0.5895528352683831,1467,5315,0.3858214042263122,0.10649106302916275
hill,0.7,greedy,financial_tail_2h,sda_florita2013_0.025,136,0.7328984806122186,0.7910611907164289,0.7863795518207283,1467,5315,0.09270620313565099,0.025587958607714015
hill,0.7,maximum_iou,financial_tail_2h,sda_florita2013_0.025,136,0.7328984806122186,0.7910611907164289,0.7863795518207283,1467,5315,0.09270620313565099,0.025587958607714015
hill,0.3,greedy,financial_tail_2h,threshold_1h,1316,0.6069665100003474,0.6761298865508446,0.5919657934095623,1467,7040,0.8970688479890934,0.18693181818181817
hill,0.3,maximum_iou,financial_tail_2h,threshold_1h,1317,0.6085883818724418,0.6795464155753926,0.5918200335056827,1467,7040,0.8977505112474438,0.18707386363636364
hill,0.5,greedy,financial_tail_2h,threshold_1h,1023,0.6224568694968995,0.6945454599054594,0.6480434141724464,1467,7040,0.6973415132924335,0.1453125
hill,0.5,maximum_iou,financial_tail_2h,threshold_1h,1023,0.6204128418958006,0.6946973376525976,0.6480434141724464,1467,7040,0.6973415132924335,0.1453125
hill,0.7,greedy,financial_tail_2h,threshold_1h,393,0.6814718529538827,0.7416379274169153,0.8122723050203965,1467,7040,0.26789366053169733,0.05582386363636364
hill,0.7,maximum_iou,financial_tail_2h,threshold_1h,393,0.6814718529538827,0.7416379274169153,0.8122723050203965,1467,7040,0.26789366053169733,0.05582386363636364
hill,0.3,greedy,financial_tail_2h,threshold_2h,1390,0.6366565393605728,0.6897771844522439,0.7801762665791443,1467,5402,0.9475119291070211,0.25731210662717513
hill,0.3,maximum_iou,financial_tail_2h,threshold_2h,1390,0.6374650498330428,0.6905932715211541,0.7801762665791443,1467,5402,0.9475119291070211,0.25731210662717513
hill,0.5,greedy,financial_tail_2h,threshold_2h,1285,0.6470074326636664,0.6964490419103229,0.8111626808124864,1467,5402,0.8759372869802318,0.2378748611625324
hill,0.5,maximum_iou,financial_tail_2h,threshold_2h,1285,0.6476915368539194,0.6973433226253947,0.8111626808124864,1467,5402,0.8759372869802318,0.2378748611625324
hill,0.7,greedy,financial_tail_2h,threshold_2h,949,0.7131091850829555,0.7618250713012975,0.8879242055216766,1467,5402,0.6468984321745058,0.17567567567567569
hill,0.7,maximum_iou,financial_tail_2h,threshold_2h,949,0.7131091850829555,0.7618250713012975,0.8879242055216766,1467,5402,0.6468984321745058,0.17567567567567569
hill,0.3,greedy,financial_tail_2h,threshold_4h,797,0.4044296823327755,0.41306779152557266,0.4522473418364707,1467,3280,0.5432856169052488,0.24298780487804877
hill,0.3,maximum_iou,financial_tail_2h,threshold_4h,806,0.3777821372974281,0.39378796455300313,0.4511056221385447,1467,3280,0.5494205862304021,0.24573170731707317
hill,0.5,greedy,financial_tail_2h,threshold_4h,282,0.35156533721256417,0.33696971318620733,0.5744498795061855,1467,3280,0.19222903885480572,0.08597560975609755
hill,0.5,maximum_iou,financial_tail_2h,threshold_4h,285,0.31935077842289883,0.2919562866990601,0.5736174636205453,1467,3280,0.19427402862985685,0.08689024390243902
hill,0.7,greedy,financial_tail_2h,threshold_4h,28,0.5473811291814609,0.3283979863784424,0.8130823541537829,1467,3280,0.0190865712338105,0.00853658536585366
hill,0.7,maximum_iou,financial_tail_2h,threshold_4h,28,0.5473811291814609,0.3283979863784424,0.8130823541537829,1467,3280,0.0190865712338105,0.00853658536585366
hill,0.3,greedy,financial_tail_4h,mean_shift_1h,738,0.4656504979997868,0.5000095134137749,0.44346089766516283,1091,4526,0.6764436296975253,0.16305788775961114
hill,0.3,maximum_iou,financial_tail_4h,mean_shift_1h,738,0.4716769841311377,0.5040281061203293,0.4437808314200559,1091,4526,0.6764436296975253,0.16305788775961114
hill,0.5,greedy,financial_tail_4h,mean_shift_1h,247,0.5138412328966928,0.558589146338427,0.5776126819649087,1091,4526,0.22639780018331807,0.05457357490057446
hill,0.5,maximum_iou,financial_tail_4h,mean_shift_1h,248,0.5248074783299667,0.5746785871291303,0.5772997276021469,1091,4526,0.22731439046746105,0.0547945205479452
hill,0.7,greedy,financial_tail_4h,mean_shift_1h,36,0.6848741853662403,0.5332036676854682,0.7965488215488217,1091,4526,0.03299725022914757,0.007954043305346884
hill,0.7,maximum_iou,financial_tail_4h,mean_shift_1h,36,0.6848741853662403,0.5332036676854682,0.7965488215488217,1091,4526,0.03299725022914757,0.007954043305346884
hill,0.3,greedy,financial_tail_4h,mean_shift_2h,911,0.43079008494537707,0.38933823688501357,0.7227728053404199,1091,2660,0.8350137488542622,0.3424812030075188
hill,0.3,maximum_iou,financial_tail_4h,mean_shift_2h,911,0.42716550731081504,0.3866370421278643,0.7227728053404199,1091,2660,0.8350137488542622,0.3424812030075188
hill,0.5,greedy,financial_tail_4h,mean_shift_2h,840,0.4329078691371356,0.38958269795015754,0.7485815979547651,1091,2660,0.76993583868011,0.3157894736842105
hill,0.5,maximum_iou,financial_tail_4h,mean_shift_2h,840,0.42905276387858,0.3866335555795622,0.7485815979547651,1091,2660,0.76993583868011,0.3157894736842105
hill,0.7,greedy,financial_tail_4h,mean_shift_2h,578,0.47591212932168087,0.41903074171450266,0.8155387416787118,1091,2660,0.5297891842346472,0.21729323308270676
hill,0.7,maximum_iou,financial_tail_4h,mean_shift_2h,578,0.47591212932168087,0.41903074171450266,0.8155387416787118,1091,2660,0.5297891842346472,0.21729323308270676
hill,0.3,greedy,financial_tail_4h,mean_shift_4h,640,0.32805060362054467,0.28469656076013766,0.5285276400986862,1091,1328,0.5866177818515124,0.4819277108433735
hill,0.3,maximum_iou,financial_tail_4h,mean_shift_4h,641,0.3232015921906054,0.2826167575280853,0.5281994874903916,1091,1328,0.5875343721356554,0.48268072289156627
hill,0.5,greedy,financial_tail_4h,mean_shift_4h,383,0.3665867457532389,0.2913674462998091,0.6101742454266779,1091,1328,0.3510540788267644,0.2884036144578313
hill,0.5,maximum_iou,financial_tail_4h,mean_shift_4h,383,0.3665867457532389,0.2913674462998091,0.6101742454266779,1091,1328,0.3510540788267644,0.2884036144578313
hill,0.7,greedy,financial_tail_4h,mean_shift_4h,73,0.5236202330393149,0.43854769761439094,0.7686267354550455,1091,1328,0.06691109074243813,0.054969879518072286
hill,0.7,maximum_iou,financial_tail_4h,mean_shift_4h,73,0.5236202330393149,0.43854769761439094,0.7686267354550455,1091,1328,0.06691109074243813,0.054969879518072286
hill,0.3,greedy,financial_tail_4h,opsda_cui2015_1h_0.025,0,,,,1091,3665,0.0,0.0
hill,0.3,maximum_iou,financial_tail_4h,opsda_cui2015_1h_0.025,0,,,,1091,3665,0.0,0.0
hill,0.5,greedy,financial_tail_4h,opsda_cui2015_1h_0.025,0,,,,1091,3665,0.0,0.0
hill,0.5,maximum_iou,financial_tail_4h,opsda_cui2015_1h_0.025,0,,,,1091,3665,0.0,0.0
hill,0.7,greedy,financial_tail_4h,opsda_cui2015_1h_0.025,0,,,,1091,3665,0.0,0.0
hill,0.7,maximum_iou,financial_tail_4h,opsda_cui2015_1h_0.025,0,,,,1091,3665,0.0,0.0
hill,0.3,greedy,financial_tail_4h,opsda_cui2015_2h_0.025,513,0.4543175456305603,0.5465292117026934,0.3914292118970482,1091,6774,0.4702108157653529,0.07573073516386182
hill,0.3,maximum_iou,financial_tail_4h,opsda_cui2015_2h_0.025,514,0.46555501817627026,0.5502571914151976,0.3912891637113427,1091,6774,0.4711274060494959,0.07587835842928846
hill,0.5,greedy,financial_tail_4h,opsda_cui2015_2h_0.025,98,0.5338878551460136,0.6064899843413672,0.5,1091,6774,0.08982584784601283,0.01446708001180986
hill,0.5,maximum_iou,financial_tail_4h,opsda_cui2015_2h_0.025,98,0.49875640069687427,0.567848766645095,0.5,1091,6774,0.08982584784601283,0.01446708001180986
hill,0.7,greedy,financial_tail_4h,opsda_cui2015_2h_0.025,0,,,,1091,6774,0.0,0.0
hill,0.7,maximum_iou,financial_tail_4h,opsda_cui2015_2h_0.025,0,,,,1091,6774,0.0,0.0
hill,0.3,greedy,financial_tail_4h,opsda_cui2015_4h_0.025,870,0.4760369423415814,0.5750235229360403,0.5550375940459304,1091,9953,0.7974335472043996,0.0874108309052547
hill,0.3,maximum_iou,financial_tail_4h,opsda_cui2015_4h_0.025,872,0.4716358821361562,0.5731245249744004,0.5544306363540913,1091,9953,0.7992667277726856,0.08761177534411735
hill,0.5,greedy,financial_tail_4h,opsda_cui2015_4h_0.025,565,0.5827159490955542,0.6401971658333043,0.6429993899905405,1091,9953,0.5178735105407882,0.05676680397869989
hill,0.5,maximum_iou,financial_tail_4h,opsda_cui2015_4h_0.025,565,0.5758031811997231,0.6332518625318725,0.6429993899905405,1091,9953,0.5178735105407882,0.05676680397869989
hill,0.7,greedy,financial_tail_4h,opsda_cui2015_4h_0.025,168,0.7058930964067898,0.7578364204119473,0.810230278980279,1091,9953,0.153987167736022,0.016879332864462977
hill,0.7,maximum_iou,financial_tail_4h,opsda_cui2015_4h_0.025,168,0.6950673553969628,0.7498761669233718,0.810230278980279,1091,9953,0.153987167736022,0.016879332864462977
hill,0.3,greedy,financial_tail_4h,sda_florita2013_0.025,248,0.4871691983234422,0.5970191120142767,0.3904951499523867,1091,5315,0.22731439046746105,0.046660395108184385
hill,0.3,maximum_iou,financial_tail_4h,sda_florita2013_0.025,248,0.5090900955557515,0.6169399404418525,0.3904951499523867,1091,5315,0.22731439046746105,0.046660395108184385
hill,0.5,greedy,financial_tail_4h,sda_florita2013_0.025,36,0.47946718832452906,0.5093096443494827,0.5669867940701274,1091,5315,0.03299725022914757,0.006773283160865475
hill,0.5,maximum_iou,financial_tail_4h,sda_florita2013_0.025,36,0.47946718832452906,0.5093096443494827,0.5669867940701274,1091,5315,0.03299725022914757,0.006773283160865475
hill,0.7,greedy,financial_tail_4h,sda_florita2013_0.025,4,1.0,1.0,0.7756944444444445,1091,5315,0.0036663611365719525,0.0007525870178739417
hill,0.7,maximum_iou,financial_tail_4h,sda_florita2013_0.025,4,1.0,1.0,0.7756944444444445,1091,5315,0.0036663611365719525,0.0007525870178739417
hill,0.3,greedy,financial_tail_4h,threshold_1h,464,0.5328096107478428,0.6053480272592602,0.38836643418086253,1091,7040,0.42529789184234645,0.0659090909090909
hill,0.3,maximum_iou,financial_tail_4h,threshold_1h,465,0.5227080078262109,0.5993347550132216,0.3883376891611187,1091,7040,0.42621448212648944,0.06605113636363637
hill,0.5,greedy,financial_tail_4h,threshold_1h,76,0.5848105155470964,0.5973256344020665,0.5449860446570973,1091,7040,0.06966086159486709,0.010795454545454546
hill,0.5,maximum_iou,financial_tail_4h,threshold_1h,76,0.5848105155470964,0.5973256344020665,0.5449860446570973,1091,7040,0.06966086159486709,0.010795454545454546
hill,0.7,greedy,financial_tail_4h,threshold_1h,3,1.0,1.0,0.7592592592592592,1091,7040,0.002749770852428964,0.0004261363636363636
hill,0.7,maximum_iou,financial_tail_4h,threshold_1h,3,1.0,1.0,0.7592592592592592,1091,7040,0.002749770852428964,0.0004261363636363636
hill,0.3,greedy,financial_tail_4h,threshold_2h,1045,0.4937489636389864,0.5570988880892815,0.642768463110155,1091,5402,0.9578368469294225,0.1934468715290633
hill,0.3,maximum_iou,financial_tail_4h,threshold_2h,1047,0.49786461607302646,0.5545294289459557,0.6424123613780425,1091,5402,0.9596700274977086,0.19381710477600889
hill,0.5,greedy,financial_tail_4h,threshold_2h,855,0.4860051755985998,0.5487743635830601,0.694465298279051,1091,5402,0.7836846929422548,0.15827471306923363
hill,0.5,maximum_iou,financial_tail_4h,threshold_2h,856,0.48708325394897334,0.5451795912718277,0.6943030205422245,1091,5402,0.7846012832263978,0.15845982969270642
hill,0.7,greedy,financial_tail_4h,threshold_2h,390,0.6397188284630511,0.6643127715739403,0.8357901020966628,1091,5402,0.35747021081576535,0.07219548315438726
hill,0.7,maximum_iou,financial_tail_4h,threshold_2h,390,0.6397188284630511,0.6643127715739403,0.8357901020966628,1091,5402,0.35747021081576535,0.07219548315438726
hill,0.3,greedy,financial_tail_4h,threshold_4h,1005,0.538404849235822,0.5912601485040109,0.7339915933535827,1091,3280,0.921173235563703,0.30640243902439024
hill,0.3,maximum_iou,financial_tail_4h,threshold_4h,1006,0.5376662415863138,0.5901031178300694,0.7335758854811478,1091,3280,0.922089825847846,0.3067073170731707
hill,0.5,greedy,financial_tail_4h,threshold_4h,894,0.5379483717460988,0.5828617927493165,0.7741769605108737,1091,3280,0.8194317140238313,0.2725609756097561
hill,0.5,maximum_iou,financial_tail_4h,threshold_4h,895,0.536136787794147,0.5835921520755377,0.7735478366567959,1091,3280,0.8203483043079743,0.2728658536585366
hill,0.7,greedy,financial_tail_4h,threshold_4h,566,0.6213942601994694,0.6556117208704408,0.875012927553022,1091,3280,0.5187901008249313,0.17256097560975608
hill,0.7,maximum_iou,financial_tail_4h,threshold_4h,566,0.6213942601994694,0.6556117208704408,0.875012927553022,1091,3280,0.5187901008249313,0.17256097560975608
hill,0.3,greedy,mean_shift_1h,mean_shift_2h,2235,0.3856202574865157,0.3197906349712542,0.45757992995515584,4526,2660,0.4938135218736191,0.8402255639097744
hill,0.3,maximum_iou,mean_shift_1h,mean_shift_2h,2236,0.3848288175103453,0.3162151590483889,0.4576867495622549,4526,2660,0.49403446752098984,0.8406015037593985
hill,0.5,greedy,mean_shift_1h,mean_shift_2h,853,0.3520335237466719,0.2891348865756831,0.5530814958130316,4526,2660,0.18846663720724702,0.3206766917293233
hill,0.5,maximum_iou,mean_shift_1h,mean_shift_2h,855,0.351741257442243,0.28858109899623613,0.553040870760169,4526,2660,0.1889085285019885,0.32142857142857145
hill,0.7,greedy,mean_shift_1h,mean_shift_2h,59,0.3997377829332652,0.27528238230231306,0.7523125650244296,4526,2660,0.013035793194874062,0.02218045112781955
hill,0.7,maximum_iou,mean_shift_1h,mean_shift_2h,59,0.3997377829332652,0.27528238230231306,0.7523125650244296,4526,2660,0.013035793194874062,0.02218045112781955
hill,0.3,greedy,mean_shift_1h,mean_shift_4h,115,0.2306433920368729,0.213006126511163,0.3548839427051165,4526,1328,0.02540874944763588,0.08659638554216867
hill,0.3,maximum_iou,mean_shift_1h,mean_shift_4h,115,0.2310209757452238,0.2033759967172285,0.3548839427051165,4526,1328,0.02540874944763588,0.08659638554216867
hill,0.5,greedy,mean_shift_1h,mean_shift_4h,3,1.0,1.0,0.5286549707602339,4526,1328,0.0006628369421122404,0.002259036144578313
hill,0.5,maximum_iou,mean_shift_1h,mean_shift_4h,3,1.0,1.0,0.5286549707602339,4526,1328,0.0006628369421122404,0.002259036144578313
hill,0.7,greedy,mean_shift_1h,mean_shift_4h,0,,,,4526,1328,0.0,0.0
hill,0.7,maximum_iou,mean_shift_1h,mean_shift_4h,0,,,,4526,1328,0.0,0.0
hill,0.3,greedy,mean_shift_1h,opsda_cui2015_1h_0.025,2472,0.5118057852707403,0.5390406760532646,0.5464940668824163,4526,3665,0.5461776403004861,0.6744884038199181
hill,0.3,maximum_iou,mean_shift_1h,opsda_cui2015_1h_0.025,2472,0.5120741334793524,0.5383659903251693,0.5464940668824163,4526,3665,0.5461776403004861,0.6744884038199181
hill,0.5,greedy,mean_shift_1h,opsda_cui2015_1h_0.025,1991,0.510392048735872,0.5217382051046581,0.5871421396283275,4526,3665,0.43990278391515686,0.5432469304229195
hill,0.5,maximum_iou,mean_shift_1h,opsda_cui2015_1h_0.025,1991,0.5142521900775293,0.5223068479137021,0.5871421396283275,4526,3665,0.43990278391515686,0.5432469304229195
hill,0.7,greedy,mean_shift_1h,opsda_cui2015_1h_0.025,0,,,,4526,3665,0.0,0.0
hill,0.7,maximum_iou,mean_shift_1h,opsda_cui2015_1h_0.025,0,,,,4526,3665,0.0,0.0
hill,0.3,greedy,mean_shift_1h,opsda_cui2015_2h_0.025,3691,0.5424344545212157,0.5794213490091917,0.6516843845819733,4526,6774,0.8155103844454265,0.5448774726896959
hill,0.3,maximum_iou,mean_shift_1h,opsda_cui2015_2h_0.025,3691,0.5449374719553786,0.5815879239675349,0.6516843845819733,4526,6774,0.8155103844454265,0.5448774726896959
hill,0.5,greedy,mean_shift_1h,opsda_cui2015_2h_0.025,3243,0.5510464639630777,0.5847245487336163,0.6881128584643849,4526,6774,0.7165267344233318,0.4787422497785651
hill,0.5,maximum_iou,mean_shift_1h,opsda_cui2015_2h_0.025,3243,0.5524434493473832,0.5861077202646392,0.6881128584643849,4526,6774,0.7165267344233318,0.4787422497785651
hill,0.7,greedy,mean_shift_1h,opsda_cui2015_2h_0.025,1124,0.6826917060849511,0.718772829446978,0.8646352313167261,4526,6774,0.2483429076447194,0.16592855033953352
hill,0.7,maximum_iou,mean_shift_1h,opsda_cui2015_2h_0.025,1124,0.6826917060849511,0.718772829446978,0.8646352313167261,4526,6774,0.2483429076447194,0.16592855033953352
hill,0.3,greedy,mean_shift_1h,opsda_cui2015_4h_0.025,3953,0.5203346038653425,0.5643133372245707,0.6790442552079283,4526,9953,0.8733981440565621,0.3971666834120366
hill,0.3,maximum_iou,mean_shift_1h,opsda_cui2015_4h_0.025,3958,0.5182498226870134,0.5627653216823438,0.6783208902713703,4526,9953,0.8745028722934158,0.3976690445091932
hill,0.5,greedy,mean_shift_1h,opsda_cui2015_4h_0.025,3614,0.5409767636409445,0.5778448558153885,0.7062296416612963,4526,9953,0.7984975695978789,0.3631066010248166
hill,0.5,maximum_iou,mean_shift_1h,opsda_cui2015_4h_0.025,3616,0.5395400202963672,0.5774729601694766,0.7060233937031504,4526,9953,0.7989394608926205,0.36330754546367927
hill,0.7,greedy,mean_shift_1h,opsda_cui2015_4h_0.025,1482,0.670582177354786,0.7237747977525709,0.8562876207613049,4526,9953,0.32744144940344677,0.14889982919722697
hill,0.7,maximum_iou,mean_shift_1h,opsda_cui2015_4h_0.025,1482,0.670582177354786,0.7237747977525709,0.8562876207613049,4526,9953,0.32744144940344677,0.14889982919722697
hill,0.3,greedy,mean_shift_1h,sda_florita2013_0.025,3429,0.5322559623812771,0.5688953916971946,0.5761594615487878,4526,5315,0.7576226248342908,0.6451552210724365
hill,0.3,maximum_iou,mean_shift_1h,sda_florita2013_0.025,3429,0.5290807701347059,0.5668619751629371,0.5761594615487878,4526,5315,0.7576226248342908,0.6451552210724365
hill,0.5,greedy,mean_shift_1h,sda_florita2013_0.025,2799,0.5331381731181937,0.5580248023972978,0.6194400494507676,4526,5315,0.6184268669907202,0.5266227657572907
hill,0.5,maximum_iou,mean_shift_1h,sda_florita2013_0.025,2799,0.5325459292026672,0.5571631044732248,0.6194400494507676,4526,5315,0.6184268669907202,0.5266227657572907
hill,0.7,greedy,mean_shift_1h,sda_florita2013_0.025,443,0.671297447075008,0.6935824831280158,0.8258841234010534,4526,5315,0.09787892178524082,0.08334901222953904
hill,0.7,maximum_iou,mean_shift_1h,sda_florita2013_0.025,443,0.671297447075008,0.6935824831280158,0.8258841234010534,4526,5315,0.09787892178524082,0.08334901222953904
hill,0.3,greedy,mean_shift_1h,threshold_1h,4506,0.5917405473659572,0.5937916049121628,0.7617889551145209,4526,7040,0.9955810870525851,0.6400568181818181
hill,0.3,maximum_iou,mean_shift_1h,threshold_1h,4506,0.5933997166522896,0.594485281980646,0.7617889551145209,4526,7040,0.9955810870525851,0.6400568181818181
hill,0.5,greedy,mean_shift_1h,threshold_1h,4386,0.5954773250436751,0.5955651819711862,0.7716773789619208,4526,7040,0.9690676093680954,0.6230113636363637
hill,0.5,maximum_iou,mean_shift_1h,threshold_1h,4386,0.5966909558839636,0.5959421071757759,0.7716773789619208,4526,7040,0.9690676093680954,0.6230113636363637
hill,0.7,greedy,mean_shift_1h,threshold_1h,2544,0.7041391755110226,0.7449653189145669,0.8875087351502445,4526,7040,0.5620857269111799,0.3613636363636364
hill,0.7,maximum_iou,mean_shift_1h,threshold_1h,2544,0.7041391755110226,0.7449653189145669,0.8875087351502445,4526,7040,0.5620857269111799,0.3613636363636364
hill,0.3,greedy,mean_shift_1h,threshold_2h,3675,0.4849704818858305,0.4851474478674708,0.6223331838229796,4526,5402,0.8119752540874945,0.6803035912624954
hill,0.3,maximum_iou,mean_shift_1h,threshold_2h,3682,0.4827933567016352,0.4815621809497132,0.6214099927774561,4526,5402,0.8135218736190897,0.6815994076268049
hill,0.5,greedy,mean_shift_1h,threshold_2h,2941,0.5047244286216455,0.5003783725155078,0.6793636479882654,4526,5402,0.6498011489173663,0.5444279896334691
hill,0.5,maximum_iou,mean_shift_1h,threshold_2h,2941,0.5058852729056913,0.5006702673278306,0.6793636479882654,4526,5402,0.6498011489173663,0.5444279896334691
hill,0.7,greedy,mean_shift_1h,threshold_2h,1277,0.5550698242007885,0.5741487707406279,0.791759439116526,4526,5402,0.28214759169244363,0.23639392817475008
hill,0.7,maximum_iou,mean_shift_1h,threshold_2h,1277,0.5550698242007885,0.5741487707406279,0.791759439116526,4526,5402,0.28214759169244363,0.23639392817475008
hill,0.3,greedy,mean_shift_1h,threshold_4h,1389,0.2747388920693813,0.2794966109916874,0.39710966834574635,4526,3280,0.3068935041979673,0.42347560975609755
hill,0.3,maximum_iou,mean_shift_1h,threshold_4h,1405,0.26609104964380975,0.27032452562280385,0.3955837801545362,4526,3280,0.31042863455589925,0.42835365853658536
hill,0.5,greedy,mean_shift_1h,threshold_4h,237,0.2826485900945714,0.20951384060234993,0.5391856755281139,4526,3280,0.05236411842686699,0.0722560975609756
hill,0.5,maximum_iou,mean_shift_1h,threshold_4h,240,0.29409643542944297,0.2147386129838242,0.5384065027321606,4526,3280,0.05302695536897923,0.07317073170731707
hill,0.7,greedy,mean_shift_1h,threshold_4h,14,0.45698577091724524,0.11459459459459459,0.7488844488844489,4526,3280,0.0030932390631904553,0.00426829268292683
hill,0.7,maximum_iou,mean_shift_1h,threshold_4h,14,0.45698577091724524,0.11459459459459459,0.7488844488844489,4526,3280,0.0030932390631904553,0.00426829268292683
hill,0.3,greedy,mean_shift_2h,mean_shift_4h,1188,0.3206844682329029,0.24327660242477595,0.5042173276405603,2660,1328,0.44661654135338347,0.8945783132530121
hill,0.3,maximum_iou,mean_shift_2h,mean_shift_4h,1188,0.3178121200929621,0.2416726834020203,0.5042173276405603,2660,1328,0.44661654135338347,0.8945783132530121
hill,0.5,greedy,mean_shift_2h,mean_shift_4h,694,0.29227690679464996,0.21916516900194807,0.5644373643369354,2660,1328,0.26090225563909775,0.5225903614457831
hill,0.5,maximum_iou,mean_shift_2h,mean_shift_4h,694,0.29227690679464996,0.21916516900194807,0.5644373643369354,2660,1328,0.26090225563909775,0.5225903614457831
hill,0.7,greedy,mean_shift_2h,mean_shift_4h,43,0.4687484935579788,0.29830923348896243,0.7646347730393742,2660,1328,0.016165413533834588,0.03237951807228916
hill,0.7,maximum_iou,mean_shift_2h,mean_shift_4h,43,0.4687484935579788,0.29830923348896243,0.7646347730393742,2660,1328,0.016165413533834588,0.03237951807228916
hill,0.3,greedy,mean_shift_2h,opsda_cui2015_1h_0.025,0,,,,2660,3665,0.0,0.0
hill,0.3,maximum_iou,mean_shift_2h,opsda_cui2015_1h_0.025,0,,,,2660,3665,0.0,0.0
hill,0.5,greedy,mean_shift_2h,opsda_cui2015_1h_0.025,0,,,,2660,3665,0.0,0.0
hill,0.5,maximum_iou,mean_shift_2h,opsda_cui2015_1h_0.025,0,,,,2660,3665,0.0,0.0
hill,0.7,greedy,mean_shift_2h,opsda_cui2015_1h_0.025,0,,,,2660,3665,0.0,0.0
hill,0.7,maximum_iou,mean_shift_2h,opsda_cui2015_1h_0.025,0,,,,2660,3665,0.0,0.0
hill,0.3,greedy,mean_shift_2h,opsda_cui2015_2h_0.025,1579,0.3294514811736041,0.30180229451100465,0.4090270769973114,2660,6774,0.593609022556391,0.2330971361086507
hill,0.3,maximum_iou,mean_shift_2h,opsda_cui2015_2h_0.025,1600,0.3182314701228728,0.2963883967048006,0.40763918373293373,2660,6774,0.6015037593984962,0.23619722468260998
hill,0.5,greedy,mean_shift_2h,opsda_cui2015_2h_0.025,351,0.3496904494710771,0.2933468852276148,0.5291005291005291,2660,6774,0.1319548872180451,0.05181576616474756
hill,0.5,maximum_iou,mean_shift_2h,opsda_cui2015_2h_0.025,351,0.349720253749841,0.29326977242362245,0.5291005291005291,2660,6774,0.1319548872180451,0.05181576616474756
hill,0.7,greedy,mean_shift_2h,opsda_cui2015_2h_0.025,0,,,,2660,6774,0.0,0.0
hill,0.7,maximum_iou,mean_shift_2h,opsda_cui2015_2h_0.025,0,,,,2660,6774,0.0,0.0
hill,0.3,greedy,mean_shift_2h,opsda_cui2015_4h_0.025,2294,0.3389469261650966,0.3262866332121515,0.5614517575901202,2660,9953,0.862406015037594,0.23048327137546468
hill,0.3,maximum_iou,mean_shift_2h,opsda_cui2015_4h_0.025,2319,0.31655833125661953,0.3098208129943568,0.5571295969706507,2660,9953,0.8718045112781955,0.23299507686124787
hill,0.5,greedy,mean_shift_2h,opsda_cui2015_4h_0.025,1557,0.4522344326503261,0.4021575442781289,0.6413773178224044,2660,9953,0.5853383458646616,0.1564352456545765
hill,0.5,maximum_iou,mean_shift_2h,opsda_cui2015_4h_0.025,1557,0.45261128005053947,0.402463308004658,0.6413773178224044,2660,9953,0.5853383458646616,0.1564352456545765
hill,0.7,greedy,mean_shift_2h,opsda_cui2015_4h_0.025,499,0.5455003491432623,0.49762590301740456,0.7835019967785498,2660,9953,0.187593984962406,0.050135637496232295
hill,0.7,maximum_iou,mean_shift_2h,opsda_cui2015_4h_0.025,499,0.5455003491432623,0.49762590301740456,0.7835019967785498,2660,9953,0.187593984962406,0.050135637496232295
hill,0.3,greedy,mean_shift_2h,sda_florita2013_0.025,685,0.27198187624514525,0.27303456378460406,0.382048261957021,2660,5315,0.2575187969924812,0.1288805268109125
hill,0.3,maximum_iou,mean_shift_2h,sda_florita2013_0.025,691,0.2581096699973957,0.26049065862464366,0.38143230985126786,2660,5315,0.25977443609022555,0.13000940733772343
hill,0.5,greedy,mean_shift_2h,sda_florita2013_0.025,97,0.429080125192858,0.3912427336090465,0.5407673941179095,2660,5315,0.036466165413533834,0.018250235183443087
hill,0.5,maximum_iou,mean_shift_2h,sda_florita2013_0.025,97,0.429080125192858,0.3912427336090465,0.5407673941179095,2660,5315,0.036466165413533834,0.018250235183443087
hill,0.7,greedy,mean_shift_2h,sda_florita2013_0.025,4,0.7020168761809934,0.3333333333333333,0.7678571428571428,2660,5315,0.0015037593984962407,0.0007525870178739417
hill,0.7,maximum_iou,mean_shift_2h,sda_florita2013_0.025,4,0.7020168761809934,0.3333333333333333,0.7678571428571428,2660,5315,0.0015037593984962407,0.0007525870178739417
hill,0.3,greedy,mean_shift_2h,threshold_1h,1633,0.3689677002562967,0.3337319364371392,0.385156683958842,2660,7040,0.6139097744360902,0.23196022727272728
hill,0.3,maximum_iou,mean_shift_2h,threshold_1h,1642,0.36223733900278426,0.3258069563848256,0.3848777090366153,2660,7040,0.6172932330827068,0.23323863636363637
hill,0.5,greedy,mean_shift_2h,threshold_1h,168,0.4601655228481626,0.3876317015731236,0.5428064825386254,2660,7040,0.06315789473684211,0.023863636363636365
hill,0.5,maximum_iou,mean_shift_2h,threshold_1h,168,0.4601655228481626,0.3876317015731236,0.5428064825386254,2660,7040,0.06315789473684211,0.023863636363636365
hill,0.7,greedy,mean_shift_2h,threshold_1h,6,0.24661202918433175,-0.07142857142857142,0.7321428571428572,2660,7040,0.002255639097744361,0.0008522727272727272
hill,0.7,maximum_iou,mean_shift_2h,threshold_1h,6,0.24661202918433175,-0.07142857142857142,0.7321428571428572,2660,7040,0.002255639097744361,0.0008522727272727272
hill,0.3,greedy,mean_shift_2h,threshold_2h,2633,0.4536333091789416,0.3890448436006214,0.7236323230053061,2660,5402,0.9898496240601504,0.4874120696038504
hill,0.3,maximum_iou,mean_shift_2h,threshold_2h,2633,0.4503246140669845,0.38640249769884033,0.7236323230053061,2660,5402,0.9898496240601504,0.4874120696038504
hill,0.5,greedy,mean_shift_2h,threshold_2h,2481,0.452032512820917,0.38426010905955416,0.7430892258284334,2660,5402,0.9327067669172933,0.45927434283598667
hill,0.5,maximum_iou,mean_shift_2h,threshold_2h,2481,0.452032512820917,0.38426010905955416,0.7430892258284334,2660,5402,0.9327067669172933,0.45927434283598667
hill,0.7,greedy,mean_shift_2h,threshold_2h,1716,0.46055740776521337,0.39968644555541877,0.8003123100960924,2660,5402,0.6451127819548872,0.317660125879304
hill,0.7,maximum_iou,mean_shift_2h,threshold_2h,1716,0.46055740776521337,0.39968644555541877,0.8003123100960924,2660,5402,0.6451127819548872,0.317660125879304
hill,0.3,greedy,mean_shift_2h,threshold_4h,2148,0.3624843664892535,0.3225979185251412,0.6675081320340364,2660,3280,0.8075187969924812,0.6548780487804878
hill,0.3,maximum_iou,mean_shift_2h,threshold_4h,2155,0.3600863496856761,0.32137111418846126,0.6661452493957438,2660,3280,0.8101503759398496,0.6570121951219512
hill,0.5,greedy,mean_shift_2h,threshold_4h,1856,0.37417944835426253,0.3319147069733462,0.7076075671964507,2660,3280,0.6977443609022557,0.5658536585365853
hill,0.5,maximum_iou,mean_shift_2h,threshold_4h,1857,0.37369038848283714,0.3313531553167337,0.7075202473139832,2660,3280,0.6981203007518797,0.5661585365853659
hill,0.7,greedy,mean_shift_2h,threshold_4h,989,0.4409295041567461,0.4124837147905761,0.7952726335542614,2660,3280,0.37180451127819547,0.30152439024390243
hill,0.7,maximum_iou,mean_shift_2h,threshold_4h,989,0.43809440039891434,0.4106273285289335,0.7952726335542614,2660,3280,0.37180451127819547,0.30152439024390243
hill,0.3,greedy,mean_shift_4h,opsda_cui2015_1h_0.025,0,,,,1328,3665,0.0,0.0
hill,0.3,maximum_iou,mean_shift_4h,opsda_cui2015_1h_0.025,0,,,,1328,3665,0.0,0.0
hill,0.5,greedy,mean_shift_4h,opsda_cui2015_1h_0.025,0,,,,1328,3665,0.0,0.0
hill,0.5,maximum_iou,mean_shift_4h,opsda_cui2015_1h_0.025,0,,,,1328,3665,0.0,0.0
hill,0.7,greedy,mean_shift_4h,opsda_cui2015_1h_0.025,0,,,,1328,3665,0.0,0.0
hill,0.7,maximum_iou,mean_shift_4h,opsda_cui2015_1h_0.025,0,,,,1328,3665,0.0,0.0
hill,0.3,greedy,mean_shift_4h,opsda_cui2015_2h_0.025,0,,,,1328,6774,0.0,0.0
hill,0.3,maximum_iou,mean_shift_4h,opsda_cui2015_2h_0.025,0,,,,1328,6774,0.0,0.0
hill,0.5,greedy,mean_shift_4h,opsda_cui2015_2h_0.025,0,,,,1328,6774,0.0,0.0
hill,0.5,maximum_iou,mean_shift_4h,opsda_cui2015_2h_0.025,0,,,,1328,6774,0.0,0.0
hill,0.7,greedy,mean_shift_4h,opsda_cui2015_2h_0.025,0,,,,1328,6774,0.0,0.0
hill,0.7,maximum_iou,mean_shift_4h,opsda_cui2015_2h_0.025,0,,,,1328,6774,0.0,0.0
hill,0.3,greedy,mean_shift_4h,opsda_cui2015_4h_0.025,600,0.15613652582564222,0.16270058747582677,0.3601138720217853,1328,9953,0.45180722891566266,0.06028333165879634
hill,0.3,maximum_iou,mean_shift_4h,opsda_cui2015_4h_0.025,609,0.15260982932788703,0.16134727102785876,0.3587368889613157,1328,9953,0.4585843373493976,0.06118758163367829
hill,0.5,greedy,mean_shift_4h,opsda_cui2015_4h_0.025,17,0.5202374862629197,0.30544747081712065,0.5176470588235293,1328,9953,0.012801204819277108,0.001708027730332563
hill,0.5,maximum_iou,mean_shift_4h,opsda_cui2015_4h_0.025,17,0.5202374862629197,0.30544747081712065,0.5176470588235293,1328,9953,0.012801204819277108,0.001708027730332563
hill,0.7,greedy,mean_shift_4h,opsda_cui2015_4h_0.025,0,,,,1328,9953,0.0,0.0
hill,0.7,maximum_iou,mean_shift_4h,opsda_cui2015_4h_0.025,0,,,,1328,9953,0.0,0.0
hill,0.3,greedy,mean_shift_4h,sda_florita2013_0.025,24,0.4897903673945287,0.3709043250327654,0.3501249970264418,1328,5315,0.018072289156626505,0.00451552210724365
hill,0.3,maximum_iou,mean_shift_4h,sda_florita2013_0.025,24,0.4897903673945287,0.3709043250327654,0.3501249970264418,1328,5315,0.018072289156626505,0.00451552210724365
hill,0.5,greedy,mean_shift_4h,sda_florita2013_0.025,0,,,,1328,5315,0.0,0.0
hill,0.5,maximum_iou,mean_shift_4h,sda_florita2013_0.025,0,,,,1328,5315,0.0,0.0
hill,0.7,greedy,mean_shift_4h,sda_florita2013_0.025,0,,,,1328,5315,0.0,0.0
hill,0.7,maximum_iou,mean_shift_4h,sda_florita2013_0.025,0,,,,1328,5315,0.0,0.0
hill,0.3,greedy,mean_shift_4h,threshold_1h,13,0.486370970834673,0.20408163265306123,0.325069009937431,1328,7040,0.009789156626506024,0.001846590909090909
hill,0.3,maximum_iou,mean_shift_4h,threshold_1h,13,0.486370970834673,0.20408163265306123,0.325069009937431,1328,7040,0.009789156626506024,0.001846590909090909
hill,0.5,greedy,mean_shift_4h,threshold_1h,0,,,,1328,7040,0.0,0.0
hill,0.5,maximum_iou,mean_shift_4h,threshold_1h,0,,,,1328,7040,0.0,0.0
hill,0.7,greedy,mean_shift_4h,threshold_1h,0,,,,1328,7040,0.0,0.0
hill,0.7,maximum_iou,mean_shift_4h,threshold_1h,0,,,,1328,7040,0.0,0.0
hill,0.3,greedy,mean_shift_4h,threshold_2h,1019,0.3335581669794371,0.29304351583859584,0.3986048481828701,1328,5402,0.7673192771084337,0.1886338393187708
hill,0.3,maximum_iou,mean_shift_4h,threshold_2h,1019,0.3267483959386152,0.292665148961296,0.3986048481828701,1328,5402,0.7673192771084337,0.1886338393187708
hill,0.5,greedy,mean_shift_4h,threshold_2h,125,0.39027869932976533,0.2873081780921555,0.5552663981214749,1328,5402,0.09412650602409639,0.02313957793409848
hill,0.5,maximum_iou,mean_shift_4h,threshold_2h,125,0.39027869932976533,0.2873081780921555,0.5552663981214749,1328,5402,0.09412650602409639,0.02313957793409848
hill,0.7,greedy,mean_shift_4h,threshold_2h,6,0.5846893534084747,0.11764705882352941,0.817140584303897,1328,5402,0.004518072289156626,0.0011106997408367272
hill,0.7,maximum_iou,mean_shift_4h,threshold_2h,6,0.5846893534084747,0.11764705882352941,0.817140584303897,1328,5402,0.004518072289156626,0.0011106997408367272
hill,0.3,greedy,mean_shift_4h,threshold_4h,1305,0.36987143370702535,0.2972985946508982,0.7202976670488458,1328,3280,0.9826807228915663,0.3978658536585366
hill,0.3,maximum_iou,mean_shift_4h,threshold_4h,1305,0.3644737725505146,0.2924502476720142,0.7202976670488458,1328,3280,0.9826807228915663,0.3978658536585366
hill,0.5,greedy,mean_shift_4h,threshold_4h,1189,0.3715322958430898,0.3012090294707822,0.7480008032396626,1328,3280,0.8953313253012049,0.3625
hill,0.5,maximum_iou,mean_shift_4h,threshold_4h,1189,0.3710233366874895,0.3003705088657163,0.7480008032396626,1328,3280,0.8953313253012049,0.3625
hill,0.7,greedy,mean_shift_4h,threshold_4h,791,0.3763883645341311,0.30303661817548105,0.803503732586777,1328,3280,0.5956325301204819,0.24115853658536585
hill,0.7,maximum_iou,mean_shift_4h,threshold_4h,791,0.3763883645341311,0.30303661817548105,0.803503732586777,1328,3280,0.5956325301204819,0.24115853658536585
hill,0.3,greedy,opsda_cui2015_1h_0.025,opsda_cui2015_2h_0.025,3655,0.9351755732718117,0.9641194434286964,0.9320109439124487,3665,6774,0.9972714870395635,0.5395630351343371
hill,0.3,maximum_iou,opsda_cui2015_1h_0.025,opsda_cui2015_2h_0.025,3655,0.914855908080033,0.9549015921799947,0.9320109439124487,3665,6774,0.9972714870395635,0.5395630351343371
hill,0.5,greedy,opsda_cui2015_1h_0.025,opsda_cui2015_2h_0.025,3655,0.9351755732718117,0.9641194434286964,0.9320109439124487,3665,6774,0.9972714870395635,0.5395630351343371
hill,0.5,maximum_iou,opsda_cui2015_1h_0.025,opsda_cui2015_2h_0.025,3655,0.914855908080033,0.9549015921799947,0.9320109439124487,3665,6774,0.9972714870395635,0.5395630351343371
hill,0.7,greedy,opsda_cui2015_1h_0.025,opsda_cui2015_2h_0.025,3158,1.0,1.0,1.0,3665,6774,0.8616643929058663,0.4661942722173014
hill,0.7,maximum_iou,opsda_cui2015_1h_0.025,opsda_cui2015_2h_0.025,3158,1.0,1.0,1.0,3665,6774,0.8616643929058663,0.4661942722173014
hill,0.3,greedy,opsda_cui2015_1h_0.025,opsda_cui2015_4h_0.025,3629,0.9188343148941528,0.9570295726067879,0.919509506751171,3665,9953,0.9901773533424284,0.36461368431628655
hill,0.3,maximum_iou,opsda_cui2015_1h_0.025,opsda_cui2015_4h_0.025,3629,0.9135583087813086,0.953610321887544,0.919509506751171,3665,9953,0.9901773533424284,0.36461368431628655
hill,0.5,greedy,opsda_cui2015_1h_0.025,opsda_cui2015_4h_0.025,3504,0.9292380124994809,0.9627788384104743,0.9393550228310502,3665,9953,0.9560709413369713,0.35205465688737064
hill,0.5,maximum_iou,opsda_cui2015_1h_0.025,opsda_cui2015_4h_0.025,3504,0.9239354306826253,0.9591913120999402,0.9393550228310502,3665,9953,0.9560709413369713,0.35205465688737064
hill,0.7,greedy,opsda_cui2015_1h_0.025,opsda_cui2015_4h_0.025,3079,1.0,1.0,1.0,3665,9953,0.8401091405184175,0.30935396362905654
hill,0.7,maximum_iou,opsda_cui2015_1h_0.025,opsda_cui2015_4h_0.025,3079,1.0,1.0,1.0,3665,9953,0.8401091405184175,0.30935396362905654
hill,0.3,greedy,opsda_cui2015_1h_0.025,sda_florita2013_0.025,3665,1.0,1.0,1.0,3665,5315,1.0,0.6895578551269991
hill,0.3,maximum_iou,opsda_cui2015_1h_0.025,sda_florita2013_0.025,3665,1.0,1.0,1.0,3665,5315,1.0,0.6895578551269991
hill,0.5,greedy,opsda_cui2015_1h_0.025,sda_florita2013_0.025,3665,1.0,1.0,1.0,3665,5315,1.0,0.6895578551269991
hill,0.5,maximum_iou,opsda_cui2015_1h_0.025,sda_florita2013_0.025,3665,1.0,1.0,1.0,3665,5315,1.0,0.6895578551269991
hill,0.7,greedy,opsda_cui2015_1h_0.025,sda_florita2013_0.025,3665,1.0,1.0,1.0,3665,5315,1.0,0.6895578551269991
hill,0.7,maximum_iou,opsda_cui2015_1h_0.025,sda_florita2013_0.025,3665,1.0,1.0,1.0,3665,5315,1.0,0.6895578551269991
hill,0.3,greedy,opsda_cui2015_1h_0.025,threshold_1h,3343,0.6787410714193131,0.7642071752977186,0.7424867883138897,3665,7040,0.9121418826739427,0.47485795454545454
hill,0.3,maximum_iou,opsda_cui2015_1h_0.025,threshold_1h,3355,0.654769835794933,0.7473526775098159,0.741023348236463,3665,7040,0.9154160982264665,0.4765625
hill,0.5,greedy,opsda_cui2015_1h_0.025,threshold_1h,3094,0.7094075519027467,0.7836250774142849,0.7713854772678301,3665,7040,0.8442019099590723,0.4394886363636364
hill,0.5,maximum_iou,opsda_cui2015_1h_0.025,threshold_1h,3094,0.7052943324260336,0.7820703923980374,0.7713854772678301,3665,7040,0.8442019099590723,0.4394886363636364
hill,0.7,greedy,opsda_cui2015_1h_0.025,threshold_1h,1146,1.0,1.0,1.0,3665,7040,0.31268758526603,0.1627840909090909
hill,0.7,maximum_iou,opsda_cui2015_1h_0.025,threshold_1h,1146,1.0,1.0,1.0,3665,7040,0.31268758526603,0.1627840909090909
hill,0.3,greedy,opsda_cui2015_1h_0.025,threshold_2h,1330,0.4264894676895367,0.4549022458472281,0.410375939849624,3665,5402,0.36289222373806274,0.24620510921880784
hill,0.3,maximum_iou,opsda_cui2015_1h_0.025,threshold_2h,1341,0.3984826793760677,0.432500827718537,0.4105642555306984,3665,5402,0.36589358799454297,0.24824139207700852
hill,0.5,greedy,opsda_cui2015_1h_0.025,threshold_2h,446,0.45585928185191427,0.5589234783069181,0.5,3665,5402,0.12169167803547067,0.08256201406886339
hill,0.5,maximum_iou,opsda_cui2015_1h_0.025,threshold_2h,453,0.3547481774949947,0.46563453939911303,0.5,3665,5402,0.12360163710777626,0.0838578304331729
hill,0.7,greedy,opsda_cui2015_1h_0.025,threshold_2h,0,,,,3665,5402,0.0,0.0
hill,0.7,maximum_iou,opsda_cui2015_1h_0.025,threshold_2h,0,,,,3665,5402,0.0,0.0
hill,0.3,greedy,opsda_cui2015_1h_0.025,threshold_4h,0,,,,3665,3280,0.0,0.0
hill,0.3,maximum_iou,opsda_cui2015_1h_0.025,threshold_4h,0,,,,3665,3280,0.0,0.0
hill,0.5,greedy,opsda_cui2015_1h_0.025,threshold_4h,0,,,,3665,3280,0.0,0.0
hill,0.5,maximum_iou,opsda_cui2015_1h_0.025,threshold_4h,0,,,,3665,3280,0.0,0.0
hill,0.7,greedy,opsda_cui2015_1h_0.025,threshold_4h,0,,,,3665,3280,0.0,0.0
hill,0.7,maximum_iou,opsda_cui2015_1h_0.025,threshold_4h,0,,,,3665,3280,0.0,0.0
hill,0.3,greedy,opsda_cui2015_2h_0.025,opsda_cui2015_4h_0.025,6649,0.9454573840324714,0.9738092848546586,0.9555241031590858,6774,9953,0.9815470918216711,0.6680397869988948
hill,0.3,maximum_iou,opsda_cui2015_2h_0.025,opsda_cui2015_4h_0.025,6673,0.9370152416903925,0.9693286752014313,0.9524699749523666,6774,9953,0.9850900501919102,0.6704511202652467
hill,0.5,greedy,opsda_cui2015_2h_0.025,opsda_cui2015_4h_0.025,6518,0.955343018080959,0.9793785452980558,0.9670531422142346,6774,9953,0.9622084440507824,0.6548779262533909
hill,0.5,maximum_iou,opsda_cui2015_2h_0.025,opsda_cui2015_4h_0.025,6587,0.9414107475015641,0.9716778768788525,0.9578231292517009,6774,9953,0.9723944493652199,0.6618105093941525
hill,0.7,greedy,opsda_cui2015_2h_0.025,opsda_cui2015_4h_0.025,5950,1.0,1.0,1.0,6774,9953,0.8783584292884559,0.597809705616397
hill,0.7,maximum_iou,opsda_cui2015_2h_0.025,opsda_cui2015_4h_0.025,5950,1.0,1.0,1.0,6774,9953,0.8783584292884559,0.597809705616397
hill,0.3,greedy,opsda_cui2015_2h_0.025,sda_florita2013_0.025,5155,0.950128262629029,0.9745232180063699,0.9517943743937924,6774,5315,0.760997933274284,0.9698965192850423
hill,0.3,maximum_iou,opsda_cui2015_2h_0.025,sda_florita2013_0.025,5155,0.9323077069289851,0.966531394676254,0.9517943743937924,6774,5315,0.760997933274284,0.9698965192850423
hill,0.5,greedy,opsda_cui2015_2h_0.025,sda_florita2013_0.025,5155,0.950128262629029,0.9745232180063699,0.9517943743937924,6774,5315,0.760997933274284,0.9698965192850423
hill,0.5,maximum_iou,opsda_cui2015_2h_0.025,sda_florita2013_0.025,5155,0.9323077069289851,0.966531394676254,0.9517943743937924,6774,5315,0.760997933274284,0.9698965192850423
hill,0.7,greedy,opsda_cui2015_2h_0.025,sda_florita2013_0.025,4658,1.0,1.0,1.0,6774,5315,0.6876291703572484,0.8763875823142051
hill,0.7,maximum_iou,opsda_cui2015_2h_0.025,sda_florita2013_0.025,4658,1.0,1.0,1.0,6774,5315,0.6876291703572484,0.8763875823142051
hill,0.3,greedy,opsda_cui2015_2h_0.025,threshold_1h,4767,0.5698646288308056,0.6742048542763385,0.7252694616760066,6774,7040,0.7037201062887511,0.6771306818181818
hill,0.3,maximum_iou,opsda_cui2015_2h_0.025,threshold_1h,4769,0.5691813718880473,0.6740480193889508,0.7251190725818529,6774,7040,0.7040153528196044,0.6774147727272727
hill,0.5,greedy,opsda_cui2015_2h_0.025,threshold_1h,4524,0.6011891852216082,0.6962422461464507,0.7437028967201382,6774,7040,0.6678476527900797,0.6426136363636363
hill,0.5,maximum_iou,opsda_cui2015_2h_0.025,threshold_1h,4525,0.6007342807394946,0.6959813462088694,0.743649039726388,6774,7040,0.6679952760555063,0.6427556818181818
hill,0.7,greedy,opsda_cui2015_2h_0.025,threshold_1h,1971,0.7991336262036597,0.8609663044931389,0.9174277016742769,6774,7040,0.29096545615589015,0.2799715909090909
hill,0.7,maximum_iou,opsda_cui2015_2h_0.025,threshold_1h,1971,0.7991336262036597,0.8609663044931389,0.9174277016742769,6774,7040,0.29096545615589015,0.2799715909090909
hill,0.3,greedy,opsda_cui2015_2h_0.025,threshold_2h,3522,0.4947647794955818,0.5548906068450352,0.5668506512416223,6774,5402,0.5199291408325952,0.6519807478711588
hill,0.3,maximum_iou,opsda_cui2015_2h_0.025,threshold_2h,3544,0.4770138219363781,0.5376850008710309,0.5656330556513967,6774,5402,0.5231768526719811,0.6560533135875601
hill,0.5,greedy,opsda_cui2015_2h_0.025,threshold_2h,2320,0.5085429773840661,0.563713188024741,0.6626159688013135,6774,5402,0.34248597578978446,0.4294705664568678
hill,0.5,maximum_iou,opsda_cui2015_2h_0.025,threshold_2h,2330,0.4876727175037307,0.5445570177453727,0.6616789290823624,6774,5402,0.3439622084440508,0.4313217326915957
hill,0.7,greedy,opsda_cui2015_2h_0.025,threshold_2h,771,0.6746346965873079,0.742002814335711,0.8625810635538262,6774,5402,0.11381753764393268,0.14272491669751944
hill,0.7,maximum_iou,opsda_cui2015_2h_0.025,threshold_2h,771,0.6746346965873079,0.742002814335711,0.8625810635538262,6774,5402,0.11381753764393268,0.14272491669751944
hill,0.3,greedy,opsda_cui2015_2h_0.025,threshold_4h,791,0.22441325051725927,0.2656305066226486,0.37957929484478153,6774,3280,0.11677000295246531,0.24115853658536585
hill,0.3,maximum_iou,opsda_cui2015_2h_0.025,threshold_4h,806,0.21624943770063365,0.24810571917314914,0.3790600941655532,6774,3280,0.11898435193386478,0.24573170731707317
hill,0.5,greedy,opsda_cui2015_2h_0.025,threshold_4h,124,0.1646274378098724,0.14008667153519563,0.5,6774,3280,0.018305284912902273,0.03780487804878049
hill,0.5,maximum_iou,opsda_cui2015_2h_0.025,threshold_4h,125,0.12033636449663074,0.09319260582370659,0.5,6774,3280,0.018452908178328904,0.038109756097560975
hill,0.7,greedy,opsda_cui2015_2h_0.025,threshold_4h,0,,,,6774,3280,0.0,0.0
hill,0.7,maximum_iou,opsda_cui2015_2h_0.025,threshold_4h,0,,,,6774,3280,0.0,0.0
hill,0.3,greedy,opsda_cui2015_4h_0.025,sda_florita2013_0.025,5259,0.9211462533139165,0.9595846510861038,0.9236481224929598,9953,5315,0.52838340198935,0.9894637817497648
hill,0.3,maximum_iou,opsda_cui2015_4h_0.025,sda_florita2013_0.025,5261,0.9138467711331348,0.954888780502668,0.9233838850119024,9953,5315,0.5285843464282126,0.9898400752587018
hill,0.5,greedy,opsda_cui2015_4h_0.025,sda_florita2013_0.025,5114,0.9291324525715688,0.9639128676580649,0.9393243570404307,9953,5315,0.5138149301718075,0.9621825023518344
hill,0.5,maximum_iou,opsda_cui2015_4h_0.025,sda_florita2013_0.025,5114,0.9248019375413651,0.9614734753396087,0.9393243570404307,9953,5315,0.5138149301718075,0.9621825023518344
hill,0.7,greedy,opsda_cui2015_4h_0.025,sda_florita2013_0.025,4452,1.0,1.0,0.9993502117828263,9953,5315,0.4473023209082689,0.8376293508936971
hill,0.7,maximum_iou,opsda_cui2015_4h_0.025,sda_florita2013_0.025,4452,1.0,1.0,0.9993502117828263,9953,5315,0.4473023209082689,0.8376293508936971
hill,0.3,greedy,opsda_cui2015_4h_0.025,threshold_1h,5174,0.5231229461058027,0.6251464443904675,0.7021415072922611,9953,7040,0.5198432633376872,0.7349431818181819
hill,0.3,maximum_iou,opsda_cui2015_4h_0.025,threshold_1h,5197,0.5086068415839883,0.6131782522679717,0.7001050667204217,9953,7040,0.5221541243846076,0.7382102272727272
hill,0.5,greedy,opsda_cui2015_4h_0.025,threshold_1h,4525,0.6054458590413653,0.69251141711099,0.7496910462159082,9953,7040,0.45463679292675574,0.6427556818181818
hill,0.5,maximum_iou,opsda_cui2015_4h_0.025,threshold_1h,4526,0.6043524731078455,0.6925119877012843,0.7495990537914975,9953,7040,0.45473726514618706,0.6428977272727273
hill,0.7,greedy,opsda_cui2015_4h_0.025,threshold_1h,2013,0.7939546824845423,0.8566766760605332,0.9162643215921906,9953,7040,0.20225057771526173,0.2859375
hill,0.7,maximum_iou,opsda_cui2015_4h_0.025,threshold_1h,2013,0.7939546824845423,0.8566766760605332,0.9162643215921906,9953,7040,0.20225057771526173,0.2859375
hill,0.3,greedy,opsda_cui2015_4h_0.025,threshold_2h,4279,0.4800757513372457,0.551633628446971,0.6724762812357151,9953,5402,0.42992062694664923,0.7921140318400592
hill,0.3,maximum_iou,opsda_cui2015_4h_0.025,threshold_2h,4303,0.4655892939849142,0.5344469262088896,0.670381916885895,9953,5402,0.43233196021300113,0.7965568308034061
hill,0.5,greedy,opsda_cui2015_4h_0.025,threshold_2h,3577,0.539000473351451,0.605344855810117,0.7301412640104281,9953,5402,0.35938912890585756,0.6621621621621622
hill,0.5,maximum_iou,opsda_cui2015_4h_0.025,threshold_2h,3584,0.526840902802717,0.5941629518452469,0.7296837974153824,9953,5402,0.36009243444187683,0.6634579785264717
hill,0.7,greedy,opsda_cui2015_4h_0.025,threshold_2h,2021,0.6708505720350896,0.7345371913038616,0.846106377266694,9953,5402,0.20305435547071235,0.37412069603850423
hill,0.7,maximum_iou,opsda_cui2015_4h_0.025,threshold_2h,2021,0.6708505720350896,0.7345371913038616,0.846106377266694,9953,5402,0.20305435547071235,0.37412069603850423
hill,0.3,greedy,opsda_cui2015_4h_0.025,threshold_4h,2070,0.30782355812767376,0.36573517179257053,0.48273451149799673,9953,3280,0.2079774942228474,0.6310975609756098
hill,0.3,maximum_iou,opsda_cui2015_4h_0.025,threshold_4h,2109,0.28346210064468064,0.3429762857038841,0.4786513383856832,9953,3280,0.21189591078066913,0.6429878048780487
hill,0.5,greedy,opsda_cui2015_4h_0.025,threshold_4h,908,0.3377764626078224,0.3593766113624539,0.607731808695465,9953,3280,0.09122877524364513,0.27682926829268295
hill,0.5,maximum_iou,opsda_cui2015_4h_0.025,threshold_4h,916,0.3117881079291742,0.3354666942849635,0.6061915855856903,9953,3280,0.09203255299909575,0.27926829268292686
hill,0.7,greedy,opsda_cui2015_4h_0.025,threshold_4h,186,0.5294580075841244,0.5365649933794967,0.8046676441837733,9953,3280,0.018687832814226868,0.056707317073170734
hill,0.7,maximum_iou,opsda_cui2015_4h_0.025,threshold_4h,186,0.5294580075841244,0.5365649933794967,0.8046676441837733,9953,3280,0.018687832814226868,0.056707317073170734
hill,0.3,greedy,sda_florita2013_0.025,threshold_1h,4543,0.6711829617388315,0.7608750284643995,0.7132168275630745,5315,7040,0.8547507055503293,0.6453125
hill,0.3,maximum_iou,sda_florita2013_0.025,threshold_1h,4558,0.6478973915774712,0.7445838977056681,0.7118862178482627,5315,7040,0.8575729068673565,0.6474431818181818
hill,0.5,greedy,sda_florita2013_0.025,threshold_1h,4208,0.6969694211194566,0.7785143540569667,0.739471584736556,5315,7040,0.7917215428033867,0.5977272727272728
hill,0.5,maximum_iou,sda_florita2013_0.025,threshold_1h,4208,0.6903893904005041,0.7749298680160478,0.739471584736556,5315,7040,0.7917215428033867,0.5977272727272728
hill,0.7,greedy,sda_florita2013_0.025,threshold_1h,1404,0.9647220960878705,0.9851706725712617,0.9719135802469132,5315,7040,0.26415804327375353,0.19943181818181818
hill,0.7,maximum_iou,sda_florita2013_0.025,threshold_1h,1404,0.9647220960878705,0.9851706725712617,0.9719135802469132,5315,7040,0.26415804327375353,0.19943181818181818
hill,0.3,greedy,sda_florita2013_0.025,threshold_2h,2586,0.49449434193590563,0.5457242534059534,0.47996603594051385,5315,5402,0.4865475070555033,0.4787115883006294
hill,0.3,maximum_iou,sda_florita2013_0.025,threshold_2h,2594,0.4749269252786392,0.525463448030133,0.47992502015246813,5315,5402,0.48805268109125116,0.4801925212884117
hill,0.5,greedy,sda_florita2013_0.025,threshold_2h,1233,0.5213330963518945,0.5972960404327964,0.596934177834421,5315,5402,0.23198494825964253,0.22824879674194742
hill,0.5,maximum_iou,sda_florita2013_0.025,threshold_2h,1240,0.4763387310587933,0.5642493264780196,0.596386968766001,5315,5402,0.2333019755409219,0.22954461310625693
hill,0.7,greedy,sda_florita2013_0.025,threshold_2h,292,0.636800877946912,0.728195940079439,0.8034409654272667,5315,5402,0.05493885230479774,0.05405405405405406
hill,0.7,maximum_iou,sda_florita2013_0.025,threshold_2h,292,0.636800877946912,0.728195940079439,0.8034409654272667,5315,5402,0.05493885230479774,0.05405405405405406
hill,0.3,greedy,sda_florita2013_0.025,threshold_4h,400,0.26287061870167294,0.3490149023765928,0.3815394637442171,5315,3280,0.07525870178739416,0.12195121951219512
hill,0.3,maximum_iou,sda_florita2013_0.025,threshold_4h,404,0.2531392562395106,0.3376177313286467,0.38116531063783876,5315,3280,0.07601128880526811,0.12317073170731707
hill,0.5,greedy,sda_florita2013_0.025,threshold_4h,44,0.2440388101735346,0.3247391341550739,0.6015127864559683,5315,3280,0.008278457196613359,0.013414634146341463
hill,0.5,maximum_iou,sda_florita2013_0.025,threshold_4h,44,0.21204473234153765,0.28503884582682903,0.6015127864559683,5315,3280,0.008278457196613359,0.013414634146341463
hill,0.7,greedy,sda_florita2013_0.025,threshold_4h,8,0.5319987575103492,0.5148514851485149,0.8310290404040405,5315,3280,0.0015051740357478834,0.0024390243902439024
hill,0.7,maximum_iou,sda_florita2013_0.025,threshold_4h,8,0.5319987575103492,0.5148514851485149,0.8310290404040405,5315,3280,0.0015051740357478834,0.0024390243902439024
hill,0.3,greedy,threshold_1h,threshold_2h,4112,0.5244112950247456,0.5549723197021516,0.5066149935100568,7040,5402,0.5840909090909091,0.7611995557201037
hill,0.3,maximum_iou,threshold_1h,threshold_2h,4116,0.5161332312045677,0.548408906671197,0.506632860377394,7040,5402,0.584659090909091,0.7619400222139948
hill,0.5,greedy,threshold_1h,threshold_2h,2642,0.5162760449300146,0.5574429731127966,0.5737059821749451,7040,5402,0.37528409090909093,0.4890781192151055
hill,0.5,maximum_iou,threshold_1h,threshold_2h,2647,0.5029506313864767,0.548194024672261,0.57356675667027,7040,5402,0.37599431818181817,0.4900037023324695
hill,0.7,greedy,threshold_1h,threshold_2h,405,0.5792216010924164,0.549071581275583,0.7874874850800775,7040,5402,0.05752840909090909,0.07497223250647908
hill,0.7,maximum_iou,threshold_1h,threshold_2h,405,0.5792216010924164,0.549071581275583,0.7874874850800775,7040,5402,0.05752840909090909,0.07497223250647908
hill,0.3,greedy,threshold_1h,threshold_4h,666,0.2756467525176991,0.2829060520811929,0.366255384431339,7040,3280,0.09460227272727273,0.2030487804878049
hill,0.3,maximum_iou,threshold_1h,threshold_4h,680,0.2673836579650271,0.27954539121856836,0.36547238856825,7040,3280,0.09659090909090909,0.2073170731707317
hill,0.5,greedy,threshold_1h,threshold_4h,62,0.418094243294491,0.29883566864483985,0.5405397022332507,7040,3280,0.008806818181818181,0.018902439024390243
hill,0.5,maximum_iou,threshold_1h,threshold_4h,62,0.359768655962173,0.2677729410368668,0.5405397022332507,7040,3280,0.008806818181818181,0.018902439024390243
hill,0.7,greedy,threshold_1h,threshold_4h,2,0.0,0.0,0.75,7040,3280,0.0002840909090909091,0.0006097560975609756
hill,0.7,maximum_iou,threshold_1h,threshold_4h,2,0.0,0.0,0.75,7040,3280,0.0002840909090909091,0.0006097560975609756
hill,0.3,greedy,threshold_2h,threshold_4h,2822,0.37232485503311796,0.4013659618681376,0.527046580711439,5402,3280,0.5223991114402073,0.8603658536585366
hill,0.3,maximum_iou,threshold_2h,threshold_4h,2852,0.36803161115031885,0.40279499891138665,0.5246199431926089,5402,3280,0.527952610144391,0.8695121951219512
hill,0.5,greedy,threshold_2h,threshold_4h,1752,0.3438997277325215,0.36181296912077493,0.6044531402176144,5402,3280,0.32432432432432434,0.5341463414634147
hill,0.5,maximum_iou,threshold_2h,threshold_4h,1764,0.32904398416446107,0.3500254100078624,0.6032402440760485,5402,3280,0.3265457238059978,0.5378048780487805
hill,0.7,greedy,threshold_2h,threshold_4h,307,0.4053066215404884,0.3557047469836203,0.7917111227086923,5402,3280,0.05683080340614587,0.09359756097560976
hill,0.7,maximum_iou,threshold_2h,threshold_4h,307,0.4053066215404884,0.3557047469836203,0.7917111227086923,5402,3280,0.05683080340614587,0.09359756097560976
lahaute,0.3,greedy,adaptive_corridor,endpoint_corridor_0.025,723,0.9101114608705172,0.9556029808645274,0.8717167226503326,1109,811,0.6519386834986475,0.8914919852034525
lahaute,0.3,maximum_iou,adaptive_corridor,endpoint_corridor_0.025,723,0.9174925679044369,0.9609499273918036,0.8717167226503326,1109,811,0.6519386834986475,0.8914919852034525
lahaute,0.5,greedy,adaptive_corridor,endpoint_corridor_0.025,691,0.9292191677586816,0.9674328484299181,0.8960099235063055,1109,811,0.6230838593327321,0.8520345252774353
lahaute,0.5,maximum_iou,adaptive_corridor,endpoint_corridor_0.025,691,0.9380988899688085,0.9732116161324339,0.8960099235063055,1109,811,0.6230838593327321,0.8520345252774353
lahaute,0.7,greedy,adaptive_corridor,endpoint_corridor_0.025,539,1.0,1.0,0.9937538651824366,1109,811,0.4860234445446348,0.6646115906288532
lahaute,0.7,maximum_iou,adaptive_corridor,endpoint_corridor_0.025,539,1.0,1.0,0.9937538651824366,1109,811,0.4860234445446348,0.6646115906288532
lahaute,0.3,greedy,adaptive_corridor,endpoint_corridor_0.050,916,0.9096662375238809,0.9572818851452327,0.891676079257957,1109,1094,0.8259693417493237,0.8372943327239488
lahaute,0.3,maximum_iou,adaptive_corridor,endpoint_corridor_0.050,916,0.9127022860265179,0.959332629202424,0.891676079257957,1109,1094,0.8259693417493237,0.8372943327239488
lahaute,0.5,greedy,adaptive_corridor,endpoint_corridor_0.050,886,0.921913840892233,0.9640502675260106,0.9093236052886166,1109,1094,0.7989179440937781,0.8098720292504571
lahaute,0.5,maximum_iou,adaptive_corridor,endpoint_corridor_0.050,886,0.9251748922776208,0.9662252480807039,0.9093236052886166,1109,1094,0.7989179440937781,0.8098720292504571
lahaute,0.7,greedy,adaptive_corridor,endpoint_corridor_0.050,725,0.974625440824803,0.9912880051153913,0.9866338259441708,1109,1094,0.6537421100090172,0.6627056672760512
lahaute,0.7,maximum_iou,adaptive_corridor,endpoint_corridor_0.050,725,0.974625440824803,0.9912880051153913,0.9866338259441708,1109,1094,0.6537421100090172,0.6627056672760512
lahaute,0.3,greedy,adaptive_corridor,endpoint_corridor_0.100,945,0.9351481289649152,0.973783605174185,0.8748971134685419,1109,1257,0.8521190261496844,0.7517899761336515
lahaute,0.3,maximum_iou,adaptive_corridor,endpoint_corridor_0.100,945,0.9351481289649152,0.973783605174185,0.8748971134685419,1109,1257,0.8521190261496844,0.7517899761336515
lahaute,0.5,greedy,adaptive_corridor,endpoint_corridor_0.100,912,0.9371902153539474,0.9748219165414979,0.8933073688007899,1109,1257,0.8223624887285843,0.7255369928400954
lahaute,0.5,maximum_iou,adaptive_corridor,endpoint_corridor_0.100,912,0.9371902153539474,0.9748219165414979,0.8933073688007899,1109,1257,0.8223624887285843,0.7255369928400954
lahaute,0.7,greedy,adaptive_corridor,endpoint_corridor_0.100,717,0.9907453298532914,0.9972435009769776,0.9815803985260053,1109,1257,0.6465284039675383,0.5704057279236276
lahaute,0.7,maximum_iou,adaptive_corridor,endpoint_corridor_0.100,717,0.9907453298532914,0.9972435009769776,0.9815803985260053,1109,1257,0.6465284039675383,0.5704057279236276
lahaute,0.3,greedy,adaptive_corridor,financial_tail_1h,436,0.8039341251652946,0.8315174140208118,0.6889908256880733,1109,760,0.3931469792605951,0.5736842105263158
lahaute,0.3,maximum_iou,adaptive_corridor,financial_tail_1h,436,0.8054693720680133,0.8339424973604687,0.6889908256880733,1109,760,0.3931469792605951,0.5736842105263158
lahaute,0.5,greedy,adaptive_corridor,financial_tail_1h,350,0.8343630123549889,0.8670137620935977,0.7722993197278911,1109,760,0.3155996393146979,0.4605263157894737
lahaute,0.5,maximum_iou,adaptive_corridor,financial_tail_1h,350,0.8343630123549889,0.8670137620935977,0.7722993197278911,1109,760,0.3155996393146979,0.4605263157894737
lahaute,0.7,greedy,adaptive_corridor,financial_tail_1h,165,1.0,1.0,0.9878787878787879,1109,760,0.14878268710550044,0.21710526315789475
lahaute,0.7,maximum_iou,adaptive_corridor,financial_tail_1h,165,1.0,1.0,0.9878787878787879,1109,760,0.14878268710550044,0.21710526315789475
lahaute,0.3,greedy,adaptive_corridor,financial_tail_2h,266,0.693112971342307,0.7275528015360447,0.6180468341182626,1109,568,0.23985572587917042,0.46830985915492956
lahaute,0.3,maximum_iou,adaptive_corridor,financial_tail_2h,266,0.693112971342307,0.7275528015360447,0.6180468341182626,1109,568,0.23985572587917042,0.46830985915492956
lahaute,0.5,greedy,adaptive_corridor,financial_tail_2h,201,0.7174202780150942,0.7381921563609609,0.6938896785911712,1109,568,0.1812443642921551,0.3538732394366197
lahaute,0.5,maximum_iou,adaptive_corridor,financial_tail_2h,201,0.7174202780150942,0.7381921563609609,0.6938896785911712,1109,568,0.1812443642921551,0.3538732394366197
lahaute,0.7,greedy,adaptive_corridor,financial_tail_2h,98,0.8233099404959018,0.8786077434493547,0.8619816974408812,1109,568,0.08836789900811542,0.17253521126760563
lahaute,0.7,maximum_iou,adaptive_corridor,financial_tail_2h,98,0.8233099404959018,0.8786077434493547,0.8619816974408812,1109,568,0.08836789900811542,0.17253521126760563
lahaute,0.3,greedy,adaptive_corridor,financial_tail_4h,112,0.5848380471430228,0.6171643308833422,0.46942683760567155,1109,373,0.10099188458070334,0.3002680965147453
lahaute,0.3,maximum_iou,adaptive_corridor,financial_tail_4h,112,0.5848380471430228,0.6171643308833422,0.46942683760567155,1109,373,0.10099188458070334,0.3002680965147453
lahaute,0.5,greedy,adaptive_corridor,financial_tail_4h,44,0.6357268280960404,0.6387413962635201,0.6200126262626262,1109,373,0.03967538322813345,0.11796246648793565
lahaute,0.5,maximum_iou,adaptive_corridor,financial_tail_4h,44,0.6357268280960404,0.6387413962635201,0.6200126262626262,1109,373,0.03967538322813345,0.11796246648793565
lahaute,0.7,greedy,adaptive_corridor,financial_tail_4h,9,0.8571428571428572,0.8888888888888888,0.8128831045497713,1109,373,0.008115419296663661,0.024128686327077747
lahaute,0.7,maximum_iou,adaptive_corridor,financial_tail_4h,9,0.8571428571428572,0.8888888888888888,0.8128831045497713,1109,373,0.008115419296663661,0.024128686327077747
lahaute,0.3,greedy,adaptive_corridor,mean_shift_1h,404,0.6992799633310058,0.6773852994934471,0.5707066242338519,1109,514,0.3642921550946799,0.7859922178988327
lahaute,0.3,maximum_iou,adaptive_corridor,mean_shift_1h,404,0.6992799633310058,0.6773852994934471,0.5707066242338519,1109,514,0.3642921550946799,0.7859922178988327
lahaute,0.5,greedy,adaptive_corridor,mean_shift_1h,263,0.7035768072743188,0.6984360035679754,0.6939344559116422,1109,514,0.23715058611361586,0.5116731517509727
lahaute,0.5,maximum_iou,adaptive_corridor,mean_shift_1h,263,0.7035768072743188,0.6984360035679754,0.6939344559116422,1109,514,0.23715058611361586,0.5116731517509727
lahaute,0.7,greedy,adaptive_corridor,mean_shift_1h,88,0.8947987125963057,0.9340893838865693,0.8931818181818181,1109,514,0.0793507664562669,0.17120622568093385
lahaute,0.7,maximum_iou,adaptive_corridor,mean_shift_1h,88,0.8947987125963057,0.9340893838865693,0.8931818181818181,1109,514,0.0793507664562669,0.17120622568093385
lahaute,0.3,greedy,adaptive_corridor,mean_shift_2h,156,0.5076835230009501,0.4298537029861296,0.4583469593084978,1109,437,0.1406672678088368,0.35697940503432496
lahaute,0.3,maximum_iou,adaptive_corridor,mean_shift_2h,156,0.5076835230009501,0.4298537029861296,0.4583469593084978,1109,437,0.1406672678088368,0.35697940503432496
lahaute,0.5,greedy,adaptive_corridor,mean_shift_2h,52,0.6702102042435907,0.5260402430562856,0.6232712800020492,1109,437,0.046889089269612265,0.11899313501144165
lahaute,0.5,maximum_iou,adaptive_corridor,mean_shift_2h,52,0.6702102042435907,0.5260402430562856,0.6232712800020492,1109,437,0.046889089269612265,0.11899313501144165
lahaute,0.7,greedy,adaptive_corridor,mean_shift_2h,15,0.6789396581138585,0.4972375690607735,0.7686507936507937,1109,437,0.013525698827772768,0.034324942791762014
lahaute,0.7,maximum_iou,adaptive_corridor,mean_shift_2h,15,0.6789396581138585,0.4972375690607735,0.7686507936507937,1109,437,0.013525698827772768,0.034324942791762014
lahaute,0.3,greedy,adaptive_corridor,mean_shift_4h,26,0.43888470276461966,0.3313815477132458,0.3793813520380146,1109,265,0.023444544634806132,0.09811320754716982
lahaute,0.3,maximum_iou,adaptive_corridor,mean_shift_4h,26,0.43888470276461966,0.3313815477132458,0.3793813520380146,1109,265,0.023444544634806132,0.09811320754716982
lahaute,0.5,greedy,adaptive_corridor,mean_shift_4h,5,0.829198600737597,0.782608695652174,0.5245686680469289,1109,265,0.004508566275924256,0.018867924528301886
lahaute,0.5,maximum_iou,adaptive_corridor,mean_shift_4h,5,0.829198600737597,0.782608695652174,0.5245686680469289,1109,265,0.004508566275924256,0.018867924528301886
lahaute,0.7,greedy,adaptive_corridor,mean_shift_4h,0,,,,1109,265,0.0,0.0
lahaute,0.7,maximum_iou,adaptive_corridor,mean_shift_4h,0,,,,1109,265,0.0,0.0
lahaute,0.3,greedy,adaptive_corridor,opsda_cui2015_1h_0.025,290,0.759028894488018,0.7936176857226365,0.605287356321839,1109,337,0.26149684400360684,0.8605341246290801
lahaute,0.3,maximum_iou,adaptive_corridor,opsda_cui2015_1h_0.025,290,0.759028894488018,0.7936176857226365,0.605287356321839,1109,337,0.26149684400360684,0.8605341246290801
lahaute,0.5,greedy,adaptive_corridor,opsda_cui2015_1h_0.025,258,0.763333387491932,0.8008779243346145,0.6382428940568475,1109,337,0.23264201983769162,0.7655786350148368
lahaute,0.5,maximum_iou,adaptive_corridor,opsda_cui2015_1h_0.025,258,0.763333387491932,0.8008779243346145,0.6382428940568475,1109,337,0.23264201983769162,0.7655786350148368
lahaute,0.7,greedy,adaptive_corridor,opsda_cui2015_1h_0.025,59,1.0,1.0,1.0,1109,337,0.05320108205590622,0.17507418397626112
lahaute,0.7,maximum_iou,adaptive_corridor,opsda_cui2015_1h_0.025,59,1.0,1.0,1.0,1109,337,0.05320108205590622,0.17507418397626112
lahaute,0.3,greedy,adaptive_corridor,opsda_cui2015_2h_0.025,485,0.7594146584676128,0.7863178786837453,0.6421551300932744,1109,782,0.43733092876465285,0.6202046035805626
lahaute,0.3,maximum_iou,adaptive_corridor,opsda_cui2015_2h_0.025,485,0.7594146584676128,0.7863178786837453,0.6421551300932744,1109,782,0.43733092876465285,0.6202046035805626
lahaute,0.5,greedy,adaptive_corridor,opsda_cui2015_2h_0.025,431,0.7719475351728022,0.8034891279722856,0.6791017567119655,1109,782,0.3886384129846709,0.551150895140665
lahaute,0.5,maximum_iou,adaptive_corridor,opsda_cui2015_2h_0.025,431,0.7719475351728022,0.8034891279722856,0.6791017567119655,1109,782,0.3886384129846709,0.551150895140665
lahaute,0.7,greedy,adaptive_corridor,opsda_cui2015_2h_0.025,154,0.8727638101824554,0.9204588924477678,0.900974025974026,1109,782,0.1388638412984671,0.1969309462915601
lahaute,0.7,maximum_iou,adaptive_corridor,opsda_cui2015_2h_0.025,154,0.8727638101824554,0.9204588924477678,0.900974025974026,1109,782,0.1388638412984671,0.1969309462915601
lahaute,0.3,greedy,adaptive_corridor,opsda_cui2015_4h_0.025,624,0.7298217522285331,0.7815564078601842,0.6274307289932289,1109,1490,0.5626690712353472,0.41879194630872485
lahaute,0.3,maximum_iou,adaptive_corridor,opsda_cui2015_4h_0.025,624,0.728942666592006,0.7799851983558336,0.6274307289932289,1109,1490,0.5626690712353472,0.41879194630872485
lahaute,0.5,greedy,adaptive_corridor,opsda_cui2015_4h_0.025,508,0.7560919390031301,0.8048770937090958,0.6871322902818965,1109,1490,0.4580703336339044,0.3409395973154362
lahaute,0.5,maximum_iou,adaptive_corridor,opsda_cui2015_4h_0.025,508,0.7548198468809494,0.8027712299587212,0.6871322902818965,1109,1490,0.4580703336339044,0.3409395973154362
lahaute,0.7,greedy,adaptive_corridor,opsda_cui2015_4h_0.025,204,0.8722799315937209,0.9307256852182698,0.8785655929038283,1109,1490,0.18394950405770966,0.13691275167785236
lahaute,0.7,maximum_iou,adaptive_corridor,opsda_cui2015_4h_0.025,204,0.8722799315937209,0.9307256852182698,0.8785655929038283,1109,1490,0.18394950405770966,0.13691275167785236
lahaute,0.3,greedy,adaptive_corridor,sda_florita2013_0.025,505,0.7693153680030672,0.7935493587108422,0.6315730144443016,1109,667,0.45536519386834984,0.7571214392803598
lahaute,0.3,maximum_iou,adaptive_corridor,sda_florita2013_0.025,505,0.7693153680030672,0.7935493587108422,0.6315730144443016,1109,667,0.45536519386834984,0.7571214392803598
lahaute,0.5,greedy,adaptive_corridor,sda_florita2013_0.025,433,0.7850392410216394,0.820852093035669,0.6793852413944792,1109,667,0.3904418394950406,0.6491754122938531
lahaute,0.5,maximum_iou,adaptive_corridor,sda_florita2013_0.025,433,0.7850392410216394,0.820852093035669,0.6793852413944792,1109,667,0.3904418394950406,0.6491754122938531
lahaute,0.7,greedy,adaptive_corridor,sda_florita2013_0.025,145,0.935170100552789,0.9773665140227961,0.9168746579091407,1109,667,0.13074842200180342,0.21739130434782608
lahaute,0.7,maximum_iou,adaptive_corridor,sda_florita2013_0.025,145,0.935170100552789,0.9773665140227961,0.9168746579091407,1109,667,0.13074842200180342,0.21739130434782608
lahaute,0.3,greedy,adaptive_corridor,threshold_1h,750,0.7887804901124343,0.8271722525136203,0.7133999999999999,1109,958,0.6762849413886384,0.7828810020876826
lahaute,0.3,maximum_iou,adaptive_corridor,threshold_1h,750,0.7887804901124343,0.8271722525136203,0.7133999999999999,1109,958,0.6762849413886384,0.7828810020876826
lahaute,0.5,greedy,adaptive_corridor,threshold_1h,617,0.8080802145580084,0.8626314304457448,0.7934436983869722,1109,958,0.5563570784490532,0.6440501043841336
lahaute,0.5,maximum_iou,adaptive_corridor,threshold_1h,617,0.8080802145580084,0.8626314304457448,0.7934436983869722,1109,958,0.5563570784490532,0.6440501043841336
lahaute,0.7,greedy,adaptive_corridor,threshold_1h,328,0.9825350650528767,0.9939876837402081,0.9910060975609757,1109,958,0.2957619477006312,0.34237995824634654
lahaute,0.7,maximum_iou,adaptive_corridor,threshold_1h,328,0.9825350650528767,0.9939876837402081,0.9910060975609757,1109,958,0.2957619477006312,0.34237995824634654
lahaute,0.3,greedy,adaptive_corridor,threshold_2h,488,0.6992376804433694,0.6906573927606329,0.6026480407115652,1109,1060,0.4400360685302074,0.46037735849056605
lahaute,0.3,maximum_iou,adaptive_corridor,threshold_2h,488,0.7027643400965511,0.6930246025165657,0.6026480407115652,1109,1060,0.4400360685302074,0.46037735849056605
lahaute,0.5,greedy,adaptive_corridor,threshold_2h,349,0.7174633790246013,0.7253258418079079,0.6921824673257337,1109,1060,0.3146979260595131,0.3292452830188679
lahaute,0.5,maximum_iou,adaptive_corridor,threshold_2h,349,0.7174633790246013,0.7253258418079079,0.6921824673257337,1109,1060,0.3146979260595131,0.3292452830188679
lahaute,0.7,greedy,adaptive_corridor,threshold_2h,151,0.8496189676033689,0.8830153171756897,0.8822295805739514,1109,1060,0.13615870153291254,0.14245283018867924
lahaute,0.7,maximum_iou,adaptive_corridor,threshold_2h,151,0.8496189676033689,0.8830153171756897,0.8822295805739514,1109,1060,0.13615870153291254,0.14245283018867924
lahaute,0.3,greedy,adaptive_corridor,threshold_4h,180,0.5838690066415959,0.6517400753004292,0.4826288804988271,1109,812,0.1623083859332732,0.22167487684729065
lahaute,0.3,maximum_iou,adaptive_corridor,threshold_4h,181,0.5824765820414459,0.6623269679547509,0.4818040432216697,1109,812,0.16321009918845808,0.2229064039408867
lahaute,0.5,greedy,adaptive_corridor,threshold_4h,79,0.6332821967891777,0.7042697571746761,0.6361561800199256,1109,812,0.07123534715960325,0.09729064039408868
lahaute,0.5,maximum_iou,adaptive_corridor,threshold_4h,79,0.6332821967891777,0.7042697571746761,0.6361561800199256,1109,812,0.07123534715960325,0.09729064039408868
lahaute,0.7,greedy,adaptive_corridor,threshold_4h,22,0.7838362995416803,0.8955381368706663,0.8336564950201314,1109,812,0.019837691614066726,0.027093596059113302
lahaute,0.7,maximum_iou,adaptive_corridor,threshold_4h,22,0.7838362995416803,0.8955381368706663,0.8336564950201314,1109,812,0.019837691614066726,0.027093596059113302
lahaute,0.3,greedy,endpoint_corridor_0.025,endpoint_corridor_0.050,778,0.9432201193189952,0.9740557090811955,0.9369323050556984,811,1094,0.9593094944512947,0.7111517367458866
lahaute,0.3,maximum_iou,endpoint_corridor_0.025,endpoint_corridor_0.050,778,0.9471351087087533,0.9765941111972292,0.9369323050556984,811,1094,0.9593094944512947,0.7111517367458866
lahaute,0.5,greedy,endpoint_corridor_0.025,endpoint_corridor_0.050,769,0.9427281051131976,0.9737127709138009,0.9436497615951451,811,1094,0.9482120838471023,0.7029250457038391
lahaute,0.5,maximum_iou,endpoint_corridor_0.025,endpoint_corridor_0.050,769,0.9466739596147397,0.9762841852288845,0.9436497615951451,811,1094,0.9482120838471023,0.7029250457038391
lahaute,0.7,greedy,endpoint_corridor_0.025,endpoint_corridor_0.050,680,0.9707195334216149,0.9876585661312688,0.9916666666666667,811,1094,0.8384710234278668,0.6215722120658135
lahaute,0.7,maximum_iou,endpoint_corridor_0.025,endpoint_corridor_0.050,680,0.9707195334216149,0.9876585661312688,0.9916666666666667,811,1094,0.8384710234278668,0.6215722120658135
lahaute,0.3,greedy,endpoint_corridor_0.025,endpoint_corridor_0.100,689,0.890435744912681,0.9440318518867663,0.8020198355104016,811,1257,0.8495684340320592,0.5481304693715194
lahaute,0.3,maximum_iou,endpoint_corridor_0.025,endpoint_corridor_0.100,689,0.8976055631659056,0.9493429119726358,0.8020198355104016,811,1257,0.8495684340320592,0.5481304693715194
lahaute,0.5,greedy,endpoint_corridor_0.025,endpoint_corridor_0.100,647,0.8889357212764628,0.9423943605031669,0.8312614999632,811,1257,0.7977805178791615,0.5147175815433572
lahaute,0.5,maximum_iou,endpoint_corridor_0.025,endpoint_corridor_0.100,647,0.8967179190823473,0.9481539540485356,0.8312614999632,811,1257,0.7977805178791615,0.5147175815433572
lahaute,0.7,greedy,endpoint_corridor_0.025,endpoint_corridor_0.100,407,1.0,1.0,0.9947174447174447,811,1257,0.5018495684340321,0.3237867939538584
lahaute,0.7,maximum_iou,endpoint_corridor_0.025,endpoint_corridor_0.100,407,1.0,1.0,0.9947174447174447,811,1257,0.5018495684340321,0.3237867939538584
lahaute,0.3,greedy,endpoint_corridor_0.025,financial_tail_1h,318,0.7649994551846526,0.7949276007910095,0.6036687631027253,811,760,0.3921085080147966,0.41842105263157897
lahaute,0.3,maximum_iou,endpoint_corridor_0.025,financial_tail_1h,318,0.774102296337838,0.7999273159805457,0.6036687631027253,811,760,0.3921085080147966,0.41842105263157897
lahaute,0.5,greedy,endpoint_corridor_0.025,financial_tail_1h,230,0.7620193872943608,0.8053646317838786,0.7065217391304348,811,760,0.2836004932182491,0.3026315789473684
lahaute,0.5,maximum_iou,endpoint_corridor_0.025,financial_tail_1h,230,0.7742491144694683,0.8145038939159784,0.7065217391304348,811,760,0.2836004932182491,0.3026315789473684
lahaute,0.7,greedy,endpoint_corridor_0.025,financial_tail_1h,86,1.0,1.0,0.9941860465116279,811,760,0.1060419235511714,0.11315789473684211
lahaute,0.7,maximum_iou,endpoint_corridor_0.025,financial_tail_1h,86,1.0,1.0,0.9941860465116279,811,760,0.1060419235511714,0.11315789473684211
lahaute,0.3,greedy,endpoint_corridor_0.025,financial_tail_2h,98,0.7014889957981789,0.6972659949667608,0.4768885026538087,811,568,0.12083847102342787,0.17253521126760563
lahaute,0.3,maximum_iou,endpoint_corridor_0.025,financial_tail_2h,98,0.7047308597455286,0.7003592503153497,0.4768885026538087,811,568,0.12083847102342787,0.17253521126760563
lahaute,0.5,greedy,endpoint_corridor_0.025,financial_tail_2h,51,0.6823488849527304,0.6643409696600289,0.5738562091503268,811,568,0.06288532675709001,0.0897887323943662
lahaute,0.5,maximum_iou,endpoint_corridor_0.025,financial_tail_2h,51,0.6823488849527304,0.6643409696600289,0.5738562091503268,811,568,0.06288532675709001,0.0897887323943662
lahaute,0.7,greedy,endpoint_corridor_0.025,financial_tail_2h,9,0.7499999999999999,0.5555555555555556,0.7777777777777778,811,568,0.011097410604192354,0.01584507042253521
lahaute,0.7,maximum_iou,endpoint_corridor_0.025,financial_tail_2h,9,0.7499999999999999,0.5555555555555556,0.7777777777777778,811,568,0.011097410604192354,0.01584507042253521
lahaute,0.3,greedy,endpoint_corridor_0.025,financial_tail_4h,12,0.6365181584040692,0.5411764705882353,0.3819234006734007,811,373,0.014796547472256474,0.032171581769437
lahaute,0.3,maximum_iou,endpoint_corridor_0.025,financial_tail_4h,12,0.6365181584040692,0.5411764705882353,0.3819234006734007,811,373,0.014796547472256474,0.032171581769437
lahaute,0.5,greedy,endpoint_corridor_0.025,financial_tail_4h,2,0.0,0.0,0.5625,811,373,0.002466091245376079,0.005361930294906166
lahaute,0.5,maximum_iou,endpoint_corridor_0.025,financial_tail_4h,2,0.0,0.0,0.5625,811,373,0.002466091245376079,0.005361930294906166
lahaute,0.7,greedy,endpoint_corridor_0.025,financial_tail_4h,0,,,,811,373,0.0,0.0
lahaute,0.7,maximum_iou,endpoint_corridor_0.025,financial_tail_4h,0,,,,811,373,0.0,0.0
lahaute,0.3,greedy,endpoint_corridor_0.025,mean_shift_1h,290,0.7056102716380847,0.6723580254696686,0.4556896551724137,811,514,0.35758323057953145,0.5642023346303502
lahaute,0.3,maximum_iou,endpoint_corridor_0.025,mean_shift_1h,290,0.7106638612471169,0.6749617059094705,0.4556896551724137,811,514,0.35758323057953145,0.5642023346303502
lahaute,0.5,greedy,endpoint_corridor_0.025,mean_shift_1h,114,0.7244717913951326,0.7027329182870284,0.6393274853801169,811,514,0.1405672009864365,0.22178988326848248
lahaute,0.5,maximum_iou,endpoint_corridor_0.025,mean_shift_1h,114,0.7244717913951326,0.7027329182870284,0.6393274853801169,811,514,0.1405672009864365,0.22178988326848248
lahaute,0.7,greedy,endpoint_corridor_0.025,mean_shift_1h,13,1.0,1.0,0.9807692307692307,811,514,0.016029593094944512,0.02529182879377432
lahaute,0.7,maximum_iou,endpoint_corridor_0.025,mean_shift_1h,13,1.0,1.0,0.9807692307692307,811,514,0.016029593094944512,0.02529182879377432
lahaute,0.3,greedy,endpoint_corridor_0.025,mean_shift_2h,36,0.504375256537361,0.41906332926916734,0.37348708390375057,811,437,0.04438964241676942,0.08237986270022883
lahaute,0.3,maximum_iou,endpoint_corridor_0.025,mean_shift_2h,36,0.504375256537361,0.41906332926916734,0.37348708390375057,811,437,0.04438964241676942,0.08237986270022883
lahaute,0.5,greedy,endpoint_corridor_0.025,mean_shift_2h,2,1.0,1.0,0.5357142857142857,811,437,0.002466091245376079,0.004576659038901602
lahaute,0.5,maximum_iou,endpoint_corridor_0.025,mean_shift_2h,2,1.0,1.0,0.5357142857142857,811,437,0.002466091245376079,0.004576659038901602
lahaute,0.7,greedy,endpoint_corridor_0.025,mean_shift_2h,0,,,,811,437,0.0,0.0
lahaute,0.7,maximum_iou,endpoint_corridor_0.025,mean_shift_2h,0,,,,811,437,0.0,0.0
lahaute,0.3,greedy,endpoint_corridor_0.025,mean_shift_4h,0,,,,811,265,0.0,0.0
lahaute,0.3,maximum_iou,endpoint_corridor_0.025,mean_shift_4h,0,,,,811,265,0.0,0.0
lahaute,0.5,greedy,endpoint_corridor_0.025,mean_shift_4h,0,,,,811,265,0.0,0.0
lahaute,0.5,maximum_iou,endpoint_corridor_0.025,mean_shift_4h,0,,,,811,265,0.0,0.0
lahaute,0.7,greedy,endpoint_corridor_0.025,mean_shift_4h,0,,,,811,265,0.0,0.0
lahaute,0.7,maximum_iou,endpoint_corridor_0.025,mean_shift_4h,0,,,,811,265,0.0,0.0
lahaute,0.3,greedy,endpoint_corridor_0.025,opsda_cui2015_1h_0.025,236,0.7782909850382908,0.7872455910043229,0.49011299435028244,811,337,0.2909987669543773,0.7002967359050445
lahaute,0.3,maximum_iou,endpoint_corridor_0.025,opsda_cui2015_1h_0.025,236,0.7827572529247426,0.7885795220438209,0.49011299435028244,811,337,0.2909987669543773,0.7002967359050445
lahaute,0.5,greedy,endpoint_corridor_0.025,opsda_cui2015_1h_0.025,222,0.7843484154637612,0.8003290709102253,0.5,811,337,0.27373612823674476,0.658753709198813
lahaute,0.5,maximum_iou,endpoint_corridor_0.025,opsda_cui2015_1h_0.025,222,0.7897258446748416,0.8012688995530766,0.5,811,337,0.27373612823674476,0.658753709198813
lahaute,0.7,greedy,endpoint_corridor_0.025,opsda_cui2015_1h_0.025,0,,,,811,337,0.0,0.0
lahaute,0.7,maximum_iou,endpoint_corridor_0.025,opsda_cui2015_1h_0.025,0,,,,811,337,0.0,0.0
lahaute,0.3,greedy,endpoint_corridor_0.025,opsda_cui2015_2h_0.025,353,0.773661330394866,0.774204091383329,0.5186496694995278,811,782,0.4352651048088779,0.4514066496163683
lahaute,0.3,maximum_iou,endpoint_corridor_0.025,opsda_cui2015_2h_0.025,353,0.7790601858277943,0.7762225913650793,0.5186496694995278,811,782,0.4352651048088779,0.4514066496163683
lahaute,0.5,greedy,endpoint_corridor_0.025,opsda_cui2015_2h_0.025,304,0.788620464722658,0.807734974891534,0.5485197368421053,811,782,0.374845869297164,0.3887468030690537
lahaute,0.5,maximum_iou,endpoint_corridor_0.025,opsda_cui2015_2h_0.025,304,0.7966144582225462,0.8105700636278924,0.5485197368421053,811,782,0.374845869297164,0.3887468030690537
lahaute,0.7,greedy,endpoint_corridor_0.025,opsda_cui2015_2h_0.025,17,1.0,1.0,0.75,811,782,0.02096177558569667,0.021739130434782608
lahaute,0.7,maximum_iou,endpoint_corridor_0.025,opsda_cui2015_2h_0.025,17,1.0,1.0,0.75,811,782,0.02096177558569667,0.021739130434782608
lahaute,0.3,greedy,endpoint_corridor_0.025,opsda_cui2015_4h_0.025,398,0.7439993843271702,0.738790291496967,0.5003709021296961,811,1490,0.4907521578298397,0.26711409395973157
lahaute,0.3,maximum_iou,endpoint_corridor_0.025,opsda_cui2015_4h_0.025,398,0.7465662929856606,0.7390811128107592,0.5003709021296961,811,1490,0.4907521578298397,0.26711409395973157
lahaute,0.5,greedy,endpoint_corridor_0.025,opsda_cui2015_4h_0.025,297,0.7627932661447541,0.7745076017665397,0.5494308160974827,811,1490,0.36621454993834773,0.19932885906040268
lahaute,0.5,maximum_iou,endpoint_corridor_0.025,opsda_cui2015_4h_0.025,297,0.7684295771346354,0.7773496389272551,0.5494308160974827,811,1490,0.36621454993834773,0.19932885906040268
lahaute,0.7,greedy,endpoint_corridor_0.025,opsda_cui2015_4h_0.025,14,1.0,1.0,0.75,811,1490,0.01726263871763255,0.009395973154362415
lahaute,0.7,maximum_iou,endpoint_corridor_0.025,opsda_cui2015_4h_0.025,14,1.0,1.0,0.75,811,1490,0.01726263871763255,0.009395973154362415
lahaute,0.3,greedy,endpoint_corridor_0.025,sda_florita2013_0.025,384,0.7697672371690936,0.7681740716103009,0.5151475694444444,811,667,0.47348951911220716,0.5757121439280359
lahaute,0.3,maximum_iou,endpoint_corridor_0.025,sda_florita2013_0.025,384,0.7732719225222842,0.7699925566301195,0.5151475694444444,811,667,0.47348951911220716,0.5757121439280359
lahaute,0.5,greedy,endpoint_corridor_0.025,sda_florita2013_0.025,326,0.7841292449267653,0.8004619397718139,0.5472903885480573,811,667,0.40197287299630086,0.48875562218890556
lahaute,0.5,maximum_iou,endpoint_corridor_0.025,sda_florita2013_0.025,326,0.7893401698222021,0.8029185963603598,0.5472903885480573,811,667,0.40197287299630086,0.48875562218890556
lahaute,0.7,greedy,endpoint_corridor_0.025,sda_florita2013_0.025,17,1.0,1.0,0.75,811,667,0.02096177558569667,0.025487256371814093
lahaute,0.7,maximum_iou,endpoint_corridor_0.025,sda_florita2013_0.025,17,1.0,1.0,0.75,811,667,0.02096177558569667,0.025487256371814093
lahaute,0.3,greedy,endpoint_corridor_0.025,threshold_1h,607,0.7713238546433192,0.8016784081649241,0.6332784184514003,811,958,0.7484586929716399,0.6336116910229646
lahaute,0.3,maximum_iou,endpoint_corridor_0.025,threshold_1h,607,0.7764303379753521,0.8050505684321348,0.6332784184514003,811,958,0.7484586929716399,0.6336116910229646
lahaute,0.5,greedy,endpoint_corridor_0.025,threshold_1h,444,0.788991822670915,0.8351580412862046,0.7429429429429429,811,958,0.5474722564734895,0.46346555323590816
lahaute,0.5,maximum_iou,endpoint_corridor_0.025,threshold_1h,444,0.7967979199955963,0.8407140206939948,0.7429429429429429,811,958,0.5474722564734895,0.46346555323590816
lahaute,0.7,greedy,endpoint_corridor_0.025,threshold_1h,200,1.0,1.0,0.9975,811,958,0.2466091245376079,0.20876826722338204
lahaute,0.7,maximum_iou,endpoint_corridor_0.025,threshold_1h,200,1.0,1.0,0.9975,811,958,0.2466091245376079,0.20876826722338204
lahaute,0.3,greedy,endpoint_corridor_0.025,threshold_2h,213,0.6549771362171632,0.6313921214208036,0.49262240107310523,811,1060,0.2626387176325524,0.2009433962264151
lahaute,0.3,maximum_iou,endpoint_corridor_0.025,threshold_2h,213,0.6569699146547882,0.6294656921876224,0.49262240107310523,811,1060,0.2626387176325524,0.2009433962264151
lahaute,0.5,greedy,endpoint_corridor_0.025,threshold_2h,108,0.690019996444861,0.6800029703738958,0.6111331569664903,811,1060,0.13316892725030827,0.1018867924528302
lahaute,0.5,maximum_iou,endpoint_corridor_0.025,threshold_2h,108,0.690019996444861,0.6800029703738958,0.6111331569664903,811,1060,0.13316892725030827,0.1018867924528302
lahaute,0.7,greedy,endpoint_corridor_0.025,threshold_2h,27,0.7954783089571971,0.7889779559118236,0.8462962962962963,811,1060,0.03329223181257707,0.02547169811320755
lahaute,0.7,maximum_iou,endpoint_corridor_0.025,threshold_2h,27,0.7954783089571971,0.7889779559118236,0.8462962962962963,811,1060,0.03329223181257707,0.02547169811320755
lahaute,0.3,greedy,endpoint_corridor_0.025,threshold_4h,17,0.5099814228503732,0.2980251346499102,0.39148841354723707,811,812,0.02096177558569667,0.020935960591133004
lahaute,0.3,maximum_iou,endpoint_corridor_0.025,threshold_4h,17,0.5099814228503732,0.2980251346499102,0.39148841354723707,811,812,0.02096177558569667,0.020935960591133004
lahaute,0.5,greedy,endpoint_corridor_0.025,threshold_4h,4,0.2693558349079911,-0.3333333333333333,0.53125,811,812,0.004932182490752158,0.0049261083743842365
lahaute,0.5,maximum_iou,endpoint_corridor_0.025,threshold_4h,4,0.2693558349079911,-0.3333333333333333,0.53125,811,812,0.004932182490752158,0.0049261083743842365
lahaute,0.7,greedy,endpoint_corridor_0.025,threshold_4h,0,,,,811,812,0.0,0.0
lahaute,0.7,maximum_iou,endpoint_corridor_0.025,threshold_4h,0,,,,811,812,0.0,0.0
lahaute,0.3,greedy,endpoint_corridor_0.050,endpoint_corridor_0.100,881,0.8924657864330485,0.9454884836727675,0.8151363865041503,1094,1257,0.8053016453382084,0.7008750994431185
lahaute,0.3,maximum_iou,endpoint_corridor_0.050,endpoint_corridor_0.100,881,0.8985677452205983,0.9496271827543912,0.8151363865041503,1094,1257,0.8053016453382084,0.7008750994431185
lahaute,0.5,greedy,endpoint_corridor_0.050,endpoint_corridor_0.100,829,0.8940575640609116,0.9461561687487516,0.8428809462886664,1094,1257,0.7577696526508226,0.6595067621320605
lahaute,0.5,maximum_iou,endpoint_corridor_0.050,endpoint_corridor_0.100,829,0.896968925375543,0.9483767417800516,0.8428809462886664,1094,1257,0.7577696526508226,0.6595067621320605
lahaute,0.7,greedy,endpoint_corridor_0.050,endpoint_corridor_0.100,557,0.9801856406091094,0.9924484224823915,0.9795308820443469,1094,1257,0.5091407678244972,0.44311853619729513
lahaute,0.7,maximum_iou,endpoint_corridor_0.050,endpoint_corridor_0.100,557,0.9801856406091094,0.9924484224823915,0.9795308820443469,1094,1257,0.5091407678244972,0.44311853619729513
lahaute,0.3,greedy,endpoint_corridor_0.050,financial_tail_1h,420,0.7800672454081669,0.8234175320301484,0.6756689342403628,1094,760,0.38391224862888484,0.5526315789473685
lahaute,0.3,maximum_iou,endpoint_corridor_0.050,financial_tail_1h,420,0.7872423998863799,0.8280286242375136,0.6756689342403628,1094,760,0.38391224862888484,0.5526315789473685
lahaute,0.5,greedy,endpoint_corridor_0.050,financial_tail_1h,331,0.794705631611784,0.8575715821499404,0.7655013667098259,1094,760,0.30255941499085925,0.4355263157894737
lahaute,0.5,maximum_iou,endpoint_corridor_0.050,financial_tail_1h,331,0.8019575212427512,0.8611235565677767,0.7655013667098259,1094,760,0.30255941499085925,0.4355263157894737
lahaute,0.7,greedy,endpoint_corridor_0.050,financial_tail_1h,163,0.9700891878455247,0.9882115063993532,0.9847502191060474,1094,760,0.1489945155393053,0.21447368421052632
lahaute,0.7,maximum_iou,endpoint_corridor_0.050,financial_tail_1h,163,0.9700891878455247,0.9882115063993532,0.9847502191060474,1094,760,0.1489945155393053,0.21447368421052632
lahaute,0.3,greedy,endpoint_corridor_0.050,financial_tail_2h,199,0.7206841990008969,0.7688037184944244,0.564077561188114,1094,568,0.18190127970749542,0.3503521126760563
lahaute,0.3,maximum_iou,endpoint_corridor_0.050,financial_tail_2h,199,0.725639095128495,0.77202442286937,0.564077561188114,1094,568,0.18190127970749542,0.3503521126760563
lahaute,0.5,greedy,endpoint_corridor_0.050,financial_tail_2h,129,0.7389091558875397,0.7787077697245378,0.6671250153808292,1094,568,0.11791590493601463,0.22711267605633803
lahaute,0.5,maximum_iou,endpoint_corridor_0.050,financial_tail_2h,129,0.7389091558875397,0.7787077697245378,0.6671250153808292,1094,568,0.11791590493601463,0.22711267605633803
lahaute,0.7,greedy,endpoint_corridor_0.050,financial_tail_2h,54,0.7738692379507601,0.8103433042025446,0.8617063492063493,1094,568,0.04936014625228519,0.09507042253521127
lahaute,0.7,maximum_iou,endpoint_corridor_0.050,financial_tail_2h,54,0.7738692379507601,0.8103433042025446,0.8617063492063493,1094,568,0.04936014625228519,0.09507042253521127
lahaute,0.3,greedy,endpoint_corridor_0.050,financial_tail_4h,53,0.5943907140494106,0.6144896488512391,0.45036279234392435,1094,373,0.048446069469835464,0.14209115281501342
lahaute,0.3,maximum_iou,endpoint_corridor_0.050,financial_tail_4h,53,0.5425722059888395,0.5740372832058365,0.45036279234392435,1094,373,0.048446069469835464,0.14209115281501342
lahaute,0.5,greedy,endpoint_corridor_0.050,financial_tail_4h,15,0.7722525241157212,0.7243060765191298,0.6362169312169311,1094,373,0.013711151736745886,0.040214477211796246
lahaute,0.5,maximum_iou,endpoint_corridor_0.050,financial_tail_4h,15,0.7722525241157212,0.7243060765191298,0.6362169312169311,1094,373,0.013711151736745886,0.040214477211796246
lahaute,0.7,greedy,endpoint_corridor_0.050,financial_tail_4h,4,0.6666666666666666,-0.2,0.8427579365079365,1094,373,0.003656307129798903,0.010723860589812333
lahaute,0.7,maximum_iou,endpoint_corridor_0.050,financial_tail_4h,4,0.6666666666666666,-0.2,0.8427579365079365,1094,373,0.003656307129798903,0.010723860589812333
lahaute,0.3,greedy,endpoint_corridor_0.050,mean_shift_1h,386,0.6868671647998232,0.6625720676028388,0.5299654576856649,1094,514,0.35283363802559414,0.7509727626459144
lahaute,0.3,maximum_iou,endpoint_corridor_0.050,mean_shift_1h,386,0.6890006601674084,0.6644064184064953,0.5299654576856649,1094,514,0.35283363802559414,0.7509727626459144
lahaute,0.5,greedy,endpoint_corridor_0.050,mean_shift_1h,215,0.6885305044453979,0.6744180141769504,0.6823255813953488,1094,514,0.19652650822669104,0.4182879377431907
lahaute,0.5,maximum_iou,endpoint_corridor_0.050,mean_shift_1h,215,0.6885305044453979,0.6744180141769504,0.6823255813953488,1094,514,0.19652650822669104,0.4182879377431907
lahaute,0.7,greedy,endpoint_corridor_0.050,mean_shift_1h,61,1.0,1.0,0.9278688524590164,1094,514,0.055758683729433274,0.11867704280155641
lahaute,0.7,maximum_iou,endpoint_corridor_0.050,mean_shift_1h,61,1.0,1.0,0.9278688524590164,1094,514,0.055758683729433274,0.11867704280155641
lahaute,0.3,greedy,endpoint_corridor_0.050,mean_shift_2h,107,0.5275180581141656,0.4164181962517971,0.41327906257812796,1094,437,0.09780621572212066,0.2448512585812357
lahaute,0.3,maximum_iou,endpoint_corridor_0.050,mean_shift_2h,107,0.5275180581141656,0.4164181962517971,0.41327906257812796,1094,437,0.09780621572212066,0.2448512585812357
lahaute,0.5,greedy,endpoint_corridor_0.050,mean_shift_2h,23,0.6679291982025992,0.4871994761295956,0.5779158040027604,1094,437,0.02102376599634369,0.05263157894736842
lahaute,0.5,maximum_iou,endpoint_corridor_0.050,mean_shift_2h,23,0.6679291982025992,0.4871994761295956,0.5779158040027604,1094,437,0.02102376599634369,0.05263157894736842
lahaute,0.7,greedy,endpoint_corridor_0.050,mean_shift_2h,3,0.7336804366512112,0.0,0.7261904761904763,1094,437,0.002742230347349177,0.006864988558352402
lahaute,0.7,maximum_iou,endpoint_corridor_0.050,mean_shift_2h,3,0.7336804366512112,0.0,0.7261904761904763,1094,437,0.002742230347349177,0.006864988558352402
lahaute,0.3,greedy,endpoint_corridor_0.050,mean_shift_4h,9,0.6682882862414578,0.4,0.33490459881124834,1094,265,0.008226691042047532,0.033962264150943396
lahaute,0.3,maximum_iou,endpoint_corridor_0.050,mean_shift_4h,9,0.6682882862414578,0.4,0.33490459881124834,1094,265,0.008226691042047532,0.033962264150943396
lahaute,0.5,greedy,endpoint_corridor_0.050,mean_shift_4h,0,,,,1094,265,0.0,0.0
lahaute,0.5,maximum_iou,endpoint_corridor_0.050,mean_shift_4h,0,,,,1094,265,0.0,0.0
lahaute,0.7,greedy,endpoint_corridor_0.050,mean_shift_4h,0,,,,1094,265,0.0,0.0
lahaute,0.7,maximum_iou,endpoint_corridor_0.050,mean_shift_4h,0,,,,1094,265,0.0,0.0
lahaute,0.3,greedy,endpoint_corridor_0.050,opsda_cui2015_1h_0.025,274,0.7611752510873692,0.7817315264745663,0.5590024330900243,1094,337,0.25045703839122485,0.8130563798219584
lahaute,0.3,maximum_iou,endpoint_corridor_0.050,opsda_cui2015_1h_0.025,274,0.7611752510873692,0.7817315264745663,0.5590024330900243,1094,337,0.25045703839122485,0.8130563798219584
lahaute,0.5,greedy,endpoint_corridor_0.050,opsda_cui2015_1h_0.025,250,0.7727335050120501,0.7926299229242629,0.5806666666666667,1094,337,0.22851919561243145,0.7418397626112759
lahaute,0.5,maximum_iou,endpoint_corridor_0.050,opsda_cui2015_1h_0.025,250,0.7727335050120501,0.7926299229242629,0.5806666666666667,1094,337,0.22851919561243145,0.7418397626112759
lahaute,0.7,greedy,endpoint_corridor_0.050,opsda_cui2015_1h_0.025,36,1.0,1.0,1.0,1094,337,0.03290676416819013,0.10682492581602374
lahaute,0.7,maximum_iou,endpoint_corridor_0.050,opsda_cui2015_1h_0.025,36,1.0,1.0,1.0,1094,337,0.03290676416819013,0.10682492581602374
lahaute,0.3,greedy,endpoint_corridor_0.050,opsda_cui2015_2h_0.025,456,0.7618400576304062,0.7873366198625146,0.5951023391812865,1094,782,0.41681901279707495,0.5831202046035806
lahaute,0.3,maximum_iou,endpoint_corridor_0.050,opsda_cui2015_2h_0.025,456,0.7618400576304062,0.7873366198625146,0.5951023391812865,1094,782,0.41681901279707495,0.5831202046035806
lahaute,0.5,greedy,endpoint_corridor_0.050,opsda_cui2015_2h_0.025,408,0.7776563508487446,0.8186713187942347,0.6250816993464052,1094,782,0.37294332723948814,0.5217391304347826
lahaute,0.5,maximum_iou,endpoint_corridor_0.050,opsda_cui2015_2h_0.025,408,0.7776563508487446,0.8186713187942347,0.6250816993464052,1094,782,0.37294332723948814,0.5217391304347826
lahaute,0.7,greedy,endpoint_corridor_0.050,opsda_cui2015_2h_0.025,95,0.9119954829038123,0.9608467837650224,0.8989473684210525,1094,782,0.08683729433272395,0.12148337595907928
lahaute,0.7,maximum_iou,endpoint_corridor_0.050,opsda_cui2015_2h_0.025,95,0.9119954829038123,0.9608467837650224,0.8989473684210525,1094,782,0.08683729433272395,0.12148337595907928
lahaute,0.3,greedy,endpoint_corridor_0.050,opsda_cui2015_4h_0.025,573,0.7341218864036542,0.7576911326258823,0.5698184160226044,1094,1490,0.5237659963436929,0.38456375838926177
lahaute,0.3,maximum_iou,endpoint_corridor_0.050,opsda_cui2015_4h_0.025,573,0.732734037480073,0.7548581589441729,0.5698184160226044,1094,1490,0.5237659963436929,0.38456375838926177
lahaute,0.5,greedy,endpoint_corridor_0.050,opsda_cui2015_4h_0.025,443,0.7671898473384834,0.7978589678481193,0.6289001755706044,1094,1490,0.40493601462522855,0.2973154362416107
lahaute,0.5,maximum_iou,endpoint_corridor_0.050,opsda_cui2015_4h_0.025,443,0.7659429921065924,0.7956475361056383,0.6289001755706044,1094,1490,0.40493601462522855,0.2973154362416107
lahaute,0.7,greedy,endpoint_corridor_0.050,opsda_cui2015_4h_0.025,111,0.8525230160812166,0.9147661525744315,0.8825325325325325,1094,1490,0.10146252285191956,0.07449664429530202
lahaute,0.7,maximum_iou,endpoint_corridor_0.050,opsda_cui2015_4h_0.025,111,0.8525230160812166,0.9147661525744315,0.8825325325325325,1094,1490,0.10146252285191956,0.07449664429530202
lahaute,0.3,greedy,endpoint_corridor_0.050,sda_florita2013_0.025,493,0.760357691226373,0.7827600900468644,0.6009723429601725,1094,667,0.4506398537477148,0.7391304347826086
lahaute,0.3,maximum_iou,endpoint_corridor_0.050,sda_florita2013_0.025,493,0.760357691226373,0.7827600900468644,0.6009723429601725,1094,667,0.4506398537477148,0.7391304347826086
lahaute,0.5,greedy,endpoint_corridor_0.050,sda_florita2013_0.025,432,0.778183754211871,0.8174390428000831,0.6386096413874192,1094,667,0.39488117001828155,0.6476761619190404
lahaute,0.5,maximum_iou,endpoint_corridor_0.050,sda_florita2013_0.025,432,0.778183754211871,0.8174390428000831,0.6386096413874192,1094,667,0.39488117001828155,0.6476761619190404
lahaute,0.7,greedy,endpoint_corridor_0.050,sda_florita2013_0.025,114,0.8979769887513913,0.9489132932796512,0.8950570871623504,1094,667,0.10420475319926874,0.17091454272863568
lahaute,0.7,maximum_iou,endpoint_corridor_0.050,sda_florita2013_0.025,114,0.8979769887513913,0.9489132932796512,0.8950570871623504,1094,667,0.10420475319926874,0.17091454272863568
lahaute,0.3,greedy,endpoint_corridor_0.050,threshold_1h,767,0.7792168339309972,0.8227010356916832,0.7071925249891351,1094,958,0.7010968921389397,0.8006263048016702
lahaute,0.3,maximum_iou,endpoint_corridor_0.050,threshold_1h,767,0.7816918760596653,0.8242775601251272,0.7071925249891351,1094,958,0.7010968921389397,0.8006263048016702
lahaute,0.5,greedy,endpoint_corridor_0.050,threshold_1h,619,0.8012952471600503,0.8623556670772473,0.7958266020463113,1094,958,0.5658135283363802,0.6461377870563675
lahaute,0.5,maximum_iou,endpoint_corridor_0.050,threshold_1h,619,0.8044568039701958,0.8645772698769877,0.7958266020463113,1094,958,0.5658135283363802,0.6461377870563675
lahaute,0.7,greedy,endpoint_corridor_0.050,threshold_1h,339,1.0,1.0,0.9948377581120944,1094,958,0.30987202925045704,0.35386221294363257
lahaute,0.7,maximum_iou,endpoint_corridor_0.050,threshold_1h,339,1.0,1.0,0.9948377581120944,1094,958,0.30987202925045704,0.35386221294363257
lahaute,0.3,greedy,endpoint_corridor_0.050,threshold_2h,407,0.6982851206357633,0.6837769903657098,0.5557957807957807,1094,1060,0.3720292504570384,0.3839622641509434
lahaute,0.3,maximum_iou,endpoint_corridor_0.050,threshold_2h,407,0.702125079118302,0.6846721594559735,0.5557957807957807,1094,1060,0.3720292504570384,0.3839622641509434
lahaute,0.5,greedy,endpoint_corridor_0.050,threshold_2h,266,0.7180546843843568,0.711800057539358,0.6536296097386324,1094,1060,0.24314442413162707,0.2509433962264151
lahaute,0.5,maximum_iou,endpoint_corridor_0.050,threshold_2h,266,0.7180546843843568,0.711800057539358,0.6536296097386324,1094,1060,0.24314442413162707,0.2509433962264151
lahaute,0.7,greedy,endpoint_corridor_0.050,threshold_2h,99,0.8339120900428865,0.8573984847317956,0.8548581048581049,1094,1060,0.09049360146252285,0.09339622641509433
lahaute,0.7,maximum_iou,endpoint_corridor_0.050,threshold_2h,99,0.8339120900428865,0.8573984847317956,0.8548581048581049,1094,1060,0.09049360146252285,0.09339622641509433
lahaute,0.3,greedy,endpoint_corridor_0.050,threshold_4h,98,0.5398913165355698,0.5972668582265744,0.4453582705932331,1094,812,0.08957952468007313,0.1206896551724138
lahaute,0.3,maximum_iou,endpoint_corridor_0.050,threshold_4h,98,0.5198869022457805,0.5905334420287138,0.4453582705932331,1094,812,0.08957952468007313,0.1206896551724138
lahaute,0.5,greedy,endpoint_corridor_0.050,threshold_4h,32,0.5007377009067399,0.47606512298586545,0.6272704725829725,1094,812,0.029250457038391225,0.03940886699507389
lahaute,0.5,maximum_iou,endpoint_corridor_0.050,threshold_4h,32,0.5007377009067399,0.47606512298586545,0.6272704725829725,1094,812,0.029250457038391225,0.03940886699507389
lahaute,0.7,greedy,endpoint_corridor_0.050,threshold_4h,8,0.755014678359733,0.672514619883041,0.8716224747474748,1094,812,0.007312614259597806,0.009852216748768473
lahaute,0.7,maximum_iou,endpoint_corridor_0.050,threshold_4h,8,0.755014678359733,0.672514619883041,0.8716224747474748,1094,812,0.007312614259597806,0.009852216748768473
lahaute,0.3,greedy,endpoint_corridor_0.100,financial_tail_1h,464,0.7953970853495189,0.8274513458285646,0.6747485632183907,1257,760,0.36913285600636436,0.6105263157894737
lahaute,0.3,maximum_iou,endpoint_corridor_0.100,financial_tail_1h,464,0.7953970853495189,0.8274513458285646,0.6747485632183907,1257,760,0.36913285600636436,0.6105263157894737
lahaute,0.5,greedy,endpoint_corridor_0.100,financial_tail_1h,382,0.8024301057858692,0.8447594871414982,0.7427262528047868,1257,760,0.3038981702466189,0.5026315789473684
lahaute,0.5,maximum_iou,endpoint_corridor_0.100,financial_tail_1h,382,0.8024301057858692,0.8447594871414982,0.7427262528047868,1257,760,0.3038981702466189,0.5026315789473684
lahaute,0.7,greedy,endpoint_corridor_0.100,financial_tail_1h,162,0.9701585107332319,0.9889456583401831,0.9579218106995885,1257,760,0.1288782816229117,0.2131578947368421
lahaute,0.7,maximum_iou,endpoint_corridor_0.100,financial_tail_1h,162,0.9701585107332319,0.9889456583401831,0.9579218106995885,1257,760,0.1288782816229117,0.2131578947368421
lahaute,0.3,greedy,endpoint_corridor_0.100,financial_tail_2h,322,0.7061951642940452,0.7317226828617894,0.6267519919693834,1257,568,0.2561654733492442,0.5669014084507042
lahaute,0.3,maximum_iou,endpoint_corridor_0.100,financial_tail_2h,322,0.7061951642940452,0.7317226828617894,0.6267519919693834,1257,568,0.2561654733492442,0.5669014084507042
lahaute,0.5,greedy,endpoint_corridor_0.100,financial_tail_2h,251,0.7496062580378225,0.7697527677732886,0.6971046549731809,1257,568,0.19968178202068418,0.44190140845070425
lahaute,0.5,maximum_iou,endpoint_corridor_0.100,financial_tail_2h,251,0.7496062580378225,0.7697527677732886,0.6971046549731809,1257,568,0.19968178202068418,0.44190140845070425
lahaute,0.7,greedy,endpoint_corridor_0.100,financial_tail_2h,124,0.8573494362763663,0.8971884363472832,0.84834229390681,1257,568,0.09864757358790771,0.21830985915492956
lahaute,0.7,maximum_iou,endpoint_corridor_0.100,financial_tail_2h,124,0.8573494362763663,0.8971884363472832,0.84834229390681,1257,568,0.09864757358790771,0.21830985915492956
lahaute,0.3,greedy,endpoint_corridor_0.100,financial_tail_4h,147,0.5675391974491704,0.6240923182431068,0.5133930097852509,1257,373,0.11694510739856802,0.3941018766756032
lahaute,0.3,maximum_iou,endpoint_corridor_0.100,financial_tail_4h,147,0.5675391974491704,0.6240923182431068,0.5133930097852509,1257,373,0.11694510739856802,0.3941018766756032
lahaute,0.5,greedy,endpoint_corridor_0.100,financial_tail_4h,69,0.7276628208200933,0.723553600541477,0.6706112089104416,1257,373,0.05489260143198091,0.18498659517426275
lahaute,0.5,maximum_iou,endpoint_corridor_0.100,financial_tail_4h,69,0.7276628208200933,0.723553600541477,0.6706112089104416,1257,373,0.05489260143198091,0.18498659517426275
lahaute,0.7,greedy,endpoint_corridor_0.100,financial_tail_4h,26,0.8169142826384996,0.8513946044810242,0.8359261904510773,1257,373,0.020684168655529037,0.06970509383378017
lahaute,0.7,maximum_iou,endpoint_corridor_0.100,financial_tail_4h,26,0.8169142826384996,0.8513946044810242,0.8359261904510773,1257,373,0.020684168655529037,0.06970509383378017
lahaute,0.3,greedy,endpoint_corridor_0.100,mean_shift_1h,462,0.6921567875479412,0.6573484403242619,0.6041486291486292,1257,514,0.36754176610978523,0.8988326848249028
lahaute,0.3,maximum_iou,endpoint_corridor_0.100,mean_shift_1h,462,0.6670906449052448,0.6467519625159034,0.6041486291486292,1257,514,0.36754176610978523,0.8988326848249028
lahaute,0.5,greedy,endpoint_corridor_0.100,mean_shift_1h,339,0.709636651948361,0.6951289100218104,0.6997682258744206,1257,514,0.26968973747016706,0.6595330739299611
lahaute,0.5,maximum_iou,endpoint_corridor_0.100,mean_shift_1h,339,0.709636651948361,0.6951289100218104,0.6997682258744206,1257,514,0.26968973747016706,0.6595330739299611
lahaute,0.7,greedy,endpoint_corridor_0.100,mean_shift_1h,123,0.9384504211671808,0.9666256864826519,0.8914634146341464,1257,514,0.09785202863961814,0.23929961089494164
lahaute,0.7,maximum_iou,endpoint_corridor_0.100,mean_shift_1h,123,0.9384504211671808,0.9666256864826519,0.8914634146341464,1257,514,0.09785202863961814,0.23929961089494164
lahaute,0.3,greedy,endpoint_corridor_0.100,mean_shift_2h,214,0.45570783398517506,0.3871238230150602,0.46404881463292674,1257,437,0.17024661893396978,0.4897025171624714
lahaute,0.3,maximum_iou,endpoint_corridor_0.100,mean_shift_2h,214,0.45570783398517506,0.3871238230150602,0.46404881463292674,1257,437,0.17024661893396978,0.4897025171624714
lahaute,0.5,greedy,endpoint_corridor_0.100,mean_shift_2h,84,0.6645621779557862,0.510835452237533,0.616178860821718,1257,437,0.06682577565632458,0.19221967963386727
lahaute,0.5,maximum_iou,endpoint_corridor_0.100,mean_shift_2h,84,0.6645621779557862,0.510835452237533,0.616178860821718,1257,437,0.06682577565632458,0.19221967963386727
lahaute,0.7,greedy,endpoint_corridor_0.100,mean_shift_2h,20,0.706853197554241,0.5557782231128925,0.7934848484848485,1257,437,0.015910898965791568,0.04576659038901602
lahaute,0.7,maximum_iou,endpoint_corridor_0.100,mean_shift_2h,20,0.706853197554241,0.5557782231128925,0.7934848484848485,1257,437,0.015910898965791568,0.04576659038901602
lahaute,0.3,greedy,endpoint_corridor_0.100,mean_shift_4h,51,0.40220971558005136,0.32422346891661974,0.4264826659609657,1257,265,0.0405727923627685,0.19245283018867926
lahaute,0.3,maximum_iou,endpoint_corridor_0.100,mean_shift_4h,51,0.40220971558005136,0.32422346891661974,0.4264826659609657,1257,265,0.0405727923627685,0.19245283018867926
lahaute,0.5,greedy,endpoint_corridor_0.100,mean_shift_4h,11,0.6784517098301527,0.46153846153846156,0.568405047338955,1257,265,0.008750994431185362,0.04150943396226415
lahaute,0.5,maximum_iou,endpoint_corridor_0.100,mean_shift_4h,11,0.6784517098301527,0.46153846153846156,0.568405047338955,1257,265,0.008750994431185362,0.04150943396226415
lahaute,0.7,greedy,endpoint_corridor_0.100,mean_shift_4h,1,1.0,1.0,0.7058823529411765,1257,265,0.0007955449482895784,0.0037735849056603774
lahaute,0.7,maximum_iou,endpoint_corridor_0.100,mean_shift_4h,1,1.0,1.0,0.7058823529411765,1257,265,0.0007955449482895784,0.0037735849056603774
lahaute,0.3,greedy,endpoint_corridor_0.100,opsda_cui2015_1h_0.025,313,0.7499454251518297,0.7913374482528541,0.6358892438764643,1257,337,0.24900556881463803,0.9287833827893175
lahaute,0.3,maximum_iou,endpoint_corridor_0.100,opsda_cui2015_1h_0.025,313,0.7308504084699554,0.7831544439174186,0.6358892438764643,1257,337,0.24900556881463803,0.9287833827893175
lahaute,0.5,greedy,endpoint_corridor_0.100,opsda_cui2015_1h_0.025,273,0.7685249696660557,0.821377456627221,0.6782661782661782,1257,337,0.2171837708830549,0.8100890207715133
lahaute,0.5,maximum_iou,endpoint_corridor_0.100,opsda_cui2015_1h_0.025,273,0.7464711913119331,0.8110687899095155,0.6782661782661782,1257,337,0.2171837708830549,0.8100890207715133
lahaute,0.7,greedy,endpoint_corridor_0.100,opsda_cui2015_1h_0.025,80,1.0,1.0,1.0,1257,337,0.06364359586316627,0.23738872403560832
lahaute,0.7,maximum_iou,endpoint_corridor_0.100,opsda_cui2015_1h_0.025,80,1.0,1.0,1.0,1257,337,0.06364359586316627,0.23738872403560832
lahaute,0.3,greedy,endpoint_corridor_0.100,opsda_cui2015_2h_0.025,534,0.7459767278657288,0.7791282820641372,0.6644930444087748,1257,782,0.42482100238663484,0.6828644501278772
lahaute,0.3,maximum_iou,endpoint_corridor_0.100,opsda_cui2015_2h_0.025,534,0.7334762320081459,0.773691238218712,0.6644930444087748,1257,782,0.42482100238663484,0.6828644501278772
lahaute,0.5,greedy,endpoint_corridor_0.100,opsda_cui2015_2h_0.025,477,0.7615403434217627,0.8102541106647752,0.7017620045921932,1257,782,0.3794749403341289,0.6099744245524297
lahaute,0.5,maximum_iou,endpoint_corridor_0.100,opsda_cui2015_2h_0.025,477,0.7474955679027354,0.8036933664952287,0.7017620045921932,1257,782,0.3794749403341289,0.6099744245524297
lahaute,0.7,greedy,endpoint_corridor_0.100,opsda_cui2015_2h_0.025,206,0.9161664706770045,0.9540129446078109,0.8997572815533981,1257,782,0.16388225934765313,0.26342710997442453
lahaute,0.7,maximum_iou,endpoint_corridor_0.100,opsda_cui2015_2h_0.025,206,0.9161664706770045,0.9540129446078109,0.8997572815533981,1257,782,0.16388225934765313,0.26342710997442453
lahaute,0.3,greedy,endpoint_corridor_0.100,opsda_cui2015_4h_0.025,721,0.7365983847497889,0.778260509787209,0.6550980611313482,1257,1490,0.573587907716786,0.48389261744966444
lahaute,0.3,maximum_iou,endpoint_corridor_0.100,opsda_cui2015_4h_0.025,721,0.7268355594764333,0.774064478789268,0.6550980611313482,1257,1490,0.573587907716786,0.48389261744966444
lahaute,0.5,greedy,endpoint_corridor_0.100,opsda_cui2015_4h_0.025,591,0.7746217350984151,0.8226036232353047,0.7168744162398986,1257,1490,0.4701670644391408,0.39664429530201345
lahaute,0.5,maximum_iou,endpoint_corridor_0.100,opsda_cui2015_4h_0.025,591,0.7627312804161432,0.8171698663888887,0.7168744162398986,1257,1490,0.4701670644391408,0.39664429530201345
lahaute,0.7,greedy,endpoint_corridor_0.100,opsda_cui2015_4h_0.025,290,0.908722728807508,0.9474349028533167,0.8819919639747226,1257,1490,0.2307080350039777,0.19463087248322147
lahaute,0.7,maximum_iou,endpoint_corridor_0.100,opsda_cui2015_4h_0.025,290,0.908722728807508,0.9474349028533167,0.8819919639747226,1257,1490,0.2307080350039777,0.19463087248322147
lahaute,0.3,greedy,endpoint_corridor_0.100,sda_florita2013_0.025,538,0.7516900534264597,0.7745058917591986,0.6499009612857196,1257,667,0.42800318217979316,0.8065967016491754
lahaute,0.3,maximum_iou,endpoint_corridor_0.100,sda_florita2013_0.025,538,0.7391682463742452,0.7693110846504116,0.6499009612857196,1257,667,0.42800318217979316,0.8065967016491754
lahaute,0.5,greedy,endpoint_corridor_0.100,sda_florita2013_0.025,457,0.7805791751946652,0.8312525352063108,0.7019242124274946,1257,667,0.3635640413683373,0.6851574212893553
lahaute,0.5,maximum_iou,endpoint_corridor_0.100,sda_florita2013_0.025,457,0.7656130636447441,0.8243709466339304,0.7019242124274946,1257,667,0.3635640413683373,0.6851574212893553
lahaute,0.7,greedy,endpoint_corridor_0.100,sda_florita2013_0.025,179,0.9719344679441995,0.9904255850822221,0.9213487629688747,1257,667,0.1424025457438345,0.2683658170914543
lahaute,0.7,maximum_iou,endpoint_corridor_0.100,sda_florita2013_0.025,179,0.9719344679441995,0.9904255850822221,0.9213487629688747,1257,667,0.1424025457438345,0.2683658170914543
lahaute,0.3,greedy,endpoint_corridor_0.100,threshold_1h,806,0.7882470650159232,0.8315463136419854,0.7080290677064871,1257,958,0.6412092283214001,0.8413361169102297
lahaute,0.3,maximum_iou,endpoint_corridor_0.100,threshold_1h,806,0.7834980485473819,0.8316952178381865,0.7080290677064871,1257,958,0.6412092283214001,0.8413361169102297
lahaute,0.5,greedy,endpoint_corridor_0.100,threshold_1h,678,0.8082334407267766,0.8627818949502487,0.7752282623964041,1257,958,0.5393794749403341,0.7077244258872651
lahaute,0.5,maximum_iou,endpoint_corridor_0.100,threshold_1h,678,0.8082334407267766,0.8627818949502487,0.7752282623964041,1257,958,0.5393794749403341,0.7077244258872651
lahaute,0.7,greedy,endpoint_corridor_0.100,threshold_1h,325,1.0,1.0,0.9793846153846154,1257,958,0.25855210819411295,0.33924843423799583
lahaute,0.7,maximum_iou,endpoint_corridor_0.100,threshold_1h,325,1.0,1.0,0.9793846153846154,1257,958,0.25855210819411295,0.33924843423799583
lahaute,0.3,greedy,endpoint_corridor_0.100,threshold_2h,630,0.6995726950090779,0.7051421694715486,0.6226508280079708,1257,1060,0.5011933174224343,0.5943396226415094
lahaute,0.3,maximum_iou,endpoint_corridor_0.100,threshold_2h,630,0.70392339933635,0.7076758871333737,0.6226508280079708,1257,1060,0.5011933174224343,0.5943396226415094
lahaute,0.5,greedy,endpoint_corridor_0.100,threshold_2h,469,0.738460598561523,0.7660014080587858,0.7066661897685352,1257,1060,0.3731105807478122,0.44245283018867926
lahaute,0.5,maximum_iou,endpoint_corridor_0.100,threshold_2h,469,0.738460598561523,0.7660014080587858,0.7066661897685352,1257,1060,0.3731105807478122,0.44245283018867926
lahaute,0.7,greedy,endpoint_corridor_0.100,threshold_2h,235,0.8403779170994944,0.903382015803043,0.8642857142857143,1257,1060,0.1869530628480509,0.22169811320754718
lahaute,0.7,maximum_iou,endpoint_corridor_0.100,threshold_2h,235,0.8403779170994944,0.903382015803043,0.8642857142857143,1257,1060,0.1869530628480509,0.22169811320754718
lahaute,0.3,greedy,endpoint_corridor_0.100,threshold_4h,276,0.5593167938539758,0.6120492665464597,0.5185511404253723,1257,812,0.21957040572792363,0.3399014778325123
lahaute,0.3,maximum_iou,endpoint_corridor_0.100,threshold_4h,277,0.563984156597149,0.6252851988120179,0.5178824840820797,1257,812,0.2203659506762132,0.3411330049261084
lahaute,0.5,greedy,endpoint_corridor_0.100,threshold_4h,133,0.6573590591040701,0.7297660931845581,0.6751327707642095,1257,812,0.10580747812251393,0.16379310344827586
lahaute,0.5,maximum_iou,endpoint_corridor_0.100,threshold_4h,133,0.6573590591040701,0.7297660931845581,0.6751327707642095,1257,812,0.10580747812251393,0.16379310344827586
lahaute,0.7,greedy,endpoint_corridor_0.100,threshold_4h,54,0.9472140619746102,0.9706561572660456,0.8287772624373931,1257,812,0.04295942720763723,0.0665024630541872
lahaute,0.7,maximum_iou,endpoint_corridor_0.100,threshold_4h,54,0.9472140619746102,0.9706561572660456,0.8287772624373931,1257,812,0.04295942720763723,0.0665024630541872
lahaute,0.3,greedy,financial_tail_1h,financial_tail_2h,423,0.6007337914462242,0.6496688806326703,0.5127622049607865,760,568,0.5565789473684211,0.7447183098591549
lahaute,0.3,maximum_iou,financial_tail_1h,financial_tail_2h,423,0.6032174229646474,0.6518638228124266,0.5127622049607865,760,568,0.5565789473684211,0.7447183098591549
lahaute,0.5,greedy,financial_tail_1h,financial_tail_2h,295,0.6155643431759187,0.6453411373631482,0.5695628194780737,760,568,0.3881578947368421,0.5193661971830986
lahaute,0.5,maximum_iou,financial_tail_1h,financial_tail_2h,295,0.6155643431759187,0.6453411373631482,0.5695628194780737,760,568,0.3881578947368421,0.5193661971830986
lahaute,0.7,greedy,financial_tail_1h,financial_tail_2h,50,0.7307066914995274,0.7238050340247602,0.7658571428571429,760,568,0.06578947368421052,0.0880281690140845
lahaute,0.7,maximum_iou,financial_tail_1h,financial_tail_2h,50,0.7307066914995274,0.7238050340247602,0.7658571428571429,760,568,0.06578947368421052,0.0880281690140845
lahaute,0.3,greedy,financial_tail_1h,financial_tail_4h,70,0.6039557496570698,0.5897294047950934,0.3578453689167975,760,373,0.09210526315789473,0.1876675603217158
lahaute,0.3,maximum_iou,financial_tail_1h,financial_tail_4h,70,0.5785932369849409,0.5592106275880117,0.3578453689167975,760,373,0.09210526315789473,0.1876675603217158
lahaute,0.5,greedy,financial_tail_1h,financial_tail_4h,3,1.0,1.0,0.5555555555555555,760,373,0.003947368421052632,0.00804289544235925
lahaute,0.5,maximum_iou,financial_tail_1h,financial_tail_4h,3,1.0,1.0,0.5555555555555555,760,373,0.003947368421052632,0.00804289544235925
lahaute,0.7,greedy,financial_tail_1h,financial_tail_4h,0,,,,760,373,0.0,0.0
lahaute,0.7,maximum_iou,financial_tail_1h,financial_tail_4h,0,,,,760,373,0.0,0.0
lahaute,0.3,greedy,financial_tail_1h,mean_shift_1h,256,0.6816350920703358,0.7076243268369575,0.7714983258928572,760,514,0.3368421052631579,0.4980544747081712
lahaute,0.3,maximum_iou,financial_tail_1h,mean_shift_1h,256,0.6816350920703358,0.7076243268369575,0.7714983258928572,760,514,0.3368421052631579,0.4980544747081712
lahaute,0.5,greedy,financial_tail_1h,mean_shift_1h,252,0.6823387101968386,0.7081864472815315,0.7773809523809524,760,514,0.33157894736842103,0.490272373540856
lahaute,0.5,maximum_iou,financial_tail_1h,mean_shift_1h,252,0.6823387101968386,0.7081864472815315,0.7773809523809524,760,514,0.33157894736842103,0.490272373540856
lahaute,0.7,greedy,financial_tail_1h,mean_shift_1h,134,0.8818267085480214,0.9243253244620183,0.9246268656716419,760,514,0.1763157894736842,0.2607003891050584
lahaute,0.7,maximum_iou,financial_tail_1h,mean_shift_1h,134,0.8818267085480214,0.9243253244620183,0.9246268656716419,760,514,0.1763157894736842,0.2607003891050584
lahaute,0.3,greedy,financial_tail_1h,mean_shift_2h,108,0.5453399206377901,0.4357198653596053,0.39821235862902526,760,437,0.14210526315789473,0.2471395881006865
lahaute,0.3,maximum_iou,financial_tail_1h,mean_shift_2h,108,0.5453399206377901,0.4357198653596053,0.39821235862902526,760,437,0.14210526315789473,0.2471395881006865
lahaute,0.5,greedy,financial_tail_1h,mean_shift_2h,13,0.6448614086295649,0.3724137931034483,0.5720085470085471,760,437,0.017105263157894738,0.029748283752860413
lahaute,0.5,maximum_iou,financial_tail_1h,mean_shift_2h,13,0.6448614086295649,0.3724137931034483,0.5720085470085471,760,437,0.017105263157894738,0.029748283752860413
lahaute,0.7,greedy,financial_tail_1h,mean_shift_2h,1,1.0,1.0,0.8571428571428571,760,437,0.0013157894736842105,0.002288329519450801
lahaute,0.7,maximum_iou,financial_tail_1h,mean_shift_2h,1,1.0,1.0,0.8571428571428571,760,437,0.0013157894736842105,0.002288329519450801
lahaute,0.3,greedy,financial_tail_1h,mean_shift_4h,3,0.0,0.0,0.3444444444444444,760,265,0.003947368421052632,0.011320754716981131
lahaute,0.3,maximum_iou,financial_tail_1h,mean_shift_4h,3,0.0,0.0,0.3444444444444444,760,265,0.003947368421052632,0.011320754716981131
lahaute,0.5,greedy,financial_tail_1h,mean_shift_4h,0,,,,760,265,0.0,0.0
lahaute,0.5,maximum_iou,financial_tail_1h,mean_shift_4h,0,,,,760,265,0.0,0.0
lahaute,0.7,greedy,financial_tail_1h,mean_shift_4h,0,,,,760,265,0.0,0.0
lahaute,0.7,maximum_iou,financial_tail_1h,mean_shift_4h,0,,,,760,265,0.0,0.0
lahaute,0.3,greedy,financial_tail_1h,opsda_cui2015_1h_0.025,176,0.7050547859141846,0.8177414360961411,0.7501893939393939,760,337,0.23157894736842105,0.5222551928783383
lahaute,0.3,maximum_iou,financial_tail_1h,opsda_cui2015_1h_0.025,176,0.7050547859141846,0.8177414360961411,0.7501893939393939,760,337,0.23157894736842105,0.5222551928783383
lahaute,0.5,greedy,financial_tail_1h,opsda_cui2015_1h_0.025,154,0.77005481355588,0.8723279037893865,0.8084415584415584,760,337,0.2026315789473684,0.456973293768546
lahaute,0.5,maximum_iou,financial_tail_1h,opsda_cui2015_1h_0.025,154,0.77005481355588,0.8723279037893865,0.8084415584415584,760,337,0.2026315789473684,0.456973293768546
lahaute,0.7,greedy,financial_tail_1h,opsda_cui2015_1h_0.025,72,1.0,1.0,1.0,760,337,0.09473684210526316,0.21364985163204747
lahaute,0.7,maximum_iou,financial_tail_1h,opsda_cui2015_1h_0.025,72,1.0,1.0,1.0,760,337,0.09473684210526316,0.21364985163204747
lahaute,0.3,greedy,financial_tail_1h,opsda_cui2015_2h_0.025,311,0.718497366475688,0.8206777437925734,0.712700964630225,760,782,0.40921052631578947,0.3976982097186701
lahaute,0.3,maximum_iou,financial_tail_1h,opsda_cui2015_2h_0.025,311,0.7238861018578995,0.8246534634765135,0.712700964630225,760,782,0.40921052631578947,0.3976982097186701
lahaute,0.5,greedy,financial_tail_1h,opsda_cui2015_2h_0.025,295,0.7594140563408905,0.8449685313607587,0.7319209039548022,760,782,0.3881578947368421,0.3772378516624041
lahaute,0.5,maximum_iou,financial_tail_1h,opsda_cui2015_2h_0.025,295,0.7657478560492471,0.8492598504616297,0.7319209039548022,760,782,0.3881578947368421,0.3772378516624041
lahaute,0.7,greedy,financial_tail_1h,opsda_cui2015_2h_0.025,113,1.0,1.0,0.9393805309734512,760,782,0.14868421052631578,0.1445012787723785
lahaute,0.7,maximum_iou,financial_tail_1h,opsda_cui2015_2h_0.025,113,1.0,1.0,0.9393805309734512,760,782,0.14868421052631578,0.1445012787723785
lahaute,0.3,greedy,financial_tail_1h,opsda_cui2015_4h_0.025,396,0.6537203317954492,0.7690354158566254,0.6408399470899471,760,1490,0.5210526315789473,0.2657718120805369
lahaute,0.3,maximum_iou,financial_tail_1h,opsda_cui2015_4h_0.025,396,0.6598223214329187,0.7740070668629122,0.6408399470899471,760,1490,0.5210526315789473,0.2657718120805369
lahaute,0.5,greedy,financial_tail_1h,opsda_cui2015_4h_0.025,307,0.7355642276342362,0.823724950808652,0.7198386846595316,760,1490,0.4039473684210526,0.20604026845637585
lahaute,0.5,maximum_iou,financial_tail_1h,opsda_cui2015_4h_0.025,307,0.745855644526999,0.8312906749831508,0.7198386846595316,760,1490,0.4039473684210526,0.20604026845637585
lahaute,0.7,greedy,financial_tail_1h,opsda_cui2015_4h_0.025,108,1.0,1.0,0.9379409171075838,760,1490,0.14210526315789473,0.07248322147651007
lahaute,0.7,maximum_iou,financial_tail_1h,opsda_cui2015_4h_0.025,108,1.0,1.0,0.9379409171075838,760,1490,0.14210526315789473,0.07248322147651007
lahaute,0.3,greedy,financial_tail_1h,sda_florita2013_0.025,299,0.7437764886726977,0.8266212262735767,0.703288740245262,760,667,0.39342105263157895,0.4482758620689655
lahaute,0.3,maximum_iou,financial_tail_1h,sda_florita2013_0.025,299,0.7437764886726977,0.8266212262735767,0.703288740245262,760,667,0.39342105263157895,0.4482758620689655
lahaute,0.5,greedy,financial_tail_1h,sda_florita2013_0.025,269,0.7982094061179668,0.8750096575251223,0.7433085501858736,760,667,0.3539473684210526,0.4032983508245877
lahaute,0.5,maximum_iou,financial_tail_1h,sda_florita2013_0.025,269,0.7982094061179668,0.8750096575251223,0.7433085501858736,760,667,0.3539473684210526,0.4032983508245877
lahaute,0.7,greedy,financial_tail_1h,sda_florita2013_0.025,93,1.0,1.0,0.9736559139784946,760,667,0.12236842105263158,0.13943028485757122
lahaute,0.7,maximum_iou,financial_tail_1h,sda_florita2013_0.025,93,1.0,1.0,0.9736559139784946,760,667,0.12236842105263158,0.13943028485757122
lahaute,0.3,greedy,financial_tail_1h,threshold_1h,462,0.8498672013769716,0.9165462187838479,0.9146103896103897,760,958,0.6078947368421053,0.4822546972860125
lahaute,0.3,maximum_iou,financial_tail_1h,threshold_1h,462,0.8498672013769716,0.9165462187838479,0.9146103896103897,760,958,0.6078947368421053,0.4822546972860125
lahaute,0.5,greedy,financial_tail_1h,threshold_1h,455,0.8582001523233778,0.9224342751211573,0.9232600732600732,760,958,0.5986842105263158,0.47494780793319413
lahaute,0.5,maximum_iou,financial_tail_1h,threshold_1h,455,0.8582001523233778,0.9224342751211573,0.9232600732600732,760,958,0.5986842105263158,0.47494780793319413
lahaute,0.7,greedy,financial_tail_1h,threshold_1h,367,0.9736451324898598,0.9902516739259389,0.990599455040872,760,958,0.48289473684210527,0.38308977035490605
lahaute,0.7,maximum_iou,financial_tail_1h,threshold_1h,367,0.9736451324898598,0.9902516739259389,0.990599455040872,760,958,0.48289473684210527,0.38308977035490605
lahaute,0.3,greedy,financial_tail_1h,threshold_2h,400,0.6080389057535491,0.677084723334223,0.500904761904762,760,1060,0.5263157894736842,0.37735849056603776
lahaute,0.3,maximum_iou,financial_tail_1h,threshold_2h,400,0.5999681035248355,0.6706910421395235,0.500904761904762,760,1060,0.5263157894736842,0.37735849056603776
lahaute,0.5,greedy,financial_tail_1h,threshold_2h,240,0.596207131840587,0.664588288020099,0.5785168650793651,760,1060,0.3157894736842105,0.22641509433962265
lahaute,0.5,maximum_iou,financial_tail_1h,threshold_2h,240,0.596207131840587,0.664588288020099,0.5785168650793651,760,1060,0.3157894736842105,0.22641509433962265
lahaute,0.7,greedy,financial_tail_1h,threshold_2h,44,0.7397374780388515,0.8169917781718523,0.7857142857142857,760,1060,0.05789473684210526,0.04150943396226415
lahaute,0.7,maximum_iou,financial_tail_1h,threshold_2h,44,0.7397374780388515,0.8169917781718523,0.7857142857142857,760,1060,0.05789473684210526,0.04150943396226415
lahaute,0.3,greedy,financial_tail_1h,threshold_4h,59,0.49228827914058587,0.47448457731911636,0.35252656947572203,760,812,0.07763157894736843,0.07266009852216748
lahaute,0.3,maximum_iou,financial_tail_1h,threshold_4h,59,0.43460296674261656,0.4485470178105654,0.35252656947572203,760,812,0.07763157894736843,0.07266009852216748
lahaute,0.5,greedy,financial_tail_1h,threshold_4h,2,1.0,1.0,0.5,760,812,0.002631578947368421,0.0024630541871921183
lahaute,0.5,maximum_iou,financial_tail_1h,threshold_4h,2,1.0,1.0,0.5,760,812,0.002631578947368421,0.0024630541871921183
lahaute,0.7,greedy,financial_tail_1h,threshold_4h,0,,,,760,812,0.0,0.0
lahaute,0.7,maximum_iou,financial_tail_1h,threshold_4h,0,,,,760,812,0.0,0.0
lahaute,0.3,greedy,financial_tail_2h,financial_tail_4h,300,0.5397470584372623,0.5768959764249466,0.5333861262146865,568,373,0.528169014084507,0.8042895442359249
lahaute,0.3,maximum_iou,financial_tail_2h,financial_tail_4h,300,0.5317876507351735,0.5704084191143158,0.5333861262146865,568,373,0.528169014084507,0.8042895442359249
lahaute,0.5,greedy,financial_tail_2h,financial_tail_4h,193,0.5602412284666994,0.5828514683386888,0.6053151638567671,568,373,0.3397887323943662,0.517426273458445
lahaute,0.5,maximum_iou,financial_tail_2h,financial_tail_4h,193,0.5460649084771105,0.5704090757146948,0.6053151638567671,568,373,0.3397887323943662,0.517426273458445
lahaute,0.7,greedy,financial_tail_2h,financial_tail_4h,39,0.7931964154789282,0.8619521977841339,0.7991155505295777,568,373,0.06866197183098592,0.10455764075067024
lahaute,0.7,maximum_iou,financial_tail_2h,financial_tail_4h,39,0.7931964154789282,0.8619521977841339,0.7991155505295777,568,373,0.06866197183098592,0.10455764075067024
lahaute,0.3,greedy,financial_tail_2h,mean_shift_1h,213,0.5347481760769827,0.5758773815990086,0.6260097622773679,568,514,0.375,0.4143968871595331
lahaute,0.3,maximum_iou,financial_tail_2h,mean_shift_1h,213,0.5347481760769827,0.5758773815990086,0.6260097622773679,568,514,0.375,0.4143968871595331
lahaute,0.5,greedy,financial_tail_2h,mean_shift_1h,177,0.5627741742396548,0.5780314196048749,0.674109945296386,568,514,0.31161971830985913,0.3443579766536965
lahaute,0.5,maximum_iou,financial_tail_2h,mean_shift_1h,177,0.5627741742396548,0.5780314196048749,0.674109945296386,568,514,0.31161971830985913,0.3443579766536965
lahaute,0.7,greedy,financial_tail_2h,mean_shift_1h,74,0.71997548770026,0.7085753689379085,0.7962462462462462,568,514,0.13028169014084506,0.14396887159533073
lahaute,0.7,maximum_iou,financial_tail_2h,mean_shift_1h,74,0.71997548770026,0.7085753689379085,0.7962462462462462,568,514,0.13028169014084506,0.14396887159533073
lahaute,0.3,greedy,financial_tail_2h,mean_shift_2h,217,0.503130080120702,0.44489984711816155,0.6515785034218214,568,437,0.38204225352112675,0.4965675057208238
lahaute,0.3,maximum_iou,financial_tail_2h,mean_shift_2h,217,0.503130080120702,0.44489984711816155,0.6515785034218214,568,437,0.38204225352112675,0.4965675057208238
lahaute,0.5,greedy,financial_tail_2h,mean_shift_2h,192,0.5268497240634191,0.44719624709331335,0.6826842645202019,568,437,0.3380281690140845,0.43935926773455375
lahaute,0.5,maximum_iou,financial_tail_2h,mean_shift_2h,192,0.5268497240634191,0.44719624709331335,0.6826842645202019,568,437,0.3380281690140845,0.43935926773455375
lahaute,0.7,greedy,financial_tail_2h,mean_shift_2h,89,0.5283100187712649,0.5083108124267572,0.7934065778166902,568,437,0.15669014084507044,0.2036613272311213
lahaute,0.7,maximum_iou,financial_tail_2h,mean_shift_2h,89,0.5283100187712649,0.5083108124267572,0.7934065778166902,568,437,0.15669014084507044,0.2036613272311213
lahaute,0.3,greedy,financial_tail_2h,mean_shift_4h,63,0.38913846912092426,0.2982271992978568,0.3981501234122076,568,265,0.11091549295774648,0.23773584905660378
lahaute,0.3,maximum_iou,financial_tail_2h,mean_shift_4h,63,0.38913846912092426,0.2982271992978568,0.3981501234122076,568,265,0.11091549295774648,0.23773584905660378
lahaute,0.5,greedy,financial_tail_2h,mean_shift_4h,8,0.7020168761809933,0.46153846153846156,0.5726388888888888,568,265,0.014084507042253521,0.03018867924528302
lahaute,0.5,maximum_iou,financial_tail_2h,mean_shift_4h,8,0.7020168761809933,0.46153846153846156,0.5726388888888888,568,265,0.014084507042253521,0.03018867924528302
lahaute,0.7,greedy,financial_tail_2h,mean_shift_4h,2,1.0,1.0,0.725,568,265,0.0035211267605633804,0.007547169811320755
lahaute,0.7,maximum_iou,financial_tail_2h,mean_shift_4h,2,1.0,1.0,0.725,568,265,0.0035211267605633804,0.007547169811320755
lahaute,0.3,greedy,financial_tail_2h,opsda_cui2015_1h_0.025,102,0.5101586418133307,0.5498452874566602,0.4209150326797385,568,337,0.1795774647887324,0.3026706231454006
lahaute,0.3,maximum_iou,financial_tail_2h,opsda_cui2015_1h_0.025,102,0.5101586418133307,0.5498452874566602,0.4209150326797385,568,337,0.1795774647887324,0.3026706231454006
lahaute,0.5,greedy,financial_tail_2h,opsda_cui2015_1h_0.025,42,0.5537277130155344,0.6967175219602404,0.5,568,337,0.07394366197183098,0.12462908011869436
lahaute,0.5,maximum_iou,financial_tail_2h,opsda_cui2015_1h_0.025,42,0.5537277130155344,0.6967175219602404,0.5,568,337,0.07394366197183098,0.12462908011869436
lahaute,0.7,greedy,financial_tail_2h,opsda_cui2015_1h_0.025,0,,,,568,337,0.0,0.0
lahaute,0.7,maximum_iou,financial_tail_2h,opsda_cui2015_1h_0.025,0,,,,568,337,0.0,0.0
lahaute,0.3,greedy,financial_tail_2h,opsda_cui2015_2h_0.025,255,0.6115364371963827,0.6827243847629739,0.6194279250161603,568,782,0.448943661971831,0.32608695652173914
lahaute,0.3,maximum_iou,financial_tail_2h,opsda_cui2015_2h_0.025,255,0.6094719174576713,0.6798767402018293,0.6194279250161603,568,782,0.448943661971831,0.32608695652173914
lahaute,0.5,greedy,financial_tail_2h,opsda_cui2015_2h_0.025,198,0.6471379549886357,0.7101816397531764,0.6891053391053391,568,782,0.3485915492957746,0.2531969309462916
lahaute,0.5,maximum_iou,financial_tail_2h,opsda_cui2015_2h_0.025,198,0.643362898793805,0.705277935422205,0.6891053391053391,568,782,0.3485915492957746,0.2531969309462916
lahaute,0.7,greedy,financial_tail_2h,opsda_cui2015_2h_0.025,90,0.8018784241553308,0.8563840395820729,0.8411111111111111,568,782,0.15845070422535212,0.11508951406649616
lahaute,0.7,maximum_iou,financial_tail_2h,opsda_cui2015_2h_0.025,90,0.8018784241553308,0.8563840395820729,0.8411111111111111,568,782,0.15845070422535212,0.11508951406649616
lahaute,0.3,greedy,financial_tail_2h,opsda_cui2015_4h_0.025,377,0.6194698044127332,0.7137712974285848,0.6893306663863693,568,1490,0.6637323943661971,0.2530201342281879
lahaute,0.3,maximum_iou,financial_tail_2h,opsda_cui2015_4h_0.025,377,0.5960898306526459,0.7050707578356413,0.6893306663863693,568,1490,0.6637323943661971,0.2530201342281879
lahaute,0.5,greedy,financial_tail_2h,opsda_cui2015_4h_0.025,334,0.6755556563958245,0.7635858093147848,0.7285621314812932,568,1490,0.5880281690140845,0.22416107382550335
lahaute,0.5,maximum_iou,financial_tail_2h,opsda_cui2015_4h_0.025,334,0.6662142619595389,0.7556886130295734,0.7285621314812932,568,1490,0.5880281690140845,0.22416107382550335
lahaute,0.7,greedy,financial_tail_2h,opsda_cui2015_4h_0.025,187,0.7304489326330973,0.8091647991592352,0.843799337916985,568,1490,0.32922535211267606,0.12550335570469798
lahaute,0.7,maximum_iou,financial_tail_2h,opsda_cui2015_4h_0.025,187,0.7304489326330973,0.8091647991592352,0.843799337916985,568,1490,0.32922535211267606,0.12550335570469798
lahaute,0.3,greedy,financial_tail_2h,sda_florita2013_0.025,238,0.559733101484935,0.5994121523736021,0.5633817513019194,568,667,0.41901408450704225,0.3568215892053973
lahaute,0.3,maximum_iou,financial_tail_2h,sda_florita2013_0.025,238,0.5311526201936413,0.5807658244017637,0.5633817513019194,568,667,0.41901408450704225,0.3568215892053973
lahaute,0.5,greedy,financial_tail_2h,sda_florita2013_0.025,160,0.6001298856608892,0.6639573749375043,0.6564657738095238,568,667,0.28169014084507044,0.239880059970015
lahaute,0.5,maximum_iou,financial_tail_2h,sda_florita2013_0.025,160,0.5842920692987889,0.6474394825664606,0.6564657738095238,568,667,0.28169014084507044,0.239880059970015
lahaute,0.7,greedy,financial_tail_2h,sda_florita2013_0.025,66,0.7162848470953126,0.7751938649219539,0.823322510822511,568,667,0.11619718309859155,0.09895052473763119
lahaute,0.7,maximum_iou,financial_tail_2h,sda_florita2013_0.025,66,0.7162848470953126,0.7751938649219539,0.823322510822511,568,667,0.11619718309859155,0.09895052473763119
lahaute,0.3,greedy,financial_tail_2h,threshold_1h,304,0.594962548062243,0.6530977266923115,0.5054276315789474,568,958,0.5352112676056338,0.3173277661795407
lahaute,0.3,maximum_iou,financial_tail_2h,threshold_1h,304,0.594962548062243,0.6530977266923115,0.5054276315789474,568,958,0.5352112676056338,0.3173277661795407
lahaute,0.5,greedy,financial_tail_2h,threshold_1h,193,0.6016993185540394,0.660235787093331,0.577485812978041,568,958,0.3397887323943662,0.20146137787056367
lahaute,0.5,maximum_iou,financial_tail_2h,threshold_1h,193,0.6016993185540394,0.660235787093331,0.577485812978041,568,958,0.3397887323943662,0.20146137787056367
lahaute,0.7,greedy,financial_tail_2h,threshold_1h,39,0.7719454996667172,0.7353760445682451,0.7722222222222221,568,958,0.06866197183098592,0.0407098121085595
lahaute,0.7,maximum_iou,financial_tail_2h,threshold_1h,39,0.7719454996667172,0.7353760445682451,0.7722222222222221,568,958,0.06866197183098592,0.0407098121085595
lahaute,0.3,greedy,financial_tail_2h,threshold_2h,448,0.7730442284180871,0.8521210332035921,0.8661620621442049,568,1060,0.7887323943661971,0.4226415094339623
lahaute,0.3,maximum_iou,financial_tail_2h,threshold_2h,448,0.7730442284180871,0.8521210332035921,0.8661620621442049,568,1060,0.7887323943661971,0.4226415094339623
lahaute,0.5,greedy,financial_tail_2h,threshold_2h,434,0.7769736431587948,0.8538542472622765,0.8808206322607244,568,1060,0.7640845070422535,0.40943396226415096
lahaute,0.5,maximum_iou,financial_tail_2h,threshold_2h,434,0.7769736431587948,0.8538542472622765,0.8808206322607244,568,1060,0.7640845070422535,0.40943396226415096
lahaute,0.7,greedy,financial_tail_2h,threshold_2h,379,0.8029726160492519,0.8785477359673239,0.9200652396562686,568,1060,0.6672535211267606,0.35754716981132073
lahaute,0.7,maximum_iou,financial_tail_2h,threshold_2h,379,0.8029726160492519,0.8785477359673239,0.9200652396562686,568,1060,0.6672535211267606,0.35754716981132073
lahaute,0.3,greedy,financial_tail_2h,threshold_4h,294,0.5041921782284905,0.5284212080214815,0.5051826264737745,568,812,0.5176056338028169,0.3620689655172414
lahaute,0.3,maximum_iou,financial_tail_2h,threshold_4h,297,0.4593001016993475,0.49863668202069117,0.5020765917132838,568,812,0.522887323943662,0.3657635467980296
lahaute,0.5,greedy,financial_tail_2h,threshold_4h,164,0.5084801740576839,0.4984027805519591,0.5953448673621595,568,812,0.2887323943661972,0.2019704433497537
lahaute,0.5,maximum_iou,financial_tail_2h,threshold_4h,164,0.49364252079473026,0.48465707564963245,0.5953448673621595,568,812,0.2887323943661972,0.2019704433497537
lahaute,0.7,greedy,financial_tail_2h,threshold_4h,30,0.6251824162359746,0.5332519829164124,0.7858016438898792,568,812,0.0528169014084507,0.03694581280788178
lahaute,0.7,maximum_iou,financial_tail_2h,threshold_4h,30,0.6251824162359746,0.5332519829164124,0.7858016438898792,568,812,0.0528169014084507,0.03694581280788178
lahaute,0.3,greedy,financial_tail_4h,mean_shift_1h,91,0.5191287641727095,0.4442765538644518,0.38721037814444403,373,514,0.24396782841823056,0.17704280155642024
lahaute,0.3,maximum_iou,financial_tail_4h,mean_shift_1h,91,0.5191287641727095,0.4442765538644518,0.38721037814444403,373,514,0.24396782841823056,0.17704280155642024
lahaute,0.5,greedy,financial_tail_4h,mean_shift_1h,11,0.6220250802218211,0.5284489477786438,0.5621441689623508,373,514,0.029490616621983913,0.021400778210116732
lahaute,0.5,maximum_iou,financial_tail_4h,mean_shift_1h,11,0.6220250802218211,0.5284489477786438,0.5621441689623508,373,514,0.029490616621983913,0.021400778210116732
lahaute,0.7,greedy,financial_tail_4h,mean_shift_1h,1,1.0,1.0,0.7,373,514,0.002680965147453083,0.0019455252918287938
lahaute,0.7,maximum_iou,financial_tail_4h,mean_shift_1h,1,1.0,1.0,0.7,373,514,0.002680965147453083,0.0019455252918287938
lahaute,0.3,greedy,financial_tail_4h,mean_shift_2h,178,0.49716334309108723,0.3952430075014093,0.6804300342895239,373,437,0.4772117962466488,0.4073226544622426
lahaute,0.3,maximum_iou,financial_tail_4h,mean_shift_2h,178,0.49716334309108723,0.3952430075014093,0.6804300342895239,373,437,0.4772117962466488,0.4073226544622426
lahaute,0.5,greedy,financial_tail_4h,mean_shift_2h,159,0.4931714319868148,0.3915443229073352,0.7142260968981279,373,437,0.4262734584450402,0.36384439359267734
lahaute,0.5,maximum_iou,financial_tail_4h,mean_shift_2h,159,0.4931714319868148,0.3915443229073352,0.7142260968981279,373,437,0.4262734584450402,0.36384439359267734
lahaute,0.7,greedy,financial_tail_4h,mean_shift_2h,90,0.5302369108583228,0.48466050918151937,0.8092543957494938,373,437,0.24128686327077747,0.20594965675057209
lahaute,0.7,maximum_iou,financial_tail_4h,mean_shift_2h,90,0.5302369108583228,0.48466050918151937,0.8092543957494938,373,437,0.24128686327077747,0.20594965675057209
lahaute,0.3,greedy,financial_tail_4h,mean_shift_4h,137,0.35350606306590987,0.28907266154830175,0.5945104469334201,373,265,0.3672922252010724,0.5169811320754717
lahaute,0.3,maximum_iou,financial_tail_4h,mean_shift_4h,137,0.35350606306590987,0.28907266154830175,0.5945104469334201,373,265,0.3672922252010724,0.5169811320754717
lahaute,0.5,greedy,financial_tail_4h,mean_shift_4h,109,0.42113153329555164,0.3077466867511855,0.6421673909265145,373,265,0.29222520107238603,0.41132075471698115
lahaute,0.5,maximum_iou,financial_tail_4h,mean_shift_4h,109,0.42113153329555164,0.3077466867511855,0.6421673909265145,373,265,0.29222520107238603,0.41132075471698115
lahaute,0.7,greedy,financial_tail_4h,mean_shift_4h,28,0.5701025518932686,0.3879093198992443,0.7665117622008931,373,265,0.07506702412868632,0.10566037735849057
lahaute,0.7,maximum_iou,financial_tail_4h,mean_shift_4h,28,0.5701025518932686,0.3879093198992443,0.7665117622008931,373,265,0.07506702412868632,0.10566037735849057
lahaute,0.3,greedy,financial_tail_4h,opsda_cui2015_1h_0.025,0,,,,373,337,0.0,0.0
lahaute,0.3,maximum_iou,financial_tail_4h,opsda_cui2015_1h_0.025,0,,,,373,337,0.0,0.0
lahaute,0.5,greedy,financial_tail_4h,opsda_cui2015_1h_0.025,0,,,,373,337,0.0,0.0
lahaute,0.5,maximum_iou,financial_tail_4h,opsda_cui2015_1h_0.025,0,,,,373,337,0.0,0.0
lahaute,0.7,greedy,financial_tail_4h,opsda_cui2015_1h_0.025,0,,,,373,337,0.0,0.0
lahaute,0.7,maximum_iou,financial_tail_4h,opsda_cui2015_1h_0.025,0,,,,373,337,0.0,0.0
lahaute,0.3,greedy,financial_tail_4h,opsda_cui2015_2h_0.025,103,0.5309445619942905,0.5601687068218235,0.3811318939959717,373,782,0.2761394101876676,0.13171355498721227
lahaute,0.3,maximum_iou,financial_tail_4h,opsda_cui2015_2h_0.025,103,0.5945804939264744,0.5835610882807187,0.3811318939959717,373,782,0.2761394101876676,0.13171355498721227
lahaute,0.5,greedy,financial_tail_4h,opsda_cui2015_2h_0.025,11,0.7123531677210169,0.5391061452513967,0.5,373,782,0.029490616621983913,0.014066496163682864
lahaute,0.5,maximum_iou,financial_tail_4h,opsda_cui2015_2h_0.025,11,0.7123531677210169,0.5391061452513967,0.5,373,782,0.029490616621983913,0.014066496163682864
lahaute,0.7,greedy,financial_tail_4h,opsda_cui2015_2h_0.025,0,,,,373,782,0.0,0.0
lahaute,0.7,maximum_iou,financial_tail_4h,opsda_cui2015_2h_0.025,0,,,,373,782,0.0,0.0
lahaute,0.3,greedy,financial_tail_4h,opsda_cui2015_4h_0.025,243,0.506435768714062,0.5807829995349139,0.5459684999499814,373,1490,0.6514745308310992,0.16308724832214766
lahaute,0.3,maximum_iou,financial_tail_4h,opsda_cui2015_4h_0.025,243,0.5077956479837599,0.5802050095774235,0.5459684999499814,373,1490,0.6514745308310992,0.16308724832214766
lahaute,0.5,greedy,financial_tail_4h,opsda_cui2015_4h_0.025,144,0.604044751897429,0.6533751533793145,0.6552299359591027,373,1490,0.38605898123324395,0.09664429530201342
lahaute,0.5,maximum_iou,financial_tail_4h,opsda_cui2015_4h_0.025,144,0.6061435922065191,0.6544028134775575,0.6552299359591027,373,1490,0.38605898123324395,0.09664429530201342
lahaute,0.7,greedy,financial_tail_4h,opsda_cui2015_4h_0.025,49,0.7275120821868594,0.824695652173913,0.8080653473510617,373,1490,0.13136729222520108,0.032885906040268455
lahaute,0.7,maximum_iou,financial_tail_4h,opsda_cui2015_4h_0.025,49,0.7275120821868594,0.824695652173913,0.8080653473510617,373,1490,0.13136729222520108,0.032885906040268455
lahaute,0.3,greedy,financial_tail_4h,sda_florita2013_0.025,68,0.5262696568369796,0.5663958914997249,0.42668715607729446,373,667,0.18230563002680966,0.10194902548725637
lahaute,0.3,maximum_iou,financial_tail_4h,sda_florita2013_0.025,68,0.4989450655492069,0.5325837163493106,0.42668715607729446,373,667,0.18230563002680966,0.10194902548725637
lahaute,0.5,greedy,financial_tail_4h,sda_florita2013_0.025,18,0.6527679451952156,0.5943796394485684,0.6007359924026591,373,667,0.04825737265415549,0.026986506746626688
lahaute,0.5,maximum_iou,financial_tail_4h,sda_florita2013_0.025,18,0.6527679451952156,0.5943796394485684,0.6007359924026591,373,667,0.04825737265415549,0.026986506746626688
lahaute,0.7,greedy,financial_tail_4h,sda_florita2013_0.025,4,1.0,1.0,0.7735576923076923,373,667,0.010723860589812333,0.005997001499250375
lahaute,0.7,maximum_iou,financial_tail_4h,sda_florita2013_0.025,4,1.0,1.0,0.7735576923076923,373,667,0.010723860589812333,0.005997001499250375
lahaute,0.3,greedy,financial_tail_4h,threshold_1h,48,0.6238824475604277,0.5927972359953582,0.3612652972027972,373,958,0.128686327077748,0.05010438413361169
lahaute,0.3,maximum_iou,financial_tail_4h,threshold_1h,48,0.6238824475604277,0.5927972359953582,0.3612652972027972,373,958,0.128686327077748,0.05010438413361169
lahaute,0.5,greedy,financial_tail_4h,threshold_1h,4,1.0,1.0,0.53125,373,958,0.010723860589812333,0.0041753653444676405
lahaute,0.5,maximum_iou,financial_tail_4h,threshold_1h,4,1.0,1.0,0.53125,373,958,0.010723860589812333,0.0041753653444676405
lahaute,0.7,greedy,financial_tail_4h,threshold_1h,0,,,,373,958,0.0,0.0
lahaute,0.7,maximum_iou,financial_tail_4h,threshold_1h,0,,,,373,958,0.0,0.0
lahaute,0.3,greedy,financial_tail_4h,threshold_2h,285,0.5364431137268346,0.5722184182673022,0.5480816769968635,373,1060,0.7640750670241286,0.2688679245283019
lahaute,0.3,maximum_iou,financial_tail_4h,threshold_2h,285,0.547521165135583,0.5827849694111913,0.5480816769968635,373,1060,0.7640750670241286,0.2688679245283019
lahaute,0.5,greedy,financial_tail_4h,threshold_2h,184,0.5353280995093963,0.5489964289262242,0.6294507571321829,373,1060,0.4932975871313673,0.17358490566037735
lahaute,0.5,maximum_iou,financial_tail_4h,threshold_2h,184,0.5353280995093963,0.5489964289262242,0.6294507571321829,373,1060,0.4932975871313673,0.17358490566037735
lahaute,0.7,greedy,financial_tail_4h,threshold_2h,50,0.6972817803832122,0.7750452724321383,0.8119531579531579,373,1060,0.13404825737265416,0.04716981132075472
lahaute,0.7,maximum_iou,financial_tail_4h,threshold_2h,50,0.6972817803832122,0.7750452724321383,0.8119531579531579,373,1060,0.13404825737265416,0.04716981132075472
lahaute,0.3,greedy,financial_tail_4h,threshold_4h,331,0.6195565012389852,0.6924351682215896,0.8329989208940237,373,812,0.8873994638069705,0.40763546798029554
lahaute,0.3,maximum_iou,financial_tail_4h,threshold_4h,331,0.6195565012389852,0.6924351682215896,0.8329989208940237,373,812,0.8873994638069705,0.40763546798029554
lahaute,0.5,greedy,financial_tail_4h,threshold_4h,315,0.624074459657918,0.6884560335490125,0.8539296978217682,373,812,0.8445040214477212,0.3879310344827586
lahaute,0.5,maximum_iou,financial_tail_4h,threshold_4h,315,0.624074459657918,0.6884560335490125,0.8539296978217682,373,812,0.8445040214477212,0.3879310344827586
lahaute,0.7,greedy,financial_tail_4h,threshold_4h,259,0.7058211195207774,0.7508315084957466,0.9099863286876055,373,812,0.6943699731903485,0.31896551724137934
lahaute,0.7,maximum_iou,financial_tail_4h,threshold_4h,259,0.7058211195207774,0.7508315084957466,0.9099863286876055,373,812,0.6943699731903485,0.31896551724137934
lahaute,0.3,greedy,mean_shift_1h,mean_shift_2h,300,0.5306512716983676,0.41987825153843955,0.4278753283753284,514,437,0.5836575875486382,0.6864988558352403
lahaute,0.3,maximum_iou,mean_shift_1h,mean_shift_2h,300,0.5306512716983676,0.41987825153843955,0.4278753283753284,514,437,0.5836575875486382,0.6864988558352403
lahaute,0.5,greedy,mean_shift_1h,mean_shift_2h,76,0.5849364590698193,0.414124802404463,0.5406532429558745,514,437,0.14785992217898833,0.17391304347826086
lahaute,0.5,maximum_iou,mean_shift_1h,mean_shift_2h,76,0.5849364590698193,0.414124802404463,0.5406532429558745,514,437,0.14785992217898833,0.17391304347826086
lahaute,0.7,greedy,mean_shift_1h,mean_shift_2h,1,1.0,1.0,0.7,514,437,0.0019455252918287938,0.002288329519450801
lahaute,0.7,maximum_iou,mean_shift_1h,mean_shift_2h,1,1.0,1.0,0.7,514,437,0.0019455252918287938,0.002288329519450801
lahaute,0.3,greedy,mean_shift_1h,mean_shift_4h,3,0.2740175421212811,-0.5,0.37777777777777777,514,265,0.005836575875486381,0.011320754716981131
lahaute,0.3,maximum_iou,mean_shift_1h,mean_shift_4h,4,0.7020168761809934,0.3333333333333333,0.35490196078431374,514,265,0.007782101167315175,0.01509433962264151
lahaute,0.5,greedy,mean_shift_1h,mean_shift_4h,0,,,,514,265,0.0,0.0
lahaute,0.5,maximum_iou,mean_shift_1h,mean_shift_4h,0,,,,514,265,0.0,0.0
lahaute,0.7,greedy,mean_shift_1h,mean_shift_4h,0,,,,514,265,0.0,0.0
lahaute,0.7,maximum_iou,mean_shift_1h,mean_shift_4h,0,,,,514,265,0.0,0.0
lahaute,0.3,greedy,mean_shift_1h,opsda_cui2015_1h_0.025,229,0.6108517733163,0.5896770015682119,0.5863173216885007,514,337,0.4455252918287938,0.6795252225519288
lahaute,0.3,maximum_iou,mean_shift_1h,opsda_cui2015_1h_0.025,229,0.6108517733163,0.5896770015682119,0.5863173216885007,514,337,0.4455252918287938,0.6795252225519288
lahaute,0.5,greedy,mean_shift_1h,opsda_cui2015_1h_0.025,211,0.6181181946578223,0.6145219402726203,0.6050552922590837,514,337,0.41050583657587547,0.6261127596439169
lahaute,0.5,maximum_iou,mean_shift_1h,opsda_cui2015_1h_0.025,211,0.6181181946578223,0.6145219402726203,0.6050552922590837,514,337,0.41050583657587547,0.6261127596439169
lahaute,0.7,greedy,mean_shift_1h,opsda_cui2015_1h_0.025,0,,,,514,337,0.0,0.0
lahaute,0.7,maximum_iou,mean_shift_1h,opsda_cui2015_1h_0.025,0,,,,514,337,0.0,0.0
lahaute,0.3,greedy,mean_shift_1h,opsda_cui2015_2h_0.025,395,0.6086640305552914,0.6116160619319783,0.6646413502109704,514,782,0.7684824902723736,0.5051150895140665
lahaute,0.3,maximum_iou,mean_shift_1h,opsda_cui2015_2h_0.025,395,0.6098941362275089,0.6137431609931407,0.6646413502109704,514,782,0.7684824902723736,0.5051150895140665
lahaute,0.5,greedy,mean_shift_1h,opsda_cui2015_2h_0.025,360,0.63224023308643,0.6391578029395499,0.6916666666666667,514,782,0.7003891050583657,0.46035805626598464
lahaute,0.5,maximum_iou,mean_shift_1h,opsda_cui2015_2h_0.025,360,0.63224023308643,0.6391578029395499,0.6916666666666667,514,782,0.7003891050583657,0.46035805626598464
lahaute,0.7,greedy,mean_shift_1h,opsda_cui2015_2h_0.025,140,0.6986696373033675,0.745942492619477,0.8435714285714285,514,782,0.2723735408560311,0.17902813299232737
lahaute,0.7,maximum_iou,mean_shift_1h,opsda_cui2015_2h_0.025,140,0.6986696373033675,0.745942492619477,0.8435714285714285,514,782,0.2723735408560311,0.17902813299232737
lahaute,0.3,greedy,mean_shift_1h,opsda_cui2015_4h_0.025,445,0.6008931834361997,0.6094270397787287,0.6666425896201177,514,1490,0.8657587548638133,0.2986577181208054
lahaute,0.3,maximum_iou,mean_shift_1h,opsda_cui2015_4h_0.025,445,0.6008931834361997,0.6094270397787287,0.6666425896201177,514,1490,0.8657587548638133,0.2986577181208054
lahaute,0.5,greedy,mean_shift_1h,opsda_cui2015_4h_0.025,400,0.6325363038241257,0.6364410099592536,0.6966458333333334,514,1490,0.7782101167315175,0.2684563758389262
lahaute,0.5,maximum_iou,mean_shift_1h,opsda_cui2015_4h_0.025,400,0.6325363038241257,0.6364410099592536,0.6966458333333334,514,1490,0.7782101167315175,0.2684563758389262
lahaute,0.7,greedy,mean_shift_1h,opsda_cui2015_4h_0.025,162,0.6983721915718251,0.7384776237263452,0.8385067607289829,514,1490,0.3151750972762646,0.1087248322147651
lahaute,0.7,maximum_iou,mean_shift_1h,opsda_cui2015_4h_0.025,162,0.6983721915718251,0.7384776237263452,0.8385067607289829,514,1490,0.3151750972762646,0.1087248322147651
lahaute,0.3,greedy,mean_shift_1h,sda_florita2013_0.025,368,0.617637053201007,0.612237383970289,0.6168025362318841,514,667,0.7159533073929961,0.5517241379310345
lahaute,0.3,maximum_iou,mean_shift_1h,sda_florita2013_0.025,368,0.6187071959973048,0.6142330978973307,0.6168025362318841,514,667,0.7159533073929961,0.5517241379310345
lahaute,0.5,greedy,mean_shift_1h,sda_florita2013_0.025,332,0.6389355257285985,0.6411361624523239,0.6433232931726907,514,667,0.6459143968871596,0.49775112443778113
lahaute,0.5,maximum_iou,mean_shift_1h,sda_florita2013_0.025,332,0.6389355257285985,0.6411361624523239,0.6433232931726907,514,667,0.6459143968871596,0.49775112443778113
lahaute,0.7,greedy,mean_shift_1h,sda_florita2013_0.025,73,0.7642577728995024,0.812639429359401,0.8308219178082192,514,667,0.14202334630350194,0.10944527736131934
lahaute,0.7,maximum_iou,mean_shift_1h,sda_florita2013_0.025,73,0.7642577728995024,0.812639429359401,0.8308219178082192,514,667,0.14202334630350194,0.10944527736131934
lahaute,0.3,greedy,mean_shift_1h,threshold_1h,512,0.6598590971257278,0.666529298830939,0.7737699962797618,514,958,0.9961089494163424,0.534446764091858
lahaute,0.3,maximum_iou,mean_shift_1h,threshold_1h,512,0.6598590971257278,0.666529298830939,0.7737699962797618,514,958,0.9961089494163424,0.534446764091858
lahaute,0.5,greedy,mean_shift_1h,threshold_1h,509,0.6585797304825566,0.663367987238351,0.7760969220694172,514,958,0.9902723735408561,0.5313152400835073
lahaute,0.5,maximum_iou,mean_shift_1h,threshold_1h,509,0.6585797304825566,0.663367987238351,0.7760969220694172,514,958,0.9902723735408561,0.5313152400835073
lahaute,0.7,greedy,mean_shift_1h,threshold_1h,268,0.8072777523600093,0.8614653652463841,0.9150497512437812,514,958,0.5214007782101168,0.2797494780793319
lahaute,0.7,maximum_iou,mean_shift_1h,threshold_1h,268,0.8072777523600093,0.8614653652463841,0.9150497512437812,514,958,0.5214007782101168,0.2797494780793319
lahaute,0.3,greedy,mean_shift_1h,threshold_2h,452,0.5565479945372775,0.5325747434787247,0.5835953562170376,514,1060,0.8793774319066148,0.42641509433962266
lahaute,0.3,maximum_iou,mean_shift_1h,threshold_2h,452,0.5565479945372775,0.5325747434787247,0.5835953562170376,514,1060,0.8793774319066148,0.42641509433962266
lahaute,0.5,greedy,mean_shift_1h,threshold_2h,350,0.5599020955368447,0.505881731648938,0.6381836734693878,514,1060,0.6809338521400778,0.330188679245283
lahaute,0.5,maximum_iou,mean_shift_1h,threshold_2h,350,0.5599020955368447,0.505881731648938,0.6381836734693878,514,1060,0.6809338521400778,0.330188679245283
lahaute,0.7,greedy,mean_shift_1h,threshold_2h,93,0.6370992605228649,0.5959193681582411,0.7842464584400067,514,1060,0.18093385214007782,0.08773584905660377
lahaute,0.7,maximum_iou,mean_shift_1h,threshold_2h,93,0.6370992605228649,0.5959193681582411,0.7842464584400067,514,1060,0.18093385214007782,0.08773584905660377
lahaute,0.3,greedy,mean_shift_1h,threshold_4h,135,0.4155841453833657,0.3494690257406094,0.3791592775416305,514,812,0.26264591439688717,0.16625615763546797
lahaute,0.3,maximum_iou,mean_shift_1h,threshold_4h,137,0.38869823360663874,0.35712359907195423,0.3783889069043642,514,812,0.26653696498054474,0.1687192118226601
lahaute,0.5,greedy,mean_shift_1h,threshold_4h,17,0.3952517902283598,0.11407064273306311,0.5209744503862151,514,812,0.033073929961089495,0.020935960591133004
lahaute,0.5,maximum_iou,mean_shift_1h,threshold_4h,17,0.3952517902283598,0.11407064273306311,0.5209744503862151,514,812,0.033073929961089495,0.020935960591133004
lahaute,0.7,greedy,mean_shift_1h,threshold_4h,0,,,,514,812,0.0,0.0
lahaute,0.7,maximum_iou,mean_shift_1h,threshold_4h,0,,,,514,812,0.0,0.0
lahaute,0.3,greedy,mean_shift_2h,mean_shift_4h,200,0.4030416411415434,0.2951497970976354,0.461679747955933,437,265,0.4576659038901602,0.7547169811320755
lahaute,0.3,maximum_iou,mean_shift_2h,mean_shift_4h,200,0.4030416411415434,0.2951497970976354,0.461679747955933,437,265,0.4576659038901602,0.7547169811320755
lahaute,0.5,greedy,mean_shift_2h,mean_shift_4h,73,0.37740367415859316,0.2754664804851671,0.5411880455837633,437,265,0.16704805491990846,0.27547169811320754
lahaute,0.5,maximum_iou,mean_shift_2h,mean_shift_4h,73,0.37740367415859316,0.2754664804851671,0.5411880455837633,437,265,0.16704805491990846,0.27547169811320754
lahaute,0.7,greedy,mean_shift_2h,mean_shift_4h,1,1.0,1.0,0.7,437,265,0.002288329519450801,0.0037735849056603774
lahaute,0.7,maximum_iou,mean_shift_2h,mean_shift_4h,1,1.0,1.0,0.7,437,265,0.002288329519450801,0.0037735849056603774
lahaute,0.3,greedy,mean_shift_2h,opsda_cui2015_1h_0.025,0,,,,437,337,0.0,0.0
lahaute,0.3,maximum_iou,mean_shift_2h,opsda_cui2015_1h_0.025,0,,,,437,337,0.0,0.0
lahaute,0.5,greedy,mean_shift_2h,opsda_cui2015_1h_0.025,0,,,,437,337,0.0,0.0
lahaute,0.5,maximum_iou,mean_shift_2h,opsda_cui2015_1h_0.025,0,,,,437,337,0.0,0.0
lahaute,0.7,greedy,mean_shift_2h,opsda_cui2015_1h_0.025,0,,,,437,337,0.0,0.0
lahaute,0.7,maximum_iou,mean_shift_2h,opsda_cui2015_1h_0.025,0,,,,437,337,0.0,0.0
lahaute,0.3,greedy,mean_shift_2h,opsda_cui2015_2h_0.025,240,0.500015611536173,0.42181611092875837,0.4287750906500907,437,782,0.5491990846681922,0.3069053708439898
lahaute,0.3,maximum_iou,mean_shift_2h,opsda_cui2015_2h_0.025,240,0.5189743521090547,0.4315798022896447,0.4287750906500907,437,782,0.5491990846681922,0.3069053708439898
lahaute,0.5,greedy,mean_shift_2h,opsda_cui2015_2h_0.025,67,0.5826428549154703,0.44732259745541897,0.5426439232409381,437,782,0.15331807780320367,0.08567774936061381
lahaute,0.5,maximum_iou,mean_shift_2h,opsda_cui2015_2h_0.025,67,0.589290925342397,0.4504610770118671,0.5426439232409381,437,782,0.15331807780320367,0.08567774936061381
lahaute,0.7,greedy,mean_shift_2h,opsda_cui2015_2h_0.025,0,,,,437,782,0.0,0.0
lahaute,0.7,maximum_iou,mean_shift_2h,opsda_cui2015_2h_0.025,0,,,,437,782,0.0,0.0
lahaute,0.3,greedy,mean_shift_2h,opsda_cui2015_4h_0.025,380,0.47298198189987767,0.4098367334187404,0.6227831525199946,437,1490,0.8695652173913043,0.2550335570469799
lahaute,0.3,maximum_iou,mean_shift_2h,opsda_cui2015_4h_0.025,382,0.447566108371183,0.39999969896275006,0.6206053254482574,437,1490,0.8741418764302059,0.2563758389261745
lahaute,0.5,greedy,mean_shift_2h,opsda_cui2015_4h_0.025,300,0.5581496638043142,0.4692015518288732,0.683799395049395,437,1490,0.6864988558352403,0.20134228187919462
lahaute,0.5,maximum_iou,mean_shift_2h,opsda_cui2015_4h_0.025,300,0.5582144833122615,0.4693295540087776,0.683799395049395,437,1490,0.6864988558352403,0.20134228187919462
lahaute,0.7,greedy,mean_shift_2h,opsda_cui2015_4h_0.025,142,0.558144027392188,0.49553201060745095,0.7926457736316891,437,1490,0.32494279176201374,0.0953020134228188
lahaute,0.7,maximum_iou,mean_shift_2h,opsda_cui2015_4h_0.025,142,0.558144027392188,0.49553201060745095,0.7926457736316891,437,1490,0.32494279176201374,0.0953020134228188
lahaute,0.3,greedy,mean_shift_2h,sda_florita2013_0.025,146,0.49217875638597214,0.3676786082177381,0.40857114726977733,437,667,0.3340961098398169,0.21889055472263869
lahaute,0.3,maximum_iou,mean_shift_2h,sda_florita2013_0.025,146,0.49372188930325245,0.371831660169269,0.40857114726977733,437,667,0.3340961098398169,0.21889055472263869
lahaute,0.5,greedy,mean_shift_2h,sda_florita2013_0.025,34,0.581867979161653,0.4530871491875923,0.5403425006366183,437,667,0.07780320366132723,0.050974512743628186
lahaute,0.5,maximum_iou,mean_shift_2h,sda_florita2013_0.025,34,0.581867979161653,0.4530871491875923,0.5403425006366183,437,667,0.07780320366132723,0.050974512743628186
lahaute,0.7,greedy,mean_shift_2h,sda_florita2013_0.025,0,,,,437,667,0.0,0.0
lahaute,0.7,maximum_iou,mean_shift_2h,sda_florita2013_0.025,0,,,,437,667,0.0,0.0
lahaute,0.3,greedy,mean_shift_2h,threshold_1h,189,0.5290394019574859,0.44089836913570546,0.3744971885844902,437,958,0.43249427917620137,0.19728601252609604
lahaute,0.3,maximum_iou,mean_shift_2h,threshold_1h,189,0.5334546857925059,0.4455228700586097,0.3744971885844902,437,958,0.43249427917620137,0.19728601252609604
lahaute,0.5,greedy,mean_shift_2h,threshold_1h,7,0.7133884404294447,0.4424778761061947,0.5244897959183673,437,958,0.016018306636155607,0.007306889352818371
lahaute,0.5,maximum_iou,mean_shift_2h,threshold_1h,7,0.7133884404294447,0.4424778761061947,0.5244897959183673,437,958,0.016018306636155607,0.007306889352818371
lahaute,0.7,greedy,mean_shift_2h,threshold_1h,0,,,,437,958,0.0,0.0
lahaute,0.7,maximum_iou,mean_shift_2h,threshold_1h,0,,,,437,958,0.0,0.0
lahaute,0.3,greedy,mean_shift_2h,threshold_2h,436,0.5596131233646849,0.47449790117694324,0.7523250895383922,437,1060,0.9977116704805492,0.41132075471698115
lahaute,0.3,maximum_iou,mean_shift_2h,threshold_2h,436,0.5587948416263421,0.47313396010354947,0.7523250895383922,437,1060,0.9977116704805492,0.41132075471698115
lahaute,0.5,greedy,mean_shift_2h,threshold_2h,428,0.5678541681084964,0.47837317642929417,0.7591995945383796,437,1060,0.9794050343249427,0.4037735849056604
lahaute,0.5,maximum_iou,mean_shift_2h,threshold_2h,428,0.5678541681084964,0.47837317642929417,0.7591995945383796,437,1060,0.9794050343249427,0.4037735849056604
lahaute,0.7,greedy,mean_shift_2h,threshold_2h,330,0.5702363672489715,0.4899129414382512,0.7994425692152966,437,1060,0.7551487414187643,0.3113207547169811
lahaute,0.7,maximum_iou,mean_shift_2h,threshold_2h,330,0.5702363672489715,0.4899129414382512,0.7994425692152966,437,1060,0.7551487414187643,0.3113207547169811
lahaute,0.3,greedy,mean_shift_2h,threshold_4h,366,0.456487203352803,0.36595209437156484,0.6295003092745114,437,812,0.8375286041189931,0.45073891625615764
lahaute,0.3,maximum_iou,mean_shift_2h,threshold_4h,367,0.46577945131503856,0.36782816352023,0.6285650891124662,437,812,0.8398169336384439,0.45197044334975367
lahaute,0.5,greedy,mean_shift_2h,threshold_4h,304,0.4732466327947239,0.3737999839871408,0.6772500480873461,437,812,0.6956521739130435,0.37438423645320196
lahaute,0.5,maximum_iou,mean_shift_2h,threshold_4h,304,0.4732466327947239,0.3737999839871408,0.6772500480873461,437,812,0.6956521739130435,0.37438423645320196
lahaute,0.7,greedy,mean_shift_2h,threshold_4h,128,0.5402773909784503,0.4572259925419463,0.7784749831633903,437,812,0.2929061784897025,0.15763546798029557
lahaute,0.7,maximum_iou,mean_shift_2h,threshold_4h,128,0.5402773909784503,0.4572259925419463,0.7784749831633903,437,812,0.2929061784897025,0.15763546798029557
lahaute,0.3,greedy,mean_shift_4h,opsda_cui2015_1h_0.025,0,,,,265,337,0.0,0.0
lahaute,0.3,maximum_iou,mean_shift_4h,opsda_cui2015_1h_0.025,0,,,,265,337,0.0,0.0
lahaute,0.5,greedy,mean_shift_4h,opsda_cui2015_1h_0.025,0,,,,265,337,0.0,0.0
lahaute,0.5,maximum_iou,mean_shift_4h,opsda_cui2015_1h_0.025,0,,,,265,337,0.0,0.0
lahaute,0.7,greedy,mean_shift_4h,opsda_cui2015_1h_0.025,0,,,,265,337,0.0,0.0
lahaute,0.7,maximum_iou,mean_shift_4h,opsda_cui2015_1h_0.025,0,,,,265,337,0.0,0.0
lahaute,0.3,greedy,mean_shift_4h,opsda_cui2015_2h_0.025,0,,,,265,782,0.0,0.0
lahaute,0.3,maximum_iou,mean_shift_4h,opsda_cui2015_2h_0.025,0,,,,265,782,0.0,0.0
lahaute,0.5,greedy,mean_shift_4h,opsda_cui2015_2h_0.025,0,,,,265,782,0.0,0.0
lahaute,0.5,maximum_iou,mean_shift_4h,opsda_cui2015_2h_0.025,0,,,,265,782,0.0,0.0
lahaute,0.7,greedy,mean_shift_4h,opsda_cui2015_2h_0.025,0,,,,265,782,0.0,0.0
lahaute,0.7,maximum_iou,mean_shift_4h,opsda_cui2015_2h_0.025,0,,,,265,782,0.0,0.0
lahaute,0.3,greedy,mean_shift_4h,opsda_cui2015_4h_0.025,157,0.40325230914092625,0.3324298845894302,0.37836184599155376,265,1490,0.5924528301886792,0.10536912751677853
lahaute,0.3,maximum_iou,mean_shift_4h,opsda_cui2015_4h_0.025,159,0.4162671099188374,0.3418024767700876,0.3776382169015132,265,1490,0.6,0.10671140939597315
lahaute,0.5,greedy,mean_shift_4h,opsda_cui2015_4h_0.025,6,0.0,0.0,0.5166666666666666,265,1490,0.022641509433962263,0.004026845637583893
lahaute,0.5,maximum_iou,mean_shift_4h,opsda_cui2015_4h_0.025,6,0.0,0.0,0.5166666666666666,265,1490,0.022641509433962263,0.004026845637583893
lahaute,0.7,greedy,mean_shift_4h,opsda_cui2015_4h_0.025,0,,,,265,1490,0.0,0.0
lahaute,0.7,maximum_iou,mean_shift_4h,opsda_cui2015_4h_0.025,0,,,,265,1490,0.0,0.0
lahaute,0.3,greedy,mean_shift_4h,sda_florita2013_0.025,11,0.35542689086758633,0.11290322580645161,0.3405710082382582,265,667,0.04150943396226415,0.01649175412293853
lahaute,0.3,maximum_iou,mean_shift_4h,sda_florita2013_0.025,11,0.35542689086758633,0.11290322580645161,0.3405710082382582,265,667,0.04150943396226415,0.01649175412293853
lahaute,0.5,greedy,mean_shift_4h,sda_florita2013_0.025,0,,,,265,667,0.0,0.0
lahaute,0.5,maximum_iou,mean_shift_4h,sda_florita2013_0.025,0,,,,265,667,0.0,0.0
lahaute,0.7,greedy,mean_shift_4h,sda_florita2013_0.025,0,,,,265,667,0.0,0.0
lahaute,0.7,maximum_iou,mean_shift_4h,sda_florita2013_0.025,0,,,,265,667,0.0,0.0
lahaute,0.3,greedy,mean_shift_4h,threshold_1h,0,,,,265,958,0.0,0.0
lahaute,0.3,maximum_iou,mean_shift_4h,threshold_1h,0,,,,265,958,0.0,0.0
lahaute,0.5,greedy,mean_shift_4h,threshold_1h,0,,,,265,958,0.0,0.0
lahaute,0.5,maximum_iou,mean_shift_4h,threshold_1h,0,,,,265,958,0.0,0.0
lahaute,0.7,greedy,mean_shift_4h,threshold_1h,0,,,,265,958,0.0,0.0
lahaute,0.7,maximum_iou,mean_shift_4h,threshold_1h,0,,,,265,958,0.0,0.0
lahaute,0.3,greedy,mean_shift_4h,threshold_2h,187,0.4771771807567133,0.4016503580518187,0.38655552595592274,265,1060,0.7056603773584905,0.17641509433962263
lahaute,0.3,maximum_iou,mean_shift_4h,threshold_2h,187,0.4426564840202965,0.387976799984886,0.38655552595592274,265,1060,0.7056603773584905,0.17641509433962263
lahaute,0.5,greedy,mean_shift_4h,threshold_2h,17,0.6910856216990127,0.5375164545853445,0.5468078475613335,265,1060,0.06415094339622641,0.016037735849056604
lahaute,0.5,maximum_iou,mean_shift_4h,threshold_2h,17,0.6910856216990127,0.5375164545853445,0.5468078475613335,265,1060,0.06415094339622641,0.016037735849056604
lahaute,0.7,greedy,mean_shift_4h,threshold_2h,0,,,,265,1060,0.0,0.0
lahaute,0.7,maximum_iou,mean_shift_4h,threshold_2h,0,,,,265,1060,0.0,0.0
lahaute,0.3,greedy,mean_shift_4h,threshold_4h,264,0.4948762602076574,0.38515787096062937,0.7359554129170137,265,812,0.9962264150943396,0.3251231527093596
lahaute,0.3,maximum_iou,mean_shift_4h,threshold_4h,264,0.4948762602076574,0.38515787096062937,0.7359554129170137,265,812,0.9962264150943396,0.3251231527093596
lahaute,0.5,greedy,mean_shift_4h,threshold_4h,256,0.49372978660154926,0.38633327437201886,0.7461242202748575,265,812,0.9660377358490566,0.31527093596059114
lahaute,0.5,maximum_iou,mean_shift_4h,threshold_4h,256,0.49372978660154926,0.38633327437201886,0.7461242202748575,265,812,0.9660377358490566,0.31527093596059114
lahaute,0.7,greedy,mean_shift_4h,threshold_4h,176,0.4933504781696056,0.3938642950422631,0.7969952096162474,265,812,0.6641509433962264,0.21674876847290642
lahaute,0.7,maximum_iou,mean_shift_4h,threshold_4h,176,0.4933504781696056,0.3938642950422631,0.7969952096162474,265,812,0.6641509433962264,0.21674876847290642
lahaute,0.3,greedy,opsda_cui2015_1h_0.025,opsda_cui2015_2h_0.025,336,0.8983345996848333,0.9343891091442973,0.9300595238095238,337,782,0.9970326409495549,0.4296675191815857
lahaute,0.3,maximum_iou,opsda_cui2015_1h_0.025,opsda_cui2015_2h_0.025,336,0.8864930627719014,0.9327291534264207,0.9300595238095238,337,782,0.9970326409495549,0.4296675191815857
lahaute,0.5,greedy,opsda_cui2015_1h_0.025,opsda_cui2015_2h_0.025,336,0.8983345996848333,0.9343891091442973,0.9300595238095238,337,782,0.9970326409495549,0.4296675191815857
lahaute,0.5,maximum_iou,opsda_cui2015_1h_0.025,opsda_cui2015_2h_0.025,336,0.8864930627719014,0.9327291534264207,0.9300595238095238,337,782,0.9970326409495549,0.4296675191815857
lahaute,0.7,greedy,opsda_cui2015_1h_0.025,opsda_cui2015_2h_0.025,289,1.0,1.0,1.0,337,782,0.857566765578635,0.3695652173913043
lahaute,0.7,maximum_iou,opsda_cui2015_1h_0.025,opsda_cui2015_2h_0.025,289,1.0,1.0,1.0,337,782,0.857566765578635,0.3695652173913043
lahaute,0.3,greedy,opsda_cui2015_1h_0.025,opsda_cui2015_4h_0.025,331,0.8990446697299947,0.9491862761637839,0.8991943605236656,337,1490,0.9821958456973294,0.2221476510067114
lahaute,0.3,maximum_iou,opsda_cui2015_1h_0.025,opsda_cui2015_4h_0.025,331,0.9068709239856317,0.9531676418720142,0.8991943605236656,337,1490,0.9821958456973294,0.2221476510067114
lahaute,0.5,greedy,opsda_cui2015_1h_0.025,opsda_cui2015_4h_0.025,312,0.9029403548340529,0.9501896245353376,0.9310897435897436,337,1490,0.9258160237388724,0.20939597315436242
lahaute,0.5,maximum_iou,opsda_cui2015_1h_0.025,opsda_cui2015_4h_0.025,312,0.9124412454199492,0.95505802682291,0.9310897435897436,337,1490,0.9258160237388724,0.20939597315436242
lahaute,0.7,greedy,opsda_cui2015_1h_0.025,opsda_cui2015_4h_0.025,269,1.0,1.0,1.0,337,1490,0.798219584569733,0.18053691275167785
lahaute,0.7,maximum_iou,opsda_cui2015_1h_0.025,opsda_cui2015_4h_0.025,269,1.0,1.0,1.0,337,1490,0.798219584569733,0.18053691275167785
lahaute,0.3,greedy,opsda_cui2015_1h_0.025,sda_florita2013_0.025,337,1.0,1.0,1.0,337,667,1.0,0.5052473763118441
lahaute,0.3,maximum_iou,opsda_cui2015_1h_0.025,sda_florita2013_0.025,337,1.0,1.0,1.0,337,667,1.0,0.5052473763118441
lahaute,0.5,greedy,opsda_cui2015_1h_0.025,sda_florita2013_0.025,337,1.0,1.0,1.0,337,667,1.0,0.5052473763118441
lahaute,0.5,maximum_iou,opsda_cui2015_1h_0.025,sda_florita2013_0.025,337,1.0,1.0,1.0,337,667,1.0,0.5052473763118441
lahaute,0.7,greedy,opsda_cui2015_1h_0.025,sda_florita2013_0.025,337,1.0,1.0,1.0,337,667,1.0,0.5052473763118441
lahaute,0.7,maximum_iou,opsda_cui2015_1h_0.025,sda_florita2013_0.025,337,1.0,1.0,1.0,337,667,1.0,0.5052473763118441
lahaute,0.3,greedy,opsda_cui2015_1h_0.025,threshold_1h,325,0.7786098951583711,0.8541549154655392,0.8062564102564104,337,958,0.9643916913946587,0.33924843423799583
lahaute,0.3,maximum_iou,opsda_cui2015_1h_0.025,threshold_1h,325,0.7786098951583711,0.8541549154655392,0.8062564102564104,337,958,0.9643916913946587,0.33924843423799583
lahaute,0.5,greedy,opsda_cui2015_1h_0.025,threshold_1h,316,0.7790272645694472,0.8558020248901518,0.8180379746835443,337,958,0.9376854599406528,0.3298538622129436
lahaute,0.5,maximum_iou,opsda_cui2015_1h_0.025,threshold_1h,316,0.7790272645694472,0.8558020248901518,0.8180379746835443,337,958,0.9376854599406528,0.3298538622129436
lahaute,0.7,greedy,opsda_cui2015_1h_0.025,threshold_1h,151,1.0,1.0,1.0,337,958,0.44807121661721067,0.15762004175365343
lahaute,0.7,maximum_iou,opsda_cui2015_1h_0.025,threshold_1h,151,1.0,1.0,1.0,337,958,0.44807121661721067,0.15762004175365343
lahaute,0.3,greedy,opsda_cui2015_1h_0.025,threshold_2h,163,0.5451628471630162,0.5490613646279814,0.41370143149284255,337,1060,0.4836795252225519,0.15377358490566037
lahaute,0.3,maximum_iou,opsda_cui2015_1h_0.025,threshold_2h,163,0.5451628471630162,0.5490613646279814,0.41370143149284255,337,1060,0.4836795252225519,0.15377358490566037
lahaute,0.5,greedy,opsda_cui2015_1h_0.025,threshold_2h,57,0.6197437809642912,0.7207655026718032,0.5,337,1060,0.16913946587537093,0.05377358490566038
lahaute,0.5,maximum_iou,opsda_cui2015_1h_0.025,threshold_2h,57,0.6197437809642912,0.7207655026718032,0.5,337,1060,0.16913946587537093,0.05377358490566038
lahaute,0.7,greedy,opsda_cui2015_1h_0.025,threshold_2h,0,,,,337,1060,0.0,0.0
lahaute,0.7,maximum_iou,opsda_cui2015_1h_0.025,threshold_2h,0,,,,337,1060,0.0,0.0
lahaute,0.3,greedy,opsda_cui2015_1h_0.025,threshold_4h,0,,,,337,812,0.0,0.0
lahaute,0.3,maximum_iou,opsda_cui2015_1h_0.025,threshold_4h,0,,,,337,812,0.0,0.0
lahaute,0.5,greedy,opsda_cui2015_1h_0.025,threshold_4h,0,,,,337,812,0.0,0.0
lahaute,0.5,maximum_iou,opsda_cui2015_1h_0.025,threshold_4h,0,,,,337,812,0.0,0.0
lahaute,0.7,greedy,opsda_cui2015_1h_0.025,threshold_4h,0,,,,337,812,0.0,0.0
lahaute,0.7,maximum_iou,opsda_cui2015_1h_0.025,threshold_4h,0,,,,337,812,0.0,0.0
lahaute,0.3,greedy,opsda_cui2015_2h_0.025,opsda_cui2015_4h_0.025,763,0.9560479174444082,0.9808196430596072,0.9430178493415715,782,1490,0.9757033248081841,0.5120805369127517
lahaute,0.3,maximum_iou,opsda_cui2015_2h_0.025,opsda_cui2015_4h_0.025,767,0.9450000168129424,0.9756700876495911,0.9383792760911405,782,1490,0.9808184143222506,0.5147651006711409
lahaute,0.5,greedy,opsda_cui2015_2h_0.025,opsda_cui2015_4h_0.025,738,0.9550499180336806,0.9799614261672758,0.9619112143502387,782,1490,0.9437340153452686,0.49530201342281877
lahaute,0.5,maximum_iou,opsda_cui2015_2h_0.025,opsda_cui2015_4h_0.025,751,0.9172846456036332,0.9587384820115046,0.9463382157123835,782,1490,0.9603580562659847,0.5040268456375839
lahaute,0.7,greedy,opsda_cui2015_2h_0.025,opsda_cui2015_4h_0.025,665,1.0,1.0,1.0,782,1490,0.850383631713555,0.4463087248322148
lahaute,0.7,maximum_iou,opsda_cui2015_2h_0.025,opsda_cui2015_4h_0.025,665,1.0,1.0,1.0,782,1490,0.850383631713555,0.4463087248322148
lahaute,0.3,greedy,opsda_cui2015_2h_0.025,sda_florita2013_0.025,594,0.9309150774411261,0.9586213267397901,0.9604377104377104,782,667,0.7595907928388747,0.8905547226386806
lahaute,0.3,maximum_iou,opsda_cui2015_2h_0.025,sda_florita2013_0.025,594,0.9245784020690672,0.9583566930271873,0.9604377104377104,782,667,0.7595907928388747,0.8905547226386806
lahaute,0.5,greedy,opsda_cui2015_2h_0.025,sda_florita2013_0.025,594,0.9309150774411261,0.9586213267397901,0.9604377104377104,782,667,0.7595907928388747,0.8905547226386806
lahaute,0.5,maximum_iou,opsda_cui2015_2h_0.025,sda_florita2013_0.025,594,0.9245784020690672,0.9583566930271873,0.9604377104377104,782,667,0.7595907928388747,0.8905547226386806
lahaute,0.7,greedy,opsda_cui2015_2h_0.025,sda_florita2013_0.025,547,1.0,1.0,1.0,782,667,0.6994884910485933,0.8200899550224887
lahaute,0.7,maximum_iou,opsda_cui2015_2h_0.025,sda_florita2013_0.025,547,1.0,1.0,1.0,782,667,0.6994884910485933,0.8200899550224887
lahaute,0.3,greedy,opsda_cui2015_2h_0.025,threshold_1h,535,0.70224128305302,0.7773009399377769,0.7274454828660435,782,958,0.6841432225063938,0.558455114822547
lahaute,0.3,maximum_iou,opsda_cui2015_2h_0.025,threshold_1h,535,0.7072529020063042,0.7818675215368607,0.7274454828660435,782,958,0.6841432225063938,0.558455114822547
lahaute,0.5,greedy,opsda_cui2015_2h_0.025,threshold_1h,519,0.7215747107803063,0.7885076619457333,0.7377970456005137,782,958,0.6636828644501279,0.5417536534446764
lahaute,0.5,maximum_iou,opsda_cui2015_2h_0.025,threshold_1h,519,0.7267632221203445,0.7932109805611018,0.7377970456005137,782,958,0.6636828644501279,0.5417536534446764
lahaute,0.7,greedy,opsda_cui2015_2h_0.025,threshold_1h,212,0.8848786535350506,0.9378691745751557,0.9318396226415094,782,958,0.2710997442455243,0.22129436325678498
lahaute,0.7,maximum_iou,opsda_cui2015_2h_0.025,threshold_1h,212,0.8848786535350506,0.9378691745751557,0.9318396226415094,782,958,0.2710997442455243,0.22129436325678498
lahaute,0.3,greedy,opsda_cui2015_2h_0.025,threshold_2h,515,0.6228445800352614,0.6504297312453011,0.6004909868987538,782,1060,0.6585677749360613,0.4858490566037736
lahaute,0.3,maximum_iou,opsda_cui2015_2h_0.025,threshold_2h,515,0.6258236640487399,0.6537861964268717,0.6004909868987538,782,1060,0.6585677749360613,0.4858490566037736
lahaute,0.5,greedy,opsda_cui2015_2h_0.025,threshold_2h,380,0.6425768338983903,0.6609284422600196,0.676422305764411,782,1060,0.4859335038363171,0.3584905660377358
lahaute,0.5,maximum_iou,opsda_cui2015_2h_0.025,threshold_2h,380,0.6459659772891451,0.6642212127540424,0.676422305764411,782,1060,0.4859335038363171,0.3584905660377358
lahaute,0.7,greedy,opsda_cui2015_2h_0.025,threshold_2h,144,0.7683779423841849,0.8166598833755498,0.8572916666666666,782,1060,0.18414322250639387,0.13584905660377358
lahaute,0.7,maximum_iou,opsda_cui2015_2h_0.025,threshold_2h,144,0.7683779423841849,0.8166598833755498,0.8572916666666666,782,1060,0.18414322250639387,0.13584905660377358
lahaute,0.3,greedy,opsda_cui2015_2h_0.025,threshold_4h,144,0.494545785767713,0.4614128581409024,0.3771394500561167,782,812,0.18414322250639387,0.17733990147783252
lahaute,0.3,maximum_iou,opsda_cui2015_2h_0.025,threshold_4h,145,0.48470429091321526,0.4694060636471164,0.3771246952281435,782,812,0.18542199488491048,0.17857142857142858
lahaute,0.5,greedy,opsda_cui2015_2h_0.025,threshold_4h,15,0.620861040533047,0.4512610770279482,0.5,782,812,0.01918158567774936,0.01847290640394089
lahaute,0.5,maximum_iou,opsda_cui2015_2h_0.025,threshold_4h,15,0.6362562937561723,0.5077026121902211,0.5,782,812,0.01918158567774936,0.01847290640394089
lahaute,0.7,greedy,opsda_cui2015_2h_0.025,threshold_4h,0,,,,782,812,0.0,0.0
lahaute,0.7,maximum_iou,opsda_cui2015_2h_0.025,threshold_4h,0,,,,782,812,0.0,0.0
lahaute,0.3,greedy,opsda_cui2015_4h_0.025,sda_florita2013_0.025,655,0.898470628987784,0.9418266468554971,0.9234078516902945,1490,667,0.4395973154362416,0.9820089955022488
lahaute,0.3,maximum_iou,opsda_cui2015_4h_0.025,sda_florita2013_0.025,655,0.8979509928032197,0.9417421683100571,0.9234078516902945,1490,667,0.4395973154362416,0.9820089955022488
lahaute,0.5,greedy,opsda_cui2015_4h_0.025,sda_florita2013_0.025,634,0.9000338050665853,0.9423592795595072,0.9414300736067296,1490,667,0.425503355704698,0.9505247376311844
lahaute,0.5,maximum_iou,opsda_cui2015_4h_0.025,sda_florita2013_0.025,634,0.8997741780672256,0.9423681103864835,0.9414300736067296,1490,667,0.425503355704698,0.9505247376311844
lahaute,0.7,greedy,opsda_cui2015_4h_0.025,sda_florita2013_0.025,558,0.9715701583458499,0.9876453889860617,0.9957117255504353,1490,667,0.374496644295302,0.8365817091454273
lahaute,0.7,maximum_iou,opsda_cui2015_4h_0.025,sda_florita2013_0.025,558,0.9715701583458499,0.9876453889860617,0.9957117255504353,1490,667,0.374496644295302,0.8365817091454273
lahaute,0.3,greedy,opsda_cui2015_4h_0.025,threshold_1h,612,0.6877648603764924,0.7622574503322711,0.6706388110799876,1490,958,0.41073825503355704,0.6388308977035491
lahaute,0.3,maximum_iou,opsda_cui2015_4h_0.025,threshold_1h,614,0.6734045811853147,0.7514150854001362,0.6690437412750116,1490,958,0.4120805369127517,0.6409185803757829
lahaute,0.5,greedy,opsda_cui2015_4h_0.025,threshold_1h,506,0.7342967343424533,0.7918619466941874,0.7322510822510823,1490,958,0.3395973154362416,0.5281837160751566
lahaute,0.5,maximum_iou,opsda_cui2015_4h_0.025,threshold_1h,506,0.7355910257773282,0.7916117992447389,0.7322510822510823,1490,958,0.3395973154362416,0.5281837160751566
lahaute,0.7,greedy,opsda_cui2015_4h_0.025,threshold_1h,198,0.8671144394356678,0.9211475065323611,0.9307118807118807,1490,958,0.13288590604026845,0.20668058455114824
lahaute,0.7,maximum_iou,opsda_cui2015_4h_0.025,threshold_1h,198,0.8671144394356678,0.9211475065323611,0.9307118807118807,1490,958,0.13288590604026845,0.20668058455114824
lahaute,0.3,greedy,opsda_cui2015_4h_0.025,threshold_2h,765,0.5931741784935193,0.6715190861598677,0.6902267086580812,1490,1060,0.5134228187919463,0.7216981132075472
lahaute,0.3,maximum_iou,opsda_cui2015_4h_0.025,threshold_2h,766,0.5799350049793638,0.6632189847821807,0.6896286879641972,1490,1060,0.5140939597315436,0.7226415094339622
lahaute,0.5,greedy,opsda_cui2015_4h_0.025,threshold_2h,664,0.652028469039769,0.7147421831192067,0.7369663427268849,1490,1060,0.44563758389261743,0.6264150943396226
lahaute,0.5,maximum_iou,opsda_cui2015_4h_0.025,threshold_2h,664,0.6465920367970927,0.7108722059984277,0.7369663427268849,1490,1060,0.44563758389261743,0.6264150943396226
lahaute,0.7,greedy,opsda_cui2015_4h_0.025,threshold_2h,389,0.7402651910793001,0.7987419958598235,0.8502065272630825,1490,1060,0.2610738255033557,0.36698113207547167
lahaute,0.7,maximum_iou,opsda_cui2015_4h_0.025,threshold_2h,389,0.7402651910793001,0.7987419958598235,0.8502065272630825,1490,1060,0.2610738255033557,0.36698113207547167
lahaute,0.3,greedy,opsda_cui2015_4h_0.025,threshold_4h,488,0.5274226201107026,0.5590467360325118,0.5360056401904152,1490,812,0.3275167785234899,0.6009852216748769
lahaute,0.3,maximum_iou,opsda_cui2015_4h_0.025,threshold_4h,494,0.48512922313703355,0.5341554671584978,0.5321161847572177,1490,812,0.3315436241610738,0.6083743842364532
lahaute,0.5,greedy,opsda_cui2015_4h_0.025,threshold_4h,272,0.5909268029364714,0.6175828585856217,0.6479360202705791,1490,812,0.1825503355704698,0.33497536945812806
lahaute,0.5,maximum_iou,opsda_cui2015_4h_0.025,threshold_4h,272,0.5976665441009902,0.6280550212375879,0.6479360202705791,1490,812,0.1825503355704698,0.33497536945812806
lahaute,0.7,greedy,opsda_cui2015_4h_0.025,threshold_4h,91,0.6995913385623028,0.7355684632298101,0.8084415584415584,1490,812,0.0610738255033557,0.11206896551724138
lahaute,0.7,maximum_iou,opsda_cui2015_4h_0.025,threshold_4h,91,0.6995913385623028,0.7355684632298101,0.8084415584415584,1490,812,0.0610738255033557,0.11206896551724138
lahaute,0.3,greedy,sda_florita2013_0.025,threshold_1h,515,0.7715869516781232,0.8373873249306676,0.7375728155339806,667,958,0.7721139430284858,0.5375782881002088
lahaute,0.3,maximum_iou,sda_florita2013_0.025,threshold_1h,515,0.7715869516781232,0.8373873249306676,0.7375728155339806,667,958,0.7721139430284858,0.5375782881002088
lahaute,0.5,greedy,sda_florita2013_0.025,threshold_1h,492,0.7821347265038173,0.8449911538393859,0.7540311653116532,667,958,0.7376311844077961,0.5135699373695198
lahaute,0.5,maximum_iou,sda_florita2013_0.025,threshold_1h,492,0.7821347265038173,0.8449911538393859,0.7540311653116532,667,958,0.7376311844077961,0.5135699373695198
lahaute,0.7,greedy,sda_florita2013_0.025,threshold_1h,183,1.0,1.0,0.9734972677595627,667,958,0.27436281859070466,0.19102296450939457
lahaute,0.7,maximum_iou,sda_florita2013_0.025,threshold_1h,183,1.0,1.0,0.9734972677595627,667,958,0.27436281859070466,0.19102296450939457
lahaute,0.3,greedy,sda_florita2013_0.025,threshold_2h,434,0.5846341250215079,0.5863185838267232,0.5360324966891787,667,1060,0.6506746626686657,0.40943396226415096
lahaute,0.3,maximum_iou,sda_florita2013_0.025,threshold_2h,434,0.5787903903806773,0.582195233933614,0.5360324966891787,667,1060,0.6506746626686657,0.40943396226415096
lahaute,0.5,greedy,sda_florita2013_0.025,threshold_2h,267,0.6244608226981408,0.6510277752341843,0.6351658640984484,667,1060,0.4002998500749625,0.2518867924528302
lahaute,0.5,maximum_iou,sda_florita2013_0.025,threshold_2h,267,0.6133499465740909,0.6413244389662426,0.6351658640984484,667,1060,0.4002998500749625,0.2518867924528302
lahaute,0.7,greedy,sda_florita2013_0.025,threshold_2h,89,0.783209364898734,0.8508267762127372,0.8128678437667203,667,1060,0.13343328335832083,0.08396226415094339
lahaute,0.7,maximum_iou,sda_florita2013_0.025,threshold_2h,89,0.783209364898734,0.8508267762127372,0.8128678437667203,667,1060,0.13343328335832083,0.08396226415094339
lahaute,0.3,greedy,sda_florita2013_0.025,threshold_4h,121,0.4737014959932171,0.4388533780945624,0.42826617585208276,667,812,0.18140929535232383,0.14901477832512317
lahaute,0.3,maximum_iou,sda_florita2013_0.025,threshold_4h,121,0.44501308120336147,0.42829457950019467,0.42826617585208276,667,812,0.18140929535232383,0.14901477832512317
lahaute,0.5,greedy,sda_florita2013_0.025,threshold_4h,30,0.5800492272184004,0.4727513893018044,0.6225616975616977,667,812,0.044977511244377814,0.03694581280788178
lahaute,0.5,maximum_iou,sda_florita2013_0.025,threshold_4h,30,0.5800492272184004,0.4727513893018044,0.6225616975616977,667,812,0.044977511244377814,0.03694581280788178
lahaute,0.7,greedy,sda_florita2013_0.025,threshold_4h,6,1.0,1.0,0.8731481481481481,667,812,0.008995502248875561,0.007389162561576354
lahaute,0.7,maximum_iou,sda_florita2013_0.025,threshold_4h,6,1.0,1.0,0.8731481481481481,667,812,0.008995502248875561,0.007389162561576354
lahaute,0.3,greedy,threshold_1h,threshold_2h,607,0.6074628731623783,0.610212882632314,0.4747681569757352,958,1060,0.6336116910229646,0.5726415094339623
lahaute,0.3,maximum_iou,threshold_1h,threshold_2h,607,0.6074628731623783,0.610212882632314,0.4747681569757352,958,1060,0.6336116910229646,0.5726415094339623
lahaute,0.5,greedy,threshold_1h,threshold_2h,352,0.5950084544318616,0.580246652081806,0.5418087121212122,958,1060,0.3674321503131524,0.3320754716981132
lahaute,0.5,maximum_iou,threshold_1h,threshold_2h,352,0.5950084544318616,0.580246652081806,0.5418087121212122,958,1060,0.3674321503131524,0.3320754716981132
lahaute,0.7,greedy,threshold_1h,threshold_2h,26,0.6343355447337713,0.5353616584014654,0.7579670329670329,958,1060,0.027139874739039668,0.024528301886792454
lahaute,0.7,maximum_iou,threshold_1h,threshold_2h,26,0.6343355447337713,0.5353616584014654,0.7579670329670329,958,1060,0.027139874739039668,0.024528301886792454
lahaute,0.3,greedy,threshold_1h,threshold_4h,63,0.4577869737863504,0.39136935504767373,0.34350748457891317,958,812,0.06576200417536535,0.07758620689655173
lahaute,0.3,maximum_iou,threshold_1h,threshold_4h,65,0.3841253021221384,0.4145674809565659,0.3431944337713569,958,812,0.06784968684759916,0.08004926108374384
lahaute,0.5,greedy,threshold_1h,threshold_4h,1,1.0,1.0,0.5,958,812,0.0010438413361169101,0.0012315270935960591
lahaute,0.5,maximum_iou,threshold_1h,threshold_4h,1,1.0,1.0,0.5,958,812,0.0010438413361169101,0.0012315270935960591
lahaute,0.7,greedy,threshold_1h,threshold_4h,0,,,,958,812,0.0,0.0
lahaute,0.7,maximum_iou,threshold_1h,threshold_4h,0,,,,958,812,0.0,0.0
lahaute,0.3,greedy,threshold_2h,threshold_4h,578,0.5065907640135373,0.516384203112127,0.5047713907470323,1060,812,0.5452830188679245,0.7118226600985221
lahaute,0.3,maximum_iou,threshold_2h,threshold_4h,580,0.4977409153784443,0.5156053362074726,0.5038856848019275,1060,812,0.5471698113207547,0.7142857142857143
lahaute,0.5,greedy,threshold_2h,threshold_4h,333,0.503122889226398,0.503127515223948,0.5836858712245709,1060,812,0.3141509433962264,0.4100985221674877
lahaute,0.5,maximum_iou,threshold_2h,threshold_4h,333,0.503122889226398,0.503127515223948,0.5836858712245709,1060,812,0.3141509433962264,0.4100985221674877
lahaute,0.7,greedy,threshold_2h,threshold_4h,43,0.6336455104346718,0.5529380215155797,0.7840657404610893,1060,812,0.040566037735849055,0.05295566502463054
lahaute,0.7,maximum_iou,threshold_2h,threshold_4h,43,0.6336455104346718,0.5529380215155797,0.7840657404610893,1060,812,0.040566037735849055,0.05295566502463054
pizhou,0.3,greedy,adaptive_corridor,endpoint_corridor_0.025,7359,0.8458946326770478,0.9103840277125753,0.810761616122399,9769,9274,0.7533012590848602,0.7935087340953203
pizhou,0.3,maximum_iou,adaptive_corridor,endpoint_corridor_0.025,7359,0.8470556128992759,0.9151765719760859,0.810761616122399,9769,9274,0.7533012590848602,0.7935087340953203
pizhou,0.5,greedy,adaptive_corridor,endpoint_corridor_0.025,6726,0.8633527834361187,0.9223152621585374,0.8545475034101262,9769,9274,0.6885044528610912,0.7252533965926246
pizhou,0.5,maximum_iou,adaptive_corridor,endpoint_corridor_0.025,6726,0.862654589379272,0.9251287351241859,0.8545475034101262,9769,9274,0.6885044528610912,0.7252533965926246
pizhou,0.7,greedy,adaptive_corridor,endpoint_corridor_0.025,4646,0.9890272474781601,0.9966748823582612,0.9950312267251572,9769,9274,0.4755860374654519,0.5009704550355834
pizhou,0.7,maximum_iou,adaptive_corridor,endpoint_corridor_0.025,4646,0.9890272474781601,0.9966748823582612,0.9950312267251572,9769,9274,0.4755860374654519,0.5009704550355834
pizhou,0.3,greedy,adaptive_corridor,endpoint_corridor_0.050,8405,0.8589366737343134,0.923895447947433,0.8426201903060913,9769,10613,0.8603746545193981,0.7919532648638462
pizhou,0.3,maximum_iou,adaptive_corridor,endpoint_corridor_0.050,8405,0.8576483496106737,0.9253590278643806,0.8426201903060913,9769,10613,0.8603746545193981,0.7919532648638462
pizhou,0.5,greedy,adaptive_corridor,endpoint_corridor_0.050,7855,0.8722976378578291,0.9325265449337786,0.8768384720167025,9769,10613,0.8040741119868974,0.7401300292094601
pizhou,0.5,maximum_iou,adaptive_corridor,endpoint_corridor_0.050,7855,0.8697011556016149,0.9329414304428375,0.8768384720167025,9769,10613,0.8040741119868974,0.7401300292094601
pizhou,0.7,greedy,adaptive_corridor,endpoint_corridor_0.050,5808,0.978360733755902,0.9926953190251312,0.9894084240675151,9769,10613,0.5945337291432081,0.5472533685103176
pizhou,0.7,maximum_iou,adaptive_corridor,endpoint_corridor_0.050,5808,0.978360733755902,0.9926953190251312,0.9894084240675151,9769,10613,0.5945337291432081,0.5472533685103176
pizhou,0.3,greedy,adaptive_corridor,endpoint_corridor_0.100,8666,0.863117970769347,0.9304037959255481,0.8617395552464653,9769,10493,0.8870918210666394,0.8258839226150767
pizhou,0.3,maximum_iou,adaptive_corridor,endpoint_corridor_0.100,8666,0.8643838376914502,0.9316867997737364,0.8617395552464653,9769,10493,0.8870918210666394,0.8258839226150767
pizhou,0.5,greedy,adaptive_corridor,endpoint_corridor_0.100,8261,0.8762557421426358,0.938904599082413,0.8864109019303166,9769,10493,0.8456341488381616,0.7872867626036405
pizhou,0.5,maximum_iou,adaptive_corridor,endpoint_corridor_0.100,8261,0.8770603914830033,0.9398456703980147,0.8864109019303166,9769,10493,0.8456341488381616,0.7872867626036405
pizhou,0.7,greedy,adaptive_corridor,endpoint_corridor_0.100,6381,0.9618679684638666,0.9856502030506831,0.9806922465126512,9769,10493,0.6531886579997953,0.6081196988468502
pizhou,0.7,maximum_iou,adaptive_corridor,endpoint_corridor_0.100,6381,0.9618679684638666,0.9856502030506831,0.9806922465126512,9769,10493,0.6531886579997953,0.6081196988468502
pizhou,0.3,greedy,adaptive_corridor,financial_tail_1h,946,0.7518693740128758,0.8122856608004194,0.6715468639887243,9769,1030,0.09683693315590132,0.9184466019417475
pizhou,0.3,maximum_iou,adaptive_corridor,financial_tail_1h,946,0.7578032226757501,0.8146375069912901,0.6715468639887243,9769,1030,0.09683693315590132,0.9184466019417475
pizhou,0.5,greedy,adaptive_corridor,financial_tail_1h,752,0.7775466778644917,0.845179127142196,0.757734929078014,9769,1030,0.0769781963353465,0.7300970873786408
pizhou,0.5,maximum_iou,adaptive_corridor,financial_tail_1h,752,0.7847367303712774,0.8500482422988731,0.757734929078014,9769,1030,0.0769781963353465,0.7300970873786408
pizhou,0.7,greedy,adaptive_corridor,financial_tail_1h,336,0.9832550366413544,0.9940732896420336,0.9873511904761905,9769,1030,0.03439451325621865,0.3262135922330097
pizhou,0.7,maximum_iou,adaptive_corridor,financial_tail_1h,336,0.9832550366413544,0.9940732896420336,0.9873511904761905,9769,1030,0.03439451325621865,0.3262135922330097
pizhou,0.3,greedy,adaptive_corridor,financial_tail_2h,463,0.723118893408911,0.8084114857937926,0.5500340672046935,9769,708,0.04739482035008701,0.653954802259887
pizhou,0.3,maximum_iou,adaptive_corridor,financial_tail_2h,463,0.7246416146504938,0.8095521899074036,0.5500340672046935,9769,708,0.04739482035008701,0.653954802259887
pizhou,0.5,greedy,adaptive_corridor,financial_tail_2h,299,0.7529124414106612,0.8336488378652106,0.6450748526835482,9769,708,0.030607022213123145,0.422316384180791
pizhou,0.5,maximum_iou,adaptive_corridor,financial_tail_2h,299,0.7529124414106612,0.8336488378652106,0.6450748526835482,9769,708,0.030607022213123145,0.422316384180791
pizhou,0.7,greedy,adaptive_corridor,financial_tail_2h,104,0.8270375176211371,0.8796292745716983,0.8413003663003662,9769,708,0.010645920769781964,0.14689265536723164
pizhou,0.7,maximum_iou,adaptive_corridor,financial_tail_2h,104,0.8270375176211371,0.8796292745716983,0.8413003663003662,9769,708,0.010645920769781964,0.14689265536723164
pizhou,0.3,greedy,adaptive_corridor,financial_tail_4h,184,0.5235281373722547,0.5905227412825924,0.45035980339899107,9769,496,0.018835090592691166,0.3709677419354839
pizhou,0.3,maximum_iou,adaptive_corridor,financial_tail_4h,184,0.4717990364599804,0.5538709640602697,0.45035980339899107,9769,496,0.018835090592691166,0.3709677419354839
pizhou,0.5,greedy,adaptive_corridor,financial_tail_4h,62,0.6556168149763333,0.7525546573533504,0.6227567235631754,9769,496,0.006346606612754632,0.125
pizhou,0.5,maximum_iou,adaptive_corridor,financial_tail_4h,62,0.6556168149763333,0.7525546573533504,0.6227567235631754,9769,496,0.006346606612754632,0.125
pizhou,0.7,greedy,adaptive_corridor,financial_tail_4h,15,1.0,1.0,0.7950673400673398,9769,496,0.0015354693417954754,0.03024193548387097
pizhou,0.7,maximum_iou,adaptive_corridor,financial_tail_4h,15,1.0,1.0,0.7950673400673398,9769,496,0.0015354693417954754,0.03024193548387097
pizhou,0.3,greedy,adaptive_corridor,mean_shift_1h,4209,0.6268681746064891,0.6613027573499298,0.5806647676391082,9769,5717,0.4308526973078104,0.7362252929858317
pizhou,0.3,maximum_iou,adaptive_corridor,mean_shift_1h,4210,0.625851163178399,0.658790244139143,0.5806060190798907,9769,5717,0.4309550619305968,0.7364002099002973
pizhou,0.5,greedy,adaptive_corridor,mean_shift_1h,3008,0.6550127154916974,0.6763891999879775,0.6687311349628503,9769,5717,0.307912785341386,0.5261500787126115
pizhou,0.5,maximum_iou,adaptive_corridor,mean_shift_1h,3008,0.6553771620901431,0.6766261311357606,0.6687311349628503,9769,5717,0.307912785341386,0.5261500787126115
pizhou,0.7,greedy,adaptive_corridor,mean_shift_1h,993,0.7674605265306876,0.8376237678580123,0.8682891350565066,9769,5717,0.10164807042686047,0.17369249606436943
pizhou,0.7,maximum_iou,adaptive_corridor,mean_shift_1h,993,0.7674605265306876,0.8376237678580123,0.8682891350565066,9769,5717,0.10164807042686047,0.17369249606436943
pizhou,0.3,greedy,adaptive_corridor,mean_shift_2h,1321,0.3333876325204074,0.32039824610103107,0.4530350680540399,9769,3316,0.1352236667007882,0.3983715319662244
pizhou,0.3,maximum_iou,adaptive_corridor,mean_shift_2h,1326,0.3327382295912839,0.31831902838079856,0.4523530795514671,9769,3316,0.13573548981472003,0.39987937273823887
pizhou,0.5,greedy,adaptive_corridor,mean_shift_2h,424,0.4998183134864796,0.41392851561716293,0.6367976548054239,9769,3316,0.04340260006141877,0.1278648974668275
pizhou,0.5,maximum_iou,adaptive_corridor,mean_shift_2h,424,0.4998183134864796,0.41392851561716293,0.6367976548054239,9769,3316,0.04340260006141877,0.1278648974668275
pizhou,0.7,greedy,adaptive_corridor,mean_shift_2h,132,0.5816347454352602,0.44881841541042666,0.7964354038217676,9769,3316,0.013512130207800184,0.039806996381182146
pizhou,0.7,maximum_iou,adaptive_corridor,mean_shift_2h,132,0.5816347454352602,0.44881841541042666,0.7964354038217676,9769,3316,0.013512130207800184,0.039806996381182146
pizhou,0.3,greedy,adaptive_corridor,mean_shift_4h,191,0.11276339761659351,0.07788465633127512,0.4119806397409143,9769,1425,0.019551642952195723,0.13403508771929826
pizhou,0.3,maximum_iou,adaptive_corridor,mean_shift_4h,193,0.1064790826516247,0.07034946286604085,0.4098069498375025,9769,1425,0.019756372197768452,0.13543859649122808
pizhou,0.5,greedy,adaptive_corridor,mean_shift_4h,38,0.455159195887891,0.27214214486447286,0.6133731893974385,9769,1425,0.003889855665881871,0.02666666666666667
pizhou,0.5,maximum_iou,adaptive_corridor,mean_shift_4h,38,0.455159195887891,0.27214214486447286,0.6133731893974385,9769,1425,0.003889855665881871,0.02666666666666667
pizhou,0.7,greedy,adaptive_corridor,mean_shift_4h,5,0.6712694853274374,0.21052631578947367,0.848159420289855,9769,1425,0.0005118231139318251,0.0035087719298245615
pizhou,0.7,maximum_iou,adaptive_corridor,mean_shift_4h,5,0.6712694853274374,0.21052631578947367,0.848159420289855,9769,1425,0.0005118231139318251,0.0035087719298245615
pizhou,0.3,greedy,adaptive_corridor,opsda_cui2015_1h_0.025,3768,0.6612268460965431,0.7596272164271057,0.5727618542108988,9769,4452,0.38570989865902344,0.8463611859838275
pizhou,0.3,maximum_iou,adaptive_corridor,opsda_cui2015_1h_0.025,3771,0.6500209670745752,0.7527563580976168,0.5725713780606382,9769,4452,0.38601699252738253,0.8470350404312669
pizhou,0.5,greedy,adaptive_corridor,opsda_cui2015_1h_0.025,3082,0.6722885894988369,0.7670604507194183,0.6242158771360589,9769,4452,0.315487767427577,0.6922731356693621
pizhou,0.5,maximum_iou,adaptive_corridor,opsda_cui2015_1h_0.025,3082,0.6632045367174592,0.7617087024533863,0.6242158771360589,9769,4452,0.315487767427577,0.6922731356693621
pizhou,0.7,greedy,adaptive_corridor,opsda_cui2015_1h_0.025,606,1.0,1.0,1.0,9769,4452,0.06203296140853721,0.13611859838274934
pizhou,0.7,maximum_iou,adaptive_corridor,opsda_cui2015_1h_0.025,606,1.0,1.0,1.0,9769,4452,0.06203296140853721,0.13611859838274934
pizhou,0.3,greedy,adaptive_corridor,opsda_cui2015_2h_0.025,5529,0.6341629649943712,0.7389203325689514,0.6132669785952477,9769,8674,0.5659739993858123,0.6374221812312658
pizhou,0.3,maximum_iou,adaptive_corridor,opsda_cui2015_2h_0.025,5531,0.6301158939733383,0.736872882579158,0.6131537017995164,9769,8674,0.566178728631385,0.6376527553608485
pizhou,0.5,greedy,adaptive_corridor,opsda_cui2015_2h_0.025,4826,0.6552824370641954,0.7586219488854133,0.6514859984607186,9769,8674,0.49401166956699766,0.5563753746829606
pizhou,0.5,maximum_iou,adaptive_corridor,opsda_cui2015_2h_0.025,4826,0.6494477944988248,0.7549465034814751,0.6514859984607186,9769,8674,0.49401166956699766,0.5563753746829606
pizhou,0.7,greedy,adaptive_corridor,opsda_cui2015_2h_0.025,1492,0.8135388928484615,0.8873612038069196,0.8966487935656836,9769,8674,0.15272801719725662,0.172008300668665
pizhou,0.7,maximum_iou,adaptive_corridor,opsda_cui2015_2h_0.025,1492,0.8135388928484615,0.8873612038069196,0.8966487935656836,9769,8674,0.15272801719725662,0.172008300668665
pizhou,0.3,greedy,adaptive_corridor,opsda_cui2015_4h_0.025,6254,0.6048163441796653,0.7162002974988109,0.6172829606611987,9769,13284,0.640188350905927,0.47079193014152365
pizhou,0.3,maximum_iou,adaptive_corridor,opsda_cui2015_4h_0.025,6271,0.5956118707582173,0.7084941368748822,0.6161443481747263,9769,13284,0.6419285494932951,0.47207166516109605
pizhou,0.5,greedy,adaptive_corridor,opsda_cui2015_4h_0.025,5182,0.6518701618956517,0.7563497246482489,0.6692621473256363,9769,13284,0.5304534752789436,0.39009334537789825
pizhou,0.5,maximum_iou,adaptive_corridor,opsda_cui2015_4h_0.025,5182,0.6451019795563814,0.7511237410325163,0.6692621473256363,9769,13284,0.5304534752789436,0.39009334537789825
pizhou,0.7,greedy,adaptive_corridor,opsda_cui2015_4h_0.025,1873,0.800624603053409,0.8843340505701889,0.8835443328102164,9769,13284,0.19172893847886172,0.14099668774465524
pizhou,0.7,maximum_iou,adaptive_corridor,opsda_cui2015_4h_0.025,1873,0.800624603053409,0.8843340505701889,0.8835443328102164,9769,13284,0.19172893847886172,0.14099668774465524
pizhou,0.3,greedy,adaptive_corridor,sda_florita2013_0.025,5604,0.6701900272648275,0.7745970303049061,0.5964915041735169,9769,7304,0.5736513460947896,0.767250821467689
pizhou,0.3,maximum_iou,adaptive_corridor,sda_florita2013_0.025,5610,0.662300818017942,0.7698885007421313,0.596210051584383,9769,7304,0.5742655338315078,0.7680722891566265
pizhou,0.5,greedy,adaptive_corridor,sda_florita2013_0.025,4587,0.6973953682271568,0.8008985198642957,0.6522355741780201,9769,7304,0.4695465247210564,0.6280120481927711
pizhou,0.5,maximum_iou,adaptive_corridor,sda_florita2013_0.025,4587,0.6906553973207898,0.7975569058981092,0.6522355741780201,9769,7304,0.4695465247210564,0.6280120481927711
pizhou,0.7,greedy,adaptive_corridor,sda_florita2013_0.025,1245,0.9116944545661573,0.9600796055301444,0.9278705297379997,9769,7304,0.12744395536902448,0.17045454545454544
pizhou,0.7,maximum_iou,adaptive_corridor,sda_florita2013_0.025,1245,0.9116944545661573,0.9600796055301444,0.9278705297379997,9769,7304,0.12744395536902448,0.17045454545454544
pizhou,0.3,greedy,adaptive_corridor,threshold_1h,6816,0.7213673232821018,0.8027756233229534,0.654369234133759,9769,8396,0.697717268911864,0.8118151500714627
pizhou,0.3,maximum_iou,adaptive_corridor,threshold_1h,6817,0.7193559779426891,0.8015602358104391,0.6543221407054474,9769,8396,0.6978196335346504,0.8119342544068604
pizhou,0.5,greedy,adaptive_corridor,threshold_1h,5340,0.7462163311590924,0.8301155033840293,0.7397520955947923,9769,8396,0.5466270856791893,0.6360171510242972
pizhou,0.5,maximum_iou,adaptive_corridor,threshold_1h,5340,0.7465469462573714,0.8303664997686584,0.7397520955947923,9769,8396,0.5466270856791893,0.6360171510242972
pizhou,0.7,greedy,adaptive_corridor,threshold_1h,2291,0.945388813591814,0.9751733372075994,0.9596900916630291,9769,8396,0.23451735080356229,0.27286803239637925
pizhou,0.7,maximum_iou,adaptive_corridor,threshold_1h,2291,0.945388813591814,0.9751733372075994,0.9596900916630291,9769,8396,0.23451735080356229,0.27286803239637925
pizhou,0.3,greedy,adaptive_corridor,threshold_2h,3355,0.5860045314137979,0.6388148414289488,0.5719003670029356,9769,6346,0.3434333094482547,0.5286794831389852
pizhou,0.3,maximum_iou,adaptive_corridor,threshold_2h,3357,0.5849513005733734,0.6355341074506141,0.5717780949145613,9769,6346,0.3436380386938274,0.5289946422943587
pizhou,0.5,greedy,adaptive_corridor,threshold_2h,2126,0.6243761124451778,0.6874600045334828,0.6842965007711009,9769,6346,0.21762718804381206,0.3350141821619918
pizhou,0.5,maximum_iou,adaptive_corridor,threshold_2h,2126,0.6246503617293997,0.6877653377825026,0.6842965007711009,9769,6346,0.21762718804381206,0.3350141821619918
pizhou,0.7,greedy,adaptive_corridor,threshold_2h,902,0.7191341312881177,0.7883182346605656,0.8615238358586473,9769,6346,0.09233288975330126,0.14213677907343208
pizhou,0.7,maximum_iou,adaptive_corridor,threshold_2h,902,0.7191341312881177,0.7883182346605656,0.8615238358586473,9769,6346,0.09233288975330126,0.14213677907343208
pizhou,0.3,greedy,adaptive_corridor,threshold_4h,1005,0.3047087982947736,0.3833565344130582,0.46440605436463944,9769,3539,0.10287644590029686,0.28397852500706416
pizhou,0.3,maximum_iou,adaptive_corridor,threshold_4h,1017,0.30484374268194375,0.3854417489346982,0.46206463175084417,9769,3539,0.10410482137373324,0.2873693133653574
pizhou,0.5,greedy,adaptive_corridor,threshold_4h,348,0.41192523757120236,0.4713886616905068,0.6434001157029806,9769,3539,0.03562288872965503,0.09833286239050579
pizhou,0.5,maximum_iou,adaptive_corridor,threshold_4h,348,0.4144129693464952,0.47073027207102897,0.6434001157029806,9769,3539,0.03562288872965503,0.09833286239050579
pizhou,0.7,greedy,adaptive_corridor,threshold_4h,114,0.5832241804195749,0.6064339523627307,0.8167213831203767,9769,3539,0.011669566997645613,0.03221248940378638
pizhou,0.7,maximum_iou,adaptive_corridor,threshold_4h,114,0.5832241804195749,0.6064339523627307,0.8167213831203767,9769,3539,0.011669566997645613,0.03221248940378638
pizhou,0.3,greedy,endpoint_corridor_0.025,endpoint_corridor_0.050,8707,0.9150346429923197,0.9597601595687106,0.9272796381674295,9274,10613,0.9388613327582489,0.8204089324413455
pizhou,0.3,maximum_iou,endpoint_corridor_0.025,endpoint_corridor_0.050,8707,0.9201519211791299,0.9638500390938713,0.9272796381674295,9274,10613,0.9388613327582489,0.8204089324413455
pizhou,0.5,greedy,endpoint_corridor_0.025,endpoint_corridor_0.050,8594,0.9241035412613074,0.9644828633698023,0.9349210966676642,9274,10613,0.9266767306448135,0.8097616131159898
pizhou,0.5,maximum_iou,endpoint_corridor_0.025,endpoint_corridor_0.050,8594,0.9296016363490159,0.9685370107855601,0.9349210966676642,9274,10613,0.9266767306448135,0.8097616131159898
pizhou,0.7,greedy,endpoint_corridor_0.025,endpoint_corridor_0.050,7402,0.9858997154142156,0.995619210007139,0.9965443702474235,9274,10613,0.7981453525986629,0.6974465278432112
pizhou,0.7,maximum_iou,endpoint_corridor_0.025,endpoint_corridor_0.050,7402,0.9858997154142156,0.995619210007139,0.9965443702474235,9274,10613,0.7981453525986629,0.6974465278432112
pizhou,0.3,greedy,endpoint_corridor_0.025,endpoint_corridor_0.100,7694,0.8336749181899864,0.9017738602578173,0.7763378474484531,9274,10493,0.8296312270864783,0.7332507385876299
pizhou,0.3,maximum_iou,endpoint_corridor_0.025,endpoint_corridor_0.100,7694,0.8373652167274246,0.9084158891138383,0.7763378474484531,9274,10493,0.8296312270864783,0.7332507385876299
pizhou,0.5,greedy,endpoint_corridor_0.025,endpoint_corridor_0.100,7019,0.8465112198421557,0.9111982759611896,0.8176804682076089,9274,10493,0.756847099417727,0.6689221385685695
pizhou,0.5,maximum_iou,endpoint_corridor_0.025,endpoint_corridor_0.100,7019,0.8493474851873715,0.9162271303687552,0.8176804682076089,9274,10493,0.756847099417727,0.6689221385685695
pizhou,0.7,greedy,endpoint_corridor_0.025,endpoint_corridor_0.100,4314,0.9856359060332616,0.9955155785868546,0.9926525671310097,9274,10493,0.4651714470562864,0.41113123034403887
pizhou,0.7,maximum_iou,endpoint_corridor_0.025,endpoint_corridor_0.100,4314,0.9856359060332616,0.9955155785868546,0.9926525671310097,9274,10493,0.4651714470562864,0.41113123034403887
pizhou,0.3,greedy,endpoint_corridor_0.025,financial_tail_1h,877,0.7203003559291163,0.7837476029260523,0.5369441277080959,9274,1030,0.09456545180073324,0.8514563106796117
pizhou,0.3,maximum_iou,endpoint_corridor_0.025,financial_tail_1h,877,0.7205787127507557,0.7873049552236384,0.5369441277080959,9274,1030,0.09456545180073324,0.8514563106796117
pizhou,0.5,greedy,endpoint_corridor_0.025,financial_tail_1h,589,0.7347143019915762,0.7918313964841774,0.6362761743067348,9274,1030,0.06351089066206599,0.5718446601941748
pizhou,0.5,maximum_iou,endpoint_corridor_0.025,financial_tail_1h,589,0.7336865830720612,0.7984900280428454,0.6362761743067348,9274,1030,0.06351089066206599,0.5718446601941748
pizhou,0.7,greedy,endpoint_corridor_0.025,financial_tail_1h,145,1.0,1.0,1.0,9274,1030,0.01563510890662066,0.1407766990291262
pizhou,0.7,maximum_iou,endpoint_corridor_0.025,financial_tail_1h,145,1.0,1.0,1.0,9274,1030,0.01563510890662066,0.1407766990291262
pizhou,0.3,greedy,endpoint_corridor_0.025,financial_tail_2h,175,0.7265104712893374,0.794808619850065,0.4568843537414967,9274,708,0.018869959025231833,0.24717514124293785
pizhou,0.3,maximum_iou,endpoint_corridor_0.025,financial_tail_2h,175,0.7157529037562015,0.7855057181923805,0.4568843537414967,9274,708,0.018869959025231833,0.24717514124293785
pizhou,0.5,greedy,endpoint_corridor_0.025,financial_tail_2h,83,0.7811980524879888,0.8396098028974659,0.5495697074010328,9274,708,0.00894975199482424,0.1172316384180791
pizhou,0.5,maximum_iou,endpoint_corridor_0.025,financial_tail_2h,83,0.7811980524879888,0.8396098028974659,0.5495697074010328,9274,708,0.00894975199482424,0.1172316384180791
pizhou,0.7,greedy,endpoint_corridor_0.025,financial_tail_2h,12,0.8669330093917879,0.8774373259052924,0.7678571428571429,9274,708,0.0012939400474444684,0.01694915254237288
pizhou,0.7,maximum_iou,endpoint_corridor_0.025,financial_tail_2h,12,0.8669330093917879,0.8774373259052924,0.7678571428571429,9274,708,0.0012939400474444684,0.01694915254237288
pizhou,0.3,greedy,endpoint_corridor_0.025,financial_tail_4h,33,0.7338381426591933,0.6676716501414229,0.3740999740999741,9274,496,0.003558335130472288,0.06653225806451613
pizhou,0.3,maximum_iou,endpoint_corridor_0.025,financial_tail_4h,33,0.7338381426591933,0.6676716501414229,0.3740999740999741,9274,496,0.003558335130472288,0.06653225806451613
pizhou,0.5,greedy,endpoint_corridor_0.025,financial_tail_4h,4,0.7999999999999999,0.5714285714285714,0.5408653846153846,9274,496,0.00043131334914815614,0.008064516129032258
pizhou,0.5,maximum_iou,endpoint_corridor_0.025,financial_tail_4h,4,0.7999999999999999,0.5714285714285714,0.5408653846153846,9274,496,0.00043131334914815614,0.008064516129032258
pizhou,0.7,greedy,endpoint_corridor_0.025,financial_tail_4h,0,,,,9274,496,0.0,0.0
pizhou,0.7,maximum_iou,endpoint_corridor_0.025,financial_tail_4h,0,,,,9274,496,0.0,0.0
pizhou,0.3,greedy,endpoint_corridor_0.025,mean_shift_1h,2665,0.6053584005597226,0.6494250175522721,0.46520444325322374,9274,5717,0.287362518869959,0.4661535770509008
pizhou,0.3,maximum_iou,endpoint_corridor_0.025,mean_shift_1h,2668,0.5988792093948593,0.6415308084281194,0.465056162394993,9274,5717,0.28768600388182014,0.4666783277942977
pizhou,0.5,greedy,endpoint_corridor_0.025,mean_shift_1h,1221,0.6708205988507498,0.7157699642034941,0.6054528554528554,9274,5717,0.13165839982747465,0.2135735525625328
pizhou,0.5,maximum_iou,endpoint_corridor_0.025,mean_shift_1h,1221,0.6708205988507498,0.7157699642034941,0.6054528554528554,9274,5717,0.13165839982747465,0.2135735525625328
pizhou,0.7,greedy,endpoint_corridor_0.025,mean_shift_1h,135,0.9251637449501735,0.9626963922416076,0.9075308641975307,9274,5717,0.01455682553375027,0.02361378345285989
pizhou,0.7,maximum_iou,endpoint_corridor_0.025,mean_shift_1h,135,0.9251637449501735,0.9626963922416076,0.9075308641975307,9274,5717,0.01455682553375027,0.02361378345285989
pizhou,0.3,greedy,endpoint_corridor_0.025,mean_shift_2h,183,0.358213522634501,0.308404040126526,0.372398836743099,9274,3316,0.019732585723528144,0.05518697225572979
pizhou,0.3,maximum_iou,endpoint_corridor_0.025,mean_shift_2h,183,0.358213522634501,0.308404040126526,0.372398836743099,9274,3316,0.019732585723528144,0.05518697225572979
pizhou,0.5,greedy,endpoint_corridor_0.025,mean_shift_2h,18,0.8708038880471465,0.7718120805369127,0.5904982363315697,9274,3316,0.0019409100711667026,0.005428226779252111
pizhou,0.5,maximum_iou,endpoint_corridor_0.025,mean_shift_2h,18,0.8708038880471465,0.7718120805369127,0.5904982363315697,9274,3316,0.0019409100711667026,0.005428226779252111
pizhou,0.7,greedy,endpoint_corridor_0.025,mean_shift_2h,4,0.7020168761809934,0.3333333333333333,0.7232142857142858,9274,3316,0.00043131334914815614,0.0012062726176115801
pizhou,0.7,maximum_iou,endpoint_corridor_0.025,mean_shift_2h,4,0.7020168761809934,0.3333333333333333,0.7232142857142858,9274,3316,0.00043131334914815614,0.0012062726176115801
pizhou,0.3,greedy,endpoint_corridor_0.025,mean_shift_4h,2,1.0,1.0,0.34672619047619047,9274,1425,0.00021565667457407807,0.0014035087719298245
pizhou,0.3,maximum_iou,endpoint_corridor_0.025,mean_shift_4h,2,1.0,1.0,0.34672619047619047,9274,1425,0.00021565667457407807,0.0014035087719298245
pizhou,0.5,greedy,endpoint_corridor_0.025,mean_shift_4h,0,,,,9274,1425,0.0,0.0
pizhou,0.5,maximum_iou,endpoint_corridor_0.025,mean_shift_4h,0,,,,9274,1425,0.0,0.0
pizhou,0.7,greedy,endpoint_corridor_0.025,mean_shift_4h,0,,,,9274,1425,0.0,0.0
pizhou,0.7,maximum_iou,endpoint_corridor_0.025,mean_shift_4h,0,,,,9274,1425,0.0,0.0
pizhou,0.3,greedy,endpoint_corridor_0.025,opsda_cui2015_1h_0.025,3633,0.6558317174886533,0.7474642445916309,0.48550325717955783,9274,4452,0.3917403493638128,0.8160377358490566
pizhou,0.3,maximum_iou,endpoint_corridor_0.025,opsda_cui2015_1h_0.025,3634,0.6431331901324544,0.7399794712655912,0.4854613832324345,9274,4452,0.39184817770109986,0.816262353998203
pizhou,0.5,greedy,endpoint_corridor_0.025,opsda_cui2015_1h_0.025,3317,0.6458419281059943,0.7370047401140779,0.5,9274,4452,0.35766659478110846,0.745058400718778
pizhou,0.5,maximum_iou,endpoint_corridor_0.025,opsda_cui2015_1h_0.025,3317,0.6329992676394829,0.7294286581892487,0.5,9274,4452,0.35766659478110846,0.745058400718778
pizhou,0.7,greedy,endpoint_corridor_0.025,opsda_cui2015_1h_0.025,0,,,,9274,4452,0.0,0.0
pizhou,0.7,maximum_iou,endpoint_corridor_0.025,opsda_cui2015_1h_0.025,0,,,,9274,4452,0.0,0.0
pizhou,0.3,greedy,endpoint_corridor_0.025,opsda_cui2015_2h_0.025,4686,0.6461739934372168,0.7434534726736644,0.505228339735382,9274,8674,0.5052835885270649,0.5402351856121743
pizhou,0.3,maximum_iou,endpoint_corridor_0.025,opsda_cui2015_2h_0.025,4687,0.6372349146887859,0.7380705884990533,0.5051774411492781,9274,8674,0.505391416864352,0.5403504726769657
pizhou,0.5,greedy,endpoint_corridor_0.025,opsda_cui2015_2h_0.025,4037,0.6522369293659142,0.7519751333403694,0.5324498389893486,9274,8674,0.4353029976277766,0.46541388056260086
pizhou,0.5,maximum_iou,endpoint_corridor_0.025,opsda_cui2015_2h_0.025,4037,0.6434689112422292,0.7469323923804542,0.5324498389893486,9274,8674,0.4353029976277766,0.46541388056260086
pizhou,0.7,greedy,endpoint_corridor_0.025,opsda_cui2015_2h_0.025,98,0.9309036147233642,0.9654331258264871,0.75,9274,8674,0.010567177054129826,0.01129813234955038
pizhou,0.7,maximum_iou,endpoint_corridor_0.025,opsda_cui2015_2h_0.025,98,0.9309036147233642,0.9654331258264871,0.75,9274,8674,0.010567177054129826,0.01129813234955038
pizhou,0.3,greedy,endpoint_corridor_0.025,opsda_cui2015_4h_0.025,4817,0.616722138617848,0.7219522331734298,0.4953637250346821,9274,13284,0.519409100711667,0.36261668172237277
pizhou,0.3,maximum_iou,endpoint_corridor_0.025,opsda_cui2015_4h_0.025,4835,0.606084293348272,0.7124707283540034,0.49395635331002435,9274,13284,0.5213500107828337,0.3639716952725083
pizhou,0.5,greedy,endpoint_corridor_0.025,opsda_cui2015_4h_0.025,3740,0.6509785607264101,0.7471544240054174,0.5347386681945505,9274,13284,0.403277981453526,0.28154170430593195
pizhou,0.5,maximum_iou,endpoint_corridor_0.025,opsda_cui2015_4h_0.025,3740,0.6397462096909406,0.7406624797440743,0.5347386681945505,9274,13284,0.403277981453526,0.28154170430593195
pizhou,0.7,greedy,endpoint_corridor_0.025,opsda_cui2015_4h_0.025,116,0.9185780989163527,0.9613132532558186,0.7604474548440063,9274,13284,0.012508087125296528,0.008732309545317675
pizhou,0.7,maximum_iou,endpoint_corridor_0.025,opsda_cui2015_4h_0.025,116,0.9185780989163527,0.9613132532558186,0.7604474548440063,9274,13284,0.012508087125296528,0.008732309545317675
pizhou,0.3,greedy,endpoint_corridor_0.025,sda_florita2013_0.025,5208,0.6661890071251694,0.7596647223481594,0.5007294181113304,9274,7304,0.5615699805908992,0.7130339539978094
pizhou,0.3,maximum_iou,endpoint_corridor_0.025,sda_florita2013_0.025,5209,0.6556256385354726,0.7540018215417746,0.500684483814643,9274,7304,0.5616778089281863,0.713170865279299
pizhou,0.5,greedy,endpoint_corridor_0.025,sda_florita2013_0.025,4335,0.6711393544874477,0.7678712680994838,0.533833141099577,9274,7304,0.4674358421393142,0.5935104052573932
pizhou,0.5,maximum_iou,endpoint_corridor_0.025,sda_florita2013_0.025,4335,0.660097150598652,0.7621961778527448,0.533833141099577,9274,7304,0.4674358421393142,0.5935104052573932
pizhou,0.7,greedy,endpoint_corridor_0.025,sda_florita2013_0.025,130,0.924753603746331,0.9634795253990812,0.7629670329670328,9274,7304,0.014017683847315074,0.017798466593647318
pizhou,0.7,maximum_iou,endpoint_corridor_0.025,sda_florita2013_0.025,130,0.924753603746331,0.9634795253990812,0.7629670329670328,9274,7304,0.014017683847315074,0.017798466593647318
pizhou,0.3,greedy,endpoint_corridor_0.025,threshold_1h,5944,0.6913295827264965,0.7745637211616153,0.5601278600269178,9274,8396,0.64093163683416,0.7079561696045736
pizhou,0.3,maximum_iou,endpoint_corridor_0.025,threshold_1h,5945,0.6880384031840892,0.7725448433046771,0.56008971124194,9274,8396,0.641039465171447,0.7080752739399714
pizhou,0.5,greedy,endpoint_corridor_0.025,threshold_1h,3769,0.7134176522285387,0.7971113928283109,0.6891584227217022,9274,8396,0.4064050032348501,0.44890424011434016
pizhou,0.5,maximum_iou,endpoint_corridor_0.025,threshold_1h,3769,0.7142406513111266,0.7986813622717692,0.6891584227217022,9274,8396,0.4064050032348501,0.44890424011434016
pizhou,0.7,greedy,endpoint_corridor_0.025,threshold_1h,1258,0.9945727110238612,0.9983448526203232,0.992156862745098,9274,8396,0.1356480483070951,0.14983325393044306
pizhou,0.7,maximum_iou,endpoint_corridor_0.025,threshold_1h,1258,0.9945727110238612,0.9983448526203232,0.992156862745098,9274,8396,0.1356480483070951,0.14983325393044306
pizhou,0.3,greedy,endpoint_corridor_0.025,threshold_2h,1228,0.600236448261885,0.6320668982428923,0.4671434925913753,9274,6346,0.13241319818848393,0.19350772139930664
pizhou,0.3,maximum_iou,endpoint_corridor_0.025,threshold_2h,1228,0.6008002034313882,0.6323817749700934,0.4671434925913753,9274,6346,0.13241319818848393,0.19350772139930664
pizhou,0.5,greedy,endpoint_corridor_0.025,threshold_2h,521,0.6364300958640875,0.6917568117571271,0.6033086555159493,9274,6346,0.05617856372654734,0.08209895997478726
pizhou,0.5,maximum_iou,endpoint_corridor_0.025,threshold_2h,521,0.6364300958640875,0.6917568117571271,0.6033086555159493,9274,6346,0.05617856372654734,0.08209895997478726
pizhou,0.7,greedy,endpoint_corridor_0.025,threshold_2h,136,0.7222492790340828,0.7894860114752135,0.840458683473389,9274,6346,0.014664653871037308,0.021430822565395524
pizhou,0.7,maximum_iou,endpoint_corridor_0.025,threshold_2h,136,0.7222492790340828,0.7894860114752135,0.840458683473389,9274,6346,0.014664653871037308,0.021430822565395524
pizhou,0.3,greedy,endpoint_corridor_0.025,threshold_4h,91,0.40864408655391504,0.5001922528595224,0.36724258647335556,9274,3539,0.009812378693120552,0.025713478383724217
pizhou,0.3,maximum_iou,endpoint_corridor_0.025,threshold_4h,91,0.40864408655391504,0.5001922528595224,0.36724258647335556,9274,3539,0.009812378693120552,0.025713478383724217
pizhou,0.5,greedy,endpoint_corridor_0.025,threshold_4h,6,0.7336804366512113,0.4444444444444444,0.5793350168350169,9274,3539,0.0006469700237222342,0.0016953941791466515
pizhou,0.5,maximum_iou,endpoint_corridor_0.025,threshold_4h,6,0.7336804366512113,0.4444444444444444,0.5793350168350169,9274,3539,0.0006469700237222342,0.0016953941791466515
pizhou,0.7,greedy,endpoint_corridor_0.025,threshold_4h,1,1.0,1.0,0.75,9274,3539,0.00010782833728703904,0.00028256569652444194
pizhou,0.7,maximum_iou,endpoint_corridor_0.025,threshold_4h,1,1.0,1.0,0.75,9274,3539,0.00010782833728703904,0.00028256569652444194
pizhou,0.3,greedy,endpoint_corridor_0.050,endpoint_corridor_0.100,8843,0.8534974437272165,0.9208123671806239,0.813599164854395,10613,10493,0.8332234052577028,0.8427523110645192
pizhou,0.3,maximum_iou,endpoint_corridor_0.050,endpoint_corridor_0.100,8844,0.8545804692460287,0.9233780202854348,0.813544860712432,10613,10493,0.833317629322529,0.8428476126941771
pizhou,0.5,greedy,endpoint_corridor_0.050,endpoint_corridor_0.100,8293,0.8621038786974431,0.9264766156791577,0.8439178089485576,10613,10493,0.7814001696033167,0.7903364147526922
pizhou,0.5,maximum_iou,endpoint_corridor_0.050,endpoint_corridor_0.100,8293,0.8625672242811044,0.9283486337312865,0.8439178089485576,10613,10493,0.7814001696033167,0.7903364147526922
pizhou,0.7,greedy,endpoint_corridor_0.050,endpoint_corridor_0.100,5583,0.9717168821231783,0.9899550063929974,0.9832603367933836,10613,10493,0.5260529539244323,0.5320689983798723
pizhou,0.7,maximum_iou,endpoint_corridor_0.050,endpoint_corridor_0.100,5583,0.9717168821231783,0.9899550063929974,0.9832603367933836,10613,10493,0.5260529539244323,0.5320689983798723
pizhou,0.3,greedy,endpoint_corridor_0.050,financial_tail_1h,947,0.7495096126843579,0.81495607007853,0.6207321365716297,10613,1030,0.08923018939037031,0.9194174757281554
pizhou,0.3,maximum_iou,endpoint_corridor_0.050,financial_tail_1h,947,0.7502773765968851,0.8157771017124885,0.6207321365716297,10613,1030,0.08923018939037031,0.9194174757281554
pizhou,0.5,greedy,endpoint_corridor_0.050,financial_tail_1h,698,0.7743437996350032,0.8435811793646176,0.7227793696275072,10613,1030,0.06576839724865731,0.6776699029126214
pizhou,0.5,maximum_iou,endpoint_corridor_0.050,financial_tail_1h,698,0.7718856171851273,0.8455471634104419,0.7227793696275072,10613,1030,0.06576839724865731,0.6776699029126214
pizhou,0.7,greedy,endpoint_corridor_0.050,financial_tail_1h,281,1.0,1.0,0.99644128113879,10613,1030,0.026476962216150004,0.2728155339805825
pizhou,0.7,maximum_iou,endpoint_corridor_0.050,financial_tail_1h,281,1.0,1.0,0.99644128113879,10613,1030,0.026476962216150004,0.2728155339805825
pizhou,0.3,greedy,endpoint_corridor_0.050,financial_tail_2h,323,0.7118457197809828,0.7891227605311563,0.4961521450685537,10613,708,0.030434372938848583,0.4562146892655367
pizhou,0.3,maximum_iou,endpoint_corridor_0.050,financial_tail_2h,323,0.7025664876772467,0.781711355358611,0.4961521450685537,10613,708,0.030434372938848583,0.4562146892655367
pizhou,0.5,greedy,endpoint_corridor_0.050,financial_tail_2h,180,0.7663550993966256,0.8174018138922892,0.5913492063492064,10613,708,0.016960331668708188,0.2542372881355932
pizhou,0.5,maximum_iou,endpoint_corridor_0.050,financial_tail_2h,180,0.7663550993966256,0.8174018138922892,0.5913492063492064,10613,708,0.016960331668708188,0.2542372881355932
pizhou,0.7,greedy,endpoint_corridor_0.050,financial_tail_2h,44,0.9010029766398661,0.9152208201892744,0.7925324675324675,10613,708,0.00414585885235089,0.062146892655367235
pizhou,0.7,maximum_iou,endpoint_corridor_0.050,financial_tail_2h,44,0.9010029766398661,0.9152208201892744,0.7925324675324675,10613,708,0.00414585885235089,0.062146892655367235
pizhou,0.3,greedy,endpoint_corridor_0.050,financial_tail_4h,86,0.4892409331681812,0.5551263971104133,0.39506823925428575,10613,496,0.008103269575049468,0.17338709677419356
pizhou,0.3,maximum_iou,endpoint_corridor_0.050,financial_tail_4h,86,0.4892409331681812,0.5551263971104133,0.39506823925428575,10613,496,0.008103269575049468,0.17338709677419356
pizhou,0.5,greedy,endpoint_corridor_0.050,financial_tail_4h,14,0.746043971609629,0.6397466349960411,0.5930555555555557,10613,496,0.0013191369075661924,0.028225806451612902
pizhou,0.5,maximum_iou,endpoint_corridor_0.050,financial_tail_4h,14,0.746043971609629,0.6397466349960411,0.5930555555555557,10613,496,0.0013191369075661924,0.028225806451612902
pizhou,0.7,greedy,endpoint_corridor_0.050,financial_tail_4h,3,1.0,1.0,0.7851851851851852,10613,496,0.0002826721944784698,0.006048387096774193
pizhou,0.7,maximum_iou,endpoint_corridor_0.050,financial_tail_4h,3,1.0,1.0,0.7851851851851852,10613,496,0.0002826721944784698,0.006048387096774193
pizhou,0.3,greedy,endpoint_corridor_0.050,mean_shift_1h,3766,0.6260001767156004,0.6678695611717392,0.5217130718458387,10613,5717,0.35484782813530574,0.6587370998775581
pizhou,0.3,maximum_iou,endpoint_corridor_0.050,mean_shift_1h,3768,0.6272275297517645,0.662541599278531,0.5216130826003438,10613,5717,0.3550362762649581,0.6590869337064894
pizhou,0.5,greedy,endpoint_corridor_0.050,mean_shift_1h,2254,0.6729173538765721,0.7115048201561065,0.6352811932226304,10613,5717,0.21238104211815698,0.39426272520552735
pizhou,0.5,maximum_iou,endpoint_corridor_0.050,mean_shift_1h,2254,0.6729173538765721,0.7115048201561065,0.6352811932226304,10613,5717,0.21238104211815698,0.39426272520552735
pizhou,0.7,greedy,endpoint_corridor_0.050,mean_shift_1h,451,0.9044920319534261,0.9549177185432904,0.9002217294900224,10613,5717,0.04249505323659663,0.0788875284239986
pizhou,0.7,maximum_iou,endpoint_corridor_0.050,mean_shift_1h,451,0.9044920319534261,0.9549177185432904,0.9002217294900224,10613,5717,0.04249505323659663,0.0788875284239986
pizhou,0.3,greedy,endpoint_corridor_0.050,mean_shift_2h,603,0.3663622193719594,0.3415056702664892,0.4055280671861082,10613,3316,0.05681711109017243,0.18184559710494572
pizhou,0.3,maximum_iou,endpoint_corridor_0.050,mean_shift_2h,603,0.3702231125244066,0.34397389425139524,0.4055280671861082,10613,3316,0.05681711109017243,0.18184559710494572
pizhou,0.5,greedy,endpoint_corridor_0.050,mean_shift_2h,123,0.5981127381149296,0.5167002356467288,0.5925364157071473,10613,3316,0.011589559973617262,0.037092882991556095
pizhou,0.5,maximum_iou,endpoint_corridor_0.050,mean_shift_2h,123,0.5981127381149296,0.5167002356467288,0.5925364157071473,10613,3316,0.011589559973617262,0.037092882991556095
pizhou,0.7,greedy,endpoint_corridor_0.050,mean_shift_2h,23,0.7979110604575319,0.7738275340393344,0.7814872325741891,10613,3316,0.002167153491001602,0.006936067551266586
pizhou,0.7,maximum_iou,endpoint_corridor_0.050,mean_shift_2h,23,0.7979110604575319,0.7738275340393344,0.7814872325741891,10613,3316,0.002167153491001602,0.006936067551266586
pizhou,0.3,greedy,endpoint_corridor_0.050,mean_shift_4h,24,0.3485500292745764,0.208,0.3357349129843324,10613,1425,0.0022613775558277586,0.016842105263157894
pizhou,0.3,maximum_iou,endpoint_corridor_0.050,mean_shift_4h,24,0.3485500292745764,0.208,0.3357349129843324,10613,1425,0.0022613775558277586,0.016842105263157894
pizhou,0.5,greedy,endpoint_corridor_0.050,mean_shift_4h,0,,,,10613,1425,0.0,0.0
pizhou,0.5,maximum_iou,endpoint_corridor_0.050,mean_shift_4h,0,,,,10613,1425,0.0,0.0
pizhou,0.7,greedy,endpoint_corridor_0.050,mean_shift_4h,0,,,,10613,1425,0.0,0.0
pizhou,0.7,maximum_iou,endpoint_corridor_0.050,mean_shift_4h,0,,,,10613,1425,0.0,0.0
pizhou,0.3,greedy,endpoint_corridor_0.050,opsda_cui2015_1h_0.025,3912,0.6639230661659078,0.7599083835689111,0.5197171097477845,10613,4452,0.3686045415999246,0.8787061994609164
pizhou,0.3,maximum_iou,endpoint_corridor_0.050,opsda_cui2015_1h_0.025,3913,0.655443159774024,0.754295729850309,0.5196694778090126,10613,4452,0.3686987656647508,0.8789308176100629
pizhou,0.5,greedy,endpoint_corridor_0.050,opsda_cui2015_1h_0.025,3323,0.6517243185622601,0.7460657085079748,0.5527134115758853,10613,4452,0.3131065674173184,0.7464061096136568
pizhou,0.5,maximum_iou,endpoint_corridor_0.050,opsda_cui2015_1h_0.025,3323,0.6418762455702953,0.7395570917589548,0.5527134115758853,10613,4452,0.3131065674173184,0.7464061096136568
pizhou,0.7,greedy,endpoint_corridor_0.050,opsda_cui2015_1h_0.025,311,1.0,1.0,1.0,10613,4452,0.029303684160934703,0.06985624438454627
pizhou,0.7,maximum_iou,endpoint_corridor_0.050,opsda_cui2015_1h_0.025,311,1.0,1.0,1.0,10613,4452,0.029303684160934703,0.06985624438454627
pizhou,0.3,greedy,endpoint_corridor_0.050,opsda_cui2015_2h_0.025,5498,0.6504980685998623,0.7538928633230582,0.5595103847286458,10613,8674,0.518043908414209,0.6338482822227346
pizhou,0.3,maximum_iou,endpoint_corridor_0.050,opsda_cui2015_2h_0.025,5498,0.6464146292756934,0.7506828149281958,0.5595103847286458,10613,8674,0.518043908414209,0.6338482822227346
pizhou,0.5,greedy,endpoint_corridor_0.050,opsda_cui2015_2h_0.025,4899,0.6584696003402122,0.7642093033605071,0.5865730615577521,10613,8674,0.4616036935833412,0.5647913304127277
pizhou,0.5,maximum_iou,endpoint_corridor_0.050,opsda_cui2015_2h_0.025,4899,0.6535240433594243,0.76056083694109,0.5865730615577521,10613,8674,0.4616036935833412,0.5647913304127277
pizhou,0.7,greedy,endpoint_corridor_0.050,opsda_cui2015_2h_0.025,737,0.9023899443923619,0.9542740471669069,0.8932835820895522,10613,8674,0.06944313577687741,0.08496656675121052
pizhou,0.7,maximum_iou,endpoint_corridor_0.050,opsda_cui2015_2h_0.025,737,0.9023899443923619,0.9542740471669069,0.8932835820895522,10613,8674,0.06944313577687741,0.08496656675121052
pizhou,0.3,greedy,endpoint_corridor_0.050,opsda_cui2015_4h_0.025,6022,0.6176161769374715,0.7259139803307991,0.5476877111965124,10613,13284,0.567417318383115,0.4533273110508883
pizhou,0.3,maximum_iou,endpoint_corridor_0.050,opsda_cui2015_4h_0.025,6047,0.609000051988086,0.7179346015443004,0.5459337044999358,10613,13284,0.569772920003769,0.4552092743149654
pizhou,0.5,greedy,endpoint_corridor_0.050,opsda_cui2015_4h_0.025,4804,0.6521433586525549,0.7543557127804844,0.5941351783566603,10613,13284,0.4526524074248563,0.3616380608250527
pizhou,0.5,maximum_iou,endpoint_corridor_0.050,opsda_cui2015_4h_0.025,4804,0.6457745335113283,0.7497114079212294,0.5941351783566603,10613,13284,0.4526524074248563,0.3616380608250527
pizhou,0.7,greedy,endpoint_corridor_0.050,opsda_cui2015_4h_0.025,798,0.8620606265676534,0.9323586756596374,0.8808046902971718,10613,13284,0.07519080373127297,0.06007226738934056
pizhou,0.7,maximum_iou,endpoint_corridor_0.050,opsda_cui2015_4h_0.025,798,0.8620606265676534,0.9323586756596374,0.8808046902971718,10613,13284,0.07519080373127297,0.06007226738934056
pizhou,0.3,greedy,endpoint_corridor_0.050,sda_florita2013_0.025,5890,0.6819998291491721,0.7813300120202818,0.5552113482631309,10613,7304,0.5549797418260624,0.806407447973713
pizhou,0.3,maximum_iou,endpoint_corridor_0.050,sda_florita2013_0.025,5891,0.6756858856620243,0.7775728628847711,0.5551736843665208,10613,7304,0.5550739658908885,0.8065443592552026
pizhou,0.5,greedy,endpoint_corridor_0.050,sda_florita2013_0.025,4952,0.6905838689809448,0.7939091976312518,0.5967840474908327,10613,7304,0.46659756901912747,0.6779846659364732
pizhou,0.5,maximum_iou,endpoint_corridor_0.050,sda_florita2013_0.025,4952,0.682799971369147,0.7895973499709958,0.5967840474908327,10613,7304,0.46659756901912747,0.6779846659364732
pizhou,0.7,greedy,endpoint_corridor_0.050,sda_florita2013_0.025,810,0.9359575210158042,0.9728831209284645,0.9045561434450324,10613,7304,0.07632149250918685,0.11089813800657174
pizhou,0.7,maximum_iou,endpoint_corridor_0.050,sda_florita2013_0.025,810,0.9359575210158042,0.9728831209284645,0.9045561434450324,10613,7304,0.07632149250918685,0.11089813800657174
pizhou,0.3,greedy,endpoint_corridor_0.050,threshold_1h,7143,0.7210458814210988,0.8055902174136715,0.6297817376985793,10613,8396,0.6730424950532365,0.850762267746546
pizhou,0.3,maximum_iou,endpoint_corridor_0.050,threshold_1h,7143,0.7184062693305031,0.8036479779280374,0.6297817376985793,10613,8396,0.6730424950532365,0.850762267746546
pizhou,0.5,greedy,endpoint_corridor_0.050,threshold_1h,5213,0.7474349814565349,0.8361555553874042,0.7374117362271977,10613,8396,0.49119004993875437,0.6208909004287756
pizhou,0.5,maximum_iou,endpoint_corridor_0.050,threshold_1h,5213,0.748026667372669,0.8369250224788752,0.7374117362271977,10613,8396,0.49119004993875437,0.6208909004287756
pizhou,0.7,greedy,endpoint_corridor_0.050,threshold_1h,2206,0.9828192321493594,0.9936580859982898,0.9844007684669515,10613,8396,0.20785828700650147,0.2627441638875655
pizhou,0.7,maximum_iou,endpoint_corridor_0.050,threshold_1h,2206,0.9828192321493594,0.9936580859982898,0.9844007684669515,10613,8396,0.20785828700650147,0.2627441638875655
pizhou,0.3,greedy,endpoint_corridor_0.050,threshold_2h,2470,0.6019484872883493,0.649777332649292,0.5180709933341513,10613,6346,0.23273344012060682,0.38922155688622756
pizhou,0.3,maximum_iou,endpoint_corridor_0.050,threshold_2h,2471,0.6025023811553913,0.6478188255195484,0.5179962310273927,10613,6346,0.23282766418543296,0.38937913646391425
pizhou,0.5,greedy,endpoint_corridor_0.050,threshold_2h,1325,0.6300413647811728,0.6967837292322835,0.6447851561436467,10613,6346,0.12484688589465749,0.20879294043491964
pizhou,0.5,maximum_iou,endpoint_corridor_0.050,threshold_2h,1325,0.6338234550131192,0.6992319491827075,0.6447851561436467,10613,6346,0.12484688589465749,0.20879294043491964
pizhou,0.7,greedy,endpoint_corridor_0.050,threshold_2h,438,0.7860200529649367,0.8531806086498728,0.8623919396179668,10613,6346,0.04127014039385659,0.06901985502678853
pizhou,0.7,maximum_iou,endpoint_corridor_0.050,threshold_2h,438,0.7860200529649367,0.8531806086498728,0.8623919396179668,10613,6346,0.04127014039385659,0.06901985502678853
pizhou,0.3,greedy,endpoint_corridor_0.050,threshold_4h,416,0.37162357511545746,0.4537721156600766,0.40053340933042575,10613,3539,0.03919721096768115,0.11754732975416785
pizhou,0.3,maximum_iou,endpoint_corridor_0.050,threshold_4h,418,0.3516656808223108,0.4377907583912314,0.39948599556149517,10613,3539,0.03938565909733346,0.11811246114721673
pizhou,0.5,greedy,endpoint_corridor_0.050,threshold_4h,83,0.6198409291341401,0.6295006751311549,0.5729828404527201,10613,3539,0.007820597380570999,0.02345295281152868
pizhou,0.5,maximum_iou,endpoint_corridor_0.050,threshold_4h,83,0.6198409291341401,0.6295006751311549,0.5729828404527201,10613,3539,0.007820597380570999,0.02345295281152868
pizhou,0.7,greedy,endpoint_corridor_0.050,threshold_4h,8,1.0,1.0,0.8869949494949495,10613,3539,0.0007537925186092529,0.0022605255721955355
pizhou,0.7,maximum_iou,endpoint_corridor_0.050,threshold_4h,8,1.0,1.0,0.8869949494949495,10613,3539,0.0007537925186092529,0.0022605255721955355
pizhou,0.3,greedy,endpoint_corridor_0.100,financial_tail_1h,953,0.7719238162715181,0.8246118061328596,0.6914130814970272,10493,1030,0.0908224530639474,0.925242718446602
pizhou,0.3,maximum_iou,endpoint_corridor_0.100,financial_tail_1h,953,0.7792408133908041,0.8295664030840827,0.6914130814970272,10493,1030,0.0908224530639474,0.925242718446602
pizhou,0.5,greedy,endpoint_corridor_0.100,financial_tail_1h,776,0.7993615967526997,0.8562548337385881,0.7720575601374569,10493,1030,0.0739540646145049,0.7533980582524272
pizhou,0.5,maximum_iou,endpoint_corridor_0.100,financial_tail_1h,776,0.8026287133765317,0.8578840260842499,0.7720575601374569,10493,1030,0.0739540646145049,0.7533980582524272
pizhou,0.7,greedy,endpoint_corridor_0.100,financial_tail_1h,374,0.9733535013210166,0.9893292386754249,0.9840909090909091,10493,1030,0.035642809492042314,0.36310679611650487
pizhou,0.7,maximum_iou,endpoint_corridor_0.100,financial_tail_1h,374,0.9733535013210166,0.9893292386754249,0.9840909090909091,10493,1030,0.035642809492042314,0.36310679611650487
pizhou,0.3,greedy,endpoint_corridor_0.100,financial_tail_2h,490,0.7163974450203374,0.8007211195489538,0.5504200901139676,10493,708,0.0466977985323549,0.692090395480226
pizhou,0.3,maximum_iou,endpoint_corridor_0.100,financial_tail_2h,490,0.7177251144552845,0.8017686792757227,0.5504200901139676,10493,708,0.0466977985323549,0.692090395480226
pizhou,0.5,greedy,endpoint_corridor_0.100,financial_tail_2h,309,0.7678574041414652,0.834763188174095,0.6513715518569887,10493,708,0.029448203564280948,0.4364406779661017
pizhou,0.5,maximum_iou,endpoint_corridor_0.100,financial_tail_2h,309,0.7678574041414652,0.834763188174095,0.6513715518569887,10493,708,0.029448203564280948,0.4364406779661017
pizhou,0.7,greedy,endpoint_corridor_0.100,financial_tail_2h,111,0.8689172669920597,0.8989260143198091,0.8460960960960957,10493,708,0.010578480892023253,0.15677966101694915
pizhou,0.7,maximum_iou,endpoint_corridor_0.100,financial_tail_2h,111,0.8689172669920597,0.8989260143198091,0.8460960960960957,10493,708,0.010578480892023253,0.15677966101694915
pizhou,0.3,greedy,endpoint_corridor_0.100,financial_tail_4h,183,0.5064555634875416,0.5933548842906025,0.4384905985747228,10493,496,0.017440198227389687,0.3689516129032258
pizhou,0.3,maximum_iou,endpoint_corridor_0.100,financial_tail_4h,183,0.46124787039506926,0.567450149126304,0.4384905985747228,10493,496,0.017440198227389687,0.3689516129032258
pizhou,0.5,greedy,endpoint_corridor_0.100,financial_tail_4h,53,0.6156556789058939,0.668418008503574,0.6287222735335942,10493,496,0.005050986371866959,0.10685483870967742
pizhou,0.5,maximum_iou,endpoint_corridor_0.100,financial_tail_4h,53,0.6156556789058939,0.668418008503574,0.6287222735335942,10493,496,0.005050986371866959,0.10685483870967742
pizhou,0.7,greedy,endpoint_corridor_0.100,financial_tail_4h,14,0.7970032961272975,0.8165322580645161,0.8029761904761905,10493,496,0.00133422281521014,0.028225806451612902
pizhou,0.7,maximum_iou,endpoint_corridor_0.100,financial_tail_4h,14,0.7970032961272975,0.8165322580645161,0.8029761904761905,10493,496,0.00133422281521014,0.028225806451612902
pizhou,0.3,greedy,endpoint_corridor_0.100,mean_shift_1h,4640,0.6368833175180084,0.672076991734352,0.597925848696323,10493,5717,0.44219956161250357,0.8116144831205178
pizhou,0.3,maximum_iou,endpoint_corridor_0.100,mean_shift_1h,4641,0.6407511345753838,0.6723974440424373,0.5978688367343831,10493,5717,0.44229486324216144,0.8117894000349833
pizhou,0.5,greedy,endpoint_corridor_0.100,mean_shift_1h,3477,0.6690653931516857,0.698210994930016,0.6774130225381302,10493,5717,0.3313637663204041,0.6081861115969914
pizhou,0.5,maximum_iou,endpoint_corridor_0.100,mean_shift_1h,3477,0.6693970416314309,0.6984225565412092,0.6774130225381302,10493,5717,0.3313637663204041,0.6081861115969914
pizhou,0.7,greedy,endpoint_corridor_0.100,mean_shift_1h,1233,0.814204921206497,0.8867029378073094,0.8707417706201159,10493,5717,0.1175069093681502,0.21567255553612033
pizhou,0.7,maximum_iou,endpoint_corridor_0.100,mean_shift_1h,1233,0.814204921206497,0.8867029378073094,0.8707417706201159,10493,5717,0.1175069093681502,0.21567255553612033
pizhou,0.3,greedy,endpoint_corridor_0.100,mean_shift_2h,1482,0.34173496179691565,0.3262280505631199,0.44350933785158414,10493,3316,0.1412370151529591,0.4469240048250905
pizhou,0.3,maximum_iou,endpoint_corridor_0.100,mean_shift_2h,1486,0.3404956371952138,0.323473948885174,0.44306437362642553,10493,3316,0.14161822167159058,0.44813027744270206
pizhou,0.5,greedy,endpoint_corridor_0.100,mean_shift_2h,458,0.531582123012568,0.43723754956117705,0.6209912418973554,10493,3316,0.04364814638330315,0.13811821471652594
pizhou,0.5,maximum_iou,endpoint_corridor_0.100,mean_shift_2h,458,0.531582123012568,0.43723754956117705,0.6209912418973554,10493,3316,0.04364814638330315,0.13811821471652594
pizhou,0.7,greedy,endpoint_corridor_0.100,mean_shift_2h,113,0.6580870213720947,0.5778851707542638,0.8117964631238966,10493,3316,0.010769084151338988,0.03407720144752714
pizhou,0.7,maximum_iou,endpoint_corridor_0.100,mean_shift_2h,113,0.6580870213720947,0.5778851707542638,0.8117964631238966,10493,3316,0.010769084151338988,0.03407720144752714
pizhou,0.3,greedy,endpoint_corridor_0.100,mean_shift_4h,143,0.132186884179665,0.12329029195324821,0.37853310905682686,10493,1425,0.013628133041075002,0.10035087719298245
pizhou,0.3,maximum_iou,endpoint_corridor_0.100,mean_shift_4h,143,0.12900833070538748,0.12096567939342558,0.37853310905682686,10493,1425,0.013628133041075002,0.10035087719298245
pizhou,0.5,greedy,endpoint_corridor_0.100,mean_shift_4h,14,0.541846943983072,0.3872879073525451,0.5940390629936185,10493,1425,0.00133422281521014,0.009824561403508772
pizhou,0.5,maximum_iou,endpoint_corridor_0.100,mean_shift_4h,14,0.541846943983072,0.3872879073525451,0.5940390629936185,10493,1425,0.00133422281521014,0.009824561403508772
pizhou,0.7,greedy,endpoint_corridor_0.100,mean_shift_4h,2,1.0,1.0,0.8450980392156863,10493,1425,0.0001906032593157343,0.0014035087719298245
pizhou,0.7,maximum_iou,endpoint_corridor_0.100,mean_shift_4h,2,1.0,1.0,0.8450980392156863,10493,1425,0.0001906032593157343,0.0014035087719298245
pizhou,0.3,greedy,endpoint_corridor_0.100,opsda_cui2015_1h_0.025,4032,0.6766452478561403,0.7743478922058132,0.595097552910053,10493,4452,0.3842561707805203,0.9056603773584906
pizhou,0.3,maximum_iou,endpoint_corridor_0.100,opsda_cui2015_1h_0.025,4033,0.6689449724339129,0.769529930513964,0.5950326473262253,10493,4452,0.3843514724101782,0.905884995507637
pizhou,0.5,greedy,endpoint_corridor_0.100,opsda_cui2015_1h_0.025,3307,0.6862784072591548,0.782297252420819,0.6512952323354501,10493,4452,0.31516248927856666,0.7428122192273136
pizhou,0.5,maximum_iou,endpoint_corridor_0.100,opsda_cui2015_1h_0.025,3307,0.6792511078952425,0.7780303557713333,0.6512952323354501,10493,4452,0.31516248927856666,0.7428122192273136
pizhou,0.7,greedy,endpoint_corridor_0.100,opsda_cui2015_1h_0.025,783,1.0,1.0,1.0,10493,4452,0.07462117602210998,0.17587601078167117
pizhou,0.7,maximum_iou,endpoint_corridor_0.100,opsda_cui2015_1h_0.025,783,1.0,1.0,1.0,10493,4452,0.07462117602210998,0.17587601078167117
pizhou,0.3,greedy,endpoint_corridor_0.100,opsda_cui2015_2h_0.025,5955,0.6572708344935624,0.7582993407631342,0.6361694854264124,10493,8674,0.5675212046125989,0.6865344708323726
pizhou,0.3,maximum_iou,endpoint_corridor_0.100,opsda_cui2015_2h_0.025,5955,0.6547268032353917,0.7558582782580484,0.6361694854264124,10493,8674,0.5675212046125989,0.6865344708323726
pizhou,0.5,greedy,endpoint_corridor_0.100,opsda_cui2015_2h_0.025,5282,0.6727056385718243,0.7726506712501875,0.6728151313535636,10493,8674,0.5033832078528543,0.6089462762278073
pizhou,0.5,maximum_iou,endpoint_corridor_0.100,opsda_cui2015_2h_0.025,5282,0.6694479777316243,0.7696884892166135,0.6728151313535636,10493,8674,0.5033832078528543,0.6089462762278073
pizhou,0.7,greedy,endpoint_corridor_0.100,opsda_cui2015_2h_0.025,1864,0.8504884434564711,0.9108967823631724,0.9053111587982834,10493,8674,0.17764223768226436,0.21489508877103988
pizhou,0.7,maximum_iou,endpoint_corridor_0.100,opsda_cui2015_2h_0.025,1864,0.8504884434564711,0.9108967823631724,0.9053111587982834,10493,8674,0.17764223768226436,0.21489508877103988
pizhou,0.3,greedy,endpoint_corridor_0.100,opsda_cui2015_4h_0.025,6832,0.6259291875395947,0.733420948750957,0.6352658843400939,10493,13284,0.6511007338225484,0.5143029208069858
pizhou,0.3,maximum_iou,endpoint_corridor_0.100,opsda_cui2015_4h_0.025,6851,0.6173814371893249,0.7242037673221078,0.6341176606685289,10493,13284,0.6529114647860479,0.5157332128876845
pizhou,0.5,greedy,endpoint_corridor_0.100,opsda_cui2015_4h_0.025,5705,0.6707000319468087,0.7700855937143789,0.6885218477111554,10493,13284,0.5436957971981321,0.42946401686239083
pizhou,0.5,maximum_iou,endpoint_corridor_0.100,opsda_cui2015_4h_0.025,5705,0.6654584456215096,0.7653137410365872,0.6885218477111554,10493,13284,0.5436957971981321,0.42946401686239083
pizhou,0.7,greedy,endpoint_corridor_0.100,opsda_cui2015_4h_0.025,2263,0.8379627004343031,0.907667863351077,0.8958204767197255,10493,13284,0.21566758791575336,0.17035531466425774
pizhou,0.7,maximum_iou,endpoint_corridor_0.100,opsda_cui2015_4h_0.025,2263,0.8379627004343031,0.907667863351077,0.8958204767197255,10493,13284,0.21566758791575336,0.17035531466425774
pizhou,0.3,greedy,endpoint_corridor_0.100,sda_florita2013_0.025,5981,0.6961240624880497,0.7953224565084026,0.620575560815487,10493,7304,0.5699990469837034,0.8188663745892661
pizhou,0.3,maximum_iou,endpoint_corridor_0.100,sda_florita2013_0.025,5983,0.6904224442442395,0.7917906529715135,0.6204795413511774,10493,7304,0.5701896502430192,0.8191401971522454
pizhou,0.5,greedy,endpoint_corridor_0.100,sda_florita2013_0.025,4963,0.720016330113084,0.8208753692424696,0.6776290000549521,10493,7304,0.47298198799199465,0.6794906900328587
pizhou,0.5,maximum_iou,endpoint_corridor_0.100,sda_florita2013_0.025,4963,0.7148235299203919,0.818024761496984,0.6776290000549521,10493,7304,0.47298198799199465,0.6794906900328587
pizhou,0.7,greedy,endpoint_corridor_0.100,sda_florita2013_0.025,1579,0.9379507513860755,0.9747535794043687,0.9368742843252027,10493,7304,0.15048127322977223,0.2161829134720701
pizhou,0.7,maximum_iou,endpoint_corridor_0.100,sda_florita2013_0.025,1579,0.9379507513860755,0.9747535794043687,0.9368742843252027,10493,7304,0.15048127322977223,0.2161829134720701
pizhou,0.3,greedy,endpoint_corridor_0.100,threshold_1h,7493,0.7286180878060277,0.8095256138332155,0.6704670390777425,10493,8396,0.7140951110263986,0.892448785135779
pizhou,0.3,maximum_iou,endpoint_corridor_0.100,threshold_1h,7493,0.7269098295801465,0.8089951342474027,0.6704670390777425,10493,8396,0.7140951110263986,0.892448785135779
pizhou,0.5,greedy,endpoint_corridor_0.100,threshold_1h,6092,0.7523746932633525,0.8376942367963532,0.7451880686614765,10493,8396,0.5805775278757267,0.7255836112434493
pizhou,0.5,maximum_iou,endpoint_corridor_0.100,threshold_1h,6092,0.7502745548676327,0.8365726093155376,0.7451880686614765,10493,8396,0.5805775278757267,0.7255836112434493
pizhou,0.7,greedy,endpoint_corridor_0.100,threshold_1h,2679,0.9528336929323279,0.9800803209025226,0.9565782067461798,10493,8396,0.2553130658534261,0.31908051453072894
pizhou,0.7,maximum_iou,endpoint_corridor_0.100,threshold_1h,2679,0.9528336929323279,0.9800803209025226,0.9565782067461798,10493,8396,0.2553130658534261,0.31908051453072894
pizhou,0.3,greedy,endpoint_corridor_0.100,threshold_2h,3827,0.5892295991898783,0.6413937739943522,0.5774143564677926,10493,6346,0.3647193367006576,0.6030570438071226
pizhou,0.3,maximum_iou,endpoint_corridor_0.100,threshold_2h,3832,0.5881175063367203,0.6387230833569396,0.5771132764967578,10493,6346,0.3651958448489469,0.6038449416955562
pizhou,0.5,greedy,endpoint_corridor_0.100,threshold_2h,2484,0.6284556455005299,0.6956543639624382,0.6847038182786976,10493,6346,0.236729248070142,0.3914276709738418
pizhou,0.5,maximum_iou,endpoint_corridor_0.100,threshold_2h,2484,0.6272849457565353,0.6948842519151177,0.6847038182786976,10493,6346,0.236729248070142,0.3914276709738418
pizhou,0.7,greedy,endpoint_corridor_0.100,threshold_2h,1059,0.742241912503199,0.8277607015574807,0.8587046098377544,10493,6346,0.10092442580768131,0.16687677277024898
pizhou,0.7,maximum_iou,endpoint_corridor_0.100,threshold_2h,1059,0.7356269385754479,0.824569497760701,0.8587046098377544,10493,6346,0.10092442580768131,0.16687677277024898
pizhou,0.3,greedy,endpoint_corridor_0.100,threshold_4h,1059,0.375845872731058,0.4494819003450339,0.4567159036006332,10493,3539,0.10092442580768131,0.299237072619384
pizhou,0.3,maximum_iou,endpoint_corridor_0.100,threshold_4h,1063,0.3717789099255426,0.4501901869932596,0.4560295053013102,10493,3539,0.10130563232631278,0.3003673354054818
pizhou,0.5,greedy,endpoint_corridor_0.100,threshold_4h,355,0.515705374313823,0.5636409537572474,0.6360567015144479,10493,3539,0.033832078528542836,0.10031082226617688
pizhou,0.5,maximum_iou,endpoint_corridor_0.100,threshold_4h,355,0.4991973503902402,0.5543607085892829,0.6360567015144479,10493,3539,0.033832078528542836,0.10031082226617688
pizhou,0.7,greedy,endpoint_corridor_0.100,threshold_4h,110,0.6764877170034188,0.7195213098997983,0.8180593396502487,10493,3539,0.010483179262365387,0.031082226617688613
pizhou,0.7,maximum_iou,endpoint_corridor_0.100,threshold_4h,110,0.6764877170034188,0.7195213098997983,0.8180593396502487,10493,3539,0.010483179262365387,0.031082226617688613
pizhou,0.3,greedy,financial_tail_1h,financial_tail_2h,594,0.6882831256082044,0.7394086913822934,0.5290566803193066,1030,708,0.5766990291262136,0.8389830508474576
pizhou,0.3,maximum_iou,financial_tail_1h,financial_tail_2h,594,0.6897408868202826,0.7411009369886539,0.5290566803193066,1030,708,0.5766990291262136,0.8389830508474576
pizhou,0.5,greedy,financial_tail_1h,financial_tail_2h,425,0.681495807714154,0.7382975230868319,0.5842819794584501,1030,708,0.41262135922330095,0.6002824858757062
pizhou,0.5,maximum_iou,financial_tail_1h,financial_tail_2h,425,0.681495807714154,0.7382975230868319,0.5842819794584501,1030,708,0.41262135922330095,0.6002824858757062
pizhou,0.7,greedy,financial_tail_1h,financial_tail_2h,79,0.6956962686646554,0.7154177157854069,0.8045810729355033,1030,708,0.0766990291262136,0.1115819209039548
pizhou,0.7,maximum_iou,financial_tail_1h,financial_tail_2h,79,0.6956962686646554,0.7154177157854069,0.8045810729355033,1030,708,0.0766990291262136,0.1115819209039548
pizhou,0.3,greedy,financial_tail_1h,financial_tail_4h,176,0.5980543648956227,0.6292300828239799,0.3540351536090172,1030,496,0.170873786407767,0.3548387096774194
pizhou,0.3,maximum_iou,financial_tail_1h,financial_tail_4h,177,0.5874618040543153,0.6228259851518491,0.35415359906885324,1030,496,0.17184466019417477,0.35685483870967744
pizhou,0.5,greedy,financial_tail_1h,financial_tail_4h,5,1.0,1.0,0.5292929292929294,1030,496,0.0048543689320388345,0.010080645161290322
pizhou,0.5,maximum_iou,financial_tail_1h,financial_tail_4h,5,1.0,1.0,0.5292929292929294,1030,496,0.0048543689320388345,0.010080645161290322
pizhou,0.7,greedy,financial_tail_1h,financial_tail_4h,0,,,,1030,496,0.0,0.0
pizhou,0.7,maximum_iou,financial_tail_1h,financial_tail_4h,0,,,,1030,496,0.0,0.0
pizhou,0.3,greedy,financial_tail_1h,mean_shift_1h,802,0.6287609380876781,0.6493722215773593,0.6238050706566916,1030,5717,0.7786407766990291,0.14028336540143432
pizhou,0.3,maximum_iou,financial_tail_1h,mean_shift_1h,802,0.6287609380876781,0.6493722215773593,0.6238050706566916,1030,5717,0.7786407766990291,0.14028336540143432
pizhou,0.5,greedy,financial_tail_1h,mean_shift_1h,720,0.6220963544049488,0.6338581450200405,0.6503869047619046,1030,5717,0.6990291262135923,0.12594017841525276
pizhou,0.5,maximum_iou,financial_tail_1h,mean_shift_1h,720,0.6220963544049488,0.6338581450200405,0.6503869047619046,1030,5717,0.6990291262135923,0.12594017841525276
pizhou,0.7,greedy,financial_tail_1h,mean_shift_1h,209,0.7076286051452433,0.7470147151191946,0.8487012987012987,1030,5717,0.2029126213592233,0.036557635123316425
pizhou,0.7,maximum_iou,financial_tail_1h,mean_shift_1h,209,0.7076286051452433,0.7470147151191946,0.8487012987012987,1030,5717,0.2029126213592233,0.036557635123316425
pizhou,0.3,greedy,financial_tail_1h,mean_shift_2h,178,0.42520145078568217,0.3562408577101479,0.34864342898050765,1030,3316,0.17281553398058253,0.05367913148371532
pizhou,0.3,maximum_iou,financial_tail_1h,mean_shift_2h,178,0.4047158635654494,0.3506184459345344,0.34864342898050765,1030,3316,0.17281553398058253,0.05367913148371532
pizhou,0.5,greedy,financial_tail_1h,mean_shift_2h,8,0.7058290214460419,0.5555555555555556,0.5472222222222223,1030,3316,0.007766990291262136,0.0024125452352231603
pizhou,0.5,maximum_iou,financial_tail_1h,mean_shift_2h,8,0.7058290214460419,0.5555555555555556,0.5472222222222223,1030,3316,0.007766990291262136,0.0024125452352231603
pizhou,0.7,greedy,financial_tail_1h,mean_shift_2h,0,,,,1030,3316,0.0,0.0
pizhou,0.7,maximum_iou,financial_tail_1h,mean_shift_2h,0,,,,1030,3316,0.0,0.0
pizhou,0.3,greedy,financial_tail_1h,mean_shift_4h,1,1.0,1.0,0.3,1030,1425,0.000970873786407767,0.0007017543859649122
pizhou,0.3,maximum_iou,financial_tail_1h,mean_shift_4h,1,1.0,1.0,0.3,1030,1425,0.000970873786407767,0.0007017543859649122
pizhou,0.5,greedy,financial_tail_1h,mean_shift_4h,0,,,,1030,1425,0.0,0.0
pizhou,0.5,maximum_iou,financial_tail_1h,mean_shift_4h,0,,,,1030,1425,0.0,0.0
pizhou,0.7,greedy,financial_tail_1h,mean_shift_4h,0,,,,1030,1425,0.0,0.0
pizhou,0.7,maximum_iou,financial_tail_1h,mean_shift_4h,0,,,,1030,1425,0.0,0.0
pizhou,0.3,greedy,financial_tail_1h,opsda_cui2015_1h_0.025,601,0.6311529092216057,0.7252010339568791,0.6371048252911813,1030,4452,0.583495145631068,0.13499550763701706
pizhou,0.3,maximum_iou,financial_tail_1h,opsda_cui2015_1h_0.025,601,0.6325688005104083,0.7269607452260506,0.6371048252911813,1030,4452,0.583495145631068,0.13499550763701706
pizhou,0.5,greedy,financial_tail_1h,opsda_cui2015_1h_0.025,414,0.7216445463150211,0.7797729052774554,0.7717391304347825,1030,4452,0.40194174757281553,0.09299191374663072
pizhou,0.5,maximum_iou,financial_tail_1h,opsda_cui2015_1h_0.025,414,0.7244910414092818,0.7825746180391905,0.7717391304347825,1030,4452,0.40194174757281553,0.09299191374663072
pizhou,0.7,greedy,financial_tail_1h,opsda_cui2015_1h_0.025,142,1.0,1.0,1.0,1030,4452,0.1378640776699029,0.03189577717879605
pizhou,0.7,maximum_iou,financial_tail_1h,opsda_cui2015_1h_0.025,142,1.0,1.0,1.0,1030,4452,0.1378640776699029,0.03189577717879605
pizhou,0.3,greedy,financial_tail_1h,opsda_cui2015_2h_0.025,782,0.6268536595107932,0.7203370427499052,0.6464407502131287,1030,8674,0.7592233009708738,0.09015448466682038
pizhou,0.3,maximum_iou,financial_tail_1h,opsda_cui2015_2h_0.025,782,0.6259099361127187,0.719039567290412,0.6464407502131287,1030,8674,0.7592233009708738,0.09015448466682038
pizhou,0.5,greedy,financial_tail_1h,opsda_cui2015_2h_0.025,654,0.6736499965664978,0.7490978599377406,0.7038481141692151,1030,8674,0.6349514563106796,0.07539774037353009
pizhou,0.5,maximum_iou,financial_tail_1h,opsda_cui2015_2h_0.025,654,0.6724320092042604,0.7475081089030339,0.7038481141692151,1030,8674,0.6349514563106796,0.07539774037353009
pizhou,0.7,greedy,financial_tail_1h,opsda_cui2015_2h_0.025,232,0.8536248070759689,0.9078571258784015,0.9036637931034484,1030,8674,0.22524271844660193,0.026746599031588655
pizhou,0.7,maximum_iou,financial_tail_1h,opsda_cui2015_2h_0.025,232,0.8536248070759689,0.9078571258784015,0.9036637931034484,1030,8674,0.22524271844660193,0.026746599031588655
pizhou,0.3,greedy,financial_tail_1h,opsda_cui2015_4h_0.025,858,0.6026685445603572,0.6887120075114679,0.6193861693861693,1030,13284,0.8330097087378641,0.06458897922312556
pizhou,0.3,maximum_iou,financial_tail_1h,opsda_cui2015_4h_0.025,859,0.6017120650358079,0.6874387739456916,0.6189367481567714,1030,13284,0.8339805825242719,0.06466425775368864
pizhou,0.5,greedy,financial_tail_1h,opsda_cui2015_4h_0.025,639,0.6677812454173423,0.7425026438435925,0.703925404277517,1030,13284,0.6203883495145631,0.048102981029810296
pizhou,0.5,maximum_iou,financial_tail_1h,opsda_cui2015_4h_0.025,639,0.6655286263045643,0.7395314458076883,0.703925404277517,1030,13284,0.6203883495145631,0.048102981029810296
pizhou,0.7,greedy,financial_tail_1h,opsda_cui2015_4h_0.025,220,0.8433684982698672,0.9031086617178071,0.9055952380952382,1030,13284,0.21359223300970873,0.01656127672387835
pizhou,0.7,maximum_iou,financial_tail_1h,opsda_cui2015_4h_0.025,220,0.8433684982698672,0.9031086617178071,0.9055952380952382,1030,13284,0.21359223300970873,0.01656127672387835
pizhou,0.3,greedy,financial_tail_1h,sda_florita2013_0.025,782,0.6572059746611073,0.7597898053574448,0.6289855072463768,1030,7304,0.7592233009708738,0.10706462212486309
pizhou,0.3,maximum_iou,financial_tail_1h,sda_florita2013_0.025,782,0.6584007728229757,0.7611737731145595,0.6289855072463768,1030,7304,0.7592233009708738,0.10706462212486309
pizhou,0.5,greedy,financial_tail_1h,sda_florita2013_0.025,566,0.7343903109937427,0.8041080731611872,0.737809187279152,1030,7304,0.5495145631067961,0.07749178532311063
pizhou,0.5,maximum_iou,financial_tail_1h,sda_florita2013_0.025,566,0.7364994979699917,0.8061938684591714,0.737809187279152,1030,7304,0.5495145631067961,0.07749178532311063
pizhou,0.7,greedy,financial_tail_1h,sda_florita2013_0.025,169,1.0,1.0,0.9792899408284024,1030,7304,0.16407766990291262,0.02313800657174151
pizhou,0.7,maximum_iou,financial_tail_1h,sda_florita2013_0.025,169,1.0,1.0,0.9792899408284024,1030,7304,0.16407766990291262,0.02313800657174151
pizhou,0.3,greedy,financial_tail_1h,threshold_1h,980,0.7760999370071229,0.8476168357082521,0.8358333333333333,1030,8396,0.9514563106796117,0.11672224868985231
pizhou,0.3,maximum_iou,financial_tail_1h,threshold_1h,980,0.7760999370071229,0.8476168357082521,0.8358333333333333,1030,8396,0.9514563106796117,0.11672224868985231
pizhou,0.5,greedy,financial_tail_1h,threshold_1h,958,0.7816516390164665,0.8489533863601921,0.845951386817775,1030,8396,0.9300970873786408,0.11410195331110053
pizhou,0.5,maximum_iou,financial_tail_1h,threshold_1h,958,0.7816516390164665,0.8489533863601921,0.845951386817775,1030,8396,0.9300970873786408,0.11410195331110053
pizhou,0.7,greedy,financial_tail_1h,threshold_1h,622,0.9676643153649057,0.9865265071754343,0.9661039657020364,1030,8396,0.6038834951456311,0.07408289661743687
pizhou,0.7,maximum_iou,financial_tail_1h,threshold_1h,622,0.9676643153649057,0.9865265071754343,0.9661039657020364,1030,8396,0.6038834951456311,0.07408289661743687
pizhou,0.3,greedy,financial_tail_1h,threshold_2h,527,0.6040999176161053,0.5604973834616476,0.44428748038804966,1030,6346,0.5116504854368932,0.08304443744090766
pizhou,0.3,maximum_iou,financial_tail_1h,threshold_2h,527,0.604302439228519,0.5610740507354205,0.44428748038804966,1030,6346,0.5116504854368932,0.08304443744090766
pizhou,0.5,greedy,financial_tail_1h,threshold_2h,189,0.5949349466477644,0.5345280762288338,0.5580036953052827,1030,6346,0.18349514563106797,0.02978254018279231
pizhou,0.5,maximum_iou,financial_tail_1h,threshold_2h,189,0.5949349466477644,0.5345280762288338,0.5580036953052827,1030,6346,0.18349514563106797,0.02978254018279231
pizhou,0.7,greedy,financial_tail_1h,threshold_2h,18,0.6810205567370043,0.654627539503386,0.7891534391534392,1030,6346,0.017475728155339806,0.0028364323983611725
pizhou,0.7,maximum_iou,financial_tail_1h,threshold_2h,18,0.6810205567370043,0.654627539503386,0.7891534391534392,1030,6346,0.017475728155339806,0.0028364323983611725
pizhou,0.3,greedy,financial_tail_1h,threshold_4h,82,0.3764953231110498,0.2843689806412272,0.34772749269700487,1030,3539,0.07961165048543689,0.02317038711500424
pizhou,0.3,maximum_iou,financial_tail_1h,threshold_4h,82,0.3229893839990933,0.24043464551177154,0.34772749269700487,1030,3539,0.07961165048543689,0.02317038711500424
pizhou,0.5,greedy,financial_tail_1h,threshold_4h,2,0.0,0.0,0.5227272727272727,1030,3539,0.001941747572815534,0.0005651313930488839
pizhou,0.5,maximum_iou,financial_tail_1h,threshold_4h,2,0.0,0.0,0.5227272727272727,1030,3539,0.001941747572815534,0.0005651313930488839
pizhou,0.7,greedy,financial_tail_1h,threshold_4h,0,,,,1030,3539,0.0,0.0
pizhou,0.7,maximum_iou,financial_tail_1h,threshold_4h,0,,,,1030,3539,0.0,0.0
pizhou,0.3,greedy,financial_tail_2h,financial_tail_4h,441,0.5802651650706405,0.5699066205850892,0.5431505214502625,708,496,0.6228813559322034,0.8891129032258065
pizhou,0.3,maximum_iou,financial_tail_2h,financial_tail_4h,441,0.5798249760250487,0.5692654426282137,0.5431505214502625,708,496,0.6228813559322034,0.8891129032258065
pizhou,0.5,greedy,financial_tail_2h,financial_tail_4h,304,0.585305914423175,0.5703334216381486,0.6020236525170735,708,496,0.4293785310734463,0.6129032258064516
pizhou,0.5,maximum_iou,financial_tail_2h,financial_tail_4h,304,0.585305914423175,0.5703334216381486,0.6020236525170735,708,496,0.4293785310734463,0.6129032258064516
pizhou,0.7,greedy,financial_tail_2h,financial_tail_4h,53,0.775210826931289,0.8352083086437044,0.8030541261673336,708,496,0.0748587570621469,0.10685483870967742
pizhou,0.7,maximum_iou,financial_tail_2h,financial_tail_4h,53,0.775210826931289,0.8352083086437044,0.8030541261673336,708,496,0.0748587570621469,0.10685483870967742
pizhou,0.3,greedy,financial_tail_2h,mean_shift_1h,638,0.6365819458439844,0.7019367074924866,0.7321794976183692,708,5717,0.9011299435028248,0.11159699142907119
pizhou,0.3,maximum_iou,financial_tail_2h,mean_shift_1h,638,0.6365819458439844,0.7019367074924866,0.7321794976183692,708,5717,0.9011299435028248,0.11159699142907119
pizhou,0.5,greedy,financial_tail_2h,mean_shift_1h,583,0.6358481459611341,0.7039026064508799,0.7636606817996184,708,5717,0.8234463276836158,0.10197656113346161
pizhou,0.5,maximum_iou,financial_tail_2h,mean_shift_1h,583,0.6358481459611341,0.7039026064508799,0.7636606817996184,708,5717,0.8234463276836158,0.10197656113346161
pizhou,0.7,greedy,financial_tail_2h,mean_shift_1h,386,0.6686918001425514,0.7500415039576437,0.8474357752207493,708,5717,0.5451977401129944,0.06751792898373273
pizhou,0.7,maximum_iou,financial_tail_2h,mean_shift_1h,386,0.6686918001425514,0.7500415039576437,0.8474357752207493,708,5717,0.5451977401129944,0.06751792898373273
pizhou,0.3,greedy,financial_tail_2h,mean_shift_2h,543,0.48524908334304595,0.4194130031470294,0.5089613456576323,708,3316,0.7669491525423728,0.16375150784077203
pizhou,0.3,maximum_iou,financial_tail_2h,mean_shift_2h,543,0.48711547742941486,0.42042166666997083,0.5089613456576323,708,3316,0.7669491525423728,0.16375150784077203
pizhou,0.5,greedy,financial_tail_2h,mean_shift_2h,321,0.46712866379095913,0.4245785811677117,0.5887317684046657,708,3316,0.4533898305084746,0.09680337756332931
pizhou,0.5,maximum_iou,financial_tail_2h,mean_shift_2h,321,0.46712866379095913,0.4245785811677117,0.5887317684046657,708,3316,0.4533898305084746,0.09680337756332931
pizhou,0.7,greedy,financial_tail_2h,mean_shift_2h,54,0.49828739640903347,0.41327609186501885,0.7588183935406158,708,3316,0.07627118644067797,0.016284680337756333
pizhou,0.7,maximum_iou,financial_tail_2h,mean_shift_2h,54,0.49828739640903347,0.41327609186501885,0.7588183935406158,708,3316,0.07627118644067797,0.016284680337756333
pizhou,0.3,greedy,financial_tail_2h,mean_shift_4h,75,0.3768408952818605,0.2788503720539635,0.36188128396632907,708,1425,0.1059322033898305,0.05263157894736842
pizhou,0.3,maximum_iou,financial_tail_2h,mean_shift_4h,75,0.3768408952818605,0.2788503720539635,0.36188128396632907,708,1425,0.1059322033898305,0.05263157894736842
pizhou,0.5,greedy,financial_tail_2h,mean_shift_4h,2,0.0,0.0,0.5,708,1425,0.002824858757062147,0.0014035087719298245
pizhou,0.5,maximum_iou,financial_tail_2h,mean_shift_4h,2,0.0,0.0,0.5,708,1425,0.002824858757062147,0.0014035087719298245
pizhou,0.7,greedy,financial_tail_2h,mean_shift_4h,0,,,,708,1425,0.0,0.0
pizhou,0.7,maximum_iou,financial_tail_2h,mean_shift_4h,0,,,,708,1425,0.0,0.0
pizhou,0.3,greedy,financial_tail_2h,opsda_cui2015_1h_0.025,354,0.6154366722514978,0.6863945472052858,0.41647834274952905,708,4452,0.5,0.07951482479784366
pizhou,0.3,maximum_iou,financial_tail_2h,opsda_cui2015_1h_0.025,354,0.6170555980894967,0.6858621075917581,0.41647834274952905,708,4452,0.5,0.07951482479784366
pizhou,0.5,greedy,financial_tail_2h,opsda_cui2015_1h_0.025,125,0.709416463064288,0.7637206925891326,0.5,708,4452,0.1765536723163842,0.02807726864330638
pizhou,0.5,maximum_iou,financial_tail_2h,opsda_cui2015_1h_0.025,125,0.7050730391606046,0.7570018588651033,0.5,708,4452,0.1765536723163842,0.02807726864330638
pizhou,0.7,greedy,financial_tail_2h,opsda_cui2015_1h_0.025,0,,,,708,4452,0.0,0.0
pizhou,0.7,maximum_iou,financial_tail_2h,opsda_cui2015_1h_0.025,0,,,,708,4452,0.0,0.0
pizhou,0.3,greedy,financial_tail_2h,opsda_cui2015_2h_0.025,572,0.617096867831821,0.7103242310280434,0.5869644244644244,708,8674,0.807909604519774,0.065944201060641
pizhou,0.3,maximum_iou,financial_tail_2h,opsda_cui2015_2h_0.025,572,0.6085183954196486,0.7014997192270385,0.5869644244644244,708,8674,0.807909604519774,0.065944201060641
pizhou,0.5,greedy,financial_tail_2h,opsda_cui2015_2h_0.025,431,0.6815253284922634,0.7804056754719499,0.6535741906971606,708,8674,0.6087570621468926,0.049688724925063404
pizhou,0.5,maximum_iou,financial_tail_2h,opsda_cui2015_2h_0.025,431,0.675845880672752,0.7687510668571378,0.6535741906971606,708,8674,0.6087570621468926,0.049688724925063404
pizhou,0.7,greedy,financial_tail_2h,opsda_cui2015_2h_0.025,129,0.7960526199630192,0.8636218760405869,0.8434108527131781,708,8674,0.18220338983050846,0.014872031358081622
pizhou,0.7,maximum_iou,financial_tail_2h,opsda_cui2015_2h_0.025,129,0.7960526199630192,0.8636218760405869,0.8434108527131781,708,8674,0.18220338983050846,0.014872031358081622
pizhou,0.3,greedy,financial_tail_2h,opsda_cui2015_4h_0.025,644,0.6430804435292798,0.7339996442248042,0.6934989311930306,708,13284,0.9096045197740112,0.04847937368262571
pizhou,0.3,maximum_iou,financial_tail_2h,opsda_cui2015_4h_0.025,644,0.6361082021781833,0.7299272952117228,0.6934989311930306,708,13284,0.9096045197740112,0.04847937368262571
pizhou,0.5,greedy,financial_tail_2h,opsda_cui2015_4h_0.025,578,0.6786574556989977,0.77452481639547,0.7268988076514029,708,13284,0.8163841807909604,0.04351099066546221
pizhou,0.5,maximum_iou,financial_tail_2h,opsda_cui2015_4h_0.025,578,0.676408177792418,0.7721614453537285,0.7268988076514029,708,13284,0.8163841807909604,0.04351099066546221
pizhou,0.7,greedy,financial_tail_2h,opsda_cui2015_4h_0.025,310,0.7580084917863917,0.8588349429185566,0.8423524414653448,708,13284,0.4378531073446328,0.02333634447455586
pizhou,0.7,maximum_iou,financial_tail_2h,opsda_cui2015_4h_0.025,310,0.7580084917863917,0.8588349429185566,0.8423524414653448,708,13284,0.4378531073446328,0.02333634447455586
pizhou,0.3,greedy,financial_tail_2h,sda_florita2013_0.025,539,0.6284785686936604,0.7216717463128715,0.48520481785787906,708,7304,0.7612994350282486,0.07379518072289157
pizhou,0.3,maximum_iou,financial_tail_2h,sda_florita2013_0.025,539,0.6318982389391221,0.7231150907326466,0.48520481785787906,708,7304,0.7612994350282486,0.07379518072289157
pizhou,0.5,greedy,financial_tail_2h,sda_florita2013_0.025,291,0.7148785896395643,0.8200713643526641,0.5766813942071675,708,7304,0.4110169491525424,0.03984118291347207
pizhou,0.5,maximum_iou,financial_tail_2h,sda_florita2013_0.025,291,0.7175374954039537,0.8226160581379878,0.5766813942071675,708,7304,0.4110169491525424,0.03984118291347207
pizhou,0.7,greedy,financial_tail_2h,sda_florita2013_0.025,55,0.7952546987626725,0.8565010081971814,0.7927272727272726,708,7304,0.07768361581920905,0.007530120481927711
pizhou,0.7,maximum_iou,financial_tail_2h,sda_florita2013_0.025,55,0.7952546987626725,0.8565010081971814,0.7927272727272726,708,7304,0.07768361581920905,0.007530120481927711
pizhou,0.3,greedy,financial_tail_2h,threshold_1h,665,0.667631989586359,0.7380329746899726,0.6398090464255878,708,8396,0.9392655367231638,0.07920438303954264
pizhou,0.3,maximum_iou,financial_tail_2h,threshold_1h,665,0.6748382254266672,0.7473221885061391,0.6398090464255878,708,8396,0.9392655367231638,0.07920438303954264
pizhou,0.5,greedy,financial_tail_2h,threshold_1h,552,0.7008018787033923,0.7818717616278853,0.6907896250287556,708,8396,0.7796610169491526,0.06574559313959027
pizhou,0.5,maximum_iou,financial_tail_2h,threshold_1h,552,0.7008018787033923,0.7818717616278853,0.6907896250287556,708,8396,0.7796610169491526,0.06574559313959027
pizhou,0.7,greedy,financial_tail_2h,threshold_1h,258,0.7549965650784692,0.8281945851728032,0.8437307739633322,708,8396,0.3644067796610169,0.030728918532634587
pizhou,0.7,maximum_iou,financial_tail_2h,threshold_1h,258,0.7549965650784692,0.8281945851728032,0.8437307739633322,708,8396,0.3644067796610169,0.030728918532634587
pizhou,0.3,greedy,financial_tail_2h,threshold_2h,673,0.6465654898372291,0.6710779524626692,0.7111548494819188,708,6346,0.9505649717514124,0.1060510557831705
pizhou,0.3,maximum_iou,financial_tail_2h,threshold_2h,673,0.6465654898372291,0.6710779524626692,0.7111548494819188,708,6346,0.9505649717514124,0.1060510557831705
pizhou,0.5,greedy,financial_tail_2h,threshold_2h,594,0.6385972604065501,0.658189418721631,0.7523035980106687,708,6346,0.8389830508474576,0.0936022691459187
pizhou,0.5,maximum_iou,financial_tail_2h,threshold_2h,594,0.6385972604065501,0.658189418721631,0.7523035980106687,708,6346,0.8389830508474576,0.0936022691459187
pizhou,0.7,greedy,financial_tail_2h,threshold_2h,356,0.6603225514988625,0.6939417439901178,0.8583982886651427,708,6346,0.5028248587570622,0.05609832965647652
pizhou,0.7,maximum_iou,financial_tail_2h,threshold_2h,356,0.6603225514988625,0.6939417439901178,0.8583982886651427,708,6346,0.5028248587570622,0.05609832965647652
pizhou,0.3,greedy,financial_tail_2h,threshold_4h,399,0.4725645206469837,0.3933938862044376,0.43321868834101424,708,3539,0.5635593220338984,0.11274371291325233
pizhou,0.3,maximum_iou,financial_tail_2h,threshold_4h,400,0.47371654190819446,0.39392561357843114,0.4328578638423839,708,3539,0.5649717514124294,0.11302627860977678
pizhou,0.5,greedy,financial_tail_2h,threshold_4h,106,0.4650854561972144,0.341285804082766,0.5592981340725076,708,3539,0.1497175141242938,0.029951963831590846
pizhou,0.5,maximum_iou,financial_tail_2h,threshold_4h,106,0.42625333904448776,0.30738768109484094,0.5592981340725076,708,3539,0.1497175141242938,0.029951963831590846
pizhou,0.7,greedy,financial_tail_2h,threshold_4h,3,0.7336804366512112,0.0,0.737037037037037,708,3539,0.00423728813559322,0.0008476970895733258
pizhou,0.7,maximum_iou,financial_tail_2h,threshold_4h,3,0.7336804366512112,0.0,0.737037037037037,708,3539,0.00423728813559322,0.0008476970895733258
pizhou,0.3,greedy,financial_tail_4h,mean_shift_1h,439,0.5513756731535989,0.5404135608240355,0.4738885000241023,496,5717,0.8850806451612904,0.07678852545041105
pizhou,0.3,maximum_iou,financial_tail_4h,mean_shift_1h,440,0.5552382247782746,0.5399948764221912,0.47366375343313843,496,5717,0.8870967741935484,0.07696344236487668
pizhou,0.5,greedy,financial_tail_4h,mean_shift_1h,173,0.6596331531718617,0.7159805258890619,0.5923274220962083,496,5717,0.3487903225806452,0.03026062620255379
pizhou,0.5,maximum_iou,financial_tail_4h,mean_shift_1h,173,0.6596331531718617,0.7159805258890619,0.5923274220962083,496,5717,0.3487903225806452,0.03026062620255379
pizhou,0.7,greedy,financial_tail_4h,mean_shift_1h,26,0.695934431822879,0.6463155953149498,0.8074675324675328,496,5717,0.05241935483870968,0.00454783977610635
pizhou,0.7,maximum_iou,financial_tail_4h,mean_shift_1h,26,0.695934431822879,0.6463155953149498,0.8074675324675328,496,5717,0.05241935483870968,0.00454783977610635
pizhou,0.3,greedy,financial_tail_4h,mean_shift_2h,465,0.4869934603481782,0.38260606975690775,0.7557502751627824,496,3316,0.9375,0.1402291917973462
pizhou,0.3,maximum_iou,financial_tail_4h,mean_shift_2h,465,0.4869934603481782,0.38260606975690775,0.7557502751627824,496,3316,0.9375,0.1402291917973462
pizhou,0.5,greedy,financial_tail_4h,mean_shift_2h,444,0.4865542524612201,0.3809324399941193,0.7716073433585042,496,3316,0.8951612903225806,0.1338962605548854
pizhou,0.5,maximum_iou,financial_tail_4h,mean_shift_2h,444,0.4865542524612201,0.3809324399941193,0.7716073433585042,496,3316,0.8951612903225806,0.1338962605548854
pizhou,0.7,greedy,financial_tail_4h,mean_shift_2h,354,0.5257248554276425,0.40327760943398105,0.8097732321134483,496,3316,0.7137096774193549,0.10675512665862485
pizhou,0.7,maximum_iou,financial_tail_4h,mean_shift_2h,354,0.5257248554276425,0.40327760943398105,0.8097732321134483,496,3316,0.7137096774193549,0.10675512665862485
pizhou,0.3,greedy,financial_tail_4h,mean_shift_4h,290,0.3247720502655067,0.23357893019248763,0.490835488783212,496,1425,0.5846774193548387,0.20350877192982456
pizhou,0.3,maximum_iou,financial_tail_4h,mean_shift_4h,290,0.3247720502655067,0.23357893019248763,0.490835488783212,496,1425,0.5846774193548387,0.20350877192982456
pizhou,0.5,greedy,financial_tail_4h,mean_shift_4h,129,0.3563946579400784,0.249056851504266,0.592433629776176,496,1425,0.2600806451612903,0.09052631578947369
pizhou,0.5,maximum_iou,financial_tail_4h,mean_shift_4h,129,0.3563946579400784,0.249056851504266,0.592433629776176,496,1425,0.2600806451612903,0.09052631578947369
pizhou,0.7,greedy,financial_tail_4h,mean_shift_4h,13,0.6254305104778073,0.34679802955665023,0.7591718820955595,496,1425,0.02620967741935484,0.009122807017543859
pizhou,0.7,maximum_iou,financial_tail_4h,mean_shift_4h,13,0.6254305104778073,0.34679802955665023,0.7591718820955595,496,1425,0.02620967741935484,0.009122807017543859
pizhou,0.3,greedy,financial_tail_4h,opsda_cui2015_1h_0.025,0,,,,496,4452,0.0,0.0
pizhou,0.3,maximum_iou,financial_tail_4h,opsda_cui2015_1h_0.025,0,,,,496,4452,0.0,0.0
pizhou,0.5,greedy,financial_tail_4h,opsda_cui2015_1h_0.025,0,,,,496,4452,0.0,0.0
pizhou,0.5,maximum_iou,financial_tail_4h,opsda_cui2015_1h_0.025,0,,,,496,4452,0.0,0.0
pizhou,0.7,greedy,financial_tail_4h,opsda_cui2015_1h_0.025,0,,,,496,4452,0.0,0.0
pizhou,0.7,maximum_iou,financial_tail_4h,opsda_cui2015_1h_0.025,0,,,,496,4452,0.0,0.0
pizhou,0.3,greedy,financial_tail_4h,opsda_cui2015_2h_0.025,266,0.522868924471672,0.5924907884443958,0.3955859199280253,496,8674,0.5362903225806451,0.03066635923449389
pizhou,0.3,maximum_iou,financial_tail_4h,opsda_cui2015_2h_0.025,266,0.5131428205097314,0.5718335097776409,0.3955859199280253,496,8674,0.5362903225806451,0.03066635923449389
pizhou,0.5,greedy,financial_tail_4h,opsda_cui2015_2h_0.025,45,0.7704966793310272,0.8426381043210329,0.5,496,8674,0.0907258064516129,0.0051879179156098685
pizhou,0.5,maximum_iou,financial_tail_4h,opsda_cui2015_2h_0.025,45,0.7704966793310272,0.8426381043210329,0.5,496,8674,0.0907258064516129,0.0051879179156098685
pizhou,0.7,greedy,financial_tail_4h,opsda_cui2015_2h_0.025,0,,,,496,8674,0.0,0.0
pizhou,0.7,maximum_iou,financial_tail_4h,opsda_cui2015_2h_0.025,0,,,,496,8674,0.0,0.0
pizhou,0.3,greedy,financial_tail_4h,opsda_cui2015_4h_0.025,446,0.5278377480827574,0.5704345646278293,0.6042428705798668,496,13284,0.8991935483870968,0.0335742246311352
pizhou,0.3,maximum_iou,financial_tail_4h,opsda_cui2015_4h_0.025,449,0.5433466142679706,0.5817404607306395,0.6010998129289896,496,13284,0.905241935483871,0.03380006022282445
pizhou,0.5,greedy,financial_tail_4h,opsda_cui2015_4h_0.025,326,0.5860685663489303,0.6201777876988332,0.6844962042047932,496,13284,0.657258064516129,0.02454080096356519
pizhou,0.5,maximum_iou,financial_tail_4h,opsda_cui2015_4h_0.025,326,0.5800988988618194,0.6138536319114625,0.6844962042047932,496,13284,0.657258064516129,0.02454080096356519
pizhou,0.7,greedy,financial_tail_4h,opsda_cui2015_4h_0.025,148,0.7723341585445404,0.807904980584028,0.8087377149877149,496,13284,0.29838709677419356,0.011141222523336344
pizhou,0.7,maximum_iou,financial_tail_4h,opsda_cui2015_4h_0.025,148,0.7512853800425668,0.7855708863561502,0.8087377149877149,496,13284,0.29838709677419356,0.011141222523336344
pizhou,0.3,greedy,financial_tail_4h,sda_florita2013_0.025,185,0.43907241841210576,0.43644001068551674,0.4099207699207699,496,7304,0.37298387096774194,0.02532858707557503
pizhou,0.3,maximum_iou,financial_tail_4h,sda_florita2013_0.025,187,0.45712258051754345,0.4616950295177361,0.40838999087662187,496,7304,0.37701612903225806,0.025602409638554216
pizhou,0.5,greedy,financial_tail_4h,sda_florita2013_0.025,33,0.5152800463590433,0.48689282960678487,0.6090373431282523,496,7304,0.06653225806451613,0.004518072289156626
pizhou,0.5,maximum_iou,financial_tail_4h,sda_florita2013_0.025,33,0.5152800463590433,0.48689282960678487,0.6090373431282523,496,7304,0.06653225806451613,0.004518072289156626
pizhou,0.7,greedy,financial_tail_4h,sda_florita2013_0.025,5,1.0,1.0,0.775,496,7304,0.010080645161290322,0.0006845564074479737
pizhou,0.7,maximum_iou,financial_tail_4h,sda_florita2013_0.025,5,1.0,1.0,0.775,496,7304,0.010080645161290322,0.0006845564074479737
pizhou,0.3,greedy,financial_tail_4h,threshold_1h,308,0.6264251164378469,0.6587125347231706,0.3921708342162888,496,8396,0.6209677419354839,0.03668413530252501
pizhou,0.3,maximum_iou,financial_tail_4h,threshold_1h,309,0.6194067550361886,0.651442078350545,0.3921152651735176,496,8396,0.6229838709677419,0.03680323963792282
pizhou,0.5,greedy,financial_tail_4h,threshold_1h,52,0.7107846897981547,0.7352768077843607,0.5416520979020979,496,8396,0.10483870967741936,0.006193425440686041
pizhou,0.5,maximum_iou,financial_tail_4h,threshold_1h,52,0.7107846897981547,0.7352768077843607,0.5416520979020979,496,8396,0.10483870967741936,0.006193425440686041
pizhou,0.7,greedy,financial_tail_4h,threshold_1h,2,1.0,1.0,0.7875,496,8396,0.004032258064516129,0.00023820867079561695
pizhou,0.7,maximum_iou,financial_tail_4h,threshold_1h,2,1.0,1.0,0.7875,496,8396,0.004032258064516129,0.00023820867079561695
pizhou,0.3,greedy,financial_tail_4h,threshold_2h,491,0.5320362118617585,0.5052036195234649,0.7086503624705185,496,6346,0.9899193548387096,0.07737157264418532
pizhou,0.3,maximum_iou,financial_tail_4h,threshold_2h,491,0.5320362118617585,0.5052036195234649,0.7086503624705185,496,6346,0.9899193548387096,0.07737157264418532
pizhou,0.5,greedy,financial_tail_4h,threshold_2h,456,0.5412738005121929,0.49882621589442616,0.7311144553259491,496,6346,0.9193548387096774,0.0718562874251497
pizhou,0.5,maximum_iou,financial_tail_4h,threshold_2h,456,0.5412738005121929,0.49882621589442616,0.7311144553259491,496,6346,0.9193548387096774,0.0718562874251497
pizhou,0.7,greedy,financial_tail_4h,threshold_2h,266,0.6454040200575286,0.6362675214004043,0.8310776942355891,496,6346,0.5362903225806451,0.041916167664670656
pizhou,0.7,maximum_iou,financial_tail_4h,threshold_2h,266,0.6454040200575286,0.6362675214004043,0.8310776942355891,496,6346,0.5362903225806451,0.041916167664670656
pizhou,0.3,greedy,financial_tail_4h,threshold_4h,452,0.518383985417164,0.45925495857345117,0.6917738427439707,496,3539,0.9112903225806451,0.12771969482904774
pizhou,0.3,maximum_iou,financial_tail_4h,threshold_4h,452,0.5155350719248633,0.45587957573738125,0.6917738427439707,496,3539,0.9112903225806451,0.12771969482904774
pizhou,0.5,greedy,financial_tail_4h,threshold_4h,397,0.5398621636426342,0.45775623004391797,0.7307422933913409,496,3539,0.8004032258064516,0.11217858152020345
pizhou,0.5,maximum_iou,financial_tail_4h,threshold_4h,397,0.5398621636426342,0.45775623004391797,0.7307422933913409,496,3539,0.8004032258064516,0.11217858152020345
pizhou,0.7,greedy,financial_tail_4h,threshold_4h,213,0.6188365001657158,0.5575285679791595,0.8397158402603614,496,3539,0.42943548387096775,0.060186493359706134
pizhou,0.7,maximum_iou,financial_tail_4h,threshold_4h,213,0.6188365001657158,0.5575285679791595,0.8397158402603614,496,3539,0.42943548387096775,0.060186493359706134
pizhou,0.3,greedy,mean_shift_1h,mean_shift_2h,2677,0.4268913178087159,0.36340891640633216,0.456591883509636,5717,3316,0.4682525800244884,0.8072979493365501
pizhou,0.3,maximum_iou,mean_shift_1h,mean_shift_2h,2678,0.437021578767858,0.3677948183139048,0.45654585716528345,5717,3316,0.468427496938954,0.8075995174909529
pizhou,0.5,greedy,mean_shift_1h,mean_shift_2h,1039,0.4108834220451609,0.3498044183035984,0.5474552783864624,5717,3316,0.18173867412978836,0.313329312424608
pizhou,0.5,maximum_iou,mean_shift_1h,mean_shift_2h,1039,0.4108834220451609,0.3498044183035984,0.5474552783864624,5717,3316,0.18173867412978836,0.313329312424608
pizhou,0.7,greedy,mean_shift_1h,mean_shift_2h,42,0.5444659536041766,0.3708517818992476,0.743515992255488,5717,3316,0.007346510407556411,0.012665862484921592
pizhou,0.7,maximum_iou,mean_shift_1h,mean_shift_2h,42,0.5444659536041766,0.3708517818992476,0.743515992255488,5717,3316,0.007346510407556411,0.012665862484921592
pizhou,0.3,greedy,mean_shift_1h,mean_shift_4h,180,0.32258958216151745,0.2827057468919694,0.3509515383924176,5717,1425,0.03148504460381319,0.12631578947368421
pizhou,0.3,maximum_iou,mean_shift_1h,mean_shift_4h,180,0.2827582141181003,0.2595356810964434,0.3509515383924176,5717,1425,0.03148504460381319,0.12631578947368421
pizhou,0.5,greedy,mean_shift_1h,mean_shift_4h,1,1.0,1.0,0.625,5717,1425,0.00017491691446562882,0.0007017543859649122
pizhou,0.5,maximum_iou,mean_shift_1h,mean_shift_4h,1,1.0,1.0,0.625,5717,1425,0.00017491691446562882,0.0007017543859649122
pizhou,0.7,greedy,mean_shift_1h,mean_shift_4h,0,,,,5717,1425,0.0,0.0
pizhou,0.7,maximum_iou,mean_shift_1h,mean_shift_4h,0,,,,5717,1425,0.0,0.0
pizhou,0.3,greedy,mean_shift_1h,opsda_cui2015_1h_0.025,2955,0.5716790096010856,0.6386151015382536,0.5158826847151721,5717,4452,0.5168794822459332,0.6637466307277629
pizhou,0.3,maximum_iou,mean_shift_1h,opsda_cui2015_1h_0.025,2955,0.5716443426570154,0.639000431337096,0.5158826847151721,5717,4452,0.5168794822459332,0.6637466307277629
pizhou,0.5,greedy,mean_shift_1h,opsda_cui2015_1h_0.025,2057,0.5724203684216549,0.6252327766773579,0.5724355858045697,5717,4452,0.35980409305579847,0.46203953279424975
pizhou,0.5,maximum_iou,mean_shift_1h,opsda_cui2015_1h_0.025,2057,0.5749223236779041,0.6265879576417898,0.5724355858045697,5717,4452,0.35980409305579847,0.46203953279424975
pizhou,0.7,greedy,mean_shift_1h,opsda_cui2015_1h_0.025,0,,,,5717,4452,0.0,0.0
pizhou,0.7,maximum_iou,mean_shift_1h,opsda_cui2015_1h_0.025,0,,,,5717,4452,0.0,0.0
pizhou,0.3,greedy,mean_shift_1h,opsda_cui2015_2h_0.025,4691,0.6129147914527977,0.6945742144891166,0.6463836602772864,5717,8674,0.8205352457582649,0.540811620936131
pizhou,0.3,maximum_iou,mean_shift_1h,opsda_cui2015_2h_0.025,4692,0.607885545584198,0.6911778041358999,0.6462458973488386,5717,8674,0.8207101626727304,0.5409269080009222
pizhou,0.5,greedy,mean_shift_1h,opsda_cui2015_2h_0.025,4025,0.627116725090436,0.7059075151578599,0.689024548950015,5717,8674,0.704040580724156,0.4640304357851049
pizhou,0.5,maximum_iou,mean_shift_1h,opsda_cui2015_2h_0.025,4025,0.6236887116661998,0.7036004538941588,0.689024548950015,5717,8674,0.704040580724156,0.4640304357851049
pizhou,0.7,greedy,mean_shift_1h,opsda_cui2015_2h_0.025,1602,0.7110285550167754,0.7782436770569215,0.8538701622971288,5717,8674,0.28021689697393737,0.18468987779571133
pizhou,0.7,maximum_iou,mean_shift_1h,opsda_cui2015_2h_0.025,1602,0.7110285550167754,0.7782436770569215,0.8538701622971288,5717,8674,0.28021689697393737,0.18468987779571133
pizhou,0.3,greedy,mean_shift_1h,opsda_cui2015_4h_0.025,5087,0.5855856549487392,0.668666523803256,0.6935337962171068,5717,13284,0.8898023438866538,0.3829418849744053
pizhou,0.3,maximum_iou,mean_shift_1h,opsda_cui2015_4h_0.025,5092,0.5825930143908916,0.6671248960489456,0.6929876916964507,5717,13284,0.8906769284589819,0.3833182776272207
pizhou,0.5,greedy,mean_shift_1h,opsda_cui2015_4h_0.025,4673,0.609235732230959,0.690530264583421,0.7204521600091898,5717,13284,0.8173867412978835,0.35177657332128875
pizhou,0.5,maximum_iou,mean_shift_1h,opsda_cui2015_4h_0.025,4673,0.6098710450345798,0.6905587234657985,0.7204521600091898,5717,13284,0.8173867412978835,0.35177657332128875
pizhou,0.7,greedy,mean_shift_1h,opsda_cui2015_4h_0.025,2280,0.7044415099839209,0.7862616725184743,0.8512838915470498,5717,13284,0.3988105649816337,0.17163504968383017
pizhou,0.7,maximum_iou,mean_shift_1h,opsda_cui2015_4h_0.025,2280,0.7044415099839209,0.7862616725184743,0.8512838915470498,5717,13284,0.3988105649816337,0.17163504968383017
pizhou,0.3,greedy,mean_shift_1h,sda_florita2013_0.025,4435,0.6022782466733742,0.6750324583667009,0.5545226463377535,5717,7304,0.7757565156550639,0.6072015334063526
pizhou,0.3,maximum_iou,mean_shift_1h,sda_florita2013_0.025,4435,0.6005822113216651,0.6752326444751502,0.5545226463377535,5717,7304,0.7757565156550639,0.6072015334063526
pizhou,0.5,greedy,mean_shift_1h,sda_florita2013_0.025,3292,0.6012372114003143,0.671898186299048,0.6122426420953152,5717,7304,0.5758264824208501,0.45071193866374587
pizhou,0.5,maximum_iou,mean_shift_1h,sda_florita2013_0.025,3292,0.603228323000102,0.673307695168943,0.6122426420953152,5717,7304,0.5758264824208501,0.45071193866374587
pizhou,0.7,greedy,mean_shift_1h,sda_florita2013_0.025,611,0.7092410770656785,0.74959606732189,0.807554620320578,5717,7304,0.10687423473849922,0.08365279299014239
pizhou,0.7,maximum_iou,mean_shift_1h,sda_florita2013_0.025,611,0.7092410770656785,0.74959606732189,0.807554620320578,5717,7304,0.10687423473849922,0.08365279299014239
pizhou,0.3,greedy,mean_shift_1h,threshold_1h,5687,0.6553122880810227,0.6994925647885266,0.7651516483633591,5717,8396,0.9947524925660312,0.6773463554073368
pizhou,0.3,maximum_iou,mean_shift_1h,threshold_1h,5687,0.6563923921582563,0.7004846494176711,0.7651516483633591,5717,8396,0.9947524925660312,0.6773463554073368
pizhou,0.5,greedy,mean_shift_1h,threshold_1h,5522,0.6576284718683589,0.6990921950449582,0.776266075668466,5717,8396,0.9658912016792024,0.6576941400666985
pizhou,0.5,maximum_iou,mean_shift_1h,threshold_1h,5522,0.6571077175319939,0.6987264432244557,0.776266075668466,5717,8396,0.9658912016792024,0.6576941400666985
pizhou,0.7,greedy,mean_shift_1h,threshold_1h,3391,0.7381397414058162,0.8061013598864861,0.8824251169060957,5717,8396,0.5931432569529473,0.40388280133396853
pizhou,0.7,maximum_iou,mean_shift_1h,threshold_1h,3391,0.7381397414058162,0.8061013598864861,0.8824251169060957,5717,8396,0.5931432569529473,0.40388280133396853
pizhou,0.3,greedy,mean_shift_1h,threshold_2h,4344,0.5644592801528989,0.5693313082914845,0.6258526435580993,5717,6346,0.7598390764386916,0.684525685471163
pizhou,0.3,maximum_iou,mean_shift_1h,threshold_2h,4347,0.5596176032265422,0.5665792296373957,0.6256507668774749,5717,6346,0.7603638271820885,0.6849984242042231
pizhou,0.5,greedy,mean_shift_1h,threshold_2h,3608,0.5756396460634338,0.5792725070446755,0.6733778278262759,5717,6346,0.6311002273919888,0.5685471162937283
pizhou,0.5,maximum_iou,mean_shift_1h,threshold_2h,3608,0.5756396460634338,0.5792725070446755,0.6733778278262759,5717,6346,0.6311002273919888,0.5685471162937283
pizhou,0.7,greedy,mean_shift_1h,threshold_2h,1528,0.6057656490050669,0.6304783690630206,0.7814236737666057,5717,6346,0.26727304530348084,0.2407815947053262
pizhou,0.7,maximum_iou,mean_shift_1h,threshold_2h,1528,0.6057656490050669,0.6304783690630206,0.7814236737666057,5717,6346,0.26727304530348084,0.2407815947053262
pizhou,0.3,greedy,mean_shift_1h,threshold_4h,1799,0.37905930854640846,0.36540584248931074,0.3955096277993173,5717,3539,0.31467552912366625,0.5083356880474711
pizhou,0.3,maximum_iou,mean_shift_1h,threshold_4h,1817,0.3736908821684881,0.3639163606773697,0.3945741978978917,5717,3539,0.3178240335840476,0.513421870584911
pizhou,0.5,greedy,mean_shift_1h,threshold_4h,285,0.3355783382940093,0.34726157848993644,0.5384788454594548,5717,3539,0.04985132062270421,0.08053122350946595
pizhou,0.5,maximum_iou,mean_shift_1h,threshold_4h,286,0.28324026909635175,0.3020950752128114,0.5383443040417644,5717,3539,0.050026237537169845,0.08081378920599039
pizhou,0.7,greedy,mean_shift_1h,threshold_4h,11,0.6722797111579141,0.42105263157894735,0.7433230910503639,5717,3539,0.0019240860591219172,0.0031082226617688614
pizhou,0.7,maximum_iou,mean_shift_1h,threshold_4h,11,0.6722797111579141,0.42105263157894735,0.7433230910503639,5717,3539,0.0019240860591219172,0.0031082226617688614
pizhou,0.3,greedy,mean_shift_2h,mean_shift_4h,1365,0.32355220289541176,0.23439835695467348,0.5349165939943591,3316,1425,0.4116405307599518,0.9578947368421052
pizhou,0.3,maximum_iou,mean_shift_2h,mean_shift_4h,1365,0.32363354186990284,0.23425693956794297,0.5349165939943591,3316,1425,0.4116405307599518,0.9578947368421052
pizhou,0.5,greedy,mean_shift_2h,mean_shift_4h,997,0.3078246603861399,0.22142244173416326,0.5742262196795852,3316,1425,0.30066344993968636,0.6996491228070175
pizhou,0.5,maximum_iou,mean_shift_2h,mean_shift_4h,997,0.3078338233413468,0.2214062880310278,0.5742262196795852,3316,1425,0.30066344993968636,0.6996491228070175
pizhou,0.7,greedy,mean_shift_2h,mean_shift_4h,53,0.4377923804216726,0.37372610455161465,0.7536619443670091,3316,1425,0.015983112183353437,0.037192982456140354
pizhou,0.7,maximum_iou,mean_shift_2h,mean_shift_4h,53,0.4377923804216726,0.37372610455161465,0.7536619443670091,3316,1425,0.015983112183353437,0.037192982456140354
pizhou,0.3,greedy,mean_shift_2h,opsda_cui2015_1h_0.025,0,,,,3316,4452,0.0,0.0
pizhou,0.3,maximum_iou,mean_shift_2h,opsda_cui2015_1h_0.025,0,,,,3316,4452,0.0,0.0
pizhou,0.5,greedy,mean_shift_2h,opsda_cui2015_1h_0.025,0,,,,3316,4452,0.0,0.0
pizhou,0.5,maximum_iou,mean_shift_2h,opsda_cui2015_1h_0.025,0,,,,3316,4452,0.0,0.0
pizhou,0.7,greedy,mean_shift_2h,opsda_cui2015_1h_0.025,0,,,,3316,4452,0.0,0.0
pizhou,0.7,maximum_iou,mean_shift_2h,opsda_cui2015_1h_0.025,0,,,,3316,4452,0.0,0.0
pizhou,0.3,greedy,mean_shift_2h,opsda_cui2015_2h_0.025,1885,0.37171566141610324,0.3299551374997624,0.3922155710484623,3316,8674,0.5684559710494572,0.21731611713165783
pizhou,0.3,maximum_iou,mean_shift_2h,opsda_cui2015_2h_0.025,1900,0.36646272606692387,0.32841233042277734,0.3915980612954298,3316,8674,0.5729794933655006,0.2190454231035278
pizhou,0.5,greedy,mean_shift_2h,opsda_cui2015_2h_0.025,267,0.42541774175714653,0.3598534499496647,0.5304975922953451,3316,8674,0.08051869722557298,0.03078164629928522
pizhou,0.5,maximum_iou,mean_shift_2h,opsda_cui2015_2h_0.025,267,0.4178227069060285,0.3509001879558518,0.5304975922953451,3316,8674,0.08051869722557298,0.03078164629928522
pizhou,0.7,greedy,mean_shift_2h,opsda_cui2015_2h_0.025,0,,,,3316,8674,0.0,0.0
pizhou,0.7,maximum_iou,mean_shift_2h,opsda_cui2015_2h_0.025,0,,,,3316,8674,0.0,0.0
pizhou,0.3,greedy,mean_shift_2h,opsda_cui2015_4h_0.025,3016,0.3981406090200162,0.36172306841370033,0.5646821575106301,3316,13284,0.9095295536791315,0.22704004817825957
pizhou,0.3,maximum_iou,mean_shift_2h,opsda_cui2015_4h_0.025,3027,0.39438503669319014,0.3590269804148461,0.5631843225031772,3316,13284,0.9128468033775633,0.22786811201445348
pizhou,0.5,greedy,mean_shift_2h,opsda_cui2015_4h_0.025,2102,0.5015268497129431,0.4237243317866804,0.638301025277714,3316,13284,0.6338962605548853,0.15823547124360132
pizhou,0.5,maximum_iou,mean_shift_2h,opsda_cui2015_4h_0.025,2102,0.5024801191995466,0.4241648371427527,0.638301025277714,3316,13284,0.6338962605548853,0.15823547124360132
pizhou,0.7,greedy,mean_shift_2h,opsda_cui2015_4h_0.025,645,0.5356992062673763,0.46242536497744885,0.7698822108124432,3316,13284,0.19451145958986732,0.0485546522131888
pizhou,0.7,maximum_iou,mean_shift_2h,opsda_cui2015_4h_0.025,645,0.5356992062673763,0.46242536497744885,0.7698822108124432,3316,13284,0.19451145958986732,0.0485546522131888
pizhou,0.3,greedy,mean_shift_2h,sda_florita2013_0.025,1057,0.32734921177154985,0.30695264046184334,0.38609162330256547,3316,7304,0.3187575392038601,0.14471522453450164
pizhou,0.3,maximum_iou,mean_shift_2h,sda_florita2013_0.025,1060,0.3218995528869135,0.30056617828443627,0.385808659588816,3316,7304,0.31966224366706875,0.14512595837897044
pizhou,0.5,greedy,mean_shift_2h,sda_florita2013_0.025,141,0.5887404477955402,0.49890325145859393,0.5651400018421295,3316,7304,0.0425211097708082,0.019304490690032858
pizhou,0.5,maximum_iou,mean_shift_2h,sda_florita2013_0.025,141,0.5887404477955402,0.49890325145859393,0.5651400018421295,3316,7304,0.0425211097708082,0.019304490690032858
pizhou,0.7,greedy,mean_shift_2h,sda_florita2013_0.025,18,0.6241131698994163,0.5088999124598774,0.7492063492063492,3316,7304,0.005428226779252111,0.0024644030668127055
pizhou,0.7,maximum_iou,mean_shift_2h,sda_florita2013_0.025,18,0.6241131698994163,0.5088999124598774,0.7492063492063492,3316,7304,0.005428226779252111,0.0024644030668127055
pizhou,0.3,greedy,mean_shift_2h,threshold_1h,1898,0.4299915184067012,0.38350422718718014,0.38134274693811054,3316,8396,0.5723763570566948,0.22606002858504048
pizhou,0.3,maximum_iou,mean_shift_2h,threshold_1h,1901,0.4248610430923765,0.37839749899132596,0.38123191321508,3316,8396,0.5732810615199035,0.22641734159123392
pizhou,0.5,greedy,mean_shift_2h,threshold_1h,202,0.5170799008298279,0.43667376129616214,0.526468841939139,3316,8396,0.0609167671893848,0.024059075750357314
pizhou,0.5,maximum_iou,mean_shift_2h,threshold_1h,202,0.5170799008298279,0.43667376129616214,0.526468841939139,3316,8396,0.0609167671893848,0.024059075750357314
pizhou,0.7,greedy,mean_shift_2h,threshold_1h,0,,,,3316,8396,0.0,0.0
pizhou,0.7,maximum_iou,mean_shift_2h,threshold_1h,0,,,,3316,8396,0.0,0.0
pizhou,0.3,greedy,mean_shift_2h,threshold_2h,3299,0.4902522828822694,0.4087816411458164,0.7199190759815215,3316,6346,0.9948733413751508,0.5198550267885282
pizhou,0.3,maximum_iou,mean_shift_2h,threshold_2h,3299,0.48845582322702497,0.4063488369501737,0.7199190759815215,3316,6346,0.9948733413751508,0.5198550267885282
pizhou,0.5,greedy,mean_shift_2h,threshold_2h,3117,0.49657878685528717,0.4086233595931617,0.7376553676863647,3316,6346,0.9399879372738239,0.491175543649543
pizhou,0.5,maximum_iou,mean_shift_2h,threshold_2h,3117,0.49657878685528717,0.4086233595931617,0.7376553676863647,3316,6346,0.9399879372738239,0.491175543649543
pizhou,0.7,greedy,mean_shift_2h,threshold_2h,2164,0.5214148351279287,0.4335997162172057,0.7869877173495202,3316,6346,0.6525934861278649,0.3410022061140876
pizhou,0.7,maximum_iou,mean_shift_2h,threshold_2h,2164,0.5214148351279287,0.4335997162172057,0.7869877173495202,3316,6346,0.6525934861278649,0.3410022061140876
pizhou,0.3,greedy,mean_shift_2h,threshold_4h,2561,0.42092635957410296,0.3585739302738005,0.7248109640135488,3316,3539,0.7723160434258143,0.7236507487990957
pizhou,0.3,maximum_iou,mean_shift_2h,threshold_4h,2567,0.41673734289302594,0.35620305282905035,0.7237185643433595,3316,3539,0.7741254523522316,0.7253461429782424
pizhou,0.5,greedy,mean_shift_2h,threshold_4h,2404,0.4232908342641824,0.36328150733474734,0.7448509257856004,3316,3539,0.7249698431845597,0.6792879344447584
pizhou,0.5,maximum_iou,mean_shift_2h,threshold_4h,2405,0.4232584633643564,0.3630865564383663,0.7447491166688496,3316,3539,0.7252714113389626,0.6795705001412828
pizhou,0.7,greedy,mean_shift_2h,threshold_4h,1618,0.45290494134773984,0.40483772686965735,0.8051236394164124,3316,3539,0.4879372738238842,0.45719129697654703
pizhou,0.7,maximum_iou,mean_shift_2h,threshold_4h,1618,0.45276882798818635,0.4046174865795023,0.8051236394164124,3316,3539,0.4879372738238842,0.45719129697654703
pizhou,0.3,greedy,mean_shift_4h,opsda_cui2015_1h_0.025,0,,,,1425,4452,0.0,0.0
pizhou,0.3,maximum_iou,mean_shift_4h,opsda_cui2015_1h_0.025,0,,,,1425,4452,0.0,0.0
pizhou,0.5,greedy,mean_shift_4h,opsda_cui2015_1h_0.025,0,,,,1425,4452,0.0,0.0
pizhou,0.5,maximum_iou,mean_shift_4h,opsda_cui2015_1h_0.025,0,,,,1425,4452,0.0,0.0
pizhou,0.7,greedy,mean_shift_4h,opsda_cui2015_1h_0.025,0,,,,1425,4452,0.0,0.0
pizhou,0.7,maximum_iou,mean_shift_4h,opsda_cui2015_1h_0.025,0,,,,1425,4452,0.0,0.0
pizhou,0.3,greedy,mean_shift_4h,opsda_cui2015_2h_0.025,0,,,,1425,8674,0.0,0.0
pizhou,0.3,maximum_iou,mean_shift_4h,opsda_cui2015_2h_0.025,0,,,,1425,8674,0.0,0.0
pizhou,0.5,greedy,mean_shift_4h,opsda_cui2015_2h_0.025,0,,,,1425,8674,0.0,0.0
pizhou,0.5,maximum_iou,mean_shift_4h,opsda_cui2015_2h_0.025,0,,,,1425,8674,0.0,0.0
pizhou,0.7,greedy,mean_shift_4h,opsda_cui2015_2h_0.025,0,,,,1425,8674,0.0,0.0
pizhou,0.7,maximum_iou,mean_shift_4h,opsda_cui2015_2h_0.025,0,,,,1425,8674,0.0,0.0
pizhou,0.3,greedy,mean_shift_4h,opsda_cui2015_4h_0.025,836,0.17767275918544165,0.1863272516096318,0.3646658674347925,1425,13284,0.5866666666666667,0.06293285155073773
pizhou,0.3,maximum_iou,mean_shift_4h,opsda_cui2015_4h_0.025,850,0.16449174186187593,0.1743707620092623,0.363647981270988,1425,13284,0.5964912280701754,0.0639867509786209
pizhou,0.5,greedy,mean_shift_4h,opsda_cui2015_4h_0.025,27,0.42362040696741105,0.3013698630136986,0.5135802469135802,1425,13284,0.018947368421052633,0.0020325203252032522
pizhou,0.5,maximum_iou,mean_shift_4h,opsda_cui2015_4h_0.025,27,0.4139914700855859,0.296510257014855,0.5135802469135802,1425,13284,0.018947368421052633,0.0020325203252032522
pizhou,0.7,greedy,mean_shift_4h,opsda_cui2015_4h_0.025,0,,,,1425,13284,0.0,0.0
pizhou,0.7,maximum_iou,mean_shift_4h,opsda_cui2015_4h_0.025,0,,,,1425,13284,0.0,0.0
pizhou,0.3,greedy,mean_shift_4h,sda_florita2013_0.025,43,0.22624787900701696,0.13282815181937094,0.3439045550303365,1425,7304,0.030175438596491227,0.005887185104052574
pizhou,0.3,maximum_iou,mean_shift_4h,sda_florita2013_0.025,43,0.22624787900701696,0.13282815181937094,0.3439045550303365,1425,7304,0.030175438596491227,0.005887185104052574
pizhou,0.5,greedy,mean_shift_4h,sda_florita2013_0.025,1,1.0,1.0,0.5263157894736842,1425,7304,0.0007017543859649122,0.00013691128148959474
pizhou,0.5,maximum_iou,mean_shift_4h,sda_florita2013_0.025,1,1.0,1.0,0.5263157894736842,1425,7304,0.0007017543859649122,0.00013691128148959474
pizhou,0.7,greedy,mean_shift_4h,sda_florita2013_0.025,0,,,,1425,7304,0.0,0.0
pizhou,0.7,maximum_iou,mean_shift_4h,sda_florita2013_0.025,0,,,,1425,7304,0.0,0.0
pizhou,0.3,greedy,mean_shift_4h,threshold_1h,18,0.5393950821620859,0.5349544072948328,0.33017523521208403,1425,8396,0.01263157894736842,0.0021438780371605525
pizhou,0.3,maximum_iou,mean_shift_4h,threshold_1h,18,0.5393950821620859,0.5349544072948328,0.33017523521208403,1425,8396,0.01263157894736842,0.0021438780371605525
pizhou,0.5,greedy,mean_shift_4h,threshold_1h,0,,,,1425,8396,0.0,0.0
pizhou,0.5,maximum_iou,mean_shift_4h,threshold_1h,0,,,,1425,8396,0.0,0.0
pizhou,0.7,greedy,mean_shift_4h,threshold_1h,0,,,,1425,8396,0.0,0.0
pizhou,0.7,maximum_iou,mean_shift_4h,threshold_1h,0,,,,1425,8396,0.0,0.0
pizhou,0.3,greedy,mean_shift_4h,threshold_2h,1213,0.33099588663227314,0.29295825381012824,0.41377594149389807,1425,6346,0.8512280701754386,0.19114402773400568
pizhou,0.3,maximum_iou,mean_shift_4h,threshold_2h,1214,0.3221743169978505,0.28879085412984845,0.4137096790489552,1425,6346,0.8519298245614035,0.1913016073116924
pizhou,0.5,greedy,mean_shift_4h,threshold_2h,197,0.4573616378131206,0.4290995565405477,0.5536039762437222,1425,6346,0.13824561403508773,0.031043176804286164
pizhou,0.5,maximum_iou,mean_shift_4h,threshold_2h,197,0.4573616378131206,0.4290995565405477,0.5536039762437222,1425,6346,0.13824561403508773,0.031043176804286164
pizhou,0.7,greedy,mean_shift_4h,threshold_2h,4,0.7999999999999999,0.5714285714285714,0.7548793859649122,1425,6346,0.002807017543859649,0.0006303183107469272
pizhou,0.7,maximum_iou,mean_shift_4h,threshold_2h,4,0.7999999999999999,0.5714285714285714,0.7548793859649122,1425,6346,0.002807017543859649,0.0006303183107469272
pizhou,0.3,greedy,mean_shift_4h,threshold_4h,1388,0.36512143998654234,0.2623936571232915,0.7189592426344746,1425,3539,0.9740350877192983,0.3922011867759254
pizhou,0.3,maximum_iou,mean_shift_4h,threshold_4h,1388,0.3656383828630183,0.2625933710503176,0.7189592426344746,1425,3539,0.9740350877192983,0.3922011867759254
pizhou,0.5,greedy,mean_shift_4h,threshold_4h,1331,0.3657015922144531,0.25962423929351985,0.7313649947635097,1425,3539,0.9340350877192982,0.3760949420740322
pizhou,0.5,maximum_iou,mean_shift_4h,threshold_4h,1331,0.3657015922144531,0.25962423929351985,0.7313649947635097,1425,3539,0.9340350877192982,0.3760949420740322
pizhou,0.7,greedy,mean_shift_4h,threshold_4h,795,0.40356990814135113,0.28663486591412285,0.7875668296932895,1425,3539,0.5578947368421052,0.22463972873693133
pizhou,0.7,maximum_iou,mean_shift_4h,threshold_4h,795,0.40356990814135113,0.28663486591412285,0.7875668296932895,1425,3539,0.5578947368421052,0.22463972873693133
pizhou,0.3,greedy,opsda_cui2015_1h_0.025,opsda_cui2015_2h_0.025,4403,0.9119543323431363,0.947251289724616,0.9164206223029753,4452,8674,0.9889937106918238,0.5076089462762278
pizhou,0.3,maximum_iou,opsda_cui2015_1h_0.025,opsda_cui2015_2h_0.025,4403,0.8863081098978338,0.9372404948424724,0.9164206223029753,4452,8674,0.9889937106918238,0.5076089462762278
pizhou,0.5,greedy,opsda_cui2015_1h_0.025,opsda_cui2015_2h_0.025,4403,0.9119543323431363,0.947251289724616,0.9164206223029753,4452,8674,0.9889937106918238,0.5076089462762278
pizhou,0.5,maximum_iou,opsda_cui2015_1h_0.025,opsda_cui2015_2h_0.025,4403,0.8863081098978338,0.9372404948424724,0.9164206223029753,4452,8674,0.9889937106918238,0.5076089462762278
pizhou,0.7,greedy,opsda_cui2015_1h_0.025,opsda_cui2015_2h_0.025,3667,1.0,1.0,1.0,4452,8674,0.8236747529200359,0.4227576665898086
pizhou,0.7,maximum_iou,opsda_cui2015_1h_0.025,opsda_cui2015_2h_0.025,3667,1.0,1.0,1.0,4452,8674,0.8236747529200359,0.4227576665898086
pizhou,0.3,greedy,opsda_cui2015_1h_0.025,opsda_cui2015_4h_0.025,4336,0.8723388240305304,0.9284896491530525,0.8767450799507994,4452,13284,0.9739442946990117,0.32640770852152967
pizhou,0.3,maximum_iou,opsda_cui2015_1h_0.025,opsda_cui2015_4h_0.025,4336,0.8610413564289863,0.9221286442706904,0.8768219557195571,4452,13284,0.9739442946990117,0.32640770852152967
pizhou,0.5,greedy,opsda_cui2015_1h_0.025,opsda_cui2015_4h_0.025,4018,0.8995909791157363,0.943330419021853,0.9167496266799403,4452,13284,0.9025157232704403,0.30246913580246915
pizhou,0.5,maximum_iou,opsda_cui2015_1h_0.025,opsda_cui2015_4h_0.025,4020,0.8860181565431567,0.9365136459102199,0.916542288557214,4452,13284,0.9029649595687331,0.3026196928635953
pizhou,0.7,greedy,opsda_cui2015_1h_0.025,opsda_cui2015_4h_0.025,3349,1.0,1.0,1.0,4452,13284,0.7522461814914645,0.25210779885576634
pizhou,0.7,maximum_iou,opsda_cui2015_1h_0.025,opsda_cui2015_4h_0.025,3349,1.0,1.0,1.0,4452,13284,0.7522461814914645,0.25210779885576634
pizhou,0.3,greedy,opsda_cui2015_1h_0.025,sda_florita2013_0.025,4452,1.0,1.0,1.0,4452,7304,1.0,0.6095290251916758
pizhou,0.3,maximum_iou,opsda_cui2015_1h_0.025,sda_florita2013_0.025,4452,1.0,1.0,1.0,4452,7304,1.0,0.6095290251916758
pizhou,0.5,greedy,opsda_cui2015_1h_0.025,sda_florita2013_0.025,4452,1.0,1.0,1.0,4452,7304,1.0,0.6095290251916758
pizhou,0.5,maximum_iou,opsda_cui2015_1h_0.025,sda_florita2013_0.025,4452,1.0,1.0,1.0,4452,7304,1.0,0.6095290251916758
pizhou,0.7,greedy,opsda_cui2015_1h_0.025,sda_florita2013_0.025,4452,1.0,1.0,1.0,4452,7304,1.0,0.6095290251916758
pizhou,0.7,maximum_iou,opsda_cui2015_1h_0.025,sda_florita2013_0.025,4452,1.0,1.0,1.0,4452,7304,1.0,0.6095290251916758
pizhou,0.3,greedy,opsda_cui2015_1h_0.025,threshold_1h,3846,0.6720246894601163,0.7782705023609977,0.6899202634772058,4452,8396,0.8638814016172507,0.45807527393997144
pizhou,0.3,maximum_iou,opsda_cui2015_1h_0.025,threshold_1h,3852,0.6629390478054892,0.7758060298551416,0.6893648321218415,4452,8396,0.8652291105121294,0.45878989995235825
pizhou,0.5,greedy,opsda_cui2015_1h_0.025,threshold_1h,3491,0.7085741611619161,0.8032913947880096,0.7210445908526687,4452,8396,0.7841419586702606,0.4157932348737494
pizhou,0.5,maximum_iou,opsda_cui2015_1h_0.025,threshold_1h,3491,0.7137530348387294,0.8089018141513872,0.7210445908526687,4452,8396,0.7841419586702606,0.4157932348737494
pizhou,0.7,greedy,opsda_cui2015_1h_0.025,threshold_1h,881,1.0,1.0,1.0,4452,8396,0.19788858939802337,0.10493091948546927
pizhou,0.7,maximum_iou,opsda_cui2015_1h_0.025,threshold_1h,881,1.0,1.0,1.0,4452,8396,0.19788858939802337,0.10493091948546927
pizhou,0.3,greedy,opsda_cui2015_1h_0.025,threshold_2h,1205,0.5054929596360974,0.49307854707461085,0.3925311203319502,4452,6346,0.2706648697214735,0.18988339111251182
pizhou,0.3,maximum_iou,opsda_cui2015_1h_0.025,threshold_2h,1206,0.5005122467222579,0.4848881018812153,0.3925373134328358,4452,6346,0.27088948787061995,0.19004097069019854
pizhou,0.5,greedy,opsda_cui2015_1h_0.025,threshold_2h,264,0.5752617174468088,0.6404865312759209,0.5,4452,6346,0.05929919137466307,0.041601008509297197
pizhou,0.5,maximum_iou,opsda_cui2015_1h_0.025,threshold_2h,264,0.5752617174468088,0.6404865312759209,0.5,4452,6346,0.05929919137466307,0.041601008509297197
pizhou,0.7,greedy,opsda_cui2015_1h_0.025,threshold_2h,0,,,,4452,6346,0.0,0.0
pizhou,0.7,maximum_iou,opsda_cui2015_1h_0.025,threshold_2h,0,,,,4452,6346,0.0,0.0
pizhou,0.3,greedy,opsda_cui2015_1h_0.025,threshold_4h,0,,,,4452,3539,0.0,0.0
pizhou,0.3,maximum_iou,opsda_cui2015_1h_0.025,threshold_4h,0,,,,4452,3539,0.0,0.0
pizhou,0.5,greedy,opsda_cui2015_1h_0.025,threshold_4h,0,,,,4452,3539,0.0,0.0
pizhou,0.5,maximum_iou,opsda_cui2015_1h_0.025,threshold_4h,0,,,,4452,3539,0.0,0.0
pizhou,0.7,greedy,opsda_cui2015_1h_0.025,threshold_4h,0,,,,4452,3539,0.0,0.0
pizhou,0.7,maximum_iou,opsda_cui2015_1h_0.025,threshold_4h,0,,,,4452,3539,0.0,0.0
pizhou,0.3,greedy,opsda_cui2015_2h_0.025,opsda_cui2015_4h_0.025,8390,0.9274278459713035,0.9671121685452162,0.9341832680628868,8674,13284,0.9672584735992622,0.6315868714242698
pizhou,0.3,maximum_iou,opsda_cui2015_2h_0.025,opsda_cui2015_4h_0.025,8434,0.9196022967497528,0.9626912131814213,0.9297967693124205,8674,13284,0.9723311044500808,0.6348991267690455
pizhou,0.5,greedy,opsda_cui2015_2h_0.025,opsda_cui2015_4h_0.025,8074,0.9453996851022248,0.9766297404625754,0.9557609964966913,8674,13284,0.9308277611252017,0.6077988557663354
pizhou,0.5,maximum_iou,opsda_cui2015_2h_0.025,opsda_cui2015_4h_0.025,8196,0.9262172076322507,0.966274050977476,0.9428124055869297,8674,13284,0.9448927830297441,0.6169828364950316
pizhou,0.7,greedy,opsda_cui2015_2h_0.025,opsda_cui2015_4h_0.025,7158,1.0,1.0,1.0,8674,13284,0.825224809776343,0.5388437217705511
pizhou,0.7,maximum_iou,opsda_cui2015_2h_0.025,opsda_cui2015_4h_0.025,7158,1.0,1.0,1.0,8674,13284,0.825224809776343,0.5388437217705511
pizhou,0.3,greedy,opsda_cui2015_2h_0.025,sda_florita2013_0.025,6855,0.9358708950070038,0.9659938899797688,0.9463165572574763,8674,7304,0.79029282914457,0.9385268346111719
pizhou,0.3,maximum_iou,opsda_cui2015_2h_0.025,sda_florita2013_0.025,6855,0.9165335185137804,0.9588818057432992,0.9463165572574763,8674,7304,0.79029282914457,0.9385268346111719
pizhou,0.5,greedy,opsda_cui2015_2h_0.025,sda_florita2013_0.025,6855,0.9358708950070038,0.9659938899797688,0.9463165572574763,8674,7304,0.79029282914457,0.9385268346111719
pizhou,0.5,maximum_iou,opsda_cui2015_2h_0.025,sda_florita2013_0.025,6855,0.9165335185137804,0.9588818057432992,0.9463165572574763,8674,7304,0.79029282914457,0.9385268346111719
pizhou,0.7,greedy,opsda_cui2015_2h_0.025,sda_florita2013_0.025,6119,1.0,1.0,1.0,8674,7304,0.7054415494581507,0.8377601314348302
pizhou,0.7,maximum_iou,opsda_cui2015_2h_0.025,sda_florita2013_0.025,6119,1.0,1.0,1.0,8674,7304,0.7054415494581507,0.8377601314348302
pizhou,0.3,greedy,opsda_cui2015_2h_0.025,threshold_1h,5797,0.6297088205996363,0.7430814892423514,0.6956617544378457,8674,8396,0.6683191145953424,0.6904478323010957
pizhou,0.3,maximum_iou,opsda_cui2015_2h_0.025,threshold_1h,5798,0.6293447960098467,0.7429057351339776,0.6956280080159006,8674,8396,0.6684344016601337,0.6905669366364936
pizhou,0.5,greedy,opsda_cui2015_2h_0.025,threshold_1h,5477,0.6564409728115834,0.7611881622891434,0.7134449690045819,8674,8396,0.6314272538621166,0.652334444973797
pizhou,0.5,maximum_iou,opsda_cui2015_2h_0.025,threshold_1h,5478,0.6558292612837074,0.7607919676490605,0.71340600497227,8674,8396,0.631542540926908,0.6524535493091949
pizhou,0.7,greedy,opsda_cui2015_2h_0.025,threshold_1h,2198,0.7802966877633157,0.8495007780221284,0.8820746132848044,8674,8396,0.25340096841134424,0.261791329204383
pizhou,0.7,maximum_iou,opsda_cui2015_2h_0.025,threshold_1h,2198,0.7802966877633157,0.8495007780221284,0.8820746132848044,8674,8396,0.25340096841134424,0.261791329204383
pizhou,0.3,greedy,opsda_cui2015_2h_0.025,threshold_2h,3977,0.5640704393836232,0.6030498618680468,0.5433093238725625,8674,6346,0.4584966566751211,0.6266939804601324
pizhou,0.3,maximum_iou,opsda_cui2015_2h_0.025,threshold_2h,3984,0.5487601885888327,0.5890523255004385,0.5427646873430005,8674,6346,0.45930366612866036,0.6277970375039394
pizhou,0.5,greedy,opsda_cui2015_2h_0.025,threshold_2h,2411,0.60289708469138,0.6363741309025962,0.6467075507100393,8674,6346,0.27795711321189764,0.3799243618027104
pizhou,0.5,maximum_iou,opsda_cui2015_2h_0.025,threshold_2h,2413,0.5831972506285034,0.6203614495368612,0.6462129733783276,8674,6346,0.2781876873414803,0.38023952095808383
pizhou,0.7,greedy,opsda_cui2015_2h_0.025,threshold_2h,676,0.7282421046785534,0.7781549832845291,0.8573224852071006,8674,6346,0.07793405579893936,0.1065237945162307
pizhou,0.7,maximum_iou,opsda_cui2015_2h_0.025,threshold_2h,676,0.7282421046785534,0.7781549832845291,0.8573224852071006,8674,6346,0.07793405579893936,0.1065237945162307
pizhou,0.3,greedy,opsda_cui2015_2h_0.025,threshold_4h,918,0.3351167885626977,0.36398897761127913,0.3768730966443383,8674,3539,0.10583352547844131,0.25939530940943767
pizhou,0.3,maximum_iou,opsda_cui2015_2h_0.025,threshold_4h,928,0.3226713583552965,0.35285682406974006,0.376184863388527,8674,3539,0.10698639612635462,0.2622209663746821
pizhou,0.5,greedy,opsda_cui2015_2h_0.025,threshold_4h,105,0.21705605026803274,0.2047841647955969,0.5,8674,3539,0.012105141803089694,0.029669398135066402
pizhou,0.5,maximum_iou,opsda_cui2015_2h_0.025,threshold_4h,105,0.19749649553797405,0.18079449644796608,0.5,8674,3539,0.012105141803089694,0.029669398135066402
pizhou,0.7,greedy,opsda_cui2015_2h_0.025,threshold_4h,0,,,,8674,3539,0.0,0.0
pizhou,0.7,maximum_iou,opsda_cui2015_2h_0.025,threshold_4h,0,,,,8674,3539,0.0,0.0
pizhou,0.3,greedy,opsda_cui2015_4h_0.025,sda_florita2013_0.025,7138,0.8860222551636736,0.9403541180604146,0.8928783239269371,13284,7304,0.5373381511592894,0.9772727272727273
pizhou,0.3,maximum_iou,opsda_cui2015_4h_0.025,sda_florita2013_0.025,7142,0.874607430634368,0.9335765259970332,0.8926167806803484,13284,7304,0.5376392652815417,0.9778203723986857
pizhou,0.5,greedy,opsda_cui2015_4h_0.025,sda_florita2013_0.025,6762,0.9063537144761744,0.952017857471275,0.9215511049140153,13284,7304,0.50903342366757,0.9257940854326396
pizhou,0.5,maximum_iou,opsda_cui2015_4h_0.025,sda_florita2013_0.025,6765,0.8936187069361725,0.9450914490818697,0.9213641642909935,13284,7304,0.5092592592592593,0.9262048192771084
pizhou,0.7,greedy,opsda_cui2015_4h_0.025,sda_florita2013_0.025,5641,0.9942142396988803,0.9982440089605268,0.9977967432319498,13284,7304,0.4246461909063535,0.7723165388828039
pizhou,0.7,maximum_iou,opsda_cui2015_4h_0.025,sda_florita2013_0.025,5641,0.995237237384623,0.9986172053668491,0.9977967432319498,13284,7304,0.4246461909063535,0.7723165388828039
pizhou,0.3,greedy,opsda_cui2015_4h_0.025,threshold_1h,6325,0.6040979295406388,0.71342651708153,0.676598594642073,13284,8396,0.4761367058115026,0.7533349213911387
pizhou,0.3,maximum_iou,opsda_cui2015_4h_0.025,threshold_1h,6339,0.5926561419125647,0.7051065701583913,0.6756449742961809,13284,8396,0.4771906052393857,0.755002382086708
pizhou,0.5,greedy,opsda_cui2015_4h_0.025,threshold_1h,5413,0.6599894261436442,0.7543536773360979,0.7266447763907583,13284,8396,0.4074826859379705,0.6447117675083373
pizhou,0.5,maximum_iou,opsda_cui2015_4h_0.025,threshold_1h,5413,0.6592906797412023,0.7528011763230661,0.7266447763907583,13284,8396,0.4074826859379705,0.6447117675083373
pizhou,0.7,greedy,opsda_cui2015_4h_0.025,threshold_1h,2343,0.7694750720139499,0.8399931339316631,0.8813741032050891,13284,8396,0.17637759710930442,0.27906145783706526
pizhou,0.7,maximum_iou,opsda_cui2015_4h_0.025,threshold_1h,2343,0.7694750720139499,0.8399931339316631,0.8813741032050891,13284,8396,0.17637759710930442,0.27906145783706526
pizhou,0.3,greedy,opsda_cui2015_4h_0.025,threshold_2h,5149,0.5549083591836023,0.6166321895833708,0.6784454555620859,13284,6346,0.3876091538693165,0.811377245508982
pizhou,0.3,maximum_iou,opsda_cui2015_4h_0.025,threshold_2h,5162,0.5483615089037905,0.6114533663480934,0.6772100176301125,13284,6346,0.38858777476663653,0.8134257800189095
pizhou,0.5,greedy,opsda_cui2015_4h_0.025,threshold_2h,4368,0.6140778338758575,0.6700888074901996,0.7311640212910818,13284,6346,0.3288166214995483,0.6883075953356445
pizhou,0.5,maximum_iou,opsda_cui2015_4h_0.025,threshold_2h,4370,0.609600745484104,0.6679087710892155,0.7308522757435801,13284,6346,0.3289671785606745,0.688622754491018
pizhou,0.7,greedy,opsda_cui2015_4h_0.025,threshold_2h,2538,0.6916664392460379,0.7537477619340521,0.8330883130528519,13284,6346,0.1910569105691057,0.3999369681689253
pizhou,0.7,maximum_iou,opsda_cui2015_4h_0.025,threshold_2h,2538,0.6920866165237535,0.7541981431914387,0.8330883130528519,13284,6346,0.1910569105691057,0.3999369681689253
pizhou,0.3,greedy,opsda_cui2015_4h_0.025,threshold_4h,2650,0.3542629097289875,0.36881336086485106,0.5006518859458923,13284,3539,0.19948810599217104,0.7487990957897711
pizhou,0.3,maximum_iou,opsda_cui2015_4h_0.025,threshold_4h,2682,0.3413006385090873,0.3621759713226427,0.4975772879392775,13284,3539,0.2018970189701897,0.7578411980785532
pizhou,0.5,greedy,opsda_cui2015_4h_0.025,threshold_4h,1291,0.43565329751170123,0.41914361175631887,0.6133618812549874,13284,3539,0.09718458295694068,0.3647923142130545
pizhou,0.5,maximum_iou,opsda_cui2015_4h_0.025,threshold_4h,1293,0.4324015049509007,0.41742708061913886,0.6130791181835266,13284,3539,0.09733514001806685,0.3653574456061034
pizhou,0.7,greedy,opsda_cui2015_4h_0.025,threshold_4h,286,0.5933354492755176,0.5707738389476058,0.7905117609663065,13284,3539,0.021529659741041856,0.08081378920599039
pizhou,0.7,maximum_iou,opsda_cui2015_4h_0.025,threshold_4h,286,0.5933354492755176,0.5707738389476058,0.7905117609663065,13284,3539,0.021529659741041856,0.08081378920599039
pizhou,0.3,greedy,sda_florita2013_0.025,threshold_1h,5647,0.683219345573011,0.7917100403659261,0.6701780127669982,7304,8396,0.7731380065717415,0.6725821819914245
pizhou,0.3,maximum_iou,sda_florita2013_0.025,threshold_1h,5653,0.6793793406078941,0.7917920042699854,0.669820491437332,7304,8396,0.7739594742606791,0.6732968080038113
pizhou,0.5,greedy,sda_florita2013_0.025,threshold_1h,5111,0.7144771312344668,0.812869372397191,0.7002045075514063,7304,8396,0.6997535596933188,0.6087422582181992
pizhou,0.5,maximum_iou,sda_florita2013_0.025,threshold_1h,5111,0.718153281870592,0.8167387866649837,0.7002045075514063,7304,8396,0.6997535596933188,0.6087422582181992
pizhou,0.7,greedy,sda_florita2013_0.025,threshold_1h,1339,0.9534269000430136,0.980701609321146,0.945337672036701,7304,8396,0.18332420591456736,0.15948070509766554
pizhou,0.7,maximum_iou,sda_florita2013_0.025,threshold_1h,1339,0.9534269000430136,0.980701609321146,0.945337672036701,7304,8396,0.18332420591456736,0.15948070509766554
pizhou,0.3,greedy,sda_florita2013_0.025,threshold_2h,3157,0.5600457077438165,0.5962757220120355,0.48171148177483314,7304,6346,0.4322289156626506,0.49747872675701227
pizhou,0.3,maximum_iou,sda_florita2013_0.025,threshold_2h,3159,0.5597403649475532,0.593038710994619,0.48157533437685396,7304,6346,0.4325027382256298,0.49779388591238577
pizhou,0.5,greedy,sda_florita2013_0.025,threshold_2h,1408,0.6203764652844053,0.6800806892125902,0.6143380333366129,7304,6346,0.1927710843373494,0.22187204538291838
pizhou,0.5,maximum_iou,sda_florita2013_0.025,threshold_2h,1408,0.6115782477117451,0.6752734619186389,0.6143380333366129,7304,6346,0.1927710843373494,0.22187204538291838
pizhou,0.7,greedy,sda_florita2013_0.025,threshold_2h,362,0.7388088458884288,0.7855397003523448,0.8234411996842937,7304,6346,0.0495618838992333,0.057043807122596914
pizhou,0.7,maximum_iou,sda_florita2013_0.025,threshold_2h,362,0.7388088458884288,0.7855397003523448,0.8234411996842937,7304,6346,0.0495618838992333,0.057043807122596914
pizhou,0.3,greedy,sda_florita2013_0.025,threshold_4h,603,0.2955519660027954,0.31008944065072025,0.38354425103323797,7304,3539,0.08255750273822562,0.17038711500423848
pizhou,0.3,maximum_iou,sda_florita2013_0.025,threshold_4h,605,0.2925869385457404,0.3129880085781554,0.38314213701959016,7304,3539,0.08283132530120482,0.17095224639728737
pizhou,0.5,greedy,sda_florita2013_0.025,threshold_4h,76,0.47639765182666266,0.5081770754272292,0.5639439507860562,7304,3539,0.0104052573932092,0.021474992935857588
pizhou,0.5,maximum_iou,sda_florita2013_0.025,threshold_4h,76,0.4565566901765207,0.4895787330583664,0.5639439507860562,7304,3539,0.0104052573932092,0.021474992935857588
pizhou,0.7,greedy,sda_florita2013_0.025,threshold_4h,7,1.0,1.0,0.7546897546897547,7304,3539,0.0009583789704271632,0.0019779598756710934
pizhou,0.7,maximum_iou,sda_florita2013_0.025,threshold_4h,7,1.0,1.0,0.7546897546897547,7304,3539,0.0009583789704271632,0.0019779598756710934
pizhou,0.3,greedy,threshold_1h,threshold_2h,4549,0.59596323732475,0.6070641409622964,0.50207046501287,8396,6346,0.5418056217246308,0.7168294988969429
pizhou,0.3,maximum_iou,threshold_1h,threshold_2h,4552,0.594569229315788,0.6053748061767358,0.5020251637397947,8396,6346,0.5421629347308242,0.7173022376300031
pizhou,0.5,greedy,threshold_1h,threshold_2h,2852,0.5884242969693936,0.5939631359927908,0.570764838831108,8396,6346,0.3396855645545498,0.4494169555625591
pizhou,0.5,maximum_iou,threshold_1h,threshold_2h,2853,0.5833333343644537,0.5913425354759414,0.5707400351722117,8396,6346,0.3398046688899476,0.4495745351402458
pizhou,0.7,greedy,threshold_1h,threshold_2h,347,0.6136810809828549,0.6922045246239225,0.774673141459885,8396,6346,0.041329204383039546,0.05468011345729593
pizhou,0.7,maximum_iou,threshold_1h,threshold_2h,347,0.6136810809828549,0.6922045246239225,0.774673141459885,8396,6346,0.041329204383039546,0.05468011345729593
pizhou,0.3,greedy,threshold_1h,threshold_4h,863,0.4065336618763383,0.4140207477031248,0.3584756427855417,8396,3539,0.10278704144830872,0.2438541961005934
pizhou,0.3,maximum_iou,threshold_1h,threshold_4h,882,0.3810459638159897,0.3957696697292692,0.3578290848522627,8396,3539,0.10505002382086708,0.24922294433455777
pizhou,0.5,greedy,threshold_1h,threshold_4h,42,0.3297214439639657,0.36833717017885603,0.5222222222222224,8396,3539,0.0050023820867079564,0.01186775925402656
pizhou,0.5,maximum_iou,threshold_1h,threshold_4h,42,0.2873022286007244,0.32479666599448814,0.5222222222222224,8396,3539,0.0050023820867079564,0.01186775925402656
pizhou,0.7,greedy,threshold_1h,threshold_4h,0,,,,8396,3539,0.0,0.0
pizhou,0.7,maximum_iou,threshold_1h,threshold_4h,0,,,,8396,3539,0.0,0.0
pizhou,0.3,greedy,threshold_2h,threshold_4h,3217,0.43975755594721,0.4241058865550348,0.5544621577877467,6346,3539,0.5069335014182162,0.9090138457191297
pizhou,0.3,maximum_iou,threshold_2h,threshold_4h,3236,0.43925315421429395,0.42849657320200296,0.5529990995916273,6346,3539,0.5099275133942641,0.9143825939530941
pizhou,0.5,greedy,threshold_2h,threshold_4h,2282,0.43724151322583266,0.40352565274482927,0.6149998056044769,6346,3539,0.35959659628112195,0.6448149194687764
pizhou,0.5,maximum_iou,threshold_2h,threshold_4h,2291,0.4334572019886277,0.40326777626442833,0.6144196265692815,6346,3539,0.36101481248030254,0.6473580107374964
pizhou,0.7,greedy,threshold_2h,threshold_4h,490,0.48031348695200676,0.42138510896526343,0.7766247367639768,6346,3539,0.07721399306649858,0.13845719129697653
pizhou,0.7,maximum_iou,threshold_2h,threshold_4h,490,0.4786802225204195,0.4202655095907227,0.7766247367639768,6346,3539,0.07721399306649858,0.13845719129697653
suining,0.3,greedy,adaptive_corridor,endpoint_corridor_0.025,2640,0.8423815880335849,0.9093707940457006,0.8373640217106126,3538,3111,0.746184284906727,0.8486017357762777
suining,0.3,maximum_iou,adaptive_corridor,endpoint_corridor_0.025,2640,0.8439905268887433,0.9131577238347289,0.8373640217106126,3538,3111,0.746184284906727,0.8486017357762777
suining,0.5,greedy,adaptive_corridor,endpoint_corridor_0.025,2469,0.8628333330853194,0.921562269333791,0.8713671751946356,3538,3111,0.6978518937252686,0.793635486981678
suining,0.5,maximum_iou,adaptive_corridor,endpoint_corridor_0.025,2469,0.866037069004133,0.9262356163323793,0.8713671751946356,3538,3111,0.6978518937252686,0.793635486981678
suining,0.7,greedy,adaptive_corridor,endpoint_corridor_0.025,1802,0.9920164337256533,0.9976420682795218,0.9953794725437344,3538,3111,0.509327303561334,0.5792349726775956
suining,0.7,maximum_iou,adaptive_corridor,endpoint_corridor_0.025,1802,0.9920164337256533,0.9976420682795218,0.9953794725437344,3538,3111,0.509327303561334,0.5792349726775956
suining,0.3,greedy,adaptive_corridor,endpoint_corridor_0.050,3022,0.8657576522465538,0.9297063796476226,0.8680401920309266,3538,3571,0.8541548897682306,0.8462615513861663
suining,0.3,maximum_iou,adaptive_corridor,endpoint_corridor_0.050,3022,0.866944352964427,0.9312323384893744,0.8680401920309266,3538,3571,0.8541548897682306,0.8462615513861663
suining,0.5,greedy,adaptive_corridor,endpoint_corridor_0.050,2881,0.8806489846804717,0.93876565535616,0.8933600271069899,3538,3571,0.8143018654607123,0.8067768132175861
suining,0.5,maximum_iou,adaptive_corridor,endpoint_corridor_0.050,2881,0.8819362924794117,0.9404420627141544,0.8933600271069899,3538,3571,0.8143018654607123,0.8067768132175861
suining,0.7,greedy,adaptive_corridor,endpoint_corridor_0.050,2247,0.9856220636775165,0.9953385282065813,0.9894435967533429,3538,3571,0.6351045788581119,0.6292355082609913
suining,0.7,maximum_iou,adaptive_corridor,endpoint_corridor_0.050,2247,0.9856220636775165,0.9953385282065813,0.9894435967533429,3538,3571,0.6351045788581119,0.6292355082609913
suining,0.3,greedy,adaptive_corridor,endpoint_corridor_0.100,3194,0.8982485912855561,0.9489139627415234,0.8929333364054718,3538,3731,0.9027699265121537,0.8560707585097829
suining,0.3,maximum_iou,adaptive_corridor,endpoint_corridor_0.100,3194,0.8941540955489502,0.9478885979673529,0.8929333364054718,3538,3731,0.9027699265121537,0.8560707585097829
suining,0.5,greedy,adaptive_corridor,endpoint_corridor_0.100,3087,0.9159598664383026,0.9600842709060559,0.9113267900439912,3538,3731,0.8725268513284341,0.8273921200750469
suining,0.5,maximum_iou,adaptive_corridor,endpoint_corridor_0.100,3087,0.9117868869415957,0.9590363143152928,0.9113267900439912,3538,3731,0.8725268513284341,0.8273921200750469
suining,0.7,greedy,adaptive_corridor,endpoint_corridor_0.100,2543,0.9874181251400896,0.9959588779116623,0.9867753712621978,3538,3731,0.718767665347654,0.6815867059769499
suining,0.7,maximum_iou,adaptive_corridor,endpoint_corridor_0.100,2543,0.9874181251400896,0.9959588779116623,0.9867753712621978,3538,3731,0.718767665347654,0.6815867059769499
suining,0.3,greedy,adaptive_corridor,financial_tail_1h,740,0.7101358633061557,0.7907815722321581,0.6822940797940799,3538,864,0.2091577162238553,0.8564814814814815
suining,0.3,maximum_iou,adaptive_corridor,financial_tail_1h,740,0.7236932687627362,0.7942798649796037,0.6822940797940799,3538,864,0.2091577162238553,0.8564814814814815
suining,0.5,greedy,adaptive_corridor,financial_tail_1h,616,0.7423669160871439,0.822889128841959,0.7515653988868276,3538,864,0.17410966647823628,0.7129629629629629
suining,0.5,maximum_iou,adaptive_corridor,financial_tail_1h,616,0.7414234040781733,0.8214532434754973,0.7515653988868276,3538,864,0.17410966647823628,0.7129629629629629
suining,0.7,greedy,adaptive_corridor,financial_tail_1h,275,0.9804654790904476,0.9938227267659806,0.9842337662337662,3538,864,0.07772752967778405,0.31828703703703703
suining,0.7,maximum_iou,adaptive_corridor,financial_tail_1h,275,0.9804654790904476,0.9938227267659806,0.9842337662337662,3538,864,0.07772752967778405,0.31828703703703703
suining,0.3,greedy,adaptive_corridor,financial_tail_2h,344,0.562759823114961,0.6621027314014266,0.5471192405785429,3538,554,0.09723007348784624,0.6209386281588448
suining,0.3,maximum_iou,adaptive_corridor,financial_tail_2h,344,0.5770058994184574,0.659554427340748,0.5471192405785429,3538,554,0.09723007348784624,0.6209386281588448
suining,0.5,greedy,adaptive_corridor,financial_tail_2h,222,0.6354711827695034,0.7054144886772562,0.6452023452023452,3538,554,0.06274731486715658,0.4007220216606498
suining,0.5,maximum_iou,adaptive_corridor,financial_tail_2h,222,0.6399249648795332,0.709155350958704,0.6452023452023452,3538,554,0.06274731486715658,0.4007220216606498
suining,0.7,greedy,adaptive_corridor,financial_tail_2h,76,0.7872521771357855,0.8365738118454126,0.8466165413533835,3538,554,0.02148106274731487,0.1371841155234657
suining,0.7,maximum_iou,adaptive_corridor,financial_tail_2h,76,0.7872521771357855,0.8365738118454126,0.8466165413533835,3538,554,0.02148106274731487,0.1371841155234657
suining,0.3,greedy,adaptive_corridor,financial_tail_4h,128,0.4665284356284419,0.5033557818601306,0.4649571069235955,3538,375,0.03617863199547767,0.3413333333333333
suining,0.3,maximum_iou,adaptive_corridor,financial_tail_4h,128,0.46818431101438046,0.5038490352535081,0.4649571069235955,3538,375,0.03617863199547767,0.3413333333333333
suining,0.5,greedy,adaptive_corridor,financial_tail_4h,56,0.4833106332502627,0.42068092417597325,0.608987936666508,3538,375,0.01582815149802148,0.14933333333333335
suining,0.5,maximum_iou,adaptive_corridor,financial_tail_4h,56,0.4833106332502627,0.42068092417597325,0.608987936666508,3538,375,0.01582815149802148,0.14933333333333335
suining,0.7,greedy,adaptive_corridor,financial_tail_4h,11,0.672279711157914,0.42105263157894735,0.8459595959595959,3538,375,0.0031091011871113624,0.029333333333333333
suining,0.7,maximum_iou,adaptive_corridor,financial_tail_4h,11,0.672279711157914,0.42105263157894735,0.8459595959595959,3538,375,0.0031091011871113624,0.029333333333333333
suining,0.3,greedy,adaptive_corridor,mean_shift_1h,1489,0.5784330934127396,0.6243364419742834,0.5653515632192596,3538,1938,0.4208592425098926,0.7683178534571723
suining,0.3,maximum_iou,adaptive_corridor,mean_shift_1h,1490,0.5623986495584595,0.6114076105786861,0.5651958462864503,3538,1938,0.42114188807235725,0.7688338493292054
suining,0.5,greedy,adaptive_corridor,mean_shift_1h,1013,0.6245473055676242,0.6659717992779032,0.6669428383396794,3538,1938,0.28631995477671,0.522703818369453
suining,0.5,maximum_iou,adaptive_corridor,mean_shift_1h,1013,0.6212384464689278,0.6642701954088823,0.6669428383396794,3538,1938,0.28631995477671,0.522703818369453
suining,0.7,greedy,adaptive_corridor,mean_shift_1h,329,0.763816645825706,0.8459479693106696,0.8724887827471415,3538,1938,0.0929903900508762,0.1697626418988648
suining,0.7,maximum_iou,adaptive_corridor,mean_shift_1h,329,0.763816645825706,0.8459479693106696,0.8724887827471415,3538,1938,0.0929903900508762,0.1697626418988648
suining,0.3,greedy,adaptive_corridor,mean_shift_2h,459,0.3222780311211141,0.3226025753035397,0.4605010343868374,3538,1145,0.1297343131712832,0.4008733624454148
suining,0.3,maximum_iou,adaptive_corridor,mean_shift_2h,461,0.3114474352071354,0.30980076519028743,0.4597258376294896,3538,1145,0.13029960429621254,0.40262008733624455
suining,0.5,greedy,adaptive_corridor,mean_shift_2h,171,0.5137955115249784,0.4392427344820654,0.613290364606154,3538,1145,0.04833239118145845,0.14934497816593886
suining,0.5,maximum_iou,adaptive_corridor,mean_shift_2h,171,0.5137955115249784,0.4392427344820654,0.613290364606154,3538,1145,0.04833239118145845,0.14934497816593886
suining,0.7,greedy,adaptive_corridor,mean_shift_2h,38,0.5488669649862117,0.46023357415148647,0.8127259436469964,3538,1145,0.010740531373657434,0.03318777292576419
suining,0.7,maximum_iou,adaptive_corridor,mean_shift_2h,38,0.5488669649862117,0.46023357415148647,0.8127259436469964,3538,1145,0.010740531373657434,0.03318777292576419
suining,0.3,greedy,adaptive_corridor,mean_shift_4h,69,0.2204748544536065,0.1986296256156449,0.39045818834781626,3538,625,0.01950254381006218,0.1104
suining,0.3,maximum_iou,adaptive_corridor,mean_shift_4h,70,0.18287264978258996,0.15934065934065933,0.39043576978411737,3538,625,0.01978518937252685,0.112
suining,0.5,greedy,adaptive_corridor,mean_shift_4h,9,0.6948182184224201,0.4827586206896552,0.610311781632731,3538,625,0.002543810062182024,0.0144
suining,0.5,maximum_iou,adaptive_corridor,mean_shift_4h,9,0.6948182184224201,0.4827586206896552,0.610311781632731,3538,625,0.002543810062182024,0.0144
suining,0.7,greedy,adaptive_corridor,mean_shift_4h,2,1.0,1.0,0.8023529411764705,3538,625,0.0005652911249293386,0.0032
suining,0.7,maximum_iou,adaptive_corridor,mean_shift_4h,2,1.0,1.0,0.8023529411764705,3538,625,0.0005652911249293386,0.0032
suining,0.3,greedy,adaptive_corridor,opsda_cui2015_1h_0.025,1361,0.6305034733337319,0.7185745244966648,0.5792554494244428,3538,1534,0.38468061051441493,0.8872229465449805
suining,0.3,maximum_iou,adaptive_corridor,opsda_cui2015_1h_0.025,1361,0.6189236984794344,0.7111218340889501,0.5792554494244428,3538,1534,0.38468061051441493,0.8872229465449805
suining,0.5,greedy,adaptive_corridor,opsda_cui2015_1h_0.025,1139,0.6633007442080386,0.7454131544711069,0.6261340357038339,3538,1534,0.3219332956472583,0.742503259452412
suining,0.5,maximum_iou,adaptive_corridor,opsda_cui2015_1h_0.025,1139,0.6479843765607537,0.735612236847996,0.6261340357038339,3538,1534,0.3219332956472583,0.742503259452412
suining,0.7,greedy,adaptive_corridor,opsda_cui2015_1h_0.025,236,1.0,1.0,1.0,3538,1534,0.06670435274166196,0.15384615384615385
suining,0.7,maximum_iou,adaptive_corridor,opsda_cui2015_1h_0.025,236,1.0,1.0,1.0,3538,1534,0.06670435274166196,0.15384615384615385
suining,0.3,greedy,adaptive_corridor,opsda_cui2015_2h_0.025,1958,0.6123720539309256,0.7187011092426391,0.6127819859178388,3538,2930,0.5534200113058225,0.668259385665529
suining,0.3,maximum_iou,adaptive_corridor,opsda_cui2015_2h_0.025,1958,0.6043975826003727,0.7135436519839896,0.6127819859178388,3538,2930,0.5534200113058225,0.668259385665529
suining,0.5,greedy,adaptive_corridor,opsda_cui2015_2h_0.025,1721,0.6388597562056911,0.7432502558749129,0.6491035112476136,3538,2930,0.4864330130016959,0.5873720136518771
suining,0.5,maximum_iou,adaptive_corridor,opsda_cui2015_2h_0.025,1721,0.6293457572027161,0.7374638596589886,0.6491035112476136,3538,2930,0.4864330130016959,0.5873720136518771
suining,0.7,greedy,adaptive_corridor,opsda_cui2015_2h_0.025,502,0.8583738191654824,0.9136866854054673,0.9148406374501993,3538,2930,0.141888072357264,0.17133105802047782
suining,0.7,maximum_iou,adaptive_corridor,opsda_cui2015_2h_0.025,502,0.8583738191654824,0.9136866854054673,0.9148406374501993,3538,2930,0.141888072357264,0.17133105802047782
suining,0.3,greedy,adaptive_corridor,opsda_cui2015_4h_0.025,2211,0.5925177944979027,0.7026818015795614,0.6182883087564226,3538,4407,0.6249293386093838,0.5017018379850239
suining,0.3,maximum_iou,adaptive_corridor,opsda_cui2015_4h_0.025,2216,0.5781025262799532,0.6908099757978089,0.6171038435591684,3538,4407,0.6263425664217072,0.5028363966417064
suining,0.5,greedy,adaptive_corridor,opsda_cui2015_4h_0.025,1852,0.6507621067860377,0.7487063962965079,0.6682955648263427,3538,4407,0.5234595816845675,0.4202405264352167
suining,0.5,maximum_iou,adaptive_corridor,opsda_cui2015_4h_0.025,1852,0.6400244819345413,0.7414741797906169,0.6682955648263427,3538,4407,0.5234595816845675,0.4202405264352167
suining,0.7,greedy,adaptive_corridor,opsda_cui2015_4h_0.025,650,0.8142616837944625,0.8858462588064021,0.901408868908869,3538,4407,0.18371961560203504,0.14749262536873156
suining,0.7,maximum_iou,adaptive_corridor,opsda_cui2015_4h_0.025,650,0.8142616837944625,0.8858462588064021,0.901408868908869,3538,4407,0.18371961560203504,0.14749262536873156
suining,0.3,greedy,adaptive_corridor,sda_florita2013_0.025,1917,0.6445192451884845,0.7393715972381392,0.5980506495764712,3538,2320,0.541831543244771,0.8262931034482759
suining,0.3,maximum_iou,adaptive_corridor,sda_florita2013_0.025,1918,0.6395388922941234,0.7362706330889218,0.5979126322061672,3538,2320,0.5421141888072357,0.8267241379310345
suining,0.5,greedy,adaptive_corridor,sda_florita2013_0.025,1576,0.6907104857387751,0.7823665697473029,0.6536895193779712,3538,2320,0.44544940644431885,0.6793103448275862
suining,0.5,maximum_iou,adaptive_corridor,sda_florita2013_0.025,1576,0.679727570818399,0.7760205262655336,0.6536895193779712,3538,2320,0.44544940644431885,0.6793103448275862
suining,0.7,greedy,adaptive_corridor,sda_florita2013_0.025,425,0.9326939921200844,0.9675385489661726,0.9433781512605042,3538,2320,0.12012436404748446,0.18318965517241378
suining,0.7,maximum_iou,adaptive_corridor,sda_florita2013_0.025,425,0.9326939921200844,0.9675385489661726,0.9433781512605042,3538,2320,0.12012436404748446,0.18318965517241378
suining,0.3,greedy,adaptive_corridor,threshold_1h,2505,0.697115944822249,0.7722947003286064,0.6605104077559169,3538,2953,0.7080271339739966,0.8482898747036912
suining,0.3,maximum_iou,adaptive_corridor,threshold_1h,2505,0.6950711204554644,0.7716013272496142,0.6605104077559169,3538,2953,0.7080271339739966,0.8482898747036912
suining,0.5,greedy,adaptive_corridor,threshold_1h,2006,0.7143493579484922,0.798400407394007,0.7404245596543702,3538,2953,0.5669869983041266,0.6793091771080257
suining,0.5,maximum_iou,adaptive_corridor,threshold_1h,2006,0.7081615313709266,0.7955495149248261,0.7404245596543702,3538,2953,0.5669869983041266,0.6793091771080257
suining,0.7,greedy,adaptive_corridor,threshold_1h,857,0.9731451991497067,0.9912068120030273,0.9713229982774908,3538,2953,0.2422272470322216,0.29021334236369795
suining,0.7,maximum_iou,adaptive_corridor,threshold_1h,857,0.9731451991497067,0.9912068120030273,0.9713229982774908,3538,2953,0.2422272470322216,0.29021334236369795
suining,0.3,greedy,adaptive_corridor,threshold_2h,1224,0.5756259188497772,0.6479098346872029,0.576382335665424,3538,2402,0.34595816845675526,0.5095753538717736
suining,0.3,maximum_iou,adaptive_corridor,threshold_2h,1224,0.5834810832793517,0.6543441887101156,0.576382335665424,3538,2402,0.34595816845675526,0.5095753538717736
suining,0.5,greedy,adaptive_corridor,threshold_2h,791,0.649073875502424,0.7370076219994479,0.6864811652738328,3538,2402,0.22357263990955342,0.3293089092422981
suining,0.5,maximum_iou,adaptive_corridor,threshold_2h,791,0.6551280296034265,0.7412160813148603,0.6864811652738328,3538,2402,0.22357263990955342,0.3293089092422981
suining,0.7,greedy,adaptive_corridor,threshold_2h,347,0.7720428358007752,0.8647502376544763,0.8603426192763367,3538,2402,0.09807801017524025,0.14446294754371358
suining,0.7,maximum_iou,adaptive_corridor,threshold_2h,347,0.7720428358007752,0.8647502376544763,0.8603426192763367,3538,2402,0.09807801017524025,0.14446294754371358
suining,0.3,greedy,adaptive_corridor,threshold_4h,366,0.3455539392344798,0.4161453372969502,0.4721669638030716,3538,1420,0.10344827586206896,0.2577464788732394
suining,0.3,maximum_iou,adaptive_corridor,threshold_4h,366,0.3231904132003139,0.3943820035701286,0.4721669638030716,3538,1420,0.10344827586206896,0.2577464788732394
suining,0.5,greedy,adaptive_corridor,threshold_4h,130,0.47073182085111,0.4845751123819557,0.6569900574538584,3538,1420,0.03674392312040701,0.09154929577464789
suining,0.5,maximum_iou,adaptive_corridor,threshold_4h,130,0.47073182085111,0.4845751123819557,0.6569900574538584,3538,1420,0.03674392312040701,0.09154929577464789
suining,0.7,greedy,adaptive_corridor,threshold_4h,42,0.6848198144376386,0.6292368746340511,0.8712997320140177,3538,1420,0.011871113623516111,0.029577464788732393
suining,0.7,maximum_iou,adaptive_corridor,threshold_4h,42,0.6848198144376386,0.6292368746340511,0.8712997320140177,3538,1420,0.011871113623516111,0.029577464788732393
suining,0.3,greedy,endpoint_corridor_0.025,endpoint_corridor_0.050,2968,0.9292182977772,0.9676462294012775,0.9452581504299833,3111,3571,0.9540340726454516,0.8311397367684122
suining,0.3,maximum_iou,endpoint_corridor_0.025,endpoint_corridor_0.050,2968,0.92889243470275,0.9685815689354181,0.9452581504299833,3111,3571,0.9540340726454516,0.8311397367684122
suining,0.5,greedy,endpoint_corridor_0.025,endpoint_corridor_0.050,2950,0.934249932949987,0.9700735115134026,0.9489370460048426,3111,3571,0.9482481517197042,0.8260991318958275
suining,0.5,maximum_iou,endpoint_corridor_0.025,endpoint_corridor_0.050,2950,0.9338780372552704,0.9710332319152019,0.9489370460048426,3111,3571,0.9482481517197042,0.8260991318958275
suining,0.7,greedy,endpoint_corridor_0.025,endpoint_corridor_0.050,2630,0.9906888315785183,0.9968416723020543,0.9972487778381314,3111,3571,0.8453873352619736,0.7364883786054327
suining,0.7,maximum_iou,endpoint_corridor_0.025,endpoint_corridor_0.050,2630,0.9906888315785183,0.9968416723020543,0.9972487778381314,3111,3571,0.8453873352619736,0.7364883786054327
suining,0.3,greedy,endpoint_corridor_0.025,endpoint_corridor_0.100,2691,0.8418118144368995,0.9115729340427905,0.822331707476635,3111,3731,0.8649951783992286,0.7212543554006968
suining,0.3,maximum_iou,endpoint_corridor_0.025,endpoint_corridor_0.100,2691,0.8464998023198737,0.9168754189472716,0.822331707476635,3111,3731,0.8649951783992286,0.7212543554006968
suining,0.5,greedy,endpoint_corridor_0.025,endpoint_corridor_0.100,2528,0.8576045285151683,0.9200938412237547,0.8528236136226642,3111,3731,0.812600450016072,0.6775663361029215
suining,0.5,maximum_iou,endpoint_corridor_0.025,endpoint_corridor_0.100,2528,0.8611720468979687,0.9245373355188077,0.8528236136226642,3111,3731,0.812600450016072,0.6775663361029215
suining,0.7,greedy,endpoint_corridor_0.025,endpoint_corridor_0.100,1747,0.9886434045746817,0.9963023588082347,0.9949119124848946,3111,3731,0.5615557698489232,0.46823907799517556
suining,0.7,maximum_iou,endpoint_corridor_0.025,endpoint_corridor_0.100,1747,0.9886434045746817,0.9963023588082347,0.9949119124848946,3111,3731,0.5615557698489232,0.46823907799517556
suining,0.3,greedy,endpoint_corridor_0.025,financial_tail_1h,660,0.6808960243192578,0.7697821134471164,0.5468434343434343,3111,864,0.21215043394406943,0.7638888888888888
suining,0.3,maximum_iou,endpoint_corridor_0.025,financial_tail_1h,660,0.6774926478049405,0.7673194803912439,0.5468434343434343,3111,864,0.21215043394406943,0.7638888888888888
suining,0.5,greedy,endpoint_corridor_0.025,financial_tail_1h,475,0.691712724229528,0.7703045870730374,0.629298245614035,3111,864,0.1526840244294439,0.5497685185185185
suining,0.5,maximum_iou,endpoint_corridor_0.025,financial_tail_1h,475,0.6854204792103636,0.7659633952899605,0.629298245614035,3111,864,0.1526840244294439,0.5497685185185185
suining,0.7,greedy,endpoint_corridor_0.025,financial_tail_1h,108,1.0,1.0,0.9976851851851852,3111,864,0.03471552555448409,0.125
suining,0.7,maximum_iou,endpoint_corridor_0.025,financial_tail_1h,108,1.0,1.0,0.9976851851851852,3111,864,0.03471552555448409,0.125
suining,0.3,greedy,endpoint_corridor_0.025,financial_tail_2h,142,0.5693798320113076,0.6522794258439172,0.4514587525150905,3111,554,0.045644487303117966,0.2563176895306859
suining,0.3,maximum_iou,endpoint_corridor_0.025,financial_tail_2h,142,0.5700677169640229,0.641666406179611,0.4514587525150905,3111,554,0.045644487303117966,0.2563176895306859
suining,0.5,greedy,endpoint_corridor_0.025,financial_tail_2h,64,0.6485334797405621,0.7135006156564567,0.5505208333333333,3111,554,0.020572163291546125,0.11552346570397112
suining,0.5,maximum_iou,endpoint_corridor_0.025,financial_tail_2h,64,0.6485334797405621,0.7135006156564567,0.5505208333333333,3111,554,0.020572163291546125,0.11552346570397112
suining,0.7,greedy,endpoint_corridor_0.025,financial_tail_2h,7,0.8579917415317729,0.9049773755656109,0.8285714285714285,3111,554,0.0022500803600128574,0.01263537906137184
suining,0.7,maximum_iou,endpoint_corridor_0.025,financial_tail_2h,7,0.8579917415317729,0.9049773755656109,0.8285714285714285,3111,554,0.0022500803600128574,0.01263537906137184
suining,0.3,greedy,endpoint_corridor_0.025,financial_tail_4h,21,0.6729154342652329,0.5098599599885681,0.39140211640211636,3111,375,0.006750241080038573,0.056
suining,0.3,maximum_iou,endpoint_corridor_0.025,financial_tail_4h,21,0.6729154342652329,0.5098599599885681,0.39140211640211636,3111,375,0.006750241080038573,0.056
suining,0.5,greedy,endpoint_corridor_0.025,financial_tail_4h,2,0.0,0.0,0.6833333333333333,3111,375,0.0006428801028608164,0.005333333333333333
suining,0.5,maximum_iou,endpoint_corridor_0.025,financial_tail_4h,2,0.0,0.0,0.6833333333333333,3111,375,0.0006428801028608164,0.005333333333333333
suining,0.7,greedy,endpoint_corridor_0.025,financial_tail_4h,1,1.0,1.0,0.7,3111,375,0.0003214400514304082,0.0026666666666666666
suining,0.7,maximum_iou,endpoint_corridor_0.025,financial_tail_4h,1,1.0,1.0,0.7,3111,375,0.0003214400514304082,0.0026666666666666666
suining,0.3,greedy,endpoint_corridor_0.025,mean_shift_1h,975,0.5562401088484922,0.6154812243534347,0.4410940170940171,3111,1938,0.313404050144648,0.5030959752321982
suining,0.3,maximum_iou,endpoint_corridor_0.025,mean_shift_1h,978,0.5374565390560623,0.5925211118030903,0.44076346284935236,3111,1938,0.31436837029893927,0.5046439628482973
suining,0.5,greedy,endpoint_corridor_0.025,mean_shift_1h,371,0.6766018228161947,0.7200572519382877,0.6043126684636119,3111,1938,0.11925425908068145,0.1914344685242518
suining,0.5,maximum_iou,endpoint_corridor_0.025,mean_shift_1h,371,0.6766018228161947,0.7200572519382877,0.6043126684636119,3111,1938,0.11925425908068145,0.1914344685242518
suining,0.7,greedy,endpoint_corridor_0.025,mean_shift_1h,41,0.899545630309136,0.9218843030317464,0.9227642276422765,3111,1938,0.013179042108646738,0.021155830753353973
suining,0.7,maximum_iou,endpoint_corridor_0.025,mean_shift_1h,41,0.899545630309136,0.9218843030317464,0.9227642276422765,3111,1938,0.013179042108646738,0.021155830753353973
suining,0.3,greedy,endpoint_corridor_0.025,mean_shift_2h,58,0.39910403497554664,0.3740118946709992,0.40592065979997016,3111,1145,0.01864352298296368,0.050655021834061134
suining,0.3,maximum_iou,endpoint_corridor_0.025,mean_shift_2h,58,0.37050775491493704,0.34690550108324214,0.40592065979997016,3111,1145,0.01864352298296368,0.050655021834061134
suining,0.5,greedy,endpoint_corridor_0.025,mean_shift_2h,12,0.5850868669923665,0.35443037974683544,0.5983796296296295,3111,1145,0.003857280617164899,0.010480349344978166
suining,0.5,maximum_iou,endpoint_corridor_0.025,mean_shift_2h,12,0.5850868669923665,0.35443037974683544,0.5983796296296295,3111,1145,0.003857280617164899,0.010480349344978166
suining,0.7,greedy,endpoint_corridor_0.025,mean_shift_2h,2,0.0,0.0,0.8571428571428571,3111,1145,0.0006428801028608164,0.0017467248908296944
suining,0.7,maximum_iou,endpoint_corridor_0.025,mean_shift_2h,2,0.0,0.0,0.8571428571428571,3111,1145,0.0006428801028608164,0.0017467248908296944
suining,0.3,greedy,endpoint_corridor_0.025,mean_shift_4h,2,0.0,0.0,0.31666666666666665,3111,625,0.0006428801028608164,0.0032
suining,0.3,maximum_iou,endpoint_corridor_0.025,mean_shift_4h,2,0.0,0.0,0.31666666666666665,3111,625,0.0006428801028608164,0.0032
suining,0.5,greedy,endpoint_corridor_0.025,mean_shift_4h,0,,,,3111,625,0.0,0.0
suining,0.5,maximum_iou,endpoint_corridor_0.025,mean_shift_4h,0,,,,3111,625,0.0,0.0
suining,0.7,greedy,endpoint_corridor_0.025,mean_shift_4h,0,,,,3111,625,0.0,0.0
suining,0.7,maximum_iou,endpoint_corridor_0.025,mean_shift_4h,0,,,,3111,625,0.0,0.0
suining,0.3,greedy,endpoint_corridor_0.025,opsda_cui2015_1h_0.025,1239,0.6206994880151476,0.701533134966228,0.4853376378800108,3111,1534,0.3982642237222758,0.8076923076923077
suining,0.3,maximum_iou,endpoint_corridor_0.025,opsda_cui2015_1h_0.025,1239,0.595162220750711,0.6878422313358713,0.4853376378800108,3111,1534,0.3982642237222758,0.8076923076923077
suining,0.5,greedy,endpoint_corridor_0.025,opsda_cui2015_1h_0.025,1130,0.6167719948104854,0.7010222208120434,0.5,3111,1534,0.3632272581163613,0.7366362451108214
suining,0.5,maximum_iou,endpoint_corridor_0.025,opsda_cui2015_1h_0.025,1130,0.5892758868485743,0.6859626946442282,0.5,3111,1534,0.3632272581163613,0.7366362451108214
suining,0.7,greedy,endpoint_corridor_0.025,opsda_cui2015_1h_0.025,0,,,,3111,1534,0.0,0.0
suining,0.7,maximum_iou,endpoint_corridor_0.025,opsda_cui2015_1h_0.025,0,,,,3111,1534,0.0,0.0
suining,0.3,greedy,endpoint_corridor_0.025,opsda_cui2015_2h_0.025,1587,0.6192957681469019,0.7167561924977254,0.49921235034656586,3111,2930,0.5101253616200578,0.5416382252559727
suining,0.3,maximum_iou,endpoint_corridor_0.025,opsda_cui2015_2h_0.025,1587,0.600083930201263,0.7049387862282595,0.49921235034656586,3111,2930,0.5101253616200578,0.5416382252559727
suining,0.5,greedy,endpoint_corridor_0.025,opsda_cui2015_2h_0.025,1374,0.6209261630758088,0.7231579579098257,0.524490538573508,3111,2930,0.4416586306653809,0.4689419795221843
suining,0.5,maximum_iou,endpoint_corridor_0.025,opsda_cui2015_2h_0.025,1374,0.6036922022467276,0.7124728365536112,0.524490538573508,3111,2930,0.4416586306653809,0.4689419795221843
suining,0.7,greedy,endpoint_corridor_0.025,opsda_cui2015_2h_0.025,23,0.8384095894978365,0.8884128284292105,0.75,3111,2930,0.007393121182899389,0.007849829351535836
suining,0.7,maximum_iou,endpoint_corridor_0.025,opsda_cui2015_2h_0.025,23,0.8384095894978365,0.8884128284292105,0.75,3111,2930,0.007393121182899389,0.007849829351535836
suining,0.3,greedy,endpoint_corridor_0.025,opsda_cui2015_4h_0.025,1662,0.6016064174638616,0.7057221052265893,0.49131496762363186,3111,4407,0.5342333654773385,0.37712729748127977
suining,0.3,maximum_iou,endpoint_corridor_0.025,opsda_cui2015_4h_0.025,1669,0.5839611081211591,0.6920500056517132,0.4894141059659334,3111,4407,0.5364834458373513,0.37871567960063535
suining,0.5,greedy,endpoint_corridor_0.025,opsda_cui2015_4h_0.025,1324,0.6240593652183248,0.7218983391290714,0.5258919579916558,3111,4407,0.4255866280938605,0.3004311322895394
suining,0.5,maximum_iou,endpoint_corridor_0.025,opsda_cui2015_4h_0.025,1324,0.608667046676732,0.7123023167822448,0.5258919579916558,3111,4407,0.4255866280938605,0.3004311322895394
suining,0.7,greedy,endpoint_corridor_0.025,opsda_cui2015_4h_0.025,27,0.8517983064546977,0.9202919708029197,0.7638447971781306,3111,4407,0.008678881388621022,0.006126616746085773
suining,0.7,maximum_iou,endpoint_corridor_0.025,opsda_cui2015_4h_0.025,27,0.8517983064546977,0.9202919708029197,0.7638447971781306,3111,4407,0.008678881388621022,0.006126616746085773
suining,0.3,greedy,endpoint_corridor_0.025,sda_florita2013_0.025,1680,0.6293242288550163,0.7147697207924065,0.4934297052154195,3111,2320,0.5400192864030858,0.7241379310344828
suining,0.3,maximum_iou,endpoint_corridor_0.025,sda_florita2013_0.025,1680,0.6056546262593072,0.7020978135737512,0.4934297052154195,3111,2320,0.5400192864030858,0.7241379310344828
suining,0.5,greedy,endpoint_corridor_0.025,sda_florita2013_0.025,1389,0.6329687228463171,0.7270592796117432,0.526490452192396,3111,2320,0.446480231436837,0.5987068965517242
suining,0.5,maximum_iou,endpoint_corridor_0.025,sda_florita2013_0.025,1389,0.6097944162887965,0.7146126969831602,0.526490452192396,3111,2320,0.446480231436837,0.5987068965517242
suining,0.7,greedy,endpoint_corridor_0.025,sda_florita2013_0.025,29,0.8570938127518118,0.9212434228074003,0.7628899835796389,3111,2320,0.00932176149148184,0.0125
suining,0.7,maximum_iou,endpoint_corridor_0.025,sda_florita2013_0.025,29,0.8570938127518118,0.9212434228074003,0.7628899835796389,3111,2320,0.00932176149148184,0.0125
suining,0.3,greedy,endpoint_corridor_0.025,threshold_1h,2085,0.6684138859716336,0.7408953805922511,0.5547601918465228,3111,2953,0.6702025072324012,0.7060616322384016
suining,0.3,maximum_iou,endpoint_corridor_0.025,threshold_1h,2086,0.6603824338052949,0.7357722272120502,0.5547339405560882,3111,2953,0.6705239472838316,0.706400270910938
suining,0.5,greedy,endpoint_corridor_0.025,threshold_1h,1339,0.6666123014966667,0.7416316799644105,0.6770475479213341,3111,2953,0.4304082288653166,0.4534371825262445
suining,0.5,maximum_iou,endpoint_corridor_0.025,threshold_1h,1340,0.6664551430489906,0.7403559163299858,0.676915422885572,3111,2953,0.430729668916747,0.4537758211987809
suining,0.7,greedy,endpoint_corridor_0.025,threshold_1h,418,1.0,1.0,0.992822966507177,3111,2953,0.13436194149791064,0.14155096512021673
suining,0.7,maximum_iou,endpoint_corridor_0.025,threshold_1h,418,1.0,1.0,0.992822966507177,3111,2953,0.13436194149791064,0.14155096512021673
suining,0.3,greedy,endpoint_corridor_0.025,threshold_2h,393,0.5862561848217425,0.6247397226733653,0.4786047497879559,3111,2402,0.12632594021215043,0.16361365528726063
suining,0.3,maximum_iou,endpoint_corridor_0.025,threshold_2h,393,0.6025979654478907,0.6339729655801075,0.4786047497879559,3111,2402,0.12632594021215043,0.16361365528726063
suining,0.5,greedy,endpoint_corridor_0.025,threshold_2h,181,0.6356793864516059,0.7397853875282566,0.6055445935280189,3111,2402,0.05818064930890389,0.07535387177352207
suining,0.5,maximum_iou,endpoint_corridor_0.025,threshold_2h,181,0.6668828190820151,0.7592995705074124,0.6055445935280189,3111,2402,0.05818064930890389,0.07535387177352207
suining,0.7,greedy,endpoint_corridor_0.025,threshold_2h,49,0.7826308501778046,0.8454096119465769,0.8434888241010688,3111,2402,0.01575056252009,0.020399666944213156
suining,0.7,maximum_iou,endpoint_corridor_0.025,threshold_2h,49,0.7826308501778046,0.8454096119465769,0.8434888241010688,3111,2402,0.01575056252009,0.020399666944213156
suining,0.3,greedy,endpoint_corridor_0.025,threshold_4h,41,0.5621517592518226,0.5369787441181243,0.4021628100896393,3111,1420,0.013179042108646738,0.028873239436619718
suining,0.3,maximum_iou,endpoint_corridor_0.025,threshold_4h,41,0.5621517592518226,0.5369787441181243,0.4021628100896393,3111,1420,0.013179042108646738,0.028873239436619718
suining,0.5,greedy,endpoint_corridor_0.025,threshold_4h,8,0.6193113011326309,0.42857142857142855,0.5907512626262627,3111,1420,0.0025715204114432656,0.005633802816901409
suining,0.5,maximum_iou,endpoint_corridor_0.025,threshold_4h,8,0.6193113011326309,0.42857142857142855,0.5907512626262627,3111,1420,0.0025715204114432656,0.005633802816901409
suining,0.7,greedy,endpoint_corridor_0.025,threshold_4h,2,1.0,1.0,0.8125,3111,1420,0.0006428801028608164,0.0014084507042253522
suining,0.7,maximum_iou,endpoint_corridor_0.025,threshold_4h,2,1.0,1.0,0.8125,3111,1420,0.0006428801028608164,0.0014084507042253522
suining,0.3,greedy,endpoint_corridor_0.050,endpoint_corridor_0.100,3079,0.8605818940969289,0.9274686145429043,0.853464632873532,3571,3731,0.8622234668160179,0.8252479228088985
suining,0.3,maximum_iou,endpoint_corridor_0.050,endpoint_corridor_0.100,3079,0.862728562034285,0.9295436311862979,0.853464632873532,3571,3731,0.8622234668160179,0.8252479228088985
suining,0.5,greedy,endpoint_corridor_0.050,endpoint_corridor_0.100,2963,0.8679284233781972,0.9316688796751854,0.8730715866051676,3571,3731,0.8297395687482498,0.7941570624497454
suining,0.5,maximum_iou,endpoint_corridor_0.050,endpoint_corridor_0.100,2963,0.8701912852786526,0.9338919094004131,0.8730715866051676,3571,3731,0.8297395687482498,0.7941570624497454
suining,0.7,greedy,endpoint_corridor_0.050,endpoint_corridor_0.100,2186,0.9830631484595934,0.9943158650566313,0.9857901654104765,3571,3731,0.6121534584150098,0.5859019029750737
suining,0.7,maximum_iou,endpoint_corridor_0.050,endpoint_corridor_0.100,2186,0.9830631484595934,0.9943158650566313,0.9857901654104765,3571,3731,0.6121534584150098,0.5859019029750737
suining,0.3,greedy,endpoint_corridor_0.050,financial_tail_1h,734,0.6910167773287776,0.7830818054002813,0.6250875827170104,3571,864,0.20554466535984317,0.8495370370370371
suining,0.3,maximum_iou,endpoint_corridor_0.050,financial_tail_1h,734,0.7076941160402128,0.7887794045134511,0.6250875827170104,3571,864,0.20554466535984317,0.8495370370370371
suining,0.5,greedy,endpoint_corridor_0.050,financial_tail_1h,574,0.7140069643838141,0.8020499303237919,0.7051352248216362,3571,864,0.16073928871464577,0.6643518518518519
suining,0.5,maximum_iou,endpoint_corridor_0.050,financial_tail_1h,574,0.7150587978099913,0.8022013771203975,0.7051352248216362,3571,864,0.16073928871464577,0.6643518518518519
suining,0.7,greedy,endpoint_corridor_0.050,financial_tail_1h,211,1.0,1.0,0.9905890318212593,3571,864,0.059087090450854106,0.24421296296296297
suining,0.7,maximum_iou,endpoint_corridor_0.050,financial_tail_1h,211,1.0,1.0,0.9905890318212593,3571,864,0.059087090450854106,0.24421296296296297
suining,0.3,greedy,endpoint_corridor_0.050,financial_tail_2h,233,0.6162204433877072,0.6799906631557923,0.508077866339669,3571,554,0.06524782973956875,0.42057761732851984
suining,0.3,maximum_iou,endpoint_corridor_0.050,financial_tail_2h,233,0.6244148866986009,0.666721048147227,0.508077866339669,3571,554,0.06524782973956875,0.42057761732851984
suining,0.5,greedy,endpoint_corridor_0.050,financial_tail_2h,134,0.6421074830886042,0.6954528816728258,0.613095238095238,3571,554,0.037524502940352845,0.24187725631768953
suining,0.5,maximum_iou,endpoint_corridor_0.050,financial_tail_2h,134,0.6421074830886042,0.6954528816728258,0.613095238095238,3571,554,0.037524502940352845,0.24187725631768953
suining,0.7,greedy,endpoint_corridor_0.050,financial_tail_2h,38,0.8390516618256415,0.8440063117408242,0.8336466165413534,3571,554,0.010641276953234389,0.06859205776173286
suining,0.7,maximum_iou,endpoint_corridor_0.050,financial_tail_2h,38,0.8390516618256415,0.8440063117408242,0.8336466165413534,3571,554,0.010641276953234389,0.06859205776173286
suining,0.3,greedy,endpoint_corridor_0.050,financial_tail_4h,58,0.5562599871922248,0.45607361476402625,0.4188740856844304,3571,375,0.016241949033884068,0.15466666666666667
suining,0.3,maximum_iou,endpoint_corridor_0.050,financial_tail_4h,58,0.5562599871922248,0.45607361476402625,0.4188740856844304,3571,375,0.016241949033884068,0.15466666666666667
suining,0.5,greedy,endpoint_corridor_0.050,financial_tail_4h,16,0.6526989972090247,0.4552736982643525,0.5864741161616162,3571,375,0.004480537664519743,0.042666666666666665
suining,0.5,maximum_iou,endpoint_corridor_0.050,financial_tail_4h,16,0.6526989972090247,0.4552736982643525,0.5864741161616162,3571,375,0.004480537664519743,0.042666666666666665
suining,0.7,greedy,endpoint_corridor_0.050,financial_tail_4h,3,0.0,0.0,0.7166666666666667,3571,375,0.0008401008120974517,0.008
suining,0.7,maximum_iou,endpoint_corridor_0.050,financial_tail_4h,3,0.0,0.0,0.7166666666666667,3571,375,0.0008401008120974517,0.008
suining,0.3,greedy,endpoint_corridor_0.050,mean_shift_1h,1284,0.5825772059010045,0.6377812389679689,0.4967400979083223,3571,1938,0.35956314757770935,0.6625386996904025
suining,0.3,maximum_iou,endpoint_corridor_0.050,mean_shift_1h,1287,0.5894581365772279,0.6336859918730072,0.49635919635919634,3571,1938,0.36040324838980675,0.6640866873065016
suining,0.5,greedy,endpoint_corridor_0.050,mean_shift_1h,666,0.677167769307783,0.70243869091295,0.6374874874874875,3571,1938,0.1865023802856343,0.34365325077399383
suining,0.5,maximum_iou,endpoint_corridor_0.050,mean_shift_1h,666,0.677167769307783,0.70243869091295,0.6374874874874875,3571,1938,0.1865023802856343,0.34365325077399383
suining,0.7,greedy,endpoint_corridor_0.050,mean_shift_1h,141,0.8916547160389159,0.9206846673095468,0.8945626477541371,3571,1938,0.03948473816858023,0.07275541795665634
suining,0.7,maximum_iou,endpoint_corridor_0.050,mean_shift_1h,141,0.8916547160389159,0.9206846673095468,0.8945626477541371,3571,1938,0.03948473816858023,0.07275541795665634
suining,0.3,greedy,endpoint_corridor_0.050,mean_shift_2h,202,0.3696884620943385,0.36348021771220695,0.40271420524405394,3571,1145,0.05656678801456175,0.17641921397379912
suining,0.3,maximum_iou,endpoint_corridor_0.050,mean_shift_2h,204,0.3475765807235464,0.3390382492480264,0.4018706019246677,3571,1145,0.05712685522262671,0.1781659388646288
suining,0.5,greedy,endpoint_corridor_0.050,mean_shift_2h,41,0.4648191454305861,0.43998634113027146,0.5926151761517615,3571,1145,0.01148137776533184,0.03580786026200873
suining,0.5,maximum_iou,endpoint_corridor_0.050,mean_shift_2h,41,0.4648191454305861,0.43998634113027146,0.5926151761517615,3571,1145,0.01148137776533184,0.03580786026200873
suining,0.7,greedy,endpoint_corridor_0.050,mean_shift_2h,7,0.8335222413724916,0.8,0.7938775510204082,3571,1145,0.0019602352282273874,0.00611353711790393
suining,0.7,maximum_iou,endpoint_corridor_0.050,mean_shift_2h,7,0.8335222413724916,0.8,0.7938775510204082,3571,1145,0.0019602352282273874,0.00611353711790393
suining,0.3,greedy,endpoint_corridor_0.050,mean_shift_4h,5,0.0,0.0,0.33249999999999996,3571,625,0.0014001680201624195,0.008
suining,0.3,maximum_iou,endpoint_corridor_0.050,mean_shift_4h,5,0.0,0.0,0.33249999999999996,3571,625,0.0014001680201624195,0.008
suining,0.5,greedy,endpoint_corridor_0.050,mean_shift_4h,0,,,,3571,625,0.0,0.0
suining,0.5,maximum_iou,endpoint_corridor_0.050,mean_shift_4h,0,,,,3571,625,0.0,0.0
suining,0.7,greedy,endpoint_corridor_0.050,mean_shift_4h,0,,,,3571,625,0.0,0.0
suining,0.7,maximum_iou,endpoint_corridor_0.050,mean_shift_4h,0,,,,3571,625,0.0,0.0
suining,0.3,greedy,endpoint_corridor_0.050,opsda_cui2015_1h_0.025,1336,0.6325152221657201,0.7169551059590752,0.5195858283433133,3571,1534,0.3741248949873985,0.8709256844850065
suining,0.3,maximum_iou,endpoint_corridor_0.050,opsda_cui2015_1h_0.025,1336,0.6098450121924301,0.7009621974630915,0.5195858283433133,3571,1534,0.3741248949873985,0.8709256844850065
suining,0.5,greedy,endpoint_corridor_0.050,opsda_cui2015_1h_0.025,1156,0.6256862519105683,0.7150426540479224,0.54858708189158,3571,1534,0.3237188462615514,0.7535853976531942
suining,0.5,maximum_iou,endpoint_corridor_0.050,opsda_cui2015_1h_0.025,1156,0.6000920545941048,0.6963459521396864,0.54858708189158,3571,1534,0.3237188462615514,0.7535853976531942
suining,0.7,greedy,endpoint_corridor_0.050,opsda_cui2015_1h_0.025,102,1.0,1.0,1.0,3571,1534,0.028563427611313356,0.06649282920469361
suining,0.7,maximum_iou,endpoint_corridor_0.050,opsda_cui2015_1h_0.025,102,1.0,1.0,1.0,3571,1534,0.028563427611313356,0.06649282920469361
suining,0.3,greedy,endpoint_corridor_0.050,opsda_cui2015_2h_0.025,1817,0.6295225645919919,0.7332917330993937,0.5492596378121969,3571,2930,0.5088210585270232,0.620136518771331
suining,0.3,maximum_iou,endpoint_corridor_0.050,opsda_cui2015_2h_0.025,1817,0.6149876643276007,0.7220624725779562,0.5492596378121969,3571,2930,0.5088210585270232,0.620136518771331
suining,0.5,greedy,endpoint_corridor_0.050,opsda_cui2015_2h_0.025,1629,0.6387365546264987,0.7474108602508353,0.573770060510392,3571,2930,0.45617474096891625,0.5559726962457338
suining,0.5,maximum_iou,endpoint_corridor_0.050,opsda_cui2015_2h_0.025,1629,0.6224624015132979,0.7347941419790294,0.573770060510392,3571,2930,0.45617474096891625,0.5559726962457338
suining,0.7,greedy,endpoint_corridor_0.050,opsda_cui2015_2h_0.025,205,0.9194257414322462,0.9640555036501066,0.9034146341463416,3571,2930,0.0574068888266592,0.06996587030716724
suining,0.7,maximum_iou,endpoint_corridor_0.050,opsda_cui2015_2h_0.025,205,0.9194257414322462,0.9640555036501066,0.9034146341463416,3571,2930,0.0574068888266592,0.06996587030716724
suining,0.3,greedy,endpoint_corridor_0.050,opsda_cui2015_4h_0.025,2009,0.6057383595022265,0.714492021447743,0.5394135122109238,3571,4407,0.5625875105012601,0.45586566825504876
suining,0.3,maximum_iou,endpoint_corridor_0.050,opsda_cui2015_4h_0.025,2019,0.5910778761708686,0.7032756366756895,0.5374063460616209,3571,4407,0.565387846541585,0.45813478556841386
suining,0.5,greedy,endpoint_corridor_0.050,opsda_cui2015_4h_0.025,1644,0.6420862970011065,0.7434002120486507,0.5797481462171242,3571,4407,0.4603752450294035,0.3730428863172226
suining,0.5,maximum_iou,endpoint_corridor_0.050,opsda_cui2015_4h_0.025,1644,0.6294719207668183,0.7330149664350529,0.5797481462171242,3571,4407,0.4603752450294035,0.3730428863172226
suining,0.7,greedy,endpoint_corridor_0.050,opsda_cui2015_4h_0.025,223,0.9127189258291829,0.961858217713301,0.8932842195174032,3571,4407,0.06244749369924391,0.050601316088041755
suining,0.7,maximum_iou,endpoint_corridor_0.050,opsda_cui2015_4h_0.025,223,0.9127189258291829,0.961858217713301,0.8932842195174032,3571,4407,0.06244749369924391,0.050601316088041755
suining,0.3,greedy,endpoint_corridor_0.050,sda_florita2013_0.025,1866,0.651752978843297,0.7435561549449828,0.5424424539376307,3571,2320,0.522542705124615,0.8043103448275862
suining,0.3,maximum_iou,endpoint_corridor_0.050,sda_florita2013_0.025,1866,0.6341613819816323,0.7319241806606795,0.5424424539376307,3571,2320,0.522542705124615,0.8043103448275862
suining,0.5,greedy,endpoint_corridor_0.050,sda_florita2013_0.025,1560,0.6640147787085425,0.7647359875484607,0.5832890720390721,3571,2320,0.4368524222906749,0.6724137931034483
suining,0.5,maximum_iou,endpoint_corridor_0.050,sda_florita2013_0.025,1560,0.6428980090993873,0.7504736223504384,0.5832890720390721,3571,2320,0.4368524222906749,0.6724137931034483
suining,0.7,greedy,endpoint_corridor_0.050,sda_florita2013_0.025,212,0.976026486201408,0.99155873701306,0.9183400718778079,3571,2320,0.05936712405488659,0.09137931034482759
suining,0.7,maximum_iou,endpoint_corridor_0.050,sda_florita2013_0.025,212,0.976026486201408,0.99155873701306,0.9183400718778079,3571,2320,0.05936712405488659,0.09137931034482759
suining,0.3,greedy,endpoint_corridor_0.050,threshold_1h,2476,0.6894268928518622,0.766170239478604,0.6218127355950457,3571,2953,0.6933632035844302,0.8384693532001355
suining,0.3,maximum_iou,endpoint_corridor_0.050,threshold_1h,2477,0.6890863091669726,0.7648750608970265,0.6217635580675548,3571,2953,0.6936432371884627,0.8388079918726719
suining,0.5,greedy,endpoint_corridor_0.050,threshold_1h,1804,0.7020845008175213,0.7836805892161427,0.7279933481152993,3571,2953,0.505180621674601,0.6109041652556721
suining,0.5,maximum_iou,endpoint_corridor_0.050,threshold_1h,1805,0.7055332986541262,0.7850526538574281,0.7278670360110803,3571,2953,0.5054606552786335,0.6112428039282086
suining,0.7,greedy,endpoint_corridor_0.050,threshold_1h,733,0.9845930417972637,0.9947838460021121,0.9869031377899045,3571,2953,0.2052646317558107,0.24822214696918388
suining,0.7,maximum_iou,endpoint_corridor_0.050,threshold_1h,733,0.9845930417972637,0.9947838460021121,0.9869031377899045,3571,2953,0.2052646317558107,0.24822214696918388
suining,0.3,greedy,endpoint_corridor_0.050,threshold_2h,801,0.6033492155563813,0.6586928300442048,0.5320142542988986,3571,2402,0.2243069168300196,0.3334721065778518
suining,0.3,maximum_iou,endpoint_corridor_0.050,threshold_2h,801,0.6089686148935822,0.6577835201450641,0.5320142542988986,3571,2402,0.2243069168300196,0.3334721065778518
suining,0.5,greedy,endpoint_corridor_0.050,threshold_2h,444,0.6763163893629615,0.7723683701352434,0.6604559917059916,3571,2402,0.12433492019042285,0.18484596169858453
suining,0.5,maximum_iou,endpoint_corridor_0.050,threshold_2h,444,0.6746352840147245,0.771552858823364,0.6604559917059916,3571,2402,0.12433492019042285,0.18484596169858453
suining,0.7,greedy,endpoint_corridor_0.050,threshold_2h,170,0.8319008596772187,0.9058852805541766,0.8691526610644259,3571,2402,0.047605712685522265,0.07077435470441298
suining,0.7,maximum_iou,endpoint_corridor_0.050,threshold_2h,170,0.8319008596772187,0.9058852805541766,0.8691526610644259,3571,2402,0.047605712685522265,0.07077435470441298
suining,0.3,greedy,endpoint_corridor_0.050,threshold_4h,140,0.3351937928277932,0.4088595739040551,0.4227920987742417,3571,1420,0.03920470456454775,0.09859154929577464
suining,0.3,maximum_iou,endpoint_corridor_0.050,threshold_4h,140,0.3351937928277932,0.4088595739040551,0.4227920987742417,3571,1420,0.03920470456454775,0.09859154929577464
suining,0.5,greedy,endpoint_corridor_0.050,threshold_4h,42,0.502948138322258,0.4990816896909686,0.5747474747474748,3571,1420,0.011761411369364323,0.029577464788732393
suining,0.5,maximum_iou,endpoint_corridor_0.050,threshold_4h,42,0.502948138322258,0.4990816896909686,0.5747474747474748,3571,1420,0.011761411369364323,0.029577464788732393
suining,0.7,greedy,endpoint_corridor_0.050,threshold_4h,5,1.0,1.0,0.8705555555555555,3571,1420,0.0014001680201624195,0.0035211267605633804
suining,0.7,maximum_iou,endpoint_corridor_0.050,threshold_4h,5,1.0,1.0,0.8705555555555555,3571,1420,0.0014001680201624195,0.0035211267605633804
suining,0.3,greedy,endpoint_corridor_0.100,financial_tail_1h,743,0.7101266268334054,0.7988054599708563,0.6881176696789079,3731,864,0.1991423210935406,0.8599537037037037
suining,0.3,maximum_iou,endpoint_corridor_0.100,financial_tail_1h,743,0.7157009585990367,0.8001656168632411,0.6881176696789079,3731,864,0.1991423210935406,0.8599537037037037
suining,0.5,greedy,endpoint_corridor_0.100,financial_tail_1h,612,0.7425383856050111,0.8358217264488211,0.7623327108621226,3731,864,0.16403109086035916,0.7083333333333334
suining,0.5,maximum_iou,endpoint_corridor_0.100,financial_tail_1h,612,0.7415724310610382,0.8344779276874946,0.7623327108621226,3731,864,0.16403109086035916,0.7083333333333334
suining,0.7,greedy,endpoint_corridor_0.100,financial_tail_1h,288,0.9811765454287746,0.994227337451801,0.9826884920634922,3731,864,0.07719110158134548,0.3333333333333333
suining,0.7,maximum_iou,endpoint_corridor_0.100,financial_tail_1h,288,0.9811765454287746,0.994227337451801,0.9826884920634922,3731,864,0.07719110158134548,0.3333333333333333
suining,0.3,greedy,endpoint_corridor_0.100,financial_tail_2h,352,0.54064503946682,0.6507959438120339,0.5519025482093664,3731,554,0.09434467971053337,0.6353790613718412
suining,0.3,maximum_iou,endpoint_corridor_0.100,financial_tail_2h,352,0.5510984729438039,0.6404819450105146,0.5519025482093664,3731,554,0.09434467971053337,0.6353790613718412
suining,0.5,greedy,endpoint_corridor_0.100,financial_tail_2h,239,0.6098409078303972,0.6780618856386329,0.6369189504126743,3731,554,0.06405789332618601,0.4314079422382672
suining,0.5,maximum_iou,endpoint_corridor_0.100,financial_tail_2h,239,0.6119961451337558,0.680819356745731,0.6369189504126743,3731,554,0.06405789332618601,0.4314079422382672
suining,0.7,greedy,endpoint_corridor_0.100,financial_tail_2h,77,0.7396735369199526,0.7648697515569544,0.842408781694496,3731,554,0.020637898686679174,0.13898916967509026
suining,0.7,maximum_iou,endpoint_corridor_0.100,financial_tail_2h,77,0.7396735369199526,0.7648697515569544,0.842408781694496,3731,554,0.020637898686679174,0.13898916967509026
suining,0.3,greedy,endpoint_corridor_0.100,financial_tail_4h,145,0.46133507233407933,0.4993556308547118,0.4698332319021974,3731,375,0.038863575448941305,0.38666666666666666
suining,0.3,maximum_iou,endpoint_corridor_0.100,financial_tail_4h,145,0.46133507233407933,0.4993556308547118,0.4698332319021974,3731,375,0.038863575448941305,0.38666666666666666
suining,0.5,greedy,endpoint_corridor_0.100,financial_tail_4h,62,0.5407049113152625,0.48222010718154623,0.612148357914487,3731,375,0.016617528812650766,0.16533333333333333
suining,0.5,maximum_iou,endpoint_corridor_0.100,financial_tail_4h,62,0.5407049113152625,0.48222010718154623,0.612148357914487,3731,375,0.016617528812650766,0.16533333333333333
suining,0.7,greedy,endpoint_corridor_0.100,financial_tail_4h,13,0.702730826332072,0.5111420612813371,0.8352564102564102,3731,375,0.003484320557491289,0.034666666666666665
suining,0.7,maximum_iou,endpoint_corridor_0.100,financial_tail_4h,13,0.702730826332072,0.5111420612813371,0.8352564102564102,3731,375,0.003484320557491289,0.034666666666666665
suining,0.3,greedy,endpoint_corridor_0.100,mean_shift_1h,1563,0.5887697359117404,0.6334599742971248,0.5764684824665631,3731,1938,0.4189225408737604,0.8065015479876161
suining,0.3,maximum_iou,endpoint_corridor_0.100,mean_shift_1h,1565,0.5891427314357158,0.6318845657662591,0.5761577666210255,3731,1938,0.4194585901902975,0.8075335397316822
suining,0.5,greedy,endpoint_corridor_0.100,mean_shift_1h,1079,0.6476588105283919,0.6904015964400797,0.6779359195021846,3731,1938,0.289198606271777,0.5567595459236326
suining,0.5,maximum_iou,endpoint_corridor_0.100,mean_shift_1h,1079,0.6496206948727629,0.6916288701363583,0.6779359195021846,3731,1938,0.289198606271777,0.5567595459236326
suining,0.7,greedy,endpoint_corridor_0.100,mean_shift_1h,378,0.796456553804386,0.8638286105535087,0.87457587973461,3731,1938,0.10131332082551595,0.19504643962848298
suining,0.7,maximum_iou,endpoint_corridor_0.100,mean_shift_1h,378,0.796456553804386,0.8638286105535087,0.87457587973461,3731,1938,0.10131332082551595,0.19504643962848298
suining,0.3,greedy,endpoint_corridor_0.100,mean_shift_2h,482,0.32591951894609,0.3212301584962792,0.4483068479098147,3731,1145,0.12918788528544625,0.42096069868995634
suining,0.3,maximum_iou,endpoint_corridor_0.100,mean_shift_2h,483,0.32294334401636776,0.3177622968418297,0.4479245073626647,3731,1145,0.1294559099437148,0.4218340611353712
suining,0.5,greedy,endpoint_corridor_0.100,mean_shift_2h,167,0.5618211010465616,0.45251441450289104,0.596623087491351,3731,1145,0.044760117930849636,0.14585152838427948
suining,0.5,maximum_iou,endpoint_corridor_0.100,mean_shift_2h,167,0.5618211010465616,0.45251441450289104,0.596623087491351,3731,1145,0.044760117930849636,0.14585152838427948
suining,0.7,greedy,endpoint_corridor_0.100,mean_shift_2h,30,0.6304490600046081,0.6091817607063235,0.8233633958633959,3731,1145,0.008040739748056821,0.026200873362445413
suining,0.7,maximum_iou,endpoint_corridor_0.100,mean_shift_2h,30,0.6304490600046081,0.6091817607063235,0.8233633958633959,3731,1145,0.008040739748056821,0.026200873362445413
suining,0.3,greedy,endpoint_corridor_0.100,mean_shift_4h,60,0.13506237430339324,0.06565046681249526,0.37679046449673087,3731,625,0.016081479496113642,0.096
suining,0.3,maximum_iou,endpoint_corridor_0.100,mean_shift_4h,61,0.1490892647549072,0.08596619656264778,0.3757904482539027,3731,625,0.016349504154382202,0.0976
suining,0.5,greedy,endpoint_corridor_0.100,mean_shift_4h,4,0.7020168761809934,0.3333333333333333,0.5957602339181286,3731,625,0.0010720986330742428,0.0064
suining,0.5,maximum_iou,endpoint_corridor_0.100,mean_shift_4h,4,0.7020168761809934,0.3333333333333333,0.5957602339181286,3731,625,0.0010720986330742428,0.0064
suining,0.7,greedy,endpoint_corridor_0.100,mean_shift_4h,0,,,,3731,625,0.0,0.0
suining,0.7,maximum_iou,endpoint_corridor_0.100,mean_shift_4h,0,,,,3731,625,0.0,0.0
suining,0.3,greedy,endpoint_corridor_0.100,opsda_cui2015_1h_0.025,1414,0.6540872823142388,0.738186750530475,0.5917491749174918,3731,1534,0.3789868667917448,0.9217731421121251
suining,0.3,maximum_iou,endpoint_corridor_0.100,opsda_cui2015_1h_0.025,1414,0.6379902280117427,0.726439601408356,0.5917491749174918,3731,1534,0.3789868667917448,0.9217731421121251
suining,0.5,greedy,endpoint_corridor_0.100,opsda_cui2015_1h_0.025,1185,0.656680625718404,0.7487656457163123,0.640787623066104,3731,1534,0.31760922004824443,0.772490221642764
suining,0.5,maximum_iou,endpoint_corridor_0.100,opsda_cui2015_1h_0.025,1185,0.6384309648352253,0.7347925608828022,0.640787623066104,3731,1534,0.31760922004824443,0.772490221642764
suining,0.7,greedy,endpoint_corridor_0.100,opsda_cui2015_1h_0.025,272,1.0,1.0,1.0,3731,1534,0.07290270704904851,0.1773142112125163
suining,0.7,maximum_iou,endpoint_corridor_0.100,opsda_cui2015_1h_0.025,272,1.0,1.0,1.0,3731,1534,0.07290270704904851,0.1773142112125163
suining,0.3,greedy,endpoint_corridor_0.100,opsda_cui2015_2h_0.025,2019,0.6262196463707517,0.7285582606993756,0.6249886003600713,3731,2930,0.541141785044224,0.6890784982935153
suining,0.3,maximum_iou,endpoint_corridor_0.100,opsda_cui2015_2h_0.025,2019,0.6175668719753501,0.7201262064881059,0.6249886003600713,3731,2930,0.541141785044224,0.6890784982935153
suining,0.5,greedy,endpoint_corridor_0.100,opsda_cui2015_2h_0.025,1783,0.6359824184773526,0.7413181955691738,0.6615548967764333,3731,2930,0.47788796569284375,0.6085324232081911
suining,0.5,maximum_iou,endpoint_corridor_0.100,opsda_cui2015_2h_0.025,1783,0.6277619547916737,0.7330910436118294,0.6615548967764333,3731,2930,0.47788796569284375,0.6085324232081911
suining,0.7,greedy,endpoint_corridor_0.100,opsda_cui2015_2h_0.025,587,0.8635780984056527,0.9119930508743067,0.9134582623509369,3731,2930,0.15733047440364514,0.20034129692832764
suining,0.7,maximum_iou,endpoint_corridor_0.100,opsda_cui2015_2h_0.025,587,0.8635780984056527,0.9119930508743067,0.9134582623509369,3731,2930,0.15733047440364514,0.20034129692832764
suining,0.3,greedy,endpoint_corridor_0.100,opsda_cui2015_4h_0.025,2319,0.6063517355176243,0.7122100232355923,0.6308870014562125,3731,4407,0.6215491825247923,0.5262083049693669
suining,0.3,maximum_iou,endpoint_corridor_0.100,opsda_cui2015_4h_0.025,2323,0.5995886338819829,0.7038623315229691,0.6300015596399584,3731,4407,0.6226212811578665,0.5271159518947129
suining,0.5,greedy,endpoint_corridor_0.100,opsda_cui2015_4h_0.025,1962,0.6553517267861744,0.7517744175961489,0.6802757074163801,3731,4407,0.5258643795229161,0.4452008168822328
suining,0.5,maximum_iou,endpoint_corridor_0.100,opsda_cui2015_4h_0.025,1962,0.6485091412609665,0.7449062400181476,0.6802757074163801,3731,4407,0.5258643795229161,0.4452008168822328
suining,0.7,greedy,endpoint_corridor_0.100,opsda_cui2015_4h_0.025,762,0.8559399925336173,0.9107717649592965,0.8970012744619043,3731,4407,0.20423478960064326,0.1729067392784207
suining,0.7,maximum_iou,endpoint_corridor_0.100,opsda_cui2015_4h_0.025,762,0.8559399925336173,0.9107717649592965,0.8970012744619043,3731,4407,0.20423478960064326,0.1729067392784207
suining,0.3,greedy,endpoint_corridor_0.100,sda_florita2013_0.025,1977,0.65983068006592,0.7536642234087296,0.6087607778047838,3731,2320,0.5298847493969445,0.8521551724137931
suining,0.3,maximum_iou,endpoint_corridor_0.100,sda_florita2013_0.025,1978,0.6514637045470787,0.746693268059508,0.6086215323829075,3731,2320,0.5301527740552131,0.8525862068965517
suining,0.5,greedy,endpoint_corridor_0.100,sda_florita2013_0.025,1624,0.6851531008212147,0.7849628171481495,0.6668471307018105,3731,2320,0.4352720450281426,0.7
suining,0.5,maximum_iou,endpoint_corridor_0.100,sda_florita2013_0.025,1624,0.6719193352464978,0.7755541625402269,0.6668471307018105,3731,2320,0.4352720450281426,0.7
suining,0.7,greedy,endpoint_corridor_0.100,sda_florita2013_0.025,490,0.9522383846452407,0.9794530888287979,0.9433722060252673,3731,2320,0.13133208255159476,0.21120689655172414
suining,0.7,maximum_iou,endpoint_corridor_0.100,sda_florita2013_0.025,490,0.9522383846452407,0.9794530888287979,0.9433722060252673,3731,2320,0.13133208255159476,0.21120689655172414
suining,0.3,greedy,endpoint_corridor_0.100,threshold_1h,2607,0.695717290886288,0.7729790594374528,0.6652493896164782,3731,2953,0.6987402841061378,0.8828310193024044
suining,0.3,maximum_iou,endpoint_corridor_0.100,threshold_1h,2608,0.694683992987997,0.7716588402495728,0.6651860271204596,3731,2953,0.6990083087644063,0.8831696579749407
suining,0.5,greedy,endpoint_corridor_0.100,threshold_1h,2110,0.715573714590522,0.8037978859163525,0.7412243285939969,3731,2953,0.5655320289466631,0.7145275990518117
suining,0.5,maximum_iou,endpoint_corridor_0.100,threshold_1h,2111,0.714699846541207,0.802237306700943,0.7411100584241276,3731,2953,0.5658000536049317,0.7148662377243481
suining,0.7,greedy,endpoint_corridor_0.100,threshold_1h,892,0.9594605451411895,0.985760626078063,0.9688901345291479,3731,2953,0.23907799517555614,0.30206569590247206
suining,0.7,maximum_iou,endpoint_corridor_0.100,threshold_1h,892,0.9594605451411895,0.985760626078063,0.9688901345291479,3731,2953,0.23907799517555614,0.30206569590247206
suining,0.3,greedy,endpoint_corridor_0.100,threshold_2h,1339,0.5861535497059902,0.6463740013476201,0.5805149055989236,3731,2402,0.3588850174216028,0.5574521232306411
suining,0.3,maximum_iou,endpoint_corridor_0.100,threshold_2h,1339,0.592342289114591,0.6485626177098509,0.5805149055989236,3731,2402,0.3588850174216028,0.5574521232306411
suining,0.5,greedy,endpoint_corridor_0.100,threshold_2h,890,0.6570133731813433,0.749997244939754,0.6849822867519497,3731,2402,0.23854194585901903,0.37052456286427976
suining,0.5,maximum_iou,endpoint_corridor_0.100,threshold_2h,890,0.6624698377977504,0.7537408677628977,0.6849822867519497,3731,2402,0.23854194585901903,0.37052456286427976
suining,0.7,greedy,endpoint_corridor_0.100,threshold_2h,383,0.7605117528978815,0.8474227964030882,0.8529829251108623,3731,2402,0.10265344411685876,0.1594504579517069
suining,0.7,maximum_iou,endpoint_corridor_0.100,threshold_2h,383,0.7605117528978815,0.8474227964030882,0.8529829251108623,3731,2402,0.10265344411685876,0.1594504579517069
suining,0.3,greedy,endpoint_corridor_0.100,threshold_4h,434,0.371001219641757,0.41798327325129175,0.46759440648769146,3731,1420,0.11632270168855535,0.3056338028169014
suining,0.3,maximum_iou,endpoint_corridor_0.100,threshold_4h,434,0.3696786066165495,0.4159763730746348,0.46759440648769146,3731,1420,0.11632270168855535,0.3056338028169014
suining,0.5,greedy,endpoint_corridor_0.100,threshold_4h,151,0.4782695303250616,0.48141161774432406,0.6520125159003227,3731,1420,0.040471723398552664,0.10633802816901408
suining,0.5,maximum_iou,endpoint_corridor_0.100,threshold_4h,151,0.4782695303250616,0.48141161774432406,0.6520125159003227,3731,1420,0.040471723398552664,0.10633802816901408
suining,0.7,greedy,endpoint_corridor_0.100,threshold_4h,52,0.588535660113868,0.5511497308864536,0.8374954513811979,3731,1420,0.013937282229965157,0.036619718309859155
suining,0.7,maximum_iou,endpoint_corridor_0.100,threshold_4h,52,0.588535660113868,0.5511497308864536,0.8374954513811979,3731,1420,0.013937282229965157,0.036619718309859155
suining,0.3,greedy,financial_tail_1h,financial_tail_2h,453,0.617195104690446,0.681677306561224,0.5271006342198395,864,554,0.5243055555555556,0.8176895306859205
suining,0.3,maximum_iou,financial_tail_1h,financial_tail_2h,454,0.6298360935996934,0.688510174283316,0.5270409411929236,864,554,0.5254629629629629,0.8194945848375451
suining,0.5,greedy,financial_tail_1h,financial_tail_2h,343,0.6249915166029485,0.6747113197174416,0.5737377944375031,864,554,0.39699074074074076,0.6191335740072202
suining,0.5,maximum_iou,financial_tail_1h,financial_tail_2h,344,0.6384703302391025,0.6818399482215557,0.5735234403839056,864,554,0.39814814814814814,0.6209386281588448
suining,0.7,greedy,financial_tail_1h,financial_tail_2h,56,0.6679069237333916,0.6769385964432235,0.787797619047619,864,554,0.06481481481481481,0.10108303249097472
suining,0.7,maximum_iou,financial_tail_1h,financial_tail_2h,56,0.6679069237333916,0.6769385964432235,0.787797619047619,864,554,0.06481481481481481,0.10108303249097472
suining,0.3,greedy,financial_tail_1h,financial_tail_4h,98,0.5340443756933992,0.5220535591699232,0.3684546604189461,864,375,0.11342592592592593,0.2613333333333333
suining,0.3,maximum_iou,financial_tail_1h,financial_tail_4h,98,0.5340443756933992,0.5220535591699232,0.3684546604189461,864,375,0.11342592592592593,0.2613333333333333
suining,0.5,greedy,financial_tail_1h,financial_tail_4h,10,0.7026322214609338,0.5263157894736842,0.5125,864,375,0.011574074074074073,0.02666666666666667
suining,0.5,maximum_iou,financial_tail_1h,financial_tail_4h,10,0.7026322214609338,0.5263157894736842,0.5125,864,375,0.011574074074074073,0.02666666666666667
suining,0.7,greedy,financial_tail_1h,financial_tail_4h,0,,,,864,375,0.0,0.0
suining,0.7,maximum_iou,financial_tail_1h,financial_tail_4h,0,,,,864,375,0.0,0.0
suining,0.3,greedy,financial_tail_1h,mean_shift_1h,593,0.6091984237980921,0.6408783956910742,0.6654541074439894,864,1938,0.6863425925925926,0.3059855521155831
suining,0.3,maximum_iou,financial_tail_1h,mean_shift_1h,593,0.6091984237980921,0.6408783956910742,0.6654541074439894,864,1938,0.6863425925925926,0.3059855521155831
suining,0.5,greedy,financial_tail_1h,mean_shift_1h,560,0.6077784152113209,0.6294691300190506,0.6826998299319728,864,1938,0.6481481481481481,0.2889576883384933
suining,0.5,maximum_iou,financial_tail_1h,mean_shift_1h,560,0.6077784152113209,0.6294691300190506,0.6826998299319728,864,1938,0.6481481481481481,0.2889576883384933
suining,0.7,greedy,financial_tail_1h,mean_shift_1h,219,0.7378606479203023,0.8253822083261872,0.8391715590345729,864,1938,0.2534722222222222,0.1130030959752322
suining,0.7,maximum_iou,financial_tail_1h,mean_shift_1h,219,0.7378606479203023,0.8253822083261872,0.8391715590345729,864,1938,0.2534722222222222,0.1130030959752322
suining,0.3,greedy,financial_tail_1h,mean_shift_2h,152,0.45150958142535236,0.39468202456051943,0.3738923539910382,864,1145,0.17592592592592593,0.13275109170305677
suining,0.3,maximum_iou,financial_tail_1h,mean_shift_2h,152,0.43236393139554113,0.3803897251336202,0.3738923539910382,864,1145,0.17592592592592593,0.13275109170305677
suining,0.5,greedy,financial_tail_1h,mean_shift_2h,16,0.7495550419661768,0.6875903962973676,0.5332228535353535,864,1145,0.018518518518518517,0.013973799126637555
suining,0.5,maximum_iou,financial_tail_1h,mean_shift_2h,16,0.7495550419661768,0.6875903962973676,0.5332228535353535,864,1145,0.018518518518518517,0.013973799126637555
suining,0.7,greedy,financial_tail_1h,mean_shift_2h,0,,,,864,1145,0.0,0.0
suining,0.7,maximum_iou,financial_tail_1h,mean_shift_2h,0,,,,864,1145,0.0,0.0
suining,0.3,greedy,financial_tail_1h,mean_shift_4h,0,,,,864,625,0.0,0.0
suining,0.3,maximum_iou,financial_tail_1h,mean_shift_4h,0,,,,864,625,0.0,0.0
suining,0.5,greedy,financial_tail_1h,mean_shift_4h,0,,,,864,625,0.0,0.0
suining,0.5,maximum_iou,financial_tail_1h,mean_shift_4h,0,,,,864,625,0.0,0.0
suining,0.7,greedy,financial_tail_1h,mean_shift_4h,0,,,,864,625,0.0,0.0
suining,0.7,maximum_iou,financial_tail_1h,mean_shift_4h,0,,,,864,625,0.0,0.0
suining,0.3,greedy,financial_tail_1h,opsda_cui2015_1h_0.025,410,0.6375318174534658,0.7718474301156321,0.6841463414634147,864,1534,0.47453703703703703,0.26727509778357234
suining,0.3,maximum_iou,financial_tail_1h,opsda_cui2015_1h_0.025,411,0.6276404324087899,0.7639475007111404,0.6832927818329277,864,1534,0.4756944444444444,0.26792698826597133
suining,0.5,greedy,financial_tail_1h,opsda_cui2015_1h_0.025,316,0.7473668118179805,0.8379919462795961,0.786392405063291,864,1534,0.36574074074074076,0.20599739243807041
suining,0.5,maximum_iou,financial_tail_1h,opsda_cui2015_1h_0.025,316,0.748656113721733,0.838095588204929,0.786392405063291,864,1534,0.36574074074074076,0.20599739243807041
suining,0.7,greedy,financial_tail_1h,opsda_cui2015_1h_0.025,126,1.0,1.0,1.0,864,1534,0.14583333333333334,0.08213820078226858
suining,0.7,maximum_iou,financial_tail_1h,opsda_cui2015_1h_0.025,126,1.0,1.0,1.0,864,1534,0.14583333333333334,0.08213820078226858
suining,0.3,greedy,financial_tail_1h,opsda_cui2015_2h_0.025,590,0.568459546838993,0.7000792947392142,0.682542372881356,864,2930,0.6828703703703703,0.20136518771331058
suining,0.3,maximum_iou,financial_tail_1h,opsda_cui2015_2h_0.025,590,0.568459546838993,0.7000792947392142,0.682542372881356,864,2930,0.6828703703703703,0.20136518771331058
suining,0.5,greedy,financial_tail_1h,opsda_cui2015_2h_0.025,527,0.6314528573165343,0.7456501808888416,0.7227703984819734,864,2930,0.6099537037037037,0.17986348122866894
suining,0.5,maximum_iou,financial_tail_1h,opsda_cui2015_2h_0.025,527,0.6314528573165343,0.7456501808888416,0.7227703984819734,864,2930,0.6099537037037037,0.17986348122866894
suining,0.7,greedy,financial_tail_1h,opsda_cui2015_2h_0.025,218,0.8274107740815723,0.8932187238998983,0.9105504587155964,864,2930,0.2523148148148148,0.07440273037542662
suining,0.7,maximum_iou,financial_tail_1h,opsda_cui2015_2h_0.025,218,0.8274107740815723,0.8932187238998983,0.9105504587155964,864,2930,0.2523148148148148,0.07440273037542662
suining,0.3,greedy,financial_tail_1h,opsda_cui2015_4h_0.025,661,0.5457782745245856,0.6760340574588477,0.6486102105996205,864,4407,0.7650462962962963,0.14998865441343318
suining,0.3,maximum_iou,financial_tail_1h,opsda_cui2015_4h_0.025,662,0.5393803407618374,0.6687276404261017,0.6477743010597995,864,4407,0.7662037037037037,0.1502155661447697
suining,0.5,greedy,financial_tail_1h,opsda_cui2015_4h_0.025,516,0.6556497783541544,0.7658683560788427,0.7283499446290145,864,4407,0.5972222222222222,0.11708645336963922
suining,0.5,maximum_iou,financial_tail_1h,opsda_cui2015_4h_0.025,516,0.653200183295183,0.7615574375363878,0.7283499446290145,864,4407,0.5972222222222222,0.11708645336963922
suining,0.7,greedy,financial_tail_1h,opsda_cui2015_4h_0.025,215,0.8178616865921122,0.8856713629150147,0.914872646733112,864,4407,0.2488425925925926,0.04878602223734967
suining,0.7,maximum_iou,financial_tail_1h,opsda_cui2015_4h_0.025,215,0.8178616865921122,0.8856713629150147,0.914872646733112,864,4407,0.2488425925925926,0.04878602223734967
suining,0.3,greedy,financial_tail_1h,sda_florita2013_0.025,554,0.6615127680203258,0.7931788579920473,0.6725588791473269,864,2320,0.6412037037037037,0.23879310344827587
suining,0.3,maximum_iou,financial_tail_1h,sda_florita2013_0.025,555,0.6513584638194472,0.7855748707852631,0.671947661947662,864,2320,0.6423611111111112,0.23922413793103448
suining,0.5,greedy,financial_tail_1h,sda_florita2013_0.025,451,0.7481419386652597,0.8467898241473549,0.7476665610811952,864,2320,0.5219907407407407,0.19439655172413794
suining,0.5,maximum_iou,financial_tail_1h,sda_florita2013_0.025,451,0.7455250905831153,0.8445463780479321,0.7476665610811952,864,2320,0.5219907407407407,0.19439655172413794
suining,0.7,greedy,financial_tail_1h,sda_florita2013_0.025,154,1.0,1.0,0.9809369202226346,864,2320,0.17824074074074073,0.06637931034482758
suining,0.7,maximum_iou,financial_tail_1h,sda_florita2013_0.025,154,1.0,1.0,0.9809369202226346,864,2320,0.17824074074074073,0.06637931034482758
suining,0.3,greedy,financial_tail_1h,threshold_1h,767,0.8455641164084393,0.9157524536088903,0.8902651021295088,864,2953,0.8877314814814815,0.2597358618354216
suining,0.3,maximum_iou,financial_tail_1h,threshold_1h,767,0.8455641164084393,0.9157524536088903,0.8902651021295088,864,2953,0.8877314814814815,0.2597358618354216
suining,0.5,greedy,financial_tail_1h,threshold_1h,752,0.8492135123084046,0.9177600589303058,0.9004875886524822,864,2953,0.8703703703703703,0.25465628174737553
suining,0.5,maximum_iou,financial_tail_1h,threshold_1h,752,0.8492135123084046,0.9177600589303058,0.9004875886524822,864,2953,0.8703703703703703,0.25465628174737553
suining,0.7,greedy,financial_tail_1h,threshold_1h,563,0.9658763498563334,0.9864740738604787,0.9871521610420367,864,2953,0.6516203703703703,0.19065357263799526
suining,0.7,maximum_iou,financial_tail_1h,threshold_1h,563,0.9658763498563334,0.9864740738604787,0.9871521610420367,864,2953,0.6516203703703703,0.19065357263799526
suining,0.3,greedy,financial_tail_1h,threshold_2h,464,0.506490543361276,0.5512636404821973,0.4705938697318008,864,2402,0.5370370370370371,0.19317235636969193
suining,0.3,maximum_iou,financial_tail_1h,threshold_2h,465,0.5075689256293686,0.5516682815328456,0.47065710872162486,864,2402,0.5381944444444444,0.1935886761032473
suining,0.5,greedy,financial_tail_1h,threshold_2h,241,0.5016209723008356,0.5634333793910626,0.5551175656984787,864,2402,0.2789351851851852,0.1003330557868443
suining,0.5,maximum_iou,financial_tail_1h,threshold_2h,242,0.4874343848093386,0.5507079205936155,0.5548898071625346,864,2402,0.2800925925925926,0.10074937552039967
suining,0.7,greedy,financial_tail_1h,threshold_2h,24,0.7841520415104191,0.9273493024480126,0.7885912698412699,864,2402,0.027777777777777776,0.009991673605328892
suining,0.7,maximum_iou,financial_tail_1h,threshold_2h,24,0.7841520415104191,0.9273493024480126,0.7885912698412699,864,2402,0.027777777777777776,0.009991673605328892
suining,0.3,greedy,financial_tail_1h,threshold_4h,60,0.43395830319473533,0.29042680500559603,0.3628697922447922,864,1420,0.06944444444444445,0.04225352112676056
suining,0.3,maximum_iou,financial_tail_1h,threshold_4h,60,0.38230046024373515,0.2546141766843765,0.3628697922447922,864,1420,0.06944444444444445,0.04225352112676056
suining,0.5,greedy,financial_tail_1h,threshold_4h,4,1.0,1.0,0.5625,864,1420,0.004629629629629629,0.0028169014084507044
suining,0.5,maximum_iou,financial_tail_1h,threshold_4h,4,1.0,1.0,0.5625,864,1420,0.004629629629629629,0.0028169014084507044
suining,0.7,greedy,financial_tail_1h,threshold_4h,0,,,,864,1420,0.0,0.0
suining,0.7,maximum_iou,financial_tail_1h,threshold_4h,0,,,,864,1420,0.0,0.0
suining,0.3,greedy,financial_tail_2h,financial_tail_4h,303,0.5029051822218619,0.5297329202635098,0.5292030274852976,554,375,0.5469314079422383,0.808
suining,0.3,maximum_iou,financial_tail_2h,financial_tail_4h,303,0.5134369488256139,0.5402497899720653,0.5292030274852976,554,375,0.5469314079422383,0.808
suining,0.5,greedy,financial_tail_2h,financial_tail_4h,192,0.5239865678834823,0.5060456424009485,0.6054755727320065,554,375,0.34657039711191334,0.512
suining,0.5,maximum_iou,financial_tail_2h,financial_tail_4h,192,0.5409399826220385,0.5220099981026205,0.6054755727320065,554,375,0.34657039711191334,0.512
suining,0.7,greedy,financial_tail_2h,financial_tail_4h,32,0.643140280869294,0.44479230432881506,0.80782672699033,554,375,0.05776173285198556,0.08533333333333333
suining,0.7,maximum_iou,financial_tail_2h,financial_tail_4h,32,0.643140280869294,0.44479230432881506,0.80782672699033,554,375,0.05776173285198556,0.08533333333333333
suining,0.3,greedy,financial_tail_2h,mean_shift_1h,436,0.5695609810288595,0.604736346293088,0.6989500178720361,554,1938,0.7870036101083032,0.22497420020639836
suining,0.3,maximum_iou,financial_tail_2h,mean_shift_1h,436,0.5695609810288595,0.604736346293088,0.6989500178720361,554,1938,0.7870036101083032,0.22497420020639836
suining,0.5,greedy,financial_tail_2h,mean_shift_1h,396,0.5661528601911365,0.6001914542251492,0.7296005691839025,554,1938,0.7148014440433214,0.2043343653250774
suining,0.5,maximum_iou,financial_tail_2h,mean_shift_1h,396,0.5661528601911365,0.6001914542251492,0.7296005691839025,554,1938,0.7148014440433214,0.2043343653250774
suining,0.7,greedy,financial_tail_2h,mean_shift_1h,202,0.686280402470999,0.7540291112065368,0.8459167345305962,554,1938,0.36462093862815886,0.1042311661506708
suining,0.7,maximum_iou,financial_tail_2h,mean_shift_1h,202,0.686280402470999,0.7540291112065368,0.8459167345305962,554,1938,0.36462093862815886,0.1042311661506708
suining,0.3,greedy,financial_tail_2h,mean_shift_2h,341,0.48823836107636764,0.43421495727668735,0.5570740461163594,554,1145,0.6155234657039711,0.29781659388646287
suining,0.3,maximum_iou,financial_tail_2h,mean_shift_2h,341,0.48823836107636764,0.43421495727668735,0.5570740461163594,554,1145,0.6155234657039711,0.29781659388646287
suining,0.5,greedy,financial_tail_2h,mean_shift_2h,240,0.4874007057324539,0.4175879879701397,0.6235743827931327,554,1145,0.4332129963898917,0.2096069868995633
suining,0.5,maximum_iou,financial_tail_2h,mean_shift_2h,240,0.4874007057324539,0.4175879879701397,0.6235743827931327,554,1145,0.4332129963898917,0.2096069868995633
suining,0.7,greedy,financial_tail_2h,mean_shift_2h,53,0.6500207380327319,0.6138749293764311,0.7796282595810898,554,1145,0.09566787003610108,0.0462882096069869
suining,0.7,maximum_iou,financial_tail_2h,mean_shift_2h,53,0.6500207380327319,0.6138749293764311,0.7796282595810898,554,1145,0.09566787003610108,0.0462882096069869
suining,0.3,greedy,financial_tail_2h,mean_shift_4h,81,0.30153424881804675,0.2342864569794645,0.35889811789155207,554,625,0.14620938628158844,0.1296
suining,0.3,maximum_iou,financial_tail_2h,mean_shift_4h,81,0.30153424881804675,0.2342864569794645,0.35889811789155207,554,625,0.14620938628158844,0.1296
suining,0.5,greedy,financial_tail_2h,mean_shift_4h,4,1.0,1.0,0.5649801587301588,554,625,0.007220216606498195,0.0064
suining,0.5,maximum_iou,financial_tail_2h,mean_shift_4h,4,1.0,1.0,0.5649801587301588,554,625,0.007220216606498195,0.0064
suining,0.7,greedy,financial_tail_2h,mean_shift_4h,0,,,,554,625,0.0,0.0
suining,0.7,maximum_iou,financial_tail_2h,mean_shift_4h,0,,,,554,625,0.0,0.0
suining,0.3,greedy,financial_tail_2h,opsda_cui2015_1h_0.025,227,0.5836891581417456,0.64459247712635,0.42672540381791485,554,1534,0.40974729241877256,0.14797913950456323
suining,0.3,maximum_iou,financial_tail_2h,opsda_cui2015_1h_0.025,227,0.5525865266260358,0.6244936721436007,0.42672540381791485,554,1534,0.40974729241877256,0.14797913950456323
suining,0.5,greedy,financial_tail_2h,opsda_cui2015_1h_0.025,102,0.6235692417342972,0.6826200664618386,0.5,554,1534,0.18411552346570398,0.06649282920469361
suining,0.5,maximum_iou,financial_tail_2h,opsda_cui2015_1h_0.025,102,0.5613357012627065,0.6404148710536889,0.5,554,1534,0.18411552346570398,0.06649282920469361
suining,0.7,greedy,financial_tail_2h,opsda_cui2015_1h_0.025,0,,,,554,1534,0.0,0.0
suining,0.7,maximum_iou,financial_tail_2h,opsda_cui2015_1h_0.025,0,,,,554,1534,0.0,0.0
suining,0.3,greedy,financial_tail_2h,opsda_cui2015_2h_0.025,420,0.616118798578592,0.6872096434956112,0.6139844018415446,554,2930,0.7581227436823105,0.14334470989761092
suining,0.3,maximum_iou,financial_tail_2h,opsda_cui2015_2h_0.025,420,0.6153278685864658,0.6839979327331096,0.6139844018415446,554,2930,0.7581227436823105,0.14334470989761092
suining,0.5,greedy,financial_tail_2h,opsda_cui2015_2h_0.025,323,0.6212356835326269,0.684978684110734,0.6819032876308417,554,2930,0.5830324909747292,0.11023890784982936
suining,0.5,maximum_iou,financial_tail_2h,opsda_cui2015_2h_0.025,323,0.6204289418557473,0.6812944756084552,0.6819032876308417,554,2930,0.5830324909747292,0.11023890784982936
suining,0.7,greedy,financial_tail_2h,opsda_cui2015_2h_0.025,118,0.7771310077165772,0.8362087304288631,0.8749999999999999,554,2930,0.21299638989169675,0.040273037542662114
suining,0.7,maximum_iou,financial_tail_2h,opsda_cui2015_2h_0.025,118,0.7771310077165772,0.8362087304288631,0.8749999999999999,554,2930,0.21299638989169675,0.040273037542662114
suining,0.3,greedy,financial_tail_2h,opsda_cui2015_4h_0.025,492,0.6138293533159929,0.6796223671533931,0.6968396948579875,554,4407,0.8880866425992779,0.11164057181756297
suining,0.3,maximum_iou,financial_tail_2h,opsda_cui2015_4h_0.025,492,0.6193201739401458,0.6825624688051033,0.6968396948579875,554,4407,0.8880866425992779,0.11164057181756297
suining,0.5,greedy,financial_tail_2h,opsda_cui2015_4h_0.025,437,0.6285785051703767,0.6903572044144471,0.7354231263270167,554,4407,0.7888086642599278,0.09916042659405491
suining,0.5,maximum_iou,financial_tail_2h,opsda_cui2015_4h_0.025,437,0.6285785051703767,0.6903572044144471,0.7354231263270167,554,4407,0.7888086642599278,0.09916042659405491
suining,0.7,greedy,financial_tail_2h,opsda_cui2015_4h_0.025,248,0.7324524867372607,0.7993885701378445,0.8515937019969277,554,4407,0.44765342960288806,0.0562741093714545
suining,0.7,maximum_iou,financial_tail_2h,opsda_cui2015_4h_0.025,248,0.7324524867372607,0.7993885701378445,0.8515937019969277,554,4407,0.44765342960288806,0.0562741093714545
suining,0.3,greedy,financial_tail_2h,sda_florita2013_0.025,361,0.6187784886269568,0.6855891240622995,0.4935353735215231,554,2320,0.6516245487364621,0.15560344827586206
suining,0.3,maximum_iou,financial_tail_2h,sda_florita2013_0.025,361,0.6257199068679962,0.6885800116567095,0.4935353735215231,554,2320,0.6516245487364621,0.15560344827586206
suining,0.5,greedy,financial_tail_2h,sda_florita2013_0.025,208,0.6357823165796411,0.7117059795512437,0.5810878357753357,554,2320,0.37545126353790614,0.0896551724137931
suining,0.5,maximum_iou,financial_tail_2h,sda_florita2013_0.025,208,0.6339100622372142,0.7089923352531948,0.5810878357753357,554,2320,0.37545126353790614,0.0896551724137931
suining,0.7,greedy,financial_tail_2h,sda_florita2013_0.025,46,0.751422807247084,0.7583849033539614,0.7908902691511388,554,2320,0.08303249097472924,0.019827586206896553
suining,0.7,maximum_iou,financial_tail_2h,sda_florita2013_0.025,46,0.751422807247084,0.7583849033539614,0.7908902691511388,554,2320,0.08303249097472924,0.019827586206896553
suining,0.3,greedy,financial_tail_2h,threshold_1h,463,0.6074323171815708,0.6844777335799517,0.5795891653343058,554,2953,0.8357400722021661,0.15678970538435488
suining,0.3,maximum_iou,financial_tail_2h,threshold_1h,463,0.6027078195007879,0.6812078344583204,0.5795891653343058,554,2953,0.8357400722021661,0.15678970538435488
suining,0.5,greedy,financial_tail_2h,threshold_1h,363,0.6102381619059715,0.6782374561307827,0.6318345795618522,554,2953,0.6552346570397112,0.12292583813071453
suining,0.5,maximum_iou,financial_tail_2h,threshold_1h,363,0.6017119306169748,0.6712432344639894,0.6318345795618522,554,2953,0.6552346570397112,0.12292583813071453
suining,0.7,greedy,financial_tail_2h,threshold_1h,126,0.6741640353904516,0.7645566827112453,0.7976379440665154,554,2953,0.22743682310469315,0.04266847273958686
suining,0.7,maximum_iou,financial_tail_2h,threshold_1h,126,0.6741640353904516,0.7645566827112453,0.7976379440665154,554,2953,0.22743682310469315,0.04266847273958686
suining,0.3,greedy,financial_tail_2h,threshold_2h,497,0.6329603115140141,0.6874009620028447,0.7845453841932715,554,2402,0.8971119133574007,0.20691090757701916
suining,0.3,maximum_iou,financial_tail_2h,threshold_2h,497,0.6329603115140141,0.6874009620028447,0.7845453841932715,554,2402,0.8971119133574007,0.20691090757701916
suining,0.5,greedy,financial_tail_2h,threshold_2h,461,0.6271578484901014,0.673883155612546,0.8143839228980225,554,2402,0.8321299638989169,0.19192339716902582
suining,0.5,maximum_iou,financial_tail_2h,threshold_2h,461,0.6271578484901014,0.673883155612546,0.8143839228980225,554,2402,0.8321299638989169,0.19192339716902582
suining,0.7,greedy,financial_tail_2h,threshold_2h,324,0.6693650768189043,0.7415815290891455,0.9003814601036825,554,2402,0.5848375451263538,0.13488759367194006
suining,0.7,maximum_iou,financial_tail_2h,threshold_2h,324,0.6693650768189043,0.7415815290891455,0.9003814601036825,554,2402,0.5848375451263538,0.13488759367194006
suining,0.3,greedy,financial_tail_2h,threshold_4h,293,0.39820941744208316,0.3876418845675767,0.4543631998999099,554,1420,0.5288808664259927,0.2063380281690141
suining,0.3,maximum_iou,financial_tail_2h,threshold_4h,294,0.3899854743061604,0.38182158166411706,0.4536113976326766,554,1420,0.5306859205776173,0.20704225352112676
suining,0.5,greedy,financial_tail_2h,threshold_4h,107,0.3855478269009092,0.30031661418559435,0.5770145213781104,554,1420,0.1931407942238267,0.07535211267605633
suining,0.5,maximum_iou,financial_tail_2h,threshold_4h,107,0.3565334262119239,0.28673012166298667,0.5770145213781104,554,1420,0.1931407942238267,0.07535211267605633
suining,0.7,greedy,financial_tail_2h,threshold_4h,11,0.7096642604702279,0.5111111111111111,0.790103835558381,554,1420,0.019855595667870037,0.007746478873239437
suining,0.7,maximum_iou,financial_tail_2h,threshold_4h,11,0.7096642604702279,0.5111111111111111,0.790103835558381,554,1420,0.019855595667870037,0.007746478873239437
suining,0.3,greedy,financial_tail_4h,mean_shift_1h,224,0.5288432173581771,0.5828883893070576,0.4186625425957096,375,1938,0.5973333333333334,0.11558307533539731
suining,0.3,maximum_iou,financial_tail_4h,mean_shift_1h,224,0.5175763562100011,0.563383492546766,0.4186625425957096,375,1938,0.5973333333333334,0.11558307533539731
suining,0.5,greedy,financial_tail_4h,mean_shift_1h,56,0.7126189004215335,0.7725069234439443,0.566242884100027,375,1938,0.14933333333333335,0.02889576883384933
suining,0.5,maximum_iou,financial_tail_4h,mean_shift_1h,56,0.7126189004215335,0.7725069234439443,0.566242884100027,375,1938,0.14933333333333335,0.02889576883384933
suining,0.7,greedy,financial_tail_4h,mean_shift_1h,6,1.0,1.0,0.7757575757575758,375,1938,0.016,0.0030959752321981426
suining,0.7,maximum_iou,financial_tail_4h,mean_shift_1h,6,1.0,1.0,0.7757575757575758,375,1938,0.016,0.0030959752321981426
suining,0.3,greedy,financial_tail_4h,mean_shift_2h,300,0.4569050744355103,0.40940883012614704,0.726041094390795,375,1145,0.8,0.26200873362445415
suining,0.3,maximum_iou,financial_tail_4h,mean_shift_2h,300,0.4569050744355103,0.40940883012614704,0.726041094390795,375,1145,0.8,0.26200873362445415
suining,0.5,greedy,financial_tail_4h,mean_shift_2h,275,0.45823078062613637,0.4055301535864331,0.7519867068093186,375,1145,0.7333333333333333,0.24017467248908297
suining,0.5,maximum_iou,financial_tail_4h,mean_shift_2h,275,0.45823078062613637,0.4055301535864331,0.7519867068093186,375,1145,0.7333333333333333,0.24017467248908297
suining,0.7,greedy,financial_tail_4h,mean_shift_2h,195,0.4961136213873531,0.4363177138222377,0.8119638151842248,375,1145,0.52,0.1703056768558952
suining,0.7,maximum_iou,financial_tail_4h,mean_shift_2h,195,0.4961136213873531,0.4363177138222377,0.8119638151842248,375,1145,0.52,0.1703056768558952
suining,0.3,greedy,financial_tail_4h,mean_shift_4h,238,0.35769136402652096,0.289560819818389,0.5434892487738492,375,625,0.6346666666666667,0.3808
suining,0.3,maximum_iou,financial_tail_4h,mean_shift_4h,238,0.34641850811701574,0.2822697520767472,0.5434892487738492,375,625,0.6346666666666667,0.3808
suining,0.5,greedy,financial_tail_4h,mean_shift_4h,153,0.4024704587952915,0.3137731407281288,0.610188148768023,375,625,0.408,0.2448
suining,0.5,maximum_iou,financial_tail_4h,mean_shift_4h,153,0.4024704587952915,0.3137731407281288,0.610188148768023,375,625,0.408,0.2448
suining,0.7,greedy,financial_tail_4h,mean_shift_4h,29,0.5909132944971213,0.41308032302017217,0.7919336973324932,375,625,0.07733333333333334,0.0464
suining,0.7,maximum_iou,financial_tail_4h,mean_shift_4h,29,0.5909132944971213,0.41308032302017217,0.7919336973324932,375,625,0.07733333333333334,0.0464
suining,0.3,greedy,financial_tail_4h,opsda_cui2015_1h_0.025,0,,,,375,1534,0.0,0.0
suining,0.3,maximum_iou,financial_tail_4h,opsda_cui2015_1h_0.025,0,,,,375,1534,0.0,0.0
suining,0.5,greedy,financial_tail_4h,opsda_cui2015_1h_0.025,0,,,,375,1534,0.0,0.0
suining,0.5,maximum_iou,financial_tail_4h,opsda_cui2015_1h_0.025,0,,,,375,1534,0.0,0.0
suining,0.7,greedy,financial_tail_4h,opsda_cui2015_1h_0.025,0,,,,375,1534,0.0,0.0
suining,0.7,maximum_iou,financial_tail_4h,opsda_cui2015_1h_0.025,0,,,,375,1534,0.0,0.0
suining,0.3,greedy,financial_tail_4h,opsda_cui2015_2h_0.025,161,0.4270356271153633,0.4937749178745685,0.3815301847910544,375,2930,0.42933333333333334,0.05494880546075085
suining,0.3,maximum_iou,financial_tail_4h,opsda_cui2015_2h_0.025,161,0.4462469562660123,0.5045834109574281,0.3815301847910544,375,2930,0.42933333333333334,0.05494880546075085
suining,0.5,greedy,financial_tail_4h,opsda_cui2015_2h_0.025,31,0.5086421798733001,0.4248453885453079,0.5,375,2930,0.08266666666666667,0.010580204778156996
suining,0.5,maximum_iou,financial_tail_4h,opsda_cui2015_2h_0.025,31,0.5086421798733001,0.4248453885453079,0.5,375,2930,0.08266666666666667,0.010580204778156996
suining,0.7,greedy,financial_tail_4h,opsda_cui2015_2h_0.025,0,,,,375,2930,0.0,0.0
suining,0.7,maximum_iou,financial_tail_4h,opsda_cui2015_2h_0.025,0,,,,375,2930,0.0,0.0
suining,0.3,greedy,financial_tail_4h,opsda_cui2015_4h_0.025,304,0.4165807532779796,0.46991814429030804,0.5506281516030274,375,4407,0.8106666666666666,0.06898116632629907
suining,0.3,maximum_iou,financial_tail_4h,opsda_cui2015_4h_0.025,304,0.4172762620141924,0.470369681877203,0.5506281516030274,375,4407,0.8106666666666666,0.06898116632629907
suining,0.5,greedy,financial_tail_4h,opsda_cui2015_4h_0.025,202,0.4689897934525509,0.4766120746627206,0.6354069060752229,375,4407,0.5386666666666666,0.04583616972997504
suining,0.5,maximum_iou,financial_tail_4h,opsda_cui2015_4h_0.025,202,0.47013901417143883,0.47820690939018656,0.6354069060752229,375,4407,0.5386666666666666,0.04583616972997504
suining,0.7,greedy,financial_tail_4h,opsda_cui2015_4h_0.025,65,0.6069230660449842,0.5555449004927155,0.7830574980574982,375,4407,0.17333333333333334,0.014749262536873156
suining,0.7,maximum_iou,financial_tail_4h,opsda_cui2015_4h_0.025,65,0.6081842824201069,0.5568209388212997,0.7830574980574982,375,4407,0.17333333333333334,0.014749262536873156
suining,0.3,greedy,financial_tail_4h,sda_florita2013_0.025,80,0.4702775424555361,0.5354854284180872,0.3937091380841381,375,2320,0.21333333333333335,0.034482758620689655
suining,0.3,maximum_iou,financial_tail_4h,sda_florita2013_0.025,80,0.4211801595442036,0.49657164102963175,0.3937091380841381,375,2320,0.21333333333333335,0.034482758620689655
suining,0.5,greedy,financial_tail_4h,sda_florita2013_0.025,18,0.5787575379243232,0.43322837562511574,0.5623597081930415,375,2320,0.048,0.007758620689655172
suining,0.5,maximum_iou,financial_tail_4h,sda_florita2013_0.025,18,0.5787575379243232,0.43322837562511574,0.5623597081930415,375,2320,0.048,0.007758620689655172
suining,0.7,greedy,financial_tail_4h,sda_florita2013_0.025,2,0.0,0.0,0.7,375,2320,0.005333333333333333,0.0008620689655172414
suining,0.7,maximum_iou,financial_tail_4h,sda_florita2013_0.025,2,0.0,0.0,0.7,375,2320,0.005333333333333333,0.0008620689655172414
suining,0.3,greedy,financial_tail_4h,threshold_1h,138,0.505501944791106,0.5466118176004852,0.38012753148622713,375,2953,0.368,0.0467321368100237
suining,0.3,maximum_iou,financial_tail_4h,threshold_1h,138,0.470965584557599,0.5381161331205639,0.38012753148622713,375,2953,0.368,0.0467321368100237
suining,0.5,greedy,financial_tail_4h,threshold_1h,22,0.740698025475338,0.7559429477020603,0.5050505050505051,375,2953,0.058666666666666666,0.007450050795800881
suining,0.5,maximum_iou,financial_tail_4h,threshold_1h,22,0.740698025475338,0.7559429477020603,0.5050505050505051,375,2953,0.058666666666666666,0.007450050795800881
suining,0.7,greedy,financial_tail_4h,threshold_1h,0,,,,375,2953,0.0,0.0
suining,0.7,maximum_iou,financial_tail_4h,threshold_1h,0,,,,375,2953,0.0,0.0
suining,0.3,greedy,financial_tail_4h,threshold_2h,344,0.46950534522865534,0.48965739338999426,0.6196780293714693,375,2402,0.9173333333333333,0.14321398834304747
suining,0.3,maximum_iou,financial_tail_4h,threshold_2h,344,0.4793887066565139,0.49165044948277203,0.6196780293714693,375,2402,0.9173333333333333,0.14321398834304747
suining,0.5,greedy,financial_tail_4h,threshold_2h,270,0.4886085575087283,0.49568986148672006,0.6754748227444307,375,2402,0.72,0.11240632805995004
suining,0.5,maximum_iou,financial_tail_4h,threshold_2h,270,0.4886085575087283,0.49568986148672006,0.6754748227444307,375,2402,0.72,0.11240632805995004
suining,0.7,greedy,financial_tail_4h,threshold_2h,110,0.6766170074780309,0.7019861042068878,0.8022574165288069,375,2402,0.29333333333333333,0.04579517069109076
suining,0.7,maximum_iou,financial_tail_4h,threshold_2h,110,0.6766170074780309,0.7019861042068878,0.8022574165288069,375,2402,0.29333333333333333,0.04579517069109076
suining,0.3,greedy,financial_tail_4h,threshold_4h,346,0.5081442217065835,0.5200097229645522,0.7432260916129771,375,1420,0.9226666666666666,0.24366197183098592
suining,0.3,maximum_iou,financial_tail_4h,threshold_4h,346,0.49997188361709605,0.5120754650424828,0.7432260916129771,375,1420,0.9226666666666666,0.24366197183098592
suining,0.5,greedy,financial_tail_4h,threshold_4h,310,0.504294093707969,0.5020876774188828,0.7790109260202537,375,1420,0.8266666666666667,0.21830985915492956
suining,0.5,maximum_iou,financial_tail_4h,threshold_4h,310,0.504294093707969,0.5020876774188828,0.7790109260202537,375,1420,0.8266666666666667,0.21830985915492956
suining,0.7,greedy,financial_tail_4h,threshold_4h,205,0.544752511911083,0.520747976561483,0.8659365602132586,375,1420,0.5466666666666666,0.1443661971830986
suining,0.7,maximum_iou,financial_tail_4h,threshold_4h,205,0.544752511911083,0.520747976561483,0.8659365602132586,375,1420,0.5466666666666666,0.1443661971830986
suining,0.3,greedy,mean_shift_1h,mean_shift_2h,894,0.4266054798537925,0.3595813760244185,0.44610396530550506,1938,1145,0.4613003095975232,0.7807860262008733
suining,0.3,maximum_iou,mean_shift_1h,mean_shift_2h,894,0.4186281070752091,0.35382923785381326,0.44610396530550506,1938,1145,0.4613003095975232,0.7807860262008733
suining,0.5,greedy,mean_shift_1h,mean_shift_2h,298,0.34717394694657266,0.2589657182639891,0.5484151474923287,1938,1145,0.15376676986584106,0.26026200873362443
suining,0.5,maximum_iou,mean_shift_1h,mean_shift_2h,298,0.34717394694657266,0.2589657182639891,0.5484151474923287,1938,1145,0.15376676986584106,0.26026200873362443
suining,0.7,greedy,mean_shift_1h,mean_shift_2h,20,0.6333840263697863,0.43648573027420257,0.7450435675435675,1938,1145,0.010319917440660475,0.017467248908296942
suining,0.7,maximum_iou,mean_shift_1h,mean_shift_2h,20,0.6333840263697863,0.43648573027420257,0.7450435675435675,1938,1145,0.010319917440660475,0.017467248908296942
suining,0.3,greedy,mean_shift_1h,mean_shift_4h,41,0.3106274450564555,0.22646896822432272,0.3425287408324468,1938,625,0.021155830753353973,0.0656
suining,0.3,maximum_iou,mean_shift_1h,mean_shift_4h,41,0.2891275061828389,0.21696751363711853,0.3425287408324468,1938,625,0.021155830753353973,0.0656
suining,0.5,greedy,mean_shift_1h,mean_shift_4h,0,,,,1938,625,0.0,0.0
suining,0.5,maximum_iou,mean_shift_1h,mean_shift_4h,0,,,,1938,625,0.0,0.0
suining,0.7,greedy,mean_shift_1h,mean_shift_4h,0,,,,1938,625,0.0,0.0
suining,0.7,maximum_iou,mean_shift_1h,mean_shift_4h,0,,,,1938,625,0.0,0.0
suining,0.3,greedy,mean_shift_1h,opsda_cui2015_1h_0.025,1064,0.5531045011359359,0.6009829920218827,0.5401629072681704,1938,1534,0.5490196078431373,0.6936114732724902
suining,0.3,maximum_iou,mean_shift_1h,opsda_cui2015_1h_0.025,1064,0.5573211501797608,0.6010262371036992,0.5401629072681704,1938,1534,0.5490196078431373,0.6936114732724902
suining,0.5,greedy,mean_shift_1h,opsda_cui2015_1h_0.025,857,0.5515922693834256,0.592580140298235,0.5783741734733567,1938,1534,0.4422084623323013,0.5586701434159062
suining,0.5,maximum_iou,mean_shift_1h,opsda_cui2015_1h_0.025,857,0.5615015231275129,0.5963251997122225,0.5783741734733567,1938,1534,0.4422084623323013,0.5586701434159062
suining,0.7,greedy,mean_shift_1h,opsda_cui2015_1h_0.025,0,,,,1938,1534,0.0,0.0
suining,0.7,maximum_iou,mean_shift_1h,opsda_cui2015_1h_0.025,0,,,,1938,1534,0.0,0.0
suining,0.3,greedy,mean_shift_1h,opsda_cui2015_2h_0.025,1601,0.5783539683937654,0.6430938528239056,0.6598767635307297,1938,2930,0.826109391124871,0.5464163822525597
suining,0.3,maximum_iou,mean_shift_1h,opsda_cui2015_2h_0.025,1603,0.5753286061077801,0.6405555917622744,0.6594173622869818,1938,2930,0.827141382868937,0.547098976109215
suining,0.5,greedy,mean_shift_1h,opsda_cui2015_2h_0.025,1406,0.5906396685417079,0.6564678315137457,0.6975665515139198,1938,2930,0.7254901960784313,0.47986348122866895
suining,0.5,maximum_iou,mean_shift_1h,opsda_cui2015_2h_0.025,1406,0.5908531412206252,0.6555776921721411,0.6975665515139198,1938,2930,0.7254901960784313,0.47986348122866895
suining,0.7,greedy,mean_shift_1h,opsda_cui2015_2h_0.025,536,0.7205746154784665,0.7948000102668636,0.8737873134328359,1938,2930,0.27657378740970073,0.18293515358361775
suining,0.7,maximum_iou,mean_shift_1h,opsda_cui2015_2h_0.025,536,0.7205746154784665,0.7948000102668636,0.8737873134328359,1938,2930,0.27657378740970073,0.18293515358361775
suining,0.3,greedy,mean_shift_1h,opsda_cui2015_4h_0.025,1719,0.5801508061724868,0.6500234363215777,0.6856424924051452,1938,4407,0.8869969040247678,0.39006126616746084
suining,0.3,maximum_iou,mean_shift_1h,opsda_cui2015_4h_0.025,1721,0.576173112394115,0.6459727233188266,0.6849909613273937,1938,4407,0.8880288957688338,0.39051508963013387
suining,0.5,greedy,mean_shift_1h,opsda_cui2015_4h_0.025,1575,0.5943853944568676,0.6554221601454974,0.712387136672851,1938,4407,0.8126934984520123,0.3573859768550034
suining,0.5,maximum_iou,mean_shift_1h,opsda_cui2015_4h_0.025,1575,0.5941582946246025,0.6544747508499077,0.712387136672851,1938,4407,0.8126934984520123,0.3573859768550034
suining,0.7,greedy,mean_shift_1h,opsda_cui2015_4h_0.025,685,0.7052263725861722,0.7691716730892935,0.8641264048198355,1938,4407,0.35345717234262125,0.1554345359655094
suining,0.7,maximum_iou,mean_shift_1h,opsda_cui2015_4h_0.025,685,0.7052263725861722,0.7691716730892935,0.8641264048198355,1938,4407,0.35345717234262125,0.1554345359655094
suining,0.3,greedy,mean_shift_1h,sda_florita2013_0.025,1506,0.5632859754064538,0.6293898195475536,0.5702249204241235,1938,2320,0.7770897832817337,0.6491379310344828
suining,0.3,maximum_iou,mean_shift_1h,sda_florita2013_0.025,1506,0.5633900783950756,0.6304553161601154,0.5702249204241235,1938,2320,0.7770897832817337,0.6491379310344828
suining,0.5,greedy,mean_shift_1h,sda_florita2013_0.025,1234,0.5614931234827537,0.625367396713686,0.6106602608628541,1938,2320,0.6367389060887513,0.531896551724138
suining,0.5,maximum_iou,mean_shift_1h,sda_florita2013_0.025,1234,0.5631269821904844,0.6251073631399195,0.6106602608628541,1938,2320,0.6367389060887513,0.531896551724138
suining,0.7,greedy,mean_shift_1h,sda_florita2013_0.025,191,0.6623509467935496,0.7448003819657885,0.8210296684118672,1938,2320,0.09855521155830753,0.08232758620689655
suining,0.7,maximum_iou,mean_shift_1h,sda_florita2013_0.025,191,0.6623509467935496,0.7448003819657885,0.8210296684118672,1938,2320,0.09855521155830753,0.08232758620689655
suining,0.3,greedy,mean_shift_1h,threshold_1h,1933,0.639938983536798,0.6767365643290799,0.7682239959270482,1938,2953,0.9974200206398349,0.6545885540128683
suining,0.3,maximum_iou,mean_shift_1h,threshold_1h,1933,0.6430573877504963,0.6792365510925809,0.7682239959270482,1938,2953,0.9974200206398349,0.6545885540128683
suining,0.5,greedy,mean_shift_1h,threshold_1h,1888,0.6445203231245273,0.6804419712979374,0.7771537446193167,1938,2953,0.9742002063983488,0.6393498137487301
suining,0.5,maximum_iou,mean_shift_1h,threshold_1h,1888,0.6445203231245273,0.6804419712979374,0.7771537446193167,1938,2953,0.9742002063983488,0.6393498137487301
suining,0.7,greedy,mean_shift_1h,threshold_1h,1146,0.7290867185522198,0.7847574387284459,0.8811597966702677,1938,2953,0.5913312693498453,0.3880799187267186
suining,0.7,maximum_iou,mean_shift_1h,threshold_1h,1146,0.7290867185522198,0.7847574387284459,0.8811597966702677,1938,2953,0.5913312693498453,0.3880799187267186
suining,0.3,greedy,mean_shift_1h,threshold_2h,1531,0.5539803096303288,0.5676626724878194,0.6158896115133867,1938,2402,0.7899896800825593,0.6373855120732723
suining,0.3,maximum_iou,mean_shift_1h,threshold_2h,1533,0.5520848581167545,0.5648326382899528,0.6155287453721895,1938,2402,0.7910216718266254,0.638218151540383
suining,0.5,greedy,mean_shift_1h,threshold_2h,1242,0.5620414249585131,0.5647510133055312,0.6681507725589851,1938,2402,0.6408668730650154,0.5170691090757702
suining,0.5,maximum_iou,mean_shift_1h,threshold_2h,1242,0.5642530648787849,0.5648692553233935,0.6681507725589851,1938,2402,0.6408668730650154,0.5170691090757702
suining,0.7,greedy,mean_shift_1h,threshold_2h,488,0.6085511442373254,0.6246441496753805,0.789514879473896,1938,2402,0.2518059855521156,0.2031640299750208
suining,0.7,maximum_iou,mean_shift_1h,threshold_2h,488,0.6085511442373254,0.6246441496753805,0.789514879473896,1938,2402,0.2518059855521156,0.2031640299750208
suining,0.3,greedy,mean_shift_1h,threshold_4h,526,0.32651993395818896,0.2914700655786752,0.3823586615615413,1938,1420,0.2714138286893705,0.3704225352112676
suining,0.3,maximum_iou,mean_shift_1h,threshold_4h,532,0.3134917146558794,0.2895597929432028,0.38022354415345916,1938,1420,0.27450980392156865,0.37464788732394366
suining,0.5,greedy,mean_shift_1h,threshold_4h,76,0.27647894534010004,0.18548967795011206,0.5315877835614677,1938,1420,0.0392156862745098,0.05352112676056338
suining,0.5,maximum_iou,mean_shift_1h,threshold_4h,76,0.3421706008737336,0.2167584642945414,0.5315877835614677,1938,1420,0.0392156862745098,0.05352112676056338
suining,0.7,greedy,mean_shift_1h,threshold_4h,3,1.0,1.0,0.7166666666666667,1938,1420,0.0015479876160990713,0.002112676056338028
suining,0.7,maximum_iou,mean_shift_1h,threshold_4h,3,1.0,1.0,0.7166666666666667,1938,1420,0.0015479876160990713,0.002112676056338028
suining,0.3,greedy,mean_shift_2h,mean_shift_4h,572,0.31868472600602216,0.24951028496419544,0.5213880446895865,1145,625,0.4995633187772926,0.9152
suining,0.3,maximum_iou,mean_shift_2h,mean_shift_4h,572,0.3255670333884316,0.2513313355208549,0.5213880446895865,1145,625,0.4995633187772926,0.9152
suining,0.5,greedy,mean_shift_2h,mean_shift_4h,368,0.32553141235928273,0.2374865486975273,0.573496882057475,1145,625,0.32139737991266376,0.5888
suining,0.5,maximum_iou,mean_shift_2h,mean_shift_4h,368,0.32553141235928273,0.2374865486975273,0.573496882057475,1145,625,0.32139737991266376,0.5888
suining,0.7,greedy,mean_shift_2h,mean_shift_4h,30,0.47065142229896945,0.37969078354848396,0.7478765369726468,1145,625,0.026200873362445413,0.048
suining,0.7,maximum_iou,mean_shift_2h,mean_shift_4h,30,0.47065142229896945,0.37969078354848396,0.7478765369726468,1145,625,0.026200873362445413,0.048
suining,0.3,greedy,mean_shift_2h,opsda_cui2015_1h_0.025,0,,,,1145,1534,0.0,0.0
suining,0.3,maximum_iou,mean_shift_2h,opsda_cui2015_1h_0.025,0,,,,1145,1534,0.0,0.0
suining,0.5,greedy,mean_shift_2h,opsda_cui2015_1h_0.025,0,,,,1145,1534,0.0,0.0
suining,0.5,maximum_iou,mean_shift_2h,opsda_cui2015_1h_0.025,0,,,,1145,1534,0.0,0.0
suining,0.7,greedy,mean_shift_2h,opsda_cui2015_1h_0.025,0,,,,1145,1534,0.0,0.0
suining,0.7,maximum_iou,mean_shift_2h,opsda_cui2015_1h_0.025,0,,,,1145,1534,0.0,0.0
suining,0.3,greedy,mean_shift_2h,opsda_cui2015_2h_0.025,647,0.34660740098896503,0.34351747908418195,0.40668483156891194,1145,2930,0.5650655021834061,0.22081911262798634
suining,0.3,maximum_iou,mean_shift_2h,opsda_cui2015_2h_0.025,651,0.33402565889614194,0.32503758065522576,0.40636945406530656,1145,2930,0.5685589519650655,0.22218430034129694
suining,0.5,greedy,mean_shift_2h,opsda_cui2015_2h_0.025,134,0.34243258013468125,0.2710829783563571,0.5351812366737739,1145,2930,0.11703056768558952,0.04573378839590444
suining,0.5,maximum_iou,mean_shift_2h,opsda_cui2015_2h_0.025,134,0.3289613498781583,0.2557408545999244,0.5351812366737739,1145,2930,0.11703056768558952,0.04573378839590444
suining,0.7,greedy,mean_shift_2h,opsda_cui2015_2h_0.025,0,,,,1145,2930,0.0,0.0
suining,0.7,maximum_iou,mean_shift_2h,opsda_cui2015_2h_0.025,0,,,,1145,2930,0.0,0.0
suining,0.3,greedy,mean_shift_2h,opsda_cui2015_4h_0.025,1009,0.36526760123471147,0.36049658570982784,0.5681727723737023,1145,4407,0.8812227074235808,0.2289539369185387
suining,0.3,maximum_iou,mean_shift_2h,opsda_cui2015_4h_0.025,1011,0.3557290830387242,0.35308900171815,0.5671418149793406,1145,4407,0.8829694323144105,0.22940776038121172
suining,0.5,greedy,mean_shift_2h,opsda_cui2015_4h_0.025,693,0.46408478173076795,0.4191063410349953,0.648707905850763,1145,4407,0.605240174672489,0.1572498298162015
suining,0.5,maximum_iou,mean_shift_2h,opsda_cui2015_4h_0.025,693,0.46392977444394634,0.4183059873662456,0.648707905850763,1145,4407,0.605240174672489,0.1572498298162015
suining,0.7,greedy,mean_shift_2h,opsda_cui2015_4h_0.025,235,0.5125215027243382,0.48537317436476857,0.784354026588069,1145,4407,0.2052401746724891,0.05332425686407987
suining,0.7,maximum_iou,mean_shift_2h,opsda_cui2015_4h_0.025,235,0.5103385172779605,0.48195156178337234,0.784354026588069,1145,4407,0.2052401746724891,0.05332425686407987
suining,0.3,greedy,mean_shift_2h,sda_florita2013_0.025,305,0.3000168503713826,0.29116244973400524,0.3971717231715709,1145,2320,0.2663755458515284,0.1314655172413793
suining,0.3,maximum_iou,mean_shift_2h,sda_florita2013_0.025,305,0.2818023145255731,0.2731353464929559,0.3971717231715709,1145,2320,0.2663755458515284,0.1314655172413793
suining,0.5,greedy,mean_shift_2h,sda_florita2013_0.025,58,0.37789201287410656,0.2576080329386615,0.5625310991690301,1145,2320,0.050655021834061134,0.025
suining,0.5,maximum_iou,mean_shift_2h,sda_florita2013_0.025,58,0.37789201287410656,0.2576080329386615,0.5625310991690301,1145,2320,0.050655021834061134,0.025
suining,0.7,greedy,mean_shift_2h,sda_florita2013_0.025,5,0.3586599605575701,-0.08695652173913043,0.7471428571428571,1145,2320,0.004366812227074236,0.0021551724137931034
suining,0.7,maximum_iou,mean_shift_2h,sda_florita2013_0.025,5,0.3586599605575701,-0.08695652173913043,0.7471428571428571,1145,2320,0.004366812227074236,0.0021551724137931034
suining,0.3,greedy,mean_shift_2h,threshold_1h,628,0.40681862739519126,0.35508199928818307,0.3818674977711602,1145,2953,0.548471615720524,0.2126650863528615
suining,0.3,maximum_iou,mean_shift_2h,threshold_1h,628,0.4074635870015702,0.35095810622486673,0.3818674977711602,1145,2953,0.548471615720524,0.2126650863528615
suining,0.5,greedy,mean_shift_2h,threshold_1h,64,0.383044250096495,0.29744525547445255,0.5314292478354979,1145,2953,0.05589519650655022,0.021672875042329835
suining,0.5,maximum_iou,mean_shift_2h,threshold_1h,64,0.383044250096495,0.29744525547445255,0.5314292478354979,1145,2953,0.05589519650655022,0.021672875042329835
suining,0.7,greedy,mean_shift_2h,threshold_1h,2,1.0,1.0,0.7207792207792207,1145,2953,0.0017467248908296944,0.0006772773450728074
suining,0.7,maximum_iou,mean_shift_2h,threshold_1h,2,1.0,1.0,0.7207792207792207,1145,2953,0.0017467248908296944,0.0006772773450728074
suining,0.3,greedy,mean_shift_2h,threshold_2h,1138,0.4707160137030424,0.42132992520531676,0.718776000771182,1145,2402,0.993886462882096,0.47377185678601164
suining,0.3,maximum_iou,mean_shift_2h,threshold_2h,1138,0.4677479310030866,0.41933821148303996,0.718776000771182,1145,2402,0.993886462882096,0.47377185678601164
suining,0.5,greedy,mean_shift_2h,threshold_2h,1070,0.4785808400369244,0.4192780722721635,0.738802236803669,1145,2402,0.9344978165938864,0.4454621149042465
suining,0.5,maximum_iou,mean_shift_2h,threshold_2h,1070,0.4785808400369244,0.4192780722721635,0.738802236803669,1145,2402,0.9344978165938864,0.4454621149042465
suining,0.7,greedy,mean_shift_2h,threshold_2h,734,0.4903880200010325,0.4525076731550586,0.7917189687305091,1145,2402,0.6410480349344978,0.305578684429642
suining,0.7,maximum_iou,mean_shift_2h,threshold_2h,734,0.4903880200010325,0.4525076731550586,0.7917189687305091,1145,2402,0.6410480349344978,0.305578684429642
suining,0.3,greedy,mean_shift_2h,threshold_4h,912,0.43331829420970625,0.3759297198574343,0.688285876171873,1145,1420,0.7965065502183406,0.6422535211267606
suining,0.3,maximum_iou,mean_shift_2h,threshold_4h,913,0.4334923624109816,0.3764325941443958,0.6879302907255033,1145,1420,0.7973799126637554,0.6429577464788733
suining,0.5,greedy,mean_shift_2h,threshold_4h,827,0.4404593641759696,0.3793173261006294,0.7149845694731313,1145,1420,0.7222707423580786,0.5823943661971831
suining,0.5,maximum_iou,mean_shift_2h,threshold_4h,827,0.4404593641759696,0.3793173261006294,0.7149845694731313,1145,1420,0.7222707423580786,0.5823943661971831
suining,0.7,greedy,mean_shift_2h,threshold_4h,460,0.48807550575384695,0.4363437043991836,0.7939913995939153,1145,1420,0.4017467248908297,0.323943661971831
suining,0.7,maximum_iou,mean_shift_2h,threshold_4h,460,0.48807550575384695,0.4363437043991836,0.7939913995939153,1145,1420,0.4017467248908297,0.323943661971831
suining,0.3,greedy,mean_shift_4h,opsda_cui2015_1h_0.025,0,,,,625,1534,0.0,0.0
suining,0.3,maximum_iou,mean_shift_4h,opsda_cui2015_1h_0.025,0,,,,625,1534,0.0,0.0
suining,0.5,greedy,mean_shift_4h,opsda_cui2015_1h_0.025,0,,,,625,1534,0.0,0.0
suining,0.5,maximum_iou,mean_shift_4h,opsda_cui2015_1h_0.025,0,,,,625,1534,0.0,0.0
suining,0.7,greedy,mean_shift_4h,opsda_cui2015_1h_0.025,0,,,,625,1534,0.0,0.0
suining,0.7,maximum_iou,mean_shift_4h,opsda_cui2015_1h_0.025,0,,,,625,1534,0.0,0.0
suining,0.3,greedy,mean_shift_4h,opsda_cui2015_2h_0.025,0,,,,625,2930,0.0,0.0
suining,0.3,maximum_iou,mean_shift_4h,opsda_cui2015_2h_0.025,0,,,,625,2930,0.0,0.0
suining,0.5,greedy,mean_shift_4h,opsda_cui2015_2h_0.025,0,,,,625,2930,0.0,0.0
suining,0.5,maximum_iou,mean_shift_4h,opsda_cui2015_2h_0.025,0,,,,625,2930,0.0,0.0
suining,0.7,greedy,mean_shift_4h,opsda_cui2015_2h_0.025,0,,,,625,2930,0.0,0.0
suining,0.7,maximum_iou,mean_shift_4h,opsda_cui2015_2h_0.025,0,,,,625,2930,0.0,0.0
suining,0.3,greedy,mean_shift_4h,opsda_cui2015_4h_0.025,330,0.1837797860310464,0.19206157080046776,0.36387340977123334,625,4407,0.528,0.07488087134104833
suining,0.3,maximum_iou,mean_shift_4h,opsda_cui2015_4h_0.025,337,0.18049123318856963,0.18963735022112718,0.3624860678936733,625,4407,0.5392,0.0764692534604039
suining,0.5,greedy,mean_shift_4h,opsda_cui2015_4h_0.025,7,0.3219671662867288,-0.10526315789473684,0.519047619047619,625,4407,0.0112,0.0015883821193555707
suining,0.5,maximum_iou,mean_shift_4h,opsda_cui2015_4h_0.025,7,0.3219671662867288,-0.10526315789473684,0.519047619047619,625,4407,0.0112,0.0015883821193555707
suining,0.7,greedy,mean_shift_4h,opsda_cui2015_4h_0.025,0,,,,625,4407,0.0,0.0
suining,0.7,maximum_iou,mean_shift_4h,opsda_cui2015_4h_0.025,0,,,,625,4407,0.0,0.0
suining,0.3,greedy,mean_shift_4h,sda_florita2013_0.025,12,0.35085501378463624,0.11685994647636039,0.36758841066810927,625,2320,0.0192,0.005172413793103448
suining,0.3,maximum_iou,mean_shift_4h,sda_florita2013_0.025,12,0.35085501378463624,0.11685994647636039,0.36758841066810927,625,2320,0.0192,0.005172413793103448
suining,0.5,greedy,mean_shift_4h,sda_florita2013_0.025,0,,,,625,2320,0.0,0.0
suining,0.5,maximum_iou,mean_shift_4h,sda_florita2013_0.025,0,,,,625,2320,0.0,0.0
suining,0.7,greedy,mean_shift_4h,sda_florita2013_0.025,0,,,,625,2320,0.0,0.0
suining,0.7,maximum_iou,mean_shift_4h,sda_florita2013_0.025,0,,,,625,2320,0.0,0.0
suining,0.3,greedy,mean_shift_4h,threshold_1h,4,0.7999999999999999,0.5714285714285714,0.35005482456140347,625,2953,0.0064,0.0013545546901456147
suining,0.3,maximum_iou,mean_shift_4h,threshold_1h,4,0.7999999999999999,0.5714285714285714,0.35005482456140347,625,2953,0.0064,0.0013545546901456147
suining,0.5,greedy,mean_shift_4h,threshold_1h,0,,,,625,2953,0.0,0.0
suining,0.5,maximum_iou,mean_shift_4h,threshold_1h,0,,,,625,2953,0.0,0.0
suining,0.7,greedy,mean_shift_4h,threshold_1h,0,,,,625,2953,0.0,0.0
suining,0.7,maximum_iou,mean_shift_4h,threshold_1h,0,,,,625,2953,0.0,0.0
suining,0.3,greedy,mean_shift_4h,threshold_2h,495,0.3113078517081933,0.2899814869952545,0.4043499099480398,625,2402,0.792,0.2060782681099084
suining,0.3,maximum_iou,mean_shift_4h,threshold_2h,495,0.3100367920464947,0.28415571457377403,0.4043499099480398,625,2402,0.792,0.2060782681099084
suining,0.5,greedy,mean_shift_4h,threshold_2h,69,0.4651683567405947,0.4119058312717888,0.5614168794627865,625,2402,0.1104,0.028726061615320566
suining,0.5,maximum_iou,mean_shift_4h,threshold_2h,69,0.4651683567405947,0.4119058312717888,0.5614168794627865,625,2402,0.1104,0.028726061615320566
suining,0.7,greedy,mean_shift_4h,threshold_2h,1,1.0,1.0,0.7333333333333333,625,2402,0.0016,0.00041631973355537054
suining,0.7,maximum_iou,mean_shift_4h,threshold_2h,1,1.0,1.0,0.7333333333333333,625,2402,0.0016,0.00041631973355537054
suining,0.3,greedy,mean_shift_4h,threshold_4h,616,0.3951363444856905,0.2965470332018394,0.7312132463040526,625,1420,0.9856,0.43380281690140843
suining,0.3,maximum_iou,mean_shift_4h,threshold_4h,616,0.3951363444856905,0.2965470332018394,0.7312132463040526,625,1420,0.9856,0.43380281690140843
suining,0.5,greedy,mean_shift_4h,threshold_4h,573,0.40393146246601186,0.30368063585532845,0.7535439739422548,625,1420,0.9168,0.4035211267605634
suining,0.5,maximum_iou,mean_shift_4h,threshold_4h,573,0.40393146246601186,0.30368063585532845,0.7535439739422548,625,1420,0.9168,0.4035211267605634
suining,0.7,greedy,mean_shift_4h,threshold_4h,395,0.41825813061682204,0.3148070363762787,0.8021850610734418,625,1420,0.632,0.27816901408450706
suining,0.7,maximum_iou,mean_shift_4h,threshold_4h,395,0.41825813061682204,0.3148070363762787,0.8021850610734418,625,1420,0.632,0.27816901408450706
suining,0.3,greedy,opsda_cui2015_1h_0.025,opsda_cui2015_2h_0.025,1529,0.9113041385738209,0.948724407983407,0.9408109875735775,1534,2930,0.9967405475880052,0.5218430034129693
suining,0.3,maximum_iou,opsda_cui2015_1h_0.025,opsda_cui2015_2h_0.025,1529,0.8999671762966863,0.9442946413706603,0.9408109875735775,1534,2930,0.9967405475880052,0.5218430034129693
suining,0.5,greedy,opsda_cui2015_1h_0.025,opsda_cui2015_2h_0.025,1529,0.9113041385738209,0.948724407983407,0.9408109875735775,1534,2930,0.9967405475880052,0.5218430034129693
suining,0.5,maximum_iou,opsda_cui2015_1h_0.025,opsda_cui2015_2h_0.025,1529,0.8999671762966863,0.9442946413706603,0.9408109875735775,1534,2930,0.9967405475880052,0.5218430034129693
suining,0.7,greedy,opsda_cui2015_1h_0.025,opsda_cui2015_2h_0.025,1348,1.0,1.0,1.0,1534,2930,0.878748370273794,0.46006825938566553
suining,0.7,maximum_iou,opsda_cui2015_1h_0.025,opsda_cui2015_2h_0.025,1348,1.0,1.0,1.0,1534,2930,0.878748370273794,0.46006825938566553
suining,0.3,greedy,opsda_cui2015_1h_0.025,opsda_cui2015_4h_0.025,1520,0.8910723045299016,0.9418246299979162,0.9188815789473684,1534,4407,0.9908735332464146,0.34490583163149535
suining,0.3,maximum_iou,opsda_cui2015_1h_0.025,opsda_cui2015_4h_0.025,1520,0.8867697081452425,0.9388133806968997,0.9188815789473684,1534,4407,0.9908735332464146,0.34490583163149535
suining,0.5,greedy,opsda_cui2015_1h_0.025,opsda_cui2015_4h_0.025,1463,0.9063394218908669,0.951644782941955,0.9401913875598086,1534,4407,0.953715775749674,0.3319718629453143
suining,0.5,maximum_iou,opsda_cui2015_1h_0.025,opsda_cui2015_4h_0.025,1463,0.9041573052255717,0.949793141612744,0.9401913875598086,1534,4407,0.953715775749674,0.3319718629453143
suining,0.7,greedy,opsda_cui2015_1h_0.025,opsda_cui2015_4h_0.025,1288,1.0,1.0,1.0,1534,4407,0.8396349413298566,0.292262309961425
suining,0.7,maximum_iou,opsda_cui2015_1h_0.025,opsda_cui2015_4h_0.025,1288,1.0,1.0,1.0,1534,4407,0.8396349413298566,0.292262309961425
suining,0.3,greedy,opsda_cui2015_1h_0.025,sda_florita2013_0.025,1534,1.0,1.0,1.0,1534,2320,1.0,0.6612068965517242
suining,0.3,maximum_iou,opsda_cui2015_1h_0.025,sda_florita2013_0.025,1534,1.0,1.0,1.0,1534,2320,1.0,0.6612068965517242
suining,0.5,greedy,opsda_cui2015_1h_0.025,sda_florita2013_0.025,1534,1.0,1.0,1.0,1534,2320,1.0,0.6612068965517242
suining,0.5,maximum_iou,opsda_cui2015_1h_0.025,sda_florita2013_0.025,1534,1.0,1.0,1.0,1534,2320,1.0,0.6612068965517242
suining,0.7,greedy,opsda_cui2015_1h_0.025,sda_florita2013_0.025,1534,1.0,1.0,1.0,1534,2320,1.0,0.6612068965517242
suining,0.7,maximum_iou,opsda_cui2015_1h_0.025,sda_florita2013_0.025,1534,1.0,1.0,1.0,1534,2320,1.0,0.6612068965517242
suining,0.3,greedy,opsda_cui2015_1h_0.025,threshold_1h,1382,0.6806486541106279,0.7756719178647488,0.7257597684515193,1534,2953,0.9009126466753585,0.46799864544530984
suining,0.3,maximum_iou,opsda_cui2015_1h_0.025,threshold_1h,1390,0.6537141971043501,0.7584296499330055,0.7235011990407675,1534,2953,0.9061277705345502,0.47070775482560107
suining,0.5,greedy,opsda_cui2015_1h_0.025,threshold_1h,1283,0.7210358435920232,0.7973700138148759,0.7526630293582749,1534,2953,0.8363754889178618,0.4344734168642059
suining,0.5,maximum_iou,opsda_cui2015_1h_0.025,threshold_1h,1283,0.7227260290603043,0.801883335385457,0.7526630293582749,1534,2953,0.8363754889178618,0.4344734168642059
suining,0.7,greedy,opsda_cui2015_1h_0.025,threshold_1h,417,1.0,1.0,1.0,1534,2953,0.27183833116036504,0.14121232644768034
suining,0.7,maximum_iou,opsda_cui2015_1h_0.025,threshold_1h,417,1.0,1.0,1.0,1534,2953,0.27183833116036504,0.14121232644768034
suining,0.3,greedy,opsda_cui2015_1h_0.025,threshold_2h,552,0.45199953542978116,0.49126670947244777,0.40591787439613525,1534,2402,0.35984354628422427,0.22980849292256453
suining,0.3,maximum_iou,opsda_cui2015_1h_0.025,threshold_2h,552,0.4473752522802393,0.4786275624290295,0.40591787439613525,1534,2402,0.35984354628422427,0.22980849292256453
suining,0.5,greedy,opsda_cui2015_1h_0.025,threshold_2h,160,0.5272106162219559,0.6561701734937843,0.5,1534,2402,0.10430247718383312,0.06661115736885928
suining,0.5,maximum_iou,opsda_cui2015_1h_0.025,threshold_2h,160,0.48548148885463105,0.6109817556182018,0.5,1534,2402,0.10430247718383312,0.06661115736885928
suining,0.7,greedy,opsda_cui2015_1h_0.025,threshold_2h,0,,,,1534,2402,0.0,0.0
suining,0.7,maximum_iou,opsda_cui2015_1h_0.025,threshold_2h,0,,,,1534,2402,0.0,0.0
suining,0.3,greedy,opsda_cui2015_1h_0.025,threshold_4h,0,,,,1534,1420,0.0,0.0
suining,0.3,maximum_iou,opsda_cui2015_1h_0.025,threshold_4h,0,,,,1534,1420,0.0,0.0
suining,0.5,greedy,opsda_cui2015_1h_0.025,threshold_4h,0,,,,1534,1420,0.0,0.0
suining,0.5,maximum_iou,opsda_cui2015_1h_0.025,threshold_4h,0,,,,1534,1420,0.0,0.0
suining,0.7,greedy,opsda_cui2015_1h_0.025,threshold_4h,0,,,,1534,1420,0.0,0.0
suining,0.7,maximum_iou,opsda_cui2015_1h_0.025,threshold_4h,0,,,,1534,1420,0.0,0.0
suining,0.3,greedy,opsda_cui2015_2h_0.025,opsda_cui2015_4h_0.025,2854,0.9398014923550796,0.9710982612052445,0.9560896152434343,2930,4407,0.974061433447099,0.6476060812343998
suining,0.3,maximum_iou,opsda_cui2015_2h_0.025,opsda_cui2015_4h_0.025,2874,0.9365552363540341,0.9692497268823848,0.9501205388209566,2930,4407,0.9808873720136518,0.65214431586113
suining,0.5,greedy,opsda_cui2015_2h_0.025,opsda_cui2015_4h_0.025,2798,0.947629812781383,0.9755699615278733,0.9674189046597911,2930,4407,0.9549488054607509,0.6348990242795552
suining,0.5,maximum_iou,opsda_cui2015_2h_0.025,opsda_cui2015_4h_0.025,2831,0.9387273165030597,0.9708879538167418,0.9572858320297387,2930,4407,0.9662116040955632,0.6423871114136601
suining,0.7,greedy,opsda_cui2015_2h_0.025,opsda_cui2015_4h_0.025,2560,1.0,1.0,1.0,2930,4407,0.8737201365187713,0.5808940322214659
suining,0.7,maximum_iou,opsda_cui2015_2h_0.025,opsda_cui2015_4h_0.025,2560,1.0,1.0,1.0,2930,4407,0.8737201365187713,0.5808940322214659
suining,0.3,greedy,opsda_cui2015_2h_0.025,sda_florita2013_0.025,2222,0.9326123286363786,0.964220390374578,0.9592709270927092,2930,2320,0.7583617747440273,0.9577586206896552
suining,0.3,maximum_iou,opsda_cui2015_2h_0.025,sda_florita2013_0.025,2222,0.9242959985930524,0.961106717003764,0.9592709270927092,2930,2320,0.7583617747440273,0.9577586206896552
suining,0.5,greedy,opsda_cui2015_2h_0.025,sda_florita2013_0.025,2222,0.9326123286363786,0.964220390374578,0.9592709270927092,2930,2320,0.7583617747440273,0.9577586206896552
suining,0.5,maximum_iou,opsda_cui2015_2h_0.025,sda_florita2013_0.025,2222,0.9242959985930524,0.961106717003764,0.9592709270927092,2930,2320,0.7583617747440273,0.9577586206896552
suining,0.7,greedy,opsda_cui2015_2h_0.025,sda_florita2013_0.025,2041,1.0,1.0,1.0,2930,2320,0.6965870307167236,0.8797413793103448
suining,0.7,maximum_iou,opsda_cui2015_2h_0.025,sda_florita2013_0.025,2041,1.0,1.0,1.0,2930,2320,0.6965870307167236,0.8797413793103448
suining,0.3,greedy,opsda_cui2015_2h_0.025,threshold_1h,2031,0.5985592098284482,0.716321176486832,0.7187322688799794,2930,2953,0.6931740614334471,0.6877751439214358
suining,0.3,maximum_iou,opsda_cui2015_2h_0.025,threshold_1h,2031,0.5966575082276903,0.7144180431480256,0.7187322688799794,2930,2953,0.6931740614334471,0.6877751439214358
suining,0.5,greedy,opsda_cui2015_2h_0.025,threshold_1h,1937,0.6506838060185607,0.7549999107126923,0.7352521080708999,2930,2953,0.6610921501706485,0.6559431087030139
suining,0.5,maximum_iou,opsda_cui2015_2h_0.025,threshold_1h,1937,0.6506838060185607,0.7549999107126923,0.7352521080708999,2930,2953,0.6610921501706485,0.6559431087030139
suining,0.7,greedy,opsda_cui2015_2h_0.025,threshold_1h,833,0.8192366876042154,0.8747576713542967,0.9040216086434575,2930,2953,0.2843003412969283,0.28208601422282426
suining,0.7,maximum_iou,opsda_cui2015_2h_0.025,threshold_1h,833,0.8192366876042154,0.8747576713542967,0.9040216086434575,2930,2953,0.2843003412969283,0.28208601422282426
suining,0.3,greedy,opsda_cui2015_2h_0.025,threshold_2h,1505,0.5238313404346118,0.603874691346776,0.5626390405460173,2930,2402,0.5136518771331058,0.6265611990008326
suining,0.3,maximum_iou,opsda_cui2015_2h_0.025,threshold_2h,1511,0.5131470376334437,0.5903682017438743,0.5613975883664831,2930,2402,0.5156996587030717,0.6290591174021649
suining,0.5,greedy,opsda_cui2015_2h_0.025,threshold_2h,989,0.5489910021514929,0.6367078928048634,0.6569045211613462,2930,2402,0.33754266211604095,0.41174021648626147
suining,0.5,maximum_iou,opsda_cui2015_2h_0.025,threshold_2h,991,0.5431564975148274,0.6290161346363906,0.6556796886262073,2930,2402,0.33822525597269626,0.4125728559533722
suining,0.7,greedy,opsda_cui2015_2h_0.025,threshold_2h,317,0.7361582207971971,0.7995842579175201,0.8600946372239747,2930,2402,0.10819112627986348,0.13197335553705244
suining,0.7,maximum_iou,opsda_cui2015_2h_0.025,threshold_2h,317,0.7361582207971971,0.7995842579175201,0.8600946372239747,2930,2402,0.10819112627986348,0.13197335553705244
suining,0.3,greedy,opsda_cui2015_2h_0.025,threshold_4h,311,0.22539089920953054,0.25009047701658266,0.38037798214647095,2930,1420,0.10614334470989761,0.21901408450704227
suining,0.3,maximum_iou,opsda_cui2015_2h_0.025,threshold_4h,313,0.22048484239065955,0.2387327103218866,0.37981796336428925,2930,1420,0.1068259385665529,0.22042253521126762
suining,0.5,greedy,opsda_cui2015_2h_0.025,threshold_4h,57,0.20304395666496453,0.14073725120716052,0.5,2930,1420,0.019453924914675767,0.04014084507042254
suining,0.5,maximum_iou,opsda_cui2015_2h_0.025,threshold_4h,57,0.1652824672823487,0.10718909937594816,0.5,2930,1420,0.019453924914675767,0.04014084507042254
suining,0.7,greedy,opsda_cui2015_2h_0.025,threshold_4h,0,,,,2930,1420,0.0,0.0
suining,0.7,maximum_iou,opsda_cui2015_2h_0.025,threshold_4h,0,,,,2930,1420,0.0,0.0
suining,0.3,greedy,opsda_cui2015_4h_0.025,sda_florita2013_0.025,2297,0.8995302891704058,0.9481503272231743,0.9246620851213798,4407,2320,0.5212162468799637,0.9900862068965517
suining,0.3,maximum_iou,opsda_cui2015_4h_0.025,sda_florita2013_0.025,2297,0.8944353449315493,0.9444442514756914,0.9246620851213798,4407,2320,0.5212162468799637,0.9900862068965517
suining,0.5,greedy,opsda_cui2015_4h_0.025,sda_florita2013_0.025,2232,0.9110515948908587,0.9554978720818729,0.9405796637651477,4407,2320,0.5064669843430906,0.9620689655172414
suining,0.5,maximum_iou,opsda_cui2015_4h_0.025,sda_florita2013_0.025,2232,0.9086539397451513,0.9533826547950394,0.9405796637651477,4407,2320,0.5064669843430906,0.9620689655172414
suining,0.7,greedy,opsda_cui2015_4h_0.025,sda_florita2013_0.025,1948,1.0,1.0,0.9995783220885891,4407,2320,0.4420240526435217,0.8396551724137931
suining,0.7,maximum_iou,opsda_cui2015_4h_0.025,sda_florita2013_0.025,1948,1.0,1.0,0.9995783220885891,4407,2320,0.4420240526435217,0.8396551724137931
suining,0.3,greedy,opsda_cui2015_4h_0.025,threshold_1h,2196,0.581637014147603,0.6971230437102895,0.6939955763726255,4407,2953,0.4982981620149762,0.7436505248899424
suining,0.3,maximum_iou,opsda_cui2015_4h_0.025,threshold_1h,2204,0.5700622951782586,0.6879841836181863,0.6920625918243885,4407,2953,0.5001134558656682,0.7463596342702337
suining,0.5,greedy,opsda_cui2015_4h_0.025,threshold_1h,1906,0.6612258860317703,0.754367748515022,0.7424118073252386,4407,2953,0.43249375992738825,0.6454453098543854
suining,0.5,maximum_iou,opsda_cui2015_4h_0.025,threshold_1h,1906,0.6606170479894642,0.7532444026776848,0.7424118073252386,4407,2953,0.43249375992738825,0.6454453098543854
suining,0.7,greedy,opsda_cui2015_4h_0.025,threshold_1h,845,0.8028713692478369,0.8565427076302504,0.9046970977740209,4407,2953,0.19174041297935104,0.2861496782932611
suining,0.7,maximum_iou,opsda_cui2015_4h_0.025,threshold_1h,845,0.8028713692478369,0.8565427076302504,0.9046970977740209,4407,2953,0.19174041297935104,0.2861496782932611
suining,0.3,greedy,opsda_cui2015_4h_0.025,threshold_2h,1919,0.5206369625100834,0.6120364764901879,0.6702463146835216,4407,2402,0.4354436124347629,0.798917568692756
suining,0.3,maximum_iou,opsda_cui2015_4h_0.025,threshold_2h,1923,0.5205859385238337,0.6057573199180035,0.6690364237946143,4407,2402,0.43635125936010893,0.8005828476269775
suining,0.5,greedy,opsda_cui2015_4h_0.025,threshold_2h,1594,0.5822109108916463,0.6712328789576758,0.7285159685567465,4407,2402,0.3616972997503971,0.6636136552872606
suining,0.5,maximum_iou,opsda_cui2015_4h_0.025,threshold_2h,1597,0.5704601634723242,0.6618149506768637,0.7275132002902822,4407,2402,0.3623780349444066,0.6648626144879267
suining,0.7,greedy,opsda_cui2015_4h_0.025,threshold_2h,902,0.71892895829571,0.7883188190262657,0.8437940539381782,4407,2402,0.20467438166553212,0.3755203996669442
suining,0.7,maximum_iou,opsda_cui2015_4h_0.025,threshold_2h,902,0.7173711070103403,0.7870234513050688,0.8437940539381782,4407,2402,0.20467438166553212,0.3755203996669442
suining,0.3,greedy,opsda_cui2015_4h_0.025,threshold_4h,974,0.32424966179407744,0.3808581437093247,0.5039037070703855,4407,1420,0.22101202632176084,0.6859154929577465
suining,0.3,maximum_iou,opsda_cui2015_4h_0.025,threshold_4h,982,0.31135614092681624,0.36768395058114706,0.5016662850133775,4407,1420,0.2228273201724529,0.6915492957746479
suining,0.5,greedy,opsda_cui2015_4h_0.025,threshold_4h,486,0.3834701992113178,0.408468328810574,0.6223991714732457,4407,1420,0.1102791014295439,0.34225352112676055
suining,0.5,maximum_iou,opsda_cui2015_4h_0.025,threshold_4h,488,0.37902588097566153,0.40441343423924725,0.6212315519180274,4407,1420,0.11073292489221692,0.3436619718309859
suining,0.7,greedy,opsda_cui2015_4h_0.025,threshold_4h,121,0.6288759688332727,0.6621814492382024,0.806786877034811,4407,1420,0.027456319491717722,0.0852112676056338
suining,0.7,maximum_iou,opsda_cui2015_4h_0.025,threshold_4h,121,0.6221619192977085,0.6522788143300604,0.806786877034811,4407,1420,0.027456319491717722,0.0852112676056338
suining,0.3,greedy,sda_florita2013_0.025,threshold_1h,1953,0.6830730745435122,0.7816942744730839,0.696566942189062,2320,2953,0.8418103448275862,0.6613613274635963
suining,0.3,maximum_iou,sda_florita2013_0.025,threshold_1h,1961,0.6591735630718892,0.7658445109413451,0.695085112066244,2320,2953,0.8452586206896552,0.6640704368438876
suining,0.5,greedy,sda_florita2013_0.025,threshold_1h,1817,0.7147695443418325,0.8021277006183375,0.7202531645569621,2320,2953,0.7831896551724138,0.6153064679986454
suining,0.5,maximum_iou,sda_florita2013_0.025,threshold_1h,1817,0.7143133700728462,0.8039561455500648,0.7202531645569621,2320,2953,0.7831896551724138,0.6153064679986454
suining,0.7,greedy,sda_florita2013_0.025,threshold_1h,539,0.9715699204347111,0.9878887879857974,0.9634508348794062,2320,2953,0.23232758620689656,0.18252624449712157
suining,0.7,maximum_iou,sda_florita2013_0.025,threshold_1h,539,0.9715699204347111,0.9878887879857974,0.9634508348794062,2320,2953,0.23232758620689656,0.18252624449712157
suining,0.3,greedy,sda_florita2013_0.025,threshold_2h,1144,0.5188777916511181,0.5881020943631832,0.4854143161616936,2320,2402,0.49310344827586206,0.47626977518734387
suining,0.3,maximum_iou,sda_florita2013_0.025,threshold_2h,1145,0.5119089389687052,0.5736296755127638,0.4851941580980881,2320,2402,0.49353448275862066,0.47668609492089925
suining,0.5,greedy,sda_florita2013_0.025,threshold_2h,544,0.5717398667256444,0.6880869852104261,0.6075550011671335,2320,2402,0.23448275862068965,0.22647793505412156
suining,0.5,maximum_iou,sda_florita2013_0.025,threshold_2h,544,0.569040481838451,0.6830518670525394,0.6075550011671335,2320,2402,0.23448275862068965,0.22647793505412156
suining,0.7,greedy,sda_florita2013_0.025,threshold_2h,142,0.7609980091529578,0.8661386365937821,0.8195757880617036,2320,2402,0.061206896551724135,0.059117402164862616
suining,0.7,maximum_iou,sda_florita2013_0.025,threshold_2h,142,0.7609980091529578,0.8661386365937821,0.8195757880617036,2320,2402,0.061206896551724135,0.059117402164862616
suining,0.3,greedy,sda_florita2013_0.025,threshold_4h,174,0.29248325397475045,0.2842794147673541,0.39771911517601166,2320,1420,0.075,0.12253521126760564
suining,0.3,maximum_iou,sda_florita2013_0.025,threshold_4h,174,0.25982776029646143,0.2669132076052462,0.39771911517601166,2320,1420,0.075,0.12253521126760564
suining,0.5,greedy,sda_florita2013_0.025,threshold_4h,30,0.3914822445485876,0.2917891769737322,0.5867845117845117,2320,1420,0.01293103448275862,0.02112676056338028
suining,0.5,maximum_iou,sda_florita2013_0.025,threshold_4h,30,0.3914822445485876,0.2917891769737322,0.5867845117845117,2320,1420,0.01293103448275862,0.02112676056338028
suining,0.7,greedy,sda_florita2013_0.025,threshold_4h,4,1.0,1.0,0.7825126262626263,2320,1420,0.0017241379310344827,0.0028169014084507044
suining,0.7,maximum_iou,sda_florita2013_0.025,threshold_4h,4,1.0,1.0,0.7825126262626263,2320,1420,0.0017241379310344827,0.0028169014084507044
suining,0.3,greedy,threshold_1h,threshold_2h,1704,0.5796009652703215,0.6097379911915864,0.5039766620312395,2953,2402,0.5770402980020318,0.7094088259783514
suining,0.3,maximum_iou,threshold_1h,threshold_2h,1704,0.5750698559082768,0.6095059267116263,0.5039766620312395,2953,2402,0.5770402980020318,0.7094088259783514
suining,0.5,greedy,threshold_1h,threshold_2h,1085,0.5719764596101369,0.6039438808577577,0.5719159335288367,2953,2402,0.36742295970199795,0.45170691090757703
suining,0.5,maximum_iou,threshold_1h,threshold_2h,1085,0.5670960902093389,0.6024835008497964,0.5719159335288367,2953,2402,0.36742295970199795,0.45170691090757703
suining,0.7,greedy,threshold_1h,threshold_2h,156,0.6902036101048983,0.7753327924653157,0.7858719983719984,2953,2402,0.05282763291567897,0.0649458784346378
suining,0.7,maximum_iou,threshold_1h,threshold_2h,156,0.6902036101048983,0.7753327924653157,0.7858719983719984,2953,2402,0.05282763291567897,0.0649458784346378
suining,0.3,greedy,threshold_1h,threshold_4h,240,0.28175757062336143,0.2825683802607855,0.36414059082257605,2953,1420,0.08127328140873688,0.16901408450704225
suining,0.3,maximum_iou,threshold_1h,threshold_4h,240,0.25979519487124647,0.25903180826042377,0.36414059082257605,2953,1420,0.08127328140873688,0.16901408450704225
suining,0.5,greedy,threshold_1h,threshold_4h,23,0.39441118867909747,0.34057341442224154,0.5332125603864734,2953,1420,0.0077886894683372844,0.01619718309859155
suining,0.5,maximum_iou,threshold_1h,threshold_4h,23,0.4124939991137083,0.3777749013008867,0.5332125603864734,2953,1420,0.0077886894683372844,0.01619718309859155
suining,0.7,greedy,threshold_1h,threshold_4h,0,,,,2953,1420,0.0,0.0
suining,0.7,maximum_iou,threshold_1h,threshold_4h,0,,,,2953,1420,0.0,0.0
suining,0.3,greedy,threshold_2h,threshold_4h,1228,0.42234431082020907,0.4349762028010436,0.5277462181156113,2402,1420,0.511240632805995,0.8647887323943662
suining,0.3,maximum_iou,threshold_2h,threshold_4h,1233,0.42432316245510626,0.4325257798579011,0.5268539810978669,2402,1420,0.5133222314737719,0.8683098591549295
suining,0.5,greedy,threshold_2h,threshold_4h,787,0.389664400144931,0.3714790486355054,0.5972503687566738,2402,1420,0.3276436303080766,0.5542253521126761
suining,0.5,maximum_iou,threshold_2h,threshold_4h,787,0.38371071259555395,0.3640576912842998,0.5972503687566738,2402,1420,0.3276436303080766,0.5542253521126761
suining,0.7,greedy,threshold_2h,threshold_4h,117,0.6234875137979176,0.501124365253448,0.7907074379905212,2402,1420,0.04870940882597835,0.0823943661971831
suining,0.7,maximum_iou,threshold_2h,threshold_4h,117,0.6234875137979176,0.501124365253448,0.7907074379905212,2402,1420,0.04870940882597835,0.0823943661971831
yandun,0.3,greedy,adaptive_corridor,endpoint_corridor_0.025,20678,0.9271587985242414,0.9673463094597369,0.9397239724145129,22738,22091,0.9094027618963849,0.9360373002580237
yandun,0.3,maximum_iou,adaptive_corridor,endpoint_corridor_0.025,20678,0.9330674314254277,0.9714701564901743,0.9397239724145129,22738,22091,0.9094027618963849,0.9360373002580237
yandun,0.5,greedy,adaptive_corridor,endpoint_corridor_0.025,20307,0.9366225144792881,0.9725951656595598,0.9506422838008004,22738,22091,0.8930864631893746,0.919243130686705
yandun,0.5,maximum_iou,adaptive_corridor,endpoint_corridor_0.025,20307,0.9412788179441319,0.9757056588949709,0.9506422838008004,22738,22091,0.8930864631893746,0.919243130686705
yandun,0.7,greedy,adaptive_corridor,endpoint_corridor_0.025,18211,0.9962627473907733,0.9990544246431287,0.9989670031979624,22738,22091,0.8009059723810361,0.8243628627042687
yandun,0.7,maximum_iou,adaptive_corridor,endpoint_corridor_0.025,18211,0.9962627473907733,0.9990544246431287,0.9989670031979624,22738,22091,0.8009059723810361,0.8243628627042687
yandun,0.3,greedy,adaptive_corridor,endpoint_corridor_0.050,21461,0.9280011246449178,0.9699355869801245,0.9423190626943951,22738,23602,0.9438385082241182,0.9092873485297857
yandun,0.3,maximum_iou,adaptive_corridor,endpoint_corridor_0.050,21461,0.931155762412958,0.9720136312287998,0.9423190626943951,22738,23602,0.9438385082241182,0.9092873485297857
yandun,0.5,greedy,adaptive_corridor,endpoint_corridor_0.050,21121,0.9387926510578876,0.9754019218128809,0.951867532064966,22738,23602,0.9288855660128419,0.8948817896788408
yandun,0.5,maximum_iou,adaptive_corridor,endpoint_corridor_0.050,21121,0.9402576478282703,0.9764438306893309,0.951867532064966,22738,23602,0.9288855660128419,0.8948817896788408
yandun,0.7,greedy,adaptive_corridor,endpoint_corridor_0.050,19013,0.9913871899601319,0.9976006780453887,0.9969113574002336,22738,23602,0.836177324302929,0.8055673248029828
yandun,0.7,maximum_iou,adaptive_corridor,endpoint_corridor_0.050,19013,0.9913871899601319,0.9976006780453887,0.9969113574002336,22738,23602,0.836177324302929,0.8055673248029828
yandun,0.3,greedy,adaptive_corridor,endpoint_corridor_0.100,20801,0.8973433714054875,0.9532001841920199,0.8940823077986666,22738,24016,0.9148122086375231,0.8661309127248501
yandun,0.3,maximum_iou,adaptive_corridor,endpoint_corridor_0.100,20802,0.9030853244789979,0.9572786947371595,0.8940521464852769,22738,24016,0.914856187879321,0.8661725516322452
yandun,0.5,greedy,adaptive_corridor,endpoint_corridor_0.100,20190,0.9072877745711451,0.9587125915325615,0.9103853292587888,22738,24016,0.8879408918990237,0.8406895403064624
yandun,0.5,maximum_iou,adaptive_corridor,endpoint_corridor_0.100,20190,0.9120999923186291,0.9620139967450396,0.9103853292587888,22738,24016,0.8879408918990237,0.8406895403064624
yandun,0.7,greedy,adaptive_corridor,endpoint_corridor_0.100,16420,0.9890617832683295,0.9967511667156441,0.993703200374494,22738,24016,0.7221391503210485,0.6837108594270487
yandun,0.7,maximum_iou,adaptive_corridor,endpoint_corridor_0.100,16420,0.9890617832683295,0.9967511667156441,0.993703200374494,22738,24016,0.7221391503210485,0.6837108594270487
yandun,0.3,greedy,adaptive_corridor,financial_tail_1h,11464,0.6501147086734854,0.7000095955522849,0.552385521549862,22738,16311,0.5041780279707978,0.7028385751946539
yandun,0.3,maximum_iou,adaptive_corridor,financial_tail_1h,11481,0.6335531740910548,0.6851268924919421,0.5522063367634309,22738,16311,0.5049256750813615,0.7038808166268162
yandun,0.5,greedy,adaptive_corridor,financial_tail_1h,7555,0.6826348119657262,0.7422603317922857,0.6641594970218399,22738,16311,0.3322631717829185,0.46318435411685366
yandun,0.5,maximum_iou,adaptive_corridor,financial_tail_1h,7565,0.6695284613554865,0.7328353941274144,0.6639424983476537,22738,16311,0.3327029642008972,0.46379743731224327
yandun,0.7,greedy,adaptive_corridor,financial_tail_1h,2131,0.9774686310044335,0.9924098341285994,0.9874706710464569,22738,16311,0.09371976427126397,0.13064802893752683
yandun,0.7,maximum_iou,adaptive_corridor,financial_tail_1h,2131,0.9774686310044335,0.9924098341285994,0.9874706710464569,22738,16311,0.09371976427126397,0.13064802893752683
yandun,0.3,greedy,adaptive_corridor,financial_tail_2h,3103,0.5566114114617788,0.6252331932400427,0.48057526138415585,22738,11798,0.13646758729879496,0.26301067977623327
yandun,0.3,maximum_iou,adaptive_corridor,financial_tail_2h,3104,0.5480385701489103,0.617335745465802,0.48056004169084054,22738,11798,0.13651156654059285,0.2630954399050687
yandun,0.5,greedy,adaptive_corridor,financial_tail_2h,1570,0.6142263289256759,0.7008459400091893,0.5899112829845315,22738,11798,0.06904740962265811,0.13307340227157144
yandun,0.5,maximum_iou,adaptive_corridor,financial_tail_2h,1571,0.6072689704667715,0.6955618621451134,0.5898540511048469,22738,11798,0.06909138886445598,0.13315816240040684
yandun,0.7,greedy,adaptive_corridor,financial_tail_2h,344,0.73192052224053,0.8347148694828251,0.8292563299103999,22738,11798,0.015128859178467763,0.029157484319376165
yandun,0.7,maximum_iou,adaptive_corridor,financial_tail_2h,344,0.73192052224053,0.8347148694828251,0.8292563299103999,22738,11798,0.015128859178467763,0.029157484319376165
yandun,0.3,greedy,adaptive_corridor,financial_tail_4h,810,0.3796457415994607,0.5173652787119416,0.4159029770252681,22738,9292,0.03562318585627584,0.0871717606543263
yandun,0.3,maximum_iou,adaptive_corridor,financial_tail_4h,810,0.37921136019227286,0.5145177071506329,0.4159029770252681,22738,9292,0.03562318585627584,0.0871717606543263
yandun,0.5,greedy,adaptive_corridor,financial_tail_4h,207,0.3759895062421407,0.5622506187100905,0.5832621216679188,22738,9292,0.00910370305215938,0.022277227722772276
yandun,0.5,maximum_iou,adaptive_corridor,financial_tail_4h,207,0.3759895062421407,0.5622506187100905,0.5832621216679188,22738,9292,0.00910370305215938,0.022277227722772276
yandun,0.7,greedy,adaptive_corridor,financial_tail_4h,32,0.6982146005573872,0.8052919951890953,0.7913746843434344,22738,9292,0.001407335737531885,0.0034438226431338786
yandun,0.7,maximum_iou,adaptive_corridor,financial_tail_4h,32,0.6982146005573872,0.8052919951890953,0.7913746843434344,22738,9292,0.001407335737531885,0.0034438226431338786
yandun,0.3,greedy,adaptive_corridor,mean_shift_1h,7826,0.5331602465544155,0.5659560650725666,0.4790006366833612,22738,13634,0.34418154631014164,0.5740061610679185
yandun,0.3,maximum_iou,adaptive_corridor,mean_shift_1h,7857,0.5145173849432424,0.5456564635613416,0.47842590250952227,22738,13634,0.34554490280587563,0.5762798885140091
yandun,0.5,greedy,adaptive_corridor,mean_shift_1h,3644,0.6210962679270524,0.6362739001907762,0.6282508022834585,22738,13634,0.1602603571114434,0.26727299398562415
yandun,0.5,maximum_iou,adaptive_corridor,mean_shift_1h,3644,0.6213671920074108,0.636405774369398,0.6282508022834585,22738,13634,0.1602603571114434,0.26727299398562415
yandun,0.7,greedy,adaptive_corridor,mean_shift_1h,673,0.7748247163754265,0.8438986808233641,0.8830407127955419,22738,13634,0.029598029729967456,0.049361889394161654
yandun,0.7,maximum_iou,adaptive_corridor,mean_shift_1h,673,0.7748247163754265,0.8438986808233641,0.8830407127955419,22738,13634,0.029598029729967456,0.049361889394161654
yandun,0.3,greedy,adaptive_corridor,mean_shift_2h,1212,0.228686629928217,0.23477078227315332,0.4121906625987337,22738,10092,0.05330284105902014,0.12009512485136742
yandun,0.3,maximum_iou,adaptive_corridor,mean_shift_2h,1220,0.22839937900873578,0.2320474448609296,0.41140619611486995,22738,10092,0.053654674993403116,0.12088783194609591
yandun,0.5,greedy,adaptive_corridor,mean_shift_2h,238,0.45055417736583403,0.37488356005737755,0.6185735716197902,22738,10092,0.010467059547893395,0.02358303606817281
yandun,0.5,maximum_iou,adaptive_corridor,mean_shift_2h,238,0.45055417736583403,0.37488356005737755,0.6185735716197902,22738,10092,0.010467059547893395,0.02358303606817281
yandun,0.7,greedy,adaptive_corridor,mean_shift_2h,64,0.5383164188622219,0.4480326193177351,0.8096540178571426,22738,10092,0.00281467147506377,0.006341656757827983
yandun,0.7,maximum_iou,adaptive_corridor,mean_shift_2h,64,0.5383164188622219,0.4480326193177351,0.8096540178571426,22738,10092,0.00281467147506377,0.006341656757827983
yandun,0.3,greedy,adaptive_corridor,mean_shift_4h,149,0.09492115660492194,0.11671126133990933,0.40704286591664574,22738,6386,0.0065529070278828394,0.023332289383025367
yandun,0.3,maximum_iou,adaptive_corridor,mean_shift_4h,149,0.0992535035981539,0.12055327112927246,0.40704286591664574,22738,6386,0.0065529070278828394,0.023332289383025367
yandun,0.5,greedy,adaptive_corridor,mean_shift_4h,30,0.45577697102948495,0.3124576636492395,0.5659651333030882,22738,6386,0.0013193772539361421,0.004697776385844034
yandun,0.5,maximum_iou,adaptive_corridor,mean_shift_4h,30,0.45577697102948495,0.3124576636492395,0.5659651333030882,22738,6386,0.0013193772539361421,0.004697776385844034
yandun,0.7,greedy,adaptive_corridor,mean_shift_4h,2,1.0,1.0,0.7801857585139318,22738,6386,8.795848359574281e-05,0.00031318509238960227
yandun,0.7,maximum_iou,adaptive_corridor,mean_shift_4h,2,1.0,1.0,0.7801857585139318,22738,6386,8.795848359574281e-05,0.00031318509238960227
yandun,0.3,greedy,adaptive_corridor,opsda_cui2015_1h_0.025,9721,0.607597878226586,0.7208962701228124,0.5186057675822104,22738,10746,0.4275222095171079,0.9046156709473292
yandun,0.3,maximum_iou,adaptive_corridor,opsda_cui2015_1h_0.025,9731,0.569678084181473,0.6911949885321101,0.5184153735484535,22738,10746,0.42796200193508666,0.9055462497673553
yandun,0.5,greedy,adaptive_corridor,opsda_cui2015_1h_0.025,8476,0.6075979952075418,0.717262985820126,0.5455206858581092,22738,10746,0.372768053478758,0.7887586078540852
yandun,0.5,maximum_iou,adaptive_corridor,opsda_cui2015_1h_0.025,8476,0.5658361365224357,0.6853649459495281,0.5455206858581092,22738,10746,0.372768053478758,0.7887586078540852
yandun,0.7,greedy,adaptive_corridor,opsda_cui2015_1h_0.025,664,1.0,1.0,1.0,22738,10746,0.029202216553786613,0.06179043364973013
yandun,0.7,maximum_iou,adaptive_corridor,opsda_cui2015_1h_0.025,664,1.0,1.0,1.0,22738,10746,0.029202216553786613,0.06179043364973013
yandun,0.3,greedy,adaptive_corridor,opsda_cui2015_2h_0.025,12390,0.5804782084372275,0.6964311533665984,0.5366645389405682,22738,19078,0.5449028058756267,0.6494391445644198
yandun,0.3,maximum_iou,adaptive_corridor,opsda_cui2015_2h_0.025,12391,0.5581836735116477,0.6763644839178347,0.5366427491034063,22738,19078,0.5449467851174246,0.6494915609602684
yandun,0.5,greedy,adaptive_corridor,opsda_cui2015_2h_0.025,10524,0.5932365236879171,0.7251699942718505,0.5719190602885017,22738,19078,0.4628375406807987,0.5516301499108921
yandun,0.5,maximum_iou,adaptive_corridor,opsda_cui2015_2h_0.025,10524,0.567226367428597,0.7015656886028186,0.5719190602885017,22738,19078,0.4628375406807987,0.5516301499108921
yandun,0.7,greedy,adaptive_corridor,opsda_cui2015_2h_0.025,1279,0.8672610811757336,0.94027098062523,0.9115715402658319,22738,19078,0.05624945025947753,0.06704057029038683
yandun,0.7,maximum_iou,adaptive_corridor,opsda_cui2015_2h_0.025,1279,0.8672610811757336,0.94027098062523,0.9115715402658319,22738,19078,0.05624945025947753,0.06704057029038683
yandun,0.3,greedy,adaptive_corridor,opsda_cui2015_4h_0.025,12820,0.5536783294528895,0.6724616584360046,0.535470967444504,22738,27767,0.5638138798487115,0.46169913926603523
yandun,0.3,maximum_iou,adaptive_corridor,opsda_cui2015_4h_0.025,12871,0.530366702504244,0.6493569198072313,0.5337386145132814,22738,27767,0.5660568211804029,0.4635358519105413
yandun,0.5,greedy,adaptive_corridor,opsda_cui2015_4h_0.025,10232,0.591544738746303,0.7201448927787312,0.5810626742946913,22738,27767,0.44999560207582023,0.3684949760507077
yandun,0.5,maximum_iou,adaptive_corridor,opsda_cui2015_4h_0.025,10232,0.5693353344478521,0.6987752697632496,0.5810626742946913,22738,27767,0.44999560207582023,0.3684949760507077
yandun,0.7,greedy,adaptive_corridor,opsda_cui2015_4h_0.025,1484,0.8405165225455492,0.9277498664638338,0.9008777853622866,22738,27767,0.06526519482804116,0.05344473655778442
yandun,0.7,maximum_iou,adaptive_corridor,opsda_cui2015_4h_0.025,1484,0.8405165225455492,0.9277498664638338,0.9008777853622866,22738,27767,0.06526519482804116,0.05344473655778442
yandun,0.3,greedy,adaptive_corridor,sda_florita2013_0.025,12924,0.6095675313554024,0.7216661710142637,0.5272300597799668,22738,16478,0.56838772099569,0.7843184852530647
yandun,0.3,maximum_iou,adaptive_corridor,sda_florita2013_0.025,12929,0.5795589378322632,0.6990887793934046,0.5271550745814029,22738,16478,0.5686076172046793,0.7846219201359388
yandun,0.5,greedy,adaptive_corridor,sda_florita2013_0.025,10480,0.6277161076654704,0.7535224323724213,0.5718002613374754,22738,16478,0.46090245404169233,0.6359995145041873
yandun,0.5,maximum_iou,adaptive_corridor,sda_florita2013_0.025,10480,0.5912464711862883,0.7264430049674416,0.5718002613374754,22738,16478,0.46090245404169233,0.6359995145041873
yandun,0.7,greedy,adaptive_corridor,sda_florita2013_0.025,1162,0.9408369486842661,0.9809817761936276,0.9341459840599251,22738,16478,0.05110387896912657,0.07051826677994902
yandun,0.7,maximum_iou,adaptive_corridor,sda_florita2013_0.025,1162,0.9408369486842661,0.9809817761936276,0.9341459840599251,22738,16478,0.05110387896912657,0.07051826677994902
yandun,0.3,greedy,adaptive_corridor,threshold_1h,15610,0.6369350607936289,0.7009761688330602,0.5596081178768562,22738,18648,0.6865159644647726,0.8370870870870871
yandun,0.3,maximum_iou,adaptive_corridor,threshold_1h,15623,0.622873069737581,0.6887442256579019,0.5595478495417691,22738,18648,0.687087694608145,0.8377842127842128
yandun,0.5,greedy,adaptive_corridor,threshold_1h,10205,0.670157815045856,0.7517233243121458,0.6765241517152344,22738,18648,0.4488081625472777,0.5472436722436722
yandun,0.5,maximum_iou,adaptive_corridor,threshold_1h,10217,0.6592734782686864,0.7437145591132477,0.6763168217924995,22738,18648,0.44933591344885215,0.5478871728871729
yandun,0.7,greedy,adaptive_corridor,threshold_1h,3135,0.9580212338088706,0.98446118219982,0.9811218703323971,22738,18648,0.13787492303632684,0.1681145431145431
yandun,0.7,maximum_iou,adaptive_corridor,threshold_1h,3135,0.9580212338088706,0.98446118219982,0.9811218703323971,22738,18648,0.13787492303632684,0.1681145431145431
yandun,0.3,greedy,adaptive_corridor,threshold_2h,4477,0.5165038653043494,0.5981557916883505,0.5010806757323786,22738,16597,0.19689506552907027,0.2697475447370007
yandun,0.3,maximum_iou,adaptive_corridor,threshold_2h,4478,0.5120358287109058,0.5955843897446201,0.50106554680375,22738,16597,0.19693904477086815,0.26980779658974513
yandun,0.5,greedy,adaptive_corridor,threshold_2h,2227,0.5590207720879055,0.6649817117387914,0.6327703030891177,22738,16597,0.09794177148385962,0.1341808760619389
yandun,0.5,maximum_iou,adaptive_corridor,threshold_2h,2228,0.5523309159364982,0.6586866052219703,0.6327107113911423,22738,16597,0.09798575072565749,0.13424112791468337
yandun,0.7,greedy,adaptive_corridor,threshold_2h,697,0.7428437124932672,0.8480647322806183,0.8490823380349923,22738,16597,0.030653531533116368,0.04199554136289691
yandun,0.7,maximum_iou,adaptive_corridor,threshold_2h,697,0.7428437124932672,0.8480647322806183,0.8490823380349923,22738,16597,0.030653531533116368,0.04199554136289691
yandun,0.3,greedy,adaptive_corridor,threshold_4h,1113,0.32627316660493827,0.4564870468205438,0.450063467077558,22738,13467,0.04894889612103087,0.08264646914680329
yandun,0.3,maximum_iou,adaptive_corridor,threshold_4h,1115,0.3232697844294535,0.45839865846699623,0.44981959101841,22738,13467,0.04903685460462662,0.08279498032226926
yandun,0.5,greedy,adaptive_corridor,threshold_4h,348,0.3747734435946931,0.4906007991921943,0.6396578738953176,22738,13467,0.01530477614565925,0.025840944531075962
yandun,0.5,maximum_iou,adaptive_corridor,threshold_4h,348,0.3728235347235768,0.4972506919944946,0.6396578738953176,22738,13467,0.01530477614565925,0.025840944531075962
yandun,0.7,greedy,adaptive_corridor,threshold_4h,111,0.6889218133779063,0.7238402474237483,0.8162457743340095,22738,13467,0.004881695839563726,0.008242370238360436
yandun,0.7,maximum_iou,adaptive_corridor,threshold_4h,111,0.6889218133779063,0.7238402474237483,0.8162457743340095,22738,13467,0.004881695839563726,0.008242370238360436
yandun,0.3,greedy,endpoint_corridor_0.025,endpoint_corridor_0.050,21241,0.9515368681519654,0.9796153167816191,0.9593133749270464,22091,23602,0.9615227920872753,0.8999661045674096
yandun,0.3,maximum_iou,endpoint_corridor_0.025,endpoint_corridor_0.050,21241,0.9561537673916367,0.9825600551440685,0.9593133749270464,22091,23602,0.9615227920872753,0.8999661045674096
yandun,0.5,greedy,endpoint_corridor_0.025,endpoint_corridor_0.050,21150,0.9567735137307279,0.9820174849200186,0.9619717437802544,22091,23602,0.9574034674754425,0.8961104991102449
yandun,0.5,maximum_iou,endpoint_corridor_0.025,endpoint_corridor_0.050,21150,0.9606392359646803,0.9845102743966744,0.9619717437802544,22091,23602,0.9574034674754425,0.8961104991102449
yandun,0.7,greedy,endpoint_corridor_0.025,endpoint_corridor_0.050,19462,0.998064363122976,0.999550896360961,0.9985198261814232,22091,23602,0.880992259291114,0.8245911363443776
yandun,0.7,maximum_iou,endpoint_corridor_0.025,endpoint_corridor_0.050,19462,0.998064363122976,0.999550896360961,0.9985198261814232,22091,23602,0.880992259291114,0.8245911363443776
yandun,0.3,greedy,endpoint_corridor_0.025,endpoint_corridor_0.100,19722,0.8792641563684425,0.9386478691492267,0.8655600033832467,22091,24016,0.892761758182065,0.8212025316455697
yandun,0.3,maximum_iou,endpoint_corridor_0.025,endpoint_corridor_0.100,19722,0.8878961958281893,0.9461018798911148,0.8655600033832467,22091,24016,0.892761758182065,0.8212025316455697
yandun,0.5,greedy,endpoint_corridor_0.025,endpoint_corridor_0.100,18968,0.8887749678834695,0.9447085908740459,0.8860933645821345,22091,24016,0.858630211398307,0.7898067954696869
yandun,0.5,maximum_iou,endpoint_corridor_0.025,endpoint_corridor_0.100,18968,0.8959231355040757,0.9506604903418109,0.8860933645821345,22091,24016,0.858630211398307,0.7898067954696869
yandun,0.7,greedy,endpoint_corridor_0.025,endpoint_corridor_0.100,14398,0.9925136841917608,0.9978738559623707,0.9978593256999978,22091,24016,0.6517586347381287,0.5995169886742172
yandun,0.7,maximum_iou,endpoint_corridor_0.025,endpoint_corridor_0.100,14398,0.9925136841917608,0.9978738559623707,0.9978593256999978,22091,24016,0.6517586347381287,0.5995169886742172
yandun,0.3,greedy,endpoint_corridor_0.025,financial_tail_1h,11005,0.6400635001292212,0.691483299118746,0.5112307176391682,22091,16311,0.49816667421121724,0.6746980565262706
yandun,0.3,maximum_iou,endpoint_corridor_0.025,financial_tail_1h,11023,0.6154743284589121,0.6741576564813793,0.5110914192402896,22091,16311,0.49898148567289846,0.6758016062779719
yandun,0.5,greedy,endpoint_corridor_0.025,financial_tail_1h,6852,0.6696792190128407,0.731153890739715,0.6176639424012457,22091,16311,0.31017156307998733,0.42008460548096377
yandun,0.5,maximum_iou,endpoint_corridor_0.025,financial_tail_1h,6862,0.652770953670565,0.7205307811308073,0.6174924706110952,22091,16311,0.31062423611425466,0.4206976886763534
yandun,0.7,greedy,endpoint_corridor_0.025,financial_tail_1h,1365,0.9830299772279005,0.9947987076531069,0.9893040293040292,22091,16311,0.061789869177493094,0.08368585617068236
yandun,0.7,maximum_iou,endpoint_corridor_0.025,financial_tail_1h,1365,0.9830299772279005,0.9947987076531069,0.9893040293040292,22091,16311,0.061789869177493094,0.08368585617068236
yandun,0.3,greedy,endpoint_corridor_0.025,financial_tail_2h,1950,0.5721422124328942,0.6191955041007088,0.44396901246901255,22091,11798,0.08827124168213299,0.16528225122902188
yandun,0.3,maximum_iou,endpoint_corridor_0.025,financial_tail_2h,1950,0.563572436768596,0.6108583007377064,0.44402029452029457,22091,11798,0.08827124168213299,0.16528225122902188
yandun,0.5,greedy,endpoint_corridor_0.025,financial_tail_2h,828,0.628006443493359,0.6909906119657692,0.548581397132122,22091,11798,0.03748132723733647,0.07018138667570775
yandun,0.5,maximum_iou,endpoint_corridor_0.025,financial_tail_2h,829,0.6056167809788044,0.6750381568197444,0.5485227947230362,22091,11798,0.03752659454076321,0.07026614680454314
yandun,0.7,greedy,endpoint_corridor_0.025,financial_tail_2h,98,0.7559498453692501,0.7893225597285926,0.8108843537414965,22091,11798,0.004436195735820017,0.008306492625868791
yandun,0.7,maximum_iou,endpoint_corridor_0.025,financial_tail_2h,98,0.7559498453692501,0.7893225597285926,0.8108843537414965,22091,11798,0.004436195735820017,0.008306492625868791
yandun,0.3,greedy,endpoint_corridor_0.025,financial_tail_4h,219,0.48417609514667853,0.5740918034430691,0.3677192290205987,22091,9292,0.009913539450454936,0.023568661213947482
yandun,0.3,maximum_iou,endpoint_corridor_0.025,financial_tail_4h,219,0.4832755228437414,0.5684479563671198,0.3677192290205987,22091,9292,0.009913539450454936,0.023568661213947482
yandun,0.5,greedy,endpoint_corridor_0.025,financial_tail_4h,20,0.586241412724957,0.6137762806365431,0.5381565656565657,22091,9292,0.0009053460685346974,0.002152389151958674
yandun,0.5,maximum_iou,endpoint_corridor_0.025,financial_tail_4h,20,0.586241412724957,0.6137762806365431,0.5381565656565657,22091,9292,0.0009053460685346974,0.002152389151958674
yandun,0.7,greedy,endpoint_corridor_0.025,financial_tail_4h,2,1.0,1.0,0.725,22091,9292,9.053460685346974e-05,0.00021523891519586742
yandun,0.7,maximum_iou,endpoint_corridor_0.025,financial_tail_4h,2,1.0,1.0,0.725,22091,9292,9.053460685346974e-05,0.00021523891519586742
yandun,0.3,greedy,endpoint_corridor_0.025,mean_shift_1h,6228,0.5327513989486269,0.5692663445551764,0.4247347488556544,22091,13634,0.2819247657417048,0.45679917852427754
yandun,0.3,maximum_iou,endpoint_corridor_0.025,mean_shift_1h,6269,0.5005650299955858,0.5372133928008461,0.42413697280900986,22091,13634,0.2837807251822009,0.4598063664368491
yandun,0.5,greedy,endpoint_corridor_0.025,mean_shift_1h,2044,0.6435414599058923,0.6657548935171925,0.5904924983692109,22091,13634,0.09252636820424608,0.1499193193486871
yandun,0.5,maximum_iou,endpoint_corridor_0.025,mean_shift_1h,2044,0.6440379502609221,0.6660515200490935,0.5904924983692109,22091,13634,0.09252636820424608,0.1499193193486871
yandun,0.7,greedy,endpoint_corridor_0.025,mean_shift_1h,142,0.8212807509501963,0.8850829502342095,0.906338028169014,22091,13634,0.006427957086596351,0.010415138624028165
yandun,0.7,maximum_iou,endpoint_corridor_0.025,mean_shift_1h,142,0.8212807509501963,0.8850829502342095,0.906338028169014,22091,13634,0.006427957086596351,0.010415138624028165
yandun,0.3,greedy,endpoint_corridor_0.025,mean_shift_2h,290,0.32453326289232826,0.30603168524106744,0.36354151595530904,22091,10092,0.013127517993753113,0.028735632183908046
yandun,0.3,maximum_iou,endpoint_corridor_0.025,mean_shift_2h,291,0.3354971072209076,0.3125985389666129,0.36332316023037675,22091,10092,0.013172785297179848,0.02883472057074911
yandun,0.5,greedy,endpoint_corridor_0.025,mean_shift_2h,18,0.6825481242411567,0.5913461538461539,0.5353735770402436,22091,10092,0.0008148114616812277,0.0017835909631391202
yandun,0.5,maximum_iou,endpoint_corridor_0.025,mean_shift_2h,18,0.6825481242411567,0.5913461538461539,0.5353735770402436,22091,10092,0.0008148114616812277,0.0017835909631391202
yandun,0.7,greedy,endpoint_corridor_0.025,mean_shift_2h,0,,,,22091,10092,0.0,0.0
yandun,0.7,maximum_iou,endpoint_corridor_0.025,mean_shift_2h,0,,,,22091,10092,0.0,0.0
yandun,0.3,greedy,endpoint_corridor_0.025,mean_shift_4h,2,1.0,1.0,0.31666666666666665,22091,6386,9.053460685346974e-05,0.00031318509238960227
yandun,0.3,maximum_iou,endpoint_corridor_0.025,mean_shift_4h,2,1.0,1.0,0.31666666666666665,22091,6386,9.053460685346974e-05,0.00031318509238960227
yandun,0.5,greedy,endpoint_corridor_0.025,mean_shift_4h,0,,,,22091,6386,0.0,0.0
yandun,0.5,maximum_iou,endpoint_corridor_0.025,mean_shift_4h,0,,,,22091,6386,0.0,0.0
yandun,0.7,greedy,endpoint_corridor_0.025,mean_shift_4h,0,,,,22091,6386,0.0,0.0
yandun,0.7,maximum_iou,endpoint_corridor_0.025,mean_shift_4h,0,,,,22091,6386,0.0,0.0
yandun,0.3,greedy,endpoint_corridor_0.025,opsda_cui2015_1h_0.025,9603,0.605578918123642,0.719822280437912,0.48514353153528406,22091,10746,0.43470191480693493,0.8936348408710217
yandun,0.3,maximum_iou,endpoint_corridor_0.025,opsda_cui2015_1h_0.025,9608,0.5604624159339578,0.6846226117986212,0.485064529558701,22091,10746,0.43492825132406865,0.8941001302810349
yandun,0.5,greedy,endpoint_corridor_0.025,opsda_cui2015_1h_0.025,8747,0.5978437003473899,0.711635868648859,0.5,22091,10746,0.3959531030736499,0.8139772938767914
yandun,0.5,maximum_iou,endpoint_corridor_0.025,opsda_cui2015_1h_0.025,8747,0.549245700282249,0.673471584062781,0.5,22091,10746,0.3959531030736499,0.8139772938767914
yandun,0.7,greedy,endpoint_corridor_0.025,opsda_cui2015_1h_0.025,0,,,,22091,10746,0.0,0.0
yandun,0.7,maximum_iou,endpoint_corridor_0.025,opsda_cui2015_1h_0.025,0,,,,22091,10746,0.0,0.0
yandun,0.3,greedy,endpoint_corridor_0.025,opsda_cui2015_2h_0.025,11668,0.5877258260358943,0.7011119177009281,0.4931422123185921,22091,19078,0.5281788963831424,0.6115945067617151
yandun,0.3,maximum_iou,endpoint_corridor_0.025,opsda_cui2015_2h_0.025,11668,0.5552170963824481,0.6748221935591752,0.4931422123185921,22091,19078,0.5281788963831424,0.6115945067617151
yandun,0.5,greedy,endpoint_corridor_0.025,opsda_cui2015_2h_0.025,9836,0.5934940342187891,0.7272007648264482,0.5226904568252676,22091,19078,0.44524919650536415,0.5155676695670406
yandun,0.5,maximum_iou,endpoint_corridor_0.025,opsda_cui2015_2h_0.025,9836,0.5563994384387326,0.6964006882435171,0.5226904568252676,22091,19078,0.44524919650536415,0.5155676695670406
yandun,0.7,greedy,endpoint_corridor_0.025,opsda_cui2015_2h_0.025,131,0.8469166389511669,0.9531843250334088,0.75,22091,19078,0.005930016748902268,0.006866547856169409
yandun,0.7,maximum_iou,endpoint_corridor_0.025,opsda_cui2015_2h_0.025,131,0.8469166389511669,0.9531843250334088,0.75,22091,19078,0.005930016748902268,0.006866547856169409
yandun,0.3,greedy,endpoint_corridor_0.025,opsda_cui2015_4h_0.025,11584,0.5653187247673043,0.6799589289404933,0.4874196688919581,22091,27767,0.5243764428952967,0.41718586811682934
yandun,0.3,maximum_iou,endpoint_corridor_0.025,opsda_cui2015_4h_0.025,11642,0.5295254778448313,0.6492489415155548,0.48534067266029124,22091,27767,0.5270019464940473,0.4192746785752872
yandun,0.5,greedy,endpoint_corridor_0.025,opsda_cui2015_4h_0.025,9185,0.5891486445212204,0.7163111769979825,0.5229621276926667,22091,27767,0.4157801819745598,0.3307883458782007
yandun,0.5,maximum_iou,endpoint_corridor_0.025,opsda_cui2015_4h_0.025,9185,0.552982509912544,0.6861732103811403,0.5229621276926667,22091,27767,0.4157801819745598,0.3307883458782007
yandun,0.7,greedy,endpoint_corridor_0.025,opsda_cui2015_4h_0.025,134,0.8477201170800257,0.9563657819949887,0.7566808813077468,22091,27767,0.006065818659182472,0.00482587243850614
yandun,0.7,maximum_iou,endpoint_corridor_0.025,opsda_cui2015_4h_0.025,134,0.8477201170800257,0.9563657819949887,0.7566808813077468,22091,27767,0.006065818659182472,0.00482587243850614
yandun,0.3,greedy,endpoint_corridor_0.025,sda_florita2013_0.025,12572,0.6104553272407517,0.7191353903984141,0.4883059924043856,22091,16478,0.5691005386809108,0.7629566694987255
yandun,0.3,maximum_iou,endpoint_corridor_0.025,sda_florita2013_0.025,12575,0.5729502010466169,0.6911873992783695,0.4882690207958597,22091,16478,0.569236340591191,0.76313873042845
yandun,0.5,greedy,endpoint_corridor_0.025,sda_florita2013_0.025,10278,0.6159787374349175,0.7425945555048761,0.5226551472246163,22091,16478,0.465257344619981,0.6237407452360724
yandun,0.5,maximum_iou,endpoint_corridor_0.025,sda_florita2013_0.025,10278,0.5719721629722152,0.7088467600243471,0.5226551472246163,22091,16478,0.465257344619981,0.6237407452360724
yandun,0.7,greedy,endpoint_corridor_0.025,sda_florita2013_0.025,152,0.8476270320095526,0.9544029501847363,0.7564901837928153,22091,16478,0.0068806301208637006,0.00922442043937371
yandun,0.7,maximum_iou,endpoint_corridor_0.025,sda_florita2013_0.025,152,0.8476270320095526,0.9544029501847363,0.7564901837928153,22091,16478,0.0068806301208637006,0.00922442043937371
yandun,0.3,greedy,endpoint_corridor_0.025,threshold_1h,14396,0.6230090591728509,0.6879652568556291,0.5119787738657563,22091,18648,0.6516681001312752,0.771986271986272
yandun,0.3,maximum_iou,endpoint_corridor_0.025,threshold_1h,14413,0.6034223319615315,0.6725632699371782,0.5119183904742081,22091,18648,0.6524376442895297,0.7728978978978979
yandun,0.5,greedy,endpoint_corridor_0.025,threshold_1h,8412,0.6549656557844659,0.7363469956377708,0.6366420985893172,22091,18648,0.3807885564256937,0.4510939510939511
yandun,0.5,maximum_iou,endpoint_corridor_0.025,threshold_1h,8425,0.6407260413246,0.7258020890801354,0.6364312561819984,22091,18648,0.38137703137024126,0.4517910767910768
yandun,0.7,greedy,endpoint_corridor_0.025,threshold_1h,2003,0.9843314725814123,0.9952556113156503,0.993559660509236,22091,18648,0.09067040876374995,0.10741098241098242
yandun,0.7,maximum_iou,endpoint_corridor_0.025,threshold_1h,2003,0.9843314725814123,0.9952556113156503,0.993559660509236,22091,18648,0.09067040876374995,0.10741098241098242
yandun,0.3,greedy,endpoint_corridor_0.025,threshold_2h,2321,0.540900906881462,0.6058164374275753,0.4467735373918053,22091,16597,0.10506541125345163,0.13984455021991926
yandun,0.3,maximum_iou,endpoint_corridor_0.025,threshold_2h,2322,0.5355580812623935,0.5995959008108946,0.4467677491902297,22091,16597,0.10511067855687836,0.13990480207266373
yandun,0.5,greedy,endpoint_corridor_0.025,threshold_2h,912,0.5754963909287673,0.6366929050858765,0.5739664027492979,22091,16597,0.0412837807251822,0.05494968970295837
yandun,0.5,maximum_iou,endpoint_corridor_0.025,threshold_2h,913,0.5557246522537137,0.6187095015617808,0.5738853880693972,22091,16597,0.041329048028608935,0.05500994155570284
yandun,0.7,greedy,endpoint_corridor_0.025,threshold_2h,158,0.7563085806653229,0.7843168255724333,0.8321729957805907,22091,16597,0.00715223394142411,0.00951979273362656
yandun,0.7,maximum_iou,endpoint_corridor_0.025,threshold_2h,158,0.7563085806653229,0.7843168255724333,0.8321729957805907,22091,16597,0.00715223394142411,0.00951979273362656
yandun,0.3,greedy,endpoint_corridor_0.025,threshold_4h,232,0.46225010566928715,0.5734201530291847,0.37499111879499814,22091,13467,0.01050201439500249,0.017227296354050643
yandun,0.3,maximum_iou,endpoint_corridor_0.025,threshold_4h,232,0.46477087826896435,0.5785719672588957,0.37499111879499814,22091,13467,0.01050201439500249,0.017227296354050643
yandun,0.5,greedy,endpoint_corridor_0.025,threshold_4h,28,0.7025404175129567,0.6461979181439147,0.5699765512265512,22091,13467,0.0012674844959485764,0.0020791564565233534
yandun,0.5,maximum_iou,endpoint_corridor_0.025,threshold_4h,28,0.7025404175129567,0.6461979181439147,0.5699765512265512,22091,13467,0.0012674844959485764,0.0020791564565233534
yandun,0.7,greedy,endpoint_corridor_0.025,threshold_4h,3,1.0,1.0,0.775925925925926,22091,13467,0.0001358019102802046,0.00022276676319893073
yandun,0.7,maximum_iou,endpoint_corridor_0.025,threshold_4h,3,1.0,1.0,0.775925925925926,22091,13467,0.0001358019102802046,0.00022276676319893073
yandun,0.3,greedy,endpoint_corridor_0.050,endpoint_corridor_0.100,21268,0.8913294673546478,0.94908793185964,0.8853852595253308,23602,24016,0.9011100754173376,0.8855762824783477
yandun,0.3,maximum_iou,endpoint_corridor_0.050,endpoint_corridor_0.100,21268,0.8984435628305549,0.9543094801254309,0.8853852595253308,23602,24016,0.9011100754173376,0.8855762824783477
yandun,0.5,greedy,endpoint_corridor_0.050,endpoint_corridor_0.100,20640,0.9002894590341707,0.954434088671155,0.9014126499845976,23602,24016,0.8745021608338276,0.8594270486342438
yandun,0.5,maximum_iou,endpoint_corridor_0.050,endpoint_corridor_0.100,20640,0.9058852375036681,0.9584580100255731,0.9014126499845976,23602,24016,0.8745021608338276,0.8594270486342438
yandun,0.7,greedy,endpoint_corridor_0.050,endpoint_corridor_0.100,16347,0.9840071343814956,0.9950581615822953,0.9930068762148039,23602,24016,0.6926107956952801,0.6806712191872085
yandun,0.7,maximum_iou,endpoint_corridor_0.050,endpoint_corridor_0.100,16347,0.9840071343814956,0.9950581615822953,0.9930068762148039,23602,24016,0.6926107956952801,0.6806712191872085
yandun,0.3,greedy,endpoint_corridor_0.050,financial_tail_1h,12042,0.6509002929986119,0.7020027248267703,0.5561376122723907,23602,16311,0.5102109990678756,0.7382747838881736
yandun,0.3,maximum_iou,endpoint_corridor_0.050,financial_tail_1h,12057,0.6383281491256743,0.6918662032737657,0.5559986558555855,23602,16311,0.5108465384289467,0.7391944086812581
yandun,0.5,greedy,endpoint_corridor_0.050,financial_tail_1h,8096,0.6839990045307308,0.7427283919396458,0.6628968253968255,23602,16311,0.34302177781543935,0.4963521549874318
yandun,0.5,maximum_iou,endpoint_corridor_0.050,financial_tail_1h,8106,0.6745460945555929,0.7365650878733271,0.6626958670630027,23602,16311,0.3434454707228201,0.4969652381828214
yandun,0.7,greedy,endpoint_corridor_0.050,financial_tail_1h,2282,0.9637521640367026,0.985492706087026,0.9834710571345102,23602,16311,0.09668672146428268,0.13990558518791
yandun,0.7,maximum_iou,endpoint_corridor_0.050,financial_tail_1h,2282,0.9637521640367026,0.985492706087026,0.9834710571345102,23602,16311,0.09668672146428268,0.13990558518791
yandun,0.3,greedy,endpoint_corridor_0.050,financial_tail_2h,3327,0.5744725765828217,0.6224119204417472,0.48300964473191704,23602,11798,0.14096263028556902,0.2819969486353619
yandun,0.3,maximum_iou,endpoint_corridor_0.050,financial_tail_2h,3327,0.5675403246579993,0.6174339032445261,0.4830397018404232,23602,11798,0.14096263028556902,0.2819969486353619
yandun,0.5,greedy,endpoint_corridor_0.050,financial_tail_2h,1716,0.6404369194389462,0.6971113737301413,0.5906065525383705,23602,11798,0.07270570290653335,0.14544838108153924
yandun,0.5,maximum_iou,endpoint_corridor_0.050,financial_tail_2h,1717,0.6336059737113029,0.6934087207404593,0.590553782268983,23602,11798,0.07274807219727142,0.14553314121037464
yandun,0.7,greedy,endpoint_corridor_0.050,financial_tail_2h,380,0.7788493535628109,0.8446893304702169,0.8229393559656722,23602,11798,0.016100330480467755,0.032208848957450416
yandun,0.7,maximum_iou,endpoint_corridor_0.050,financial_tail_2h,380,0.7788493535628109,0.8446893304702169,0.8229393559656722,23602,11798,0.016100330480467755,0.032208848957450416
yandun,0.3,greedy,endpoint_corridor_0.050,financial_tail_4h,729,0.506844263153718,0.6147362647045139,0.4104837853809048,23602,9292,0.03088721294805525,0.07845458458889368
yandun,0.3,maximum_iou,endpoint_corridor_0.050,financial_tail_4h,729,0.5086290405768543,0.6119906563934551,0.4104837853809048,23602,9292,0.03088721294805525,0.07845458458889368
yandun,0.5,greedy,endpoint_corridor_0.050,financial_tail_4h,157,0.6919838290106703,0.8308511262093708,0.6004242749465678,23602,9292,0.006651978645877468,0.01689625484287559
yandun,0.5,maximum_iou,endpoint_corridor_0.050,financial_tail_4h,157,0.6919838290106703,0.8308511262093708,0.6004242749465678,23602,9292,0.006651978645877468,0.01689625484287559
yandun,0.7,greedy,endpoint_corridor_0.050,financial_tail_4h,34,0.8668723768844215,0.9547519827933862,0.8016488413547237,23602,9292,0.0014405558850944834,0.003659061558329746
yandun,0.7,maximum_iou,endpoint_corridor_0.050,financial_tail_4h,34,0.8668723768844215,0.9547519827933862,0.8016488413547237,23602,9292,0.0014405558850944834,0.003659061558329746
yandun,0.3,greedy,endpoint_corridor_0.050,mean_shift_1h,7777,0.5417148363538078,0.576305735178705,0.46325683588767025,23602,13634,0.32950597406999405,0.5704122047821623
yandun,0.3,maximum_iou,endpoint_corridor_0.050,mean_shift_1h,7808,0.5174087550762364,0.5528133634056757,0.4627495405607596,23602,13634,0.33081942208287435,0.5726859322282529
yandun,0.5,greedy,endpoint_corridor_0.050,mean_shift_1h,3359,0.6312672070149006,0.6501700891124564,0.6154233828095098,23602,13634,0.14231844758918735,0.24636937069091977
yandun,0.5,maximum_iou,endpoint_corridor_0.050,mean_shift_1h,3359,0.6312672070149006,0.6501700891124564,0.6154233828095098,23602,13634,0.14231844758918735,0.24636937069091977
yandun,0.7,greedy,endpoint_corridor_0.050,mean_shift_1h,464,0.837330759681493,0.8974901737747022,0.9026939655172416,23602,13634,0.019659350902465893,0.03403256564471175
yandun,0.7,maximum_iou,endpoint_corridor_0.050,mean_shift_1h,464,0.837330759681493,0.8974901737747022,0.9026939655172416,23602,13634,0.019659350902465893,0.03403256564471175
yandun,0.3,greedy,endpoint_corridor_0.050,mean_shift_2h,898,0.33451361974615323,0.31854648852095263,0.38820505620338597,23602,10092,0.0380476230827896,0.08898137138327387
yandun,0.3,maximum_iou,endpoint_corridor_0.050,mean_shift_2h,903,0.3411477294635676,0.3230605745463601,0.3880033387923754,23602,10092,0.03825946953647996,0.0894768133174792
yandun,0.5,greedy,endpoint_corridor_0.050,mean_shift_2h,121,0.6556638620846791,0.5042322900532528,0.5775345866254957,23602,10092,0.005126684179306839,0.01198969480776853
yandun,0.5,maximum_iou,endpoint_corridor_0.050,mean_shift_2h,121,0.6556638620846791,0.5042322900532528,0.5775345866254957,23602,10092,0.005126684179306839,0.01198969480776853
yandun,0.7,greedy,endpoint_corridor_0.050,mean_shift_2h,16,0.8063424554031989,0.8268398268398268,0.7756696428571429,23602,10092,0.0006779086518091687,0.0015854141894569957
yandun,0.7,maximum_iou,endpoint_corridor_0.050,mean_shift_2h,16,0.8063424554031989,0.8268398268398268,0.7756696428571429,23602,10092,0.0006779086518091687,0.0015854141894569957
yandun,0.3,greedy,endpoint_corridor_0.050,mean_shift_4h,56,0.49802881849260144,0.43073327194246486,0.3863044776453678,23602,6386,0.0023726802813320907,0.008769182586908864
yandun,0.3,maximum_iou,endpoint_corridor_0.050,mean_shift_4h,56,0.49802881849260144,0.43073327194246486,0.3863044776453678,23602,6386,0.0023726802813320907,0.008769182586908864
yandun,0.5,greedy,endpoint_corridor_0.050,mean_shift_4h,8,0.5900742796993583,0.3548387096774194,0.5422123015873015,23602,6386,0.00033895432590458433,0.001252740369558409
yandun,0.5,maximum_iou,endpoint_corridor_0.050,mean_shift_4h,8,0.5900742796993583,0.3548387096774194,0.5422123015873015,23602,6386,0.00033895432590458433,0.001252740369558409
yandun,0.7,greedy,endpoint_corridor_0.050,mean_shift_4h,0,,,,23602,6386,0.0,0.0
yandun,0.7,maximum_iou,endpoint_corridor_0.050,mean_shift_4h,0,,,,23602,6386,0.0,0.0
yandun,0.3,greedy,endpoint_corridor_0.050,opsda_cui2015_1h_0.025,9859,0.6097872770081201,0.7234155299843739,0.5049092200020285,23602,10746,0.41771883738666216,0.9174576586636888
yandun,0.3,maximum_iou,endpoint_corridor_0.050,opsda_cui2015_1h_0.025,9865,0.5684137718072316,0.6918523834789538,0.5048048656867715,23602,10746,0.41797305313109057,0.9180160059557044
yandun,0.5,greedy,endpoint_corridor_0.050,opsda_cui2015_1h_0.025,8603,0.6005517969798002,0.7137887422735266,0.5299507923592546,23602,10746,0.3645030082196424,0.8005769588684162
yandun,0.5,maximum_iou,endpoint_corridor_0.050,opsda_cui2015_1h_0.025,8603,0.5546228527629331,0.6784304357145349,0.5299507923592546,23602,10746,0.3645030082196424,0.8005769588684162
yandun,0.7,greedy,endpoint_corridor_0.050,opsda_cui2015_1h_0.025,476,1.0,1.0,1.0,23602,10746,0.020167782391322768,0.04429555183324028
yandun,0.7,maximum_iou,endpoint_corridor_0.050,opsda_cui2015_1h_0.025,476,1.0,1.0,1.0,23602,10746,0.020167782391322768,0.04429555183324028
yandun,0.3,greedy,endpoint_corridor_0.050,opsda_cui2015_2h_0.025,12535,0.5885708276607534,0.7061590194042652,0.5243279769027674,23602,19078,0.5310990594017456,0.6570395219624698
yandun,0.3,maximum_iou,endpoint_corridor_0.050,opsda_cui2015_2h_0.025,12535,0.5662839417319218,0.6859513079958165,0.5243279769027674,23602,19078,0.5310990594017456,0.6570395219624698
yandun,0.5,greedy,endpoint_corridor_0.050,opsda_cui2015_2h_0.025,10796,0.5960789148879457,0.7327682420279457,0.5547901339120308,23602,19078,0.45741886280823657,0.5658874095817171
yandun,0.5,maximum_iou,endpoint_corridor_0.050,opsda_cui2015_2h_0.025,10796,0.5693644565356957,0.708400602262316,0.5547901339120308,23602,19078,0.45741886280823657,0.5658874095817171
yandun,0.7,greedy,endpoint_corridor_0.050,opsda_cui2015_2h_0.025,893,0.8992148963484999,0.9628113043384127,0.9053751399776033,23602,19078,0.037835776629099226,0.046807841492818955
yandun,0.7,maximum_iou,endpoint_corridor_0.050,opsda_cui2015_2h_0.025,893,0.8992148963484999,0.9628113043384127,0.9053751399776033,23602,19078,0.037835776629099226,0.046807841492818955
yandun,0.3,greedy,endpoint_corridor_0.050,opsda_cui2015_4h_0.025,13026,0.5632081090022191,0.6814450271765595,0.5178898862282098,23602,27767,0.5519023811541395,0.4691180177909029
yandun,0.3,maximum_iou,endpoint_corridor_0.050,opsda_cui2015_4h_0.025,13095,0.53492808986115,0.6554994750311359,0.5157387654982157,23602,27767,0.5548258622150665,0.4716029819569993
yandun,0.5,greedy,endpoint_corridor_0.050,opsda_cui2015_4h_0.025,10361,0.5921633225886638,0.7234007818880146,0.5596066661625008,23602,27767,0.4389882213371748,0.3731407786221054
yandun,0.5,maximum_iou,endpoint_corridor_0.050,opsda_cui2015_4h_0.025,10361,0.5666309448931915,0.6998066294876344,0.5596066661625008,23602,27767,0.4389882213371748,0.3731407786221054
yandun,0.7,greedy,endpoint_corridor_0.050,opsda_cui2015_4h_0.025,982,0.884673742103908,0.9604703496431362,0.895069879769472,23602,27767,0.04160664350478773,0.035365721900097236
yandun,0.7,maximum_iou,endpoint_corridor_0.050,opsda_cui2015_4h_0.025,982,0.884673742103908,0.9604703496431362,0.895069879769472,23602,27767,0.04160664350478773,0.035365721900097236
yandun,0.3,greedy,endpoint_corridor_0.050,sda_florita2013_0.025,13195,0.6187935780478783,0.7309030136901852,0.5194448326714337,23602,16478,0.5590627912888738,0.8007646559048428
yandun,0.3,maximum_iou,endpoint_corridor_0.050,sda_florita2013_0.025,13198,0.586301927386308,0.7070776433314527,0.5194025281936329,23602,16478,0.5591898991610881,0.8009467168345673
yandun,0.5,greedy,endpoint_corridor_0.050,sda_florita2013_0.025,10804,0.6282875563180327,0.7581843926260007,0.5605114988676633,23602,16478,0.45775781713414115,0.6556620949144314
yandun,0.5,maximum_iou,endpoint_corridor_0.050,sda_florita2013_0.025,10804,0.5882697491258108,0.7285161891181874,0.5605114988676633,23602,16478,0.45775781713414115,0.6556620949144314
yandun,0.7,greedy,endpoint_corridor_0.050,sda_florita2013_0.025,983,0.9426620421314732,0.9852301804448423,0.9189797627488366,23602,16478,0.041649012795525804,0.05965529797305498
yandun,0.7,maximum_iou,endpoint_corridor_0.050,sda_florita2013_0.025,983,0.9426620421314732,0.9852301804448423,0.9189797627488366,23602,16478,0.041649012795525804,0.05965529797305498
yandun,0.3,greedy,endpoint_corridor_0.050,threshold_1h,16064,0.6362146676467659,0.7024027052708179,0.5594583718696643,23602,18648,0.6806202864164054,0.8614328614328615
yandun,0.3,maximum_iou,endpoint_corridor_0.050,threshold_1h,16077,0.6228005624382709,0.6909128980842804,0.5593999265439834,23602,18648,0.6811710871960004,0.8621299871299871
yandun,0.5,greedy,endpoint_corridor_0.050,threshold_1h,10463,0.6706051445588439,0.7527973814015616,0.6780978777824809,23602,18648,0.44330988899245827,0.5610789360789361
yandun,0.5,maximum_iou,endpoint_corridor_0.050,threshold_1h,10475,0.6600962008549984,0.7452052747182382,0.6778938515740427,23602,18648,0.44381832048131514,0.5617224367224367
yandun,0.7,greedy,endpoint_corridor_0.050,threshold_1h,3273,0.9751689007175286,0.9916317933388714,0.9877802511166397,23602,18648,0.13867468858571308,0.1755148005148005
yandun,0.7,maximum_iou,endpoint_corridor_0.050,threshold_1h,3273,0.9751689007175286,0.9916317933388714,0.9877802511166397,23602,18648,0.13867468858571308,0.1755148005148005
yandun,0.3,greedy,endpoint_corridor_0.050,threshold_2h,4289,0.5465152787018064,0.6092793730011057,0.49134836530791326,23602,16597,0.1817218879755953,0.25842019642103997
yandun,0.3,maximum_iou,endpoint_corridor_0.050,threshold_2h,4291,0.5434650948070899,0.6054058019504338,0.4912980203850633,23602,16597,0.18180662655707144,0.2585407001265289
yandun,0.5,greedy,endpoint_corridor_0.050,threshold_2h,2111,0.5905538084048251,0.666431289325698,0.6188262984449626,23602,16597,0.0894415727480722,0.12719166114358016
yandun,0.5,maximum_iou,endpoint_corridor_0.050,threshold_2h,2112,0.5829760666790377,0.6598056486634023,0.6187700359930474,23602,16597,0.08948394203881027,0.12725191299632463
yandun,0.7,greedy,endpoint_corridor_0.050,threshold_2h,615,0.7794921973425001,0.843530131772712,0.8342205445863988,23602,16597,0.026057113803914924,0.037054889437850215
yandun,0.7,maximum_iou,endpoint_corridor_0.050,threshold_2h,615,0.7794921973425001,0.843530131772712,0.8342205445863988,23602,16597,0.026057113803914924,0.037054889437850215
yandun,0.3,greedy,endpoint_corridor_0.050,threshold_4h,917,0.5122377200414717,0.6354360428262079,0.42382160855493944,23602,13467,0.03885263960681298,0.06809237395113982
yandun,0.3,maximum_iou,endpoint_corridor_0.050,threshold_4h,917,0.5187167017949829,0.6447487752623215,0.42382160855493944,23602,13467,0.03885263960681298,0.06809237395113982
yandun,0.5,greedy,endpoint_corridor_0.050,threshold_4h,229,0.6040056133583857,0.7436127893176337,0.6224488573220104,23602,13467,0.009702567579018728,0.017004529590851712
yandun,0.5,maximum_iou,endpoint_corridor_0.050,threshold_4h,229,0.6061532653944851,0.7461458357147206,0.6224488573220104,23602,13467,0.009702567579018728,0.017004529590851712
yandun,0.7,greedy,endpoint_corridor_0.050,threshold_4h,62,0.8893702542290912,0.9650229357798165,0.8230618843522067,23602,13467,0.002626896025760529,0.004603846439444568
yandun,0.7,maximum_iou,endpoint_corridor_0.050,threshold_4h,62,0.8893702542290912,0.9650229357798165,0.8230618843522067,23602,13467,0.002626896025760529,0.004603846439444568
yandun,0.3,greedy,endpoint_corridor_0.100,financial_tail_1h,12612,0.663798642375625,0.714670520309609,0.5910489631945386,24016,16311,0.5251499000666222,0.7732205260253816
yandun,0.3,maximum_iou,endpoint_corridor_0.100,financial_tail_1h,12625,0.6508241485172984,0.7039221772263485,0.5909156058462987,24016,16311,0.5256912058627582,0.7740175341793881
yandun,0.5,greedy,endpoint_corridor_0.100,financial_tail_1h,9060,0.6945931969232527,0.7456109322092763,0.6889086863590174,24016,16311,0.37724850099933377,0.5554533750229906
yandun,0.5,maximum_iou,endpoint_corridor_0.100,financial_tail_1h,9070,0.683740810851695,0.7374263184710316,0.6887004077632521,24016,16311,0.37766489007328446,0.5560664582183802
yandun,0.7,greedy,endpoint_corridor_0.100,financial_tail_1h,2964,0.9293679900581714,0.9705642269591598,0.963949135659662,24016,16311,0.12341772151898735,0.1817178591134817
yandun,0.7,maximum_iou,endpoint_corridor_0.100,financial_tail_1h,2964,0.9293679900581714,0.9705642269591598,0.963949135659662,24016,16311,0.12341772151898735,0.1817178591134817
yandun,0.3,greedy,endpoint_corridor_0.100,financial_tail_2h,5186,0.5747882078991549,0.635646108524562,0.5235685774781418,24016,11798,0.21593937375083277,0.4395660281403628
yandun,0.3,maximum_iou,endpoint_corridor_0.100,financial_tail_2h,5188,0.5722442316185865,0.631391378833416,0.5235225474431335,24016,11798,0.21602265156562292,0.4397355483980336
yandun,0.5,greedy,endpoint_corridor_0.100,financial_tail_2h,3051,0.6249539502338157,0.706247058304708,0.6293102987547436,24016,11798,0.12704030646235842,0.25860315307679266
yandun,0.5,maximum_iou,endpoint_corridor_0.100,financial_tail_2h,3052,0.6192634647875016,0.7022759106141977,0.6292679297184545,24016,11798,0.1270819453697535,0.25868791320562806
yandun,0.7,greedy,endpoint_corridor_0.100,financial_tail_2h,947,0.7384972298519908,0.8593923498205399,0.8313481016226526,24016,11798,0.03943204530313125,0.08026784200711985
yandun,0.7,maximum_iou,endpoint_corridor_0.100,financial_tail_2h,947,0.7384972298519908,0.8593923498205399,0.8313481016226526,24016,11798,0.03943204530313125,0.08026784200711985
yandun,0.3,greedy,endpoint_corridor_0.100,financial_tail_4h,2115,0.4008161267957642,0.5211510722423192,0.4544743724763706,24016,9292,0.08806628914057295,0.2276151528196298
yandun,0.3,maximum_iou,endpoint_corridor_0.100,financial_tail_4h,2116,0.3994277448077402,0.5159883409238846,0.4544696324347677,24016,9292,0.08810792804796802,0.22772277227722773
yandun,0.5,greedy,endpoint_corridor_0.100,financial_tail_4h,699,0.5530478445484868,0.7229549039531094,0.6375765015980801,24016,9292,0.029105596269153898,0.07522600086095566
yandun,0.5,maximum_iou,endpoint_corridor_0.100,financial_tail_4h,699,0.5520864826494797,0.7154043915922041,0.6375765015980801,24016,9292,0.029105596269153898,0.07522600086095566
yandun,0.7,greedy,endpoint_corridor_0.100,financial_tail_4h,219,0.7461368640101455,0.8524308486118356,0.8185376267568044,24016,9292,0.00911892071952032,0.023568661213947482
yandun,0.7,maximum_iou,endpoint_corridor_0.100,financial_tail_4h,219,0.7461368640101455,0.8524308486118356,0.8185376267568044,24016,9292,0.00911892071952032,0.023568661213947482
yandun,0.3,greedy,endpoint_corridor_0.100,mean_shift_1h,9441,0.5440419949456682,0.5697437658729914,0.5161079334816224,24016,13634,0.39311292471685544,0.6924600264045768
yandun,0.3,maximum_iou,endpoint_corridor_0.100,mean_shift_1h,9464,0.5300499521198695,0.5552556554124578,0.5156637433079738,24016,13634,0.39407061958694206,0.6941469854774828
yandun,0.5,greedy,endpoint_corridor_0.100,mean_shift_1h,5312,0.6228453937795048,0.633684361462985,0.6426218265920827,24016,13634,0.2211858760826116,0.3896141997946311
yandun,0.5,maximum_iou,endpoint_corridor_0.100,mean_shift_1h,5312,0.6226684789052028,0.6335825975824168,0.6426218265920827,24016,13634,0.2211858760826116,0.3896141997946311
yandun,0.7,greedy,endpoint_corridor_0.100,mean_shift_1h,1273,0.7935845030738448,0.8862024123186424,0.8715772640556612,24016,13634,0.05300632911392405,0.09336951738301305
yandun,0.7,maximum_iou,endpoint_corridor_0.100,mean_shift_1h,1273,0.7935845030738448,0.8862024123186424,0.8715772640556612,24016,13634,0.05300632911392405,0.09336951738301305
yandun,0.3,greedy,endpoint_corridor_0.100,mean_shift_2h,2480,0.2793304142977209,0.2687897306942256,0.4334101587689559,24016,10092,0.10326449033977349,0.24573919936583433
yandun,0.3,maximum_iou,endpoint_corridor_0.100,mean_shift_2h,2489,0.28130289687421867,0.26893752832145823,0.43280610548180526,24016,10092,0.10363924050632911,0.2466309948474039
yandun,0.5,greedy,endpoint_corridor_0.100,mean_shift_2h,674,0.5349371774445194,0.43444965537110525,0.6183436329578765,24016,10092,0.028064623584277148,0.06678557273087594
yandun,0.5,maximum_iou,endpoint_corridor_0.100,mean_shift_2h,674,0.5306773966692651,0.4334745215663013,0.6183436329578765,24016,10092,0.028064623584277148,0.06678557273087594
yandun,0.7,greedy,endpoint_corridor_0.100,mean_shift_2h,174,0.6198886485026093,0.5595038996364858,0.7943188038015621,24016,10092,0.007245169886742172,0.017241379310344827
yandun,0.7,maximum_iou,endpoint_corridor_0.100,mean_shift_2h,174,0.6198886485026093,0.5595038996364858,0.7943188038015621,24016,10092,0.007245169886742172,0.017241379310344827
yandun,0.3,greedy,endpoint_corridor_0.100,mean_shift_4h,403,0.14621723743373222,0.1902792437106586,0.405330646175147,24016,6386,0.016780479680213192,0.06310679611650485
yandun,0.3,maximum_iou,endpoint_corridor_0.100,mean_shift_4h,403,0.14621723743373222,0.1902792437106586,0.405330646175147,24016,6386,0.016780479680213192,0.06310679611650485
yandun,0.5,greedy,endpoint_corridor_0.100,mean_shift_4h,74,0.3727965311569559,0.23719331468345983,0.6171780593371654,24016,6386,0.0030812791472351764,0.011587848418415283
yandun,0.5,maximum_iou,endpoint_corridor_0.100,mean_shift_4h,74,0.3727965311569559,0.23719331468345983,0.6171780593371654,24016,6386,0.0030812791472351764,0.011587848418415283
yandun,0.7,greedy,endpoint_corridor_0.100,mean_shift_4h,16,0.4192354427914506,0.1794871794871795,0.7767511609907122,24016,6386,0.0006662225183211193,0.002505480739116818
yandun,0.7,maximum_iou,endpoint_corridor_0.100,mean_shift_4h,16,0.4192354427914506,0.1794871794871795,0.7767511609907122,24016,6386,0.0006662225183211193,0.002505480739116818
yandun,0.3,greedy,endpoint_corridor_0.100,opsda_cui2015_1h_0.025,10083,0.6232055920573935,0.7335415249304268,0.5566630301828158,24016,10746,0.4198451032644903,0.9383026242322725
yandun,0.3,maximum_iou,endpoint_corridor_0.100,opsda_cui2015_1h_0.025,10089,0.5877299096604653,0.7042453332457057,0.5565302144249511,24016,10746,0.4200949367088608,0.9388609715242882
yandun,0.5,greedy,endpoint_corridor_0.100,opsda_cui2015_1h_0.025,8455,0.6248844915780812,0.7322391184189871,0.5991523753203233,24016,10746,0.35205696202531644,0.7868043923320305
yandun,0.5,maximum_iou,endpoint_corridor_0.100,opsda_cui2015_1h_0.025,8455,0.5813089061508964,0.6974979271988883,0.5991523753203233,24016,10746,0.35205696202531644,0.7868043923320305
yandun,0.7,greedy,endpoint_corridor_0.100,opsda_cui2015_1h_0.025,1412,1.0,1.0,1.0,24016,10746,0.058794137241838774,0.13139772938767913
yandun,0.7,maximum_iou,endpoint_corridor_0.100,opsda_cui2015_1h_0.025,1412,1.0,1.0,1.0,24016,10746,0.058794137241838774,0.13139772938767913
yandun,0.3,greedy,endpoint_corridor_0.100,opsda_cui2015_2h_0.025,13366,0.5862461195894496,0.7022122889717578,0.5816141335762015,24016,19078,0.556545636242505,0.7005975469126743
yandun,0.3,maximum_iou,endpoint_corridor_0.100,opsda_cui2015_2h_0.025,13368,0.5674838988962424,0.683670262294993,0.5815670139671486,24016,19078,0.5566289140572951,0.7007023797043715
yandun,0.5,greedy,endpoint_corridor_0.100,opsda_cui2015_2h_0.025,11421,0.6001622616759474,0.727092752603544,0.6227181757914617,24016,19078,0.47555796135909395,0.5986476569871055
yandun,0.5,maximum_iou,endpoint_corridor_0.100,opsda_cui2015_2h_0.025,11421,0.5770565052455195,0.7044816665191708,0.6227181757914617,24016,19078,0.47555796135909395,0.5986476569871055
yandun,0.7,greedy,endpoint_corridor_0.100,opsda_cui2015_2h_0.025,2756,0.8507030491154822,0.9302813731889988,0.9181966618287372,24016,19078,0.1147568287808128,0.1444595869588007
yandun,0.7,maximum_iou,endpoint_corridor_0.100,opsda_cui2015_2h_0.025,2756,0.8507030491154822,0.9302813731889988,0.9181966618287372,24016,19078,0.1147568287808128,0.1444595869588007
yandun,0.3,greedy,endpoint_corridor_0.100,opsda_cui2015_4h_0.025,14504,0.5629531219198152,0.6828543876516057,0.5827222359747871,24016,27767,0.6039307128580946,0.5223466705081572
yandun,0.3,maximum_iou,endpoint_corridor_0.100,opsda_cui2015_4h_0.025,14550,0.5410173787220747,0.6611319526127878,0.5812995238819983,24016,27767,0.6058461025982678,0.5240033132855548
yandun,0.5,greedy,endpoint_corridor_0.100,opsda_cui2015_4h_0.025,11741,0.606938139129291,0.7334332051127912,0.6357749609218817,24016,27767,0.48888241172551633,0.4228400619440343
yandun,0.5,maximum_iou,endpoint_corridor_0.100,opsda_cui2015_4h_0.025,11741,0.5854930805853932,0.7124202333234485,0.6357749609218817,24016,27767,0.48888241172551633,0.4228400619440343
yandun,0.7,greedy,endpoint_corridor_0.100,opsda_cui2015_4h_0.025,3253,0.8392975273713227,0.9249640642441761,0.9047607846946922,24016,27767,0.13545136575616257,0.11715345554074981
yandun,0.7,maximum_iou,endpoint_corridor_0.100,opsda_cui2015_4h_0.025,3253,0.8392975273713227,0.9249640642441761,0.9047607846946922,24016,27767,0.13545136575616257,0.11715345554074981
yandun,0.3,greedy,endpoint_corridor_0.100,sda_florita2013_0.025,13424,0.6247793208364303,0.735096223662296,0.5681837905960744,24016,16478,0.558960692871419,0.8146619735404782
yandun,0.3,maximum_iou,endpoint_corridor_0.100,sda_florita2013_0.025,13431,0.5974413597249517,0.7131550409423624,0.5680564270440303,24016,16478,0.5592521652231845,0.815086782376502
yandun,0.5,greedy,endpoint_corridor_0.100,sda_florita2013_0.025,10767,0.6486083478768262,0.7700314617162544,0.6252329346401512,24016,16478,0.4483261159227182,0.6534166767811628
yandun,0.5,maximum_iou,endpoint_corridor_0.100,sda_florita2013_0.025,10767,0.6116476088285717,0.7416487181460176,0.6252329346401512,24016,16478,0.4483261159227182,0.6534166767811628
yandun,0.7,greedy,endpoint_corridor_0.100,sda_florita2013_0.025,2331,0.9687805230920722,0.9911869330272812,0.9540983469554895,24016,16478,0.09706029313790807,0.14146134239592184
yandun,0.7,maximum_iou,endpoint_corridor_0.100,sda_florita2013_0.025,2331,0.9687805230920722,0.9911869330272812,0.9540983469554895,24016,16478,0.09706029313790807,0.14146134239592184
yandun,0.3,greedy,endpoint_corridor_0.100,threshold_1h,17055,0.6455492655579241,0.7120940449506622,0.588431731140614,24016,18648,0.710151565622918,0.9145752895752896
yandun,0.3,maximum_iou,endpoint_corridor_0.100,threshold_1h,17065,0.6344261504352944,0.7034471422444248,0.5883799106125503,24016,18648,0.7105679546968687,0.9151115401115401
yandun,0.5,greedy,endpoint_corridor_0.100,threshold_1h,12148,0.679634135627743,0.7579572497655187,0.6878247644135034,24016,18648,0.5058294470353097,0.6514371514371514
yandun,0.5,maximum_iou,endpoint_corridor_0.100,threshold_1h,12158,0.6708224602885453,0.7513753782596061,0.6876702778495837,24016,18648,0.5062458361092604,0.6519734019734019
yandun,0.7,greedy,endpoint_corridor_0.100,threshold_1h,3859,0.9454761866459525,0.9782046599205795,0.9681912412542111,24016,18648,0.16068454363757495,0.20693908193908195
yandun,0.7,maximum_iou,endpoint_corridor_0.100,threshold_1h,3859,0.9454761866459525,0.9782046599205795,0.9681912412542111,24016,18648,0.16068454363757495,0.20693908193908195
yandun,0.3,greedy,endpoint_corridor_0.100,threshold_2h,7026,0.5492143522360502,0.6278637050663234,0.5392022502840934,24016,16597,0.2925549633577615,0.4233295173826595
yandun,0.3,maximum_iou,endpoint_corridor_0.100,threshold_2h,7030,0.5428829958116689,0.6227690447385089,0.539085620947076,24016,16597,0.2927215189873418,0.4235705247936374
yandun,0.5,greedy,endpoint_corridor_0.100,threshold_2h,4068,0.6092188115092159,0.7181042153327927,0.6591937874754986,24016,16597,0.16938707528314456,0.24510453696451165
yandun,0.5,maximum_iou,endpoint_corridor_0.100,threshold_2h,4069,0.5998544675680899,0.7123834112865807,0.6591546639101322,24016,16597,0.16942871419053965,0.24516478881725612
yandun,0.7,greedy,endpoint_corridor_0.100,threshold_2h,1514,0.7777417351503649,0.8910238653276036,0.8484579470874052,24016,16597,0.06304130579613591,0.09122130505513044
yandun,0.7,maximum_iou,endpoint_corridor_0.100,threshold_2h,1514,0.7777417351503649,0.8910238653276036,0.8484579470874052,24016,16597,0.06304130579613591,0.09122130505513044
yandun,0.3,greedy,endpoint_corridor_0.100,threshold_4h,2664,0.39597912466636936,0.526954955382818,0.4793117073324145,24016,13467,0.11092604930046636,0.19781688572065048
yandun,0.3,maximum_iou,endpoint_corridor_0.100,threshold_4h,2666,0.39201887508833727,0.525430294204282,0.47912892610835744,24016,13467,0.11100932711525649,0.19796539689611642
yandun,0.5,greedy,endpoint_corridor_0.100,threshold_4h,1001,0.4973139444131442,0.6867007655501309,0.666154202067051,24016,13467,0.041680546302465024,0.07432984332070988
yandun,0.5,maximum_iou,endpoint_corridor_0.100,threshold_4h,1001,0.4901512882958648,0.6835558784338336,0.666154202067051,24016,13467,0.041680546302465024,0.07432984332070988
yandun,0.7,greedy,endpoint_corridor_0.100,threshold_4h,380,0.7550324526478441,0.8894354633733207,0.828893500720126,24016,13467,0.015822784810126583,0.028217123338531224
yandun,0.7,maximum_iou,endpoint_corridor_0.100,threshold_4h,380,0.7550324526478441,0.8894354633733207,0.828893500720126,24016,13467,0.015822784810126583,0.028217123338531224
yandun,0.3,greedy,financial_tail_1h,financial_tail_2h,10202,0.5673699455455563,0.579162997748361,0.5335473531783076,16311,11798,0.6254674759364846,0.8647228343787082
yandun,0.3,maximum_iou,financial_tail_1h,financial_tail_2h,10212,0.561983024732891,0.5760786434328968,0.5334549318244967,16311,11798,0.6260805591318742,0.8655704356670623
yandun,0.5,greedy,financial_tail_1h,financial_tail_2h,7461,0.5781938804995501,0.5892578044446574,0.5859186770726778,16311,11798,0.4574213720801913,0.6323953212408883
yandun,0.5,maximum_iou,financial_tail_1h,financial_tail_2h,7467,0.5729055918074921,0.586620738864793,0.5858429422310497,16311,11798,0.45778922199742506,0.6329038820139007
yandun,0.7,greedy,financial_tail_1h,financial_tail_2h,1332,0.6508333288221634,0.6647021604525993,0.7875985292651961,16311,11798,0.08166268162589664,0.11290049160874724
yandun,0.7,maximum_iou,financial_tail_1h,financial_tail_2h,1332,0.6432335525899542,0.6599014445617843,0.7875985292651961,16311,11798,0.08166268162589664,0.11290049160874724
yandun,0.3,greedy,financial_tail_1h,financial_tail_4h,3263,0.4697288221939737,0.47438110710343095,0.36920042752779914,16311,9292,0.20004904665563117,0.3511622901420577
yandun,0.3,maximum_iou,financial_tail_1h,financial_tail_4h,3268,0.46512340115658396,0.4727840470515826,0.3691302514350903,16311,9292,0.20035558825332597,0.35170038743004733
yandun,0.5,greedy,financial_tail_1h,financial_tail_4h,271,0.5002959770536054,0.5069186766685179,0.5430375674297966,16311,9292,0.01661455459505855,0.029164873009040033
yandun,0.5,maximum_iou,financial_tail_1h,financial_tail_4h,271,0.4966520343719174,0.5090810296626044,0.5430375674297966,16311,9292,0.01661455459505855,0.029164873009040033
yandun,0.7,greedy,financial_tail_1h,financial_tail_4h,6,0.6163773591245547,0.3076923076923077,0.7341750841750843,16311,9292,0.0003678499172337686,0.0006457167455876022
yandun,0.7,maximum_iou,financial_tail_1h,financial_tail_4h,6,0.6163773591245547,0.3076923076923077,0.7341750841750843,16311,9292,0.0003678499172337686,0.0006457167455876022
yandun,0.3,greedy,financial_tail_1h,mean_shift_1h,10281,0.5746901982575393,0.5589968597302837,0.6866322604650585,16311,13634,0.6303108331800625,0.7540707055889687
yandun,0.3,maximum_iou,financial_tail_1h,mean_shift_1h,10281,0.574469227830911,0.5595111732191432,0.6866322604650585,16311,13634,0.6303108331800625,0.7540707055889687
yandun,0.5,greedy,financial_tail_1h,mean_shift_1h,9430,0.5763928867088,0.5584617746869805,0.7136831540675653,16311,13634,0.5781374532524064,0.6916532198914479
yandun,0.5,maximum_iou,financial_tail_1h,mean_shift_1h,9430,0.5763928867088,0.5584617746869805,0.7136831540675653,16311,13634,0.5781374532524064,0.6916532198914479
yandun,0.7,greedy,financial_tail_1h,mean_shift_1h,4400,0.6881529911276015,0.7200606343095246,0.8649598665223667,16311,13634,0.2697566059714303,0.3227226052515769
yandun,0.7,maximum_iou,financial_tail_1h,mean_shift_1h,4400,0.6881529911276015,0.7200606343095246,0.8649598665223667,16311,13634,0.2697566059714303,0.3227226052515769
yandun,0.3,greedy,financial_tail_1h,mean_shift_2h,4314,0.3615046047302801,0.33571620574026534,0.382164305328223,16311,10092,0.2644840904910796,0.42746730083234247
yandun,0.3,maximum_iou,financial_tail_1h,mean_shift_2h,4327,0.3721910312961933,0.34230250067549073,0.38198293194344507,16311,10092,0.26528109864508614,0.4287554498612763
yandun,0.5,greedy,financial_tail_1h,mean_shift_2h,532,0.5308535110266475,0.4413708519480804,0.5515266949007548,16311,10092,0.03261602599472749,0.05271502179944511
yandun,0.5,maximum_iou,financial_tail_1h,mean_shift_2h,532,0.5308535110266475,0.4413708519480804,0.5515266949007548,16311,10092,0.03261602599472749,0.05271502179944511
yandun,0.7,greedy,financial_tail_1h,mean_shift_2h,30,0.6809326093635724,0.551521534283022,0.744081289081289,16311,10092,0.0018392495861688431,0.002972651605231867
yandun,0.7,maximum_iou,financial_tail_1h,mean_shift_2h,30,0.6809326093635724,0.551521534283022,0.744081289081289,16311,10092,0.0018392495861688431,0.002972651605231867
yandun,0.3,greedy,financial_tail_1h,mean_shift_4h,87,0.1263261959373312,0.12643132889866518,0.32759024132921155,16311,6386,0.005333823799889645,0.013623551518947698
yandun,0.3,maximum_iou,financial_tail_1h,mean_shift_4h,87,0.09275574340157036,0.06271572967415766,0.32759024132921155,16311,6386,0.005333823799889645,0.013623551518947698
yandun,0.5,greedy,financial_tail_1h,mean_shift_4h,1,1.0,1.0,0.5,16311,6386,6.130831953896144e-05,0.00015659254619480113
yandun,0.5,maximum_iou,financial_tail_1h,mean_shift_4h,1,1.0,1.0,0.5,16311,6386,6.130831953896144e-05,0.00015659254619480113
yandun,0.7,greedy,financial_tail_1h,mean_shift_4h,0,,,,16311,6386,0.0,0.0
yandun,0.7,maximum_iou,financial_tail_1h,mean_shift_4h,0,,,,16311,6386,0.0,0.0
yandun,0.3,greedy,financial_tail_1h,opsda_cui2015_1h_0.025,7059,0.5847357627071061,0.7129822898353199,0.6620956698304766,16311,10746,0.4327754276255288,0.6568955890563931
yandun,0.3,maximum_iou,financial_tail_1h,opsda_cui2015_1h_0.025,7079,0.5803125530846671,0.711338209732325,0.6611668314733722,16311,10746,0.434001594016308,0.6587567466964452
yandun,0.5,greedy,financial_tail_1h,opsda_cui2015_1h_0.025,5521,0.6985400027247468,0.7980128404094396,0.7497434039727106,16311,10746,0.3384832321746061,0.5137725665363856
yandun,0.5,maximum_iou,financial_tail_1h,opsda_cui2015_1h_0.025,5521,0.7022602418079278,0.8018119461732399,0.7497434039727106,16311,10746,0.3384832321746061,0.5137725665363856
yandun,0.7,greedy,financial_tail_1h,opsda_cui2015_1h_0.025,1787,1.0,1.0,1.0,16311,10746,0.1095579670161241,0.16629443513865624
yandun,0.7,maximum_iou,financial_tail_1h,opsda_cui2015_1h_0.025,1787,1.0,1.0,1.0,16311,10746,0.1095579670161241,0.16629443513865624
yandun,0.3,greedy,financial_tail_1h,opsda_cui2015_2h_0.025,9969,0.5507469018756006,0.6639697817873432,0.6715052376653335,16311,19078,0.6111826374839066,0.5225390502149072
yandun,0.3,maximum_iou,financial_tail_1h,opsda_cui2015_2h_0.025,9977,0.5506241224592374,0.6645387163811084,0.6712073483297293,16311,19078,0.6116731040402182,0.5229583813816961
yandun,0.5,greedy,financial_tail_1h,opsda_cui2015_2h_0.025,8745,0.6141124338916071,0.7201566294676807,0.7149710038389284,16311,19078,0.5361412543682178,0.4583813816961946
yandun,0.5,maximum_iou,financial_tail_1h,opsda_cui2015_2h_0.025,8746,0.6140701403924478,0.7201641918655319,0.7149464244879292,16311,19078,0.5362025626877567,0.4584337980920432
yandun,0.7,greedy,financial_tail_1h,opsda_cui2015_2h_0.025,3371,0.7853230412253102,0.8780552390033579,0.9079946603381783,16311,19078,0.20667034516583901,0.17669567040570291
yandun,0.7,maximum_iou,financial_tail_1h,opsda_cui2015_2h_0.025,3371,0.7853230412253102,0.8780552390033579,0.9079946603381783,16311,19078,0.20667034516583901,0.17669567040570291
yandun,0.3,greedy,financial_tail_1h,opsda_cui2015_4h_0.025,10946,0.5361114203422714,0.6385058652912435,0.6510431077236299,16311,27767,0.6710808656734719,0.3942089530737926
yandun,0.3,maximum_iou,financial_tail_1h,opsda_cui2015_4h_0.025,10972,0.5290887518274334,0.6333941987649295,0.6500259318091068,16311,27767,0.6726748819814848,0.3951453163827565
yandun,0.5,greedy,financial_tail_1h,opsda_cui2015_4h_0.025,8781,0.6178008635865209,0.7162619500196741,0.7209094581916583,16311,27767,0.5383483538716204,0.3162387006158389
yandun,0.5,maximum_iou,financial_tail_1h,opsda_cui2015_4h_0.025,8783,0.6160872896434618,0.7149726747237113,0.7208401782664563,16311,27767,0.5384709705106983,0.31631072856268233
yandun,0.7,greedy,financial_tail_1h,opsda_cui2015_4h_0.025,3499,0.7708936533454448,0.8625967768876431,0.9026854611521664,16311,27767,0.21451781006682608,0.12601289300248497
yandun,0.7,maximum_iou,financial_tail_1h,opsda_cui2015_4h_0.025,3499,0.7708936533454448,0.8625967768876431,0.9026854611521664,16311,27767,0.21451781006682608,0.12601289300248497
yandun,0.3,greedy,financial_tail_1h,sda_florita2013_0.025,9696,0.6057794817696257,0.717897558012209,0.6392334099481377,16311,16478,0.5944454662497701,0.588420924869523
yandun,0.3,maximum_iou,financial_tail_1h,sda_florita2013_0.025,9727,0.6012833655020093,0.7162790529138137,0.6381968208276422,16311,16478,0.5963460241554779,0.5903022211433426
yandun,0.5,greedy,financial_tail_1h,sda_florita2013_0.025,7692,0.6959607668903598,0.795374261572248,0.7131246440333803,16311,16478,0.47158359389369137,0.4668042238135696
yandun,0.5,maximum_iou,financial_tail_1h,sda_florita2013_0.025,7692,0.6982857443770227,0.7981511217003273,0.7131246440333803,16311,16478,0.47158359389369137,0.4668042238135696
yandun,0.7,greedy,financial_tail_1h,sda_florita2013_0.025,2157,0.9658159596373088,0.9893475385506012,0.9731759277656356,16311,16478,0.1322420452455398,0.13090180847190194
yandun,0.7,maximum_iou,financial_tail_1h,sda_florita2013_0.025,2157,0.9658159596373088,0.9893475385506012,0.9731759277656356,16311,16478,0.1322420452455398,0.13090180847190194
yandun,0.3,greedy,financial_tail_1h,threshold_1h,12838,0.7438625994214333,0.8122794149310094,0.8646180300546243,16311,18648,0.7870762062411869,0.6884384384384384
yandun,0.3,maximum_iou,financial_tail_1h,threshold_1h,12838,0.7452691611639697,0.8139526212453787,0.8646180300546243,16311,18648,0.7870762062411869,0.6884384384384384
yandun,0.5,greedy,financial_tail_1h,threshold_1h,12461,0.7495194784743936,0.8173334906854433,0.879071847019845,16311,18648,0.7639629697749984,0.6682217932217932
yandun,0.5,maximum_iou,financial_tail_1h,threshold_1h,12461,0.7495194784743936,0.8173334906854433,0.879071847019845,16311,18648,0.7639629697749984,0.6682217932217932
yandun,0.7,greedy,financial_tail_1h,threshold_1h,9149,0.9182399866241528,0.9529263840860033,0.9707669066096224,16311,18648,0.5609098154619582,0.4906156156156156
yandun,0.7,maximum_iou,financial_tail_1h,threshold_1h,9149,0.9182399866241528,0.9529263840860033,0.9707669066096224,16311,18648,0.5609098154619582,0.4906156156156156
yandun,0.3,greedy,financial_tail_1h,threshold_2h,9740,0.5376615166292127,0.5290921214265233,0.4955217099320401,16311,16597,0.5971430323094844,0.5868530457311563
yandun,0.3,maximum_iou,financial_tail_1h,threshold_2h,9763,0.5285450040333729,0.5235392481242862,0.49524787952593097,16311,16597,0.5985531236588805,0.588238838344279
yandun,0.5,greedy,financial_tail_1h,threshold_2h,5512,0.5430835000862391,0.5623611431704895,0.5780072129128733,16311,16597,0.33793145729875546,0.3321082123275291
yandun,0.5,maximum_iou,financial_tail_1h,threshold_2h,5520,0.5248903607568637,0.5510832997585645,0.5778669850680721,16311,16597,0.33842192385506714,0.33259022714948483
yandun,0.7,greedy,financial_tail_1h,threshold_2h,856,0.6460259185292514,0.6826997826345537,0.7902769770468369,16311,16597,0.05247992152535099,0.05157558594926794
yandun,0.7,maximum_iou,financial_tail_1h,threshold_2h,856,0.6404762993543561,0.678097990632338,0.7902769770468369,16311,16597,0.05247992152535099,0.05157558594926794
yandun,0.3,greedy,financial_tail_1h,threshold_4h,2412,0.4000306323060656,0.4002726270018593,0.3605138166913144,16311,13467,0.14787566672797497,0.1791044776119403
yandun,0.3,maximum_iou,financial_tail_1h,threshold_4h,2428,0.3895486849495304,0.3959633197614677,0.3601489230917256,16311,13467,0.14885659984059837,0.18029256701566793
yandun,0.5,greedy,financial_tail_1h,threshold_4h,162,0.5100512305824517,0.492897961426452,0.5419113092588038,16311,13467,0.009931947765311753,0.01202940521274226
yandun,0.5,maximum_iou,financial_tail_1h,threshold_4h,162,0.5188650188987808,0.5055780214219191,0.5419113092588038,16311,13467,0.009931947765311753,0.01202940521274226
yandun,0.7,greedy,financial_tail_1h,threshold_4h,4,0.7020168761809934,0.3333333333333333,0.7387626262626263,16311,13467,0.00024523327815584577,0.00029702235093190764
yandun,0.7,maximum_iou,financial_tail_1h,threshold_4h,4,0.7020168761809934,0.3333333333333333,0.7387626262626263,16311,13467,0.00024523327815584577,0.00029702235093190764
yandun,0.3,greedy,financial_tail_2h,financial_tail_4h,8180,0.4801014222531669,0.4746192642993159,0.5409533001151786,11798,9292,0.6933378538735379,0.8803271631510977
yandun,0.3,maximum_iou,financial_tail_2h,financial_tail_4h,8192,0.47431610871402247,0.4720612713515192,0.540702729364737,11798,9292,0.6943549754195626,0.8816185966422729
yandun,0.5,greedy,financial_tail_2h,financial_tail_4h,5834,0.4872720622911593,0.474723728073028,0.5966510489520928,11798,9292,0.49449059162569925,0.6278519156263452
yandun,0.5,maximum_iou,financial_tail_2h,financial_tail_4h,5838,0.48320390221487536,0.4726975454544095,0.5965649294228069,11798,9292,0.49482963214104086,0.628282393456737
yandun,0.7,greedy,financial_tail_2h,financial_tail_4h,897,0.5358308414502293,0.5114752148997825,0.7850999618809242,11798,9292,0.07602983556535006,0.09653465346534654
yandun,0.7,maximum_iou,financial_tail_2h,financial_tail_4h,897,0.5358308414502293,0.5114752148997825,0.7850999618809242,11798,9292,0.07602983556535006,0.09653465346534654
yandun,0.3,greedy,financial_tail_2h,mean_shift_1h,8587,0.538921210289359,0.5004946176006041,0.6935408024554409,11798,13634,0.727835226309544,0.6298225025671116
yandun,0.3,maximum_iou,financial_tail_2h,mean_shift_1h,8596,0.5354704225557717,0.49792532045062476,0.6930814015620905,11798,13634,0.7285980674690625,0.6304826169869444
yandun,0.5,greedy,financial_tail_2h,mean_shift_1h,7689,0.554106737896372,0.5142776963414925,0.7280280664986087,11798,13634,0.6517206306153586,0.5639577526771307
yandun,0.5,maximum_iou,financial_tail_2h,mean_shift_1h,7689,0.5534997157810672,0.5133435075418361,0.7280280664986087,11798,13634,0.6517206306153586,0.5639577526771307
yandun,0.7,greedy,financial_tail_2h,mean_shift_1h,4391,0.6106370105495954,0.6217693222336019,0.8229325508874586,11798,13634,0.3721817257162231,0.32206249083174415
yandun,0.7,maximum_iou,financial_tail_2h,mean_shift_1h,4391,0.6092633216123746,0.6207726770667595,0.8229325508874586,11798,13634,0.3721817257162231,0.32206249083174415
yandun,0.3,greedy,financial_tail_2h,mean_shift_2h,7528,0.45086920462413965,0.37749009889361673,0.5954653578432479,11798,10092,0.6380742498728598,0.7459373761395165
yandun,0.3,maximum_iou,financial_tail_2h,mean_shift_2h,7530,0.4499542586622365,0.3768591325859159,0.5953138398199164,11798,10092,0.6382437701305306,0.7461355529131986
yandun,0.5,greedy,financial_tail_2h,mean_shift_2h,5858,0.4570416740973599,0.38016593321996833,0.6497627581771797,11798,10092,0.4965248347177488,0.5804597701149425
yandun,0.5,maximum_iou,financial_tail_2h,mean_shift_2h,5858,0.4570416740973599,0.38016593321996833,0.6497627581771797,11798,10092,0.4965248347177488,0.5804597701149425
yandun,0.7,greedy,financial_tail_2h,mean_shift_2h,1923,0.5193521982892225,0.457086699971002,0.7871966207058431,11798,10092,0.1629937277504662,0.19054696789536266
yandun,0.7,maximum_iou,financial_tail_2h,mean_shift_2h,1923,0.5193521982892225,0.457086699971002,0.7871966207058431,11798,10092,0.1629937277504662,0.19054696789536266
yandun,0.3,greedy,financial_tail_2h,mean_shift_4h,2499,0.27163867427793126,0.30343244958439436,0.36824366923782775,11798,6386,0.21181556195965417,0.39132477294080803
yandun,0.3,maximum_iou,financial_tail_2h,mean_shift_4h,2518,0.27754113939132585,0.30699034975108574,0.36750574474787445,11798,6386,0.2134260044075267,0.3943000313185092
yandun,0.5,greedy,financial_tail_2h,mean_shift_4h,166,0.49690951374212944,0.4565247847233985,0.5606914655925921,11798,6386,0.014070181386675708,0.025994362668336986
yandun,0.5,maximum_iou,financial_tail_2h,mean_shift_4h,166,0.49690951374212944,0.4565247847233985,0.5606914655925921,11798,6386,0.014070181386675708,0.025994362668336986
yandun,0.7,greedy,financial_tail_2h,mean_shift_4h,3,1.0,1.0,0.7204793028322439,11798,6386,0.00025428038650618747,0.0004697776385844034
yandun,0.7,maximum_iou,financial_tail_2h,mean_shift_4h,3,1.0,1.0,0.7204793028322439,11798,6386,0.00025428038650618747,0.0004697776385844034
yandun,0.3,greedy,financial_tail_2h,opsda_cui2015_1h_0.025,3677,0.49782803214967325,0.5983715305436074,0.41312664309672736,11798,10746,0.31166299372775047,0.3421738321235809
yandun,0.3,maximum_iou,financial_tail_2h,opsda_cui2015_1h_0.025,3695,0.4739788545226876,0.5694090884045908,0.4129905277401893,11798,10746,0.3131886760467876,0.34384887399962777
yandun,0.5,greedy,financial_tail_2h,opsda_cui2015_1h_0.025,1278,0.5339149589732579,0.7049955107533041,0.5,11798,10746,0.10832344465163588,0.11892797319932999
yandun,0.5,maximum_iou,financial_tail_2h,opsda_cui2015_1h_0.025,1284,0.4812823744654415,0.6561112808457944,0.5,11798,10746,0.10883200542464824,0.11948632049134561
yandun,0.7,greedy,financial_tail_2h,opsda_cui2015_1h_0.025,0,,,,11798,10746,0.0,0.0
yandun,0.7,maximum_iou,financial_tail_2h,opsda_cui2015_1h_0.025,0,,,,11798,10746,0.0,0.0
yandun,0.3,greedy,financial_tail_2h,opsda_cui2015_2h_0.025,7363,0.4983991315586633,0.5769310696298925,0.5733949343245828,11798,19078,0.6240888286150195,0.3859419226333997
yandun,0.3,maximum_iou,financial_tail_2h,opsda_cui2015_2h_0.025,7401,0.4891502669392987,0.5658762709521752,0.5720292386080795,11798,19078,0.6273097135107646,0.38793374567564737
yandun,0.5,greedy,financial_tail_2h,opsda_cui2015_2h_0.025,5253,0.5510041864519202,0.632092618633847,0.6485495816449558,11798,19078,0.4452449567723343,0.2753433273928085
yandun,0.5,maximum_iou,financial_tail_2h,opsda_cui2015_2h_0.025,5264,0.5430694746443131,0.6256605237918139,0.6481224670719352,11798,19078,0.44617731818952366,0.2759199077471433
yandun,0.7,greedy,financial_tail_2h,opsda_cui2015_2h_0.025,1556,0.7095423985200878,0.808337538582483,0.8442480719794344,11798,19078,0.13188676046787592,0.08155991194045498
yandun,0.7,maximum_iou,financial_tail_2h,opsda_cui2015_2h_0.025,1556,0.7095423985200878,0.808337538582483,0.8442480719794344,11798,19078,0.13188676046787592,0.08155991194045498
yandun,0.3,greedy,financial_tail_2h,opsda_cui2015_4h_0.025,8863,0.5115749688026809,0.5799745860038885,0.6626804194839847,11798,27767,0.7512290218681132,0.31919184643641735
yandun,0.3,maximum_iou,financial_tail_2h,opsda_cui2015_4h_0.025,8893,0.5017196523118932,0.570284169622247,0.6612442694304833,11798,27767,0.7537718257331751,0.32027226563906797
yandun,0.5,greedy,financial_tail_2h,opsda_cui2015_4h_0.025,7454,0.5678043367075682,0.6328374524465785,0.7149261569304505,11798,27767,0.6318020003390405,0.2684481578852595
yandun,0.5,maximum_iou,financial_tail_2h,opsda_cui2015_4h_0.025,7464,0.5622285602004345,0.62846591976649,0.7144726499831007,11798,27767,0.6326496016273945,0.26880829761947633
yandun,0.7,greedy,financial_tail_2h,opsda_cui2015_4h_0.025,3900,0.6709818044313351,0.7532774846582533,0.8385414492914494,11798,27767,0.33056450245804375,0.1404544963445817
yandun,0.7,maximum_iou,financial_tail_2h,opsda_cui2015_4h_0.025,3900,0.6706821197286599,0.7530033880752318,0.8385414492914494,11798,27767,0.33056450245804375,0.1404544963445817
yandun,0.3,greedy,financial_tail_2h,sda_florita2013_0.025,6482,0.5115798839431308,0.5801199122677362,0.48059986912193015,11798,16478,0.5494151551110358,0.3933729821580289
yandun,0.3,maximum_iou,financial_tail_2h,sda_florita2013_0.025,6502,0.4978886038242904,0.5615250450706458,0.48013333175590917,11798,16478,0.5511103576877436,0.3945867216895254
yandun,0.5,greedy,financial_tail_2h,sda_florita2013_0.025,3300,0.5689105531707048,0.6596178548412138,0.5803413354322444,11798,16478,0.2797084251568062,0.20026702269692923
yandun,0.5,maximum_iou,financial_tail_2h,sda_florita2013_0.025,3306,0.5494821729263984,0.6425400803377189,0.5801955253860879,11798,16478,0.28021698592981864,0.2006311445563782
yandun,0.7,greedy,financial_tail_2h,sda_florita2013_0.025,644,0.6812195572545046,0.7601533122727373,0.788886424134872,11798,16478,0.054585522969994915,0.03908241291418862
yandun,0.7,maximum_iou,financial_tail_2h,sda_florita2013_0.025,644,0.6812195572545046,0.7601533122727373,0.788886424134872,11798,16478,0.054585522969994915,0.03908241291418862
yandun,0.3,greedy,financial_tail_2h,threshold_1h,9043,0.5692569475764213,0.5694904812548717,0.5796627159808625,11798,18648,0.7664858450584845,0.48493135993135994
yandun,0.3,maximum_iou,financial_tail_2h,threshold_1h,9049,0.5646819585710516,0.566730843959548,0.5795583240079869,11798,18648,0.7669944058314969,0.48525311025311024
yandun,0.5,greedy,financial_tail_2h,threshold_1h,6764,0.5841664740231842,0.5997501414106725,0.6433058042719486,11798,18648,0.5733175114426174,0.36271986271986273
yandun,0.5,maximum_iou,financial_tail_2h,threshold_1h,6766,0.5788964479203824,0.5967142024976624,0.6432634437031423,11798,18648,0.5734870317002881,0.36282711282711283
yandun,0.7,greedy,financial_tail_2h,threshold_1h,2272,0.6878741832953166,0.7319108853238409,0.8157519771406214,11798,18648,0.19257501271401933,0.12183612183612183
yandun,0.7,maximum_iou,financial_tail_2h,threshold_1h,2272,0.6829818924182646,0.7288304335793182,0.8157519771406214,11798,18648,0.19257501271401933,0.12183612183612183
yandun,0.3,greedy,financial_tail_2h,threshold_2h,10322,0.6567474908321772,0.6944756779435965,0.8247899156184714,11798,16597,0.8748940498389558,0.6219196240284389
yandun,0.3,maximum_iou,financial_tail_2h,threshold_2h,10323,0.6554399176737715,0.6942338013533516,0.8247423076961344,11798,16597,0.8749788099677912,0.6219798758811833
yandun,0.5,greedy,financial_tail_2h,threshold_2h,9900,0.6634639966814324,0.6998863538096431,0.8427199251365918,11798,16597,0.8391252754704187,0.5964933421702717
yandun,0.5,maximum_iou,financial_tail_2h,threshold_2h,9900,0.6634978670839174,0.7000346309542669,0.8427199251365918,11798,16597,0.8391252754704187,0.5964933421702717
yandun,0.7,greedy,financial_tail_2h,threshold_2h,7861,0.7218236260526011,0.7623894167025113,0.9051708057098586,11798,16597,0.6662993727750466,0.47363981442429354
yandun,0.7,maximum_iou,financial_tail_2h,threshold_2h,7861,0.7218236260526011,0.7623894167025113,0.9051708057098586,11798,16597,0.6662993727750466,0.47363981442429354
yandun,0.3,greedy,financial_tail_2h,threshold_4h,8010,0.4149762357760157,0.3979990542141784,0.4901343661918022,11798,13467,0.6789286319715206,0.594787257741145
yandun,0.3,maximum_iou,financial_tail_2h,threshold_4h,8058,0.41512312501875004,0.4016027680818094,0.4889075956409741,11798,13467,0.6829971181556196,0.5983515259523279
yandun,0.5,greedy,financial_tail_2h,threshold_4h,4001,0.4114859236916174,0.40146670452422917,0.5860747733899705,11798,13467,0.3391252754704187,0.2970966065196406
yandun,0.5,maximum_iou,financial_tail_2h,threshold_4h,4020,0.40357114434003005,0.3992806853548759,0.5853208871425546,11798,13467,0.3407357179182912,0.29850746268656714
yandun,0.7,greedy,financial_tail_2h,threshold_4h,549,0.4867641898436321,0.45808406845825983,0.7883181485454407,11798,13467,0.04653331073063231,0.04076631766540432
yandun,0.7,maximum_iou,financial_tail_2h,threshold_4h,549,0.48383483140083205,0.45509843960373947,0.7883181485454407,11798,13467,0.04653331073063231,0.04076631766540432
yandun,0.3,greedy,financial_tail_4h,mean_shift_1h,5807,0.4421479503727946,0.41842491057842646,0.4494108412648353,9292,13634,0.624946190271201,0.4259204928854335
yandun,0.3,maximum_iou,financial_tail_4h,mean_shift_1h,5830,0.43605847400442627,0.41536821467561846,0.44873030062904373,9292,13634,0.6274214377959535,0.42760745195833944
yandun,0.5,greedy,financial_tail_4h,mean_shift_1h,1899,0.4555206255948524,0.453488970796833,0.5877482465752608,9292,13634,0.2043693499784761,0.1392841425847147
yandun,0.5,maximum_iou,financial_tail_4h,mean_shift_1h,1900,0.4546974313545144,0.4527228188754679,0.5877020632875897,9292,13634,0.20447696943607405,0.13935748863136277
yandun,0.7,greedy,financial_tail_4h,mean_shift_1h,274,0.5512168287418318,0.5517059929101524,0.7939224097070812,9292,13634,0.029487731381833835,0.020096816781575474
yandun,0.7,maximum_iou,financial_tail_4h,mean_shift_1h,274,0.5512168287418318,0.5517059929101524,0.7939224097070812,9292,13634,0.029487731381833835,0.020096816781575474
yandun,0.3,greedy,financial_tail_4h,mean_shift_2h,6843,0.4397678246295229,0.38042945207085843,0.7279299145990699,9292,10092,0.7364399483426604,0.6780618311533888
yandun,0.3,maximum_iou,financial_tail_4h,mean_shift_2h,6855,0.4388630695742349,0.38032176465043793,0.7270924625267482,9292,10092,0.7377313818338356,0.6792508917954816
yandun,0.5,greedy,financial_tail_4h,mean_shift_2h,6419,0.4514025421066624,0.39127068862392084,0.7482725006287322,9292,10092,0.6908092983211365,0.6360483551327785
yandun,0.5,maximum_iou,financial_tail_4h,mean_shift_2h,6421,0.45185395366947767,0.3917895486819732,0.7481246540660418,9292,10092,0.6910245372363323,0.6362465319064605
yandun,0.7,greedy,financial_tail_4h,mean_shift_2h,4368,0.4690254314231507,0.4011800252967689,0.8132146964344458,9292,10092,0.47008179078777446,0.4328180737217598
yandun,0.7,maximum_iou,financial_tail_4h,mean_shift_2h,4368,0.4681366378551403,0.40082058810328275,0.8132146964344458,9292,10092,0.47008179078777446,0.4328180737217598
yandun,0.3,greedy,financial_tail_4h,mean_shift_4h,5120,0.3985647468734572,0.3943492284913555,0.5555708676222283,9292,6386,0.5510116229014206,0.8017538365173817
yandun,0.3,maximum_iou,financial_tail_4h,mean_shift_4h,5123,0.39707205754653385,0.39287191102137164,0.555439960080114,9292,6386,0.5513344812742144,0.8022236141559662
yandun,0.5,greedy,financial_tail_4h,mean_shift_4h,3522,0.4388707309383968,0.43167056191467906,0.6188600060304564,9292,6386,0.3790357296599225,0.5515189476980896
yandun,0.5,maximum_iou,financial_tail_4h,mean_shift_4h,3522,0.4388707309383968,0.43167056191467906,0.6188600060304564,9292,6386,0.3790357296599225,0.5515189476980896
yandun,0.7,greedy,financial_tail_4h,mean_shift_4h,675,0.46404764629189077,0.47447239679265996,0.7864465994540204,9292,6386,0.07264313387860526,0.10569996868149076
yandun,0.7,maximum_iou,financial_tail_4h,mean_shift_4h,675,0.46404764629189077,0.47447239679265996,0.7864465994540204,9292,6386,0.07264313387860526,0.10569996868149076
yandun,0.3,greedy,financial_tail_4h,opsda_cui2015_1h_0.025,0,,,,9292,10746,0.0,0.0
yandun,0.3,maximum_iou,financial_tail_4h,opsda_cui2015_1h_0.025,0,,,,9292,10746,0.0,0.0
yandun,0.5,greedy,financial_tail_4h,opsda_cui2015_1h_0.025,0,,,,9292,10746,0.0,0.0
yandun,0.5,maximum_iou,financial_tail_4h,opsda_cui2015_1h_0.025,0,,,,9292,10746,0.0,0.0
yandun,0.7,greedy,financial_tail_4h,opsda_cui2015_1h_0.025,0,,,,9292,10746,0.0,0.0
yandun,0.7,maximum_iou,financial_tail_4h,opsda_cui2015_1h_0.025,0,,,,9292,10746,0.0,0.0
yandun,0.3,greedy,financial_tail_4h,opsda_cui2015_2h_0.025,3391,0.37214459327231014,0.43291858839630204,0.38233924321361656,9292,19078,0.3649375807145932,0.17774399832267535
yandun,0.3,maximum_iou,financial_tail_4h,opsda_cui2015_2h_0.025,3409,0.37342201053460145,0.43093931219665954,0.38214477172382716,9292,19078,0.36687473095135603,0.1786874934479505
yandun,0.5,greedy,financial_tail_4h,opsda_cui2015_2h_0.025,490,0.41152201754509055,0.5620405151985699,0.5,9292,19078,0.052733534222987516,0.02568403396582451
yandun,0.5,maximum_iou,financial_tail_4h,opsda_cui2015_2h_0.025,492,0.4075145228573305,0.5543211593920075,0.5,9292,19078,0.052948773138183386,0.025788866757521754
yandun,0.7,greedy,financial_tail_4h,opsda_cui2015_2h_0.025,0,,,,9292,19078,0.0,0.0
yandun,0.7,maximum_iou,financial_tail_4h,opsda_cui2015_2h_0.025,0,,,,9292,19078,0.0,0.0
yandun,0.3,greedy,financial_tail_4h,opsda_cui2015_4h_0.025,6237,0.40320249591690355,0.45000632161502085,0.5433659423410344,9292,27767,0.6712225570383126,0.22461915223106566
yandun,0.3,maximum_iou,financial_tail_4h,opsda_cui2015_4h_0.025,6279,0.3904386837721543,0.4394183755195181,0.5416228490490932,9292,27767,0.6757425742574258,0.22613173911477652
yandun,0.5,greedy,financial_tail_4h,opsda_cui2015_4h_0.025,3725,0.4964347937321742,0.5317088060301376,0.6481161798678575,9292,27767,0.40088247955230305,0.13415205099578636
yandun,0.5,maximum_iou,financial_tail_4h,opsda_cui2015_4h_0.025,3731,0.49004357168328266,0.5252835782229968,0.6477479004214463,9292,27767,0.40152819629789066,0.1343681348363165
yandun,0.7,greedy,financial_tail_4h,opsda_cui2015_4h_0.025,1243,0.6608259006298001,0.7408422443544928,0.7961497517410632,9292,27767,0.1337709857942316,0.044765368963157706
yandun,0.7,maximum_iou,financial_tail_4h,opsda_cui2015_4h_0.025,1243,0.6581237766897727,0.7385899050101542,0.7961497517410632,9292,27767,0.1337709857942316,0.044765368963157706
yandun,0.3,greedy,financial_tail_4h,sda_florita2013_0.025,2008,0.41406577232017255,0.487994983780208,0.4260053103233296,9292,16478,0.2160998708566509,0.1218594489622527
yandun,0.3,maximum_iou,financial_tail_4h,sda_florita2013_0.025,2012,0.4098341652560032,0.4765795769632745,0.42578734558634296,9292,16478,0.21653034868704263,0.122102196868552
yandun,0.5,greedy,financial_tail_4h,sda_florita2013_0.025,518,0.5224736482211532,0.6419724561179532,0.6100154457297318,9292,16478,0.05574687903572966,0.03143585386576041
yandun,0.5,maximum_iou,financial_tail_4h,sda_florita2013_0.025,518,0.5177329036778018,0.6374088960083879,0.6100154457297318,9292,16478,0.05574687903572966,0.03143585386576041
yandun,0.7,greedy,financial_tail_4h,sda_florita2013_0.025,122,0.43530902752583767,0.5865084134428159,0.797745901639344,9292,16478,0.013129573826947911,0.0074038111421288995
yandun,0.7,maximum_iou,financial_tail_4h,sda_florita2013_0.025,122,0.43530902752583767,0.5865084134428159,0.797745901639344,9292,16478,0.013129573826947911,0.0074038111421288995
yandun,0.3,greedy,financial_tail_4h,threshold_1h,3813,0.49459116775682727,0.5056083178241618,0.39831657800502296,9292,18648,0.4103529918209212,0.20447232947232946
yandun,0.3,maximum_iou,financial_tail_4h,threshold_1h,3821,0.47522877368398286,0.4965108177205732,0.39797923041237376,9292,18648,0.4112139474817047,0.2049013299013299
yandun,0.5,greedy,financial_tail_4h,threshold_1h,700,0.567641706646649,0.5595287719443145,0.5630820568320567,9292,18648,0.07533362031855359,0.03753753753753754
yandun,0.5,maximum_iou,financial_tail_4h,threshold_1h,700,0.5657882636237499,0.560140870353752,0.5630820568320567,9292,18648,0.07533362031855359,0.03753753753753754
yandun,0.7,greedy,financial_tail_4h,threshold_1h,61,0.5860216002735398,0.5332367530563041,0.7676974664679584,9292,18648,0.006564786913473956,0.003271128271128271
yandun,0.7,maximum_iou,financial_tail_4h,threshold_1h,61,0.5860216002735398,0.5332367530563041,0.7676974664679584,9292,18648,0.006564786913473956,0.003271128271128271
yandun,0.3,greedy,financial_tail_4h,threshold_2h,8180,0.4562705186365323,0.4454318233752705,0.6088140750605581,9292,16597,0.8803271631510977,0.49286015544978007
yandun,0.3,maximum_iou,financial_tail_4h,threshold_2h,8197,0.45241976490985547,0.4455415664893727,0.6081945223621766,9292,16597,0.8821566939302626,0.4938844369464361
yandun,0.5,greedy,financial_tail_4h,threshold_2h,6538,0.4658255776675507,0.45351510901255493,0.6604746225427883,9292,16597,0.7036160137752906,0.39392661324335726
yandun,0.5,maximum_iou,financial_tail_4h,threshold_2h,6541,0.4629916608263878,0.4517176168718429,0.6603780893112292,9292,16597,0.7039388721480844,0.39410736880159064
yandun,0.7,greedy,financial_tail_4h,threshold_2h,2236,0.5464479128622419,0.5568542801476252,0.8156363245251727,9292,16597,0.24063710718897977,0.13472314273663916
yandun,0.7,maximum_iou,financial_tail_4h,threshold_2h,2236,0.5447730227183005,0.5559163804070324,0.8156363245251727,9292,16597,0.24063710718897977,0.13472314273663916
yandun,0.3,greedy,financial_tail_4h,threshold_4h,8573,0.5773278911540616,0.6280221001290338,0.8047158268704038,9292,13467,0.9226216099870856,0.6365931536348111
yandun,0.3,maximum_iou,financial_tail_4h,threshold_4h,8578,0.5737765227908124,0.6254487640458553,0.8044105386935211,9292,13467,0.9231597072750753,0.6369644315734759
yandun,0.5,greedy,financial_tail_4h,threshold_4h,8215,0.5865040678873755,0.6413585884550767,0.8210542987714671,9292,13467,0.8840938441670254,0.6100096532264053
yandun,0.5,maximum_iou,financial_tail_4h,threshold_4h,8215,0.584704306660742,0.6401213787705435,0.8210542987714671,9292,13467,0.8840938441670254,0.6100096532264053
yandun,0.7,greedy,financial_tail_4h,threshold_4h,6224,0.6722737483238186,0.7401231181495763,0.8896196961954091,9292,13467,0.6698235040895394,0.46216677805004824
yandun,0.7,maximum_iou,financial_tail_4h,threshold_4h,6224,0.6722737483238186,0.7401231181495763,0.8896196961954091,9292,13467,0.6698235040895394,0.46216677805004824
yandun,0.3,greedy,mean_shift_1h,mean_shift_2h,8856,0.4157356485279409,0.34815625479996704,0.46671114360772986,13634,10092,0.6495525891154467,0.8775267538644471
yandun,0.3,maximum_iou,mean_shift_1h,mean_shift_2h,8858,0.4118982456122887,0.3457418337857217,0.4666781342776114,13634,10092,0.6496992812087429,0.8777249306381292
yandun,0.5,greedy,mean_shift_1h,mean_shift_2h,3690,0.4032072085590105,0.34470645743346445,0.5560844909248784,13634,10092,0.2706469121314361,0.36563614744351963
yandun,0.5,maximum_iou,mean_shift_1h,mean_shift_2h,3690,0.40122164925260806,0.34384918783154567,0.5560844909248784,13634,10092,0.2706469121314361,0.36563614744351963
yandun,0.7,greedy,mean_shift_1h,mean_shift_2h,268,0.41507158939465366,0.320580786055208,0.7385957405437211,13634,10092,0.01965674050168696,0.026555687673404677
yandun,0.7,maximum_iou,mean_shift_1h,mean_shift_2h,268,0.41507158939465366,0.320580786055208,0.7385957405437211,13634,10092,0.01965674050168696,0.026555687673404677
yandun,0.3,greedy,mean_shift_1h,mean_shift_4h,762,0.15901764365016782,0.2191654582674749,0.34713575372645206,13634,6386,0.05588968754584128,0.11932352020043846
yandun,0.3,maximum_iou,mean_shift_1h,mean_shift_4h,772,0.1445973160401961,0.19711332182830835,0.3461156856282389,13634,6386,0.056623148012322135,0.12088944566238648
yandun,0.5,greedy,mean_shift_1h,mean_shift_4h,4,0.8571428571428571,0.0,0.5340725535065285,13634,6386,0.00029338418659234265,0.0006263701847792045
yandun,0.5,maximum_iou,mean_shift_1h,mean_shift_4h,4,0.8571428571428571,0.0,0.5340725535065285,13634,6386,0.00029338418659234265,0.0006263701847792045
yandun,0.7,greedy,mean_shift_1h,mean_shift_4h,0,,,,13634,6386,0.0,0.0
yandun,0.7,maximum_iou,mean_shift_1h,mean_shift_4h,0,,,,13634,6386,0.0,0.0
yandun,0.3,greedy,mean_shift_1h,opsda_cui2015_1h_0.025,7423,0.5083070814480706,0.5401114911321206,0.5079303067043871,13634,10746,0.5444477042687399,0.6907686581053415
yandun,0.3,maximum_iou,mean_shift_1h,opsda_cui2015_1h_0.025,7428,0.4970696043780934,0.531455735532846,0.5078756058158318,13634,10746,0.5448144345019803,0.6912339475153545
yandun,0.5,greedy,mean_shift_1h,opsda_cui2015_1h_0.025,4931,0.5059265343720233,0.5284283533446126,0.5725343067667139,13634,10746,0.3616693560217104,0.4588684161548483
yandun,0.5,maximum_iou,mean_shift_1h,opsda_cui2015_1h_0.025,4933,0.5069775065259351,0.5273833956510989,0.5725048989796606,13634,10746,0.3618160481150066,0.45905453191885354
yandun,0.7,greedy,mean_shift_1h,opsda_cui2015_1h_0.025,0,,,,13634,10746,0.0,0.0
yandun,0.7,maximum_iou,mean_shift_1h,opsda_cui2015_1h_0.025,0,,,,13634,10746,0.0,0.0
yandun,0.3,greedy,mean_shift_1h,opsda_cui2015_2h_0.025,11079,0.5367566206005245,0.5894668339202489,0.6268543884032649,13634,19078,0.8126008508141411,0.580721249606877
yandun,0.3,maximum_iou,mean_shift_1h,opsda_cui2015_2h_0.025,11090,0.5313601269216308,0.584598472561014,0.6265001294667664,13634,19078,0.81340765732727,0.5812978299612118
yandun,0.5,greedy,mean_shift_1h,opsda_cui2015_2h_0.025,9335,0.5607039740701137,0.6142023214603335,0.6710862856122634,13634,19078,0.6846853454598797,0.48930705524688123
yandun,0.5,maximum_iou,mean_shift_1h,opsda_cui2015_2h_0.025,9337,0.5600384723596987,0.6120101494275291,0.6710496386623624,13634,19078,0.6848320375531759,0.4894118880385785
yandun,0.7,greedy,mean_shift_1h,opsda_cui2015_2h_0.025,3023,0.7043387353934141,0.7833246499912939,0.8611644062189875,13634,19078,0.22172509901716297,0.15845476465038263
yandun,0.7,maximum_iou,mean_shift_1h,opsda_cui2015_2h_0.025,3023,0.7043387353934141,0.7833246499912939,0.8611644062189875,13634,19078,0.22172509901716297,0.15845476465038263
yandun,0.3,greedy,mean_shift_1h,opsda_cui2015_4h_0.025,11921,0.5354535139108557,0.5795388962894249,0.6671078723213613,13634,27767,0.8743582220918292,0.42932257715993805
yandun,0.3,maximum_iou,mean_shift_1h,opsda_cui2015_4h_0.025,11935,0.5344924045932595,0.5783213762647599,0.6666223865972506,13634,27767,0.8753850667449025,0.4298267727878417
yandun,0.5,greedy,mean_shift_1h,opsda_cui2015_4h_0.025,10520,0.5570346533796037,0.606812077885618,0.7046325250056239,13634,27767,0.7716004107378612,0.37886700039615373
yandun,0.5,maximum_iou,mean_shift_1h,opsda_cui2015_4h_0.025,10523,0.5581284130920621,0.6064586975747124,0.7045366269090493,13634,27767,0.7718204488778054,0.37897504231641876
yandun,0.7,greedy,mean_shift_1h,opsda_cui2015_4h_0.025,4556,0.6872152023362166,0.7749589769962376,0.8550472427777079,13634,27767,0.3341645885286783,0.16407966290920878
yandun,0.7,maximum_iou,mean_shift_1h,opsda_cui2015_4h_0.025,4556,0.6872152023362166,0.7749589769962376,0.8550472427777079,13634,27767,0.3341645885286783,0.16407966290920878
yandun,0.3,greedy,mean_shift_1h,sda_florita2013_0.025,10528,0.5277072884744471,0.5641437744095289,0.5359138668765379,13634,16478,0.772187179111046,0.6389124893797791
yandun,0.3,maximum_iou,mean_shift_1h,sda_florita2013_0.025,10531,0.5211816613236463,0.5593711140468883,0.5358878096865942,13634,16478,0.7724072172509902,0.6390945503095036
yandun,0.5,greedy,mean_shift_1h,sda_florita2013_0.025,7400,0.5334983959727901,0.5710492901988204,0.6002756864006867,13634,16478,0.542760745195834,0.4490836266537201
yandun,0.5,maximum_iou,mean_shift_1h,sda_florita2013_0.025,7402,0.5347225769842076,0.5705940003220532,0.6002485921865822,13634,16478,0.5429074372891302,0.44920500060686974
yandun,0.7,greedy,mean_shift_1h,sda_florita2013_0.025,985,0.7288530981024238,0.782728865496022,0.8177942953831279,13634,16478,0.07224585594836438,0.05977667192620464
yandun,0.7,maximum_iou,mean_shift_1h,sda_florita2013_0.025,985,0.7288530981024238,0.782728865496022,0.8177942953831279,13634,16478,0.07224585594836438,0.05977667192620464
yandun,0.3,greedy,mean_shift_1h,threshold_1h,13563,0.5931262659716708,0.5901986647925799,0.7566546166524051,13634,18648,0.994792430687986,0.7273166023166023
yandun,0.3,maximum_iou,mean_shift_1h,threshold_1h,13563,0.5927293253318522,0.5898842891856504,0.7566546166524051,13634,18648,0.994792430687986,0.7273166023166023
yandun,0.5,greedy,mean_shift_1h,threshold_1h,13106,0.596432863285268,0.58995168715531,0.7693458450344609,13634,18648,0.9612732873698108,0.7028099528099528
yandun,0.5,maximum_iou,mean_shift_1h,threshold_1h,13106,0.5962697148785889,0.58980471157875,0.7693458450344609,13634,18648,0.9612732873698108,0.7028099528099528
yandun,0.7,greedy,mean_shift_1h,threshold_1h,7871,0.6864369136638745,0.7216615756191611,0.8776797183956377,13634,18648,0.5773067331670823,0.42208279708279706
yandun,0.7,maximum_iou,mean_shift_1h,threshold_1h,7871,0.6864369136638745,0.7216615756191611,0.8776797183956377,13634,18648,0.5773067331670823,0.42208279708279706
yandun,0.3,greedy,mean_shift_1h,threshold_2h,12245,0.5117660760248037,0.483969055888655,0.6354161416770406,13634,16597,0.898122341205809,0.7377839368560584
yandun,0.3,maximum_iou,mean_shift_1h,threshold_2h,12273,0.5065464742463442,0.48116190389178687,0.6345735719454211,13634,16597,0.9001760305119554,0.7394709887329035
yandun,0.5,greedy,mean_shift_1h,threshold_2h,10366,0.53409790286669,0.49792491050978127,0.6781722093800041,13634,16597,0.760305119554056,0.6245707055491957
yandun,0.5,maximum_iou,mean_shift_1h,threshold_2h,10368,0.5319805911906468,0.4964760293781064,0.6781281946791206,13634,16597,0.7604518116473522,0.6246912092546846
yandun,0.7,greedy,mean_shift_1h,threshold_2h,4686,0.5870764060173849,0.5710509967463877,0.7794533500359367,13634,16597,0.34369957459292944,0.2823401819605953
yandun,0.7,maximum_iou,mean_shift_1h,threshold_2h,4686,0.5834448055252537,0.5685918138811512,0.7794533500359367,13634,16597,0.34369957459292944,0.2823401819605953
yandun,0.3,greedy,mean_shift_1h,threshold_4h,6678,0.34712057852167744,0.3221033086243972,0.40111190827205545,13634,13467,0.4898048995159161,0.4958788148808198
yandun,0.3,maximum_iou,mean_shift_1h,threshold_4h,6768,0.3371671513906254,0.3185745498638613,0.399434403832625,13634,13467,0.4964060437142438,0.5025618177767877
yandun,0.5,greedy,mean_shift_1h,threshold_4h,1146,0.29385107180158365,0.24677834197036236,0.5454866367328072,13634,13467,0.08405456945870618,0.08509690354199154
yandun,0.5,maximum_iou,mean_shift_1h,threshold_4h,1152,0.2817441389858005,0.23711344732597106,0.5450111997795256,13634,13467,0.08449464573859469,0.08554243706838939
yandun,0.7,greedy,mean_shift_1h,threshold_4h,50,0.3977681287871649,0.25221703290100855,0.7501161616161618,13634,13467,0.0036673023324042832,0.003712779386648845
yandun,0.7,maximum_iou,mean_shift_1h,threshold_4h,50,0.3985934477755286,0.26161981630949066,0.7501161616161618,13634,13467,0.0036673023324042832,0.003712779386648845
yandun,0.3,greedy,mean_shift_2h,mean_shift_4h,6032,0.3620929366300954,0.3217086726653229,0.5151207321360838,10092,6386,0.5977011494252874,0.9445662386470404
yandun,0.3,maximum_iou,mean_shift_2h,mean_shift_4h,6032,0.35900389285406215,0.31972629341016584,0.5151207321360838,10092,6386,0.5977011494252874,0.9445662386470404
yandun,0.5,greedy,mean_shift_2h,mean_shift_4h,3857,0.36973505363818754,0.33252764607296437,0.5648734315616171,10092,6386,0.382183908045977,0.603977450673348
yandun,0.5,maximum_iou,mean_shift_2h,mean_shift_4h,3857,0.3696728457483951,0.3323726641116675,0.5648734315616171,10092,6386,0.382183908045977,0.603977450673348
yandun,0.7,greedy,mean_shift_2h,mean_shift_4h,250,0.40173078313656746,0.31886015010900925,0.7553599658950219,10092,6386,0.02477209671026556,0.03914813654870028
yandun,0.7,maximum_iou,mean_shift_2h,mean_shift_4h,250,0.40173078313656746,0.31886015010900925,0.7553599658950219,10092,6386,0.02477209671026556,0.03914813654870028
yandun,0.3,greedy,mean_shift_2h,opsda_cui2015_1h_0.025,0,,,,10092,10746,0.0,0.0
yandun,0.3,maximum_iou,mean_shift_2h,opsda_cui2015_1h_0.025,0,,,,10092,10746,0.0,0.0
yandun,0.5,greedy,mean_shift_2h,opsda_cui2015_1h_0.025,0,,,,10092,10746,0.0,0.0
yandun,0.5,maximum_iou,mean_shift_2h,opsda_cui2015_1h_0.025,0,,,,10092,10746,0.0,0.0
yandun,0.7,greedy,mean_shift_2h,opsda_cui2015_1h_0.025,0,,,,10092,10746,0.0,0.0
yandun,0.7,maximum_iou,mean_shift_2h,opsda_cui2015_1h_0.025,0,,,,10092,10746,0.0,0.0
yandun,0.3,greedy,mean_shift_2h,opsda_cui2015_2h_0.025,5289,0.3013251912330717,0.2927961650763651,0.39262804064278833,10092,19078,0.5240784780023782,0.27723031764335887
yandun,0.3,maximum_iou,mean_shift_2h,opsda_cui2015_2h_0.025,5388,0.275382290333081,0.27072661210871707,0.39132745605462765,10092,19078,0.5338882282996433,0.28241954083237236
yandun,0.5,greedy,mean_shift_2h,opsda_cui2015_2h_0.025,777,0.33464024005011234,0.3076000924285379,0.5280382423239571,10092,19078,0.07699167657550535,0.040727539574378864
yandun,0.5,maximum_iou,mean_shift_2h,opsda_cui2015_2h_0.025,777,0.32991019221915063,0.30497851374614277,0.5280382423239571,10092,19078,0.07699167657550535,0.040727539574378864
yandun,0.7,greedy,mean_shift_2h,opsda_cui2015_2h_0.025,0,,,,10092,19078,0.0,0.0
yandun,0.7,maximum_iou,mean_shift_2h,opsda_cui2015_2h_0.025,0,,,,10092,19078,0.0,0.0
yandun,0.3,greedy,mean_shift_2h,opsda_cui2015_4h_0.025,8328,0.3314174221722231,0.3162997051033771,0.5363815557965458,10092,27767,0.8252080856123662,0.29992437065581445
yandun,0.3,maximum_iou,mean_shift_2h,opsda_cui2015_4h_0.025,8432,0.3086863863674182,0.2966351341313999,0.5320696560777879,10092,27767,0.8355132778438367,0.30366982389166997
yandun,0.5,greedy,mean_shift_2h,opsda_cui2015_4h_0.025,5137,0.47405637349693686,0.4219608084915686,0.628007359694142,10092,27767,0.5090170432025367,0.18500378146720928
yandun,0.5,maximum_iou,mean_shift_2h,opsda_cui2015_4h_0.025,5137,0.4722533498005351,0.42090417384127793,0.628007359694142,10092,27767,0.5090170432025367,0.18500378146720928
yandun,0.7,greedy,mean_shift_2h,opsda_cui2015_4h_0.025,1422,0.5672816321026927,0.5030489837093618,0.772932154577724,10092,27767,0.14090368608799048,0.05121187020563979
yandun,0.7,maximum_iou,mean_shift_2h,opsda_cui2015_4h_0.025,1422,0.5665448219585167,0.5023628172649941,0.772932154577724,10092,27767,0.14090368608799048,0.05121187020563979
yandun,0.3,greedy,mean_shift_2h,sda_florita2013_0.025,2968,0.287932781395419,0.31011284303592346,0.3925930575342152,10092,16478,0.2940943321442727,0.18011894647408666
yandun,0.3,maximum_iou,mean_shift_2h,sda_florita2013_0.025,2985,0.27658645006910415,0.2953022855971122,0.39213872294118735,10092,16478,0.29577883472057076,0.18115062507585872
yandun,0.5,greedy,mean_shift_2h,sda_florita2013_0.025,529,0.5527364155123873,0.6417514097579278,0.5464501252975621,10092,16478,0.05241775663892192,0.032103410608083506
yandun,0.5,maximum_iou,mean_shift_2h,sda_florita2013_0.025,529,0.5465730817200865,0.6371214002215133,0.5464501252975621,10092,16478,0.05241775663892192,0.032103410608083506
yandun,0.7,greedy,mean_shift_2h,sda_florita2013_0.025,14,1.0,1.0,0.7464285714285713,10092,16478,0.0013872374157748713,0.0008496176720475786
yandun,0.7,maximum_iou,mean_shift_2h,sda_florita2013_0.025,14,1.0,1.0,0.7464285714285713,10092,16478,0.0013872374157748713,0.0008496176720475786
yandun,0.3,greedy,mean_shift_2h,threshold_1h,6520,0.3667984434794059,0.3475655456538774,0.3863267445599493,10092,18648,0.6460562822037257,0.34963534963534965
yandun,0.3,maximum_iou,mean_shift_2h,threshold_1h,6550,0.37396020075090847,0.35319698970119473,0.386033218675279,10092,18648,0.6490289338089575,0.35124410124410127
yandun,0.5,greedy,mean_shift_2h,threshold_1h,814,0.48398577900762596,0.4828865957380529,0.5387568273931911,10092,18648,0.08065794688862465,0.04365079365079365
yandun,0.5,maximum_iou,mean_shift_2h,threshold_1h,814,0.48398577900762596,0.4828865957380529,0.5387568273931911,10092,18648,0.08065794688862465,0.04365079365079365
yandun,0.7,greedy,mean_shift_2h,threshold_1h,20,0.48770093404465203,0.30801248699271594,0.7226875901875902,10092,18648,0.0019817677368212444,0.0010725010725010724
yandun,0.7,maximum_iou,mean_shift_2h,threshold_1h,20,0.48770093404465203,0.30801248699271594,0.7226875901875902,10092,18648,0.0019817677368212444,0.0010725010725010724
yandun,0.3,greedy,mean_shift_2h,threshold_2h,10077,0.455524545068791,0.3856987470936877,0.7121967308251164,10092,16597,0.998513674197384,0.6071579201060433
yandun,0.3,maximum_iou,mean_shift_2h,threshold_2h,10077,0.4540198511416787,0.38513664312189133,0.7121967308251164,10092,16597,0.998513674197384,0.6071579201060433
yandun,0.5,greedy,mean_shift_2h,threshold_2h,9570,0.46035659575384963,0.39086818406030244,0.7279393686123421,10092,16597,0.9482758620689655,0.576610230764596
yandun,0.5,maximum_iou,mean_shift_2h,threshold_2h,9570,0.46022568194039565,0.39073679229534775,0.7279393686123421,10092,16597,0.9482758620689655,0.576610230764596
yandun,0.7,greedy,mean_shift_2h,threshold_2h,6241,0.48309308604347645,0.40927564830293806,0.786599808308466,10092,16597,0.6184106222750694,0.37603181297824906
yandun,0.7,maximum_iou,mean_shift_2h,threshold_2h,6241,0.48309308604347645,0.40927564830293806,0.786599808308466,10092,16597,0.6184106222750694,0.37603181297824906
yandun,0.3,greedy,mean_shift_2h,threshold_4h,9313,0.4054727934734402,0.35993123490241163,0.7094685572724897,10092,13467,0.9228101466508125,0.6915422885572139
yandun,0.3,maximum_iou,mean_shift_2h,threshold_4h,9366,0.39707141519557887,0.3542178829606781,0.7071877559095584,10092,13467,0.9280618311533888,0.6954778347070617
yandun,0.5,greedy,mean_shift_2h,threshold_4h,8636,0.41600358847837793,0.3715774474537543,0.7318160344336913,10092,13467,0.8557273087594134,0.6412712556619886
yandun,0.5,maximum_iou,mean_shift_2h,threshold_4h,8658,0.41176694308173567,0.3690080200661683,0.7310558974633915,10092,13467,0.8579072532699168,0.6429048785921141
yandun,0.7,greedy,mean_shift_2h,threshold_4h,5540,0.4640326045305225,0.42960840769934705,0.7984757728460684,10092,13467,0.5489496630994848,0.41137595604069205
yandun,0.7,maximum_iou,mean_shift_2h,threshold_4h,5540,0.4615703599942289,0.4281550504245087,0.7984757728460684,10092,13467,0.5489496630994848,0.41137595604069205
yandun,0.3,greedy,mean_shift_4h,opsda_cui2015_1h_0.025,0,,,,6386,10746,0.0,0.0
yandun,0.3,maximum_iou,mean_shift_4h,opsda_cui2015_1h_0.025,0,,,,6386,10746,0.0,0.0
yandun,0.5,greedy,mean_shift_4h,opsda_cui2015_1h_0.025,0,,,,6386,10746,0.0,0.0
yandun,0.5,maximum_iou,mean_shift_4h,opsda_cui2015_1h_0.025,0,,,,6386,10746,0.0,0.0
yandun,0.7,greedy,mean_shift_4h,opsda_cui2015_1h_0.025,0,,,,6386,10746,0.0,0.0
yandun,0.7,maximum_iou,mean_shift_4h,opsda_cui2015_1h_0.025,0,,,,6386,10746,0.0,0.0
yandun,0.3,greedy,mean_shift_4h,opsda_cui2015_2h_0.025,0,,,,6386,19078,0.0,0.0
yandun,0.3,maximum_iou,mean_shift_4h,opsda_cui2015_2h_0.025,0,,,,6386,19078,0.0,0.0
yandun,0.5,greedy,mean_shift_4h,opsda_cui2015_2h_0.025,0,,,,6386,19078,0.0,0.0
yandun,0.5,maximum_iou,mean_shift_4h,opsda_cui2015_2h_0.025,0,,,,6386,19078,0.0,0.0
yandun,0.7,greedy,mean_shift_4h,opsda_cui2015_2h_0.025,0,,,,6386,19078,0.0,0.0
yandun,0.7,maximum_iou,mean_shift_4h,opsda_cui2015_2h_0.025,0,,,,6386,19078,0.0,0.0
yandun,0.3,greedy,mean_shift_4h,opsda_cui2015_4h_0.025,2716,0.21137352820260635,0.27964246031046236,0.3631797280943331,6386,27767,0.42530535546507986,0.09781395181330356
yandun,0.3,maximum_iou,mean_shift_4h,opsda_cui2015_4h_0.025,2788,0.17948266882264557,0.23861516720872908,0.36086447118861636,6386,27767,0.43658001879110553,0.10040695789966507
yandun,0.5,greedy,mean_shift_4h,opsda_cui2015_4h_0.025,67,0.4638892137038821,0.37433179955731116,0.5124378109452736,6386,27767,0.010491700595051676,0.00241293621925307
yandun,0.5,maximum_iou,mean_shift_4h,opsda_cui2015_4h_0.025,67,0.4638892137038821,0.37433179955731116,0.5124378109452736,6386,27767,0.010491700595051676,0.00241293621925307
yandun,0.7,greedy,mean_shift_4h,opsda_cui2015_4h_0.025,0,,,,6386,27767,0.0,0.0
yandun,0.7,maximum_iou,mean_shift_4h,opsda_cui2015_4h_0.025,0,,,,6386,27767,0.0,0.0
yandun,0.3,greedy,mean_shift_4h,sda_florita2013_0.025,505,0.19849035282330904,0.296302766710833,0.40828956751059464,6386,16478,0.07907923582837457,0.030646923170287655
yandun,0.3,maximum_iou,mean_shift_4h,sda_florita2013_0.025,506,0.16851999467439002,0.27403927298271213,0.408102505842859,6386,16478,0.07923582837456937,0.030707610146862484
yandun,0.5,greedy,mean_shift_4h,sda_florita2013_0.025,91,0.44707849662438215,0.5450129404738204,0.5366924657238681,6386,16478,0.014249921703726902,0.0055225148683092605
yandun,0.5,maximum_iou,mean_shift_4h,sda_florita2013_0.025,91,0.44707849662438215,0.5450129404738204,0.5366924657238681,6386,16478,0.014249921703726902,0.0055225148683092605
yandun,0.7,greedy,mean_shift_4h,sda_florita2013_0.025,0,,,,6386,16478,0.0,0.0
yandun,0.7,maximum_iou,mean_shift_4h,sda_florita2013_0.025,0,,,,6386,16478,0.0,0.0
yandun,0.3,greedy,mean_shift_4h,threshold_1h,156,0.09239704439254538,0.10051830475553372,0.3285007281322397,6386,18648,0.024428437206388976,0.008365508365508366
yandun,0.3,maximum_iou,mean_shift_4h,threshold_1h,156,0.0820847418217446,0.07774489510431523,0.3285007281322397,6386,18648,0.024428437206388976,0.008365508365508366
yandun,0.5,greedy,mean_shift_4h,threshold_1h,0,,,,6386,18648,0.0,0.0
yandun,0.5,maximum_iou,mean_shift_4h,threshold_1h,0,,,,6386,18648,0.0,0.0
yandun,0.7,greedy,mean_shift_4h,threshold_1h,0,,,,6386,18648,0.0,0.0
yandun,0.7,maximum_iou,mean_shift_4h,threshold_1h,0,,,,6386,18648,0.0,0.0
yandun,0.3,greedy,mean_shift_4h,threshold_2h,5034,0.3225808222385945,0.3605703397443811,0.3942435522561009,6386,16597,0.7882868775446289,0.3033078267156715
yandun,0.3,maximum_iou,mean_shift_4h,threshold_2h,5057,0.32079222047252776,0.3620334942984425,0.39403189730776195,6386,16597,0.7918885061071093,0.30469361932879435
yandun,0.5,greedy,mean_shift_4h,threshold_2h,568,0.46330105991832615,0.5070685111987487,0.5513150425447207,6386,16597,0.08894456623864704,0.034223052358860036
yandun,0.5,maximum_iou,mean_shift_4h,threshold_2h,568,0.46330105991832615,0.5070685111987487,0.5513150425447207,6386,16597,0.08894456623864704,0.034223052358860036
yandun,0.7,greedy,mean_shift_4h,threshold_2h,15,0.5926863514542248,0.4255050505050505,0.7305324795030678,6386,16597,0.002348888192922017,0.0009037777911670784
yandun,0.7,maximum_iou,mean_shift_4h,threshold_2h,15,0.5926863514542248,0.4255050505050505,0.7305324795030678,6386,16597,0.002348888192922017,0.0009037777911670784
yandun,0.3,greedy,mean_shift_4h,threshold_4h,6381,0.3963233273357502,0.3739004639051244,0.6947740211144172,6386,13467,0.999217037269026,0.47382490532412563
yandun,0.3,maximum_iou,mean_shift_4h,threshold_4h,6381,0.3919244539055296,0.3708414706108413,0.6947740211144172,6386,13467,0.999217037269026,0.47382490532412563
yandun,0.5,greedy,mean_shift_4h,threshold_4h,5937,0.41106977772765535,0.38627072114737365,0.7147494918726743,6386,13467,0.9296899467585343,0.44085542437068387
yandun,0.5,maximum_iou,mean_shift_4h,threshold_4h,5937,0.410165709600177,0.385887468215779,0.7147494918726743,6386,13467,0.9296899467585343,0.44085542437068387
yandun,0.7,greedy,mean_shift_4h,threshold_4h,3093,0.4202745119902138,0.388661528700665,0.7910356492530828,6386,13467,0.4843407453805199,0.22967253285809758
yandun,0.7,maximum_iou,mean_shift_4h,threshold_4h,3093,0.4202745119902138,0.388661528700665,0.7910356492530828,6386,13467,0.4843407453805199,0.22967253285809758
yandun,0.3,greedy,opsda_cui2015_1h_0.025,opsda_cui2015_2h_0.025,10740,0.9205889254237178,0.9569199074211286,0.9291899441340782,10746,19078,0.9994416527079844,0.5629520914141943
yandun,0.3,maximum_iou,opsda_cui2015_1h_0.025,opsda_cui2015_2h_0.025,10740,0.9032273567252777,0.9511951341824795,0.9291899441340782,10746,19078,0.9994416527079844,0.5629520914141943
yandun,0.5,greedy,opsda_cui2015_1h_0.025,opsda_cui2015_2h_0.025,10740,0.9205889254237178,0.9569199074211286,0.9291899441340782,10746,19078,0.9994416527079844,0.5629520914141943
yandun,0.5,maximum_iou,opsda_cui2015_1h_0.025,opsda_cui2015_2h_0.025,10740,0.9032273567252777,0.9511951341824795,0.9291899441340782,10746,19078,0.9994416527079844,0.5629520914141943
yandun,0.7,greedy,opsda_cui2015_1h_0.025,opsda_cui2015_2h_0.025,9219,1.0,1.0,1.0,10746,19078,0.8579006141820212,0.4832267533284411
yandun,0.7,maximum_iou,opsda_cui2015_1h_0.025,opsda_cui2015_2h_0.025,9219,1.0,1.0,1.0,10746,19078,0.8579006141820212,0.4832267533284411
yandun,0.3,greedy,opsda_cui2015_1h_0.025,opsda_cui2015_4h_0.025,10672,0.8805519048148744,0.9378320008741693,0.8961050724637685,10746,27767,0.9931137167318072,0.38434112435625023
yandun,0.3,maximum_iou,opsda_cui2015_1h_0.025,opsda_cui2015_4h_0.025,10674,0.8755001108766538,0.9358189254855758,0.8960433452001753,10746,27767,0.9932998324958124,0.3844131523030936
yandun,0.5,greedy,opsda_cui2015_1h_0.025,opsda_cui2015_4h_0.025,10140,0.903860395031323,0.9505199237472792,0.9236193293885602,10746,27767,0.943606923506421,0.3651816904959124
yandun,0.5,maximum_iou,opsda_cui2015_1h_0.025,opsda_cui2015_4h_0.025,10142,0.8970500197437801,0.9477690453978871,0.9235357917570499,10746,27767,0.9437930392704262,0.3652537184427558
yandun,0.7,greedy,opsda_cui2015_1h_0.025,opsda_cui2015_4h_0.025,8591,1.0,1.0,1.0,10746,27767,0.7994602642843849,0.3093960456657183
yandun,0.7,maximum_iou,opsda_cui2015_1h_0.025,opsda_cui2015_4h_0.025,8591,1.0,1.0,1.0,10746,27767,0.7994602642843849,0.3093960456657183
yandun,0.3,greedy,opsda_cui2015_1h_0.025,sda_florita2013_0.025,10746,1.0,1.0,1.0,10746,16478,1.0,0.6521422502730914
yandun,0.3,maximum_iou,opsda_cui2015_1h_0.025,sda_florita2013_0.025,10746,1.0,1.0,1.0,10746,16478,1.0,0.6521422502730914
yandun,0.5,greedy,opsda_cui2015_1h_0.025,sda_florita2013_0.025,10746,1.0,1.0,1.0,10746,16478,1.0,0.6521422502730914
yandun,0.5,maximum_iou,opsda_cui2015_1h_0.025,sda_florita2013_0.025,10746,1.0,1.0,1.0,10746,16478,1.0,0.6521422502730914
yandun,0.7,greedy,opsda_cui2015_1h_0.025,sda_florita2013_0.025,10746,1.0,1.0,1.0,10746,16478,1.0,0.6521422502730914
yandun,0.7,maximum_iou,opsda_cui2015_1h_0.025,sda_florita2013_0.025,10746,1.0,1.0,1.0,10746,16478,1.0,0.6521422502730914
yandun,0.3,greedy,opsda_cui2015_1h_0.025,threshold_1h,9457,0.6477110004079201,0.7591046142259893,0.6881674949772654,10746,18648,0.8800483900986413,0.5071321321321322
yandun,0.3,maximum_iou,opsda_cui2015_1h_0.025,threshold_1h,9501,0.6204533124161944,0.741651370708848,0.6865242255201204,10746,18648,0.884142936906756,0.5094916344916345
yandun,0.5,greedy,opsda_cui2015_1h_0.025,threshold_1h,8432,0.6754808554223358,0.7751995216738625,0.7256087919038585,10746,18648,0.7846640610459706,0.4521664521664522
yandun,0.5,maximum_iou,opsda_cui2015_1h_0.025,threshold_1h,8432,0.6729321802436964,0.7755319715244675,0.7256087919038585,10746,18648,0.7846640610459706,0.4521664521664522
yandun,0.7,greedy,opsda_cui2015_1h_0.025,threshold_1h,2320,1.0,1.0,1.0,10746,18648,0.21589428624604504,0.1244101244101244
yandun,0.7,maximum_iou,opsda_cui2015_1h_0.025,threshold_1h,2320,1.0,1.0,1.0,10746,18648,0.21589428624604504,0.1244101244101244
yandun,0.3,greedy,opsda_cui2015_1h_0.025,threshold_2h,3481,0.44132737441192293,0.5016531467331046,0.4034185578856651,10746,16597,0.32393448725107016,0.20973669940350667
yandun,0.3,maximum_iou,opsda_cui2015_1h_0.025,threshold_2h,3517,0.40547013235922,0.4681908546755702,0.40336460998957435,10746,16597,0.327284571003164,0.21190576610230766
yandun,0.5,greedy,opsda_cui2015_1h_0.025,threshold_2h,981,0.48375268650861963,0.65464255576015,0.5,10746,16597,0.09128978224455611,0.059107067542326926
yandun,0.5,maximum_iou,opsda_cui2015_1h_0.025,threshold_2h,995,0.39512552333602063,0.5785153377576077,0.5,10746,16597,0.09259259259259259,0.059950593480749534
yandun,0.7,greedy,opsda_cui2015_1h_0.025,threshold_2h,0,,,,10746,16597,0.0,0.0
yandun,0.7,maximum_iou,opsda_cui2015_1h_0.025,threshold_2h,0,,,,10746,16597,0.0,0.0
yandun,0.3,greedy,opsda_cui2015_1h_0.025,threshold_4h,0,,,,10746,13467,0.0,0.0
yandun,0.3,maximum_iou,opsda_cui2015_1h_0.025,threshold_4h,0,,,,10746,13467,0.0,0.0
yandun,0.5,greedy,opsda_cui2015_1h_0.025,threshold_4h,0,,,,10746,13467,0.0,0.0
yandun,0.5,maximum_iou,opsda_cui2015_1h_0.025,threshold_4h,0,,,,10746,13467,0.0,0.0
yandun,0.7,greedy,opsda_cui2015_1h_0.025,threshold_4h,0,,,,10746,13467,0.0,0.0
yandun,0.7,maximum_iou,opsda_cui2015_1h_0.025,threshold_4h,0,,,,10746,13467,0.0,0.0
yandun,0.3,greedy,opsda_cui2015_2h_0.025,opsda_cui2015_4h_0.025,18567,0.9330883560642935,0.9689452199512238,0.9496904390021212,19078,27767,0.9732152217213544,0.6686714445204739
yandun,0.3,maximum_iou,opsda_cui2015_2h_0.025,opsda_cui2015_4h_0.025,18666,0.9265766956458196,0.9659360613415268,0.9451746363390527,19078,27767,0.9784044449103679,0.672236827889221
yandun,0.5,greedy,opsda_cui2015_2h_0.025,opsda_cui2015_4h_0.025,18010,0.9488814965210072,0.9773316587619485,0.9671957378176148,19078,27767,0.9440192892336723,0.6486116613245939
yandun,0.5,maximum_iou,opsda_cui2015_2h_0.025,opsda_cui2015_4h_0.025,18264,0.9312845778608029,0.9684195225335426,0.9548620236530881,19078,27767,0.9573330537792222,0.6577592105737026
yandun,0.7,greedy,opsda_cui2015_2h_0.025,opsda_cui2015_4h_0.025,16463,1.0,1.0,1.0,19078,27767,0.8629311248558549,0.5928980444412432
yandun,0.7,maximum_iou,opsda_cui2015_2h_0.025,opsda_cui2015_4h_0.025,16463,1.0,1.0,1.0,19078,27767,0.8629311248558549,0.5928980444412432
yandun,0.3,greedy,opsda_cui2015_2h_0.025,sda_florita2013_0.025,15177,0.9382417449970111,0.9677911511201153,0.9498912828622257,19078,16478,0.7955236397945278,0.92104624347615
yandun,0.3,maximum_iou,opsda_cui2015_2h_0.025,sda_florita2013_0.025,15177,0.9248136560531227,0.9635724382499473,0.9498912828622257,19078,16478,0.7955236397945278,0.92104624347615
yandun,0.5,greedy,opsda_cui2015_2h_0.025,sda_florita2013_0.025,15177,0.9382417449970111,0.9677911511201153,0.9498912828622257,19078,16478,0.7955236397945278,0.92104624347615
yandun,0.5,maximum_iou,opsda_cui2015_2h_0.025,sda_florita2013_0.025,15177,0.9248136560531227,0.9635724382499473,0.9498912828622257,19078,16478,0.7955236397945278,0.92104624347615
yandun,0.7,greedy,opsda_cui2015_2h_0.025,sda_florita2013_0.025,13656,1.0,1.0,1.0,19078,16478,0.7157983017087745,0.8287413521058381
yandun,0.7,maximum_iou,opsda_cui2015_2h_0.025,sda_florita2013_0.025,13656,1.0,1.0,1.0,19078,16478,0.7157983017087745,0.8287413521058381
yandun,0.3,greedy,opsda_cui2015_2h_0.025,threshold_1h,13439,0.5653441400548422,0.6846610991704157,0.698973964663376,19078,18648,0.7044239438096237,0.7206670956670956
yandun,0.3,maximum_iou,opsda_cui2015_2h_0.025,threshold_1h,13447,0.5620026838375795,0.6814510070051779,0.6987341249184039,19078,18648,0.7048432749764126,0.7210960960960962
yandun,0.5,greedy,opsda_cui2015_2h_0.025,threshold_1h,12604,0.5981039014334417,0.713870695256419,0.7196351120581522,19078,18648,0.6606562532760247,0.6758901758901759
yandun,0.5,maximum_iou,opsda_cui2015_2h_0.025,threshold_1h,12606,0.596109131099433,0.7119653721818464,0.7196002659353443,19078,18648,0.660761086067722,0.675997425997426
yandun,0.7,greedy,opsda_cui2015_2h_0.025,threshold_1h,4873,0.7791866883629696,0.8610409267459661,0.9068335727477942,19078,18648,0.25542509697033233,0.2613148863148863
yandun,0.7,maximum_iou,opsda_cui2015_2h_0.025,threshold_1h,4873,0.7791866883629696,0.8610409267459661,0.9068335727477942,19078,18648,0.25542509697033233,0.2613148863148863
yandun,0.3,greedy,opsda_cui2015_2h_0.025,threshold_2h,10282,0.4958673644778475,0.567666108037883,0.5362796241127308,19078,16597,0.5389453821155258,0.61950954991866
yandun,0.3,maximum_iou,opsda_cui2015_2h_0.025,threshold_2h,10384,0.462368714224702,0.5404414265416339,0.5340274584279784,19078,16597,0.5442918544920852,0.6256552388985961
yandun,0.5,greedy,opsda_cui2015_2h_0.025,threshold_2h,6203,0.5434118935801239,0.6111147841134806,0.635471699561656,19078,16597,0.3251389034489989,0.37374224257395916
yandun,0.5,maximum_iou,opsda_cui2015_2h_0.025,threshold_2h,6225,0.5238225165949627,0.597167865895492,0.6343365844329699,19078,16597,0.32629206415766854,0.37506778333433755
yandun,0.7,greedy,opsda_cui2015_2h_0.025,threshold_2h,1609,0.6940259392029479,0.7865154809745845,0.8504972032318212,19078,16597,0.0843379809204319,0.09694523106585527
yandun,0.7,maximum_iou,opsda_cui2015_2h_0.025,threshold_2h,1609,0.6933808795053089,0.7845608457683605,0.8504972032318212,19078,16597,0.0843379809204319,0.09694523106585527
yandun,0.3,greedy,opsda_cui2015_2h_0.025,threshold_4h,2982,0.24732781721143265,0.2922197638644039,0.37318607318607316,19078,13467,0.15630569242058917,0.22143016261973714
yandun,0.3,maximum_iou,opsda_cui2015_2h_0.025,threshold_4h,3041,0.22084719285537946,0.26153468457934226,0.37212963878534416,19078,13467,0.15939825977565783,0.22581124229598276
yandun,0.5,greedy,opsda_cui2015_2h_0.025,threshold_4h,355,0.14715978783330871,0.14818814696869767,0.5,19078,13467,0.018607820526260616,0.026360733645206802
yandun,0.5,maximum_iou,opsda_cui2015_2h_0.025,threshold_4h,358,0.11720723487204725,0.11764843859363461,0.5,19078,13467,0.018765069713806478,0.026583500408405732
yandun,0.7,greedy,opsda_cui2015_2h_0.025,threshold_4h,0,,,,19078,13467,0.0,0.0
yandun,0.7,maximum_iou,opsda_cui2015_2h_0.025,threshold_4h,0,,,,19078,13467,0.0,0.0
yandun,0.3,greedy,opsda_cui2015_4h_0.025,sda_florita2013_0.025,16020,0.8943107474415716,0.9420216652122981,0.9097390167053092,27767,16478,0.5769438542154356,0.9722053647287292
yandun,0.3,maximum_iou,opsda_cui2015_4h_0.025,sda_florita2013_0.025,16031,0.8884599327722756,0.9394970476337074,0.9093102352287683,27767,16478,0.5773400079230742,0.9728729214710523
yandun,0.5,greedy,opsda_cui2015_4h_0.025,sda_florita2013_0.025,15440,0.9120747008780485,0.9525960906786712,0.9298215827781893,27767,16478,0.5560557496308568,0.9370069183153296
yandun,0.5,maximum_iou,opsda_cui2015_4h_0.025,sda_florita2013_0.025,15442,0.9055040159090229,0.9496684773412627,0.9297659136183941,27767,16478,0.5561277775777002,0.9371282922684792
yandun,0.7,greedy,opsda_cui2015_4h_0.025,sda_florita2013_0.025,13183,0.9971001234791161,0.9990174123258405,0.9982878382332226,27767,16478,0.47477221161810784,0.8000364121859449
yandun,0.7,maximum_iou,opsda_cui2015_4h_0.025,sda_florita2013_0.025,13183,0.9964647592279635,0.9988535959734341,0.9982878382332226,27767,16478,0.47477221161810784,0.8000364121859449
yandun,0.3,greedy,opsda_cui2015_4h_0.025,threshold_1h,14391,0.543939259612121,0.6514290874719515,0.6880785279159265,27767,18648,0.5182770915115065,0.7717181467181468
yandun,0.3,maximum_iou,opsda_cui2015_4h_0.025,threshold_1h,14444,0.5330669530445582,0.6430603925489647,0.6864048838865373,27767,18648,0.520185832102856,0.7745602745602745
yandun,0.5,greedy,opsda_cui2015_4h_0.025,threshold_1h,12531,0.6042474124248728,0.7087481255580367,0.7342496640078638,27767,18648,0.4512911009471675,0.671975546975547
yandun,0.5,maximum_iou,opsda_cui2015_4h_0.025,threshold_1h,12533,0.6025051562867512,0.7068869926688173,0.7341989845221316,27767,18648,0.45136312889401087,0.6720827970827971
yandun,0.7,greedy,opsda_cui2015_4h_0.025,threshold_1h,5361,0.761974624442208,0.8426219302039717,0.8994561693358557,27767,18648,0.19307091151366731,0.2874839124839125
yandun,0.7,maximum_iou,opsda_cui2015_4h_0.025,threshold_1h,5361,0.761974624442208,0.8426219302039717,0.8994561693358557,27767,18648,0.19307091151366731,0.2874839124839125
yandun,0.3,greedy,opsda_cui2015_4h_0.025,threshold_2h,13029,0.49791298530240924,0.5730687257144013,0.6425390542629575,27767,16597,0.46922605971116793,0.7850213894077243
yandun,0.3,maximum_iou,opsda_cui2015_4h_0.025,threshold_2h,13112,0.47643440024381156,0.5554912398267964,0.6397888749780709,27767,16597,0.472215219505168,0.7900222931855154
yandun,0.5,greedy,opsda_cui2015_4h_0.025,threshold_2h,10451,0.5623033690242015,0.63500680372323,0.7052498517334422,27767,16597,0.3763820362300573,0.6296921130324757
yandun,0.5,maximum_iou,opsda_cui2015_4h_0.025,threshold_2h,10471,0.5510573753772301,0.6268776512959102,0.7044771737351245,27767,16597,0.377102315698491,0.6308971500873651
yandun,0.7,greedy,opsda_cui2015_4h_0.025,threshold_2h,5186,0.661243936428164,0.7461401887607189,0.8325552297254958,27767,16597,0.18676846616487197,0.3124661083328312
yandun,0.7,maximum_iou,opsda_cui2015_4h_0.025,threshold_2h,5186,0.6612108076361269,0.745564966357737,0.8325552297254958,27767,16597,0.18676846616487197,0.3124661083328312
yandun,0.3,greedy,opsda_cui2015_4h_0.025,threshold_4h,8384,0.3164603127469311,0.3642890077990439,0.4983496399674301,27767,13467,0.301941153167429,0.6225588475532784
yandun,0.3,maximum_iou,opsda_cui2015_4h_0.025,threshold_4h,8549,0.29059246731789806,0.3379342038087392,0.4939053952508884,27767,13467,0.3078834587820074,0.6348110195292196
yandun,0.5,greedy,opsda_cui2015_4h_0.025,threshold_4h,4036,0.40471205848559,0.44489753494061884,0.6185829669724615,27767,13467,0.14535239672993122,0.2996955520902948
yandun,0.5,maximum_iou,opsda_cui2015_4h_0.025,threshold_4h,4054,0.3893461362909271,0.4299111327679626,0.6178360058786797,27767,13467,0.1460006482515216,0.3010321526694884
yandun,0.7,greedy,opsda_cui2015_4h_0.025,threshold_4h,930,0.5652101178130925,0.6531116280708549,0.8028967090257415,27767,13467,0.03349299528216948,0.06905769659166852
yandun,0.7,maximum_iou,opsda_cui2015_4h_0.025,threshold_4h,930,0.5644569014049078,0.6514837080942107,0.8028967090257415,27767,13467,0.03349299528216948,0.06905769659166852
yandun,0.3,greedy,sda_florita2013_0.025,threshold_1h,12957,0.6485478157455505,0.7515838208358733,0.6639683642230525,16478,18648,0.786321155480034,0.6948198198198198
yandun,0.3,maximum_iou,sda_florita2013_0.025,threshold_1h,13012,0.6256075921733216,0.7372460094300727,0.6624913998799642,16478,18648,0.7896589391916494,0.6977691977691978
yandun,0.5,greedy,sda_florita2013_0.025,threshold_1h,11431,0.676060819212018,0.7797017287726328,0.7014446930027372,16478,18648,0.693712829226848,0.612987987987988
yandun,0.5,maximum_iou,sda_florita2013_0.025,threshold_1h,11431,0.6767185942426285,0.781774358932659,0.7014446930027372,16478,18648,0.693712829226848,0.612987987987988
yandun,0.7,greedy,sda_florita2013_0.025,threshold_1h,2987,0.9570055147681239,0.9848810211097365,0.9641430325059381,16478,18648,0.18127199902900837,0.16017803517803517
yandun,0.7,maximum_iou,sda_florita2013_0.025,threshold_1h,2987,0.9570055147681239,0.9848810211097365,0.9641430325059381,16478,18648,0.18127199902900837,0.16017803517803517
yandun,0.3,greedy,sda_florita2013_0.025,threshold_2h,8133,0.49050606561608145,0.5432510269852265,0.4726997569352791,16478,16597,0.49356718048306836,0.4900283183707899
yandun,0.3,maximum_iou,sda_florita2013_0.025,threshold_2h,8170,0.46815875815734903,0.5220846642007559,0.4721198407535619,16478,16597,0.4958125986163369,0.4922576369223354
yandun,0.5,greedy,sda_florita2013_0.025,threshold_2h,3519,0.5506458878732972,0.6391789079896837,0.5989318037271998,16478,16597,0.21355747056681637,0.2120262698077966
yandun,0.5,maximum_iou,sda_florita2013_0.025,threshold_2h,3533,0.5144414606685144,0.6134278219317684,0.598539772803854,16478,16597,0.21440708823886395,0.2128697957462192
yandun,0.7,greedy,sda_florita2013_0.025,threshold_2h,771,0.664156208896469,0.7624853549853929,0.8146670990056207,16478,16597,0.04678965893919165,0.04645417846598783
yandun,0.7,maximum_iou,sda_florita2013_0.025,threshold_2h,771,0.6603292372522064,0.7580337871323214,0.8146670990056207,16478,16597,0.04678965893919165,0.04645417846598783
yandun,0.3,greedy,sda_florita2013_0.025,threshold_4h,2278,0.2603690922486642,0.3325940489762271,0.42980614822155205,16478,13467,0.138244932637456,0.1691542288557214
yandun,0.3,maximum_iou,sda_florita2013_0.025,threshold_4h,2297,0.2539035526362266,0.3191644712277514,0.42845329519264647,16478,13467,0.13939798519237773,0.17056508502264794
yandun,0.5,greedy,sda_florita2013_0.025,threshold_4h,601,0.2574964865459314,0.38145091545726884,0.6154687218929354,16478,13467,0.036472872921471056,0.04462760822751912
yandun,0.5,maximum_iou,sda_florita2013_0.025,threshold_4h,601,0.2582598313196061,0.37537510509466593,0.6154687218929354,16478,13467,0.036472872921471056,0.04462760822751912
yandun,0.7,greedy,sda_florita2013_0.025,threshold_4h,137,0.3773765353789526,0.43872370158133644,0.800980609009806,16478,13467,0.008314115790751305,0.010173015519417836
yandun,0.7,maximum_iou,sda_florita2013_0.025,threshold_4h,137,0.38816667996515664,0.45690462870170145,0.800980609009806,16478,13467,0.008314115790751305,0.010173015519417836
yandun,0.3,greedy,threshold_1h,threshold_2h,13167,0.5457282562956705,0.5411675288862763,0.50509106230512,18648,16597,0.706081081081081,0.7933361450864614
yandun,0.3,maximum_iou,threshold_1h,threshold_2h,13191,0.5342961166133054,0.5345466754477868,0.5048372079785542,18648,16597,0.7073680823680824,0.7947821895523287
yandun,0.5,greedy,threshold_1h,threshold_2h,8421,0.543328917260615,0.5387189303079502,0.5698948009332763,18648,16597,0.45157657657657657,0.5073808519611978
yandun,0.5,maximum_iou,threshold_1h,threshold_2h,8428,0.5315147454376293,0.532053988811156,0.5697833553226295,18648,16597,0.4519519519519519,0.5078026149304091
yandun,0.7,greedy,threshold_1h,threshold_2h,1000,0.6128053439166171,0.62855646706486,0.7740722943722947,18648,16597,0.053625053625053626,0.060251852744471895
yandun,0.7,maximum_iou,threshold_1h,threshold_2h,1000,0.6051616677936669,0.6224205842996727,0.7740722943722947,18648,16597,0.053625053625053626,0.060251852744471895
yandun,0.3,greedy,threshold_1h,threshold_4h,3352,0.34624463822985224,0.3479852517616458,0.36646383825921053,18648,13467,0.17975117975117974,0.24890473008093858
yandun,0.3,maximum_iou,threshold_1h,threshold_4h,3398,0.3204719166912036,0.33154882714876716,0.36569691479067223,18648,13467,0.18221793221793223,0.2523204871166555
yandun,0.5,greedy,threshold_1h,threshold_4h,249,0.2862319090706141,0.2399044606616616,0.5345594145204351,18648,13467,0.013352638352638353,0.01848964134551125
yandun,0.5,maximum_iou,threshold_1h,threshold_4h,249,0.2960562273635349,0.24629357804929522,0.5345594145204351,18648,13467,0.013352638352638353,0.01848964134551125
yandun,0.7,greedy,threshold_1h,threshold_4h,5,0.3586599605575701,-0.08695652173913043,0.7733333333333332,18648,13467,0.0002681252681252681,0.0003712779386648845
yandun,0.7,maximum_iou,threshold_1h,threshold_4h,5,0.39472833517573314,-0.19047619047619047,0.7733333333333332,18648,13467,0.0002681252681252681,0.0003712779386648845
yandun,0.3,greedy,threshold_2h,threshold_4h,11876,0.42622870534360163,0.4196627123641533,0.5403089219559993,16597,13467,0.7155510031933482,0.8818593599168337
yandun,0.3,maximum_iou,threshold_2h,threshold_4h,11962,0.4165302094663615,0.4190897542848822,0.5386050774249884,16597,13467,0.7207326625293727,0.8882453404618698
yandun,0.5,greedy,threshold_2h,threshold_4h,8246,0.42298070126482384,0.40421919074169194,0.6004186346197915,16597,13467,0.4968367777309152,0.6123115764461275
yandun,0.5,maximum_iou,threshold_2h,threshold_4h,8286,0.41332372047698746,0.4001387464605171,0.5995893041871486,16597,13467,0.4992468518406941,0.6152817999554466
yandun,0.7,greedy,threshold_2h,threshold_4h,1291,0.47391922352292537,0.45033858126709,0.776501084966546,16597,13467,0.07778514189311321,0.09586396376327319
yandun,0.7,maximum_iou,threshold_2h,threshold_4h,1291,0.4661645929614213,0.4428750798873615,0.776501084966546,16597,13467,0.07778514189311321,0.09586396376327319
