event_id,turbine,minutes,split,time_start,time_end,direction,label
eef590829560e401cb57,1,60,train,2024-02-17 04:00:00+00:00,2024-02-17 06:00:00+00:00,1,1
9c5a94303722e14ce4d3,1,60,train,2024-02-17 11:00:00+00:00,2024-02-17 14:00:00+00:00,1,2
a48f608c061b303a0057,1,60,train,2024-02-26 22:00:00+00:00,2024-02-27 01:00:00+00:00,1,1
e1e12d413ff0f11cbb78,1,60,train,2024-02-27 20:00:00+00:00,2024-02-28 01:00:00+00:00,1,1
9c6ec00eceafa2a60ac6,1,60,train,2024-02-28 17:00:00+00:00,2024-02-28 19:00:00+00:00,-1,2
1f4c2225a74594ea4906,1,60,train,2024-03-03 14:00:00+00:00,2024-03-03 19:00:00+00:00,1,1
ec52ed8874ba6484e3ef,1,60,train,2024-03-03 20:00:00+00:00,2024-03-03 22:00:00+00:00,-1,2
fada050a4bfa2d75ddd0,1,60,train,2024-03-15 01:00:00+00:00,2024-03-15 05:00:00+00:00,1,1
29884d1a9923168f9434,1,60,train,2024-03-15 21:00:00+00:00,2024-03-16 07:00:00+00:00,-1,2
52f09fdf6a2c48a5b90c,1,60,train,2024-03-16 11:00:00+00:00,2024-03-16 14:00:00+00:00,-1,2
baef6b5880e3006ae97f,1,60,train,2024-03-16 15:00:00+00:00,2024-03-16 17:00:00+00:00,-1,3
e771e5c867074365516d,1,60,train,2024-03-23 19:00:00+00:00,2024-03-23 22:00:00+00:00,1,3
b9e12629c149664c029d,1,60,train,2024-03-25 22:00:00+00:00,2024-03-26 01:00:00+00:00,-1,2
d3b9846e1531aaf94013,1,60,validation,2024-07-08 20:00:00+00:00,2024-07-08 22:00:00+00:00,1,3
f525fcb06099bc783dd8,1,60,validation,2024-07-10 22:00:00+00:00,2024-07-11 01:00:00+00:00,-1,2
fc6aa42a0d1412069469,1,60,test,2024-07-12 13:00:00+00:00,2024-07-12 15:00:00+00:00,1,3
a58a01b6ca9e6445e973,1,60,test,2024-07-13 15:00:00+00:00,2024-07-13 19:00:00+00:00,-1,2
2ebe2f4c633143a39593,1,60,test,2024-07-13 20:00:00+00:00,2024-07-13 22:00:00+00:00,-1,2
f3d852bf093948762861,1,60,test,2024-07-13 23:00:00+00:00,2024-07-14 03:00:00+00:00,1,3
b5b64f96b158175eff4c,1,60,test,2024-07-14 05:00:00+00:00,2024-07-14 08:00:00+00:00,-1,3
48ab18fca1e8fe2b1b4d,1,60,test,2024-07-14 09:00:00+00:00,2024-07-14 14:00:00+00:00,1,1
0bfd62bb89ca588694ef,1,60,test,2024-07-15 08:00:00+00:00,2024-07-15 10:00:00+00:00,-1,2
575699913743663b9310,1,60,test,2024-07-15 11:00:00+00:00,2024-07-15 15:00:00+00:00,-1,0
a84f161c0e6d0c7c869c,1,60,test,2024-07-16 15:00:00+00:00,2024-07-16 19:00:00+00:00,-1,2
442547301c552968996e,1,60,test,2024-07-16 20:00:00+00:00,2024-07-16 22:00:00+00:00,-1,2
f874d676e5a9b60c155f,1,60,test,2024-07-16 23:00:00+00:00,2024-07-17 03:00:00+00:00,1,3
7ab234aa478373753029,1,60,test,2024-07-17 05:00:00+00:00,2024-07-17 08:00:00+00:00,-1,3
666fb899a916b3b0cc53,1,60,test,2024-07-17 13:00:00+00:00,2024-07-17 22:00:00+00:00,-1,2
7af62e52eaa96fa110b5,1,60,test,2024-07-19 10:00:00+00:00,2024-07-19 14:00:00+00:00,-1,0
2e28802d304b437a0597,1,60,test,2024-07-21 06:00:00+00:00,2024-07-21 08:00:00+00:00,-1,2
43a336379bdf86713d37,1,60,test,2024-07-22 06:00:00+00:00,2024-07-22 13:00:00+00:00,-1,2
bc1c675e43075b738e8d,1,60,test,2024-07-22 16:00:00+00:00,2024-07-22 20:00:00+00:00,1,3
f6fbd22f204c37123b36,1,60,test,2024-07-23 10:00:00+00:00,2024-07-23 12:00:00+00:00,-1,0
df295905b7d8a37cc181,1,60,test,2024-07-23 14:00:00+00:00,2024-07-23 16:00:00+00:00,-1,3
557af50a8433957a9187,1,60,test,2024-07-24 03:00:00+00:00,2024-07-24 06:00:00+00:00,-1,3
44a2b402ed24aa57a1b6,1,60,test,2024-07-24 17:00:00+00:00,2024-07-24 19:00:00+00:00,1,2
0b0200efdc3f405871bf,1,60,test,2024-07-24 21:00:00+00:00,2024-07-24 23:00:00+00:00,1,3
5d030b4a8aca1ed639ed,1,60,test,2024-07-25 13:00:00+00:00,2024-07-25 16:00:00+00:00,1,2
f13132128724a6418d00,1,60,test,2024-07-26 00:00:00+00:00,2024-07-26 02:00:00+00:00,1,3
3839903a746ccd313ab0,1,60,test,2024-07-26 16:00:00+00:00,2024-07-26 18:00:00+00:00,1,1
8a4e95de2ec0336b6607,1,60,test,2024-07-26 20:00:00+00:00,2024-07-26 22:00:00+00:00,1,3
1c932fb8a9ade56e4f9b,1,60,test,2024-07-27 04:00:00+00:00,2024-07-27 13:00:00+00:00,-1,1
45e4e6e0de7c7ff48497,1,60,test,2024-07-28 12:00:00+00:00,2024-07-28 15:00:00+00:00,-1,2
44c3eca0f649fdbb82fa,1,60,test,2024-07-28 16:00:00+00:00,2024-07-28 19:00:00+00:00,-1,3
a3fb544895e12c8bfaef,1,60,test,2024-07-28 20:00:00+00:00,2024-07-28 22:00:00+00:00,-1,3
3ab78f6b3c94e3eda229,1,60,test,2024-07-29 08:00:00+00:00,2024-07-29 17:00:00+00:00,-1,0
fe22ef3f505391d03138,1,60,test,2024-07-30 13:00:00+00:00,2024-07-30 16:00:00+00:00,1,1
f6e2edcd2432da12d48f,1,60,test,2024-07-30 17:00:00+00:00,2024-07-30 20:00:00+00:00,1,3
1ebb6e78b5d0cff2cdb9,1,60,test,2024-07-31 03:00:00+00:00,2024-07-31 05:00:00+00:00,-1,3
e85eeaabc336bdea09e1,1,60,test,2024-07-31 09:00:00+00:00,2024-07-31 13:00:00+00:00,1,1
7c8c96d5caa5e521a81b,1,60,test,2024-07-31 17:00:00+00:00,2024-08-01 00:00:00+00:00,-1,0
d78657f277a194fcbda2,1,60,test,2024-08-01 01:00:00+00:00,2024-08-01 03:00:00+00:00,1,2
64432bf30fcd6e3bd447,1,60,test,2024-08-01 06:00:00+00:00,2024-08-01 09:00:00+00:00,1,3
6583fd15290e92b192fe,1,60,test,2024-08-02 07:00:00+00:00,2024-08-02 18:00:00+00:00,-1,2
b103b7ac9e5c0184706c,1,60,test,2024-08-05 08:00:00+00:00,2024-08-05 12:00:00+00:00,-1,2
04bc53add69051edb403,1,60,test,2024-08-05 14:00:00+00:00,2024-08-05 17:00:00+00:00,-1,3
93c55a68add5b556a2e7,1,60,test,2024-08-06 03:00:00+00:00,2024-08-06 05:00:00+00:00,1,3
c90e9583b67880aa85d8,1,60,test,2024-08-07 11:00:00+00:00,2024-08-07 16:00:00+00:00,1,1
24e1cf45fa86de23ccf2,1,60,test,2024-08-07 19:00:00+00:00,2024-08-08 01:00:00+00:00,-1,0
35980ddca395efe43a45,1,60,test,2024-08-08 09:00:00+00:00,2024-08-08 11:00:00+00:00,1,2
7d7aabaf419b847f6b0e,1,60,test,2024-08-08 13:00:00+00:00,2024-08-08 15:00:00+00:00,1,3
93fa445d3834caf29e4a,1,60,test,2024-08-09 04:00:00+00:00,2024-08-09 06:00:00+00:00,1,1
aeb94f6f1dcd039e41dc,1,60,test,2024-08-10 06:00:00+00:00,2024-08-10 10:00:00+00:00,-1,2
f8f7d6aa58b9e4cbd6e2,1,60,test,2024-08-10 14:00:00+00:00,2024-08-10 16:00:00+00:00,-1,3
8cb1106cd8ee44bdc1dc,1,60,test,2024-08-11 15:00:00+00:00,2024-08-11 17:00:00+00:00,1,1
15ccc59b1e0bf6548ae1,1,60,test,2024-08-11 19:00:00+00:00,2024-08-11 21:00:00+00:00,1,3
e54ab4e3c129ebd6d113,1,60,test,2024-08-12 00:00:00+00:00,2024-08-12 04:00:00+00:00,1,2
8db01501ac74fc452646,1,60,test,2024-08-12 07:00:00+00:00,2024-08-12 10:00:00+00:00,1,2
1b2497fed2e94eec3830,1,60,test,2024-08-12 11:00:00+00:00,2024-08-12 15:00:00+00:00,-1,3
96009f4062b7f3b7380b,1,60,test,2024-08-12 22:00:00+00:00,2024-08-13 02:00:00+00:00,1,1
7105875240ef9a2c808e,1,60,test,2024-08-13 03:00:00+00:00,2024-08-13 08:00:00+00:00,-1,0
5835a5bb6a9fe697e1a8,1,60,test,2024-08-13 19:00:00+00:00,2024-08-13 22:00:00+00:00,1,1
342c95be54cd40c5fd6e,1,60,test,2024-08-14 01:00:00+00:00,2024-08-14 03:00:00+00:00,-1,2
a1c684b0629a5f47a980,1,60,test,2024-08-14 05:00:00+00:00,2024-08-14 07:00:00+00:00,-1,3
918bc229baa0e4fb4518,1,60,test,2024-08-14 12:00:00+00:00,2024-08-14 14:00:00+00:00,-1,3
49d49ecd3ec5e9464890,1,60,test,2024-08-15 16:00:00+00:00,2024-08-15 18:00:00+00:00,1,2
e944f888eaf36037b981,1,60,test,2024-08-15 20:00:00+00:00,2024-08-15 22:00:00+00:00,-1,3
7801d75e0eec3c5d15f1,1,60,test,2024-08-16 16:00:00+00:00,2024-08-16 19:00:00+00:00,-1,2
2fdf0f06f3141e958c1b,1,60,test,2024-08-16 20:00:00+00:00,2024-08-16 22:00:00+00:00,-1,3
13123df0511087340f48,1,60,test,2024-08-17 17:00:00+00:00,2024-08-18 01:00:00+00:00,-1,0
c4ad5ab73e4632a2a7d6,2,60,train,2024-02-17 11:00:00+00:00,2024-02-17 14:00:00+00:00,1,2
e8366768b64be6cba8a5,2,60,train,2024-02-26 22:00:00+00:00,2024-02-27 01:00:00+00:00,1,1
930e39592cc37def9949,2,60,train,2024-02-27 20:00:00+00:00,2024-02-28 01:00:00+00:00,1,1
b9bf4146410a7488c9ed,2,60,train,2024-03-03 14:00:00+00:00,2024-03-03 19:00:00+00:00,1,1
f1a5f056c6f52d085a32,2,60,train,2024-03-03 20:00:00+00:00,2024-03-03 22:00:00+00:00,-1,2
33296a2c09ce9c2a9510,2,60,train,2024-03-14 08:00:00+00:00,2024-03-14 12:00:00+00:00,-1,0
08aaa24bb8a797ed289a,2,60,train,2024-03-15 00:00:00+00:00,2024-03-15 05:00:00+00:00,1,1
70fc2a12dacf21083504,2,60,train,2024-03-15 21:00:00+00:00,2024-03-16 07:00:00+00:00,-1,2
43eba8a85fe9a4c570c8,2,60,train,2024-03-16 11:00:00+00:00,2024-03-16 13:00:00+00:00,1,2
8868d007afbab8f2bd8f,2,60,train,2024-03-23 19:00:00+00:00,2024-03-23 22:00:00+00:00,1,3
448db472082aef3ff376,2,60,validation,2024-07-08 20:00:00+00:00,2024-07-08 22:00:00+00:00,1,3
f67d89b3744cb911bf98,2,60,test,2024-07-13 15:00:00+00:00,2024-07-13 19:00:00+00:00,1,1
12c23378085fcceeea43,2,60,test,2024-07-13 20:00:00+00:00,2024-07-14 01:00:00+00:00,-1,0
84e5f577ee6fccd464df,2,60,test,2024-07-14 05:00:00+00:00,2024-07-14 08:00:00+00:00,-1,3
d01a254dc9feab291b45,2,60,test,2024-07-14 10:00:00+00:00,2024-07-14 15:00:00+00:00,1,1
83107e3b0ca8eaa3c794,2,60,test,2024-07-14 17:00:00+00:00,2024-07-14 19:00:00+00:00,1,3
dc237c4fc773d4cfdb94,2,60,test,2024-07-15 08:00:00+00:00,2024-07-15 10:00:00+00:00,-1,2
5d56cbfaf23a7836bd4b,2,60,test,2024-07-15 11:00:00+00:00,2024-07-15 14:00:00+00:00,-1,3
da6504c947017fd514bf,2,60,test,2024-07-16 15:00:00+00:00,2024-07-16 19:00:00+00:00,1,1
e952f06c9b268f6e5259,2,60,test,2024-07-16 20:00:00+00:00,2024-07-17 01:00:00+00:00,-1,0
4a7540fcd6bcfb9e5d1b,2,60,test,2024-07-17 05:00:00+00:00,2024-07-17 08:00:00+00:00,-1,0
e96fa460f3f771f25faf,2,60,test,2024-07-17 14:00:00+00:00,2024-07-17 22:00:00+00:00,-1,0
83720d3da8affef4db30,2,60,test,2024-07-19 06:00:00+00:00,2024-07-19 10:00:00+00:00,1,2
f66932895a95f3a2035b,2,60,test,2024-07-19 11:00:00+00:00,2024-07-19 14:00:00+00:00,0,3
c86c460a026db2a91c5c,2,60,test,2024-07-20 14:00:00+00:00,2024-07-20 16:00:00+00:00,-1,3
312a4a02fb7f63987e61,2,60,test,2024-07-21 08:00:00+00:00,2024-07-21 11:00:00+00:00,-1,0
86572651ba5201552eb1,2,60,test,2024-07-21 12:00:00+00:00,2024-07-21 14:00:00+00:00,1,3
67176b994bf23f0b7c6a,2,60,test,2024-07-22 06:00:00+00:00,2024-07-22 10:00:00+00:00,-1,2
fef3c9ef8e419f45d041,2,60,test,2024-07-22 11:00:00+00:00,2024-07-22 14:00:00+00:00,1,2
7d571969facb1948742f,2,60,test,2024-07-22 16:00:00+00:00,2024-07-22 18:00:00+00:00,1,3
bee895efb0b31d4fc3d2,2,60,test,2024-07-23 12:00:00+00:00,2024-07-23 17:00:00+00:00,-1,0
ba005ed748ecfebfc007,2,60,test,2024-07-23 18:00:00+00:00,2024-07-23 20:00:00+00:00,-1,2
f9bbe00394a7a624abe7,2,60,test,2024-07-25 20:00:00+00:00,2024-07-25 22:00:00+00:00,-1,2
4a35a240a0714479ddba,2,60,test,2024-07-26 00:00:00+00:00,2024-07-26 02:00:00+00:00,-1,3
6ba9686db02e8cad1285,2,60,test,2024-07-26 16:00:00+00:00,2024-07-26 18:00:00+00:00,1,2
27605488599970527c59,2,60,test,2024-07-26 20:00:00+00:00,2024-07-26 22:00:00+00:00,1,3
5337c4cdb8ee49f3ba73,2,60,test,2024-07-27 04:00:00+00:00,2024-07-27 13:00:00+00:00,-1,1
03eff5cce78ef7393a66,2,60,test,2024-07-28 12:00:00+00:00,2024-07-28 15:00:00+00:00,-1,2
a563602341f20c8f292c,2,60,test,2024-07-28 16:00:00+00:00,2024-07-28 19:00:00+00:00,-1,0
6e61b8669f00b072d4db,2,60,test,2024-07-28 20:00:00+00:00,2024-07-28 22:00:00+00:00,-1,3
4bf300e6e7d96cd96fa6,2,60,test,2024-07-29 07:00:00+00:00,2024-07-29 12:00:00+00:00,1,1
2dc4a0258218860aee71,2,60,test,2024-07-29 13:00:00+00:00,2024-07-29 17:00:00+00:00,-1,3
faa05663b4e36871b101,2,60,test,2024-07-30 03:00:00+00:00,2024-07-30 05:00:00+00:00,-1,3
58d2a50ffcc73bc9c87d,2,60,test,2024-07-30 06:00:00+00:00,2024-07-30 09:00:00+00:00,-1,2
8c40e977b73cf317c08c,2,60,test,2024-07-30 10:00:00+00:00,2024-07-30 16:00:00+00:00,1,1
266cf2243a8806969eb2,2,60,test,2024-07-30 17:00:00+00:00,2024-07-30 20:00:00+00:00,0,3
098b64c9b4a7f680235f,2,60,test,2024-07-31 01:00:00+00:00,2024-07-31 04:00:00+00:00,-1,0
6c90cc609639a14921c2,2,60,test,2024-07-31 07:00:00+00:00,2024-07-31 09:00:00+00:00,1,2
152459a4df3fab327879,2,60,test,2024-07-31 18:00:00+00:00,2024-07-31 20:00:00+00:00,-1,0
49a752a32959bb262ee1,2,60,test,2024-07-31 22:00:00+00:00,2024-08-01 03:00:00+00:00,1,1
adfada7e6b4b10560196,2,60,test,2024-08-01 06:00:00+00:00,2024-08-01 09:00:00+00:00,-1,3
5060f776e23e8825be14,2,60,test,2024-08-02 07:00:00+00:00,2024-08-02 09:00:00+00:00,1,1
17e43cb548fecb1cfdc7,2,60,test,2024-08-02 15:00:00+00:00,2024-08-02 17:00:00+00:00,1,3
a95d34116cfd9c62f226,2,60,test,2024-08-05 08:00:00+00:00,2024-08-05 16:00:00+00:00,-1,0
0282be6f1ea4a56b43f4,2,60,test,2024-08-07 11:00:00+00:00,2024-08-07 15:00:00+00:00,1,2
6b5e4d6a01701a5f44b9,2,60,test,2024-08-07 16:00:00+00:00,2024-08-08 00:00:00+00:00,-1,0
7017f0e24f3256e2fbb3,2,60,test,2024-08-08 09:00:00+00:00,2024-08-08 11:00:00+00:00,1,1
e4d38de1493883813e78,2,60,test,2024-08-08 13:00:00+00:00,2024-08-08 15:00:00+00:00,0,3
35b703eacefe777ac98b,2,60,test,2024-08-09 03:00:00+00:00,2024-08-09 07:00:00+00:00,1,2
84f652e9669efb5c85fd,2,60,test,2024-08-09 12:00:00+00:00,2024-08-09 14:00:00+00:00,-1,3
7f1b94fb95dcb3b82de4,2,60,test,2024-08-10 07:00:00+00:00,2024-08-10 09:00:00+00:00,1,2
6c80f94c936dad6444ee,2,60,test,2024-08-10 11:00:00+00:00,2024-08-10 13:00:00+00:00,1,3
232815bbba09dc862272,2,60,test,2024-08-12 00:00:00+00:00,2024-08-12 03:00:00+00:00,1,2
2e06e846ce50436a0f74,2,60,test,2024-08-12 05:00:00+00:00,2024-08-12 16:00:00+00:00,1,1
b50456d17210621a7b1f,2,60,test,2024-08-12 22:00:00+00:00,2024-08-13 02:00:00+00:00,1,1
66b4e851971e88e32c82,2,60,test,2024-08-13 04:00:00+00:00,2024-08-13 08:00:00+00:00,-1,3
25d4209f2a3766cd5489,2,60,test,2024-08-13 19:00:00+00:00,2024-08-13 21:00:00+00:00,1,3
bf9d1b3ac2fbd515d433,2,60,test,2024-08-14 00:00:00+00:00,2024-08-14 03:00:00+00:00,-1,2
8a1465b745addb087e3d,2,60,test,2024-08-14 04:00:00+00:00,2024-08-14 07:00:00+00:00,-1,3
9be78dd80d3195c5e44b,2,60,test,2024-08-14 08:00:00+00:00,2024-08-14 10:00:00+00:00,-1,2
4b43f149518a5db6afc2,2,60,test,2024-08-14 12:00:00+00:00,2024-08-14 14:00:00+00:00,-1,3
4f42abb7248b7a7da932,2,60,test,2024-08-15 16:00:00+00:00,2024-08-15 18:00:00+00:00,-1,2
100157832fd68b068762,2,60,test,2024-08-16 16:00:00+00:00,2024-08-16 19:00:00+00:00,-1,2
814ef45c9108c23ea7a5,2,60,test,2024-08-17 17:00:00+00:00,2024-08-17 20:00:00+00:00,1,1
c4bcc0fd79123bb4a8c2,2,60,test,2024-08-17 22:00:00+00:00,2024-08-18 01:00:00+00:00,-1,3
a890f49d6a8af1f37d99,3,60,train,2024-02-17 04:00:00+00:00,2024-02-17 06:00:00+00:00,1,1
e47aab1f4fa3cca4feed,3,60,train,2024-02-17 12:00:00+00:00,2024-02-17 14:00:00+00:00,1,2
0d720feaeedcf2b97874,3,60,train,2024-02-26 22:00:00+00:00,2024-02-27 00:00:00+00:00,1,1
65d2e33f162a22003bb2,3,60,train,2024-02-27 21:00:00+00:00,2024-02-28 01:00:00+00:00,-1,2
1bfb1b1921ca2b0dd584,3,60,train,2024-03-03 14:00:00+00:00,2024-03-03 19:00:00+00:00,1,1
e321ad056233d9e50661,3,60,train,2024-03-03 20:00:00+00:00,2024-03-03 22:00:00+00:00,-1,2
e713414cc8c47bf8f4fe,3,60,train,2024-03-14 10:00:00+00:00,2024-03-14 12:00:00+00:00,1,3
c306d52bc9eeba5275c7,3,60,train,2024-03-15 02:00:00+00:00,2024-03-15 05:00:00+00:00,1,2
25bfb3c7ea64da0baf94,3,60,train,2024-03-15 21:00:00+00:00,2024-03-16 07:00:00+00:00,-1,2
30a82f7f2b94e2efecfe,3,60,train,2024-03-16 11:00:00+00:00,2024-03-16 13:00:00+00:00,1,2
27e79027fad0e30ee611,3,60,train,2024-03-23 19:00:00+00:00,2024-03-23 22:00:00+00:00,1,3
4e363cd3ad7bc9a5d38d,3,60,train,2024-04-02 02:00:00+00:00,2024-04-02 06:00:00+00:00,-1,3
d64ca5889f4ef046ebcb,3,60,train,2024-04-04 12:00:00+00:00,2024-04-04 16:00:00+00:00,1,2
ec9170551eb42882aae8,3,60,validation,2024-07-08 20:00:00+00:00,2024-07-08 22:00:00+00:00,1,3
c877bed6325bc0329ef7,3,60,test,2024-07-12 13:00:00+00:00,2024-07-12 15:00:00+00:00,1,3
68862f615ccbcbddf4bb,3,60,test,2024-07-13 15:00:00+00:00,2024-07-13 22:00:00+00:00,1,2
acd5ca5954e567cf66f2,3,60,test,2024-07-13 23:00:00+00:00,2024-07-14 01:00:00+00:00,-1,3
7f24bb6016045ebce2a8,3,60,test,2024-07-14 05:00:00+00:00,2024-07-14 07:00:00+00:00,-1,3
34f88e9cdeb3720a5f6c,3,60,test,2024-07-14 10:00:00+00:00,2024-07-14 15:00:00+00:00,1,1
65c5646f1f1eec7a4474,3,60,test,2024-07-15 08:00:00+00:00,2024-07-15 15:00:00+00:00,-1,0
c79e7bbc75d63b5077ea,3,60,test,2024-07-16 15:00:00+00:00,2024-07-16 22:00:00+00:00,1,2
6e48e51af15420f67fd5,3,60,test,2024-07-16 23:00:00+00:00,2024-07-17 01:00:00+00:00,-1,3
1734312aa96e18524dc9,3,60,test,2024-07-17 05:00:00+00:00,2024-07-17 07:00:00+00:00,-1,3
43e07420234110e23906,3,60,test,2024-07-17 12:00:00+00:00,2024-07-17 15:00:00+00:00,1,3
b8c0de8677d3b71a211e,3,60,test,2024-07-19 06:00:00+00:00,2024-07-19 08:00:00+00:00,1,2
c992847532f28b70a895,3,60,test,2024-07-19 12:00:00+00:00,2024-07-19 14:00:00+00:00,0,3
c736cc1e1e58ad5b53e3,3,60,test,2024-07-21 08:00:00+00:00,2024-07-21 10:00:00+00:00,-1,2
efcea9ce17404537bc14,3,60,test,2024-07-21 12:00:00+00:00,2024-07-21 14:00:00+00:00,0,3
6e5689a97480f6ed627d,3,60,test,2024-07-22 06:00:00+00:00,2024-07-22 10:00:00+00:00,1,1
a9dc1fe775b6c0ddfa1b,3,60,test,2024-07-22 15:00:00+00:00,2024-07-22 19:00:00+00:00,-1,3
56302e4e29c5818c9ad2,3,60,test,2024-07-23 08:00:00+00:00,2024-07-23 11:00:00+00:00,-1,2
c8d5e27377263d0e4b50,3,60,test,2024-07-23 12:00:00+00:00,2024-07-23 14:00:00+00:00,-1,3
a0ba91bcb4841eb32583,3,60,test,2024-07-23 23:00:00+00:00,2024-07-24 01:00:00+00:00,-1,2
418229a1f710f5f4b940,3,60,test,2024-07-24 03:00:00+00:00,2024-07-24 05:00:00+00:00,-1,3
727f5980dbfd6b61afec,3,60,test,2024-07-25 13:00:00+00:00,2024-07-25 16:00:00+00:00,1,2
c5f2835dfcf59b3006ec,3,60,test,2024-07-25 20:00:00+00:00,2024-07-25 22:00:00+00:00,-1,2
13cef94fd0bbceacec2e,3,60,test,2024-07-26 00:00:00+00:00,2024-07-26 02:00:00+00:00,-1,3
6aa665a9b6805fda277d,3,60,test,2024-07-26 16:00:00+00:00,2024-07-26 18:00:00+00:00,1,2
0bd00754f204ad56e51e,3,60,test,2024-07-26 20:00:00+00:00,2024-07-26 22:00:00+00:00,0,3
5c43aac0335ae6223dc3,3,60,test,2024-07-27 04:00:00+00:00,2024-07-27 13:00:00+00:00,-1,1
7210e7e35e77b2ba2d70,3,60,test,2024-07-28 12:00:00+00:00,2024-07-28 15:00:00+00:00,-1,2
d85be76be0f0bc983601,3,60,test,2024-07-28 16:00:00+00:00,2024-07-28 19:00:00+00:00,-1,3
4b288e7f42638d952d59,3,60,test,2024-07-29 07:00:00+00:00,2024-07-29 11:00:00+00:00,1,2
b85b041be6de47de14c8,3,60,test,2024-07-29 13:00:00+00:00,2024-07-29 17:00:00+00:00,-1,3
dd680266221e5fccab87,3,60,test,2024-07-30 03:00:00+00:00,2024-07-30 05:00:00+00:00,0,3
b36c7d3d9b1bafb252b4,3,60,test,2024-07-30 06:00:00+00:00,2024-07-30 08:00:00+00:00,1,2
19a87d1565eac476a30a,3,60,test,2024-07-30 10:00:00+00:00,2024-07-30 12:00:00+00:00,0,3
50ed7db9d08ff61242d7,3,60,test,2024-07-30 13:00:00+00:00,2024-07-30 16:00:00+00:00,1,1
562b15af973ff152fd39,3,60,test,2024-07-30 17:00:00+00:00,2024-07-30 20:00:00+00:00,1,3
8052b111512f045d5b05,3,60,test,2024-07-30 23:00:00+00:00,2024-07-31 05:00:00+00:00,-1,0
55f61cbacf4e691e886a,3,60,test,2024-07-31 08:00:00+00:00,2024-07-31 10:00:00+00:00,1,2
e9cab8b5c59fb0b05c45,3,60,test,2024-07-31 18:00:00+00:00,2024-07-31 21:00:00+00:00,-1,3
f5aed269614c6e5be8cf,3,60,test,2024-08-01 07:00:00+00:00,2024-08-01 10:00:00+00:00,-1,3
8b0b99aeccb283c51df9,3,60,test,2024-08-02 07:00:00+00:00,2024-08-02 09:00:00+00:00,1,2
177c3313e6ee347ecd01,3,60,test,2024-08-02 13:00:00+00:00,2024-08-02 18:00:00+00:00,-1,0
70e462bbdc83bbe765fd,3,60,test,2024-08-03 19:00:00+00:00,2024-08-03 21:00:00+00:00,1,2
ec0a5863a2422d8be742,3,60,test,2024-08-03 23:00:00+00:00,2024-08-04 01:00:00+00:00,1,3
6f636225ac61a545e3ea,3,60,test,2024-08-05 08:00:00+00:00,2024-08-05 11:00:00+00:00,-1,2
81d3dd0afab90d770326,3,60,test,2024-08-07 11:00:00+00:00,2024-08-07 16:00:00+00:00,1,1
35dd247fc948f1ba40ef,3,60,test,2024-08-07 20:00:00+00:00,2024-08-08 01:00:00+00:00,-1,3
5c80f2cad42fcdce301b,3,60,test,2024-08-08 09:00:00+00:00,2024-08-08 11:00:00+00:00,1,2
53102f2054816c53a68d,3,60,test,2024-08-08 13:00:00+00:00,2024-08-08 15:00:00+00:00,1,3
6bf2aefb03cca2493e0f,3,60,test,2024-08-10 06:00:00+00:00,2024-08-10 08:00:00+00:00,1,2
9e03d8be6c44ce9cf07c,3,60,test,2024-08-11 16:00:00+00:00,2024-08-11 18:00:00+00:00,-1,2
8ac12f645c23b134cfb2,3,60,test,2024-08-11 20:00:00+00:00,2024-08-11 22:00:00+00:00,-1,3
d4de3c9bcad1f00425e7,3,60,test,2024-08-12 00:00:00+00:00,2024-08-12 04:00:00+00:00,1,2
4d5ae720a368468d115e,3,60,test,2024-08-12 05:00:00+00:00,2024-08-12 10:00:00+00:00,1,1
3c942be4dfd17b5c67a8,3,60,test,2024-08-12 11:00:00+00:00,2024-08-12 14:00:00+00:00,-1,3
86d4baa05350cd32cfbc,3,60,test,2024-08-12 23:00:00+00:00,2024-08-13 03:00:00+00:00,-1,2
abdeefd2af098dae2861,3,60,test,2024-08-13 04:00:00+00:00,2024-08-13 08:00:00+00:00,-1,3
f07e8b39f2c59196a1c9,3,60,test,2024-08-13 23:00:00+00:00,2024-08-14 03:00:00+00:00,1,1
04b0462b32eb8f60fe0b,3,60,test,2024-08-14 04:00:00+00:00,2024-08-14 07:00:00+00:00,-1,3
6daa3814d0c0b7c47652,3,60,test,2024-08-14 08:00:00+00:00,2024-08-14 10:00:00+00:00,1,2
0b93b6ab30b23a721163,3,60,test,2024-08-14 12:00:00+00:00,2024-08-14 14:00:00+00:00,-1,3
2b362c70b05f5ec864e9,3,60,test,2024-08-15 07:00:00+00:00,2024-08-15 09:00:00+00:00,-1,2
b6e6dcf304dd978f318e,3,60,test,2024-08-15 11:00:00+00:00,2024-08-15 13:00:00+00:00,0,3
c34a876b11c3522ed2b0,3,60,test,2024-08-15 16:00:00+00:00,2024-08-15 18:00:00+00:00,-1,2
334e3148bc512e28b043,3,60,test,2024-08-15 20:00:00+00:00,2024-08-15 22:00:00+00:00,-1,3
93087a1589975093e4bc,3,60,test,2024-08-17 17:00:00+00:00,2024-08-18 01:00:00+00:00,-1,2
68d727d0329cc12ce6ca,4,60,train,2024-02-17 04:00:00+00:00,2024-02-17 06:00:00+00:00,1,1
55f277a95406e8a4d5d8,4,60,train,2024-02-17 12:00:00+00:00,2024-02-17 14:00:00+00:00,-1,2
1c7cd5ee66292f285a7d,4,60,train,2024-02-27 20:00:00+00:00,2024-02-28 01:00:00+00:00,1,1
9992a0c9c50355b4f26b,4,60,train,2024-03-03 14:00:00+00:00,2024-03-03 19:00:00+00:00,1,1
031990aad6a05abdec07,4,60,train,2024-03-03 20:00:00+00:00,2024-03-03 22:00:00+00:00,-1,2
fdb02fd5a2a34980ee5b,4,60,train,2024-03-14 10:00:00+00:00,2024-03-14 12:00:00+00:00,1,3
bd90d8cf1f5fd3f390ca,4,60,train,2024-03-15 02:00:00+00:00,2024-03-15 05:00:00+00:00,1,2
dbf5612c04307e165799,4,60,train,2024-03-15 21:00:00+00:00,2024-03-16 07:00:00+00:00,-1,2
1cdcbcbc746806f2686d,4,60,train,2024-03-16 09:00:00+00:00,2024-03-16 13:00:00+00:00,1,2
76d39e1088f358bc3ec7,4,60,train,2024-03-23 19:00:00+00:00,2024-03-23 22:00:00+00:00,1,3
7f0390b28d7a6e9d5a55,4,60,train,2024-04-04 13:00:00+00:00,2024-04-04 16:00:00+00:00,1,2
dd2a155b046156e88171,4,60,validation,2024-07-08 20:00:00+00:00,2024-07-08 22:00:00+00:00,1,3
96f2f5b427079cbd5e87,4,60,test,2024-07-12 13:00:00+00:00,2024-07-12 15:00:00+00:00,1,3
161eab03a510df49b99f,4,60,test,2024-07-13 15:00:00+00:00,2024-07-13 19:00:00+00:00,1,2
6e844b6f9115362ce9ab,4,60,test,2024-07-13 20:00:00+00:00,2024-07-14 02:00:00+00:00,-1,3
b632a72f0000ac8e6901,4,60,test,2024-07-14 05:00:00+00:00,2024-07-14 08:00:00+00:00,1,3
440fac6241a62c3b368f,4,60,test,2024-07-14 10:00:00+00:00,2024-07-14 15:00:00+00:00,1,1
ca55c1e598a499f42384,4,60,test,2024-07-15 08:00:00+00:00,2024-07-15 15:00:00+00:00,-1,0
a94cf744d2791b888cc8,4,60,test,2024-07-16 15:00:00+00:00,2024-07-16 19:00:00+00:00,1,2
d82bbe834e08a5b53e57,4,60,test,2024-07-16 20:00:00+00:00,2024-07-17 02:00:00+00:00,-1,3
8d40811014c67ed06365,4,60,test,2024-07-17 05:00:00+00:00,2024-07-17 08:00:00+00:00,1,3
31c52dcbc4050fa54d39,4,60,test,2024-07-17 15:00:00+00:00,2024-07-17 17:00:00+00:00,1,2
097e64934dffef042734,4,60,test,2024-07-17 19:00:00+00:00,2024-07-17 21:00:00+00:00,-1,3
5ef9b3824bfb8760818a,4,60,test,2024-07-19 08:00:00+00:00,2024-07-19 10:00:00+00:00,1,2
335930fb7a99668817fe,4,60,test,2024-07-19 11:00:00+00:00,2024-07-19 16:00:00+00:00,1,3
c251c8ddde8821d439c6,4,60,test,2024-07-20 10:00:00+00:00,2024-07-20 12:00:00+00:00,1,2
7547776eaf94349075ed,4,60,test,2024-07-21 08:00:00+00:00,2024-07-21 10:00:00+00:00,1,1
191e0c01ef5d92bb8070,4,60,test,2024-07-21 11:00:00+00:00,2024-07-21 14:00:00+00:00,-1,0
8edc00368c5c7e3b4b3b,4,60,test,2024-07-21 23:00:00+00:00,2024-07-22 01:00:00+00:00,-1,3
c60780d1452fda3a81b7,4,60,test,2024-07-22 06:00:00+00:00,2024-07-22 09:00:00+00:00,1,1
5bfc2cf153cae0a8daab,4,60,test,2024-07-22 10:00:00+00:00,2024-07-22 15:00:00+00:00,1,3
dfd66f7501ef95aafcce,4,60,test,2024-07-22 17:00:00+00:00,2024-07-22 19:00:00+00:00,1,3
a211020c763f95722e28,4,60,test,2024-07-23 10:00:00+00:00,2024-07-23 12:00:00+00:00,1,1
e4a64510d398b8b58d80,4,60,test,2024-07-23 15:00:00+00:00,2024-07-23 19:00:00+00:00,1,1
c4b9f340bf37099f17a1,4,60,test,2024-07-23 21:00:00+00:00,2024-07-23 23:00:00+00:00,1,3
0085cb8c951424d5e378,4,60,test,2024-07-25 13:00:00+00:00,2024-07-25 15:00:00+00:00,1,2
d8498e01afa579314299,4,60,test,2024-07-25 20:00:00+00:00,2024-07-25 22:00:00+00:00,-1,2
6fb4aa60957cefe3e26f,4,60,test,2024-07-25 23:00:00+00:00,2024-07-26 01:00:00+00:00,1,3
69148fa1c5d0cacde541,4,60,test,2024-07-26 16:00:00+00:00,2024-07-26 18:00:00+00:00,1,2
8bcceed2788d776e1246,4,60,test,2024-07-26 20:00:00+00:00,2024-07-26 22:00:00+00:00,-1,3
1e6a857c7b9417b7163e,4,60,test,2024-07-27 05:00:00+00:00,2024-07-27 14:00:00+00:00,-1,0
b760db71912fe4cc2b94,4,60,test,2024-07-28 12:00:00+00:00,2024-07-28 20:00:00+00:00,-1,0
c36d2bcbba22e3e8b3cf,4,60,test,2024-07-29 08:00:00+00:00,2024-07-29 12:00:00+00:00,1,2
1a35770bd52f30502162,4,60,test,2024-07-29 13:00:00+00:00,2024-07-29 17:00:00+00:00,-1,3
6a7d00f7837604563051,4,60,test,2024-07-30 13:00:00+00:00,2024-07-30 16:00:00+00:00,1,1
29ef53ad9db48a2d57da,4,60,test,2024-07-30 17:00:00+00:00,2024-07-30 20:00:00+00:00,-1,3
e0e2287277442667632a,4,60,test,2024-07-30 23:00:00+00:00,2024-07-31 02:00:00+00:00,-1,2
51f1f1c749382f9754df,4,60,test,2024-07-31 03:00:00+00:00,2024-07-31 05:00:00+00:00,-1,3
7df3bd66ae086d7c2c7d,4,60,test,2024-07-31 07:00:00+00:00,2024-07-31 10:00:00+00:00,1,2
9cc6542e5f01f7933ef5,4,60,test,2024-07-31 19:00:00+00:00,2024-07-31 22:00:00+00:00,-1,3
e9f72e1bdcbeec6cb3b8,4,60,test,2024-08-02 07:00:00+00:00,2024-08-02 10:00:00+00:00,-1,1
f03e304093a5c2924adb,4,60,test,2024-08-02 11:00:00+00:00,2024-08-02 13:00:00+00:00,-1,2
6aa995f9cfbfd72da0c1,4,60,test,2024-08-02 15:00:00+00:00,2024-08-02 18:00:00+00:00,1,3
7b8b848aef01189cb733,4,60,test,2024-08-05 23:00:00+00:00,2024-08-06 01:00:00+00:00,1,2
efce4c6682a1789cb51f,4,60,test,2024-08-06 03:00:00+00:00,2024-08-06 05:00:00+00:00,1,3
c4c655d449df86fc7d6c,4,60,test,2024-08-07 12:00:00+00:00,2024-08-07 18:00:00+00:00,1,1
a4569333ddde5c96db5a,4,60,test,2024-08-07 19:00:00+00:00,2024-08-08 00:00:00+00:00,-1,0
3b65ad8ca94a0703f668,4,60,test,2024-08-08 09:00:00+00:00,2024-08-08 11:00:00+00:00,1,2
6cca95e81446c8705f87,4,60,test,2024-08-08 13:00:00+00:00,2024-08-08 15:00:00+00:00,0,3
4d0afc122657d47eda56,4,60,test,2024-08-08 16:00:00+00:00,2024-08-08 19:00:00+00:00,1,2
13be2901338851152376,4,60,test,2024-08-08 21:00:00+00:00,2024-08-08 23:00:00+00:00,-1,3
9bb9d592ef695029dcfa,4,60,test,2024-08-09 03:00:00+00:00,2024-08-09 05:00:00+00:00,-1,2
94527b660a61b0052270,4,60,test,2024-08-12 01:00:00+00:00,2024-08-12 04:00:00+00:00,1,2
79bbae7740abbf23f585,4,60,test,2024-08-12 05:00:00+00:00,2024-08-12 16:00:00+00:00,-1,1
cae34dcfdf3eac01fd63,4,60,test,2024-08-12 22:00:00+00:00,2024-08-13 02:00:00+00:00,1,1
8d163c2b4cc13ad08f03,4,60,test,2024-08-13 04:00:00+00:00,2024-08-13 08:00:00+00:00,-1,3
f74c07bf574eefad7d8d,4,60,test,2024-08-14 00:00:00+00:00,2024-08-14 03:00:00+00:00,-1,0
b0ea519629285b89cfce,4,60,test,2024-08-14 04:00:00+00:00,2024-08-14 06:00:00+00:00,1,3
4af9b73ee4e88e11609d,4,60,test,2024-08-14 08:00:00+00:00,2024-08-14 10:00:00+00:00,-1,2
a7b3628ae79a6c2d6213,4,60,test,2024-08-14 12:00:00+00:00,2024-08-14 14:00:00+00:00,-1,3
9bc7a083fe7f16dac323,5,60,train,2024-02-17 03:00:00+00:00,2024-02-17 06:00:00+00:00,1,2
be6aeadf981cc05cd9c3,5,60,train,2024-02-17 11:00:00+00:00,2024-02-17 15:00:00+00:00,1,2
9c89a734ef828466239c,5,60,train,2024-02-27 01:00:00+00:00,2024-02-27 03:00:00+00:00,1,2
200422da708726c8ef94,5,60,train,2024-02-27 20:00:00+00:00,2024-02-28 01:00:00+00:00,1,1
c8700d9467deafa58e9d,5,60,train,2024-02-28 18:00:00+00:00,2024-02-28 21:00:00+00:00,-1,0
9eb25dc15c46a624b8db,5,60,train,2024-02-28 22:00:00+00:00,2024-02-29 00:00:00+00:00,-1,3
6f17e3789c63fe01ea41,5,60,train,2024-03-03 14:00:00+00:00,2024-03-03 19:00:00+00:00,1,1
9d60b1da8d8118453426,5,60,train,2024-03-03 20:00:00+00:00,2024-03-03 22:00:00+00:00,-1,2
bbe5842e869c10f71b58,5,60,train,2024-03-14 10:00:00+00:00,2024-03-14 12:00:00+00:00,1,3
c7816971eabde1eadf49,5,60,train,2024-03-15 21:00:00+00:00,2024-03-16 06:00:00+00:00,-1,2
cb508ddaee055edf7033,5,60,train,2024-03-16 11:00:00+00:00,2024-03-16 13:00:00+00:00,1,2
10d79aacd4cd910f6f5a,5,60,train,2024-03-23 19:00:00+00:00,2024-03-23 22:00:00+00:00,1,3
eaa7b330bca4d7a2550e,5,60,train,2024-03-23 23:00:00+00:00,2024-03-24 01:00:00+00:00,-1,2
4da21bad4bc441e53742,5,60,train,2024-04-02 02:00:00+00:00,2024-04-02 06:00:00+00:00,-1,3
fc8f90aaa204cd052e51,5,60,validation,2024-07-08 20:00:00+00:00,2024-07-08 22:00:00+00:00,1,3
5294b7cf64e329d89050,5,60,validation,2024-07-08 23:00:00+00:00,2024-07-09 01:00:00+00:00,-1,2
4c93e9caa717c942f228,5,60,test,2024-07-12 13:00:00+00:00,2024-07-12 15:00:00+00:00,1,3
c336e91eab5942224efd,5,60,test,2024-07-13 15:00:00+00:00,2024-07-13 19:00:00+00:00,-1,2
543341cbc466c60160c3,5,60,test,2024-07-13 20:00:00+00:00,2024-07-13 22:00:00+00:00,1,2
b2a19f8e4a4f36cc512d,5,60,test,2024-07-13 23:00:00+00:00,2024-07-14 01:00:00+00:00,1,3
266adfd2cfa558313bf5,5,60,test,2024-07-14 04:00:00+00:00,2024-07-14 07:00:00+00:00,-1,3
dc2c958085f2612bc8dc,5,60,test,2024-07-14 10:00:00+00:00,2024-07-14 18:00:00+00:00,1,1
547a1600f6ae41892eeb,5,60,test,2024-07-15 08:00:00+00:00,2024-07-15 10:00:00+00:00,1,2
4070c8241315b119e92a,5,60,test,2024-07-15 11:00:00+00:00,2024-07-15 15:00:00+00:00,-1,0
586aae889b02a7ddd18c,5,60,test,2024-07-16 15:00:00+00:00,2024-07-16 19:00:00+00:00,-1,2
3e953b5783c215d5dba3,5,60,test,2024-07-16 20:00:00+00:00,2024-07-16 22:00:00+00:00,1,2
eef1e266de3ca1a23812,5,60,test,2024-07-16 23:00:00+00:00,2024-07-17 01:00:00+00:00,1,3
b7be59897424a1f03213,5,60,test,2024-07-17 04:00:00+00:00,2024-07-17 07:00:00+00:00,-1,3
4bfa0aea3555265ac43a,5,60,test,2024-07-17 14:00:00+00:00,2024-07-17 17:00:00+00:00,1,2
7264d4a6f6fa7b09940e,5,60,test,2024-07-17 18:00:00+00:00,2024-07-17 21:00:00+00:00,1,3
0e4020642208e45ef12e,5,60,test,2024-07-18 14:00:00+00:00,2024-07-18 16:00:00+00:00,1,2
901cf310c0c2299683ee,5,60,test,2024-07-18 18:00:00+00:00,2024-07-18 20:00:00+00:00,0,3
2a9b9cc40c5e071e4c85,5,60,test,2024-07-19 06:00:00+00:00,2024-07-19 09:00:00+00:00,1,2
5d72cb0ee644776589f8,5,60,test,2024-07-19 10:00:00+00:00,2024-07-19 16:00:00+00:00,-1,0
0aa1d0b69b6aac684cd5,5,60,test,2024-07-19 18:00:00+00:00,2024-07-19 20:00:00+00:00,0,3
1c1442d0ea6347e96de2,5,60,test,2024-07-21 06:00:00+00:00,2024-07-21 10:00:00+00:00,1,1
4230e87fc94231fdc1a4,5,60,test,2024-07-21 11:00:00+00:00,2024-07-21 14:00:00+00:00,-1,3
3c67b80dd2516471793e,5,60,test,2024-07-22 06:00:00+00:00,2024-07-22 10:00:00+00:00,-1,1
c31ec1d6e0d8dcd06061,5,60,test,2024-07-22 11:00:00+00:00,2024-07-22 14:00:00+00:00,1,3
56045dc20c806d0e25ec,5,60,test,2024-07-22 16:00:00+00:00,2024-07-22 19:00:00+00:00,-1,3
cc76e997df349e27baf4,5,60,test,2024-07-23 09:00:00+00:00,2024-07-23 11:00:00+00:00,-1,2
40db3e4bf11b496ba8c9,5,60,test,2024-07-23 12:00:00+00:00,2024-07-23 15:00:00+00:00,-1,0
8e60e385a1a947a86a76,5,60,test,2024-07-23 16:00:00+00:00,2024-07-23 18:00:00+00:00,1,1
82ad74bbe486ecb05c10,5,60,test,2024-07-24 03:00:00+00:00,2024-07-24 05:00:00+00:00,-1,3
07760856520c08d75f88,5,60,test,2024-07-24 18:00:00+00:00,2024-07-24 20:00:00+00:00,-1,2
aa737b0bfd2d5ffa40ea,5,60,test,2024-07-24 22:00:00+00:00,2024-07-25 00:00:00+00:00,-1,3
998c027348bc8d317aec,5,60,test,2024-07-25 14:00:00+00:00,2024-07-25 16:00:00+00:00,1,2
ca2b97274f0b9b237166,5,60,test,2024-07-26 16:00:00+00:00,2024-07-26 18:00:00+00:00,1,2
48a8940ade47cb8b6640,5,60,test,2024-07-26 20:00:00+00:00,2024-07-26 22:00:00+00:00,-1,3
dede6f0bc0231e608deb,5,60,test,2024-07-27 04:00:00+00:00,2024-07-27 13:00:00+00:00,-1,1
783ef23ede95c748671a,5,60,test,2024-07-27 15:00:00+00:00,2024-07-27 17:00:00+00:00,-1,3
d8128c7a3a01c9595435,5,60,test,2024-07-28 12:00:00+00:00,2024-07-28 15:00:00+00:00,-1,2
db172442878c29faaa44,5,60,test,2024-07-28 16:00:00+00:00,2024-07-28 19:00:00+00:00,-1,3
747cc7651281c21fab1e,5,60,test,2024-07-29 09:00:00+00:00,2024-07-29 12:00:00+00:00,1,1
36d01a72342549ebdb49,5,60,test,2024-07-29 13:00:00+00:00,2024-07-29 16:00:00+00:00,-1,3
b4162160edf96092488c,5,60,test,2024-07-30 13:00:00+00:00,2024-07-30 21:00:00+00:00,-1,2
b0e66c677d8957ffc33a,5,60,test,2024-07-31 01:00:00+00:00,2024-07-31 03:00:00+00:00,1,1
9826a5afa95ac3949765,5,60,test,2024-07-31 09:00:00+00:00,2024-07-31 13:00:00+00:00,1,1
3e39fddfd4a63fccd828,5,60,test,2024-07-31 19:00:00+00:00,2024-07-31 23:00:00+00:00,-1,3
c7b247dbab302f8cb6da,5,60,test,2024-08-01 01:00:00+00:00,2024-08-01 04:00:00+00:00,1,2
9b1547a4c258655f1192,5,60,test,2024-08-01 07:00:00+00:00,2024-08-01 10:00:00+00:00,1,3
57266609d09e4a6f8870,5,60,test,2024-08-02 07:00:00+00:00,2024-08-02 09:00:00+00:00,1,2
b339a0693f51b8e554f6,5,60,test,2024-08-05 09:00:00+00:00,2024-08-05 11:00:00+00:00,-1,2
7d1b399723eacd4b2d31,5,60,test,2024-08-05 13:00:00+00:00,2024-08-05 15:00:00+00:00,-1,0
6ef925ce6a08372a27ec,5,60,test,2024-08-07 11:00:00+00:00,2024-08-07 16:00:00+00:00,1,1
72399d385f94e3d7e7c6,5,60,test,2024-08-07 19:00:00+00:00,2024-08-08 00:00:00+00:00,-1,0
9cab465aecad0fd49c6a,5,60,test,2024-08-08 09:00:00+00:00,2024-08-08 11:00:00+00:00,1,2
632ca9aa619a5062bf80,5,60,test,2024-08-08 13:00:00+00:00,2024-08-08 15:00:00+00:00,0,3
aa4d2f97af35c79b1183,5,60,test,2024-08-08 16:00:00+00:00,2024-08-08 19:00:00+00:00,1,1
e193b1c2b852a4dfcb6b,5,60,test,2024-08-08 21:00:00+00:00,2024-08-08 23:00:00+00:00,-1,3
d614faf81edbaefc81d0,5,60,test,2024-08-09 03:00:00+00:00,2024-08-09 07:00:00+00:00,1,2
64e2511eef236111701a,5,60,test,2024-08-09 09:00:00+00:00,2024-08-09 11:00:00+00:00,0,3
6e896c83dfcb5171e314,5,60,test,2024-08-12 07:00:00+00:00,2024-08-12 10:00:00+00:00,-1,0
7eccdddcb02b5438dfd8,5,60,test,2024-08-12 11:00:00+00:00,2024-08-12 15:00:00+00:00,-1,3
5bc9b4cc59ee67742946,5,60,test,2024-08-12 23:00:00+00:00,2024-08-13 03:00:00+00:00,-1,2
d8430f098b1178dcbd3b,5,60,test,2024-08-13 04:00:00+00:00,2024-08-13 09:00:00+00:00,-1,0
a8d59417f7c92f2bd0df,5,60,test,2024-08-13 19:00:00+00:00,2024-08-13 21:00:00+00:00,1,1
dcfa15e37d95f601499b,5,60,test,2024-08-14 01:00:00+00:00,2024-08-14 03:00:00+00:00,-1,2
a6fdb93de602a62ef5b4,5,60,test,2024-08-14 04:00:00+00:00,2024-08-14 07:00:00+00:00,-1,3
6adaf219b027740f9d69,5,60,test,2024-08-14 12:00:00+00:00,2024-08-14 14:00:00+00:00,-1,3
b73e72daeca0b401cc43,5,60,test,2024-08-15 16:00:00+00:00,2024-08-15 18:00:00+00:00,1,2
41c176b6a5523796bba4,5,60,test,2024-08-17 17:00:00+00:00,2024-08-17 20:00:00+00:00,1,2
54a553b2773008d23916,6,60,train,2024-02-17 01:00:00+00:00,2024-02-17 04:00:00+00:00,1,1
7abde19d7c8c916bd688,6,60,train,2024-02-17 07:00:00+00:00,2024-02-17 09:00:00+00:00,-1,0
9abf492e25fe103d1c23,6,60,train,2024-02-17 12:00:00+00:00,2024-02-17 14:00:00+00:00,-1,2
aefe9747e43d3354dc4e,6,60,train,2024-02-17 23:00:00+00:00,2024-02-18 04:00:00+00:00,-1,0
cedadf5e679d252f75a9,6,60,train,2024-02-27 18:00:00+00:00,2024-02-28 01:00:00+00:00,1,1
848cd3559943e36c7571,6,60,train,2024-03-03 14:00:00+00:00,2024-03-03 17:00:00+00:00,-1,2
459a779bce550c850102,6,60,train,2024-03-04 19:00:00+00:00,2024-03-04 21:00:00+00:00,1,3
9b52533e2bfbd5b3d629,6,60,train,2024-03-04 22:00:00+00:00,2024-03-05 01:00:00+00:00,-1,2
457541adae439a7e3a12,6,60,train,2024-03-11 22:00:00+00:00,2024-03-12 01:00:00+00:00,1,2
c256926af960d4e1e280,6,60,train,2024-03-14 08:00:00+00:00,2024-03-14 11:00:00+00:00,-1,0
5c184ff68e5a90dc60ae,6,60,train,2024-03-15 21:00:00+00:00,2024-03-16 02:00:00+00:00,1,1
fa3a2717abb88d523fe2,6,60,train,2024-03-16 03:00:00+00:00,2024-03-16 07:00:00+00:00,1,3
3a494ba62be59e4a3f3d,6,60,test,2024-07-12 18:00:00+00:00,2024-07-12 21:00:00+00:00,-1,3
61eb28966355f232067e,6,60,test,2024-07-13 15:00:00+00:00,2024-07-13 19:00:00+00:00,1,2
c67beb0f4413c88396dd,6,60,test,2024-07-13 21:00:00+00:00,2024-07-14 02:00:00+00:00,-1,0
68c8f92ceae29ec2a0ec,6,60,test,2024-07-14 05:00:00+00:00,2024-07-14 07:00:00+00:00,-1,3
2fec14f824942a2b6e51,6,60,test,2024-07-14 11:00:00+00:00,2024-07-14 15:00:00+00:00,1,2
01a82184bc4432e3f747,6,60,test,2024-07-15 10:00:00+00:00,2024-07-15 12:00:00+00:00,-1,3
f912a8798e437f54fac3,6,60,test,2024-07-15 18:00:00+00:00,2024-07-15 21:00:00+00:00,-1,3
62a4cb56bba8021bc5df,6,60,test,2024-07-16 15:00:00+00:00,2024-07-16 19:00:00+00:00,1,2
497b73878e6f559284a3,6,60,test,2024-07-16 21:00:00+00:00,2024-07-17 02:00:00+00:00,-1,0
7dd61123769a61dd094d,6,60,test,2024-07-17 05:00:00+00:00,2024-07-17 07:00:00+00:00,-1,3
9c0b45686622d72b8227,6,60,test,2024-07-17 14:00:00+00:00,2024-07-17 17:00:00+00:00,-1,2
b131c7e59b1cf4f1a676,6,60,test,2024-07-17 18:00:00+00:00,2024-07-17 21:00:00+00:00,1,3
ca606f4fa1654dccbbf6,6,60,test,2024-07-19 06:00:00+00:00,2024-07-19 13:00:00+00:00,-1,0
fd46037b77b329d42184,6,60,test,2024-07-20 13:00:00+00:00,2024-07-20 15:00:00+00:00,1,3
4bea1e3e50795925c8ac,6,60,test,2024-07-21 20:00:00+00:00,2024-07-21 22:00:00+00:00,-1,3
ae76ce97c4aa67f6e81e,6,60,test,2024-07-22 06:00:00+00:00,2024-07-22 13:00:00+00:00,-1,2
2739e0b3d1ef6f1b3495,6,60,test,2024-07-22 14:00:00+00:00,2024-07-22 18:00:00+00:00,-1,3
79cc0a5e25ad57485779,6,60,test,2024-07-23 21:00:00+00:00,2024-07-24 00:00:00+00:00,1,3
ed73fe599fc9cff4593d,6,60,test,2024-07-26 03:00:00+00:00,2024-07-26 05:00:00+00:00,-1,3
6991317e674fe408f5bd,6,60,test,2024-07-27 04:00:00+00:00,2024-07-27 08:00:00+00:00,1,1
8cd7deba6f91394bb95b,6,60,test,2024-07-27 09:00:00+00:00,2024-07-27 13:00:00+00:00,1,3
28c24568eb35945e7ca8,6,60,test,2024-07-28 12:00:00+00:00,2024-07-28 14:00:00+00:00,-1,0
18ff7b1ca157a4bde7e8,6,60,test,2024-07-29 08:00:00+00:00,2024-07-29 12:00:00+00:00,1,1
506e9a0f09ec87a27902,6,60,test,2024-07-29 13:00:00+00:00,2024-07-29 17:00:00+00:00,-1,3
cb8ff0bfa8c87ce2a639,6,60,test,2024-07-30 07:00:00+00:00,2024-07-30 11:00:00+00:00,1,2
de0bf04d11eac2cffb97,6,60,test,2024-07-30 17:00:00+00:00,2024-07-30 20:00:00+00:00,1,3
fdc7fe63bc1f238d6a8f,6,60,test,2024-07-31 07:00:00+00:00,2024-07-31 09:00:00+00:00,1,2
b63478364dc02d5421e5,6,60,test,2024-07-31 19:00:00+00:00,2024-07-31 22:00:00+00:00,1,3
ee793b559fb69d8474ac,6,60,test,2024-08-01 01:00:00+00:00,2024-08-01 03:00:00+00:00,1,1
77b02c8e309d44a93f81,6,60,test,2024-08-01 06:00:00+00:00,2024-08-01 11:00:00+00:00,-1,0
8d1345526b8b8847824d,6,60,test,2024-08-02 06:00:00+00:00,2024-08-02 09:00:00+00:00,1,2
e96094af39787382f7fa,6,60,test,2024-08-02 14:00:00+00:00,2024-08-02 18:00:00+00:00,1,3
84028e4b14673a1fb653,6,60,test,2024-08-05 08:00:00+00:00,2024-08-05 11:00:00+00:00,-1,2
a4be21821182f1f0a90f,6,60,test,2024-08-05 15:00:00+00:00,2024-08-05 18:00:00+00:00,-1,3
a6732d780c858c6f02d5,6,60,test,2024-08-06 23:00:00+00:00,2024-08-07 01:00:00+00:00,-1,2
f5a42322e5e85bfeea56,6,60,test,2024-08-07 03:00:00+00:00,2024-08-07 05:00:00+00:00,-1,3
628492ed67fe26949729,6,60,test,2024-08-07 13:00:00+00:00,2024-08-07 15:00:00+00:00,-1,2
4fdfdd90d2557e89fbfd,6,60,test,2024-08-07 20:00:00+00:00,2024-08-08 00:00:00+00:00,-1,3
75d9843a00b42365822f,6,60,test,2024-08-08 08:00:00+00:00,2024-08-08 10:00:00+00:00,1,2
6212cc08b21edc5db8c4,6,60,test,2024-08-08 12:00:00+00:00,2024-08-08 15:00:00+00:00,0,3
388b1c627ee88a23db3e,6,60,test,2024-08-08 16:00:00+00:00,2024-08-08 18:00:00+00:00,1,2
f9d3b2cb8fbbec0f7ed2,6,60,test,2024-08-08 20:00:00+00:00,2024-08-08 22:00:00+00:00,-1,3
126f470aae59b3fe45fa,6,60,test,2024-08-09 03:00:00+00:00,2024-08-09 05:00:00+00:00,1,2
0b3cced604c195b9dd32,6,60,test,2024-08-12 05:00:00+00:00,2024-08-12 14:00:00+00:00,-1,1
99e749e4ad0a547127f9,6,60,test,2024-08-12 23:00:00+00:00,2024-08-13 01:00:00+00:00,1,2
89e9b1c10d1dc8aab43e,6,60,test,2024-08-13 04:00:00+00:00,2024-08-13 08:00:00+00:00,-1,0
513a8494e0a0b9174703,6,60,test,2024-08-13 23:00:00+00:00,2024-08-14 07:00:00+00:00,-1,0
44c291df368c04cd39ac,6,60,test,2024-08-14 08:00:00+00:00,2024-08-14 10:00:00+00:00,-1,2
9601a4ba76218b4bf017,6,60,test,2024-08-14 12:00:00+00:00,2024-08-14 14:00:00+00:00,-1,3
236f20cc81e9193f917e,6,60,test,2024-08-15 07:00:00+00:00,2024-08-15 09:00:00+00:00,-1,2
e1e321dc9ad679c2111b,6,60,test,2024-08-16 23:00:00+00:00,2024-08-17 01:00:00+00:00,1,2
5336a13086cee3fa0fab,6,60,test,2024-08-17 03:00:00+00:00,2024-08-17 05:00:00+00:00,1,3
6fcfc7d675038af0e2bd,6,60,test,2024-08-17 17:00:00+00:00,2024-08-17 19:00:00+00:00,1,2
561c2246e32d39c7dfa3,7,60,train,2024-02-17 03:00:00+00:00,2024-02-17 06:00:00+00:00,1,2
495557fffc2079390417,7,60,train,2024-02-17 07:00:00+00:00,2024-02-17 09:00:00+00:00,-1,3
36226acdaf9f621552c5,7,60,train,2024-02-17 11:00:00+00:00,2024-02-17 13:00:00+00:00,1,2
3390f7a309a64d493c9a,7,60,train,2024-02-26 22:00:00+00:00,2024-02-27 03:00:00+00:00,1,1
2fab4afb9980964f5875,7,60,train,2024-02-27 20:00:00+00:00,2024-02-28 01:00:00+00:00,1,1
5f93d572e9f77d4ddb2a,7,60,train,2024-02-28 15:00:00+00:00,2024-02-28 18:00:00+00:00,1,2
2e837daad409ff71df5e,7,60,train,2024-02-28 20:00:00+00:00,2024-02-29 00:00:00+00:00,-1,3
fab7e0fac950e2247630,7,60,train,2024-03-03 14:00:00+00:00,2024-03-03 16:00:00+00:00,1,1
d5ceb4882f79c035b123,7,60,train,2024-03-03 17:00:00+00:00,2024-03-03 22:00:00+00:00,1,1
0fe8c9ab5c76b2cef2bc,7,60,train,2024-03-04 22:00:00+00:00,2024-03-05 00:00:00+00:00,1,2
20cf95383731f2b6ab80,7,60,train,2024-03-14 06:00:00+00:00,2024-03-14 09:00:00+00:00,-1,2
a6d22c01809a897d6279,7,60,train,2024-03-14 10:00:00+00:00,2024-03-14 12:00:00+00:00,1,3
1f27379199622d951712,7,60,train,2024-03-15 21:00:00+00:00,2024-03-16 06:00:00+00:00,-1,2
a3daef4107550c0cce0a,7,60,train,2024-03-16 07:00:00+00:00,2024-03-16 09:00:00+00:00,-1,3
6d54b4e61ddb5bab49af,7,60,train,2024-03-16 11:00:00+00:00,2024-03-16 13:00:00+00:00,1,2
7356147c44d0dc70bb8d,7,60,train,2024-03-23 19:00:00+00:00,2024-03-23 22:00:00+00:00,1,3
d4a717b48d882e45a491,7,60,train,2024-03-23 23:00:00+00:00,2024-03-24 01:00:00+00:00,-1,2
2b549422ad982e4502ef,7,60,train,2024-04-02 01:00:00+00:00,2024-04-02 06:00:00+00:00,-1,3
4f8ff188846fd7586b14,7,60,validation,2024-07-08 20:00:00+00:00,2024-07-08 22:00:00+00:00,1,3
e099aea185c116511887,7,60,validation,2024-07-08 23:00:00+00:00,2024-07-09 01:00:00+00:00,-1,2
10f218a68164408b95d7,7,60,test,2024-07-12 13:00:00+00:00,2024-07-12 15:00:00+00:00,1,3
dd73c26d50d6c71a9a9a,7,60,test,2024-07-13 15:00:00+00:00,2024-07-13 19:00:00+00:00,-1,2
9e94830c39d5e453e13c,7,60,test,2024-07-13 23:00:00+00:00,2024-07-14 02:00:00+00:00,1,3
b0e5aa042920f2ed1cb7,7,60,test,2024-07-14 05:00:00+00:00,2024-07-14 07:00:00+00:00,-1,3
9d7307b409fc9189e842,7,60,test,2024-07-14 10:00:00+00:00,2024-07-14 15:00:00+00:00,1,1
442f733afffe14d1309e,7,60,test,2024-07-14 21:00:00+00:00,2024-07-15 02:00:00+00:00,-1,0
b7e5104048306c819af2,7,60,test,2024-07-15 03:00:00+00:00,2024-07-15 05:00:00+00:00,-1,3
eb1b0b3c721a73aae877,7,60,test,2024-07-15 06:00:00+00:00,2024-07-15 11:00:00+00:00,-1,0
5f4a4afd51a8e56a977e,7,60,test,2024-07-15 12:00:00+00:00,2024-07-15 15:00:00+00:00,-1,0
27c558278a997e0ee9d4,7,60,test,2024-07-16 15:00:00+00:00,2024-07-16 19:00:00+00:00,-1,2
1c45b84b3b59b5348486,7,60,test,2024-07-16 23:00:00+00:00,2024-07-17 02:00:00+00:00,1,3
886b443579b0e3b7f12b,7,60,test,2024-07-17 05:00:00+00:00,2024-07-17 07:00:00+00:00,-1,0
f1bd53dbd9987709a205,7,60,test,2024-07-17 14:00:00+00:00,2024-07-17 17:00:00+00:00,-1,2
3dcc9ec30c396a07d8b5,7,60,test,2024-07-17 18:00:00+00:00,2024-07-17 21:00:00+00:00,1,3
e50444f0f4be80cc4552,7,60,test,2024-07-18 14:00:00+00:00,2024-07-18 16:00:00+00:00,-1,2
33691a17afacd104289d,7,60,test,2024-07-18 18:00:00+00:00,2024-07-18 20:00:00+00:00,1,3
af55d343cb79d75fe7a5,7,60,test,2024-07-19 06:00:00+00:00,2024-07-19 09:00:00+00:00,1,2
177324c17d83a5bae6c9,7,60,test,2024-07-19 11:00:00+00:00,2024-07-19 16:00:00+00:00,1,3
70c713921e81878a4804,7,60,test,2024-07-19 18:00:00+00:00,2024-07-19 20:00:00+00:00,1,3
3afacb645321deac488e,7,60,test,2024-07-20 14:00:00+00:00,2024-07-20 17:00:00+00:00,-1,3
3018388f6355690f680c,7,60,test,2024-07-21 06:00:00+00:00,2024-07-21 08:00:00+00:00,-1,2
739ad9ea4ad07b36702b,7,60,test,2024-07-21 09:00:00+00:00,2024-07-21 12:00:00+00:00,-1,0
2f73c9f1e09d06145b33,7,60,test,2024-07-21 13:00:00+00:00,2024-07-21 15:00:00+00:00,1,3
9c6e48997126e5cc3e3f,7,60,test,2024-07-22 06:00:00+00:00,2024-07-22 13:00:00+00:00,-1,2
b861c8412ad35fc02104,7,60,test,2024-07-22 16:00:00+00:00,2024-07-22 20:00:00+00:00,-1,3
f235cb0848faca86190b,7,60,test,2024-07-23 11:00:00+00:00,2024-07-23 13:00:00+00:00,-1,0
c3f15bd55e6dca0573a7,7,60,test,2024-07-23 17:00:00+00:00,2024-07-23 19:00:00+00:00,-1,2
b06e2f6acfddd9e3e102,7,60,test,2024-07-23 20:00:00+00:00,2024-07-23 23:00:00+00:00,1,3
df0eaaaec11d7ac1a9ae,7,60,test,2024-07-24 04:00:00+00:00,2024-07-24 06:00:00+00:00,0,3
bc3133d668ab0097d7dd,7,60,test,2024-07-25 20:00:00+00:00,2024-07-25 22:00:00+00:00,-1,2
71ffbb29ff663045115f,7,60,test,2024-07-26 00:00:00+00:00,2024-07-26 02:00:00+00:00,-1,3
b86751eb82b6f67cbd5a,7,60,test,2024-07-26 16:00:00+00:00,2024-07-26 18:00:00+00:00,1,2
72436bd99412d74d3b4a,7,60,test,2024-07-26 20:00:00+00:00,2024-07-26 22:00:00+00:00,-1,3
b0bd14fb7e25eb18163f,7,60,test,2024-07-27 04:00:00+00:00,2024-07-27 13:00:00+00:00,-1,1
c56c23b159f4340ed87c,7,60,test,2024-07-27 15:00:00+00:00,2024-07-27 17:00:00+00:00,-1,3
47a21db6bb2ffd2d0e51,7,60,test,2024-07-28 12:00:00+00:00,2024-07-28 20:00:00+00:00,-1,0
286f03f153b0488fdbe4,7,60,test,2024-07-29 08:00:00+00:00,2024-07-29 16:00:00+00:00,-1,2
260afc3374fcd7c2cd00,7,60,test,2024-07-30 14:00:00+00:00,2024-07-30 16:00:00+00:00,-1,2
76ae0432476cbaffd189,7,60,test,2024-07-30 18:00:00+00:00,2024-07-30 20:00:00+00:00,1,3
75bddfb021b43569324c,7,60,test,2024-07-31 03:00:00+00:00,2024-07-31 07:00:00+00:00,-1,3
7752ef39c7b9567127c3,7,60,test,2024-07-31 11:00:00+00:00,2024-07-31 13:00:00+00:00,-1,0
fba9695cfa819a3c7b07,7,60,test,2024-07-31 20:00:00+00:00,2024-07-31 23:00:00+00:00,-1,3
ce9b8eb2f004120ddbc8,7,60,test,2024-08-01 01:00:00+00:00,2024-08-01 05:00:00+00:00,1,2
18faec377f7a8b3613f9,7,60,test,2024-08-01 06:00:00+00:00,2024-08-01 09:00:00+00:00,-1,3
94255a33c6af089cef6e,7,60,test,2024-08-02 11:00:00+00:00,2024-08-02 19:00:00+00:00,-1,0
c140c37b4fc2295c0dba,7,60,test,2024-08-05 09:00:00+00:00,2024-08-05 12:00:00+00:00,-1,2
e9ed3291c057680d5124,7,60,test,2024-08-05 14:00:00+00:00,2024-08-05 17:00:00+00:00,1,3
6533d74b3499ac1a2cbb,7,60,test,2024-08-07 11:00:00+00:00,2024-08-07 15:00:00+00:00,1,1
c42f1685423ca305f02a,7,60,test,2024-08-07 18:00:00+00:00,2024-08-08 00:00:00+00:00,-1,0
043e438ffde42e5ae2df,7,60,test,2024-08-08 08:00:00+00:00,2024-08-08 10:00:00+00:00,-1,2
cc17e5220a66900b3ca1,7,60,test,2024-08-08 12:00:00+00:00,2024-08-08 19:00:00+00:00,1,3
92d1e9b63bf378695754,7,60,test,2024-08-09 05:00:00+00:00,2024-08-09 07:00:00+00:00,-1,2
acc11bfe2b9f562a7f14,7,60,test,2024-08-09 09:00:00+00:00,2024-08-09 11:00:00+00:00,1,3
26d8018daa48d9677cca,7,60,test,2024-08-10 06:00:00+00:00,2024-08-10 09:00:00+00:00,1,1
0c0840d35733bd98919e,7,60,test,2024-08-10 11:00:00+00:00,2024-08-10 13:00:00+00:00,-1,3
61255961f114f7247c5a,7,60,test,2024-08-12 02:00:00+00:00,2024-08-12 04:00:00+00:00,1,2
d117ad0761769246e0f8,7,60,test,2024-08-12 06:00:00+00:00,2024-08-12 15:00:00+00:00,0,1
71871ffa129316956682,7,60,test,2024-08-12 22:00:00+00:00,2024-08-13 02:00:00+00:00,1,1
bcf7e534af5df3700979,7,60,test,2024-08-13 04:00:00+00:00,2024-08-13 09:00:00+00:00,-1,0
7e7ce9738def1940b723,7,60,test,2024-08-13 19:00:00+00:00,2024-08-13 21:00:00+00:00,1,3
181fb0661188ef8849e3,7,60,test,2024-08-13 23:00:00+00:00,2024-08-14 02:00:00+00:00,1,1
3837a2ba7f2074e072bb,7,60,test,2024-08-14 04:00:00+00:00,2024-08-14 06:00:00+00:00,1,3
b11b8d3848ac2c475dcb,7,60,test,2024-08-14 12:00:00+00:00,2024-08-14 14:00:00+00:00,-1,3
77ebee4d6d05ed24cad4,7,60,test,2024-08-16 16:00:00+00:00,2024-08-16 18:00:00+00:00,-1,2
d8a24a68493b1300d6db,7,60,test,2024-08-17 03:00:00+00:00,2024-08-17 05:00:00+00:00,-1,3
a340d261318bef9b0dbb,8,60,train,2024-02-17 07:00:00+00:00,2024-02-17 10:00:00+00:00,-1,2
86f322c6e1621bd9e8bb,8,60,train,2024-02-27 20:00:00+00:00,2024-02-28 01:00:00+00:00,1,1
6539c9a3b73030c60418,8,60,train,2024-02-28 17:00:00+00:00,2024-02-28 19:00:00+00:00,1,2
6614bd30c144ab34dd6c,8,60,train,2024-02-28 21:00:00+00:00,2024-02-28 23:00:00+00:00,-1,3
fc4f2fac48602616dcc4,8,60,train,2024-03-03 14:00:00+00:00,2024-03-03 19:00:00+00:00,1,2
a8a7d05f1d141568e229,8,60,train,2024-03-03 20:00:00+00:00,2024-03-03 22:00:00+00:00,-1,2
a0fb89091b5b4f8747f8,8,60,train,2024-03-04 22:00:00+00:00,2024-03-05 01:00:00+00:00,1,2
1e1c833597d3c4df0622,8,60,train,2024-03-11 22:00:00+00:00,2024-03-12 01:00:00+00:00,1,2
53e274ad2b3c98f537d7,8,60,train,2024-03-14 09:00:00+00:00,2024-03-14 12:00:00+00:00,-1,3
f756bea79588342719ab,8,60,train,2024-03-14 16:00:00+00:00,2024-03-14 18:00:00+00:00,-1,3
ad14da3cfbd79f0484e4,8,60,train,2024-03-15 21:00:00+00:00,2024-03-16 03:00:00+00:00,1,1
0acfe26034d7421dbd5c,8,60,train,2024-03-17 04:00:00+00:00,2024-03-17 06:00:00+00:00,-1,3
ca77f3fde06320358c88,8,60,train,2024-03-17 07:00:00+00:00,2024-03-17 11:00:00+00:00,1,2
78f47302ae480c254909,8,60,train,2024-03-23 23:00:00+00:00,2024-03-24 01:00:00+00:00,-1,2
78d7b963537ca165e131,8,60,train,2024-03-26 08:00:00+00:00,2024-03-26 12:00:00+00:00,-1,2
983a948d01c70f9be8ab,8,60,train,2024-03-31 18:00:00+00:00,2024-03-31 21:00:00+00:00,1,1
ae5da67b26ef54c0289d,8,60,train,2024-03-31 22:00:00+00:00,2024-04-01 00:00:00+00:00,-1,2
41a9e393e06403d0139b,8,60,validation,2024-07-08 23:00:00+00:00,2024-07-09 01:00:00+00:00,-1,2
5e3cf32dd1efc9329d42,8,60,validation,2024-07-11 08:00:00+00:00,2024-07-11 12:00:00+00:00,-1,2
d332be68a0e81bb73820,8,60,test,2024-07-13 15:00:00+00:00,2024-07-13 19:00:00+00:00,1,2
b2f418d4eac66a2becd0,8,60,test,2024-07-13 21:00:00+00:00,2024-07-14 02:00:00+00:00,-1,0
efb2bde3908494cbc7d5,8,60,test,2024-07-14 06:00:00+00:00,2024-07-14 09:00:00+00:00,-1,3
69716c0f787ebffb9999,8,60,test,2024-07-14 11:00:00+00:00,2024-07-14 16:00:00+00:00,1,1
06ad25fe09684fdbd745,8,60,test,2024-07-14 17:00:00+00:00,2024-07-14 19:00:00+00:00,-1,3
f3e96c1aec5cf00a380a,8,60,test,2024-07-15 09:00:00+00:00,2024-07-15 11:00:00+00:00,-1,0
87dbcd50b0614666bac8,8,60,test,2024-07-16 15:00:00+00:00,2024-07-16 19:00:00+00:00,1,2
12fc4f6f65ca31592b2d,8,60,test,2024-07-16 21:00:00+00:00,2024-07-17 02:00:00+00:00,-1,0
28f19c76b44336589ccf,8,60,test,2024-07-17 06:00:00+00:00,2024-07-17 09:00:00+00:00,-1,0
1b28f4a5e8c9e9d11925,8,60,test,2024-07-17 14:00:00+00:00,2024-07-17 17:00:00+00:00,-1,2
72f09017520ca8eebb30,8,60,test,2024-07-17 18:00:00+00:00,2024-07-17 20:00:00+00:00,1,3
34919366c14e617f7394,8,60,test,2024-07-19 05:00:00+00:00,2024-07-19 16:00:00+00:00,1,2
bcc422bd525c3786a503,8,60,test,2024-07-20 10:00:00+00:00,2024-07-20 12:00:00+00:00,-1,2
bb00a25e90a10dbac933,8,60,test,2024-07-20 14:00:00+00:00,2024-07-20 16:00:00+00:00,-1,3
720f54160749a1a093d9,8,60,test,2024-07-21 07:00:00+00:00,2024-07-21 10:00:00+00:00,1,2
0f95426664d20a200523,8,60,test,2024-07-21 11:00:00+00:00,2024-07-21 14:00:00+00:00,1,3
bfc165cbec29f9a61642,8,60,test,2024-07-22 06:00:00+00:00,2024-07-22 11:00:00+00:00,1,2
c310200a5d59058b408a,8,60,test,2024-07-22 14:00:00+00:00,2024-07-22 20:00:00+00:00,-1,0
0adb25bba0836890050f,8,60,test,2024-07-23 08:00:00+00:00,2024-07-23 13:00:00+00:00,1,2
ccdffda700210aac0173,8,60,test,2024-07-23 15:00:00+00:00,2024-07-23 17:00:00+00:00,1,3
0a736af1e4ef061af8ca,8,60,test,2024-07-24 17:00:00+00:00,2024-07-24 19:00:00+00:00,1,2
84115d6925aba5f03b6c,8,60,test,2024-07-25 13:00:00+00:00,2024-07-25 17:00:00+00:00,-1,2
37137cbb57fa2bba3847,8,60,test,2024-07-27 04:00:00+00:00,2024-07-27 13:00:00+00:00,-1,1
559a73d77403a5ac19d8,8,60,test,2024-07-28 08:00:00+00:00,2024-07-28 10:00:00+00:00,-1,2
11319555fe95a4d42f14,8,60,test,2024-07-28 14:00:00+00:00,2024-07-28 17:00:00+00:00,-1,0
daab77750f90670b20cf,8,60,test,2024-07-29 09:00:00+00:00,2024-07-29 12:00:00+00:00,1,2
75f2b170d1c01200beb9,8,60,test,2024-07-29 13:00:00+00:00,2024-07-29 15:00:00+00:00,1,3
c8f1334054ce1d6a9824,8,60,test,2024-07-29 18:00:00+00:00,2024-07-29 20:00:00+00:00,1,3
3ab81b057b3fe28ab54b,8,60,test,2024-07-30 12:00:00+00:00,2024-07-30 16:00:00+00:00,1,1
85b1d91d4fee5539ea2f,8,60,test,2024-07-30 17:00:00+00:00,2024-07-30 20:00:00+00:00,-1,3
751acc7a34893265c949,8,60,test,2024-07-30 23:00:00+00:00,2024-07-31 01:00:00+00:00,-1,2
b8ba10eaa60eb16bd6a6,8,60,test,2024-07-31 03:00:00+00:00,2024-07-31 05:00:00+00:00,-1,3
245782fbc96d1c0305e4,8,60,test,2024-07-31 06:00:00+00:00,2024-07-31 10:00:00+00:00,1,2
9e0af93fee700541a435,8,60,test,2024-07-31 11:00:00+00:00,2024-07-31 19:00:00+00:00,1,3
497cb0ef36c5a52c3ac1,8,60,test,2024-07-31 20:00:00+00:00,2024-08-01 00:00:00+00:00,1,3
69d0516cf46d8dd2e98b,8,60,test,2024-08-01 07:00:00+00:00,2024-08-01 11:00:00+00:00,-1,3
ea784eeb88fca58c0b34,8,60,test,2024-08-02 07:00:00+00:00,2024-08-02 11:00:00+00:00,1,1
e9ccd0bd77825d4d5bcb,8,60,test,2024-08-02 14:00:00+00:00,2024-08-02 18:00:00+00:00,1,3
84b1c6d1890264fd5e74,8,60,test,2024-08-05 08:00:00+00:00,2024-08-05 10:00:00+00:00,1,2
4a981f36d0cfafcc97c1,8,60,test,2024-08-05 15:00:00+00:00,2024-08-05 18:00:00+00:00,0,3
99cdb9045dbce2d14c4a,8,60,test,2024-08-07 11:00:00+00:00,2024-08-07 15:00:00+00:00,1,1
96af3bb8bf55758bb182,8,60,test,2024-08-07 20:00:00+00:00,2024-08-08 00:00:00+00:00,-1,3
f0b5b3870521a8673d54,8,60,test,2024-08-08 16:00:00+00:00,2024-08-08 18:00:00+00:00,1,2
5406efa37caf2ad851f1,8,60,test,2024-08-08 20:00:00+00:00,2024-08-08 22:00:00+00:00,-1,3
32c8418aea6eed3f2647,8,60,test,2024-08-10 08:00:00+00:00,2024-08-10 10:00:00+00:00,1,1
5551ebb18024699c100b,8,60,test,2024-08-11 15:00:00+00:00,2024-08-11 17:00:00+00:00,1,1
f09758bd6e9dd0ecf676,8,60,test,2024-08-12 02:00:00+00:00,2024-08-12 04:00:00+00:00,1,2
1837d94ce851ea00d483,8,60,test,2024-08-12 07:00:00+00:00,2024-08-12 10:00:00+00:00,-1,2
5afca95566e6b65e7123,8,60,test,2024-08-12 11:00:00+00:00,2024-08-12 15:00:00+00:00,-1,0
ce6836065d95d2134c2f,8,60,test,2024-08-13 02:00:00+00:00,2024-08-13 04:00:00+00:00,1,1
458c7d54a1c3910da85e,8,60,test,2024-08-13 05:00:00+00:00,2024-08-13 09:00:00+00:00,-1,3
7babf080079bb616658c,8,60,test,2024-08-13 23:00:00+00:00,2024-08-14 03:00:00+00:00,-1,1
4c4c6ac61dbe98245a2c,8,60,test,2024-08-14 04:00:00+00:00,2024-08-14 10:00:00+00:00,1,3
e70d4128206a18dcbccc,8,60,test,2024-08-14 12:00:00+00:00,2024-08-14 14:00:00+00:00,-1,3
5f05eed3fece3c0f702a,8,60,test,2024-08-15 07:00:00+00:00,2024-08-15 09:00:00+00:00,-1,0
c3cedca304ff7143d710,8,60,test,2024-08-15 11:00:00+00:00,2024-08-15 13:00:00+00:00,1,3
57618ecbe373b48f2cab,8,60,test,2024-08-15 16:00:00+00:00,2024-08-15 18:00:00+00:00,-1,2
1ff1561cbbb1d7c070c0,8,60,test,2024-08-16 13:00:00+00:00,2024-08-16 15:00:00+00:00,0,3
cf2c5e87fc05808966ee,8,60,test,2024-08-16 16:00:00+00:00,2024-08-16 19:00:00+00:00,-1,2
ef7046dea18ed975a646,8,60,test,2024-08-17 18:00:00+00:00,2024-08-17 21:00:00+00:00,1,2
ad55c91763f31a2ffa4d,8,60,test,2024-08-17 23:00:00+00:00,2024-08-18 01:00:00+00:00,-1,3
dbbb5ee225694aa5cadb,9,60,train,2024-02-17 03:00:00+00:00,2024-02-17 06:00:00+00:00,1,2
b884184c74a0be66f41d,9,60,train,2024-02-17 11:00:00+00:00,2024-02-17 14:00:00+00:00,-1,2
474ffca15a8ade32cd50,9,60,train,2024-02-27 21:00:00+00:00,2024-02-28 01:00:00+00:00,-1,2
7e517832452884e3e381,9,60,train,2024-02-28 19:00:00+00:00,2024-02-29 00:00:00+00:00,-1,3
0f1abb5bb54f59ac983a,9,60,train,2024-03-03 14:00:00+00:00,2024-03-03 16:00:00+00:00,1,2
dfb3c6a902772dba9dcc,9,60,train,2024-03-03 17:00:00+00:00,2024-03-03 22:00:00+00:00,1,1
d2bc805d854c819451b7,9,60,train,2024-03-04 22:00:00+00:00,2024-03-05 00:00:00+00:00,1,2
cc118000e6c880a36c23,9,60,train,2024-03-14 09:00:00+00:00,2024-03-14 12:00:00+00:00,1,3
7789e454ccc0ade0edd3,9,60,train,2024-03-14 16:00:00+00:00,2024-03-14 18:00:00+00:00,-1,3
08a2a5bc9a00ca0c4ef8,9,60,train,2024-03-23 19:00:00+00:00,2024-03-23 22:00:00+00:00,1,3
d85887cc5f6bebd6c2fe,9,60,train,2024-03-31 20:00:00+00:00,2024-03-31 22:00:00+00:00,1,2
682331c02224b485ac6d,9,60,train,2024-04-02 03:00:00+00:00,2024-04-02 07:00:00+00:00,-1,0
068fa5dd7d9ab35654c9,9,60,validation,2024-07-08 20:00:00+00:00,2024-07-08 22:00:00+00:00,1,3
9dcf3e3d630e389908b0,9,60,test,2024-07-13 15:00:00+00:00,2024-07-13 19:00:00+00:00,-1,2
b06be48476c5934ba8f2,9,60,test,2024-07-13 21:00:00+00:00,2024-07-14 02:00:00+00:00,-1,0
64acfa2974d1f92c0a13,9,60,test,2024-07-14 05:00:00+00:00,2024-07-14 07:00:00+00:00,1,3
326f0f6562ffa815476f,9,60,test,2024-07-14 10:00:00+00:00,2024-07-14 15:00:00+00:00,1,1
6cbdbb3ba4b3b3c16edf,9,60,test,2024-07-14 20:00:00+00:00,2024-07-15 00:00:00+00:00,1,0
9ff7227617871a7a96f8,9,60,test,2024-07-15 03:00:00+00:00,2024-07-15 05:00:00+00:00,-1,3
3d67144cbe820ee7d2cf,9,60,test,2024-07-15 06:00:00+00:00,2024-07-15 14:00:00+00:00,-1,0
487ebc0fffae7fb71f22,9,60,test,2024-07-16 15:00:00+00:00,2024-07-16 19:00:00+00:00,-1,2
e3e2f0a38e4129eb709b,9,60,test,2024-07-16 21:00:00+00:00,2024-07-17 02:00:00+00:00,-1,0
b6126b9314eef1b1461d,9,60,test,2024-07-17 05:00:00+00:00,2024-07-17 07:00:00+00:00,1,3
810ae74d7a2be31bd992,9,60,test,2024-07-17 14:00:00+00:00,2024-07-17 21:00:00+00:00,-1,0
d4171563075b7300af53,9,60,test,2024-07-21 07:00:00+00:00,2024-07-21 10:00:00+00:00,1,2
bd4b3322c783c13bf037,9,60,test,2024-07-21 13:00:00+00:00,2024-07-21 15:00:00+00:00,1,2
0cb323c3c14b2a63d097,9,60,test,2024-07-22 06:00:00+00:00,2024-07-22 10:00:00+00:00,-1,2
a5b13e0c9d1b70878b47,9,60,test,2024-07-22 12:00:00+00:00,2024-07-22 14:00:00+00:00,-1,2
c670e2514134e32f21d9,9,60,test,2024-07-22 15:00:00+00:00,2024-07-22 19:00:00+00:00,-1,3
51ce551906aa3ca896a5,9,60,test,2024-07-23 17:00:00+00:00,2024-07-23 19:00:00+00:00,-1,2
bad035ca265dda6853f7,9,60,test,2024-07-23 21:00:00+00:00,2024-07-23 23:00:00+00:00,1,3
1950c3b118d0f9aacc59,9,60,test,2024-07-24 17:00:00+00:00,2024-07-24 19:00:00+00:00,1,2
e75b5faebc7ab099493d,9,60,test,2024-07-25 20:00:00+00:00,2024-07-25 22:00:00+00:00,1,2
180c35456379224aabc0,9,60,test,2024-07-26 00:00:00+00:00,2024-07-26 02:00:00+00:00,-1,3
1f7291e45e96540ee557,9,60,test,2024-07-27 05:00:00+00:00,2024-07-27 14:00:00+00:00,-1,2
5cf8373d7a1131fc042f,9,60,test,2024-07-28 13:00:00+00:00,2024-07-28 16:00:00+00:00,-1,2
2d340bc32708dd12305c,9,60,test,2024-07-28 17:00:00+00:00,2024-07-28 20:00:00+00:00,0,3
15a5ecfc03f4531a1b15,9,60,test,2024-07-29 09:00:00+00:00,2024-07-29 12:00:00+00:00,-1,2
466d6a674d166a5ca3b0,9,60,test,2024-07-29 13:00:00+00:00,2024-07-29 16:00:00+00:00,-1,3
93d7e920888747da6fee,9,60,test,2024-07-30 14:00:00+00:00,2024-07-30 16:00:00+00:00,-1,2
66262b269675597818b4,9,60,test,2024-07-30 18:00:00+00:00,2024-07-30 20:00:00+00:00,0,3
1af5d23cb407b9505268,9,60,test,2024-07-31 07:00:00+00:00,2024-07-31 09:00:00+00:00,-1,2
bebb5974c935a40781fc,9,60,test,2024-08-01 07:00:00+00:00,2024-08-01 10:00:00+00:00,-1,3
3eb1157094be30a087ed,9,60,test,2024-08-02 06:00:00+00:00,2024-08-02 09:00:00+00:00,1,1
c396e462e11342888b96,9,60,test,2024-08-02 14:00:00+00:00,2024-08-02 17:00:00+00:00,-1,3
49cf54ad6f46b8a6b0c0,9,60,test,2024-08-05 09:00:00+00:00,2024-08-05 12:00:00+00:00,-1,2
5b95f1cce3bae589ea92,9,60,test,2024-08-05 13:00:00+00:00,2024-08-05 16:00:00+00:00,-1,3
95aaf2a18680512b2135,9,60,test,2024-08-07 18:00:00+00:00,2024-08-07 20:00:00+00:00,1,1
1ac0cc970d6411d1c845,9,60,test,2024-08-07 22:00:00+00:00,2024-08-08 00:00:00+00:00,1,3
095e18b2ab5ca2621002,9,60,test,2024-08-08 08:00:00+00:00,2024-08-08 11:00:00+00:00,-1,2
0a0b1ecf92768145abfc,9,60,test,2024-08-08 12:00:00+00:00,2024-08-08 15:00:00+00:00,-1,3
d9e80d10ee2035bca69e,9,60,test,2024-08-12 02:00:00+00:00,2024-08-12 04:00:00+00:00,-1,2
e1d1409bdc08bfa150d4,9,60,test,2024-08-12 06:00:00+00:00,2024-08-12 10:00:00+00:00,1,1
c73196c1d6a9d4324c79,9,60,test,2024-08-12 11:00:00+00:00,2024-08-12 15:00:00+00:00,-1,3
a109a9037f178a3e0ad1,9,60,test,2024-08-12 22:00:00+00:00,2024-08-13 02:00:00+00:00,-1,1
ec5a8d67bde885e51922,9,60,test,2024-08-13 03:00:00+00:00,2024-08-13 09:00:00+00:00,-1,0
37b060293f25c182cafb,9,60,test,2024-08-14 00:00:00+00:00,2024-08-14 03:00:00+00:00,-1,1
478ba305ae23b5a8a558,9,60,test,2024-08-14 04:00:00+00:00,2024-08-14 09:00:00+00:00,1,3
2873de7b0755e8d3b286,9,60,test,2024-08-14 12:00:00+00:00,2024-08-14 14:00:00+00:00,1,3
762d1ac8215100066626,9,60,test,2024-08-16 23:00:00+00:00,2024-08-17 01:00:00+00:00,-1,2
692468773b26b1aef39d,9,60,test,2024-08-17 03:00:00+00:00,2024-08-17 05:00:00+00:00,-1,3
8c04fda7047a884d99b5,10,60,train,2024-02-17 09:00:00+00:00,2024-02-17 14:00:00+00:00,1,1
b17e2daeeef8f5533622,10,60,train,2024-02-26 17:00:00+00:00,2024-02-26 19:00:00+00:00,-1,0
5776b66cedaf9cddb0a0,10,60,train,2024-02-27 21:00:00+00:00,2024-02-28 01:00:00+00:00,-1,2
5165b13c0732a57d08e4,10,60,train,2024-02-28 16:00:00+00:00,2024-02-28 19:00:00+00:00,-1,2
f3f214f58cd77036bd8f,10,60,train,2024-02-28 20:00:00+00:00,2024-02-29 00:00:00+00:00,-1,3
030fce066abaa16aeced,10,60,train,2024-03-03 14:00:00+00:00,2024-03-03 16:00:00+00:00,1,2
30177198e9f938830277,10,60,train,2024-03-03 17:00:00+00:00,2024-03-03 22:00:00+00:00,1,1
17a777b27a39938e4827,10,60,train,2024-03-03 23:00:00+00:00,2024-03-04 02:00:00+00:00,-1,3
2137c90c40ea6df9981f,10,60,train,2024-03-04 22:00:00+00:00,2024-03-05 00:00:00+00:00,1,2
5101e2e357475092525e,10,60,train,2024-03-14 06:00:00+00:00,2024-03-14 09:00:00+00:00,-1,2
26758a6eb7dffadac15b,10,60,train,2024-03-14 16:00:00+00:00,2024-03-14 18:00:00+00:00,-1,3
b7b0bb153c29523ee311,10,60,train,2024-03-15 02:00:00+00:00,2024-03-15 05:00:00+00:00,1,2
d49c5b97b838b0f49c6e,10,60,train,2024-03-15 21:00:00+00:00,2024-03-16 07:00:00+00:00,-1,2
1c45bdb4aa6032d4e7ed,10,60,train,2024-03-16 11:00:00+00:00,2024-03-16 13:00:00+00:00,-1,2
1458bfce1738a894e219,10,60,train,2024-03-23 19:00:00+00:00,2024-03-23 21:00:00+00:00,1,3
8ef01091a3c6b29e501d,10,60,train,2024-03-26 07:00:00+00:00,2024-03-26 09:00:00+00:00,-1,3
9107ac1df4d5b1533611,10,60,train,2024-03-31 20:00:00+00:00,2024-04-01 00:00:00+00:00,1,1
a8ca2960f8035d986b3a,10,60,train,2024-04-01 22:00:00+00:00,2024-04-02 01:00:00+00:00,1,2
75502e626533ea7d8f8a,10,60,validation,2024-07-11 07:00:00+00:00,2024-07-11 09:00:00+00:00,-1,3
33108b15eac3f5ba1221,10,60,test,2024-07-13 15:00:00+00:00,2024-07-13 19:00:00+00:00,1,2
4b413d119d273087cd2e,10,60,test,2024-07-13 22:00:00+00:00,2024-07-14 01:00:00+00:00,-1,0
db050ee62f1dbb48ebdf,10,60,test,2024-07-14 05:00:00+00:00,2024-07-14 09:00:00+00:00,1,3
d93020d142af09284157,10,60,test,2024-07-14 10:00:00+00:00,2024-07-14 16:00:00+00:00,1,1
d7790c8991d1fe20e544,10,60,test,2024-07-14 17:00:00+00:00,2024-07-14 19:00:00+00:00,-1,3
509696da832956ac5baa,10,60,test,2024-07-16 15:00:00+00:00,2024-07-16 19:00:00+00:00,1,2
f3b9ada56bb28edac2b6,10,60,test,2024-07-16 22:00:00+00:00,2024-07-17 01:00:00+00:00,-1,0
6ff0c7558e3ac7476bc8,10,60,test,2024-07-17 05:00:00+00:00,2024-07-17 09:00:00+00:00,1,3
34c0910ff82a7eebe849,10,60,test,2024-07-17 15:00:00+00:00,2024-07-17 18:00:00+00:00,-1,0
75b7904d3c115be8b10d,10,60,test,2024-07-17 19:00:00+00:00,2024-07-17 21:00:00+00:00,-1,3
0c7b186dbd28f0e4dc25,10,60,test,2024-07-19 08:00:00+00:00,2024-07-19 16:00:00+00:00,-1,0
b1ffd8134e9e6804e136,10,60,test,2024-07-21 07:00:00+00:00,2024-07-21 10:00:00+00:00,1,2
c61a16e084b26201421c,10,60,test,2024-07-22 02:00:00+00:00,2024-07-22 04:00:00+00:00,-1,2
6cf2a7c7fb2814405a0b,10,60,test,2024-07-22 07:00:00+00:00,2024-07-22 14:00:00+00:00,-1,0
c6762aaab44554635b10,10,60,test,2024-07-22 16:00:00+00:00,2024-07-22 19:00:00+00:00,1,3
853d2fb8a8c8f12f8d31,10,60,test,2024-07-23 17:00:00+00:00,2024-07-24 01:00:00+00:00,-1,0
4959d9c5d47528720f57,10,60,test,2024-07-25 21:00:00+00:00,2024-07-25 23:00:00+00:00,1,2
d99bc0bfe721ffa5e504,10,60,test,2024-07-26 17:00:00+00:00,2024-07-26 20:00:00+00:00,-1,2
d4b37ca52a4ec1484640,10,60,test,2024-07-27 04:00:00+00:00,2024-07-27 14:00:00+00:00,-1,1
ef8fddbc30d5a61aeeb5,10,60,test,2024-07-27 15:00:00+00:00,2024-07-27 17:00:00+00:00,0,3
9a1d4dcc0afbadb68a47,10,60,test,2024-07-28 12:00:00+00:00,2024-07-28 20:00:00+00:00,-1,0
1e27bd1e2a65fd19ff4a,10,60,test,2024-07-29 07:00:00+00:00,2024-07-29 12:00:00+00:00,1,1
082388304aa6b4d122db,10,60,test,2024-07-29 14:00:00+00:00,2024-07-29 17:00:00+00:00,-1,3
3ddb4f57e817fa685f77,10,60,test,2024-07-30 13:00:00+00:00,2024-07-30 16:00:00+00:00,1,1
3e26ff7f3f0aedf18ccf,10,60,test,2024-07-30 17:00:00+00:00,2024-07-30 20:00:00+00:00,1,3
754d54ee2d86e3a8b856,10,60,test,2024-07-31 06:00:00+00:00,2024-07-31 11:00:00+00:00,-1,0
d7c8b613231c3e4de91e,10,60,test,2024-07-31 17:00:00+00:00,2024-07-31 21:00:00+00:00,-1,0
2105772d567800567585,10,60,test,2024-07-31 22:00:00+00:00,2024-08-01 00:00:00+00:00,1,2
e100d1d74be57639d5e4,10,60,test,2024-08-01 07:00:00+00:00,2024-08-01 10:00:00+00:00,1,3
7418492bbb6bdde940ab,10,60,test,2024-08-02 07:00:00+00:00,2024-08-02 10:00:00+00:00,-1,2
74d6f093c015ff532de1,10,60,test,2024-08-02 16:00:00+00:00,2024-08-02 18:00:00+00:00,1,3
acc36634fc7d0c8fc75f,10,60,test,2024-08-03 15:00:00+00:00,2024-08-03 17:00:00+00:00,-1,3
39701b0e53a2b988501c,10,60,test,2024-08-05 09:00:00+00:00,2024-08-05 11:00:00+00:00,1,2
562912839648352ba9fb,10,60,test,2024-08-06 03:00:00+00:00,2024-08-06 05:00:00+00:00,-1,3
434355447189828e792d,10,60,test,2024-08-07 11:00:00+00:00,2024-08-07 16:00:00+00:00,1,1
050c8d11c6bbe19f5e32,10,60,test,2024-08-07 18:00:00+00:00,2024-08-08 02:00:00+00:00,-1,0
cea227aa90d1cde0eeac,10,60,test,2024-08-08 08:00:00+00:00,2024-08-08 10:00:00+00:00,-1,2
ab84861c27cc5095cc88,10,60,test,2024-08-08 12:00:00+00:00,2024-08-08 14:00:00+00:00,1,3
4fc17a7513f9a4706404,10,60,test,2024-08-10 07:00:00+00:00,2024-08-10 09:00:00+00:00,1,2
585bae9f22dfdd976cec,10,60,test,2024-08-12 02:00:00+00:00,2024-08-12 04:00:00+00:00,1,1
6465e864b12e6b242071,10,60,test,2024-08-12 11:00:00+00:00,2024-08-12 14:00:00+00:00,-1,3
514e9bdc7c33b2d2c4b4,10,60,test,2024-08-12 23:00:00+00:00,2024-08-13 03:00:00+00:00,-1,2
3fd6c76231869309faa8,10,60,test,2024-08-13 04:00:00+00:00,2024-08-13 08:00:00+00:00,-1,3
abf53bc0628c56603b0b,10,60,test,2024-08-13 19:00:00+00:00,2024-08-13 21:00:00+00:00,1,3
3b1be8b5fab4ed59de95,10,60,test,2024-08-14 00:00:00+00:00,2024-08-14 03:00:00+00:00,-1,0
850975b67f4981a6cd91,10,60,test,2024-08-14 04:00:00+00:00,2024-08-14 07:00:00+00:00,-1,3
2f487869fb8e2e1b9adf,10,60,test,2024-08-14 08:00:00+00:00,2024-08-14 10:00:00+00:00,-1,2
55b6e384602d12e632f1,10,60,test,2024-08-14 12:00:00+00:00,2024-08-14 14:00:00+00:00,0,3
630dc044a1f463715f5d,10,60,test,2024-08-16 23:00:00+00:00,2024-08-17 01:00:00+00:00,1,2
411cdbeedfa7afe38d2c,10,60,test,2024-08-17 03:00:00+00:00,2024-08-17 06:00:00+00:00,-1,3
8210ef2d47e0f4a0f325,11,60,train,2024-02-17 03:00:00+00:00,2024-02-17 06:00:00+00:00,1,2
61d4be2136d67161b7ca,11,60,train,2024-02-17 11:00:00+00:00,2024-02-17 14:00:00+00:00,1,2
e2d53c8c39b13f4e80f8,11,60,train,2024-02-26 21:00:00+00:00,2024-02-27 03:00:00+00:00,1,1
5004d496d291ebe609c7,11,60,train,2024-02-27 21:00:00+00:00,2024-02-28 01:00:00+00:00,-1,2
fa2c9d521ca6ea4d0e4d,11,60,train,2024-02-28 20:00:00+00:00,2024-02-29 00:00:00+00:00,-1,3
17e08ac39750a908479e,11,60,train,2024-03-03 14:00:00+00:00,2024-03-03 16:00:00+00:00,1,2
67643f85f7cff7e95922,11,60,train,2024-03-03 17:00:00+00:00,2024-03-03 22:00:00+00:00,1,1
3f5dae482197c92fe0ea,11,60,train,2024-03-04 22:00:00+00:00,2024-03-05 00:00:00+00:00,1,1
7d6934dbf7ca6ed2a53d,11,60,train,2024-03-14 01:00:00+00:00,2024-03-14 05:00:00+00:00,-1,3
e27deef96f8205d51b96,11,60,train,2024-03-14 06:00:00+00:00,2024-03-14 09:00:00+00:00,1,2
51161a505e6c71cd18ef,11,60,train,2024-03-14 16:00:00+00:00,2024-03-14 18:00:00+00:00,-1,3
c9d9d710f09fa5cc1844,11,60,train,2024-03-15 20:00:00+00:00,2024-03-16 06:00:00+00:00,-1,1
92ca88a37920489929ff,11,60,train,2024-03-16 11:00:00+00:00,2024-03-16 13:00:00+00:00,-1,2
78ee0d95c2822cab486f,11,60,train,2024-03-23 19:00:00+00:00,2024-03-23 21:00:00+00:00,1,3
ccaeecd480a472fafba6,11,60,train,2024-03-31 20:00:00+00:00,2024-03-31 22:00:00+00:00,1,1
989750dbc73631a3ffcc,11,60,test,2024-07-12 19:00:00+00:00,2024-07-12 21:00:00+00:00,0,3
1715b5ae53a9f6316f6c,11,60,test,2024-07-13 15:00:00+00:00,2024-07-13 20:00:00+00:00,1,1
cb9087dcbdbf2d53dffd,11,60,test,2024-07-13 23:00:00+00:00,2024-07-14 02:00:00+00:00,1,3
33cebb5fffe75aef878d,11,60,test,2024-07-14 05:00:00+00:00,2024-07-14 08:00:00+00:00,1,3
6fb9a22adc0f1786bba8,11,60,test,2024-07-14 10:00:00+00:00,2024-07-14 15:00:00+00:00,1,1
2b24687f3e6f9844ae95,11,60,test,2024-07-14 21:00:00+00:00,2024-07-15 00:00:00+00:00,1,3
d00e5bbbff74e954f107,11,60,test,2024-07-15 03:00:00+00:00,2024-07-15 05:00:00+00:00,1,3
119f3324d6f6de082885,11,60,test,2024-07-15 06:00:00+00:00,2024-07-15 14:00:00+00:00,-1,0
6bd5565f96dc5159c9d1,11,60,test,2024-07-15 19:00:00+00:00,2024-07-15 21:00:00+00:00,0,3
b7e82d6d48853dd9c650,11,60,test,2024-07-16 15:00:00+00:00,2024-07-16 20:00:00+00:00,1,1
231450cd10e82d474cf2,11,60,test,2024-07-16 23:00:00+00:00,2024-07-17 02:00:00+00:00,1,3
338fa1f730cc2d71ee79,11,60,test,2024-07-17 05:00:00+00:00,2024-07-17 08:00:00+00:00,1,3
5a599efc739d8201a182,11,60,test,2024-07-17 14:00:00+00:00,2024-07-17 17:00:00+00:00,-1,0
55bf693ca84b61a9cd10,11,60,test,2024-07-17 18:00:00+00:00,2024-07-17 21:00:00+00:00,1,3
77f2071f2f1da1a28073,11,60,test,2024-07-19 06:00:00+00:00,2024-07-19 09:00:00+00:00,1,2
dc360f68a2db24799439,11,60,test,2024-07-19 10:00:00+00:00,2024-07-19 14:00:00+00:00,-1,0
fd99e08c1b88e978de72,11,60,test,2024-07-21 06:00:00+00:00,2024-07-21 09:00:00+00:00,1,2
fb48f6cc413c131b02f4,11,60,test,2024-07-21 11:00:00+00:00,2024-07-21 13:00:00+00:00,-1,3
7f4e50516ac268f0d2d7,11,60,test,2024-07-21 23:00:00+00:00,2024-07-22 01:00:00+00:00,1,3
53e4f46b536e17b4acbd,11,60,test,2024-07-22 07:00:00+00:00,2024-07-22 12:00:00+00:00,-1,2
54ee25374ea5bb5704e9,11,60,test,2024-07-22 13:00:00+00:00,2024-07-22 18:00:00+00:00,-1,0
2eed1ab79e0d342b42c0,11,60,test,2024-07-23 17:00:00+00:00,2024-07-23 19:00:00+00:00,1,2
072baaeff91d5b7c3694,11,60,test,2024-07-23 21:00:00+00:00,2024-07-23 23:00:00+00:00,1,3
2c09614c9a50599427c2,11,60,test,2024-07-24 17:00:00+00:00,2024-07-24 19:00:00+00:00,1,2
a7f1a1f15d1156570d50,11,60,test,2024-07-25 13:00:00+00:00,2024-07-25 15:00:00+00:00,1,2
2fd85d7f0fb85e13dd91,11,60,test,2024-07-25 20:00:00+00:00,2024-07-25 23:00:00+00:00,-1,2
c5a5ce748962ba38a24c,11,60,test,2024-07-26 00:00:00+00:00,2024-07-26 03:00:00+00:00,-1,3
0e1d6592561343554298,11,60,test,2024-07-26 16:00:00+00:00,2024-07-26 18:00:00+00:00,1,2
338941bc71dccef64265,11,60,test,2024-07-26 20:00:00+00:00,2024-07-26 22:00:00+00:00,1,3
bbe3caf8ef9895c77b01,11,60,test,2024-07-27 04:00:00+00:00,2024-07-27 14:00:00+00:00,-1,1
b81b48695fdbdfea5fc7,11,60,test,2024-07-28 12:00:00+00:00,2024-07-28 20:00:00+00:00,-1,0
c612d608227d7915a36f,11,60,test,2024-07-29 08:00:00+00:00,2024-07-29 12:00:00+00:00,1,2
24ae5fbcf70c97ff73e5,11,60,test,2024-07-29 14:00:00+00:00,2024-07-29 17:00:00+00:00,-1,3
511a64553f2851fe12ee,11,60,test,2024-07-30 14:00:00+00:00,2024-07-30 16:00:00+00:00,-1,2
176f7bcbf5602c8ba7f4,11,60,test,2024-07-30 18:00:00+00:00,2024-07-30 20:00:00+00:00,1,3
0b2942aa72f576212367,11,60,test,2024-07-31 01:00:00+00:00,2024-07-31 03:00:00+00:00,1,2
316676944fb86fb22710,11,60,test,2024-07-31 16:00:00+00:00,2024-07-31 18:00:00+00:00,-1,2
ab1edceb1ee2f6adf40a,11,60,test,2024-07-31 23:00:00+00:00,2024-08-01 03:00:00+00:00,1,1
94a1c4a9a86e9f50dcd6,11,60,test,2024-08-01 05:00:00+00:00,2024-08-01 10:00:00+00:00,-1,0
0ddf16cbe96a4a661496,11,60,test,2024-08-02 16:00:00+00:00,2024-08-02 18:00:00+00:00,1,3
a1d3bfb242d485dc5e1c,11,60,test,2024-08-03 19:00:00+00:00,2024-08-03 21:00:00+00:00,1,2
74ae772e20cc54ce2df0,11,60,test,2024-08-03 23:00:00+00:00,2024-08-04 01:00:00+00:00,-1,3
74931c6e47895e24b2c2,11,60,test,2024-08-05 09:00:00+00:00,2024-08-05 11:00:00+00:00,-1,2
b38c12b22e311ebaed1b,11,60,test,2024-08-05 13:00:00+00:00,2024-08-05 15:00:00+00:00,-1,3
6c9bc2c5c2565faecbc7,11,60,test,2024-08-07 18:00:00+00:00,2024-08-07 20:00:00+00:00,1,2
d7d83885e2cbd37557fa,11,60,test,2024-08-07 22:00:00+00:00,2024-08-08 00:00:00+00:00,0,3
59795f6641f8f2153d71,11,60,test,2024-08-08 08:00:00+00:00,2024-08-08 11:00:00+00:00,-1,2
2981946af3af4db618d1,11,60,test,2024-08-08 12:00:00+00:00,2024-08-08 15:00:00+00:00,-1,3
19820fd931ee77800ade,11,60,test,2024-08-09 04:00:00+00:00,2024-08-09 07:00:00+00:00,-1,2
b615cd910fcd253d1a12,11,60,test,2024-08-12 02:00:00+00:00,2024-08-12 05:00:00+00:00,-1,0
b11c8143e25efbb9454a,11,60,test,2024-08-12 06:00:00+00:00,2024-08-12 15:00:00+00:00,-1,1
433369027191885fd619,11,60,test,2024-08-12 22:00:00+00:00,2024-08-13 01:00:00+00:00,1,1
1e62ac90f0d7688b0c80,11,60,test,2024-08-13 02:00:00+00:00,2024-08-13 05:00:00+00:00,-1,0
5e8e4d62f6ae637c191a,11,60,test,2024-08-13 06:00:00+00:00,2024-08-13 09:00:00+00:00,-1,3
1c11f4a922d98d152f52,11,60,test,2024-08-13 19:00:00+00:00,2024-08-13 21:00:00+00:00,1,3
3c64be63ee0399c1eefa,11,60,test,2024-08-13 23:00:00+00:00,2024-08-14 03:00:00+00:00,1,1
7c1132397d14887d958f,11,60,test,2024-08-14 04:00:00+00:00,2024-08-14 10:00:00+00:00,1,3
6b6668d1373e5d580797,11,60,test,2024-08-14 12:00:00+00:00,2024-08-14 14:00:00+00:00,-1,3
185956af58f127fc3c48,11,60,test,2024-08-15 08:00:00+00:00,2024-08-15 10:00:00+00:00,-1,2
6d00ac125db13bd51b27,11,60,test,2024-08-15 12:00:00+00:00,2024-08-15 14:00:00+00:00,0,3
30e6f93f0b704f288249,11,60,test,2024-08-16 17:00:00+00:00,2024-08-16 19:00:00+00:00,-1,2
9f37fb52e85f318a877b,11,60,test,2024-08-16 23:00:00+00:00,2024-08-17 01:00:00+00:00,1,2
217b7fac58fd907be78f,11,60,test,2024-08-17 03:00:00+00:00,2024-08-17 05:00:00+00:00,-1,3
8f01d834058ec35a5843,12,60,train,2024-02-17 03:00:00+00:00,2024-02-17 06:00:00+00:00,1,2
7e26c7249278e89c3ee4,12,60,train,2024-02-27 21:00:00+00:00,2024-02-28 01:00:00+00:00,-1,2
fac28c99d60414b0c236,12,60,train,2024-02-28 16:00:00+00:00,2024-02-28 19:00:00+00:00,1,2
0ffd1b5de42d7af84177,12,60,train,2024-02-28 20:00:00+00:00,2024-02-29 00:00:00+00:00,-1,3
1d81cbc92f1516b815ea,12,60,train,2024-03-03 14:00:00+00:00,2024-03-03 16:00:00+00:00,1,2
e382a25e291332637189,12,60,train,2024-03-03 17:00:00+00:00,2024-03-03 22:00:00+00:00,1,1
c04fcc56b1d3f8a03484,12,60,train,2024-03-03 23:00:00+00:00,2024-03-04 01:00:00+00:00,-1,3
c99af2282578c3ecccd5,12,60,train,2024-03-04 22:00:00+00:00,2024-03-05 00:00:00+00:00,1,2
9e784650d06d5ce9b3bb,12,60,train,2024-03-14 08:00:00+00:00,2024-03-14 11:00:00+00:00,-1,0
b41a17125f7d3a287a80,12,60,train,2024-03-14 16:00:00+00:00,2024-03-14 18:00:00+00:00,-1,3
b537ac56b7c4d3580208,12,60,train,2024-03-15 20:00:00+00:00,2024-03-16 06:00:00+00:00,-1,1
9ecfa9593199ebffce5c,12,60,train,2024-03-16 11:00:00+00:00,2024-03-16 13:00:00+00:00,-1,2
626f3c9e2ae3e9c141e7,12,60,train,2024-03-16 15:00:00+00:00,2024-03-16 17:00:00+00:00,-1,3
00adf4a70625161d9257,12,60,train,2024-03-16 22:00:00+00:00,2024-03-17 00:00:00+00:00,1,1
f8389369b420af3c5a16,12,60,train,2024-03-22 23:00:00+00:00,2024-03-23 01:00:00+00:00,1,2
f97e7d8e6ce72c7099e1,12,60,train,2024-03-23 19:00:00+00:00,2024-03-23 21:00:00+00:00,1,3
6e7734101223c26e0475,12,60,train,2024-03-31 20:00:00+00:00,2024-03-31 22:00:00+00:00,1,2
70c47b8ee8116ef068db,12,60,test,2024-07-13 15:00:00+00:00,2024-07-13 19:00:00+00:00,-1,1
de1101afd14df60ce22e,12,60,test,2024-07-13 23:00:00+00:00,2024-07-14 01:00:00+00:00,1,3
ae648930f85d10038f86,12,60,test,2024-07-14 05:00:00+00:00,2024-07-14 08:00:00+00:00,1,3
6cde5a6100da4bc83d49,12,60,test,2024-07-14 09:00:00+00:00,2024-07-14 17:00:00+00:00,1,1
f6f15b7ea8c348848739,12,60,test,2024-07-15 08:00:00+00:00,2024-07-15 10:00:00+00:00,-1,2
cf7f54fd83d85e29b53b,12,60,test,2024-07-15 12:00:00+00:00,2024-07-15 14:00:00+00:00,-1,3
1a9bb59f7e39dc61f6c7,12,60,test,2024-07-16 15:00:00+00:00,2024-07-16 19:00:00+00:00,-1,1
a6f665d054de11f96a21,12,60,test,2024-07-16 23:00:00+00:00,2024-07-17 01:00:00+00:00,1,3
15dd177a67ff0f51df48,12,60,test,2024-07-17 05:00:00+00:00,2024-07-17 08:00:00+00:00,1,3
b08280fa3c4a0607c628,12,60,test,2024-07-17 13:00:00+00:00,2024-07-17 22:00:00+00:00,1,1
ba96fb0bca2a1d50b4d6,12,60,test,2024-07-19 07:00:00+00:00,2024-07-19 10:00:00+00:00,1,1
de2d5b6678c27ef5c2cc,12,60,test,2024-07-19 11:00:00+00:00,2024-07-19 14:00:00+00:00,1,3
45d58ee489bf9fc7f6dc,12,60,test,2024-07-22 06:00:00+00:00,2024-07-22 14:00:00+00:00,-1,2
242c5c75e064ba9ae8dd,12,60,test,2024-07-22 16:00:00+00:00,2024-07-22 20:00:00+00:00,-1,3
3c9a424713c902bd280d,12,60,test,2024-07-23 17:00:00+00:00,2024-07-23 20:00:00+00:00,-1,2
6560f7927453b7ff3f54,12,60,test,2024-07-23 21:00:00+00:00,2024-07-24 00:00:00+00:00,1,3
f78df5df469e3b577756,12,60,test,2024-07-25 06:00:00+00:00,2024-07-25 08:00:00+00:00,-1,3
4c3a9d5af3255d95a1ff,12,60,test,2024-07-25 14:00:00+00:00,2024-07-25 16:00:00+00:00,1,2
939e148485a97f7c8405,12,60,test,2024-07-25 20:00:00+00:00,2024-07-25 22:00:00+00:00,-1,2
ef314d4f3aaef0e1670c,12,60,test,2024-07-26 00:00:00+00:00,2024-07-26 03:00:00+00:00,-1,0
a83f1a67b5e272f17997,12,60,test,2024-07-26 16:00:00+00:00,2024-07-26 18:00:00+00:00,1,2
916cb8cd0b4e762330a3,12,60,test,2024-07-26 20:00:00+00:00,2024-07-26 22:00:00+00:00,1,3
08d71a873bcdf1318828,12,60,test,2024-07-27 04:00:00+00:00,2024-07-27 14:00:00+00:00,-1,1
98bedf02cabd8c64f501,12,60,test,2024-07-27 15:00:00+00:00,2024-07-27 17:00:00+00:00,-1,3
f70c6d2921db62e81b18,12,60,test,2024-07-28 12:00:00+00:00,2024-07-28 15:00:00+00:00,-1,2
4818b01e8b7e86e44c09,12,60,test,2024-07-28 16:00:00+00:00,2024-07-28 20:00:00+00:00,-1,3
c73d4e60f1ca28e3e984,12,60,test,2024-07-29 08:00:00+00:00,2024-07-29 16:00:00+00:00,-1,0
800d7f4b91fbf913b763,12,60,test,2024-07-30 13:00:00+00:00,2024-07-30 16:00:00+00:00,1,1
9cb9c43ec2f34cc858aa,12,60,test,2024-07-30 17:00:00+00:00,2024-07-30 20:00:00+00:00,0,3
c4a620b164064462738f,12,60,test,2024-07-30 23:00:00+00:00,2024-07-31 07:00:00+00:00,-1,0
05fd97ed7c36803200ba,12,60,test,2024-08-01 06:00:00+00:00,2024-08-01 09:00:00+00:00,-1,3
218a42336b362b684f8a,12,60,test,2024-08-02 10:00:00+00:00,2024-08-02 13:00:00+00:00,-1,2
46771aae991c0c2e4b96,12,60,test,2024-08-02 14:00:00+00:00,2024-08-02 18:00:00+00:00,-1,3
8738b257b4389e76afc6,12,60,test,2024-08-03 19:00:00+00:00,2024-08-03 21:00:00+00:00,1,2
2dd6e220067a83d8d377,12,60,test,2024-08-05 08:00:00+00:00,2024-08-05 12:00:00+00:00,1,1
a679a6aa54347d57b48e,12,60,test,2024-08-05 14:00:00+00:00,2024-08-05 18:00:00+00:00,-1,3
750a130fcefd01c2eddd,12,60,test,2024-08-07 11:00:00+00:00,2024-08-07 18:00:00+00:00,1,1
c08fb9959e28b7b45d7a,12,60,test,2024-08-07 20:00:00+00:00,2024-08-08 01:00:00+00:00,-1,0
80254656ed3f2fdcd1e0,12,60,test,2024-08-08 08:00:00+00:00,2024-08-08 11:00:00+00:00,-1,2
a584df4c888a04465a79,12,60,test,2024-08-08 12:00:00+00:00,2024-08-08 15:00:00+00:00,-1,3
9c6a256b5a95fa506546,12,60,test,2024-08-12 02:00:00+00:00,2024-08-12 05:00:00+00:00,1,2
6578d067a1899629b713,12,60,test,2024-08-12 06:00:00+00:00,2024-08-12 10:00:00+00:00,1,1
e673bdd90c339789bf43,12,60,test,2024-08-12 11:00:00+00:00,2024-08-12 15:00:00+00:00,-1,3
9382490109caa70f5623,12,60,test,2024-08-12 22:00:00+00:00,2024-08-13 02:00:00+00:00,1,1
6f11dae8dbdae6d3b129,12,60,test,2024-08-13 03:00:00+00:00,2024-08-13 09:00:00+00:00,-1,0
ae6ad64cefc2a30a2a56,12,60,test,2024-08-13 19:00:00+00:00,2024-08-13 21:00:00+00:00,1,1
926cb4afb5f19c2a6647,12,60,test,2024-08-14 00:00:00+00:00,2024-08-14 02:00:00+00:00,-1,2
f3c8fab5e08e3c16b9bf,12,60,test,2024-08-14 04:00:00+00:00,2024-08-14 06:00:00+00:00,1,3
8b7e9363fea5e92a7907,12,60,test,2024-08-14 08:00:00+00:00,2024-08-14 10:00:00+00:00,1,2
6d2a0cf7eed449a245aa,12,60,test,2024-08-14 12:00:00+00:00,2024-08-14 14:00:00+00:00,-1,3
8d4cf62e0de481c29000,12,60,test,2024-08-16 23:00:00+00:00,2024-08-17 01:00:00+00:00,1,2
dde7f7dc03c3c8f01c61,12,60,test,2024-08-17 03:00:00+00:00,2024-08-17 05:00:00+00:00,-1,3
ea9519cb3d1a40f3e344,13,60,train,2024-02-17 11:00:00+00:00,2024-02-17 14:00:00+00:00,1,2
590cbec3ca337a5c80d1,13,60,train,2024-02-27 01:00:00+00:00,2024-02-27 03:00:00+00:00,1,2
c7653a7244a1f0dcc248,13,60,train,2024-02-27 20:00:00+00:00,2024-02-28 01:00:00+00:00,1,1
ad91aa28f4500761984b,13,60,train,2024-02-28 22:00:00+00:00,2024-02-29 00:00:00+00:00,-1,3
a3be2d7cbd5fbb17465e,13,60,train,2024-03-03 14:00:00+00:00,2024-03-03 22:00:00+00:00,1,1
e1ab0b4c8261a10fba99,13,60,train,2024-03-04 22:00:00+00:00,2024-03-05 00:00:00+00:00,-1,2
0d016ba04fd6b1512e3d,13,60,train,2024-03-11 22:00:00+00:00,2024-03-12 01:00:00+00:00,1,2
67531288223294c36a58,13,60,train,2024-03-12 20:00:00+00:00,2024-03-12 22:00:00+00:00,1,2
28c7c053a80bd7ec582d,13,60,train,2024-03-14 17:00:00+00:00,2024-03-14 19:00:00+00:00,-1,3
a4e974c66ba128371827,13,60,train,2024-03-15 20:00:00+00:00,2024-03-16 02:00:00+00:00,1,1
0d53fe66cc8a6ed9e034,13,60,train,2024-03-16 03:00:00+00:00,2024-03-16 07:00:00+00:00,1,3
7e52177dcda6b6bf23e3,13,60,train,2024-03-23 23:00:00+00:00,2024-03-24 01:00:00+00:00,-1,2
4fd19826c886274cbeab,13,60,train,2024-03-27 08:00:00+00:00,2024-03-27 11:00:00+00:00,1,1
4fc18b1b3801a41ffd59,13,60,validation,2024-07-08 23:00:00+00:00,2024-07-09 01:00:00+00:00,-1,2
92e0b7dcb3508490032b,13,60,test,2024-07-13 15:00:00+00:00,2024-07-13 19:00:00+00:00,-1,2
91bf35f87e2fe41b26d4,13,60,test,2024-07-13 23:00:00+00:00,2024-07-14 02:00:00+00:00,1,3
1e77950876baeca27180,13,60,test,2024-07-14 05:00:00+00:00,2024-07-14 07:00:00+00:00,-1,3
dcdb2492ce7c32431a91,13,60,test,2024-07-14 11:00:00+00:00,2024-07-14 18:00:00+00:00,1,2
c431f37e9baa2d09b070,13,60,test,2024-07-15 08:00:00+00:00,2024-07-15 11:00:00+00:00,-1,2
5159b3930c0d5663c673,13,60,test,2024-07-15 13:00:00+00:00,2024-07-15 15:00:00+00:00,1,3
44794d44c4f3cddd030c,13,60,test,2024-07-16 15:00:00+00:00,2024-07-16 19:00:00+00:00,-1,2
684579e89672b642f466,13,60,test,2024-07-16 23:00:00+00:00,2024-07-17 02:00:00+00:00,1,3
fec9942e6630b5fadbad,13,60,test,2024-07-17 05:00:00+00:00,2024-07-17 07:00:00+00:00,-1,3
220933442f1c3f5e41f6,13,60,test,2024-07-17 14:00:00+00:00,2024-07-17 17:00:00+00:00,-1,2
43b2ee725f1982096b03,13,60,test,2024-07-17 18:00:00+00:00,2024-07-17 21:00:00+00:00,1,3
0a78bd473ce58e7f0b60,13,60,test,2024-07-18 14:00:00+00:00,2024-07-18 16:00:00+00:00,1,1
e0ee34285017a1e2d383,13,60,test,2024-07-19 11:00:00+00:00,2024-07-19 13:00:00+00:00,0,3
f9cc1746cd6b7bcad0dc,13,60,test,2024-07-22 06:00:00+00:00,2024-07-22 13:00:00+00:00,-1,2
c31d303d883988bea85e,13,60,test,2024-07-23 09:00:00+00:00,2024-07-23 11:00:00+00:00,1,1
ce41a030bca0320370bc,13,60,test,2024-07-23 20:00:00+00:00,2024-07-23 22:00:00+00:00,1,3
4d5ddee488cde8607c19,13,60,test,2024-07-25 20:00:00+00:00,2024-07-25 22:00:00+00:00,-1,2
4ba9d3671f33d83caecd,13,60,test,2024-07-26 00:00:00+00:00,2024-07-26 02:00:00+00:00,-1,0
8fb5618856186b1960fe,13,60,test,2024-07-27 04:00:00+00:00,2024-07-27 08:00:00+00:00,1,1
313318bbc9034b1fd5c4,13,60,test,2024-07-27 09:00:00+00:00,2024-07-27 13:00:00+00:00,-1,3
1f5581f619ad18e57055,13,60,test,2024-07-28 12:00:00+00:00,2024-07-28 20:00:00+00:00,-1,0
e79bc402f2a7eaee3b22,13,60,test,2024-07-29 07:00:00+00:00,2024-07-29 11:00:00+00:00,1,1
a553acc98b79cdd05f29,13,60,test,2024-07-29 12:00:00+00:00,2024-07-29 17:00:00+00:00,-1,0
b081d0b6f72bfc57e822,13,60,test,2024-07-30 07:00:00+00:00,2024-07-30 10:00:00+00:00,1,1
40829f1f0126eb59985e,13,60,test,2024-07-30 11:00:00+00:00,2024-07-30 21:00:00+00:00,1,1
bb9f760d12ee20e32fc3,13,60,test,2024-07-31 19:00:00+00:00,2024-07-31 21:00:00+00:00,-1,3
694f1b6b8b49e76a1f9f,13,60,test,2024-07-31 22:00:00+00:00,2024-08-01 02:00:00+00:00,1,1
6a6408c0b15484622ac9,13,60,test,2024-08-01 03:00:00+00:00,2024-08-01 07:00:00+00:00,-1,3
b2de3a2e96fc8c5b904f,13,60,test,2024-08-02 07:00:00+00:00,2024-08-02 12:00:00+00:00,1,2
ec1ed62419c6c8aefc39,13,60,test,2024-08-02 14:00:00+00:00,2024-08-02 17:00:00+00:00,-1,3
8cb365c498fb306ac648,13,60,test,2024-08-03 19:00:00+00:00,2024-08-03 21:00:00+00:00,-1,2
869ac2c959ecf527bad9,13,60,test,2024-08-05 09:00:00+00:00,2024-08-05 12:00:00+00:00,-1,0
620cb43290e3920861c5,13,60,test,2024-08-05 13:00:00+00:00,2024-08-05 17:00:00+00:00,-1,0
7a5a9bd6f0d7830a18a2,13,60,test,2024-08-07 11:00:00+00:00,2024-08-07 16:00:00+00:00,-1,2
38f3a18eb331723849c6,13,60,test,2024-08-07 17:00:00+00:00,2024-08-08 00:00:00+00:00,-1,0
b3b6c0fd861a84757613,13,60,test,2024-08-08 16:00:00+00:00,2024-08-08 19:00:00+00:00,1,2
b68a9ec702c9d18136c1,13,60,test,2024-08-08 21:00:00+00:00,2024-08-08 23:00:00+00:00,-1,3
f51f4867d03b30b37513,13,60,test,2024-08-12 07:00:00+00:00,2024-08-12 10:00:00+00:00,-1,2
f40a39422756fc22dca7,13,60,test,2024-08-12 11:00:00+00:00,2024-08-12 14:00:00+00:00,-1,3
b28528172ab39a0a9036,13,60,test,2024-08-12 22:00:00+00:00,2024-08-13 02:00:00+00:00,1,1
7096c1a2f48b088b923a,13,60,test,2024-08-13 04:00:00+00:00,2024-08-13 08:00:00+00:00,-1,0
2821deabe8e7ede10d6e,13,60,test,2024-08-13 23:00:00+00:00,2024-08-14 07:00:00+00:00,-1,2
d5489bc84f1e7d3189b1,13,60,test,2024-08-16 23:00:00+00:00,2024-08-17 01:00:00+00:00,1,1
479515abbd6563ee55f9,13,60,test,2024-08-17 03:00:00+00:00,2024-08-17 05:00:00+00:00,0,3
522ea18e7dbe792f2c0c,14,60,train,2024-02-17 09:00:00+00:00,2024-02-17 15:00:00+00:00,1,1
8ede0153586fdf3a23a3,14,60,train,2024-02-27 01:00:00+00:00,2024-02-27 03:00:00+00:00,1,2
85909e44384a7a66dc1b,14,60,train,2024-02-27 21:00:00+00:00,2024-02-28 01:00:00+00:00,-1,2
96168118d33df78daaa1,14,60,train,2024-02-28 16:00:00+00:00,2024-02-28 19:00:00+00:00,1,1
b348846b3d1ef2a18f2b,14,60,train,2024-02-28 21:00:00+00:00,2024-02-29 00:00:00+00:00,-1,3
25a0b22958e4f2a5ba3f,14,60,train,2024-03-03 17:00:00+00:00,2024-03-03 22:00:00+00:00,1,1
435afafb4a4c6f244c57,14,60,train,2024-03-04 22:00:00+00:00,2024-03-05 00:00:00+00:00,1,2
1c6693bb3c72f6dd7da9,14,60,train,2024-03-14 07:00:00+00:00,2024-03-14 11:00:00+00:00,-1,0
d9aa847f9bb9edb69c14,14,60,train,2024-03-14 16:00:00+00:00,2024-03-14 18:00:00+00:00,-1,3
af74ddb74f5f7b982817,14,60,train,2024-03-15 20:00:00+00:00,2024-03-16 07:00:00+00:00,-1,1
a71045aff8a37b882506,14,60,train,2024-03-16 11:00:00+00:00,2024-03-16 13:00:00+00:00,-1,2
967bdd5a4a3da3d8a86b,14,60,train,2024-03-16 15:00:00+00:00,2024-03-16 17:00:00+00:00,-1,3
911866c3f5b73d0b7b23,14,60,train,2024-03-16 23:00:00+00:00,2024-03-17 01:00:00+00:00,1,2
ef22ee4513319bb1807f,14,60,train,2024-03-21 22:00:00+00:00,2024-03-22 00:00:00+00:00,-1,2
189385b1d96cf5cd97aa,14,60,train,2024-03-23 19:00:00+00:00,2024-03-23 21:00:00+00:00,1,3
27764b679134ef4cb574,14,60,train,2024-03-31 20:00:00+00:00,2024-03-31 22:00:00+00:00,1,2
45b8ea736f43b7a6b648,14,60,train,2024-04-02 01:00:00+00:00,2024-04-02 04:00:00+00:00,1,3
1c7f1b35d8ff2bdc4796,14,60,test,2024-07-13 15:00:00+00:00,2024-07-13 20:00:00+00:00,1,1
5c875ec3e7a2d5616bd2,14,60,test,2024-07-13 21:00:00+00:00,2024-07-14 01:00:00+00:00,-1,0
bb23c4651a004e107fb5,14,60,test,2024-07-14 05:00:00+00:00,2024-07-14 08:00:00+00:00,1,3
c7a176e42debeab205b3,14,60,test,2024-07-14 10:00:00+00:00,2024-07-14 16:00:00+00:00,1,1
da3c1359bcb36a136720,14,60,test,2024-07-14 21:00:00+00:00,2024-07-14 23:00:00+00:00,-1,3
60df93c617eaccb0cfb4,14,60,test,2024-07-15 10:00:00+00:00,2024-07-15 14:00:00+00:00,-1,3
efe8e939e2a2376c7dae,14,60,test,2024-07-16 15:00:00+00:00,2024-07-16 20:00:00+00:00,1,1
6c8a15b3a8746b67d4f6,14,60,test,2024-07-16 21:00:00+00:00,2024-07-17 01:00:00+00:00,-1,0
94a89befc6d019098410,14,60,test,2024-07-17 05:00:00+00:00,2024-07-17 08:00:00+00:00,1,3
f39ca36d4e646a0f9866,14,60,test,2024-07-17 15:00:00+00:00,2024-07-17 18:00:00+00:00,1,1
5082a02d4c56ee370601,14,60,test,2024-07-17 19:00:00+00:00,2024-07-17 21:00:00+00:00,1,3
d315437c58637730b5d5,14,60,test,2024-07-20 04:00:00+00:00,2024-07-20 06:00:00+00:00,0,3
bf2e0c84ee39f52f3eb4,14,60,test,2024-07-21 07:00:00+00:00,2024-07-21 09:00:00+00:00,-1,2
9b1392d2ac9a161659b9,14,60,test,2024-07-22 02:00:00+00:00,2024-07-22 04:00:00+00:00,1,2
c49ea26937399614f00b,14,60,test,2024-07-22 07:00:00+00:00,2024-07-22 10:00:00+00:00,-1,0
911793b5f417119c79d9,14,60,test,2024-07-22 11:00:00+00:00,2024-07-22 18:00:00+00:00,-1,0
372b73e96d3ccbde39ff,14,60,test,2024-07-23 16:00:00+00:00,2024-07-24 00:00:00+00:00,-1,2
5a6e8d199f696992d5b3,14,60,test,2024-07-24 17:00:00+00:00,2024-07-24 19:00:00+00:00,1,2
0ab8b5126e7de7b54214,14,60,test,2024-07-26 01:00:00+00:00,2024-07-26 03:00:00+00:00,-1,3
cb1e18a88ac329af4d01,14,60,test,2024-07-27 04:00:00+00:00,2024-07-27 14:00:00+00:00,-1,1
cb82857dbc2c8e047e4d,14,60,test,2024-07-28 12:00:00+00:00,2024-07-28 20:00:00+00:00,-1,0
b38a0027f7d009be7319,14,60,test,2024-07-30 23:00:00+00:00,2024-07-31 11:00:00+00:00,-1,0
5295e9c55847f4b8ae9e,14,60,test,2024-07-31 12:00:00+00:00,2024-07-31 15:00:00+00:00,1,3
e291f1af6cc96290df3f,14,60,test,2024-07-31 16:00:00+00:00,2024-07-31 20:00:00+00:00,-1,0
0a2f00d96c44bdeda8bb,14,60,test,2024-08-01 07:00:00+00:00,2024-08-01 10:00:00+00:00,-1,3
4cbe430df7add75d8180,14,60,test,2024-08-02 07:00:00+00:00,2024-08-02 09:00:00+00:00,1,2
60399a4601d6fbfb9a85,14,60,test,2024-08-02 10:00:00+00:00,2024-08-02 12:00:00+00:00,1,2
c554d5de304f91bc6532,14,60,test,2024-08-02 14:00:00+00:00,2024-08-02 17:00:00+00:00,-1,3
2d29f3c09918ceffa901,14,60,test,2024-08-03 19:00:00+00:00,2024-08-03 21:00:00+00:00,1,2
7c453fec4691b41e3a24,14,60,test,2024-08-03 23:00:00+00:00,2024-08-04 01:00:00+00:00,-1,3
f5c8cded741a1e267618,14,60,test,2024-08-04 18:00:00+00:00,2024-08-04 20:00:00+00:00,1,2
276de19bd5923b2c9fa3,14,60,test,2024-08-05 09:00:00+00:00,2024-08-05 11:00:00+00:00,-1,2
3684f6ceb46b159a9393,14,60,test,2024-08-05 13:00:00+00:00,2024-08-05 15:00:00+00:00,-1,3
ad95abbfbb92e2c141a0,14,60,test,2024-08-07 11:00:00+00:00,2024-08-07 15:00:00+00:00,1,2
8b8e8f782da98c48382f,14,60,test,2024-08-07 16:00:00+00:00,2024-08-07 19:00:00+00:00,1,2
f2b6ca199e671b044498,14,60,test,2024-08-07 20:00:00+00:00,2024-08-08 00:00:00+00:00,-1,3
b721c0c4653e9f087dfc,14,60,test,2024-08-08 08:00:00+00:00,2024-08-08 11:00:00+00:00,-1,2
125860ba884f2513fe8a,14,60,test,2024-08-08 12:00:00+00:00,2024-08-08 15:00:00+00:00,0,3
bd9a0a064be2c2c9d1a0,14,60,test,2024-08-09 03:00:00+00:00,2024-08-09 06:00:00+00:00,1,2
1a37ff6d1f31f4108e20,14,60,test,2024-08-12 02:00:00+00:00,2024-08-12 05:00:00+00:00,-1,2
474ec17b44fe698924c2,14,60,test,2024-08-12 06:00:00+00:00,2024-08-12 08:00:00+00:00,1,1
152fcb2d85bd7ca57632,14,60,test,2024-08-12 11:00:00+00:00,2024-08-12 14:00:00+00:00,-1,3
6bd6bf6ba869058ec512,14,60,test,2024-08-12 23:00:00+00:00,2024-08-13 08:00:00+00:00,-1,0
d3a827803542e8fbfd1f,14,60,test,2024-08-14 00:00:00+00:00,2024-08-14 03:00:00+00:00,-1,0
7fd21c42a54c0d390ea2,14,60,test,2024-08-14 04:00:00+00:00,2024-08-14 06:00:00+00:00,1,3
290d331a3c4d3adaed57,14,60,test,2024-08-14 08:00:00+00:00,2024-08-14 10:00:00+00:00,-1,2
f24e7c038330326f318b,14,60,test,2024-08-14 12:00:00+00:00,2024-08-14 14:00:00+00:00,-1,3
fd18e66790220dcdfeed,14,60,test,2024-08-16 18:00:00+00:00,2024-08-16 20:00:00+00:00,-1,2
8fbe91984c359bba5a03,14,60,test,2024-08-17 03:00:00+00:00,2024-08-17 05:00:00+00:00,-1,3
4c790b3709d10d43d631,14,60,test,2024-08-17 20:00:00+00:00,2024-08-17 22:00:00+00:00,-1,2
2227d6b2ea177f3328a6,15,60,train,2024-02-17 09:00:00+00:00,2024-02-17 14:00:00+00:00,1,1
818b22605e7eb88a8430,15,60,train,2024-02-22 22:00:00+00:00,2024-02-23 00:00:00+00:00,1,2
7b7796389c4700b14b0b,15,60,train,2024-02-26 22:00:00+00:00,2024-02-27 00:00:00+00:00,1,2
773afaa634582fc76c0e,15,60,train,2024-02-27 01:00:00+00:00,2024-02-27 03:00:00+00:00,1,2
3da3410d398891edd8ff,15,60,train,2024-02-27 21:00:00+00:00,2024-02-28 00:00:00+00:00,-1,2
d9884c474e10e801e70b,15,60,train,2024-02-28 20:00:00+00:00,2024-02-29 00:00:00+00:00,-1,3
f54b4c27d4fa6277cfb2,15,60,train,2024-03-03 17:00:00+00:00,2024-03-03 22:00:00+00:00,1,1
eb3fb54624375f9ee947,15,60,train,2024-03-04 22:00:00+00:00,2024-03-05 00:00:00+00:00,1,2
ff56f3c43d4bb665a048,15,60,train,2024-03-14 06:00:00+00:00,2024-03-14 11:00:00+00:00,-1,0
9a985d278d5a81f5ceef,15,60,train,2024-03-14 15:00:00+00:00,2024-03-14 18:00:00+00:00,-1,3
cbc342e7f5cdd80c4860,15,60,train,2024-03-15 20:00:00+00:00,2024-03-16 01:00:00+00:00,1,1
322d5491358a68ea62fe,15,60,train,2024-03-16 02:00:00+00:00,2024-03-16 06:00:00+00:00,-1,3
d1e569ad6729c4409421,15,60,train,2024-03-16 11:00:00+00:00,2024-03-16 13:00:00+00:00,-1,2
776d474c85ef62f516ff,15,60,train,2024-03-21 22:00:00+00:00,2024-03-22 00:00:00+00:00,-1,0
27a00836ac8b1cd4360d,15,60,train,2024-03-23 19:00:00+00:00,2024-03-23 21:00:00+00:00,1,3
52e3b1bc9286a23856e3,15,60,train,2024-03-31 20:00:00+00:00,2024-03-31 22:00:00+00:00,1,2
5e20d29a192d1aa8b444,15,60,train,2024-04-04 19:00:00+00:00,2024-04-05 00:00:00+00:00,1,1
ed3d5e162f0a564bda2a,15,60,test,2024-07-13 15:00:00+00:00,2024-07-13 20:00:00+00:00,1,1
72ef642a52ae569c06d2,15,60,test,2024-07-13 21:00:00+00:00,2024-07-14 01:00:00+00:00,-1,0
451234922f59c578d10d,15,60,test,2024-07-14 02:00:00+00:00,2024-07-14 04:00:00+00:00,-1,2
ab219e3980feacf8d3c9,15,60,test,2024-07-14 05:00:00+00:00,2024-07-14 08:00:00+00:00,-1,3
c338cbc11bfcb7ab71b9,15,60,test,2024-07-14 10:00:00+00:00,2024-07-14 12:00:00+00:00,-1,2
c1b07de532654d46677c,15,60,test,2024-07-14 13:00:00+00:00,2024-07-14 20:00:00+00:00,-1,2
ed7a6dd237f5301687f4,15,60,test,2024-07-14 21:00:00+00:00,2024-07-14 23:00:00+00:00,-1,3
fd92b57e4d6b202a9b83,15,60,test,2024-07-15 10:00:00+00:00,2024-07-15 14:00:00+00:00,-1,3
18910f3bd750b14a8fc3,15,60,test,2024-07-16 15:00:00+00:00,2024-07-16 20:00:00+00:00,1,1
20b1759163e4f4e13292,15,60,test,2024-07-16 21:00:00+00:00,2024-07-17 01:00:00+00:00,-1,0
3734f3d5fcdebcaa37ba,15,60,test,2024-07-17 02:00:00+00:00,2024-07-17 04:00:00+00:00,-1,2
558fd42de325c2d32274,15,60,test,2024-07-17 05:00:00+00:00,2024-07-17 08:00:00+00:00,-1,3
2408936e60d30ff9add1,15,60,test,2024-07-17 14:00:00+00:00,2024-07-17 17:00:00+00:00,-1,2
c791fd187c264962b8cd,15,60,test,2024-07-17 18:00:00+00:00,2024-07-17 21:00:00+00:00,1,3
650fb04f1b3914949740,15,60,test,2024-07-18 14:00:00+00:00,2024-07-18 17:00:00+00:00,-1,2
4e9254b40c0d1b4aa447,15,60,test,2024-07-18 18:00:00+00:00,2024-07-18 20:00:00+00:00,1,3
1637f294b932d6236846,15,60,test,2024-07-19 04:00:00+00:00,2024-07-19 06:00:00+00:00,1,3
7555909c936ab141f4dd,15,60,test,2024-07-19 07:00:00+00:00,2024-07-19 09:00:00+00:00,-1,2
ec0768e10c5b6a646c9f,15,60,test,2024-07-19 11:00:00+00:00,2024-07-19 13:00:00+00:00,0,3
f95e8a3ae182112695be,15,60,test,2024-07-19 14:00:00+00:00,2024-07-19 17:00:00+00:00,-1,2
f72dda2c7a9745b32c07,15,60,test,2024-07-19 18:00:00+00:00,2024-07-19 20:00:00+00:00,1,3
2f209c7f9f4ac4b9be28,15,60,test,2024-07-20 04:00:00+00:00,2024-07-20 06:00:00+00:00,0,3
e3e5eadc2c83cd43f796,15,60,test,2024-07-21 07:00:00+00:00,2024-07-21 09:00:00+00:00,1,1
9f39723202c3b359ba74,15,60,test,2024-07-21 11:00:00+00:00,2024-07-21 13:00:00+00:00,1,3
54d4b642e358bf6cdd9c,15,60,test,2024-07-22 07:00:00+00:00,2024-07-22 10:00:00+00:00,-1,2
ea7bde85ac0390e74643,15,60,test,2024-07-22 15:00:00+00:00,2024-07-22 17:00:00+00:00,-1,3
a282a0b0dcfe581e1fae,15,60,test,2024-07-23 17:00:00+00:00,2024-07-24 00:00:00+00:00,-1,0
ae0d237704a0d8e26cf1,15,60,test,2024-07-25 20:00:00+00:00,2024-07-25 22:00:00+00:00,1,2
761aa3c5dd7f42a0bf54,15,60,test,2024-07-26 00:00:00+00:00,2024-07-26 02:00:00+00:00,-1,3
4a0bdf128c439b10245d,15,60,test,2024-07-26 03:00:00+00:00,2024-07-26 05:00:00+00:00,1,3
73f7e084e3c55387f426,15,60,test,2024-07-27 05:00:00+00:00,2024-07-27 09:00:00+00:00,1,1
44db5a514140fed066e0,15,60,test,2024-07-27 10:00:00+00:00,2024-07-27 14:00:00+00:00,-1,3
6f82429ae8d6f02b74b2,15,60,test,2024-07-27 15:00:00+00:00,2024-07-27 17:00:00+00:00,1,3
fa0bf96c28a102bf8dc4,15,60,test,2024-07-28 11:00:00+00:00,2024-07-28 20:00:00+00:00,-1,0
a9103a9f424ed025b9cd,15,60,test,2024-07-29 07:00:00+00:00,2024-07-29 11:00:00+00:00,1,2
596350293f5aee6aa9d2,15,60,test,2024-07-29 13:00:00+00:00,2024-07-29 17:00:00+00:00,-1,3
5cf5b25f43428bd10db4,15,60,test,2024-07-30 06:00:00+00:00,2024-07-30 08:00:00+00:00,1,1
dd2c9773c10bbd666613,15,60,test,2024-07-30 10:00:00+00:00,2024-07-30 12:00:00+00:00,0,3
b48b570549ff3fd298ce,15,60,test,2024-07-30 14:00:00+00:00,2024-07-30 16:00:00+00:00,1,2
37c42bd001a366a29b1f,15,60,test,2024-07-30 18:00:00+00:00,2024-07-30 20:00:00+00:00,1,3
18a7a0c62b829af8b1fe,15,60,test,2024-07-31 04:00:00+00:00,2024-07-31 06:00:00+00:00,0,3
32451a05cdd3f2320b48,15,60,test,2024-07-31 07:00:00+00:00,2024-07-31 10:00:00+00:00,1,2
e32b78833b595ac7253f,15,60,test,2024-07-31 12:00:00+00:00,2024-07-31 14:00:00+00:00,-1,3
36e144ff43bc5e432978,15,60,test,2024-07-31 16:00:00+00:00,2024-07-31 18:00:00+00:00,-1,2
ac9733d82d2b0e6da7e8,15,60,test,2024-08-01 05:00:00+00:00,2024-08-01 08:00:00+00:00,-1,3
68f25aa6641ca92d5490,15,60,test,2024-08-02 06:00:00+00:00,2024-08-02 09:00:00+00:00,1,1
e6ccc687f11fda99890d,15,60,test,2024-08-02 10:00:00+00:00,2024-08-02 12:00:00+00:00,1,2
b01d3a4ab1dde6b5a4a2,15,60,test,2024-08-02 13:00:00+00:00,2024-08-02 18:00:00+00:00,-1,0
420e27a18f49ae5b5b55,15,60,test,2024-08-03 19:00:00+00:00,2024-08-03 21:00:00+00:00,1,2
b50457b7453b163b6ce8,15,60,test,2024-08-03 23:00:00+00:00,2024-08-04 01:00:00+00:00,-1,3
4bbdc90efb2c906728d8,15,60,test,2024-08-04 23:00:00+00:00,2024-08-05 01:00:00+00:00,-1,3
cffdd1e969d34bb4cb74,15,60,test,2024-08-05 23:00:00+00:00,2024-08-06 01:00:00+00:00,-1,2
f80908c5a592673ed104,15,60,test,2024-08-06 03:00:00+00:00,2024-08-06 05:00:00+00:00,0,3
07e3ab56cf3e2558cd4d,15,60,test,2024-08-07 11:00:00+00:00,2024-08-07 18:00:00+00:00,1,1
54a3205bc6c35536e0ea,15,60,test,2024-08-07 19:00:00+00:00,2024-08-08 00:00:00+00:00,-1,0
bee9e79280dd4441dfbd,15,60,test,2024-08-08 08:00:00+00:00,2024-08-08 10:00:00+00:00,-1,2
f4ef9165eaaab13ec3e2,15,60,test,2024-08-08 12:00:00+00:00,2024-08-08 15:00:00+00:00,-1,3
b79d5db2a3251f4c7342,15,60,test,2024-08-09 03:00:00+00:00,2024-08-09 05:00:00+00:00,1,2
aec03348b7627aaa831f,15,60,test,2024-08-10 06:00:00+00:00,2024-08-10 08:00:00+00:00,1,2
3c7ed2ba5e4129afa157,15,60,test,2024-08-12 02:00:00+00:00,2024-08-12 05:00:00+00:00,1,2
1ba652e587755b24bd5d,15,60,test,2024-08-12 07:00:00+00:00,2024-08-12 10:00:00+00:00,1,2
18cf1354a4a91fc4d971,15,60,test,2024-08-12 11:00:00+00:00,2024-08-12 15:00:00+00:00,-1,3
072a8928e533b3d85d63,15,60,test,2024-08-12 23:00:00+00:00,2024-08-13 03:00:00+00:00,1,2
e88c5e8ba9f2ec1d70bc,15,60,test,2024-08-13 04:00:00+00:00,2024-08-13 09:00:00+00:00,-1,0
54252d50dfb5c5096729,15,60,test,2024-08-13 23:00:00+00:00,2024-08-14 03:00:00+00:00,-1,1
8c5c95a2d2f4c6b249a5,15,60,test,2024-08-14 04:00:00+00:00,2024-08-14 09:00:00+00:00,1,3
179ad850b18a90411da7,15,60,test,2024-08-14 12:00:00+00:00,2024-08-14 14:00:00+00:00,1,3
f08f13803787c8cd2149,15,60,test,2024-08-16 18:00:00+00:00,2024-08-16 20:00:00+00:00,1,2
754e009554b5b9d16802,15,60,test,2024-08-17 03:00:00+00:00,2024-08-17 05:00:00+00:00,-1,3
1c983c1cd35c489a14b2,16,60,train,2024-02-17 01:00:00+00:00,2024-02-17 04:00:00+00:00,1,1
09234099c7eb966f187f,16,60,train,2024-02-17 12:00:00+00:00,2024-02-17 14:00:00+00:00,-1,2
c8bcd34b277e74e80522,16,60,train,2024-02-17 23:00:00+00:00,2024-02-18 04:00:00+00:00,-1,0
6633060ef0e8f3bf727e,16,60,train,2024-02-27 20:00:00+00:00,2024-02-28 01:00:00+00:00,1,1
9cd1868844ada4b329ba,16,60,train,2024-03-03 14:00:00+00:00,2024-03-03 17:00:00+00:00,-1,2
3743a69329d1c68a0a5e,16,60,train,2024-03-03 19:00:00+00:00,2024-03-03 23:00:00+00:00,-1,2
6edbb61658f332356f8f,16,60,train,2024-03-04 22:00:00+00:00,2024-03-05 01:00:00+00:00,-1,2
9bb2e9c94af5b10b7f91,16,60,train,2024-03-11 22:00:00+00:00,2024-03-12 01:00:00+00:00,1,2
2e63b88fef03a5e2a04f,16,60,train,2024-03-14 16:00:00+00:00,2024-03-14 18:00:00+00:00,1,3
10280a2a2442c0c850b5,16,60,train,2024-03-15 21:00:00+00:00,2024-03-16 02:00:00+00:00,1,1
0fae39ef8e63f9b0e918,16,60,test,2024-07-12 19:00:00+00:00,2024-07-12 21:00:00+00:00,0,3
b0386058ca9524fa48a6,16,60,test,2024-07-13 15:00:00+00:00,2024-07-13 19:00:00+00:00,-1,2
d90af0491ec6f84be202,16,60,test,2024-07-13 23:00:00+00:00,2024-07-14 01:00:00+00:00,-1,3
6b296351b89d79cc9914,16,60,test,2024-07-14 05:00:00+00:00,2024-07-14 07:00:00+00:00,-1,3
d0535f82c4fe1205abe4,16,60,test,2024-07-14 09:00:00+00:00,2024-07-14 13:00:00+00:00,1,2
b466823e27275115a2a5,16,60,test,2024-07-15 10:00:00+00:00,2024-07-15 12:00:00+00:00,1,3
b1c68340cd5d538d26d0,16,60,test,2024-07-15 19:00:00+00:00,2024-07-15 21:00:00+00:00,0,3
86b883f7f604a8e40daf,16,60,test,2024-07-16 15:00:00+00:00,2024-07-16 19:00:00+00:00,-1,2
a85dfa1f2f6aea43b598,16,60,test,2024-07-16 23:00:00+00:00,2024-07-17 01:00:00+00:00,-1,3
b003e295ad9001ca16f1,16,60,test,2024-07-17 05:00:00+00:00,2024-07-17 07:00:00+00:00,-1,3
8e1c0f6dd86dc1301e7f,16,60,test,2024-07-17 13:00:00+00:00,2024-07-17 22:00:00+00:00,1,1
9fefb7cfbb5c5f251d0d,16,60,test,2024-07-19 05:00:00+00:00,2024-07-19 10:00:00+00:00,1,2
668567bea9050d2e74bc,16,60,test,2024-07-19 12:00:00+00:00,2024-07-19 15:00:00+00:00,0,3
1dc358278d69ea1633de,16,60,test,2024-07-21 14:00:00+00:00,2024-07-21 16:00:00+00:00,-1,2
308b9e4e4d14538e50b2,16,60,test,2024-07-21 18:00:00+00:00,2024-07-21 21:00:00+00:00,1,3
fc5587923ebe1f8d7456,16,60,test,2024-07-22 06:00:00+00:00,2024-07-22 08:00:00+00:00,1,2
9630975a178986184485,16,60,test,2024-07-22 09:00:00+00:00,2024-07-22 12:00:00+00:00,-1,0
3b9ed2785780bbf97be8,16,60,test,2024-07-22 17:00:00+00:00,2024-07-22 19:00:00+00:00,-1,3
b4277b39d9d2d6497cfa,16,60,test,2024-07-23 08:00:00+00:00,2024-07-23 11:00:00+00:00,-1,2
6ce7065fc068ad399973,16,60,test,2024-07-23 12:00:00+00:00,2024-07-23 16:00:00+00:00,-1,3
e6b97a4650a2df622e30,16,60,test,2024-07-23 17:00:00+00:00,2024-07-23 19:00:00+00:00,1,2
613a457d83ce60b012aa,16,60,test,2024-07-23 21:00:00+00:00,2024-07-23 23:00:00+00:00,1,3
56de8b81f19456ea6050,16,60,test,2024-07-27 05:00:00+00:00,2024-07-27 13:00:00+00:00,-1,0
50f050b80f663a374b2c,16,60,test,2024-07-28 15:00:00+00:00,2024-07-28 18:00:00+00:00,-1,0
6d8ffb8ce0e231aa603b,16,60,test,2024-07-29 07:00:00+00:00,2024-07-29 12:00:00+00:00,1,1
66f331d5adb7b8f7f2df,16,60,test,2024-07-29 13:00:00+00:00,2024-07-29 17:00:00+00:00,-1,3
a09fced2343695ef3462,16,60,test,2024-07-30 13:00:00+00:00,2024-07-30 16:00:00+00:00,-1,2
001de3199d61a0d38121,16,60,test,2024-07-30 17:00:00+00:00,2024-07-30 20:00:00+00:00,1,3
f420208d6eb562aa7c26,16,60,test,2024-07-31 13:00:00+00:00,2024-07-31 15:00:00+00:00,1,3
f5560e8c86a9dd204ae0,16,60,test,2024-07-31 21:00:00+00:00,2024-08-01 00:00:00+00:00,1,3
a6e36d88a6c05e2a74a9,16,60,test,2024-08-01 06:00:00+00:00,2024-08-01 10:00:00+00:00,-1,0
54825d8baa1d3f40a16c,16,60,test,2024-08-02 06:00:00+00:00,2024-08-02 09:00:00+00:00,1,1
630b0e1aa996bf7ee852,16,60,test,2024-08-02 10:00:00+00:00,2024-08-02 13:00:00+00:00,-1,0
9b2e3027075696f9fcca,16,60,test,2024-08-02 14:00:00+00:00,2024-08-02 17:00:00+00:00,1,3
1feaa969a72d4f262b70,16,60,test,2024-08-05 09:00:00+00:00,2024-08-05 11:00:00+00:00,-1,0
4a1b7970ceaff02ccf13,16,60,test,2024-08-07 11:00:00+00:00,2024-08-07 18:00:00+00:00,1,2
81d1554b35e4d77d69f2,16,60,test,2024-08-07 19:00:00+00:00,2024-08-08 00:00:00+00:00,-1,0
6a55e73c3ada1d3e4f72,16,60,test,2024-08-08 17:00:00+00:00,2024-08-08 19:00:00+00:00,-1,2
a857b793769fda900d55,16,60,test,2024-08-10 06:00:00+00:00,2024-08-10 08:00:00+00:00,-1,2
0cfd5eabd67cca8a11af,16,60,test,2024-08-10 10:00:00+00:00,2024-08-10 12:00:00+00:00,-1,3
16aef6efcb4969c52752,16,60,test,2024-08-12 02:00:00+00:00,2024-08-12 04:00:00+00:00,-1,2
10e2dfa8276bcbd2fc15,16,60,test,2024-08-12 05:00:00+00:00,2024-08-12 07:00:00+00:00,1,3
f03a7f223ad054de6f14,16,60,test,2024-08-12 08:00:00+00:00,2024-08-12 10:00:00+00:00,-1,2
97085dee510766bfdbf4,16,60,test,2024-08-12 11:00:00+00:00,2024-08-12 15:00:00+00:00,-1,3
d9990cc415f184b42c9f,16,60,test,2024-08-12 23:00:00+00:00,2024-08-13 01:00:00+00:00,-1,2
89bcccbe7327255f7c52,16,60,test,2024-08-13 02:00:00+00:00,2024-08-13 05:00:00+00:00,-1,2
89d706fbd76e5013504c,16,60,test,2024-08-13 06:00:00+00:00,2024-08-13 08:00:00+00:00,0,3
ca757cff825b54b88166,16,60,test,2024-08-13 23:00:00+00:00,2024-08-14 02:00:00+00:00,1,1
74fd4d747cb3b6c87cc3,16,60,test,2024-08-14 04:00:00+00:00,2024-08-14 09:00:00+00:00,1,3
c2ccd5c0726734599bfc,16,60,test,2024-08-14 12:00:00+00:00,2024-08-14 14:00:00+00:00,-1,3
0dd3b94bfe69b7d8addd,16,60,test,2024-08-16 16:00:00+00:00,2024-08-16 18:00:00+00:00,1,2
d74f5928136af1b3f70a,16,60,test,2024-08-17 03:00:00+00:00,2024-08-17 05:00:00+00:00,0,3
890dd546143101476dfc,16,60,test,2024-08-17 17:00:00+00:00,2024-08-17 19:00:00+00:00,1,2
6de932fd70038edc5c45,17,60,train,2024-02-17 09:00:00+00:00,2024-02-17 14:00:00+00:00,1,1
2086950a2ad4f1d77c1f,17,60,train,2024-02-26 22:00:00+00:00,2024-02-27 00:00:00+00:00,1,2
622837f1cbdff9effc78,17,60,train,2024-02-27 20:00:00+00:00,2024-02-28 01:00:00+00:00,1,1
0faea511a15aff3c0890,17,60,train,2024-02-28 16:00:00+00:00,2024-02-28 19:00:00+00:00,1,1
874cd38d1606ad9d62e5,17,60,train,2024-02-28 20:00:00+00:00,2024-02-29 00:00:00+00:00,-1,3
f6fcb15cb2aa2fd35dde,17,60,train,2024-03-03 17:00:00+00:00,2024-03-03 22:00:00+00:00,1,1
52fb9407f654232579c8,17,60,train,2024-03-04 22:00:00+00:00,2024-03-05 00:00:00+00:00,1,2
d8b47f330299a97791a3,17,60,train,2024-03-14 06:00:00+00:00,2024-03-14 09:00:00+00:00,-1,0
f85406fbff9638d9d4b0,17,60,train,2024-03-14 13:00:00+00:00,2024-03-14 15:00:00+00:00,-1,0
08f39dd94026402e4e21,17,60,train,2024-03-14 16:00:00+00:00,2024-03-14 18:00:00+00:00,-1,3
b9486dbc4dab5a0c84b2,17,60,train,2024-03-15 20:00:00+00:00,2024-03-16 07:00:00+00:00,-1,1
14d9de3c135ad5424268,17,60,train,2024-03-16 11:00:00+00:00,2024-03-16 13:00:00+00:00,-1,2
991eb04824495a650643,17,60,train,2024-03-21 21:00:00+00:00,2024-03-22 00:00:00+00:00,1,1
323eb97df2cb91c4e012,17,60,train,2024-03-27 08:00:00+00:00,2024-03-27 10:00:00+00:00,1,2
407fae1560bd3f345a42,17,60,train,2024-03-31 20:00:00+00:00,2024-03-31 23:00:00+00:00,1,1
f0fd35d037fca9973c61,17,60,train,2024-04-02 02:00:00+00:00,2024-04-02 06:00:00+00:00,-1,3
6af4d76e4845ab8fc5b2,17,60,train,2024-04-04 13:00:00+00:00,2024-04-04 20:00:00+00:00,-1,0
c6d710f7ba7345bf2697,17,60,test,2024-07-12 19:00:00+00:00,2024-07-12 21:00:00+00:00,0,3
e250c5a68f38292bada8,17,60,test,2024-07-13 15:00:00+00:00,2024-07-13 19:00:00+00:00,-1,1
be3c80eaf7f706a74a6a,17,60,test,2024-07-13 23:00:00+00:00,2024-07-14 01:00:00+00:00,1,3
879e6799d84eae160372,17,60,test,2024-07-14 05:00:00+00:00,2024-07-14 07:00:00+00:00,-1,3
dd8ec4473289b7fc4ada,17,60,test,2024-07-14 10:00:00+00:00,2024-07-14 14:00:00+00:00,-1,1
5527ee4c7d0a60fa7d97,17,60,test,2024-07-15 12:00:00+00:00,2024-07-15 15:00:00+00:00,-1,0
e81663efe9547dd399fb,17,60,test,2024-07-15 19:00:00+00:00,2024-07-15 21:00:00+00:00,0,3
b2d8b61b41fb45f9c9d8,17,60,test,2024-07-16 15:00:00+00:00,2024-07-16 19:00:00+00:00,-1,1
32fb283e6adff5fbcec5,17,60,test,2024-07-16 23:00:00+00:00,2024-07-17 01:00:00+00:00,1,3
df5107194a510f73c47c,17,60,test,2024-07-17 05:00:00+00:00,2024-07-17 07:00:00+00:00,-1,3
6ba8bb2d187961349142,17,60,test,2024-07-17 14:00:00+00:00,2024-07-17 17:00:00+00:00,1,2
16c443083cba3f2f9519,17,60,test,2024-07-17 18:00:00+00:00,2024-07-17 23:00:00+00:00,1,3
d723844e4b9ecaefc54c,17,60,test,2024-07-18 01:00:00+00:00,2024-07-18 03:00:00+00:00,0,3
e8aee86bb1c1c7e8c767,17,60,test,2024-07-18 14:00:00+00:00,2024-07-18 16:00:00+00:00,1,2
3a31955eda5d32fc8ddf,17,60,test,2024-07-18 18:00:00+00:00,2024-07-18 20:00:00+00:00,1,3
2cea3ddb15bc48b2b606,17,60,test,2024-07-19 07:00:00+00:00,2024-07-19 10:00:00+00:00,1,1
7d292f10932345dc1fab,17,60,test,2024-07-19 11:00:00+00:00,2024-07-19 14:00:00+00:00,0,3
99107f1f4a0d8b722571,17,60,test,2024-07-19 18:00:00+00:00,2024-07-19 20:00:00+00:00,1,3
100f6a4319624495cabe,17,60,test,2024-07-21 08:00:00+00:00,2024-07-21 11:00:00+00:00,-1,2
93600b4580fba64f7e25,17,60,test,2024-07-21 12:00:00+00:00,2024-07-21 14:00:00+00:00,1,3
110fd307cd9605931d18,17,60,test,2024-07-22 06:00:00+00:00,2024-07-22 10:00:00+00:00,1,2
9a616858e3af6492aa6d,17,60,test,2024-07-22 15:00:00+00:00,2024-07-22 18:00:00+00:00,1,3
8292b7595de239931115,17,60,test,2024-07-23 08:00:00+00:00,2024-07-23 11:00:00+00:00,1,1
f59c1394cf432fa73a57,17,60,test,2024-07-23 13:00:00+00:00,2024-07-23 15:00:00+00:00,1,3
9133e5362cb4b835af64,17,60,test,2024-07-23 17:00:00+00:00,2024-07-24 00:00:00+00:00,-1,0
4df0a758ecec943a3ae3,17,60,test,2024-07-25 20:00:00+00:00,2024-07-25 22:00:00+00:00,1,2
5003df30877b1abceaac,17,60,test,2024-07-26 00:00:00+00:00,2024-07-26 02:00:00+00:00,-1,3
1fecaad72c7abfc83b2d,17,60,test,2024-07-27 05:00:00+00:00,2024-07-27 14:00:00+00:00,-1,0
74618e6fcc851f079802,17,60,test,2024-07-28 11:00:00+00:00,2024-07-28 15:00:00+00:00,1,1
6c98240422417567cfac,17,60,test,2024-07-28 16:00:00+00:00,2024-07-28 20:00:00+00:00,-1,3
31e5d760d745b7b8bf50,17,60,test,2024-07-29 10:00:00+00:00,2024-07-29 12:00:00+00:00,1,2
21b28f3cc88fd1453bce,17,60,test,2024-07-29 14:00:00+00:00,2024-07-29 17:00:00+00:00,0,3
d15cde43311fbf31e465,17,60,test,2024-07-30 06:00:00+00:00,2024-07-30 09:00:00+00:00,1,2
1694c981dadb670462f0,17,60,test,2024-07-30 10:00:00+00:00,2024-07-30 13:00:00+00:00,0,3
8d58777fe1df6d1314e8,17,60,test,2024-07-30 14:00:00+00:00,2024-07-30 16:00:00+00:00,1,2
90c56ef5fb4400c8f582,17,60,test,2024-07-30 18:00:00+00:00,2024-07-30 20:00:00+00:00,1,3
414de2f34f9c60679925,17,60,test,2024-07-31 01:00:00+00:00,2024-07-31 03:00:00+00:00,1,2
866e953e10d9351c68da,17,60,test,2024-08-01 00:00:00+00:00,2024-08-01 02:00:00+00:00,-1,2
c5da22d48be4eded0b19,17,60,test,2024-08-01 04:00:00+00:00,2024-08-01 09:00:00+00:00,-1,0
69ba98c424b161a788a0,17,60,test,2024-08-02 07:00:00+00:00,2024-08-02 09:00:00+00:00,1,2
f7d5972b13b7d8e69fd0,17,60,test,2024-08-02 10:00:00+00:00,2024-08-02 12:00:00+00:00,1,1
742e2747a607dbeb5ceb,17,60,test,2024-08-02 13:00:00+00:00,2024-08-02 18:00:00+00:00,-1,0
94d3dc8a8e8dee57a206,17,60,test,2024-08-03 19:00:00+00:00,2024-08-03 21:00:00+00:00,1,2
e44932e3b34efe983a41,17,60,test,2024-08-03 23:00:00+00:00,2024-08-04 01:00:00+00:00,-1,3
c5b2951a5cf9cdf841a3,17,60,test,2024-08-04 22:00:00+00:00,2024-08-05 01:00:00+00:00,-1,3
e9a3f215f0a119afe1c8,17,60,test,2024-08-07 11:00:00+00:00,2024-08-07 15:00:00+00:00,1,2
8a7872667de6d2ba382d,17,60,test,2024-08-07 16:00:00+00:00,2024-08-07 18:00:00+00:00,1,2
c7a379e7377eb7159f1b,17,60,test,2024-08-07 20:00:00+00:00,2024-08-08 00:00:00+00:00,1,3
265b73a5282c68b568d4,17,60,test,2024-08-08 08:00:00+00:00,2024-08-08 10:00:00+00:00,-1,2
344e58ace52cd4336215,17,60,test,2024-08-08 12:00:00+00:00,2024-08-08 15:00:00+00:00,-1,3
5a1b09805bd1b20b2573,17,60,test,2024-08-12 02:00:00+00:00,2024-08-12 05:00:00+00:00,1,2
e492914a8a337c4abb71,17,60,test,2024-08-12 06:00:00+00:00,2024-08-12 08:00:00+00:00,-1,3
b74d8f4bd73046a00ee1,17,60,test,2024-08-12 09:00:00+00:00,2024-08-12 11:00:00+00:00,-1,2
3b528e5a77d98875a6e3,17,60,test,2024-08-12 12:00:00+00:00,2024-08-12 15:00:00+00:00,-1,3
88707fdf5e27a77dc6bd,17,60,test,2024-08-12 23:00:00+00:00,2024-08-13 03:00:00+00:00,-1,2
cf8fea5b19a74d1a4cd5,17,60,test,2024-08-13 04:00:00+00:00,2024-08-13 09:00:00+00:00,-1,0
f990b69dce956e38fe43,17,60,test,2024-08-14 00:00:00+00:00,2024-08-14 03:00:00+00:00,-1,1
fedd3c2d4fdd82e289b8,17,60,test,2024-08-14 04:00:00+00:00,2024-08-14 10:00:00+00:00,1,3
67d94127d8bcbaef5e5c,17,60,test,2024-08-14 12:00:00+00:00,2024-08-14 14:00:00+00:00,-1,3
89aedfe38d2f70022662,17,60,test,2024-08-16 18:00:00+00:00,2024-08-16 20:00:00+00:00,1,2
fdbc2574c4b83ed028f6,17,60,test,2024-08-17 03:00:00+00:00,2024-08-17 07:00:00+00:00,-1,3
380553171eefbd0c9d35,18,60,train,2024-02-17 05:00:00+00:00,2024-02-17 07:00:00+00:00,1,1
c15a30395840e1ed9aea,18,60,train,2024-02-17 10:00:00+00:00,2024-02-17 14:00:00+00:00,1,2
a4d45ca3121c4ec27621,18,60,train,2024-02-26 22:00:00+00:00,2024-02-27 03:00:00+00:00,1,1
d9cdeafc0d7c0f23e6cc,18,60,train,2024-02-27 20:00:00+00:00,2024-02-28 01:00:00+00:00,1,1
317cd6468501d643df00,18,60,train,2024-02-28 17:00:00+00:00,2024-02-28 19:00:00+00:00,-1,2
85bca24664c3ac0345d5,18,60,train,2024-02-28 21:00:00+00:00,2024-02-28 23:00:00+00:00,-1,3
8dd664a42bcc3daed65d,18,60,train,2024-03-03 14:00:00+00:00,2024-03-03 16:00:00+00:00,1,2
62272484c7373d12b4f8,18,60,train,2024-03-03 20:00:00+00:00,2024-03-04 02:00:00+00:00,-1,0
023ccaaf2e582e445575,18,60,train,2024-03-14 08:00:00+00:00,2024-03-14 12:00:00+00:00,-1,0
928723746b5c4273fe4d,18,60,train,2024-03-15 21:00:00+00:00,2024-03-16 02:00:00+00:00,1,1
6a73e28ce2c54bb17036,18,60,train,2024-03-16 03:00:00+00:00,2024-03-16 08:00:00+00:00,-1,3
e4c6256e780fe31369c1,18,60,train,2024-03-23 19:00:00+00:00,2024-03-23 21:00:00+00:00,1,3
2df301039bd30a4e7ee2,18,60,test,2024-07-13 15:00:00+00:00,2024-07-14 03:00:00+00:00,-1,1
fd2ee000a040bdb2c4d2,18,60,test,2024-07-14 11:00:00+00:00,2024-07-14 15:00:00+00:00,1,1
499e69305ff081c12469,18,60,test,2024-07-15 08:00:00+00:00,2024-07-15 10:00:00+00:00,-1,2
4f11e053f75fbbc5807a,18,60,test,2024-07-15 12:00:00+00:00,2024-07-15 16:00:00+00:00,1,3
1c8757d31b6b461b8fd3,18,60,test,2024-07-16 15:00:00+00:00,2024-07-17 03:00:00+00:00,-1,1
e7b1cbede2faa72a934d,18,60,test,2024-07-17 14:00:00+00:00,2024-07-17 22:00:00+00:00,-1,0
5987335231dc7da0f290,18,60,test,2024-07-19 08:00:00+00:00,2024-07-19 11:00:00+00:00,1,2
54ba8038b49973d56d36,18,60,test,2024-07-19 12:00:00+00:00,2024-07-19 15:00:00+00:00,-1,0
1916ce84f4c9ab3ee75b,18,60,test,2024-07-21 08:00:00+00:00,2024-07-21 10:00:00+00:00,1,2
20ef0ae9a82cad9b670f,18,60,test,2024-07-22 06:00:00+00:00,2024-07-22 13:00:00+00:00,-1,2
80cf1bcf0d00f43ec7e8,18,60,test,2024-07-22 16:00:00+00:00,2024-07-22 19:00:00+00:00,-1,3
ca20f55ef83baee8812b,18,60,test,2024-07-23 08:00:00+00:00,2024-07-23 11:00:00+00:00,1,2
7196caa25c55a0a78be7,18,60,test,2024-07-23 13:00:00+00:00,2024-07-23 15:00:00+00:00,1,3
c3856ce3756a1ed6f778,18,60,test,2024-07-23 18:00:00+00:00,2024-07-23 21:00:00+00:00,-1,2
e1c2857c7d85de640d94,18,60,test,2024-07-23 22:00:00+00:00,2024-07-24 01:00:00+00:00,-1,3
f61ba875cd6bd53361cd,18,60,test,2024-07-27 05:00:00+00:00,2024-07-27 13:00:00+00:00,-1,0
c97ebc9cb0ece032295f,18,60,test,2024-07-28 11:00:00+00:00,2024-07-28 13:00:00+00:00,1,1
ceeb14881d52e9090584,18,60,test,2024-07-28 21:00:00+00:00,2024-07-29 00:00:00+00:00,1,3
b5ad4aaa0758160b1438,18,60,test,2024-07-29 10:00:00+00:00,2024-07-29 12:00:00+00:00,-1,2
352d14acb94a7ea878c7,18,60,test,2024-07-29 14:00:00+00:00,2024-07-29 17:00:00+00:00,-1,0
5aafce6527c6e83a7114,18,60,test,2024-07-30 13:00:00+00:00,2024-07-30 16:00:00+00:00,1,1
266dc18d520834510681,18,60,test,2024-07-30 17:00:00+00:00,2024-07-30 20:00:00+00:00,-1,3
c80b7b0ad31b2ef4ca96,18,60,test,2024-07-31 07:00:00+00:00,2024-07-31 09:00:00+00:00,-1,2
41c2778508212e6377b5,18,60,test,2024-07-31 14:00:00+00:00,2024-07-31 17:00:00+00:00,1,3
cbca9b53705fc9c66eae,18,60,test,2024-07-31 23:00:00+00:00,2024-08-01 02:00:00+00:00,1,2
149374c5f3a2f3cf5578,18,60,test,2024-08-01 03:00:00+00:00,2024-08-01 07:00:00+00:00,1,3
05f0f7d20377abe328b7,18,60,test,2024-08-02 08:00:00+00:00,2024-08-02 12:00:00+00:00,1,2
aab73bc35d44c13d2b3a,18,60,test,2024-08-02 13:00:00+00:00,2024-08-02 18:00:00+00:00,-1,0
cb626fe1fbabf80735e7,18,60,test,2024-08-03 00:00:00+00:00,2024-08-03 02:00:00+00:00,1,2
d0a45d4f995a8d1db490,18,60,test,2024-08-03 04:00:00+00:00,2024-08-03 06:00:00+00:00,1,3
0c130c6b2300daed1094,18,60,test,2024-08-05 09:00:00+00:00,2024-08-05 12:00:00+00:00,1,2
f053fb3db41c477ad977,18,60,test,2024-08-05 15:00:00+00:00,2024-08-05 18:00:00+00:00,1,3
5d6a3c781317297cf252,18,60,test,2024-08-07 19:00:00+00:00,2024-08-07 21:00:00+00:00,-1,0
b010e09e17fea0dc8e63,18,60,test,2024-08-07 23:00:00+00:00,2024-08-08 01:00:00+00:00,-1,3
c581cbcb90a4ce04ba77,18,60,test,2024-08-08 09:00:00+00:00,2024-08-08 11:00:00+00:00,1,2
624e7a4af321d48d56ab,18,60,test,2024-08-08 12:00:00+00:00,2024-08-08 15:00:00+00:00,-1,3
0a8c971b9e0922b8474d,18,60,test,2024-08-09 04:00:00+00:00,2024-08-09 06:00:00+00:00,1,2
962469d5034519f1d7a6,18,60,test,2024-08-11 16:00:00+00:00,2024-08-11 19:00:00+00:00,1,1
9c92f91483a1078a789d,18,60,test,2024-08-11 20:00:00+00:00,2024-08-11 23:00:00+00:00,-1,3
9692269e46195d4ca7c1,18,60,test,2024-08-12 02:00:00+00:00,2024-08-12 04:00:00+00:00,-1,2
45a02b5770404f0c7b56,18,60,test,2024-08-12 07:00:00+00:00,2024-08-12 15:00:00+00:00,-1,0
4f9eb7e3ba6a35dd4e47,18,60,test,2024-08-12 23:00:00+00:00,2024-08-13 01:00:00+00:00,-1,2
82c0fd8b132076d87a8c,18,60,test,2024-08-13 06:00:00+00:00,2024-08-13 10:00:00+00:00,-1,3
49f7172f30cd830edf03,18,60,test,2024-08-14 00:00:00+00:00,2024-08-14 03:00:00+00:00,-1,2
e537fb278448bb703ba4,18,60,test,2024-08-14 04:00:00+00:00,2024-08-14 11:00:00+00:00,1,3
edb268ef9e63fb0bda39,18,60,test,2024-08-14 12:00:00+00:00,2024-08-14 15:00:00+00:00,-1,3
fa5970bf2845db28adf1,18,60,test,2024-08-17 17:00:00+00:00,2024-08-17 19:00:00+00:00,-1,2
2612fb8d3152bfa7d25a,19,60,train,2024-02-17 07:00:00+00:00,2024-02-17 12:00:00+00:00,1,1
1b75a4e8dbc9990f7c93,19,60,train,2024-02-17 13:00:00+00:00,2024-02-17 15:00:00+00:00,1,2
9b6d860d2ccc0fdbbc08,19,60,train,2024-02-18 01:00:00+00:00,2024-02-18 04:00:00+00:00,-1,0
3b4a54426688201decc3,19,60,train,2024-02-27 20:00:00+00:00,2024-02-28 01:00:00+00:00,1,1
0d4ce4b3a92eb844b631,19,60,train,2024-02-28 21:00:00+00:00,2024-02-29 00:00:00+00:00,-1,3
c6cd36663ef92e89abc4,19,60,train,2024-03-03 14:00:00+00:00,2024-03-03 19:00:00+00:00,1,2
5aed40874ffc2e0604ed,19,60,train,2024-03-03 20:00:00+00:00,2024-03-03 22:00:00+00:00,-1,2
d2ea3c0900ac607c936b,19,60,train,2024-03-14 16:00:00+00:00,2024-03-14 18:00:00+00:00,-1,3
377d7fef089a6237e233,19,60,train,2024-03-15 02:00:00+00:00,2024-03-15 05:00:00+00:00,1,2
59831c092c26ebb48350,19,60,train,2024-03-15 21:00:00+00:00,2024-03-16 07:00:00+00:00,-1,2
a20ee8da175b7add58bb,19,60,train,2024-03-16 11:00:00+00:00,2024-03-16 13:00:00+00:00,1,2
30aa06ba64f0c370a424,19,60,train,2024-03-23 19:00:00+00:00,2024-03-23 22:00:00+00:00,1,3
d11e336ad9c7b21d6c03,19,60,validation,2024-07-08 20:00:00+00:00,2024-07-08 22:00:00+00:00,1,3
db119fa7df7883b9fb05,19,60,test,2024-07-13 15:00:00+00:00,2024-07-13 19:00:00+00:00,1,2
189d890ef5fb1e8c7f9a,19,60,test,2024-07-13 20:00:00+00:00,2024-07-14 01:00:00+00:00,-1,0
6ced24060244222959d8,19,60,test,2024-07-14 05:00:00+00:00,2024-07-14 07:00:00+00:00,-1,3
669f839e85b930a31e70,19,60,test,2024-07-14 10:00:00+00:00,2024-07-14 13:00:00+00:00,1,2
700d65425671db9c1c32,19,60,test,2024-07-14 14:00:00+00:00,2024-07-14 18:00:00+00:00,-1,2
badacf502fb609a6b7e6,19,60,test,2024-07-15 08:00:00+00:00,2024-07-15 10:00:00+00:00,-1,2
1771c2c7ee683862e5e8,19,60,test,2024-07-15 11:00:00+00:00,2024-07-15 15:00:00+00:00,-1,3
0875e7a2b0ebf126d9b4,19,60,test,2024-07-16 15:00:00+00:00,2024-07-16 19:00:00+00:00,1,2
094dbb29cd4293d7bdc1,19,60,test,2024-07-16 20:00:00+00:00,2024-07-17 01:00:00+00:00,-1,0
2259730c52995ea43893,19,60,test,2024-07-17 05:00:00+00:00,2024-07-17 07:00:00+00:00,-1,3
d6f767ea42e62a21a59b,19,60,test,2024-07-17 12:00:00+00:00,2024-07-17 14:00:00+00:00,0,3
c897ddd8e99d8d16d037,19,60,test,2024-07-17 15:00:00+00:00,2024-07-17 17:00:00+00:00,1,2
71a9a6e6332e3c8db02e,19,60,test,2024-07-17 19:00:00+00:00,2024-07-17 21:00:00+00:00,-1,3
e29d7debf88243bffb38,19,60,test,2024-07-19 06:00:00+00:00,2024-07-19 10:00:00+00:00,1,1
7b4905cf417f5a2b5460,19,60,test,2024-07-19 12:00:00+00:00,2024-07-19 14:00:00+00:00,0,3
c1eca066e8203ac3f6ee,19,60,test,2024-07-21 07:00:00+00:00,2024-07-21 09:00:00+00:00,-1,2
7bf294ac843afdfdf5cd,19,60,test,2024-07-21 23:00:00+00:00,2024-07-22 01:00:00+00:00,1,3
e7d162a1991e73714a1a,19,60,test,2024-07-22 06:00:00+00:00,2024-07-22 13:00:00+00:00,1,1
70da28e34ae17ab55cf3,19,60,test,2024-07-22 14:00:00+00:00,2024-07-22 19:00:00+00:00,-1,0
1cf46e3e18a155b3e249,19,60,test,2024-07-23 08:00:00+00:00,2024-07-23 12:00:00+00:00,1,2
243aa1cd801c7c1d4242,19,60,test,2024-07-23 13:00:00+00:00,2024-07-23 16:00:00+00:00,1,3
d44468e48c1ffd6d474e,19,60,test,2024-07-27 05:00:00+00:00,2024-07-27 13:00:00+00:00,-1,2
3c8b3d4b4225d47587a3,19,60,test,2024-07-28 12:00:00+00:00,2024-07-28 15:00:00+00:00,-1,2
9c22784ba2699520052e,19,60,test,2024-07-28 16:00:00+00:00,2024-07-28 19:00:00+00:00,-1,0
f3518d0b41c490044b27,19,60,test,2024-07-29 07:00:00+00:00,2024-07-29 11:00:00+00:00,1,1
44b426c4af2a8478d5c7,19,60,test,2024-07-29 12:00:00+00:00,2024-07-29 16:00:00+00:00,-1,3
2cdb34d0d4f9bc4c83f9,19,60,test,2024-07-30 04:00:00+00:00,2024-07-30 06:00:00+00:00,0,3
8d8ee19a7cd205c00d2e,19,60,test,2024-07-30 09:00:00+00:00,2024-07-30 11:00:00+00:00,1,2
63d80b3716b5341b0fd4,19,60,test,2024-07-30 14:00:00+00:00,2024-07-30 20:00:00+00:00,-1,0
cdb48008254b9e3d3bcb,19,60,test,2024-07-31 07:00:00+00:00,2024-07-31 09:00:00+00:00,-1,2
9050190d84484a0f7e08,19,60,test,2024-07-31 13:00:00+00:00,2024-07-31 15:00:00+00:00,1,3
4796cdda1f6f032c0d4a,19,60,test,2024-07-31 23:00:00+00:00,2024-08-01 03:00:00+00:00,1,2
5ce06cf2071aab8dd15f,19,60,test,2024-08-01 05:00:00+00:00,2024-08-01 10:00:00+00:00,-1,3
8aee95c968a96c2eabae,19,60,test,2024-08-02 07:00:00+00:00,2024-08-02 11:00:00+00:00,1,2
d8daffb71f8db7fe19b2,19,60,test,2024-08-02 12:00:00+00:00,2024-08-02 18:00:00+00:00,-1,0
4b77e344f6c9669c31fb,19,60,test,2024-08-03 04:00:00+00:00,2024-08-03 06:00:00+00:00,1,3
b0b9ea6c22168c572fbc,19,60,test,2024-08-05 08:00:00+00:00,2024-08-05 12:00:00+00:00,1,1
bec253d4f2b6885e55c0,19,60,test,2024-08-05 13:00:00+00:00,2024-08-05 18:00:00+00:00,-1,0
81c08aaf67a284d13222,19,60,test,2024-08-07 11:00:00+00:00,2024-08-07 18:00:00+00:00,1,1
e9a304bdc3ea8b0f81e2,19,60,test,2024-08-07 19:00:00+00:00,2024-08-08 00:00:00+00:00,-1,0
ede728552c8f1f9ae364,19,60,test,2024-08-08 16:00:00+00:00,2024-08-08 18:00:00+00:00,1,2
fbc7c0d2894bc38771f5,19,60,test,2024-08-09 04:00:00+00:00,2024-08-09 06:00:00+00:00,-1,2
885dac068caea590d966,19,60,test,2024-08-12 02:00:00+00:00,2024-08-12 04:00:00+00:00,1,2
8666377b4b9dd604ef67,19,60,test,2024-08-12 07:00:00+00:00,2024-08-12 10:00:00+00:00,1,2
0f256e6891a24249f622,19,60,test,2024-08-12 11:00:00+00:00,2024-08-12 16:00:00+00:00,1,3
31dd43c2dff48fd14f82,19,60,test,2024-08-12 23:00:00+00:00,2024-08-13 01:00:00+00:00,-1,2
17c824c4dccffa8eec4f,19,60,test,2024-08-13 04:00:00+00:00,2024-08-13 08:00:00+00:00,-1,3
b36c3e521872971734d5,19,60,test,2024-08-13 23:00:00+00:00,2024-08-14 07:00:00+00:00,-1,1
277ec142596cc1279e8b,19,60,test,2024-08-14 08:00:00+00:00,2024-08-14 10:00:00+00:00,-1,2
c7f9e6c4d0c8355416b4,19,60,test,2024-08-14 12:00:00+00:00,2024-08-14 14:00:00+00:00,-1,3
3dacefa8ac5068d7b893,19,60,test,2024-08-15 07:00:00+00:00,2024-08-15 09:00:00+00:00,-1,2
cfe4bd7c90f00d61cfc7,19,60,test,2024-08-15 11:00:00+00:00,2024-08-15 13:00:00+00:00,-1,3
f095e6dacfd26d021f12,19,60,test,2024-08-16 16:00:00+00:00,2024-08-16 18:00:00+00:00,-1,2
3d4c74a5b9df3fd7ea42,19,60,test,2024-08-17 17:00:00+00:00,2024-08-17 20:00:00+00:00,1,1
8c8b2d01490b998b00a0,19,60,test,2024-08-17 22:00:00+00:00,2024-08-18 00:00:00+00:00,-1,3
111420e68eb30c01be0f,20,60,train,2024-02-17 04:00:00+00:00,2024-02-17 06:00:00+00:00,1,3
b57b8356889ceb2484c5,20,60,train,2024-02-17 11:00:00+00:00,2024-02-17 14:00:00+00:00,1,2
9d22a517b15987760c59,20,60,train,2024-02-18 02:00:00+00:00,2024-02-18 04:00:00+00:00,-1,3
2795bd7550bd0699a9fe,20,60,train,2024-02-26 22:00:00+00:00,2024-02-27 02:00:00+00:00,1,2
ec74c76ef2634e47c038,20,60,train,2024-02-27 20:00:00+00:00,2024-02-28 01:00:00+00:00,1,1
6ce60486377816a378df,20,60,train,2024-02-28 17:00:00+00:00,2024-02-28 19:00:00+00:00,-1,0
6fc04499634755818f04,20,60,train,2024-02-28 21:00:00+00:00,2024-02-29 00:00:00+00:00,-1,3
c9e8a4c63cd47dfad29d,20,60,train,2024-03-03 14:00:00+00:00,2024-03-03 16:00:00+00:00,1,1
bd866a83324e55d910ae,20,60,train,2024-03-03 17:00:00+00:00,2024-03-04 02:00:00+00:00,1,1
9d4e9b1de3ad5c733f93,20,60,train,2024-03-12 20:00:00+00:00,2024-03-12 23:00:00+00:00,-1,2
4563828662ce91d01ace,20,60,train,2024-03-14 05:00:00+00:00,2024-03-14 09:00:00+00:00,-1,2
59a9f302b21a9e23a891,20,60,train,2024-03-15 21:00:00+00:00,2024-03-16 06:00:00+00:00,-1,2
b97cb71ce8906a9e376d,20,60,train,2024-03-16 07:00:00+00:00,2024-03-16 09:00:00+00:00,-1,3
8619e74065f236beed2a,20,60,train,2024-03-16 11:00:00+00:00,2024-03-16 13:00:00+00:00,1,2
0e4a1bb21ecf0b0d8fa0,20,60,train,2024-03-23 19:00:00+00:00,2024-03-23 21:00:00+00:00,1,3
774872754d5f5b13eb62,20,60,train,2024-04-02 00:00:00+00:00,2024-04-02 02:00:00+00:00,-1,0
c3bf467e04e76b711028,20,60,test,2024-07-12 19:00:00+00:00,2024-07-12 21:00:00+00:00,0,3
008adcb577739e7a3f02,20,60,test,2024-07-13 15:00:00+00:00,2024-07-13 21:00:00+00:00,1,1
b44b9c2e87bf251d6471,20,60,test,2024-07-13 23:00:00+00:00,2024-07-14 01:00:00+00:00,-1,3
e2a9f50bacbc81460b96,20,60,test,2024-07-14 05:00:00+00:00,2024-07-14 07:00:00+00:00,-1,3
aad94661e45b87aaceea,20,60,test,2024-07-14 10:00:00+00:00,2024-07-14 15:00:00+00:00,1,1
d015cca2a73cca169daa,20,60,test,2024-07-14 16:00:00+00:00,2024-07-14 19:00:00+00:00,-1,2
76fa727f7014e11fb72b,20,60,test,2024-07-15 08:00:00+00:00,2024-07-15 14:00:00+00:00,-1,0
a65cfdd4afa5d37c110a,20,60,test,2024-07-15 19:00:00+00:00,2024-07-15 21:00:00+00:00,0,3
4caa3a79c60c5abf7579,20,60,test,2024-07-16 15:00:00+00:00,2024-07-16 21:00:00+00:00,1,1
7dcbd700fed1c44d22ad,20,60,test,2024-07-16 23:00:00+00:00,2024-07-17 01:00:00+00:00,-1,3
e6898c3d2fdc0724014c,20,60,test,2024-07-17 05:00:00+00:00,2024-07-17 07:00:00+00:00,-1,3
10a5dd277edb840ec756,20,60,test,2024-07-17 14:00:00+00:00,2024-07-17 17:00:00+00:00,-1,2
d0b089cdff86f8884fa5,20,60,test,2024-07-17 18:00:00+00:00,2024-07-17 21:00:00+00:00,1,3
c29a4617c179ede8e59e,20,60,test,2024-07-19 07:00:00+00:00,2024-07-19 09:00:00+00:00,1,2
31f529b0e445868ddd48,20,60,test,2024-07-19 11:00:00+00:00,2024-07-19 14:00:00+00:00,1,3
33bde1582a5620f2ce79,20,60,test,2024-07-22 06:00:00+00:00,2024-07-22 10:00:00+00:00,1,1
0135493c27f1e9bd25f3,20,60,test,2024-07-22 11:00:00+00:00,2024-07-22 14:00:00+00:00,1,3
6c10943fadea5644ea21,20,60,test,2024-07-22 17:00:00+00:00,2024-07-22 19:00:00+00:00,-1,3
26903b06c2611c1486bf,20,60,test,2024-07-23 08:00:00+00:00,2024-07-23 10:00:00+00:00,1,1
a5e02c396babd8368570,20,60,test,2024-07-23 18:00:00+00:00,2024-07-23 21:00:00+00:00,-1,0
3bff439a206728419c1f,20,60,test,2024-07-23 22:00:00+00:00,2024-07-24 00:00:00+00:00,-1,3
b663086049d3510859bc,20,60,test,2024-07-24 17:00:00+00:00,2024-07-24 19:00:00+00:00,1,1
f1c819fdd9d22e44d74d,20,60,test,2024-07-26 16:00:00+00:00,2024-07-26 18:00:00+00:00,1,2
91ffd9455ad70725f870,20,60,test,2024-07-26 20:00:00+00:00,2024-07-26 22:00:00+00:00,0,3
4c89ab5f7d51bed58056,20,60,test,2024-07-27 04:00:00+00:00,2024-07-27 08:00:00+00:00,1,1
d2420576260c4df751c8,20,60,test,2024-07-27 09:00:00+00:00,2024-07-27 12:00:00+00:00,1,3
169dac1b931658bf0aaf,20,60,test,2024-07-28 12:00:00+00:00,2024-07-28 15:00:00+00:00,-1,2
722df1bbc63b32b1e9ab,20,60,test,2024-07-28 16:00:00+00:00,2024-07-28 19:00:00+00:00,-1,3
3185c6c257c39d241a65,20,60,test,2024-07-29 07:00:00+00:00,2024-07-29 09:00:00+00:00,1,1
4189c98c11dcfb784bb8,20,60,test,2024-07-29 14:00:00+00:00,2024-07-29 17:00:00+00:00,-1,3
61027af506bf2923b5cc,20,60,test,2024-07-30 13:00:00+00:00,2024-07-30 16:00:00+00:00,1,1
6e3d6985bc33d3eda05f,20,60,test,2024-07-30 17:00:00+00:00,2024-07-30 20:00:00+00:00,1,3
115b777a15157fd72227,20,60,test,2024-07-31 07:00:00+00:00,2024-07-31 09:00:00+00:00,-1,2
51c2850a9891f425c0ef,20,60,test,2024-07-31 19:00:00+00:00,2024-08-01 00:00:00+00:00,1,3
3bc5b66090d3aed17d69,20,60,test,2024-08-01 07:00:00+00:00,2024-08-01 09:00:00+00:00,1,3
4b4d49f7d55fd81091ea,20,60,test,2024-08-02 07:00:00+00:00,2024-08-02 09:00:00+00:00,-1,2
434c30ce348178ac69eb,20,60,test,2024-08-02 14:00:00+00:00,2024-08-02 18:00:00+00:00,1,3
1695987a2dc3f695a710,20,60,test,2024-08-03 19:00:00+00:00,2024-08-03 21:00:00+00:00,1,2
acfa35d402579f4b3b96,20,60,test,2024-08-03 23:00:00+00:00,2024-08-04 01:00:00+00:00,-1,3
d781d873a7099765b844,20,60,test,2024-08-05 08:00:00+00:00,2024-08-05 12:00:00+00:00,1,2
8330366e1f5e70942046,20,60,test,2024-08-05 15:00:00+00:00,2024-08-05 17:00:00+00:00,1,3
ac043c073a82409ab859,20,60,test,2024-08-07 11:00:00+00:00,2024-08-07 18:00:00+00:00,1,1
346f06335690a46b4957,20,60,test,2024-08-07 20:00:00+00:00,2024-08-08 00:00:00+00:00,-1,3
2aaadca7943d7019dd75,20,60,test,2024-08-08 08:00:00+00:00,2024-08-08 10:00:00+00:00,-1,2
9d25861e6f86a72365b8,20,60,test,2024-08-08 12:00:00+00:00,2024-08-08 14:00:00+00:00,-1,3
0897cd6837efb4c56c53,20,60,test,2024-08-08 16:00:00+00:00,2024-08-08 18:00:00+00:00,-1,2
7fe9564c4eb58eb95916,20,60,test,2024-08-11 15:00:00+00:00,2024-08-11 17:00:00+00:00,1,1
c6e2b439d03ab0b7bc9a,20,60,test,2024-08-12 00:00:00+00:00,2024-08-12 04:00:00+00:00,1,2
370157cf2dbc84cb3c30,20,60,test,2024-08-12 05:00:00+00:00,2024-08-12 10:00:00+00:00,1,1
50ae4f63bc23347958f2,20,60,test,2024-08-12 11:00:00+00:00,2024-08-12 16:00:00+00:00,1,3
fa73a407247f9f39d56c,20,60,test,2024-08-12 22:00:00+00:00,2024-08-13 00:00:00+00:00,1,1
d870bee6370456dbb7f0,20,60,test,2024-08-13 04:00:00+00:00,2024-08-13 08:00:00+00:00,-1,0
dce9932304cd2039819a,20,60,test,2024-08-13 19:00:00+00:00,2024-08-13 21:00:00+00:00,1,3
9bc5b4ad0f440012ea37,20,60,test,2024-08-13 23:00:00+00:00,2024-08-14 03:00:00+00:00,-1,1
f3cb0cdd97f6189ca86d,20,60,test,2024-08-14 04:00:00+00:00,2024-08-14 10:00:00+00:00,1,3
7e565c13c17a866111af,20,60,test,2024-08-14 12:00:00+00:00,2024-08-14 14:00:00+00:00,-1,3
7986de7a3363ea05cf3a,20,60,test,2024-08-16 16:00:00+00:00,2024-08-16 18:00:00+00:00,-1,2
d8be9a7f8559744ca8ba,20,60,test,2024-08-17 03:00:00+00:00,2024-08-17 05:00:00+00:00,-1,3
8bb719f0600ebdfeabcd,20,60,test,2024-08-17 17:00:00+00:00,2024-08-17 20:00:00+00:00,1,1
8c1273d308dcb4e1e288,20,60,test,2024-08-17 22:00:00+00:00,2024-08-18 01:00:00+00:00,-1,3
e2fc75088ae92da716cc,21,60,train,2024-02-17 07:00:00+00:00,2024-02-17 09:00:00+00:00,-1,2
3520877c7e37a1706cda,21,60,train,2024-02-26 22:00:00+00:00,2024-02-27 03:00:00+00:00,1,2
6d394a093fb23d418ff6,21,60,train,2024-02-27 21:00:00+00:00,2024-02-28 01:00:00+00:00,-1,2
01670aa3be6cf32eb498,21,60,train,2024-02-28 17:00:00+00:00,2024-02-28 19:00:00+00:00,-1,2
8564c90108fb3940e5a9,21,60,train,2024-02-28 21:00:00+00:00,2024-02-28 23:00:00+00:00,-1,3
96c75c5c5c78de33bd4b,21,60,train,2024-03-03 14:00:00+00:00,2024-03-03 19:00:00+00:00,1,1
c3f9507847c70ae5fecb,21,60,train,2024-03-03 20:00:00+00:00,2024-03-03 22:00:00+00:00,-1,2
5fcd19a9eb53264da176,21,60,train,2024-03-12 20:00:00+00:00,2024-03-12 23:00:00+00:00,1,1
ca442d03189dc4c6af52,21,60,train,2024-03-14 16:00:00+00:00,2024-03-14 18:00:00+00:00,-1,3
88d1274dcf038c07deea,21,60,train,2024-03-15 21:00:00+00:00,2024-03-16 07:00:00+00:00,-1,2
9b79bef8288e201a1cc9,21,60,train,2024-03-16 11:00:00+00:00,2024-03-16 13:00:00+00:00,1,2
0f6bed99e7e318d711f4,21,60,train,2024-03-31 12:00:00+00:00,2024-03-31 14:00:00+00:00,-1,3
e5c637c6364b92d67b06,21,60,train,2024-04-04 12:00:00+00:00,2024-04-04 16:00:00+00:00,1,1
66bbbc515be5d644f7fa,21,60,test,2024-07-13 15:00:00+00:00,2024-07-14 01:00:00+00:00,-1,1
f0f066768a6ab26d8aa8,21,60,test,2024-07-14 05:00:00+00:00,2024-07-14 08:00:00+00:00,-1,3
3f293fb29b85cfba0971,21,60,test,2024-07-14 11:00:00+00:00,2024-07-14 16:00:00+00:00,1,1
7c302c6e2f50eecdecec,21,60,test,2024-07-15 08:00:00+00:00,2024-07-15 16:00:00+00:00,-1,0
54713a052496a6c2c039,21,60,test,2024-07-16 15:00:00+00:00,2024-07-17 01:00:00+00:00,-1,1
983d7d25f087d58fe3e2,21,60,test,2024-07-17 05:00:00+00:00,2024-07-17 08:00:00+00:00,-1,3
a8a6cb37b66a5254391c,21,60,test,2024-07-17 14:00:00+00:00,2024-07-17 22:00:00+00:00,-1,2
7a2bc2580cf8a74d6531,21,60,test,2024-07-18 15:00:00+00:00,2024-07-18 17:00:00+00:00,-1,2
749274933a647a0a5d8c,21,60,test,2024-07-19 06:00:00+00:00,2024-07-19 08:00:00+00:00,-1,2
5b6a81e384ce7c3beca0,21,60,test,2024-07-19 11:00:00+00:00,2024-07-19 17:00:00+00:00,1,3
921952e8c9168e60c0b9,21,60,test,2024-07-21 06:00:00+00:00,2024-07-21 14:00:00+00:00,-1,0
8245cac2f2bc56208eee,21,60,test,2024-07-22 03:00:00+00:00,2024-07-22 05:00:00+00:00,-1,2
e8f555d66993a1287257,21,60,test,2024-07-22 09:00:00+00:00,2024-07-22 11:00:00+00:00,1,3
97fe3d5b401558d05e68,21,60,test,2024-07-22 12:00:00+00:00,2024-07-22 18:00:00+00:00,-1,0
5dbbf89e814509aebde8,21,60,test,2024-07-23 20:00:00+00:00,2024-07-23 23:00:00+00:00,1,3
5a402267a0f536561192,21,60,test,2024-07-27 05:00:00+00:00,2024-07-27 13:00:00+00:00,-1,0
d4c8d562e6ce2948c724,21,60,test,2024-07-28 08:00:00+00:00,2024-07-28 10:00:00+00:00,-1,2
91b25cc6ca1dd08a472f,21,60,test,2024-07-28 12:00:00+00:00,2024-07-28 21:00:00+00:00,-1,0
eccc8e12c411a3ebd599,21,60,test,2024-07-29 07:00:00+00:00,2024-07-29 11:00:00+00:00,1,2
57afc41f91942c82b9fd,21,60,test,2024-07-29 13:00:00+00:00,2024-07-29 18:00:00+00:00,-1,0
f42b753acb79219db7a8,21,60,test,2024-07-30 11:00:00+00:00,2024-07-30 21:00:00+00:00,-1,2
ce5802454527c0cc8c9b,21,60,test,2024-07-30 23:00:00+00:00,2024-07-31 01:00:00+00:00,1,2
f9b002a6359a2bb4787d,21,60,test,2024-07-31 02:00:00+00:00,2024-07-31 05:00:00+00:00,-1,0
71e5f6bdd83f3b685ae5,21,60,test,2024-07-31 06:00:00+00:00,2024-07-31 08:00:00+00:00,-1,2
e5551281d63e633c39be,21,60,test,2024-07-31 10:00:00+00:00,2024-07-31 12:00:00+00:00,1,1
387fc56ed36f7e8efe7a,21,60,test,2024-07-31 19:00:00+00:00,2024-07-31 22:00:00+00:00,-1,3
8bb038662fb7b2d774c1,21,60,test,2024-07-31 23:00:00+00:00,2024-08-01 03:00:00+00:00,1,1
4f54d186b568aa77d446,21,60,test,2024-08-01 07:00:00+00:00,2024-08-01 10:00:00+00:00,1,3
e12392e7342f5b949920,21,60,test,2024-08-02 07:00:00+00:00,2024-08-02 10:00:00+00:00,1,2
fbe1b6166655ee3bff51,21,60,test,2024-08-02 14:00:00+00:00,2024-08-02 18:00:00+00:00,-1,3
93937fc456261b9f8aea,21,60,test,2024-08-03 19:00:00+00:00,2024-08-03 21:00:00+00:00,1,2
ec8a02547daf31968ab5,21,60,test,2024-08-05 08:00:00+00:00,2024-08-05 11:00:00+00:00,1,2
ea775b32b317a8e955f7,21,60,test,2024-08-07 11:00:00+00:00,2024-08-07 14:00:00+00:00,1,2
1475eef2297ead7ba77c,21,60,test,2024-08-07 15:00:00+00:00,2024-08-07 19:00:00+00:00,1,1
604b4afa2f61647cd34d,21,60,test,2024-08-07 20:00:00+00:00,2024-08-08 00:00:00+00:00,-1,3
724c1f7fd3b6d34ebf30,21,60,test,2024-08-08 08:00:00+00:00,2024-08-08 11:00:00+00:00,1,1
b46afe1bc21482f78de4,21,60,test,2024-08-08 12:00:00+00:00,2024-08-08 15:00:00+00:00,-1,3
4edb31f7e1b7755f126a,21,60,test,2024-08-08 16:00:00+00:00,2024-08-08 19:00:00+00:00,1,2
197041eb3bd1b74384b6,21,60,test,2024-08-08 21:00:00+00:00,2024-08-08 23:00:00+00:00,-1,3
3e23a62e9a2f9c7978d8,21,60,test,2024-08-10 09:00:00+00:00,2024-08-10 11:00:00+00:00,-1,0
0bf7e0eb9de0eabc1505,21,60,test,2024-08-12 07:00:00+00:00,2024-08-12 10:00:00+00:00,0,2
75f0ac961802d867d2a4,21,60,test,2024-08-12 11:00:00+00:00,2024-08-12 14:00:00+00:00,-1,3
15f72e5efc6a8605278a,21,60,test,2024-08-12 23:00:00+00:00,2024-08-13 03:00:00+00:00,-1,2
2e6e9830db8b15c80be4,21,60,test,2024-08-13 04:00:00+00:00,2024-08-13 09:00:00+00:00,-1,0
9cb0abc8a496d93e63d3,21,60,test,2024-08-14 00:00:00+00:00,2024-08-14 03:00:00+00:00,-1,2
3d6c3b2e34b477d203ff,21,60,test,2024-08-14 04:00:00+00:00,2024-08-14 08:00:00+00:00,-1,3
4e2ead53310f47223ffd,21,60,test,2024-08-16 03:00:00+00:00,2024-08-16 05:00:00+00:00,-1,3
dc5d9349998d76242bdd,21,60,test,2024-08-17 00:00:00+00:00,2024-08-17 02:00:00+00:00,-1,2
95a560bf25afb10df7f1,21,60,test,2024-08-17 03:00:00+00:00,2024-08-17 06:00:00+00:00,0,3
0076db472ba58a374921,21,60,test,2024-08-17 17:00:00+00:00,2024-08-17 19:00:00+00:00,1,1
83ea4c7b7cc7442eef12,22,60,train,2024-02-17 08:00:00+00:00,2024-02-17 10:00:00+00:00,1,3
cd7e3bf0e61fe46f8f0e,22,60,train,2024-02-17 11:00:00+00:00,2024-02-17 14:00:00+00:00,-1,2
27ec4e53c464b7f01ad9,22,60,train,2024-02-27 00:00:00+00:00,2024-02-27 03:00:00+00:00,1,2
6b8166c5af0c267c8518,22,60,train,2024-02-27 21:00:00+00:00,2024-02-28 01:00:00+00:00,-1,2
d7332809f254802bfd17,22,60,train,2024-02-28 17:00:00+00:00,2024-02-28 19:00:00+00:00,1,2
30db5249c28beb31c6ff,22,60,train,2024-02-28 21:00:00+00:00,2024-02-28 23:00:00+00:00,-1,3
2d1a9beb206237217b9a,22,60,train,2024-03-03 14:00:00+00:00,2024-03-03 22:00:00+00:00,1,1
6bda0bb0f58a00dbd20c,22,60,train,2024-03-04 22:00:00+00:00,2024-03-05 01:00:00+00:00,1,2
8f7192d35517784788e4,22,60,train,2024-03-11 23:00:00+00:00,2024-03-12 01:00:00+00:00,1,2
441354679960ca081569,22,60,train,2024-03-12 20:00:00+00:00,2024-03-12 23:00:00+00:00,1,1
5d9d4baf01c016259dcd,22,60,train,2024-03-14 15:00:00+00:00,2024-03-14 19:00:00+00:00,-1,3
e86cb671bef04877c836,22,60,train,2024-03-15 02:00:00+00:00,2024-03-15 05:00:00+00:00,1,2
400e7c968b4aa80ad88e,22,60,train,2024-03-15 21:00:00+00:00,2024-03-16 06:00:00+00:00,-1,2
7aad085e4d9fdf305123,22,60,train,2024-03-16 18:00:00+00:00,2024-03-16 20:00:00+00:00,-1,3
c2e60b77d8cd79378925,22,60,train,2024-03-22 22:00:00+00:00,2024-03-23 01:00:00+00:00,1,2
a4a7d32b3ba4d78bd872,22,60,train,2024-03-23 19:00:00+00:00,2024-03-23 21:00:00+00:00,1,3
8e38dbb37b1f9bc151c9,22,60,train,2024-03-26 02:00:00+00:00,2024-03-26 04:00:00+00:00,1,1
eacd8f54031d43bcb914,22,60,train,2024-03-26 06:00:00+00:00,2024-03-26 09:00:00+00:00,-1,0
fb27b0529597a4c37c8d,22,60,train,2024-03-26 10:00:00+00:00,2024-03-26 12:00:00+00:00,1,1
9c49b61f1e5d02a66796,22,60,validation,2024-07-11 02:00:00+00:00,2024-07-11 04:00:00+00:00,1,1
e1ba8df58f42ab7923ba,22,60,validation,2024-07-11 06:00:00+00:00,2024-07-11 09:00:00+00:00,-1,0
6ac064f503ab26229f6c,22,60,validation,2024-07-11 10:00:00+00:00,2024-07-11 12:00:00+00:00,1,1
c4e2bb09312fa90fe611,22,60,test,2024-07-12 19:00:00+00:00,2024-07-12 21:00:00+00:00,0,3
c5ea8a513b77b4ec8aa7,22,60,test,2024-07-13 15:00:00+00:00,2024-07-13 19:00:00+00:00,1,1
0f057e2cc15de0b60861,22,60,test,2024-07-13 20:00:00+00:00,2024-07-14 02:00:00+00:00,-1,0
4e9801f05856ed9fcc4b,22,60,test,2024-07-14 05:00:00+00:00,2024-07-14 07:00:00+00:00,1,3
d11890cc9f34cf93bdef,22,60,test,2024-07-14 10:00:00+00:00,2024-07-14 15:00:00+00:00,1,1
a376a955d9f952297a02,22,60,test,2024-07-15 08:00:00+00:00,2024-07-15 12:00:00+00:00,-1,2
af2a435b878002a75eb0,22,60,test,2024-07-15 19:00:00+00:00,2024-07-15 21:00:00+00:00,0,3
b8701bee3fcc70f1b6d0,22,60,test,2024-07-16 15:00:00+00:00,2024-07-16 19:00:00+00:00,1,1
28ff08c594458b73f1f4,22,60,test,2024-07-16 20:00:00+00:00,2024-07-17 02:00:00+00:00,-1,0
9b29495d665bc2557255,22,60,test,2024-07-17 05:00:00+00:00,2024-07-17 07:00:00+00:00,1,3
8b9bc998567bdff4d2db,22,60,test,2024-07-17 14:00:00+00:00,2024-07-17 17:00:00+00:00,-1,2
e37a1d03ef1e82d47100,22,60,test,2024-07-17 18:00:00+00:00,2024-07-17 21:00:00+00:00,-1,3
24640d395c57f6f701bf,22,60,test,2024-07-19 06:00:00+00:00,2024-07-19 13:00:00+00:00,-1,0
9400882e8719a60b8923,22,60,test,2024-07-20 08:00:00+00:00,2024-07-20 10:00:00+00:00,-1,2
7a6f1e634b6842499291,22,60,test,2024-07-21 08:00:00+00:00,2024-07-21 10:00:00+00:00,1,2
5d128e5ff1ef6a182ffc,22,60,test,2024-07-22 07:00:00+00:00,2024-07-22 11:00:00+00:00,1,2
a4f86a4950f9154a12f7,22,60,test,2024-07-22 13:00:00+00:00,2024-07-22 17:00:00+00:00,1,3
5e56cac78af072aba968,22,60,test,2024-07-22 18:00:00+00:00,2024-07-22 21:00:00+00:00,1,3
595ae226e1f714e28685,22,60,test,2024-07-23 07:00:00+00:00,2024-07-23 10:00:00+00:00,-1,2
a5ab530ba13ba25b6ab1,22,60,test,2024-07-23 15:00:00+00:00,2024-07-23 17:00:00+00:00,1,1
d02bf1fe0097dccaf25a,22,60,test,2024-07-23 19:00:00+00:00,2024-07-23 22:00:00+00:00,-1,0
5e1b768e3d37bc72378a,22,60,test,2024-07-27 04:00:00+00:00,2024-07-27 11:00:00+00:00,1,1
c60e3d008b38c9a89ba6,22,60,test,2024-07-27 12:00:00+00:00,2024-07-27 17:00:00+00:00,-1,0
654a3ca3c4399462fa53,22,60,test,2024-07-28 12:00:00+00:00,2024-07-28 19:00:00+00:00,-1,2
1b0eeb1de69e5f0e1087,22,60,test,2024-07-29 07:00:00+00:00,2024-07-29 17:00:00+00:00,-1,2
367881237607aa0a373d,22,60,test,2024-07-30 13:00:00+00:00,2024-07-30 20:00:00+00:00,-1,2
90472ecce0f22ff3f6df,22,60,test,2024-07-31 03:00:00+00:00,2024-07-31 06:00:00+00:00,-1,3
a87312f03ec9e1b9e429,22,60,test,2024-07-31 07:00:00+00:00,2024-07-31 10:00:00+00:00,-1,2
ed5a23dc5c63cd7524b7,22,60,test,2024-07-31 13:00:00+00:00,2024-07-31 16:00:00+00:00,1,3
97f96ea9025de717206d,22,60,test,2024-07-31 20:00:00+00:00,2024-07-31 23:00:00+00:00,-1,3
dd68cf89e8a99c09cfe5,22,60,test,2024-08-01 07:00:00+00:00,2024-08-01 09:00:00+00:00,1,3
cf4571a7f1dcc7e4c080,22,60,test,2024-08-02 06:00:00+00:00,2024-08-02 09:00:00+00:00,1,1
8a16e1355b8ec2e40895,22,60,test,2024-08-02 14:00:00+00:00,2024-08-02 18:00:00+00:00,-1,0
3632984f80b41b05048d,22,60,test,2024-08-03 03:00:00+00:00,2024-08-03 05:00:00+00:00,-1,3
7967d5236e88a2ecb290,22,60,test,2024-08-03 19:00:00+00:00,2024-08-03 21:00:00+00:00,-1,2
7b55bc481cbb13099559,22,60,test,2024-08-03 23:00:00+00:00,2024-08-04 01:00:00+00:00,1,3
3ada5984e0ef084f6d9b,22,60,test,2024-08-05 08:00:00+00:00,2024-08-05 11:00:00+00:00,1,1
2ac550726952d0af3d4f,22,60,test,2024-08-07 11:00:00+00:00,2024-08-07 15:00:00+00:00,1,1
22f63be8ea2697e320de,22,60,test,2024-08-07 18:00:00+00:00,2024-08-08 00:00:00+00:00,-1,0
a5225676ce9fd7c1428a,22,60,test,2024-08-08 08:00:00+00:00,2024-08-08 10:00:00+00:00,1,2
3cfaa322325c13300601,22,60,test,2024-08-08 12:00:00+00:00,2024-08-08 15:00:00+00:00,1,3
3381467f74d33f715e26,22,60,test,2024-08-08 16:00:00+00:00,2024-08-08 18:00:00+00:00,1,2
c5ae5d1369c1dcd7c0ef,22,60,test,2024-08-12 00:00:00+00:00,2024-08-12 10:00:00+00:00,-1,0
be4629a6bda1cb770a32,22,60,test,2024-08-12 11:00:00+00:00,2024-08-12 14:00:00+00:00,-1,3
1b287594bd68d5557865,22,60,test,2024-08-12 20:00:00+00:00,2024-08-12 22:00:00+00:00,-1,0
831c9d92b37c46f4f2e2,22,60,test,2024-08-13 01:00:00+00:00,2024-08-13 03:00:00+00:00,-1,2
8946b41b626b06ed755a,22,60,test,2024-08-13 04:00:00+00:00,2024-08-13 08:00:00+00:00,-1,3
9930e2072e197498678a,22,60,test,2024-08-13 19:00:00+00:00,2024-08-13 21:00:00+00:00,1,1
6100386f0e50ea482224,22,60,test,2024-08-14 01:00:00+00:00,2024-08-14 07:00:00+00:00,-1,0
993a5cf997783b22b9c8,22,60,test,2024-08-14 12:00:00+00:00,2024-08-14 14:00:00+00:00,-1,3
182e0c67fe57fbe06a82,22,60,test,2024-08-15 16:00:00+00:00,2024-08-15 18:00:00+00:00,1,2
2eaeca72936093aa33b6,22,60,test,2024-08-16 15:00:00+00:00,2024-08-16 19:00:00+00:00,1,1
6da0e002bbda5f8dd284,22,60,test,2024-08-16 23:00:00+00:00,2024-08-17 01:00:00+00:00,-1,2
e3b720eee1f4a105d16c,22,60,test,2024-08-17 03:00:00+00:00,2024-08-17 06:00:00+00:00,-1,3
9c6524fe4fa2043482f6,22,60,test,2024-08-17 17:00:00+00:00,2024-08-17 19:00:00+00:00,-1,2
1a2074c9ec62b805cde6,23,60,train,2024-02-17 07:00:00+00:00,2024-02-17 10:00:00+00:00,-1,0
9e702fa2df746cdfce37,23,60,train,2024-02-17 12:00:00+00:00,2024-02-17 14:00:00+00:00,-1,2
8e5305d209f7e3f0d83c,23,60,train,2024-02-27 21:00:00+00:00,2024-02-28 01:00:00+00:00,-1,2
681d22ce1d643f33367f,23,60,train,2024-02-28 17:00:00+00:00,2024-02-28 19:00:00+00:00,1,1
396ce8368512c2081794,23,60,train,2024-02-28 21:00:00+00:00,2024-02-28 23:00:00+00:00,-1,3
317db00b6acb524adf17,23,60,train,2024-03-03 14:00:00+00:00,2024-03-03 22:00:00+00:00,1,1
c9330622f8677240e660,23,60,train,2024-03-04 00:00:00+00:00,2024-03-04 02:00:00+00:00,-1,3
ebdb559af711f2268343,23,60,train,2024-03-04 22:00:00+00:00,2024-03-05 00:00:00+00:00,1,2
3433025a385d4063f52f,23,60,train,2024-03-12 20:00:00+00:00,2024-03-12 23:00:00+00:00,-1,2
c474f6be505a9daa6275,23,60,train,2024-03-14 10:00:00+00:00,2024-03-14 12:00:00+00:00,1,3
54ad8819cab87640a85f,23,60,train,2024-03-14 15:00:00+00:00,2024-03-14 19:00:00+00:00,-1,3
bc5ecc53b58ec59bbefa,23,60,train,2024-03-15 20:00:00+00:00,2024-03-16 02:00:00+00:00,1,1
f9f9858227323ae88cd5,23,60,train,2024-03-16 03:00:00+00:00,2024-03-16 09:00:00+00:00,-1,3
d186fa66fa999c27343c,23,60,train,2024-03-22 22:00:00+00:00,2024-03-23 01:00:00+00:00,1,2
c90ad8863146c35e8dcc,23,60,train,2024-03-23 19:00:00+00:00,2024-03-23 21:00:00+00:00,-1,3
1bcfcf2493660000dcc2,23,60,train,2024-03-26 02:00:00+00:00,2024-03-26 04:00:00+00:00,1,1
ec4b372ea8d1792ccf7c,23,60,train,2024-03-26 06:00:00+00:00,2024-03-26 08:00:00+00:00,-1,0
08c70210471de0ca2a69,23,60,validation,2024-07-11 02:00:00+00:00,2024-07-11 04:00:00+00:00,1,1
c99f86480173dc23c5c0,23,60,validation,2024-07-11 06:00:00+00:00,2024-07-11 08:00:00+00:00,-1,0
a0c1811607560fe83788,23,60,test,2024-07-12 19:00:00+00:00,2024-07-12 21:00:00+00:00,0,3
165f293f54a3ea672653,23,60,test,2024-07-13 15:00:00+00:00,2024-07-13 19:00:00+00:00,1,2
608889f0ac6bbe132790,23,60,test,2024-07-13 21:00:00+00:00,2024-07-14 01:00:00+00:00,-1,0
6e1486c950758aa4dc0a,23,60,test,2024-07-14 05:00:00+00:00,2024-07-14 08:00:00+00:00,1,3
14bccc610a2cc42aacc0,23,60,test,2024-07-14 10:00:00+00:00,2024-07-14 12:00:00+00:00,-1,2
128e9ecf7901a8b083d8,23,60,test,2024-07-14 14:00:00+00:00,2024-07-14 19:00:00+00:00,-1,2
695b4287ef2869345f87,23,60,test,2024-07-15 08:00:00+00:00,2024-07-15 10:00:00+00:00,-1,2
f06962f3901cc6c6030d,23,60,test,2024-07-15 11:00:00+00:00,2024-07-15 16:00:00+00:00,1,3
2670bf37742c7785d4c3,23,60,test,2024-07-15 19:00:00+00:00,2024-07-15 21:00:00+00:00,0,3
2cfc4ed9439d7ec27a02,23,60,test,2024-07-16 15:00:00+00:00,2024-07-16 19:00:00+00:00,1,2
98ab1550a5e4a58d6ba8,23,60,test,2024-07-16 21:00:00+00:00,2024-07-17 01:00:00+00:00,-1,0
f1dabb7715cc4cfe253f,23,60,test,2024-07-17 05:00:00+00:00,2024-07-17 08:00:00+00:00,1,3
3c502913097ae122cdb7,23,60,test,2024-07-17 14:00:00+00:00,2024-07-17 17:00:00+00:00,-1,0
1b7d98c7be795c464e1a,23,60,test,2024-07-17 18:00:00+00:00,2024-07-17 21:00:00+00:00,1,3
d96b5d02bcac42807bc4,23,60,test,2024-07-18 14:00:00+00:00,2024-07-18 16:00:00+00:00,1,2
9a0a89989588663d70bd,23,60,test,2024-07-18 18:00:00+00:00,2024-07-18 20:00:00+00:00,1,3
7bd7ec54eb281e97519c,23,60,test,2024-07-19 08:00:00+00:00,2024-07-19 10:00:00+00:00,1,2
3672cab23ceb5f248981,23,60,test,2024-07-19 11:00:00+00:00,2024-07-19 14:00:00+00:00,1,3
bbf1d29cf03293955df2,23,60,test,2024-07-19 18:00:00+00:00,2024-07-19 20:00:00+00:00,1,3
6c46f8e2893274e382d1,23,60,test,2024-07-21 08:00:00+00:00,2024-07-21 10:00:00+00:00,1,2
e4e28d761b271e8fb53b,23,60,test,2024-07-22 07:00:00+00:00,2024-07-22 10:00:00+00:00,-1,0
6b23fb7f7f8ae0df2c70,23,60,test,2024-07-22 15:00:00+00:00,2024-07-22 19:00:00+00:00,-1,3
326ef26a2ee08236c1fc,23,60,test,2024-07-23 09:00:00+00:00,2024-07-23 11:00:00+00:00,-1,2
982b9fd128b6951c494e,23,60,test,2024-07-23 16:00:00+00:00,2024-07-23 18:00:00+00:00,1,2
9c02d03cb5d366e11659,23,60,test,2024-07-23 20:00:00+00:00,2024-07-23 22:00:00+00:00,1,3
9127305cca9d4e6b9030,23,60,test,2024-07-27 05:00:00+00:00,2024-07-27 14:00:00+00:00,-1,0
fd18a39e2a592064e6a1,23,60,test,2024-07-28 11:00:00+00:00,2024-07-28 21:00:00+00:00,-1,1
167da489ada8dd575fb5,23,60,test,2024-07-29 08:00:00+00:00,2024-07-29 12:00:00+00:00,1,1
a891a455dda75d9c55fb,23,60,test,2024-07-29 13:00:00+00:00,2024-07-29 16:00:00+00:00,-1,3
8c2f55b986755d658af0,23,60,test,2024-07-30 13:00:00+00:00,2024-07-30 16:00:00+00:00,1,1
0aeeda93224fb68d4b3a,23,60,test,2024-07-30 17:00:00+00:00,2024-07-30 20:00:00+00:00,-1,3
918b27124cfbc7e2243b,23,60,test,2024-07-30 23:00:00+00:00,2024-07-31 02:00:00+00:00,1,2
20299a3b0d6c0f85477b,23,60,test,2024-07-31 23:00:00+00:00,2024-08-01 02:00:00+00:00,-1,2
ac0d3f00047d657f1767,23,60,test,2024-08-01 07:00:00+00:00,2024-08-01 10:00:00+00:00,1,3
d240c21b193a9c37b53c,23,60,test,2024-08-02 07:00:00+00:00,2024-08-02 10:00:00+00:00,1,1
7dcd08c155aedc609991,23,60,test,2024-08-02 15:00:00+00:00,2024-08-02 18:00:00+00:00,-1,3
ec9dc0ecf4eb430fd98c,23,60,test,2024-08-03 19:00:00+00:00,2024-08-03 21:00:00+00:00,1,2
923265957f7a1ffab703,23,60,test,2024-08-04 12:00:00+00:00,2024-08-04 14:00:00+00:00,-1,2
5918345f1ac27bb174ef,23,60,test,2024-08-05 09:00:00+00:00,2024-08-05 12:00:00+00:00,1,2
84d2e53de4dced2f9fde,23,60,test,2024-08-05 13:00:00+00:00,2024-08-05 17:00:00+00:00,-1,3
4d562f1d84295e7930d9,23,60,test,2024-08-07 11:00:00+00:00,2024-08-07 16:00:00+00:00,1,1
d9bfef049c2fa205e5d3,23,60,test,2024-08-07 17:00:00+00:00,2024-08-08 00:00:00+00:00,-1,0
1499c8d3661891175803,23,60,test,2024-08-08 08:00:00+00:00,2024-08-08 11:00:00+00:00,1,2
f575130706b20378677d,23,60,test,2024-08-08 12:00:00+00:00,2024-08-08 15:00:00+00:00,0,3
432da75ca316a4c26708,23,60,test,2024-08-08 16:00:00+00:00,2024-08-08 19:00:00+00:00,-1,2
7bb3f626b0f9ec21bc20,23,60,test,2024-08-12 02:00:00+00:00,2024-08-12 04:00:00+00:00,1,2
1e3119cdc0f8cf937a92,23,60,test,2024-08-12 06:00:00+00:00,2024-08-12 10:00:00+00:00,1,1
66bcab3024f10266d49e,23,60,test,2024-08-12 12:00:00+00:00,2024-08-12 14:00:00+00:00,1,3
b0859bbf01f1f912d978,23,60,test,2024-08-12 19:00:00+00:00,2024-08-12 21:00:00+00:00,1,3
46d9969af0effa465388,23,60,test,2024-08-12 23:00:00+00:00,2024-08-13 04:00:00+00:00,-1,0
6c5721f3e4b088d04e4c,23,60,test,2024-08-13 06:00:00+00:00,2024-08-13 10:00:00+00:00,-1,3
7fa01363c951ede88451,23,60,test,2024-08-14 00:00:00+00:00,2024-08-14 03:00:00+00:00,-1,2
ddf278a94a62fb8b4e16,23,60,test,2024-08-14 04:00:00+00:00,2024-08-14 08:00:00+00:00,-1,3
9123f6b18e49466578d4,23,60,test,2024-08-15 07:00:00+00:00,2024-08-15 09:00:00+00:00,1,2
539b12138b07fd4aff83,23,60,test,2024-08-15 11:00:00+00:00,2024-08-15 13:00:00+00:00,0,3
5b55e9e542de7aa19ac3,23,60,test,2024-08-15 23:00:00+00:00,2024-08-16 01:00:00+00:00,0,2
1da8051340240388102e,23,60,test,2024-08-16 03:00:00+00:00,2024-08-16 05:00:00+00:00,-1,3
a8f1eb9624d3d231a9ff,23,60,test,2024-08-16 17:00:00+00:00,2024-08-16 19:00:00+00:00,-1,2
2f00b1d32850cd9144ea,23,60,test,2024-08-16 23:00:00+00:00,2024-08-17 01:00:00+00:00,1,2
db9c6a2e8b09b71363f7,23,60,test,2024-08-17 02:00:00+00:00,2024-08-17 05:00:00+00:00,-1,0
08bce812dd8d3b5b5f40,23,60,test,2024-08-17 17:00:00+00:00,2024-08-17 19:00:00+00:00,1,2
ce20e90852bd5cac6055,24,60,train,2024-02-17 03:00:00+00:00,2024-02-17 06:00:00+00:00,1,3
bf0d3bf44935a71420a7,24,60,train,2024-02-17 07:00:00+00:00,2024-02-17 09:00:00+00:00,-1,2
c6cf3ca62931695aa1b1,24,60,train,2024-02-26 22:00:00+00:00,2024-02-27 03:00:00+00:00,1,2
1303657080ba88420a74,24,60,train,2024-02-27 21:00:00+00:00,2024-02-28 01:00:00+00:00,-1,2
b0d6c5a318b28297912d,24,60,train,2024-02-28 16:00:00+00:00,2024-02-28 19:00:00+00:00,1,1
89c0246397bc9c8b07df,24,60,train,2024-02-28 20:00:00+00:00,2024-02-29 00:00:00+00:00,-1,3
2ccc804927aa1c6a52a6,24,60,train,2024-03-03 17:00:00+00:00,2024-03-03 22:00:00+00:00,1,1
7606749b68ec11081cec,24,60,train,2024-03-04 22:00:00+00:00,2024-03-05 00:00:00+00:00,1,2
d81854a2d491ddf0d02b,24,60,train,2024-03-14 09:00:00+00:00,2024-03-14 14:00:00+00:00,1,3
3640daeb2c76021d6779,24,60,train,2024-03-14 16:00:00+00:00,2024-03-14 18:00:00+00:00,-1,3
63b3847f855da9987867,24,60,train,2024-03-15 02:00:00+00:00,2024-03-15 05:00:00+00:00,1,2
865b7e2adb52fd762b38,24,60,train,2024-03-15 20:00:00+00:00,2024-03-16 01:00:00+00:00,1,1
79eb7f1d27b041872076,24,60,train,2024-03-21 22:00:00+00:00,2024-03-22 00:00:00+00:00,-1,2
9d6ddec6003f51d7643d,24,60,train,2024-03-23 19:00:00+00:00,2024-03-23 21:00:00+00:00,1,3
dcf05f76a1cee32616ea,24,60,train,2024-03-26 04:00:00+00:00,2024-03-26 12:00:00+00:00,1,1
8e74d5cfa61eb79414ac,24,60,train,2024-04-02 00:00:00+00:00,2024-04-02 03:00:00+00:00,1,2
6758ebf59d223a9a97c2,24,60,validation,2024-07-11 04:00:00+00:00,2024-07-11 12:00:00+00:00,1,1
8301eff4b05961a4ba54,24,60,test,2024-07-12 19:00:00+00:00,2024-07-12 21:00:00+00:00,0,3
4b8fcaa5763470b63481,24,60,test,2024-07-13 15:00:00+00:00,2024-07-13 20:00:00+00:00,1,2
7d996600f1da797e299b,24,60,test,2024-07-13 21:00:00+00:00,2024-07-14 01:00:00+00:00,-1,0
3f5e61c4d24a511dde37,24,60,test,2024-07-14 05:00:00+00:00,2024-07-14 09:00:00+00:00,1,3
8d116fdaa01e6d944102,24,60,test,2024-07-14 11:00:00+00:00,2024-07-14 16:00:00+00:00,1,1
e3c9e2504ab0602714a2,24,60,test,2024-07-15 00:00:00+00:00,2024-07-15 02:00:00+00:00,-1,0
b66342817e34378c70b9,24,60,test,2024-07-15 03:00:00+00:00,2024-07-15 05:00:00+00:00,1,3
3695e090612ae8db1720,24,60,test,2024-07-15 06:00:00+00:00,2024-07-15 15:00:00+00:00,-1,0
ba505f13d5514a593d4a,24,60,test,2024-07-15 19:00:00+00:00,2024-07-15 21:00:00+00:00,0,3
33df40f12fd5376bd01c,24,60,test,2024-07-16 15:00:00+00:00,2024-07-16 20:00:00+00:00,1,2
fab3d0a6c7fda11a9d58,24,60,test,2024-07-16 21:00:00+00:00,2024-07-17 01:00:00+00:00,-1,0
006a1d40e2dd6e6028eb,24,60,test,2024-07-17 05:00:00+00:00,2024-07-17 09:00:00+00:00,1,3
521408c76f5f0f438c1f,24,60,test,2024-07-17 13:00:00+00:00,2024-07-17 21:00:00+00:00,1,1
55b8e0b92ced62aa88ec,24,60,test,2024-07-19 10:00:00+00:00,2024-07-19 12:00:00+00:00,0,3
516403e541b2d439cb75,24,60,test,2024-07-20 04:00:00+00:00,2024-07-20 06:00:00+00:00,1,3
dc12b2e2e9e51c2443d6,24,60,test,2024-07-21 07:00:00+00:00,2024-07-21 09:00:00+00:00,1,1
83eb15db8cca630426bb,24,60,test,2024-07-22 06:00:00+00:00,2024-07-22 11:00:00+00:00,1,1
f8cd68ef808191b4e809,24,60,test,2024-07-22 14:00:00+00:00,2024-07-22 19:00:00+00:00,-1,0
3e15f3215ea2589a46a5,24,60,test,2024-07-23 07:00:00+00:00,2024-07-23 10:00:00+00:00,1,2
ecb1a0ad8f0af211ad84,24,60,test,2024-07-23 15:00:00+00:00,2024-07-23 19:00:00+00:00,1,1
d6713a9bda8600dfb1d0,24,60,test,2024-07-23 20:00:00+00:00,2024-07-23 23:00:00+00:00,1,3
951a5ede4e3bec65bbc6,24,60,test,2024-07-25 06:00:00+00:00,2024-07-25 08:00:00+00:00,-1,3
1503361ce5125575d6cd,24,60,test,2024-07-25 20:00:00+00:00,2024-07-25 23:00:00+00:00,-1,2
48fe5c0433be326eafd5,24,60,test,2024-07-26 00:00:00+00:00,2024-07-26 03:00:00+00:00,-1,3
9c303d43053edfec424c,24,60,test,2024-07-27 05:00:00+00:00,2024-07-27 14:00:00+00:00,-1,0
5e169696963fc4a5a7b2,24,60,test,2024-07-28 08:00:00+00:00,2024-07-28 10:00:00+00:00,1,1
8b5dd6f39e3c06df26a8,24,60,test,2024-07-28 14:00:00+00:00,2024-07-28 16:00:00+00:00,-1,2
94971d726b80b46cd555,24,60,test,2024-07-28 17:00:00+00:00,2024-07-28 20:00:00+00:00,-1,3
d3264972e55826fbeb26,24,60,test,2024-07-29 09:00:00+00:00,2024-07-29 17:00:00+00:00,-1,0
a662483b0ba3520e3302,24,60,test,2024-07-30 13:00:00+00:00,2024-07-30 16:00:00+00:00,1,1
ab60cceca7ea277c6d4c,24,60,test,2024-07-30 17:00:00+00:00,2024-07-30 20:00:00+00:00,1,3
417492917eeec2f6a3af,24,60,test,2024-07-30 23:00:00+00:00,2024-07-31 05:00:00+00:00,-1,3
63f1a8cb38317c588128,24,60,test,2024-07-31 06:00:00+00:00,2024-07-31 10:00:00+00:00,1,2
cc326ca6e309badbd481,24,60,test,2024-07-31 11:00:00+00:00,2024-07-31 15:00:00+00:00,-1,0
a3aa08213f2603e3a520,24,60,test,2024-07-31 16:00:00+00:00,2024-07-31 22:00:00+00:00,-1,0
11a025173b733d2d695f,24,60,test,2024-08-01 00:00:00+00:00,2024-08-01 03:00:00+00:00,-1,2
5ad094333a815366bf45,24,60,test,2024-08-01 04:00:00+00:00,2024-08-01 06:00:00+00:00,-1,3
73b4d823ea4defd6c3c9,24,60,test,2024-08-01 07:00:00+00:00,2024-08-01 09:00:00+00:00,1,3
827f6b50146abb2bda18,24,60,test,2024-08-02 06:00:00+00:00,2024-08-02 11:00:00+00:00,1,2
e50acbde7dd42f942868,24,60,test,2024-08-02 14:00:00+00:00,2024-08-02 18:00:00+00:00,1,3
e74c817759c00f48a07d,24,60,test,2024-08-03 19:00:00+00:00,2024-08-03 21:00:00+00:00,-1,2
6b822656f73718c95c26,24,60,test,2024-08-03 23:00:00+00:00,2024-08-04 01:00:00+00:00,-1,3
6885f0d4507904c9f0dc,24,60,test,2024-08-05 09:00:00+00:00,2024-08-05 11:00:00+00:00,-1,2
dc6b6cf67cfbdcf4c4f3,24,60,test,2024-08-07 12:00:00+00:00,2024-08-07 16:00:00+00:00,1,2
725abfc2a8f390df7cf3,24,60,test,2024-08-07 19:00:00+00:00,2024-08-08 00:00:00+00:00,-1,0
b9cd0444c37e7692d613,24,60,test,2024-08-08 08:00:00+00:00,2024-08-08 12:00:00+00:00,1,2
6f25a8d8aa72b0f5bc55,24,60,test,2024-08-08 13:00:00+00:00,2024-08-08 16:00:00+00:00,1,3
c0822b51efda744f9364,24,60,test,2024-08-12 02:00:00+00:00,2024-08-12 04:00:00+00:00,1,2
b45cd95c1aaa0c5b792d,24,60,test,2024-08-12 05:00:00+00:00,2024-08-12 10:00:00+00:00,1,1
2aaf710777aab1ff82fb,24,60,test,2024-08-12 11:00:00+00:00,2024-08-12 15:00:00+00:00,-1,3
96ce95586244107fbea8,24,60,test,2024-08-12 22:00:00+00:00,2024-08-13 03:00:00+00:00,1,1
063a010d71525b06883b,24,60,test,2024-08-13 04:00:00+00:00,2024-08-13 09:00:00+00:00,-1,0
c76ae1fb6f84cab3d5e9,24,60,test,2024-08-13 23:00:00+00:00,2024-08-14 02:00:00+00:00,1,1
f35c9beec1529e180d10,24,60,test,2024-08-14 03:00:00+00:00,2024-08-14 06:00:00+00:00,-1,3
4cd936ff51aa53207275,24,60,test,2024-08-14 08:00:00+00:00,2024-08-14 11:00:00+00:00,1,1
46fb12a43a4c878a581b,24,60,test,2024-08-17 03:00:00+00:00,2024-08-17 06:00:00+00:00,-1,3
b85ca3acd0b60ac4cb0d,25,60,train,2024-02-27 01:00:00+00:00,2024-02-27 03:00:00+00:00,1,2
cdb9336bf032f2cbc41f,25,60,train,2024-02-27 20:00:00+00:00,2024-02-28 01:00:00+00:00,1,1
ea8ce4d82513d262a3c7,25,60,train,2024-02-28 16:00:00+00:00,2024-02-28 19:00:00+00:00,1,2
bbdc417963678261f085,25,60,train,2024-02-28 22:00:00+00:00,2024-02-29 00:00:00+00:00,-1,3
32a264326abe6456248e,25,60,train,2024-03-03 14:00:00+00:00,2024-03-03 22:00:00+00:00,1,1
02a4edfafe38310ae147,25,60,train,2024-03-04 22:00:00+00:00,2024-03-05 00:00:00+00:00,-1,2
d90f007619368144855c,25,60,train,2024-03-11 22:00:00+00:00,2024-03-12 01:00:00+00:00,-1,2
ce90cf34e810ba087d45,25,60,train,2024-03-12 20:00:00+00:00,2024-03-12 23:00:00+00:00,1,1
26a2daf77d01ca376e45,25,60,train,2024-03-14 10:00:00+00:00,2024-03-14 12:00:00+00:00,1,3
cbba8f1e6f9d273e44ca,25,60,train,2024-03-15 20:00:00+00:00,2024-03-16 07:00:00+00:00,-1,1
cd1b9f31149f0534fca6,25,60,train,2024-03-16 18:00:00+00:00,2024-03-16 20:00:00+00:00,-1,3
72126f5785a94d021dcd,25,60,train,2024-03-21 21:00:00+00:00,2024-03-21 23:00:00+00:00,1,2
8233152beb4f34176599,25,60,train,2024-03-22 22:00:00+00:00,2024-03-23 01:00:00+00:00,1,2
80eeb31192b309aa51d1,25,60,train,2024-03-27 08:00:00+00:00,2024-03-27 11:00:00+00:00,1,1
4d78a7985e0e606f2af8,25,60,train,2024-04-02 02:00:00+00:00,2024-04-02 06:00:00+00:00,-1,3
1005d9e2057b791ee034,25,60,validation,2024-07-12 11:00:00+00:00,2024-07-12 13:00:00+00:00,1,3
2ae5d0b3a9ec25d84f75,25,60,test,2024-07-13 15:00:00+00:00,2024-07-13 20:00:00+00:00,1,1
5e59346ceda5d7c6dd61,25,60,test,2024-07-13 23:00:00+00:00,2024-07-14 02:00:00+00:00,1,3
31f78eb243a056e4aaaf,25,60,test,2024-07-14 04:00:00+00:00,2024-07-14 08:00:00+00:00,-1,3
c85b1019e0e5b17295e5,25,60,test,2024-07-14 10:00:00+00:00,2024-07-14 18:00:00+00:00,1,1
e2828271f2bea44922f5,25,60,test,2024-07-15 11:00:00+00:00,2024-07-15 13:00:00+00:00,1,3
28982e157b3439d22820,25,60,test,2024-07-16 15:00:00+00:00,2024-07-16 20:00:00+00:00,1,1
e088933710b366541f8d,25,60,test,2024-07-16 23:00:00+00:00,2024-07-17 02:00:00+00:00,1,3
5373c9dfddc22645470f,25,60,test,2024-07-17 04:00:00+00:00,2024-07-17 08:00:00+00:00,-1,3
e0f48e6460e07544e243,25,60,test,2024-07-17 14:00:00+00:00,2024-07-17 17:00:00+00:00,-1,2
9a72b051f36a8f5b457f,25,60,test,2024-07-17 18:00:00+00:00,2024-07-17 21:00:00+00:00,1,3
20339843be6ffb9bec0a,25,60,test,2024-07-19 06:00:00+00:00,2024-07-19 08:00:00+00:00,-1,2
3d48c015ce48eea852f7,25,60,test,2024-07-19 11:00:00+00:00,2024-07-19 14:00:00+00:00,0,3
7cb2464c028f4f0bb524,25,60,test,2024-07-21 08:00:00+00:00,2024-07-21 10:00:00+00:00,-1,2
3f84ac2d6ff3c2223887,25,60,test,2024-07-22 07:00:00+00:00,2024-07-22 11:00:00+00:00,-1,2
0627f2454f01bbcc4c96,25,60,test,2024-07-22 12:00:00+00:00,2024-07-22 16:00:00+00:00,1,3
dbcefe223377c4db79d1,25,60,test,2024-07-22 18:00:00+00:00,2024-07-22 20:00:00+00:00,-1,3
18dadda4058215d1cc2f,25,60,test,2024-07-23 07:00:00+00:00,2024-07-23 11:00:00+00:00,-1,2
45884d8f8ebc0591a863,25,60,test,2024-07-23 17:00:00+00:00,2024-07-23 19:00:00+00:00,-1,2
0f564943a01c433a0772,25,60,test,2024-07-23 20:00:00+00:00,2024-07-23 23:00:00+00:00,1,3
b0e613d1dcd4ad909880,25,60,test,2024-07-27 05:00:00+00:00,2024-07-27 12:00:00+00:00,-1,0
a3dec5ed9b295ab25b24,25,60,test,2024-07-28 12:00:00+00:00,2024-07-28 20:00:00+00:00,-1,0
8f20c225c3ce66e6ca0c,25,60,test,2024-07-29 07:00:00+00:00,2024-07-29 12:00:00+00:00,1,1
46409ac6e43badbcabf4,25,60,test,2024-07-29 13:00:00+00:00,2024-07-29 17:00:00+00:00,-1,3
82da06e6cd96f0d2e212,25,60,test,2024-07-30 13:00:00+00:00,2024-07-30 16:00:00+00:00,1,1
f5ed0e0547e2e8c05c35,25,60,test,2024-07-30 18:00:00+00:00,2024-07-30 20:00:00+00:00,-1,3
49d60b9c189b1f4cb51f,25,60,test,2024-07-30 23:00:00+00:00,2024-07-31 01:00:00+00:00,-1,2
ea5a793cd969e9058bdc,25,60,test,2024-07-31 06:00:00+00:00,2024-07-31 11:00:00+00:00,-1,2
801ddc707bcecde9211f,25,60,test,2024-07-31 20:00:00+00:00,2024-07-31 22:00:00+00:00,-1,3
4e4c749578c61f12dd72,25,60,test,2024-08-01 07:00:00+00:00,2024-08-01 09:00:00+00:00,1,3
f2a5c6902a3947a5f749,25,60,test,2024-08-02 10:00:00+00:00,2024-08-02 13:00:00+00:00,-1,2
dfbb929750051565f766,25,60,test,2024-08-02 14:00:00+00:00,2024-08-02 17:00:00+00:00,-1,3
0f1902c3439c3861ba6a,25,60,test,2024-08-03 19:00:00+00:00,2024-08-03 22:00:00+00:00,-1,2
446213ff1fb5e8295c2e,25,60,test,2024-08-05 09:00:00+00:00,2024-08-05 13:00:00+00:00,1,2
0a9aba15a33f3f3d2dbd,25,60,test,2024-08-05 14:00:00+00:00,2024-08-05 17:00:00+00:00,-1,3
fec2b27eccba7f106998,25,60,test,2024-08-07 12:00:00+00:00,2024-08-07 16:00:00+00:00,-1,2
cf48a5fc1e9bb98da88a,25,60,test,2024-08-07 17:00:00+00:00,2024-08-07 19:00:00+00:00,-1,2
6774bda71c022b3fcef6,25,60,test,2024-08-07 20:00:00+00:00,2024-08-08 00:00:00+00:00,-1,3
8a7ea0a097ba38ddd1da,25,60,test,2024-08-08 07:00:00+00:00,2024-08-08 11:00:00+00:00,1,1
6d96beef8c28584d98f6,25,60,test,2024-08-08 12:00:00+00:00,2024-08-08 15:00:00+00:00,-1,3
f6c1a689387c093256aa,25,60,test,2024-08-12 02:00:00+00:00,2024-08-12 04:00:00+00:00,1,1
a2ab63bda295b2473128,25,60,test,2024-08-12 08:00:00+00:00,2024-08-12 15:00:00+00:00,-1,0
78a2d8dd72a36ffd9d80,25,60,test,2024-08-12 22:00:00+00:00,2024-08-13 03:00:00+00:00,1,1
4792d5f444f51a9b1276,25,60,test,2024-08-13 04:00:00+00:00,2024-08-13 09:00:00+00:00,-1,0
a060450430a331f1bef6,25,60,test,2024-08-13 23:00:00+00:00,2024-08-14 03:00:00+00:00,-1,1
67632ee5ff3d02a13d7c,25,60,test,2024-08-14 04:00:00+00:00,2024-08-14 07:00:00+00:00,-1,3
bcb7947dbd8819600776,25,60,test,2024-08-14 08:00:00+00:00,2024-08-14 11:00:00+00:00,-1,2
c17f9aba62d182ff6e0f,25,60,test,2024-08-14 12:00:00+00:00,2024-08-14 15:00:00+00:00,-1,3
a6d5bdd3d178e5a75ebd,25,60,test,2024-08-15 16:00:00+00:00,2024-08-15 18:00:00+00:00,1,2
db56ea37e2b3d2e9526d,25,60,test,2024-08-16 23:00:00+00:00,2024-08-17 01:00:00+00:00,1,2
66b7e45ad90e6d5f1783,25,60,test,2024-08-17 03:00:00+00:00,2024-08-17 05:00:00+00:00,-1,3
79d5a2af0124182d5d19,25,60,test,2024-08-17 17:00:00+00:00,2024-08-17 19:00:00+00:00,1,2
ed7ed6df32e3083ad9f3,26,60,train,2024-02-26 22:00:00+00:00,2024-02-27 03:00:00+00:00,1,1
c770ff8c651d360604a6,26,60,train,2024-02-27 20:00:00+00:00,2024-02-28 01:00:00+00:00,1,1
f38c7d29e78632a03c27,26,60,train,2024-03-03 14:00:00+00:00,2024-03-03 22:00:00+00:00,1,1
235a6ad1bc5e0d5891f1,26,60,train,2024-03-04 22:00:00+00:00,2024-03-05 00:00:00+00:00,-1,2
9efcb605e39a2988f8a0,26,60,train,2024-03-14 08:00:00+00:00,2024-03-14 11:00:00+00:00,-1,0
139d12842574cd04fba0,26,60,train,2024-03-14 16:00:00+00:00,2024-03-14 18:00:00+00:00,-1,3
8affb1a02867206adc9e,26,60,train,2024-03-15 02:00:00+00:00,2024-03-15 05:00:00+00:00,1,2
ca95744a982ebdf661c9,26,60,train,2024-03-15 06:00:00+00:00,2024-03-15 09:00:00+00:00,1,3
5b2cf12708dc83f463ff,26,60,train,2024-03-15 21:00:00+00:00,2024-03-16 07:00:00+00:00,-1,0
2c5eb3064e0d19ae678d,26,60,train,2024-03-23 19:00:00+00:00,2024-03-23 21:00:00+00:00,1,3
9eb32508903685dc91d8,26,60,train,2024-03-23 23:00:00+00:00,2024-03-24 01:00:00+00:00,-1,2
bdfe17d6976ace432882,26,60,train,2024-03-26 02:00:00+00:00,2024-03-26 04:00:00+00:00,1,1
076d01504356c76bdba4,26,60,train,2024-03-27 08:00:00+00:00,2024-03-27 10:00:00+00:00,1,2
3522310a43d4f41ebb3f,26,60,train,2024-03-29 19:00:00+00:00,2024-03-29 21:00:00+00:00,-1,2
8fc58ff2bfd1cf187763,26,60,train,2024-03-29 23:00:00+00:00,2024-03-30 01:00:00+00:00,-1,3
7202726c05bb0ce3631a,26,60,validation,2024-07-08 23:00:00+00:00,2024-07-09 01:00:00+00:00,-1,2
da6a1436a4853a7700a2,26,60,validation,2024-07-11 02:00:00+00:00,2024-07-11 04:00:00+00:00,1,1
e72e406dd0a9218134a5,26,60,validation,2024-07-12 10:00:00+00:00,2024-07-12 14:00:00+00:00,-1,3
c8b8bd03d8a07e6862f9,26,60,test,2024-07-13 15:00:00+00:00,2024-07-13 20:00:00+00:00,1,1
ecdbe254e386e65b2126,26,60,test,2024-07-13 21:00:00+00:00,2024-07-14 01:00:00+00:00,-1,0
d357893c62d49ad5ab22,26,60,test,2024-07-14 04:00:00+00:00,2024-07-14 06:00:00+00:00,1,3
5077d644ead542c3b56e,26,60,test,2024-07-14 11:00:00+00:00,2024-07-14 16:00:00+00:00,1,1
abde06e0f2e38dabe8e1,26,60,test,2024-07-15 10:00:00+00:00,2024-07-15 14:00:00+00:00,-1,3
da993137878d2967f4c1,26,60,test,2024-07-16 15:00:00+00:00,2024-07-16 20:00:00+00:00,1,1
8e5e91fe45f065140419,26,60,test,2024-07-16 21:00:00+00:00,2024-07-17 01:00:00+00:00,-1,0
2659d63be3d924e17bae,26,60,test,2024-07-17 04:00:00+00:00,2024-07-17 06:00:00+00:00,1,3
9b87bbaa7ea98b509c77,26,60,test,2024-07-17 14:00:00+00:00,2024-07-17 17:00:00+00:00,-1,0
ee99a323f889bbd6934a,26,60,test,2024-07-17 18:00:00+00:00,2024-07-17 21:00:00+00:00,1,3
292201eb5e0b7ffb2792,26,60,test,2024-07-18 14:00:00+00:00,2024-07-18 16:00:00+00:00,1,2
d290484836ba39a6d966,26,60,test,2024-07-19 10:00:00+00:00,2024-07-19 13:00:00+00:00,-1,3
603d66dc5c2da3596742,26,60,test,2024-07-21 08:00:00+00:00,2024-07-21 10:00:00+00:00,-1,2
f05ec9e4dc8234f39345,26,60,test,2024-07-22 06:00:00+00:00,2024-07-22 10:00:00+00:00,1,1
7bb232ad2186d85a321c,26,60,test,2024-07-22 11:00:00+00:00,2024-07-22 13:00:00+00:00,1,3
05f8736911b4a2105391,26,60,test,2024-07-22 16:00:00+00:00,2024-07-22 20:00:00+00:00,-1,3
2aad03dcce6edbfb5504,26,60,test,2024-07-23 08:00:00+00:00,2024-07-23 19:00:00+00:00,1,2
828a80e3dc6746eeb714,26,60,test,2024-07-23 20:00:00+00:00,2024-07-24 00:00:00+00:00,1,3
b5404a3451e3b6f4056c,26,60,test,2024-07-25 20:00:00+00:00,2024-07-25 22:00:00+00:00,1,2
480168c1d1fab9771ff9,26,60,test,2024-07-26 16:00:00+00:00,2024-07-26 18:00:00+00:00,1,2
c47432e8faf1fd4d8dca,26,60,test,2024-07-26 20:00:00+00:00,2024-07-26 23:00:00+00:00,1,3
3214ae7bfbb750f70cb0,26,60,test,2024-07-27 05:00:00+00:00,2024-07-27 13:00:00+00:00,-1,2
35af2efa2fd05227728c,26,60,test,2024-07-27 15:00:00+00:00,2024-07-27 17:00:00+00:00,-1,3
3e520b354fd3af68c45f,26,60,test,2024-07-28 12:00:00+00:00,2024-07-28 15:00:00+00:00,-1,0
46c662e0deda7ab6d788,26,60,test,2024-07-29 07:00:00+00:00,2024-07-29 12:00:00+00:00,1,1
ff0e89023737f7a3859f,26,60,test,2024-07-29 13:00:00+00:00,2024-07-29 17:00:00+00:00,-1,3
753b351e4d8e2ac532dc,26,60,test,2024-07-30 06:00:00+00:00,2024-07-30 09:00:00+00:00,1,2
600c14520db1f7289b08,26,60,test,2024-07-30 10:00:00+00:00,2024-07-30 21:00:00+00:00,1,1
3488d96006864f2764ed,26,60,test,2024-07-30 23:00:00+00:00,2024-07-31 02:00:00+00:00,-1,2
be59cf3b926ce75738fc,26,60,test,2024-07-31 16:00:00+00:00,2024-07-31 18:00:00+00:00,-1,2
afc27d1005f805edc740,26,60,test,2024-08-01 01:00:00+00:00,2024-08-01 03:00:00+00:00,-1,2
7ba4120e520252ae10f1,26,60,test,2024-08-01 05:00:00+00:00,2024-08-01 10:00:00+00:00,-1,0
b647978a3285fcb7ad7f,26,60,test,2024-08-02 06:00:00+00:00,2024-08-02 09:00:00+00:00,1,1
2d2412f02a7098fc1e32,26,60,test,2024-08-02 14:00:00+00:00,2024-08-02 17:00:00+00:00,-1,3
44fab5e74fa6e52cf64f,26,60,test,2024-08-05 09:00:00+00:00,2024-08-05 11:00:00+00:00,-1,2
644f13c34ec771477e1d,26,60,test,2024-08-05 13:00:00+00:00,2024-08-05 15:00:00+00:00,-1,3
3ae221dc3365ae1d92e4,26,60,test,2024-08-07 12:00:00+00:00,2024-08-07 19:00:00+00:00,1,1
aedb21cd5722495351b9,26,60,test,2024-08-07 20:00:00+00:00,2024-08-08 01:00:00+00:00,-1,0
845b7effadf71b50cec2,26,60,test,2024-08-08 09:00:00+00:00,2024-08-08 11:00:00+00:00,1,2
30d516b21cb877f4bfb9,26,60,test,2024-08-08 13:00:00+00:00,2024-08-08 15:00:00+00:00,0,3
c5cdf7bfa00bdd49e081,26,60,test,2024-08-12 02:00:00+00:00,2024-08-12 10:00:00+00:00,1,2
7ac6287f3403046e3862,26,60,test,2024-08-12 11:00:00+00:00,2024-08-12 15:00:00+00:00,-1,3
29e9ffb3e17b5d331770,26,60,test,2024-08-13 05:00:00+00:00,2024-08-13 09:00:00+00:00,1,3
16b2ec76778ca435b746,26,60,test,2024-08-13 23:00:00+00:00,2024-08-14 02:00:00+00:00,1,1
81399cb7672bc8947c76,26,60,test,2024-08-14 03:00:00+00:00,2024-08-14 06:00:00+00:00,1,3
8238318088cfefb8ac40,26,60,test,2024-08-16 09:00:00+00:00,2024-08-16 11:00:00+00:00,-1,2
9d55cce68218bc2c0602,26,60,test,2024-08-16 13:00:00+00:00,2024-08-16 15:00:00+00:00,-1,3
6827be34c3d2819945cc,26,60,test,2024-08-16 23:00:00+00:00,2024-08-17 01:00:00+00:00,1,2
5b19f78c5c5400b95b0c,26,60,test,2024-08-17 03:00:00+00:00,2024-08-17 05:00:00+00:00,-1,3
d67ffc45d7611896506a,26,60,test,2024-08-17 17:00:00+00:00,2024-08-17 19:00:00+00:00,1,2
2b30ebb6c2b0f3c8f75d,27,60,train,2024-02-26 16:00:00+00:00,2024-02-26 18:00:00+00:00,1,2
ee9c45da8ee786c87a1d,27,60,train,2024-02-27 20:00:00+00:00,2024-02-28 01:00:00+00:00,1,1
87529b990de42bfe855e,27,60,train,2024-02-28 16:00:00+00:00,2024-02-28 18:00:00+00:00,1,2
d688f8f5c113a030f8b4,27,60,train,2024-03-03 14:00:00+00:00,2024-03-03 16:00:00+00:00,1,2
269ee3b3d32b735588ba,27,60,train,2024-03-03 17:00:00+00:00,2024-03-03 22:00:00+00:00,1,1
877c68913f8a34eac27d,27,60,train,2024-03-03 23:00:00+00:00,2024-03-04 02:00:00+00:00,-1,0
23b66348db1023bc93a9,27,60,train,2024-03-04 22:00:00+00:00,2024-03-05 00:00:00+00:00,-1,2
13fef737f5d29404f830,27,60,train,2024-03-11 21:00:00+00:00,2024-03-12 01:00:00+00:00,1,2
cbcf9f3434653cbd2c64,27,60,train,2024-03-13 22:00:00+00:00,2024-03-14 00:00:00+00:00,-1,2
4fdab1091b5367f472d2,27,60,train,2024-03-14 01:00:00+00:00,2024-03-14 05:00:00+00:00,-1,3
34e467c152f30f3c4993,27,60,train,2024-03-14 06:00:00+00:00,2024-03-14 11:00:00+00:00,-1,0
6939702ac3f4d6188232,27,60,train,2024-03-14 16:00:00+00:00,2024-03-14 18:00:00+00:00,-1,3
b9a566636ed65e58a95a,27,60,train,2024-03-15 21:00:00+00:00,2024-03-16 07:00:00+00:00,-1,2
ef1dca29ef7fbec8b44b,27,60,train,2024-03-16 11:00:00+00:00,2024-03-16 13:00:00+00:00,1,2
4256ad2670e8c22bc729,27,60,train,2024-03-23 23:00:00+00:00,2024-03-24 01:00:00+00:00,-1,2
3a9fc6aa5040b58811a9,27,60,train,2024-03-27 08:00:00+00:00,2024-03-27 10:00:00+00:00,1,2
43818c217f3264aaaeed,27,60,train,2024-04-01 23:00:00+00:00,2024-04-02 05:00:00+00:00,-1,0
f6c4b96d7b7cb83bc8e4,27,60,validation,2024-07-08 23:00:00+00:00,2024-07-09 01:00:00+00:00,-1,2
dbc911621f8ff627c478,27,60,validation,2024-07-12 09:00:00+00:00,2024-07-12 11:00:00+00:00,1,2
9407a75ea5d84082a50e,27,60,validation,2024-07-12 12:00:00+00:00,2024-07-12 15:00:00+00:00,1,3
b23004b62bd4a0a4eb46,27,60,test,2024-07-13 15:00:00+00:00,2024-07-13 20:00:00+00:00,1,1
c983fabbbc4ad8894d92,27,60,test,2024-07-13 23:00:00+00:00,2024-07-14 02:00:00+00:00,1,3
c96416a7e1a8c2c52ac9,27,60,test,2024-07-14 05:00:00+00:00,2024-07-14 08:00:00+00:00,-1,3
d4a2999860e0a5603ecd,27,60,test,2024-07-14 10:00:00+00:00,2024-07-14 15:00:00+00:00,1,1
09b95c453183a5f674cd,27,60,test,2024-07-15 09:00:00+00:00,2024-07-15 11:00:00+00:00,1,2
91efe049a60c9148c0c0,27,60,test,2024-07-15 12:00:00+00:00,2024-07-15 15:00:00+00:00,1,3
a3b54f104839091ed598,27,60,test,2024-07-16 15:00:00+00:00,2024-07-16 20:00:00+00:00,1,1
c6a4bf656e2a1b3c4610,27,60,test,2024-07-16 23:00:00+00:00,2024-07-17 02:00:00+00:00,1,3
5fbe18415bf9145db1c5,27,60,test,2024-07-17 05:00:00+00:00,2024-07-17 08:00:00+00:00,-1,3
5343620af5b954e0bb96,27,60,test,2024-07-17 14:00:00+00:00,2024-07-17 17:00:00+00:00,-1,2
fd8a378ee1aeccee4e05,27,60,test,2024-07-17 18:00:00+00:00,2024-07-17 21:00:00+00:00,1,3
c9efd4e74195156e4e5f,27,60,test,2024-07-18 02:00:00+00:00,2024-07-18 04:00:00+00:00,0,3
ad444317189c37bd66ad,27,60,test,2024-07-18 14:00:00+00:00,2024-07-18 16:00:00+00:00,-1,2
a059ea6cfdda315a3003,27,60,test,2024-07-18 18:00:00+00:00,2024-07-18 20:00:00+00:00,1,3
4340dd80347df1c2d498,27,60,test,2024-07-19 11:00:00+00:00,2024-07-19 13:00:00+00:00,0,3
260331c6f1296c959e03,27,60,test,2024-07-19 14:00:00+00:00,2024-07-19 16:00:00+00:00,-1,2
878dc52b84d6b6b16ea9,27,60,test,2024-07-19 18:00:00+00:00,2024-07-19 20:00:00+00:00,1,3
1e7e92a933c13c2b1878,27,60,test,2024-07-21 07:00:00+00:00,2024-07-21 09:00:00+00:00,-1,2
4a5e57f36df5a9c156da,27,60,test,2024-07-22 06:00:00+00:00,2024-07-22 10:00:00+00:00,1,1
15c34aea95d29a7a06c3,27,60,test,2024-07-22 11:00:00+00:00,2024-07-22 13:00:00+00:00,1,3
846abb2d3fbd0473f3b0,27,60,test,2024-07-22 16:00:00+00:00,2024-07-22 18:00:00+00:00,1,3
bb16d0c6d628ff13e893,27,60,test,2024-07-23 08:00:00+00:00,2024-07-23 10:00:00+00:00,-1,2
9d2a49a0dba0ae71033f,27,60,test,2024-07-23 17:00:00+00:00,2024-07-24 00:00:00+00:00,-1,0
b0a8c5b0b3bf8e8f2fad,27,60,test,2024-07-25 20:00:00+00:00,2024-07-25 22:00:00+00:00,1,2
9bb74b9526807a184f43,27,60,test,2024-07-26 00:00:00+00:00,2024-07-26 02:00:00+00:00,-1,3
127980a1d3b04c41982b,27,60,test,2024-07-27 04:00:00+00:00,2024-07-27 13:00:00+00:00,-1,1
70c15594b0ad0cd00fa6,27,60,test,2024-07-28 12:00:00+00:00,2024-07-28 20:00:00+00:00,-1,0
d48d63380750e9133463,27,60,test,2024-07-29 09:00:00+00:00,2024-07-29 12:00:00+00:00,-1,2
a8d08f9525b27560c14c,27,60,test,2024-07-29 13:00:00+00:00,2024-07-29 18:00:00+00:00,-1,0
6f9cff01ce2e9d15fcf8,27,60,test,2024-07-30 12:00:00+00:00,2024-07-30 14:00:00+00:00,0,3
1c4aebfd2c18da7e5d15,27,60,test,2024-07-30 23:00:00+00:00,2024-07-31 05:00:00+00:00,-1,0
c3f51a63ee2326dad1d3,27,60,test,2024-07-31 07:00:00+00:00,2024-07-31 09:00:00+00:00,-1,2
d5bb5ad6daa99f3e7e03,27,60,test,2024-07-31 12:00:00+00:00,2024-07-31 14:00:00+00:00,-1,3
dc80fd125cd86aeab766,27,60,test,2024-07-31 16:00:00+00:00,2024-07-31 18:00:00+00:00,-1,2
a304a89eea95a2fed0e4,27,60,test,2024-07-31 20:00:00+00:00,2024-07-31 23:00:00+00:00,-1,3
92bc7250c89061133e5e,27,60,test,2024-08-01 00:00:00+00:00,2024-08-01 03:00:00+00:00,1,1
0ce0eea1bbf69a617484,27,60,test,2024-08-01 06:00:00+00:00,2024-08-01 10:00:00+00:00,-1,3
a9cf183898bf61216176,27,60,test,2024-08-02 07:00:00+00:00,2024-08-02 13:00:00+00:00,-1,1
07c6f9990f89710f1ebc,27,60,test,2024-08-02 14:00:00+00:00,2024-08-02 17:00:00+00:00,-1,3
34e19ecbc6cd87a6429d,27,60,test,2024-08-05 09:00:00+00:00,2024-08-05 11:00:00+00:00,1,2
1f6ad41fb96c21fd58e2,27,60,test,2024-08-08 08:00:00+00:00,2024-08-08 16:00:00+00:00,-1,0
b2a92ffced5236f41989,27,60,test,2024-08-12 02:00:00+00:00,2024-08-12 04:00:00+00:00,1,1
94684449b103b88f5474,27,60,test,2024-08-12 05:00:00+00:00,2024-08-12 07:00:00+00:00,1,3
a8eb9de8a82acc937b60,27,60,test,2024-08-12 08:00:00+00:00,2024-08-12 15:00:00+00:00,-1,0
4ee8fbd9d6d831677574,27,60,test,2024-08-12 21:00:00+00:00,2024-08-13 01:00:00+00:00,1,1
7fe7f16ba954bcbf1dfb,27,60,test,2024-08-13 02:00:00+00:00,2024-08-13 08:00:00+00:00,-1,0
37d6482665f270f84cce,27,60,test,2024-08-13 23:00:00+00:00,2024-08-14 03:00:00+00:00,1,1
6f3fc427dcb8f1d4dcf5,27,60,test,2024-08-14 04:00:00+00:00,2024-08-14 07:00:00+00:00,-1,3
ebcb9edf22b5866051a8,27,60,test,2024-08-14 08:00:00+00:00,2024-08-14 10:00:00+00:00,-1,2
6d29f57600cecc1c7950,27,60,test,2024-08-14 12:00:00+00:00,2024-08-14 14:00:00+00:00,-1,3
573e7acb4bb4f8afa9b9,27,60,test,2024-08-16 23:00:00+00:00,2024-08-17 01:00:00+00:00,-1,2
bd8f97c6c812750d8994,27,60,test,2024-08-17 03:00:00+00:00,2024-08-17 05:00:00+00:00,-1,3
d11b954845cbf01c3e2e,28,60,train,2024-02-27 20:00:00+00:00,2024-02-28 01:00:00+00:00,1,1
a562e54b0bc0cd88435e,28,60,train,2024-03-03 14:00:00+00:00,2024-03-03 16:00:00+00:00,1,2
9e9beb7e2352181fca3e,28,60,train,2024-03-03 17:00:00+00:00,2024-03-03 22:00:00+00:00,1,1
26b26f27cac51bb3b269,28,60,train,2024-03-14 01:00:00+00:00,2024-03-14 11:00:00+00:00,-1,3
5a2282e089d3411a93aa,28,60,train,2024-03-15 02:00:00+00:00,2024-03-15 05:00:00+00:00,1,1
e0622acdf23522b3a702,28,60,train,2024-03-15 20:00:00+00:00,2024-03-16 06:00:00+00:00,-1,1
d0dd508d3f6753de569e,28,60,train,2024-03-16 11:00:00+00:00,2024-03-16 13:00:00+00:00,-1,2
123091998ff331f34e00,28,60,train,2024-03-23 19:00:00+00:00,2024-03-23 21:00:00+00:00,1,3
0ff75cb0ab504a7d3e4c,28,60,train,2024-03-26 06:00:00+00:00,2024-03-26 09:00:00+00:00,-1,0
79bd3a9c0551f2d2fbf9,28,60,train,2024-04-01 23:00:00+00:00,2024-04-02 01:00:00+00:00,1,2
eea39e7e857b03843a96,28,60,train,2024-04-02 02:00:00+00:00,2024-04-02 06:00:00+00:00,-1,3
8e110a2e3f2146c354fd,28,60,validation,2024-07-11 06:00:00+00:00,2024-07-11 09:00:00+00:00,-1,0
8fcc061d184ce4153c89,28,60,validation,2024-07-12 08:00:00+00:00,2024-07-12 14:00:00+00:00,-1,0
924f868cd036b0a76d82,28,60,test,2024-07-13 15:00:00+00:00,2024-07-13 19:00:00+00:00,-1,2
8390dde7afbb1d3b29b7,28,60,test,2024-07-13 23:00:00+00:00,2024-07-14 01:00:00+00:00,1,3
1d0457c572bcbf08c973,28,60,test,2024-07-14 05:00:00+00:00,2024-07-14 08:00:00+00:00,-1,3
0d250536a2611c9755d3,28,60,test,2024-07-14 10:00:00+00:00,2024-07-14 19:00:00+00:00,1,1
722005c8527c315763a1,28,60,test,2024-07-15 08:00:00+00:00,2024-07-15 14:00:00+00:00,-1,0
3d64a974fd0858f5925d,28,60,test,2024-07-16 15:00:00+00:00,2024-07-16 19:00:00+00:00,-1,2
09cf42768cbebae13a31,28,60,test,2024-07-16 23:00:00+00:00,2024-07-17 01:00:00+00:00,1,3
142cda07d9d2b0b27c11,28,60,test,2024-07-17 05:00:00+00:00,2024-07-17 08:00:00+00:00,-1,3
afc09d75b72ebdadfec1,28,60,test,2024-07-17 13:00:00+00:00,2024-07-17 17:00:00+00:00,1,1
86945ec63a668ecb2a9b,28,60,test,2024-07-17 18:00:00+00:00,2024-07-17 21:00:00+00:00,1,3
092910cb6eae690aab11,28,60,test,2024-07-18 14:00:00+00:00,2024-07-18 16:00:00+00:00,-1,2
66e7c3a1530e491ec025,28,60,test,2024-07-18 18:00:00+00:00,2024-07-18 20:00:00+00:00,-1,3
c65ba25ec5878d1a338c,28,60,test,2024-07-19 08:00:00+00:00,2024-07-19 10:00:00+00:00,1,1
cf13df382ca9aab4c79a,28,60,test,2024-07-19 12:00:00+00:00,2024-07-19 16:00:00+00:00,1,3
7e26bd297ab08ce685ac,28,60,test,2024-07-19 18:00:00+00:00,2024-07-19 20:00:00+00:00,-1,3
2bab36fa9690560c2f21,28,60,test,2024-07-21 07:00:00+00:00,2024-07-21 10:00:00+00:00,-1,2
b07b93cae0ec55f5d168,28,60,test,2024-07-21 11:00:00+00:00,2024-07-21 13:00:00+00:00,-1,3
6db68540fff1ce1d4265,28,60,test,2024-07-22 07:00:00+00:00,2024-07-22 11:00:00+00:00,-1,0
4ae08246fbb51c913512,28,60,test,2024-07-22 14:00:00+00:00,2024-07-22 18:00:00+00:00,-1,3
8f7a99f1d2cda0e2639a,28,60,test,2024-07-23 09:00:00+00:00,2024-07-23 11:00:00+00:00,1,2
5ee21f1bfc00803b46cf,28,60,test,2024-07-23 17:00:00+00:00,2024-07-23 19:00:00+00:00,1,2
0e3dcab82b30b25a1705,28,60,test,2024-07-23 21:00:00+00:00,2024-07-23 23:00:00+00:00,1,3
8510d1ae557e03cda438,28,60,test,2024-07-25 15:00:00+00:00,2024-07-25 17:00:00+00:00,-1,2
a6ef79b89f67c7868d1d,28,60,test,2024-07-25 20:00:00+00:00,2024-07-25 22:00:00+00:00,1,2
a2e6e261e04946c7e410,28,60,test,2024-07-26 00:00:00+00:00,2024-07-26 03:00:00+00:00,-1,0
6eea1ab01d4d35be387b,28,60,test,2024-07-26 16:00:00+00:00,2024-07-26 18:00:00+00:00,1,2
8838265239660ddac9a0,28,60,test,2024-07-27 05:00:00+00:00,2024-07-27 13:00:00+00:00,-1,0
a4d682349f3b12752fa8,28,60,test,2024-07-28 12:00:00+00:00,2024-07-28 19:00:00+00:00,-1,0
31991dbe5a1ec4d82c00,28,60,test,2024-07-29 07:00:00+00:00,2024-07-29 17:00:00+00:00,-1,1
3d512b3662d5fc9268bb,28,60,test,2024-07-30 07:00:00+00:00,2024-07-30 09:00:00+00:00,-1,2
2e986ad4b993febede2b,28,60,test,2024-07-30 11:00:00+00:00,2024-07-30 16:00:00+00:00,1,1
a89ada89304dd8df0831,28,60,test,2024-07-30 17:00:00+00:00,2024-07-30 20:00:00+00:00,1,3
8f330d0f4d22ff010125,28,60,test,2024-07-31 04:00:00+00:00,2024-07-31 06:00:00+00:00,-1,3
ea7e4b846201e88147bc,28,60,test,2024-07-31 07:00:00+00:00,2024-07-31 10:00:00+00:00,1,2
0bb1315908c616faf2ef,28,60,test,2024-08-01 07:00:00+00:00,2024-08-01 10:00:00+00:00,-1,3
b354e0e53bb401d6d116,28,60,test,2024-08-02 06:00:00+00:00,2024-08-02 09:00:00+00:00,1,2
8629d18afff822d884a9,28,60,test,2024-08-02 10:00:00+00:00,2024-08-02 12:00:00+00:00,1,2
76c83664c892387c8099,28,60,test,2024-08-02 13:00:00+00:00,2024-08-02 18:00:00+00:00,-1,0
b2f71cd03aee2bd2bd27,28,60,test,2024-08-05 09:00:00+00:00,2024-08-05 13:00:00+00:00,-1,2
53f2564162e9879762f4,28,60,test,2024-08-05 14:00:00+00:00,2024-08-05 18:00:00+00:00,-1,3
e10514db6e7cfbc058b3,28,60,test,2024-08-07 11:00:00+00:00,2024-08-07 16:00:00+00:00,1,1
6a509efb2e35a8a7813e,28,60,test,2024-08-07 19:00:00+00:00,2024-08-08 00:00:00+00:00,-1,0
3d806d78769bf59b4247,28,60,test,2024-08-08 08:00:00+00:00,2024-08-08 11:00:00+00:00,1,2
a21de0a73de91f9aee5e,28,60,test,2024-08-08 12:00:00+00:00,2024-08-08 15:00:00+00:00,-1,3
a8a8d0606c559e1d3c99,28,60,test,2024-08-09 03:00:00+00:00,2024-08-09 06:00:00+00:00,1,2
b26e577c3ec86e88084c,28,60,test,2024-08-10 06:00:00+00:00,2024-08-10 08:00:00+00:00,1,2
676cfa16ddab495067cb,28,60,test,2024-08-12 02:00:00+00:00,2024-08-12 04:00:00+00:00,1,2
d92bd45ea2317ebcfffc,28,60,test,2024-08-12 06:00:00+00:00,2024-08-12 15:00:00+00:00,-1,1
d3b9b1b65bc75fe798e4,28,60,test,2024-08-12 23:00:00+00:00,2024-08-13 03:00:00+00:00,-1,2
953cb405380cca0a5679,28,60,test,2024-08-13 04:00:00+00:00,2024-08-13 08:00:00+00:00,-1,3
20df7cf8ae59b847c04f,28,60,test,2024-08-13 23:00:00+00:00,2024-08-14 02:00:00+00:00,1,1
10f44996d53d75d94325,28,60,test,2024-08-14 03:00:00+00:00,2024-08-14 06:00:00+00:00,1,3
b65ebd15a08b1037c79b,28,60,test,2024-08-17 03:00:00+00:00,2024-08-17 05:00:00+00:00,-1,3
a91bc8ccf591b0257b78,29,60,train,2024-02-22 21:00:00+00:00,2024-02-23 00:00:00+00:00,1,2
2b40783eb349ece15577,29,60,train,2024-02-27 21:00:00+00:00,2024-02-28 01:00:00+00:00,-1,2
2619f3a894a27e562455,29,60,train,2024-02-28 15:00:00+00:00,2024-02-28 19:00:00+00:00,1,1
ccaa412ce0c4aada6598,29,60,train,2024-02-28 21:00:00+00:00,2024-02-28 23:00:00+00:00,-1,3
de221f63463946525363,29,60,train,2024-03-03 14:00:00+00:00,2024-03-03 16:00:00+00:00,1,2
314fdb3e7cf6ebec581d,29,60,train,2024-03-03 17:00:00+00:00,2024-03-03 22:00:00+00:00,1,1
96e892dbee0daa7d6289,29,60,train,2024-03-04 22:00:00+00:00,2024-03-05 00:00:00+00:00,-1,2
665b203d02edba7f65af,29,60,train,2024-03-14 16:00:00+00:00,2024-03-14 18:00:00+00:00,-1,3
ba72c0ffcc12437285eb,29,60,train,2024-03-15 20:00:00+00:00,2024-03-16 06:00:00+00:00,-1,1
dd47f3161eda4e9e8a27,29,60,train,2024-03-16 11:00:00+00:00,2024-03-16 13:00:00+00:00,1,2
f7c44f95f31911f32c88,29,60,train,2024-03-26 07:00:00+00:00,2024-03-26 09:00:00+00:00,-1,3
c3c1a2f3ad7beae8993c,29,60,validation,2024-07-11 07:00:00+00:00,2024-07-11 09:00:00+00:00,-1,3
f05be6b20b17525e2592,29,60,test,2024-07-13 15:00:00+00:00,2024-07-13 19:00:00+00:00,-1,2
ab56fa1bba65f1634c54,29,60,test,2024-07-13 23:00:00+00:00,2024-07-14 03:00:00+00:00,1,3
ccebb114b1088e592dfe,29,60,test,2024-07-14 04:00:00+00:00,2024-07-14 14:00:00+00:00,1,3
6d662fdfcdac9804684b,29,60,test,2024-07-14 16:00:00+00:00,2024-07-14 19:00:00+00:00,-1,2
f6ee8f319d17654f69b2,29,60,test,2024-07-16 15:00:00+00:00,2024-07-16 19:00:00+00:00,-1,2
ed6a8f1643e8f826579d,29,60,test,2024-07-16 23:00:00+00:00,2024-07-17 03:00:00+00:00,1,3
2ca35942641f364809e6,29,60,test,2024-07-17 04:00:00+00:00,2024-07-17 10:00:00+00:00,-1,0
40443b0027624de6ee64,29,60,test,2024-07-17 13:00:00+00:00,2024-07-17 22:00:00+00:00,1,1
272835fddcbf3be7cac4,29,60,test,2024-07-18 14:00:00+00:00,2024-07-18 16:00:00+00:00,-1,2
e65bf48b9d4a9816ae64,29,60,test,2024-07-18 18:00:00+00:00,2024-07-18 20:00:00+00:00,-1,3
6bdcc587fb9988991765,29,60,test,2024-07-19 11:00:00+00:00,2024-07-19 13:00:00+00:00,0,3
2def4a6a512cf993e535,29,60,test,2024-07-19 14:00:00+00:00,2024-07-19 16:00:00+00:00,-1,2
9d0e36c7ef285a44cbc4,29,60,test,2024-07-19 18:00:00+00:00,2024-07-19 20:00:00+00:00,-1,3
8718be6763dd124f4c5f,29,60,test,2024-07-21 12:00:00+00:00,2024-07-21 15:00:00+00:00,1,1
fff4c99ea332bb204a50,29,60,test,2024-07-22 07:00:00+00:00,2024-07-22 10:00:00+00:00,-1,2
cbdcec7b74907abb71fd,29,60,test,2024-07-22 11:00:00+00:00,2024-07-22 14:00:00+00:00,1,3
6975929bd6ef7901b058,29,60,test,2024-07-23 08:00:00+00:00,2024-07-23 10:00:00+00:00,-1,2
83cc9ae726929a4eb1e5,29,60,test,2024-07-23 17:00:00+00:00,2024-07-23 19:00:00+00:00,-1,2
799aa83e72a9dca366fb,29,60,test,2024-07-23 20:00:00+00:00,2024-07-24 00:00:00+00:00,1,3
90d586f9d2603f1dc346,29,60,test,2024-07-25 20:00:00+00:00,2024-07-25 22:00:00+00:00,1,2
e7a297a130caf65b12e6,29,60,test,2024-07-26 00:00:00+00:00,2024-07-26 03:00:00+00:00,-1,3
09d873a5ca768d21593a,29,60,test,2024-07-27 05:00:00+00:00,2024-07-27 09:00:00+00:00,1,1
f136e2034356067556b0,29,60,test,2024-07-27 10:00:00+00:00,2024-07-27 14:00:00+00:00,-1,3
832afdb380d7deaa296d,29,60,test,2024-07-27 15:00:00+00:00,2024-07-27 17:00:00+00:00,-1,3
588bdeb02c18d9a92265,29,60,test,2024-07-28 12:00:00+00:00,2024-07-28 20:00:00+00:00,-1,0
da7779d27810a12716cb,29,60,test,2024-07-29 08:00:00+00:00,2024-07-29 12:00:00+00:00,1,2
d0fc8f56ebd285ecb37f,29,60,test,2024-07-29 14:00:00+00:00,2024-07-29 17:00:00+00:00,-1,3
bb66f43e6b424045abbb,29,60,test,2024-07-30 06:00:00+00:00,2024-07-30 08:00:00+00:00,-1,2
b0dbaa51f626e542a305,29,60,test,2024-07-30 10:00:00+00:00,2024-07-30 12:00:00+00:00,0,3
b10fc43d660e40d79030,29,60,test,2024-07-30 13:00:00+00:00,2024-07-30 16:00:00+00:00,1,2
a2dc0bf7b8f5108a24d4,29,60,test,2024-07-30 17:00:00+00:00,2024-07-30 20:00:00+00:00,1,3
cc21c37d1dcfe503f3a5,29,60,test,2024-07-31 01:00:00+00:00,2024-07-31 03:00:00+00:00,1,2
220850ccb0ad72b71c5f,29,60,test,2024-07-31 07:00:00+00:00,2024-07-31 10:00:00+00:00,1,2
8c459a9c95b51aa51f3c,29,60,test,2024-07-31 22:00:00+00:00,2024-08-01 00:00:00+00:00,1,1
5f133e762a2953c7d176,29,60,test,2024-08-01 01:00:00+00:00,2024-08-01 03:00:00+00:00,1,2
fe89f674f7c79935b6de,29,60,test,2024-08-01 06:00:00+00:00,2024-08-01 10:00:00+00:00,-1,0
b5879406a1d725f06262,29,60,test,2024-08-02 06:00:00+00:00,2024-08-02 12:00:00+00:00,1,2
7aaf89c364be7828c551,29,60,test,2024-08-02 14:00:00+00:00,2024-08-02 18:00:00+00:00,-1,0
7d4bb49fb83e6d2b763e,29,60,test,2024-08-03 19:00:00+00:00,2024-08-03 21:00:00+00:00,-1,2
ece490a8b699ae0d6bda,29,60,test,2024-08-05 15:00:00+00:00,2024-08-05 17:00:00+00:00,1,3
c8596cfb98d68c497c17,29,60,test,2024-08-07 11:00:00+00:00,2024-08-07 18:00:00+00:00,1,1
464bd13288ba45faa2c9,29,60,test,2024-08-07 19:00:00+00:00,2024-08-08 00:00:00+00:00,-1,0
15d5b9af8d5024143e2b,29,60,test,2024-08-08 08:00:00+00:00,2024-08-08 11:00:00+00:00,1,2
0176739aef5edcef9b3b,29,60,test,2024-08-08 12:00:00+00:00,2024-08-08 15:00:00+00:00,-1,3
847c12ac8f0bbae26b7b,29,60,test,2024-08-09 04:00:00+00:00,2024-08-09 06:00:00+00:00,1,2
50724110f2e8c8a29c32,29,60,test,2024-08-12 02:00:00+00:00,2024-08-12 04:00:00+00:00,1,2
3e5aae8d29eba8fb5ba2,29,60,test,2024-08-12 06:00:00+00:00,2024-08-12 10:00:00+00:00,1,1
ba5752a52a4b61f3e098,29,60,test,2024-08-12 11:00:00+00:00,2024-08-12 14:00:00+00:00,-1,3
2c6ddd0756600eb15fd3,29,60,test,2024-08-13 03:00:00+00:00,2024-08-13 08:00:00+00:00,-1,0
4a163c15b0ff041a5531,29,60,test,2024-08-13 23:00:00+00:00,2024-08-14 03:00:00+00:00,1,1
509c2732a64f5ff3368f,29,60,test,2024-08-14 04:00:00+00:00,2024-08-14 07:00:00+00:00,-1,3
41c63535ca11942a0c60,29,60,test,2024-08-15 07:00:00+00:00,2024-08-15 09:00:00+00:00,-1,0
d1ea537645729dcf0da4,29,60,test,2024-08-16 23:00:00+00:00,2024-08-17 01:00:00+00:00,-1,2
d7af26ffbd06251dd5a4,29,60,test,2024-08-17 03:00:00+00:00,2024-08-17 05:00:00+00:00,-1,3
f96be388f4f89501c4f9,30,60,train,2024-02-22 21:00:00+00:00,2024-02-23 00:00:00+00:00,1,2
854f803a1554f9aceca7,30,60,train,2024-02-27 21:00:00+00:00,2024-02-28 01:00:00+00:00,-1,2
e505cc4219909989a528,30,60,train,2024-02-28 15:00:00+00:00,2024-02-28 19:00:00+00:00,1,1
c86c23c007737613e284,30,60,train,2024-02-28 21:00:00+00:00,2024-02-28 23:00:00+00:00,-1,3
e9c748e3e3d71b414c34,30,60,train,2024-03-03 14:00:00+00:00,2024-03-03 16:00:00+00:00,1,2
b3dd61062de513c112bf,30,60,train,2024-03-03 17:00:00+00:00,2024-03-03 22:00:00+00:00,1,1
3515f72eece99b63b9b2,30,60,train,2024-03-04 00:00:00+00:00,2024-03-04 02:00:00+00:00,1,3
e21d885c8141e1e0eb85,30,60,train,2024-03-04 22:00:00+00:00,2024-03-05 00:00:00+00:00,-1,2
ef1ac5d45b59a0432edf,30,60,train,2024-03-13 21:00:00+00:00,2024-03-14 00:00:00+00:00,1,2
c038dd203544c7ca092d,30,60,train,2024-03-14 01:00:00+00:00,2024-03-14 05:00:00+00:00,-1,3
7ccb9f3f26e7d60c68e2,30,60,train,2024-03-14 06:00:00+00:00,2024-03-14 09:00:00+00:00,-1,2
baa878264ab8873f6c25,30,60,train,2024-03-14 15:00:00+00:00,2024-03-14 17:00:00+00:00,-1,3
60e16b99f5a83d6ba1f6,30,60,train,2024-03-15 02:00:00+00:00,2024-03-15 05:00:00+00:00,1,1
bf343be7387f699884ca,30,60,train,2024-03-15 20:00:00+00:00,2024-03-16 08:00:00+00:00,-1,1
3bfe508667cc26edd3fd,30,60,train,2024-03-16 11:00:00+00:00,2024-03-16 13:00:00+00:00,1,2
ae7ee620552c5bc1ad50,30,60,train,2024-03-21 22:00:00+00:00,2024-03-22 00:00:00+00:00,-1,2
858ad4bd7d193ae60ae8,30,60,validation,2024-07-12 08:00:00+00:00,2024-07-12 11:00:00+00:00,-1,0
74439b3c4ccb30c201f1,30,60,test,2024-07-13 15:00:00+00:00,2024-07-13 20:00:00+00:00,1,1
ff8647c1ae2437f7d2bf,30,60,test,2024-07-13 21:00:00+00:00,2024-07-14 02:00:00+00:00,-1,0
6a2bd5b50f4a8fb51425,30,60,test,2024-07-14 05:00:00+00:00,2024-07-14 08:00:00+00:00,1,3
529e8ea9d33b21379150,30,60,test,2024-07-14 09:00:00+00:00,2024-07-14 15:00:00+00:00,1,1
3e3c22ce66c2a3cbde02,30,60,test,2024-07-14 17:00:00+00:00,2024-07-14 19:00:00+00:00,1,3
215998fb80b49db3658a,30,60,test,2024-07-15 08:00:00+00:00,2024-07-15 11:00:00+00:00,-1,0
375f66834c5146e54c2b,30,60,test,2024-07-15 12:00:00+00:00,2024-07-15 16:00:00+00:00,1,3
f1af6eb16260840331c3,30,60,test,2024-07-15 19:00:00+00:00,2024-07-15 21:00:00+00:00,0,3
73b8741c162bde41e315,30,60,test,2024-07-16 15:00:00+00:00,2024-07-16 20:00:00+00:00,1,1
6fd294657889a4561382,30,60,test,2024-07-16 21:00:00+00:00,2024-07-17 02:00:00+00:00,-1,0
1ad21c4a5472be31da03,30,60,test,2024-07-17 05:00:00+00:00,2024-07-17 08:00:00+00:00,1,3
858cfa9add34424533a7,30,60,test,2024-07-17 13:00:00+00:00,2024-07-17 17:00:00+00:00,1,1
26782d57531ce6d232da,30,60,test,2024-07-17 18:00:00+00:00,2024-07-17 21:00:00+00:00,1,3
f2393e7b6699f0fcfa06,30,60,test,2024-07-18 14:00:00+00:00,2024-07-18 16:00:00+00:00,-1,2
0487503375958c32d7d7,30,60,test,2024-07-18 18:00:00+00:00,2024-07-18 20:00:00+00:00,1,3
268cd6234ceec21cbbc6,30,60,test,2024-07-19 08:00:00+00:00,2024-07-19 11:00:00+00:00,1,2
15803a78de6ec8e71bc6,30,60,test,2024-07-19 12:00:00+00:00,2024-07-19 14:00:00+00:00,1,3
7016b5011f173e1d3549,30,60,test,2024-07-19 18:00:00+00:00,2024-07-19 20:00:00+00:00,1,3
4644f1bb7d1ede928199,30,60,test,2024-07-22 06:00:00+00:00,2024-07-22 13:00:00+00:00,1,1
a4812562de56c47f31f6,30,60,test,2024-07-22 17:00:00+00:00,2024-07-22 19:00:00+00:00,-1,3
fd32bcd8753c07861461,30,60,test,2024-07-23 16:00:00+00:00,2024-07-24 00:00:00+00:00,-1,2
771f61efdc7b8a24babc,30,60,test,2024-07-25 20:00:00+00:00,2024-07-25 23:00:00+00:00,1,2
f7d8f092c897b1807645,30,60,test,2024-07-26 01:00:00+00:00,2024-07-26 04:00:00+00:00,-1,3
70a9175f1814267e2556,30,60,test,2024-07-27 05:00:00+00:00,2024-07-27 14:00:00+00:00,-1,2
8dbb75eb33740728eaee,30,60,test,2024-07-28 12:00:00+00:00,2024-07-28 15:00:00+00:00,-1,2
be8436a19bea8e89797b,30,60,test,2024-07-28 16:00:00+00:00,2024-07-28 20:00:00+00:00,-1,3
2fe4e7afbc4111162477,30,60,test,2024-07-29 09:00:00+00:00,2024-07-29 12:00:00+00:00,1,1
ad79e6382236a5519e29,30,60,test,2024-07-29 13:00:00+00:00,2024-07-29 17:00:00+00:00,-1,3
b3808500530710528cb1,30,60,test,2024-07-30 06:00:00+00:00,2024-07-30 09:00:00+00:00,-1,2
ecbb4b3b211d5d362296,30,60,test,2024-07-30 10:00:00+00:00,2024-07-30 16:00:00+00:00,1,1
eb723ed0a960bee55ec6,30,60,test,2024-07-30 17:00:00+00:00,2024-07-30 20:00:00+00:00,1,3
dad5d8f384dbe5163c18,30,60,test,2024-07-31 01:00:00+00:00,2024-07-31 03:00:00+00:00,1,1
d1ea3495ecd1527cf902,30,60,test,2024-07-31 06:00:00+00:00,2024-07-31 09:00:00+00:00,1,2
c01a05ee005d758f35cc,30,60,test,2024-07-31 16:00:00+00:00,2024-07-31 19:00:00+00:00,-1,0
cad5bfd401d56251ab03,30,60,test,2024-07-31 20:00:00+00:00,2024-07-31 23:00:00+00:00,1,3
1c9a368724220952e5b5,30,60,test,2024-08-01 08:00:00+00:00,2024-08-01 11:00:00+00:00,-1,3
c115f29ed840be8d686f,30,60,test,2024-08-02 07:00:00+00:00,2024-08-02 09:00:00+00:00,1,2
31ad4e619d383695f121,30,60,test,2024-08-02 10:00:00+00:00,2024-08-02 18:00:00+00:00,-1,0
ffdd59d54344e2456e2e,30,60,test,2024-08-03 03:00:00+00:00,2024-08-03 05:00:00+00:00,-1,3
9648a753fce7adaf2073,30,60,test,2024-08-03 11:00:00+00:00,2024-08-03 13:00:00+00:00,-1,2
006a18e29378fa6b08b8,30,60,test,2024-08-03 15:00:00+00:00,2024-08-03 17:00:00+00:00,0,3
39597ae81870059745d0,30,60,test,2024-08-05 09:00:00+00:00,2024-08-05 12:00:00+00:00,1,1
256f452ea2c0565fcb90,30,60,test,2024-08-05 14:00:00+00:00,2024-08-05 17:00:00+00:00,-1,3
5672fc52e1bfb50c2957,30,60,test,2024-08-07 11:00:00+00:00,2024-08-07 15:00:00+00:00,1,1
a4c688d15cbc8eaaaaff,30,60,test,2024-08-07 18:00:00+00:00,2024-08-08 00:00:00+00:00,-1,0
d7a551fc58d620e7a824,30,60,test,2024-08-08 07:00:00+00:00,2024-08-08 10:00:00+00:00,1,2
fd9141429ab98adf534e,30,60,test,2024-08-08 12:00:00+00:00,2024-08-08 15:00:00+00:00,-1,3
92577185c42bed8a68f0,30,60,test,2024-08-12 01:00:00+00:00,2024-08-12 04:00:00+00:00,1,1
086d924cbe494e68ac9e,30,60,test,2024-08-12 05:00:00+00:00,2024-08-12 10:00:00+00:00,1,1
59bde94eb1a06d8aa141,30,60,test,2024-08-12 11:00:00+00:00,2024-08-12 14:00:00+00:00,-1,3
3d1b6df40698b32a1fbb,30,60,test,2024-08-12 22:00:00+00:00,2024-08-13 03:00:00+00:00,1,1
9843ded1cd4aa346f6c9,30,60,test,2024-08-13 04:00:00+00:00,2024-08-13 08:00:00+00:00,-1,3
7179c4fe15d7be970a01,30,60,test,2024-08-14 00:00:00+00:00,2024-08-14 03:00:00+00:00,-1,2
6e2825c9026b3777c7df,30,60,test,2024-08-14 04:00:00+00:00,2024-08-14 07:00:00+00:00,-1,3
909e030bbaf828d37659,30,60,test,2024-08-14 08:00:00+00:00,2024-08-14 10:00:00+00:00,1,2
5c7826a4004d8fbafc6a,30,60,test,2024-08-14 12:00:00+00:00,2024-08-14 14:00:00+00:00,1,3
32404de62fbd9624c6a3,30,60,test,2024-08-17 03:00:00+00:00,2024-08-17 05:00:00+00:00,0,3
0a3c645c9d7bd9836b00,31,60,train,2024-02-22 21:00:00+00:00,2024-02-23 00:00:00+00:00,1,2
ad7842baf04fd83835ae,31,60,train,2024-02-26 22:00:00+00:00,2024-02-27 00:00:00+00:00,1,3
f73fdf33d8eda4d5dbc3,31,60,train,2024-02-27 21:00:00+00:00,2024-02-28 01:00:00+00:00,-1,2
626c4725f6610d79da81,31,60,train,2024-02-28 16:00:00+00:00,2024-02-28 19:00:00+00:00,1,2
e80d4b2edcbdb4ad15f5,31,60,train,2024-02-28 20:00:00+00:00,2024-02-28 23:00:00+00:00,-1,3
401dfb29699f0d4d7782,31,60,train,2024-03-03 14:00:00+00:00,2024-03-03 16:00:00+00:00,1,2
0a98f8f904618b0889fe,31,60,train,2024-03-03 17:00:00+00:00,2024-03-03 22:00:00+00:00,1,1
aa4f44572c952cb328a3,31,60,train,2024-03-04 22:00:00+00:00,2024-03-05 00:00:00+00:00,-1,2
3a34977827c1601859b7,31,60,train,2024-03-14 09:00:00+00:00,2024-03-14 11:00:00+00:00,-1,3
287fd9f64088f0349ddc,31,60,train,2024-03-14 15:00:00+00:00,2024-03-14 18:00:00+00:00,-1,3
f8cb5bcc3a77f2a2a3b9,31,60,train,2024-03-15 20:00:00+00:00,2024-03-16 09:00:00+00:00,-1,1
8dd37d5dfce96296401a,31,60,train,2024-03-16 11:00:00+00:00,2024-03-16 13:00:00+00:00,-1,2
c8a5c4bfde868056c4b6,31,60,train,2024-03-16 18:00:00+00:00,2024-03-16 22:00:00+00:00,-1,3
2f18f698be569aad0158,31,60,train,2024-03-16 23:00:00+00:00,2024-03-17 01:00:00+00:00,1,2
a2401aec361b8f5d5ba2,31,60,train,2024-03-21 21:00:00+00:00,2024-03-21 23:00:00+00:00,1,2
17ac314204e720a40b92,31,60,train,2024-03-26 07:00:00+00:00,2024-03-26 09:00:00+00:00,1,3
491dbef72b29d2bde095,31,60,train,2024-04-04 12:00:00+00:00,2024-04-04 15:00:00+00:00,-1,2
a00103c52e9cb453b729,31,60,validation,2024-07-11 07:00:00+00:00,2024-07-11 09:00:00+00:00,1,3
fdfc06681a00649f2e03,31,60,test,2024-07-13 16:00:00+00:00,2024-07-14 01:00:00+00:00,-1,1
31ff210b7472ac085a6c,31,60,test,2024-07-14 05:00:00+00:00,2024-07-14 08:00:00+00:00,1,3
60f8a9f88fadf8998d28,31,60,test,2024-07-14 11:00:00+00:00,2024-07-14 15:00:00+00:00,-1,2
6fe9f84359cfcf6a36a9,31,60,test,2024-07-15 19:00:00+00:00,2024-07-15 21:00:00+00:00,0,3
2106da3e1bb6f0495331,31,60,test,2024-07-16 16:00:00+00:00,2024-07-17 01:00:00+00:00,-1,1
9a7ff61af814135f8d60,31,60,test,2024-07-17 05:00:00+00:00,2024-07-17 08:00:00+00:00,1,3
0cdbbdc97775a53f0830,31,60,test,2024-07-17 15:00:00+00:00,2024-07-17 17:00:00+00:00,-1,2
d3170f0f5979b5712449,31,60,test,2024-07-17 19:00:00+00:00,2024-07-17 21:00:00+00:00,-1,3
610819f8c6357543ef45,31,60,test,2024-07-18 02:00:00+00:00,2024-07-18 04:00:00+00:00,0,3
c340faa48f3f69988452,31,60,test,2024-07-18 14:00:00+00:00,2024-07-18 16:00:00+00:00,1,1
957baa387a933ca2b74e,31,60,test,2024-07-22 06:00:00+00:00,2024-07-22 11:00:00+00:00,1,1
be52076cf73585809489,31,60,test,2024-07-22 14:00:00+00:00,2024-07-22 19:00:00+00:00,-1,0
cb4a2c804e3eda2845d6,31,60,test,2024-07-23 16:00:00+00:00,2024-07-24 00:00:00+00:00,-1,2
da0aba681cf924ea3c2a,31,60,test,2024-07-25 20:00:00+00:00,2024-07-25 22:00:00+00:00,1,2
10e7dd8786008438098b,31,60,test,2024-07-26 00:00:00+00:00,2024-07-26 02:00:00+00:00,-1,3
a3fecf1e141bce6db1ff,31,60,test,2024-07-27 04:00:00+00:00,2024-07-27 13:00:00+00:00,-1,1
d1e4bb45aa17271281e1,31,60,test,2024-07-28 11:00:00+00:00,2024-07-28 13:00:00+00:00,1,1
7877cba36175364a133c,31,60,test,2024-07-28 16:00:00+00:00,2024-07-28 19:00:00+00:00,-1,3
32ef3ba0a0b665b4a1e6,31,60,test,2024-07-29 08:00:00+00:00,2024-07-29 12:00:00+00:00,-1,2
850d40b42b565f1427ad,31,60,test,2024-07-29 13:00:00+00:00,2024-07-29 17:00:00+00:00,-1,3
15825d07dfcc2a03d24e,31,60,test,2024-07-30 14:00:00+00:00,2024-07-30 16:00:00+00:00,1,2
5b30eaf9709b6415546a,31,60,test,2024-07-30 18:00:00+00:00,2024-07-30 20:00:00+00:00,1,3
6e57ed40b7aea7865cf3,31,60,test,2024-07-31 16:00:00+00:00,2024-07-31 18:00:00+00:00,0,2
d00c81a35ab075d434fe,31,60,test,2024-08-01 07:00:00+00:00,2024-08-01 09:00:00+00:00,1,3
dcd0acc571aec1e16bf1,31,60,test,2024-08-02 09:00:00+00:00,2024-08-02 12:00:00+00:00,1,1
5544a1ee1dafcd63403f,31,60,test,2024-08-02 14:00:00+00:00,2024-08-02 18:00:00+00:00,-1,3
a14c696f0d9ad5455e15,31,60,test,2024-08-05 09:00:00+00:00,2024-08-05 12:00:00+00:00,-1,2
04b6e74e625430cbdfa0,31,60,test,2024-08-05 13:00:00+00:00,2024-08-05 16:00:00+00:00,-1,0
d1f6a832d8b616f02645,31,60,test,2024-08-07 11:00:00+00:00,2024-08-07 15:00:00+00:00,1,1
357dbac62a2968a7dd68,31,60,test,2024-08-07 20:00:00+00:00,2024-08-08 00:00:00+00:00,-1,3
c958182b98b64b3154c5,31,60,test,2024-08-08 08:00:00+00:00,2024-08-08 11:00:00+00:00,1,2
dc5561975e0ac729b862,31,60,test,2024-08-08 12:00:00+00:00,2024-08-08 15:00:00+00:00,-1,3
eda2dd7e2dadf1dcd89a,31,60,test,2024-08-08 16:00:00+00:00,2024-08-08 18:00:00+00:00,1,2
d3676228c6b53787c8d9,31,60,test,2024-08-10 07:00:00+00:00,2024-08-10 10:00:00+00:00,1,2
bf9d6dde388f44a0be20,31,60,test,2024-08-10 12:00:00+00:00,2024-08-10 14:00:00+00:00,-1,3
c86ceaff793e137eea8c,31,60,test,2024-08-12 02:00:00+00:00,2024-08-12 04:00:00+00:00,1,2
28f7699db8a712be0e51,31,60,test,2024-08-12 05:00:00+00:00,2024-08-12 07:00:00+00:00,1,3
f91825a014e406e28d0a,31,60,test,2024-08-12 08:00:00+00:00,2024-08-12 10:00:00+00:00,1,2
21f75781d59b1311ad98,31,60,test,2024-08-12 11:00:00+00:00,2024-08-12 14:00:00+00:00,-1,3
b00c5bf705678c360475,31,60,test,2024-08-12 23:00:00+00:00,2024-08-13 08:00:00+00:00,-1,0
10af203bda7a7f5f9660,31,60,test,2024-08-13 23:00:00+00:00,2024-08-14 06:00:00+00:00,-1,2
f6f0cbb021fc72835a44,31,60,test,2024-08-14 08:00:00+00:00,2024-08-14 10:00:00+00:00,1,2
3697f7f708f9b5213d96,31,60,test,2024-08-14 12:00:00+00:00,2024-08-14 14:00:00+00:00,-1,3
8a393babc7b32df75c4f,31,60,test,2024-08-17 03:00:00+00:00,2024-08-17 06:00:00+00:00,0,3
3ea113213ec338d8fad6,32,60,train,2024-02-26 22:00:00+00:00,2024-02-27 03:00:00+00:00,1,1
94061946452f46f74bf9,32,60,train,2024-02-27 20:00:00+00:00,2024-02-28 01:00:00+00:00,1,1
ac1ab3d3932772f394b2,32,60,train,2024-02-28 17:00:00+00:00,2024-02-28 19:00:00+00:00,1,2
b443411eceafa3331925,32,60,train,2024-02-28 21:00:00+00:00,2024-02-28 23:00:00+00:00,-1,3
400c38d5324eae5cdf25,32,60,train,2024-03-03 14:00:00+00:00,2024-03-03 17:00:00+00:00,-1,2
7d1b84c7602d3098958a,32,60,train,2024-03-03 18:00:00+00:00,2024-03-03 22:00:00+00:00,1,2
6b598407b485f3c01ba7,32,60,train,2024-03-04 22:00:00+00:00,2024-03-05 01:00:00+00:00,-1,2
275fa3b18fb2d1073f00,32,60,train,2024-03-11 21:00:00+00:00,2024-03-12 01:00:00+00:00,1,2
f0b72c0c25e43c8ee628,32,60,train,2024-03-14 08:00:00+00:00,2024-03-14 12:00:00+00:00,-1,0
b1550bdec99c1ed75bc3,32,60,train,2024-03-14 16:00:00+00:00,2024-03-14 18:00:00+00:00,-1,3
7e09c82e322f43028bdc,32,60,train,2024-03-15 02:00:00+00:00,2024-03-15 05:00:00+00:00,1,2
952a8588d761fc34d2dd,32,60,train,2024-03-15 21:00:00+00:00,2024-03-16 03:00:00+00:00,1,1
f500edb3b7294a5b6b4e,32,60,train,2024-03-16 06:00:00+00:00,2024-03-16 11:00:00+00:00,-1,0
ab22838a0076c6a79c35,32,60,train,2024-03-26 02:00:00+00:00,2024-03-26 07:00:00+00:00,1,1
cd5b774274e117c0582a,32,60,train,2024-03-26 08:00:00+00:00,2024-03-26 12:00:00+00:00,-1,2
61f15bc342ff67728cf3,32,60,train,2024-04-02 00:00:00+00:00,2024-04-02 02:00:00+00:00,1,2
f73186cbe8cbab22da61,32,60,validation,2024-07-11 02:00:00+00:00,2024-07-11 07:00:00+00:00,1,1
34d321a35fb648984530,32,60,validation,2024-07-11 08:00:00+00:00,2024-07-11 12:00:00+00:00,-1,2
b2b59857aedc45ac7ede,32,60,validation,2024-07-12 06:00:00+00:00,2024-07-12 09:00:00+00:00,1,2
41cb744e85e50d13acef,32,60,validation,2024-07-12 11:00:00+00:00,2024-07-12 13:00:00+00:00,1,3
48092e25670e7293df82,32,60,test,2024-07-13 15:00:00+00:00,2024-07-13 20:00:00+00:00,1,2
a293219b15b5e531f2ce,32,60,test,2024-07-13 22:00:00+00:00,2024-07-14 02:00:00+00:00,1,3
f89d3f6b54afae07f30c,32,60,test,2024-07-14 05:00:00+00:00,2024-07-14 08:00:00+00:00,-1,3
5600ec466828f9264bad,32,60,test,2024-07-14 09:00:00+00:00,2024-07-14 14:00:00+00:00,1,1
dd804aca5bea82d287d5,32,60,test,2024-07-14 17:00:00+00:00,2024-07-14 23:00:00+00:00,-1,0
8a3519d594984d93389e,32,60,test,2024-07-15 03:00:00+00:00,2024-07-15 05:00:00+00:00,-1,3
49494f64393cd68d122b,32,60,test,2024-07-15 06:00:00+00:00,2024-07-15 09:00:00+00:00,1,2
9e3852bc9d8fc9de9d33,32,60,test,2024-07-15 11:00:00+00:00,2024-07-15 13:00:00+00:00,1,3
a94681e065eaa3c0b733,32,60,test,2024-07-16 15:00:00+00:00,2024-07-16 20:00:00+00:00,1,2
e34fcb0dd9998933acd2,32,60,test,2024-07-16 22:00:00+00:00,2024-07-17 02:00:00+00:00,1,3
db17523cc654f6381223,32,60,test,2024-07-17 05:00:00+00:00,2024-07-17 08:00:00+00:00,-1,3
e385e2c281903236fd22,32,60,test,2024-07-17 13:00:00+00:00,2024-07-17 17:00:00+00:00,1,1
cdb600fb9e5d2078cace,32,60,test,2024-07-17 18:00:00+00:00,2024-07-17 22:00:00+00:00,1,3
b12b1db63a28c07e0fff,32,60,test,2024-07-19 07:00:00+00:00,2024-07-19 16:00:00+00:00,-1,2
11fbf7eeda4366a9a033,32,60,test,2024-07-21 06:00:00+00:00,2024-07-21 09:00:00+00:00,-1,2
1f284aec61414e24face,32,60,test,2024-07-22 06:00:00+00:00,2024-07-22 11:00:00+00:00,1,1
adc033f003059c9c2d4d,32,60,test,2024-07-22 14:00:00+00:00,2024-07-22 20:00:00+00:00,-1,3
4e7e79e444becfc527e5,32,60,test,2024-07-23 08:00:00+00:00,2024-07-23 10:00:00+00:00,1,2
f0db02176b95c2dcd03c,32,60,test,2024-07-23 21:00:00+00:00,2024-07-23 23:00:00+00:00,1,3
6eb0c34cdac57113ac5e,32,60,test,2024-07-25 06:00:00+00:00,2024-07-25 08:00:00+00:00,-1,3
f4a86588c1eec17d3f8f,32,60,test,2024-07-26 16:00:00+00:00,2024-07-26 18:00:00+00:00,1,2
b17caa51d53045e9ffc7,32,60,test,2024-07-26 20:00:00+00:00,2024-07-26 22:00:00+00:00,1,3
0a67cd5e4b2b7ea37678,32,60,test,2024-07-27 05:00:00+00:00,2024-07-27 13:00:00+00:00,-1,2
86dca330710f31979a5b,32,60,test,2024-07-28 12:00:00+00:00,2024-07-28 16:00:00+00:00,-1,2
01486ad193df9f176f02,32,60,test,2024-07-28 21:00:00+00:00,2024-07-28 23:00:00+00:00,1,3
7f30a87b0519c828843d,32,60,test,2024-07-29 07:00:00+00:00,2024-07-29 16:00:00+00:00,-1,2
159e9de667f4b21e7eab,32,60,test,2024-07-30 07:00:00+00:00,2024-07-30 12:00:00+00:00,1,2
ea845b297078a078ffed,32,60,test,2024-07-30 17:00:00+00:00,2024-07-30 20:00:00+00:00,1,3
fa3219a4d7ddf907ffa9,32,60,test,2024-07-31 06:00:00+00:00,2024-07-31 19:00:00+00:00,-1,0
2dbfdf09895d88d0226e,32,60,test,2024-07-31 20:00:00+00:00,2024-07-31 22:00:00+00:00,-1,3
7f22372d4896f54210e0,32,60,test,2024-07-31 23:00:00+00:00,2024-08-01 02:00:00+00:00,1,2
b6b1b4c4d5d6206c5d03,32,60,test,2024-08-01 07:00:00+00:00,2024-08-01 09:00:00+00:00,1,3
71a0c0e0d20ffd9b6ebd,32,60,test,2024-08-02 07:00:00+00:00,2024-08-02 09:00:00+00:00,-1,2
e719dc8c85002c21a84a,32,60,test,2024-08-02 14:00:00+00:00,2024-08-02 17:00:00+00:00,1,3
d348f4b6ea47ccc8cad5,32,60,test,2024-08-03 15:00:00+00:00,2024-08-03 17:00:00+00:00,-1,3
b48c693dfc17d42c3e8c,32,60,test,2024-08-05 08:00:00+00:00,2024-08-05 12:00:00+00:00,1,2
134495e7ed576aca9889,32,60,test,2024-08-05 15:00:00+00:00,2024-08-05 18:00:00+00:00,-1,3
6ab906427dd0e52f1c3d,32,60,test,2024-08-07 12:00:00+00:00,2024-08-07 16:00:00+00:00,1,2
d0018ae92dc8a4406da4,32,60,test,2024-08-07 19:00:00+00:00,2024-08-08 00:00:00+00:00,-1,0
968ef99d3478f1357164,32,60,test,2024-08-08 16:00:00+00:00,2024-08-08 18:00:00+00:00,1,2
3a3ab84a8e0492376519,32,60,test,2024-08-08 20:00:00+00:00,2024-08-08 22:00:00+00:00,-1,3
31877dda9af911ed7e85,32,60,test,2024-08-10 06:00:00+00:00,2024-08-10 08:00:00+00:00,1,2
63205a63276efc3045d4,32,60,test,2024-08-12 02:00:00+00:00,2024-08-12 07:00:00+00:00,-1,0
b190b0268cc211be6983,32,60,test,2024-08-12 08:00:00+00:00,2024-08-12 10:00:00+00:00,-1,2
dcbffff5e9fa82e9c0f1,32,60,test,2024-08-12 11:00:00+00:00,2024-08-12 15:00:00+00:00,-1,3
bf25d462ff41530af52b,32,60,test,2024-08-12 23:00:00+00:00,2024-08-13 01:00:00+00:00,-1,2
f5c1d2d68f2721ace7ac,32,60,test,2024-08-13 04:00:00+00:00,2024-08-13 09:00:00+00:00,-1,0
30eac6c88339c9ab69ae,32,60,test,2024-08-13 23:00:00+00:00,2024-08-14 03:00:00+00:00,1,1
afbb48b1fe71ae42bc06,32,60,test,2024-08-14 04:00:00+00:00,2024-08-14 10:00:00+00:00,1,3
1fa09f1edd69cbfe19f3,32,60,test,2024-08-14 12:00:00+00:00,2024-08-14 14:00:00+00:00,-1,3
a0f45ad2bc882c1cf8c1,32,60,test,2024-08-15 10:00:00+00:00,2024-08-15 12:00:00+00:00,1,3
95e46522af810652ca97,32,60,test,2024-08-16 16:00:00+00:00,2024-08-16 18:00:00+00:00,-1,2
6f2bba43d3207a2c06e8,32,60,test,2024-08-17 03:00:00+00:00,2024-08-17 05:00:00+00:00,0,3
093eba317e603d71a41c,32,60,test,2024-08-17 18:00:00+00:00,2024-08-17 20:00:00+00:00,1,2
21776c8dc971d4854589,33,60,train,2024-02-22 21:00:00+00:00,2024-02-23 00:00:00+00:00,1,2
55673da19d182c477276,33,60,train,2024-02-26 22:00:00+00:00,2024-02-27 03:00:00+00:00,1,1
b204ff15b93d7777d54b,33,60,train,2024-02-27 21:00:00+00:00,2024-02-28 01:00:00+00:00,-1,2
b6f61d07ceb5a881a90d,33,60,train,2024-02-28 15:00:00+00:00,2024-02-28 19:00:00+00:00,1,1
555b554fe6f1df729b27,33,60,train,2024-02-28 20:00:00+00:00,2024-02-28 23:00:00+00:00,-1,3
e8e4dc1082940250da4e,33,60,train,2024-03-03 14:00:00+00:00,2024-03-03 16:00:00+00:00,1,2
2fb36a3783c5975d2d86,33,60,train,2024-03-03 17:00:00+00:00,2024-03-03 22:00:00+00:00,1,1
b7d2421b30137c21d52c,33,60,train,2024-03-13 21:00:00+00:00,2024-03-14 00:00:00+00:00,1,2
bb1373a5d899ea0e61d2,33,60,train,2024-03-14 01:00:00+00:00,2024-03-14 11:00:00+00:00,-1,3
d6a76c17a1183eb60ca7,33,60,train,2024-03-14 15:00:00+00:00,2024-03-14 18:00:00+00:00,-1,3
2ab28e6750667f09a371,33,60,train,2024-03-15 20:00:00+00:00,2024-03-16 06:00:00+00:00,-1,1
fa971c05164406252a04,33,60,train,2024-03-21 22:00:00+00:00,2024-03-22 00:00:00+00:00,-1,2
34076e8b8cb8c5afc857,33,60,train,2024-04-04 12:00:00+00:00,2024-04-04 14:00:00+00:00,1,2
95d2dc3b402a87858132,33,60,validation,2024-07-12 08:00:00+00:00,2024-07-12 10:00:00+00:00,-1,2
ad90d5f5e6c3639dacd2,33,60,validation,2024-07-12 11:00:00+00:00,2024-07-12 14:00:00+00:00,-1,3
7d013b4c27d7321b101a,33,60,test,2024-07-13 15:00:00+00:00,2024-07-13 20:00:00+00:00,1,2
aab8be354380b7a0f7b8,33,60,test,2024-07-13 21:00:00+00:00,2024-07-14 01:00:00+00:00,-1,0
bb0b6360fcc3cbec812a,33,60,test,2024-07-14 05:00:00+00:00,2024-07-14 08:00:00+00:00,-1,3
7e7b124ad710dc101866,33,60,test,2024-07-14 10:00:00+00:00,2024-07-14 15:00:00+00:00,1,1
af5af951f7b8324a70e4,33,60,test,2024-07-14 17:00:00+00:00,2024-07-14 19:00:00+00:00,-1,3
e647478427ae4b3ef76a,33,60,test,2024-07-14 21:00:00+00:00,2024-07-14 23:00:00+00:00,-1,0
d4f2249e490d844ec3fa,33,60,test,2024-07-15 08:00:00+00:00,2024-07-15 10:00:00+00:00,-1,2
c829854f0e7eef3c0fdb,33,60,test,2024-07-15 11:00:00+00:00,2024-07-15 14:00:00+00:00,-1,3
3ed47363cef8d13ab39d,33,60,test,2024-07-15 19:00:00+00:00,2024-07-15 21:00:00+00:00,0,3
7e7a31488f4672ac60e2,33,60,test,2024-07-16 15:00:00+00:00,2024-07-16 20:00:00+00:00,1,2
07b1abefb77aa6ef4dd3,33,60,test,2024-07-16 21:00:00+00:00,2024-07-17 01:00:00+00:00,-1,0
d0aeba5401e49e66f201,33,60,test,2024-07-17 05:00:00+00:00,2024-07-17 08:00:00+00:00,-1,3
47d56b4f68a5ff496875,33,60,test,2024-07-17 14:00:00+00:00,2024-07-17 17:00:00+00:00,1,1
e3e034d16295d8c47423,33,60,test,2024-07-17 18:00:00+00:00,2024-07-17 21:00:00+00:00,1,3
795b0aaaf4be178263f2,33,60,test,2024-07-21 07:00:00+00:00,2024-07-21 09:00:00+00:00,1,2
5a9f827286b1c87df5a8,33,60,test,2024-07-21 11:00:00+00:00,2024-07-21 13:00:00+00:00,1,3
6cd229560714af3b18c3,33,60,test,2024-07-21 14:00:00+00:00,2024-07-21 16:00:00+00:00,-1,2
18a6ebf4f5e4d8ca2e4a,33,60,test,2024-07-21 18:00:00+00:00,2024-07-21 20:00:00+00:00,1,3
59ac1013c1740e25af16,33,60,test,2024-07-22 02:00:00+00:00,2024-07-22 04:00:00+00:00,-1,2
77385c59a13c34b9a173,33,60,test,2024-07-22 09:00:00+00:00,2024-07-22 18:00:00+00:00,-1,2
a8fc744eeb5f3277f99b,33,60,test,2024-07-23 17:00:00+00:00,2024-07-23 20:00:00+00:00,1,2
cde0d03027f4db615cc3,33,60,test,2024-07-23 21:00:00+00:00,2024-07-24 01:00:00+00:00,1,3
15f1ccf7668f09da6192,33,60,test,2024-07-27 04:00:00+00:00,2024-07-27 14:00:00+00:00,-1,1
2258eb60487d904ca620,33,60,test,2024-07-28 12:00:00+00:00,2024-07-28 15:00:00+00:00,-1,0
15a1f78086e869e5cde5,33,60,test,2024-07-28 16:00:00+00:00,2024-07-28 19:00:00+00:00,1,3
9669ab963ff6d9cd835d,33,60,test,2024-07-29 08:00:00+00:00,2024-07-29 12:00:00+00:00,1,1
afbbd94a4638264a11df,33,60,test,2024-07-29 13:00:00+00:00,2024-07-29 16:00:00+00:00,-1,3
ac7977452357acdd61e6,33,60,test,2024-07-30 14:00:00+00:00,2024-07-30 16:00:00+00:00,-1,2
7fa2fab335996e1f74e9,33,60,test,2024-07-30 18:00:00+00:00,2024-07-30 20:00:00+00:00,1,3
8a4644a61f31fa3e8926,33,60,test,2024-07-31 07:00:00+00:00,2024-07-31 10:00:00+00:00,-1,2
268a7d6cdcdab495a32b,33,60,test,2024-07-31 12:00:00+00:00,2024-07-31 16:00:00+00:00,1,3
d148b4531c5b802a0416,33,60,test,2024-07-31 17:00:00+00:00,2024-07-31 19:00:00+00:00,1,2
ec10003de472c48e62a1,33,60,test,2024-08-01 00:00:00+00:00,2024-08-01 02:00:00+00:00,-1,2
2558c8f6dbb3f5f9da30,33,60,test,2024-08-01 06:00:00+00:00,2024-08-01 10:00:00+00:00,-1,0
a56686115a536167d5c0,33,60,test,2024-08-02 07:00:00+00:00,2024-08-02 09:00:00+00:00,1,2
d4d2bb27cd46660487d0,33,60,test,2024-08-02 15:00:00+00:00,2024-08-02 17:00:00+00:00,-1,3
5f79754b7f235e297003,33,60,test,2024-08-05 09:00:00+00:00,2024-08-05 11:00:00+00:00,-1,2
1bfa011d04ce5002676a,33,60,test,2024-08-05 13:00:00+00:00,2024-08-05 15:00:00+00:00,-1,3
82e86d82aaba220592d8,33,60,test,2024-08-07 11:00:00+00:00,2024-08-07 15:00:00+00:00,-1,2
cc2ff449c96023bc32be,33,60,test,2024-08-07 18:00:00+00:00,2024-08-08 00:00:00+00:00,-1,0
b1001758b94b3e54ad4b,33,60,test,2024-08-08 08:00:00+00:00,2024-08-08 10:00:00+00:00,-1,2
62da0ed998653563b172,33,60,test,2024-08-08 12:00:00+00:00,2024-08-08 15:00:00+00:00,-1,3
48804f9a38b65c8b5bbc,33,60,test,2024-08-12 02:00:00+00:00,2024-08-12 04:00:00+00:00,1,2
00735d5184a1fb40e160,33,60,test,2024-08-12 06:00:00+00:00,2024-08-12 10:00:00+00:00,1,1
0e5e8d959942239de828,33,60,test,2024-08-12 11:00:00+00:00,2024-08-12 15:00:00+00:00,-1,3
4f23d33903af843a01b9,33,60,test,2024-08-12 22:00:00+00:00,2024-08-13 01:00:00+00:00,1,1
f2af3eb3efda9b7427b0,33,60,test,2024-08-13 02:00:00+00:00,2024-08-13 09:00:00+00:00,-1,0
74e7ceb4ca05e78ddb48,33,60,test,2024-08-14 00:00:00+00:00,2024-08-14 02:00:00+00:00,-1,2
c9639e5ac494d36368bb,33,60,test,2024-08-14 04:00:00+00:00,2024-08-14 06:00:00+00:00,1,3
9684ad6387f697dba1af,33,60,test,2024-08-14 12:00:00+00:00,2024-08-14 14:00:00+00:00,-1,3
f1fd987b2cadf923dc97,33,60,test,2024-08-15 07:00:00+00:00,2024-08-15 09:00:00+00:00,1,2
3a649aa6007f622644dd,33,60,test,2024-08-17 03:00:00+00:00,2024-08-17 05:00:00+00:00,-1,3
d965172bc5a471ee3070,34,60,train,2024-02-22 21:00:00+00:00,2024-02-23 00:00:00+00:00,1,2
edfe131e17e7785a0289,34,60,train,2024-02-26 19:00:00+00:00,2024-02-26 21:00:00+00:00,1,1
9d73245cd200b8feae22,34,60,train,2024-02-26 22:00:00+00:00,2024-02-27 00:00:00+00:00,1,3
4be892c9757a1b5db940,34,60,train,2024-02-27 21:00:00+00:00,2024-02-28 00:00:00+00:00,-1,2
fcf223ccb96416fe3e11,34,60,train,2024-02-28 16:00:00+00:00,2024-02-28 19:00:00+00:00,1,1
220974d65119a3eaf686,34,60,train,2024-02-28 20:00:00+00:00,2024-02-28 23:00:00+00:00,-1,3
10da19a3061260ff36f1,34,60,train,2024-03-03 14:00:00+00:00,2024-03-03 16:00:00+00:00,1,2
bd22bbd61ccfaeb7188b,34,60,train,2024-03-03 17:00:00+00:00,2024-03-04 01:00:00+00:00,1,1
11fd7ee603fd0cfbdb23,34,60,train,2024-03-04 22:00:00+00:00,2024-03-05 00:00:00+00:00,-1,2
6c8b523fe40adf6f0714,34,60,train,2024-03-11 22:00:00+00:00,2024-03-12 01:00:00+00:00,-1,2
9eb83e59d56276a16fc1,34,60,train,2024-03-14 15:00:00+00:00,2024-03-14 18:00:00+00:00,1,3
801d8b4f9f4b23621ca9,34,60,train,2024-03-15 20:00:00+00:00,2024-03-16 01:00:00+00:00,1,1
8297e4d26f138efe959f,34,60,train,2024-03-16 02:00:00+00:00,2024-03-16 09:00:00+00:00,-1,0
9bc1733e2837db27369f,34,60,train,2024-03-16 19:00:00+00:00,2024-03-16 22:00:00+00:00,1,3
68627094f6a74e95a528,34,60,train,2024-03-21 21:00:00+00:00,2024-03-22 00:00:00+00:00,-1,2
587e5f18a807abdea585,34,60,train,2024-04-02 00:00:00+00:00,2024-04-02 05:00:00+00:00,-1,0
d110b39492165dd9333a,34,60,train,2024-04-04 12:00:00+00:00,2024-04-04 16:00:00+00:00,-1,2
da35f2a6629bcda2d04c,34,60,validation,2024-07-12 19:00:00+00:00,2024-07-12 21:00:00+00:00,1,3
1f699709b8303f664a71,34,60,test,2024-07-13 15:00:00+00:00,2024-07-13 20:00:00+00:00,1,1
47cf51bc3e72f444ab8d,34,60,test,2024-07-13 22:00:00+00:00,2024-07-14 02:00:00+00:00,1,3
50f2c1e5f8ae41828349,34,60,test,2024-07-14 05:00:00+00:00,2024-07-14 08:00:00+00:00,-1,3
d0d06e5653dd7c93cf6e,34,60,test,2024-07-14 11:00:00+00:00,2024-07-14 20:00:00+00:00,1,1
6c8c3220d52ce015714d,34,60,test,2024-07-15 19:00:00+00:00,2024-07-15 21:00:00+00:00,1,3
d712570c19240bf9fa98,34,60,test,2024-07-16 15:00:00+00:00,2024-07-16 20:00:00+00:00,1,1
ad8cff47d6c493e6a4ec,34,60,test,2024-07-16 22:00:00+00:00,2024-07-17 02:00:00+00:00,1,3
dd237555efcca6fd95bc,34,60,test,2024-07-17 05:00:00+00:00,2024-07-17 08:00:00+00:00,-1,3
fe20d165149de8f5aa89,34,60,test,2024-07-17 14:00:00+00:00,2024-07-17 17:00:00+00:00,-1,2
5c4bf5cdfdbb0f015dc9,34,60,test,2024-07-17 18:00:00+00:00,2024-07-17 20:00:00+00:00,1,3
b2f3bc5b436a9fbf1009,34,60,test,2024-07-17 22:00:00+00:00,2024-07-18 00:00:00+00:00,1,2
61618ab220e616f40d3f,34,60,test,2024-07-18 01:00:00+00:00,2024-07-18 04:00:00+00:00,0,3
490580270a141df9128e,34,60,test,2024-07-19 07:00:00+00:00,2024-07-19 09:00:00+00:00,1,2
a6d8d30385c71f168031,34,60,test,2024-07-19 11:00:00+00:00,2024-07-19 13:00:00+00:00,0,3
ae4d886de475791c3e11,34,60,test,2024-07-21 07:00:00+00:00,2024-07-21 10:00:00+00:00,1,2
ce9b4c93edaeb39c85fa,34,60,test,2024-07-22 02:00:00+00:00,2024-07-22 04:00:00+00:00,1,2
f3869b8264a6e4d8ff25,34,60,test,2024-07-22 07:00:00+00:00,2024-07-22 10:00:00+00:00,-1,2
99f1053d89b8a7f0c5e6,34,60,test,2024-07-22 11:00:00+00:00,2024-07-22 13:00:00+00:00,1,3
79a650236ed7876e3df2,34,60,test,2024-07-22 14:00:00+00:00,2024-07-22 19:00:00+00:00,-1,0
a97524d289df8e90c92f,34,60,test,2024-07-23 11:00:00+00:00,2024-07-23 13:00:00+00:00,-1,0
1b48bf6e5cfcb1f8ad3d,34,60,test,2024-07-23 17:00:00+00:00,2024-07-24 00:00:00+00:00,-1,0
02b7d848570f3bd87a82,34,60,test,2024-07-25 20:00:00+00:00,2024-07-25 23:00:00+00:00,1,1
ce18250f180d8d3ca880,34,60,test,2024-07-26 01:00:00+00:00,2024-07-26 03:00:00+00:00,-1,3
f9bcab2d3d3ea980ef22,34,60,test,2024-07-27 05:00:00+00:00,2024-07-27 13:00:00+00:00,-1,2
6f772825332ca8e72f80,34,60,test,2024-07-28 11:00:00+00:00,2024-07-28 20:00:00+00:00,-1,2
8e47fb5fcf24224efa8f,34,60,test,2024-07-29 08:00:00+00:00,2024-07-29 16:00:00+00:00,-1,0
c2e914491cace651711b,34,60,test,2024-07-30 06:00:00+00:00,2024-07-30 11:00:00+00:00,1,2
917fcb5edde55a17c9d5,34,60,test,2024-07-30 12:00:00+00:00,2024-07-30 14:00:00+00:00,1,3
3c5239cee2aa61919680,34,60,test,2024-07-30 17:00:00+00:00,2024-07-30 20:00:00+00:00,1,3
f364d475435bc4ca32f7,34,60,test,2024-07-31 16:00:00+00:00,2024-07-31 18:00:00+00:00,1,2
054e22a30f361fc0043b,34,60,test,2024-07-31 19:00:00+00:00,2024-07-31 22:00:00+00:00,1,3
4c72a43c55467b6d1f4c,34,60,test,2024-07-31 23:00:00+00:00,2024-08-01 01:00:00+00:00,1,2
d7c9dc5ee9b311e8d143,34,60,test,2024-08-01 04:00:00+00:00,2024-08-01 09:00:00+00:00,-1,0
9e831b37e106a8fed1cb,34,60,test,2024-08-02 09:00:00+00:00,2024-08-02 13:00:00+00:00,1,1
4106307e020c94abb904,34,60,test,2024-08-02 14:00:00+00:00,2024-08-02 17:00:00+00:00,1,3
cb5fa8439b61d755b487,34,60,test,2024-08-07 11:00:00+00:00,2024-08-07 15:00:00+00:00,-1,1
dbe2f0365db47f5e6c1b,34,60,test,2024-08-07 20:00:00+00:00,2024-08-08 00:00:00+00:00,1,3
9c049d7477a7bfd108e8,34,60,test,2024-08-08 08:00:00+00:00,2024-08-08 11:00:00+00:00,-1,2
24d094e8b444b41a6bea,34,60,test,2024-08-08 12:00:00+00:00,2024-08-08 15:00:00+00:00,0,3
0d5d7519e687effd994b,34,60,test,2024-08-10 07:00:00+00:00,2024-08-10 10:00:00+00:00,-1,2
281a65d8569b4d85ba17,34,60,test,2024-08-10 11:00:00+00:00,2024-08-10 14:00:00+00:00,0,3
a651367ddb30fd74c478,34,60,test,2024-08-12 02:00:00+00:00,2024-08-12 05:00:00+00:00,-1,0
8cb54ed3fa4baf0dab5c,34,60,test,2024-08-12 08:00:00+00:00,2024-08-12 10:00:00+00:00,-1,2
b9667dc8e511be40fdc7,34,60,test,2024-08-12 11:00:00+00:00,2024-08-12 15:00:00+00:00,-1,3
cf3a902fafd77347964d,34,60,test,2024-08-12 23:00:00+00:00,2024-08-13 03:00:00+00:00,1,2
741bf5c921005a280810,34,60,test,2024-08-13 04:00:00+00:00,2024-08-13 09:00:00+00:00,-1,0
7e10ebf9fa64267b712e,34,60,test,2024-08-13 23:00:00+00:00,2024-08-14 02:00:00+00:00,1,1
7a58f05e245f9fbc6283,34,60,test,2024-08-14 03:00:00+00:00,2024-08-14 06:00:00+00:00,1,3
f852a8e64d651b13cf84,34,60,test,2024-08-14 12:00:00+00:00,2024-08-14 14:00:00+00:00,1,3
8741ac5113278cb8a816,34,60,test,2024-08-17 03:00:00+00:00,2024-08-17 05:00:00+00:00,-1,3
f9b72c3116de08f2f0d5,35,60,train,2024-02-26 16:00:00+00:00,2024-02-26 19:00:00+00:00,-1,2
43bae609f43948ceb11a,35,60,train,2024-02-27 21:00:00+00:00,2024-02-28 01:00:00+00:00,-1,2
776306e8e377a0ac79cb,35,60,train,2024-02-28 18:00:00+00:00,2024-02-28 20:00:00+00:00,-1,2
fd5b71dda9668c7bbf5f,35,60,train,2024-02-28 22:00:00+00:00,2024-02-29 00:00:00+00:00,-1,3
b18a67e3f4db4fa8359b,35,60,train,2024-03-04 22:00:00+00:00,2024-03-05 00:00:00+00:00,-1,2
160758d353bc516c7307,35,60,train,2024-03-11 22:00:00+00:00,2024-03-12 01:00:00+00:00,1,2
97645329e12ad73998a5,35,60,train,2024-03-14 08:00:00+00:00,2024-03-14 11:00:00+00:00,-1,0
4a347c87213431807b6b,35,60,train,2024-03-14 16:00:00+00:00,2024-03-14 18:00:00+00:00,-1,3
be23a0a63aa4001a3f2e,35,60,train,2024-03-15 20:00:00+00:00,2024-03-16 06:00:00+00:00,-1,1
e664ebfb65ca70a76d45,35,60,train,2024-03-21 21:00:00+00:00,2024-03-21 23:00:00+00:00,-1,2
93642f9ca60784b499e0,35,60,train,2024-03-22 22:00:00+00:00,2024-03-23 00:00:00+00:00,1,2
6261baed697ff21ad685,35,60,train,2024-03-23 23:00:00+00:00,2024-03-24 01:00:00+00:00,-1,2
456c093ded741fe634f1,35,60,train,2024-03-26 06:00:00+00:00,2024-03-26 09:00:00+00:00,-1,0
23fc1abb7c904ef5040a,35,60,train,2024-03-27 08:00:00+00:00,2024-03-27 10:00:00+00:00,-1,2
5b9a588a4665ca948484,35,60,validation,2024-07-08 23:00:00+00:00,2024-07-09 01:00:00+00:00,-1,2
d5cb6de648c126a4eeb6,35,60,validation,2024-07-11 06:00:00+00:00,2024-07-11 09:00:00+00:00,-1,0
3b757f83d03cdfd2edf0,35,60,validation,2024-07-12 08:00:00+00:00,2024-07-12 15:00:00+00:00,-1,0
1e3ec1ade8138c002da5,35,60,test,2024-07-13 15:00:00+00:00,2024-07-13 19:00:00+00:00,1,2
d51da61d4da67f0be6a0,35,60,test,2024-07-13 21:00:00+00:00,2024-07-14 02:00:00+00:00,-1,0
46b38a22d170d0d71a41,35,60,test,2024-07-14 05:00:00+00:00,2024-07-14 09:00:00+00:00,1,3
ee4b591836165c0af016,35,60,test,2024-07-14 11:00:00+00:00,2024-07-14 16:00:00+00:00,1,1
39ce540ea7a95b415529,35,60,test,2024-07-14 17:00:00+00:00,2024-07-14 23:00:00+00:00,-1,0
e198679bbf55cd28e9d5,35,60,test,2024-07-15 08:00:00+00:00,2024-07-15 15:00:00+00:00,-1,0
631ef557d7f0fb534d5c,35,60,test,2024-07-16 15:00:00+00:00,2024-07-16 19:00:00+00:00,1,2
0d25cb7028b8155af388,35,60,test,2024-07-16 21:00:00+00:00,2024-07-17 02:00:00+00:00,-1,0
e198d67f8db5bee0b78e,35,60,test,2024-07-17 05:00:00+00:00,2024-07-17 09:00:00+00:00,1,3
d2f77cd33967808cd7d4,35,60,test,2024-07-17 14:00:00+00:00,2024-07-17 17:00:00+00:00,1,1
5bbbeb59af751827cf0a,35,60,test,2024-07-17 18:00:00+00:00,2024-07-17 22:00:00+00:00,1,3
9061315677f2990dbfbc,35,60,test,2024-07-21 07:00:00+00:00,2024-07-21 10:00:00+00:00,-1,2
05cf4e6e3b4097fa352e,35,60,test,2024-07-21 11:00:00+00:00,2024-07-21 13:00:00+00:00,1,3
2e8ffc5f85906ce80116,35,60,test,2024-07-21 14:00:00+00:00,2024-07-21 16:00:00+00:00,-1,2
6240bdbc92dfa029b1e5,35,60,test,2024-07-22 06:00:00+00:00,2024-07-22 13:00:00+00:00,-1,2
8a9a33ad0824e0af92c8,35,60,test,2024-07-22 15:00:00+00:00,2024-07-22 19:00:00+00:00,-1,3
95fdc7d25f6b7659742f,35,60,test,2024-07-23 16:00:00+00:00,2024-07-24 00:00:00+00:00,-1,2
f3421d057ef7b457b836,35,60,test,2024-07-25 06:00:00+00:00,2024-07-25 08:00:00+00:00,-1,3
525357a15f254acbcd3e,35,60,test,2024-07-25 20:00:00+00:00,2024-07-25 22:00:00+00:00,-1,2
0797701144a2c7f8e912,35,60,test,2024-07-27 04:00:00+00:00,2024-07-27 09:00:00+00:00,1,1
a939f13acf48b77fdde4,35,60,test,2024-07-27 10:00:00+00:00,2024-07-27 14:00:00+00:00,-1,3
cf2992a78221cf6edb50,35,60,test,2024-07-28 14:00:00+00:00,2024-07-28 19:00:00+00:00,-1,0
2dda39713c719fec792a,35,60,test,2024-07-30 14:00:00+00:00,2024-07-30 16:00:00+00:00,-1,2
bc6f067115acf51b97d0,35,60,test,2024-07-30 18:00:00+00:00,2024-07-30 20:00:00+00:00,1,3
504e0ae0e2134341185a,35,60,test,2024-07-31 01:00:00+00:00,2024-07-31 03:00:00+00:00,1,1
9d17fe9378c8eed5231b,35,60,test,2024-07-31 07:00:00+00:00,2024-07-31 09:00:00+00:00,1,2
4629b504ef70d17ccab1,35,60,test,2024-07-31 13:00:00+00:00,2024-07-31 15:00:00+00:00,-1,3
299d27262546e887aa10,35,60,test,2024-07-31 17:00:00+00:00,2024-07-31 19:00:00+00:00,1,2
479ef1cae29315e849e8,35,60,test,2024-07-31 23:00:00+00:00,2024-08-01 02:00:00+00:00,-1,0
4e1fa1d1994fe0e0656e,35,60,test,2024-08-01 07:00:00+00:00,2024-08-01 09:00:00+00:00,1,3
4f320f3a6ccb321e5d95,35,60,test,2024-08-02 06:00:00+00:00,2024-08-02 09:00:00+00:00,1,1
682d6cfbe414b7f36d10,35,60,test,2024-08-02 10:00:00+00:00,2024-08-02 13:00:00+00:00,-1,0
d4829ba2c5a68605e61b,35,60,test,2024-08-02 14:00:00+00:00,2024-08-02 18:00:00+00:00,-1,3
e1e31ecfa6f06c56a052,35,60,test,2024-08-03 19:00:00+00:00,2024-08-03 21:00:00+00:00,1,2
019210b695aa0631f00f,35,60,test,2024-08-03 23:00:00+00:00,2024-08-04 01:00:00+00:00,-1,3
f992484b54379dd11775,35,60,test,2024-08-05 09:00:00+00:00,2024-08-05 12:00:00+00:00,-1,0
399998b82e6690fad8cd,35,60,test,2024-08-05 13:00:00+00:00,2024-08-05 16:00:00+00:00,-1,3
b08e03bcc5d6fc722ace,35,60,test,2024-08-07 11:00:00+00:00,2024-08-07 17:00:00+00:00,-1,1
4fdb863e18ad93a72a8a,35,60,test,2024-08-07 19:00:00+00:00,2024-08-08 00:00:00+00:00,-1,0
8461ba87889386801654,35,60,test,2024-08-08 08:00:00+00:00,2024-08-08 11:00:00+00:00,-1,2
d7aaa5413f08f6e45019,35,60,test,2024-08-08 12:00:00+00:00,2024-08-08 15:00:00+00:00,0,3
f33b98de084fae881d1f,35,60,test,2024-08-12 02:00:00+00:00,2024-08-12 04:00:00+00:00,1,2
5ce448ff04f8d5ae9e15,35,60,test,2024-08-12 07:00:00+00:00,2024-08-12 15:00:00+00:00,-1,0
30dcebc19ce0eaa455f4,35,60,test,2024-08-12 20:00:00+00:00,2024-08-12 22:00:00+00:00,-1,2
db70e703b275aaab6273,35,60,test,2024-08-12 23:00:00+00:00,2024-08-13 01:00:00+00:00,-1,2
d12e3d44272d19ef0e0f,35,60,test,2024-08-13 02:00:00+00:00,2024-08-13 04:00:00+00:00,1,1
da7f22e540095688d8f9,35,60,test,2024-08-13 05:00:00+00:00,2024-08-13 09:00:00+00:00,-1,3
2270e3fba0b226cd181f,35,60,test,2024-08-14 00:00:00+00:00,2024-08-14 03:00:00+00:00,-1,0
a81f9bc47ebbd2d0b277,35,60,test,2024-08-14 04:00:00+00:00,2024-08-14 07:00:00+00:00,-1,3
c82d723423547bc2dd02,35,60,test,2024-08-14 09:00:00+00:00,2024-08-14 11:00:00+00:00,-1,2
60e9ee4bd386d3eed118,35,60,test,2024-08-14 13:00:00+00:00,2024-08-14 15:00:00+00:00,-1,3
e70188c4816501ea5a1b,35,60,test,2024-08-16 16:00:00+00:00,2024-08-16 18:00:00+00:00,1,2
6ed71d297d2e14906f9d,35,60,test,2024-08-16 23:00:00+00:00,2024-08-17 01:00:00+00:00,1,2
8180ee48cd030dc32887,35,60,test,2024-08-17 03:00:00+00:00,2024-08-17 05:00:00+00:00,-1,3
16bfb324505133714186,35,60,test,2024-08-17 17:00:00+00:00,2024-08-17 19:00:00+00:00,1,2
1292366c08090186e39f,36,60,train,2024-02-27 20:00:00+00:00,2024-02-28 01:00:00+00:00,1,1
5c4fc2acce28973176bc,36,60,train,2024-02-28 16:00:00+00:00,2024-02-28 19:00:00+00:00,1,1
ab94af7e41279788f532,36,60,train,2024-02-28 22:00:00+00:00,2024-02-29 00:00:00+00:00,1,3
43ae86e12ec303f4cad7,36,60,train,2024-03-03 14:00:00+00:00,2024-03-03 16:00:00+00:00,1,2
cc7f48aefcbf04757e66,36,60,train,2024-03-03 17:00:00+00:00,2024-03-03 22:00:00+00:00,1,1
2366e64f47c7b6ca802f,36,60,train,2024-03-04 22:00:00+00:00,2024-03-05 00:00:00+00:00,-1,2
bd3fa8bda5d6db9741d0,36,60,train,2024-03-14 08:00:00+00:00,2024-03-14 11:00:00+00:00,-1,0
9b134304ab96c91dd172,36,60,train,2024-03-14 16:00:00+00:00,2024-03-14 18:00:00+00:00,-1,3
434b6aa6ec3256112df7,36,60,train,2024-03-15 20:00:00+00:00,2024-03-16 07:00:00+00:00,-1,2
32f1f5e60730ac0c590a,36,60,train,2024-03-26 07:00:00+00:00,2024-03-26 09:00:00+00:00,-1,3
6e802a0e69d7598a8671,36,60,validation,2024-07-11 07:00:00+00:00,2024-07-11 09:00:00+00:00,-1,3
35061c4eb7dc0a8d5a10,36,60,validation,2024-07-12 10:00:00+00:00,2024-07-12 13:00:00+00:00,-1,3
1be9499ff1f422a67aec,36,60,validation,2024-07-12 19:00:00+00:00,2024-07-12 21:00:00+00:00,1,3
248578af4fb9af49b408,36,60,test,2024-07-13 23:00:00+00:00,2024-07-14 01:00:00+00:00,1,3
1171a25ac5f31c6e37d4,36,60,test,2024-07-14 05:00:00+00:00,2024-07-14 08:00:00+00:00,1,3
1d8a821bf879bb43a7e9,36,60,test,2024-07-14 09:00:00+00:00,2024-07-14 13:00:00+00:00,1,2
08f26739f64daa1fe71e,36,60,test,2024-07-14 14:00:00+00:00,2024-07-14 18:00:00+00:00,-1,2
7286c125d25936181519,36,60,test,2024-07-15 10:00:00+00:00,2024-07-15 13:00:00+00:00,-1,3
67821685ade475c45b27,36,60,test,2024-07-15 19:00:00+00:00,2024-07-15 21:00:00+00:00,1,3
c8f8782c6e614c93a910,36,60,test,2024-07-16 15:00:00+00:00,2024-07-16 19:00:00+00:00,-1,1
e0d05cec3401bfd33e3e,36,60,test,2024-07-16 23:00:00+00:00,2024-07-17 01:00:00+00:00,1,3
14a6a511dc9595c99af5,36,60,test,2024-07-17 05:00:00+00:00,2024-07-17 08:00:00+00:00,1,3
1ac38340c0d88dc39e89,36,60,test,2024-07-17 12:00:00+00:00,2024-07-17 17:00:00+00:00,1,1
d4753dddea310eb13cef,36,60,test,2024-07-17 18:00:00+00:00,2024-07-17 21:00:00+00:00,1,3
aa286b7fa10316fbc6ae,36,60,test,2024-07-19 06:00:00+00:00,2024-07-19 10:00:00+00:00,1,1
809a6eb02ff98066ad10,36,60,test,2024-07-19 11:00:00+00:00,2024-07-19 16:00:00+00:00,1,3
d1e81f66b4dd1e246c23,36,60,test,2024-07-21 07:00:00+00:00,2024-07-21 10:00:00+00:00,-1,2
a27d6c3432e88635a69d,36,60,test,2024-07-21 11:00:00+00:00,2024-07-21 14:00:00+00:00,1,3
6833593c33f3586054cf,36,60,test,2024-07-22 02:00:00+00:00,2024-07-22 04:00:00+00:00,-1,2
6465c2f0e70b1d452a99,36,60,test,2024-07-22 07:00:00+00:00,2024-07-22 10:00:00+00:00,-1,2
9f176aa320d1fe9b76fd,36,60,test,2024-07-22 11:00:00+00:00,2024-07-22 15:00:00+00:00,1,3
80697c094608b96191ec,36,60,test,2024-07-23 08:00:00+00:00,2024-07-23 11:00:00+00:00,1,1
e4a1b597bcfde58cddf7,36,60,test,2024-07-23 12:00:00+00:00,2024-07-23 15:00:00+00:00,1,3
e5e209508cd459a961cd,36,60,test,2024-07-23 16:00:00+00:00,2024-07-24 00:00:00+00:00,-1,0
2f63b6c7b45af3846b06,36,60,test,2024-07-25 07:00:00+00:00,2024-07-25 09:00:00+00:00,1,3
073407b20ed0339fe590,36,60,test,2024-07-25 21:00:00+00:00,2024-07-25 23:00:00+00:00,-1,2
8a224d39609f298ffe72,36,60,test,2024-07-26 01:00:00+00:00,2024-07-26 04:00:00+00:00,-1,0
a805929e32942244894d,36,60,test,2024-07-26 16:00:00+00:00,2024-07-26 18:00:00+00:00,-1,2
d26c917afe05f9201f1b,36,60,test,2024-07-26 20:00:00+00:00,2024-07-26 22:00:00+00:00,-1,3
41691c13c1cf8ad7d757,36,60,test,2024-07-27 05:00:00+00:00,2024-07-27 13:00:00+00:00,-1,2
75077880856ab017ae5d,36,60,test,2024-07-28 12:00:00+00:00,2024-07-28 20:00:00+00:00,-1,0
5beeb30cd6026687abbf,36,60,test,2024-07-29 08:00:00+00:00,2024-07-29 17:00:00+00:00,-1,0
4be6b8a08ab581f17220,36,60,test,2024-07-30 06:00:00+00:00,2024-07-30 08:00:00+00:00,-1,2
14058bf5ea2e4c70fc6f,36,60,test,2024-07-30 10:00:00+00:00,2024-07-30 12:00:00+00:00,0,3
ef70a7e9de537b8c9284,36,60,test,2024-07-30 13:00:00+00:00,2024-07-30 16:00:00+00:00,1,2
0213dfb77e38079c059a,36,60,test,2024-07-30 17:00:00+00:00,2024-07-30 20:00:00+00:00,1,3
61c44d2b7b4dd11ea129,36,60,test,2024-07-31 07:00:00+00:00,2024-07-31 09:00:00+00:00,-1,2
49dae972486c21489546,36,60,test,2024-07-31 12:00:00+00:00,2024-07-31 14:00:00+00:00,-1,3
b85674e1464a340dc217,36,60,test,2024-07-31 19:00:00+00:00,2024-07-31 21:00:00+00:00,-1,3
b3ce69d5a8cfdeca9e68,36,60,test,2024-08-01 01:00:00+00:00,2024-08-01 03:00:00+00:00,1,2
92d20ab6b3d574b07d25,36,60,test,2024-08-01 06:00:00+00:00,2024-08-01 10:00:00+00:00,-1,3
df48ca49624f401c2b00,36,60,test,2024-08-02 07:00:00+00:00,2024-08-02 09:00:00+00:00,-1,2
ba21374e07f832e8a09c,36,60,test,2024-08-02 14:00:00+00:00,2024-08-02 18:00:00+00:00,-1,3
801b3a5874281594f122,36,60,test,2024-08-04 22:00:00+00:00,2024-08-05 00:00:00+00:00,-1,3
100b8ad44c6909ee582d,36,60,test,2024-08-05 09:00:00+00:00,2024-08-05 11:00:00+00:00,-1,2
c01b8d887fd0bab52e27,36,60,test,2024-08-05 16:00:00+00:00,2024-08-05 18:00:00+00:00,0,3
212c626d55f024b791b0,36,60,test,2024-08-08 09:00:00+00:00,2024-08-08 11:00:00+00:00,1,2
b019fdcfdebe09850d97,36,60,test,2024-08-08 13:00:00+00:00,2024-08-08 15:00:00+00:00,0,3
6e4d099249c41033683e,36,60,test,2024-08-08 16:00:00+00:00,2024-08-08 18:00:00+00:00,-1,2
9ea395735eb43f6393c8,36,60,test,2024-08-09 03:00:00+00:00,2024-08-09 06:00:00+00:00,1,2
0b442d7a562f850c18e3,36,60,test,2024-08-09 18:00:00+00:00,2024-08-09 20:00:00+00:00,0,2
29ef9ebb1548536720f3,36,60,test,2024-08-09 22:00:00+00:00,2024-08-10 00:00:00+00:00,-1,3
a1467ddc7e85ded43d47,36,60,test,2024-08-12 02:00:00+00:00,2024-08-12 04:00:00+00:00,1,2
c9a55cc353d7a3bcfa0d,36,60,test,2024-08-12 06:00:00+00:00,2024-08-12 10:00:00+00:00,1,1
e77647ebff33ada23918,36,60,test,2024-08-12 11:00:00+00:00,2024-08-12 14:00:00+00:00,-1,3
8ba72f174405ce985ade,36,60,test,2024-08-12 20:00:00+00:00,2024-08-12 22:00:00+00:00,-1,2
4ee78cf9efbd7ffb660a,36,60,test,2024-08-13 04:00:00+00:00,2024-08-13 08:00:00+00:00,-1,3
45b88ad3dc67ef2d3587,36,60,test,2024-08-13 23:00:00+00:00,2024-08-14 07:00:00+00:00,-1,2
eaed377887c3f3ddc743,36,60,test,2024-08-14 12:00:00+00:00,2024-08-14 14:00:00+00:00,-1,3
70a3b417205db2ae976e,36,60,test,2024-08-15 07:00:00+00:00,2024-08-15 10:00:00+00:00,-1,2
84be5d152151d09f64f4,36,60,test,2024-08-15 11:00:00+00:00,2024-08-15 14:00:00+00:00,-1,3
c0d926dcd7d1546e0758,36,60,test,2024-08-16 23:00:00+00:00,2024-08-17 01:00:00+00:00,1,2
845b853f45f41f04b2f4,36,60,test,2024-08-17 03:00:00+00:00,2024-08-17 05:00:00+00:00,-1,3
e59fe918ba454d8ad9cc,37,60,train,2024-02-26 20:00:00+00:00,2024-02-27 00:00:00+00:00,1,2
e1345660ad233291233e,37,60,train,2024-02-27 20:00:00+00:00,2024-02-28 01:00:00+00:00,1,1
54732c8cd18ea9274b5e,37,60,train,2024-02-28 16:00:00+00:00,2024-02-28 19:00:00+00:00,-1,2
d92aac9912467b161095,37,60,train,2024-03-03 14:00:00+00:00,2024-03-03 16:00:00+00:00,1,2
ce38e91571cf8d2d5915,37,60,train,2024-03-03 17:00:00+00:00,2024-03-03 22:00:00+00:00,1,1
18338f312437c3b5e915,37,60,train,2024-03-04 22:00:00+00:00,2024-03-05 00:00:00+00:00,-1,2
3b4307811706e3d6aea8,37,60,train,2024-03-11 22:00:00+00:00,2024-03-12 01:00:00+00:00,-1,2
1972239c4de7384735aa,37,60,train,2024-03-14 09:00:00+00:00,2024-03-14 11:00:00+00:00,-1,3
76575fc00a02f0c4f0ba,37,60,train,2024-03-14 15:00:00+00:00,2024-03-14 18:00:00+00:00,-1,0
37885729b78f157d6dcc,37,60,train,2024-03-15 20:00:00+00:00,2024-03-16 07:00:00+00:00,-1,1
1a74f122a729a2dcec89,37,60,train,2024-03-23 23:00:00+00:00,2024-03-24 01:00:00+00:00,-1,2
68efb614da743de0625b,37,60,train,2024-03-27 08:00:00+00:00,2024-03-27 11:00:00+00:00,1,1
a74dbf0c78c08c800133,37,60,train,2024-04-04 12:00:00+00:00,2024-04-04 14:00:00+00:00,1,2
d8b69fb37a77a0818553,37,60,validation,2024-07-08 23:00:00+00:00,2024-07-09 01:00:00+00:00,-1,2
b4238a020d2be57ecb28,37,60,validation,2024-07-12 19:00:00+00:00,2024-07-12 21:00:00+00:00,0,3
0cf55105bfb22e61d2dc,37,60,test,2024-07-13 18:00:00+00:00,2024-07-13 20:00:00+00:00,1,1
ef03ba8aaae7f834a6a9,37,60,test,2024-07-13 23:00:00+00:00,2024-07-14 03:00:00+00:00,1,1
c3d1c7b60e37361b4bf7,37,60,test,2024-07-14 05:00:00+00:00,2024-07-14 08:00:00+00:00,-1,3
2dee6e296ffbba29a1dc,37,60,test,2024-07-14 09:00:00+00:00,2024-07-14 16:00:00+00:00,1,1
11a57d8ca06b8eaa5edb,37,60,test,2024-07-14 17:00:00+00:00,2024-07-14 19:00:00+00:00,-1,3
168ada7cdc7cee3a061b,37,60,test,2024-07-15 19:00:00+00:00,2024-07-15 21:00:00+00:00,0,3
3444ea8c31f406b5de13,37,60,test,2024-07-16 15:00:00+00:00,2024-07-16 20:00:00+00:00,1,1
e99c6087ebd4559e9438,37,60,test,2024-07-16 23:00:00+00:00,2024-07-17 03:00:00+00:00,1,1
bc69f357fe6bda8f7634,37,60,test,2024-07-17 05:00:00+00:00,2024-07-17 08:00:00+00:00,-1,3
e331a16e84e53544fdee,37,60,test,2024-07-17 13:00:00+00:00,2024-07-17 17:00:00+00:00,1,1
2622f12c6e167cb7d7c4,37,60,test,2024-07-17 18:00:00+00:00,2024-07-17 21:00:00+00:00,1,3
3c898c759deff8b8d310,37,60,test,2024-07-18 14:00:00+00:00,2024-07-18 16:00:00+00:00,1,2
c729cd50e91d4472688d,37,60,test,2024-07-18 18:00:00+00:00,2024-07-18 20:00:00+00:00,-1,3
e4645e1aafbdf55fee98,37,60,test,2024-07-19 07:00:00+00:00,2024-07-19 09:00:00+00:00,1,2
299e005b86cd58078786,37,60,test,2024-07-19 11:00:00+00:00,2024-07-19 14:00:00+00:00,0,3
0e9298462d034d84070d,37,60,test,2024-07-19 18:00:00+00:00,2024-07-19 20:00:00+00:00,-1,3
12d1056272f3e19f813b,37,60,test,2024-07-21 07:00:00+00:00,2024-07-21 09:00:00+00:00,-1,2
2983a09c75998c6b40d5,37,60,test,2024-07-22 02:00:00+00:00,2024-07-22 04:00:00+00:00,-1,2
a7a98eafe3dd4d08ad7d,37,60,test,2024-07-22 07:00:00+00:00,2024-07-22 18:00:00+00:00,-1,0
5d2bd45e5818d6886065,37,60,test,2024-07-23 07:00:00+00:00,2024-07-23 10:00:00+00:00,1,2
38a058ddfc0ca3fa088d,37,60,test,2024-07-23 11:00:00+00:00,2024-07-23 14:00:00+00:00,1,3
914f9aa2cc745a713460,37,60,test,2024-07-23 16:00:00+00:00,2024-07-24 01:00:00+00:00,-1,1
a4689675b6050b4006b0,37,60,test,2024-07-25 20:00:00+00:00,2024-07-25 22:00:00+00:00,1,2
54ada55c79ac3cd6e384,37,60,test,2024-07-26 00:00:00+00:00,2024-07-26 02:00:00+00:00,-1,3
8c0f3327b6a9bf264954,37,60,test,2024-07-26 16:00:00+00:00,2024-07-26 19:00:00+00:00,-1,2
43d8f7731d3a6698f533,37,60,test,2024-07-26 20:00:00+00:00,2024-07-26 23:00:00+00:00,1,3
aa289d6914307f2ba728,37,60,test,2024-07-27 05:00:00+00:00,2024-07-27 09:00:00+00:00,1,1
b0f593d9ca474b69f591,37,60,test,2024-07-27 10:00:00+00:00,2024-07-27 12:00:00+00:00,1,3
0b6609e65d0e7332d775,37,60,test,2024-07-27 13:00:00+00:00,2024-07-27 17:00:00+00:00,-1,3
2b787c84e837c2bbc062,37,60,test,2024-07-28 12:00:00+00:00,2024-07-28 14:00:00+00:00,-1,2
a98f5653e1d732e53468,37,60,test,2024-07-28 16:00:00+00:00,2024-07-28 18:00:00+00:00,-1,3
8e3dfdb1344d9bc06d4c,37,60,test,2024-07-29 07:00:00+00:00,2024-07-29 11:00:00+00:00,1,1
a08597273eebd3f2872f,37,60,test,2024-07-29 12:00:00+00:00,2024-07-29 16:00:00+00:00,-1,3
7dbad7732d27c8eb044b,37,60,test,2024-07-30 13:00:00+00:00,2024-07-30 16:00:00+00:00,1,2
25a14d8847989e9bab1f,37,60,test,2024-07-30 17:00:00+00:00,2024-07-30 20:00:00+00:00,1,3
7aa6909ff71770ef08dc,37,60,test,2024-07-31 07:00:00+00:00,2024-07-31 09:00:00+00:00,1,2
70a2c8560f29c7f34dcc,37,60,test,2024-07-31 16:00:00+00:00,2024-07-31 18:00:00+00:00,1,2
c51ebc881805508ca9cd,37,60,test,2024-07-31 19:00:00+00:00,2024-08-01 02:00:00+00:00,1,3
3b509614ace636ef3c66,37,60,test,2024-08-01 08:00:00+00:00,2024-08-01 10:00:00+00:00,-1,3
b73cb49cda78d2ecc791,37,60,test,2024-08-02 07:00:00+00:00,2024-08-02 09:00:00+00:00,1,2
686e31380bb9148baaec,37,60,test,2024-08-02 13:00:00+00:00,2024-08-02 18:00:00+00:00,-1,0
4a485f13af102d31ec73,37,60,test,2024-08-07 11:00:00+00:00,2024-08-07 18:00:00+00:00,1,1
5335101259aaa92eb448,37,60,test,2024-08-07 19:00:00+00:00,2024-08-08 00:00:00+00:00,-1,0
b4e5c7cfc16a1c500601,37,60,test,2024-08-08 08:00:00+00:00,2024-08-08 11:00:00+00:00,1,1
2a005606b998c7344342,37,60,test,2024-08-08 12:00:00+00:00,2024-08-08 15:00:00+00:00,-1,3
410b33e69ab568ae0689,37,60,test,2024-08-08 16:00:00+00:00,2024-08-08 18:00:00+00:00,-1,2
d4c92321c1c0f073624d,37,60,test,2024-08-09 04:00:00+00:00,2024-08-09 06:00:00+00:00,-1,2
3ec73e6f88fcb1946f2d,37,60,test,2024-08-10 07:00:00+00:00,2024-08-10 09:00:00+00:00,1,2
991ef111a4d15f51c591,37,60,test,2024-08-10 11:00:00+00:00,2024-08-10 13:00:00+00:00,-1,3
6e8f3020bb80011999a4,37,60,test,2024-08-12 02:00:00+00:00,2024-08-12 04:00:00+00:00,1,2
cf154de3e324c0af1674,37,60,test,2024-08-12 05:00:00+00:00,2024-08-12 07:00:00+00:00,1,3
f110f95be160d0a0382f,37,60,test,2024-08-12 08:00:00+00:00,2024-08-12 10:00:00+00:00,1,2
59ae6845159ed0cdc510,37,60,test,2024-08-12 11:00:00+00:00,2024-08-12 15:00:00+00:00,-1,3
3e741b1333c77a159a4c,37,60,test,2024-08-12 20:00:00+00:00,2024-08-12 22:00:00+00:00,-1,2
ead8d705584163c616bb,37,60,test,2024-08-13 04:00:00+00:00,2024-08-13 09:00:00+00:00,-1,0
a2cc5cd081bac977a068,37,60,test,2024-08-13 23:00:00+00:00,2024-08-14 03:00:00+00:00,1,1
9bb784d0b3d6e7c9310a,37,60,test,2024-08-14 04:00:00+00:00,2024-08-14 07:00:00+00:00,-1,3
7a1288c54bdf66ab7eaf,37,60,test,2024-08-14 08:00:00+00:00,2024-08-14 10:00:00+00:00,-1,2
cdc076f5927b5518f8b2,37,60,test,2024-08-14 12:00:00+00:00,2024-08-14 14:00:00+00:00,1,3
1be4b701d87a40f3feda,37,60,test,2024-08-15 07:00:00+00:00,2024-08-15 09:00:00+00:00,-1,2
0b108ef449f0f73e0554,38,60,train,2024-02-26 20:00:00+00:00,2024-02-27 00:00:00+00:00,1,2
a3792f1fbf2b437e8427,38,60,train,2024-02-27 21:00:00+00:00,2024-02-28 01:00:00+00:00,-1,2
b51c505eb891cc26e061,38,60,train,2024-02-28 16:00:00+00:00,2024-02-28 18:00:00+00:00,1,2
c32a0907b01f145c0249,38,60,train,2024-02-28 20:00:00+00:00,2024-02-28 22:00:00+00:00,-1,3
ecb4d34081046dd5dbc4,38,60,train,2024-03-03 14:00:00+00:00,2024-03-03 16:00:00+00:00,1,2
d29f6fe15e9f3c84c7c7,38,60,train,2024-03-03 17:00:00+00:00,2024-03-03 22:00:00+00:00,1,1
30bea7f9b905a13c4882,38,60,train,2024-03-04 00:00:00+00:00,2024-03-04 03:00:00+00:00,1,3
192cb06a023eff58feec,38,60,train,2024-03-04 22:00:00+00:00,2024-03-05 00:00:00+00:00,-1,2
497285755dcc191ff495,38,60,train,2024-03-14 08:00:00+00:00,2024-03-14 11:00:00+00:00,-1,0
f5d8c7aa908d77e29437,38,60,train,2024-03-14 15:00:00+00:00,2024-03-14 17:00:00+00:00,-1,3
f69bb059e8992fc55f74,38,60,train,2024-03-15 20:00:00+00:00,2024-03-16 07:00:00+00:00,-1,2
9ab282b51fea9f2c4011,38,60,train,2024-03-21 22:00:00+00:00,2024-03-22 00:00:00+00:00,-1,2
5b66106d59b6cf919c3c,38,60,train,2024-03-23 23:00:00+00:00,2024-03-24 01:00:00+00:00,-1,2
f199a41027888d88e0d2,38,60,train,2024-03-26 03:00:00+00:00,2024-03-26 05:00:00+00:00,-1,2
043ec0825861331fff29,38,60,train,2024-03-26 07:00:00+00:00,2024-03-26 09:00:00+00:00,-1,3
568fdc3fe8ce24f9cbd0,38,60,train,2024-04-04 12:00:00+00:00,2024-04-04 14:00:00+00:00,1,2
6b80e0be3f6738afd32b,38,60,train,2024-04-04 16:00:00+00:00,2024-04-04 18:00:00+00:00,1,3
772ac9cae35eae14d243,38,60,validation,2024-07-08 23:00:00+00:00,2024-07-09 01:00:00+00:00,-1,2
a6fecca13865bbbd55ae,38,60,validation,2024-07-11 03:00:00+00:00,2024-07-11 05:00:00+00:00,-1,2
60baa86c891d38027266,38,60,validation,2024-07-11 07:00:00+00:00,2024-07-11 09:00:00+00:00,-1,3
372d67aabf30ad2ab294,38,60,validation,2024-07-12 12:00:00+00:00,2024-07-12 14:00:00+00:00,-1,3
f042a419031b43ef06fa,38,60,validation,2024-07-12 19:00:00+00:00,2024-07-12 21:00:00+00:00,1,3
a7025ff7dd4ea6fc3ad0,38,60,test,2024-07-13 21:00:00+00:00,2024-07-14 01:00:00+00:00,-1,0
a40489e5b6b885cb6e3e,38,60,test,2024-07-14 05:00:00+00:00,2024-07-14 08:00:00+00:00,1,3
50f08081394260628086,38,60,test,2024-07-14 11:00:00+00:00,2024-07-14 15:00:00+00:00,-1,2
caf222cb859f3c0d8f60,38,60,test,2024-07-14 16:00:00+00:00,2024-07-14 18:00:00+00:00,-1,2
b4ad0653c773dc732db2,38,60,test,2024-07-14 20:00:00+00:00,2024-07-14 23:00:00+00:00,-1,0
3d0bbba34aa392314020,38,60,test,2024-07-15 12:00:00+00:00,2024-07-15 14:00:00+00:00,-1,3
d28340b740cd458a36e4,38,60,test,2024-07-15 19:00:00+00:00,2024-07-15 21:00:00+00:00,1,3
36817fb58f85515b298a,38,60,test,2024-07-16 15:00:00+00:00,2024-07-16 19:00:00+00:00,1,2
f5208ab7924344f3a872,38,60,test,2024-07-16 21:00:00+00:00,2024-07-17 01:00:00+00:00,-1,0
d4b1ca63996bc1bd138f,38,60,test,2024-07-17 05:00:00+00:00,2024-07-17 08:00:00+00:00,1,3
60a781f288daa64f9604,38,60,test,2024-07-17 13:00:00+00:00,2024-07-17 17:00:00+00:00,1,1
06c17ea24be620e8afaf,38,60,test,2024-07-17 18:00:00+00:00,2024-07-17 21:00:00+00:00,1,3
651fc91441d468ad0aaf,38,60,test,2024-07-19 08:00:00+00:00,2024-07-19 10:00:00+00:00,1,1
e02db23e436f020fde4f,38,60,test,2024-07-19 11:00:00+00:00,2024-07-19 14:00:00+00:00,0,3
55ebfbdefb1b40032904,38,60,test,2024-07-21 06:00:00+00:00,2024-07-21 10:00:00+00:00,1,2
5f433cccc6afb6a11e06,38,60,test,2024-07-21 14:00:00+00:00,2024-07-21 16:00:00+00:00,-1,2
07eb0142eb2bc4ca0e28,38,60,test,2024-07-21 18:00:00+00:00,2024-07-21 20:00:00+00:00,1,3
fcd79fd0133503f10cb7,38,60,test,2024-07-22 09:00:00+00:00,2024-07-22 12:00:00+00:00,-1,2
ffd69c3222fff822ad4e,38,60,test,2024-07-22 14:00:00+00:00,2024-07-22 18:00:00+00:00,-1,3
e971e00172a178b1c513,38,60,test,2024-07-23 09:00:00+00:00,2024-07-23 11:00:00+00:00,1,2
013ffdb140dfb2ee6119,38,60,test,2024-07-23 17:00:00+00:00,2024-07-23 20:00:00+00:00,1,2
7267f664fdc128d77b1e,38,60,test,2024-07-23 21:00:00+00:00,2024-07-24 00:00:00+00:00,1,3
c2e50cd2fab4a16db9c3,38,60,test,2024-07-25 20:00:00+00:00,2024-07-25 22:00:00+00:00,1,2
1528dd563fa461b6f1a6,38,60,test,2024-07-27 04:00:00+00:00,2024-07-27 15:00:00+00:00,-1,2
06bcbfd66b451f482956,38,60,test,2024-07-28 11:00:00+00:00,2024-07-28 20:00:00+00:00,-1,2
5eb8fba42cd2911a8710,38,60,test,2024-07-29 06:00:00+00:00,2024-07-29 11:00:00+00:00,1,1
1014a1a85028d282cc8a,38,60,test,2024-07-29 13:00:00+00:00,2024-07-29 16:00:00+00:00,-1,3
8d3ffd16c41b8c82c960,38,60,test,2024-07-30 09:00:00+00:00,2024-07-30 11:00:00+00:00,1,2
ad8f242fd870797d520e,38,60,test,2024-07-30 14:00:00+00:00,2024-07-30 16:00:00+00:00,-1,2
e087e58b2815fc2d4c19,38,60,test,2024-07-30 17:00:00+00:00,2024-07-30 20:00:00+00:00,1,3
6f25004572356b2498a1,38,60,test,2024-07-31 07:00:00+00:00,2024-07-31 09:00:00+00:00,-1,2
8a4b7c0a09367956618e,38,60,test,2024-08-01 06:00:00+00:00,2024-08-01 09:00:00+00:00,-1,3
e9f99a749408e497fcb6,38,60,test,2024-08-02 06:00:00+00:00,2024-08-02 09:00:00+00:00,1,2
adfb1c64dbd23bcf4932,38,60,test,2024-08-02 10:00:00+00:00,2024-08-02 13:00:00+00:00,1,1
15c7effa8be8f582e739,38,60,test,2024-08-02 15:00:00+00:00,2024-08-02 18:00:00+00:00,-1,3
fc8a5054e619e15e0cce,38,60,test,2024-08-03 07:00:00+00:00,2024-08-03 09:00:00+00:00,-1,2
8209cdbc90985a651bf6,38,60,test,2024-08-05 09:00:00+00:00,2024-08-05 13:00:00+00:00,1,2
97904507a215ad5f94d5,38,60,test,2024-08-05 14:00:00+00:00,2024-08-05 18:00:00+00:00,-1,0
2daba8022553dc249acd,38,60,test,2024-08-07 11:00:00+00:00,2024-08-07 19:00:00+00:00,1,2
ba3165a8761f9820fcdb,38,60,test,2024-08-07 20:00:00+00:00,2024-08-08 00:00:00+00:00,-1,3
9a3c013b4ea8750f75fa,38,60,test,2024-08-08 08:00:00+00:00,2024-08-08 11:00:00+00:00,1,2
acf04bc7681e87f0f01d,38,60,test,2024-08-08 12:00:00+00:00,2024-08-08 15:00:00+00:00,0,3
8c29ec56490ba45979c9,38,60,test,2024-08-08 16:00:00+00:00,2024-08-08 18:00:00+00:00,-1,2
5594cb944f9364c56a9f,38,60,test,2024-08-10 06:00:00+00:00,2024-08-10 08:00:00+00:00,1,2
01da1be5b32d9799b6a1,38,60,test,2024-08-10 10:00:00+00:00,2024-08-10 12:00:00+00:00,1,3
0d74a2e05ec31bf33c04,38,60,test,2024-08-12 01:00:00+00:00,2024-08-12 04:00:00+00:00,1,2
916989e7a56489158ea1,38,60,test,2024-08-12 05:00:00+00:00,2024-08-12 07:00:00+00:00,1,3
c8cdf2db809fa529fc60,38,60,test,2024-08-12 08:00:00+00:00,2024-08-12 10:00:00+00:00,-1,2
0c22817df35a4944a849,38,60,test,2024-08-12 11:00:00+00:00,2024-08-12 15:00:00+00:00,-1,3
9d6d0f5a4012e3ec9d51,38,60,test,2024-08-12 23:00:00+00:00,2024-08-13 03:00:00+00:00,1,2
19638ca745e618942ab7,38,60,test,2024-08-13 04:00:00+00:00,2024-08-13 09:00:00+00:00,-1,0
c1e3f040db68b7e16a09,38,60,test,2024-08-14 00:00:00+00:00,2024-08-14 02:00:00+00:00,-1,2
25e25e97c5fd4ea594ca,38,60,test,2024-08-14 04:00:00+00:00,2024-08-14 07:00:00+00:00,-1,3
d637ce000488666cfc9b,38,60,test,2024-08-14 12:00:00+00:00,2024-08-14 14:00:00+00:00,-1,3
00062b3087a1fcfd292c,38,60,test,2024-08-17 03:00:00+00:00,2024-08-17 05:00:00+00:00,-1,3
0635bfc6d7d447dbfa7d,39,60,train,2024-02-22 22:00:00+00:00,2024-02-23 00:00:00+00:00,1,2
75d0932befdca122462c,39,60,train,2024-02-27 21:00:00+00:00,2024-02-28 01:00:00+00:00,-1,2
0a730c0231bb8aac5742,39,60,train,2024-02-28 16:00:00+00:00,2024-02-28 19:00:00+00:00,-1,2
b343bc1953ec87031d0c,39,60,train,2024-03-03 14:00:00+00:00,2024-03-03 16:00:00+00:00,1,2
9894cc4862f41892c4b2,39,60,train,2024-03-03 17:00:00+00:00,2024-03-03 22:00:00+00:00,1,1
c2cbd502935068ca6cc5,39,60,train,2024-03-04 22:00:00+00:00,2024-03-05 00:00:00+00:00,-1,2
e311a2c9e2ab5c56f3c0,39,60,train,2024-03-14 15:00:00+00:00,2024-03-14 18:00:00+00:00,-1,3
b34757cc0681f194eda5,39,60,train,2024-03-15 20:00:00+00:00,2024-03-16 09:00:00+00:00,-1,1
994573b2959b254537d5,39,60,train,2024-03-21 21:00:00+00:00,2024-03-22 00:00:00+00:00,-1,2
e0f5470a1a4491240cb8,39,60,train,2024-03-22 01:00:00+00:00,2024-03-22 03:00:00+00:00,1,2
34e8bc55920fa156e82c,39,60,train,2024-03-23 23:00:00+00:00,2024-03-24 01:00:00+00:00,-1,2
06ac4abdd6212e8110c6,39,60,train,2024-03-27 08:00:00+00:00,2024-03-27 11:00:00+00:00,-1,0
f7d0b911e1085b464608,39,60,train,2024-04-04 12:00:00+00:00,2024-04-04 15:00:00+00:00,-1,2
e86d13e3adc76562445a,39,60,train,2024-04-04 16:00:00+00:00,2024-04-04 18:00:00+00:00,1,3
de627b9a9d3da242a039,39,60,validation,2024-07-08 23:00:00+00:00,2024-07-09 01:00:00+00:00,-1,2
52300dc743d907633ace,39,60,validation,2024-07-12 08:00:00+00:00,2024-07-12 11:00:00+00:00,-1,0
9ca3c009cfec839b6ace,39,60,validation,2024-07-12 15:00:00+00:00,2024-07-12 18:00:00+00:00,-1,2
a8db32c60bd21f049695,39,60,validation,2024-07-12 19:00:00+00:00,2024-07-12 22:00:00+00:00,1,3
69453cd5a52ab8bd7701,39,60,test,2024-07-13 23:00:00+00:00,2024-07-14 04:00:00+00:00,1,3
8ca8f8ea42a939dd3a4d,39,60,test,2024-07-14 05:00:00+00:00,2024-07-14 08:00:00+00:00,1,3
e24a72f048b7394a31a3,39,60,test,2024-07-14 11:00:00+00:00,2024-07-14 13:00:00+00:00,-1,0
05bf0841783e833190a9,39,60,test,2024-07-14 14:00:00+00:00,2024-07-14 18:00:00+00:00,1,2
0bc5129310cb2353adab,39,60,test,2024-07-15 08:00:00+00:00,2024-07-15 11:00:00+00:00,-1,0
98fe460ed3661e395bd5,39,60,test,2024-07-15 15:00:00+00:00,2024-07-15 18:00:00+00:00,-1,2
d2bd741cd503241da43f,39,60,test,2024-07-15 19:00:00+00:00,2024-07-15 22:00:00+00:00,1,3
192b75e7bd3ff6940b6e,39,60,test,2024-07-16 15:00:00+00:00,2024-07-16 19:00:00+00:00,-1,1
bf06b0e4da37403d601d,39,60,test,2024-07-16 23:00:00+00:00,2024-07-17 04:00:00+00:00,1,3
6a334eb4a3f21063e47e,39,60,test,2024-07-17 05:00:00+00:00,2024-07-17 08:00:00+00:00,1,3
dc88f4f0c8a0748c7e04,39,60,test,2024-07-17 13:00:00+00:00,2024-07-17 17:00:00+00:00,1,1
b9bdf85ee049f0647bc3,39,60,test,2024-07-17 18:00:00+00:00,2024-07-17 20:00:00+00:00,1,3
5ef9c1d9c04c446fb8ca,39,60,test,2024-07-19 11:00:00+00:00,2024-07-19 14:00:00+00:00,0,3
9bc2cb31cdf328eef775,39,60,test,2024-07-20 15:00:00+00:00,2024-07-20 17:00:00+00:00,1,3
d6052a11d1d7db565d67,39,60,test,2024-07-21 06:00:00+00:00,2024-07-21 10:00:00+00:00,1,2
717bdfd7faf4b70f643a,39,60,test,2024-07-21 17:00:00+00:00,2024-07-21 19:00:00+00:00,1,3
d93a638b13c09937491b,39,60,test,2024-07-22 02:00:00+00:00,2024-07-22 04:00:00+00:00,1,2
b394deb3f3af45912bce,39,60,test,2024-07-22 07:00:00+00:00,2024-07-22 10:00:00+00:00,1,2
032300d5f2cb39d40d8e,39,60,test,2024-07-22 11:00:00+00:00,2024-07-22 14:00:00+00:00,1,3
5e920616dcb8845b5931,39,60,test,2024-07-22 15:00:00+00:00,2024-07-22 17:00:00+00:00,-1,3
b9f12a505e2011d1cb22,39,60,test,2024-07-23 10:00:00+00:00,2024-07-23 12:00:00+00:00,1,2
e795289de5c42315a200,39,60,test,2024-07-23 14:00:00+00:00,2024-07-24 00:00:00+00:00,-1,1
1af7e757fa4b3fe2f634,39,60,test,2024-07-27 04:00:00+00:00,2024-07-27 17:00:00+00:00,-1,1
b477297d5eedd1a8857c,39,60,test,2024-07-28 16:00:00+00:00,2024-07-28 20:00:00+00:00,-1,3
b81bad7ffc9c9b9d80c7,39,60,test,2024-07-29 08:00:00+00:00,2024-07-29 12:00:00+00:00,1,1
40ff961b2ee9e99f80f7,39,60,test,2024-07-29 13:00:00+00:00,2024-07-29 17:00:00+00:00,-1,3
2feb114055d236a6da71,39,60,test,2024-07-30 06:00:00+00:00,2024-07-30 11:00:00+00:00,1,2
84be27c1c0f6ee8fd58d,39,60,test,2024-07-30 12:00:00+00:00,2024-07-30 14:00:00+00:00,1,3
8fc0a2a920670d42b70b,39,60,test,2024-07-30 18:00:00+00:00,2024-07-30 20:00:00+00:00,1,3
9edf2170ffbee31f4da7,39,60,test,2024-08-01 01:00:00+00:00,2024-08-01 04:00:00+00:00,-1,2
d4cf94b8e67919893663,39,60,test,2024-08-01 05:00:00+00:00,2024-08-01 09:00:00+00:00,-1,0
54c807c867595f60339f,39,60,test,2024-08-02 07:00:00+00:00,2024-08-02 10:00:00+00:00,-1,2
0074038535a33471d836,39,60,test,2024-08-02 15:00:00+00:00,2024-08-02 18:00:00+00:00,-1,0
b469330c0516680b1ff7,39,60,test,2024-08-05 08:00:00+00:00,2024-08-05 12:00:00+00:00,-1,2
5f7af70c31d7d5784a1d,39,60,test,2024-08-05 14:00:00+00:00,2024-08-05 17:00:00+00:00,-1,3
d74835157ce117b760d7,39,60,test,2024-08-07 11:00:00+00:00,2024-08-07 17:00:00+00:00,-1,2
730b4b3c7e160f999c85,39,60,test,2024-08-07 20:00:00+00:00,2024-08-08 00:00:00+00:00,-1,3
2119dfec998c3cd0d4b0,39,60,test,2024-08-08 08:00:00+00:00,2024-08-08 11:00:00+00:00,1,2
2f1508ad3db73f5cd730,39,60,test,2024-08-08 12:00:00+00:00,2024-08-08 15:00:00+00:00,0,3
6d832bb5413c1ec08005,39,60,test,2024-08-09 04:00:00+00:00,2024-08-09 06:00:00+00:00,1,2
4c21b4d5408dac193e58,39,60,test,2024-08-10 07:00:00+00:00,2024-08-10 10:00:00+00:00,1,2
47d65602b490c84bd80f,39,60,test,2024-08-10 11:00:00+00:00,2024-08-10 14:00:00+00:00,1,3
2f6bb01da1d426fe6785,39,60,test,2024-08-12 02:00:00+00:00,2024-08-12 05:00:00+00:00,1,2
b0857bb70673727084c9,39,60,test,2024-08-12 09:00:00+00:00,2024-08-12 15:00:00+00:00,-1,0
24efcd2772302ec83a92,39,60,test,2024-08-12 20:00:00+00:00,2024-08-13 01:00:00+00:00,1,2
904c6c9c0ad30e09393b,39,60,test,2024-08-13 04:00:00+00:00,2024-08-13 08:00:00+00:00,-1,0
db20ed1d8a934a82b699,39,60,test,2024-08-14 01:00:00+00:00,2024-08-14 06:00:00+00:00,-1,0
c8ca91425e636b6ac2a5,39,60,test,2024-08-14 08:00:00+00:00,2024-08-14 10:00:00+00:00,-1,2
9d228dce03961716780a,39,60,test,2024-08-14 12:00:00+00:00,2024-08-14 14:00:00+00:00,-1,3
4aef5240d48830c90cf5,39,60,test,2024-08-17 03:00:00+00:00,2024-08-17 05:00:00+00:00,-1,3
c3630faa43b2c49e9e8f,40,60,train,2024-02-22 22:00:00+00:00,2024-02-23 00:00:00+00:00,1,2
d4ca732b3c9b2c4a668b,40,60,train,2024-02-26 19:00:00+00:00,2024-02-27 00:00:00+00:00,1,1
b3ee1348e773e863c345,40,60,train,2024-02-27 01:00:00+00:00,2024-02-27 03:00:00+00:00,1,2
4b5a40143274b83302c0,40,60,train,2024-02-27 21:00:00+00:00,2024-02-28 01:00:00+00:00,-1,2
76abc328a9f79132f16e,40,60,train,2024-02-28 16:00:00+00:00,2024-02-28 19:00:00+00:00,-1,2
3c9186af8860bfd346ad,40,60,train,2024-02-28 20:00:00+00:00,2024-02-28 22:00:00+00:00,-1,3
e33cb66582e51389cce6,40,60,train,2024-03-03 14:00:00+00:00,2024-03-03 16:00:00+00:00,1,2
7d4a4b64ac2e644eb0e4,40,60,train,2024-03-03 17:00:00+00:00,2024-03-03 22:00:00+00:00,1,1
0824b078261a40864400,40,60,train,2024-03-04 22:00:00+00:00,2024-03-05 00:00:00+00:00,-1,2
a0cb397dc15ecf5b3fa0,40,60,train,2024-03-11 22:00:00+00:00,2024-03-12 01:00:00+00:00,-1,2
043e3df3426b7b92d9c4,40,60,train,2024-03-14 08:00:00+00:00,2024-03-14 11:00:00+00:00,-1,0
a822adcd20eebd189811,40,60,train,2024-03-14 15:00:00+00:00,2024-03-14 17:00:00+00:00,-1,3
f39aa38437b551aadd31,40,60,train,2024-03-15 20:00:00+00:00,2024-03-16 06:00:00+00:00,-1,1
32d1d655253fb4c66bad,40,60,train,2024-03-21 21:00:00+00:00,2024-03-22 00:00:00+00:00,-1,2
d3df46d8f4a53ab295be,40,60,train,2024-03-26 03:00:00+00:00,2024-03-26 07:00:00+00:00,1,1
33c27a4058c33047feda,40,60,train,2024-03-27 10:00:00+00:00,2024-03-27 12:00:00+00:00,-1,2
1ed375f632ef205d0ed1,40,60,train,2024-03-31 21:00:00+00:00,2024-03-31 23:00:00+00:00,-1,2
ec99c1b53f4ef1de736d,40,60,train,2024-04-04 12:00:00+00:00,2024-04-04 18:00:00+00:00,-1,0
725cc64cc5db6ba548f9,40,60,validation,2024-07-11 03:00:00+00:00,2024-07-11 07:00:00+00:00,1,1
db8621ff8e74ce3f4dcb,40,60,validation,2024-07-12 19:00:00+00:00,2024-07-12 21:00:00+00:00,0,3
d9e3b65e7c8141d42483,40,60,test,2024-07-13 22:00:00+00:00,2024-07-14 04:00:00+00:00,1,3
315bd1d3c29489383dd3,40,60,test,2024-07-14 06:00:00+00:00,2024-07-14 08:00:00+00:00,-1,3
00d50e5e81676ebb793b,40,60,test,2024-07-14 11:00:00+00:00,2024-07-14 16:00:00+00:00,1,1
25de5a2b30c7042c4226,40,60,test,2024-07-15 19:00:00+00:00,2024-07-15 21:00:00+00:00,0,3
f61afcebacbd77aaa1c2,40,60,test,2024-07-16 15:00:00+00:00,2024-07-16 19:00:00+00:00,-1,2
78d551e641bda5a842e3,40,60,test,2024-07-16 22:00:00+00:00,2024-07-17 04:00:00+00:00,1,3
6ba01efb53d02a80d690,40,60,test,2024-07-17 06:00:00+00:00,2024-07-17 08:00:00+00:00,-1,3
dbc9f832169b7862ac09,40,60,test,2024-07-17 12:00:00+00:00,2024-07-17 17:00:00+00:00,1,1
3f9cc19cc0a8c836313b,40,60,test,2024-07-17 18:00:00+00:00,2024-07-17 21:00:00+00:00,1,3
e7b8e9e6b244dcd8bd0e,40,60,test,2024-07-18 15:00:00+00:00,2024-07-18 17:00:00+00:00,1,2
e27aa53e421998088415,40,60,test,2024-07-18 19:00:00+00:00,2024-07-18 21:00:00+00:00,0,3
26953f889543d3519cb1,40,60,test,2024-07-19 07:00:00+00:00,2024-07-19 09:00:00+00:00,1,2
b344ee9d03a733c91c00,40,60,test,2024-07-19 11:00:00+00:00,2024-07-19 13:00:00+00:00,0,3
2b7f26433a781f5cd301,40,60,test,2024-07-19 15:00:00+00:00,2024-07-19 17:00:00+00:00,1,2
172ceb05860452ac944f,40,60,test,2024-07-19 19:00:00+00:00,2024-07-19 21:00:00+00:00,0,3
fd79d57159b760d03464,40,60,test,2024-07-21 06:00:00+00:00,2024-07-21 09:00:00+00:00,1,1
9027adf9db95e7a7447f,40,60,test,2024-07-21 11:00:00+00:00,2024-07-21 13:00:00+00:00,-1,3
797eb40426d0115b3fe4,40,60,test,2024-07-22 07:00:00+00:00,2024-07-22 12:00:00+00:00,-1,0
98ae8fd837e43fb16d54,40,60,test,2024-07-22 14:00:00+00:00,2024-07-22 18:00:00+00:00,-1,3
c9d0d6e38aab9e9d18dc,40,60,test,2024-07-23 08:00:00+00:00,2024-07-23 12:00:00+00:00,1,2
12948576721809e5fa1e,40,60,test,2024-07-23 15:00:00+00:00,2024-07-24 00:00:00+00:00,-1,1
a2df8c42521a2421f54b,40,60,test,2024-07-25 03:00:00+00:00,2024-07-25 05:00:00+00:00,-1,0
a7ba971b7c6c3a4914b5,40,60,test,2024-07-27 04:00:00+00:00,2024-07-27 13:00:00+00:00,-1,1
ab3f2fa270d7673448ff,40,60,test,2024-07-28 11:00:00+00:00,2024-07-28 15:00:00+00:00,1,1
5df492d599999a5a6af2,40,60,test,2024-07-28 16:00:00+00:00,2024-07-28 20:00:00+00:00,-1,3
bd89f9c1be0425c5695f,40,60,test,2024-07-29 09:00:00+00:00,2024-07-29 11:00:00+00:00,1,1
53f08831a6b4a78b6441,40,60,test,2024-07-29 14:00:00+00:00,2024-07-29 17:00:00+00:00,-1,3
883798f2903533360d13,40,60,test,2024-07-30 07:00:00+00:00,2024-07-30 10:00:00+00:00,-1,2
41beafa83531c61d50e4,40,60,test,2024-07-30 11:00:00+00:00,2024-07-30 13:00:00+00:00,0,3
eab4de9365d0ee6ecaea,40,60,test,2024-07-30 14:00:00+00:00,2024-07-30 20:00:00+00:00,-1,0
5cf9c2be80554a4593fc,40,60,test,2024-07-31 07:00:00+00:00,2024-07-31 12:00:00+00:00,-1,0
fae27c09d7b07a8a6dff,40,60,test,2024-07-31 22:00:00+00:00,2024-08-01 01:00:00+00:00,-1,2
559341070e2a395c8e8a,40,60,test,2024-08-01 06:00:00+00:00,2024-08-01 08:00:00+00:00,1,3
2413bda07c69e6746671,40,60,test,2024-08-02 06:00:00+00:00,2024-08-02 09:00:00+00:00,1,2
0651e63d5f9e595d3be5,40,60,test,2024-08-02 10:00:00+00:00,2024-08-02 13:00:00+00:00,-1,0
97da091a520ca0457818,40,60,test,2024-08-02 14:00:00+00:00,2024-08-02 17:00:00+00:00,-1,3
689a46730e86ec2147bc,40,60,test,2024-08-03 15:00:00+00:00,2024-08-03 17:00:00+00:00,-1,3
0d88fa19e4a58bbf20d0,40,60,test,2024-08-05 09:00:00+00:00,2024-08-05 11:00:00+00:00,-1,2
bc94ceb25ec6b7269e5c,40,60,test,2024-08-05 16:00:00+00:00,2024-08-05 18:00:00+00:00,0,3
4048ab39dcab33be6250,40,60,test,2024-08-07 11:00:00+00:00,2024-08-07 14:00:00+00:00,1,1
dbbb4a8a0c4b6721d68e,40,60,test,2024-08-07 18:00:00+00:00,2024-08-08 00:00:00+00:00,-1,0
5d4171504aa4990c2c40,40,60,test,2024-08-08 08:00:00+00:00,2024-08-08 11:00:00+00:00,-1,2
ffe186a8535e9264687d,40,60,test,2024-08-08 12:00:00+00:00,2024-08-08 15:00:00+00:00,0,3
04a81413b6e1fd3f33d3,40,60,test,2024-08-09 18:00:00+00:00,2024-08-09 20:00:00+00:00,0,2
93203631fc4c6afc31fb,40,60,test,2024-08-09 22:00:00+00:00,2024-08-10 00:00:00+00:00,-1,3
a76ed80e281ace68de50,40,60,test,2024-08-12 02:00:00+00:00,2024-08-12 04:00:00+00:00,-1,2
b839d37e035f39ccbcfa,40,60,test,2024-08-12 06:00:00+00:00,2024-08-12 10:00:00+00:00,1,1
c35410b7c8468dfe4cb5,40,60,test,2024-08-12 11:00:00+00:00,2024-08-12 15:00:00+00:00,-1,3
4642d4630c8ef9bd2636,40,60,test,2024-08-13 05:00:00+00:00,2024-08-13 09:00:00+00:00,1,3
a42e0d377739ce7cded6,40,60,test,2024-08-13 23:00:00+00:00,2024-08-14 02:00:00+00:00,1,1
a6b49d5ea24c99639dbe,40,60,test,2024-08-14 03:00:00+00:00,2024-08-14 06:00:00+00:00,-1,3
607b880ae63370db36cc,40,60,test,2024-08-17 03:00:00+00:00,2024-08-17 05:00:00+00:00,-1,3
645b250c90a8067a3f17,41,60,train,2024-02-27 20:00:00+00:00,2024-02-28 02:00:00+00:00,1,1
e9d71e93c5b6ef1d7c74,41,60,train,2024-02-28 17:00:00+00:00,2024-02-28 19:00:00+00:00,1,2
8636d5a1e7024875a257,41,60,train,2024-02-28 21:00:00+00:00,2024-02-28 23:00:00+00:00,-1,3
84fcdd48f1da21ff2b0b,41,60,train,2024-03-03 14:00:00+00:00,2024-03-03 22:00:00+00:00,1,1
214a5388670fdeb68b71,41,60,train,2024-03-04 22:00:00+00:00,2024-03-05 01:00:00+00:00,-1,2
23406a5ac63b7341413a,41,60,train,2024-03-11 22:00:00+00:00,2024-03-12 01:00:00+00:00,1,2
b7152586df856c1c03da,41,60,train,2024-03-12 21:00:00+00:00,2024-03-12 23:00:00+00:00,-1,2
a2b8ca447fb71c940bb5,41,60,train,2024-03-14 08:00:00+00:00,2024-03-14 12:00:00+00:00,-1,0
39c8ab2f14908a2044d1,41,60,train,2024-03-14 16:00:00+00:00,2024-03-14 18:00:00+00:00,-1,3
1e2c1c36ff519b46d175,41,60,train,2024-03-15 02:00:00+00:00,2024-03-15 05:00:00+00:00,1,2
1fdfe3b93d947734a755,41,60,train,2024-03-15 21:00:00+00:00,2024-03-16 03:00:00+00:00,1,1
538e445e9af15e0dd27d,41,60,train,2024-03-16 06:00:00+00:00,2024-03-16 11:00:00+00:00,-1,0
85aeb156455de831565f,41,60,train,2024-03-17 08:00:00+00:00,2024-03-17 11:00:00+00:00,1,2
c756ab31d6ba6da9b68d,41,60,train,2024-03-23 23:00:00+00:00,2024-03-24 01:00:00+00:00,-1,2
6fe2675b327060db5c8e,41,60,train,2024-03-26 03:00:00+00:00,2024-03-26 07:00:00+00:00,-1,2
f6bdbdf734eef12a1c33,41,60,train,2024-03-26 08:00:00+00:00,2024-03-26 12:00:00+00:00,-1,2
c49ada2c631840edd330,41,60,train,2024-03-31 22:00:00+00:00,2024-04-01 00:00:00+00:00,-1,2
5e7f9962f01b4e4c33fb,41,60,validation,2024-07-08 23:00:00+00:00,2024-07-09 01:00:00+00:00,-1,2
e40947cb3d17c6c1ed11,41,60,validation,2024-07-11 03:00:00+00:00,2024-07-11 07:00:00+00:00,-1,2
dd432e4f4f09cad1cfd4,41,60,validation,2024-07-11 08:00:00+00:00,2024-07-11 12:00:00+00:00,-1,2
5451a5d9e86276514a26,41,60,validation,2024-07-12 06:00:00+00:00,2024-07-12 08:00:00+00:00,1,2
5cc9776297bb8d888840,41,60,validation,2024-07-12 11:00:00+00:00,2024-07-12 14:00:00+00:00,-1,3
cf8fc68b880e8185c530,41,60,validation,2024-07-12 19:00:00+00:00,2024-07-12 22:00:00+00:00,1,3
3b475c3932de6058b578,41,60,test,2024-07-13 18:00:00+00:00,2024-07-13 20:00:00+00:00,-1,2
a46115f645605b5d1322,41,60,test,2024-07-13 22:00:00+00:00,2024-07-14 04:00:00+00:00,-1,0
36d7f487293f131c70c3,41,60,test,2024-07-14 05:00:00+00:00,2024-07-14 08:00:00+00:00,-1,3
c221794e355afb62270d,41,60,test,2024-07-14 09:00:00+00:00,2024-07-14 16:00:00+00:00,1,1
43a565a7e462748fbe94,41,60,test,2024-07-14 18:00:00+00:00,2024-07-15 00:00:00+00:00,-1,0
3cabd314bfe71e675cef,41,60,test,2024-07-15 06:00:00+00:00,2024-07-15 08:00:00+00:00,1,2
2f7791eca2b699f59fa5,41,60,test,2024-07-15 11:00:00+00:00,2024-07-15 14:00:00+00:00,-1,3
d30b081615371a1cfe45,41,60,test,2024-07-15 19:00:00+00:00,2024-07-15 22:00:00+00:00,1,3
25bf0ae1000581147de5,41,60,test,2024-07-16 15:00:00+00:00,2024-07-16 20:00:00+00:00,1,1
3bb83965e4e79cb8b6cd,41,60,test,2024-07-16 22:00:00+00:00,2024-07-17 04:00:00+00:00,-1,0
a0de5df2f9a5807455ab,41,60,test,2024-07-17 05:00:00+00:00,2024-07-17 08:00:00+00:00,-1,3
582b4396799829176b24,41,60,test,2024-07-17 14:00:00+00:00,2024-07-17 17:00:00+00:00,-1,2
74f5f8e23bcaceb4900d,41,60,test,2024-07-17 18:00:00+00:00,2024-07-17 21:00:00+00:00,1,3
0064ec5cd2117dd6f3bd,41,60,test,2024-07-19 06:00:00+00:00,2024-07-19 09:00:00+00:00,1,2
a69253b012181c0ecd2b,41,60,test,2024-07-19 11:00:00+00:00,2024-07-19 14:00:00+00:00,1,3
a3ef2a0b40ec4875094a,41,60,test,2024-07-20 14:00:00+00:00,2024-07-20 16:00:00+00:00,1,3
7c93cb679d05cc1a5e95,41,60,test,2024-07-22 06:00:00+00:00,2024-07-22 11:00:00+00:00,1,2
ce7be14836348953b303,41,60,test,2024-07-22 14:00:00+00:00,2024-07-22 19:00:00+00:00,-1,3
122b6cc84019c712bb6d,41,60,test,2024-07-23 09:00:00+00:00,2024-07-23 11:00:00+00:00,1,1
883fa4042bf04c46f23c,41,60,test,2024-07-23 17:00:00+00:00,2024-07-23 19:00:00+00:00,1,2
193b708027ae77af4b77,41,60,test,2024-07-23 21:00:00+00:00,2024-07-23 23:00:00+00:00,1,3
9473262d35eca0ce8c53,41,60,test,2024-07-24 17:00:00+00:00,2024-07-24 20:00:00+00:00,1,1
4cd96bab99801786187b,41,60,test,2024-07-26 16:00:00+00:00,2024-07-26 18:00:00+00:00,1,2
a45d5985073c140a5e4e,41,60,test,2024-07-26 20:00:00+00:00,2024-07-26 22:00:00+00:00,-1,3
0a1ed1cc20aec511b81d,41,60,test,2024-07-27 05:00:00+00:00,2024-07-27 13:00:00+00:00,-1,0
7f069eccc69d0af059f0,41,60,test,2024-07-28 12:00:00+00:00,2024-07-28 19:00:00+00:00,-1,0
c495a4042d18e1f45b1e,41,60,test,2024-07-29 08:00:00+00:00,2024-07-29 17:00:00+00:00,-1,0
c4b5ed8ddf06525b761c,41,60,test,2024-07-30 13:00:00+00:00,2024-07-30 16:00:00+00:00,1,1
994a2bae3b8a40a56cf0,41,60,test,2024-07-30 17:00:00+00:00,2024-07-30 20:00:00+00:00,-1,3
df48f5f2a2f1de150ac6,41,60,test,2024-07-31 06:00:00+00:00,2024-07-31 15:00:00+00:00,-1,2
7310510bf2c828314477,41,60,test,2024-07-31 19:00:00+00:00,2024-07-31 22:00:00+00:00,1,3
e18f7f362e73635aac14,41,60,test,2024-08-01 07:00:00+00:00,2024-08-01 11:00:00+00:00,-1,3
5180f0373d38944c8bee,41,60,test,2024-08-02 07:00:00+00:00,2024-08-02 09:00:00+00:00,-1,2
3d0e0c50337846c20f33,41,60,test,2024-08-02 14:00:00+00:00,2024-08-02 17:00:00+00:00,1,3
8bfb830e1215a713d1c9,41,60,test,2024-08-07 11:00:00+00:00,2024-08-07 16:00:00+00:00,1,1
943d109eb4f404099efb,41,60,test,2024-08-07 19:00:00+00:00,2024-08-08 00:00:00+00:00,-1,0
4b2d8809562cbe64732a,41,60,test,2024-08-08 16:00:00+00:00,2024-08-08 18:00:00+00:00,1,2
0ff1322aa89177cd27af,41,60,test,2024-08-12 00:00:00+00:00,2024-08-12 07:00:00+00:00,-1,2
ee5e352a859ae213d177,41,60,test,2024-08-12 11:00:00+00:00,2024-08-12 14:00:00+00:00,-1,3
2032037fd5f80c348a0f,41,60,test,2024-08-13 05:00:00+00:00,2024-08-13 08:00:00+00:00,-1,3
f7079037537dc76173d4,41,60,test,2024-08-14 00:00:00+00:00,2024-08-14 03:00:00+00:00,-1,2
aac3abb514ad465d3079,41,60,test,2024-08-14 04:00:00+00:00,2024-08-14 10:00:00+00:00,1,3
f4559e67b2fbc3fdf850,41,60,test,2024-08-14 12:00:00+00:00,2024-08-14 14:00:00+00:00,-1,3
f546645b5e062e3701be,41,60,test,2024-08-17 18:00:00+00:00,2024-08-17 20:00:00+00:00,-1,2
23aa0005a5376660224a,41,60,test,2024-08-17 22:00:00+00:00,2024-08-18 00:00:00+00:00,-1,3
74339f470a9495aec6a6,42,60,train,2024-02-22 22:00:00+00:00,2024-02-23 00:00:00+00:00,1,2
7ae3f40210c41ecc8dbd,42,60,train,2024-02-25 20:00:00+00:00,2024-02-25 22:00:00+00:00,-1,2
6a38bab2a4b4b140eb17,42,60,train,2024-02-26 20:00:00+00:00,2024-02-26 22:00:00+00:00,-1,2
1c83651ad9d7c9899849,42,60,train,2024-02-27 21:00:00+00:00,2024-02-28 00:00:00+00:00,-1,2
ab89d8d048ad645ee898,42,60,train,2024-02-28 16:00:00+00:00,2024-02-28 19:00:00+00:00,-1,2
c968f4dbae5922eb5f4b,42,60,train,2024-02-28 20:00:00+00:00,2024-02-28 23:00:00+00:00,-1,3
81c13a65aa42c97f9c20,42,60,train,2024-03-03 17:00:00+00:00,2024-03-04 02:00:00+00:00,1,1
fc9f1d59ea563ae0165b,42,60,train,2024-03-04 22:00:00+00:00,2024-03-05 00:00:00+00:00,-1,2
d7ccf54aec86bc1879c8,42,60,train,2024-03-05 23:00:00+00:00,2024-03-06 01:00:00+00:00,1,2
a25ba29fdf36b382ea3f,42,60,train,2024-03-15 20:00:00+00:00,2024-03-16 07:00:00+00:00,-1,1
afa824bd339ae3f033e0,42,60,train,2024-03-16 11:00:00+00:00,2024-03-16 13:00:00+00:00,1,2
6e8e3a3aff2c9bd6f80f,42,60,train,2024-03-17 04:00:00+00:00,2024-03-17 06:00:00+00:00,-1,3
3276512a809c6180da23,42,60,train,2024-03-21 21:00:00+00:00,2024-03-21 23:00:00+00:00,1,2
32d102df8fdf5226282d,42,60,train,2024-03-31 21:00:00+00:00,2024-03-31 23:00:00+00:00,1,2
8c2d0012d28179185494,42,60,train,2024-04-02 02:00:00+00:00,2024-04-02 06:00:00+00:00,-1,3
097ced51eee02b706fec,42,60,train,2024-04-04 12:00:00+00:00,2024-04-04 18:00:00+00:00,-1,0
ff41ae86eef0ce76f616,42,60,validation,2024-07-12 08:00:00+00:00,2024-07-12 12:00:00+00:00,-1,0
3d4ba845711c921f6db6,42,60,validation,2024-07-12 19:00:00+00:00,2024-07-12 21:00:00+00:00,0,3
19a389a4ecee8ea71c00,42,60,test,2024-07-13 18:00:00+00:00,2024-07-13 20:00:00+00:00,-1,2
1508076189003b330528,42,60,test,2024-07-13 21:00:00+00:00,2024-07-14 01:00:00+00:00,-1,0
e96e2a1d576daec4a50c,42,60,test,2024-07-14 02:00:00+00:00,2024-07-14 04:00:00+00:00,1,2
beb1a3fa0a828eee53db,42,60,test,2024-07-14 05:00:00+00:00,2024-07-14 08:00:00+00:00,1,3
038fcb5c7b7b79ad6e0c,42,60,test,2024-07-14 11:00:00+00:00,2024-07-14 15:00:00+00:00,1,2
d5886f0bf0556dd470f7,42,60,test,2024-07-14 18:00:00+00:00,2024-07-14 20:00:00+00:00,-1,0
cfdf7fa4392ebd0735c3,42,60,test,2024-07-15 08:00:00+00:00,2024-07-15 12:00:00+00:00,-1,0
04ec5005ed9d0a344d2d,42,60,test,2024-07-15 19:00:00+00:00,2024-07-15 21:00:00+00:00,0,3
b84347bd36b1ced4ff58,42,60,test,2024-07-16 15:00:00+00:00,2024-07-16 20:00:00+00:00,1,1
390f4c49d94ea3694ade,42,60,test,2024-07-16 21:00:00+00:00,2024-07-17 01:00:00+00:00,-1,0
1774aa1a4e4d0ae05ffe,42,60,test,2024-07-17 02:00:00+00:00,2024-07-17 04:00:00+00:00,1,2
b03b62e538f96ab17950,42,60,test,2024-07-17 05:00:00+00:00,2024-07-17 08:00:00+00:00,1,3
31a81f0b0b6104a19499,42,60,test,2024-07-17 15:00:00+00:00,2024-07-17 17:00:00+00:00,-1,2
d27d432f31eca96883fa,42,60,test,2024-07-17 19:00:00+00:00,2024-07-17 21:00:00+00:00,1,3
dcda4819f3f0ce2cf367,42,60,test,2024-07-20 05:00:00+00:00,2024-07-20 07:00:00+00:00,1,1
af22f899fb98a8e337a0,42,60,test,2024-07-21 07:00:00+00:00,2024-07-21 09:00:00+00:00,-1,2
7236873df70e5a4fccac,42,60,test,2024-07-21 14:00:00+00:00,2024-07-21 16:00:00+00:00,-1,0
ba4a8598be9d3781112c,42,60,test,2024-07-21 17:00:00+00:00,2024-07-21 20:00:00+00:00,1,3
b1e1a257880c344e8f4b,42,60,test,2024-07-22 02:00:00+00:00,2024-07-22 04:00:00+00:00,-1,2
86e1a1e965f2be6d1cfe,42,60,test,2024-07-22 07:00:00+00:00,2024-07-22 10:00:00+00:00,-1,2
75d3b19c2c9df7b885a3,42,60,test,2024-07-22 11:00:00+00:00,2024-07-22 13:00:00+00:00,1,3
9eee5ad70116916ce3eb,42,60,test,2024-07-22 21:00:00+00:00,2024-07-22 23:00:00+00:00,1,3
cb60c9c1605d20267355,42,60,test,2024-07-23 10:00:00+00:00,2024-07-23 12:00:00+00:00,-1,2
53c960cdc364b4105536,42,60,test,2024-07-23 16:00:00+00:00,2024-07-24 00:00:00+00:00,-1,2
155683c13b4c9c4b48f3,42,60,test,2024-07-27 05:00:00+00:00,2024-07-27 09:00:00+00:00,1,1
b6a4fdd6be7c0ccf78b3,42,60,test,2024-07-27 10:00:00+00:00,2024-07-27 12:00:00+00:00,1,3
5c9a85211b86a0b72f9d,42,60,test,2024-07-27 15:00:00+00:00,2024-07-27 17:00:00+00:00,-1,3
08930a006f1dbcc27280,42,60,test,2024-07-28 12:00:00+00:00,2024-07-28 15:00:00+00:00,-1,0
3383aef22c8673415a5c,42,60,test,2024-07-28 16:00:00+00:00,2024-07-28 20:00:00+00:00,-1,3
56cd52fdb32593428d8c,42,60,test,2024-07-29 08:00:00+00:00,2024-07-29 12:00:00+00:00,1,1
b0ee13b88111b850e55a,42,60,test,2024-07-29 13:00:00+00:00,2024-07-29 17:00:00+00:00,-1,3
4e440383c5362d64eb56,42,60,test,2024-07-30 06:00:00+00:00,2024-07-30 09:00:00+00:00,1,1
fcdfb7e63d2d789cc649,42,60,test,2024-07-30 14:00:00+00:00,2024-07-30 16:00:00+00:00,-1,2
819b5cabf30c38c0fbc8,42,60,test,2024-07-30 17:00:00+00:00,2024-07-30 20:00:00+00:00,1,3
47ee84c14be81c55a39a,42,60,test,2024-07-31 07:00:00+00:00,2024-07-31 10:00:00+00:00,-1,2
44d34d6529633e5fd167,42,60,test,2024-07-31 12:00:00+00:00,2024-07-31 14:00:00+00:00,-1,3
262bcd279bd0be495e47,42,60,test,2024-07-31 15:00:00+00:00,2024-07-31 18:00:00+00:00,-1,0
a2d0f734b6fb34f5e0ed,42,60,test,2024-07-31 19:00:00+00:00,2024-07-31 21:00:00+00:00,1,3
d701acdf77a16e7d92e3,42,60,test,2024-08-01 05:00:00+00:00,2024-08-01 09:00:00+00:00,1,3
4de404c427ade99b9b48,42,60,test,2024-08-02 06:00:00+00:00,2024-08-02 09:00:00+00:00,1,1
f33880829eb5e88cb7f9,42,60,test,2024-08-02 10:00:00+00:00,2024-08-02 13:00:00+00:00,1,3
41a6abec5c60d82af45d,42,60,test,2024-08-05 09:00:00+00:00,2024-08-05 12:00:00+00:00,-1,2
825f780b8c37d16c0949,42,60,test,2024-08-05 15:00:00+00:00,2024-08-05 18:00:00+00:00,0,3
2ca7b6e724aa2f6be0e2,42,60,test,2024-08-07 11:00:00+00:00,2024-08-07 18:00:00+00:00,1,1
94963f43476c3de544d0,42,60,test,2024-08-07 19:00:00+00:00,2024-08-08 00:00:00+00:00,-1,0
5504e13168c5536a66e8,42,60,test,2024-08-08 13:00:00+00:00,2024-08-08 15:00:00+00:00,0,3
f50cdae86816b8d001c7,42,60,test,2024-08-08 16:00:00+00:00,2024-08-08 18:00:00+00:00,-1,2
21fc7509c2e26cdcf6e6,42,60,test,2024-08-08 20:00:00+00:00,2024-08-08 22:00:00+00:00,-1,3
fc655a634fae6831e748,42,60,test,2024-08-09 03:00:00+00:00,2024-08-09 05:00:00+00:00,1,2
bbb11873e8a474990be4,42,60,test,2024-08-10 08:00:00+00:00,2024-08-10 10:00:00+00:00,-1,2
6317f185fcbc72b7c98c,42,60,test,2024-08-10 12:00:00+00:00,2024-08-10 14:00:00+00:00,-1,3
db241f5c615e51b2df34,42,60,test,2024-08-12 02:00:00+00:00,2024-08-12 04:00:00+00:00,-1,0
0a6b2266064c71526770,42,60,test,2024-08-12 06:00:00+00:00,2024-08-12 14:00:00+00:00,-1,2
6c1eeca650e7a209128c,42,60,test,2024-08-12 20:00:00+00:00,2024-08-12 22:00:00+00:00,-1,0
b44d2466e63e8f4460a8,42,60,test,2024-08-12 23:00:00+00:00,2024-08-13 03:00:00+00:00,-1,2
c025ade1b60ce697d5ae,42,60,test,2024-08-13 05:00:00+00:00,2024-08-13 09:00:00+00:00,-1,0
57726dd4eb061b8dbdc5,42,60,test,2024-08-13 23:00:00+00:00,2024-08-14 02:00:00+00:00,1,1
d734480a09ff302335a0,42,60,test,2024-08-14 03:00:00+00:00,2024-08-14 05:00:00+00:00,1,3
e0118dfa0a843d14f6e2,42,60,test,2024-08-14 12:00:00+00:00,2024-08-14 14:00:00+00:00,-1,3
fd7c032e99700d2710cb,42,60,test,2024-08-17 03:00:00+00:00,2024-08-17 05:00:00+00:00,0,3
95894b2f6ffb7662e678,43,60,train,2024-02-26 19:00:00+00:00,2024-02-26 22:00:00+00:00,1,1
40d0480e63d6a38487cf,43,60,train,2024-02-27 21:00:00+00:00,2024-02-28 00:00:00+00:00,1,2
dc0f243bf5299e9a00f1,43,60,train,2024-02-28 16:00:00+00:00,2024-02-28 19:00:00+00:00,1,1
d725ae8cbc385a2a2733,43,60,train,2024-02-28 21:00:00+00:00,2024-02-28 23:00:00+00:00,-1,3
2f8d7f72fb9eec1c9182,43,60,train,2024-03-03 17:00:00+00:00,2024-03-03 22:00:00+00:00,1,1
7ef18d4731b06b216455,43,60,train,2024-03-04 22:00:00+00:00,2024-03-05 00:00:00+00:00,-1,2
daeb50e935fb83c21760,43,60,train,2024-03-11 22:00:00+00:00,2024-03-12 01:00:00+00:00,-1,2
5b04ffa97263a57858d1,43,60,train,2024-03-14 08:00:00+00:00,2024-03-14 11:00:00+00:00,-1,0
da58a092e96c2ad8a319,43,60,train,2024-03-14 15:00:00+00:00,2024-03-14 18:00:00+00:00,-1,3
f73fc8bf770e5bd37fd6,43,60,train,2024-03-15 20:00:00+00:00,2024-03-16 01:00:00+00:00,1,1
eb421f10d0970662769f,43,60,train,2024-03-16 02:00:00+00:00,2024-03-16 07:00:00+00:00,-1,0
fe568b77299fd96fb9cc,43,60,train,2024-03-16 11:00:00+00:00,2024-03-16 13:00:00+00:00,1,2
e725b476c7b81e0e2ba7,43,60,train,2024-03-17 04:00:00+00:00,2024-03-17 06:00:00+00:00,-1,3
0f5e65cd7ac08ac97c58,43,60,train,2024-03-21 21:00:00+00:00,2024-03-22 00:00:00+00:00,1,2
c577032cb8829705d856,43,60,train,2024-03-22 01:00:00+00:00,2024-03-22 03:00:00+00:00,1,2
475b46222487a8f8f80b,43,60,train,2024-03-31 21:00:00+00:00,2024-03-31 23:00:00+00:00,-1,2
4ea6d382a30017e861ec,43,60,train,2024-04-02 00:00:00+00:00,2024-04-02 06:00:00+00:00,-1,0
da081f351198496ccee4,43,60,validation,2024-07-12 08:00:00+00:00,2024-07-12 10:00:00+00:00,-1,2
f6a5206c0a9e845c7674,43,60,validation,2024-07-12 19:00:00+00:00,2024-07-12 21:00:00+00:00,1,3
e6dbd221f007e41667af,43,60,test,2024-07-13 18:00:00+00:00,2024-07-13 20:00:00+00:00,1,1
592f0c0dc2916bf3cfa9,43,60,test,2024-07-13 23:00:00+00:00,2024-07-14 01:00:00+00:00,1,3
af6876f443d3f11d995d,43,60,test,2024-07-14 02:00:00+00:00,2024-07-14 04:00:00+00:00,-1,2
9c113eeeec2133048ed6,43,60,test,2024-07-14 05:00:00+00:00,2024-07-14 08:00:00+00:00,1,3
95f403940128553c6569,43,60,test,2024-07-14 10:00:00+00:00,2024-07-14 15:00:00+00:00,1,1
70897624fbf851b5672e,43,60,test,2024-07-15 08:00:00+00:00,2024-07-15 10:00:00+00:00,-1,2
8fa202e50cbd621586ad,43,60,test,2024-07-15 19:00:00+00:00,2024-07-15 21:00:00+00:00,1,3
f06c7bf1725dc14ed0b8,43,60,test,2024-07-16 15:00:00+00:00,2024-07-16 20:00:00+00:00,1,2
b0fdb0c6ceb0b390be83,43,60,test,2024-07-16 23:00:00+00:00,2024-07-17 01:00:00+00:00,1,3
2d9528ff97dd37785d85,43,60,test,2024-07-17 02:00:00+00:00,2024-07-17 04:00:00+00:00,-1,2
f60a0598d300dc5da9cc,43,60,test,2024-07-17 05:00:00+00:00,2024-07-17 08:00:00+00:00,1,3
deb18bdebff504a7bc95,43,60,test,2024-07-17 15:00:00+00:00,2024-07-17 17:00:00+00:00,-1,0
f0e00679aba625aa6e5f,43,60,test,2024-07-18 14:00:00+00:00,2024-07-18 16:00:00+00:00,1,2
d727d9f116459a587e13,43,60,test,2024-07-21 06:00:00+00:00,2024-07-21 09:00:00+00:00,1,1
7bd2fd3f51975b6cdfe0,43,60,test,2024-07-21 11:00:00+00:00,2024-07-21 13:00:00+00:00,1,3
3bb91e0e6d3e08e0caaf,43,60,test,2024-07-21 14:00:00+00:00,2024-07-21 16:00:00+00:00,-1,2
7dd32018a754fa4d84a0,43,60,test,2024-07-21 17:00:00+00:00,2024-07-21 20:00:00+00:00,1,3
9f6017cc6b91ce8262ef,43,60,test,2024-07-22 06:00:00+00:00,2024-07-22 11:00:00+00:00,-1,2
e24c5c0e909a3d5cd4d2,43,60,test,2024-07-22 13:00:00+00:00,2024-07-22 19:00:00+00:00,-1,0
e6b246ff9ba2cc24afcc,43,60,test,2024-07-23 09:00:00+00:00,2024-07-23 11:00:00+00:00,1,2
933ba669d22a1b739c08,43,60,test,2024-07-23 13:00:00+00:00,2024-07-23 15:00:00+00:00,1,3
2cfafa965574f9c6da11,43,60,test,2024-07-23 17:00:00+00:00,2024-07-24 00:00:00+00:00,-1,0
cfab03c643e352b33416,43,60,test,2024-07-25 06:00:00+00:00,2024-07-25 08:00:00+00:00,1,3
acd59f801cdcd3359c09,43,60,test,2024-07-25 20:00:00+00:00,2024-07-25 23:00:00+00:00,-1,2
76629f9f5963ad42f09f,43,60,test,2024-07-26 01:00:00+00:00,2024-07-26 03:00:00+00:00,-1,3
61d0bb707f8cf57701f1,43,60,test,2024-07-27 04:00:00+00:00,2024-07-27 12:00:00+00:00,1,1
556799088f57b084fd8d,43,60,test,2024-07-27 14:00:00+00:00,2024-07-27 17:00:00+00:00,-1,3
6a9bfd6c6a414821e5ff,43,60,test,2024-07-28 14:00:00+00:00,2024-07-28 20:00:00+00:00,-1,0
132bf33253a35a4fd99f,43,60,test,2024-07-29 07:00:00+00:00,2024-07-29 12:00:00+00:00,1,1
ab22e6f35845927c1d38,43,60,test,2024-07-29 13:00:00+00:00,2024-07-29 17:00:00+00:00,-1,3
6d7c8e093db186520243,43,60,test,2024-07-30 10:00:00+00:00,2024-07-30 12:00:00+00:00,-1,2
1adf7194fe9a7c9f5e10,43,60,test,2024-07-30 13:00:00+00:00,2024-07-30 16:00:00+00:00,1,1
cfbb92270746da57552b,43,60,test,2024-07-30 17:00:00+00:00,2024-07-30 20:00:00+00:00,1,3
1768a791caf4ebbee5ab,43,60,test,2024-07-31 10:00:00+00:00,2024-07-31 12:00:00+00:00,1,1
8b0e3b14dea0ae165ae3,43,60,test,2024-08-01 06:00:00+00:00,2024-08-01 10:00:00+00:00,-1,0
f204d651f81ed3d3e4fe,43,60,test,2024-08-02 07:00:00+00:00,2024-08-02 09:00:00+00:00,-1,2
443705ae31a0099663ee,43,60,test,2024-08-04 18:00:00+00:00,2024-08-04 20:00:00+00:00,1,2
7eb3aa249031d3e3f307,43,60,test,2024-08-05 09:00:00+00:00,2024-08-05 12:00:00+00:00,-1,2
86ec6576393e06289d1a,43,60,test,2024-08-05 14:00:00+00:00,2024-08-05 16:00:00+00:00,-1,3
51e55dd4d64c9abc46e9,43,60,test,2024-08-07 09:00:00+00:00,2024-08-07 11:00:00+00:00,1,2
a32470083a30b7c2bfdc,43,60,test,2024-08-07 13:00:00+00:00,2024-08-07 15:00:00+00:00,0,3
d659b2146bda323b4a9b,43,60,test,2024-08-08 08:00:00+00:00,2024-08-08 10:00:00+00:00,-1,2
8c7b5d0f2e7d65012e0a,43,60,test,2024-08-08 12:00:00+00:00,2024-08-08 15:00:00+00:00,0,3
5b231725773ff3046eb7,43,60,test,2024-08-08 16:00:00+00:00,2024-08-08 18:00:00+00:00,1,2
91502254e69fad954790,43,60,test,2024-08-10 07:00:00+00:00,2024-08-10 09:00:00+00:00,1,2
27ef9bfb53bc700e27de,43,60,test,2024-08-12 02:00:00+00:00,2024-08-12 04:00:00+00:00,-1,2
c105c49f8ce055b906e1,43,60,test,2024-08-12 06:00:00+00:00,2024-08-12 10:00:00+00:00,1,1
7477f7d037aecdb99dd6,43,60,test,2024-08-12 11:00:00+00:00,2024-08-12 14:00:00+00:00,-1,3
4f19b96df738c973360a,43,60,test,2024-08-12 23:00:00+00:00,2024-08-13 01:00:00+00:00,1,2
3a7f5f4267df6162062c,43,60,test,2024-08-13 04:00:00+00:00,2024-08-13 09:00:00+00:00,-1,0
8754f106f4d0fe4531eb,43,60,test,2024-08-14 00:00:00+00:00,2024-08-14 02:00:00+00:00,-1,2
d7e5742280940a1be6a8,43,60,test,2024-08-14 04:00:00+00:00,2024-08-14 06:00:00+00:00,-1,3
1a305bccdb737a847ef1,43,60,test,2024-08-14 08:00:00+00:00,2024-08-14 10:00:00+00:00,-1,2
e19992598c81883fbffa,43,60,test,2024-08-14 12:00:00+00:00,2024-08-14 14:00:00+00:00,-1,3
ed4575af235e060a6b36,43,60,test,2024-08-15 07:00:00+00:00,2024-08-15 09:00:00+00:00,-1,0
e7a4976e100f475664e1,43,60,test,2024-08-15 11:00:00+00:00,2024-08-15 13:00:00+00:00,-1,3
d08ecf8250aba7d57378,43,60,test,2024-08-17 03:00:00+00:00,2024-08-17 05:00:00+00:00,0,3
8813d424b59c353b04c5,44,60,train,2024-02-22 00:00:00+00:00,2024-02-22 02:00:00+00:00,-1,2
09e4ccb972717dd1e256,44,60,train,2024-02-27 20:00:00+00:00,2024-02-28 00:00:00+00:00,1,2
6084bd94be1be0436bca,44,60,train,2024-02-28 16:00:00+00:00,2024-02-28 20:00:00+00:00,1,1
30ce328c13b8b3ecb7d5,44,60,train,2024-02-28 21:00:00+00:00,2024-02-29 00:00:00+00:00,-1,3
6d4ef03a662e0c2679f1,44,60,train,2024-03-03 18:00:00+00:00,2024-03-03 22:00:00+00:00,1,2
3a7064377859d7c934ff,44,60,train,2024-03-03 23:00:00+00:00,2024-03-04 02:00:00+00:00,1,3
2a459c9f19720ee5dcb3,44,60,train,2024-03-04 22:00:00+00:00,2024-03-05 00:00:00+00:00,-1,2
432c2eeda5b85994d362,44,60,train,2024-03-11 22:00:00+00:00,2024-03-12 01:00:00+00:00,-1,2
723df07e62fbd8d966b1,44,60,train,2024-03-13 20:00:00+00:00,2024-03-14 00:00:00+00:00,1,2
17b5a54a62f74400efdd,44,60,train,2024-03-14 09:00:00+00:00,2024-03-14 11:00:00+00:00,-1,3
e81300ff3134e52f7154,44,60,train,2024-03-14 15:00:00+00:00,2024-03-14 18:00:00+00:00,-1,0
37c21eadede3218424e1,44,60,train,2024-03-15 20:00:00+00:00,2024-03-16 01:00:00+00:00,1,1
a219763619f98d930eb4,44,60,train,2024-03-16 02:00:00+00:00,2024-03-16 06:00:00+00:00,-1,3
7fc06023b1159abd6965,44,60,train,2024-03-21 21:00:00+00:00,2024-03-21 23:00:00+00:00,1,2
878eb0e68f3630de2afd,44,60,train,2024-03-22 00:00:00+00:00,2024-03-22 03:00:00+00:00,1,1
2a390f516674fba74773,44,60,train,2024-04-02 02:00:00+00:00,2024-04-02 05:00:00+00:00,1,3
fbc43d881de900f58b56,44,60,train,2024-04-04 12:00:00+00:00,2024-04-04 19:00:00+00:00,-1,2
1a3ac8d57c5cc219e4fd,44,60,train,2024-04-04 20:00:00+00:00,2024-04-05 00:00:00+00:00,1,1
f29fb2ee388112e8d015,44,60,validation,2024-07-12 08:00:00+00:00,2024-07-12 11:00:00+00:00,-1,2
b6cad116ea06ac310c6c,44,60,validation,2024-07-12 18:00:00+00:00,2024-07-12 21:00:00+00:00,-1,3
b790e140acb22398b8d8,44,60,test,2024-07-13 18:00:00+00:00,2024-07-13 20:00:00+00:00,-1,2
f6a014cfe464f1642224,44,60,test,2024-07-13 21:00:00+00:00,2024-07-14 01:00:00+00:00,-1,0
9b0e80200df5292bd196,44,60,test,2024-07-14 02:00:00+00:00,2024-07-14 04:00:00+00:00,-1,2
fa5f143bb37fc53d69a5,44,60,test,2024-07-14 05:00:00+00:00,2024-07-14 08:00:00+00:00,1,3
4a140175bfaae338263a,44,60,test,2024-07-14 09:00:00+00:00,2024-07-14 15:00:00+00:00,1,1
41e731c54ee241040a21,44,60,test,2024-07-14 17:00:00+00:00,2024-07-14 19:00:00+00:00,-1,3
91747f9005d92a2b4631,44,60,test,2024-07-14 20:00:00+00:00,2024-07-14 22:00:00+00:00,-1,0
9b2db52f5e4b81908eb7,44,60,test,2024-07-15 08:00:00+00:00,2024-07-15 11:00:00+00:00,-1,2
8137e8800419620cf6ef,44,60,test,2024-07-15 18:00:00+00:00,2024-07-15 21:00:00+00:00,-1,3
cc5085d1ebadeaa3e767,44,60,test,2024-07-16 15:00:00+00:00,2024-07-16 20:00:00+00:00,1,1
c53d33e2c285c28a64d3,44,60,test,2024-07-16 21:00:00+00:00,2024-07-17 01:00:00+00:00,-1,0
ec25d4a1c1c90d368223,44,60,test,2024-07-17 02:00:00+00:00,2024-07-17 04:00:00+00:00,-1,2
9112445e8018f0678064,44,60,test,2024-07-17 05:00:00+00:00,2024-07-17 08:00:00+00:00,1,3
c63b5b0604ba0c534d2b,44,60,test,2024-07-17 13:00:00+00:00,2024-07-17 17:00:00+00:00,1,1
b751ca531889ad6b1aa2,44,60,test,2024-07-17 20:00:00+00:00,2024-07-17 23:00:00+00:00,1,1
8d1d347fa13e75021d4d,44,60,test,2024-07-18 01:00:00+00:00,2024-07-18 04:00:00+00:00,0,3
9e0a804763b52f07b851,44,60,test,2024-07-18 14:00:00+00:00,2024-07-18 16:00:00+00:00,1,2
f2aae01df7c3d379c440,44,60,test,2024-07-18 18:00:00+00:00,2024-07-18 20:00:00+00:00,1,3
5ffdc73289fe8d8293aa,44,60,test,2024-07-19 14:00:00+00:00,2024-07-19 16:00:00+00:00,1,2
32f75a6876bfb98e48f6,44,60,test,2024-07-19 18:00:00+00:00,2024-07-19 20:00:00+00:00,1,3
762b8e958b3d9d292ba3,44,60,test,2024-07-21 06:00:00+00:00,2024-07-21 08:00:00+00:00,1,2
86686777f351394fbf43,44,60,test,2024-07-21 17:00:00+00:00,2024-07-21 19:00:00+00:00,1,3
24c7c2aa3221a0d1f44e,44,60,test,2024-07-22 06:00:00+00:00,2024-07-22 13:00:00+00:00,-1,2
28e03e0036eba08d8f47,44,60,test,2024-07-23 06:00:00+00:00,2024-07-23 10:00:00+00:00,1,2
85a444bbb2424fab3bfe,44,60,test,2024-07-23 20:00:00+00:00,2024-07-23 23:00:00+00:00,1,3
9dd0bf95bde122e68727,44,60,test,2024-07-25 06:00:00+00:00,2024-07-25 08:00:00+00:00,-1,3
ec567f7510bc0ca8fb0e,44,60,test,2024-07-25 20:00:00+00:00,2024-07-25 22:00:00+00:00,-1,2
6d4471c24ddf8991146c,44,60,test,2024-07-26 00:00:00+00:00,2024-07-26 02:00:00+00:00,-1,3
71f5b3cd18813ecb6cd1,44,60,test,2024-07-27 05:00:00+00:00,2024-07-27 13:00:00+00:00,-1,2
9c7a67f00e5987f2dec8,44,60,test,2024-07-28 08:00:00+00:00,2024-07-28 10:00:00+00:00,1,2
9057ab1040636c2ec4eb,44,60,test,2024-07-28 14:00:00+00:00,2024-07-28 20:00:00+00:00,-1,0
0576fa79f59b8cd92ddd,44,60,test,2024-07-29 08:00:00+00:00,2024-07-29 12:00:00+00:00,1,1
915129cd46f421fe1f8f,44,60,test,2024-07-29 13:00:00+00:00,2024-07-29 17:00:00+00:00,-1,3
bc290d69e638853bae8a,44,60,test,2024-07-30 06:00:00+00:00,2024-07-30 09:00:00+00:00,1,2
2b97eb7f2de384e76051,44,60,test,2024-07-30 10:00:00+00:00,2024-07-30 13:00:00+00:00,0,3
33ba26a43ad7c3e3d731,44,60,test,2024-07-30 14:00:00+00:00,2024-07-30 16:00:00+00:00,-1,2
5be0f767fb70b1a57806,44,60,test,2024-07-30 17:00:00+00:00,2024-07-30 20:00:00+00:00,1,3
9c6982d663b84d6a4cc3,44,60,test,2024-07-31 16:00:00+00:00,2024-07-31 19:00:00+00:00,1,1
dc4781c90dab9e4cee33,44,60,test,2024-08-01 00:00:00+00:00,2024-08-01 03:00:00+00:00,1,2
5c3f399b1c4c2d64f89b,44,60,test,2024-08-01 04:00:00+00:00,2024-08-01 09:00:00+00:00,-1,3
1e7d237db9f44aaf889c,44,60,test,2024-08-02 06:00:00+00:00,2024-08-02 09:00:00+00:00,-1,2
f1ab8831e68ee092cf89,44,60,test,2024-08-02 14:00:00+00:00,2024-08-02 17:00:00+00:00,-1,3
a7a1aa66f69afd346437,44,60,test,2024-08-04 18:00:00+00:00,2024-08-04 20:00:00+00:00,1,2
0f832aabdbf03ba8297a,44,60,test,2024-08-05 09:00:00+00:00,2024-08-05 12:00:00+00:00,-1,2
d8719f749d344c9bce78,44,60,test,2024-08-05 13:00:00+00:00,2024-08-05 18:00:00+00:00,-1,0
485ba63d2bc2541686a4,44,60,test,2024-08-07 11:00:00+00:00,2024-08-07 14:00:00+00:00,-1,2
0c36dd5884d2dff9e4ff,44,60,test,2024-08-07 17:00:00+00:00,2024-08-07 19:00:00+00:00,-1,2
420e2e078336c152e4ee,44,60,test,2024-08-07 20:00:00+00:00,2024-08-08 00:00:00+00:00,1,3
fe04980eed08781e820b,44,60,test,2024-08-08 08:00:00+00:00,2024-08-08 10:00:00+00:00,-1,2
ec7003ee60582c43100f,44,60,test,2024-08-08 12:00:00+00:00,2024-08-08 15:00:00+00:00,0,3
228edc5ea753fc284d86,44,60,test,2024-08-08 16:00:00+00:00,2024-08-08 18:00:00+00:00,1,2
5e5c99f044238187595e,44,60,test,2024-08-12 02:00:00+00:00,2024-08-12 04:00:00+00:00,-1,2
32164ee0dfc08ac3c840,44,60,test,2024-08-12 05:00:00+00:00,2024-08-12 10:00:00+00:00,1,1
a5662e6a5f64289a6825,44,60,test,2024-08-12 11:00:00+00:00,2024-08-12 14:00:00+00:00,-1,3
843fd80c887551b37256,44,60,test,2024-08-12 23:00:00+00:00,2024-08-13 01:00:00+00:00,1,2
7a199b25fe7c6583ed9d,44,60,test,2024-08-13 04:00:00+00:00,2024-08-13 09:00:00+00:00,-1,0
272060cc7e330df71eb4,44,60,test,2024-08-13 22:00:00+00:00,2024-08-14 06:00:00+00:00,-1,2
d393e17fc3d650d8ac1f,44,60,test,2024-08-14 12:00:00+00:00,2024-08-14 14:00:00+00:00,-1,3
588dfb7e7e21d4a7038d,44,60,test,2024-08-16 23:00:00+00:00,2024-08-17 01:00:00+00:00,1,2
09510531155b51adc5ce,44,60,test,2024-08-17 02:00:00+00:00,2024-08-17 05:00:00+00:00,-1,0
b641577372adea7e1831,45,60,train,2024-02-26 22:00:00+00:00,2024-02-27 03:00:00+00:00,1,1
7c4896323f21177c2a4b,45,60,train,2024-02-27 20:00:00+00:00,2024-02-28 01:00:00+00:00,1,1
a7434ceb25ba16f2092e,45,60,train,2024-02-28 17:00:00+00:00,2024-02-28 19:00:00+00:00,1,2
d8d4a0fb7d12fa6bdf88,45,60,train,2024-02-28 21:00:00+00:00,2024-02-28 23:00:00+00:00,-1,3
cd8537de8d7927bdc35d,45,60,train,2024-03-03 14:00:00+00:00,2024-03-03 16:00:00+00:00,1,1
bea5180abd29d1c5a527,45,60,train,2024-03-03 20:00:00+00:00,2024-03-03 22:00:00+00:00,-1,2
703ad4ce30cde370603b,45,60,train,2024-03-04 22:00:00+00:00,2024-03-05 01:00:00+00:00,1,1
6d411271bdcb451b4b87,45,60,train,2024-03-12 21:00:00+00:00,2024-03-12 23:00:00+00:00,-1,2
fa7e0f7c3bd5814749f7,45,60,train,2024-03-14 08:00:00+00:00,2024-03-14 12:00:00+00:00,-1,0
74140007eba938d55fe5,45,60,train,2024-03-14 16:00:00+00:00,2024-03-14 18:00:00+00:00,-1,3
c14afffb889eadbf148c,45,60,train,2024-03-26 08:00:00+00:00,2024-03-26 10:00:00+00:00,1,2
13f61132dffcb27d372e,45,60,train,2024-03-31 15:00:00+00:00,2024-03-31 18:00:00+00:00,-1,0
55195d26f218b21027c5,45,60,train,2024-04-04 15:00:00+00:00,2024-04-04 19:00:00+00:00,-1,0
cef2b2f44debbda7c8c3,45,60,train,2024-04-04 20:00:00+00:00,2024-04-04 23:00:00+00:00,1,2
db37181fe3e26d5b1c22,45,60,validation,2024-07-11 08:00:00+00:00,2024-07-11 10:00:00+00:00,1,2
78aba88ec58454162867,45,60,validation,2024-07-12 09:00:00+00:00,2024-07-12 12:00:00+00:00,-1,0
7de948d0eee74f5e6a05,45,60,validation,2024-07-12 19:00:00+00:00,2024-07-12 21:00:00+00:00,0,3
d7140e2ff8c221eb51c1,45,60,test,2024-07-13 23:00:00+00:00,2024-07-14 02:00:00+00:00,-1,3
5ae24ba9942805036ad8,45,60,test,2024-07-14 05:00:00+00:00,2024-07-14 08:00:00+00:00,1,3
cd66eb155064add4bbeb,45,60,test,2024-07-14 11:00:00+00:00,2024-07-14 16:00:00+00:00,1,1
b46ce46a1f7af51d39b5,45,60,test,2024-07-14 17:00:00+00:00,2024-07-14 19:00:00+00:00,-1,3
35515ab08b26db377b90,45,60,test,2024-07-15 09:00:00+00:00,2024-07-15 12:00:00+00:00,-1,0
df82c6cb40daca800d4d,45,60,test,2024-07-15 19:00:00+00:00,2024-07-15 21:00:00+00:00,0,3
942c15dc24feade006ce,45,60,test,2024-07-16 15:00:00+00:00,2024-07-16 19:00:00+00:00,-1,2
84fa0d09ecdf3e435b53,45,60,test,2024-07-16 23:00:00+00:00,2024-07-17 02:00:00+00:00,-1,3
45e279cfb8293e23a809,45,60,test,2024-07-17 05:00:00+00:00,2024-07-17 08:00:00+00:00,1,3
3be19fdf81b8d542a187,45,60,test,2024-07-17 14:00:00+00:00,2024-07-17 17:00:00+00:00,-1,2
11eb3584239ae01fed10,45,60,test,2024-07-17 18:00:00+00:00,2024-07-17 21:00:00+00:00,1,3
94497a2c3d3137dcce53,45,60,test,2024-07-19 06:00:00+00:00,2024-07-19 14:00:00+00:00,-1,2
4de49fff03224589fe8f,45,60,test,2024-07-21 06:00:00+00:00,2024-07-21 10:00:00+00:00,1,2
84f09c8be04504245ff1,45,60,test,2024-07-21 12:00:00+00:00,2024-07-21 15:00:00+00:00,1,3
1c928f7cd44e4077d6a0,45,60,test,2024-07-22 06:00:00+00:00,2024-07-22 09:00:00+00:00,1,1
b161b6e6a0e5117ca09e,45,60,test,2024-07-22 11:00:00+00:00,2024-07-22 18:00:00+00:00,-1,0
417cf0a078befb1ece08,45,60,test,2024-07-23 08:00:00+00:00,2024-07-23 10:00:00+00:00,-1,2
74928a027f35c5cee643,45,60,test,2024-07-23 12:00:00+00:00,2024-07-23 14:00:00+00:00,-1,3
b710b882b30e28a4494e,45,60,test,2024-07-24 17:00:00+00:00,2024-07-24 19:00:00+00:00,1,1
503cc1fae90a6745320b,45,60,test,2024-07-26 07:00:00+00:00,2024-07-26 09:00:00+00:00,1,1
9a787031245537d7dd5d,45,60,test,2024-07-26 16:00:00+00:00,2024-07-26 18:00:00+00:00,1,2
a2f7ba217a21bd90c463,45,60,test,2024-07-26 20:00:00+00:00,2024-07-26 22:00:00+00:00,1,3
8a8e3af0331c5ba5e31c,45,60,test,2024-07-27 04:00:00+00:00,2024-07-27 13:00:00+00:00,-1,1
0a75539ad41564f86be6,45,60,test,2024-07-28 08:00:00+00:00,2024-07-28 10:00:00+00:00,1,2
9cd79a70455399a73a59,45,60,test,2024-07-28 20:00:00+00:00,2024-07-28 22:00:00+00:00,-1,3
9f2ed37ff0162b62a328,45,60,test,2024-07-29 08:00:00+00:00,2024-07-29 12:00:00+00:00,1,1
e3bb4c715bac2ef636f4,45,60,test,2024-07-29 13:00:00+00:00,2024-07-29 15:00:00+00:00,1,3
b31c6e589a4816873a65,45,60,test,2024-07-30 06:00:00+00:00,2024-07-30 09:00:00+00:00,1,2
6c7ea4f73e428acb03de,45,60,test,2024-07-30 10:00:00+00:00,2024-07-30 16:00:00+00:00,1,3
5301f8091c34365dbbfc,45,60,test,2024-07-30 18:00:00+00:00,2024-07-30 20:00:00+00:00,-1,3
4b13fa42fd86a15a5591,45,60,test,2024-07-30 23:00:00+00:00,2024-07-31 03:00:00+00:00,1,2
1d0e31e84af8511fc0d8,45,60,test,2024-07-31 07:00:00+00:00,2024-07-31 10:00:00+00:00,-1,2
14586feeebcfd7b38a98,45,60,test,2024-07-31 11:00:00+00:00,2024-07-31 14:00:00+00:00,-1,0
f39084086983057b765c,45,60,test,2024-07-31 16:00:00+00:00,2024-07-31 18:00:00+00:00,-1,2
65a03ecb30ad8317fdeb,45,60,test,2024-07-31 19:00:00+00:00,2024-07-31 22:00:00+00:00,-1,3
43287bd84d2c14240764,45,60,test,2024-07-31 23:00:00+00:00,2024-08-01 02:00:00+00:00,-1,2
5693a201937f28fda225,45,60,test,2024-08-01 07:00:00+00:00,2024-08-01 10:00:00+00:00,-1,0
0cdf3a8153f2d3083dfb,45,60,test,2024-08-02 07:00:00+00:00,2024-08-02 10:00:00+00:00,-1,1
ab4693288a737f5b63f6,45,60,test,2024-08-02 15:00:00+00:00,2024-08-02 18:00:00+00:00,-1,3
9189d0ec923f00837320,45,60,test,2024-08-05 08:00:00+00:00,2024-08-05 12:00:00+00:00,1,1
2e0f9818a3502442d14d,45,60,test,2024-08-05 14:00:00+00:00,2024-08-05 18:00:00+00:00,-1,3
4f955241572bceef0496,45,60,test,2024-08-07 11:00:00+00:00,2024-08-07 16:00:00+00:00,1,1
59687ae05051016e9df3,45,60,test,2024-08-07 19:00:00+00:00,2024-08-08 00:00:00+00:00,-1,0
f73b30b8a2fe2a4ddc49,45,60,test,2024-08-08 16:00:00+00:00,2024-08-08 18:00:00+00:00,1,2
5a33124f1d7fe716b49c,45,60,test,2024-08-12 00:00:00+00:00,2024-08-12 04:00:00+00:00,1,2
850421b937228fdfb692,45,60,test,2024-08-12 05:00:00+00:00,2024-08-12 07:00:00+00:00,1,3
9853401bc0ac6e283f38,45,60,test,2024-08-12 08:00:00+00:00,2024-08-12 11:00:00+00:00,-1,2
87d19af1cbe3e91afaf5,45,60,test,2024-08-12 12:00:00+00:00,2024-08-12 15:00:00+00:00,-1,3
9c460c3b2c5c378b0883,45,60,test,2024-08-12 23:00:00+00:00,2024-08-13 01:00:00+00:00,1,2
67af6110ed7c099bccb0,45,60,test,2024-08-13 06:00:00+00:00,2024-08-13 08:00:00+00:00,-1,3
5774c297c1e995bfa210,45,60,test,2024-08-14 00:00:00+00:00,2024-08-14 03:00:00+00:00,-1,2
335622e69a8cf522045b,45,60,test,2024-08-14 04:00:00+00:00,2024-08-14 10:00:00+00:00,1,3
1180e344db7d7bc7db5b,45,60,test,2024-08-14 12:00:00+00:00,2024-08-14 14:00:00+00:00,-1,3
73fb3abb0ebce5451ed3,45,60,test,2024-08-15 16:00:00+00:00,2024-08-15 18:00:00+00:00,1,2
af9af7ade5052c7ce96a,45,60,test,2024-08-16 16:00:00+00:00,2024-08-16 18:00:00+00:00,-1,2
ff10258664ed2d9f6f89,45,60,test,2024-08-17 03:00:00+00:00,2024-08-17 05:00:00+00:00,0,3
5874fa58b92c7d093e99,45,60,test,2024-08-17 17:00:00+00:00,2024-08-17 21:00:00+00:00,1,1
5cbe3527e6bdf99c753d,45,60,test,2024-08-17 22:00:00+00:00,2024-08-18 01:00:00+00:00,-1,3
9822c1a8613a2f7206b7,46,60,train,2024-02-27 21:00:00+00:00,2024-02-28 01:00:00+00:00,-1,2
6f2b3a5966cb98a76dce,46,60,train,2024-02-28 16:00:00+00:00,2024-02-28 18:00:00+00:00,1,2
3f3add09a5d1ab12f503,46,60,train,2024-02-28 19:00:00+00:00,2024-02-29 00:00:00+00:00,-1,3
93d35a82bd088188e95e,46,60,train,2024-03-03 14:00:00+00:00,2024-03-03 16:00:00+00:00,1,1
d1ccb723005585f678e8,46,60,train,2024-03-03 17:00:00+00:00,2024-03-03 22:00:00+00:00,1,1
4f0de703c756dd033bf8,46,60,train,2024-03-04 22:00:00+00:00,2024-03-05 00:00:00+00:00,1,2
98139f604bb4e004ddc5,46,60,train,2024-03-13 21:00:00+00:00,2024-03-13 23:00:00+00:00,1,2
e75c0de44aa8c1a1f36a,46,60,train,2024-03-14 00:00:00+00:00,2024-03-14 05:00:00+00:00,-1,0
0b236c312db9958eb86a,46,60,train,2024-03-14 06:00:00+00:00,2024-03-14 09:00:00+00:00,1,2
00828e95073af0da0bd0,46,60,train,2024-03-15 21:00:00+00:00,2024-03-16 09:00:00+00:00,-1,2
7ea4502853f4752ce5b8,46,60,train,2024-03-16 11:00:00+00:00,2024-03-16 13:00:00+00:00,1,2
e7c3368470746123e954,46,60,train,2024-03-23 19:00:00+00:00,2024-03-23 22:00:00+00:00,1,3
5c66b0051d2a7823181b,46,60,train,2024-03-23 23:00:00+00:00,2024-03-24 01:00:00+00:00,-1,2
ba10ab9a5d77d99c61f6,46,60,train,2024-04-02 00:00:00+00:00,2024-04-02 06:00:00+00:00,-1,0
da9696e43923f20da4e3,46,60,validation,2024-07-08 20:00:00+00:00,2024-07-08 22:00:00+00:00,1,3
f49270a630b504234072,46,60,validation,2024-07-08 23:00:00+00:00,2024-07-09 01:00:00+00:00,-1,2
13f473fc69a43e7dc36e,46,60,validation,2024-07-12 06:00:00+00:00,2024-07-12 09:00:00+00:00,-1,2
0d389248163271dcdd30,46,60,validation,2024-07-12 10:00:00+00:00,2024-07-12 14:00:00+00:00,-1,3
652fdbcdfd33a7cea751,46,60,test,2024-07-13 23:00:00+00:00,2024-07-14 01:00:00+00:00,1,3
f7a611a75f77617f2bc0,46,60,test,2024-07-14 05:00:00+00:00,2024-07-14 07:00:00+00:00,1,3
234bfa8743cecd301968,46,60,test,2024-07-14 10:00:00+00:00,2024-07-14 19:00:00+00:00,1,1
513c58c136eca396b7c1,46,60,test,2024-07-14 20:00:00+00:00,2024-07-15 00:00:00+00:00,1,0
c569ed23d206cf2d680d,46,60,test,2024-07-15 03:00:00+00:00,2024-07-15 05:00:00+00:00,1,3
3048528f77b61c960493,46,60,test,2024-07-15 06:00:00+00:00,2024-07-15 09:00:00+00:00,-1,2
3b2ad7ff1f6a2636b297,46,60,test,2024-07-15 10:00:00+00:00,2024-07-15 14:00:00+00:00,-1,3
501caddfa6b11dc363ea,46,60,test,2024-07-16 15:00:00+00:00,2024-07-16 19:00:00+00:00,-1,2
7a53e7e1ac7f784a3fb4,46,60,test,2024-07-16 23:00:00+00:00,2024-07-17 01:00:00+00:00,1,3
48e94b55ff2ba302dfe5,46,60,test,2024-07-17 05:00:00+00:00,2024-07-17 07:00:00+00:00,1,3
2de8bc8200fef9ab665f,46,60,test,2024-07-17 14:00:00+00:00,2024-07-17 17:00:00+00:00,-1,2
ed1cc7b0c531c3ea94d6,46,60,test,2024-07-17 18:00:00+00:00,2024-07-17 21:00:00+00:00,1,3
a34ead44c5e540b59094,46,60,test,2024-07-19 11:00:00+00:00,2024-07-19 14:00:00+00:00,0,3
005c401325b922d5b7db,46,60,test,2024-07-20 11:00:00+00:00,2024-07-20 13:00:00+00:00,-1,2
e495ada9727d58b4bea9,46,60,test,2024-07-20 15:00:00+00:00,2024-07-20 17:00:00+00:00,-1,3
4e10640551f457331af8,46,60,test,2024-07-21 08:00:00+00:00,2024-07-21 10:00:00+00:00,-1,2
df26a65b37358e6ce80d,46,60,test,2024-07-21 14:00:00+00:00,2024-07-21 16:00:00+00:00,1,2
d6d5c3149ce45586fea6,46,60,test,2024-07-22 06:00:00+00:00,2024-07-22 13:00:00+00:00,-1,2
ab30411c1f8ebdf71ae2,46,60,test,2024-07-22 17:00:00+00:00,2024-07-22 19:00:00+00:00,-1,3
ab21e4a2b6fe3304708f,46,60,test,2024-07-23 08:00:00+00:00,2024-07-23 11:00:00+00:00,1,2
06465eb9f2161ce1c3aa,46,60,test,2024-07-23 12:00:00+00:00,2024-07-23 16:00:00+00:00,-1,3
519c54376e1cb00e12c4,46,60,test,2024-07-23 17:00:00+00:00,2024-07-23 20:00:00+00:00,-1,2
35a1814cfb817a32d78d,46,60,test,2024-07-24 18:00:00+00:00,2024-07-24 20:00:00+00:00,-1,2
7db1bd1cefb4a5ed9191,46,60,test,2024-07-25 20:00:00+00:00,2024-07-25 22:00:00+00:00,1,2
675845fc9e84f1b54cad,46,60,test,2024-07-26 00:00:00+00:00,2024-07-26 02:00:00+00:00,-1,3
c42e3c636fad62a254a6,46,60,test,2024-07-26 16:00:00+00:00,2024-07-26 18:00:00+00:00,1,2
639bc32dba2af7dc8f4b,46,60,test,2024-07-26 20:00:00+00:00,2024-07-26 22:00:00+00:00,-1,3
41d21c8e7d8fa01d9a29,46,60,test,2024-07-27 05:00:00+00:00,2024-07-27 13:00:00+00:00,-1,0
89c7b4513ebd58adb398,46,60,test,2024-07-28 12:00:00+00:00,2024-07-28 20:00:00+00:00,-1,0
c468096290735e0f3db1,46,60,test,2024-07-29 07:00:00+00:00,2024-07-29 17:00:00+00:00,-1,2
712199773ac11d4228a2,46,60,test,2024-07-30 13:00:00+00:00,2024-07-30 16:00:00+00:00,1,1
121fca3b365448e1f9a0,46,60,test,2024-07-30 17:00:00+00:00,2024-07-30 20:00:00+00:00,1,3
c5a5b58c01adb2405e72,46,60,test,2024-08-01 01:00:00+00:00,2024-08-01 03:00:00+00:00,1,2
d89b62545780ef8093e7,46,60,test,2024-08-01 05:00:00+00:00,2024-08-01 09:00:00+00:00,-1,0
dea0ca78efeea649ed1c,46,60,test,2024-08-02 08:00:00+00:00,2024-08-02 13:00:00+00:00,-1,0
942b68b1aa99fcb5bbe4,46,60,test,2024-08-02 14:00:00+00:00,2024-08-02 17:00:00+00:00,-1,3
f414ca09a1ffcde1e00d,46,60,test,2024-08-05 10:00:00+00:00,2024-08-05 12:00:00+00:00,-1,2
daf10468bd983cdacea2,46,60,test,2024-08-05 14:00:00+00:00,2024-08-05 16:00:00+00:00,0,3
a0bf36a0391570834851,46,60,test,2024-08-07 11:00:00+00:00,2024-08-07 15:00:00+00:00,-1,2
6b39d17d24848da27551,46,60,test,2024-08-07 16:00:00+00:00,2024-08-07 19:00:00+00:00,1,2
41635135cdeccf22c4d5,46,60,test,2024-08-07 20:00:00+00:00,2024-08-08 00:00:00+00:00,-1,3
f05bc0d3082ea7d760e0,46,60,test,2024-08-08 08:00:00+00:00,2024-08-08 11:00:00+00:00,1,2
eb3418d63a2f8862f9c1,46,60,test,2024-08-08 12:00:00+00:00,2024-08-08 15:00:00+00:00,0,3
b63512ad2aa8790951e6,46,60,test,2024-08-09 03:00:00+00:00,2024-08-09 05:00:00+00:00,-1,2
9c5865c0f76ac0af169f,46,60,test,2024-08-12 02:00:00+00:00,2024-08-12 04:00:00+00:00,-1,2
427ef1d5f576aa392d14,46,60,test,2024-08-12 06:00:00+00:00,2024-08-12 15:00:00+00:00,-1,1
9aaff8ed12460f1a645b,46,60,test,2024-08-12 22:00:00+00:00,2024-08-13 02:00:00+00:00,1,1
e82ec6aa8d29e48afcc1,46,60,test,2024-08-13 04:00:00+00:00,2024-08-13 08:00:00+00:00,-1,3
5f4741d9657c9dc615ab,46,60,test,2024-08-13 23:00:00+00:00,2024-08-14 02:00:00+00:00,1,1
ccf5bc08d5b4b2961f92,46,60,test,2024-08-14 03:00:00+00:00,2024-08-14 06:00:00+00:00,1,3
187c3705f6a914e2d394,47,60,train,2024-02-22 22:00:00+00:00,2024-02-23 00:00:00+00:00,1,2
685a8e1fbd8b8743bdee,47,60,train,2024-02-26 20:00:00+00:00,2024-02-26 22:00:00+00:00,-1,2
7477565478f7ebbba981,47,60,train,2024-02-27 21:00:00+00:00,2024-02-28 01:00:00+00:00,-1,2
c29e466ed0921e2a2c0e,47,60,train,2024-02-28 16:00:00+00:00,2024-02-28 19:00:00+00:00,-1,2
50e25aa8171058d8d93a,47,60,train,2024-02-28 20:00:00+00:00,2024-02-28 23:00:00+00:00,-1,3
e63c53e9542273cee101,47,60,train,2024-03-03 17:00:00+00:00,2024-03-03 22:00:00+00:00,1,1
a99d76a45116301b9b54,47,60,train,2024-03-04 22:00:00+00:00,2024-03-05 00:00:00+00:00,-1,2
60628fd4253418519ef6,47,60,train,2024-03-05 23:00:00+00:00,2024-03-06 01:00:00+00:00,-1,2
963087ca2bd86badda02,47,60,train,2024-03-14 08:00:00+00:00,2024-03-14 11:00:00+00:00,-1,0
c55661da68b44f9330ae,47,60,train,2024-03-14 15:00:00+00:00,2024-03-14 18:00:00+00:00,1,3
b7f4705df9393e544825,47,60,train,2024-03-15 20:00:00+00:00,2024-03-16 06:00:00+00:00,-1,1
ba42508cf284cc708a82,47,60,train,2024-03-16 11:00:00+00:00,2024-03-16 13:00:00+00:00,-1,2
4d6503373c3a6d62a77e,47,60,train,2024-03-17 04:00:00+00:00,2024-03-17 06:00:00+00:00,-1,3
dec4cfaad7faf9e5cf4c,47,60,train,2024-03-21 21:00:00+00:00,2024-03-21 23:00:00+00:00,-1,2
3c5531529b1dc1361582,47,60,train,2024-03-27 08:00:00+00:00,2024-03-27 12:00:00+00:00,1,1
f5ac11cbf8d3e08d7ed3,47,60,train,2024-04-02 03:00:00+00:00,2024-04-02 07:00:00+00:00,-1,0
ccdb931b46c9a543646a,47,60,train,2024-04-04 12:00:00+00:00,2024-04-04 18:00:00+00:00,-1,0
a0e28ab31032983b065e,47,60,train,2024-04-04 19:00:00+00:00,2024-04-05 00:00:00+00:00,1,1
15bd05a7c40e987da283,47,60,validation,2024-07-12 08:00:00+00:00,2024-07-12 10:00:00+00:00,-1,2
fea319a7e71647109905,47,60,validation,2024-07-12 11:00:00+00:00,2024-07-12 14:00:00+00:00,-1,3
7655ca78ee07e76230c4,47,60,validation,2024-07-12 19:00:00+00:00,2024-07-12 22:00:00+00:00,1,3
4c711aec750ecdbb7246,47,60,test,2024-07-13 18:00:00+00:00,2024-07-13 20:00:00+00:00,1,2
fc15ba6e3c043d40af4b,47,60,test,2024-07-13 23:00:00+00:00,2024-07-14 01:00:00+00:00,1,3
19a45b0b1b86e24a0322,47,60,test,2024-07-14 05:00:00+00:00,2024-07-14 08:00:00+00:00,1,3
db9c2409f287d4643e89,47,60,test,2024-07-14 12:00:00+00:00,2024-07-14 17:00:00+00:00,1,1
b543ed632509cc203885,47,60,test,2024-07-15 08:00:00+00:00,2024-07-15 10:00:00+00:00,-1,2
57ad29558e99d93f8c1d,47,60,test,2024-07-15 11:00:00+00:00,2024-07-15 14:00:00+00:00,-1,3
b3ba8b2f7172d6c09ca8,47,60,test,2024-07-15 19:00:00+00:00,2024-07-15 22:00:00+00:00,1,3
52fe312512e30dfb283f,47,60,test,2024-07-16 15:00:00+00:00,2024-07-16 20:00:00+00:00,1,1
628141132e9c8422804a,47,60,test,2024-07-16 23:00:00+00:00,2024-07-17 01:00:00+00:00,1,3
598786ca2d57b43c345b,47,60,test,2024-07-17 05:00:00+00:00,2024-07-17 08:00:00+00:00,1,3
d4fd48cc8f30f2eac80c,47,60,test,2024-07-17 15:00:00+00:00,2024-07-17 17:00:00+00:00,-1,2
d86cabb0692127335835,47,60,test,2024-07-17 19:00:00+00:00,2024-07-17 21:00:00+00:00,1,3
55d60ca17fa5862815e4,47,60,test,2024-07-19 08:00:00+00:00,2024-07-19 15:00:00+00:00,-1,0
0b392174cf490518018b,47,60,test,2024-07-20 04:00:00+00:00,2024-07-20 06:00:00+00:00,1,3
bb4c6a1fe033e280c917,47,60,test,2024-07-21 06:00:00+00:00,2024-07-21 10:00:00+00:00,1,1
1e152cef7a7a63442700,47,60,test,2024-07-21 11:00:00+00:00,2024-07-21 15:00:00+00:00,1,3
953cf7185a08e4bb3716,47,60,test,2024-07-21 18:00:00+00:00,2024-07-21 20:00:00+00:00,1,3
5765c61f1ecf4f7dcedf,47,60,test,2024-07-22 06:00:00+00:00,2024-07-22 13:00:00+00:00,1,1
def326fbde4c457cf30f,47,60,test,2024-07-22 14:00:00+00:00,2024-07-22 17:00:00+00:00,-1,3
aabfb45b58996304208d,47,60,test,2024-07-23 17:00:00+00:00,2024-07-24 01:00:00+00:00,-1,0
3d2c746dfbf5ae2d8b55,47,60,test,2024-07-25 20:00:00+00:00,2024-07-25 22:00:00+00:00,1,2
8a0975836c6882700492,47,60,test,2024-07-27 05:00:00+00:00,2024-07-27 13:00:00+00:00,-1,2
74d1c304792c9dc87b0d,47,60,test,2024-07-27 14:00:00+00:00,2024-07-27 16:00:00+00:00,-1,3
b0bfa1ba1950fdbc3826,47,60,test,2024-07-28 08:00:00+00:00,2024-07-28 10:00:00+00:00,-1,2
0cc5f3f5187205500332,47,60,test,2024-07-28 12:00:00+00:00,2024-07-28 20:00:00+00:00,-1,0
4b5b8a93510b34fe5da1,47,60,test,2024-07-29 08:00:00+00:00,2024-07-29 12:00:00+00:00,-1,2
bb15f6e929daa8fbf8ac,47,60,test,2024-07-29 14:00:00+00:00,2024-07-29 17:00:00+00:00,-1,3
f04705c4fe7ad5961476,47,60,test,2024-07-30 09:00:00+00:00,2024-07-30 12:00:00+00:00,1,1
1019421743fda1f2b732,47,60,test,2024-07-30 17:00:00+00:00,2024-07-30 20:00:00+00:00,1,3
2090e66fdf7507ca0058,47,60,test,2024-07-31 14:00:00+00:00,2024-07-31 16:00:00+00:00,1,1
d4f15cbe83a77de9c95a,47,60,test,2024-07-31 18:00:00+00:00,2024-07-31 20:00:00+00:00,-1,3
6af3cdb715fef16adfd7,47,60,test,2024-07-31 22:00:00+00:00,2024-08-01 00:00:00+00:00,-1,2
2dfd98ca0fda4b24dd44,47,60,test,2024-08-01 06:00:00+00:00,2024-08-01 10:00:00+00:00,-1,0
fd4c95a5f444af5b2263,47,60,test,2024-08-02 07:00:00+00:00,2024-08-02 10:00:00+00:00,-1,2
417a74d3a039b05e9bf5,47,60,test,2024-08-02 15:00:00+00:00,2024-08-02 17:00:00+00:00,-1,3
02cc39956fb946e1bf6a,47,60,test,2024-08-05 08:00:00+00:00,2024-08-05 12:00:00+00:00,-1,2
76cadc7f937be6b87f73,47,60,test,2024-08-05 16:00:00+00:00,2024-08-05 19:00:00+00:00,-1,3
649048b59b881e501d47,47,60,test,2024-08-07 13:00:00+00:00,2024-08-08 00:00:00+00:00,-1,2
c2acbb8628485c7c3b69,47,60,test,2024-08-08 08:00:00+00:00,2024-08-08 11:00:00+00:00,1,2
cf515ee9d03b1d9eb648,47,60,test,2024-08-08 12:00:00+00:00,2024-08-08 15:00:00+00:00,0,3
a3d1a81dad59685bb418,47,60,test,2024-08-12 02:00:00+00:00,2024-08-12 04:00:00+00:00,-1,2
66f318dcc2e1590d4697,47,60,test,2024-08-12 06:00:00+00:00,2024-08-12 10:00:00+00:00,1,1
be35bab93029a4107b5f,47,60,test,2024-08-12 11:00:00+00:00,2024-08-12 14:00:00+00:00,-1,3
a8f852642ddf30311990,47,60,test,2024-08-12 23:00:00+00:00,2024-08-13 01:00:00+00:00,1,2
04d6caba4d22f144d378,47,60,test,2024-08-13 04:00:00+00:00,2024-08-13 09:00:00+00:00,-1,0
54e51787ba44a8b40c8c,47,60,test,2024-08-14 05:00:00+00:00,2024-08-14 07:00:00+00:00,-1,3
7e3f425541badce4b162,47,60,test,2024-08-14 08:00:00+00:00,2024-08-14 10:00:00+00:00,-1,2
e259f2d6349aedf3e0c7,47,60,test,2024-08-14 12:00:00+00:00,2024-08-14 14:00:00+00:00,1,3
e68e174d879ee910a762,48,60,train,2024-02-22 21:00:00+00:00,2024-02-23 00:00:00+00:00,1,2
ddf837d208cae117818f,48,60,train,2024-02-26 22:00:00+00:00,2024-02-27 00:00:00+00:00,1,2
e2a0501241957706fd75,48,60,train,2024-02-27 21:00:00+00:00,2024-02-28 00:00:00+00:00,-1,2
e3293d8ac280d5e4cf2d,48,60,train,2024-02-28 16:00:00+00:00,2024-02-28 19:00:00+00:00,1,2
a4e875e0232a4675ef63,48,60,train,2024-02-28 20:00:00+00:00,2024-02-28 23:00:00+00:00,-1,3
cb5d43d8d20d56bbc92c,48,60,train,2024-03-03 14:00:00+00:00,2024-03-03 16:00:00+00:00,1,2
2aa2fff3ba235d696227,48,60,train,2024-03-03 17:00:00+00:00,2024-03-03 22:00:00+00:00,1,1
66807186a054f786db13,48,60,train,2024-03-04 22:00:00+00:00,2024-03-05 00:00:00+00:00,-1,2
48dec7a659ae6c5a2086,48,60,train,2024-03-14 15:00:00+00:00,2024-03-14 18:00:00+00:00,-1,3
9e9fa91e1cbaf00d6449,48,60,train,2024-03-15 20:00:00+00:00,2024-03-16 01:00:00+00:00,1,1
43a5a6cd8b1829b32ccf,48,60,train,2024-03-16 02:00:00+00:00,2024-03-16 06:00:00+00:00,-1,3
f0287914b89d084721a8,48,60,train,2024-03-16 11:00:00+00:00,2024-03-16 13:00:00+00:00,1,2
fb1eaf844e6d137a99ad,48,60,train,2024-03-21 21:00:00+00:00,2024-03-22 00:00:00+00:00,-1,2
957f1b2ebc9f014b0a41,48,60,train,2024-04-04 16:00:00+00:00,2024-04-04 18:00:00+00:00,1,3
4459bef9fe40c39b80bf,48,60,validation,2024-07-12 18:00:00+00:00,2024-07-12 21:00:00+00:00,-1,3
5e6c57576f3a9869a1fe,48,60,test,2024-07-13 18:00:00+00:00,2024-07-13 20:00:00+00:00,1,2
55a065d52788b373ff80,48,60,test,2024-07-13 21:00:00+00:00,2024-07-14 01:00:00+00:00,-1,0
019f56882d2568e5167c,48,60,test,2024-07-14 04:00:00+00:00,2024-07-14 08:00:00+00:00,1,3
ddeb08cc3439a1420127,48,60,test,2024-07-14 09:00:00+00:00,2024-07-14 15:00:00+00:00,1,1
9a421698c1083872bcce,48,60,test,2024-07-14 21:00:00+00:00,2024-07-14 23:00:00+00:00,-1,3
1d5703e4060ba96e7229,48,60,test,2024-07-15 18:00:00+00:00,2024-07-15 21:00:00+00:00,-1,3
e4ec7cc10522f49d261a,48,60,test,2024-07-16 15:00:00+00:00,2024-07-16 20:00:00+00:00,1,1
9e82f4fee18dcf642469,48,60,test,2024-07-16 21:00:00+00:00,2024-07-17 01:00:00+00:00,-1,0
8865ad21d9928ed10a5c,48,60,test,2024-07-17 04:00:00+00:00,2024-07-17 08:00:00+00:00,1,3
a4a5e0b81711d36b52ae,48,60,test,2024-07-17 15:00:00+00:00,2024-07-17 17:00:00+00:00,-1,2
bc4cd363b56fe2baea28,48,60,test,2024-07-17 19:00:00+00:00,2024-07-17 21:00:00+00:00,1,3
c27afe77ee700be052b5,48,60,test,2024-07-18 14:00:00+00:00,2024-07-18 16:00:00+00:00,1,2
1b45accb2d01faa0f93e,48,60,test,2024-07-18 18:00:00+00:00,2024-07-18 20:00:00+00:00,-1,3
8e30268f51b5e565e74b,48,60,test,2024-07-19 07:00:00+00:00,2024-07-19 10:00:00+00:00,1,2
d35f16533c202fcc13ff,48,60,test,2024-07-19 11:00:00+00:00,2024-07-19 16:00:00+00:00,1,3
58f38fad12b5d931348e,48,60,test,2024-07-19 18:00:00+00:00,2024-07-19 20:00:00+00:00,-1,3
31c00ced5985c2aff66e,48,60,test,2024-07-21 06:00:00+00:00,2024-07-21 08:00:00+00:00,-1,2
46b451236190c2e8922c,48,60,test,2024-07-22 07:00:00+00:00,2024-07-22 10:00:00+00:00,1,2
2007d94c51c0209feefe,48,60,test,2024-07-22 11:00:00+00:00,2024-07-22 13:00:00+00:00,-1,3
594c53087137c702ea84,48,60,test,2024-07-22 15:00:00+00:00,2024-07-22 18:00:00+00:00,-1,3
c8d08d3e1c99a1459ea4,48,60,test,2024-07-23 16:00:00+00:00,2024-07-24 00:00:00+00:00,-1,2
86b9af7db9d6381eb0e4,48,60,test,2024-07-25 06:00:00+00:00,2024-07-25 08:00:00+00:00,-1,3
4e6a1ff436ab1eda05f9,48,60,test,2024-07-25 20:00:00+00:00,2024-07-25 22:00:00+00:00,1,2
01f72c3f56f6a8e6ac17,48,60,test,2024-07-26 01:00:00+00:00,2024-07-26 03:00:00+00:00,-1,3
9245f4e500c7afb3ba6e,48,60,test,2024-07-27 05:00:00+00:00,2024-07-27 14:00:00+00:00,-1,2
a0d65478c3c67699a2be,48,60,test,2024-07-27 15:00:00+00:00,2024-07-27 17:00:00+00:00,-1,3
aa75de2f3b8c52591555,48,60,test,2024-07-28 12:00:00+00:00,2024-07-28 20:00:00+00:00,-1,0
eb31a3123bbe558a92c2,48,60,test,2024-07-29 07:00:00+00:00,2024-07-29 16:00:00+00:00,-1,2
427ab6c22fa4a2579bd8,48,60,test,2024-07-30 06:00:00+00:00,2024-07-30 08:00:00+00:00,-1,2
472bcd885cf895f5e482,48,60,test,2024-07-30 10:00:00+00:00,2024-07-30 12:00:00+00:00,0,3
47924a00cf1fbe1cd14e,48,60,test,2024-07-30 13:00:00+00:00,2024-07-30 16:00:00+00:00,1,1
3a3eba37e12509a4aa71,48,60,test,2024-07-30 17:00:00+00:00,2024-07-30 20:00:00+00:00,1,3
f64da7fdb55576d48ce7,48,60,test,2024-07-31 07:00:00+00:00,2024-07-31 09:00:00+00:00,1,2
286f0ae9f0fdbb99f64e,48,60,test,2024-08-01 01:00:00+00:00,2024-08-01 03:00:00+00:00,1,2
f05b73107d44e169e6dc,48,60,test,2024-08-01 06:00:00+00:00,2024-08-01 09:00:00+00:00,-1,3
058f203a6555dffed7c1,48,60,test,2024-08-02 08:00:00+00:00,2024-08-02 12:00:00+00:00,1,2
ca99a5c5dfb2608e9c20,48,60,test,2024-08-02 13:00:00+00:00,2024-08-02 18:00:00+00:00,-1,0
4d2d056ef010f9aa98f0,48,60,test,2024-08-03 15:00:00+00:00,2024-08-03 17:00:00+00:00,-1,3
370df022d71c4e063b5f,48,60,test,2024-08-05 09:00:00+00:00,2024-08-05 12:00:00+00:00,-1,0
cc0c1c9c0a8592d0c5cc,48,60,test,2024-08-05 13:00:00+00:00,2024-08-05 17:00:00+00:00,-1,0
5e2c73e440a462a27da6,48,60,test,2024-08-07 11:00:00+00:00,2024-08-07 16:00:00+00:00,-1,2
808545e8fca4b23682f9,48,60,test,2024-08-07 18:00:00+00:00,2024-08-08 00:00:00+00:00,-1,0
a1caa70393d67e2a16b5,48,60,test,2024-08-12 00:00:00+00:00,2024-08-12 04:00:00+00:00,1,2
c0bd11eceaeff17e8b35,48,60,test,2024-08-12 05:00:00+00:00,2024-08-12 10:00:00+00:00,1,1
b6ea5e74c083c41744b3,48,60,test,2024-08-12 12:00:00+00:00,2024-08-12 15:00:00+00:00,-1,3
ca703c89905b0519fa79,48,60,test,2024-08-12 22:00:00+00:00,2024-08-13 09:00:00+00:00,-1,2
8be077c9839dc74d0753,48,60,test,2024-08-13 19:00:00+00:00,2024-08-13 21:00:00+00:00,1,3
7a2055dd7261dbc9e390,48,60,test,2024-08-13 23:00:00+00:00,2024-08-14 02:00:00+00:00,1,1
18a1691140bd933411a2,48,60,test,2024-08-14 04:00:00+00:00,2024-08-14 06:00:00+00:00,1,3
001de2a79376fc039f6e,48,60,test,2024-08-14 12:00:00+00:00,2024-08-14 14:00:00+00:00,-1,3
0bd7cd62ee0acc2fa7fc,48,60,test,2024-08-16 18:00:00+00:00,2024-08-16 20:00:00+00:00,1,2
3e0fc508fc2dc8c9c9a3,48,60,test,2024-08-17 02:00:00+00:00,2024-08-17 06:00:00+00:00,-1,3
1128be64395176a25f9e,49,60,train,2024-02-26 21:00:00+00:00,2024-02-26 23:00:00+00:00,1,2
ae0a45904d628f42d92b,49,60,train,2024-02-27 20:00:00+00:00,2024-02-28 01:00:00+00:00,1,1
1bd5d654aa617bced7e5,49,60,train,2024-02-28 17:00:00+00:00,2024-02-28 19:00:00+00:00,1,1
c12309eb53f33739dc1f,49,60,train,2024-02-28 21:00:00+00:00,2024-02-28 23:00:00+00:00,-1,3
86282bb68aefc57c2df9,49,60,train,2024-03-03 14:00:00+00:00,2024-03-03 17:00:00+00:00,-1,2
30803bdf9fe72de87299,49,60,train,2024-03-03 19:00:00+00:00,2024-03-03 22:00:00+00:00,-1,2
4eac595e3ddad08e1dd6,49,60,train,2024-03-04 00:00:00+00:00,2024-03-04 03:00:00+00:00,1,3
2e1efce979786678e7bf,49,60,train,2024-03-04 22:00:00+00:00,2024-03-05 00:00:00+00:00,1,2
8404682d09ebf3e4e29c,49,60,train,2024-03-11 22:00:00+00:00,2024-03-12 01:00:00+00:00,1,2
983b95835255f94ac6db,49,60,train,2024-03-14 09:00:00+00:00,2024-03-14 11:00:00+00:00,-1,3
c91146e821e598e9c072,49,60,train,2024-03-14 12:00:00+00:00,2024-03-14 14:00:00+00:00,1,2
42f69e546cd8001e93c6,49,60,train,2024-03-14 16:00:00+00:00,2024-03-14 18:00:00+00:00,1,3
443b30c6626e9f141740,49,60,train,2024-03-15 02:00:00+00:00,2024-03-15 05:00:00+00:00,1,2
484c87f4c28060af11a7,49,60,train,2024-03-15 20:00:00+00:00,2024-03-16 03:00:00+00:00,1,1
f6b9625dd9fc591565e6,49,60,train,2024-03-21 21:00:00+00:00,2024-03-21 23:00:00+00:00,-1,2
7d548969b443e5666eb8,49,60,train,2024-03-26 07:00:00+00:00,2024-03-26 12:00:00+00:00,1,1
2cfbaadb99a9b1cf65fe,49,60,train,2024-03-29 19:00:00+00:00,2024-03-29 21:00:00+00:00,1,2
7d02a9d163815c7bf255,49,60,train,2024-03-31 15:00:00+00:00,2024-03-31 19:00:00+00:00,-1,2
8b405f4c6871df91c986,49,60,train,2024-03-31 22:00:00+00:00,2024-04-01 00:00:00+00:00,-1,2
a061d884adf5ea506900,49,60,train,2024-04-02 00:00:00+00:00,2024-04-02 02:00:00+00:00,1,2
83292e8f5ca417b13ec8,49,60,validation,2024-07-11 07:00:00+00:00,2024-07-11 12:00:00+00:00,1,1
7ef406b1d80b36465b25,49,60,validation,2024-07-12 10:00:00+00:00,2024-07-12 13:00:00+00:00,-1,0
ad31af8c901f5e9e0a59,49,60,validation,2024-07-12 19:00:00+00:00,2024-07-12 21:00:00+00:00,0,3
b4a1d55e5838db904302,49,60,test,2024-07-13 18:00:00+00:00,2024-07-13 20:00:00+00:00,-1,2
d5e81b2db2e0d32fd559,49,60,test,2024-07-13 21:00:00+00:00,2024-07-14 01:00:00+00:00,-1,0
9020ca8a28d634441bfd,49,60,test,2024-07-14 05:00:00+00:00,2024-07-14 08:00:00+00:00,-1,3
265485649e98454359ce,49,60,test,2024-07-14 10:00:00+00:00,2024-07-14 15:00:00+00:00,1,1
485759888c0557df919d,49,60,test,2024-07-14 17:00:00+00:00,2024-07-14 19:00:00+00:00,1,3
84bf030ed0f0280e54a5,49,60,test,2024-07-15 10:00:00+00:00,2024-07-15 13:00:00+00:00,-1,0
e5e589dfd564b3717990,49,60,test,2024-07-15 19:00:00+00:00,2024-07-15 21:00:00+00:00,0,3
52b1a33aae4bead69426,49,60,test,2024-07-16 16:00:00+00:00,2024-07-16 20:00:00+00:00,1,2
ec828c2ad1909b442c4b,49,60,test,2024-07-16 21:00:00+00:00,2024-07-17 01:00:00+00:00,-1,0
9d51d39cc8d3c4c43f0d,49,60,test,2024-07-17 05:00:00+00:00,2024-07-17 08:00:00+00:00,-1,3
fdbe3776da8cbc66e0ab,49,60,test,2024-07-17 14:00:00+00:00,2024-07-17 17:00:00+00:00,-1,2
ab516ecda839e9658ffc,49,60,test,2024-07-17 18:00:00+00:00,2024-07-17 21:00:00+00:00,1,3
ac8f12a351c1c2a44fcf,49,60,test,2024-07-19 06:00:00+00:00,2024-07-19 08:00:00+00:00,1,2
8f82c93b9ddc8a5ce1c7,49,60,test,2024-07-19 09:00:00+00:00,2024-07-19 12:00:00+00:00,0,3
c5883098a1a5dd8f0de5,49,60,test,2024-07-21 06:00:00+00:00,2024-07-21 08:00:00+00:00,1,2
45139fe73601ae48ca95,49,60,test,2024-07-21 14:00:00+00:00,2024-07-21 21:00:00+00:00,-1,0
44744b9337680d85be46,49,60,test,2024-07-22 06:00:00+00:00,2024-07-22 11:00:00+00:00,1,1
b1bdfeed9c510bae7ee4,49,60,test,2024-07-22 12:00:00+00:00,2024-07-22 18:00:00+00:00,-1,0
07702a6fac9c200252af,49,60,test,2024-07-23 08:00:00+00:00,2024-07-23 10:00:00+00:00,1,1
27a566a3258119ede10b,49,60,test,2024-07-23 21:00:00+00:00,2024-07-23 23:00:00+00:00,1,3
7eb1c5f23a2efeb2c7cf,49,60,test,2024-07-25 20:00:00+00:00,2024-07-25 23:00:00+00:00,-1,2
f8b306522ec0ad708dbc,49,60,test,2024-07-26 00:00:00+00:00,2024-07-26 02:00:00+00:00,-1,3
7923330a8380537ca4f1,49,60,test,2024-07-27 05:00:00+00:00,2024-07-27 13:00:00+00:00,-1,0
5a4449caf84bd20ba200,49,60,test,2024-07-28 12:00:00+00:00,2024-07-28 18:00:00+00:00,-1,0
015b4eb8b728a3e49771,49,60,test,2024-07-29 08:00:00+00:00,2024-07-29 12:00:00+00:00,1,1
85534ac9bf4f782869ac,49,60,test,2024-07-29 13:00:00+00:00,2024-07-29 17:00:00+00:00,-1,3
59ab00d9eb074266c4e2,49,60,test,2024-07-30 06:00:00+00:00,2024-07-30 09:00:00+00:00,1,1
0ae4e125b7c42e2fdf94,49,60,test,2024-07-30 10:00:00+00:00,2024-07-30 16:00:00+00:00,1,3
3abfc9435a323c2b5ad6,49,60,test,2024-07-30 18:00:00+00:00,2024-07-30 20:00:00+00:00,1,3
af137bca432ca0926bbf,49,60,test,2024-07-31 06:00:00+00:00,2024-07-31 15:00:00+00:00,-1,2
ae8857bf4633022b36b8,49,60,test,2024-07-31 21:00:00+00:00,2024-07-31 23:00:00+00:00,1,3
72c5559089e59afbc787,49,60,test,2024-08-01 00:00:00+00:00,2024-08-01 03:00:00+00:00,1,2
63024b92c0786cc8b8ef,49,60,test,2024-08-01 07:00:00+00:00,2024-08-01 11:00:00+00:00,1,3
2cae04ae82e7507d77dc,49,60,test,2024-08-02 06:00:00+00:00,2024-08-02 09:00:00+00:00,1,2
f0650c529740430ea22e,49,60,test,2024-08-02 11:00:00+00:00,2024-08-02 13:00:00+00:00,-1,0
9f528bc3f341182cc0d7,49,60,test,2024-08-02 14:00:00+00:00,2024-08-02 17:00:00+00:00,-1,3
4c80880aa3e62d84f1e2,49,60,test,2024-08-05 08:00:00+00:00,2024-08-05 10:00:00+00:00,1,2
3c7db4c1a1cc51d0cda0,49,60,test,2024-08-05 15:00:00+00:00,2024-08-05 17:00:00+00:00,1,3
288facfaf093434d59f9,49,60,test,2024-08-07 11:00:00+00:00,2024-08-07 15:00:00+00:00,1,2
8d7fcf158ad13506441c,49,60,test,2024-08-07 19:00:00+00:00,2024-08-08 00:00:00+00:00,-1,0
44e5e1e7e545699de723,49,60,test,2024-08-08 08:00:00+00:00,2024-08-08 11:00:00+00:00,1,2
995e65f2cde95ac7edc1,49,60,test,2024-08-08 12:00:00+00:00,2024-08-08 15:00:00+00:00,0,3
255dca0360211213bf1c,49,60,test,2024-08-08 16:00:00+00:00,2024-08-08 19:00:00+00:00,-1,2
f9efcad09d440195a3f9,49,60,test,2024-08-08 20:00:00+00:00,2024-08-08 23:00:00+00:00,-1,3
1428a0423668f319578d,49,60,test,2024-08-09 03:00:00+00:00,2024-08-09 07:00:00+00:00,1,2
02d3345e39569dfede4e,49,60,test,2024-08-12 00:00:00+00:00,2024-08-12 04:00:00+00:00,1,2
1a6cbaa3f41efc3011fa,49,60,test,2024-08-12 05:00:00+00:00,2024-08-12 07:00:00+00:00,1,3
b966230cb8596b869ba5,49,60,test,2024-08-12 08:00:00+00:00,2024-08-12 14:00:00+00:00,-1,0
c8d77d3f649dba76177b,49,60,test,2024-08-12 20:00:00+00:00,2024-08-12 22:00:00+00:00,-1,2
046575300724056f8f9c,49,60,test,2024-08-12 23:00:00+00:00,2024-08-13 03:00:00+00:00,-1,2
4a18004b38f3fe0102f8,49,60,test,2024-08-13 05:00:00+00:00,2024-08-13 09:00:00+00:00,-1,3
7ef7c92efe6d713031bf,49,60,test,2024-08-13 23:00:00+00:00,2024-08-14 02:00:00+00:00,1,1
22af4b0fe991a18af56b,49,60,test,2024-08-14 03:00:00+00:00,2024-08-14 06:00:00+00:00,-1,3
a07b11770c94d5766ed9,49,60,test,2024-08-14 08:00:00+00:00,2024-08-14 10:00:00+00:00,-1,2
797f3d104b96dd1b0ba7,49,60,test,2024-08-14 12:00:00+00:00,2024-08-14 14:00:00+00:00,-1,3
9ccdb0759a71df545883,49,60,test,2024-08-17 03:00:00+00:00,2024-08-17 05:00:00+00:00,-1,3
8b74e7c04c40c0cc2303,50,60,train,2024-02-26 22:00:00+00:00,2024-02-27 03:00:00+00:00,1,2
684f24083cd3cb3c2b32,50,60,train,2024-02-27 20:00:00+00:00,2024-02-28 01:00:00+00:00,1,1
8e3f30403d1713e2c67e,50,60,train,2024-02-28 17:00:00+00:00,2024-02-28 19:00:00+00:00,1,2
31f4a2c67142b151d638,50,60,train,2024-02-28 21:00:00+00:00,2024-02-28 23:00:00+00:00,-1,3
f6606abd3abc48d8090b,50,60,train,2024-03-03 14:00:00+00:00,2024-03-03 17:00:00+00:00,-1,2
8f2fce90fcd994fdcd7d,50,60,train,2024-03-03 18:00:00+00:00,2024-03-03 22:00:00+00:00,1,2
e6bdb2728c0c9e46ad39,50,60,train,2024-03-04 22:00:00+00:00,2024-03-05 00:00:00+00:00,1,2
2fb229c0e9ce1bb23a03,50,60,train,2024-03-11 22:00:00+00:00,2024-03-12 01:00:00+00:00,1,2
4f421fc5842a1d7825ce,50,60,train,2024-03-14 16:00:00+00:00,2024-03-14 18:00:00+00:00,1,3
5b80ef72b5049a6d20e8,50,60,train,2024-03-15 02:00:00+00:00,2024-03-15 05:00:00+00:00,1,2
46884eff0cb5b4b5bb6b,50,60,train,2024-03-15 21:00:00+00:00,2024-03-16 06:00:00+00:00,-1,2
c876c148fdadbe33b6ca,50,60,train,2024-03-16 07:00:00+00:00,2024-03-16 09:00:00+00:00,-1,3
538b40bcf082adfc3ad6,50,60,train,2024-03-26 07:00:00+00:00,2024-03-26 09:00:00+00:00,-1,3
a29484f534a515b829d5,50,60,train,2024-03-27 08:00:00+00:00,2024-03-27 11:00:00+00:00,-1,2
4b8060c60b5a3d648683,50,60,train,2024-04-04 15:00:00+00:00,2024-04-04 17:00:00+00:00,-1,0
39565f043b73fd576915,50,60,validation,2024-07-11 07:00:00+00:00,2024-07-11 09:00:00+00:00,-1,3
f4a71bc29682bb4702ad,50,60,validation,2024-07-12 10:00:00+00:00,2024-07-12 13:00:00+00:00,1,3
68427bdf7d0283312859,50,60,test,2024-07-13 23:00:00+00:00,2024-07-14 02:00:00+00:00,1,3
62ebfe938180ae220787,50,60,test,2024-07-14 03:00:00+00:00,2024-07-14 09:00:00+00:00,-1,0
ab7e8b0d02ce0f43ff34,50,60,test,2024-07-14 11:00:00+00:00,2024-07-14 17:00:00+00:00,1,1
5ead348afe949618fa0e,50,60,test,2024-07-15 10:00:00+00:00,2024-07-15 13:00:00+00:00,1,3
5f8acd3a687702912eb9,50,60,test,2024-07-16 15:00:00+00:00,2024-07-16 20:00:00+00:00,1,1
e9085a0791b807cbc802,50,60,test,2024-07-16 21:00:00+00:00,2024-07-17 02:00:00+00:00,-1,0
8f11553bb0f1147a1c7c,50,60,test,2024-07-17 03:00:00+00:00,2024-07-17 09:00:00+00:00,-1,0
362ed05b784241e04349,50,60,test,2024-07-19 12:00:00+00:00,2024-07-19 14:00:00+00:00,0,3
17a9f0213c0368539946,50,60,test,2024-07-20 11:00:00+00:00,2024-07-20 14:00:00+00:00,-1,2
75ef09621c43eeef6fe1,50,60,test,2024-07-20 15:00:00+00:00,2024-07-20 18:00:00+00:00,-1,3
91231f4a5b3a20403dde,50,60,test,2024-07-21 18:00:00+00:00,2024-07-21 20:00:00+00:00,1,3
18b66642d7b3ff7fe891,50,60,test,2024-07-22 07:00:00+00:00,2024-07-22 13:00:00+00:00,-1,2
dc11e9215c030a68c317,50,60,test,2024-07-22 14:00:00+00:00,2024-07-22 20:00:00+00:00,-1,0
023775616577ef102294,50,60,test,2024-07-23 08:00:00+00:00,2024-07-23 10:00:00+00:00,1,2
3ea316150f948317382a,50,60,test,2024-07-23 12:00:00+00:00,2024-07-23 16:00:00+00:00,-1,3
db5dde2425c045a2033f,50,60,test,2024-07-27 04:00:00+00:00,2024-07-27 14:00:00+00:00,-1,1
890f10cc9e9ad6d496e6,50,60,test,2024-07-28 08:00:00+00:00,2024-07-28 10:00:00+00:00,-1,2
bc63984cd7d9a3aac9e8,50,60,test,2024-07-28 13:00:00+00:00,2024-07-28 15:00:00+00:00,-1,2
b81e689920506943ae4e,50,60,test,2024-07-28 16:00:00+00:00,2024-07-28 19:00:00+00:00,-1,3
090f0386bf4d8ee9b8f0,50,60,test,2024-07-29 08:00:00+00:00,2024-07-29 12:00:00+00:00,1,1
198a32ed0ed2963f47b1,50,60,test,2024-07-29 13:00:00+00:00,2024-07-29 17:00:00+00:00,-1,3
7be31a6b3cac79da953b,50,60,test,2024-07-30 13:00:00+00:00,2024-07-30 16:00:00+00:00,1,1
add102fcaee769951245,50,60,test,2024-07-30 17:00:00+00:00,2024-07-30 20:00:00+00:00,-1,3
147c195f240badfeb240,50,60,test,2024-07-31 06:00:00+00:00,2024-07-31 08:00:00+00:00,-1,2
90f6707aad59fd584212,50,60,test,2024-07-31 10:00:00+00:00,2024-07-31 12:00:00+00:00,1,3
9a77b8eceb234b078c0d,50,60,test,2024-07-31 16:00:00+00:00,2024-07-31 19:00:00+00:00,-1,2
99a7635c0b262abed5ea,50,60,test,2024-07-31 20:00:00+00:00,2024-07-31 23:00:00+00:00,1,3
fbe2c3e2cc5958146d70,50,60,test,2024-08-01 07:00:00+00:00,2024-08-01 11:00:00+00:00,-1,3
cb634eb1b8109e403930,50,60,test,2024-08-02 07:00:00+00:00,2024-08-02 09:00:00+00:00,-1,2
bfb478366f2a71eb6009,50,60,test,2024-08-02 10:00:00+00:00,2024-08-02 12:00:00+00:00,1,1
2c77c9d6c6afb468431f,50,60,test,2024-08-02 15:00:00+00:00,2024-08-02 19:00:00+00:00,-1,3
009cb3d11a54563c533e,50,60,test,2024-08-07 14:00:00+00:00,2024-08-07 18:00:00+00:00,1,2
902a0c7431177874f74b,50,60,test,2024-08-07 19:00:00+00:00,2024-08-08 00:00:00+00:00,-1,0
dabde20acb745d57770b,50,60,test,2024-08-08 12:00:00+00:00,2024-08-08 15:00:00+00:00,0,3
f85333c5a2946392641f,50,60,test,2024-08-09 04:00:00+00:00,2024-08-09 06:00:00+00:00,1,2
45493a32c8ee62092051,50,60,test,2024-08-09 14:00:00+00:00,2024-08-09 16:00:00+00:00,0,3
b7241651db0e61097da1,50,60,test,2024-08-12 00:00:00+00:00,2024-08-12 04:00:00+00:00,1,2
7bdb9315b5ad03eb15ec,50,60,test,2024-08-12 07:00:00+00:00,2024-08-12 15:00:00+00:00,-1,0
07b95c9cdb0c500da40a,50,60,test,2024-08-13 05:00:00+00:00,2024-08-13 09:00:00+00:00,1,3
2ce2e22f87c0e274cc17,50,60,test,2024-08-14 00:00:00+00:00,2024-08-14 03:00:00+00:00,-1,2
aad3870c93fc8b39beb2,50,60,test,2024-08-14 04:00:00+00:00,2024-08-14 10:00:00+00:00,1,3
1e87a9851b8472030ab6,50,60,test,2024-08-14 12:00:00+00:00,2024-08-14 15:00:00+00:00,-1,3
ab914ca168d04ad30b4c,50,60,test,2024-08-15 07:00:00+00:00,2024-08-15 09:00:00+00:00,-1,2
f3be91ed053e1dd8fa6f,50,60,test,2024-08-15 11:00:00+00:00,2024-08-15 13:00:00+00:00,-1,3
b0a3864ca959e299aa2a,51,60,train,2024-02-26 21:00:00+00:00,2024-02-26 23:00:00+00:00,-1,2
e02b274ca53d76c35a4e,51,60,train,2024-02-27 20:00:00+00:00,2024-02-28 01:00:00+00:00,1,1
138cb13040e9c6505358,51,60,train,2024-02-28 17:00:00+00:00,2024-02-28 19:00:00+00:00,1,2
98bf1ec296b6dad380eb,51,60,train,2024-02-28 21:00:00+00:00,2024-02-28 23:00:00+00:00,-1,3
fe11186fc2222109cba9,51,60,train,2024-03-03 14:00:00+00:00,2024-03-03 17:00:00+00:00,-1,2
efbe79eafd78e95b2e26,51,60,train,2024-03-03 18:00:00+00:00,2024-03-03 22:00:00+00:00,1,2
193c78eb5f092cba6580,51,60,train,2024-03-04 22:00:00+00:00,2024-03-05 00:00:00+00:00,1,2
9626e1a5bb3fe5497861,51,60,train,2024-03-14 08:00:00+00:00,2024-03-14 11:00:00+00:00,-1,0
346dc113e356514a50fd,51,60,train,2024-03-14 15:00:00+00:00,2024-03-14 18:00:00+00:00,-1,3
e962d76cf21d40a3555f,51,60,train,2024-03-15 21:00:00+00:00,2024-03-16 02:00:00+00:00,1,1
3b97156d12b45a9751e6,51,60,train,2024-03-16 03:00:00+00:00,2024-03-16 10:00:00+00:00,-1,0
da7beef105cc90120244,51,60,validation,2024-07-12 10:00:00+00:00,2024-07-12 12:00:00+00:00,-1,3
32040737ce5da1d65998,51,60,validation,2024-07-13 15:00:00+00:00,2024-07-13 21:00:00+00:00,1,1
de1a8a990f7717b9cac0,51,60,validation,2024-07-13 22:00:00+00:00,2024-07-14 03:00:00+00:00,1,3
800446c2c3167e7ca67e,51,60,validation,2024-07-14 05:00:00+00:00,2024-07-14 08:00:00+00:00,-1,3
b64e008460c30f0606c3,51,60,validation,2024-07-14 11:00:00+00:00,2024-07-14 15:00:00+00:00,1,2
1dad8505f4cd283f5d6e,51,60,validation,2024-07-15 10:00:00+00:00,2024-07-15 12:00:00+00:00,-1,3
0b8fa112bf235e0c9aee,51,60,validation,2024-07-16 15:00:00+00:00,2024-07-16 21:00:00+00:00,1,1
98107f151dee119c0d50,51,60,validation,2024-07-16 22:00:00+00:00,2024-07-17 03:00:00+00:00,1,3
af16df5b833faaba9fba,51,60,validation,2024-07-17 05:00:00+00:00,2024-07-17 08:00:00+00:00,-1,3
5470f65b4e8dbb2cbcaa,51,60,validation,2024-07-17 14:00:00+00:00,2024-07-17 17:00:00+00:00,-1,0
22e8cbd0238ffa91eb41,51,60,validation,2024-07-17 18:00:00+00:00,2024-07-17 20:00:00+00:00,1,3
081f0c6167cba82f92b4,51,60,test,2024-07-21 07:00:00+00:00,2024-07-21 09:00:00+00:00,1,2
dc396cbedba87f2684f2,51,60,test,2024-07-22 07:00:00+00:00,2024-07-22 15:00:00+00:00,-1,0
7dc892e40ab09dc8f110,51,60,test,2024-07-22 17:00:00+00:00,2024-07-22 19:00:00+00:00,1,3
3700b3ae27b1fc4d63e1,51,60,test,2024-07-23 07:00:00+00:00,2024-07-23 15:00:00+00:00,-1,0
544961f213e89c5cdbaf,51,60,test,2024-07-23 16:00:00+00:00,2024-07-23 18:00:00+00:00,1,1
33de9b316642447d524e,51,60,test,2024-07-23 20:00:00+00:00,2024-07-23 23:00:00+00:00,1,3
3f3e9ff271ce6960de30,51,60,test,2024-07-27 05:00:00+00:00,2024-07-27 13:00:00+00:00,-1,2
892dbc5319b2e1861c0f,51,60,test,2024-07-28 12:00:00+00:00,2024-07-28 18:00:00+00:00,-1,0
5b6f180d472278d9fadb,51,60,test,2024-07-29 09:00:00+00:00,2024-07-29 13:00:00+00:00,1,1
80d35fe93ba9f8a236de,51,60,test,2024-07-29 14:00:00+00:00,2024-07-29 17:00:00+00:00,-1,3
1fef36e9eeee440d929b,51,60,test,2024-07-30 12:00:00+00:00,2024-07-30 16:00:00+00:00,1,1
a02989376d41884b2481,51,60,test,2024-07-30 18:00:00+00:00,2024-07-30 20:00:00+00:00,1,3
e200ea81187e0ca854f0,51,60,test,2024-07-31 11:00:00+00:00,2024-07-31 13:00:00+00:00,-1,2
274a26d829f6cbf7fd6f,51,60,test,2024-08-01 06:00:00+00:00,2024-08-01 08:00:00+00:00,-1,3
f680f0c219a4f82f8a01,51,60,test,2024-08-02 07:00:00+00:00,2024-08-02 09:00:00+00:00,1,2
c05bbaad7b7a49be0036,51,60,test,2024-08-02 14:00:00+00:00,2024-08-02 18:00:00+00:00,1,3
3c8cf638b7c6ae3c72a6,51,60,test,2024-08-05 08:00:00+00:00,2024-08-05 11:00:00+00:00,1,2
60bb686d135901ecf235,51,60,test,2024-08-05 13:00:00+00:00,2024-08-05 16:00:00+00:00,-1,0
3901dc35180f049a24ee,51,60,test,2024-08-07 11:00:00+00:00,2024-08-07 17:00:00+00:00,-1,2
5b680494a6418d6ede4a,51,60,test,2024-08-07 20:00:00+00:00,2024-08-08 00:00:00+00:00,-1,3
9120e606da9365869dab,51,60,test,2024-08-08 08:00:00+00:00,2024-08-08 10:00:00+00:00,1,2
b6d5f7802583fc1c6c1d,51,60,test,2024-08-08 12:00:00+00:00,2024-08-08 15:00:00+00:00,0,3
ae5bc9ea45f97fbdc598,51,60,test,2024-08-12 00:00:00+00:00,2024-08-12 02:00:00+00:00,-1,2
972a59f77491e647ab7e,51,60,test,2024-08-12 03:00:00+00:00,2024-08-12 06:00:00+00:00,1,3
e153c4997a772d9c8c2c,51,60,test,2024-08-12 07:00:00+00:00,2024-08-12 10:00:00+00:00,1,2
97605911d78887acd09e,51,60,test,2024-08-12 11:00:00+00:00,2024-08-12 15:00:00+00:00,-1,3
ca94f8f76e555d74db3f,51,60,test,2024-08-12 20:00:00+00:00,2024-08-12 22:00:00+00:00,-1,2
6dd17ce621cd7e900c3a,51,60,test,2024-08-13 04:00:00+00:00,2024-08-13 08:00:00+00:00,-1,3
0d9b5bc6b63359ee2177,51,60,test,2024-08-13 23:00:00+00:00,2024-08-14 03:00:00+00:00,1,1
f89d15b1f144b4e02419,51,60,test,2024-08-14 04:00:00+00:00,2024-08-14 07:00:00+00:00,-1,3
da4c8223cc43933c6a76,51,60,test,2024-08-14 08:00:00+00:00,2024-08-14 10:00:00+00:00,1,2
c97f988f7e57360b4355,51,60,test,2024-08-14 12:00:00+00:00,2024-08-14 14:00:00+00:00,-1,3
627cd85303455f657857,51,60,test,2024-08-18 13:00:00+00:00,2024-08-18 17:00:00+00:00,1,1
901f0c1e68f385f727d1,51,60,test,2024-08-18 18:00:00+00:00,2024-08-19 01:00:00+00:00,1,1
a81e04aa84e6e89f60ab,51,60,test,2024-08-19 02:00:00+00:00,2024-08-19 05:00:00+00:00,1,3
cbcbf8446e4395d8d617,51,60,test,2024-08-19 06:00:00+00:00,2024-08-19 09:00:00+00:00,-1,2
4e50df55ea7e1afe2168,51,60,test,2024-08-19 19:00:00+00:00,2024-08-19 23:00:00+00:00,1,3
5ff2a10e18373fd39046,51,60,test,2024-08-20 00:00:00+00:00,2024-08-20 02:00:00+00:00,-1,2
d6731c1c36f0ee8513f7,51,60,test,2024-08-20 04:00:00+00:00,2024-08-20 07:00:00+00:00,-1,0
17560079345f3c6fe25e,51,60,test,2024-08-20 10:00:00+00:00,2024-08-20 21:00:00+00:00,-1,0
a8962484dcbdf7ae34f8,51,60,test,2024-08-22 00:00:00+00:00,2024-08-22 03:00:00+00:00,1,2
570b862e9d6970db5973,51,60,test,2024-08-22 04:00:00+00:00,2024-08-22 07:00:00+00:00,-1,3
19cb65d201c363d527fc,51,60,test,2024-08-23 12:00:00+00:00,2024-08-23 15:00:00+00:00,-1,2
56cad1a98fc5e80b7100,51,60,test,2024-08-23 16:00:00+00:00,2024-08-23 19:00:00+00:00,-1,3
46d4e66ceb4b115e5f92,52,60,train,2024-02-27 20:00:00+00:00,2024-02-28 01:00:00+00:00,1,1
69860a39b586186bb83a,52,60,train,2024-02-28 17:00:00+00:00,2024-02-28 19:00:00+00:00,-1,2
cda8a0b8c3a242005548,52,60,train,2024-02-28 21:00:00+00:00,2024-02-28 23:00:00+00:00,-1,3
906afc42a52fbaba2489,52,60,train,2024-03-03 14:00:00+00:00,2024-03-03 17:00:00+00:00,-1,2
e09f6b74c6ee81bc54b8,52,60,train,2024-03-03 18:00:00+00:00,2024-03-03 22:00:00+00:00,1,2
d2a859f886132e9b6865,52,60,train,2024-03-04 00:00:00+00:00,2024-03-04 03:00:00+00:00,-1,3
5cb4a63ce6c9ce3560d1,52,60,train,2024-03-04 22:00:00+00:00,2024-03-05 00:00:00+00:00,1,2
9fea95d1242be266aa94,52,60,train,2024-03-05 02:00:00+00:00,2024-03-05 06:00:00+00:00,-1,3
0f942564dc67334b3dd9,52,60,train,2024-03-11 22:00:00+00:00,2024-03-12 01:00:00+00:00,1,2
8ba5c8f37baa335f9ab0,52,60,train,2024-03-14 08:00:00+00:00,2024-03-14 11:00:00+00:00,-1,0
9b5e09b155261f190fbd,52,60,train,2024-03-14 16:00:00+00:00,2024-03-14 18:00:00+00:00,-1,3
6be6176433b35dfc97ab,52,60,train,2024-03-15 02:00:00+00:00,2024-03-15 05:00:00+00:00,1,2
3ef028a20226a0f1bd06,52,60,train,2024-03-15 21:00:00+00:00,2024-03-16 06:00:00+00:00,-1,2
f7a359dc0e2ffe552baa,52,60,train,2024-03-17 00:00:00+00:00,2024-03-17 02:00:00+00:00,-1,2
d3cf09c937335ba96432,52,60,train,2024-03-17 04:00:00+00:00,2024-03-17 06:00:00+00:00,-1,3
60f80ae1e37c13f00ffc,52,60,train,2024-03-26 02:00:00+00:00,2024-03-26 04:00:00+00:00,1,1
85ce65599572f3e7940b,52,60,train,2024-04-04 15:00:00+00:00,2024-04-04 18:00:00+00:00,-1,0
6ff4060c3dc5cf311b70,52,60,validation,2024-07-11 02:00:00+00:00,2024-07-11 04:00:00+00:00,1,1
58ff3aad9956691b5b5e,52,60,validation,2024-07-13 15:00:00+00:00,2024-07-13 19:00:00+00:00,1,1
1b71766bceee4cb1ad20,52,60,validation,2024-07-13 21:00:00+00:00,2024-07-14 01:00:00+00:00,-1,0
4a5e4f1aec367303afa5,52,60,validation,2024-07-14 05:00:00+00:00,2024-07-14 08:00:00+00:00,1,3
4dd2b7742f315498f1a5,52,60,validation,2024-07-14 10:00:00+00:00,2024-07-14 15:00:00+00:00,1,1
84799e607266b0d177da,52,60,validation,2024-07-14 17:00:00+00:00,2024-07-14 19:00:00+00:00,-1,3
4c081057daa1f9237bf5,52,60,validation,2024-07-16 15:00:00+00:00,2024-07-16 19:00:00+00:00,1,1
6c5e98a24cf2c69694c7,52,60,validation,2024-07-16 21:00:00+00:00,2024-07-17 01:00:00+00:00,-1,0
b369554790dfffcd992f,52,60,validation,2024-07-17 05:00:00+00:00,2024-07-17 08:00:00+00:00,1,3
72a2505c452af845485d,52,60,validation,2024-07-17 13:00:00+00:00,2024-07-17 17:00:00+00:00,1,1
e4699d402229376068f0,52,60,validation,2024-07-17 18:00:00+00:00,2024-07-17 21:00:00+00:00,1,3
20587b7558bbe44724a7,52,60,test,2024-07-19 09:00:00+00:00,2024-07-19 15:00:00+00:00,-1,2
5539920f2ebb349aa27f,52,60,test,2024-07-21 07:00:00+00:00,2024-07-21 09:00:00+00:00,-1,2
79f6f82306591ddeb69a,52,60,test,2024-07-21 11:00:00+00:00,2024-07-21 13:00:00+00:00,-1,3
53ee137de04bd7e3b52a,52,60,test,2024-07-21 18:00:00+00:00,2024-07-21 20:00:00+00:00,-1,3
0c5b11d37ba64d5017a4,52,60,test,2024-07-22 06:00:00+00:00,2024-07-22 10:00:00+00:00,1,2
a08460a5ee27c1eecd67,52,60,test,2024-07-22 17:00:00+00:00,2024-07-22 20:00:00+00:00,-1,3
74fe1fa90d89c4d7e7cc,52,60,test,2024-07-23 07:00:00+00:00,2024-07-23 10:00:00+00:00,1,2
81bc51441fa5072f8609,52,60,test,2024-07-23 11:00:00+00:00,2024-07-23 13:00:00+00:00,1,3
81f421d00ae6719e83ab,52,60,test,2024-07-27 04:00:00+00:00,2024-07-27 14:00:00+00:00,-1,1
c66e9378aebbfb219264,52,60,test,2024-07-28 12:00:00+00:00,2024-07-28 21:00:00+00:00,-1,0
79aa7a7f190d72e9cf35,52,60,test,2024-07-29 08:00:00+00:00,2024-07-29 12:00:00+00:00,1,1
187b1b91ef040ae42af0,52,60,test,2024-07-29 13:00:00+00:00,2024-07-29 17:00:00+00:00,-1,3
518b05303a900235e55a,52,60,test,2024-07-30 13:00:00+00:00,2024-07-30 16:00:00+00:00,1,2
434dcf649fe6c56f9438,52,60,test,2024-07-30 17:00:00+00:00,2024-07-30 20:00:00+00:00,1,3
47f16e27717cfec4eca2,52,60,test,2024-08-01 01:00:00+00:00,2024-08-01 03:00:00+00:00,1,1
1d56c518d4ed66e2df99,52,60,test,2024-08-01 06:00:00+00:00,2024-08-01 09:00:00+00:00,-1,3
d6de1e3b7fe8d6abd9c8,52,60,test,2024-08-02 07:00:00+00:00,2024-08-02 09:00:00+00:00,1,2
96484afe2f3d5af5b636,52,60,test,2024-08-02 10:00:00+00:00,2024-08-02 12:00:00+00:00,1,2
fdc84652f7c94aa7db23,52,60,test,2024-08-02 14:00:00+00:00,2024-08-02 18:00:00+00:00,-1,3
fd511dc827b6b1f741f5,52,60,test,2024-08-05 09:00:00+00:00,2024-08-05 11:00:00+00:00,1,2
6e2d01a3c9a2d89c7d45,52,60,test,2024-08-07 11:00:00+00:00,2024-08-07 15:00:00+00:00,-1,1
c0c407f455030b289d11,52,60,test,2024-08-07 16:00:00+00:00,2024-08-07 19:00:00+00:00,1,2
69ca684c10bf20ac4cac,52,60,test,2024-08-07 20:00:00+00:00,2024-08-08 00:00:00+00:00,-1,3
5007f2fca885a0b7dcc7,52,60,test,2024-08-10 06:00:00+00:00,2024-08-10 09:00:00+00:00,-1,2
72fb5f9020ff3651d133,52,60,test,2024-08-10 10:00:00+00:00,2024-08-10 12:00:00+00:00,-1,3
af3f48c240192a596e96,52,60,test,2024-08-12 02:00:00+00:00,2024-08-12 06:00:00+00:00,-1,3
a14437f321da72c23ad6,52,60,test,2024-08-12 07:00:00+00:00,2024-08-12 10:00:00+00:00,-1,0
540ffa01a25fdd254ac9,52,60,test,2024-08-12 11:00:00+00:00,2024-08-12 15:00:00+00:00,-1,3
297d053139565c515c65,52,60,test,2024-08-12 20:00:00+00:00,2024-08-12 22:00:00+00:00,-1,2
fdec6048bce25b4879f2,52,60,test,2024-08-12 23:00:00+00:00,2024-08-13 01:00:00+00:00,1,2
c29a19fa86dd76aee099,52,60,test,2024-08-13 02:00:00+00:00,2024-08-13 09:00:00+00:00,-1,0
bb6741d10b412ce3fd9d,52,60,test,2024-08-13 23:00:00+00:00,2024-08-14 03:00:00+00:00,1,1
cfcb01e9a8855d4941eb,52,60,test,2024-08-14 04:00:00+00:00,2024-08-14 07:00:00+00:00,-1,3
988e87418c9ba7fefc31,52,60,test,2024-08-14 08:00:00+00:00,2024-08-14 10:00:00+00:00,1,2
11341c495033fc86b960,52,60,test,2024-08-14 12:00:00+00:00,2024-08-14 14:00:00+00:00,-1,3
cc8fdfcb46444a528dc9,52,60,test,2024-08-17 03:00:00+00:00,2024-08-17 05:00:00+00:00,0,3
d078998b99115c6e9cb8,52,60,test,2024-08-18 13:00:00+00:00,2024-08-18 18:00:00+00:00,1,1
5a2ccb167fd89378a664,52,60,test,2024-08-19 01:00:00+00:00,2024-08-19 09:00:00+00:00,1,3
45a90c0a052bf1d75031,52,60,test,2024-08-19 19:00:00+00:00,2024-08-19 23:00:00+00:00,1,3
684c734af76403a18726,52,60,test,2024-08-20 00:00:00+00:00,2024-08-20 02:00:00+00:00,1,1
b04c157772bd90ccdf3d,52,60,test,2024-08-20 05:00:00+00:00,2024-08-20 07:00:00+00:00,-1,3
2d73a19465cf6dbc8097,52,60,test,2024-08-20 11:00:00+00:00,2024-08-20 20:00:00+00:00,-1,0
d4a64c95ea592b328038,52,60,test,2024-08-22 01:00:00+00:00,2024-08-22 03:00:00+00:00,1,2
e2ef8beda013cb9a71ab,52,60,test,2024-08-22 05:00:00+00:00,2024-08-22 07:00:00+00:00,0,3
3bf19652d80f970f3a90,52,60,test,2024-08-22 18:00:00+00:00,2024-08-22 20:00:00+00:00,1,2
dad5efecfb3087d7055d,52,60,test,2024-08-23 12:00:00+00:00,2024-08-23 15:00:00+00:00,-1,2
913bd7d6aef59b6cd85b,52,60,test,2024-08-23 16:00:00+00:00,2024-08-23 18:00:00+00:00,1,3
b31b3f2ca340a0203b83,53,60,train,2024-02-27 18:00:00+00:00,2024-02-28 00:00:00+00:00,1,1
5f5db8cdb326d5fe84a4,53,60,train,2024-03-03 14:00:00+00:00,2024-03-03 17:00:00+00:00,-1,2
d0047fca4be950eac8b9,53,60,train,2024-03-03 20:00:00+00:00,2024-03-03 22:00:00+00:00,-1,2
0431574f5f3d400397f6,53,60,train,2024-03-04 22:00:00+00:00,2024-03-05 01:00:00+00:00,1,2
2a532508e98c9f066951,53,60,train,2024-03-14 09:00:00+00:00,2024-03-14 11:00:00+00:00,-1,3
995ffc05bce7db97b8e9,53,60,train,2024-03-14 16:00:00+00:00,2024-03-14 18:00:00+00:00,-1,3
7ab44f80e5a4f992aae6,53,60,train,2024-03-15 21:00:00+00:00,2024-03-16 02:00:00+00:00,1,1
6ac8df522addd71cde0b,53,60,train,2024-03-31 12:00:00+00:00,2024-03-31 14:00:00+00:00,-1,2
994ab7834ad6453c5c1b,53,60,train,2024-03-31 16:00:00+00:00,2024-03-31 18:00:00+00:00,-1,3
fe9ead0c3873362768cd,53,60,validation,2024-07-13 15:00:00+00:00,2024-07-13 19:00:00+00:00,1,2
e5416e7de5f66efc653e,53,60,validation,2024-07-13 21:00:00+00:00,2024-07-14 02:00:00+00:00,-1,0
ebc15effac1dba9935a1,53,60,validation,2024-07-14 05:00:00+00:00,2024-07-14 08:00:00+00:00,-1,3
195a432e737c55ced4f4,53,60,validation,2024-07-16 15:00:00+00:00,2024-07-16 19:00:00+00:00,1,2
662b232e5e0bc3b0b268,53,60,validation,2024-07-16 21:00:00+00:00,2024-07-17 02:00:00+00:00,-1,0
875b66ed94e24ad0921f,53,60,validation,2024-07-17 05:00:00+00:00,2024-07-17 08:00:00+00:00,-1,0
5c65562531dcc5f5e9b7,53,60,validation,2024-07-17 14:00:00+00:00,2024-07-17 18:00:00+00:00,-1,2
61bb34f7d468f478d849,53,60,validation,2024-07-17 19:00:00+00:00,2024-07-17 23:00:00+00:00,-1,3
b043167dac24ff6e721b,53,60,test,2024-07-19 06:00:00+00:00,2024-07-19 09:00:00+00:00,1,1
f01d99bd46cadd0ea22e,53,60,test,2024-07-21 06:00:00+00:00,2024-07-21 08:00:00+00:00,-1,2
94f7ff856c74139ba813,53,60,test,2024-07-21 14:00:00+00:00,2024-07-21 17:00:00+00:00,1,2
89a38619108b929525b9,53,60,test,2024-07-21 18:00:00+00:00,2024-07-21 21:00:00+00:00,1,3
e9818d45cecdc645072e,53,60,test,2024-07-22 06:00:00+00:00,2024-07-22 13:00:00+00:00,-1,2
9b3a8fe238363436941c,53,60,test,2024-07-22 16:00:00+00:00,2024-07-22 19:00:00+00:00,-1,3
e5eda317dd6b744b8980,53,60,test,2024-07-23 08:00:00+00:00,2024-07-23 16:00:00+00:00,-1,0
26fd91213b49f9f62a18,53,60,test,2024-07-24 17:00:00+00:00,2024-07-24 20:00:00+00:00,-1,2
d69e108d9e68e8843c01,53,60,test,2024-07-27 06:00:00+00:00,2024-07-27 14:00:00+00:00,-1,0
885c872a1ad60cb724ec,53,60,test,2024-07-28 14:00:00+00:00,2024-07-28 18:00:00+00:00,-1,0
771ae71b263e7fb6cb37,53,60,test,2024-07-29 08:00:00+00:00,2024-07-29 12:00:00+00:00,1,1
d6ef06fb0011098c7942,53,60,test,2024-07-29 14:00:00+00:00,2024-07-29 17:00:00+00:00,-1,3
0f1e3b178e62ce57a57c,53,60,test,2024-07-30 12:00:00+00:00,2024-07-30 14:00:00+00:00,1,2
9d4fc38ffa924f3c3737,53,60,test,2024-07-30 15:00:00+00:00,2024-07-30 20:00:00+00:00,-1,0
22398c7f4faa90bcd6fc,53,60,test,2024-07-31 07:00:00+00:00,2024-07-31 09:00:00+00:00,-1,2
76230a001e97f44c960f,53,60,test,2024-07-31 13:00:00+00:00,2024-07-31 16:00:00+00:00,1,3
300b8e5147e6ddf28ae4,53,60,test,2024-07-31 19:00:00+00:00,2024-07-31 22:00:00+00:00,1,3
c33a9f4e7daeafab14c4,53,60,test,2024-07-31 23:00:00+00:00,2024-08-01 01:00:00+00:00,-1,2
d62d8e14760ef28e4097,53,60,test,2024-08-01 07:00:00+00:00,2024-08-01 09:00:00+00:00,1,3
9d24c97790398262eee5,53,60,test,2024-08-02 08:00:00+00:00,2024-08-02 17:00:00+00:00,-1,0
6fc5c0de71ce26dabc71,53,60,test,2024-08-05 08:00:00+00:00,2024-08-05 12:00:00+00:00,1,1
35a552eb05f7265f92a3,53,60,test,2024-08-05 13:00:00+00:00,2024-08-05 17:00:00+00:00,-1,3
24a45643a27b3e4bb5b4,53,60,test,2024-08-07 11:00:00+00:00,2024-08-07 16:00:00+00:00,1,1
51458a4de9e91ff34ea7,53,60,test,2024-08-07 19:00:00+00:00,2024-08-08 00:00:00+00:00,-1,0
f35d74c3d0ccb4fe50c0,53,60,test,2024-08-08 10:00:00+00:00,2024-08-08 12:00:00+00:00,1,2
f9f4ebe64ab2eb165c68,53,60,test,2024-08-08 14:00:00+00:00,2024-08-08 19:00:00+00:00,1,1
a65dd0be0d4be30ffac0,53,60,test,2024-08-11 23:00:00+00:00,2024-08-12 07:00:00+00:00,-1,2
012fd191125b29fce8e1,53,60,test,2024-08-12 08:00:00+00:00,2024-08-12 16:00:00+00:00,-1,0
57d0dd77578f0315ed61,53,60,test,2024-08-13 02:00:00+00:00,2024-08-13 04:00:00+00:00,1,1
296d1160617e7b5f67d0,53,60,test,2024-08-13 06:00:00+00:00,2024-08-13 09:00:00+00:00,0,3
6b3994b2b64d21533bcc,53,60,test,2024-08-13 23:00:00+00:00,2024-08-14 03:00:00+00:00,1,1
d33b03232d7629ce1dd3,53,60,test,2024-08-14 04:00:00+00:00,2024-08-14 07:00:00+00:00,-1,3
7bd0fa1e0ae2872a5b60,53,60,test,2024-08-14 08:00:00+00:00,2024-08-14 10:00:00+00:00,-1,0
8e38e6465878cfe9637e,53,60,test,2024-08-14 12:00:00+00:00,2024-08-14 14:00:00+00:00,-1,3
f8d91ea35ca241d72804,53,60,test,2024-08-16 16:00:00+00:00,2024-08-16 18:00:00+00:00,-1,2
204059db6be08fe1c2dd,53,60,test,2024-08-17 03:00:00+00:00,2024-08-17 05:00:00+00:00,-1,3
6b74af186a7837423179,53,60,test,2024-08-17 17:00:00+00:00,2024-08-17 20:00:00+00:00,1,2
ddb10f29786f01d20bb3,53,60,test,2024-08-17 22:00:00+00:00,2024-08-18 00:00:00+00:00,-1,3
826d8849ca37808c276d,53,60,test,2024-08-18 13:00:00+00:00,2024-08-18 19:00:00+00:00,1,1
1d69177c117125a80a7c,53,60,test,2024-08-18 22:00:00+00:00,2024-08-19 08:00:00+00:00,1,0
221171306b5548bf4e5a,53,60,test,2024-08-19 18:00:00+00:00,2024-08-19 23:00:00+00:00,1,0
f2e3f313c000528142db,53,60,test,2024-08-20 00:00:00+00:00,2024-08-20 02:00:00+00:00,-1,2
dda286bbf75287e327b9,53,60,test,2024-08-20 04:00:00+00:00,2024-08-20 07:00:00+00:00,-1,3
ed0ce192f98ebb484ee7,53,60,test,2024-08-20 10:00:00+00:00,2024-08-20 20:00:00+00:00,-1,0
5365706ef31745a45128,53,60,test,2024-08-22 00:00:00+00:00,2024-08-22 03:00:00+00:00,1,2
0d54c83d50b620e9ec27,53,60,test,2024-08-22 04:00:00+00:00,2024-08-22 07:00:00+00:00,-1,3
4d9861f350147808fd87,53,60,test,2024-08-22 18:00:00+00:00,2024-08-22 20:00:00+00:00,1,2
94d6003ee42ee76f2388,53,60,test,2024-08-23 05:00:00+00:00,2024-08-23 08:00:00+00:00,-1,3
cd77c24ca1aebcdc5327,53,60,test,2024-08-23 12:00:00+00:00,2024-08-23 14:00:00+00:00,1,1
99dbc7dd3aca4a8c4bf3,53,60,test,2024-08-23 16:00:00+00:00,2024-08-23 18:00:00+00:00,-1,3
56f6e5925e526affaef9,54,60,train,2024-02-27 18:00:00+00:00,2024-02-28 00:00:00+00:00,1,1
bc0b4350bc5df620eafb,54,60,train,2024-03-03 14:00:00+00:00,2024-03-03 17:00:00+00:00,-1,2
3af4b4c008284b317b05,54,60,train,2024-03-03 19:00:00+00:00,2024-03-03 23:00:00+00:00,-1,2
0d8a21e83af9a9f96357,54,60,train,2024-03-04 22:00:00+00:00,2024-03-05 01:00:00+00:00,-1,2
d29f0b035ad9073c5ea2,54,60,train,2024-03-11 22:00:00+00:00,2024-03-12 01:00:00+00:00,1,2
320eeef51b59ccddcbb3,54,60,train,2024-03-14 16:00:00+00:00,2024-03-14 18:00:00+00:00,-1,3
bee45b0dffdbc3b5f62f,54,60,train,2024-03-15 21:00:00+00:00,2024-03-16 02:00:00+00:00,1,1
372edde3fe46a01ebc29,54,60,train,2024-03-23 23:00:00+00:00,2024-03-24 01:00:00+00:00,-1,2
9b212ef459a988c248d5,54,60,validation,2024-07-08 23:00:00+00:00,2024-07-09 01:00:00+00:00,-1,2
651a9cab78498f831d4f,54,60,validation,2024-07-12 10:00:00+00:00,2024-07-12 13:00:00+00:00,-1,0
f31b5b637e09b9ea931a,54,60,validation,2024-07-12 15:00:00+00:00,2024-07-12 17:00:00+00:00,-1,2
cc16d5b6f05f5983e9fe,54,60,validation,2024-07-12 19:00:00+00:00,2024-07-12 21:00:00+00:00,0,3
f6b6660856d10c6acdcb,54,60,validation,2024-07-13 15:00:00+00:00,2024-07-13 19:00:00+00:00,1,2
7c69653ac59fe2461e51,54,60,validation,2024-07-13 22:00:00+00:00,2024-07-14 00:00:00+00:00,1,3
803bf02732dca730486e,54,60,validation,2024-07-14 04:00:00+00:00,2024-07-14 09:00:00+00:00,-1,3
c612f478c30378a347dd,54,60,validation,2024-07-14 11:00:00+00:00,2024-07-14 15:00:00+00:00,1,2
2ea1763e3a666a40f000,54,60,validation,2024-07-15 10:00:00+00:00,2024-07-15 13:00:00+00:00,-1,0
00218bed3ef39b7ec6d5,54,60,validation,2024-07-15 15:00:00+00:00,2024-07-15 17:00:00+00:00,-1,2
22e925f58d691383a975,54,60,validation,2024-07-15 19:00:00+00:00,2024-07-15 21:00:00+00:00,0,3
e20b2e4937ce5a7c76ba,54,60,validation,2024-07-16 15:00:00+00:00,2024-07-16 19:00:00+00:00,1,2
e3ae5edf0449b7991471,54,60,validation,2024-07-16 22:00:00+00:00,2024-07-17 00:00:00+00:00,1,3
9d1b7da927b61ff096f4,54,60,validation,2024-07-17 04:00:00+00:00,2024-07-17 09:00:00+00:00,-1,0
19116908e15977894d5f,54,60,validation,2024-07-17 14:00:00+00:00,2024-07-17 22:00:00+00:00,-1,0
8ba09da4dd0e96bc2150,54,60,test,2024-07-19 05:00:00+00:00,2024-07-19 08:00:00+00:00,1,2
bba9dd72c4c04d78768d,54,60,test,2024-07-21 07:00:00+00:00,2024-07-21 09:00:00+00:00,1,1
7a19e86c14f77587b064,54,60,test,2024-07-22 06:00:00+00:00,2024-07-22 10:00:00+00:00,1,2
cb35780efdaacbd6e2a6,54,60,test,2024-07-22 11:00:00+00:00,2024-07-22 13:00:00+00:00,-1,3
4efd5c7d2de237fce751,54,60,test,2024-07-22 14:00:00+00:00,2024-07-22 19:00:00+00:00,-1,0
3e2643c007a0b72e5478,54,60,test,2024-07-23 07:00:00+00:00,2024-07-23 11:00:00+00:00,-1,2
5e1d7e7b4028bfb1e63f,54,60,test,2024-07-23 15:00:00+00:00,2024-07-23 17:00:00+00:00,1,3
327d77d6956c2f475047,54,60,test,2024-07-24 18:00:00+00:00,2024-07-24 20:00:00+00:00,-1,2
085939a87daf55289772,54,60,test,2024-07-27 04:00:00+00:00,2024-07-27 08:00:00+00:00,1,1
7d1570fae2c2c765f6d4,54,60,test,2024-07-27 09:00:00+00:00,2024-07-27 14:00:00+00:00,-1,3
5f55df0e5ac21aa1af32,54,60,test,2024-07-28 13:00:00+00:00,2024-07-28 16:00:00+00:00,-1,0
97f86a622939afa367fa,54,60,test,2024-07-29 09:00:00+00:00,2024-07-29 12:00:00+00:00,-1,2
4f63e64faa717081217a,54,60,test,2024-07-29 13:00:00+00:00,2024-07-29 15:00:00+00:00,1,3
788ebf5a82ac4b715e5e,54,60,test,2024-07-29 18:00:00+00:00,2024-07-29 20:00:00+00:00,1,3
0008672d101349d258d2,54,60,test,2024-07-30 13:00:00+00:00,2024-07-30 21:00:00+00:00,-1,2
e64ceb231d3ada6fc964,54,60,test,2024-07-31 07:00:00+00:00,2024-07-31 09:00:00+00:00,-1,2
7085afcda4d5a10c5d56,54,60,test,2024-07-31 19:00:00+00:00,2024-07-31 21:00:00+00:00,-1,3
5b2b1b697b90d75d8813,54,60,test,2024-08-01 01:00:00+00:00,2024-08-01 03:00:00+00:00,-1,2
123d05dc3555f3bbef0c,54,60,test,2024-08-01 06:00:00+00:00,2024-08-01 10:00:00+00:00,1,3
ceb8736cee2bb0251df9,54,60,test,2024-08-02 06:00:00+00:00,2024-08-02 09:00:00+00:00,-1,2
8eaf7111a5898048dd26,54,60,test,2024-08-02 14:00:00+00:00,2024-08-02 18:00:00+00:00,-1,3
3fd4ba7f78b3c6b0b592,54,60,test,2024-08-03 20:00:00+00:00,2024-08-03 22:00:00+00:00,-1,2
0febf7176d9b82bb3bc2,54,60,test,2024-08-05 09:00:00+00:00,2024-08-05 12:00:00+00:00,-1,2
22201016aa84a820d627,54,60,test,2024-08-05 14:00:00+00:00,2024-08-05 17:00:00+00:00,-1,3
2bada54fd60237f0e084,54,60,test,2024-08-07 11:00:00+00:00,2024-08-07 15:00:00+00:00,1,1
4884b1f63509f0972eb6,54,60,test,2024-08-07 20:00:00+00:00,2024-08-08 00:00:00+00:00,-1,3
48b2818f73833fb53ea1,54,60,test,2024-08-08 16:00:00+00:00,2024-08-08 18:00:00+00:00,-1,2
317db8ae5d4d71530671,54,60,test,2024-08-12 02:00:00+00:00,2024-08-12 04:00:00+00:00,1,2
6781f8f3de4e0e307955,54,60,test,2024-08-12 08:00:00+00:00,2024-08-12 10:00:00+00:00,-1,2
bffaee7991f8a2dd8dc6,54,60,test,2024-08-12 11:00:00+00:00,2024-08-12 15:00:00+00:00,-1,3
b22392fe083c96dd3fae,54,60,test,2024-08-13 06:00:00+00:00,2024-08-13 09:00:00+00:00,-1,3
07339e4d20d128dd036b,54,60,test,2024-08-14 00:00:00+00:00,2024-08-14 10:00:00+00:00,-1,2
b7358d9732a1a9cf6e59,54,60,test,2024-08-14 12:00:00+00:00,2024-08-14 14:00:00+00:00,-1,3
7c27b5304d647e6fa9fa,54,60,test,2024-08-17 03:00:00+00:00,2024-08-17 06:00:00+00:00,-1,3
2a8ec556924130db2567,54,60,test,2024-08-17 17:00:00+00:00,2024-08-17 20:00:00+00:00,1,2
7c99d91040f47ec32122,54,60,test,2024-08-18 13:00:00+00:00,2024-08-18 18:00:00+00:00,1,1
606c139c3351f02b1d5e,54,60,test,2024-08-19 06:00:00+00:00,2024-08-19 09:00:00+00:00,-1,3
1c364f22c5ab032ff2d7,54,60,test,2024-08-19 10:00:00+00:00,2024-08-19 12:00:00+00:00,-1,2
fafbbba0b78efc650ba4,54,60,test,2024-08-19 14:00:00+00:00,2024-08-19 16:00:00+00:00,-1,3
4fe6b75782691f00b5a7,54,60,test,2024-08-19 23:00:00+00:00,2024-08-20 03:00:00+00:00,1,1
caa2622ab95098082f1c,54,60,test,2024-08-20 04:00:00+00:00,2024-08-20 07:00:00+00:00,-1,3
97fdb0d251406bd3bba9,54,60,test,2024-08-20 09:00:00+00:00,2024-08-20 20:00:00+00:00,-1,2
e5d5c944d4ebf11d27ba,54,60,test,2024-08-22 05:00:00+00:00,2024-08-22 07:00:00+00:00,1,3
1a1a82aac42596663840,54,60,test,2024-08-22 18:00:00+00:00,2024-08-22 20:00:00+00:00,1,2
6fd18b30f43cd8b83ca8,54,60,test,2024-08-22 22:00:00+00:00,2024-08-23 00:00:00+00:00,1,3
6ebf4ce08d0f4b7792e5,54,60,test,2024-08-23 01:00:00+00:00,2024-08-23 03:00:00+00:00,1,2
24c5d6a79c0a7e9b5b7d,54,60,test,2024-08-23 04:00:00+00:00,2024-08-23 07:00:00+00:00,1,3
f0f01b6d5bf325de372b,54,60,test,2024-08-23 12:00:00+00:00,2024-08-23 14:00:00+00:00,1,1
c869f82451b357816f5b,54,60,test,2024-08-23 16:00:00+00:00,2024-08-23 18:00:00+00:00,1,3
781cbdff401ddacc2a25,55,60,train,2024-02-26 23:00:00+00:00,2024-02-27 03:00:00+00:00,1,2
bcbb04ed30350816d6a4,55,60,train,2024-03-03 14:00:00+00:00,2024-03-03 17:00:00+00:00,-1,2
58aae7328cb96d043dde,55,60,train,2024-03-03 19:00:00+00:00,2024-03-03 23:00:00+00:00,-1,2
564a2449cba9960bf466,55,60,train,2024-03-04 22:00:00+00:00,2024-03-05 01:00:00+00:00,-1,2
de1bd738c6f6d14873f0,55,60,train,2024-03-11 22:00:00+00:00,2024-03-12 01:00:00+00:00,1,2
5f659c4970fa45de43bf,55,60,train,2024-03-14 09:00:00+00:00,2024-03-14 12:00:00+00:00,1,3
192aa7375f0771045b08,55,60,train,2024-03-14 16:00:00+00:00,2024-03-14 18:00:00+00:00,-1,3
d45a9bc50754d668afe3,55,60,train,2024-03-15 21:00:00+00:00,2024-03-16 02:00:00+00:00,1,1
5fc97650afe03ee04c7d,55,60,train,2024-03-16 03:00:00+00:00,2024-03-16 07:00:00+00:00,1,3
a6361be4fad03544085c,55,60,train,2024-03-23 23:00:00+00:00,2024-03-24 01:00:00+00:00,1,2
99d0f7290b7719ce140f,55,60,train,2024-03-26 06:00:00+00:00,2024-03-26 08:00:00+00:00,-1,3
7225daf697adc7310675,55,60,validation,2024-07-08 23:00:00+00:00,2024-07-09 01:00:00+00:00,1,2
dae3d230aab129594379,55,60,validation,2024-07-11 06:00:00+00:00,2024-07-11 08:00:00+00:00,-1,3
9ad633144da8b6adbc0f,55,60,validation,2024-07-12 10:00:00+00:00,2024-07-12 13:00:00+00:00,1,3
36cccb34d489edaaf097,55,60,validation,2024-07-13 15:00:00+00:00,2024-07-13 19:00:00+00:00,1,2
aacc580baa4df0ec5208,55,60,validation,2024-07-13 22:00:00+00:00,2024-07-14 02:00:00+00:00,1,3
e13e5b165ac8c7c828e3,55,60,validation,2024-07-14 05:00:00+00:00,2024-07-14 08:00:00+00:00,1,3
9d7b0768ef5da381d7a2,55,60,validation,2024-07-14 11:00:00+00:00,2024-07-14 15:00:00+00:00,1,2
cfd7cbfe371c51b16b12,55,60,validation,2024-07-14 17:00:00+00:00,2024-07-14 19:00:00+00:00,1,3
de6d385dec034c31efdb,55,60,validation,2024-07-15 10:00:00+00:00,2024-07-15 13:00:00+00:00,1,3
079193e3a58059dbda7a,55,60,validation,2024-07-16 15:00:00+00:00,2024-07-16 19:00:00+00:00,1,2
91fe8570561e828b12d9,55,60,validation,2024-07-16 22:00:00+00:00,2024-07-17 02:00:00+00:00,1,3
6d612f194da1db7001b9,55,60,validation,2024-07-17 05:00:00+00:00,2024-07-17 08:00:00+00:00,1,3
aaf12c3b8dd5ebdd718f,55,60,validation,2024-07-17 14:00:00+00:00,2024-07-17 17:00:00+00:00,-1,2
ef829bd9d858157b04d9,55,60,validation,2024-07-17 18:00:00+00:00,2024-07-17 21:00:00+00:00,1,3
32cfc922186d3ea47647,55,60,test,2024-07-19 07:00:00+00:00,2024-07-19 11:00:00+00:00,1,1
43665a20c70457ace766,55,60,test,2024-07-19 12:00:00+00:00,2024-07-19 15:00:00+00:00,1,3
9e7eb0383fc48e95c740,55,60,test,2024-07-21 06:00:00+00:00,2024-07-21 09:00:00+00:00,-1,2
9193f6e09102b4211817,55,60,test,2024-07-21 10:00:00+00:00,2024-07-21 12:00:00+00:00,-1,3
7d46332fcd7ec745ae29,55,60,test,2024-07-22 06:00:00+00:00,2024-07-22 10:00:00+00:00,1,1
34a7350864ad6a4ec097,55,60,test,2024-07-22 11:00:00+00:00,2024-07-22 15:00:00+00:00,-1,3
c5a37fb6434d73f65743,55,60,test,2024-07-22 16:00:00+00:00,2024-07-22 18:00:00+00:00,1,3
657ed48773a45e23eee9,55,60,test,2024-07-23 09:00:00+00:00,2024-07-23 11:00:00+00:00,1,2
fb2703bed2de59dad0f3,55,60,test,2024-07-25 13:00:00+00:00,2024-07-25 15:00:00+00:00,1,2
22e867c23d788e16bad9,55,60,test,2024-07-27 05:00:00+00:00,2024-07-27 14:00:00+00:00,-1,2
5cbc8d5fc0b745e6215c,55,60,test,2024-07-28 12:00:00+00:00,2024-07-28 19:00:00+00:00,-1,0
2886be5eb6b56c9248f2,55,60,test,2024-07-29 08:00:00+00:00,2024-07-29 12:00:00+00:00,1,1
b70d7913a614a9edaa02,55,60,test,2024-07-29 13:00:00+00:00,2024-07-29 17:00:00+00:00,-1,3
43d9f818f745865a67aa,55,60,test,2024-07-30 08:00:00+00:00,2024-07-30 11:00:00+00:00,1,1
615fc8b14c0b3b6ae905,55,60,test,2024-07-30 17:00:00+00:00,2024-07-30 20:00:00+00:00,1,3
a3a7d055d4e9716757ea,55,60,test,2024-07-31 08:00:00+00:00,2024-07-31 10:00:00+00:00,-1,2
002912e199c4bac98ab0,55,60,test,2024-07-31 13:00:00+00:00,2024-07-31 15:00:00+00:00,1,3
922ec2a6f05ada0f22e1,55,60,test,2024-07-31 16:00:00+00:00,2024-07-31 18:00:00+00:00,1,3
b6f4da5c48550ef199c4,55,60,test,2024-08-01 06:00:00+00:00,2024-08-01 09:00:00+00:00,1,3
61beb1c762b69c394ab6,55,60,test,2024-08-02 07:00:00+00:00,2024-08-02 09:00:00+00:00,1,2
9ed1757571d76754d38b,55,60,test,2024-08-02 15:00:00+00:00,2024-08-02 17:00:00+00:00,-1,3
702c92a17c52bbd8ee37,55,60,test,2024-08-05 09:00:00+00:00,2024-08-05 11:00:00+00:00,-1,0
484adfb881e9fc12d239,55,60,test,2024-08-07 11:00:00+00:00,2024-08-07 18:00:00+00:00,1,1
c7f399435f08d348fecf,55,60,test,2024-08-07 19:00:00+00:00,2024-08-08 00:00:00+00:00,-1,0
15fd51f90a729a89bec8,55,60,test,2024-08-08 16:00:00+00:00,2024-08-08 18:00:00+00:00,1,2
81c73b297f56aa31d2fc,55,60,test,2024-08-12 02:00:00+00:00,2024-08-12 04:00:00+00:00,-1,2
888e5e88514166a0a236,55,60,test,2024-08-12 05:00:00+00:00,2024-08-12 10:00:00+00:00,1,1
7de6bf464a35b69ac303,55,60,test,2024-08-12 11:00:00+00:00,2024-08-12 14:00:00+00:00,-1,3
4a64ad9850baf63d9ce7,55,60,test,2024-08-13 00:00:00+00:00,2024-08-13 02:00:00+00:00,-1,2
e3c6e606ce215cb08712,55,60,test,2024-08-13 04:00:00+00:00,2024-08-13 07:00:00+00:00,-1,3
81b64bae3a59a3a5cb37,55,60,test,2024-08-13 23:00:00+00:00,2024-08-14 07:00:00+00:00,-1,2
5b231277e60d3246797e,55,60,test,2024-08-14 08:00:00+00:00,2024-08-14 10:00:00+00:00,1,2
128f271b2ac3b29337ad,55,60,test,2024-08-14 12:00:00+00:00,2024-08-14 14:00:00+00:00,-1,3
b2bfd5eb31b59b166ac6,55,60,test,2024-08-16 23:00:00+00:00,2024-08-17 01:00:00+00:00,1,2
61a2d33c93fe96446972,55,60,test,2024-08-17 03:00:00+00:00,2024-08-17 05:00:00+00:00,0,3
c65bab1fe3800fb5f5c7,55,60,test,2024-08-18 13:00:00+00:00,2024-08-18 20:00:00+00:00,1,1
11481f3c4adb205970c3,55,60,test,2024-08-19 00:00:00+00:00,2024-08-19 04:00:00+00:00,-1,3
3963a6aa3bb1beb73799,55,60,test,2024-08-19 20:00:00+00:00,2024-08-19 22:00:00+00:00,-1,3
b92d60a5c7772601c47e,55,60,test,2024-08-19 23:00:00+00:00,2024-08-20 03:00:00+00:00,1,1
3c24d707ef543c159790,55,60,test,2024-08-20 04:00:00+00:00,2024-08-20 07:00:00+00:00,-1,3
9bb09e4b00e36372fb46,55,60,test,2024-08-20 09:00:00+00:00,2024-08-20 15:00:00+00:00,1,1
10ea3c2de430d958ccd8,55,60,test,2024-08-20 16:00:00+00:00,2024-08-20 20:00:00+00:00,-1,3
8514c73a69aaaf99c221,55,60,test,2024-08-21 18:00:00+00:00,2024-08-21 20:00:00+00:00,-1,2
e3d89f30a66e66d55d2e,55,60,test,2024-08-22 05:00:00+00:00,2024-08-22 07:00:00+00:00,0,3
cd94a4e35ecb200788ee,55,60,test,2024-08-23 02:00:00+00:00,2024-08-23 04:00:00+00:00,-1,2
1163c8615ae4dd6d7683,55,60,test,2024-08-23 05:00:00+00:00,2024-08-23 09:00:00+00:00,-1,3
ec2f1da4975bfde7bd26,56,60,train,2024-02-22 22:00:00+00:00,2024-02-23 00:00:00+00:00,1,2
7261bb443343a1397a04,56,60,train,2024-02-26 22:00:00+00:00,2024-02-27 00:00:00+00:00,1,2
923d2965e5d502dbf49d,56,60,train,2024-02-27 21:00:00+00:00,2024-02-28 01:00:00+00:00,-1,2
03cf4fb255f5408469ac,56,60,train,2024-02-28 17:00:00+00:00,2024-02-28 19:00:00+00:00,1,2
2e1fb5d3f25c781c0f67,56,60,train,2024-02-28 20:00:00+00:00,2024-02-29 00:00:00+00:00,-1,3
65a5a3a2ad814cda3e74,56,60,train,2024-03-03 17:00:00+00:00,2024-03-03 22:00:00+00:00,1,1
ca26c5be3efd20e79754,56,60,train,2024-03-04 22:00:00+00:00,2024-03-05 00:00:00+00:00,1,2
0efcb549420023d88ce0,56,60,train,2024-03-14 09:00:00+00:00,2024-03-14 12:00:00+00:00,1,3
df6fb410d409a20cc02e,56,60,train,2024-03-14 15:00:00+00:00,2024-03-14 18:00:00+00:00,-1,3
8eadbd4d3749f390b0ce,56,60,train,2024-03-15 20:00:00+00:00,2024-03-16 01:00:00+00:00,1,1
5e7c0a4f60fcbc3d81d5,56,60,train,2024-03-16 06:00:00+00:00,2024-03-16 10:00:00+00:00,-1,3
92f1b1211eb1e7eb8d17,56,60,train,2024-03-21 22:00:00+00:00,2024-03-22 00:00:00+00:00,-1,2
2d461c99a44ed96b9e6f,56,60,train,2024-03-26 08:00:00+00:00,2024-03-26 12:00:00+00:00,-1,2
599ee6d4410bf5d571e8,56,60,train,2024-03-31 20:00:00+00:00,2024-04-01 02:00:00+00:00,1,1
4772229fa7adcf83d9c6,56,60,train,2024-04-04 13:00:00+00:00,2024-04-04 15:00:00+00:00,-1,2
8e977c32a7748a76e4cf,56,60,validation,2024-07-11 08:00:00+00:00,2024-07-11 12:00:00+00:00,-1,2
322448cf1dbd5c627bfe,56,60,validation,2024-07-12 06:00:00+00:00,2024-07-12 14:00:00+00:00,-1,0
55ba75f268cf6167fd32,56,60,validation,2024-07-13 15:00:00+00:00,2024-07-13 19:00:00+00:00,1,2
5250c872a184608f91df,56,60,validation,2024-07-13 22:00:00+00:00,2024-07-14 02:00:00+00:00,-1,0
aa6c153af1be3f45b8d2,56,60,validation,2024-07-14 05:00:00+00:00,2024-07-14 08:00:00+00:00,1,3
dc6cf866f18917a116a5,56,60,validation,2024-07-14 10:00:00+00:00,2024-07-14 15:00:00+00:00,1,1
5cd4ddc8cb3ce8289dc8,56,60,validation,2024-07-15 01:00:00+00:00,2024-07-15 05:00:00+00:00,-1,3
c2ae848079c217891760,56,60,validation,2024-07-15 06:00:00+00:00,2024-07-15 14:00:00+00:00,-1,0
674e167db51b44fadbfc,56,60,validation,2024-07-16 15:00:00+00:00,2024-07-16 19:00:00+00:00,1,2
f54401a204aeca7ced18,56,60,validation,2024-07-16 22:00:00+00:00,2024-07-17 02:00:00+00:00,-1,0
7888030d6d70421bba3e,56,60,validation,2024-07-17 05:00:00+00:00,2024-07-17 08:00:00+00:00,1,3
c9ec2666e257ee29d12c,56,60,validation,2024-07-17 14:00:00+00:00,2024-07-17 18:00:00+00:00,1,1
f05520b1ce09d40d2d66,56,60,validation,2024-07-17 19:00:00+00:00,2024-07-17 21:00:00+00:00,1,3
c6e82eda296a79ff15b6,56,60,validation,2024-07-18 01:00:00+00:00,2024-07-18 04:00:00+00:00,0,3
d85c0ac03a3dad6a9c71,56,60,test,2024-07-18 14:00:00+00:00,2024-07-18 17:00:00+00:00,1,2
4bddb7bdce57b57178ce,56,60,test,2024-07-18 18:00:00+00:00,2024-07-18 21:00:00+00:00,1,3
55fb74b02a86a7fad678,56,60,test,2024-07-19 04:00:00+00:00,2024-07-19 06:00:00+00:00,-1,3
3a98be8f5ee7220dca20,56,60,test,2024-07-19 08:00:00+00:00,2024-07-19 10:00:00+00:00,1,2
e24800e327f7a99da4ae,56,60,test,2024-07-19 11:00:00+00:00,2024-07-19 17:00:00+00:00,1,3
1d09e747bbb06b837c44,56,60,test,2024-07-19 18:00:00+00:00,2024-07-19 21:00:00+00:00,1,3
c3a17f9a7edd8890e439,56,60,test,2024-07-20 04:00:00+00:00,2024-07-20 06:00:00+00:00,0,3
c41b280f4939f0a99791,56,60,test,2024-07-20 14:00:00+00:00,2024-07-20 16:00:00+00:00,0,3
769e2bd417eada07faf5,56,60,test,2024-07-21 07:00:00+00:00,2024-07-21 09:00:00+00:00,1,2
878624ecc9b3924e5525,56,60,test,2024-07-21 11:00:00+00:00,2024-07-21 13:00:00+00:00,-1,3
d40a7a38a1a0208e51af,56,60,test,2024-07-21 18:00:00+00:00,2024-07-21 21:00:00+00:00,1,3
fba3ff42b0b41e43e10d,56,60,test,2024-07-22 02:00:00+00:00,2024-07-22 04:00:00+00:00,1,2
cda3c24af0ba18ce1750,56,60,test,2024-07-22 07:00:00+00:00,2024-07-22 12:00:00+00:00,-1,2
5b2f4da45bf7aa2a59a5,56,60,test,2024-07-22 13:00:00+00:00,2024-07-22 19:00:00+00:00,-1,0
8a3f30d38df59d980ad1,56,60,test,2024-07-23 17:00:00+00:00,2024-07-23 20:00:00+00:00,-1,2
6f007aafb4fd85ea3feb,56,60,test,2024-07-23 21:00:00+00:00,2024-07-24 00:00:00+00:00,1,3
a844979342501d1e9898,56,60,test,2024-07-25 06:00:00+00:00,2024-07-25 08:00:00+00:00,-1,3
d5f199b5c016cb28911f,56,60,test,2024-07-25 20:00:00+00:00,2024-07-25 23:00:00+00:00,-1,2
59dcf37a784c937859b1,56,60,test,2024-07-26 00:00:00+00:00,2024-07-26 02:00:00+00:00,-1,3
a507cb2f84f44d75c6f3,56,60,test,2024-07-27 05:00:00+00:00,2024-07-27 14:00:00+00:00,-1,0
cb25e415129224806e15,56,60,test,2024-07-27 15:00:00+00:00,2024-07-27 17:00:00+00:00,-1,3
147ecbdc773be0e047ae,56,60,test,2024-07-28 11:00:00+00:00,2024-07-28 15:00:00+00:00,1,1
7d94de04a32ceed0a84a,56,60,test,2024-07-28 16:00:00+00:00,2024-07-28 20:00:00+00:00,-1,3
0ab9523e6ef8684cfb39,56,60,test,2024-07-29 03:00:00+00:00,2024-07-29 05:00:00+00:00,0,3
4a42b53ca056d623423e,56,60,test,2024-07-29 08:00:00+00:00,2024-07-29 12:00:00+00:00,1,1
ee96f9cb1767751a973b,56,60,test,2024-07-29 13:00:00+00:00,2024-07-29 17:00:00+00:00,-1,3
b10fcab9d8c037d6f6b4,56,60,test,2024-07-30 10:00:00+00:00,2024-07-30 12:00:00+00:00,0,3
c8d5972cd20a3e3b00c7,56,60,test,2024-07-30 14:00:00+00:00,2024-07-30 16:00:00+00:00,1,1
ed183e34248c3462fb74,56,60,test,2024-07-30 18:00:00+00:00,2024-07-30 20:00:00+00:00,1,3
39d75aae02920a624ace,56,60,test,2024-07-31 03:00:00+00:00,2024-07-31 05:00:00+00:00,-1,3
ed51111580ed66f921a6,56,60,test,2024-07-31 06:00:00+00:00,2024-07-31 10:00:00+00:00,1,2
e2b3f09c45a641d32674,56,60,test,2024-07-31 11:00:00+00:00,2024-07-31 15:00:00+00:00,-1,3
bde39bbd7fb1fb35339f,56,60,test,2024-07-31 16:00:00+00:00,2024-07-31 18:00:00+00:00,-1,2
1715ec89eb309364fec4,56,60,test,2024-07-31 20:00:00+00:00,2024-07-31 22:00:00+00:00,-1,3
2567aad83364f8fc2c53,56,60,test,2024-07-31 23:00:00+00:00,2024-08-01 02:00:00+00:00,-1,2
c17babe420480aa85ec7,56,60,test,2024-08-01 07:00:00+00:00,2024-08-01 09:00:00+00:00,1,3
25a99ebeeb6256816aca,56,60,test,2024-08-02 07:00:00+00:00,2024-08-02 12:00:00+00:00,1,1
4bcdc645c5648e672433,56,60,test,2024-08-02 14:00:00+00:00,2024-08-02 18:00:00+00:00,-1,3
fab54628ef9a5a5ecc35,56,60,test,2024-08-05 09:00:00+00:00,2024-08-05 11:00:00+00:00,1,2
42af014231fcd2590429,56,60,test,2024-08-07 09:00:00+00:00,2024-08-07 16:00:00+00:00,1,1
a6f223221022bcf6f9a4,56,60,test,2024-08-07 20:00:00+00:00,2024-08-08 01:00:00+00:00,-1,0
f89e0e344c2467063163,56,60,test,2024-08-08 12:00:00+00:00,2024-08-08 14:00:00+00:00,0,3
7b92469ad351bfef6e35,56,60,test,2024-08-09 03:00:00+00:00,2024-08-09 06:00:00+00:00,1,2
322b3febd59ba47b4007,56,60,test,2024-08-10 13:00:00+00:00,2024-08-10 15:00:00+00:00,0,3
33c4a31bf58dc86a7834,56,60,test,2024-08-12 02:00:00+00:00,2024-08-12 05:00:00+00:00,1,1
8456abfcda5917f45957,56,60,test,2024-08-12 06:00:00+00:00,2024-08-12 10:00:00+00:00,1,1
850a7856e78ef1a51290,56,60,test,2024-08-12 11:00:00+00:00,2024-08-12 15:00:00+00:00,-1,3
22fedad175054c70b5ef,56,60,test,2024-08-12 22:00:00+00:00,2024-08-13 08:00:00+00:00,-1,1
4606ce1bbf816c90289d,56,60,test,2024-08-13 19:00:00+00:00,2024-08-13 21:00:00+00:00,1,3
8200c4c5d2b074aa3a0b,56,60,test,2024-08-13 23:00:00+00:00,2024-08-14 02:00:00+00:00,1,1
d463c54dfe91ed156e40,56,60,test,2024-08-14 03:00:00+00:00,2024-08-14 06:00:00+00:00,1,3
fe9bca35fbfa46683760,56,60,test,2024-08-14 08:00:00+00:00,2024-08-14 10:00:00+00:00,1,2
caebdf121aad9bae415c,56,60,test,2024-08-14 12:00:00+00:00,2024-08-14 14:00:00+00:00,-1,3
ff8046cc83f169d89560,56,60,test,2024-08-15 07:00:00+00:00,2024-08-15 10:00:00+00:00,-1,0
93eae21f4a62723f0cc5,56,60,test,2024-08-15 11:00:00+00:00,2024-08-15 14:00:00+00:00,-1,3
6422bf63162390eea8aa,56,60,test,2024-08-17 02:00:00+00:00,2024-08-17 05:00:00+00:00,-1,3
bb10f229077f26a634af,56,60,test,2024-08-17 18:00:00+00:00,2024-08-17 20:00:00+00:00,1,2
8a324312d7158dedce6c,56,60,test,2024-08-18 14:00:00+00:00,2024-08-18 19:00:00+00:00,1,1
24de253d0f7f79f498ab,56,60,test,2024-08-19 02:00:00+00:00,2024-08-19 06:00:00+00:00,1,3
0d0142fde89f979ca184,56,60,test,2024-08-19 07:00:00+00:00,2024-08-19 09:00:00+00:00,1,2
b92783e7a2f75e586db4,56,60,test,2024-08-19 11:00:00+00:00,2024-08-19 13:00:00+00:00,-1,2
209b08c0ca6ecf602946,56,60,test,2024-08-19 15:00:00+00:00,2024-08-19 17:00:00+00:00,1,3
32c7a87053a235f231b6,56,60,test,2024-08-19 19:00:00+00:00,2024-08-20 02:00:00+00:00,1,1
f4c84db1516311a11982,56,60,test,2024-08-20 03:00:00+00:00,2024-08-20 07:00:00+00:00,-1,3
6177b16ba0b4e8fc3a25,56,60,test,2024-08-20 10:00:00+00:00,2024-08-20 14:00:00+00:00,1,1
43bccb9891c0552e94a5,56,60,test,2024-08-20 15:00:00+00:00,2024-08-20 20:00:00+00:00,-1,0
84efe638bc3e126ad389,56,60,test,2024-08-22 06:00:00+00:00,2024-08-22 08:00:00+00:00,1,3
ec3f763ad859d5657d39,56,60,test,2024-08-22 18:00:00+00:00,2024-08-22 20:00:00+00:00,1,2
2d25b37410fed0594f41,56,60,test,2024-08-23 03:00:00+00:00,2024-08-23 05:00:00+00:00,-1,3
055b2675a39942702a5c,56,60,test,2024-08-23 13:00:00+00:00,2024-08-23 15:00:00+00:00,-1,0
97f5b8e5c6b19a692785,57,60,train,2024-02-26 21:00:00+00:00,2024-02-27 03:00:00+00:00,1,1
29d62cfd9bf05c0f2a3b,57,60,train,2024-02-27 19:00:00+00:00,2024-02-28 02:00:00+00:00,1,1
9c3b2539b2e075856096,57,60,train,2024-03-03 14:00:00+00:00,2024-03-03 17:00:00+00:00,-1,2
3cd7143e010f8ea88e39,57,60,train,2024-03-03 19:00:00+00:00,2024-03-03 23:00:00+00:00,-1,2
296dbf1d4858a43d2b7b,57,60,train,2024-03-04 22:00:00+00:00,2024-03-05 00:00:00+00:00,1,2
3d267323952e99317a65,57,60,train,2024-03-11 22:00:00+00:00,2024-03-12 01:00:00+00:00,1,2
512b5b557580a0f8d4e1,57,60,train,2024-03-14 08:00:00+00:00,2024-03-14 11:00:00+00:00,-1,0
6e154f528b84415ac0a9,57,60,train,2024-03-14 16:00:00+00:00,2024-03-14 18:00:00+00:00,1,3
748e2ebcfd05c39b9e17,57,60,train,2024-03-15 20:00:00+00:00,2024-03-16 02:00:00+00:00,1,1
7687327ce57cdcd025d5,57,60,validation,2024-07-12 08:00:00+00:00,2024-07-12 10:00:00+00:00,-1,0
aa867e0fd5f8fc06acb3,57,60,validation,2024-07-12 12:00:00+00:00,2024-07-12 14:00:00+00:00,-1,3
e85f6edeac9fde712444,57,60,validation,2024-07-12 19:00:00+00:00,2024-07-12 22:00:00+00:00,1,3
7be624dc7a7b050d5964,57,60,validation,2024-07-13 15:00:00+00:00,2024-07-14 02:00:00+00:00,-1,2
24650eb69281439cac29,57,60,validation,2024-07-14 06:00:00+00:00,2024-07-14 08:00:00+00:00,1,3
3d950d5024a19c996221,57,60,validation,2024-07-14 10:00:00+00:00,2024-07-14 12:00:00+00:00,1,2
0e88f2601d77eadfc26e,57,60,validation,2024-07-14 13:00:00+00:00,2024-07-14 18:00:00+00:00,1,1
0240a25e6d3402810b9d,57,60,validation,2024-07-15 08:00:00+00:00,2024-07-15 10:00:00+00:00,-1,0
75ec11e4e8a830ddf906,57,60,validation,2024-07-15 12:00:00+00:00,2024-07-15 14:00:00+00:00,-1,3
deae3d90985c80b874f5,57,60,validation,2024-07-15 19:00:00+00:00,2024-07-15 22:00:00+00:00,1,3
97ec7d3c2ac184372bde,57,60,validation,2024-07-16 15:00:00+00:00,2024-07-17 02:00:00+00:00,-1,2
c69a43238cd86373eeac,57,60,validation,2024-07-17 06:00:00+00:00,2024-07-17 08:00:00+00:00,1,3
e8e5a317e15e11007e3d,57,60,validation,2024-07-17 14:00:00+00:00,2024-07-17 17:00:00+00:00,-1,0
3c9fd1ce4af93e72f91e,57,60,validation,2024-07-17 18:00:00+00:00,2024-07-17 20:00:00+00:00,1,3
9961d49086f3bd04c7b2,57,60,test,2024-07-20 10:00:00+00:00,2024-07-20 12:00:00+00:00,-1,2
b71e08709aac6ab432fd,57,60,test,2024-07-20 14:00:00+00:00,2024-07-20 16:00:00+00:00,1,3
4d806cb3f163546fed34,57,60,test,2024-07-22 05:00:00+00:00,2024-07-22 11:00:00+00:00,1,1
fc41fc8bab799d1ba58a,57,60,test,2024-07-22 12:00:00+00:00,2024-07-22 18:00:00+00:00,-1,0
17fc2c7e155bd8e9ab2c,57,60,test,2024-07-23 07:00:00+00:00,2024-07-23 11:00:00+00:00,1,2
4c1b623485496ab50a2f,57,60,test,2024-07-27 05:00:00+00:00,2024-07-27 13:00:00+00:00,-1,2
f1fcd764b25fd44d253a,57,60,test,2024-07-28 08:00:00+00:00,2024-07-28 10:00:00+00:00,-1,2
1956de5d3cbf3ff5876e,57,60,test,2024-07-28 13:00:00+00:00,2024-07-28 19:00:00+00:00,-1,0
d054d3c5d50f6c4d7c64,57,60,test,2024-07-29 06:00:00+00:00,2024-07-29 11:00:00+00:00,1,1
9cd892d5197369e7bc21,57,60,test,2024-07-29 12:00:00+00:00,2024-07-29 15:00:00+00:00,1,3
74706baf265e5e961b0f,57,60,test,2024-07-30 06:00:00+00:00,2024-07-30 08:00:00+00:00,-1,2
1e0f49525d07ee2e25e2,57,60,test,2024-07-30 10:00:00+00:00,2024-07-30 12:00:00+00:00,0,3
4c0ef50ca04a4159ee82,57,60,test,2024-07-30 13:00:00+00:00,2024-07-30 16:00:00+00:00,1,1
affac705756910eaff43,57,60,test,2024-07-30 17:00:00+00:00,2024-07-30 20:00:00+00:00,1,3
1607228ffbd39ffeafe5,57,60,test,2024-07-31 06:00:00+00:00,2024-07-31 10:00:00+00:00,1,2
1d62423b3cb086296aaa,57,60,test,2024-07-31 12:00:00+00:00,2024-07-31 15:00:00+00:00,-1,3
24be3d73f705588c8439,57,60,test,2024-07-31 16:00:00+00:00,2024-07-31 18:00:00+00:00,-1,2
0eee8eb9d0333113a3c9,57,60,test,2024-07-31 19:00:00+00:00,2024-07-31 21:00:00+00:00,1,3
f1f9fb4349698a345b5c,57,60,test,2024-08-01 01:00:00+00:00,2024-08-01 03:00:00+00:00,1,1
68f89ac1801c652ae41e,57,60,test,2024-08-01 06:00:00+00:00,2024-08-01 10:00:00+00:00,-1,3
91da3ce413b2bf3f6e6d,57,60,test,2024-08-02 14:00:00+00:00,2024-08-02 17:00:00+00:00,-1,3
cec660c4142479e7d2d9,57,60,test,2024-08-05 09:00:00+00:00,2024-08-05 11:00:00+00:00,-1,0
11d89474070297b0212a,57,60,test,2024-08-05 15:00:00+00:00,2024-08-05 17:00:00+00:00,1,3
a13b8bca07e111d6aafd,57,60,test,2024-08-07 11:00:00+00:00,2024-08-07 15:00:00+00:00,1,2
186371d57df35f13aae9,57,60,test,2024-08-07 16:00:00+00:00,2024-08-07 18:00:00+00:00,1,2
df92a3c6311c53a61238,57,60,test,2024-08-07 20:00:00+00:00,2024-08-08 01:00:00+00:00,-1,3
4911bee85b1112f4abc6,57,60,test,2024-08-08 08:00:00+00:00,2024-08-08 10:00:00+00:00,-1,2
1dae3f2afcf66944d067,57,60,test,2024-08-08 12:00:00+00:00,2024-08-08 15:00:00+00:00,0,3
1d121e13cad90497c77d,57,60,test,2024-08-08 16:00:00+00:00,2024-08-08 19:00:00+00:00,-1,0
f598bbb229d1a22f78b6,57,60,test,2024-08-08 20:00:00+00:00,2024-08-08 23:00:00+00:00,-1,3
84fb1a27d5675ba1238f,57,60,test,2024-08-09 11:00:00+00:00,2024-08-09 13:00:00+00:00,-1,3
1a82c708a08ca672a16d,57,60,test,2024-08-12 00:00:00+00:00,2024-08-12 03:00:00+00:00,1,2
6862dd36fdc9c8fd7359,57,60,test,2024-08-12 04:00:00+00:00,2024-08-12 10:00:00+00:00,1,1
d296a59000534c6cb5ef,57,60,test,2024-08-12 11:00:00+00:00,2024-08-12 14:00:00+00:00,-1,3
c0f998d2345acc17b91a,57,60,test,2024-08-12 23:00:00+00:00,2024-08-13 01:00:00+00:00,1,2
9d65851c9db928514c0f,57,60,test,2024-08-13 04:00:00+00:00,2024-08-13 08:00:00+00:00,-1,3
8e763aead4348442d91c,57,60,test,2024-08-13 23:00:00+00:00,2024-08-14 02:00:00+00:00,1,1
482cd42cebcb55bc069b,57,60,test,2024-08-14 04:00:00+00:00,2024-08-14 06:00:00+00:00,1,3
eb687cd2570254eed048,57,60,test,2024-08-14 07:00:00+00:00,2024-08-14 09:00:00+00:00,1,1
b58c9bff71394a8f916a,57,60,test,2024-08-14 12:00:00+00:00,2024-08-14 14:00:00+00:00,-1,3
9048e6a9ff7d5ca5f64a,57,60,test,2024-08-16 23:00:00+00:00,2024-08-17 01:00:00+00:00,-1,2
39ae268e39fb21cca129,57,60,test,2024-08-17 03:00:00+00:00,2024-08-17 05:00:00+00:00,0,3
4454905b22c2b2aff559,57,60,test,2024-08-18 14:00:00+00:00,2024-08-18 20:00:00+00:00,-1,0
a24f22dc596f74fe6bc6,57,60,test,2024-08-18 21:00:00+00:00,2024-08-19 00:00:00+00:00,-1,2
092eea4a20ab2fdfd5df,57,60,test,2024-08-19 01:00:00+00:00,2024-08-19 05:00:00+00:00,-1,3
7cf881f7601bf4f147c0,57,60,test,2024-08-19 11:00:00+00:00,2024-08-19 15:00:00+00:00,1,2
0fb0fa60993034842d6e,57,60,test,2024-08-19 22:00:00+00:00,2024-08-20 01:00:00+00:00,1,3
f04700ff5cdc11514415,57,60,test,2024-08-20 03:00:00+00:00,2024-08-20 08:00:00+00:00,-1,3
bfc5be1a612b9f7adc82,57,60,test,2024-08-20 09:00:00+00:00,2024-08-20 15:00:00+00:00,1,1
eb61b7df6b4c24920cd8,57,60,test,2024-08-20 16:00:00+00:00,2024-08-20 21:00:00+00:00,-1,0
414880a328a3adabb9e4,57,60,test,2024-08-22 04:00:00+00:00,2024-08-22 07:00:00+00:00,-1,0
fb2a1797a0ffc8ded580,57,60,test,2024-08-22 18:00:00+00:00,2024-08-22 20:00:00+00:00,1,2
a67b52517c54d75683cf,57,60,test,2024-08-23 01:00:00+00:00,2024-08-23 03:00:00+00:00,1,2
a079e1706fe0154f2106,57,60,test,2024-08-23 04:00:00+00:00,2024-08-23 07:00:00+00:00,1,3
f5efda2424b601df7a88,58,60,train,2024-02-27 20:00:00+00:00,2024-02-28 01:00:00+00:00,1,1
0e1ff28731ceb95cf809,58,60,train,2024-03-03 18:00:00+00:00,2024-03-03 22:00:00+00:00,1,1
6444e7fc73b40e0a625a,58,60,train,2024-03-03 23:00:00+00:00,2024-03-04 02:00:00+00:00,-1,0
eb9b0cabb9ded0eb06f9,58,60,train,2024-03-04 22:00:00+00:00,2024-03-05 00:00:00+00:00,1,2
3bf9a5604f40efe167da,58,60,train,2024-03-11 22:00:00+00:00,2024-03-12 01:00:00+00:00,1,2
6bec57ecabe7b67f30c4,58,60,train,2024-03-14 08:00:00+00:00,2024-03-14 11:00:00+00:00,-1,0
124ce78a441675046750,58,60,train,2024-03-14 16:00:00+00:00,2024-03-14 18:00:00+00:00,1,3
0f5a291c206761f6089f,58,60,train,2024-03-15 21:00:00+00:00,2024-03-16 02:00:00+00:00,1,1
8a6d1b7da9af23d58c0d,58,60,train,2024-04-04 12:00:00+00:00,2024-04-04 17:00:00+00:00,-1,0
d0c97740465eeb4a7785,58,60,validation,2024-07-12 09:00:00+00:00,2024-07-12 14:00:00+00:00,-1,0
5cff3aec5dac8ba917a4,58,60,validation,2024-07-12 19:00:00+00:00,2024-07-12 21:00:00+00:00,-1,3
2c2815f6e31b281dc81c,58,60,validation,2024-07-13 15:00:00+00:00,2024-07-13 21:00:00+00:00,-1,2
38f2836b27a3eee1fd5f,58,60,validation,2024-07-13 22:00:00+00:00,2024-07-14 02:00:00+00:00,1,3
1a1bf0d7ae063788ae0c,58,60,validation,2024-07-14 05:00:00+00:00,2024-07-14 07:00:00+00:00,1,3
cd3d4643348c7e293f5a,58,60,validation,2024-07-14 12:00:00+00:00,2024-07-14 17:00:00+00:00,1,1
d1178b53d80b59f6f71f,58,60,validation,2024-07-15 09:00:00+00:00,2024-07-15 14:00:00+00:00,-1,0
aa7c2a0d81bccaeb86eb,58,60,validation,2024-07-15 19:00:00+00:00,2024-07-15 21:00:00+00:00,-1,3
2e85f34f04fc5596dc49,58,60,validation,2024-07-16 15:00:00+00:00,2024-07-16 21:00:00+00:00,-1,2
5253b0bc3f38f78dab88,58,60,validation,2024-07-16 22:00:00+00:00,2024-07-17 02:00:00+00:00,1,3
735ba9e0cfd0c1092be4,58,60,validation,2024-07-17 05:00:00+00:00,2024-07-17 07:00:00+00:00,1,3
4fc3d919f54e8211faa0,58,60,validation,2024-07-17 14:00:00+00:00,2024-07-17 17:00:00+00:00,-1,2
3ae90b045be5307781e4,58,60,validation,2024-07-17 18:00:00+00:00,2024-07-17 20:00:00+00:00,1,3
0307ccf7e8e6bc64d940,58,60,test,2024-07-21 14:00:00+00:00,2024-07-21 16:00:00+00:00,-1,2
91be364e3a76a22d8de8,58,60,test,2024-07-21 18:00:00+00:00,2024-07-21 20:00:00+00:00,1,3
addf2d3fa8f3ba077dd0,58,60,test,2024-07-22 07:00:00+00:00,2024-07-22 13:00:00+00:00,1,1
80fc4cb3285714769265,58,60,test,2024-07-22 14:00:00+00:00,2024-07-22 18:00:00+00:00,-1,3
0269303c2f70891edf35,58,60,test,2024-07-23 14:00:00+00:00,2024-07-23 16:00:00+00:00,1,3
657507a30122c276597d,58,60,test,2024-07-23 17:00:00+00:00,2024-07-23 19:00:00+00:00,-1,0
ade64253b060bd3ecfee,58,60,test,2024-07-23 20:00:00+00:00,2024-07-23 23:00:00+00:00,1,3
260ca60dfc715b010b1f,58,60,test,2024-07-27 05:00:00+00:00,2024-07-27 13:00:00+00:00,-1,0
3a3ec9009feab503cad3,58,60,test,2024-07-28 12:00:00+00:00,2024-07-28 18:00:00+00:00,-1,0
b38b0418fa5c6cd57c4d,58,60,test,2024-07-29 08:00:00+00:00,2024-07-29 12:00:00+00:00,1,2
6296680aa09bf5102f85,58,60,test,2024-07-29 15:00:00+00:00,2024-07-29 17:00:00+00:00,-1,3
08af2a93685df85f2fbd,58,60,test,2024-07-30 14:00:00+00:00,2024-07-30 16:00:00+00:00,-1,2
be4e3b5b8338f70d0449,58,60,test,2024-07-30 18:00:00+00:00,2024-07-30 20:00:00+00:00,1,3
f99709c606adc2d8e3ca,58,60,test,2024-07-31 07:00:00+00:00,2024-07-31 09:00:00+00:00,-1,0
47024c6ed6f3b5f74b37,58,60,test,2024-08-01 01:00:00+00:00,2024-08-01 03:00:00+00:00,1,1
bfa8ca0f1309e2e50dfd,58,60,test,2024-08-02 06:00:00+00:00,2024-08-02 09:00:00+00:00,1,1
58a91ba292792dce1c0e,58,60,test,2024-08-02 13:00:00+00:00,2024-08-02 18:00:00+00:00,-1,0
9a1e4384bc1da771718f,58,60,test,2024-08-07 12:00:00+00:00,2024-08-07 18:00:00+00:00,1,1
b953143d6cc50dce5834,58,60,test,2024-08-07 19:00:00+00:00,2024-08-08 00:00:00+00:00,-1,0
f59c0e230c784e37d995,58,60,test,2024-08-12 00:00:00+00:00,2024-08-12 04:00:00+00:00,1,2
c763a063e9719bd32869,58,60,test,2024-08-12 05:00:00+00:00,2024-08-12 07:00:00+00:00,1,3
caf44f1b709595d0bb4c,58,60,test,2024-08-12 08:00:00+00:00,2024-08-12 10:00:00+00:00,-1,2
50a690085cd297d61ecc,58,60,test,2024-08-12 11:00:00+00:00,2024-08-12 15:00:00+00:00,-1,3
d6278c279b002ff4c12c,58,60,test,2024-08-12 23:00:00+00:00,2024-08-13 01:00:00+00:00,-1,2
97d63b110f43abd82c7f,58,60,test,2024-08-13 04:00:00+00:00,2024-08-13 09:00:00+00:00,-1,0
786d0b0c0d84a695f5e8,58,60,test,2024-08-13 23:00:00+00:00,2024-08-14 02:00:00+00:00,1,1
c549a9296017bcc3535a,58,60,test,2024-08-14 03:00:00+00:00,2024-08-14 06:00:00+00:00,1,3
f0e3587da27624a51969,58,60,test,2024-08-14 07:00:00+00:00,2024-08-14 09:00:00+00:00,1,1
505b3db7a421e663b390,58,60,test,2024-08-14 12:00:00+00:00,2024-08-14 14:00:00+00:00,-1,3
a25cac87ba48082b057f,58,60,test,2024-08-18 14:00:00+00:00,2024-08-18 20:00:00+00:00,1,1
d34622a9f95c7d40135e,58,60,test,2024-08-19 19:00:00+00:00,2024-08-19 23:00:00+00:00,1,3
167c925ef759c476fec0,58,60,test,2024-08-20 00:00:00+00:00,2024-08-20 02:00:00+00:00,1,1
e605c7eff9fb72438c75,58,60,test,2024-08-20 04:00:00+00:00,2024-08-20 06:00:00+00:00,1,3
5973e0fe0c25ff3f25e0,58,60,test,2024-08-20 11:00:00+00:00,2024-08-20 21:00:00+00:00,-1,0
ae245501dd6905366bdf,58,60,test,2024-08-22 01:00:00+00:00,2024-08-22 03:00:00+00:00,1,2
b685bded2d8583c4a770,58,60,test,2024-08-22 05:00:00+00:00,2024-08-22 07:00:00+00:00,-1,3
c572f81af52bd3bd4c1a,58,60,test,2024-08-23 13:00:00+00:00,2024-08-23 15:00:00+00:00,-1,0
b4e59547667386205370,58,60,test,2024-08-23 17:00:00+00:00,2024-08-23 19:00:00+00:00,1,3
a9cd81e0ec2db4849284,59,60,train,2024-02-25 20:00:00+00:00,2024-02-25 22:00:00+00:00,1,2
8d2447a6ccd4d64cc8bd,59,60,train,2024-02-26 20:00:00+00:00,2024-02-27 02:00:00+00:00,1,1
91319a2a1ee43f46fac7,59,60,train,2024-02-27 20:00:00+00:00,2024-02-28 00:00:00+00:00,1,1
fb1b7bc9166c4d2beeeb,59,60,train,2024-02-28 01:00:00+00:00,2024-02-28 03:00:00+00:00,1,3
02de3665048c80dc8a27,59,60,train,2024-02-28 17:00:00+00:00,2024-02-28 19:00:00+00:00,-1,2
f03b991a5843b4a6cd43,59,60,train,2024-02-28 21:00:00+00:00,2024-02-28 23:00:00+00:00,-1,3
21118df14955f9779ed4,59,60,train,2024-03-03 14:00:00+00:00,2024-03-03 17:00:00+00:00,-1,2
cc6be9347b8c437b21fe,59,60,train,2024-03-03 19:00:00+00:00,2024-03-03 23:00:00+00:00,-1,2
e23f4f926f07607481dd,59,60,train,2024-03-04 22:00:00+00:00,2024-03-05 00:00:00+00:00,1,2
d24d3c5a471441f97500,59,60,train,2024-03-11 22:00:00+00:00,2024-03-12 01:00:00+00:00,1,2
b8a4d87e3d2e286673f8,59,60,train,2024-03-14 08:00:00+00:00,2024-03-14 11:00:00+00:00,-1,0
9b4b8d008f17a1e9a165,59,60,train,2024-03-26 03:00:00+00:00,2024-03-26 07:00:00+00:00,-1,2
a0c453980850e9c2ec90,59,60,train,2024-03-27 08:00:00+00:00,2024-03-27 11:00:00+00:00,-1,0
67537cd1007d5e22b969,59,60,train,2024-03-31 18:00:00+00:00,2024-03-31 20:00:00+00:00,1,3
e2cc45c0bfeae3fc5384,59,60,train,2024-04-02 02:00:00+00:00,2024-04-02 06:00:00+00:00,-1,3
cde50997410c4295f8ed,59,60,train,2024-04-04 15:00:00+00:00,2024-04-04 17:00:00+00:00,-1,0
b169d205d7681af9765d,59,60,validation,2024-07-11 03:00:00+00:00,2024-07-11 07:00:00+00:00,-1,2
64cd2d094adea1cea83f,59,60,validation,2024-07-12 11:00:00+00:00,2024-07-12 13:00:00+00:00,1,3
6b8224b77b9534429b4e,59,60,validation,2024-07-13 16:00:00+00:00,2024-07-14 04:00:00+00:00,1,1
9d394ee7d7eaef2d4e02,59,60,validation,2024-07-14 05:00:00+00:00,2024-07-14 08:00:00+00:00,-1,3
0bbac2a168cb6256a922,59,60,validation,2024-07-14 16:00:00+00:00,2024-07-14 19:00:00+00:00,-1,2
f03601c23c7a01d833a4,59,60,validation,2024-07-15 11:00:00+00:00,2024-07-15 13:00:00+00:00,1,3
5441ceecb20cfca36b53,59,60,validation,2024-07-16 16:00:00+00:00,2024-07-17 04:00:00+00:00,1,1
6474fac2db728c1c657c,59,60,validation,2024-07-17 05:00:00+00:00,2024-07-17 08:00:00+00:00,-1,3
ed3bb254139260e7273c,59,60,validation,2024-07-17 13:00:00+00:00,2024-07-17 16:00:00+00:00,1,1
52a4441572dfca2c8d18,59,60,validation,2024-07-17 18:00:00+00:00,2024-07-17 20:00:00+00:00,1,3
46013484886fcabeec0b,59,60,test,2024-07-21 07:00:00+00:00,2024-07-21 10:00:00+00:00,1,2
85d1564df794720d46ac,59,60,test,2024-07-21 17:00:00+00:00,2024-07-21 20:00:00+00:00,1,3
4590006363f1275eafd5,59,60,test,2024-07-22 06:00:00+00:00,2024-07-22 16:00:00+00:00,-1,1
0cfa7dddf1192e32aa15,59,60,test,2024-07-23 08:00:00+00:00,2024-07-23 10:00:00+00:00,-1,0
cf7c38f09fed6e6b0701,59,60,test,2024-07-23 12:00:00+00:00,2024-07-23 14:00:00+00:00,1,3
2ada5b96d90c0fd18f73,59,60,test,2024-07-23 17:00:00+00:00,2024-07-23 19:00:00+00:00,1,2
158a8c4a0abe40336451,59,60,test,2024-07-23 21:00:00+00:00,2024-07-23 23:00:00+00:00,1,3
24f49c21f15f973b9d4d,59,60,test,2024-07-27 05:00:00+00:00,2024-07-27 13:00:00+00:00,-1,2
4469a5ec0e9877b8bbd0,59,60,test,2024-07-28 14:00:00+00:00,2024-07-28 16:00:00+00:00,1,2
b170232a00234af3f6d8,59,60,test,2024-07-29 07:00:00+00:00,2024-07-29 12:00:00+00:00,1,1
fbae2773fc9331db4ae1,59,60,test,2024-07-29 13:00:00+00:00,2024-07-29 17:00:00+00:00,-1,3
95f6cbb614c34202aa6e,59,60,test,2024-07-30 13:00:00+00:00,2024-07-30 16:00:00+00:00,1,1
35a0cb11753da0aa00eb,59,60,test,2024-07-30 17:00:00+00:00,2024-07-30 20:00:00+00:00,1,3
c4d892059aa37bbc5f9f,59,60,test,2024-07-31 08:00:00+00:00,2024-07-31 11:00:00+00:00,-1,2
1cca1028a35708826fe8,59,60,test,2024-08-01 00:00:00+00:00,2024-08-01 03:00:00+00:00,-1,2
ab4bad57d3424165f014,59,60,test,2024-08-01 04:00:00+00:00,2024-08-01 08:00:00+00:00,-1,0
421e815249c3269abd71,59,60,test,2024-08-02 06:00:00+00:00,2024-08-02 09:00:00+00:00,1,1
6a39d1c6c010e0014df2,59,60,test,2024-08-02 10:00:00+00:00,2024-08-02 12:00:00+00:00,-1,2
83117173e74be84e26f7,59,60,test,2024-08-02 14:00:00+00:00,2024-08-02 18:00:00+00:00,-1,3
9347cf001db6700155c4,59,60,test,2024-08-07 11:00:00+00:00,2024-08-07 15:00:00+00:00,1,2
5ffb0541d55dfb2d4925,59,60,test,2024-08-07 20:00:00+00:00,2024-08-08 00:00:00+00:00,-1,3
882f008e1f938122201d,59,60,test,2024-08-08 13:00:00+00:00,2024-08-08 15:00:00+00:00,0,3
e8fc8b66be35b899e373,59,60,test,2024-08-12 02:00:00+00:00,2024-08-12 05:00:00+00:00,1,2
33b41bf6f91ee1dc1c3e,59,60,test,2024-08-12 08:00:00+00:00,2024-08-12 15:00:00+00:00,-1,0
b8e8265e6a3e47a558cc,59,60,test,2024-08-12 20:00:00+00:00,2024-08-12 22:00:00+00:00,-1,2
7f534b880a16ae024b88,59,60,test,2024-08-12 23:00:00+00:00,2024-08-13 01:00:00+00:00,1,2
9afaca840efe7557922d,59,60,test,2024-08-13 05:00:00+00:00,2024-08-13 09:00:00+00:00,1,3
dc858241fcb34aaaab46,59,60,test,2024-08-13 23:00:00+00:00,2024-08-14 02:00:00+00:00,1,1
1cac1c45cbcc6285ef20,59,60,test,2024-08-14 04:00:00+00:00,2024-08-14 06:00:00+00:00,1,3
fece4cfcfee6ae7b5dc0,59,60,test,2024-08-15 08:00:00+00:00,2024-08-15 10:00:00+00:00,1,2
cc10f40b170b84026e93,59,60,test,2024-08-15 12:00:00+00:00,2024-08-15 14:00:00+00:00,-1,0
b6087e53147fcbde8d8b,59,60,test,2024-08-17 03:00:00+00:00,2024-08-17 05:00:00+00:00,0,3
7a81f94ad340ed5582e3,59,60,test,2024-08-18 13:00:00+00:00,2024-08-19 00:00:00+00:00,1,1
5281cfefd0030bfc35c5,59,60,test,2024-08-19 19:00:00+00:00,2024-08-19 21:00:00+00:00,1,3
054bdedc9ce7e12c591a,59,60,test,2024-08-20 00:00:00+00:00,2024-08-20 02:00:00+00:00,1,2
83d7473894120a6b5e6b,59,60,test,2024-08-20 03:00:00+00:00,2024-08-20 07:00:00+00:00,-1,3
b2c410cea9d302cc4e48,59,60,test,2024-08-20 09:00:00+00:00,2024-08-20 14:00:00+00:00,1,1
2324d9daabc84c141155,59,60,test,2024-08-20 15:00:00+00:00,2024-08-20 20:00:00+00:00,-1,0
bfbeed2dd6433e1bfc8c,59,60,test,2024-08-21 18:00:00+00:00,2024-08-21 20:00:00+00:00,-1,2
60b73a06bf81d7b5d3d5,59,60,test,2024-08-22 18:00:00+00:00,2024-08-22 20:00:00+00:00,1,2
ca1f78b6508137c7d38b,59,60,test,2024-08-22 23:00:00+00:00,2024-08-23 02:00:00+00:00,1,1
61d0f8e568cf2340a160,59,60,test,2024-08-23 04:00:00+00:00,2024-08-23 08:00:00+00:00,-1,3
247da653c27c720a6f39,60,60,train,2024-02-26 22:00:00+00:00,2024-02-27 02:00:00+00:00,1,2
249325df1f935104b6cf,60,60,train,2024-02-27 18:00:00+00:00,2024-02-27 23:00:00+00:00,1,1
6416fceb2c077712657e,60,60,train,2024-02-28 18:00:00+00:00,2024-02-28 20:00:00+00:00,-1,2
bbe3ab772d020c3a96da,60,60,train,2024-02-28 21:00:00+00:00,2024-02-29 00:00:00+00:00,-1,3
66846b05bc783edb971b,60,60,train,2024-03-03 14:00:00+00:00,2024-03-03 17:00:00+00:00,-1,2
0ca7aa7635beac068fd4,60,60,train,2024-03-03 19:00:00+00:00,2024-03-03 23:00:00+00:00,-1,2
338c5c3b55defee6f3ba,60,60,train,2024-03-04 22:00:00+00:00,2024-03-05 01:00:00+00:00,1,2
32ea37f8b37932239d93,60,60,train,2024-03-12 21:00:00+00:00,2024-03-12 23:00:00+00:00,-1,2
790921906bb8654c7501,60,60,train,2024-03-15 16:00:00+00:00,2024-03-15 18:00:00+00:00,1,3
f1c2bfa45430ee6193e5,60,60,train,2024-03-26 11:00:00+00:00,2024-03-26 13:00:00+00:00,-1,3
547319519d10f20f1e79,60,60,train,2024-03-27 08:00:00+00:00,2024-03-27 11:00:00+00:00,1,2
0b802b0ddf163584d989,60,60,train,2024-03-31 12:00:00+00:00,2024-03-31 14:00:00+00:00,-1,2
e13839b3d971d17d3150,60,60,train,2024-03-31 16:00:00+00:00,2024-03-31 18:00:00+00:00,-1,3
13666db5af438a71ff9b,60,60,train,2024-04-02 02:00:00+00:00,2024-04-02 06:00:00+00:00,-1,3
b87c3ecd7e545231831e,60,60,train,2024-04-04 13:00:00+00:00,2024-04-04 19:00:00+00:00,-1,0
f276921d28f193a79bed,60,60,validation,2024-07-11 11:00:00+00:00,2024-07-11 13:00:00+00:00,-1,3
d2142f736e57dd23caa6,60,60,validation,2024-07-12 10:00:00+00:00,2024-07-12 12:00:00+00:00,1,3
aa824249e67f00cf0c72,60,60,validation,2024-07-12 19:00:00+00:00,2024-07-12 21:00:00+00:00,0,3
50de56eb77f391cb8447,60,60,test,2024-07-13 23:00:00+00:00,2024-07-14 04:00:00+00:00,1,3
29ba6c6a264f36d6d1eb,60,60,test,2024-07-14 06:00:00+00:00,2024-07-14 09:00:00+00:00,1,3
25a6b9a8a59d38e7cf15,60,60,test,2024-07-14 11:00:00+00:00,2024-07-14 15:00:00+00:00,1,2
7795fef8079f93d4d63b,60,60,test,2024-07-15 10:00:00+00:00,2024-07-15 12:00:00+00:00,1,3
f744f117f380832eed53,60,60,test,2024-07-15 19:00:00+00:00,2024-07-15 21:00:00+00:00,0,3
0ae80f3b54c2040966d5,60,60,test,2024-07-16 15:00:00+00:00,2024-07-17 04:00:00+00:00,1,2
849baaff0b3d2476849d,60,60,test,2024-07-17 06:00:00+00:00,2024-07-17 09:00:00+00:00,1,3
56eba463fb56a506aa02,60,60,test,2024-07-17 15:00:00+00:00,2024-07-17 17:00:00+00:00,-1,2
650d1035f124ab999fbc,60,60,test,2024-07-17 19:00:00+00:00,2024-07-17 21:00:00+00:00,1,3
d99c86fa8d44c32a0448,60,60,test,2024-07-19 13:00:00+00:00,2024-07-19 15:00:00+00:00,1,3
b6f312cb195ff2ea7ee9,60,60,test,2024-07-21 14:00:00+00:00,2024-07-21 23:00:00+00:00,-1,0
b92c91c7d999a62ee1ac,60,60,test,2024-07-22 07:00:00+00:00,2024-07-22 14:00:00+00:00,1,2
34cd532d5195c9d57b42,60,60,test,2024-07-25 04:00:00+00:00,2024-07-25 06:00:00+00:00,-1,3
f809f3969e1160809ce6,60,60,test,2024-07-25 15:00:00+00:00,2024-07-25 17:00:00+00:00,1,2
cf7042def2c067255ef8,60,60,test,2024-07-26 17:00:00+00:00,2024-07-26 19:00:00+00:00,-1,2
fd9edddd6a8d01f11ee8,60,60,test,2024-07-26 21:00:00+00:00,2024-07-26 23:00:00+00:00,-1,3
f453419a7d56551e3c0d,60,60,test,2024-07-27 05:00:00+00:00,2024-07-27 13:00:00+00:00,-1,2
49af9490439e89adc33e,60,60,test,2024-07-28 20:00:00+00:00,2024-07-28 22:00:00+00:00,-1,3
e9b7b6ba3a78c773d706,60,60,test,2024-07-29 08:00:00+00:00,2024-07-29 11:00:00+00:00,1,1
8471efd081b62a17d69d,60,60,test,2024-07-29 12:00:00+00:00,2024-07-29 14:00:00+00:00,-1,0
88a89faf3ae4df334c80,60,60,test,2024-07-29 18:00:00+00:00,2024-07-29 20:00:00+00:00,1,3
15c99bbbb4351a55a209,60,60,test,2024-07-30 12:00:00+00:00,2024-07-30 21:00:00+00:00,1,1
a8b593347264da686f25,60,60,test,2024-07-30 23:00:00+00:00,2024-07-31 01:00:00+00:00,-1,2
ba1e6e1e542b0a33e2b9,60,60,test,2024-07-31 03:00:00+00:00,2024-07-31 08:00:00+00:00,1,1
d1b8ffa23bd35891f0ea,60,60,test,2024-07-31 09:00:00+00:00,2024-07-31 11:00:00+00:00,1,3
ba5f2ea13bed368b840f,60,60,test,2024-07-31 20:00:00+00:00,2024-07-31 22:00:00+00:00,1,3
a2b6d3e154462c04c068,60,60,test,2024-07-31 23:00:00+00:00,2024-08-01 03:00:00+00:00,1,1
5b4fe04a7f7ab08b5fe5,60,60,test,2024-08-01 06:00:00+00:00,2024-08-01 11:00:00+00:00,-1,0
9846e24d4268dd7f72e8,60,60,test,2024-08-02 08:00:00+00:00,2024-08-02 12:00:00+00:00,1,2
08f29b04949c06826143,60,60,test,2024-08-02 14:00:00+00:00,2024-08-02 17:00:00+00:00,-1,3
b0652a0c1752785664bd,60,60,test,2024-08-05 09:00:00+00:00,2024-08-05 12:00:00+00:00,-1,0
6a2309439ba96343b6f4,60,60,test,2024-08-05 16:00:00+00:00,2024-08-05 18:00:00+00:00,1,3
ea6872a9e1d1713cfead,60,60,test,2024-08-06 23:00:00+00:00,2024-08-07 01:00:00+00:00,-1,2
375a99e462051ffee0f3,60,60,test,2024-08-07 03:00:00+00:00,2024-08-07 05:00:00+00:00,-1,3
d359210209f3c8f963eb,60,60,test,2024-08-07 18:00:00+00:00,2024-08-07 20:00:00+00:00,1,2
aca038734146b05f6590,60,60,test,2024-08-07 22:00:00+00:00,2024-08-08 00:00:00+00:00,-1,3
32af53dc1a9c688ca789,60,60,test,2024-08-08 16:00:00+00:00,2024-08-08 18:00:00+00:00,1,1
46f87468ba73ea096270,60,60,test,2024-08-11 15:00:00+00:00,2024-08-11 17:00:00+00:00,1,1
e92b2983f03ebb7e7ee3,60,60,test,2024-08-12 02:00:00+00:00,2024-08-12 06:00:00+00:00,1,1
4a3bd3d4ef58c8ce0051,60,60,test,2024-08-12 12:00:00+00:00,2024-08-12 16:00:00+00:00,-1,3
5020c9b6dae7312928f2,60,60,test,2024-08-13 05:00:00+00:00,2024-08-13 09:00:00+00:00,-1,3
62280b5f3389a04c760c,60,60,test,2024-08-14 00:00:00+00:00,2024-08-14 10:00:00+00:00,1,0
1842f59baa443b1879b3,60,60,test,2024-08-14 12:00:00+00:00,2024-08-14 14:00:00+00:00,-1,3
681e394191667911c06c,60,60,test,2024-08-15 07:00:00+00:00,2024-08-15 09:00:00+00:00,-1,2
53e76bc0ae50c27db4f9,60,60,test,2024-08-15 11:00:00+00:00,2024-08-15 13:00:00+00:00,1,3
e4600d9d77c642d42ce1,60,60,test,2024-08-15 16:00:00+00:00,2024-08-15 20:00:00+00:00,-1,2
bfadca64625101a9254e,60,60,test,2024-08-16 16:00:00+00:00,2024-08-16 18:00:00+00:00,-1,2
656b88c78f56da3fc88a,60,60,test,2024-08-17 03:00:00+00:00,2024-08-17 05:00:00+00:00,0,3
cd59215a3a2d277e42f2,61,60,train,2024-02-26 22:00:00+00:00,2024-02-27 02:00:00+00:00,1,2
12dc9a70b4e42c22de18,61,60,train,2024-02-27 18:00:00+00:00,2024-02-27 23:00:00+00:00,1,1
c803ff1168ae8e13a3e4,61,60,train,2024-02-28 17:00:00+00:00,2024-02-28 20:00:00+00:00,-1,1
59f832c7754500784222,61,60,train,2024-02-28 21:00:00+00:00,2024-02-29 00:00:00+00:00,1,3
05c45290c32f16cafee3,61,60,train,2024-03-03 14:00:00+00:00,2024-03-03 17:00:00+00:00,-1,2
c377967eb9924a1f2ece,61,60,train,2024-03-03 19:00:00+00:00,2024-03-03 23:00:00+00:00,1,2
f3f22980c3b1ba87ac48,61,60,train,2024-03-04 22:00:00+00:00,2024-03-05 01:00:00+00:00,1,2
62f3b8e72498b0b9d4aa,61,60,train,2024-03-11 22:00:00+00:00,2024-03-12 01:00:00+00:00,1,2
1107e7a16ebe55353ac8,61,60,train,2024-03-12 21:00:00+00:00,2024-03-12 23:00:00+00:00,-1,2
10d29d6c23eaab41b84d,61,60,train,2024-03-13 19:00:00+00:00,2024-03-13 22:00:00+00:00,-1,2
edc938763f0b4bc47f64,61,60,train,2024-03-14 08:00:00+00:00,2024-03-14 11:00:00+00:00,-1,0
0d6ae5b9e629dab8a402,61,60,train,2024-03-14 16:00:00+00:00,2024-03-14 18:00:00+00:00,-1,3
37655fdcc03ef3ed2c19,61,60,train,2024-03-15 21:00:00+00:00,2024-03-16 02:00:00+00:00,1,1
5a55629517c108815b4e,61,60,train,2024-03-29 19:00:00+00:00,2024-03-29 21:00:00+00:00,1,2
49635efdb921c18ecc25,61,60,train,2024-04-02 02:00:00+00:00,2024-04-02 06:00:00+00:00,-1,3
e44c38845500821925ca,61,60,validation,2024-07-12 08:00:00+00:00,2024-07-12 10:00:00+00:00,-1,0
2e32fb0a34391b3112ce,61,60,validation,2024-07-12 19:00:00+00:00,2024-07-12 21:00:00+00:00,1,3
33a19b2f52d84d874eb5,61,60,test,2024-07-13 23:00:00+00:00,2024-07-14 02:00:00+00:00,1,3
b286f286b55956e0f1ad,61,60,test,2024-07-14 11:00:00+00:00,2024-07-14 16:00:00+00:00,1,1
04fab8f8d74ce830bf70,61,60,test,2024-07-14 17:00:00+00:00,2024-07-14 19:00:00+00:00,-1,3
fe29849414a74879f0ac,61,60,test,2024-07-15 08:00:00+00:00,2024-07-15 10:00:00+00:00,-1,0
753a3ba9ec76789a7b86,61,60,test,2024-07-15 19:00:00+00:00,2024-07-15 21:00:00+00:00,1,3
966c7ff6a813298e054e,61,60,test,2024-07-16 15:00:00+00:00,2024-07-16 20:00:00+00:00,1,1
7334ed1c98c57a1e640f,61,60,test,2024-07-16 21:00:00+00:00,2024-07-17 02:00:00+00:00,-1,0
a18237d9a133fb1f045f,61,60,test,2024-07-17 14:00:00+00:00,2024-07-17 17:00:00+00:00,-1,2
14c3cc402326fe18d4af,61,60,test,2024-07-17 18:00:00+00:00,2024-07-17 22:00:00+00:00,-1,3
c5e574a3f54ba9c95ed1,61,60,test,2024-07-19 05:00:00+00:00,2024-07-19 08:00:00+00:00,-1,2
6f1ea1ecf57cd0a2f7ea,61,60,test,2024-07-19 10:00:00+00:00,2024-07-19 14:00:00+00:00,-1,3
551d305d5d5072fe4bc3,61,60,test,2024-07-21 06:00:00+00:00,2024-07-21 08:00:00+00:00,1,1
e905fe6790a6fd015fa2,61,60,test,2024-07-21 10:00:00+00:00,2024-07-21 12:00:00+00:00,-1,3
02406254335b68f52530,61,60,test,2024-07-21 20:00:00+00:00,2024-07-21 22:00:00+00:00,-1,3
3892fc582a935e4bcef0,61,60,test,2024-07-22 06:00:00+00:00,2024-07-22 10:00:00+00:00,1,1
1d43d81a76c592ffa786,61,60,test,2024-07-22 11:00:00+00:00,2024-07-22 13:00:00+00:00,1,3
f8fa70572fc2f4c78bba,61,60,test,2024-07-23 20:00:00+00:00,2024-07-24 00:00:00+00:00,1,3
a448c633ae59db7e38a8,61,60,test,2024-07-24 17:00:00+00:00,2024-07-24 19:00:00+00:00,1,2
03c49c4b013450b2dad7,61,60,test,2024-07-24 23:00:00+00:00,2024-07-25 01:00:00+00:00,-1,2
53fda0e05b054f2b8a1c,61,60,test,2024-07-25 02:00:00+00:00,2024-07-25 05:00:00+00:00,-1,0
25a85ae2d24a744256e7,61,60,test,2024-07-25 15:00:00+00:00,2024-07-25 17:00:00+00:00,-1,2
cdb7974b62e5a1f1e218,61,60,test,2024-07-26 03:00:00+00:00,2024-07-26 05:00:00+00:00,-1,3
4e96484c63e69c5a4bb5,61,60,test,2024-07-26 16:00:00+00:00,2024-07-26 18:00:00+00:00,-1,2
17bad08a984eb575e1be,61,60,test,2024-07-26 20:00:00+00:00,2024-07-26 22:00:00+00:00,-1,3
f487fe68ba2d91467412,61,60,test,2024-07-27 04:00:00+00:00,2024-07-27 13:00:00+00:00,-1,1
aae95f8930731b31d3a5,61,60,test,2024-07-29 07:00:00+00:00,2024-07-29 12:00:00+00:00,1,1
aa9b77ba8785b299d17e,61,60,test,2024-07-29 13:00:00+00:00,2024-07-29 20:00:00+00:00,-1,3
1625ce3090f3b06d62b5,61,60,test,2024-07-30 09:00:00+00:00,2024-07-30 11:00:00+00:00,1,2
97c64bf906f7d1d99358,61,60,test,2024-07-30 13:00:00+00:00,2024-07-30 16:00:00+00:00,-1,2
f79c18532c8e383a5012,61,60,test,2024-07-30 17:00:00+00:00,2024-07-30 20:00:00+00:00,1,3
3ffb26a9af2970c776d1,61,60,test,2024-07-31 07:00:00+00:00,2024-07-31 09:00:00+00:00,-1,2
999abd084dbfdd61f5b1,61,60,test,2024-08-01 07:00:00+00:00,2024-08-01 10:00:00+00:00,-1,3
c8fc7dc521e47f8e7a12,61,60,test,2024-08-02 07:00:00+00:00,2024-08-02 09:00:00+00:00,1,2
221425cce62163ff869f,61,60,test,2024-08-02 14:00:00+00:00,2024-08-02 17:00:00+00:00,-1,3
928594ac552e325cbe2a,61,60,test,2024-08-05 11:00:00+00:00,2024-08-05 13:00:00+00:00,1,1
240f3f8e5efaffa4d2c9,61,60,test,2024-08-05 15:00:00+00:00,2024-08-05 18:00:00+00:00,-1,3
7d06d9dfe5c9207e0e35,61,60,test,2024-08-06 23:00:00+00:00,2024-08-07 01:00:00+00:00,-1,2
8c895394abed44371267,61,60,test,2024-08-07 03:00:00+00:00,2024-08-07 05:00:00+00:00,-1,3
cf87469284612bc910c6,61,60,test,2024-08-07 11:00:00+00:00,2024-08-07 16:00:00+00:00,1,1
f739782e3138b77bfb21,61,60,test,2024-08-07 19:00:00+00:00,2024-08-08 00:00:00+00:00,-1,0
94c1fde79a9cc3c67928,61,60,test,2024-08-08 16:00:00+00:00,2024-08-08 18:00:00+00:00,1,2
a6ced75b0198d9669d33,61,60,test,2024-08-08 20:00:00+00:00,2024-08-08 22:00:00+00:00,1,3
790c5fd6096f9b2cdab8,61,60,test,2024-08-11 23:00:00+00:00,2024-08-12 01:00:00+00:00,1,2
70a3b4d4307012f2177e,61,60,test,2024-08-12 02:00:00+00:00,2024-08-12 10:00:00+00:00,1,3
fea88989c6a1ba6f47bd,61,60,test,2024-08-12 11:00:00+00:00,2024-08-12 14:00:00+00:00,-1,3
87d88263364b2d5a779e,61,60,test,2024-08-12 23:00:00+00:00,2024-08-13 01:00:00+00:00,-1,2
a001ffbae468c461d324,61,60,test,2024-08-13 06:00:00+00:00,2024-08-13 09:00:00+00:00,-1,3
d41ebdf71796e7f99676,61,60,test,2024-08-13 23:00:00+00:00,2024-08-14 02:00:00+00:00,1,1
742871c62497a57e9c3b,61,60,test,2024-08-14 04:00:00+00:00,2024-08-14 10:00:00+00:00,1,3
ff524ca27aa0666a301e,61,60,test,2024-08-14 12:00:00+00:00,2024-08-14 14:00:00+00:00,-1,3
61883b0173ec68c6099a,61,60,test,2024-08-16 16:00:00+00:00,2024-08-16 18:00:00+00:00,-1,2
4a10598f383321cad5ef,61,60,test,2024-08-16 23:00:00+00:00,2024-08-17 01:00:00+00:00,1,2
4ff81c3ab538731c8ac8,61,60,test,2024-08-17 03:00:00+00:00,2024-08-17 05:00:00+00:00,-1,3
7de37601ba54f739f087,62,60,train,2024-02-26 22:00:00+00:00,2024-02-27 03:00:00+00:00,1,1
9e8fa7e29ca0971ed89b,62,60,train,2024-02-27 18:00:00+00:00,2024-02-28 00:00:00+00:00,1,1
0360f8202cd47ace5382,62,60,train,2024-02-28 17:00:00+00:00,2024-02-28 20:00:00+00:00,1,1
9374d5f0040c311e998c,62,60,train,2024-03-03 14:00:00+00:00,2024-03-03 17:00:00+00:00,-1,2
32b07d03ccdedf5d6f7b,62,60,train,2024-03-03 19:00:00+00:00,2024-03-03 23:00:00+00:00,1,2
331988da6ec7b5fe286a,62,60,train,2024-03-04 19:00:00+00:00,2024-03-04 21:00:00+00:00,1,3
5910e2f675196380ac24,62,60,train,2024-03-04 22:00:00+00:00,2024-03-05 01:00:00+00:00,-1,2
b4e831f989b43536d15c,62,60,train,2024-03-11 22:00:00+00:00,2024-03-12 01:00:00+00:00,1,2
053c06f9fb6498c84228,62,60,train,2024-03-12 21:00:00+00:00,2024-03-12 23:00:00+00:00,-1,2
c29e8032f29bc6b90d11,62,60,train,2024-03-14 08:00:00+00:00,2024-03-14 11:00:00+00:00,-1,0
2a191f9417106b543145,62,60,train,2024-03-14 15:00:00+00:00,2024-03-14 17:00:00+00:00,-1,3
c0d216b572200b465005,62,60,train,2024-03-15 21:00:00+00:00,2024-03-16 02:00:00+00:00,1,1
61a535faa75979e48b85,62,60,train,2024-03-16 03:00:00+00:00,2024-03-16 07:00:00+00:00,1,3
a83313a4b36181df307c,62,60,train,2024-04-02 02:00:00+00:00,2024-04-02 05:00:00+00:00,-1,3
2b92d9647dc276cbefdd,62,60,train,2024-04-04 12:00:00+00:00,2024-04-04 19:00:00+00:00,-1,2
bcf1c77f3fad73694ece,62,60,validation,2024-07-12 14:00:00+00:00,2024-07-12 16:00:00+00:00,1,1
ba052ed81e3e28cf741a,62,60,validation,2024-07-12 19:00:00+00:00,2024-07-12 21:00:00+00:00,-1,3
6e24ea042c2653eac7d5,62,60,test,2024-07-13 23:00:00+00:00,2024-07-14 02:00:00+00:00,1,3
b74e2c3ce5fddad681e9,62,60,test,2024-07-14 05:00:00+00:00,2024-07-14 07:00:00+00:00,1,3
5d5276f9f8158671f398,62,60,test,2024-07-14 10:00:00+00:00,2024-07-14 15:00:00+00:00,1,1
01b41424cab89a09fa4b,62,60,test,2024-07-15 14:00:00+00:00,2024-07-15 16:00:00+00:00,1,1
d334e9ffeda969a1857a,62,60,test,2024-07-15 19:00:00+00:00,2024-07-15 21:00:00+00:00,-1,3
30f7336c0abe3ce96024,62,60,test,2024-07-16 15:00:00+00:00,2024-07-16 20:00:00+00:00,1,1
be78a14e69d1abdfe218,62,60,test,2024-07-16 21:00:00+00:00,2024-07-17 02:00:00+00:00,-1,0
1802ad8d8c5dcd7fbe55,62,60,test,2024-07-17 05:00:00+00:00,2024-07-17 07:00:00+00:00,1,3
a0639353a0cec03145ac,62,60,test,2024-07-17 14:00:00+00:00,2024-07-17 17:00:00+00:00,-1,2
ce41ca19531fd11d5fc0,62,60,test,2024-07-17 18:00:00+00:00,2024-07-17 21:00:00+00:00,1,3
6a6d28c19b5d23e05439,62,60,test,2024-07-19 06:00:00+00:00,2024-07-19 08:00:00+00:00,-1,2
663968082acd47c6b850,62,60,test,2024-07-19 09:00:00+00:00,2024-07-19 12:00:00+00:00,0,3
be97145a8906ca4602ed,62,60,test,2024-07-20 10:00:00+00:00,2024-07-20 12:00:00+00:00,1,2
5cd0f848628b38b8de98,62,60,test,2024-07-21 06:00:00+00:00,2024-07-21 09:00:00+00:00,1,1
94a77bed2723a2ca0890,62,60,test,2024-07-21 11:00:00+00:00,2024-07-21 13:00:00+00:00,1,3
71e7e8569393fdf36891,62,60,test,2024-07-21 20:00:00+00:00,2024-07-21 22:00:00+00:00,-1,3
04843df7eadef241bfb5,62,60,test,2024-07-22 07:00:00+00:00,2024-07-22 10:00:00+00:00,-1,0
f8ff2b3e46d7583611f7,62,60,test,2024-07-22 16:00:00+00:00,2024-07-22 18:00:00+00:00,-1,3
ca2ff28ccc590acf6223,62,60,test,2024-07-23 08:00:00+00:00,2024-07-23 11:00:00+00:00,1,2
1fde121575e0b25552ed,62,60,test,2024-07-23 21:00:00+00:00,2024-07-23 23:00:00+00:00,1,3
6d7f3b4fce7736843624,62,60,test,2024-07-24 17:00:00+00:00,2024-07-24 19:00:00+00:00,1,2
41be962f74bbe474abc7,62,60,test,2024-07-25 02:00:00+00:00,2024-07-25 05:00:00+00:00,-1,3
5431eaa3c43656a7fcb1,62,60,test,2024-07-27 04:00:00+00:00,2024-07-27 14:00:00+00:00,-1,1
2cd073499206f7086e46,62,60,test,2024-07-28 15:00:00+00:00,2024-07-28 17:00:00+00:00,-1,0
fbc07a4e1b66e420eaea,62,60,test,2024-07-29 07:00:00+00:00,2024-07-29 15:00:00+00:00,1,1
f950ed34bcf0f1e933d2,62,60,test,2024-07-29 18:00:00+00:00,2024-07-29 20:00:00+00:00,1,3
47fa7eb0322e29f0cb7d,62,60,test,2024-07-30 07:00:00+00:00,2024-07-30 11:00:00+00:00,1,2
b191d1db6a901f517473,62,60,test,2024-07-30 17:00:00+00:00,2024-07-30 20:00:00+00:00,1,3
af325accb601889e96a7,62,60,test,2024-07-31 06:00:00+00:00,2024-07-31 10:00:00+00:00,0,2
3ff6748bddbed750e33b,62,60,test,2024-08-01 02:00:00+00:00,2024-08-01 05:00:00+00:00,1,2
0bf3744bdb467d97938a,62,60,test,2024-08-01 06:00:00+00:00,2024-08-01 10:00:00+00:00,-1,3
a19d772dd18dc8419f1e,62,60,test,2024-08-02 10:00:00+00:00,2024-08-02 13:00:00+00:00,1,1
2a220f6baa2c13b2f9fe,62,60,test,2024-08-05 09:00:00+00:00,2024-08-05 12:00:00+00:00,-1,2
5325b52bbce8974ca9e9,62,60,test,2024-08-05 14:00:00+00:00,2024-08-05 18:00:00+00:00,-1,0
6202e64f73c7baebd87b,62,60,test,2024-08-07 11:00:00+00:00,2024-08-07 15:00:00+00:00,1,2
dbad4700c3da3fea7c57,62,60,test,2024-08-07 19:00:00+00:00,2024-08-08 00:00:00+00:00,-1,0
733879239a61c6b684d1,62,60,test,2024-08-08 09:00:00+00:00,2024-08-08 11:00:00+00:00,1,2
a3e99208b8aaefad0f50,62,60,test,2024-08-08 12:00:00+00:00,2024-08-08 15:00:00+00:00,0,3
dcba484d52f89f9392ce,62,60,test,2024-08-08 17:00:00+00:00,2024-08-08 19:00:00+00:00,-1,2
fdbc8accafbdfd1f5dc9,62,60,test,2024-08-09 11:00:00+00:00,2024-08-09 13:00:00+00:00,1,3
9d9240c9ac2c5691b98c,62,60,test,2024-08-10 07:00:00+00:00,2024-08-10 09:00:00+00:00,-1,2
cd588514f640b50c6858,62,60,test,2024-08-12 00:00:00+00:00,2024-08-12 07:00:00+00:00,-1,0
9f64d12fb36491576973,62,60,test,2024-08-12 08:00:00+00:00,2024-08-12 10:00:00+00:00,-1,2
36391199d6946dfa04a8,62,60,test,2024-08-12 11:00:00+00:00,2024-08-12 15:00:00+00:00,-1,3
569e6e07fb7dc71a1c68,62,60,test,2024-08-12 23:00:00+00:00,2024-08-13 01:00:00+00:00,1,2
dbe6c84bcf22d012c0ab,62,60,test,2024-08-13 04:00:00+00:00,2024-08-13 09:00:00+00:00,-1,0
068e02d6b5903cba9c99,62,60,test,2024-08-13 23:00:00+00:00,2024-08-14 07:00:00+00:00,-1,2
a279e440c6e329e46ec1,62,60,test,2024-08-14 12:00:00+00:00,2024-08-14 14:00:00+00:00,-1,3
51dcf8d678447f769917,62,60,test,2024-08-17 03:00:00+00:00,2024-08-17 06:00:00+00:00,-1,3
d42c3f76e7ada50ee488,63,60,train,2024-02-26 22:00:00+00:00,2024-02-27 00:00:00+00:00,1,1
f9ed23099121ee3574f6,63,60,train,2024-02-27 01:00:00+00:00,2024-02-27 03:00:00+00:00,1,2
fa3fa0b21b3184d5ad97,63,60,train,2024-02-27 20:00:00+00:00,2024-02-28 01:00:00+00:00,1,1
5bdabcd19343649d040d,63,60,train,2024-02-28 15:00:00+00:00,2024-02-28 17:00:00+00:00,-1,2
25aa8dedca35c2339a5b,63,60,train,2024-02-28 19:00:00+00:00,2024-02-28 21:00:00+00:00,-1,0
43117fb65f9aab59a4c6,63,60,train,2024-02-28 22:00:00+00:00,2024-02-29 00:00:00+00:00,-1,3
9e8644bf54a14fa77882,63,60,train,2024-03-03 14:00:00+00:00,2024-03-03 19:00:00+00:00,1,1
d88cb95380d84c2af239,63,60,train,2024-03-03 20:00:00+00:00,2024-03-03 22:00:00+00:00,-1,2
e3521f3b4d5ec1162087,63,60,train,2024-03-04 00:00:00+00:00,2024-03-04 02:00:00+00:00,-1,3
5ab2374d858273b7be18,63,60,train,2024-03-04 22:00:00+00:00,2024-03-05 00:00:00+00:00,1,2
7caaf9d276b87def02b1,63,60,train,2024-03-13 21:00:00+00:00,2024-03-13 23:00:00+00:00,1,2
e84e98d5339c692828b9,63,60,train,2024-03-14 00:00:00+00:00,2024-03-14 12:00:00+00:00,-1,3
962ba3b7205357d36c31,63,60,train,2024-03-15 02:00:00+00:00,2024-03-15 05:00:00+00:00,1,2
72cab916dd0a7b7de25e,63,60,train,2024-03-15 21:00:00+00:00,2024-03-16 02:00:00+00:00,1,1
ec762f53c1609eb15a38,63,60,train,2024-03-16 06:00:00+00:00,2024-03-16 10:00:00+00:00,-1,0
7deaf34d792a920b048e,63,60,train,2024-03-23 19:00:00+00:00,2024-03-23 22:00:00+00:00,1,3
4c1a405c705bf77aede2,63,60,train,2024-03-23 23:00:00+00:00,2024-03-24 01:00:00+00:00,-1,2
c9db90aebaca05024cfc,63,60,train,2024-03-26 04:00:00+00:00,2024-03-26 12:00:00+00:00,1,1
19f318e5a39ac849a5b3,63,60,validation,2024-07-08 20:00:00+00:00,2024-07-08 22:00:00+00:00,1,3
ed589b34fe2a9fdf7d8e,63,60,validation,2024-07-08 23:00:00+00:00,2024-07-09 01:00:00+00:00,-1,2
662c761464eee7b7cc46,63,60,validation,2024-07-11 04:00:00+00:00,2024-07-11 12:00:00+00:00,1,1
d1fea325d87cd0d86295,63,60,validation,2024-07-12 08:00:00+00:00,2024-07-12 14:00:00+00:00,-1,0
5aa8d54383cf97a3e9ea,63,60,test,2024-07-13 23:00:00+00:00,2024-07-14 05:00:00+00:00,-1,3
36ea3cf4060b5bfbcbc4,63,60,test,2024-07-14 06:00:00+00:00,2024-07-14 08:00:00+00:00,1,3
50e042678b1c8fb93d3e,63,60,test,2024-07-14 10:00:00+00:00,2024-07-14 15:00:00+00:00,1,1
286f83cbc6a5ee1716d5,63,60,test,2024-07-15 08:00:00+00:00,2024-07-15 14:00:00+00:00,-1,0
1c4e7cf519473041760f,63,60,test,2024-07-16 15:00:00+00:00,2024-07-16 19:00:00+00:00,1,2
2899c5bd8651179c68de,63,60,test,2024-07-16 20:00:00+00:00,2024-07-17 05:00:00+00:00,-1,0
1b43c11eec45f32b6eda,63,60,test,2024-07-17 06:00:00+00:00,2024-07-17 08:00:00+00:00,1,3
efc426273aba71f24704,63,60,test,2024-07-17 14:00:00+00:00,2024-07-17 22:00:00+00:00,-1,0
cae14278c82b0b1e31ab,63,60,test,2024-07-18 14:00:00+00:00,2024-07-18 17:00:00+00:00,-1,2
11a03c7d45a307d0e93c,63,60,test,2024-07-18 18:00:00+00:00,2024-07-18 20:00:00+00:00,1,3
32640f21cbabb439b37b,63,60,test,2024-07-19 07:00:00+00:00,2024-07-19 11:00:00+00:00,1,1
2896788310afcbeb868f,63,60,test,2024-07-19 12:00:00+00:00,2024-07-19 17:00:00+00:00,1,3
c28e34dac6ef8a1058c1,63,60,test,2024-07-19 18:00:00+00:00,2024-07-19 20:00:00+00:00,1,3
5520a4436e2815f88aea,63,60,test,2024-07-21 07:00:00+00:00,2024-07-21 09:00:00+00:00,1,2
cabff5c8bc8100559714,63,60,test,2024-07-21 17:00:00+00:00,2024-07-21 19:00:00+00:00,1,3
fdd7cafae7b999a98664,63,60,test,2024-07-22 06:00:00+00:00,2024-07-22 19:00:00+00:00,-1,2
6c87713dd920071cb22a,63,60,test,2024-07-23 17:00:00+00:00,2024-07-23 19:00:00+00:00,-1,2
ad71df3853d81c0e49af,63,60,test,2024-07-23 21:00:00+00:00,2024-07-23 23:00:00+00:00,1,3
a93a61b5a301a1776197,63,60,test,2024-07-24 17:00:00+00:00,2024-07-24 19:00:00+00:00,1,2
e90cc7f819d29bc0d385,63,60,test,2024-07-25 13:00:00+00:00,2024-07-25 15:00:00+00:00,1,2
1fe0da4745c32ca87440,63,60,test,2024-07-26 16:00:00+00:00,2024-07-26 18:00:00+00:00,1,2
f02ca2965b3ea5c28844,63,60,test,2024-07-26 20:00:00+00:00,2024-07-26 22:00:00+00:00,-1,3
83d77f96f1b7e6dd8649,63,60,test,2024-07-27 05:00:00+00:00,2024-07-27 14:00:00+00:00,-1,0
19c4bebd9e590f05ef03,63,60,test,2024-07-28 11:00:00+00:00,2024-07-28 15:00:00+00:00,1,1
f28a2a8195257b9a9d6a,63,60,test,2024-07-28 16:00:00+00:00,2024-07-28 21:00:00+00:00,-1,0
169fee6db2244304a5d2,63,60,test,2024-07-29 09:00:00+00:00,2024-07-29 17:00:00+00:00,-1,2
1b80158adab3fc1e99a4,63,60,test,2024-07-30 14:00:00+00:00,2024-07-30 16:00:00+00:00,-1,2
8d8da3ea47fd03eb4e9a,63,60,test,2024-07-30 18:00:00+00:00,2024-07-30 20:00:00+00:00,1,3
a93deeecc3187e731fbd,63,60,test,2024-07-31 00:00:00+00:00,2024-07-31 03:00:00+00:00,1,2
37b741d9ad6b38d636a5,63,60,test,2024-07-31 06:00:00+00:00,2024-07-31 10:00:00+00:00,1,2
31e191c6b3bdfd379858,63,60,test,2024-07-31 11:00:00+00:00,2024-07-31 22:00:00+00:00,-1,0
eae0e2f0ff64ee69f78d,63,60,test,2024-08-01 01:00:00+00:00,2024-08-01 09:00:00+00:00,-1,2
de035ff2fa61bf0bd914,63,60,test,2024-08-02 07:00:00+00:00,2024-08-02 12:00:00+00:00,1,2
76dc649b600dc2e837cc,63,60,test,2024-08-02 14:00:00+00:00,2024-08-02 17:00:00+00:00,-1,3
9e4a27de0e45dd4672a9,63,60,test,2024-08-03 15:00:00+00:00,2024-08-03 17:00:00+00:00,1,3
c3caf7891f74f094e1bc,63,60,test,2024-08-05 08:00:00+00:00,2024-08-05 12:00:00+00:00,1,1
88e3e6a4553276d97801,63,60,test,2024-08-05 13:00:00+00:00,2024-08-05 16:00:00+00:00,-1,0
0807b27ec258b24d25a1,63,60,test,2024-08-07 11:00:00+00:00,2024-08-07 16:00:00+00:00,1,1
930bea3eb0d218f629ff,63,60,test,2024-08-07 19:00:00+00:00,2024-08-08 00:00:00+00:00,-1,0
b5be391d7d96cf5a95d7,63,60,test,2024-08-08 08:00:00+00:00,2024-08-08 11:00:00+00:00,1,2
b8d85fc43f13a4391e8e,63,60,test,2024-08-08 12:00:00+00:00,2024-08-08 15:00:00+00:00,-1,3
5e2d35529fee2144a884,63,60,test,2024-08-08 16:00:00+00:00,2024-08-08 18:00:00+00:00,1,2
511584b00838bfb2686e,63,60,test,2024-08-12 01:00:00+00:00,2024-08-12 04:00:00+00:00,1,1
4d0a2a9fa52c650583b4,63,60,test,2024-08-12 08:00:00+00:00,2024-08-12 10:00:00+00:00,-1,2
aeaeb7c935ebe1e52c64,63,60,test,2024-08-12 11:00:00+00:00,2024-08-12 15:00:00+00:00,-1,3
022c4965253355b013d7,63,60,test,2024-08-12 21:00:00+00:00,2024-08-13 01:00:00+00:00,1,2
cf449732bdcd4ac4a965,63,60,test,2024-08-13 04:00:00+00:00,2024-08-13 09:00:00+00:00,-1,0
a58af0a8f94b134202fb,63,60,test,2024-08-13 19:00:00+00:00,2024-08-13 21:00:00+00:00,1,3
962e017e67ff9a747549,63,60,test,2024-08-13 23:00:00+00:00,2024-08-14 07:00:00+00:00,-1,0
92af9350a3b128824dcb,63,60,test,2024-08-14 08:00:00+00:00,2024-08-14 10:00:00+00:00,-1,2
16eecb9a029f3bcb55c9,63,60,test,2024-08-14 12:00:00+00:00,2024-08-14 14:00:00+00:00,-1,3
14d2444fd7b6ba90b212,63,60,test,2024-08-15 07:00:00+00:00,2024-08-15 09:00:00+00:00,1,2
9ba2caf2a920f593a68b,63,60,test,2024-08-15 11:00:00+00:00,2024-08-15 13:00:00+00:00,-1,3
40eefd62f38276e26387,63,60,test,2024-08-15 16:00:00+00:00,2024-08-15 18:00:00+00:00,-1,2
5b8402ec9d14fa688da6,63,60,test,2024-08-17 03:00:00+00:00,2024-08-17 05:00:00+00:00,0,3
1015573fea21cbd74d69,64,60,train,2024-02-27 18:00:00+00:00,2024-02-28 01:00:00+00:00,1,1
94a49961bea72a0372a3,64,60,train,2024-02-28 17:00:00+00:00,2024-02-28 19:00:00+00:00,1,2
d0279ed8d08bf18bd204,64,60,train,2024-03-03 14:00:00+00:00,2024-03-03 17:00:00+00:00,-1,2
b8cce09041af19bcadf1,64,60,train,2024-03-03 19:00:00+00:00,2024-03-03 23:00:00+00:00,1,2
7bcc03f2ffc22e204d7a,64,60,train,2024-03-04 19:00:00+00:00,2024-03-04 21:00:00+00:00,1,3
a6902a319c6c48d53023,64,60,train,2024-03-04 22:00:00+00:00,2024-03-05 00:00:00+00:00,1,2
383e6d9accf719bcd2a3,64,60,train,2024-03-11 22:00:00+00:00,2024-03-12 01:00:00+00:00,1,2
c1ce6cfccd59b092005d,64,60,train,2024-03-13 17:00:00+00:00,2024-03-13 23:00:00+00:00,1,1
c12110e063fbcf99d87a,64,60,train,2024-03-14 08:00:00+00:00,2024-03-14 11:00:00+00:00,-1,0
e7b14429a8482c95c9d6,64,60,train,2024-03-14 15:00:00+00:00,2024-03-14 18:00:00+00:00,-1,3
c875ee724b56bde066c5,64,60,train,2024-03-15 16:00:00+00:00,2024-03-15 18:00:00+00:00,1,3
67ea162d97bbdfee01b8,64,60,train,2024-03-15 20:00:00+00:00,2024-03-16 02:00:00+00:00,1,1
3c8cbdb80e32d7464e1e,64,60,train,2024-03-23 22:00:00+00:00,2024-03-24 01:00:00+00:00,1,1
c47a8f320be7cb6cbf3c,64,60,train,2024-03-26 10:00:00+00:00,2024-03-26 12:00:00+00:00,1,3
25d4de8a65dc51ccfc33,64,60,validation,2024-07-08 22:00:00+00:00,2024-07-09 01:00:00+00:00,1,1
3944365cda11cf380e65,64,60,validation,2024-07-11 10:00:00+00:00,2024-07-11 12:00:00+00:00,1,3
4792f66e57040f7090a0,64,60,validation,2024-07-12 10:00:00+00:00,2024-07-12 16:00:00+00:00,1,1
5de28f5c5cbe61246474,64,60,validation,2024-07-12 17:00:00+00:00,2024-07-12 21:00:00+00:00,-1,3
2c80607ff00a2b836722,64,60,test,2024-07-13 23:00:00+00:00,2024-07-14 02:00:00+00:00,1,3
a5d2d3ca0fea10623457,64,60,test,2024-07-14 06:00:00+00:00,2024-07-14 08:00:00+00:00,1,3
a90e5c5ccd86101c1128,64,60,test,2024-07-15 10:00:00+00:00,2024-07-15 16:00:00+00:00,1,1
6fcac12901873c17b485,64,60,test,2024-07-15 17:00:00+00:00,2024-07-15 21:00:00+00:00,-1,3
f6260948e08ff2194001,64,60,test,2024-07-16 15:00:00+00:00,2024-07-16 19:00:00+00:00,1,2
16789aea71259513fe5c,64,60,test,2024-07-16 21:00:00+00:00,2024-07-17 02:00:00+00:00,-1,0
02aff8c728395ac3a2d9,64,60,test,2024-07-17 06:00:00+00:00,2024-07-17 08:00:00+00:00,1,3
1c569c536fb3ef61a505,64,60,test,2024-07-17 15:00:00+00:00,2024-07-17 17:00:00+00:00,-1,2
23ca7ecdf4c1ae6efa41,64,60,test,2024-07-17 19:00:00+00:00,2024-07-17 21:00:00+00:00,1,3
c4325ed397ff0edd7c9f,64,60,test,2024-07-19 06:00:00+00:00,2024-07-19 08:00:00+00:00,1,2
9ca723030fe0149b17c5,64,60,test,2024-07-19 09:00:00+00:00,2024-07-19 15:00:00+00:00,-1,0
0943315229005bf96963,64,60,test,2024-07-21 07:00:00+00:00,2024-07-21 09:00:00+00:00,-1,2
ceb123a7943f63241767,64,60,test,2024-07-21 11:00:00+00:00,2024-07-21 13:00:00+00:00,1,3
c9f1c4da893c694c20a1,64,60,test,2024-07-21 20:00:00+00:00,2024-07-21 22:00:00+00:00,-1,3
92df4ad008f4bd0650f1,64,60,test,2024-07-22 06:00:00+00:00,2024-07-22 11:00:00+00:00,1,1
6603b17b12a90a2263d1,64,60,test,2024-07-22 14:00:00+00:00,2024-07-22 18:00:00+00:00,-1,3
c88ba60b0857999177a9,64,60,test,2024-07-23 08:00:00+00:00,2024-07-23 11:00:00+00:00,1,2
b3058eeaafc4beff8ba6,64,60,test,2024-07-23 12:00:00+00:00,2024-07-23 15:00:00+00:00,1,3
0083bace4610509b99f4,64,60,test,2024-07-23 17:00:00+00:00,2024-07-23 19:00:00+00:00,-1,2
28177ac3d13757f015d3,64,60,test,2024-07-23 20:00:00+00:00,2024-07-23 23:00:00+00:00,1,3
4c288feec1ab1bbea8d9,64,60,test,2024-07-24 18:00:00+00:00,2024-07-24 20:00:00+00:00,-1,2
8d56212c28b35a5407de,64,60,test,2024-07-27 04:00:00+00:00,2024-07-27 13:00:00+00:00,-1,2
397a91bd359fa1de6379,64,60,test,2024-07-27 15:00:00+00:00,2024-07-27 17:00:00+00:00,-1,0
9f2201e6884db5816899,64,60,test,2024-07-28 15:00:00+00:00,2024-07-28 18:00:00+00:00,-1,3
aa2a391eea9948b9ffde,64,60,test,2024-07-29 07:00:00+00:00,2024-07-29 13:00:00+00:00,1,1
e4c5b173c29c9a0cff35,64,60,test,2024-07-30 07:00:00+00:00,2024-07-30 11:00:00+00:00,1,2
caa699a433252818dfd0,64,60,test,2024-07-30 17:00:00+00:00,2024-07-30 20:00:00+00:00,1,3
6e3d62fca98f6eb2c8e6,64,60,test,2024-07-31 22:00:00+00:00,2024-08-01 00:00:00+00:00,1,2
b091808172f268942289,64,60,test,2024-08-01 07:00:00+00:00,2024-08-01 11:00:00+00:00,-1,0
fd77fe49150fae4d2e16,64,60,test,2024-08-02 11:00:00+00:00,2024-08-02 18:00:00+00:00,-1,0
05804f5bcd8401f7daa8,64,60,test,2024-08-05 09:00:00+00:00,2024-08-05 13:00:00+00:00,1,1
829af20aa15cea98b7af,64,60,test,2024-08-05 14:00:00+00:00,2024-08-05 18:00:00+00:00,-1,0
b6fb893eeba15e9dea3a,64,60,test,2024-08-06 23:00:00+00:00,2024-08-07 01:00:00+00:00,-1,2
ccae31bd451bded6a7eb,64,60,test,2024-08-07 07:00:00+00:00,2024-08-07 09:00:00+00:00,0,3
eddefaee28e4daf9fb0a,64,60,test,2024-08-07 11:00:00+00:00,2024-08-08 00:00:00+00:00,-1,1
debb500873a85449fd69,64,60,test,2024-08-08 13:00:00+00:00,2024-08-08 18:00:00+00:00,1,3
9f7003c9cad2ad14679a,64,60,test,2024-08-08 20:00:00+00:00,2024-08-08 22:00:00+00:00,-1,3
30e906d1b139b2ea35f8,64,60,test,2024-08-11 23:00:00+00:00,2024-08-12 01:00:00+00:00,1,1
ddfad026d9002c5b79c4,64,60,test,2024-08-12 06:00:00+00:00,2024-08-12 16:00:00+00:00,1,1
4e75a0a41707d752fe86,64,60,test,2024-08-12 23:00:00+00:00,2024-08-13 08:00:00+00:00,-1,2
98ced29da1df11aba1cf,64,60,test,2024-08-14 00:00:00+00:00,2024-08-14 02:00:00+00:00,-1,0
60fef9f532eedd900975,64,60,test,2024-08-14 04:00:00+00:00,2024-08-14 06:00:00+00:00,-1,3
62f9fd81ba7adf0e327f,64,60,test,2024-08-14 07:00:00+00:00,2024-08-14 10:00:00+00:00,1,1
f947743ef9b28a95f012,64,60,test,2024-08-14 12:00:00+00:00,2024-08-14 14:00:00+00:00,-1,3
d2532d13363dfb1860d6,64,60,test,2024-08-16 17:00:00+00:00,2024-08-16 19:00:00+00:00,0,2
50f451706c7da5db2e95,64,60,test,2024-08-17 03:00:00+00:00,2024-08-17 06:00:00+00:00,0,3
c31d11f68a95d53ac44c,65,60,train,2024-02-27 20:00:00+00:00,2024-02-28 00:00:00+00:00,1,1
05237435b6176ccfb346,65,60,train,2024-03-03 14:00:00+00:00,2024-03-03 17:00:00+00:00,-1,2
b6eff845f03f48f4452a,65,60,train,2024-03-03 19:00:00+00:00,2024-03-03 23:00:00+00:00,1,2
21f60bbebd71896e1a57,65,60,train,2024-03-04 19:00:00+00:00,2024-03-04 21:00:00+00:00,1,3
674ad522a06b640c157d,65,60,train,2024-03-04 22:00:00+00:00,2024-03-05 00:00:00+00:00,1,2
530dce22fe5c08359f0a,65,60,train,2024-03-11 22:00:00+00:00,2024-03-12 01:00:00+00:00,1,2
e2d742cd76e394fa91a4,65,60,train,2024-03-14 09:00:00+00:00,2024-03-14 11:00:00+00:00,-1,3
ccf7b57df1f3aef1082e,65,60,train,2024-03-14 16:00:00+00:00,2024-03-14 18:00:00+00:00,1,3
99da34f547e067900092,65,60,train,2024-03-23 23:00:00+00:00,2024-03-24 01:00:00+00:00,-1,2
f528fea41400daf57104,65,60,train,2024-03-26 03:00:00+00:00,2024-03-26 06:00:00+00:00,-1,2
ce7c70eaf0cf40a53ffa,65,60,validation,2024-07-08 23:00:00+00:00,2024-07-09 01:00:00+00:00,-1,2
852e73091b82fb66e04b,65,60,validation,2024-07-11 03:00:00+00:00,2024-07-11 06:00:00+00:00,-1,2
31e8b567d87bb0776bb2,65,60,test,2024-07-13 23:00:00+00:00,2024-07-14 01:00:00+00:00,1,3
1c88b25809f8dc9a1473,65,60,test,2024-07-14 02:00:00+00:00,2024-07-14 04:00:00+00:00,-1,2
7caf6b2f80bf6a13370d,65,60,test,2024-07-14 05:00:00+00:00,2024-07-14 08:00:00+00:00,1,3
91bfc8fdb9fa614c2c50,65,60,test,2024-07-14 10:00:00+00:00,2024-07-14 16:00:00+00:00,1,1
ebf69214afda838fa19e,65,60,test,2024-07-16 15:00:00+00:00,2024-07-16 19:00:00+00:00,1,2
bdb410da96087c1bf756,65,60,test,2024-07-16 21:00:00+00:00,2024-07-17 01:00:00+00:00,-1,0
468f0891c8bac0e18a70,65,60,test,2024-07-17 02:00:00+00:00,2024-07-17 04:00:00+00:00,-1,2
9fa0e00253e9f3db2c4b,65,60,test,2024-07-17 05:00:00+00:00,2024-07-17 08:00:00+00:00,1,3
621d1e65c035787c18e7,65,60,test,2024-07-17 14:00:00+00:00,2024-07-17 17:00:00+00:00,-1,2
c2b0f5af2c73a84648c8,65,60,test,2024-07-17 18:00:00+00:00,2024-07-17 21:00:00+00:00,1,3
8702843804b63fa58241,65,60,test,2024-07-19 07:00:00+00:00,2024-07-19 09:00:00+00:00,1,2
0f1752bfe46818f7f2ac,65,60,test,2024-07-19 10:00:00+00:00,2024-07-19 13:00:00+00:00,0,3
cb6c262323ed8131c1e4,65,60,test,2024-07-21 07:00:00+00:00,2024-07-21 09:00:00+00:00,1,2
631437412bf89d0d231a,65,60,test,2024-07-21 11:00:00+00:00,2024-07-21 13:00:00+00:00,1,3
52231447784f5f7f6e31,65,60,test,2024-07-22 06:00:00+00:00,2024-07-22 10:00:00+00:00,-1,1
e86eaab4b00179841b7c,65,60,test,2024-07-22 11:00:00+00:00,2024-07-22 13:00:00+00:00,1,3
d3ee45207a1662fbb448,65,60,test,2024-07-22 14:00:00+00:00,2024-07-22 18:00:00+00:00,-1,0
1472aca485bf7c428a4a,65,60,test,2024-07-23 09:00:00+00:00,2024-07-23 11:00:00+00:00,1,2
7828caa509aec6e7c15b,65,60,test,2024-07-23 20:00:00+00:00,2024-07-23 22:00:00+00:00,1,3
b81e1ae3ac28c893ce61,65,60,test,2024-07-27 05:00:00+00:00,2024-07-27 08:00:00+00:00,1,2
db719fa600ae87b50d53,65,60,test,2024-07-27 09:00:00+00:00,2024-07-27 12:00:00+00:00,1,3
ac17654906822c2a9b94,65,60,test,2024-07-28 12:00:00+00:00,2024-07-28 18:00:00+00:00,-1,0
5e711c2e0ae905698dfe,65,60,test,2024-07-29 08:00:00+00:00,2024-07-29 17:00:00+00:00,-1,0
f4d17f6c928b139b1d81,65,60,test,2024-07-30 07:00:00+00:00,2024-07-30 10:00:00+00:00,1,2
25e238a50c3250110d1a,65,60,test,2024-07-30 13:00:00+00:00,2024-07-30 15:00:00+00:00,1,2
62b82e7f13ce532ec845,65,60,test,2024-07-30 17:00:00+00:00,2024-07-30 20:00:00+00:00,1,3
1f163a46f000c394f87a,65,60,test,2024-07-31 09:00:00+00:00,2024-07-31 13:00:00+00:00,1,1
c1c96392b086e562c2e9,65,60,test,2024-07-31 14:00:00+00:00,2024-07-31 16:00:00+00:00,-1,0
f1025f25e54c450197f3,65,60,test,2024-08-01 06:00:00+00:00,2024-08-01 10:00:00+00:00,1,3
fc8190eb7197c6a40065,65,60,test,2024-08-02 08:00:00+00:00,2024-08-02 12:00:00+00:00,1,2
1780c7c2948a6df47d8f,65,60,test,2024-08-02 14:00:00+00:00,2024-08-02 17:00:00+00:00,-1,3
d6f24555cd65133a09f2,65,60,test,2024-08-07 11:00:00+00:00,2024-08-07 18:00:00+00:00,1,1
c2713134a813184c36d5,65,60,test,2024-08-07 19:00:00+00:00,2024-08-08 00:00:00+00:00,-1,0
18d6e7fdd2c40e4af97a,65,60,test,2024-08-08 16:00:00+00:00,2024-08-08 18:00:00+00:00,-1,2
70b98021fbfef1f3dc53,65,60,test,2024-08-08 20:00:00+00:00,2024-08-08 22:00:00+00:00,-1,3
ea3faad6d175fef15390,65,60,test,2024-08-10 07:00:00+00:00,2024-08-10 10:00:00+00:00,1,2
ce589a4dd43a1d0beafc,65,60,test,2024-08-10 11:00:00+00:00,2024-08-10 14:00:00+00:00,-1,3
483d6ed9c7e07d85230e,65,60,test,2024-08-12 02:00:00+00:00,2024-08-12 04:00:00+00:00,-1,2
c4a77efe3e1743e9eab1,65,60,test,2024-08-12 06:00:00+00:00,2024-08-12 10:00:00+00:00,1,1
ab843f8f970b8ba7c623,65,60,test,2024-08-12 11:00:00+00:00,2024-08-12 15:00:00+00:00,-1,3
05778b5576fdc78da400,65,60,test,2024-08-13 04:00:00+00:00,2024-08-13 09:00:00+00:00,-1,0
0f293f9ff6edf34fff14,65,60,test,2024-08-14 00:00:00+00:00,2024-08-14 02:00:00+00:00,-1,2
09289fea5b28416d1883,65,60,test,2024-08-14 04:00:00+00:00,2024-08-14 07:00:00+00:00,-1,3
dbbe078acef9da76d47e,65,60,test,2024-08-14 12:00:00+00:00,2024-08-14 14:00:00+00:00,-1,3
3fd34cd3773a96eebd70,65,60,test,2024-08-17 03:00:00+00:00,2024-08-17 05:00:00+00:00,-1,3
8f19fb9520fa9ede926c,66,60,train,2024-02-27 20:00:00+00:00,2024-02-28 00:00:00+00:00,1,1
ef1d9353fcbfe4bacfe0,66,60,train,2024-02-28 16:00:00+00:00,2024-02-28 18:00:00+00:00,1,1
ae2190f23aa0e576cb1b,66,60,train,2024-03-04 22:00:00+00:00,2024-03-05 00:00:00+00:00,1,2
2d65f8c80d0593de503d,66,60,train,2024-03-11 22:00:00+00:00,2024-03-12 01:00:00+00:00,1,2
f80680501c3304673880,66,60,train,2024-03-14 08:00:00+00:00,2024-03-14 11:00:00+00:00,-1,0
09c4361c63369d3714cf,66,60,train,2024-03-14 15:00:00+00:00,2024-03-14 17:00:00+00:00,-1,3
84488c4a9466f854f252,66,60,train,2024-03-15 20:00:00+00:00,2024-03-16 02:00:00+00:00,1,1
32937b475d9418fd5b9b,66,60,train,2024-03-16 03:00:00+00:00,2024-03-16 10:00:00+00:00,-1,3
10844924bf3da1cbdd7b,66,60,train,2024-03-26 03:00:00+00:00,2024-03-26 05:00:00+00:00,-1,2
37819b4623f931b68894,66,60,validation,2024-07-11 03:00:00+00:00,2024-07-11 05:00:00+00:00,-1,2
88e1d0586259e8f35c79,66,60,validation,2024-07-12 08:00:00+00:00,2024-07-12 10:00:00+00:00,-1,2
26c1463b0662956c54dd,66,60,validation,2024-07-12 13:00:00+00:00,2024-07-12 16:00:00+00:00,1,3
ba2fe2ff9331b4c6b02c,66,60,validation,2024-07-12 19:00:00+00:00,2024-07-12 21:00:00+00:00,1,3
b2ba9b881c3346774d99,66,60,test,2024-07-13 23:00:00+00:00,2024-07-14 04:00:00+00:00,1,3
3952593db82ff6fedf00,66,60,test,2024-07-14 05:00:00+00:00,2024-07-14 08:00:00+00:00,-1,3
1a8027f8413eb69be8f0,66,60,test,2024-07-14 10:00:00+00:00,2024-07-14 16:00:00+00:00,1,1
12e17938892f00550e51,66,60,test,2024-07-15 08:00:00+00:00,2024-07-15 10:00:00+00:00,-1,2
82a28660d640ff43cad2,66,60,test,2024-07-15 13:00:00+00:00,2024-07-15 16:00:00+00:00,1,3
6db1adc270be1fd63a41,66,60,test,2024-07-15 19:00:00+00:00,2024-07-15 21:00:00+00:00,1,3
60dff16a6d3741798374,66,60,test,2024-07-16 15:00:00+00:00,2024-07-16 20:00:00+00:00,1,1
4a0dc95b16d89753c904,66,60,test,2024-07-16 23:00:00+00:00,2024-07-17 04:00:00+00:00,1,3
c1888b22e2636af14cde,66,60,test,2024-07-17 05:00:00+00:00,2024-07-17 08:00:00+00:00,-1,3
58b8aeb555846d5babb7,66,60,test,2024-07-17 15:00:00+00:00,2024-07-17 17:00:00+00:00,-1,2
251d7c6a8099237cc646,66,60,test,2024-07-17 19:00:00+00:00,2024-07-17 21:00:00+00:00,-1,3
c4d41ba75a991ba8327a,66,60,test,2024-07-19 06:00:00+00:00,2024-07-19 10:00:00+00:00,1,2
02454c18c73597b26abe,66,60,test,2024-07-19 12:00:00+00:00,2024-07-19 15:00:00+00:00,1,3
2519bf1221730da094f7,66,60,test,2024-07-21 06:00:00+00:00,2024-07-21 10:00:00+00:00,1,1
cc5ce4213ce515436489,66,60,test,2024-07-21 11:00:00+00:00,2024-07-21 14:00:00+00:00,1,3
91caa04e4adcf8b7bfb6,66,60,test,2024-07-21 18:00:00+00:00,2024-07-21 20:00:00+00:00,-1,3
67292d068bf24c047f17,66,60,test,2024-07-22 06:00:00+00:00,2024-07-22 10:00:00+00:00,1,1
374cb61f5b4082722ea0,66,60,test,2024-07-22 15:00:00+00:00,2024-07-22 19:00:00+00:00,-1,3
3392adf2817ab1b430aa,66,60,test,2024-07-23 10:00:00+00:00,2024-07-23 12:00:00+00:00,1,2
7178430aa67a39108362,66,60,test,2024-07-23 17:00:00+00:00,2024-07-23 20:00:00+00:00,-1,2
37631be228738c7a5d68,66,60,test,2024-07-23 21:00:00+00:00,2024-07-24 00:00:00+00:00,1,3
8ff8a27dfa7e41a30da4,66,60,test,2024-07-25 05:00:00+00:00,2024-07-25 07:00:00+00:00,1,3
6fc140cb1b72e304a494,66,60,test,2024-07-27 05:00:00+00:00,2024-07-27 13:00:00+00:00,-1,0
0f0646939b506fb34927,66,60,test,2024-07-28 08:00:00+00:00,2024-07-28 10:00:00+00:00,-1,2
dd26ba6b26a67ec2be10,66,60,test,2024-07-28 12:00:00+00:00,2024-07-28 20:00:00+00:00,-1,0
ded2381a7467660a0b64,66,60,test,2024-07-29 07:00:00+00:00,2024-07-29 12:00:00+00:00,1,1
7ce66204b3316e6248e8,66,60,test,2024-07-29 13:00:00+00:00,2024-07-29 17:00:00+00:00,-1,3
f7e6ca912545bad9fad2,66,60,test,2024-07-30 08:00:00+00:00,2024-07-30 11:00:00+00:00,1,1
7759ad39ac6f8b6a51b1,66,60,test,2024-07-30 14:00:00+00:00,2024-07-30 20:00:00+00:00,-1,0
c35933ecc588fbe9ea72,66,60,test,2024-07-31 06:00:00+00:00,2024-07-31 09:00:00+00:00,1,2
cf562b1fcad24c0ee62f,66,60,test,2024-07-31 17:00:00+00:00,2024-07-31 19:00:00+00:00,-1,2
88b9ef3f0dff12308f75,66,60,test,2024-08-01 06:00:00+00:00,2024-08-01 09:00:00+00:00,1,3
cfe4a0a539eefee36d6d,66,60,test,2024-08-02 07:00:00+00:00,2024-08-02 12:00:00+00:00,-1,0
bfe8d5e6f5d670d0e182,66,60,test,2024-08-02 14:00:00+00:00,2024-08-02 17:00:00+00:00,-1,3
ea19f9107a5882bb8837,66,60,test,2024-08-05 08:00:00+00:00,2024-08-05 12:00:00+00:00,1,1
68c4c92d1c62bf9b6125,66,60,test,2024-08-05 15:00:00+00:00,2024-08-05 18:00:00+00:00,-1,3
cc61822c863960746337,66,60,test,2024-08-07 18:00:00+00:00,2024-08-07 20:00:00+00:00,1,1
1e7b36b3ff225ffb3d8f,66,60,test,2024-08-07 22:00:00+00:00,2024-08-08 00:00:00+00:00,-1,3
1e82670967c52f4c0e27,66,60,test,2024-08-08 13:00:00+00:00,2024-08-08 15:00:00+00:00,0,3
24306d502c11643f42d0,66,60,test,2024-08-08 16:00:00+00:00,2024-08-08 18:00:00+00:00,1,2
157b62b7193bddf7ed8c,66,60,test,2024-08-09 11:00:00+00:00,2024-08-09 13:00:00+00:00,1,3
593dac81ed8c5ba09c12,66,60,test,2024-08-11 23:00:00+00:00,2024-08-12 01:00:00+00:00,1,1
bf66f8eda4caba93bf41,66,60,test,2024-08-12 06:00:00+00:00,2024-08-12 09:00:00+00:00,1,1
10aa241c5a21de053816,66,60,test,2024-08-12 10:00:00+00:00,2024-08-12 14:00:00+00:00,-1,3
ff131ca3ee2cd5ca49a3,66,60,test,2024-08-12 20:00:00+00:00,2024-08-13 02:00:00+00:00,1,2
61aadb66a7baee3752dc,66,60,test,2024-08-13 04:00:00+00:00,2024-08-13 10:00:00+00:00,-1,0
eac618beed6e3e8c8be1,66,60,test,2024-08-13 23:00:00+00:00,2024-08-14 07:00:00+00:00,-1,2
4d709a30246eee69de7f,66,60,test,2024-08-14 08:00:00+00:00,2024-08-14 10:00:00+00:00,-1,2
deaf2d98b738f4105a0c,66,60,test,2024-08-14 12:00:00+00:00,2024-08-14 14:00:00+00:00,-1,3
dd10edfb762ab58e4475,66,60,test,2024-08-16 23:00:00+00:00,2024-08-17 01:00:00+00:00,-1,2
e7e7c259b14f3e644df3,66,60,test,2024-08-17 03:00:00+00:00,2024-08-17 05:00:00+00:00,-1,3
987760c11c7e97b86122,67,60,train,2024-02-27 20:00:00+00:00,2024-02-28 00:00:00+00:00,1,1
f0a4c8faeab46867f728,67,60,train,2024-02-28 16:00:00+00:00,2024-02-28 20:00:00+00:00,1,2
2b6c193fd6b6e7550844,67,60,train,2024-03-03 19:00:00+00:00,2024-03-03 22:00:00+00:00,-1,2
e2331b158a2895ec268f,67,60,train,2024-03-04 19:00:00+00:00,2024-03-04 21:00:00+00:00,1,3
017ebe202ef0055092d9,67,60,train,2024-03-04 22:00:00+00:00,2024-03-05 00:00:00+00:00,1,2
9fd79b5d9a23e2a128a6,67,60,train,2024-03-11 22:00:00+00:00,2024-03-12 01:00:00+00:00,-1,2
81cf35407b455ad0aa6d,67,60,train,2024-03-14 09:00:00+00:00,2024-03-14 11:00:00+00:00,-1,3
d7b785b580f39a579da3,67,60,train,2024-03-14 13:00:00+00:00,2024-03-14 15:00:00+00:00,-1,2
af4706dc7848f9112379,67,60,train,2024-03-15 20:00:00+00:00,2024-03-16 06:00:00+00:00,-1,2
e7070b6ca9c6b83d5ec6,67,60,train,2024-03-21 21:00:00+00:00,2024-03-21 23:00:00+00:00,1,2
a078773d5a8b19ed15ef,67,60,train,2024-03-29 19:00:00+00:00,2024-03-29 21:00:00+00:00,-1,2
0896ff1f705d07f9c3c0,67,60,train,2024-04-04 15:00:00+00:00,2024-04-04 18:00:00+00:00,-1,3
b4afabd028f193908f28,67,60,validation,2024-07-12 10:00:00+00:00,2024-07-12 12:00:00+00:00,1,3
dc7d8da686b1db96ec5b,67,60,validation,2024-07-12 19:00:00+00:00,2024-07-12 21:00:00+00:00,0,3
f5b92e596c1a8cb71531,67,60,test,2024-07-13 23:00:00+00:00,2024-07-14 01:00:00+00:00,-1,3
85a95922af27a13f5505,67,60,test,2024-07-14 05:00:00+00:00,2024-07-14 08:00:00+00:00,1,3
6829fd4b0ff6c82fbd4c,67,60,test,2024-07-14 10:00:00+00:00,2024-07-14 15:00:00+00:00,1,1
4703d2a01b9cd10e3e07,67,60,test,2024-07-15 10:00:00+00:00,2024-07-15 12:00:00+00:00,1,3
21f2ab9fc1aab02ff945,67,60,test,2024-07-15 19:00:00+00:00,2024-07-15 21:00:00+00:00,0,3
ea62d69b82b670cc393b,67,60,test,2024-07-16 15:00:00+00:00,2024-07-16 20:00:00+00:00,1,1
1ce60871861df6e75110,67,60,test,2024-07-16 21:00:00+00:00,2024-07-17 01:00:00+00:00,-1,0
ab67abafb1ac8d30264b,67,60,test,2024-07-17 05:00:00+00:00,2024-07-17 08:00:00+00:00,1,3
922c6838b7ffb3cc6952,67,60,test,2024-07-17 12:00:00+00:00,2024-07-17 15:00:00+00:00,1,1
6a238b1b60ba5182bd34,67,60,test,2024-07-17 16:00:00+00:00,2024-07-17 20:00:00+00:00,-1,3
51fdd60f4fc902ebddf2,67,60,test,2024-07-19 07:00:00+00:00,2024-07-19 09:00:00+00:00,-1,2
e3fd821402375a5d7f88,67,60,test,2024-07-19 11:00:00+00:00,2024-07-19 14:00:00+00:00,1,3
116bbfae403024b87428,67,60,test,2024-07-21 06:00:00+00:00,2024-07-21 09:00:00+00:00,1,1
0bc4d046c4c3aab74f86,67,60,test,2024-07-21 11:00:00+00:00,2024-07-21 13:00:00+00:00,1,3
c499fe88a91b6c175539,67,60,test,2024-07-21 17:00:00+00:00,2024-07-21 19:00:00+00:00,1,3
32670f6bf807a0395aa8,67,60,test,2024-07-22 06:00:00+00:00,2024-07-22 13:00:00+00:00,1,1
6e546d0f4e3b5bbd113e,67,60,test,2024-07-22 14:00:00+00:00,2024-07-22 19:00:00+00:00,1,3
36073c91f2e132b07756,67,60,test,2024-07-23 16:00:00+00:00,2024-07-23 18:00:00+00:00,1,1
6a98f4fa822930f47b21,67,60,test,2024-07-27 05:00:00+00:00,2024-07-27 13:00:00+00:00,-1,0
8335ba0a7853dda3759c,67,60,test,2024-07-27 14:00:00+00:00,2024-07-27 17:00:00+00:00,-1,3
cc20d6a9fc560b0f108c,67,60,test,2024-07-28 14:00:00+00:00,2024-07-28 20:00:00+00:00,-1,0
4ab49532b1143a675ed5,67,60,test,2024-07-29 08:00:00+00:00,2024-07-29 19:00:00+00:00,-1,2
562624401fae9c96324e,67,60,test,2024-07-30 13:00:00+00:00,2024-07-30 16:00:00+00:00,-1,2
0b80ede716b1f94de802,67,60,test,2024-07-30 17:00:00+00:00,2024-07-30 20:00:00+00:00,-1,3
07a03eed1f203a57eb9f,67,60,test,2024-07-31 20:00:00+00:00,2024-08-01 03:00:00+00:00,1,1
484ce9e42d06b2e17662,67,60,test,2024-08-01 04:00:00+00:00,2024-08-01 09:00:00+00:00,-1,0
3e6d437a761df4b8ffd4,67,60,test,2024-08-02 07:00:00+00:00,2024-08-02 11:00:00+00:00,-1,2
29b46cef02552ef95e0f,67,60,test,2024-08-02 14:00:00+00:00,2024-08-02 18:00:00+00:00,1,3
7e657b2852fbb56f2904,67,60,test,2024-08-05 09:00:00+00:00,2024-08-05 11:00:00+00:00,-1,2
d8695dac6055783c31a2,67,60,test,2024-08-05 13:00:00+00:00,2024-08-05 15:00:00+00:00,-1,3
5742f8cbd87ece1e449e,67,60,test,2024-08-07 18:00:00+00:00,2024-08-07 20:00:00+00:00,1,2
91d6dd76917aa63e1d80,67,60,test,2024-08-07 22:00:00+00:00,2024-08-08 00:00:00+00:00,1,3
30b43415d73138dccbc5,67,60,test,2024-08-08 08:00:00+00:00,2024-08-08 10:00:00+00:00,-1,2
b2a163da409666273d29,67,60,test,2024-08-08 12:00:00+00:00,2024-08-08 15:00:00+00:00,0,3
4643027dd29624aabae2,67,60,test,2024-08-08 16:00:00+00:00,2024-08-08 19:00:00+00:00,-1,2
35e8603cab7d5d7c33ba,67,60,test,2024-08-08 20:00:00+00:00,2024-08-08 23:00:00+00:00,-1,3
fa930a58d3e4036396b3,67,60,test,2024-08-12 00:00:00+00:00,2024-08-12 04:00:00+00:00,1,2
c118a2700ca344d403c2,67,60,test,2024-08-12 05:00:00+00:00,2024-08-12 10:00:00+00:00,1,1
34100c43e16f5dae7f99,67,60,test,2024-08-12 11:00:00+00:00,2024-08-12 14:00:00+00:00,-1,3
ea9162de9884bcd703ed,67,60,test,2024-08-12 20:00:00+00:00,2024-08-12 23:00:00+00:00,-1,2
7f1470a7b583c884d181,67,60,test,2024-08-13 02:00:00+00:00,2024-08-13 09:00:00+00:00,-1,0
739044ab53a659040fee,67,60,test,2024-08-13 23:00:00+00:00,2024-08-14 02:00:00+00:00,1,1
645cdb8be1be79bbff63,67,60,test,2024-08-14 03:00:00+00:00,2024-08-14 07:00:00+00:00,-1,3
e417a6e8a94fae63b5f9,67,60,test,2024-08-14 08:00:00+00:00,2024-08-14 10:00:00+00:00,-1,2
cbdc58a722eb052a51b5,67,60,test,2024-08-14 12:00:00+00:00,2024-08-14 14:00:00+00:00,1,3
5424e1f09bef60d368bf,67,60,test,2024-08-17 03:00:00+00:00,2024-08-17 05:00:00+00:00,-1,3
6df509c73258ecb258e5,68,60,train,2024-02-22 21:00:00+00:00,2024-02-23 00:00:00+00:00,1,2
09d0cbdf271ee924d59f,68,60,train,2024-02-25 16:00:00+00:00,2024-02-25 20:00:00+00:00,1,2
2bfec58c8021f1d04aa4,68,60,train,2024-02-26 15:00:00+00:00,2024-02-26 21:00:00+00:00,1,1
8fd71f92893d325cfcf6,68,60,train,2024-02-27 17:00:00+00:00,2024-02-27 20:00:00+00:00,1,2
53902bccd4b1f737ab9c,68,60,train,2024-02-28 14:00:00+00:00,2024-02-28 19:00:00+00:00,1,1
02c3c6e39f49d2e54ff1,68,60,train,2024-02-28 20:00:00+00:00,2024-02-29 00:00:00+00:00,-1,3
70641a5231459ec14736,68,60,train,2024-03-02 19:00:00+00:00,2024-03-02 21:00:00+00:00,1,2
3784cd56f2e87d3d1453,68,60,train,2024-03-03 03:00:00+00:00,2024-03-03 05:00:00+00:00,-1,3
9d561253e96d6f7fbf80,68,60,train,2024-03-03 16:00:00+00:00,2024-03-03 21:00:00+00:00,1,1
257cf65786f7c70169bb,68,60,train,2024-03-04 22:00:00+00:00,2024-03-05 00:00:00+00:00,1,2
d1e4adf61c6727677830,68,60,train,2024-03-13 20:00:00+00:00,2024-03-14 01:00:00+00:00,1,1
a6ee627cf1137b31764a,68,60,train,2024-03-14 03:00:00+00:00,2024-03-14 10:00:00+00:00,1,3
bf24d25f7969f205dbc0,68,60,train,2024-03-14 16:00:00+00:00,2024-03-14 18:00:00+00:00,1,3
d3a8a3d46540e538595e,68,60,train,2024-03-15 02:00:00+00:00,2024-03-15 05:00:00+00:00,1,1
e25fb8313f5fcfadc5fb,68,60,train,2024-03-15 06:00:00+00:00,2024-03-15 09:00:00+00:00,1,3
6d109fe12a4e4d7a7e9f,68,60,train,2024-03-15 20:00:00+00:00,2024-03-16 01:00:00+00:00,1,1
d768deff9e45d0ef82be,68,60,train,2024-03-16 02:00:00+00:00,2024-03-16 06:00:00+00:00,-1,3
bea4469b4b5ad98bf440,68,60,train,2024-03-16 11:00:00+00:00,2024-03-16 13:00:00+00:00,-1,2
84abe3bf6d365c92c392,68,60,train,2024-03-16 21:00:00+00:00,2024-03-17 01:00:00+00:00,1,3
b284b191e06d9f0d76c1,68,60,train,2024-03-17 04:00:00+00:00,2024-03-17 06:00:00+00:00,-1,3
7dbec0a1d173005810ad,68,60,train,2024-03-18 09:00:00+00:00,2024-03-18 11:00:00+00:00,1,2
87e282a4556b0d0f1f80,68,60,train,2024-03-21 20:00:00+00:00,2024-03-22 00:00:00+00:00,1,1
68bf3db4ed568aae9450,68,60,train,2024-03-22 15:00:00+00:00,2024-03-22 18:00:00+00:00,-1,3
3e75d3b3154436aa9fd0,68,60,train,2024-03-22 21:00:00+00:00,2024-03-23 01:00:00+00:00,1,2
42386c58edda2528089c,68,60,train,2024-03-23 15:00:00+00:00,2024-03-23 19:00:00+00:00,1,1
e8204d0361d235cf763a,68,60,train,2024-03-27 23:00:00+00:00,2024-03-28 01:00:00+00:00,1,2
ee997198505f24c24d13,68,60,train,2024-03-28 16:00:00+00:00,2024-03-28 18:00:00+00:00,-1,3
77d2d66e1391cbd1900c,68,60,train,2024-03-29 16:00:00+00:00,2024-03-29 20:00:00+00:00,1,1
5f2fb316a82e8729692a,68,60,train,2024-03-31 01:00:00+00:00,2024-03-31 03:00:00+00:00,1,3
e864c7d0c6358d572733,68,60,train,2024-03-31 06:00:00+00:00,2024-03-31 08:00:00+00:00,1,2
a99b024568df1296221d,68,60,train,2024-04-03 20:00:00+00:00,2024-04-03 23:00:00+00:00,1,1
e5b9aed250d2fa9dfe82,68,60,train,2024-04-04 01:00:00+00:00,2024-04-04 03:00:00+00:00,-1,3
08cbabdea7660f41b064,68,60,train,2024-04-04 12:00:00+00:00,2024-04-04 16:00:00+00:00,-1,2
7c9119ffbdd27edda9a1,68,60,validation,2024-07-12 06:00:00+00:00,2024-07-12 09:00:00+00:00,1,2
9fc49872a456023b15c4,68,60,validation,2024-07-12 11:00:00+00:00,2024-07-12 14:00:00+00:00,-1,3
234d1daff8cb11ccdb74,68,60,validation,2024-07-12 18:00:00+00:00,2024-07-12 21:00:00+00:00,-1,3
cfa7e68ae35fb5dbbd67,68,60,test,2024-07-13 23:00:00+00:00,2024-07-14 01:00:00+00:00,1,3
4f3cf90beab0bf5175e9,68,60,test,2024-07-14 03:00:00+00:00,2024-07-14 08:00:00+00:00,-1,0
275c608940615211470a,68,60,test,2024-07-14 12:00:00+00:00,2024-07-14 19:00:00+00:00,1,2
ce13d657da475cdfa0d1,68,60,test,2024-07-14 21:00:00+00:00,2024-07-14 23:00:00+00:00,-1,3
911e024917f81fc277a2,68,60,test,2024-07-15 00:00:00+00:00,2024-07-15 05:00:00+00:00,-1,0
46191efbf8431bf42120,68,60,test,2024-07-15 06:00:00+00:00,2024-07-15 09:00:00+00:00,1,2
d647210ea13e6294fcdf,68,60,test,2024-07-15 11:00:00+00:00,2024-07-15 14:00:00+00:00,-1,3
e8f1392617bdb9d502b5,68,60,test,2024-07-15 18:00:00+00:00,2024-07-15 21:00:00+00:00,-1,3
72655c32ac12e379ff2a,68,60,test,2024-07-16 15:00:00+00:00,2024-07-16 19:00:00+00:00,-1,0
2d003c8e20808cd75970,68,60,test,2024-07-16 20:00:00+00:00,2024-07-16 22:00:00+00:00,1,2
ea82cc3714a58a6b18b2,68,60,test,2024-07-16 23:00:00+00:00,2024-07-17 01:00:00+00:00,1,3
557193b4d332f3b3125b,68,60,test,2024-07-17 03:00:00+00:00,2024-07-17 08:00:00+00:00,-1,0
aa2e2f955b4d8ba105b2,68,60,test,2024-07-17 12:00:00+00:00,2024-07-17 22:00:00+00:00,1,1
103b5733df22d0d9af38,68,60,test,2024-07-18 13:00:00+00:00,2024-07-18 16:00:00+00:00,1,2
824481d6a5e1890d2e62,68,60,test,2024-07-18 17:00:00+00:00,2024-07-18 20:00:00+00:00,1,3
bb5e9b00fd6460f39efe,68,60,test,2024-07-19 04:00:00+00:00,2024-07-19 06:00:00+00:00,1,3
85ed0ad469f01b8c3e79,68,60,test,2024-07-19 07:00:00+00:00,2024-07-19 10:00:00+00:00,1,2
3f7639a44caf856f9422,68,60,test,2024-07-19 11:00:00+00:00,2024-07-19 13:00:00+00:00,0,3
18f526381ace59d12e9d,68,60,test,2024-07-19 14:00:00+00:00,2024-07-19 16:00:00+00:00,1,2
6b17f4225776faa78a54,68,60,test,2024-07-19 17:00:00+00:00,2024-07-19 20:00:00+00:00,1,3
88b93844aa07da1b80ef,68,60,test,2024-07-20 04:00:00+00:00,2024-07-20 06:00:00+00:00,-1,3
63159f28151ccdfdee18,68,60,test,2024-07-20 14:00:00+00:00,2024-07-20 16:00:00+00:00,1,3
edf5039699b1816080cb,68,60,test,2024-07-21 06:00:00+00:00,2024-07-21 09:00:00+00:00,1,2
7e4982657bc1aa332078,68,60,test,2024-07-21 11:00:00+00:00,2024-07-21 13:00:00+00:00,1,3
b1536330e5b790a488ed,68,60,test,2024-07-21 17:00:00+00:00,2024-07-21 19:00:00+00:00,1,3
7b0c0c645c14dd86752d,68,60,test,2024-07-21 23:00:00+00:00,2024-07-22 01:00:00+00:00,1,3
cc8d9fa0ccd1f30764f9,68,60,test,2024-07-22 06:00:00+00:00,2024-07-22 10:00:00+00:00,1,1
e214459bf47a325d981b,68,60,test,2024-07-22 11:00:00+00:00,2024-07-22 13:00:00+00:00,-1,2
e7413c9817d87c61066d,68,60,test,2024-07-22 15:00:00+00:00,2024-07-22 19:00:00+00:00,1,3
977569e0a0d25a707458,68,60,test,2024-07-23 16:00:00+00:00,2024-07-24 00:00:00+00:00,-1,0
bccad2e3e084ca41ad21,68,60,test,2024-07-24 18:00:00+00:00,2024-07-24 20:00:00+00:00,1,2
94004990c8446f63ee7a,68,60,test,2024-07-25 00:00:00+00:00,2024-07-25 02:00:00+00:00,-1,0
3cad81cb256cd634d472,68,60,test,2024-07-25 20:00:00+00:00,2024-07-25 23:00:00+00:00,-1,2
45e60cee5c65ca56f1c9,68,60,test,2024-07-26 00:00:00+00:00,2024-07-26 03:00:00+00:00,-1,3
eafdbdafb41a5c9004b9,68,60,test,2024-07-27 05:00:00+00:00,2024-07-27 13:00:00+00:00,-1,2
2fb3e5db865fe1ddced6,68,60,test,2024-07-28 10:00:00+00:00,2024-07-28 14:00:00+00:00,1,1
3fdfe9511c31baf97fbf,68,60,test,2024-07-28 16:00:00+00:00,2024-07-28 20:00:00+00:00,-1,3
1395c38f39b5b94629fd,68,60,test,2024-07-29 03:00:00+00:00,2024-07-29 05:00:00+00:00,0,3
6093aa0d3f84ea2ec52d,68,60,test,2024-07-29 09:00:00+00:00,2024-07-29 12:00:00+00:00,-1,1
7409a3f0b3032fcc271c,68,60,test,2024-07-29 14:00:00+00:00,2024-07-29 16:00:00+00:00,1,3
3cb5a4934cb441d7e852,68,60,test,2024-07-30 07:00:00+00:00,2024-07-30 11:00:00+00:00,1,2
329a9e9156544a1d3712,68,60,test,2024-07-30 14:00:00+00:00,2024-07-30 16:00:00+00:00,-1,2
5c4b5a14ac999a1dfc33,68,60,test,2024-07-30 17:00:00+00:00,2024-07-30 20:00:00+00:00,1,3
92887a3d90cf615d3807,68,60,test,2024-07-31 01:00:00+00:00,2024-07-31 03:00:00+00:00,1,1
1f5004df54b63457aa17,68,60,test,2024-07-31 10:00:00+00:00,2024-07-31 12:00:00+00:00,1,2
3f859ade844ac3d5a684,68,60,test,2024-07-31 16:00:00+00:00,2024-07-31 18:00:00+00:00,1,2
a25a8e5196bc89a16a33,68,60,test,2024-07-31 21:00:00+00:00,2024-08-01 03:00:00+00:00,1,1
244c8a5a802a808262f1,68,60,test,2024-08-01 05:00:00+00:00,2024-08-01 09:00:00+00:00,-1,0
2f295712e11a8091cb92,68,60,test,2024-08-02 08:00:00+00:00,2024-08-02 12:00:00+00:00,1,2
eb90cf985f5a36fae9f0,68,60,test,2024-08-02 14:00:00+00:00,2024-08-02 18:00:00+00:00,-1,3
31f1c85280532ece81eb,68,60,test,2024-08-03 03:00:00+00:00,2024-08-03 05:00:00+00:00,-1,3
6b2757ee6fd92c5c6e1b,68,60,test,2024-08-03 19:00:00+00:00,2024-08-03 22:00:00+00:00,-1,2
1d68612f62f66754f58b,68,60,test,2024-08-03 23:00:00+00:00,2024-08-04 01:00:00+00:00,-1,3
c684aced371ee87f3ca8,68,60,test,2024-08-04 05:00:00+00:00,2024-08-04 07:00:00+00:00,-1,3
bfe309fa716382ec0432,68,60,test,2024-08-04 18:00:00+00:00,2024-08-04 20:00:00+00:00,-1,2
e596b04a94fdf08b8cb8,68,60,test,2024-08-04 22:00:00+00:00,2024-08-05 00:00:00+00:00,-1,3
9535ef1d564a5847484e,68,60,test,2024-08-05 10:00:00+00:00,2024-08-05 12:00:00+00:00,-1,2
c73ab2af432a71434f9f,68,60,test,2024-08-05 14:00:00+00:00,2024-08-05 17:00:00+00:00,-1,3
f423ea578524d23d24ea,68,60,test,2024-08-06 18:00:00+00:00,2024-08-06 20:00:00+00:00,-1,2
1d97096be2aa673592da,68,60,test,2024-08-06 22:00:00+00:00,2024-08-07 00:00:00+00:00,1,3
b996f2f908bc989e7c9d,68,60,test,2024-08-07 14:00:00+00:00,2024-08-07 18:00:00+00:00,1,2
62419eb01b5ff6f0c89c,68,60,test,2024-08-07 19:00:00+00:00,2024-08-08 00:00:00+00:00,-1,0
cc88322e5f117e09b212,68,60,test,2024-08-08 08:00:00+00:00,2024-08-08 10:00:00+00:00,1,2
8864424037757cd745c7,68,60,test,2024-08-08 12:00:00+00:00,2024-08-08 15:00:00+00:00,1,3
ec66c11006f6f88edb38,68,60,test,2024-08-08 17:00:00+00:00,2024-08-08 19:00:00+00:00,-1,2
dbc830ab68df4961db6b,68,60,test,2024-08-09 05:00:00+00:00,2024-08-09 07:00:00+00:00,1,2
350f9013b72f07cd39bf,68,60,test,2024-08-09 10:00:00+00:00,2024-08-09 12:00:00+00:00,1,3
3fa6f0c8b3f8ef02d8a6,68,60,test,2024-08-11 03:00:00+00:00,2024-08-11 05:00:00+00:00,0,3
7be6584e7d0ec0d63132,68,60,test,2024-08-12 02:00:00+00:00,2024-08-12 05:00:00+00:00,1,1
6d707eae838b7d2aa3c4,68,60,test,2024-08-12 09:00:00+00:00,2024-08-12 15:00:00+00:00,-1,0
f24cf362e112726521de,68,60,test,2024-08-12 21:00:00+00:00,2024-08-13 02:00:00+00:00,1,1
02fc1b473d02a4c252a7,68,60,test,2024-08-13 03:00:00+00:00,2024-08-13 09:00:00+00:00,-1,0
2cc8f28d56ea2a96cd99,68,60,test,2024-08-13 14:00:00+00:00,2024-08-13 16:00:00+00:00,1,2
06d66d2f6c0a1d0c8f62,68,60,test,2024-08-14 05:00:00+00:00,2024-08-14 09:00:00+00:00,1,0
fbc8a41cb51c81e6333c,68,60,test,2024-08-14 12:00:00+00:00,2024-08-14 14:00:00+00:00,-1,3
f519ab746eefa40ae905,68,60,test,2024-08-16 17:00:00+00:00,2024-08-16 20:00:00+00:00,1,2
491f00f81de061cc0cf8,68,60,test,2024-08-16 23:00:00+00:00,2024-08-17 06:00:00+00:00,-1,0
a8a13f8faaf669ef64dd,68,60,test,2024-08-17 18:00:00+00:00,2024-08-17 21:00:00+00:00,1,2
891061520c5d0ef65cf3,69,60,train,2024-02-22 21:00:00+00:00,2024-02-22 23:00:00+00:00,-1,2
c032882404b914d32ed3,69,60,train,2024-02-26 18:00:00+00:00,2024-02-26 20:00:00+00:00,1,2
15b2ac882b60d50354a8,69,60,train,2024-02-28 16:00:00+00:00,2024-02-28 19:00:00+00:00,1,1
08d8b511c48f55a48336,69,60,train,2024-02-28 20:00:00+00:00,2024-02-29 00:00:00+00:00,-1,3
448c6c6d5f3b592ef8d2,69,60,train,2024-03-02 19:00:00+00:00,2024-03-02 21:00:00+00:00,-1,2
4302025e8b10c9a323fd,69,60,train,2024-03-03 17:00:00+00:00,2024-03-03 21:00:00+00:00,-1,2
64178dc47824dcaf874d,69,60,train,2024-03-03 22:00:00+00:00,2024-03-04 02:00:00+00:00,1,1
44f749962a87190d60d9,69,60,train,2024-03-04 22:00:00+00:00,2024-03-05 00:00:00+00:00,1,2
a216bc323f8f95bdbd98,69,60,train,2024-03-05 03:00:00+00:00,2024-03-05 08:00:00+00:00,-1,0
6c90b034999e4e293e49,69,60,train,2024-03-14 16:00:00+00:00,2024-03-14 18:00:00+00:00,1,3
620f0f2662c80f9c4278,69,60,train,2024-03-15 20:00:00+00:00,2024-03-16 06:00:00+00:00,-1,1
a56030aaee30dab49dce,69,60,train,2024-03-16 11:00:00+00:00,2024-03-16 13:00:00+00:00,-1,2
bda6cdfab5fc1930359d,69,60,train,2024-03-16 19:00:00+00:00,2024-03-16 21:00:00+00:00,1,3
f17305c4d80cbcd56e38,69,60,train,2024-03-16 22:00:00+00:00,2024-03-17 01:00:00+00:00,1,1
541f97719a29b0654d4a,69,60,train,2024-03-21 20:00:00+00:00,2024-03-22 02:00:00+00:00,1,1
86701bfe191f1e0f223a,69,60,train,2024-03-22 23:00:00+00:00,2024-03-23 01:00:00+00:00,1,1
0fe546274d4ce1f9b615,69,60,train,2024-03-26 10:00:00+00:00,2024-03-26 14:00:00+00:00,1,2
90e7fcf07696c9d98e68,69,60,train,2024-04-04 12:00:00+00:00,2024-04-04 16:00:00+00:00,1,1
e5f00010e04a0c8759c6,69,60,validation,2024-07-11 10:00:00+00:00,2024-07-11 14:00:00+00:00,1,2
4d2558c7e61c1d6c9ec5,69,60,validation,2024-07-12 08:00:00+00:00,2024-07-12 11:00:00+00:00,-1,2
e073031ff320dbc1102d,69,60,validation,2024-07-12 13:00:00+00:00,2024-07-12 15:00:00+00:00,1,3
0b2364e7a4e6c3224025,69,60,validation,2024-07-12 19:00:00+00:00,2024-07-12 21:00:00+00:00,1,3
dce95c6393aec8a2b99c,69,60,test,2024-07-13 23:00:00+00:00,2024-07-14 01:00:00+00:00,-1,3
23b437d5fece24831a86,69,60,test,2024-07-14 02:00:00+00:00,2024-07-14 04:00:00+00:00,1,2
b64f86b00914c95c7ce8,69,60,test,2024-07-14 05:00:00+00:00,2024-07-14 08:00:00+00:00,1,3
2bcca2050f7c5d723e5c,69,60,test,2024-07-14 10:00:00+00:00,2024-07-14 14:00:00+00:00,1,2
39459bab5cc1d73a4dea,69,60,test,2024-07-14 15:00:00+00:00,2024-07-14 19:00:00+00:00,-1,2
0730560e9557fe80efce,69,60,test,2024-07-14 21:00:00+00:00,2024-07-14 23:00:00+00:00,-1,3
908b0ccd1b94b193a5a0,69,60,test,2024-07-15 00:00:00+00:00,2024-07-15 05:00:00+00:00,-1,0
5b76af1b6e9b36041dc5,69,60,test,2024-07-15 08:00:00+00:00,2024-07-15 11:00:00+00:00,-1,2
d317b5063f8bc0d6ce94,69,60,test,2024-07-15 13:00:00+00:00,2024-07-15 15:00:00+00:00,1,3
6a501bd2e06643124fc5,69,60,test,2024-07-15 19:00:00+00:00,2024-07-15 21:00:00+00:00,1,3
a1b78ab8feb7bafb8d44,69,60,test,2024-07-16 15:00:00+00:00,2024-07-16 20:00:00+00:00,1,1
6355a30052951b60b8d3,69,60,test,2024-07-16 23:00:00+00:00,2024-07-17 01:00:00+00:00,-1,3
796102aa0775808a8e7a,69,60,test,2024-07-17 02:00:00+00:00,2024-07-17 04:00:00+00:00,1,2
face8e6a871bd90163aa,69,60,test,2024-07-17 05:00:00+00:00,2024-07-17 08:00:00+00:00,1,3
e654bad3faf63dc0770a,69,60,test,2024-07-17 14:00:00+00:00,2024-07-17 21:00:00+00:00,-1,0
3305fa05d5d5f55a77b8,69,60,test,2024-07-17 22:00:00+00:00,2024-07-18 00:00:00+00:00,-1,2
a9a40defacfeac88a5c1,69,60,test,2024-07-18 01:00:00+00:00,2024-07-18 04:00:00+00:00,0,3
8cd135e94661671609ae,69,60,test,2024-07-18 13:00:00+00:00,2024-07-18 16:00:00+00:00,1,1
54b61a4647db7b37ee0d,69,60,test,2024-07-18 17:00:00+00:00,2024-07-18 20:00:00+00:00,1,3
856f4cd4d357a5c7234f,69,60,test,2024-07-18 23:00:00+00:00,2024-07-19 02:00:00+00:00,1,2
77b0b4b8e8c97531d517,69,60,test,2024-07-19 03:00:00+00:00,2024-07-19 06:00:00+00:00,1,3
50afe5138b9f8b6ccdd7,69,60,test,2024-07-19 07:00:00+00:00,2024-07-19 10:00:00+00:00,1,1
9cf89ce1e9fed1779c44,69,60,test,2024-07-19 11:00:00+00:00,2024-07-19 13:00:00+00:00,0,3
8ebc8363db17fa4c4e59,69,60,test,2024-07-19 14:00:00+00:00,2024-07-19 16:00:00+00:00,-1,2
7d43451272602ac6dc0a,69,60,test,2024-07-19 17:00:00+00:00,2024-07-19 20:00:00+00:00,1,3
209d5560bacb89b89c27,69,60,test,2024-07-19 23:00:00+00:00,2024-07-20 02:00:00+00:00,1,2
70aee4f47488d1e6edcb,69,60,test,2024-07-20 03:00:00+00:00,2024-07-20 06:00:00+00:00,-1,3
6c0bbb30e0ddbc401fa9,69,60,test,2024-07-21 06:00:00+00:00,2024-07-21 09:00:00+00:00,1,2
1aca18de4e195151f2e6,69,60,test,2024-07-21 10:00:00+00:00,2024-07-21 12:00:00+00:00,-1,0
40e5bae7a99bbefc73b6,69,60,test,2024-07-21 16:00:00+00:00,2024-07-21 19:00:00+00:00,1,3
4921b1c4434bb734697a,69,60,test,2024-07-21 23:00:00+00:00,2024-07-22 01:00:00+00:00,0,3
babf5aea181d458c70bd,69,60,test,2024-07-22 02:00:00+00:00,2024-07-22 04:00:00+00:00,1,2
01ca5e32ba72f423bce7,69,60,test,2024-07-22 07:00:00+00:00,2024-07-22 10:00:00+00:00,-1,2
1b87ed5634b705f68f85,69,60,test,2024-07-22 15:00:00+00:00,2024-07-22 19:00:00+00:00,-1,3
0eb8ef9a2b6c4d649911,69,60,test,2024-07-23 09:00:00+00:00,2024-07-23 11:00:00+00:00,1,2
c8febde9392f0b8646fa,69,60,test,2024-07-23 13:00:00+00:00,2024-07-24 00:00:00+00:00,1,1
78a7214a3bbab5714101,69,60,test,2024-07-25 00:00:00+00:00,2024-07-25 02:00:00+00:00,-1,0
d78d519a2b95a015f41c,69,60,test,2024-07-25 06:00:00+00:00,2024-07-25 08:00:00+00:00,0,3
64b8e93f54a46b659b06,69,60,test,2024-07-25 20:00:00+00:00,2024-07-25 22:00:00+00:00,1,2
6d18a876727f562d5c3c,69,60,test,2024-07-26 00:00:00+00:00,2024-07-26 03:00:00+00:00,-1,3
818b08012cb74ea9b110,69,60,test,2024-07-27 04:00:00+00:00,2024-07-27 08:00:00+00:00,1,1
7fbd019b9dec46eff3e0,69,60,test,2024-07-27 09:00:00+00:00,2024-07-27 12:00:00+00:00,-1,3
b93d682df6189944c247,69,60,test,2024-07-28 11:00:00+00:00,2024-07-28 15:00:00+00:00,-1,2
d317b544ebf7b7e1000a,69,60,test,2024-07-28 16:00:00+00:00,2024-07-28 21:00:00+00:00,-1,3
10b871ad87e1147577f6,69,60,test,2024-07-29 09:00:00+00:00,2024-07-29 11:00:00+00:00,1,1
c115d6e93c0316b680f6,69,60,test,2024-07-29 13:00:00+00:00,2024-07-29 17:00:00+00:00,-1,3
1ac75945909bbfbd91cc,69,60,test,2024-07-30 09:00:00+00:00,2024-07-30 12:00:00+00:00,-1,2
04a913868ff57fe61ea4,69,60,test,2024-07-30 17:00:00+00:00,2024-07-30 20:00:00+00:00,1,3
1a240596f561e06792a6,69,60,test,2024-07-31 14:00:00+00:00,2024-07-31 16:00:00+00:00,-1,0
59b365064b1499d58c6c,69,60,test,2024-07-31 17:00:00+00:00,2024-07-31 19:00:00+00:00,-1,0
2a78919abf4fd7e51cb9,69,60,test,2024-07-31 20:00:00+00:00,2024-07-31 22:00:00+00:00,-1,0
61e4e211a62bf897f523,69,60,test,2024-08-01 01:00:00+00:00,2024-08-01 03:00:00+00:00,-1,2
b97e053297fc92712f6c,69,60,test,2024-08-01 05:00:00+00:00,2024-08-01 09:00:00+00:00,-1,0
f6b7368bc2eccdf5f7ef,69,60,test,2024-08-02 07:00:00+00:00,2024-08-02 12:00:00+00:00,1,2
7d9e585c412b1f33cab2,69,60,test,2024-08-02 14:00:00+00:00,2024-08-02 18:00:00+00:00,-1,3
6be54354fbe1d0e044f1,69,60,test,2024-08-03 19:00:00+00:00,2024-08-03 21:00:00+00:00,1,2
1e7b8e8e6291d78887cc,69,60,test,2024-08-03 23:00:00+00:00,2024-08-04 01:00:00+00:00,1,3
fd414487041b9ce25be9,69,60,test,2024-08-04 22:00:00+00:00,2024-08-05 00:00:00+00:00,-1,3
05c3c7bec12a8bb70331,69,60,test,2024-08-05 08:00:00+00:00,2024-08-05 12:00:00+00:00,-1,1
9255f292b7266e83bb24,69,60,test,2024-08-05 13:00:00+00:00,2024-08-05 18:00:00+00:00,-1,0
5192f56f2beffdd97a1e,69,60,test,2024-08-06 18:00:00+00:00,2024-08-06 20:00:00+00:00,1,2
c44d23fc1253a8fd2842,69,60,test,2024-08-06 22:00:00+00:00,2024-08-07 00:00:00+00:00,0,3
dd1cc0913e708dec35c9,69,60,test,2024-08-08 07:00:00+00:00,2024-08-08 10:00:00+00:00,1,2
a38bbc3217c99e5dc2d5,69,60,test,2024-08-08 12:00:00+00:00,2024-08-08 15:00:00+00:00,1,3
1f334fba1432f515c749,69,60,test,2024-08-09 04:00:00+00:00,2024-08-09 06:00:00+00:00,1,2
572365ad70d7b3778323,69,60,test,2024-08-12 11:00:00+00:00,2024-08-12 14:00:00+00:00,-1,3
9c988a0f9955d423232b,69,60,test,2024-08-12 22:00:00+00:00,2024-08-13 03:00:00+00:00,1,1
24d1c19aecc50488cb82,69,60,test,2024-08-13 04:00:00+00:00,2024-08-13 09:00:00+00:00,-1,0
7b11101b762558d64dfb,69,60,test,2024-08-13 22:00:00+00:00,2024-08-14 02:00:00+00:00,1,1
6c35e08f6ad669cc0ad4,69,60,test,2024-08-14 03:00:00+00:00,2024-08-14 07:00:00+00:00,-1,3
d1c11ba90704b87f69c3,69,60,test,2024-08-16 17:00:00+00:00,2024-08-16 20:00:00+00:00,1,2
6797636b1ff2ea63ee1a,69,60,test,2024-08-16 22:00:00+00:00,2024-08-17 01:00:00+00:00,-1,2
1da5928d3ddea331042d,69,60,test,2024-08-17 02:00:00+00:00,2024-08-17 06:00:00+00:00,-1,3
45eaa9b8331dc38b667d,69,60,test,2024-08-17 17:00:00+00:00,2024-08-17 21:00:00+00:00,1,1
03330443eafbee11ac0f,70,60,train,2024-02-27 22:00:00+00:00,2024-02-28 00:00:00+00:00,1,2
22f67fd034df75c0a1c8,70,60,train,2024-02-28 17:00:00+00:00,2024-02-28 19:00:00+00:00,-1,2
bc11a318ae04d5dd3f97,70,60,train,2024-02-28 20:00:00+00:00,2024-02-29 00:00:00+00:00,-1,3
f726c61a6beea102630b,70,60,train,2024-03-03 16:00:00+00:00,2024-03-03 21:00:00+00:00,1,1
245e60677ea3ddf8c13a,70,60,train,2024-03-04 22:00:00+00:00,2024-03-05 00:00:00+00:00,1,2
174f105b24125abac951,70,60,train,2024-03-15 20:00:00+00:00,2024-03-16 07:00:00+00:00,-1,1
9af4a03b2ce912980828,70,60,train,2024-03-16 19:00:00+00:00,2024-03-16 21:00:00+00:00,1,3
b324f1d40a834e3f5828,70,60,train,2024-03-16 22:00:00+00:00,2024-03-17 01:00:00+00:00,1,1
0674dab84fe26c831952,70,60,train,2024-03-21 20:00:00+00:00,2024-03-22 02:00:00+00:00,1,1
06f3417dcd49bfef990d,70,60,train,2024-04-04 12:00:00+00:00,2024-04-04 16:00:00+00:00,1,1
09f882fffacdd4319692,70,60,train,2024-04-04 20:00:00+00:00,2024-04-04 23:00:00+00:00,1,1
e1c7b6716c5eb98f099b,70,60,validation,2024-07-12 06:00:00+00:00,2024-07-12 12:00:00+00:00,-1,0
2c0c4eb02a1b09a0f2be,70,60,validation,2024-07-12 13:00:00+00:00,2024-07-12 15:00:00+00:00,1,3
aa0551daa0cf8d4aa1c2,70,60,validation,2024-07-12 19:00:00+00:00,2024-07-12 21:00:00+00:00,1,3
f0db7213e81b45f4891a,70,60,test,2024-07-13 23:00:00+00:00,2024-07-14 01:00:00+00:00,1,3
ae8b71bc87f804b5635a,70,60,test,2024-07-14 04:00:00+00:00,2024-07-14 08:00:00+00:00,1,3
ac02d522dc8d75ba73d2,70,60,test,2024-07-14 10:00:00+00:00,2024-07-14 14:00:00+00:00,-1,2
f456f5d0667dae61d3af,70,60,test,2024-07-14 15:00:00+00:00,2024-07-14 18:00:00+00:00,1,1
444458ad07c031cd51c1,70,60,test,2024-07-14 21:00:00+00:00,2024-07-14 23:00:00+00:00,-1,3
94fddbcf70df75842978,70,60,test,2024-07-15 00:00:00+00:00,2024-07-15 05:00:00+00:00,-1,0
7abd11669a4df5f11128,70,60,test,2024-07-15 06:00:00+00:00,2024-07-15 12:00:00+00:00,-1,0
92b020c6376c6ffe078b,70,60,test,2024-07-15 13:00:00+00:00,2024-07-15 15:00:00+00:00,1,3
4e276d083846b6986af3,70,60,test,2024-07-15 19:00:00+00:00,2024-07-15 21:00:00+00:00,1,3
b1428fb86f349a1c6e1e,70,60,test,2024-07-16 15:00:00+00:00,2024-07-16 17:00:00+00:00,1,2
bc9395552bb6e1d66b8c,70,60,test,2024-07-16 23:00:00+00:00,2024-07-17 01:00:00+00:00,1,3
6a3ac2aafe9fb9c2a552,70,60,test,2024-07-17 04:00:00+00:00,2024-07-17 08:00:00+00:00,1,3
4ca780bb45bcb84ff161,70,60,test,2024-07-17 13:00:00+00:00,2024-07-18 00:00:00+00:00,1,2
f7496b8743a8c412e53e,70,60,test,2024-07-18 01:00:00+00:00,2024-07-18 04:00:00+00:00,0,3
45a9a34f4636171b9b86,70,60,test,2024-07-18 13:00:00+00:00,2024-07-18 20:00:00+00:00,-1,2
b20391ba4640b40502be,70,60,test,2024-07-18 22:00:00+00:00,2024-07-19 02:00:00+00:00,1,2
824f53f9543646611668,70,60,test,2024-07-19 03:00:00+00:00,2024-07-19 06:00:00+00:00,-1,3
f2a8d947d7ceee69dfae,70,60,test,2024-07-19 07:00:00+00:00,2024-07-19 10:00:00+00:00,1,2
cb68186671c351efc833,70,60,test,2024-07-19 11:00:00+00:00,2024-07-19 13:00:00+00:00,1,3
ec321cc256d9d9ac8288,70,60,test,2024-07-19 14:00:00+00:00,2024-07-19 20:00:00+00:00,-1,0
64580fe70c54e8a4ec21,70,60,test,2024-07-19 22:00:00+00:00,2024-07-20 02:00:00+00:00,1,2
b011a95f87846491c966,70,60,test,2024-07-20 03:00:00+00:00,2024-07-20 06:00:00+00:00,-1,3
f072a5467d8b00cb3881,70,60,test,2024-07-20 14:00:00+00:00,2024-07-20 16:00:00+00:00,1,3
2c6b187865c1427a1ef7,70,60,test,2024-07-21 07:00:00+00:00,2024-07-21 13:00:00+00:00,-1,2
712dfa2a9bdf40594385,70,60,test,2024-07-21 17:00:00+00:00,2024-07-21 19:00:00+00:00,1,3
19be3e2f277168e8f803,70,60,test,2024-07-21 23:00:00+00:00,2024-07-22 01:00:00+00:00,1,3
3837fe97946f3a6b2258,70,60,test,2024-07-22 02:00:00+00:00,2024-07-22 04:00:00+00:00,-1,2
65d5fbf56d572c08048d,70,60,test,2024-07-22 07:00:00+00:00,2024-07-22 10:00:00+00:00,-1,2
edb0f0f16b87e9ec0314,70,60,test,2024-07-22 15:00:00+00:00,2024-07-22 19:00:00+00:00,-1,3
7e7cbe766fd1b915a311,70,60,test,2024-07-23 06:00:00+00:00,2024-07-23 10:00:00+00:00,1,1
7cf4544adc9c146239f5,70,60,test,2024-07-23 11:00:00+00:00,2024-07-23 14:00:00+00:00,-1,0
949b6ba78799601ce608,70,60,test,2024-07-24 18:00:00+00:00,2024-07-24 20:00:00+00:00,-1,2
f08d7107767bc131bbbd,70,60,test,2024-07-25 06:00:00+00:00,2024-07-25 08:00:00+00:00,0,3
bc08bb63036908c97636,70,60,test,2024-07-25 20:00:00+00:00,2024-07-25 22:00:00+00:00,1,2
8b54a3b29fc086090452,70,60,test,2024-07-26 00:00:00+00:00,2024-07-26 02:00:00+00:00,-1,3
b032bccb50979517dcf9,70,60,test,2024-07-27 05:00:00+00:00,2024-07-27 17:00:00+00:00,-1,0
24775d62159e232b550d,70,60,test,2024-07-28 02:00:00+00:00,2024-07-28 04:00:00+00:00,-1,3
ac58c0d8439026f8c28b,70,60,test,2024-07-28 11:00:00+00:00,2024-07-28 21:00:00+00:00,-1,1
d220464f09148cbc744d,70,60,test,2024-07-29 02:00:00+00:00,2024-07-29 04:00:00+00:00,-1,3
1659ce4be89545955a13,70,60,test,2024-07-29 10:00:00+00:00,2024-07-29 13:00:00+00:00,-1,2
bec652ca4b32f6f5694b,70,60,test,2024-07-29 14:00:00+00:00,2024-07-29 17:00:00+00:00,-1,3
70d61d5621c5006b319c,70,60,test,2024-07-30 06:00:00+00:00,2024-07-30 11:00:00+00:00,1,2
d8f127dae039bfe462f1,70,60,test,2024-07-30 17:00:00+00:00,2024-07-30 20:00:00+00:00,1,3
49b57f8361e65fb0c988,70,60,test,2024-07-31 01:00:00+00:00,2024-07-31 03:00:00+00:00,1,2
a2c9ed26b9ac744c9b6a,70,60,test,2024-07-31 04:00:00+00:00,2024-07-31 07:00:00+00:00,1,3
eceecae2eee580719c98,70,60,test,2024-07-31 11:00:00+00:00,2024-07-31 13:00:00+00:00,-1,0
7e382613909a527ff82d,70,60,test,2024-07-31 14:00:00+00:00,2024-07-31 16:00:00+00:00,-1,2
99b2058bea8967fdf1c7,70,60,test,2024-08-01 01:00:00+00:00,2024-08-01 03:00:00+00:00,1,2
c6deb757064e1c446064,70,60,test,2024-08-01 05:00:00+00:00,2024-08-01 09:00:00+00:00,-1,0
567c9fb0c6cfd7712288,70,60,test,2024-08-02 06:00:00+00:00,2024-08-02 10:00:00+00:00,1,1
b28402b6b29dbfecf1bf,70,60,test,2024-08-02 12:00:00+00:00,2024-08-02 18:00:00+00:00,-1,0
2ab2c58aaceab7b7e902,70,60,test,2024-08-03 10:00:00+00:00,2024-08-03 12:00:00+00:00,1,2
1b30a7e0a8ed4e02c4bf,70,60,test,2024-08-03 14:00:00+00:00,2024-08-03 16:00:00+00:00,-1,3
7b48e138209c5366031a,70,60,test,2024-08-03 19:00:00+00:00,2024-08-03 21:00:00+00:00,1,2
f3fcaa763622dc4e7044,70,60,test,2024-08-03 23:00:00+00:00,2024-08-04 01:00:00+00:00,1,3
8381be55c2a4fc548311,70,60,test,2024-08-04 22:00:00+00:00,2024-08-05 00:00:00+00:00,-1,3
aa15234ca8c2a9736887,70,60,test,2024-08-05 08:00:00+00:00,2024-08-05 11:00:00+00:00,1,2
c91317d79819fbaf9886,70,60,test,2024-08-05 14:00:00+00:00,2024-08-05 16:00:00+00:00,-1,3
f93e934fa60a32e036e0,70,60,test,2024-08-06 18:00:00+00:00,2024-08-06 20:00:00+00:00,1,2
14346e2c771d05dec2c9,70,60,test,2024-08-06 22:00:00+00:00,2024-08-07 00:00:00+00:00,1,3
bb28aef955a47c4a8e6f,70,60,test,2024-08-07 14:00:00+00:00,2024-08-07 18:00:00+00:00,1,1
2db3573984c904e77bb9,70,60,test,2024-08-07 19:00:00+00:00,2024-08-08 00:00:00+00:00,-1,0
6f839c464bc0ef005070,70,60,test,2024-08-08 07:00:00+00:00,2024-08-08 10:00:00+00:00,-1,2
65af338dd1bbbfb1d1db,70,60,test,2024-08-08 12:00:00+00:00,2024-08-08 15:00:00+00:00,-1,3
7157ebd8ec0f69e58ec4,70,60,test,2024-08-08 16:00:00+00:00,2024-08-08 18:00:00+00:00,1,2
3eeeca76c8f0a6bb39fb,70,60,test,2024-08-09 03:00:00+00:00,2024-08-09 07:00:00+00:00,1,2
b4688dc9c038b4f11634,70,60,test,2024-08-10 07:00:00+00:00,2024-08-10 09:00:00+00:00,-1,2
7c81609781777750f34b,70,60,test,2024-08-10 11:00:00+00:00,2024-08-10 13:00:00+00:00,-1,3
5466b4e2e42eb847f2f5,70,60,test,2024-08-12 02:00:00+00:00,2024-08-12 05:00:00+00:00,1,2
0466b34b4f0748f420c1,70,60,test,2024-08-12 06:00:00+00:00,2024-08-12 08:00:00+00:00,1,1
eecdb092d222d519227d,70,60,test,2024-08-12 11:00:00+00:00,2024-08-12 16:00:00+00:00,1,3
fca0f42e0d4e7eeaa4e4,70,60,test,2024-08-12 21:00:00+00:00,2024-08-13 05:00:00+00:00,1,1
25c3dbc606f571abc4d5,70,60,test,2024-08-13 07:00:00+00:00,2024-08-13 11:00:00+00:00,-1,3
239b7c127abcc40c9fc3,70,60,test,2024-08-13 19:00:00+00:00,2024-08-13 21:00:00+00:00,1,3
f84138d2b782fdecb902,70,60,test,2024-08-13 23:00:00+00:00,2024-08-14 02:00:00+00:00,1,1
56a086d88888fd8ee9c6,70,60,test,2024-08-14 03:00:00+00:00,2024-08-14 06:00:00+00:00,1,3
43bf9b085b63da109fe8,70,60,test,2024-08-14 07:00:00+00:00,2024-08-14 10:00:00+00:00,1,1
56aaecf2dcde6aedd8d6,70,60,test,2024-08-14 12:00:00+00:00,2024-08-14 14:00:00+00:00,-1,3
123439e617ee6777e1ce,70,60,test,2024-08-15 04:00:00+00:00,2024-08-15 06:00:00+00:00,1,3
e667144effd472667db4,70,60,test,2024-08-16 17:00:00+00:00,2024-08-16 20:00:00+00:00,1,2
819b32622d6bf2f83173,70,60,test,2024-08-16 23:00:00+00:00,2024-08-17 01:00:00+00:00,-1,2
20991c55c6a6faab2780,70,60,test,2024-08-17 02:00:00+00:00,2024-08-17 06:00:00+00:00,-1,3
f56c92db89474e233e24,70,60,test,2024-08-17 18:00:00+00:00,2024-08-17 22:00:00+00:00,1,2
8dbca3b7c05ebbbf773b,71,60,train,2024-02-26 18:00:00+00:00,2024-02-26 20:00:00+00:00,-1,2
08869f464483fe3d477d,71,60,train,2024-02-27 22:00:00+00:00,2024-02-28 00:00:00+00:00,1,2
abf9412f3b5f9ab0a378,71,60,train,2024-02-28 16:00:00+00:00,2024-02-28 19:00:00+00:00,1,2
9ba9b8b288606c13d297,71,60,train,2024-02-29 17:00:00+00:00,2024-02-29 20:00:00+00:00,-1,1
d09c7ad7f31cb1433721,71,60,train,2024-03-02 19:00:00+00:00,2024-03-02 21:00:00+00:00,1,2
a35a88207e816cb6b53d,71,60,train,2024-03-03 16:00:00+00:00,2024-03-03 19:00:00+00:00,1,1
936020231ece2a5ffaba,71,60,train,2024-03-04 00:00:00+00:00,2024-03-04 02:00:00+00:00,1,2
93df1c8640b42df271d0,71,60,train,2024-03-04 22:00:00+00:00,2024-03-05 01:00:00+00:00,1,2
4078ce5a3bf80b873624,71,60,train,2024-03-05 03:00:00+00:00,2024-03-05 08:00:00+00:00,-1,0
574faa3798336a20960b,71,60,train,2024-03-14 16:00:00+00:00,2024-03-14 18:00:00+00:00,1,3
0926370736b2b7037d7a,71,60,train,2024-03-15 02:00:00+00:00,2024-03-15 05:00:00+00:00,1,1
9aabc1d830e96a945784,71,60,train,2024-03-15 06:00:00+00:00,2024-03-15 09:00:00+00:00,1,3
77af8788622e5efea3dc,71,60,train,2024-03-15 20:00:00+00:00,2024-03-16 06:00:00+00:00,-1,1
4e4f3f5d663d9beb2cf7,71,60,train,2024-03-16 19:00:00+00:00,2024-03-17 01:00:00+00:00,1,3
df607a5b1b5e03a97938,71,60,train,2024-03-22 23:00:00+00:00,2024-03-23 01:00:00+00:00,1,1
91f76d3807bab1bd0fa5,71,60,train,2024-03-26 10:00:00+00:00,2024-03-26 14:00:00+00:00,-1,2
0603045cc56114d8bf6a,71,60,train,2024-03-30 04:00:00+00:00,2024-03-30 06:00:00+00:00,-1,3
c5bf0bd6d41b2339ed1b,71,60,train,2024-04-03 21:00:00+00:00,2024-04-03 23:00:00+00:00,1,2
f1264f41e1987b81d620,71,60,train,2024-04-04 01:00:00+00:00,2024-04-04 03:00:00+00:00,1,3
99c5c14b1c13720c8ac5,71,60,train,2024-04-04 06:00:00+00:00,2024-04-04 09:00:00+00:00,1,3
a308ec1e61fc17fa849d,71,60,train,2024-04-04 12:00:00+00:00,2024-04-04 16:00:00+00:00,1,1
cac616bccbf5723d2e04,71,60,train,2024-04-04 20:00:00+00:00,2024-04-05 00:00:00+00:00,1,2
37f39681c037aba14927,71,60,validation,2024-07-11 10:00:00+00:00,2024-07-11 14:00:00+00:00,-1,2
d3564589f2789d76a0f6,71,60,validation,2024-07-12 06:00:00+00:00,2024-07-12 14:00:00+00:00,-1,0
1a538aeb8e22981c5cb1,71,60,validation,2024-07-12 18:00:00+00:00,2024-07-12 21:00:00+00:00,1,3
abea3b06495196ed0f10,71,60,test,2024-07-13 23:00:00+00:00,2024-07-14 01:00:00+00:00,1,3
8c273dabfe13eecace09,71,60,test,2024-07-14 02:00:00+00:00,2024-07-14 08:00:00+00:00,-1,0
8e2db366f0a83e7cb49f,71,60,test,2024-07-14 10:00:00+00:00,2024-07-14 17:00:00+00:00,1,1
43913bd16ea4b0904b91,71,60,test,2024-07-14 21:00:00+00:00,2024-07-14 23:00:00+00:00,-1,0
b51f632e2ff8ac00266a,71,60,test,2024-07-15 00:00:00+00:00,2024-07-15 05:00:00+00:00,-1,0
209d1f8b320e63704afa,71,60,test,2024-07-15 06:00:00+00:00,2024-07-15 14:00:00+00:00,-1,0
ba434ddd24d201cefb83,71,60,test,2024-07-15 18:00:00+00:00,2024-07-15 21:00:00+00:00,1,3
aeceb4475e6db4bcd162,71,60,test,2024-07-16 15:00:00+00:00,2024-07-16 17:00:00+00:00,1,2
2ef5ae78c55c3bfd3353,71,60,test,2024-07-16 21:00:00+00:00,2024-07-17 01:00:00+00:00,-1,0
718f758826acac7e1234,71,60,test,2024-07-17 02:00:00+00:00,2024-07-17 08:00:00+00:00,-1,0
fa07497a5802a1f94e95,71,60,test,2024-07-17 14:00:00+00:00,2024-07-17 17:00:00+00:00,-1,2
5b5f71089eb0694248fa,71,60,test,2024-07-17 18:00:00+00:00,2024-07-18 00:00:00+00:00,1,3
65e28cf30c17c5e245d8,71,60,test,2024-07-18 01:00:00+00:00,2024-07-18 04:00:00+00:00,1,3
c08a39e53e67fd586e98,71,60,test,2024-07-18 13:00:00+00:00,2024-07-18 16:00:00+00:00,1,1
cbe6284744564bf8e446,71,60,test,2024-07-18 18:00:00+00:00,2024-07-18 20:00:00+00:00,-1,3
4fe30391b78c940270b1,71,60,test,2024-07-18 22:00:00+00:00,2024-07-19 07:00:00+00:00,-1,0
2c16b888ee1a99106924,71,60,test,2024-07-19 08:00:00+00:00,2024-07-19 16:00:00+00:00,1,2
6270cf19e0bd4fa9d263,71,60,test,2024-07-19 18:00:00+00:00,2024-07-19 20:00:00+00:00,-1,3
da81f4dda89176f5f12e,71,60,test,2024-07-19 22:00:00+00:00,2024-07-20 07:00:00+00:00,-1,0
7b3d79f8bd743637001d,71,60,test,2024-07-21 07:00:00+00:00,2024-07-21 14:00:00+00:00,-1,0
87a3dce473624e9bdaa1,71,60,test,2024-07-21 17:00:00+00:00,2024-07-21 19:00:00+00:00,1,3
03232d153ce711eff425,71,60,test,2024-07-21 23:00:00+00:00,2024-07-22 01:00:00+00:00,-1,3
55bb911195a07ab4c49f,71,60,test,2024-07-22 02:00:00+00:00,2024-07-22 04:00:00+00:00,-1,0
9f0ff74732e9b62068a2,71,60,test,2024-07-22 07:00:00+00:00,2024-07-22 10:00:00+00:00,-1,2
d27ed84bdd00c2170894,71,60,test,2024-07-22 15:00:00+00:00,2024-07-22 19:00:00+00:00,-1,3
5872ff613d8f8822f66b,71,60,test,2024-07-23 07:00:00+00:00,2024-07-23 11:00:00+00:00,1,2
2b65ecd9d09df7d5416f,71,60,test,2024-07-23 14:00:00+00:00,2024-07-24 00:00:00+00:00,-1,1
8648d6a0db8be294f915,71,60,test,2024-07-24 18:00:00+00:00,2024-07-24 20:00:00+00:00,-1,2
8fcfad15dcec81421850,71,60,test,2024-07-25 06:00:00+00:00,2024-07-25 08:00:00+00:00,0,3
fca2b4d53f089616758f,71,60,test,2024-07-25 20:00:00+00:00,2024-07-25 23:00:00+00:00,-1,2
7dcb05856347519b3804,71,60,test,2024-07-26 00:00:00+00:00,2024-07-26 03:00:00+00:00,-1,3
0d9897a639775ec50413,71,60,test,2024-07-27 04:00:00+00:00,2024-07-27 17:00:00+00:00,-1,1
515bb72bfbd3add03a66,71,60,test,2024-07-28 02:00:00+00:00,2024-07-28 04:00:00+00:00,1,3
274fb772922f75411d29,71,60,test,2024-07-28 11:00:00+00:00,2024-07-28 15:00:00+00:00,1,1
7e0f49c8d81d5065fc18,71,60,test,2024-07-28 16:00:00+00:00,2024-07-28 21:00:00+00:00,-1,3
eaa3314bcd0eefef02a5,71,60,test,2024-07-29 09:00:00+00:00,2024-07-29 12:00:00+00:00,-1,2
315d0bf6f1db627d9c59,71,60,test,2024-07-29 13:00:00+00:00,2024-07-29 16:00:00+00:00,-1,3
f62c36c8730a110bedfe,71,60,test,2024-07-30 06:00:00+00:00,2024-07-30 11:00:00+00:00,1,1
d8b904a9dd2ec176fdaf,71,60,test,2024-07-30 17:00:00+00:00,2024-07-30 20:00:00+00:00,1,3
0db4f17e91198dece004,71,60,test,2024-07-31 01:00:00+00:00,2024-07-31 05:00:00+00:00,-1,2
45368684b42d8fd43e3c,71,60,test,2024-07-31 11:00:00+00:00,2024-07-31 13:00:00+00:00,-1,2
d835fcabbd29db1c92dc,71,60,test,2024-07-31 17:00:00+00:00,2024-07-31 20:00:00+00:00,-1,0
6a06a369fd81df120ec4,71,60,test,2024-07-31 23:00:00+00:00,2024-08-01 02:00:00+00:00,1,1
7c9c1ca7ad745480f2c5,71,60,test,2024-08-01 03:00:00+00:00,2024-08-01 07:00:00+00:00,-1,3
7d34ffc7fafdcb7146e1,71,60,test,2024-08-01 08:00:00+00:00,2024-08-01 10:00:00+00:00,-1,3
bfd0e8890bfb1f9e500d,71,60,test,2024-08-02 08:00:00+00:00,2024-08-02 12:00:00+00:00,1,2
a239d96432f4ce315f85,71,60,test,2024-08-02 14:00:00+00:00,2024-08-02 18:00:00+00:00,-1,3
f7cd73b17d1d11491cc2,71,60,test,2024-08-03 19:00:00+00:00,2024-08-03 21:00:00+00:00,1,2
1059e5eaf6c31b3def24,71,60,test,2024-08-03 23:00:00+00:00,2024-08-04 01:00:00+00:00,1,3
0ebf12308c3794b17db3,71,60,test,2024-08-04 18:00:00+00:00,2024-08-04 20:00:00+00:00,-1,2
dff72314596e9c863d69,71,60,test,2024-08-04 22:00:00+00:00,2024-08-05 00:00:00+00:00,-1,3
74544208287b3c46b83a,71,60,test,2024-08-05 09:00:00+00:00,2024-08-05 12:00:00+00:00,-1,1
da8e386e479635228059,71,60,test,2024-08-05 14:00:00+00:00,2024-08-05 18:00:00+00:00,-1,3
8f91f93d5c99f6261965,71,60,test,2024-08-06 18:00:00+00:00,2024-08-06 20:00:00+00:00,1,2
f501de8279d7da089f54,71,60,test,2024-08-06 22:00:00+00:00,2024-08-07 00:00:00+00:00,1,3
f3c09c244d8d2ee6f5de,71,60,test,2024-08-07 11:00:00+00:00,2024-08-07 15:00:00+00:00,1,1
000671473670cf158114,71,60,test,2024-08-07 20:00:00+00:00,2024-08-08 00:00:00+00:00,-1,3
99090f154be35e5820c2,71,60,test,2024-08-08 08:00:00+00:00,2024-08-08 11:00:00+00:00,1,2
b9f77eeed06a62d9be0d,71,60,test,2024-08-08 12:00:00+00:00,2024-08-08 15:00:00+00:00,1,3
1dad0265c7f72b629752,71,60,test,2024-08-08 16:00:00+00:00,2024-08-08 18:00:00+00:00,1,2
955221a8d8b80e410577,71,60,test,2024-08-09 06:00:00+00:00,2024-08-09 08:00:00+00:00,1,1
8d8b141f7b180a15227b,71,60,test,2024-08-09 10:00:00+00:00,2024-08-09 12:00:00+00:00,1,3
ce2781bf6fc7e89c74f8,71,60,test,2024-08-12 07:00:00+00:00,2024-08-12 10:00:00+00:00,-1,2
0b5366439ac58bb51185,71,60,test,2024-08-12 11:00:00+00:00,2024-08-12 14:00:00+00:00,-1,3
79ff867de29d5e37aee4,71,60,test,2024-08-12 21:00:00+00:00,2024-08-13 03:00:00+00:00,1,1
602cd61ba5ab3a483483,71,60,test,2024-08-13 04:00:00+00:00,2024-08-13 09:00:00+00:00,-1,0
3ba4cc6f334288fd9975,71,60,test,2024-08-13 22:00:00+00:00,2024-08-14 00:00:00+00:00,-1,2
a7427a0ee6418ad197e7,71,60,test,2024-08-14 04:00:00+00:00,2024-08-14 08:00:00+00:00,-1,3
50fb5b1780abd60e17a3,71,60,test,2024-08-14 12:00:00+00:00,2024-08-14 14:00:00+00:00,-1,3
21e03ea3667ece3c608f,71,60,test,2024-08-16 17:00:00+00:00,2024-08-16 20:00:00+00:00,1,2
ffb8b0def85e04e02f08,71,60,test,2024-08-17 02:00:00+00:00,2024-08-17 06:00:00+00:00,-1,0
14218e100505f16d7af7,71,60,test,2024-08-17 18:00:00+00:00,2024-08-17 23:00:00+00:00,1,1
5a453fce86afdb67d7bf,72,60,train,2024-02-25 17:00:00+00:00,2024-02-25 21:00:00+00:00,-1,0
799d08a6781d8a6e9802,72,60,train,2024-02-26 18:00:00+00:00,2024-02-26 20:00:00+00:00,-1,2
312ead7eeb5b99e05c90,72,60,train,2024-02-27 17:00:00+00:00,2024-02-27 19:00:00+00:00,-1,2
399836aba2c693d56b18,72,60,train,2024-02-27 22:00:00+00:00,2024-02-28 00:00:00+00:00,1,2
ab57b176a44dbfe98063,72,60,train,2024-02-28 15:00:00+00:00,2024-02-28 19:00:00+00:00,1,1
3eaac62034217c1e2fa8,72,60,train,2024-03-03 15:00:00+00:00,2024-03-03 21:00:00+00:00,1,1
42c52020554a674553aa,72,60,train,2024-03-04 16:00:00+00:00,2024-03-04 19:00:00+00:00,-1,0
3b3f989bc646f939ea18,72,60,train,2024-03-14 15:00:00+00:00,2024-03-14 18:00:00+00:00,1,3
c368252dcd8ea116a3fd,72,60,train,2024-03-15 02:00:00+00:00,2024-03-15 05:00:00+00:00,1,1
e8e9ccd4c0ea81183ef9,72,60,train,2024-03-15 06:00:00+00:00,2024-03-15 09:00:00+00:00,1,3
b761384558e8fb3dc067,72,60,train,2024-03-15 20:00:00+00:00,2024-03-16 07:00:00+00:00,1,1
251addcfaa2fc57ac5dc,72,60,train,2024-03-16 19:00:00+00:00,2024-03-16 21:00:00+00:00,1,3
3c30459a8a81dc241a06,72,60,train,2024-03-16 22:00:00+00:00,2024-03-17 01:00:00+00:00,1,1
1bd0886e1bbdfa839358,72,60,train,2024-03-21 20:00:00+00:00,2024-03-22 02:00:00+00:00,1,1
56b43e6ff65df1f5ca1d,72,60,train,2024-03-22 04:00:00+00:00,2024-03-22 09:00:00+00:00,-1,0
10526e0eb60b76fa6019,72,60,train,2024-03-22 11:00:00+00:00,2024-03-22 13:00:00+00:00,-1,0
0a78daea0743f8a3313b,72,60,train,2024-03-23 14:00:00+00:00,2024-03-23 16:00:00+00:00,1,3
c8567484064ba861dca5,72,60,train,2024-03-23 17:00:00+00:00,2024-03-23 19:00:00+00:00,1,2
0ac548f59302b462c887,72,60,train,2024-03-26 10:00:00+00:00,2024-03-26 14:00:00+00:00,1,2
af1c9945d41a6f694917,72,60,train,2024-03-27 05:00:00+00:00,2024-03-27 10:00:00+00:00,1,1
23fabfd6bc4973ad4702,72,60,train,2024-03-28 16:00:00+00:00,2024-03-28 18:00:00+00:00,-1,3
783a812aba35744c1b92,72,60,train,2024-03-29 16:00:00+00:00,2024-03-29 20:00:00+00:00,1,2
d66915013a31c6247ff8,72,60,train,2024-03-30 03:00:00+00:00,2024-03-30 06:00:00+00:00,-1,0
4aad4d55463e583f19d0,72,60,train,2024-04-03 19:00:00+00:00,2024-04-03 23:00:00+00:00,1,2
b281e7d87be38f040395,72,60,train,2024-04-04 12:00:00+00:00,2024-04-04 16:00:00+00:00,1,1
bd68abd02a867df00863,72,60,train,2024-04-04 20:00:00+00:00,2024-04-04 23:00:00+00:00,1,1
20db7a088a1ae04e7cb8,72,60,validation,2024-07-11 10:00:00+00:00,2024-07-11 14:00:00+00:00,1,2
131c1624bc4098a047e7,72,60,validation,2024-07-12 06:00:00+00:00,2024-07-12 12:00:00+00:00,-1,0
a493a8941bce8bd5898e,72,60,validation,2024-07-12 18:00:00+00:00,2024-07-12 21:00:00+00:00,1,3
102ce20965366f52b6f8,72,60,test,2024-07-13 23:00:00+00:00,2024-07-14 01:00:00+00:00,1,3
af7daf73bad1d2cd9ccd,72,60,test,2024-07-14 02:00:00+00:00,2024-07-14 08:00:00+00:00,-1,0
9238ece1f496d121a3dc,72,60,test,2024-07-14 10:00:00+00:00,2024-07-14 17:00:00+00:00,1,1
9e8c975e17b8a3e69cbd,72,60,test,2024-07-14 21:00:00+00:00,2024-07-14 23:00:00+00:00,-1,0
b9c1ed290b4c8900a59a,72,60,test,2024-07-15 00:00:00+00:00,2024-07-15 05:00:00+00:00,-1,0
46699ae47e68e8c8735a,72,60,test,2024-07-15 06:00:00+00:00,2024-07-15 12:00:00+00:00,-1,0
ac52f3301fe3c59a98f9,72,60,test,2024-07-15 18:00:00+00:00,2024-07-15 21:00:00+00:00,1,3
be2ea75624081cafeece,72,60,test,2024-07-16 15:00:00+00:00,2024-07-16 17:00:00+00:00,1,2
392cbb846395dbb738ed,72,60,test,2024-07-16 23:00:00+00:00,2024-07-17 01:00:00+00:00,1,3
f745c62866353a0e130d,72,60,test,2024-07-17 02:00:00+00:00,2024-07-17 08:00:00+00:00,-1,0
9ae99f9735f8b62785cc,72,60,test,2024-07-17 12:00:00+00:00,2024-07-18 00:00:00+00:00,1,1
ace2af2117e7d72e33d6,72,60,test,2024-07-18 01:00:00+00:00,2024-07-18 04:00:00+00:00,0,3
5a9ec0962bb8a81c5909,72,60,test,2024-07-18 13:00:00+00:00,2024-07-18 16:00:00+00:00,1,1
8214c9cce2db2d4fcb81,72,60,test,2024-07-18 17:00:00+00:00,2024-07-18 20:00:00+00:00,1,3
ac595397085a3c71ffd3,72,60,test,2024-07-18 22:00:00+00:00,2024-07-19 06:00:00+00:00,-1,0
b09befb784e20d9c9e06,72,60,test,2024-07-19 08:00:00+00:00,2024-07-19 11:00:00+00:00,1,2
b41ba13f46a0996e5ff2,72,60,test,2024-07-19 14:00:00+00:00,2024-07-19 16:00:00+00:00,-1,2
3d246efa37f32041945c,72,60,test,2024-07-19 17:00:00+00:00,2024-07-19 20:00:00+00:00,1,3
37b2668c632b791f86df,72,60,test,2024-07-19 22:00:00+00:00,2024-07-20 07:00:00+00:00,-1,0
24e355379b1365cced4b,72,60,test,2024-07-20 10:00:00+00:00,2024-07-20 12:00:00+00:00,1,2
c506e8b289948749fbe1,72,60,test,2024-07-20 14:00:00+00:00,2024-07-20 16:00:00+00:00,1,3
bd7273c99e678d36286a,72,60,test,2024-07-21 07:00:00+00:00,2024-07-21 09:00:00+00:00,1,1
5838f2f1b7d94beecc9f,72,60,test,2024-07-21 23:00:00+00:00,2024-07-22 01:00:00+00:00,1,3
ff164b04bfeb42936556,72,60,test,2024-07-22 02:00:00+00:00,2024-07-22 04:00:00+00:00,-1,2
5c38ce8a76e203adafee,72,60,test,2024-07-22 07:00:00+00:00,2024-07-22 10:00:00+00:00,-1,0
6a5c3bb3c6d5cb20e8aa,72,60,test,2024-07-22 15:00:00+00:00,2024-07-22 17:00:00+00:00,-1,0
22a557b13a404c37db54,72,60,test,2024-07-22 18:00:00+00:00,2024-07-22 20:00:00+00:00,-1,0
79a9715d46386827cedd,72,60,test,2024-07-23 15:00:00+00:00,2024-07-24 00:00:00+00:00,1,1
9a7fecd35dbda0dea2d0,72,60,test,2024-07-25 06:00:00+00:00,2024-07-25 08:00:00+00:00,0,3
f58c03eca257507cb0bc,72,60,test,2024-07-25 20:00:00+00:00,2024-07-25 23:00:00+00:00,-1,2
46e5ea4e9d414f337e16,72,60,test,2024-07-26 00:00:00+00:00,2024-07-26 03:00:00+00:00,-1,3
2d4f41773cf984d92beb,72,60,test,2024-07-27 04:00:00+00:00,2024-07-27 14:00:00+00:00,-1,1
5c134b915e18e958d2b9,72,60,test,2024-07-28 11:00:00+00:00,2024-07-28 15:00:00+00:00,1,2
1ed3a8a82101f5889d83,72,60,test,2024-07-28 16:00:00+00:00,2024-07-28 21:00:00+00:00,-1,3
2422393b8150d07aeb0f,72,60,test,2024-07-29 02:00:00+00:00,2024-07-29 04:00:00+00:00,-1,3
3b95b51ef388b8e6e81c,72,60,test,2024-07-29 08:00:00+00:00,2024-07-29 12:00:00+00:00,1,1
75bda388dfa3e9913628,72,60,test,2024-07-29 13:00:00+00:00,2024-07-29 17:00:00+00:00,-1,3
e269e448b6c1607ca21f,72,60,test,2024-07-30 06:00:00+00:00,2024-07-30 09:00:00+00:00,1,1
83bec5e555cd520850bb,72,60,test,2024-07-30 14:00:00+00:00,2024-07-30 16:00:00+00:00,-1,2
9efe5f92eef2128ce658,72,60,test,2024-07-30 17:00:00+00:00,2024-07-30 20:00:00+00:00,1,3
9800a6e4eca0808327a5,72,60,test,2024-07-31 16:00:00+00:00,2024-07-31 19:00:00+00:00,-1,2
05102d6bbeafa67204f7,72,60,test,2024-07-31 23:00:00+00:00,2024-08-01 01:00:00+00:00,1,2
eee4281e8325bccd907a,72,60,test,2024-08-01 07:00:00+00:00,2024-08-01 11:00:00+00:00,1,3
0658e6eeb96e7a34abae,72,60,test,2024-08-02 07:00:00+00:00,2024-08-02 09:00:00+00:00,-1,2
29aa8c2fc00a7b799a2e,72,60,test,2024-08-02 10:00:00+00:00,2024-08-02 12:00:00+00:00,1,1
a3fe87e92467e2467b1b,72,60,test,2024-08-02 13:00:00+00:00,2024-08-02 18:00:00+00:00,-1,0
0efcdd326cdbd8dbaa8c,72,60,test,2024-08-03 15:00:00+00:00,2024-08-03 17:00:00+00:00,-1,3
9cddce92de2c7c5d5afc,72,60,test,2024-08-03 19:00:00+00:00,2024-08-03 21:00:00+00:00,-1,2
b736c4029d549869eab6,72,60,test,2024-08-04 11:00:00+00:00,2024-08-04 13:00:00+00:00,1,2
5af7f790dede7a6b13d5,72,60,test,2024-08-04 18:00:00+00:00,2024-08-04 20:00:00+00:00,1,2
8a40a52667ad232c7f85,72,60,test,2024-08-04 22:00:00+00:00,2024-08-05 00:00:00+00:00,-1,3
632445b227ea19d42529,72,60,test,2024-08-05 10:00:00+00:00,2024-08-05 12:00:00+00:00,-1,2
910ff7c9604e37019e4b,72,60,test,2024-08-05 14:00:00+00:00,2024-08-05 17:00:00+00:00,-1,3
bc199e6b780534df76c7,72,60,test,2024-08-06 18:00:00+00:00,2024-08-06 21:00:00+00:00,-1,2
d16da302b9998f0a4011,72,60,test,2024-08-06 22:00:00+00:00,2024-08-07 00:00:00+00:00,0,3
6c990b2f783c04f3877d,72,60,test,2024-08-07 14:00:00+00:00,2024-08-08 00:00:00+00:00,-1,2
628ead12ca67807f8fbb,72,60,test,2024-08-08 07:00:00+00:00,2024-08-08 10:00:00+00:00,1,2
37bb265b4bb122b5c8a1,72,60,test,2024-08-08 12:00:00+00:00,2024-08-08 15:00:00+00:00,1,3
a92a25f43ee59ad3aa83,72,60,test,2024-08-09 05:00:00+00:00,2024-08-09 07:00:00+00:00,1,1
ad09a5ffe88c1c375749,72,60,test,2024-08-10 06:00:00+00:00,2024-08-10 09:00:00+00:00,-1,2
00b5e3c311054b4baba3,72,60,test,2024-08-10 11:00:00+00:00,2024-08-10 13:00:00+00:00,-1,3
ff88c22fdbd21a555ddf,72,60,test,2024-08-12 07:00:00+00:00,2024-08-12 10:00:00+00:00,-1,2
1230845ac9437577c00a,72,60,test,2024-08-12 11:00:00+00:00,2024-08-12 15:00:00+00:00,-1,3
3f76b58f8df18bc68b6f,72,60,test,2024-08-12 21:00:00+00:00,2024-08-13 03:00:00+00:00,1,1
8cadd649f1011728d1e7,72,60,test,2024-08-13 04:00:00+00:00,2024-08-13 09:00:00+00:00,-1,0
a1941aeb217f528cbd10,72,60,test,2024-08-13 23:00:00+00:00,2024-08-14 02:00:00+00:00,1,1
05dc137c904f8a062f3a,72,60,test,2024-08-14 03:00:00+00:00,2024-08-14 06:00:00+00:00,1,3
8d8a57d9f5dbeb08d405,72,60,test,2024-08-16 17:00:00+00:00,2024-08-16 20:00:00+00:00,-1,2
d93fbf56a95c47b65873,72,60,test,2024-08-16 22:00:00+00:00,2024-08-17 01:00:00+00:00,-1,2
43401d8f5955aa125eca,72,60,test,2024-08-17 02:00:00+00:00,2024-08-17 06:00:00+00:00,-1,0
183c3e18c2d63c8b2f7d,72,60,test,2024-08-17 19:00:00+00:00,2024-08-17 23:00:00+00:00,1,1
54a4679d672e8cb074cb,73,60,train,2024-02-26 18:00:00+00:00,2024-02-26 21:00:00+00:00,-1,2
7638bc75ba7847e1532c,73,60,train,2024-02-27 21:00:00+00:00,2024-02-28 00:00:00+00:00,1,2
2705abcc949a6a8578db,73,60,train,2024-02-28 16:00:00+00:00,2024-02-28 20:00:00+00:00,-1,2
ca0cfd92646d420cc921,73,60,train,2024-02-28 21:00:00+00:00,2024-02-28 23:00:00+00:00,-1,3
d259ad9bdc503b881484,73,60,train,2024-03-03 15:00:00+00:00,2024-03-03 21:00:00+00:00,1,1
e94269a169d799da164a,73,60,train,2024-03-05 10:00:00+00:00,2024-03-05 13:00:00+00:00,1,2
cf055bb0dddcf599ca38,73,60,train,2024-03-05 15:00:00+00:00,2024-03-05 18:00:00+00:00,1,3
3ac78c3e5f05e4f0462e,73,60,train,2024-03-05 21:00:00+00:00,2024-03-06 01:00:00+00:00,1,2
a331defbd3e31d75391a,73,60,train,2024-03-06 18:00:00+00:00,2024-03-06 22:00:00+00:00,1,2
858d97e0dc15aaf5f962,73,60,train,2024-03-14 09:00:00+00:00,2024-03-14 18:00:00+00:00,-1,3
73ef2936355c2c4e8026,73,60,train,2024-03-15 20:00:00+00:00,2024-03-16 01:00:00+00:00,1,1
c220825ab68f820b0e9f,73,60,train,2024-03-17 04:00:00+00:00,2024-03-17 06:00:00+00:00,-1,3
a5ed872e5710ea7c7a09,73,60,train,2024-03-21 20:00:00+00:00,2024-03-21 22:00:00+00:00,1,1
25a9c55a990c23c0498b,73,60,train,2024-03-21 23:00:00+00:00,2024-03-22 01:00:00+00:00,1,2
14fd6672b3f1c26bef01,73,60,train,2024-03-26 07:00:00+00:00,2024-03-26 09:00:00+00:00,1,1
d8363791d992001515ca,73,60,train,2024-03-26 10:00:00+00:00,2024-03-26 12:00:00+00:00,-1,2
6c9372d39bf79ef16dcc,73,60,train,2024-03-28 16:00:00+00:00,2024-03-28 18:00:00+00:00,1,3
054bad245d1486661abb,73,60,train,2024-03-31 20:00:00+00:00,2024-04-01 01:00:00+00:00,1,1
0de12ae1c6a3f6b23ee5,73,60,train,2024-04-02 00:00:00+00:00,2024-04-02 02:00:00+00:00,1,2
b07ae81eaa61932f0d52,73,60,train,2024-04-03 21:00:00+00:00,2024-04-03 23:00:00+00:00,-1,0
13f3fe4e35a0ac834bb3,73,60,train,2024-04-04 13:00:00+00:00,2024-04-04 16:00:00+00:00,1,1
9aa0d37ce06f490efa64,73,60,validation,2024-07-11 07:00:00+00:00,2024-07-11 09:00:00+00:00,1,1
bce433fd4fee5e4e3e72,73,60,validation,2024-07-11 10:00:00+00:00,2024-07-11 12:00:00+00:00,-1,2
b00c22063d06b8e1031a,73,60,validation,2024-07-12 06:00:00+00:00,2024-07-12 11:00:00+00:00,-1,0
e05570172fd29280986d,73,60,validation,2024-07-12 18:00:00+00:00,2024-07-12 20:00:00+00:00,-1,3
70b6ad9b85e2d775f9e3,73,60,validation,2024-07-13 15:00:00+00:00,2024-07-13 19:00:00+00:00,1,2
9b7d429bbe4ad8c8a8e1,73,60,test,2024-07-14 05:00:00+00:00,2024-07-14 15:00:00+00:00,1,1
0a731dcbeda7ba990c93,73,60,test,2024-07-15 00:00:00+00:00,2024-07-15 05:00:00+00:00,-1,0
db371dfa57542d3b8748,73,60,test,2024-07-15 06:00:00+00:00,2024-07-15 11:00:00+00:00,-1,0
33ca30ae40ec38434be8,73,60,test,2024-07-15 18:00:00+00:00,2024-07-15 20:00:00+00:00,-1,3
62c6032f341b5a578511,73,60,test,2024-07-16 15:00:00+00:00,2024-07-16 19:00:00+00:00,1,2
cff0045bff6d1344b883,73,60,test,2024-07-16 22:00:00+00:00,2024-07-17 01:00:00+00:00,-1,3
674858848f72c33d3f9f,73,60,test,2024-07-17 02:00:00+00:00,2024-07-17 04:00:00+00:00,-1,2
fdf7947eec712fd8bbca,73,60,test,2024-07-17 05:00:00+00:00,2024-07-17 11:00:00+00:00,-1,3
c85a517ecdc45a95f8cf,73,60,test,2024-07-17 12:00:00+00:00,2024-07-17 17:00:00+00:00,1,1
3b335e3dcb5ef20314f4,73,60,test,2024-07-17 18:00:00+00:00,2024-07-18 00:00:00+00:00,1,1
ec78bbfbdcd44442fcdd,73,60,test,2024-07-18 01:00:00+00:00,2024-07-18 05:00:00+00:00,-1,3
ee458e992e3cecaea49b,73,60,test,2024-07-18 13:00:00+00:00,2024-07-18 16:00:00+00:00,1,2
9ab26870a6235962528e,73,60,test,2024-07-18 17:00:00+00:00,2024-07-18 20:00:00+00:00,1,3
476f3feeed65badf96ed,73,60,test,2024-07-18 21:00:00+00:00,2024-07-19 07:00:00+00:00,-1,1
13f5caa1ccc96602787a,73,60,test,2024-07-19 08:00:00+00:00,2024-07-19 11:00:00+00:00,-1,2
1e6f72f93184d9329bca,73,60,test,2024-07-19 12:00:00+00:00,2024-07-19 14:00:00+00:00,1,3
1ee68f30a9e1f78d1a81,73,60,test,2024-07-19 17:00:00+00:00,2024-07-19 20:00:00+00:00,1,3
bfbb748fc4f3c3daf0c3,73,60,test,2024-07-19 21:00:00+00:00,2024-07-20 07:00:00+00:00,-1,1
22e09450367be0e6c4e8,73,60,test,2024-07-20 13:00:00+00:00,2024-07-20 16:00:00+00:00,1,3
4fd457f789796bfb287d,73,60,test,2024-07-21 05:00:00+00:00,2024-07-21 08:00:00+00:00,1,1
f506fd12c1b443f37f56,73,60,test,2024-07-21 16:00:00+00:00,2024-07-21 19:00:00+00:00,1,3
c2ec6c3520de4a590a38,73,60,test,2024-07-22 02:00:00+00:00,2024-07-22 04:00:00+00:00,-1,0
d4d54ba10409c17646eb,73,60,test,2024-07-22 06:00:00+00:00,2024-07-22 11:00:00+00:00,1,1
21f886d18a18788c16ca,73,60,test,2024-07-22 14:00:00+00:00,2024-07-22 18:00:00+00:00,-1,0
9128906f56b4671f1f03,73,60,test,2024-07-23 07:00:00+00:00,2024-07-23 10:00:00+00:00,-1,2
2a8fb42e4a650981ad0a,73,60,test,2024-07-23 11:00:00+00:00,2024-07-23 13:00:00+00:00,-1,3
0453bd4298168f5a8609,73,60,test,2024-07-23 16:00:00+00:00,2024-07-24 00:00:00+00:00,-1,0
ee5d39a18e80f01ab9fe,73,60,test,2024-07-25 19:00:00+00:00,2024-07-25 23:00:00+00:00,1,1
ddcb0c9f3210bd499ca9,73,60,test,2024-07-26 00:00:00+00:00,2024-07-26 03:00:00+00:00,-1,3
5be46f43a306ca6ca35c,73,60,test,2024-07-26 04:00:00+00:00,2024-07-26 06:00:00+00:00,-1,3
1ddef527d23caab76c12,73,60,test,2024-07-27 04:00:00+00:00,2024-07-27 13:00:00+00:00,-1,1
d644f53a3d5fa078b785,73,60,test,2024-07-27 14:00:00+00:00,2024-07-27 16:00:00+00:00,-1,3
fbdc618285cd32e87979,73,60,test,2024-07-28 11:00:00+00:00,2024-07-28 15:00:00+00:00,1,1
c107327345c4997490b5,73,60,test,2024-07-28 16:00:00+00:00,2024-07-28 20:00:00+00:00,-1,3
0e3d174da75e5148b3de,73,60,test,2024-07-29 02:00:00+00:00,2024-07-29 05:00:00+00:00,-1,3
735f6adff490f857dccb,73,60,test,2024-07-29 11:00:00+00:00,2024-07-29 13:00:00+00:00,-1,2
768e78292d8d8403f766,73,60,test,2024-07-29 15:00:00+00:00,2024-07-29 17:00:00+00:00,-1,3
de19ec380bcb89413d1f,73,60,test,2024-07-30 13:00:00+00:00,2024-07-30 17:00:00+00:00,1,1
86b8114d559966058cec,73,60,test,2024-07-30 18:00:00+00:00,2024-07-30 20:00:00+00:00,1,3
4573686f1552012253bc,73,60,test,2024-07-31 06:00:00+00:00,2024-07-31 15:00:00+00:00,1,1
838ee45ed93f5095b166,73,60,test,2024-07-31 16:00:00+00:00,2024-07-31 18:00:00+00:00,-1,2
69667e85f180b14f9ce7,73,60,test,2024-07-31 20:00:00+00:00,2024-07-31 23:00:00+00:00,-1,0
1ae0ec81fe039d577675,73,60,test,2024-08-01 00:00:00+00:00,2024-08-01 05:00:00+00:00,-1,0
9bc30fb801ca3eb361a8,73,60,test,2024-08-01 06:00:00+00:00,2024-08-01 09:00:00+00:00,-1,3
4afb191fa2aecf36f55e,73,60,test,2024-08-02 07:00:00+00:00,2024-08-02 13:00:00+00:00,-1,1
ade93cbf2017c4e1f279,73,60,test,2024-08-02 14:00:00+00:00,2024-08-02 17:00:00+00:00,-1,3
d80b7461805b654939ce,73,60,test,2024-08-03 15:00:00+00:00,2024-08-03 17:00:00+00:00,-1,3
49d8610be87e60af96b5,73,60,test,2024-08-04 04:00:00+00:00,2024-08-04 06:00:00+00:00,-1,3
c1c81a45bf320f3846b5,73,60,test,2024-08-04 18:00:00+00:00,2024-08-04 21:00:00+00:00,-1,2
7dfeec9fde5071c0b36c,73,60,test,2024-08-04 22:00:00+00:00,2024-08-05 01:00:00+00:00,-1,3
9a3c195cdf5c406218a7,73,60,test,2024-08-05 09:00:00+00:00,2024-08-05 11:00:00+00:00,1,2
a85bd936d4730a5f9162,73,60,test,2024-08-05 13:00:00+00:00,2024-08-05 16:00:00+00:00,-1,0
c4d1cb511ee574b7d6b4,73,60,test,2024-08-06 18:00:00+00:00,2024-08-06 21:00:00+00:00,-1,1
c1e02c41b645f1826c34,73,60,test,2024-08-06 22:00:00+00:00,2024-08-07 00:00:00+00:00,-1,3
58a9518e387c1de8bc6b,73,60,test,2024-08-07 11:00:00+00:00,2024-08-07 16:00:00+00:00,1,1
31daeb891e090e0edd14,73,60,test,2024-08-07 19:00:00+00:00,2024-08-08 00:00:00+00:00,-1,0
3caaaf4eb157df435a3b,73,60,test,2024-08-08 08:00:00+00:00,2024-08-08 11:00:00+00:00,-1,2
3212d2d7c05e47048047,73,60,test,2024-08-08 12:00:00+00:00,2024-08-08 15:00:00+00:00,1,3
5594a3f8b02f5c18910c,73,60,test,2024-08-08 16:00:00+00:00,2024-08-08 19:00:00+00:00,1,2
38440f53e5cd4263d91d,73,60,test,2024-08-08 21:00:00+00:00,2024-08-08 23:00:00+00:00,-1,3
c960b82eb71cbfe10dc1,73,60,test,2024-08-09 05:00:00+00:00,2024-08-09 07:00:00+00:00,1,2
a939fc6726f5fb816697,73,60,test,2024-08-10 06:00:00+00:00,2024-08-10 09:00:00+00:00,1,2
81ff5f04ee53f087de6d,73,60,test,2024-08-11 19:00:00+00:00,2024-08-11 21:00:00+00:00,1,2
793dff86c762624b55f5,73,60,test,2024-08-12 02:00:00+00:00,2024-08-12 05:00:00+00:00,1,1
2629769c2d9f21becb5c,73,60,test,2024-08-12 08:00:00+00:00,2024-08-12 15:00:00+00:00,-1,0
d49f2be14ac5793c15e7,73,60,test,2024-08-13 23:00:00+00:00,2024-08-14 02:00:00+00:00,1,1
e192f3ed514082d0d4b9,73,60,test,2024-08-14 04:00:00+00:00,2024-08-14 10:00:00+00:00,1,3
8ede2d44bbc54863d748,73,60,test,2024-08-14 12:00:00+00:00,2024-08-14 14:00:00+00:00,-1,3
3f9219927e8adee329f7,73,60,test,2024-08-16 17:00:00+00:00,2024-08-16 19:00:00+00:00,-1,2
87a125bef6cd6e1abdbd,73,60,test,2024-08-16 22:00:00+00:00,2024-08-17 01:00:00+00:00,-1,2
e5434d479e97d15792b6,73,60,test,2024-08-17 02:00:00+00:00,2024-08-17 06:00:00+00:00,-1,3
74495a488df32f531aaf,73,60,test,2024-08-17 17:00:00+00:00,2024-08-17 21:00:00+00:00,1,2
29298ffa1df11908cb0d,74,60,train,2024-02-25 18:00:00+00:00,2024-02-25 20:00:00+00:00,1,3
3df31066272a42f90684,74,60,train,2024-02-25 21:00:00+00:00,2024-02-25 23:00:00+00:00,-1,2
9dbc5babe25d07eb7e40,74,60,train,2024-02-26 19:00:00+00:00,2024-02-26 23:00:00+00:00,1,2
7a87714c575bbe70bc3f,74,60,train,2024-02-27 15:00:00+00:00,2024-02-27 19:00:00+00:00,1,2
64155ba0c4471ba22ac5,74,60,train,2024-02-28 15:00:00+00:00,2024-02-28 20:00:00+00:00,1,1
1827a8ace1fd0b4d4efe,74,60,train,2024-03-02 19:00:00+00:00,2024-03-02 22:00:00+00:00,-1,2
f44c9ebe477df13a7691,74,60,train,2024-03-03 17:00:00+00:00,2024-03-03 21:00:00+00:00,1,0
34457567ff2be3b8915c,74,60,train,2024-03-03 22:00:00+00:00,2024-03-04 02:00:00+00:00,1,1
96272988c2fa23efbfe3,74,60,train,2024-03-04 04:00:00+00:00,2024-03-04 10:00:00+00:00,-1,0
779afe6a56e058ac467f,74,60,train,2024-03-04 14:00:00+00:00,2024-03-04 18:00:00+00:00,1,1
6e08fc631519502a6f20,74,60,train,2024-03-04 20:00:00+00:00,2024-03-05 01:00:00+00:00,1,1
f21426aded463635bc6b,74,60,train,2024-03-05 02:00:00+00:00,2024-03-05 07:00:00+00:00,-1,0
4bc2f4ddb8042d43a6e3,74,60,train,2024-03-05 09:00:00+00:00,2024-03-05 14:00:00+00:00,1,1
5f57583adef8ba67c4e5,74,60,train,2024-03-05 15:00:00+00:00,2024-03-05 18:00:00+00:00,1,3
279a650351e8f9642589,74,60,train,2024-03-11 11:00:00+00:00,2024-03-11 19:00:00+00:00,-1,2
6252440a9fd28f216c45,74,60,train,2024-03-11 20:00:00+00:00,2024-03-12 01:00:00+00:00,1,1
8ea9e97f56bba20644f1,74,60,train,2024-03-12 22:00:00+00:00,2024-03-13 02:00:00+00:00,1,2
a4b85a0aa3f6893e1777,74,60,train,2024-03-13 17:00:00+00:00,2024-03-13 23:00:00+00:00,1,1
a7711e6ae163c0163a34,74,60,train,2024-03-14 03:00:00+00:00,2024-03-14 07:00:00+00:00,-1,3
a91e31971b8e2f109393,74,60,train,2024-03-14 08:00:00+00:00,2024-03-14 10:00:00+00:00,-1,2
503f06416e698c23aa35,74,60,train,2024-03-14 15:00:00+00:00,2024-03-14 18:00:00+00:00,1,3
9c19c8b522f786ef021a,74,60,train,2024-03-15 16:00:00+00:00,2024-03-15 18:00:00+00:00,1,3
4635d17b6ba70e737527,74,60,train,2024-03-15 19:00:00+00:00,2024-03-16 01:00:00+00:00,1,1
b262a7ea1497a8531c6e,74,60,train,2024-03-16 02:00:00+00:00,2024-03-16 06:00:00+00:00,1,3
14193d5de969a2842ff3,74,60,train,2024-03-16 23:00:00+00:00,2024-03-17 02:00:00+00:00,-1,2
bf76e0ab7eed05144dad,74,60,train,2024-03-18 13:00:00+00:00,2024-03-18 15:00:00+00:00,-1,3
4259bcb0eab1a53fdd28,74,60,train,2024-03-21 17:00:00+00:00,2024-03-21 23:00:00+00:00,1,1
5681041c35bb0bec1814,74,60,train,2024-03-22 03:00:00+00:00,2024-03-22 10:00:00+00:00,-1,0
9b5925e495635748cdaa,74,60,train,2024-03-22 11:00:00+00:00,2024-03-22 14:00:00+00:00,-1,0
5dbd92528d29dbb34ac6,74,60,train,2024-03-22 15:00:00+00:00,2024-03-22 20:00:00+00:00,-1,3
181e330589771b738a9a,74,60,train,2024-03-24 10:00:00+00:00,2024-03-24 13:00:00+00:00,1,2
fa3ebf9c9463ff38849f,74,60,train,2024-03-27 14:00:00+00:00,2024-03-27 20:00:00+00:00,-1,0
0c05f567c63c5bc491ba,74,60,train,2024-03-28 12:00:00+00:00,2024-03-28 20:00:00+00:00,-1,2
51c25a2bb5d8f6c8c43e,74,60,train,2024-03-29 16:00:00+00:00,2024-03-29 20:00:00+00:00,1,2
48e17906298bcf9a62f6,74,60,train,2024-03-31 01:00:00+00:00,2024-03-31 03:00:00+00:00,1,3
e1588be31b3d09360169,74,60,train,2024-03-31 08:00:00+00:00,2024-03-31 10:00:00+00:00,-1,2
9b9ee38d5b99a1f80dbc,74,60,train,2024-03-31 12:00:00+00:00,2024-03-31 14:00:00+00:00,-1,3
65c47447a98a0179a4f0,74,60,train,2024-04-01 17:00:00+00:00,2024-04-01 19:00:00+00:00,-1,3
c9b0a5b6aad98703fd76,74,60,train,2024-04-01 21:00:00+00:00,2024-04-02 01:00:00+00:00,1,1
ac0ad4ff8dbb356d829a,74,60,train,2024-04-02 02:00:00+00:00,2024-04-02 04:00:00+00:00,-1,3
41f0d5c845c98e4b8f4d,74,60,train,2024-04-03 19:00:00+00:00,2024-04-03 23:00:00+00:00,1,1
80e78d2fb50338c186d8,74,60,train,2024-04-04 12:00:00+00:00,2024-04-04 19:00:00+00:00,-1,2
729546acb971585d8236,74,60,train,2024-04-04 20:00:00+00:00,2024-04-05 00:00:00+00:00,1,2
b5fbaf924e469db2bfb3,74,60,train,2024-04-05 01:00:00+00:00,2024-04-05 06:00:00+00:00,-1,0
a0a25d18d95c6a383760,74,60,validation,2024-07-09 10:00:00+00:00,2024-07-09 13:00:00+00:00,1,2
d7ff516a7d45fb3a70d3,74,60,validation,2024-07-12 06:00:00+00:00,2024-07-12 11:00:00+00:00,-1,0
0f7707124e2e25ac322d,74,60,validation,2024-07-12 18:00:00+00:00,2024-07-12 22:00:00+00:00,1,3
089fea9398c56231c208,74,60,validation,2024-07-13 14:00:00+00:00,2024-07-13 19:00:00+00:00,1,1
28a6474e8d6d6c415377,74,60,test,2024-07-14 05:00:00+00:00,2024-07-14 08:00:00+00:00,-1,3
67314346d3a301f41885,74,60,test,2024-07-14 10:00:00+00:00,2024-07-14 14:00:00+00:00,1,2
96c7938f2d5b95382854,74,60,test,2024-07-14 15:00:00+00:00,2024-07-14 18:00:00+00:00,-1,2
cf82c5db0219eb14f8c3,74,60,test,2024-07-15 01:00:00+00:00,2024-07-15 05:00:00+00:00,1,3
22e4a7325d52f35944ae,74,60,test,2024-07-15 06:00:00+00:00,2024-07-15 11:00:00+00:00,-1,0
c8f530eea629b38564da,74,60,test,2024-07-15 18:00:00+00:00,2024-07-15 22:00:00+00:00,1,3
4df0baa4ab9f3cb6ef27,74,60,test,2024-07-16 14:00:00+00:00,2024-07-16 19:00:00+00:00,1,1
2dc1d36795a89e25f206,74,60,test,2024-07-16 21:00:00+00:00,2024-07-17 01:00:00+00:00,-1,0
bd7cf9d86f54cdab67f8,74,60,test,2024-07-17 02:00:00+00:00,2024-07-17 04:00:00+00:00,-1,2
7a27abd13f82ecd623f7,74,60,test,2024-07-17 05:00:00+00:00,2024-07-17 08:00:00+00:00,-1,3
5c2f7e6e46813274a9be,74,60,test,2024-07-17 14:00:00+00:00,2024-07-18 00:00:00+00:00,1,0
b7e3832c0823a6664c10,74,60,test,2024-07-18 01:00:00+00:00,2024-07-18 04:00:00+00:00,-1,3
187e470304728adab4c0,74,60,test,2024-07-18 13:00:00+00:00,2024-07-18 17:00:00+00:00,-1,1
0bb54e1e1a19097ad77f,74,60,test,2024-07-18 22:00:00+00:00,2024-07-19 02:00:00+00:00,1,1
e96f952379fcf8543474,74,60,test,2024-07-19 03:00:00+00:00,2024-07-19 14:00:00+00:00,-1,3
2d56baa92aebfaac50b8,74,60,test,2024-07-19 15:00:00+00:00,2024-07-19 17:00:00+00:00,-1,0
30fabb696a1449483ff3,74,60,test,2024-07-19 22:00:00+00:00,2024-07-20 02:00:00+00:00,1,1
459855eb338a5a1c174e,74,60,test,2024-07-20 03:00:00+00:00,2024-07-20 06:00:00+00:00,-1,0
eb2d06ded595cff15145,74,60,test,2024-07-21 06:00:00+00:00,2024-07-21 08:00:00+00:00,1,1
cbf91cde12e63caa21b6,74,60,test,2024-07-21 13:00:00+00:00,2024-07-21 15:00:00+00:00,1,1
a446137443ee011581de,74,60,test,2024-07-21 16:00:00+00:00,2024-07-21 19:00:00+00:00,1,3
6b22126df6c1da25d760,74,60,test,2024-07-21 22:00:00+00:00,2024-07-22 00:00:00+00:00,1,3
9c75a5bbb3552b87f6b2,74,60,test,2024-07-22 02:00:00+00:00,2024-07-22 04:00:00+00:00,1,2
bf3a0aacef3201ba4fb6,74,60,test,2024-07-22 08:00:00+00:00,2024-07-22 11:00:00+00:00,-1,0
2247ccdbc851810f7388,74,60,test,2024-07-22 14:00:00+00:00,2024-07-22 19:00:00+00:00,-1,0
f05dc6460746cbaaed6f,74,60,test,2024-07-23 17:00:00+00:00,2024-07-24 00:00:00+00:00,-1,0
d1d74f8340a149749673,74,60,test,2024-07-24 18:00:00+00:00,2024-07-24 22:00:00+00:00,1,2
6ae1a9a3456448cda6a3,74,60,test,2024-07-25 04:00:00+00:00,2024-07-25 08:00:00+00:00,-1,3
51301aefb508d8fe4edd,74,60,test,2024-07-25 19:00:00+00:00,2024-07-25 23:00:00+00:00,1,1
46a77ed49e1dbf6def20,74,60,test,2024-07-26 00:00:00+00:00,2024-07-26 03:00:00+00:00,-1,3
20a77afd9b6582ee1f80,74,60,test,2024-07-27 04:00:00+00:00,2024-07-27 13:00:00+00:00,-1,1
2788c592ee8ac69b22cf,74,60,test,2024-07-28 12:00:00+00:00,2024-07-28 20:00:00+00:00,-1,2
c69f841e8c942a9385d5,74,60,test,2024-07-29 02:00:00+00:00,2024-07-29 05:00:00+00:00,-1,3
cf7149a4349f3d0ca142,74,60,test,2024-07-29 07:00:00+00:00,2024-07-29 18:00:00+00:00,-1,2
fee05f2429a5fcadf587,74,60,test,2024-07-30 06:00:00+00:00,2024-07-30 12:00:00+00:00,-1,2
04b68dc2843ddc5b4a48,74,60,test,2024-07-30 17:00:00+00:00,2024-07-30 20:00:00+00:00,1,3
82393e3a96dc4113a53d,74,60,test,2024-07-31 08:00:00+00:00,2024-07-31 10:00:00+00:00,1,2
664b8617a2c2c92c8295,74,60,test,2024-07-31 20:00:00+00:00,2024-07-31 23:00:00+00:00,-1,0
ab7c2a0efe708ae8c6da,74,60,test,2024-08-01 03:00:00+00:00,2024-08-01 06:00:00+00:00,-1,0
c300d903233ceeff3063,74,60,test,2024-08-02 07:00:00+00:00,2024-08-02 12:00:00+00:00,1,1
d158cd431a78c0b39b6d,74,60,test,2024-08-02 16:00:00+00:00,2024-08-02 18:00:00+00:00,-1,3
039c1c01d912edf4623d,74,60,test,2024-08-03 03:00:00+00:00,2024-08-03 05:00:00+00:00,-1,3
0d6834e97c2b6d3aba19,74,60,test,2024-08-03 15:00:00+00:00,2024-08-03 17:00:00+00:00,-1,3
d7f5fb98236fb7c5155a,74,60,test,2024-08-04 18:00:00+00:00,2024-08-04 21:00:00+00:00,-1,2
a1d2ebf9403ab8bc5552,74,60,test,2024-08-04 22:00:00+00:00,2024-08-05 01:00:00+00:00,-1,3
7aaea1b30b9eca1ec86f,74,60,test,2024-08-05 09:00:00+00:00,2024-08-05 13:00:00+00:00,-1,2
99b736a6140efac3f95c,74,60,test,2024-08-05 14:00:00+00:00,2024-08-05 18:00:00+00:00,-1,0
35d719ba63590ece6589,74,60,test,2024-08-06 18:00:00+00:00,2024-08-06 20:00:00+00:00,1,1
a675d190123617487e0f,74,60,test,2024-08-06 21:00:00+00:00,2024-08-07 00:00:00+00:00,-1,3
5dc09dcb5886a05c29d2,74,60,test,2024-08-07 16:00:00+00:00,2024-08-07 20:00:00+00:00,1,1
23cb0253201797f70343,74,60,test,2024-08-07 21:00:00+00:00,2024-08-08 00:00:00+00:00,1,3
d89f51ac7e4fdf405463,74,60,test,2024-08-08 09:00:00+00:00,2024-08-08 11:00:00+00:00,1,2
578aff94fade3bb2f846,74,60,test,2024-08-08 13:00:00+00:00,2024-08-08 15:00:00+00:00,0,3
124e3fb539a8413cb93c,74,60,test,2024-08-08 16:00:00+00:00,2024-08-09 00:00:00+00:00,-1,0
3c659bf22479f0cbfd0d,74,60,test,2024-08-09 10:00:00+00:00,2024-08-09 12:00:00+00:00,-1,3
28a7d3118a87461b0996,74,60,test,2024-08-10 06:00:00+00:00,2024-08-10 09:00:00+00:00,-1,2
b405d9a36a36be7ab026,74,60,test,2024-08-12 01:00:00+00:00,2024-08-12 05:00:00+00:00,1,1
e3d373f7157bfa273934,74,60,test,2024-08-12 09:00:00+00:00,2024-08-12 15:00:00+00:00,-1,0
cf68076509630c0530ce,74,60,test,2024-08-12 23:00:00+00:00,2024-08-13 03:00:00+00:00,-1,2
e20731df4756ca85beef,74,60,test,2024-08-13 04:00:00+00:00,2024-08-13 08:00:00+00:00,-1,3
b723fae255f212d9b24f,74,60,test,2024-08-13 22:00:00+00:00,2024-08-14 06:00:00+00:00,-1,0
f0cab1ccc4c3dcf9da44,74,60,test,2024-08-16 17:00:00+00:00,2024-08-16 21:00:00+00:00,-1,2
ec38085f69b067289432,74,60,test,2024-08-17 02:00:00+00:00,2024-08-17 06:00:00+00:00,-1,0
ac4f3fc735be8c8078d8,74,60,test,2024-08-17 18:00:00+00:00,2024-08-17 23:00:00+00:00,1,1
faa72b96f706c4f5abea,75,60,train,2024-02-24 17:00:00+00:00,2024-02-24 20:00:00+00:00,-1,2
336703cf700791d94155,75,60,train,2024-02-25 18:00:00+00:00,2024-02-25 20:00:00+00:00,1,2
eecadf72b30fae0091eb,75,60,train,2024-02-25 22:00:00+00:00,2024-02-26 00:00:00+00:00,-1,0
d36fa7c8ee8f668a27a2,75,60,train,2024-02-26 17:00:00+00:00,2024-02-26 20:00:00+00:00,1,2
8a87c51fd6e82849d6ad,75,60,train,2024-02-27 15:00:00+00:00,2024-02-27 20:00:00+00:00,-1,2
57204f80914818e54d66,75,60,train,2024-02-28 16:00:00+00:00,2024-02-28 18:00:00+00:00,1,2
f698302a39d24b1056be,75,60,train,2024-02-29 17:00:00+00:00,2024-02-29 20:00:00+00:00,-1,2
a7fbe31a0c3c46fe18b6,75,60,train,2024-03-03 16:00:00+00:00,2024-03-03 21:00:00+00:00,1,1
c808b0f62b14d198d57e,75,60,train,2024-03-04 16:00:00+00:00,2024-03-04 18:00:00+00:00,-1,2
40c9e80ef48e5fb6166a,75,60,train,2024-03-05 10:00:00+00:00,2024-03-05 13:00:00+00:00,1,1
00caedd947cd18c861b8,75,60,train,2024-03-05 14:00:00+00:00,2024-03-05 18:00:00+00:00,-1,3
a5685fc8c6fe9cc04ae8,75,60,train,2024-03-05 21:00:00+00:00,2024-03-06 02:00:00+00:00,1,1
7c9b1f54f42bf59774ee,75,60,train,2024-03-06 17:00:00+00:00,2024-03-07 00:00:00+00:00,1,1
36896c0adad4a76c9814,75,60,train,2024-03-08 19:00:00+00:00,2024-03-08 21:00:00+00:00,1,3
2a2037ee6e23464363c7,75,60,train,2024-03-11 21:00:00+00:00,2024-03-12 01:00:00+00:00,-1,2
78cf9e542a81da18d510,75,60,train,2024-03-13 21:00:00+00:00,2024-03-13 23:00:00+00:00,-1,2
0cf8b5cf641cae5b7283,75,60,train,2024-03-14 03:00:00+00:00,2024-03-14 06:00:00+00:00,1,3
4af7c3d1524a6931a092,75,60,train,2024-03-14 07:00:00+00:00,2024-03-14 18:00:00+00:00,-1,0
88a7da0275ae3fc70646,75,60,train,2024-03-15 20:00:00+00:00,2024-03-16 01:00:00+00:00,1,1
9d56a5bed03ac63a77b9,75,60,train,2024-03-16 06:00:00+00:00,2024-03-16 12:00:00+00:00,1,0
c083961b157a748f2e86,75,60,train,2024-03-16 13:00:00+00:00,2024-03-16 15:00:00+00:00,1,2
fbf32a8d5229e79cdcd6,75,60,train,2024-03-16 18:00:00+00:00,2024-03-17 03:00:00+00:00,-1,0
1ce9fa4dec80e402c7a6,75,60,train,2024-03-17 04:00:00+00:00,2024-03-17 11:00:00+00:00,1,1
5f9f6e9cfc4ada3740e6,75,60,train,2024-03-19 08:00:00+00:00,2024-03-19 10:00:00+00:00,1,2
a15f51298c48a09de5e3,75,60,train,2024-03-21 00:00:00+00:00,2024-03-21 02:00:00+00:00,-1,0
2a7e05dfd0ce54307ec1,75,60,train,2024-03-21 16:00:00+00:00,2024-03-21 22:00:00+00:00,1,1
c4b22ef627a0b9f83625,75,60,train,2024-03-22 05:00:00+00:00,2024-03-22 10:00:00+00:00,-1,0
9789c902789c10213069,75,60,train,2024-03-22 11:00:00+00:00,2024-03-22 13:00:00+00:00,-1,2
c407cddbbf141e81971d,75,60,train,2024-03-23 21:00:00+00:00,2024-03-24 01:00:00+00:00,1,2
9fdd60bf53dcae172c93,75,60,train,2024-03-25 10:00:00+00:00,2024-03-25 13:00:00+00:00,-1,2
7fbd01bfed279eb59f2d,75,60,train,2024-03-26 07:00:00+00:00,2024-03-26 09:00:00+00:00,1,1
313de1f7ea181f738c06,75,60,train,2024-03-26 10:00:00+00:00,2024-03-26 12:00:00+00:00,1,2
48fe5a858749b03a16b0,75,60,train,2024-03-27 05:00:00+00:00,2024-03-27 10:00:00+00:00,1,1
7d81c82f32591789e40f,75,60,train,2024-03-28 16:00:00+00:00,2024-03-28 18:00:00+00:00,-1,3
b1a5ff0e15c2bfec1ca8,75,60,train,2024-03-30 04:00:00+00:00,2024-03-30 06:00:00+00:00,-1,3
fe791409cfb07b8ea2a0,75,60,train,2024-03-30 07:00:00+00:00,2024-03-30 09:00:00+00:00,-1,3
9f3320e4590056bee22a,75,60,train,2024-03-31 20:00:00+00:00,2024-04-01 01:00:00+00:00,1,1
52b457de7089732b8a5b,75,60,train,2024-04-03 19:00:00+00:00,2024-04-03 22:00:00+00:00,1,1
3fb29bec5d1d565a3607,75,60,train,2024-04-04 00:00:00+00:00,2024-04-04 02:00:00+00:00,-1,3
94d908e7696f8c23886c,75,60,train,2024-04-04 20:00:00+00:00,2024-04-05 00:00:00+00:00,1,2
1ac1991c9ec0c4f6b973,75,60,validation,2024-07-08 21:00:00+00:00,2024-07-09 01:00:00+00:00,1,2
3a095b63b4eefc1fad20,75,60,validation,2024-07-10 10:00:00+00:00,2024-07-10 13:00:00+00:00,-1,2
0e67b65edaaf4fa69937,75,60,validation,2024-07-11 07:00:00+00:00,2024-07-11 09:00:00+00:00,1,1
279d12fa89ac1babbc10,75,60,validation,2024-07-11 10:00:00+00:00,2024-07-11 12:00:00+00:00,1,2
c52ef516212073391925,75,60,validation,2024-07-12 06:00:00+00:00,2024-07-12 11:00:00+00:00,-1,2
d02ecc741e68ef141eb4,75,60,validation,2024-07-12 18:00:00+00:00,2024-07-12 20:00:00+00:00,1,3
9f5ddedc5f66df46e39c,75,60,validation,2024-07-13 15:00:00+00:00,2024-07-13 20:00:00+00:00,1,1
651087348b7e00bdd374,75,60,test,2024-07-14 04:00:00+00:00,2024-07-14 08:00:00+00:00,1,3
00398bcd8362f799ef8e,75,60,test,2024-07-14 09:00:00+00:00,2024-07-14 15:00:00+00:00,1,1
e0227ea2e24e861f81cb,75,60,test,2024-07-15 00:00:00+00:00,2024-07-15 05:00:00+00:00,-1,0
9f256a99c4a9b0bf78d8,75,60,test,2024-07-15 06:00:00+00:00,2024-07-15 11:00:00+00:00,-1,2
8932c700844022359d24,75,60,test,2024-07-15 18:00:00+00:00,2024-07-15 20:00:00+00:00,1,3
4fcd41c77f894c41728b,75,60,test,2024-07-16 15:00:00+00:00,2024-07-16 20:00:00+00:00,1,1
2a765f6a4c1141836195,75,60,test,2024-07-16 22:00:00+00:00,2024-07-17 01:00:00+00:00,1,3
81b21a99006082239441,75,60,test,2024-07-17 04:00:00+00:00,2024-07-17 08:00:00+00:00,1,3
566e7c2f000d717da347,75,60,test,2024-07-17 11:00:00+00:00,2024-07-17 13:00:00+00:00,0,3
ba4d064de94dda2d52f3,75,60,test,2024-07-17 14:00:00+00:00,2024-07-18 00:00:00+00:00,1,0
a5f0bfe3b55ed617bdd3,75,60,test,2024-07-18 01:00:00+00:00,2024-07-18 05:00:00+00:00,-1,3
a3c3a6b22f1d2a7ee09b,75,60,test,2024-07-18 18:00:00+00:00,2024-07-18 20:00:00+00:00,1,2
710c56858005f6061666,75,60,test,2024-07-18 21:00:00+00:00,2024-07-19 07:00:00+00:00,-1,2
fbe52356dc02fa918541,75,60,test,2024-07-19 08:00:00+00:00,2024-07-19 15:00:00+00:00,-1,0
bccd6ac0f9cdbb896099,75,60,test,2024-07-19 18:00:00+00:00,2024-07-19 20:00:00+00:00,1,2
3ad328e628f2247ff4a9,75,60,test,2024-07-19 21:00:00+00:00,2024-07-20 07:00:00+00:00,-1,2
5a0d44920c9acd4567cb,75,60,test,2024-07-20 08:00:00+00:00,2024-07-20 10:00:00+00:00,1,2
c5f5b01ad6ebb712d402,75,60,test,2024-07-20 14:00:00+00:00,2024-07-20 16:00:00+00:00,1,3
bfa06b540e7e05934987,75,60,test,2024-07-21 06:00:00+00:00,2024-07-21 09:00:00+00:00,1,1
dbba739496fffcc61f92,75,60,test,2024-07-21 11:00:00+00:00,2024-07-21 13:00:00+00:00,-1,3
52a8be0b79f9b92dbeb1,75,60,test,2024-07-21 14:00:00+00:00,2024-07-21 16:00:00+00:00,-1,2
198a16c11e4d79af9f11,75,60,test,2024-07-21 17:00:00+00:00,2024-07-21 19:00:00+00:00,1,3
a6399659dec156bc9cbc,75,60,test,2024-07-22 02:00:00+00:00,2024-07-22 05:00:00+00:00,-1,2
221395b94b3c6725f2f7,75,60,test,2024-07-22 06:00:00+00:00,2024-07-22 11:00:00+00:00,1,1
560fabf1023e1d81f94d,75,60,test,2024-07-22 13:00:00+00:00,2024-07-22 17:00:00+00:00,-1,0
6913f6dd7261677cad2f,75,60,test,2024-07-23 07:00:00+00:00,2024-07-23 09:00:00+00:00,1,2
e1d5bdadbf817845f718,75,60,test,2024-07-23 10:00:00+00:00,2024-07-23 13:00:00+00:00,-1,2
138a9b91e2e3dfee03d6,75,60,test,2024-07-23 14:00:00+00:00,2024-07-24 00:00:00+00:00,-1,1
3fcc9372e3802c1a5013,75,60,test,2024-07-24 18:00:00+00:00,2024-07-24 23:00:00+00:00,1,2
e09661cf7f64beadc5c8,75,60,test,2024-07-25 04:00:00+00:00,2024-07-25 08:00:00+00:00,-1,3
16a72dbc7e3a06f2840d,75,60,test,2024-07-25 19:00:00+00:00,2024-07-25 23:00:00+00:00,1,1
16da4c349c52f34cb3b9,75,60,test,2024-07-26 00:00:00+00:00,2024-07-26 03:00:00+00:00,-1,3
e155b6df46ed48fa0f5e,75,60,test,2024-07-27 04:00:00+00:00,2024-07-27 08:00:00+00:00,1,1
a321a6072e4f5100e3e2,75,60,test,2024-07-27 09:00:00+00:00,2024-07-27 12:00:00+00:00,1,3
507e1d1fce7210083f60,75,60,test,2024-07-27 14:00:00+00:00,2024-07-27 17:00:00+00:00,-1,3
e5a0497e1fba81d0f3fe,75,60,test,2024-07-27 18:00:00+00:00,2024-07-27 21:00:00+00:00,-1,2
8678b62ca54a6b8a9180,75,60,test,2024-07-27 22:00:00+00:00,2024-07-28 02:00:00+00:00,-1,3
b51665447940f1b7e76e,75,60,test,2024-07-28 11:00:00+00:00,2024-07-28 15:00:00+00:00,1,2
d276fb2f73767853ce7e,75,60,test,2024-07-28 16:00:00+00:00,2024-07-28 21:00:00+00:00,-1,3
1bcf5433f5ea366fa2fc,75,60,test,2024-07-29 02:00:00+00:00,2024-07-29 04:00:00+00:00,-1,3
4d1ce1824ff7704f1e07,75,60,test,2024-07-29 08:00:00+00:00,2024-07-29 12:00:00+00:00,1,2
18a36e88787c38220a83,75,60,test,2024-07-29 14:00:00+00:00,2024-07-29 17:00:00+00:00,-1,3
48cd22777e355f6b1acc,75,60,test,2024-07-30 06:00:00+00:00,2024-07-30 11:00:00+00:00,1,1
398ca1a937b97efe8611,75,60,test,2024-07-30 12:00:00+00:00,2024-07-30 14:00:00+00:00,1,3
c5b171d8f2cc673f2110,75,60,test,2024-07-30 17:00:00+00:00,2024-07-30 20:00:00+00:00,1,3
ba6bc3af8e57262affeb,75,60,test,2024-07-31 06:00:00+00:00,2024-07-31 11:00:00+00:00,1,1
2704c53c5b6d6f50eaf5,75,60,test,2024-07-31 12:00:00+00:00,2024-07-31 15:00:00+00:00,1,3
9d987e51ab59e9298a22,75,60,test,2024-07-31 16:00:00+00:00,2024-07-31 19:00:00+00:00,-1,0
f25da4baa1a6db2557f5,75,60,test,2024-08-01 00:00:00+00:00,2024-08-01 03:00:00+00:00,-1,0
99b49fd4d29a3028e59d,75,60,test,2024-08-01 06:00:00+00:00,2024-08-01 11:00:00+00:00,-1,0
c27350ccb20971b57aab,75,60,test,2024-08-02 07:00:00+00:00,2024-08-02 11:00:00+00:00,1,2
ffd3cf1644a6815b10a2,75,60,test,2024-08-02 14:00:00+00:00,2024-08-02 19:00:00+00:00,-1,3
3159579e0c4527a43278,75,60,test,2024-08-03 01:00:00+00:00,2024-08-03 05:00:00+00:00,-1,3
79af64cc781f31d6b545,75,60,test,2024-08-04 18:00:00+00:00,2024-08-04 21:00:00+00:00,1,2
067de523fe36708a86cf,75,60,test,2024-08-04 22:00:00+00:00,2024-08-05 01:00:00+00:00,-1,3
b53a922bec55d6ce7233,75,60,test,2024-08-05 08:00:00+00:00,2024-08-05 11:00:00+00:00,1,1
c2e3542ac9079081f1d8,75,60,test,2024-08-05 13:00:00+00:00,2024-08-05 18:00:00+00:00,-1,0
adc92e3416a050b117bb,75,60,test,2024-08-06 16:00:00+00:00,2024-08-06 20:00:00+00:00,1,1
8d73500aa854f8326c70,75,60,test,2024-08-06 21:00:00+00:00,2024-08-07 01:00:00+00:00,1,3
85d597488e6f0fab6fb8,75,60,test,2024-08-07 12:00:00+00:00,2024-08-07 16:00:00+00:00,-1,2
c3e48a20d6c985150af0,75,60,test,2024-08-07 19:00:00+00:00,2024-08-08 00:00:00+00:00,-1,0
242d5b5cd9154b14144f,75,60,test,2024-08-08 08:00:00+00:00,2024-08-08 11:00:00+00:00,-1,2
3ef8123a9d7b7a9639dd,75,60,test,2024-08-08 12:00:00+00:00,2024-08-08 15:00:00+00:00,-1,3
340093438731781d157b,75,60,test,2024-08-08 17:00:00+00:00,2024-08-08 20:00:00+00:00,-1,2
9c7b77f6a727f8a2afe7,75,60,test,2024-08-08 21:00:00+00:00,2024-08-09 00:00:00+00:00,-1,3
a8410cf891539285d9d2,75,60,test,2024-08-09 03:00:00+00:00,2024-08-09 07:00:00+00:00,1,2
ce690f03a21d72a8ceef,75,60,test,2024-08-09 10:00:00+00:00,2024-08-09 12:00:00+00:00,-1,3
5330512f46193a7e1230,75,60,test,2024-08-10 07:00:00+00:00,2024-08-10 09:00:00+00:00,-1,2
77d3e4a131f350475380,75,60,test,2024-08-10 11:00:00+00:00,2024-08-10 13:00:00+00:00,-1,3
d57abf13b94d031dbf31,75,60,test,2024-08-11 03:00:00+00:00,2024-08-11 05:00:00+00:00,-1,3
daeae02d17b503c61115,75,60,test,2024-08-11 19:00:00+00:00,2024-08-11 21:00:00+00:00,1,2
cf552a46a62fea36eca9,75,60,test,2024-08-11 23:00:00+00:00,2024-08-12 01:00:00+00:00,1,3
92c6957c403e84e2eb32,75,60,test,2024-08-12 02:00:00+00:00,2024-08-12 05:00:00+00:00,1,1
23e146bb35dcc9ebbcdd,75,60,test,2024-08-12 06:00:00+00:00,2024-08-12 08:00:00+00:00,1,3
2f8582cad80527ca05cb,75,60,test,2024-08-12 09:00:00+00:00,2024-08-12 15:00:00+00:00,-1,0
8eb10dca1768ffa6203e,75,60,test,2024-08-12 21:00:00+00:00,2024-08-13 09:00:00+00:00,-1,2
402bbebb130aed28d1e9,75,60,test,2024-08-13 23:00:00+00:00,2024-08-14 02:00:00+00:00,1,1
fd789ef6f05a82651277,75,60,test,2024-08-14 04:00:00+00:00,2024-08-14 08:00:00+00:00,-1,3
2b947fae33a37e278749,75,60,test,2024-08-14 12:00:00+00:00,2024-08-14 14:00:00+00:00,1,3
c9480a7135522ac88427,75,60,test,2024-08-15 03:00:00+00:00,2024-08-15 05:00:00+00:00,-1,3
0b7043e8eda4739c7cab,75,60,test,2024-08-15 13:00:00+00:00,2024-08-15 15:00:00+00:00,1,3
2fbf3e43cde44bd2279b,75,60,test,2024-08-15 16:00:00+00:00,2024-08-15 20:00:00+00:00,1,2
69d5b29e62feb28f46c0,75,60,test,2024-08-15 22:00:00+00:00,2024-08-16 01:00:00+00:00,1,2
e621577e9ec123003694,75,60,test,2024-08-16 02:00:00+00:00,2024-08-16 06:00:00+00:00,-1,0
f807810af2fe7f4af706,75,60,test,2024-08-16 17:00:00+00:00,2024-08-17 07:00:00+00:00,-1,2
31040b271f7844e45387,75,60,test,2024-08-17 17:00:00+00:00,2024-08-17 22:00:00+00:00,1,1
a7e98d04cb9130643440,76,60,train,2024-02-26 23:00:00+00:00,2024-02-27 01:00:00+00:00,1,1
6ac7449ab016cbd36605,76,60,train,2024-02-27 21:00:00+00:00,2024-02-28 00:00:00+00:00,1,2
df52e6f129555b5b7552,76,60,train,2024-02-28 16:00:00+00:00,2024-02-28 19:00:00+00:00,1,2
08033e67c3bea3ee80b8,76,60,train,2024-02-28 20:00:00+00:00,2024-02-29 01:00:00+00:00,-1,0
a1f7c41ba637e3adbc5b,76,60,train,2024-03-03 15:00:00+00:00,2024-03-03 19:00:00+00:00,1,2
f6c94d4c184022c0b50d,76,60,train,2024-03-04 22:00:00+00:00,2024-03-05 01:00:00+00:00,1,1
6bc7a36c0f4f8b3a70ab,76,60,train,2024-03-05 21:00:00+00:00,2024-03-06 01:00:00+00:00,1,1
50bdd8d75d097b4fed09,76,60,train,2024-03-14 15:00:00+00:00,2024-03-14 18:00:00+00:00,1,3
4bdf027849b71a3b58e1,76,60,train,2024-03-15 20:00:00+00:00,2024-03-16 06:00:00+00:00,-1,1
74b891c18271abd04b30,76,60,train,2024-03-16 11:00:00+00:00,2024-03-16 13:00:00+00:00,-1,2
8dd76be0ed72acd8216e,76,60,train,2024-03-17 04:00:00+00:00,2024-03-17 06:00:00+00:00,-1,3
35775583cb691e4b539f,76,60,train,2024-03-17 08:00:00+00:00,2024-03-17 11:00:00+00:00,1,2
3f783584802891e26adc,76,60,train,2024-03-21 20:00:00+00:00,2024-03-22 02:00:00+00:00,1,1
b9d5ee81ac5dc698970f,76,60,train,2024-03-22 23:00:00+00:00,2024-03-23 01:00:00+00:00,1,2
5ea180c212963e5dbb3d,76,60,train,2024-03-23 22:00:00+00:00,2024-03-24 01:00:00+00:00,-1,2
9199fe8a8113dd200899,76,60,train,2024-03-26 10:00:00+00:00,2024-03-26 12:00:00+00:00,-1,2
d2ad6fdeea8da56b18cb,76,60,train,2024-03-27 05:00:00+00:00,2024-03-27 09:00:00+00:00,1,2
9ee6d0f3cc0e9506538b,76,60,train,2024-04-02 01:00:00+00:00,2024-04-02 04:00:00+00:00,-1,3
43076525f1c228264391,76,60,train,2024-04-02 05:00:00+00:00,2024-04-02 07:00:00+00:00,-1,3
11b5c66806ec33eb5ae3,76,60,train,2024-04-03 20:00:00+00:00,2024-04-03 23:00:00+00:00,1,1
bf1b48655a0d3b43c765,76,60,validation,2024-07-08 22:00:00+00:00,2024-07-09 01:00:00+00:00,-1,2
7b4ad80ae86877b57ea1,76,60,validation,2024-07-11 10:00:00+00:00,2024-07-11 12:00:00+00:00,-1,2
435df3a5052d1457e4af,76,60,validation,2024-07-12 08:00:00+00:00,2024-07-12 10:00:00+00:00,1,2
d7bf200b3e8270a3e963,76,60,validation,2024-07-12 13:00:00+00:00,2024-07-12 15:00:00+00:00,-1,3
7f5386e680c71fb4fb6f,76,60,validation,2024-07-12 19:00:00+00:00,2024-07-12 21:00:00+00:00,1,3
b3dddb2046a65d171bd5,76,60,validation,2024-07-13 13:00:00+00:00,2024-07-13 19:00:00+00:00,1,1
843feffe6b97b2372ead,76,60,test,2024-07-14 05:00:00+00:00,2024-07-14 08:00:00+00:00,1,3
9877f7e2a796bc9c90df,76,60,test,2024-07-14 10:00:00+00:00,2024-07-14 14:00:00+00:00,-1,2
d2293dec4ec314793b6a,76,60,test,2024-07-14 15:00:00+00:00,2024-07-14 19:00:00+00:00,1,2
2d4971d021dfd82d6f70,76,60,test,2024-07-14 21:00:00+00:00,2024-07-14 23:00:00+00:00,-1,3
f49d319a9a65bc23920b,76,60,test,2024-07-15 00:00:00+00:00,2024-07-15 05:00:00+00:00,-1,0
d1f8d85fb2202ace5823,76,60,test,2024-07-15 08:00:00+00:00,2024-07-15 10:00:00+00:00,1,2
bac5f44a1ad26abe9fd6,76,60,test,2024-07-15 13:00:00+00:00,2024-07-15 15:00:00+00:00,-1,3
2879338e26a282c349cf,76,60,test,2024-07-15 19:00:00+00:00,2024-07-15 21:00:00+00:00,1,3
58db184d56ecbafd4121,76,60,test,2024-07-16 13:00:00+00:00,2024-07-16 19:00:00+00:00,1,1
4697f1256105eea86cd7,76,60,test,2024-07-16 23:00:00+00:00,2024-07-17 01:00:00+00:00,1,3
00798aa5ce4b1ecf9943,76,60,test,2024-07-17 02:00:00+00:00,2024-07-17 04:00:00+00:00,-1,2
fbda464f6a0ccb92655c,76,60,test,2024-07-17 05:00:00+00:00,2024-07-17 08:00:00+00:00,1,3
a6a9333a1ae12b5c8392,76,60,test,2024-07-17 13:00:00+00:00,2024-07-18 00:00:00+00:00,1,2
9468c4f6f1294178ded2,76,60,test,2024-07-18 01:00:00+00:00,2024-07-18 04:00:00+00:00,-1,3
c243e660adec726469d3,76,60,test,2024-07-18 13:00:00+00:00,2024-07-18 16:00:00+00:00,1,1
67d27f3e9ce037ea5f45,76,60,test,2024-07-18 18:00:00+00:00,2024-07-18 20:00:00+00:00,-1,3
06cfe4400238e05abf6b,76,60,test,2024-07-18 22:00:00+00:00,2024-07-19 06:00:00+00:00,-1,0
0739d2c823e64a74ada8,76,60,test,2024-07-19 11:00:00+00:00,2024-07-19 16:00:00+00:00,1,1
6b6d597a53f313d13ae5,76,60,test,2024-07-19 18:00:00+00:00,2024-07-19 20:00:00+00:00,-1,3
6bc60a07462a19684796,76,60,test,2024-07-19 22:00:00+00:00,2024-07-20 07:00:00+00:00,-1,0
6fe68f5d16b8d30eb8e5,76,60,test,2024-07-21 06:00:00+00:00,2024-07-21 09:00:00+00:00,1,1
dd7aba3720b27ca2d12d,76,60,test,2024-07-21 17:00:00+00:00,2024-07-21 19:00:00+00:00,1,3
7d99758ca9fde1833eb7,76,60,test,2024-07-21 23:00:00+00:00,2024-07-22 01:00:00+00:00,1,3
e635e950c8487826e04a,76,60,test,2024-07-22 02:00:00+00:00,2024-07-22 09:00:00+00:00,1,0
ac644edd92e0cfaaf0a7,76,60,test,2024-07-22 12:00:00+00:00,2024-07-22 14:00:00+00:00,1,2
64e19e29077839584b6e,76,60,test,2024-07-22 15:00:00+00:00,2024-07-22 19:00:00+00:00,1,3
3d6e334a5cb20680ed20,76,60,test,2024-07-23 07:00:00+00:00,2024-07-23 09:00:00+00:00,-1,2
d9881f58110a86152db2,76,60,test,2024-07-23 14:00:00+00:00,2024-07-24 00:00:00+00:00,1,1
eaf1d569f5f94f9e481e,76,60,test,2024-07-25 06:00:00+00:00,2024-07-25 08:00:00+00:00,0,3
50ae8eaacf58ed6604a3,76,60,test,2024-07-25 20:00:00+00:00,2024-07-25 23:00:00+00:00,-1,2
0303228ddadabd0381eb,76,60,test,2024-07-26 00:00:00+00:00,2024-07-26 03:00:00+00:00,-1,3
fa121ab635ca2d5dfe87,76,60,test,2024-07-27 05:00:00+00:00,2024-07-27 15:00:00+00:00,-1,0
5afec03aba4c27af0dce,76,60,test,2024-07-28 11:00:00+00:00,2024-07-28 20:00:00+00:00,-1,2
a7b089810c64bb9c214d,76,60,test,2024-07-29 02:00:00+00:00,2024-07-29 05:00:00+00:00,-1,3
7539bfecef8a081f2fc5,76,60,test,2024-07-29 07:00:00+00:00,2024-07-29 12:00:00+00:00,1,1
fe3ed1e18e08afb3c72b,76,60,test,2024-07-29 13:00:00+00:00,2024-07-29 17:00:00+00:00,-1,3
2a66a707f334d9a52743,76,60,test,2024-07-30 06:00:00+00:00,2024-07-30 11:00:00+00:00,1,2
52dd143aca73f84c4130,76,60,test,2024-07-30 14:00:00+00:00,2024-07-30 16:00:00+00:00,-1,2
9725d3c8f46222943fbb,76,60,test,2024-07-30 18:00:00+00:00,2024-07-30 20:00:00+00:00,1,3
5a1031747417d6fa68af,76,60,test,2024-07-31 20:00:00+00:00,2024-07-31 22:00:00+00:00,-1,0
b3aba32b45d79de80d83,76,60,test,2024-07-31 23:00:00+00:00,2024-08-01 02:00:00+00:00,-1,2
e7fbb97194e6df7071d6,76,60,test,2024-08-01 06:00:00+00:00,2024-08-01 09:00:00+00:00,-1,3
179a1dd400a480ab027f,76,60,test,2024-08-02 06:00:00+00:00,2024-08-02 10:00:00+00:00,-1,2
d9df5a2225d3fde7ecee,76,60,test,2024-08-02 14:00:00+00:00,2024-08-02 18:00:00+00:00,-1,3
5bc2841a1ff088fdee4a,76,60,test,2024-08-03 15:00:00+00:00,2024-08-03 17:00:00+00:00,-1,3
f47ed813eb37918ab551,76,60,test,2024-08-03 19:00:00+00:00,2024-08-03 21:00:00+00:00,1,2
446c5cd88622bc0b6517,76,60,test,2024-08-04 18:00:00+00:00,2024-08-04 20:00:00+00:00,1,2
fea215a04beea6c82dab,76,60,test,2024-08-04 22:00:00+00:00,2024-08-05 00:00:00+00:00,-1,3
972eb5181bf06609c2fb,76,60,test,2024-08-05 09:00:00+00:00,2024-08-05 11:00:00+00:00,-1,2
934c64e25d78b32c0345,76,60,test,2024-08-05 13:00:00+00:00,2024-08-05 15:00:00+00:00,-1,3
1e7c7d136c45b1cfeaef,76,60,test,2024-08-08 08:00:00+00:00,2024-08-08 10:00:00+00:00,-1,2
48f928cbc13b9238ba86,76,60,test,2024-08-08 12:00:00+00:00,2024-08-08 15:00:00+00:00,0,3
921629c431706a549a61,76,60,test,2024-08-08 16:00:00+00:00,2024-08-08 18:00:00+00:00,1,2
9d52091527c3176bbc12,76,60,test,2024-08-12 07:00:00+00:00,2024-08-12 15:00:00+00:00,-1,0
4663d95feece2ddca0f6,76,60,test,2024-08-12 22:00:00+00:00,2024-08-13 08:00:00+00:00,-1,2
11d306029e879050402e,76,60,test,2024-08-13 23:00:00+00:00,2024-08-14 02:00:00+00:00,-1,2
c94af478f32f87c84fca,76,60,test,2024-08-14 03:00:00+00:00,2024-08-14 10:00:00+00:00,1,0
e2f322553edd007834b2,76,60,test,2024-08-14 12:00:00+00:00,2024-08-14 14:00:00+00:00,1,3
ad2663d595c26b44373a,76,60,test,2024-08-16 17:00:00+00:00,2024-08-16 19:00:00+00:00,1,2
8d05c51e06a2f8450c2d,76,60,test,2024-08-16 22:00:00+00:00,2024-08-17 01:00:00+00:00,-1,2
d71e9b7e7e0eb2786850,76,60,test,2024-08-17 02:00:00+00:00,2024-08-17 06:00:00+00:00,-1,3
566c21c232dd7844a690,76,60,test,2024-08-17 18:00:00+00:00,2024-08-17 22:00:00+00:00,1,1
88e9804602f1c2150c16,77,60,train,2024-02-25 18:00:00+00:00,2024-02-25 20:00:00+00:00,-1,3
fb272a196a9be1b0b880,77,60,train,2024-02-26 18:00:00+00:00,2024-02-26 21:00:00+00:00,-1,2
9457b875baaafac2a1ca,77,60,train,2024-02-27 22:00:00+00:00,2024-02-28 00:00:00+00:00,-1,2
7a9a35a1bfa960f13bc4,77,60,train,2024-02-28 13:00:00+00:00,2024-02-28 18:00:00+00:00,1,1
9dcc42b716e7687a1189,77,60,train,2024-02-28 21:00:00+00:00,2024-02-28 23:00:00+00:00,-1,0
02210db5aae84b55d836,77,60,train,2024-03-03 15:00:00+00:00,2024-03-03 19:00:00+00:00,1,1
14e3cf34bc29e26bf87f,77,60,train,2024-03-03 23:00:00+00:00,2024-03-04 02:00:00+00:00,1,2
2e1dee6a34f020bf2804,77,60,train,2024-03-04 16:00:00+00:00,2024-03-04 18:00:00+00:00,-1,2
ffdb3dda6076354d1bf7,77,60,train,2024-03-04 22:00:00+00:00,2024-03-05 01:00:00+00:00,1,1
f069f915865fd6fba38c,77,60,train,2024-03-05 11:00:00+00:00,2024-03-05 13:00:00+00:00,1,2
82fcd92360312b94d592,77,60,train,2024-03-05 15:00:00+00:00,2024-03-05 18:00:00+00:00,1,3
a54ca8ecbcf2a3248980,77,60,train,2024-03-05 22:00:00+00:00,2024-03-06 00:00:00+00:00,1,2
fd3d29b1c0c337498c64,77,60,train,2024-03-06 18:00:00+00:00,2024-03-06 20:00:00+00:00,1,2
f8eecdd8b8bb1de9f0ca,77,60,train,2024-03-07 02:00:00+00:00,2024-03-07 06:00:00+00:00,-1,3
39732fa7a291fd349cbe,77,60,train,2024-03-13 21:00:00+00:00,2024-03-13 23:00:00+00:00,1,2
6f940a268dc09c50f632,77,60,train,2024-03-14 15:00:00+00:00,2024-03-14 18:00:00+00:00,1,3
164e83eb0cda57372111,77,60,train,2024-03-15 19:00:00+00:00,2024-03-16 01:00:00+00:00,1,1
70bf3757ec582eaad697,77,60,train,2024-03-16 02:00:00+00:00,2024-03-16 06:00:00+00:00,-1,0
009ed0003203806881c2,77,60,train,2024-03-16 11:00:00+00:00,2024-03-16 13:00:00+00:00,-1,2
64949176ebdd236a7cef,77,60,train,2024-03-21 20:00:00+00:00,2024-03-21 22:00:00+00:00,1,2
98c9a52f47723499339e,77,60,train,2024-03-21 23:00:00+00:00,2024-03-22 02:00:00+00:00,1,2
e10533069cc6d0dfb44b,77,60,train,2024-03-22 03:00:00+00:00,2024-03-22 10:00:00+00:00,-1,0
6bd1011d5ed00df1681e,77,60,train,2024-03-22 11:00:00+00:00,2024-03-22 13:00:00+00:00,-1,2
30c71fd4b4e6c2c1bdfc,77,60,train,2024-03-22 22:00:00+00:00,2024-03-23 01:00:00+00:00,1,1
e0b1f7d45e030d749893,77,60,train,2024-03-23 22:00:00+00:00,2024-03-24 01:00:00+00:00,-1,2
b5c97aadb42652cc8023,77,60,train,2024-03-29 18:00:00+00:00,2024-03-29 21:00:00+00:00,1,1
c2742bebcf80b86a4780,77,60,train,2024-03-30 21:00:00+00:00,2024-03-30 23:00:00+00:00,-1,2
9b352677c567b7221db5,77,60,train,2024-04-01 23:00:00+00:00,2024-04-02 06:00:00+00:00,-1,0
4830f8058c12ad7fd1fa,77,60,train,2024-04-03 19:00:00+00:00,2024-04-03 22:00:00+00:00,1,1
d9a15dc35693fa7232af,77,60,train,2024-04-04 20:00:00+00:00,2024-04-05 01:00:00+00:00,1,2
cd4d2d3e88e4a425825e,77,60,validation,2024-07-08 22:00:00+00:00,2024-07-09 01:00:00+00:00,-1,2
a3ead2cad0d9cdb35ef4,77,60,validation,2024-07-12 06:00:00+00:00,2024-07-12 10:00:00+00:00,1,1
c95657d71a83891bae47,77,60,validation,2024-07-12 11:00:00+00:00,2024-07-12 14:00:00+00:00,-1,3
df3a33c33e4469e67eae,77,60,validation,2024-07-12 18:00:00+00:00,2024-07-12 21:00:00+00:00,1,3
a6ae60f5c65af338be22,77,60,validation,2024-07-13 15:00:00+00:00,2024-07-13 19:00:00+00:00,-1,2
7502a33205355b046a1f,77,60,test,2024-07-14 04:00:00+00:00,2024-07-14 08:00:00+00:00,-1,3
179819b30edcd278ebdc,77,60,test,2024-07-14 09:00:00+00:00,2024-07-14 14:00:00+00:00,1,1
891dd9f4fa9a10d905d4,77,60,test,2024-07-14 15:00:00+00:00,2024-07-14 17:00:00+00:00,-1,2
b60bca7dc79d19da0834,77,60,test,2024-07-14 21:00:00+00:00,2024-07-14 23:00:00+00:00,1,3
5424e1a9d1e80815a89a,77,60,test,2024-07-15 00:00:00+00:00,2024-07-15 05:00:00+00:00,-1,0
3646d0fee377b39de857,77,60,test,2024-07-15 06:00:00+00:00,2024-07-15 10:00:00+00:00,1,1
5e71bf82b6a5eb08c9d3,77,60,test,2024-07-15 11:00:00+00:00,2024-07-15 14:00:00+00:00,-1,3
626da716028463e3a908,77,60,test,2024-07-15 18:00:00+00:00,2024-07-15 21:00:00+00:00,1,3
7f07effc1e5296337dd3,77,60,test,2024-07-16 15:00:00+00:00,2024-07-16 19:00:00+00:00,-1,2
227e14f6aa6e109ee0bf,77,60,test,2024-07-16 23:00:00+00:00,2024-07-17 01:00:00+00:00,1,3
179f2f1bf715593f1a89,77,60,test,2024-07-17 02:00:00+00:00,2024-07-17 08:00:00+00:00,-1,0
f07932197c2facdf827a,77,60,test,2024-07-17 14:00:00+00:00,2024-07-18 00:00:00+00:00,1,0
d155d674ec88ffcaa15b,77,60,test,2024-07-18 01:00:00+00:00,2024-07-18 04:00:00+00:00,-1,3
589a735655bc8763cb99,77,60,test,2024-07-18 13:00:00+00:00,2024-07-18 16:00:00+00:00,1,1
15d0ca3d7f8e086695e4,77,60,test,2024-07-18 18:00:00+00:00,2024-07-18 20:00:00+00:00,1,3
72291a52b5b30cd16d30,77,60,test,2024-07-18 21:00:00+00:00,2024-07-19 07:00:00+00:00,-1,2
d1e1093f017582f95170,77,60,test,2024-07-19 08:00:00+00:00,2024-07-19 11:00:00+00:00,1,2
faa1dd6ba0e1342d267f,77,60,test,2024-07-19 12:00:00+00:00,2024-07-19 14:00:00+00:00,1,3
d5544cd9f170642b94bc,77,60,test,2024-07-19 18:00:00+00:00,2024-07-19 20:00:00+00:00,1,3
5bc18127cc4b507b561e,77,60,test,2024-07-19 21:00:00+00:00,2024-07-20 07:00:00+00:00,-1,2
7b7cb059578fa7eb2ab8,77,60,test,2024-07-20 08:00:00+00:00,2024-07-20 11:00:00+00:00,1,2
d58d79fb0729de2c6695,77,60,test,2024-07-20 14:00:00+00:00,2024-07-20 16:00:00+00:00,-1,3
d138b048d684dc45b341,77,60,test,2024-07-21 06:00:00+00:00,2024-07-21 08:00:00+00:00,-1,2
6a27b4cf8827abdbf268,77,60,test,2024-07-21 14:00:00+00:00,2024-07-21 16:00:00+00:00,-1,2
c82c422243e9c28913c2,77,60,test,2024-07-21 17:00:00+00:00,2024-07-21 19:00:00+00:00,1,3
13ebfbcf5b26f6b6af3b,77,60,test,2024-07-21 23:00:00+00:00,2024-07-22 01:00:00+00:00,1,3
2f14aa22d931fbc1971b,77,60,test,2024-07-22 02:00:00+00:00,2024-07-22 04:00:00+00:00,-1,2
95e3aab30783ce08db18,77,60,test,2024-07-22 08:00:00+00:00,2024-07-22 11:00:00+00:00,-1,0
d21897d4cfdceb11fb1e,77,60,test,2024-07-22 12:00:00+00:00,2024-07-22 14:00:00+00:00,1,2
d2e1eda6ba94349519f7,77,60,test,2024-07-22 15:00:00+00:00,2024-07-22 19:00:00+00:00,1,3
3b2e231809b41f366c0c,77,60,test,2024-07-23 07:00:00+00:00,2024-07-23 10:00:00+00:00,-1,2
5ea5fa8016215130b890,77,60,test,2024-07-23 11:00:00+00:00,2024-07-23 13:00:00+00:00,-1,3
cd0d7eff714d9333f238,77,60,test,2024-07-23 16:00:00+00:00,2024-07-24 00:00:00+00:00,-1,0
36f2b5b000711ca89acd,77,60,test,2024-07-25 06:00:00+00:00,2024-07-25 09:00:00+00:00,0,3
7a7395e17c143e2077c1,77,60,test,2024-07-25 19:00:00+00:00,2024-07-25 23:00:00+00:00,1,1
47343bd4872a1f9d0bd3,77,60,test,2024-07-26 00:00:00+00:00,2024-07-26 03:00:00+00:00,-1,3
c18d442746323deed4ca,77,60,test,2024-07-27 04:00:00+00:00,2024-07-27 13:00:00+00:00,-1,1
6277558c9a40e2404438,77,60,test,2024-07-28 02:00:00+00:00,2024-07-28 04:00:00+00:00,-1,3
9dad97c947dcf39ee3d8,77,60,test,2024-07-28 10:00:00+00:00,2024-07-28 15:00:00+00:00,1,1
19e45f1fde2b8f8ba3db,77,60,test,2024-07-28 16:00:00+00:00,2024-07-28 20:00:00+00:00,-1,3
77c7eb43eaa66f202be7,77,60,test,2024-07-28 22:00:00+00:00,2024-07-29 00:00:00+00:00,-1,2
08e7e6684453a1711887,77,60,test,2024-07-29 02:00:00+00:00,2024-07-29 04:00:00+00:00,-1,3
35586de3abc7a07d92d2,77,60,test,2024-07-29 09:00:00+00:00,2024-07-29 12:00:00+00:00,1,2
7796951072f6a68397d8,77,60,test,2024-07-29 13:00:00+00:00,2024-07-29 18:00:00+00:00,-1,0
d428dddf28bc436d161d,77,60,test,2024-07-30 07:00:00+00:00,2024-07-30 12:00:00+00:00,-1,0
26b3e7958e0a3c54fa3d,77,60,test,2024-07-30 14:00:00+00:00,2024-07-30 16:00:00+00:00,-1,2
d3c47e8932ca04adf2b1,77,60,test,2024-07-30 17:00:00+00:00,2024-07-30 20:00:00+00:00,1,3
1d287bd12007ff3823ba,77,60,test,2024-07-31 02:00:00+00:00,2024-07-31 05:00:00+00:00,-1,0
e757b2557871d685ef9d,77,60,test,2024-07-31 08:00:00+00:00,2024-07-31 10:00:00+00:00,-1,2
e9f3453995cd4736dab3,77,60,test,2024-08-01 04:00:00+00:00,2024-08-01 09:00:00+00:00,-1,0
03f5f2e7ba47b2b273b6,77,60,test,2024-08-02 08:00:00+00:00,2024-08-02 12:00:00+00:00,1,2
c164f0864a16e0470a0e,77,60,test,2024-08-02 14:00:00+00:00,2024-08-02 18:00:00+00:00,-1,3
7bc31a7ba33863a29e78,77,60,test,2024-08-04 18:00:00+00:00,2024-08-04 21:00:00+00:00,-1,2
984bba98128cc920faa6,77,60,test,2024-08-04 22:00:00+00:00,2024-08-05 01:00:00+00:00,-1,3
7bee9aff1b349d63465d,77,60,test,2024-08-05 10:00:00+00:00,2024-08-05 12:00:00+00:00,-1,2
0e9b22759ca18a287a62,77,60,test,2024-08-05 14:00:00+00:00,2024-08-05 17:00:00+00:00,-1,0
e33e5a2843e555de83bc,77,60,test,2024-08-06 18:00:00+00:00,2024-08-06 21:00:00+00:00,-1,0
63e8aa4fb5b8d90142dd,77,60,test,2024-08-06 22:00:00+00:00,2024-08-07 00:00:00+00:00,-1,3
08f184bb0a2333d07704,77,60,test,2024-08-07 11:00:00+00:00,2024-08-07 17:00:00+00:00,1,1
315200a38ef5f30e3978,77,60,test,2024-08-07 19:00:00+00:00,2024-08-08 00:00:00+00:00,-1,0
cdc71b6d4df4265cc4da,77,60,test,2024-08-08 08:00:00+00:00,2024-08-08 11:00:00+00:00,1,2
df9fb9d116fce9d8f42b,77,60,test,2024-08-08 12:00:00+00:00,2024-08-08 15:00:00+00:00,1,3
d33d159fb723de16e9b8,77,60,test,2024-08-08 16:00:00+00:00,2024-08-08 19:00:00+00:00,1,1
158d07d157bb1a4761b4,77,60,test,2024-08-08 21:00:00+00:00,2024-08-08 23:00:00+00:00,-1,3
19916e93cf7fc45d3bd1,77,60,test,2024-08-09 05:00:00+00:00,2024-08-09 07:00:00+00:00,-1,2
dbb26122900d68c11096,77,60,test,2024-08-10 06:00:00+00:00,2024-08-10 08:00:00+00:00,-1,2
aa7ca85131a1800575ec,77,60,test,2024-08-11 19:00:00+00:00,2024-08-11 21:00:00+00:00,-1,2
98f61ee377d84bdbbe4b,77,60,test,2024-08-12 02:00:00+00:00,2024-08-12 05:00:00+00:00,1,2
4ee5417eeed78142bdb7,77,60,test,2024-08-12 06:00:00+00:00,2024-08-12 08:00:00+00:00,1,1
dc932ae3b6c60c353a76,77,60,test,2024-08-12 11:00:00+00:00,2024-08-12 15:00:00+00:00,-1,3
83da3ef238438c9ecabb,77,60,test,2024-08-12 21:00:00+00:00,2024-08-13 09:00:00+00:00,-1,1
164cece10b727f50c89e,77,60,test,2024-08-13 11:00:00+00:00,2024-08-13 13:00:00+00:00,-1,2
ae82640a988f3ef6cf92,77,60,test,2024-08-13 22:00:00+00:00,2024-08-14 02:00:00+00:00,1,1
a001def583a62714f819,77,60,test,2024-08-14 04:00:00+00:00,2024-08-14 10:00:00+00:00,1,3
f96edaa6a1e43124f2ee,77,60,test,2024-08-14 12:00:00+00:00,2024-08-14 14:00:00+00:00,1,3
0022e4487d9b2386a1ce,77,60,test,2024-08-15 10:00:00+00:00,2024-08-15 12:00:00+00:00,-1,0
3e4b5688f26ab19a3c85,77,60,test,2024-08-16 16:00:00+00:00,2024-08-16 18:00:00+00:00,1,2
f55411407d2707cd20f3,77,60,test,2024-08-17 02:00:00+00:00,2024-08-17 06:00:00+00:00,-1,3
1f20904bb56a744376cb,77,60,test,2024-08-17 18:00:00+00:00,2024-08-17 22:00:00+00:00,1,2
c533c226adeaa9b62306,77,60,test,2024-08-18 01:00:00+00:00,2024-08-18 03:00:00+00:00,-1,3
4346bbe89c8f795970b6,78,60,train,2024-02-26 18:00:00+00:00,2024-02-26 21:00:00+00:00,-1,2
bcf2c50a64ae9fe86717,78,60,train,2024-02-27 22:00:00+00:00,2024-02-28 00:00:00+00:00,1,2
6af272f1443cd562bc57,78,60,train,2024-02-28 16:00:00+00:00,2024-02-28 18:00:00+00:00,1,2
ddf25f7c36cbedfffbde,78,60,train,2024-03-03 15:00:00+00:00,2024-03-03 19:00:00+00:00,1,2
bb41a0b29087cbd36ff0,78,60,train,2024-03-04 21:00:00+00:00,2024-03-05 01:00:00+00:00,1,2
8e326fb5db45989ce170,78,60,train,2024-03-05 11:00:00+00:00,2024-03-05 13:00:00+00:00,1,2
a5244649bf5fcdf933d7,78,60,train,2024-03-05 15:00:00+00:00,2024-03-05 18:00:00+00:00,-1,3
662c6124170842177d03,78,60,train,2024-03-11 21:00:00+00:00,2024-03-12 01:00:00+00:00,-1,2
f01125723b2772497827,78,60,train,2024-03-14 13:00:00+00:00,2024-03-14 15:00:00+00:00,-1,0
f0fc7a03c3a9d8884ecd,78,60,train,2024-03-15 20:00:00+00:00,2024-03-16 01:00:00+00:00,1,1
aa854e70909e1f38058f,78,60,train,2024-03-16 02:00:00+00:00,2024-03-16 06:00:00+00:00,-1,3
4b88e5fff2cc9fcd6247,78,60,train,2024-03-16 11:00:00+00:00,2024-03-16 13:00:00+00:00,-1,2
383fb3259aa46240f927,78,60,train,2024-03-26 10:00:00+00:00,2024-03-26 12:00:00+00:00,1,1
713e0e9aba627cd12754,78,60,train,2024-03-29 19:00:00+00:00,2024-03-29 21:00:00+00:00,-1,2
887935b14f2264c4c560,78,60,train,2024-03-30 00:00:00+00:00,2024-03-30 02:00:00+00:00,-1,2
1b79c0b40813c96268ad,78,60,train,2024-04-04 13:00:00+00:00,2024-04-04 16:00:00+00:00,-1,2
cd0f2bcd330980b2fe9b,78,60,train,2024-04-04 18:00:00+00:00,2024-04-04 23:00:00+00:00,1,1
e73f8bded9bea64780b2,78,60,validation,2024-07-11 10:00:00+00:00,2024-07-11 12:00:00+00:00,1,1
e6e16b72594f5699a4e6,78,60,validation,2024-07-12 06:00:00+00:00,2024-07-12 11:00:00+00:00,-1,0
f6087b8e2ef107f7fb19,78,60,validation,2024-07-12 13:00:00+00:00,2024-07-12 15:00:00+00:00,1,3
d651aacc3e10ae1802a3,78,60,validation,2024-07-12 19:00:00+00:00,2024-07-12 21:00:00+00:00,1,3
dd96f2c2b9ef3857484f,78,60,validation,2024-07-13 15:00:00+00:00,2024-07-13 20:00:00+00:00,1,2
1b85e7ca7bedd89e3e0d,78,60,test,2024-07-14 05:00:00+00:00,2024-07-14 08:00:00+00:00,1,3
e0dd7593b8f71882db7e,78,60,test,2024-07-14 09:00:00+00:00,2024-07-14 19:00:00+00:00,1,1
f1f745b90fcc2a426b35,78,60,test,2024-07-15 00:00:00+00:00,2024-07-15 05:00:00+00:00,-1,0
a002311b01a63221ba48,78,60,test,2024-07-15 06:00:00+00:00,2024-07-15 11:00:00+00:00,-1,0
27b44592665b8c601569,78,60,test,2024-07-15 13:00:00+00:00,2024-07-15 15:00:00+00:00,1,3
abc33d7d84052f83fbff,78,60,test,2024-07-15 19:00:00+00:00,2024-07-15 21:00:00+00:00,1,3
8fa8e6e14de27d38eb7d,78,60,test,2024-07-16 15:00:00+00:00,2024-07-16 20:00:00+00:00,1,2
bc454f9c8dd694498f9a,78,60,test,2024-07-16 23:00:00+00:00,2024-07-17 01:00:00+00:00,1,3
78d73ffdd469192f3e73,78,60,test,2024-07-17 02:00:00+00:00,2024-07-17 04:00:00+00:00,-1,0
6fe6639101d3b0237405,78,60,test,2024-07-17 05:00:00+00:00,2024-07-17 08:00:00+00:00,1,3
46843403ef769a1aaff3,78,60,test,2024-07-17 13:00:00+00:00,2024-07-18 00:00:00+00:00,1,0
5586b1f95ad06f2f4093,78,60,test,2024-07-18 01:00:00+00:00,2024-07-18 04:00:00+00:00,-1,3
fb7e3a3acda9d88c8168,78,60,test,2024-07-18 13:00:00+00:00,2024-07-18 16:00:00+00:00,1,2
d2a11ca5b09d6f0822b6,78,60,test,2024-07-18 17:00:00+00:00,2024-07-18 20:00:00+00:00,1,3
f4654b93b1c3c0aabe3b,78,60,test,2024-07-18 21:00:00+00:00,2024-07-19 10:00:00+00:00,1,2
75b352fe51d41784c655,78,60,test,2024-07-19 11:00:00+00:00,2024-07-19 13:00:00+00:00,0,3
683e55b47a7cbf7de958,78,60,test,2024-07-19 14:00:00+00:00,2024-07-19 16:00:00+00:00,1,2
c9d36f5334b8d80df27a,78,60,test,2024-07-19 17:00:00+00:00,2024-07-19 20:00:00+00:00,1,3
1614d54ce7f79a7845ea,78,60,test,2024-07-19 21:00:00+00:00,2024-07-20 07:00:00+00:00,-1,2
a21d5455c092c53825ea,78,60,test,2024-07-21 14:00:00+00:00,2024-07-21 16:00:00+00:00,-1,0
ddd290542c03658d0e1a,78,60,test,2024-07-21 17:00:00+00:00,2024-07-21 19:00:00+00:00,1,3
5fa3466bd75d6149c4e6,78,60,test,2024-07-22 02:00:00+00:00,2024-07-22 04:00:00+00:00,1,2
dddfdc55a993249b5d51,78,60,test,2024-07-22 08:00:00+00:00,2024-07-22 10:00:00+00:00,-1,2
d7bf3bde808a3ee9b5e5,78,60,test,2024-07-22 15:00:00+00:00,2024-07-22 18:00:00+00:00,1,3
ec99a3506423f94fe4d3,78,60,test,2024-07-23 07:00:00+00:00,2024-07-23 10:00:00+00:00,1,2
35c90cb56628439d3ba2,78,60,test,2024-07-23 12:00:00+00:00,2024-07-23 14:00:00+00:00,-1,3
b364b3f231880fe61539,78,60,test,2024-07-23 15:00:00+00:00,2024-07-24 00:00:00+00:00,1,1
7cfded6344e5f9ebda30,78,60,test,2024-07-24 03:00:00+00:00,2024-07-24 05:00:00+00:00,-1,3
28eec10762cb2f261d89,78,60,test,2024-07-24 18:00:00+00:00,2024-07-24 22:00:00+00:00,1,2
af5cc92c82db1f4d7555,78,60,test,2024-07-25 06:00:00+00:00,2024-07-25 09:00:00+00:00,0,3
806ed6ad261d7fff120a,78,60,test,2024-07-25 19:00:00+00:00,2024-07-25 23:00:00+00:00,1,1
8424edfe55f0ec26257b,78,60,test,2024-07-26 00:00:00+00:00,2024-07-26 03:00:00+00:00,1,3
9f2aafa14b1067c3cda2,78,60,test,2024-07-26 05:00:00+00:00,2024-07-26 08:00:00+00:00,-1,3
dff3ecf06d15cf00edd1,78,60,test,2024-07-27 04:00:00+00:00,2024-07-27 14:00:00+00:00,-1,1
2abd13aaf1d2a8bb83ed,78,60,test,2024-07-27 15:00:00+00:00,2024-07-27 17:00:00+00:00,-1,3
e86d433183f9aa6e898e,78,60,test,2024-07-27 18:00:00+00:00,2024-07-27 21:00:00+00:00,1,2
564f766c9cd97aecf257,78,60,test,2024-07-28 10:00:00+00:00,2024-07-28 15:00:00+00:00,1,1
76b781e751624d531906,78,60,test,2024-07-28 16:00:00+00:00,2024-07-28 20:00:00+00:00,-1,3
0c3eeecf02345f9e3ead,78,60,test,2024-07-28 22:00:00+00:00,2024-07-29 00:00:00+00:00,-1,2
f7f16c7e6d9263de6055,78,60,test,2024-07-29 02:00:00+00:00,2024-07-29 05:00:00+00:00,-1,3
09d340158187cb1392b5,78,60,test,2024-07-29 09:00:00+00:00,2024-07-29 13:00:00+00:00,-1,1
84ee45c13f64bda757b8,78,60,test,2024-07-29 14:00:00+00:00,2024-07-29 16:00:00+00:00,1,3
1af9e976f5ae2095bb54,78,60,test,2024-07-30 06:00:00+00:00,2024-07-30 11:00:00+00:00,1,2
3ec394431d1c444a1cdb,78,60,test,2024-07-30 18:00:00+00:00,2024-07-30 21:00:00+00:00,1,3
5e8dc1c7264a3b653eff,78,60,test,2024-07-31 08:00:00+00:00,2024-07-31 12:00:00+00:00,1,1
6c0f58fbfa8419c0fa9e,78,60,test,2024-07-31 15:00:00+00:00,2024-07-31 18:00:00+00:00,-1,2
c6bedda46c5a502ea418,78,60,test,2024-07-31 20:00:00+00:00,2024-07-31 22:00:00+00:00,-1,0
e6688a2af13635a4b998,78,60,test,2024-08-01 00:00:00+00:00,2024-08-01 02:00:00+00:00,-1,2
20732f7b5c78f3a4f825,78,60,test,2024-08-01 06:00:00+00:00,2024-08-01 10:00:00+00:00,-1,3
e6ced6c8f39f80cfce97,78,60,test,2024-08-02 08:00:00+00:00,2024-08-02 12:00:00+00:00,1,2
daee8ac9ce786f19ff98,78,60,test,2024-08-02 14:00:00+00:00,2024-08-02 17:00:00+00:00,-1,3
3daac4c21e7d79a2e950,78,60,test,2024-08-03 02:00:00+00:00,2024-08-03 04:00:00+00:00,-1,3
5647968c31896987989b,78,60,test,2024-08-04 03:00:00+00:00,2024-08-04 05:00:00+00:00,1,3
dadf1c327c404c055a22,78,60,test,2024-08-04 18:00:00+00:00,2024-08-04 21:00:00+00:00,-1,2
5fc8f909df24ef2c1515,78,60,test,2024-08-04 22:00:00+00:00,2024-08-05 01:00:00+00:00,-1,3
40f5bca7aa4a68d452a0,78,60,test,2024-08-06 16:00:00+00:00,2024-08-07 00:00:00+00:00,-1,0
dcd544aa9618a954a78e,78,60,test,2024-08-07 11:00:00+00:00,2024-08-07 17:00:00+00:00,1,1
352ec5a145e2d849719b,78,60,test,2024-08-07 20:00:00+00:00,2024-08-08 00:00:00+00:00,1,3
aadb4a4648470bc4c597,78,60,test,2024-08-08 08:00:00+00:00,2024-08-08 11:00:00+00:00,1,2
0c54dc9aedbccf0c75e6,78,60,test,2024-08-08 12:00:00+00:00,2024-08-08 15:00:00+00:00,1,3
bbdf312f2ed2476d6d3c,78,60,test,2024-08-08 16:00:00+00:00,2024-08-08 19:00:00+00:00,1,2
1925b9fbfd31b0804a1b,78,60,test,2024-08-08 21:00:00+00:00,2024-08-08 23:00:00+00:00,-1,3
56e846af01b7f6ce8476,78,60,test,2024-08-09 05:00:00+00:00,2024-08-09 07:00:00+00:00,1,2
24642c2bb549a98e43fd,78,60,test,2024-08-09 10:00:00+00:00,2024-08-09 12:00:00+00:00,-1,3
f06e2963a9e334045317,78,60,test,2024-08-11 19:00:00+00:00,2024-08-11 21:00:00+00:00,1,2
0df6467658d55ee065f9,78,60,test,2024-08-11 23:00:00+00:00,2024-08-12 01:00:00+00:00,1,3
73fe49814ed63475a087,78,60,test,2024-08-12 02:00:00+00:00,2024-08-12 05:00:00+00:00,1,1
2d6c456a14b19ead7a4a,78,60,test,2024-08-12 09:00:00+00:00,2024-08-12 15:00:00+00:00,-1,0
3ffe931c298b496e6301,78,60,test,2024-08-12 21:00:00+00:00,2024-08-13 03:00:00+00:00,1,1
5778104c95e4f15c7832,78,60,test,2024-08-13 04:00:00+00:00,2024-08-13 09:00:00+00:00,-1,0
181def45c640408b2efe,78,60,test,2024-08-14 00:00:00+00:00,2024-08-14 02:00:00+00:00,-1,2
11f69d3cb14a10477443,78,60,test,2024-08-14 04:00:00+00:00,2024-08-14 08:00:00+00:00,-1,0
7e81b42ee801b7972836,78,60,test,2024-08-14 12:00:00+00:00,2024-08-14 14:00:00+00:00,1,3
ef1572e939eef046b409,78,60,test,2024-08-15 07:00:00+00:00,2024-08-15 09:00:00+00:00,-1,2
fe45628751ffa17a94bb,78,60,test,2024-08-15 11:00:00+00:00,2024-08-15 13:00:00+00:00,-1,3
dd03bd2291a76e67856d,78,60,test,2024-08-15 16:00:00+00:00,2024-08-15 18:00:00+00:00,-1,2
2ff5c189c89713b2647c,78,60,test,2024-08-16 03:00:00+00:00,2024-08-16 05:00:00+00:00,-1,3
9f7dbc8a5e12e27b87ec,78,60,test,2024-08-16 17:00:00+00:00,2024-08-16 20:00:00+00:00,1,2
6621eb4211597c21d270,78,60,test,2024-08-16 22:00:00+00:00,2024-08-17 01:00:00+00:00,-1,2
5e0bd468ac4055da9765,78,60,test,2024-08-17 02:00:00+00:00,2024-08-17 06:00:00+00:00,-1,3
37ee25b69d9335cf54dc,78,60,test,2024-08-17 17:00:00+00:00,2024-08-17 21:00:00+00:00,1,2
3831ff855e056d6332bd,79,60,train,2024-02-25 18:00:00+00:00,2024-02-25 21:00:00+00:00,1,1
e6cd1d6ce24cf8b6035b,79,60,train,2024-02-26 17:00:00+00:00,2024-02-26 20:00:00+00:00,1,2
2ac9e8fb5b2f0967e55d,79,60,train,2024-02-27 14:00:00+00:00,2024-02-27 19:00:00+00:00,1,1
3d8c94ec9f035c6296ce,79,60,train,2024-02-28 15:00:00+00:00,2024-02-28 18:00:00+00:00,1,2
918f4f4f19a5a129c491,79,60,train,2024-02-29 21:00:00+00:00,2024-02-29 23:00:00+00:00,1,2
42ad68d846a957087e1d,79,60,train,2024-03-03 15:00:00+00:00,2024-03-03 21:00:00+00:00,1,1
97ed3fa3f38292981963,79,60,train,2024-03-04 00:00:00+00:00,2024-03-04 02:00:00+00:00,-1,2
bf973fb4c2909a411081,79,60,train,2024-03-04 16:00:00+00:00,2024-03-04 18:00:00+00:00,-1,2
20bb66fe15f8902ee68f,79,60,train,2024-03-05 11:00:00+00:00,2024-03-05 13:00:00+00:00,1,2
a1c5a3e9ec9290b58a39,79,60,train,2024-03-05 15:00:00+00:00,2024-03-05 18:00:00+00:00,1,3
1b1196721f8cc4757420,79,60,train,2024-03-06 17:00:00+00:00,2024-03-06 23:00:00+00:00,1,1
582f88ae638986963b81,79,60,train,2024-03-08 15:00:00+00:00,2024-03-08 17:00:00+00:00,1,2
c73be44c68b01baa47a0,79,60,train,2024-03-11 03:00:00+00:00,2024-03-11 07:00:00+00:00,1,3
e8f79681bb36ce2c927c,79,60,train,2024-03-11 08:00:00+00:00,2024-03-11 10:00:00+00:00,1,2
33689d14397271d79d7a,79,60,train,2024-03-11 12:00:00+00:00,2024-03-11 14:00:00+00:00,1,2
2100ce645479d53ae0a4,79,60,train,2024-03-11 15:00:00+00:00,2024-03-11 18:00:00+00:00,-1,3
73c0286a55805388e06f,79,60,train,2024-03-14 03:00:00+00:00,2024-03-14 07:00:00+00:00,-1,3
eea4f407d7b1b2601502,79,60,train,2024-03-14 08:00:00+00:00,2024-03-14 10:00:00+00:00,1,2
f84acd3c5dd8dacc0e00,79,60,train,2024-03-14 13:00:00+00:00,2024-03-14 15:00:00+00:00,-1,2
bb236cfb5528f0104cdd,79,60,train,2024-03-15 03:00:00+00:00,2024-03-15 05:00:00+00:00,-1,2
117d0fac1ede593f17f5,79,60,train,2024-03-15 21:00:00+00:00,2024-03-16 01:00:00+00:00,1,2
7fefb762294db1911561,79,60,train,2024-03-16 02:00:00+00:00,2024-03-16 06:00:00+00:00,1,3
f1f3eff5709a03870391,79,60,train,2024-03-17 04:00:00+00:00,2024-03-17 06:00:00+00:00,1,3
961d2ed2c1cf1f84e11e,79,60,train,2024-03-18 00:00:00+00:00,2024-03-18 07:00:00+00:00,-1,0
16c672a73b2d63c14343,79,60,train,2024-03-23 20:00:00+00:00,2024-03-23 23:00:00+00:00,1,1
9f01c36873364d8bac41,79,60,train,2024-03-24 09:00:00+00:00,2024-03-24 11:00:00+00:00,1,2
0b5cb7848afc3a20aadf,79,60,train,2024-03-26 12:00:00+00:00,2024-03-26 14:00:00+00:00,-1,2
7776b55cb1d680e9fc26,79,60,train,2024-03-27 05:00:00+00:00,2024-03-27 09:00:00+00:00,1,2
b9a40f2cff372bcab657,79,60,train,2024-03-28 16:00:00+00:00,2024-03-28 18:00:00+00:00,-1,3
65772d3a0faed908be7e,79,60,train,2024-03-29 16:00:00+00:00,2024-03-29 21:00:00+00:00,-1,0
ec49b0ec823e88d98e95,79,60,train,2024-03-30 00:00:00+00:00,2024-03-30 02:00:00+00:00,-1,2
02211f84b5dda9ea5719,79,60,train,2024-03-31 01:00:00+00:00,2024-03-31 03:00:00+00:00,1,3
e101da3d48ae00e50823,79,60,train,2024-03-31 08:00:00+00:00,2024-03-31 10:00:00+00:00,1,2
3d44c3bd381d1e946a0a,79,60,train,2024-04-03 19:00:00+00:00,2024-04-03 22:00:00+00:00,1,1
933d368a3a87d42c173f,79,60,train,2024-04-04 12:00:00+00:00,2024-04-04 16:00:00+00:00,1,1
234f855a1ad72ba95db4,79,60,train,2024-04-04 20:00:00+00:00,2024-04-05 00:00:00+00:00,-1,2
eeafbd60fb5b40914381,79,60,validation,2024-07-08 20:00:00+00:00,2024-07-08 23:00:00+00:00,1,1
90849a25517ab59f291e,79,60,validation,2024-07-09 09:00:00+00:00,2024-07-09 11:00:00+00:00,1,2
6566b27d6aebc5e102fb,79,60,validation,2024-07-11 12:00:00+00:00,2024-07-11 14:00:00+00:00,-1,2
08f907756e52048bbe1c,79,60,validation,2024-07-12 06:00:00+00:00,2024-07-12 12:00:00+00:00,-1,0
6da485b0a1f25eb5c098,79,60,validation,2024-07-12 19:00:00+00:00,2024-07-12 21:00:00+00:00,1,3
1492dfb9e104a717b150,79,60,validation,2024-07-13 15:00:00+00:00,2024-07-13 19:00:00+00:00,-1,2
fcb95afcd3b83e6d0117,79,60,test,2024-07-14 05:00:00+00:00,2024-07-14 08:00:00+00:00,1,3
ff3b6e1ba1ecaccfb37b,79,60,test,2024-07-14 12:00:00+00:00,2024-07-14 14:00:00+00:00,1,3
76ed43febad34bb40024,79,60,test,2024-07-14 15:00:00+00:00,2024-07-14 18:00:00+00:00,-1,2
2a91b29e33da1d3475b3,79,60,test,2024-07-15 00:00:00+00:00,2024-07-15 05:00:00+00:00,-1,0
7585e74f98c8f70f20d4,79,60,test,2024-07-15 06:00:00+00:00,2024-07-15 12:00:00+00:00,-1,0
c1bb2392d1a6692c1018,79,60,test,2024-07-15 19:00:00+00:00,2024-07-15 21:00:00+00:00,1,3
78b5930c5297456c42a8,79,60,test,2024-07-16 15:00:00+00:00,2024-07-16 19:00:00+00:00,-1,2
920d7a8ea69298007517,79,60,test,2024-07-16 22:00:00+00:00,2024-07-17 01:00:00+00:00,-1,3
6efc75ffb2394e5a1db4,79,60,test,2024-07-17 05:00:00+00:00,2024-07-17 08:00:00+00:00,1,3
6c43d45be4a044adf8cc,79,60,test,2024-07-17 14:00:00+00:00,2024-07-17 17:00:00+00:00,1,2
2e8ea1e532b6ffa799da,79,60,test,2024-07-17 18:00:00+00:00,2024-07-17 20:00:00+00:00,1,3
b232737b9b6cdd268af3,79,60,test,2024-07-17 21:00:00+00:00,2024-07-18 00:00:00+00:00,1,2
b598d0c5a0df89fef41e,79,60,test,2024-07-18 01:00:00+00:00,2024-07-18 05:00:00+00:00,-1,3
4d384d2216937d4a2407,79,60,test,2024-07-18 13:00:00+00:00,2024-07-18 20:00:00+00:00,1,2
73a94634e1445d9a3a68,79,60,test,2024-07-18 21:00:00+00:00,2024-07-19 07:00:00+00:00,-1,1
127e35bf219f51ff724f,79,60,test,2024-07-19 08:00:00+00:00,2024-07-19 11:00:00+00:00,1,2
e1701cccc97f48406e03,79,60,test,2024-07-19 14:00:00+00:00,2024-07-19 20:00:00+00:00,-1,0
6ea8c1cc44530b953d56,79,60,test,2024-07-19 21:00:00+00:00,2024-07-20 07:00:00+00:00,-1,1
0798e4e5e9a3af041dc2,79,60,test,2024-07-20 08:00:00+00:00,2024-07-20 10:00:00+00:00,-1,2
94b76bfaa4515701a99c,79,60,test,2024-07-21 06:00:00+00:00,2024-07-21 08:00:00+00:00,1,2
b6843ea13cfaf0623226,79,60,test,2024-07-21 15:00:00+00:00,2024-07-21 19:00:00+00:00,-1,0
9127eec423e6aab4dca2,79,60,test,2024-07-21 23:00:00+00:00,2024-07-22 01:00:00+00:00,1,3
a75add004127e0e3ddcf,79,60,test,2024-07-22 02:00:00+00:00,2024-07-22 07:00:00+00:00,-1,0
71895a94325d354b42f2,79,60,test,2024-07-22 13:00:00+00:00,2024-07-22 19:00:00+00:00,-1,0
fdf7a37f7e09cfdb5264,79,60,test,2024-07-22 21:00:00+00:00,2024-07-22 23:00:00+00:00,1,3
a6328aa7bc5e15a4c99b,79,60,test,2024-07-23 09:00:00+00:00,2024-07-23 13:00:00+00:00,1,1
aff5ba1d23e5ad3d7385,79,60,test,2024-07-23 14:00:00+00:00,2024-07-24 00:00:00+00:00,-1,1
dc13a126ea3c0c25962b,79,60,test,2024-07-24 03:00:00+00:00,2024-07-24 06:00:00+00:00,0,3
3fb50012fa150e890f4d,79,60,test,2024-07-24 18:00:00+00:00,2024-07-24 22:00:00+00:00,1,2
c0a6b2af553a21ed940c,79,60,test,2024-07-25 06:00:00+00:00,2024-07-25 09:00:00+00:00,0,3
e91178765d7f58670c19,79,60,test,2024-07-27 04:00:00+00:00,2024-07-27 13:00:00+00:00,-1,1
435a1e0ee1452f8849da,79,60,test,2024-07-28 00:00:00+00:00,2024-07-28 02:00:00+00:00,1,3
31c47b1d622ecac3bf25,79,60,test,2024-07-28 11:00:00+00:00,2024-07-28 15:00:00+00:00,1,1
470b8e9cda5c12614598,79,60,test,2024-07-28 16:00:00+00:00,2024-07-28 20:00:00+00:00,-1,3
1dcde55c48389dd5ae65,79,60,test,2024-07-28 22:00:00+00:00,2024-07-29 00:00:00+00:00,-1,2
1fa448377b6aadd4853d,79,60,test,2024-07-29 02:00:00+00:00,2024-07-29 05:00:00+00:00,-1,3
1a1d584b17f9460b7a71,79,60,test,2024-07-29 08:00:00+00:00,2024-07-29 17:00:00+00:00,-1,0
43caaed5b9dc99d2b182,79,60,test,2024-07-30 07:00:00+00:00,2024-07-30 10:00:00+00:00,1,2
7e39617c5147effb5ef6,79,60,test,2024-07-30 11:00:00+00:00,2024-07-30 16:00:00+00:00,1,3
fba711f5936ee8ec768a,79,60,test,2024-07-30 18:00:00+00:00,2024-07-30 20:00:00+00:00,1,3
bc0ef6c506da084d2a9a,79,60,test,2024-07-31 07:00:00+00:00,2024-07-31 11:00:00+00:00,1,1
9337b9f16d2dca49bcda,79,60,test,2024-07-31 12:00:00+00:00,2024-07-31 14:00:00+00:00,-1,3
3e6f66b374843b593b11,79,60,test,2024-08-01 01:00:00+00:00,2024-08-01 10:00:00+00:00,-1,0
416d897771e19b148bbc,79,60,test,2024-08-02 07:00:00+00:00,2024-08-02 09:00:00+00:00,1,3
b5c6266fde413fda12f2,79,60,test,2024-08-02 15:00:00+00:00,2024-08-02 17:00:00+00:00,-1,3
b68cc56e9f58880c11a3,79,60,test,2024-08-03 03:00:00+00:00,2024-08-03 05:00:00+00:00,-1,3
668563fd957ce97062c6,79,60,test,2024-08-04 03:00:00+00:00,2024-08-04 06:00:00+00:00,-1,3
ef6bf78b47c7604f5582,79,60,test,2024-08-04 18:00:00+00:00,2024-08-04 21:00:00+00:00,-1,2
63f8cc7de4bb08d0f5bb,79,60,test,2024-08-04 22:00:00+00:00,2024-08-05 01:00:00+00:00,-1,3
6fb382d82c4bc973f23c,79,60,test,2024-08-05 09:00:00+00:00,2024-08-05 11:00:00+00:00,1,2
2902d4ab916b4b0c912a,79,60,test,2024-08-05 16:00:00+00:00,2024-08-05 18:00:00+00:00,0,3
e9015695bc7530053292,79,60,test,2024-08-06 16:00:00+00:00,2024-08-07 00:00:00+00:00,-1,0
987c3600b5c52f624f65,79,60,test,2024-08-07 11:00:00+00:00,2024-08-07 18:00:00+00:00,1,1
25bfe802368c18c0a5af,79,60,test,2024-08-07 19:00:00+00:00,2024-08-08 00:00:00+00:00,-1,0
12085844fb2e1332e480,79,60,test,2024-08-08 08:00:00+00:00,2024-08-08 11:00:00+00:00,1,2
5de9214508bf7cd4a48e,79,60,test,2024-08-08 12:00:00+00:00,2024-08-08 15:00:00+00:00,1,3
b67e264447147d54a268,79,60,test,2024-08-08 16:00:00+00:00,2024-08-08 19:00:00+00:00,1,1
45affcd2f53a57d18af6,79,60,test,2024-08-08 21:00:00+00:00,2024-08-09 00:00:00+00:00,-1,3
761d9da2e80bd58ccdc3,79,60,test,2024-08-09 05:00:00+00:00,2024-08-09 07:00:00+00:00,1,2
5baf2d0b04ffbb554458,79,60,test,2024-08-10 07:00:00+00:00,2024-08-10 09:00:00+00:00,-1,2
ee88e42a2a1d699f58b9,79,60,test,2024-08-11 03:00:00+00:00,2024-08-11 05:00:00+00:00,0,3
a754311869b96568ce47,79,60,test,2024-08-11 19:00:00+00:00,2024-08-11 21:00:00+00:00,1,2
4d9a3622ec1e9893af25,79,60,test,2024-08-12 02:00:00+00:00,2024-08-12 05:00:00+00:00,1,1
2f097ed8e00e54687339,79,60,test,2024-08-12 09:00:00+00:00,2024-08-12 15:00:00+00:00,-1,0
bf0c5a60f0f9c2f2c607,79,60,test,2024-08-12 21:00:00+00:00,2024-08-13 03:00:00+00:00,1,1
da8d07c8da6400473229,79,60,test,2024-08-13 04:00:00+00:00,2024-08-13 08:00:00+00:00,-1,3
fa84951fb5b3159118c1,79,60,test,2024-08-13 22:00:00+00:00,2024-08-14 03:00:00+00:00,-1,2
791d04520cccbdfc86f5,79,60,test,2024-08-14 12:00:00+00:00,2024-08-14 14:00:00+00:00,1,3
82a2b4a817cc200d3585,79,60,test,2024-08-15 07:00:00+00:00,2024-08-15 09:00:00+00:00,-1,2
574ae395343a2b2fb29c,79,60,test,2024-08-15 11:00:00+00:00,2024-08-15 13:00:00+00:00,-1,3
7d5b118cf63ef4b904ad,79,60,test,2024-08-15 22:00:00+00:00,2024-08-16 00:00:00+00:00,1,1
0846833d3178f5a91e1d,79,60,test,2024-08-16 02:00:00+00:00,2024-08-16 05:00:00+00:00,-1,3
60ea03d5e082a80b0671,79,60,test,2024-08-16 21:00:00+00:00,2024-08-17 01:00:00+00:00,1,1
6daec401a2de44078ff4,79,60,test,2024-08-17 02:00:00+00:00,2024-08-17 06:00:00+00:00,-1,3
0930e71b5cfc45c28ac5,79,60,test,2024-08-17 17:00:00+00:00,2024-08-17 21:00:00+00:00,1,2
f4ac66902cf8aafd010c,79,60,test,2024-08-18 01:00:00+00:00,2024-08-18 03:00:00+00:00,-1,3
ec3f58b27e2f8fe95956,80,60,train,2024-02-25 22:00:00+00:00,2024-02-26 00:00:00+00:00,-1,0
ae00384141ab5eb9141a,80,60,train,2024-02-27 22:00:00+00:00,2024-02-28 00:00:00+00:00,1,2
2095e0b9dd781eb74b0a,80,60,train,2024-02-28 16:00:00+00:00,2024-02-28 18:00:00+00:00,1,2
81586efa864313f8ccd7,80,60,train,2024-03-03 17:00:00+00:00,2024-03-03 21:00:00+00:00,-1,2
da6ba11004f60bcae132,80,60,train,2024-03-03 22:00:00+00:00,2024-03-04 02:00:00+00:00,1,1
c1dcaadb737c93282740,80,60,train,2024-03-05 11:00:00+00:00,2024-03-05 13:00:00+00:00,1,2
f1581d7914a3879eee77,80,60,train,2024-03-05 15:00:00+00:00,2024-03-05 18:00:00+00:00,1,3
f22fc77eaa35b1374a74,80,60,train,2024-03-06 17:00:00+00:00,2024-03-07 00:00:00+00:00,1,1
d1b23eb40755d713c24d,80,60,train,2024-03-11 21:00:00+00:00,2024-03-12 01:00:00+00:00,-1,2
5dd782bc50656247cbb2,80,60,train,2024-03-15 21:00:00+00:00,2024-03-16 01:00:00+00:00,1,2
21e468b72bfa22e3a414,80,60,train,2024-03-16 02:00:00+00:00,2024-03-16 06:00:00+00:00,1,3
a984ced880303c61e859,80,60,train,2024-03-16 18:00:00+00:00,2024-03-17 01:00:00+00:00,-1,0
e272463b738b1750c8df,80,60,train,2024-03-17 04:00:00+00:00,2024-03-17 06:00:00+00:00,1,3
f5339bbf5e970b98fbea,80,60,train,2024-03-17 08:00:00+00:00,2024-03-17 10:00:00+00:00,-1,2
f0ccdd549fc8bad9f488,80,60,train,2024-03-21 20:00:00+00:00,2024-03-21 23:00:00+00:00,1,3
57ebb3f8459cb33a28ad,80,60,train,2024-03-23 20:00:00+00:00,2024-03-24 01:00:00+00:00,1,1
f69748015c0adcfb9baa,80,60,train,2024-04-04 00:00:00+00:00,2024-04-04 02:00:00+00:00,-1,3
d98f948b7ca762536458,80,60,train,2024-04-04 20:00:00+00:00,2024-04-05 00:00:00+00:00,1,2
fcd0d7d6b593b685c387,80,60,validation,2024-07-08 20:00:00+00:00,2024-07-09 01:00:00+00:00,1,1
814a84cbdbeb76630d49,80,60,validation,2024-07-12 06:00:00+00:00,2024-07-12 12:00:00+00:00,-1,0
5381e27c1d204c50b2c3,80,60,validation,2024-07-12 18:00:00+00:00,2024-07-12 20:00:00+00:00,1,3
b93ebeda3e8e07a95f95,80,60,validation,2024-07-13 15:00:00+00:00,2024-07-13 19:00:00+00:00,-1,2
083d6c732ad394f9f3f8,80,60,validation,2024-07-13 23:00:00+00:00,2024-07-14 01:00:00+00:00,1,3
ad80f69aed7561bbcef5,80,60,test,2024-07-14 15:00:00+00:00,2024-07-14 19:00:00+00:00,-1,2
a537851226d5a7b38d15,80,60,test,2024-07-15 00:00:00+00:00,2024-07-15 05:00:00+00:00,-1,0
6800f1388c60b8db4b3f,80,60,test,2024-07-15 06:00:00+00:00,2024-07-15 12:00:00+00:00,-1,0
335ab043279e3e1b3186,80,60,test,2024-07-15 18:00:00+00:00,2024-07-15 20:00:00+00:00,1,3
0c7df62b772d09504814,80,60,test,2024-07-16 15:00:00+00:00,2024-07-16 19:00:00+00:00,-1,2
e604c9b13e8026f3d1eb,80,60,test,2024-07-16 23:00:00+00:00,2024-07-17 01:00:00+00:00,1,3
72f8933861666558ee04,80,60,test,2024-07-17 04:00:00+00:00,2024-07-17 07:00:00+00:00,-1,3
ffe696459306a9e19f45,80,60,test,2024-07-17 11:00:00+00:00,2024-07-17 14:00:00+00:00,-1,3
5dc45c55a0206c876bac,80,60,test,2024-07-17 15:00:00+00:00,2024-07-17 17:00:00+00:00,1,2
c20fa1f4826d928cb3d3,80,60,test,2024-07-17 19:00:00+00:00,2024-07-18 05:00:00+00:00,-1,1
5c447d1add07f1c9e6f1,80,60,test,2024-07-18 18:00:00+00:00,2024-07-18 20:00:00+00:00,-1,2
8a5de01ce99eb47a3e25,80,60,test,2024-07-18 21:00:00+00:00,2024-07-19 01:00:00+00:00,1,1
759ddfba6d12d4737812,80,60,test,2024-07-19 02:00:00+00:00,2024-07-19 07:00:00+00:00,-1,0
6b3ee169bf81199a70c3,80,60,test,2024-07-19 08:00:00+00:00,2024-07-19 11:00:00+00:00,-1,2
fb2e2065806b6af5e2d7,80,60,test,2024-07-19 12:00:00+00:00,2024-07-19 15:00:00+00:00,0,3
b541a978775c335cc30d,80,60,test,2024-07-19 18:00:00+00:00,2024-07-19 20:00:00+00:00,-1,2
8f1fb51002ac73110a87,80,60,test,2024-07-19 21:00:00+00:00,2024-07-20 01:00:00+00:00,1,1
512acce2334728111cba,80,60,test,2024-07-20 02:00:00+00:00,2024-07-20 07:00:00+00:00,-1,0
3bde3988ff5f9f00aed5,80,60,test,2024-07-20 08:00:00+00:00,2024-07-20 10:00:00+00:00,1,1
37d6f3e8d6d1856a6096,80,60,test,2024-07-21 07:00:00+00:00,2024-07-21 09:00:00+00:00,-1,2
e507e3809a8d4ad2d4bb,80,60,test,2024-07-21 16:00:00+00:00,2024-07-21 19:00:00+00:00,1,3
b3588fb14adfd9895866,80,60,test,2024-07-22 02:00:00+00:00,2024-07-22 05:00:00+00:00,-1,2
a2f37a4fc1e229d0e8f8,80,60,test,2024-07-22 15:00:00+00:00,2024-07-22 19:00:00+00:00,1,3
2c2dc42c2bb745af006a,80,60,test,2024-07-23 06:00:00+00:00,2024-07-23 10:00:00+00:00,-1,2
74885da92f8a971b8fca,80,60,test,2024-07-23 15:00:00+00:00,2024-07-24 00:00:00+00:00,1,1
ffa84ed558d15bea6486,80,60,test,2024-07-24 18:00:00+00:00,2024-07-24 22:00:00+00:00,1,2
d6eea197774182ca2c5d,80,60,test,2024-07-25 02:00:00+00:00,2024-07-25 05:00:00+00:00,-1,0
818a83feeccad18d261c,80,60,test,2024-07-25 06:00:00+00:00,2024-07-25 08:00:00+00:00,-1,3
7e4f5c064b22b72da4c2,80,60,test,2024-07-25 19:00:00+00:00,2024-07-25 23:00:00+00:00,1,1
e5e6905ea746e38705f5,80,60,test,2024-07-26 00:00:00+00:00,2024-07-26 03:00:00+00:00,-1,3
e0bcd2caab0834fee413,80,60,test,2024-07-27 05:00:00+00:00,2024-07-27 13:00:00+00:00,-1,0
d7d64cacc1b9367ebfd8,80,60,test,2024-07-27 18:00:00+00:00,2024-07-27 21:00:00+00:00,-1,0
ce55d3e6120627558993,80,60,test,2024-07-28 00:00:00+00:00,2024-07-28 02:00:00+00:00,1,3
633622a49a9cbdbc32d0,80,60,test,2024-07-28 11:00:00+00:00,2024-07-28 20:00:00+00:00,-1,1
5f1f0a4119a85c3ca3b6,80,60,test,2024-07-29 02:00:00+00:00,2024-07-29 04:00:00+00:00,-1,3
bb29fca1ab5d601c8197,80,60,test,2024-07-29 07:00:00+00:00,2024-07-29 16:00:00+00:00,-1,2
6f3160a365b62e2bef52,80,60,test,2024-07-30 07:00:00+00:00,2024-07-30 09:00:00+00:00,-1,2
579e131cea26b07073d1,80,60,test,2024-07-30 14:00:00+00:00,2024-07-30 16:00:00+00:00,-1,2
e43bb77b6dd3b4a96e77,80,60,test,2024-07-30 17:00:00+00:00,2024-07-30 20:00:00+00:00,1,3
165914bfcdda4e0c8309,80,60,test,2024-07-31 09:00:00+00:00,2024-07-31 12:00:00+00:00,-1,2
23e37e13d32103462b38,80,60,test,2024-07-31 17:00:00+00:00,2024-07-31 19:00:00+00:00,-1,0
a13dc22485a739aa07bd,80,60,test,2024-07-31 20:00:00+00:00,2024-07-31 23:00:00+00:00,-1,0
740e72ac618311e6ebc9,80,60,test,2024-08-01 04:00:00+00:00,2024-08-01 09:00:00+00:00,-1,0
f09109b64d920dd65070,80,60,test,2024-08-02 11:00:00+00:00,2024-08-02 13:00:00+00:00,-1,2
1e4e113a0c7352024939,80,60,test,2024-08-02 14:00:00+00:00,2024-08-02 17:00:00+00:00,-1,3
594da75845d41e210b65,80,60,test,2024-08-03 02:00:00+00:00,2024-08-03 05:00:00+00:00,-1,3
4da23480549f1283286f,80,60,test,2024-08-04 03:00:00+00:00,2024-08-04 06:00:00+00:00,-1,3
7a65a334d6c937668de9,80,60,test,2024-08-04 18:00:00+00:00,2024-08-04 21:00:00+00:00,1,2
7ac51c26eafa200c249a,80,60,test,2024-08-04 22:00:00+00:00,2024-08-05 01:00:00+00:00,-1,3
3480a382f7097517752d,80,60,test,2024-08-05 09:00:00+00:00,2024-08-05 11:00:00+00:00,1,1
1470c352bd37d811306d,80,60,test,2024-08-05 16:00:00+00:00,2024-08-05 18:00:00+00:00,-1,3
efd1ca672a92604e9b02,80,60,test,2024-08-06 16:00:00+00:00,2024-08-07 00:00:00+00:00,-1,2
65cc00685b600b1b7765,80,60,test,2024-08-07 11:00:00+00:00,2024-08-07 18:00:00+00:00,1,1
ebac6070280d27a9e5e7,80,60,test,2024-08-07 19:00:00+00:00,2024-08-08 00:00:00+00:00,-1,0
3759a6eebc7bfae96d69,80,60,test,2024-08-08 08:00:00+00:00,2024-08-08 11:00:00+00:00,1,2
33d1f1161abf856a3bde,80,60,test,2024-08-08 12:00:00+00:00,2024-08-08 15:00:00+00:00,1,3
55a9d25f2996dd976d8d,80,60,test,2024-08-08 16:00:00+00:00,2024-08-08 19:00:00+00:00,1,1
b1d9f30c8c34633c95fb,80,60,test,2024-08-08 21:00:00+00:00,2024-08-08 23:00:00+00:00,-1,3
1906725e4631b68d42da,80,60,test,2024-08-10 07:00:00+00:00,2024-08-10 09:00:00+00:00,-1,2
478173011ee21c674b6b,80,60,test,2024-08-11 19:00:00+00:00,2024-08-11 21:00:00+00:00,1,2
051c3917b1671e9d5650,80,60,test,2024-08-11 23:00:00+00:00,2024-08-12 01:00:00+00:00,1,3
c1e492e5d3489616f31f,80,60,test,2024-08-12 07:00:00+00:00,2024-08-12 15:00:00+00:00,-1,2
b7dd3ce815607e8dedd3,80,60,test,2024-08-12 22:00:00+00:00,2024-08-13 08:00:00+00:00,-1,1
23dabfac91919dcc32b9,80,60,test,2024-08-15 10:00:00+00:00,2024-08-15 12:00:00+00:00,-1,0
41fca8ddf7e62a454013,80,60,test,2024-08-15 18:00:00+00:00,2024-08-15 20:00:00+00:00,1,2
eb8108c1c86b02ae3498,80,60,test,2024-08-15 23:00:00+00:00,2024-08-16 01:00:00+00:00,-1,2
b2e68ceb63bbc1c9b0b8,80,60,test,2024-08-16 03:00:00+00:00,2024-08-16 05:00:00+00:00,-1,3
814ff73e6073d983b7e0,80,60,test,2024-08-16 17:00:00+00:00,2024-08-16 20:00:00+00:00,1,2
6b5f012696bd6510c18b,80,60,test,2024-08-16 21:00:00+00:00,2024-08-17 01:00:00+00:00,1,2
55f09caa77d6e8df5f0f,80,60,test,2024-08-17 02:00:00+00:00,2024-08-17 06:00:00+00:00,-1,3
f4a47e85bf6005668f84,80,60,test,2024-08-17 17:00:00+00:00,2024-08-17 21:00:00+00:00,-1,2
58534f5a8e27e59a6e1a,81,60,train,2024-02-26 19:00:00+00:00,2024-02-26 21:00:00+00:00,-1,2
08cecb42b7859300b45d,81,60,train,2024-02-27 21:00:00+00:00,2024-02-28 00:00:00+00:00,1,2
8d3b05a918460996c794,81,60,train,2024-02-28 20:00:00+00:00,2024-02-29 00:00:00+00:00,-1,0
b981c78c4f8bdf7e18de,81,60,train,2024-03-06 18:00:00+00:00,2024-03-06 20:00:00+00:00,1,2
b7a3edb6927902f2ab3d,81,60,train,2024-03-15 20:00:00+00:00,2024-03-16 06:00:00+00:00,-1,1
6a118f93c9b503091228,81,60,train,2024-03-16 11:00:00+00:00,2024-03-16 13:00:00+00:00,-1,2
27e8acd09710465eada6,81,60,train,2024-03-16 19:00:00+00:00,2024-03-17 01:00:00+00:00,1,3
99faf29e6bd0d07b8841,81,60,train,2024-03-21 20:00:00+00:00,2024-03-22 01:00:00+00:00,1,1
6918e44a4fb99f9729cc,81,60,train,2024-03-22 23:00:00+00:00,2024-03-23 01:00:00+00:00,1,2
a03c7e75e0e4528b9c82,81,60,train,2024-04-01 23:00:00+00:00,2024-04-02 06:00:00+00:00,-1,0
ae0339b2941d6ea77ac6,81,60,train,2024-04-03 21:00:00+00:00,2024-04-03 23:00:00+00:00,-1,2
08f22bf28890443cf14e,81,60,train,2024-04-04 13:00:00+00:00,2024-04-04 16:00:00+00:00,-1,2
2a0d33cfe15de9229d50,81,60,train,2024-04-04 20:00:00+00:00,2024-04-04 23:00:00+00:00,1,1
c6551360dbaf494e2562,81,60,validation,2024-07-12 06:00:00+00:00,2024-07-12 10:00:00+00:00,1,2
13c899478c51fbe812ab,81,60,validation,2024-07-12 18:00:00+00:00,2024-07-12 21:00:00+00:00,1,3
2d33a7574ac7ff716150,81,60,validation,2024-07-13 15:00:00+00:00,2024-07-13 17:00:00+00:00,1,2
f53b5398be14bf5d2b61,81,60,validation,2024-07-13 21:00:00+00:00,2024-07-14 01:00:00+00:00,-1,0
dd042919942f17641d34,81,60,test,2024-07-14 15:00:00+00:00,2024-07-14 18:00:00+00:00,-1,2
4fc2688151a7b079fc09,81,60,test,2024-07-14 22:00:00+00:00,2024-07-15 05:00:00+00:00,-1,0
01288a1b3ba804f46482,81,60,test,2024-07-15 06:00:00+00:00,2024-07-15 10:00:00+00:00,1,2
88a8157fafc601a33092,81,60,test,2024-07-15 18:00:00+00:00,2024-07-15 21:00:00+00:00,1,3
a0206561126f64b78052,81,60,test,2024-07-16 15:00:00+00:00,2024-07-16 17:00:00+00:00,1,2
0fcdf7795a6e8359f8af,81,60,test,2024-07-16 21:00:00+00:00,2024-07-17 01:00:00+00:00,-1,0
3828c977ccb8a905528e,81,60,test,2024-07-17 02:00:00+00:00,2024-07-17 08:00:00+00:00,-1,0
1697a4e41421e201ef22,81,60,test,2024-07-17 11:00:00+00:00,2024-07-18 00:00:00+00:00,1,1
8f86af2260931a6ee48c,81,60,test,2024-07-18 01:00:00+00:00,2024-07-18 04:00:00+00:00,-1,3
c76e36cb448f0998b15c,81,60,test,2024-07-18 13:00:00+00:00,2024-07-18 16:00:00+00:00,1,1
e2bbf24b8479bdf5a168,81,60,test,2024-07-18 18:00:00+00:00,2024-07-18 20:00:00+00:00,1,3
597e97742084174e668d,81,60,test,2024-07-18 22:00:00+00:00,2024-07-19 07:00:00+00:00,-1,0
2ef5163a3ad03e32bf76,81,60,test,2024-07-19 08:00:00+00:00,2024-07-19 11:00:00+00:00,-1,2
488f159cde6739b7d58f,81,60,test,2024-07-19 12:00:00+00:00,2024-07-19 16:00:00+00:00,1,1
93dc2f1af9e2b98cb5bf,81,60,test,2024-07-19 18:00:00+00:00,2024-07-19 20:00:00+00:00,1,3
bb2238db53ed56cc0c35,81,60,test,2024-07-19 22:00:00+00:00,2024-07-20 07:00:00+00:00,-1,0
0ca008dfe777258cf61c,81,60,test,2024-07-21 17:00:00+00:00,2024-07-21 19:00:00+00:00,1,3
ffd75fcc1165e7a5f596,81,60,test,2024-07-22 02:00:00+00:00,2024-07-22 04:00:00+00:00,-1,0
3b4f1d0f5b23601b4a28,81,60,test,2024-07-22 07:00:00+00:00,2024-07-22 10:00:00+00:00,-1,2
e7f97d11da016165e9b6,81,60,test,2024-07-22 15:00:00+00:00,2024-07-22 19:00:00+00:00,1,3
73e7d8404576282efeea,81,60,test,2024-07-23 16:00:00+00:00,2024-07-24 00:00:00+00:00,-1,0
8efa212eb47fde664b73,81,60,test,2024-07-24 23:00:00+00:00,2024-07-25 01:00:00+00:00,-1,2
b13ae944da157f63def3,81,60,test,2024-07-25 06:00:00+00:00,2024-07-25 08:00:00+00:00,0,3
0a94fe89bcee8f2c121c,81,60,test,2024-07-25 20:00:00+00:00,2024-07-25 23:00:00+00:00,1,1
fc3553f468ccd6c4e677,81,60,test,2024-07-26 01:00:00+00:00,2024-07-26 03:00:00+00:00,-1,3
0b5247eb5398523f9c72,81,60,test,2024-07-27 05:00:00+00:00,2024-07-27 14:00:00+00:00,-1,2
ff32dcdd00f934bee7df,81,60,test,2024-07-28 10:00:00+00:00,2024-07-28 15:00:00+00:00,1,1
b0b3bbb04f58361fdff0,81,60,test,2024-07-28 16:00:00+00:00,2024-07-28 20:00:00+00:00,-1,3
f10c3432abbec5577e83,81,60,test,2024-07-29 02:00:00+00:00,2024-07-29 04:00:00+00:00,-1,3
eadc7ff5d959180e5ff8,81,60,test,2024-07-29 09:00:00+00:00,2024-07-29 17:00:00+00:00,-1,0
28171f2054bf72017135,81,60,test,2024-07-30 07:00:00+00:00,2024-07-30 11:00:00+00:00,1,2
c1edcd83c01fcd4eb93f,81,60,test,2024-07-30 18:00:00+00:00,2024-07-30 20:00:00+00:00,1,3
50c25b9165849fe62bbc,81,60,test,2024-07-31 08:00:00+00:00,2024-07-31 10:00:00+00:00,-1,2
ac260b39b2d7ea0d5c8f,81,60,test,2024-07-31 12:00:00+00:00,2024-07-31 14:00:00+00:00,-1,3
931e01dba5c2b993c69a,81,60,test,2024-07-31 15:00:00+00:00,2024-07-31 18:00:00+00:00,1,1
38132a14e10037b39cf0,81,60,test,2024-07-31 20:00:00+00:00,2024-07-31 22:00:00+00:00,-1,0
dd65172aff394aa0f56b,81,60,test,2024-08-01 04:00:00+00:00,2024-08-01 09:00:00+00:00,-1,0
089466a262f3b537939c,81,60,test,2024-08-02 06:00:00+00:00,2024-08-02 11:00:00+00:00,1,1
fe290e32bdff49d003b1,81,60,test,2024-08-02 14:00:00+00:00,2024-08-02 17:00:00+00:00,-1,3
ee7810c3b02758dadd55,81,60,test,2024-08-03 11:00:00+00:00,2024-08-03 13:00:00+00:00,-1,0
9d4cb10b50ce3e0150ef,81,60,test,2024-08-04 04:00:00+00:00,2024-08-04 06:00:00+00:00,-1,3
2f4d7d5cc457672c63ed,81,60,test,2024-08-04 19:00:00+00:00,2024-08-04 21:00:00+00:00,-1,2
dee3515a658a07baf211,81,60,test,2024-08-04 23:00:00+00:00,2024-08-05 01:00:00+00:00,1,3
bb3f52f84e8954a20c0c,81,60,test,2024-08-05 09:00:00+00:00,2024-08-05 12:00:00+00:00,-1,2
599e37f5066a4b750e0c,81,60,test,2024-08-05 13:00:00+00:00,2024-08-05 16:00:00+00:00,-1,3
8357e29457391636ae5b,81,60,test,2024-08-06 18:00:00+00:00,2024-08-06 21:00:00+00:00,-1,2
6565791f3a3927ea5f4f,81,60,test,2024-08-06 22:00:00+00:00,2024-08-07 00:00:00+00:00,-1,3
1705ecd5ca3c3c20201a,81,60,test,2024-08-07 11:00:00+00:00,2024-08-07 15:00:00+00:00,1,2
0aa747c4fe8c93b853be,81,60,test,2024-08-07 18:00:00+00:00,2024-08-08 00:00:00+00:00,-1,0
100d2fd3baa0bb414c86,81,60,test,2024-08-08 08:00:00+00:00,2024-08-08 11:00:00+00:00,1,2
6f5b28e4aeedbb867b79,81,60,test,2024-08-08 12:00:00+00:00,2024-08-08 15:00:00+00:00,-1,3
31e285e67e0b58dd4f94,81,60,test,2024-08-08 16:00:00+00:00,2024-08-08 19:00:00+00:00,1,2
44f1c663c6c97f9e0c11,81,60,test,2024-08-08 21:00:00+00:00,2024-08-09 00:00:00+00:00,-1,3
09fd8934d0bf44b800fb,81,60,test,2024-08-09 05:00:00+00:00,2024-08-09 07:00:00+00:00,1,1
d6579c7af8b54676b1b1,81,60,test,2024-08-12 02:00:00+00:00,2024-08-12 07:00:00+00:00,-1,2
fd40089c482ede459ba9,81,60,test,2024-08-12 11:00:00+00:00,2024-08-12 15:00:00+00:00,-1,3
6fa1fe25a3f2dcce64e4,81,60,test,2024-08-12 21:00:00+00:00,2024-08-13 08:00:00+00:00,-1,1
be369c332591ba045a94,81,60,test,2024-08-13 22:00:00+00:00,2024-08-14 02:00:00+00:00,1,2
75d730d8ac2fb814ed87,81,60,test,2024-08-14 04:00:00+00:00,2024-08-14 08:00:00+00:00,-1,0
dbe5da6f448e42f62f55,81,60,test,2024-08-14 12:00:00+00:00,2024-08-14 14:00:00+00:00,-1,3
c42beaf9c6761d2c23ff,81,60,test,2024-08-16 17:00:00+00:00,2024-08-16 19:00:00+00:00,-1,2
60b0988598268d980df0,81,60,test,2024-08-16 23:00:00+00:00,2024-08-17 01:00:00+00:00,-1,2
49e1c08e75d372bdacfc,81,60,test,2024-08-17 02:00:00+00:00,2024-08-17 06:00:00+00:00,-1,3
1b273239d8448d2cb243,81,60,test,2024-08-17 17:00:00+00:00,2024-08-17 21:00:00+00:00,1,1
0e63f416d6f322cbd1aa,82,60,train,2024-02-26 16:00:00+00:00,2024-02-26 20:00:00+00:00,-1,2
e727c9e347b34d35d7e4,82,60,train,2024-02-27 18:00:00+00:00,2024-02-27 20:00:00+00:00,-1,3
df8a085e817d9df9befe,82,60,train,2024-02-27 22:00:00+00:00,2024-02-28 00:00:00+00:00,-1,2
95f07205855243476276,82,60,train,2024-02-28 16:00:00+00:00,2024-02-28 18:00:00+00:00,-1,2
c426d82cf2c6dc06183d,82,60,train,2024-03-03 17:00:00+00:00,2024-03-03 19:00:00+00:00,1,2
014309d16c2f500527d3,82,60,train,2024-03-04 00:00:00+00:00,2024-03-04 02:00:00+00:00,1,2
658f0fc00516f227d6f8,82,60,train,2024-03-05 10:00:00+00:00,2024-03-05 13:00:00+00:00,1,2
0b18840c6615151e9dad,82,60,train,2024-03-05 14:00:00+00:00,2024-03-05 18:00:00+00:00,-1,3
32f28114079f6d148eeb,82,60,train,2024-03-06 17:00:00+00:00,2024-03-07 06:00:00+00:00,-1,2
437fc50e3258391fbce0,82,60,train,2024-03-11 21:00:00+00:00,2024-03-12 01:00:00+00:00,1,2
357412c7c39f02ca8b9f,82,60,train,2024-03-12 21:00:00+00:00,2024-03-13 02:00:00+00:00,1,1
912915a6f8fe31fe945a,82,60,train,2024-03-13 21:00:00+00:00,2024-03-13 23:00:00+00:00,1,2
c8ece8a28e11fd5c7d51,82,60,train,2024-03-14 12:00:00+00:00,2024-03-14 18:00:00+00:00,-1,0
3a76b681a622378f7fbc,82,60,train,2024-03-16 02:00:00+00:00,2024-03-16 06:00:00+00:00,-1,3
ed5ab6162943b9c1e602,82,60,train,2024-03-16 11:00:00+00:00,2024-03-16 13:00:00+00:00,-1,2
aaadbf4476cb9b0f25c1,82,60,train,2024-03-17 01:00:00+00:00,2024-03-17 03:00:00+00:00,1,2
e6dc36386f206031e973,82,60,train,2024-03-17 04:00:00+00:00,2024-03-17 07:00:00+00:00,1,3
8a17ee767391fcbd17dc,82,60,train,2024-03-17 08:00:00+00:00,2024-03-17 11:00:00+00:00,1,2
c087c6e1e2b8d8f28d61,82,60,train,2024-03-21 17:00:00+00:00,2024-03-21 22:00:00+00:00,1,1
600126e83d78f4cb200c,82,60,train,2024-03-22 23:00:00+00:00,2024-03-23 01:00:00+00:00,1,1
a68901e8229132a944e4,82,60,train,2024-03-23 14:00:00+00:00,2024-03-23 16:00:00+00:00,1,3
8db482829f21ce0451c9,82,60,train,2024-03-23 17:00:00+00:00,2024-03-23 19:00:00+00:00,-1,3
ebad95e610f11a90a4a4,82,60,train,2024-03-23 20:00:00+00:00,2024-03-24 01:00:00+00:00,1,1
1f0a78a81c42973ea975,82,60,train,2024-03-24 16:00:00+00:00,2024-03-24 19:00:00+00:00,-1,3
44a5bc542796216edcf9,82,60,train,2024-03-29 22:00:00+00:00,2024-03-30 00:00:00+00:00,1,2
08668f80c7390952a16c,82,60,train,2024-03-30 21:00:00+00:00,2024-03-30 23:00:00+00:00,1,2
7170e56fe190c2953f12,82,60,train,2024-03-31 17:00:00+00:00,2024-03-31 19:00:00+00:00,0,2
430905386cabe5cf5d2e,82,60,train,2024-04-01 23:00:00+00:00,2024-04-02 01:00:00+00:00,-1,2
656a2b1c453baae0831f,82,60,train,2024-04-03 19:00:00+00:00,2024-04-03 22:00:00+00:00,1,1
06524d671a41a0f9a6a4,82,60,train,2024-04-04 20:00:00+00:00,2024-04-05 00:00:00+00:00,1,2
822863439a89d9f23efa,82,60,train,2024-04-05 02:00:00+00:00,2024-04-05 06:00:00+00:00,-1,3
9a8abcfa6e1d085690c4,82,60,validation,2024-07-08 20:00:00+00:00,2024-07-09 01:00:00+00:00,1,1
3750849ca008c1e0dae9,82,60,validation,2024-07-09 16:00:00+00:00,2024-07-09 19:00:00+00:00,-1,3
a1228e93fe125f260e45,82,60,validation,2024-07-12 06:00:00+00:00,2024-07-12 11:00:00+00:00,-1,2
d57ca748b64b2580febb,82,60,validation,2024-07-12 18:00:00+00:00,2024-07-12 20:00:00+00:00,-1,3
c377b8f7df6459c94610,82,60,validation,2024-07-13 15:00:00+00:00,2024-07-13 19:00:00+00:00,-1,2
1f395b253469a924b6fe,82,60,validation,2024-07-13 20:00:00+00:00,2024-07-14 01:00:00+00:00,-1,0
c234c578e5452a0e3e33,82,60,test,2024-07-14 16:00:00+00:00,2024-07-14 18:00:00+00:00,1,2
c7c0cd4772e04bacd425,82,60,test,2024-07-15 00:00:00+00:00,2024-07-15 05:00:00+00:00,-1,0
08c97e37c7a79676ef5e,82,60,test,2024-07-15 06:00:00+00:00,2024-07-15 11:00:00+00:00,-1,2
dcbf92e95d18d2dffa73,82,60,test,2024-07-15 18:00:00+00:00,2024-07-15 20:00:00+00:00,-1,3
b25466f03ab55fe4779c,82,60,test,2024-07-16 15:00:00+00:00,2024-07-16 19:00:00+00:00,-1,2
0738b4fc3eaa30efa60d,82,60,test,2024-07-16 20:00:00+00:00,2024-07-17 01:00:00+00:00,-1,0
d1af9726d2d353ba3a0b,82,60,test,2024-07-17 04:00:00+00:00,2024-07-17 08:00:00+00:00,1,3
ae32d97d31903490ccd7,82,60,test,2024-07-17 14:00:00+00:00,2024-07-17 17:00:00+00:00,-1,0
a8166a57f57b6878d57e,82,60,test,2024-07-17 18:00:00+00:00,2024-07-18 05:00:00+00:00,-1,1
76dfc4fa479ee3be3b82,82,60,test,2024-07-18 18:00:00+00:00,2024-07-18 20:00:00+00:00,1,3
a13d27f912b50dd219fe,82,60,test,2024-07-18 21:00:00+00:00,2024-07-19 07:00:00+00:00,-1,2
559919ac2ae009f30e2d,82,60,test,2024-07-19 08:00:00+00:00,2024-07-19 10:00:00+00:00,-1,2
a09e394eca7d0ef3f4a3,82,60,test,2024-07-19 12:00:00+00:00,2024-07-19 15:00:00+00:00,-1,3
8ef72d658f275c6916e9,82,60,test,2024-07-19 18:00:00+00:00,2024-07-19 20:00:00+00:00,1,3
301f6d7a27bf4aca6f1c,82,60,test,2024-07-19 21:00:00+00:00,2024-07-20 07:00:00+00:00,-1,2
80f17d131e65496cfe7d,82,60,test,2024-07-21 05:00:00+00:00,2024-07-21 09:00:00+00:00,1,1
01151513ab4ede5e774b,82,60,test,2024-07-21 12:00:00+00:00,2024-07-21 19:00:00+00:00,-1,2
789e8c9a40b2619b639f,82,60,test,2024-07-22 02:00:00+00:00,2024-07-22 05:00:00+00:00,-1,0
bb311470532968123064,82,60,test,2024-07-22 06:00:00+00:00,2024-07-22 11:00:00+00:00,1,1
0061563fb3b893ba7acf,82,60,test,2024-07-22 15:00:00+00:00,2024-07-22 17:00:00+00:00,1,3
2e2f614cbd869af62133,82,60,test,2024-07-23 07:00:00+00:00,2024-07-23 10:00:00+00:00,-1,2
a35a5ae333a3bd303abf,82,60,test,2024-07-23 15:00:00+00:00,2024-07-24 00:00:00+00:00,-1,1
01fb9a16184a41748207,82,60,test,2024-07-24 18:00:00+00:00,2024-07-24 21:00:00+00:00,-1,2
a236749b36109992d206,82,60,test,2024-07-25 04:00:00+00:00,2024-07-25 08:00:00+00:00,-1,3
2e05884ef3fcced37368,82,60,test,2024-07-25 19:00:00+00:00,2024-07-26 04:00:00+00:00,1,1
0a56f1b0532d66507aff,82,60,test,2024-07-27 05:00:00+00:00,2024-07-27 13:00:00+00:00,-1,0
f1369223817a53645665,82,60,test,2024-07-27 18:00:00+00:00,2024-07-27 21:00:00+00:00,-1,2
16b098aa46f102e04879,82,60,test,2024-07-27 22:00:00+00:00,2024-07-28 01:00:00+00:00,-1,3
2231375df0c4e5741d2c,82,60,test,2024-07-28 11:00:00+00:00,2024-07-28 20:00:00+00:00,-1,0
edaf94ef2fd219db0a64,82,60,test,2024-07-29 02:00:00+00:00,2024-07-29 04:00:00+00:00,-1,3
9c1c9c339eeb76734d32,82,60,test,2024-07-29 08:00:00+00:00,2024-07-29 12:00:00+00:00,1,1
87b0e618a877d65946e0,82,60,test,2024-07-29 13:00:00+00:00,2024-07-29 17:00:00+00:00,-1,3
8da6fcd3fd1f5a827b08,82,60,test,2024-07-30 07:00:00+00:00,2024-07-30 11:00:00+00:00,1,2
480c6e4b9c24acb3ccbb,82,60,test,2024-07-30 13:00:00+00:00,2024-07-30 16:00:00+00:00,1,1
80674e63c4c8f2815e27,82,60,test,2024-07-30 18:00:00+00:00,2024-07-30 21:00:00+00:00,1,3
233c5e5cd768fa83a8bf,82,60,test,2024-07-31 08:00:00+00:00,2024-07-31 12:00:00+00:00,1,2
a43fa6710a3d97101bf4,82,60,test,2024-08-01 02:00:00+00:00,2024-08-01 09:00:00+00:00,-1,0
a2bc00be0ed9b092da09,82,60,test,2024-08-02 07:00:00+00:00,2024-08-02 09:00:00+00:00,-1,2
2657ba1272c17c6e8e43,82,60,test,2024-08-02 10:00:00+00:00,2024-08-02 12:00:00+00:00,1,2
39b2551c1113e1f91624,82,60,test,2024-08-02 13:00:00+00:00,2024-08-02 16:00:00+00:00,-1,0
071a25838c7d1bc06735,82,60,test,2024-08-04 03:00:00+00:00,2024-08-04 05:00:00+00:00,0,3
212147e9cdfc09e93d07,82,60,test,2024-08-04 18:00:00+00:00,2024-08-04 21:00:00+00:00,1,2
18d64089efbb66e9c8c9,82,60,test,2024-08-04 22:00:00+00:00,2024-08-05 01:00:00+00:00,-1,3
7581f038c5d3557161b4,82,60,test,2024-08-05 09:00:00+00:00,2024-08-05 12:00:00+00:00,-1,2
4be09ca6bb4fe702d542,82,60,test,2024-08-05 13:00:00+00:00,2024-08-05 17:00:00+00:00,-1,0
d82cf52fee79b3d09f3e,82,60,test,2024-08-05 23:00:00+00:00,2024-08-06 01:00:00+00:00,-1,2
b5c3c4bfe30aec1401ad,82,60,test,2024-08-06 16:00:00+00:00,2024-08-07 01:00:00+00:00,-1,2
600f42452bc106e773dc,82,60,test,2024-08-07 11:00:00+00:00,2024-08-07 16:00:00+00:00,1,2
c15d99efd1b08f399822,82,60,test,2024-08-07 19:00:00+00:00,2024-08-08 00:00:00+00:00,-1,0
7df50c3c5a7ab4387f83,82,60,test,2024-08-08 08:00:00+00:00,2024-08-08 19:00:00+00:00,1,2
f782573d70a34b154522,82,60,test,2024-08-08 21:00:00+00:00,2024-08-09 00:00:00+00:00,-1,3
59b055baf683550ed4cf,82,60,test,2024-08-09 05:00:00+00:00,2024-08-09 07:00:00+00:00,1,2
1715a001f3bf11d2cb61,82,60,test,2024-08-09 13:00:00+00:00,2024-08-09 15:00:00+00:00,-1,3
4bc32e57961196802aa7,82,60,test,2024-08-11 19:00:00+00:00,2024-08-11 21:00:00+00:00,1,2
fa9ef97b4f5d19ebf741,82,60,test,2024-08-11 23:00:00+00:00,2024-08-12 01:00:00+00:00,1,3
ae00f4c87093bf23894e,82,60,test,2024-08-12 02:00:00+00:00,2024-08-12 05:00:00+00:00,1,1
0edc35a0c246926094a5,82,60,test,2024-08-12 06:00:00+00:00,2024-08-12 11:00:00+00:00,1,1
ce3505159fa342f62938,82,60,test,2024-08-12 13:00:00+00:00,2024-08-12 15:00:00+00:00,-1,3
cbe2a33624c4d013f517,82,60,test,2024-08-12 19:00:00+00:00,2024-08-13 03:00:00+00:00,1,1
e1a7f598de537f6a229b,82,60,test,2024-08-13 04:00:00+00:00,2024-08-13 09:00:00+00:00,-1,0
5be80873d2801cf835ee,82,60,test,2024-08-13 23:00:00+00:00,2024-08-14 02:00:00+00:00,1,1
069f4fb11a019ff96179,82,60,test,2024-08-14 04:00:00+00:00,2024-08-14 08:00:00+00:00,-1,0
89cbd55bd7ce242bd3f7,82,60,test,2024-08-14 12:00:00+00:00,2024-08-14 14:00:00+00:00,1,3
227dfdfbe9c2dd45850e,82,60,test,2024-08-15 22:00:00+00:00,2024-08-16 00:00:00+00:00,1,2
673d01b7c9b22109f279,82,60,test,2024-08-16 02:00:00+00:00,2024-08-16 05:00:00+00:00,-1,0
f91848eadb57036a5962,82,60,test,2024-08-16 16:00:00+00:00,2024-08-16 20:00:00+00:00,1,2
ed98fb203d393ff29bf5,82,60,test,2024-08-16 23:00:00+00:00,2024-08-17 06:00:00+00:00,-1,0
12b95f93cfd8a6d66721,82,60,test,2024-08-17 17:00:00+00:00,2024-08-17 23:00:00+00:00,1,1
e7bb00ee5fdddd4a882c,83,60,train,2024-02-25 20:00:00+00:00,2024-02-25 23:00:00+00:00,1,3
12bc7fabea3b7d16afbd,83,60,train,2024-02-27 21:00:00+00:00,2024-02-28 00:00:00+00:00,1,2
f049ea8d0fbca9ac5539,83,60,train,2024-02-28 16:00:00+00:00,2024-02-28 20:00:00+00:00,-1,2
0af0d4f5abc4c0ac2153,83,60,train,2024-03-03 14:00:00+00:00,2024-03-03 22:00:00+00:00,-1,1
9284136f38779d943a10,83,60,train,2024-03-11 21:00:00+00:00,2024-03-12 01:00:00+00:00,1,1
f4979238915d40bb6bab,83,60,train,2024-03-13 20:00:00+00:00,2024-03-13 22:00:00+00:00,-1,2
439e3f08025ec07fd547,83,60,train,2024-03-14 09:00:00+00:00,2024-03-14 11:00:00+00:00,-1,3
ea0b6f6d2e24e2214dab,83,60,train,2024-03-14 15:00:00+00:00,2024-03-14 18:00:00+00:00,1,3
e0c5373e9bd695b5a404,83,60,train,2024-03-15 03:00:00+00:00,2024-03-15 05:00:00+00:00,-1,2
7befcab0cf343759e997,83,60,train,2024-03-15 06:00:00+00:00,2024-03-15 09:00:00+00:00,1,3
6fc5a9114331b782f94b,83,60,train,2024-03-15 20:00:00+00:00,2024-03-16 01:00:00+00:00,1,1
25d17ba727f5ea9dd130,83,60,train,2024-03-16 02:00:00+00:00,2024-03-16 06:00:00+00:00,-1,3
dee5855bfa6d031a71c2,83,60,train,2024-03-17 00:00:00+00:00,2024-03-17 02:00:00+00:00,-1,2
26b4f075fee10d5ddebd,83,60,train,2024-03-17 04:00:00+00:00,2024-03-17 06:00:00+00:00,-1,3
2d55d9edd1bf08abcb3d,83,60,train,2024-03-17 08:00:00+00:00,2024-03-17 11:00:00+00:00,-1,2
a1d4822066df97de6757,83,60,train,2024-03-21 20:00:00+00:00,2024-03-21 23:00:00+00:00,1,1
a2a64f486d46ea7a5fba,83,60,train,2024-03-22 23:00:00+00:00,2024-03-23 01:00:00+00:00,1,1
1745adff08a2c138ec3f,83,60,train,2024-03-26 10:00:00+00:00,2024-03-26 12:00:00+00:00,-1,0
c7188647eca31bd65f88,83,60,train,2024-03-27 05:00:00+00:00,2024-03-27 09:00:00+00:00,1,1
554dede779d414504631,83,60,train,2024-03-27 11:00:00+00:00,2024-03-27 13:00:00+00:00,-1,0
bc3c1cce51bf72a5944a,83,60,train,2024-03-31 20:00:00+00:00,2024-03-31 22:00:00+00:00,1,1
4a99c854251483ad1ba3,83,60,train,2024-04-03 21:00:00+00:00,2024-04-03 23:00:00+00:00,-1,0
ea26aac1a23072a401da,83,60,train,2024-04-04 15:00:00+00:00,2024-04-04 19:00:00+00:00,-1,0
b899637d95fecefce0b2,83,60,validation,2024-07-11 10:00:00+00:00,2024-07-11 12:00:00+00:00,-1,0
2967c308ccdf5c69073a,83,60,validation,2024-07-12 06:00:00+00:00,2024-07-12 12:00:00+00:00,-1,0
c46df97e6560ef47646c,83,60,validation,2024-07-12 13:00:00+00:00,2024-07-12 16:00:00+00:00,1,1
e7e6a21682d969785e85,83,60,validation,2024-07-12 18:00:00+00:00,2024-07-12 21:00:00+00:00,1,3
d147432471a2db955176,83,60,validation,2024-07-13 15:00:00+00:00,2024-07-13 19:00:00+00:00,-1,2
9dd9a595773e9a3bcab9,83,60,test,2024-07-14 05:00:00+00:00,2024-07-14 18:00:00+00:00,1,1
b4e72845e8c5ad60ca48,83,60,test,2024-07-15 00:00:00+00:00,2024-07-15 05:00:00+00:00,-1,0
4367bad40f5d6a2d5f0b,83,60,test,2024-07-15 06:00:00+00:00,2024-07-15 12:00:00+00:00,-1,0
ecb3f8f9844653375313,83,60,test,2024-07-15 13:00:00+00:00,2024-07-15 16:00:00+00:00,1,1
4cb90d1f6b315a0d7b00,83,60,test,2024-07-15 18:00:00+00:00,2024-07-15 21:00:00+00:00,1,3
d4c72f269712f0ad3bf9,83,60,test,2024-07-16 15:00:00+00:00,2024-07-16 19:00:00+00:00,-1,2
11519d8211e827cca402,83,60,test,2024-07-16 23:00:00+00:00,2024-07-17 02:00:00+00:00,1,3
45927eafba8a4254d3ea,83,60,test,2024-07-17 05:00:00+00:00,2024-07-17 10:00:00+00:00,1,3
fd2013a714379f388616,83,60,test,2024-07-17 14:00:00+00:00,2024-07-17 20:00:00+00:00,-1,0
7f732cc5180cb789ed5a,83,60,test,2024-07-17 21:00:00+00:00,2024-07-18 00:00:00+00:00,-1,2
5f56cfca8a2bfdd498fe,83,60,test,2024-07-18 01:00:00+00:00,2024-07-18 04:00:00+00:00,-1,3
1c5f1a29aaa53bef6f6e,83,60,test,2024-07-18 13:00:00+00:00,2024-07-18 16:00:00+00:00,1,1
ec12cc8fcfc8e3229764,83,60,test,2024-07-18 18:00:00+00:00,2024-07-18 20:00:00+00:00,-1,3
4f645e277c982f67548b,83,60,test,2024-07-18 22:00:00+00:00,2024-07-19 13:00:00+00:00,-1,0
c4835da2675b968de8a5,83,60,test,2024-07-19 14:00:00+00:00,2024-07-19 16:00:00+00:00,-1,2
264590d41ab2052aa5bb,83,60,test,2024-07-19 18:00:00+00:00,2024-07-19 20:00:00+00:00,-1,3
8d7eae2aa8d4711a6e11,83,60,test,2024-07-19 22:00:00+00:00,2024-07-20 07:00:00+00:00,-1,0
df504ad3c19c5ee188f2,83,60,test,2024-07-21 06:00:00+00:00,2024-07-21 08:00:00+00:00,1,2
a3a89958ca0769113d1f,83,60,test,2024-07-22 07:00:00+00:00,2024-07-22 10:00:00+00:00,1,2
775b983059faec0dbb70,83,60,test,2024-07-22 15:00:00+00:00,2024-07-22 19:00:00+00:00,-1,3
0cc1d8c36ed2520678ca,83,60,test,2024-07-23 07:00:00+00:00,2024-07-23 10:00:00+00:00,-1,0
ccbb7f152f4314949d82,83,60,test,2024-07-23 15:00:00+00:00,2024-07-24 00:00:00+00:00,1,1
4d730ef34875b57a3657,83,60,test,2024-07-25 06:00:00+00:00,2024-07-25 08:00:00+00:00,-1,3
e00bf467d47b364b270b,83,60,test,2024-07-25 20:00:00+00:00,2024-07-25 23:00:00+00:00,-1,2
a2ed1baea384727b7551,83,60,test,2024-07-26 00:00:00+00:00,2024-07-26 03:00:00+00:00,-1,3
b7f3f3c1844c4615a124,83,60,test,2024-07-27 06:00:00+00:00,2024-07-27 09:00:00+00:00,-1,2
263e1fb6bc3db2cf05e8,83,60,test,2024-07-27 10:00:00+00:00,2024-07-27 13:00:00+00:00,-1,3
51e78767db62bd3f4527,83,60,test,2024-07-28 02:00:00+00:00,2024-07-28 04:00:00+00:00,-1,3
4d798dad260f738d4ab4,83,60,test,2024-07-28 11:00:00+00:00,2024-07-28 15:00:00+00:00,-1,2
f5e6f735c2c9ffe59c0f,83,60,test,2024-07-28 16:00:00+00:00,2024-07-28 20:00:00+00:00,-1,3
983828bfbb5bee3794ef,83,60,test,2024-07-29 02:00:00+00:00,2024-07-29 04:00:00+00:00,-1,3
87ba17a88bb9be663c68,83,60,test,2024-07-29 08:00:00+00:00,2024-07-29 17:00:00+00:00,-1,2
24c2fa0c1bdfccb8fdbb,83,60,test,2024-07-30 06:00:00+00:00,2024-07-30 09:00:00+00:00,1,1
9342a631aa994e963e7d,83,60,test,2024-07-30 10:00:00+00:00,2024-07-30 13:00:00+00:00,-1,0
3e65ceff38ab0f949d8f,83,60,test,2024-07-30 14:00:00+00:00,2024-07-30 16:00:00+00:00,-1,2
a0dd2b683fd4da37ae82,83,60,test,2024-07-30 18:00:00+00:00,2024-07-30 20:00:00+00:00,1,3
22be7c2b774f7d06a468,83,60,test,2024-07-31 10:00:00+00:00,2024-07-31 12:00:00+00:00,-1,2
92cc87ddc95f8344da2e,83,60,test,2024-07-31 13:00:00+00:00,2024-07-31 16:00:00+00:00,1,3
5aced9ce0962c7bfdb27,83,60,test,2024-07-31 17:00:00+00:00,2024-07-31 21:00:00+00:00,1,1
bf32965d0d28f79eb8f3,83,60,test,2024-08-01 03:00:00+00:00,2024-08-01 05:00:00+00:00,-1,2
4449b0ad892ab05b5ffd,83,60,test,2024-08-02 07:00:00+00:00,2024-08-02 09:00:00+00:00,1,1
44214f5ca085c4cfc108,83,60,test,2024-08-02 10:00:00+00:00,2024-08-02 18:00:00+00:00,-1,0
277e13efdf96b103eee7,83,60,test,2024-08-03 15:00:00+00:00,2024-08-03 17:00:00+00:00,-1,3
bf5a8c33bed5289efdce,83,60,test,2024-08-03 19:00:00+00:00,2024-08-03 22:00:00+00:00,-1,2
e5096d0fc54cac6e7c98,83,60,test,2024-08-04 18:00:00+00:00,2024-08-04 20:00:00+00:00,-1,2
4570140f4899d9ba3666,83,60,test,2024-08-04 22:00:00+00:00,2024-08-05 00:00:00+00:00,-1,3
51263c435c9b6216809e,83,60,test,2024-08-05 09:00:00+00:00,2024-08-05 12:00:00+00:00,-1,0
af8a67192cc38612ee50,83,60,test,2024-08-05 13:00:00+00:00,2024-08-05 17:00:00+00:00,-1,3
9a113ce3195b23743625,83,60,test,2024-08-06 18:00:00+00:00,2024-08-06 20:00:00+00:00,1,2
4d69a37d0729db8c896a,83,60,test,2024-08-06 22:00:00+00:00,2024-08-07 00:00:00+00:00,1,3
b6abe83342bcf1329708,83,60,test,2024-08-07 11:00:00+00:00,2024-08-07 15:00:00+00:00,1,1
3908c051ca7e6586a3f4,83,60,test,2024-08-07 19:00:00+00:00,2024-08-08 00:00:00+00:00,-1,0
8e4b6c68fb0a67bfc66e,83,60,test,2024-08-08 08:00:00+00:00,2024-08-08 11:00:00+00:00,1,2
b8ee99d235f7daf80d1a,83,60,test,2024-08-08 12:00:00+00:00,2024-08-08 15:00:00+00:00,-1,3
894b471cb562167d15f1,83,60,test,2024-08-08 16:00:00+00:00,2024-08-08 19:00:00+00:00,1,1
c8d945a17512083df089,83,60,test,2024-08-09 05:00:00+00:00,2024-08-09 07:00:00+00:00,1,2
84d79f2e7f1cb6476203,83,60,test,2024-08-09 09:00:00+00:00,2024-08-09 11:00:00+00:00,1,3
704e8e0ca40106c9a610,83,60,test,2024-08-10 06:00:00+00:00,2024-08-10 08:00:00+00:00,1,2
38ffc1b7fa4a925c5e1f,83,60,test,2024-08-10 10:00:00+00:00,2024-08-10 12:00:00+00:00,1,3
a896e7c40b186dd97f39,83,60,test,2024-08-12 08:00:00+00:00,2024-08-12 15:00:00+00:00,-1,0
20fd0c129c2a21afc003,83,60,test,2024-08-12 21:00:00+00:00,2024-08-13 09:00:00+00:00,-1,1
eec62d4c2b59626dd077,83,60,test,2024-08-13 22:00:00+00:00,2024-08-14 02:00:00+00:00,1,1
ab3fa990b817e517d6ad,83,60,test,2024-08-14 03:00:00+00:00,2024-08-14 07:00:00+00:00,-1,3
ec853f457c5bc0a4051a,83,60,test,2024-08-14 13:00:00+00:00,2024-08-14 15:00:00+00:00,-1,3
1c671f332bc4f3999684,83,60,test,2024-08-16 17:00:00+00:00,2024-08-16 19:00:00+00:00,1,2
7c1d321b99f9e6f93057,83,60,test,2024-08-16 22:00:00+00:00,2024-08-17 01:00:00+00:00,-1,2
8ff992d48ac9a1602448,83,60,test,2024-08-17 02:00:00+00:00,2024-08-17 06:00:00+00:00,-1,3
2b7d2706d893c26d4247,83,60,test,2024-08-17 17:00:00+00:00,2024-08-17 21:00:00+00:00,1,1
06a1abb475cd14946ec3,84,60,train,2024-02-25 19:00:00+00:00,2024-02-25 21:00:00+00:00,1,2
7b0c9f8e7b728ce146f1,84,60,train,2024-02-27 18:00:00+00:00,2024-02-27 20:00:00+00:00,-1,0
129669ac59d39f167f69,84,60,train,2024-02-28 15:00:00+00:00,2024-02-28 18:00:00+00:00,-1,2
3715b4a85c32e7bf1bc6,84,60,train,2024-02-29 23:00:00+00:00,2024-03-01 01:00:00+00:00,-1,3
71c8a3e805d9484911d2,84,60,train,2024-03-03 17:00:00+00:00,2024-03-03 21:00:00+00:00,1,1
9120bbbf6eae9033e7e5,84,60,train,2024-03-04 15:00:00+00:00,2024-03-04 18:00:00+00:00,1,1
d05f40979bfe4ee4204d,84,60,train,2024-03-05 10:00:00+00:00,2024-03-05 13:00:00+00:00,1,2
c827f176ef46231467d1,84,60,train,2024-03-05 15:00:00+00:00,2024-03-05 17:00:00+00:00,1,3
f768a0fc3598d335152f,84,60,train,2024-03-06 17:00:00+00:00,2024-03-06 23:00:00+00:00,1,1
1a05b425d3b53270c79c,84,60,train,2024-03-10 20:00:00+00:00,2024-03-10 22:00:00+00:00,1,1
b75af78a9f4d88ae728b,84,60,train,2024-03-11 12:00:00+00:00,2024-03-11 14:00:00+00:00,1,2
a7eeec3b939d1e99808b,84,60,train,2024-03-11 16:00:00+00:00,2024-03-11 18:00:00+00:00,1,3
fb20b6931e27fd260b72,84,60,train,2024-03-12 21:00:00+00:00,2024-03-13 02:00:00+00:00,1,1
120862eb5ec3febdfcec,84,60,train,2024-03-14 11:00:00+00:00,2024-03-14 18:00:00+00:00,-1,0
4cf7f6c962da08798873,84,60,train,2024-03-15 21:00:00+00:00,2024-03-16 01:00:00+00:00,1,2
19524d50fd82aa6e2567,84,60,train,2024-03-16 02:00:00+00:00,2024-03-16 06:00:00+00:00,1,3
69ebbaa0fd5bf9da9e85,84,60,train,2024-03-16 19:00:00+00:00,2024-03-17 01:00:00+00:00,1,3
8612631f4642227acef8,84,60,train,2024-03-17 07:00:00+00:00,2024-03-17 10:00:00+00:00,-1,2
770d3d500ae359f0ec7a,84,60,train,2024-03-19 08:00:00+00:00,2024-03-19 10:00:00+00:00,1,2
c72b1a5225711cd8d679,84,60,train,2024-03-21 17:00:00+00:00,2024-03-21 21:00:00+00:00,1,1
805cf89d695d6dc92d8d,84,60,train,2024-03-23 21:00:00+00:00,2024-03-24 01:00:00+00:00,1,2
33fce9028746ca0b0a0c,84,60,train,2024-03-27 05:00:00+00:00,2024-03-27 09:00:00+00:00,1,1
f31ab7f04b7c300268d7,84,60,train,2024-03-30 21:00:00+00:00,2024-03-30 23:00:00+00:00,-1,2
fe083d090d14b9e64983,84,60,train,2024-03-31 01:00:00+00:00,2024-03-31 03:00:00+00:00,-1,3
2f25d52385dcfc03d1b1,84,60,train,2024-03-31 07:00:00+00:00,2024-03-31 09:00:00+00:00,-1,2
ffe2700c4bc41d9134d3,84,60,train,2024-03-31 22:00:00+00:00,2024-04-01 00:00:00+00:00,0,3
26dba10ac3523a27754e,84,60,train,2024-04-03 19:00:00+00:00,2024-04-03 22:00:00+00:00,1,1
4293298d2c43e47d69de,84,60,train,2024-04-04 13:00:00+00:00,2024-04-04 17:00:00+00:00,-1,2
ef41c91a05e904e06cd1,84,60,train,2024-04-04 20:00:00+00:00,2024-04-05 00:00:00+00:00,1,2
0a4df7b89536212f8c3e,84,60,validation,2024-07-08 21:00:00+00:00,2024-07-09 01:00:00+00:00,1,2
f0560ff85054ef2e11d3,84,60,validation,2024-07-12 06:00:00+00:00,2024-07-12 11:00:00+00:00,-1,2
55c322671125f6c6551d,84,60,validation,2024-07-12 18:00:00+00:00,2024-07-12 20:00:00+00:00,-1,3
591f6ce42cce4c864c93,84,60,validation,2024-07-13 15:00:00+00:00,2024-07-13 19:00:00+00:00,1,2
17156bab5b84ce53d524,84,60,test,2024-07-14 04:00:00+00:00,2024-07-14 08:00:00+00:00,-1,3
72b59ac667e1f78a7848,84,60,test,2024-07-14 09:00:00+00:00,2024-07-14 14:00:00+00:00,1,1
7aa52e8e4b8fbbe352a7,84,60,test,2024-07-15 00:00:00+00:00,2024-07-15 05:00:00+00:00,-1,0
c98a768d6d544b4f1a7d,84,60,test,2024-07-15 06:00:00+00:00,2024-07-15 11:00:00+00:00,-1,2
6521287388087df03bc3,84,60,test,2024-07-15 18:00:00+00:00,2024-07-15 20:00:00+00:00,-1,3
51ab83cb2ff27189055f,84,60,test,2024-07-16 15:00:00+00:00,2024-07-16 19:00:00+00:00,1,2
19a994547d2ac519fa72,84,60,test,2024-07-16 23:00:00+00:00,2024-07-17 01:00:00+00:00,1,3
7c66baf5fe93da555f67,84,60,test,2024-07-17 04:00:00+00:00,2024-07-17 08:00:00+00:00,-1,3
4bd4eb0754d1420be808,84,60,test,2024-07-17 12:00:00+00:00,2024-07-17 14:00:00+00:00,0,3
96458b0f9159d894f2d6,84,60,test,2024-07-17 15:00:00+00:00,2024-07-17 17:00:00+00:00,-1,2
1aa6d53b90b228a59834,84,60,test,2024-07-17 19:00:00+00:00,2024-07-18 05:00:00+00:00,-1,1
94f4228be0cd48e00bea,84,60,test,2024-07-18 18:00:00+00:00,2024-07-18 20:00:00+00:00,1,2
71ddef9f9f607988816a,84,60,test,2024-07-18 21:00:00+00:00,2024-07-19 08:00:00+00:00,-1,2
0e2d387a9eb8c11d5b20,84,60,test,2024-07-19 09:00:00+00:00,2024-07-19 15:00:00+00:00,-1,0
da260cb196d250a8342a,84,60,test,2024-07-19 18:00:00+00:00,2024-07-19 20:00:00+00:00,1,2
5b098a9ead913f5b0a28,84,60,test,2024-07-19 21:00:00+00:00,2024-07-20 07:00:00+00:00,-1,2
6372ca023bb62b49daaf,84,60,test,2024-07-21 06:00:00+00:00,2024-07-21 08:00:00+00:00,1,2
42624fd9053af5cb2d24,84,60,test,2024-07-21 13:00:00+00:00,2024-07-21 16:00:00+00:00,1,1
13e882b11105a3e6b2ba,84,60,test,2024-07-21 17:00:00+00:00,2024-07-21 20:00:00+00:00,1,3
b799bb2cf12f441a93f1,84,60,test,2024-07-22 02:00:00+00:00,2024-07-22 05:00:00+00:00,-1,2
e57f6144522ff7edb820,84,60,test,2024-07-22 12:00:00+00:00,2024-07-22 14:00:00+00:00,1,2
bb0253870837cffd2020,84,60,test,2024-07-22 15:00:00+00:00,2024-07-22 17:00:00+00:00,1,3
35981ef3a2da2bf5010f,84,60,test,2024-07-22 21:00:00+00:00,2024-07-22 23:00:00+00:00,-1,3
672292657bdc1b6be03e,84,60,test,2024-07-23 16:00:00+00:00,2024-07-24 00:00:00+00:00,-1,0
71b5de8dd1ac9679decb,84,60,test,2024-07-24 18:00:00+00:00,2024-07-24 20:00:00+00:00,-1,2
f603ce8f2d6a074e306f,84,60,test,2024-07-25 01:00:00+00:00,2024-07-25 04:00:00+00:00,1,1
51143a3db6c8ba5f220e,84,60,test,2024-07-25 05:00:00+00:00,2024-07-25 08:00:00+00:00,-1,3
5096ff5369b1646d9908,84,60,test,2024-07-25 19:00:00+00:00,2024-07-26 04:00:00+00:00,-1,1
4fb32624bfa09aedece0,84,60,test,2024-07-27 04:00:00+00:00,2024-07-27 09:00:00+00:00,1,1
d4527a0e09be50c93b9c,84,60,test,2024-07-27 10:00:00+00:00,2024-07-27 15:00:00+00:00,-1,0
32a830cf678bf531f587,84,60,test,2024-07-27 18:00:00+00:00,2024-07-27 21:00:00+00:00,-1,2
626b849c6438f2598dde,84,60,test,2024-07-27 23:00:00+00:00,2024-07-28 01:00:00+00:00,-1,3
64b0091aa651ee1a8e41,84,60,test,2024-07-28 11:00:00+00:00,2024-07-28 19:00:00+00:00,-1,0
3410d2140a98b358e647,84,60,test,2024-07-29 08:00:00+00:00,2024-07-29 12:00:00+00:00,1,2
3cb97af9d2aa4df29bc0,84,60,test,2024-07-29 14:00:00+00:00,2024-07-29 17:00:00+00:00,-1,3
616eb501b01919cc8465,84,60,test,2024-07-30 08:00:00+00:00,2024-07-30 11:00:00+00:00,1,2
e584fdf440a373a0535e,84,60,test,2024-07-30 12:00:00+00:00,2024-07-30 16:00:00+00:00,1,1
c3fc848930b003083f22,84,60,test,2024-07-30 18:00:00+00:00,2024-07-30 20:00:00+00:00,1,3
cbfcb776a73a41feb12c,84,60,test,2024-07-31 08:00:00+00:00,2024-07-31 10:00:00+00:00,1,2
2e13e4c23ee9d0b4a0a2,84,60,test,2024-07-31 12:00:00+00:00,2024-07-31 14:00:00+00:00,-1,3
9e531312aaa6c1c71541,84,60,test,2024-07-31 20:00:00+00:00,2024-07-31 22:00:00+00:00,-1,0
f36fa2197c40c26467bf,84,60,test,2024-08-01 03:00:00+00:00,2024-08-01 09:00:00+00:00,-1,0
1b49a719cde0e5a7c12e,84,60,test,2024-08-02 07:00:00+00:00,2024-08-02 09:00:00+00:00,1,1
a59f300736d7e75b7e51,84,60,test,2024-08-02 10:00:00+00:00,2024-08-02 13:00:00+00:00,-1,2
f54be7a338fb7d2445cc,84,60,test,2024-08-02 14:00:00+00:00,2024-08-02 16:00:00+00:00,1,3
69e50f1907f0d6ce8037,84,60,test,2024-08-04 03:00:00+00:00,2024-08-04 05:00:00+00:00,1,3
cedc4df94dc2c9aef822,84,60,test,2024-08-04 18:00:00+00:00,2024-08-04 21:00:00+00:00,1,2
b434ad83d8dc7eeaf771,84,60,test,2024-08-04 22:00:00+00:00,2024-08-05 01:00:00+00:00,-1,3
cd20c637ab3f07ecaf69,84,60,test,2024-08-05 09:00:00+00:00,2024-08-05 11:00:00+00:00,1,2
55b8b9ccce6ee39449d1,84,60,test,2024-08-06 16:00:00+00:00,2024-08-06 20:00:00+00:00,1,1
6d8a5aa74d209bd47f50,84,60,test,2024-08-06 21:00:00+00:00,2024-08-07 01:00:00+00:00,1,3
7c31364657ae7582f100,84,60,test,2024-08-07 17:00:00+00:00,2024-08-07 20:00:00+00:00,1,1
ce0ac4b70972f083283c,84,60,test,2024-08-07 21:00:00+00:00,2024-08-08 00:00:00+00:00,1,3
d472710e5a4089fcb70c,84,60,test,2024-08-08 08:00:00+00:00,2024-08-08 11:00:00+00:00,1,2
dbdbff549fb8ce5a588a,84,60,test,2024-08-08 12:00:00+00:00,2024-08-08 15:00:00+00:00,-1,3
8eb362ae80e728143a4a,84,60,test,2024-08-08 16:00:00+00:00,2024-08-08 19:00:00+00:00,1,2
d19caf0f6ce949c9af41,84,60,test,2024-08-08 20:00:00+00:00,2024-08-09 00:00:00+00:00,-1,0
927365da169e02cb1b74,84,60,test,2024-08-09 05:00:00+00:00,2024-08-09 07:00:00+00:00,-1,2
8fd5d414e24d45cd8e71,84,60,test,2024-08-11 19:00:00+00:00,2024-08-11 21:00:00+00:00,-1,2
1ccf5b2839bb03342486,84,60,test,2024-08-11 23:00:00+00:00,2024-08-12 01:00:00+00:00,1,3
a7edf57eb4c3ec3873f6,84,60,test,2024-08-12 03:00:00+00:00,2024-08-12 05:00:00+00:00,1,1
f285ba748fb297fb8525,84,60,test,2024-08-12 09:00:00+00:00,2024-08-12 11:00:00+00:00,-1,0
13adee44615b637978f7,84,60,test,2024-08-12 12:00:00+00:00,2024-08-12 15:00:00+00:00,-1,3
b2527f69b41031dcf687,84,60,test,2024-08-12 19:00:00+00:00,2024-08-12 21:00:00+00:00,-1,2
ed7ee931fc732e3daba7,84,60,test,2024-08-12 22:00:00+00:00,2024-08-13 03:00:00+00:00,1,1
726120c714231f5534de,84,60,test,2024-08-13 04:00:00+00:00,2024-08-13 09:00:00+00:00,-1,3
db6a278627478714a683,84,60,test,2024-08-13 22:00:00+00:00,2024-08-14 08:00:00+00:00,-1,2
acffac776857f824f968,84,60,test,2024-08-15 06:00:00+00:00,2024-08-15 09:00:00+00:00,-1,2
68f540f96cef2876629a,84,60,test,2024-08-15 16:00:00+00:00,2024-08-15 18:00:00+00:00,-1,2
1baeb7bcbc85dfe009b1,84,60,test,2024-08-15 22:00:00+00:00,2024-08-16 00:00:00+00:00,1,2
c3e3563a10e4c0eda059,84,60,test,2024-08-16 17:00:00+00:00,2024-08-16 20:00:00+00:00,-1,2
fd5e1e78a569e3ab89e5,84,60,test,2024-08-17 02:00:00+00:00,2024-08-17 06:00:00+00:00,-1,3
ce5149e8c208151614f2,84,60,test,2024-08-17 17:00:00+00:00,2024-08-17 22:00:00+00:00,1,1
209515c4c6bbe1963a45,85,60,train,2024-02-25 19:00:00+00:00,2024-02-25 21:00:00+00:00,1,2
dc108cf378d1c0f3b146,85,60,train,2024-02-27 18:00:00+00:00,2024-02-27 20:00:00+00:00,-1,0
d2cd2bfa89d6bb8d5f08,85,60,train,2024-02-28 16:00:00+00:00,2024-02-28 18:00:00+00:00,-1,2
5b3bf769305c3bcbfa0e,85,60,train,2024-02-28 19:00:00+00:00,2024-02-28 21:00:00+00:00,-1,3
6ec56330106081c3ae14,85,60,train,2024-03-02 19:00:00+00:00,2024-03-02 21:00:00+00:00,1,2
a96b9d73d9cccdedd054,85,60,train,2024-03-03 13:00:00+00:00,2024-03-03 15:00:00+00:00,1,1
25cc4786b6a8b538cff9,85,60,train,2024-03-03 17:00:00+00:00,2024-03-03 21:00:00+00:00,1,2
7b2bcb36b319065a7425,85,60,train,2024-03-04 15:00:00+00:00,2024-03-04 18:00:00+00:00,1,1
fa32b348363dfb76dbec,85,60,train,2024-03-05 09:00:00+00:00,2024-03-05 13:00:00+00:00,1,2
e58555f4863ca8914537,85,60,train,2024-03-05 15:00:00+00:00,2024-03-05 19:00:00+00:00,-1,3
e0aff03fc8635e1d8349,85,60,train,2024-03-06 17:00:00+00:00,2024-03-06 23:00:00+00:00,1,1
502f2c1282399fd46c7d,85,60,train,2024-03-08 19:00:00+00:00,2024-03-08 21:00:00+00:00,1,3
94f691eb6fb0293d8469,85,60,train,2024-03-10 20:00:00+00:00,2024-03-10 22:00:00+00:00,1,1
7b2efe199355a93d56bc,85,60,train,2024-03-11 21:00:00+00:00,2024-03-12 01:00:00+00:00,1,2
f394502b6a83c31cd96a,85,60,train,2024-03-14 03:00:00+00:00,2024-03-14 08:00:00+00:00,-1,0
56d54b1b794c62bf8967,85,60,train,2024-03-14 11:00:00+00:00,2024-03-14 20:00:00+00:00,-1,0
e02fe4fc0d8ab335dd9f,85,60,train,2024-03-15 20:00:00+00:00,2024-03-16 01:00:00+00:00,1,1
bc1152675598bf11099b,85,60,train,2024-03-17 07:00:00+00:00,2024-03-17 11:00:00+00:00,1,2
1d51b8fb6d7cfd956647,85,60,train,2024-03-18 09:00:00+00:00,2024-03-18 11:00:00+00:00,-1,2
865c92c1c6a9b4d4b035,85,60,train,2024-03-18 12:00:00+00:00,2024-03-18 15:00:00+00:00,-1,3
13dfb4551aa4624ceaab,85,60,train,2024-03-22 00:00:00+00:00,2024-03-22 02:00:00+00:00,1,2
b3866de33c455171b667,85,60,train,2024-03-23 14:00:00+00:00,2024-03-23 17:00:00+00:00,1,3
dda964a7fdb718ca9c92,85,60,train,2024-03-23 18:00:00+00:00,2024-03-23 20:00:00+00:00,1,3
9424da35bd3eb3260de2,85,60,train,2024-03-23 21:00:00+00:00,2024-03-24 01:00:00+00:00,1,2
251fce5e828fc5b95843,85,60,train,2024-03-26 03:00:00+00:00,2024-03-26 09:00:00+00:00,1,1
caaa5d8026b671b92a43,85,60,train,2024-03-29 21:00:00+00:00,2024-03-30 00:00:00+00:00,1,1
81e57aa1baf2ece6938f,85,60,train,2024-03-30 01:00:00+00:00,2024-03-30 03:00:00+00:00,-1,3
056130e330f7e9e3e725,85,60,train,2024-03-30 21:00:00+00:00,2024-03-30 23:00:00+00:00,-1,2
34a8e47bd293195b03f5,85,60,train,2024-03-31 11:00:00+00:00,2024-03-31 13:00:00+00:00,-1,0
76858a558e38aa6a2d43,85,60,train,2024-03-31 20:00:00+00:00,2024-04-01 00:00:00+00:00,1,2
cc86d3c03db3368934e7,85,60,train,2024-04-02 00:00:00+00:00,2024-04-02 02:00:00+00:00,1,2
56341ebb535d69b58e10,85,60,train,2024-04-03 19:00:00+00:00,2024-04-03 22:00:00+00:00,1,2
5fb90457d2454392ec2c,85,60,train,2024-04-04 00:00:00+00:00,2024-04-04 02:00:00+00:00,1,3
8af287a99ba8661ccd9a,85,60,train,2024-04-04 21:00:00+00:00,2024-04-05 00:00:00+00:00,1,2
a102e7a682de66edc3ec,85,60,validation,2024-07-08 21:00:00+00:00,2024-07-09 01:00:00+00:00,1,2
1d6e25c85d3a94f97e50,85,60,validation,2024-07-11 03:00:00+00:00,2024-07-11 09:00:00+00:00,1,1
833f4b4309d2c94b397a,85,60,validation,2024-07-12 06:00:00+00:00,2024-07-12 10:00:00+00:00,-1,2
12658308af2da1448bb4,85,60,validation,2024-07-12 18:00:00+00:00,2024-07-12 20:00:00+00:00,0,3
00f570e530027b61b7cf,85,60,validation,2024-07-13 15:00:00+00:00,2024-07-13 19:00:00+00:00,1,2
15be7b71127d14b1599d,85,60,test,2024-07-14 04:00:00+00:00,2024-07-14 15:00:00+00:00,1,3
5229627548dbadd7d2ac,85,60,test,2024-07-15 00:00:00+00:00,2024-07-15 05:00:00+00:00,-1,0
7f411a480616dec3ab79,85,60,test,2024-07-15 06:00:00+00:00,2024-07-15 10:00:00+00:00,-1,2
1b535810dd4bcb5a2eed,85,60,test,2024-07-15 18:00:00+00:00,2024-07-15 20:00:00+00:00,0,3
cdc147fb856ce21a8f27,85,60,test,2024-07-16 15:00:00+00:00,2024-07-16 19:00:00+00:00,1,2
527975615bd6df756d73,85,60,test,2024-07-16 22:00:00+00:00,2024-07-17 01:00:00+00:00,1,3
cdacdefc2340aabeb398,85,60,test,2024-07-17 02:00:00+00:00,2024-07-17 10:00:00+00:00,-1,0
35513edde7032e911357,85,60,test,2024-07-17 12:00:00+00:00,2024-07-18 05:00:00+00:00,0,1
992c6bb394c90f6d0ac2,85,60,test,2024-07-18 18:00:00+00:00,2024-07-18 20:00:00+00:00,-1,2
3d8b1a6e0acb59ed3a78,85,60,test,2024-07-18 21:00:00+00:00,2024-07-19 02:00:00+00:00,1,1
7560228b1ab2a518c2a7,85,60,test,2024-07-19 03:00:00+00:00,2024-07-19 11:00:00+00:00,-1,0
55dacece9e663cda068e,85,60,test,2024-07-19 12:00:00+00:00,2024-07-19 15:00:00+00:00,0,3
0ae30aa83d33915565a4,85,60,test,2024-07-19 18:00:00+00:00,2024-07-19 20:00:00+00:00,-1,2
2456247499faa7ce19e1,85,60,test,2024-07-19 21:00:00+00:00,2024-07-20 02:00:00+00:00,1,1
47de33cee211cf1f3310,85,60,test,2024-07-20 03:00:00+00:00,2024-07-20 10:00:00+00:00,-1,0
cd22ae20b758ae46bc9f,85,60,test,2024-07-20 11:00:00+00:00,2024-07-20 15:00:00+00:00,1,0
f9e79c2e3c4581ccb2a7,85,60,test,2024-07-21 06:00:00+00:00,2024-07-21 09:00:00+00:00,1,2
424c1d48fe95237cf9c6,85,60,test,2024-07-21 13:00:00+00:00,2024-07-21 20:00:00+00:00,-1,0
d7cef0255a8b34b3cc6e,85,60,test,2024-07-22 02:00:00+00:00,2024-07-22 05:00:00+00:00,-1,0
39f879b8d7d347701f53,85,60,test,2024-07-22 08:00:00+00:00,2024-07-22 13:00:00+00:00,1,2
fc9e6e442d0bcfcb7a74,85,60,test,2024-07-22 14:00:00+00:00,2024-07-22 18:00:00+00:00,1,3
1b03c01ed5f7ce2b30ee,85,60,test,2024-07-22 21:00:00+00:00,2024-07-22 23:00:00+00:00,-1,3
85ee6b7f98b02df41c12,85,60,test,2024-07-23 06:00:00+00:00,2024-07-23 12:00:00+00:00,1,2
0f40cdc9d58d68498e39,85,60,test,2024-07-23 14:00:00+00:00,2024-07-24 00:00:00+00:00,-1,1
a5cc19ec7796386a59b9,85,60,test,2024-07-24 17:00:00+00:00,2024-07-24 20:00:00+00:00,1,1
9141736819750cbeef68,85,60,test,2024-07-25 01:00:00+00:00,2024-07-25 03:00:00+00:00,1,1
fcecd6483ee00d1c9765,85,60,test,2024-07-25 05:00:00+00:00,2024-07-25 09:00:00+00:00,-1,3
a97d64973ac659ec68cc,85,60,test,2024-07-25 19:00:00+00:00,2024-07-26 06:00:00+00:00,-1,1
9c6d8d7df40250048d07,85,60,test,2024-07-27 05:00:00+00:00,2024-07-27 09:00:00+00:00,1,1
f1014a9687e5e42c479d,85,60,test,2024-07-27 10:00:00+00:00,2024-07-27 14:00:00+00:00,1,3
5e6c961ed9419576fbbf,85,60,test,2024-07-27 15:00:00+00:00,2024-07-27 17:00:00+00:00,-1,3
5642b004ea2a538e2906,85,60,test,2024-07-27 18:00:00+00:00,2024-07-27 21:00:00+00:00,0,2
422f86aaa556371b950e,85,60,test,2024-07-27 23:00:00+00:00,2024-07-28 02:00:00+00:00,-1,3
db1f1d98b02b134fb2ce,85,60,test,2024-07-28 11:00:00+00:00,2024-07-28 19:00:00+00:00,-1,2
d15ae8aa8d65c7632e99,85,60,test,2024-07-29 08:00:00+00:00,2024-07-29 17:00:00+00:00,-1,0
34c3ae4ea1271ba940a6,85,60,test,2024-07-30 06:00:00+00:00,2024-07-30 11:00:00+00:00,1,2
4df84acb92ca246ba612,85,60,test,2024-07-30 12:00:00+00:00,2024-07-30 14:00:00+00:00,1,3
7036f33e5d73f3e38ea6,85,60,test,2024-07-30 15:00:00+00:00,2024-07-30 17:00:00+00:00,-1,0
71fd27ad70c4bdea61af,85,60,test,2024-07-30 18:00:00+00:00,2024-07-30 21:00:00+00:00,1,3
7a12ea50f3cf3ce4f7c2,85,60,test,2024-07-31 07:00:00+00:00,2024-07-31 14:00:00+00:00,-1,0
74d4eb51f6f7b5ed0360,85,60,test,2024-07-31 16:00:00+00:00,2024-07-31 19:00:00+00:00,-1,2
1ff53d1f1c7cb5d1a0dc,85,60,test,2024-08-01 02:00:00+00:00,2024-08-01 05:00:00+00:00,-1,0
eefcd2c2ceefc32a1972,85,60,test,2024-08-01 06:00:00+00:00,2024-08-01 09:00:00+00:00,-1,0
ea5f26f2c5a0b81ad5c0,85,60,test,2024-08-02 06:00:00+00:00,2024-08-02 09:00:00+00:00,1,1
91a697dc64db9bcec65a,85,60,test,2024-08-02 10:00:00+00:00,2024-08-02 20:00:00+00:00,-1,0
e3b2370e3737de173305,85,60,test,2024-08-03 15:00:00+00:00,2024-08-03 17:00:00+00:00,-1,3
d43defbfb3e5ea1e946d,85,60,test,2024-08-03 19:00:00+00:00,2024-08-03 21:00:00+00:00,1,2
c56c68e62564feefbc34,85,60,test,2024-08-04 18:00:00+00:00,2024-08-04 21:00:00+00:00,1,2
e3bbd42bce90b8d16617,85,60,test,2024-08-04 22:00:00+00:00,2024-08-05 01:00:00+00:00,-1,3
ce8511e824feebbfc4f0,85,60,test,2024-08-05 09:00:00+00:00,2024-08-05 11:00:00+00:00,1,2
3ea09e28a6a056db20dd,85,60,test,2024-08-05 16:00:00+00:00,2024-08-05 18:00:00+00:00,0,3
2bb2fe804854bd686e94,85,60,test,2024-08-06 17:00:00+00:00,2024-08-07 00:00:00+00:00,-1,2
3d330c8f2549607672fb,85,60,test,2024-08-07 11:00:00+00:00,2024-08-07 16:00:00+00:00,-1,2
f72317f9f6bad9bf3af8,85,60,test,2024-08-07 19:00:00+00:00,2024-08-08 01:00:00+00:00,-1,0
03f95f15f4b1bee11c04,85,60,test,2024-08-08 08:00:00+00:00,2024-08-08 11:00:00+00:00,1,2
5916df824d185d3f698a,85,60,test,2024-08-08 12:00:00+00:00,2024-08-08 15:00:00+00:00,1,3
5cc15b39071dbed6b657,85,60,test,2024-08-08 16:00:00+00:00,2024-08-09 00:00:00+00:00,-1,2
b2cba0b1f63eeb9ec12b,85,60,test,2024-08-12 02:00:00+00:00,2024-08-12 05:00:00+00:00,1,1
c37aea4242c6b27620e2,85,60,test,2024-08-12 08:00:00+00:00,2024-08-12 15:00:00+00:00,-1,0
b2f65705ca3a4af47244,85,60,test,2024-08-12 22:00:00+00:00,2024-08-13 03:00:00+00:00,1,1
06ab79c11482a681db15,85,60,test,2024-08-13 04:00:00+00:00,2024-08-13 08:00:00+00:00,-1,3
66a07ee2f477fd82fd8b,85,60,test,2024-08-13 16:00:00+00:00,2024-08-13 18:00:00+00:00,-1,2
ae8f8e815e43d70d8e01,85,60,test,2024-08-13 22:00:00+00:00,2024-08-14 02:00:00+00:00,1,1
cf7cee7b33479dceb64f,85,60,test,2024-08-14 03:00:00+00:00,2024-08-14 06:00:00+00:00,-1,3
d0216380c626cf927371,85,60,test,2024-08-14 12:00:00+00:00,2024-08-14 14:00:00+00:00,1,3
b8c7ecef3924b88d47e0,85,60,test,2024-08-15 06:00:00+00:00,2024-08-15 09:00:00+00:00,1,2
a8ff96f1a67dce389b6f,85,60,test,2024-08-15 11:00:00+00:00,2024-08-15 13:00:00+00:00,1,3
97c427c6994cbb5481e6,85,60,test,2024-08-15 21:00:00+00:00,2024-08-16 00:00:00+00:00,1,2
66517bb88ba4ca005d62,85,60,test,2024-08-16 01:00:00+00:00,2024-08-16 05:00:00+00:00,-1,3
2fe9f3c902ae5f5a95fc,85,60,test,2024-08-16 17:00:00+00:00,2024-08-16 20:00:00+00:00,1,1
8d2905e2afae93bf3fb4,85,60,test,2024-08-17 01:00:00+00:00,2024-08-17 06:00:00+00:00,-1,0
ae26e3ba06622ed04765,85,60,test,2024-08-17 17:00:00+00:00,2024-08-17 21:00:00+00:00,1,1
115ca9ebd30b646b7296,86,60,train,2024-02-25 20:00:00+00:00,2024-02-25 22:00:00+00:00,-1,2
dec299e3508a3813abd5,86,60,train,2024-02-27 18:00:00+00:00,2024-02-27 20:00:00+00:00,-1,0
f8dce4ec86c775dcd135,86,60,train,2024-02-27 22:00:00+00:00,2024-02-28 00:00:00+00:00,-1,2
6ae01fc8731880ed120e,86,60,train,2024-02-28 16:00:00+00:00,2024-02-28 18:00:00+00:00,-1,2
0616ae71f42c81a1fd78,86,60,train,2024-02-28 19:00:00+00:00,2024-02-28 21:00:00+00:00,-1,3
51af6866bcecd5e74ede,86,60,train,2024-03-03 13:00:00+00:00,2024-03-03 15:00:00+00:00,1,1
74c40e02aa627e720e8c,86,60,train,2024-03-03 19:00:00+00:00,2024-03-03 21:00:00+00:00,-1,3
c8df0a3a8ea77f1f59dd,86,60,train,2024-03-04 00:00:00+00:00,2024-03-04 02:00:00+00:00,1,2
70caa410e85add79d31b,86,60,train,2024-03-05 10:00:00+00:00,2024-03-05 13:00:00+00:00,1,1
624a723b43cadcd876ad,86,60,train,2024-03-05 15:00:00+00:00,2024-03-05 19:00:00+00:00,-1,3
a7d70ac97d7e3e03aad6,86,60,train,2024-03-06 17:00:00+00:00,2024-03-06 22:00:00+00:00,1,1
ec6d6d9f83d4099630f6,86,60,train,2024-03-10 19:00:00+00:00,2024-03-10 22:00:00+00:00,1,2
89a501d8d98f23ed1380,86,60,train,2024-03-11 11:00:00+00:00,2024-03-11 19:00:00+00:00,-1,2
f6bbeeaf290eb16399ca,86,60,train,2024-03-11 20:00:00+00:00,2024-03-12 01:00:00+00:00,1,1
b234bf6973e904a18754,86,60,train,2024-03-14 16:00:00+00:00,2024-03-14 20:00:00+00:00,-1,3
6628fc5df8d7bd077d48,86,60,train,2024-03-15 21:00:00+00:00,2024-03-16 01:00:00+00:00,1,2
d14ca27ae2184e07559a,86,60,train,2024-03-16 02:00:00+00:00,2024-03-16 06:00:00+00:00,-1,0
8cccd24c9141316f36d9,86,60,train,2024-03-17 07:00:00+00:00,2024-03-17 13:00:00+00:00,1,2
d35cc3303b55da28bdad,86,60,train,2024-03-22 00:00:00+00:00,2024-03-22 02:00:00+00:00,1,2
abc863ee80e2ea1145b6,86,60,train,2024-03-23 21:00:00+00:00,2024-03-24 01:00:00+00:00,1,2
a171e91f3d3ca469482d,86,60,train,2024-03-29 22:00:00+00:00,2024-03-30 03:00:00+00:00,-1,0
48a206dafa78105f52d0,86,60,train,2024-03-30 21:00:00+00:00,2024-03-30 23:00:00+00:00,-1,2
e0aa0474174f9f9c679c,86,60,train,2024-03-31 20:00:00+00:00,2024-03-31 22:00:00+00:00,-1,2
64dfe50032362dce3585,86,60,train,2024-04-04 13:00:00+00:00,2024-04-04 19:00:00+00:00,-1,0
9fa226d4ad0e48e5b1aa,86,60,train,2024-04-04 20:00:00+00:00,2024-04-05 00:00:00+00:00,-1,2
b84eb97f6f8c9802bfa6,86,60,validation,2024-07-08 21:00:00+00:00,2024-07-09 01:00:00+00:00,1,2
4f94906f29133ba779cf,86,60,validation,2024-07-12 08:00:00+00:00,2024-07-12 15:00:00+00:00,-1,0
5797558a25c5ce482dac,86,60,validation,2024-07-12 18:00:00+00:00,2024-07-12 22:00:00+00:00,1,3
4ace102da56a93278e5a,86,60,validation,2024-07-13 13:00:00+00:00,2024-07-13 20:00:00+00:00,1,1
876167f1ae73c593c628,86,60,test,2024-07-14 04:00:00+00:00,2024-07-14 08:00:00+00:00,1,3
c02842762d939eb3a85b,86,60,test,2024-07-14 09:00:00+00:00,2024-07-14 11:00:00+00:00,1,2
cf2ba536acab73ff046e,86,60,test,2024-07-14 12:00:00+00:00,2024-07-14 16:00:00+00:00,1,2
350b142aa55622639864,86,60,test,2024-07-15 08:00:00+00:00,2024-07-15 15:00:00+00:00,-1,0
fa54b63f396a9cdad644,86,60,test,2024-07-15 18:00:00+00:00,2024-07-15 22:00:00+00:00,1,3
68775dc90105fda92fb6,86,60,test,2024-07-16 13:00:00+00:00,2024-07-16 20:00:00+00:00,1,1
b0e12148cd93f2213b8f,86,60,test,2024-07-16 23:00:00+00:00,2024-07-17 01:00:00+00:00,1,3
c34c91285f8b24d448f2,86,60,test,2024-07-17 02:00:00+00:00,2024-07-17 08:00:00+00:00,-1,0
472dff46e543be3d2258,86,60,test,2024-07-17 11:00:00+00:00,2024-07-17 17:00:00+00:00,1,1
bbeb4f0338f7c85543f7,86,60,test,2024-07-17 18:00:00+00:00,2024-07-18 05:00:00+00:00,1,1
4799437616378b939149,86,60,test,2024-07-18 18:00:00+00:00,2024-07-18 20:00:00+00:00,-1,2
d1236f01bdfe4da47ec0,86,60,test,2024-07-18 21:00:00+00:00,2024-07-19 01:00:00+00:00,1,1
5597f23675857a92171c,86,60,test,2024-07-19 03:00:00+00:00,2024-07-19 08:00:00+00:00,-1,0
315f527b01102a7614de,86,60,test,2024-07-19 09:00:00+00:00,2024-07-19 11:00:00+00:00,-1,2
30a2e5f72989601f5eaa,86,60,test,2024-07-19 13:00:00+00:00,2024-07-19 15:00:00+00:00,0,3
04eb357db97423097938,86,60,test,2024-07-19 18:00:00+00:00,2024-07-19 20:00:00+00:00,-1,2
8e0f79ce9ef5fe875910,86,60,test,2024-07-19 21:00:00+00:00,2024-07-20 01:00:00+00:00,1,1
8680605c1a94f87be275,86,60,test,2024-07-20 03:00:00+00:00,2024-07-20 11:00:00+00:00,-1,0
9a04fdb17be59fd29ea7,86,60,test,2024-07-20 12:00:00+00:00,2024-07-20 14:00:00+00:00,-1,3
8dff29d6fc07006732ab,86,60,test,2024-07-21 05:00:00+00:00,2024-07-21 08:00:00+00:00,1,2
60220601de5c591e5a6f,86,60,test,2024-07-21 13:00:00+00:00,2024-07-21 20:00:00+00:00,-1,0
b30325fdea4bb0541a9a,86,60,test,2024-07-22 02:00:00+00:00,2024-07-22 05:00:00+00:00,-1,0
3eae5a54e93323dfcddf,86,60,test,2024-07-22 08:00:00+00:00,2024-07-22 11:00:00+00:00,-1,2
ed68cb82b4c5086dad1c,86,60,test,2024-07-22 12:00:00+00:00,2024-07-22 14:00:00+00:00,1,3
d595ddb8144fb6338f7d,86,60,test,2024-07-22 15:00:00+00:00,2024-07-22 17:00:00+00:00,1,3
6cb5ab1ae2a53aa5c972,86,60,test,2024-07-22 21:00:00+00:00,2024-07-22 23:00:00+00:00,1,3
002f4588b55df146bc1c,86,60,test,2024-07-23 14:00:00+00:00,2024-07-24 00:00:00+00:00,-1,1
bcc060ccce96b9af9631,86,60,test,2024-07-24 17:00:00+00:00,2024-07-24 20:00:00+00:00,1,2
ad0b7536c818d76cd018,86,60,test,2024-07-25 04:00:00+00:00,2024-07-25 08:00:00+00:00,-1,3
ab43105d7124587328cd,86,60,test,2024-07-25 20:00:00+00:00,2024-07-26 03:00:00+00:00,-1,2
64a329fd263d5c68cdd7,86,60,test,2024-07-26 04:00:00+00:00,2024-07-26 06:00:00+00:00,-1,3
07b8e6f8d4636e7ffbc6,86,60,test,2024-07-27 05:00:00+00:00,2024-07-27 14:00:00+00:00,-1,0
60784411f185ea206bcd,86,60,test,2024-07-27 19:00:00+00:00,2024-07-27 21:00:00+00:00,-1,2
b949dcf2fca712c4cad5,86,60,test,2024-07-27 23:00:00+00:00,2024-07-28 01:00:00+00:00,-1,3
06ce7ce68e167a1b652f,86,60,test,2024-07-28 11:00:00+00:00,2024-07-28 20:00:00+00:00,-1,2
aa7f7798ef9b3697e045,86,60,test,2024-07-29 07:00:00+00:00,2024-07-29 17:00:00+00:00,-1,1
ed36b8e53bee431cf073,86,60,test,2024-07-30 08:00:00+00:00,2024-07-30 16:00:00+00:00,1,2
336d9fbca735ffb8e0a7,86,60,test,2024-07-30 17:00:00+00:00,2024-07-30 20:00:00+00:00,1,3
4cdc255e18e00e77fed6,86,60,test,2024-07-31 08:00:00+00:00,2024-07-31 10:00:00+00:00,1,2
3c25fc785b8899864d81,86,60,test,2024-07-31 17:00:00+00:00,2024-07-31 19:00:00+00:00,-1,0
7792e671b98a651dae0c,86,60,test,2024-07-31 20:00:00+00:00,2024-07-31 22:00:00+00:00,-1,0
7af5bac01ccc279ba156,86,60,test,2024-08-01 01:00:00+00:00,2024-08-01 10:00:00+00:00,-1,0
6b4c29cec0f40ae829d2,86,60,test,2024-08-02 10:00:00+00:00,2024-08-02 18:00:00+00:00,-1,0
77ccbfc5de0c0570161b,86,60,test,2024-08-04 18:00:00+00:00,2024-08-04 21:00:00+00:00,1,2
9a91af6291741f623400,86,60,test,2024-08-04 22:00:00+00:00,2024-08-05 01:00:00+00:00,-1,3
0deb8fea0d1fffe0ecaa,86,60,test,2024-08-05 09:00:00+00:00,2024-08-05 19:00:00+00:00,-1,0
ec75edbd558ec49b83b1,86,60,test,2024-08-06 16:00:00+00:00,2024-08-06 20:00:00+00:00,1,1
1b6d449af2b5c668d36f,86,60,test,2024-08-06 21:00:00+00:00,2024-08-07 01:00:00+00:00,-1,3
299ae9e1d62ea083eda1,86,60,test,2024-08-07 11:00:00+00:00,2024-08-07 15:00:00+00:00,-1,2
54d42b0e9be2408709eb,86,60,test,2024-08-07 20:00:00+00:00,2024-08-08 00:00:00+00:00,1,3
85a3b828aebaa0e7468a,86,60,test,2024-08-08 08:00:00+00:00,2024-08-08 11:00:00+00:00,1,2
afb1f9caee5ac5b2c880,86,60,test,2024-08-08 12:00:00+00:00,2024-08-08 15:00:00+00:00,1,3
0219397ae23915e6b9a2,86,60,test,2024-08-08 16:00:00+00:00,2024-08-09 00:00:00+00:00,-1,2
9eb83ba97e0378fff695,86,60,test,2024-08-09 04:00:00+00:00,2024-08-09 07:00:00+00:00,1,1
4e91c31ae25799f3bfde,86,60,test,2024-08-09 10:00:00+00:00,2024-08-09 12:00:00+00:00,1,3
075f2a483db293be1dab,86,60,test,2024-08-10 07:00:00+00:00,2024-08-10 09:00:00+00:00,-1,2
3d2d2b46f2487ed801bd,86,60,test,2024-08-10 11:00:00+00:00,2024-08-10 13:00:00+00:00,-1,3
02e852ac814d8d61bc75,86,60,test,2024-08-11 19:00:00+00:00,2024-08-11 21:00:00+00:00,-1,2
00092fb5eff4618b1a3e,86,60,test,2024-08-11 23:00:00+00:00,2024-08-12 01:00:00+00:00,1,3
2a411ae0ad0e30bbc594,86,60,test,2024-08-12 03:00:00+00:00,2024-08-12 06:00:00+00:00,-1,1
42b3b27ac741e412be86,86,60,test,2024-08-12 11:00:00+00:00,2024-08-12 15:00:00+00:00,-1,3
41c7575662b31d64ebac,86,60,test,2024-08-12 22:00:00+00:00,2024-08-13 10:00:00+00:00,-1,2
30b88cfcc000c0e109a0,86,60,test,2024-08-14 00:00:00+00:00,2024-08-14 02:00:00+00:00,-1,2
e22bc2e4566c1d00121a,86,60,test,2024-08-14 04:00:00+00:00,2024-08-14 09:00:00+00:00,-1,0
f72395b3811fe930b575,86,60,test,2024-08-14 18:00:00+00:00,2024-08-14 20:00:00+00:00,1,2
1f084087cc47ef6c499f,86,60,test,2024-08-15 22:00:00+00:00,2024-08-16 00:00:00+00:00,1,2
a2dcfa6fc82c26409551,86,60,test,2024-08-16 01:00:00+00:00,2024-08-16 05:00:00+00:00,-1,3
b6976554c01d3793b022,86,60,test,2024-08-16 17:00:00+00:00,2024-08-16 20:00:00+00:00,-1,0
ca071e9bcb5bc76a79d1,86,60,test,2024-08-17 02:00:00+00:00,2024-08-17 06:00:00+00:00,-1,0
af656fc95d69c5cac4ed,86,60,test,2024-08-17 17:00:00+00:00,2024-08-17 21:00:00+00:00,1,1
88d9f01856fc27e60a99,87,60,train,2024-02-26 18:00:00+00:00,2024-02-26 20:00:00+00:00,-1,2
683bf3a7d62f54b70695,87,60,train,2024-02-27 17:00:00+00:00,2024-02-27 20:00:00+00:00,-1,0
09802f93442ca5d79248,87,60,train,2024-02-28 16:00:00+00:00,2024-02-28 18:00:00+00:00,-1,2
42d6ad4024382dbeb938,87,60,train,2024-02-28 19:00:00+00:00,2024-02-28 21:00:00+00:00,-1,3
702819af07c03f2ad895,87,60,train,2024-03-03 13:00:00+00:00,2024-03-03 15:00:00+00:00,1,1
c403a22a38985e20d68d,87,60,train,2024-03-03 19:00:00+00:00,2024-03-03 21:00:00+00:00,-1,0
4357b734901a37304df3,87,60,train,2024-03-05 10:00:00+00:00,2024-03-05 13:00:00+00:00,1,1
471909a2b79845f0a7f4,87,60,train,2024-03-05 15:00:00+00:00,2024-03-05 18:00:00+00:00,1,3
b7ae1427a3c3366b09db,87,60,train,2024-03-06 17:00:00+00:00,2024-03-06 22:00:00+00:00,1,1
f2fe0d544010ad9309c8,87,60,train,2024-03-10 20:00:00+00:00,2024-03-10 22:00:00+00:00,1,2
2133e3bf45eda1627445,87,60,train,2024-03-11 11:00:00+00:00,2024-03-11 19:00:00+00:00,-1,2
cc611fdcef2c3fc6dea5,87,60,train,2024-03-11 20:00:00+00:00,2024-03-12 01:00:00+00:00,1,1
27960c8026ad8c6edb27,87,60,train,2024-03-13 21:00:00+00:00,2024-03-13 23:00:00+00:00,1,2
bc75455715a788c46d71,87,60,train,2024-03-14 13:00:00+00:00,2024-03-14 19:00:00+00:00,-1,0
6af74e84924b7c0b15f4,87,60,train,2024-03-15 21:00:00+00:00,2024-03-16 01:00:00+00:00,1,2
8d8ea2c076f882fe5e43,87,60,train,2024-03-16 02:00:00+00:00,2024-03-16 06:00:00+00:00,-1,0
388af737b3802ac98fd7,87,60,train,2024-03-17 08:00:00+00:00,2024-03-17 13:00:00+00:00,1,1
1228ef864a66f9355470,87,60,train,2024-03-27 11:00:00+00:00,2024-03-27 13:00:00+00:00,-1,2
7092014fa7b99a139952,87,60,train,2024-03-29 21:00:00+00:00,2024-03-30 03:00:00+00:00,-1,2
7beaf2411305d80f851e,87,60,train,2024-03-30 21:00:00+00:00,2024-03-30 23:00:00+00:00,-1,2
626541fc7e9d31b39aab,87,60,train,2024-04-04 21:00:00+00:00,2024-04-05 00:00:00+00:00,1,2
c4c2023cd599c832a73e,87,60,validation,2024-07-12 09:00:00+00:00,2024-07-12 12:00:00+00:00,-1,0
929775dc3249f281d2a5,87,60,validation,2024-07-12 16:00:00+00:00,2024-07-12 21:00:00+00:00,-1,0
923af3cb0b5889f4b4f3,87,60,validation,2024-07-13 15:00:00+00:00,2024-07-13 20:00:00+00:00,1,1
db53c5ab1bdaafc996af,87,60,test,2024-07-14 13:00:00+00:00,2024-07-14 16:00:00+00:00,1,1
cbc0effd88289cef69f9,87,60,test,2024-07-14 20:00:00+00:00,2024-07-14 22:00:00+00:00,-1,2
385f2e193be14415250e,87,60,test,2024-07-15 00:00:00+00:00,2024-07-15 05:00:00+00:00,-1,0
3f2f88e68a28a7345f31,87,60,test,2024-07-15 09:00:00+00:00,2024-07-15 12:00:00+00:00,-1,0
b2976f908fd801fe73e5,87,60,test,2024-07-15 16:00:00+00:00,2024-07-15 21:00:00+00:00,-1,0
ed8e4fbe18da6e70bab5,87,60,test,2024-07-16 15:00:00+00:00,2024-07-16 20:00:00+00:00,1,1
d7eaadb9eac467f79892,87,60,test,2024-07-17 02:00:00+00:00,2024-07-17 08:00:00+00:00,-1,0
8c182e58434e97431e22,87,60,test,2024-07-17 11:00:00+00:00,2024-07-18 01:00:00+00:00,1,1
a15da21091b76e68673b,87,60,test,2024-07-18 02:00:00+00:00,2024-07-18 06:00:00+00:00,0,3
1d9e652d6a719020cbd7,87,60,test,2024-07-18 18:00:00+00:00,2024-07-19 01:00:00+00:00,1,1
8a1b5fc7ad4711a3d57b,87,60,test,2024-07-19 02:00:00+00:00,2024-07-19 08:00:00+00:00,-1,0
2bca51ddd0f46c35ffd2,87,60,test,2024-07-19 12:00:00+00:00,2024-07-19 15:00:00+00:00,0,3
784de9079ba4f5dff2ef,87,60,test,2024-07-19 18:00:00+00:00,2024-07-20 01:00:00+00:00,1,1
f29e0e30e26e1bf3bdf3,87,60,test,2024-07-20 02:00:00+00:00,2024-07-20 10:00:00+00:00,-1,0
43dd806bcda28841f14c,87,60,test,2024-07-21 05:00:00+00:00,2024-07-21 10:00:00+00:00,1,1
ee7809b5d4d33ff34633,87,60,test,2024-07-21 14:00:00+00:00,2024-07-21 20:00:00+00:00,-1,0
a561b5683fa4169e5c89,87,60,test,2024-07-22 02:00:00+00:00,2024-07-22 04:00:00+00:00,1,2
73cc1690b2b1d6c77ad0,87,60,test,2024-07-22 06:00:00+00:00,2024-07-22 11:00:00+00:00,1,1
d72b3d8b2eb9c778a8f4,87,60,test,2024-07-22 15:00:00+00:00,2024-07-22 17:00:00+00:00,1,3
16fae24175c5b5e36b83,87,60,test,2024-07-22 21:00:00+00:00,2024-07-22 23:00:00+00:00,1,3
bb8ef930bdf39029780f,87,60,test,2024-07-23 06:00:00+00:00,2024-07-23 09:00:00+00:00,1,2
80af2de3a570ac3cfd40,87,60,test,2024-07-23 14:00:00+00:00,2024-07-24 00:00:00+00:00,-1,1
dbb75b15bfcc2267f52f,87,60,test,2024-07-24 18:00:00+00:00,2024-07-24 20:00:00+00:00,-1,2
94e96a42ca99fcb442ac,87,60,test,2024-07-24 22:00:00+00:00,2024-07-25 00:00:00+00:00,1,2
4ad2d2527f8bb369fbd3,87,60,test,2024-07-25 06:00:00+00:00,2024-07-25 09:00:00+00:00,-1,3
8784fcd78e961d3fd6c3,87,60,test,2024-07-25 20:00:00+00:00,2024-07-26 00:00:00+00:00,1,1
7262cdbb6f443b13e8cd,87,60,test,2024-07-26 01:00:00+00:00,2024-07-26 03:00:00+00:00,-1,3
78782d17b53432a4d60a,87,60,test,2024-07-26 04:00:00+00:00,2024-07-26 06:00:00+00:00,-1,3
b3b750f8c76d16bfd44a,87,60,test,2024-07-27 04:00:00+00:00,2024-07-27 08:00:00+00:00,1,1
edc7aadb2e4c1fc35a0c,87,60,test,2024-07-27 09:00:00+00:00,2024-07-27 12:00:00+00:00,1,3
fb5fa20331166bf61514,87,60,test,2024-07-27 15:00:00+00:00,2024-07-27 17:00:00+00:00,-1,3
f1e52c4dea14204d4b41,87,60,test,2024-07-27 18:00:00+00:00,2024-07-27 21:00:00+00:00,-1,2
f566efcd4b4c6c5031db,87,60,test,2024-07-27 23:00:00+00:00,2024-07-28 01:00:00+00:00,-1,3
5314e6f94fa766095ba1,87,60,test,2024-07-28 11:00:00+00:00,2024-07-28 20:00:00+00:00,-1,0
ae1eb816cb288aee612e,87,60,test,2024-07-29 02:00:00+00:00,2024-07-29 04:00:00+00:00,-1,3
f071dc41b819a99a580a,87,60,test,2024-07-29 08:00:00+00:00,2024-07-29 12:00:00+00:00,1,1
87f7249a535e738d2701,87,60,test,2024-07-29 13:00:00+00:00,2024-07-29 18:00:00+00:00,-1,0
a2d84c56581f9d5ac004,87,60,test,2024-07-30 06:00:00+00:00,2024-07-30 09:00:00+00:00,1,1
678994adf63732cdd054,87,60,test,2024-07-30 11:00:00+00:00,2024-07-30 13:00:00+00:00,1,1
5947ef8dafeb827d2686,87,60,test,2024-07-30 14:00:00+00:00,2024-07-30 20:00:00+00:00,-1,0
e18b68acb9f4f4dd3276,87,60,test,2024-07-31 17:00:00+00:00,2024-07-31 19:00:00+00:00,-1,0
fda2aa02a9d1376ccb05,87,60,test,2024-07-31 20:00:00+00:00,2024-07-31 22:00:00+00:00,-1,0
f6e498b05b5760060514,87,60,test,2024-08-01 04:00:00+00:00,2024-08-01 06:00:00+00:00,-1,3
7f218e64d0df3d6e0fda,87,60,test,2024-08-01 07:00:00+00:00,2024-08-01 09:00:00+00:00,1,3
f3548ce98104bf808db5,87,60,test,2024-08-02 10:00:00+00:00,2024-08-02 12:00:00+00:00,1,1
74f543cf22ee535bc35b,87,60,test,2024-08-02 13:00:00+00:00,2024-08-02 18:00:00+00:00,-1,0
0421e2b5194e1aea83b3,87,60,test,2024-08-04 18:00:00+00:00,2024-08-04 21:00:00+00:00,1,2
d70c408a678a0bca403e,87,60,test,2024-08-04 22:00:00+00:00,2024-08-05 01:00:00+00:00,-1,3
6378ab3445502b68c000,87,60,test,2024-08-05 09:00:00+00:00,2024-08-05 12:00:00+00:00,-1,2
cad0f31712b0c0e4ba07,87,60,test,2024-08-05 13:00:00+00:00,2024-08-05 18:00:00+00:00,-1,0
52f1345d5536d620f246,87,60,test,2024-08-06 16:00:00+00:00,2024-08-06 20:00:00+00:00,1,1
575deaf9c0ac031d82cf,87,60,test,2024-08-06 21:00:00+00:00,2024-08-07 00:00:00+00:00,-1,3
a24374fc06f2155891f7,87,60,test,2024-08-07 12:00:00+00:00,2024-08-07 15:00:00+00:00,1,1
5a67b541ddd56fca3482,87,60,test,2024-08-07 20:00:00+00:00,2024-08-08 00:00:00+00:00,-1,3
5d5c9ff0fa7c7d58c7d0,87,60,test,2024-08-08 08:00:00+00:00,2024-08-08 11:00:00+00:00,1,2
f263a6544d31292f3d75,87,60,test,2024-08-08 12:00:00+00:00,2024-08-08 15:00:00+00:00,1,3
b063a474c8cdefee5825,87,60,test,2024-08-08 16:00:00+00:00,2024-08-08 19:00:00+00:00,1,2
05ba67fe41d8a9f772c9,87,60,test,2024-08-08 20:00:00+00:00,2024-08-09 00:00:00+00:00,-1,3
865f0dd626fdbb1e65d3,87,60,test,2024-08-09 05:00:00+00:00,2024-08-09 07:00:00+00:00,1,2
71d445ced99de2588d80,87,60,test,2024-08-09 09:00:00+00:00,2024-08-09 11:00:00+00:00,-1,0
92d057d6a9f871944bf9,87,60,test,2024-08-11 19:00:00+00:00,2024-08-11 21:00:00+00:00,1,2
0aa82585d01b6cbade65,87,60,test,2024-08-11 23:00:00+00:00,2024-08-12 05:00:00+00:00,1,1
d873fe0bdfe1a8671d28,87,60,test,2024-08-12 06:00:00+00:00,2024-08-12 08:00:00+00:00,1,3
5aa32743338472665ad1,87,60,test,2024-08-12 09:00:00+00:00,2024-08-12 11:00:00+00:00,-1,0
e4b76b4e636dd352359d,87,60,test,2024-08-12 12:00:00+00:00,2024-08-12 15:00:00+00:00,-1,3
0339d9a7b1282aa05699,87,60,test,2024-08-12 22:00:00+00:00,2024-08-13 03:00:00+00:00,1,1
41e827c834c7dcb07e98,87,60,test,2024-08-13 04:00:00+00:00,2024-08-13 09:00:00+00:00,-1,0
8b5c58b8a52a5df84283,87,60,test,2024-08-14 00:00:00+00:00,2024-08-14 03:00:00+00:00,-1,2
230ae111a383f2c41057,87,60,test,2024-08-14 04:00:00+00:00,2024-08-14 06:00:00+00:00,-1,3
ca3e5e5777702ee582d1,87,60,test,2024-08-14 12:00:00+00:00,2024-08-14 14:00:00+00:00,1,3
bb52eb992141bc06f7ec,87,60,test,2024-08-15 22:00:00+00:00,2024-08-16 00:00:00+00:00,-1,2
2328ff82d9c7557a3f63,87,60,test,2024-08-16 01:00:00+00:00,2024-08-16 05:00:00+00:00,-1,3
098615e23846bd3c2d0d,87,60,test,2024-08-16 17:00:00+00:00,2024-08-16 19:00:00+00:00,-1,2
7cfa2c206b64767f101b,87,60,test,2024-08-17 01:00:00+00:00,2024-08-17 06:00:00+00:00,-1,0
7c8173302a21c7373c93,87,60,test,2024-08-17 17:00:00+00:00,2024-08-17 20:00:00+00:00,1,1
322640a33d413e408e26,88,60,train,2024-02-27 17:00:00+00:00,2024-02-27 20:00:00+00:00,-1,0
ba36dd6491f4093320c5,88,60,train,2024-02-28 16:00:00+00:00,2024-02-28 18:00:00+00:00,-1,2
10bbd2cef3fa8d0dd5ef,88,60,train,2024-02-28 19:00:00+00:00,2024-02-28 21:00:00+00:00,1,3
5b8edac9b063f0713a9d,88,60,train,2024-02-28 23:00:00+00:00,2024-02-29 01:00:00+00:00,-1,2
8a4bce20db78f6553f95,88,60,train,2024-03-03 13:00:00+00:00,2024-03-03 15:00:00+00:00,1,1
551ae7d6a0ef94310b5e,88,60,train,2024-03-03 19:00:00+00:00,2024-03-03 21:00:00+00:00,1,3
224673d191a197c6c526,88,60,train,2024-03-04 00:00:00+00:00,2024-03-04 02:00:00+00:00,1,2
a27ab5df35e735b80bc9,88,60,train,2024-03-05 10:00:00+00:00,2024-03-05 13:00:00+00:00,1,1
452f21ea752bb2638a31,88,60,train,2024-03-05 15:00:00+00:00,2024-03-05 18:00:00+00:00,1,3
bca6bd88653505a8f6a4,88,60,train,2024-03-05 22:00:00+00:00,2024-03-06 00:00:00+00:00,-1,2
a889fdafc853be5d2577,88,60,train,2024-03-06 17:00:00+00:00,2024-03-06 22:00:00+00:00,1,2
7221a2ad71e9b430cc2f,88,60,train,2024-03-10 19:00:00+00:00,2024-03-10 22:00:00+00:00,1,2
758eb9a08998562638b2,88,60,train,2024-03-10 23:00:00+00:00,2024-03-11 01:00:00+00:00,-1,2
25d7d904b480d1d4bc6e,88,60,train,2024-03-11 10:00:00+00:00,2024-03-11 19:00:00+00:00,-1,1
bf5d7b3477572d761f02,88,60,train,2024-03-11 21:00:00+00:00,2024-03-12 01:00:00+00:00,1,1
f7c4e75c471a71e4118b,88,60,train,2024-03-13 21:00:00+00:00,2024-03-14 00:00:00+00:00,-1,2
3d963bcfe5808d0db618,88,60,train,2024-03-14 17:00:00+00:00,2024-03-14 19:00:00+00:00,1,3
447d4b4e3c9984dce769,88,60,train,2024-03-15 20:00:00+00:00,2024-03-16 01:00:00+00:00,1,1
3410019db4c940b80e93,88,60,train,2024-03-16 02:00:00+00:00,2024-03-16 06:00:00+00:00,-1,0
60e6c02715e5d72c4763,88,60,train,2024-03-17 08:00:00+00:00,2024-03-17 13:00:00+00:00,1,2
cb7168b25db256d95c4e,88,60,train,2024-03-29 21:00:00+00:00,2024-03-30 01:00:00+00:00,1,1
669e357418339e7ce343,88,60,train,2024-03-30 21:00:00+00:00,2024-03-30 23:00:00+00:00,-1,2
5a44a07f8219ef3715be,88,60,train,2024-04-04 21:00:00+00:00,2024-04-05 00:00:00+00:00,-1,2
d70d449265d621552ffd,88,60,validation,2024-07-12 08:00:00+00:00,2024-07-12 11:00:00+00:00,-1,2
42e519980f9dda7d0b23,88,60,validation,2024-07-12 13:00:00+00:00,2024-07-12 15:00:00+00:00,-1,3
b77897cff9cd50f24a9c,88,60,validation,2024-07-12 18:00:00+00:00,2024-07-12 22:00:00+00:00,1,3
e9518326eab1499172f0,88,60,validation,2024-07-13 13:00:00+00:00,2024-07-13 19:00:00+00:00,1,1
6188ab36f5f6ebec3021,88,60,validation,2024-07-14 04:00:00+00:00,2024-07-14 08:00:00+00:00,1,3
29b0aac5d9cf786b1cb5,88,60,test,2024-07-15 08:00:00+00:00,2024-07-15 11:00:00+00:00,-1,2
12fff2c00e3e93095c25,88,60,test,2024-07-15 13:00:00+00:00,2024-07-15 15:00:00+00:00,-1,3
a465546924130d0835a6,88,60,test,2024-07-15 18:00:00+00:00,2024-07-15 22:00:00+00:00,1,3
846443e9cf8b3c8d039d,88,60,test,2024-07-16 13:00:00+00:00,2024-07-16 19:00:00+00:00,1,1
188a1f3bee4f4fbc234a,88,60,test,2024-07-17 04:00:00+00:00,2024-07-17 08:00:00+00:00,1,3
753d4a9f951eaa9c8ef4,88,60,test,2024-07-18 18:00:00+00:00,2024-07-19 01:00:00+00:00,1,1
a0d3d1efd009a5408e44,88,60,test,2024-07-19 02:00:00+00:00,2024-07-19 08:00:00+00:00,-1,0
0b5d792a89b930d0b4c5,88,60,test,2024-07-19 12:00:00+00:00,2024-07-19 15:00:00+00:00,-1,3
746133126320dde2ca04,88,60,test,2024-07-19 18:00:00+00:00,2024-07-20 01:00:00+00:00,1,1
93535a0cefaa888362f4,88,60,test,2024-07-20 02:00:00+00:00,2024-07-20 07:00:00+00:00,-1,0
6a6f92912dc28fec64ac,88,60,test,2024-07-21 05:00:00+00:00,2024-07-21 09:00:00+00:00,1,2
15f5647ce3a7eabb735a,88,60,test,2024-07-21 12:00:00+00:00,2024-07-21 16:00:00+00:00,1,1
4583d079af1b5792cc36,88,60,test,2024-07-21 17:00:00+00:00,2024-07-21 20:00:00+00:00,1,3
ee1fdf047ce84034584b,88,60,test,2024-07-22 02:00:00+00:00,2024-07-22 04:00:00+00:00,-1,2
11b08da551029a9ce0bb,88,60,test,2024-07-22 08:00:00+00:00,2024-07-22 11:00:00+00:00,-1,0
9b57028d6d455ea3da66,88,60,test,2024-07-22 12:00:00+00:00,2024-07-22 18:00:00+00:00,-1,0
c3d8d06d74a5355a312a,88,60,test,2024-07-22 21:00:00+00:00,2024-07-22 23:00:00+00:00,1,3
5a1fdca24d5bd9c5ac59,88,60,test,2024-07-23 07:00:00+00:00,2024-07-23 10:00:00+00:00,-1,2
9aca96eefeb50299a8c9,88,60,test,2024-07-23 12:00:00+00:00,2024-07-23 14:00:00+00:00,-1,3
f736116ac9495b944377,88,60,test,2024-07-23 17:00:00+00:00,2024-07-23 20:00:00+00:00,-1,2
6a1d47599eb41f3fe6cb,88,60,test,2024-07-23 21:00:00+00:00,2024-07-24 00:00:00+00:00,1,3
5b790d51b461a39ce136,88,60,test,2024-07-24 17:00:00+00:00,2024-07-24 20:00:00+00:00,1,2
6560b967f6aa18e17b1b,88,60,test,2024-07-24 22:00:00+00:00,2024-07-25 00:00:00+00:00,1,2
751243b718f7f4c1ab2b,88,60,test,2024-07-25 02:00:00+00:00,2024-07-25 04:00:00+00:00,-1,2
8c646272961b03c9f8d9,88,60,test,2024-07-25 06:00:00+00:00,2024-07-25 09:00:00+00:00,1,3
5ce68a1b6ab6e31bf526,88,60,test,2024-07-25 20:00:00+00:00,2024-07-26 00:00:00+00:00,-1,2
9ce0f6631d0dc2432c65,88,60,test,2024-07-26 01:00:00+00:00,2024-07-26 06:00:00+00:00,-1,0
c99a20d94dea2c645fdc,88,60,test,2024-07-27 04:00:00+00:00,2024-07-27 09:00:00+00:00,1,1
cd850a4af24aab485ccd,88,60,test,2024-07-27 10:00:00+00:00,2024-07-27 13:00:00+00:00,-1,3
2590ef380521b3ba31b5,88,60,test,2024-07-27 18:00:00+00:00,2024-07-27 21:00:00+00:00,1,2
6c32e291060c36ef33f4,88,60,test,2024-07-28 08:00:00+00:00,2024-07-28 19:00:00+00:00,-1,2
42202b7d1239be77f601,88,60,test,2024-07-29 02:00:00+00:00,2024-07-29 04:00:00+00:00,-1,3
d8cf8c9a81be34554feb,88,60,test,2024-07-29 09:00:00+00:00,2024-07-29 18:00:00+00:00,-1,0
4e150c8402cb0ee46171,88,60,test,2024-07-30 06:00:00+00:00,2024-07-30 11:00:00+00:00,1,2
b75d05e3226cd81bd6ee,88,60,test,2024-07-30 17:00:00+00:00,2024-07-30 21:00:00+00:00,1,3
b34bcd7453502e2fb941,88,60,test,2024-07-31 08:00:00+00:00,2024-07-31 10:00:00+00:00,1,2
035da8ca6efe813a2d6d,88,60,test,2024-07-31 19:00:00+00:00,2024-07-31 22:00:00+00:00,-1,2
95a10e977d1ff079edae,88,60,test,2024-08-02 10:00:00+00:00,2024-08-02 12:00:00+00:00,1,2
4d6e2113f924a245e5f2,88,60,test,2024-08-02 13:00:00+00:00,2024-08-02 18:00:00+00:00,-1,0
4d13ea03b4c22b7647dd,88,60,test,2024-08-04 19:00:00+00:00,2024-08-04 21:00:00+00:00,-1,2
5863ef47926fa7e74613,88,60,test,2024-08-04 22:00:00+00:00,2024-08-05 02:00:00+00:00,-1,3
308efca9e1adb66f081f,88,60,test,2024-08-05 09:00:00+00:00,2024-08-05 12:00:00+00:00,-1,1
593c09e3084f47f4b874,88,60,test,2024-08-05 14:00:00+00:00,2024-08-05 18:00:00+00:00,-1,0
306ac3bcc50d48fc74b5,88,60,test,2024-08-06 16:00:00+00:00,2024-08-06 20:00:00+00:00,1,1
fdd303891275467a86cd,88,60,test,2024-08-06 21:00:00+00:00,2024-08-07 01:00:00+00:00,1,3
5cdaca020ff2ef9622ca,88,60,test,2024-08-08 08:00:00+00:00,2024-08-08 11:00:00+00:00,1,2
1aa89127284e97035cca,88,60,test,2024-08-08 12:00:00+00:00,2024-08-08 15:00:00+00:00,1,3
54544590a0dbbe67ed6a,88,60,test,2024-08-08 16:00:00+00:00,2024-08-09 00:00:00+00:00,-1,2
2c305224849e76b70ece,88,60,test,2024-08-09 05:00:00+00:00,2024-08-09 07:00:00+00:00,-1,2
1b6c9d026ff7cc36208c,88,60,test,2024-08-11 19:00:00+00:00,2024-08-11 21:00:00+00:00,-1,2
58a34b5d9f9932f079ae,88,60,test,2024-08-11 23:00:00+00:00,2024-08-12 01:00:00+00:00,-1,3
838913bfe2db599d523f,88,60,test,2024-08-12 03:00:00+00:00,2024-08-12 05:00:00+00:00,1,2
fe4af516b96437d8a23d,88,60,test,2024-08-12 08:00:00+00:00,2024-08-12 10:00:00+00:00,1,1
72251dfc996305751c98,88,60,test,2024-08-12 12:00:00+00:00,2024-08-12 15:00:00+00:00,-1,3
6b8742118071f1725975,88,60,test,2024-08-12 20:00:00+00:00,2024-08-13 03:00:00+00:00,1,1
d267dd2791d3dfe666de,88,60,test,2024-08-13 04:00:00+00:00,2024-08-13 08:00:00+00:00,-1,3
cd554ec747431e58aa03,88,60,test,2024-08-13 22:00:00+00:00,2024-08-14 04:00:00+00:00,-1,2
986cb022dbcd34e5ae12,88,60,test,2024-08-14 12:00:00+00:00,2024-08-14 14:00:00+00:00,1,3
4a48a3fbe5f715fe9c10,88,60,test,2024-08-15 06:00:00+00:00,2024-08-15 09:00:00+00:00,-1,0
0b5080acbca1d7502259,88,60,test,2024-08-15 10:00:00+00:00,2024-08-15 13:00:00+00:00,-1,3
19998c8a957f01e6e4a3,88,60,test,2024-08-15 22:00:00+00:00,2024-08-16 05:00:00+00:00,-1,0
24dbc2b312677cbaf0c9,88,60,test,2024-08-16 21:00:00+00:00,2024-08-16 23:00:00+00:00,1,2
e451d5a7029216f36749,88,60,test,2024-08-17 01:00:00+00:00,2024-08-17 06:00:00+00:00,-1,0
7489903fedc0680fc719,88,60,test,2024-08-17 17:00:00+00:00,2024-08-17 21:00:00+00:00,1,2
5f168e8f3550b323e749,89,60,train,2024-02-27 18:00:00+00:00,2024-02-27 20:00:00+00:00,-1,0
ae64849aa242b119fa50,89,60,train,2024-02-28 16:00:00+00:00,2024-02-28 18:00:00+00:00,-1,2
54b31db6278b5cc7a58e,89,60,train,2024-02-28 19:00:00+00:00,2024-02-28 21:00:00+00:00,1,3
d676b1781d734df4ce7b,89,60,train,2024-02-28 23:00:00+00:00,2024-02-29 01:00:00+00:00,1,2
4d04e774f6080b391e09,89,60,train,2024-03-02 19:00:00+00:00,2024-03-02 21:00:00+00:00,1,2
e4ca5847cc58d6bfbce1,89,60,train,2024-03-03 13:00:00+00:00,2024-03-03 15:00:00+00:00,1,1
8c113e058c68c42f1365,89,60,train,2024-03-03 19:00:00+00:00,2024-03-03 21:00:00+00:00,1,1
c3f18bdb56cc4a84d5d5,89,60,train,2024-03-04 19:00:00+00:00,2024-03-04 21:00:00+00:00,1,3
bf8cc4610b098e0e76a8,89,60,train,2024-03-05 10:00:00+00:00,2024-03-05 13:00:00+00:00,1,1
4eb11c18efc241dc243d,89,60,train,2024-03-05 15:00:00+00:00,2024-03-05 18:00:00+00:00,1,3
e95ab9d24b46589200af,89,60,train,2024-03-05 22:00:00+00:00,2024-03-06 00:00:00+00:00,-1,2
ae3fe2fb4271ac452bc0,89,60,train,2024-03-06 17:00:00+00:00,2024-03-06 22:00:00+00:00,1,1
8f1f8ccd079b94328efa,89,60,train,2024-03-11 11:00:00+00:00,2024-03-11 19:00:00+00:00,-1,2
dfce8b4e30095abc09d2,89,60,train,2024-03-13 21:00:00+00:00,2024-03-13 23:00:00+00:00,1,2
ec5cc96820f4c7a99d26,89,60,train,2024-03-14 17:00:00+00:00,2024-03-14 19:00:00+00:00,1,3
167367ef7794f94c8bf8,89,60,train,2024-03-15 21:00:00+00:00,2024-03-16 01:00:00+00:00,1,2
4c9808350d9c5eaef40a,89,60,train,2024-03-16 02:00:00+00:00,2024-03-16 06:00:00+00:00,-1,3
39db7a89142e7b437bed,89,60,train,2024-03-17 08:00:00+00:00,2024-03-17 10:00:00+00:00,-1,2
11b80eb12b46dddaea18,89,60,train,2024-03-22 00:00:00+00:00,2024-03-22 02:00:00+00:00,1,2
aa62c4ad88ab1f8e9626,89,60,train,2024-03-28 12:00:00+00:00,2024-03-28 15:00:00+00:00,1,2
826687e2f6a9bd621565,89,60,train,2024-03-28 16:00:00+00:00,2024-03-28 19:00:00+00:00,1,3
a94ef956a9c4ec70e341,89,60,train,2024-03-29 21:00:00+00:00,2024-03-30 01:00:00+00:00,1,1
f1a40378bb2bb2497b65,89,60,train,2024-03-30 21:00:00+00:00,2024-03-30 23:00:00+00:00,-1,2
5a54024e08d040c4cda3,89,60,train,2024-04-04 21:00:00+00:00,2024-04-05 00:00:00+00:00,1,2
2686699c96a8e89714a0,89,60,train,2024-04-05 02:00:00+00:00,2024-04-05 07:00:00+00:00,-1,0
4579e4347aac671b4cb3,89,60,validation,2024-07-12 03:00:00+00:00,2024-07-12 05:00:00+00:00,1,1
623ac6b5216dffd0d3d9,89,60,validation,2024-07-12 09:00:00+00:00,2024-07-12 12:00:00+00:00,-1,0
58268e789aa3ef18aa5e,89,60,validation,2024-07-12 14:00:00+00:00,2024-07-12 22:00:00+00:00,-1,0
fa1e0dd809594970e811,89,60,validation,2024-07-13 14:00:00+00:00,2024-07-13 17:00:00+00:00,1,1
90c90cd397801179efa0,89,60,validation,2024-07-13 21:00:00+00:00,2024-07-14 01:00:00+00:00,-1,0
65af16a4ce5f6780da2f,89,60,validation,2024-07-14 04:00:00+00:00,2024-07-14 08:00:00+00:00,-1,3
f3af9641cc9e64924b3e,89,60,test,2024-07-15 00:00:00+00:00,2024-07-15 04:00:00+00:00,-1,0
e0ebfcd4f545e4b18de5,89,60,test,2024-07-15 09:00:00+00:00,2024-07-15 12:00:00+00:00,-1,0
116521ebdbb35301aca2,89,60,test,2024-07-15 14:00:00+00:00,2024-07-15 22:00:00+00:00,-1,0
f5b4d11dfb0230569157,89,60,test,2024-07-16 14:00:00+00:00,2024-07-16 17:00:00+00:00,1,1
b50dc02dd3b63ef4de2d,89,60,test,2024-07-16 21:00:00+00:00,2024-07-17 01:00:00+00:00,-1,0
b69f57c8c01a172ae2c1,89,60,test,2024-07-17 04:00:00+00:00,2024-07-17 08:00:00+00:00,-1,3
24358aff415ecfece520,89,60,test,2024-07-17 09:00:00+00:00,2024-07-17 11:00:00+00:00,-1,0
f231fe580e2c77d44901,89,60,test,2024-07-17 12:00:00+00:00,2024-07-18 05:00:00+00:00,1,1
b23776f77e6d3d42ebb0,89,60,test,2024-07-19 09:00:00+00:00,2024-07-19 12:00:00+00:00,-1,0
1cb58365e55162b5e9cd,89,60,test,2024-07-19 13:00:00+00:00,2024-07-19 15:00:00+00:00,0,3
90cd6e8bae9dd5b68874,89,60,test,2024-07-20 06:00:00+00:00,2024-07-20 10:00:00+00:00,1,1
fd3e0b252aeb1a836a29,89,60,test,2024-07-20 11:00:00+00:00,2024-07-20 14:00:00+00:00,-1,0
8492de2ed179e04ea544,89,60,test,2024-07-21 05:00:00+00:00,2024-07-21 09:00:00+00:00,1,1
b1500f17f0eab2cdbe91,89,60,test,2024-07-21 14:00:00+00:00,2024-07-21 20:00:00+00:00,-1,0
e15c82b6efb56d95a8f5,89,60,test,2024-07-22 02:00:00+00:00,2024-07-22 05:00:00+00:00,-1,0
2a1ee05db7ebe9445e0c,89,60,test,2024-07-22 09:00:00+00:00,2024-07-22 14:00:00+00:00,1,2
ec779a3cb8f83ef6e84e,89,60,test,2024-07-22 15:00:00+00:00,2024-07-23 00:00:00+00:00,-1,3
2abb5d28e6e6fa821d9a,89,60,test,2024-07-23 09:00:00+00:00,2024-07-23 12:00:00+00:00,-1,2
0cffd75a050042f7bd1f,89,60,test,2024-07-23 16:00:00+00:00,2024-07-24 00:00:00+00:00,-1,0
89f7a389f7544cb1f0ba,89,60,test,2024-07-24 17:00:00+00:00,2024-07-24 20:00:00+00:00,1,2
ce518c4f231d998b7d38,89,60,test,2024-07-24 22:00:00+00:00,2024-07-25 00:00:00+00:00,-1,2
66d6cdb5a76ff2a268d5,89,60,test,2024-07-25 06:00:00+00:00,2024-07-25 09:00:00+00:00,-1,3
986f357fb02fadb3f742,89,60,test,2024-07-25 20:00:00+00:00,2024-07-26 00:00:00+00:00,1,1
68a75d33517eca8d116a,89,60,test,2024-07-26 01:00:00+00:00,2024-07-26 06:00:00+00:00,-1,0
c1c0282fdeb4d3380d12,89,60,test,2024-07-27 04:00:00+00:00,2024-07-27 17:00:00+00:00,-1,1
1a9d671f2f95153ba100,89,60,test,2024-07-27 18:00:00+00:00,2024-07-27 21:00:00+00:00,-1,2
2c1e833fe6313b95f128,89,60,test,2024-07-27 23:00:00+00:00,2024-07-28 01:00:00+00:00,-1,3
253a9b3f6c54e628b0ab,89,60,test,2024-07-28 09:00:00+00:00,2024-07-28 14:00:00+00:00,1,1
abc14e705e2c4377efbc,89,60,test,2024-07-28 16:00:00+00:00,2024-07-28 19:00:00+00:00,-1,3
a72634ca0d9c2a22ca66,89,60,test,2024-07-29 02:00:00+00:00,2024-07-29 04:00:00+00:00,-1,3
2f87292128817a65a574,89,60,test,2024-07-29 08:00:00+00:00,2024-07-29 18:00:00+00:00,-1,2
44383803434e061987ca,89,60,test,2024-07-30 07:00:00+00:00,2024-07-30 09:00:00+00:00,-1,2
5ef0f8e00fa3bd724a9d,89,60,test,2024-07-30 13:00:00+00:00,2024-07-30 16:00:00+00:00,1,1
a183d0eb0d6444c0f81b,89,60,test,2024-07-30 17:00:00+00:00,2024-07-30 21:00:00+00:00,1,3
74a2af0eab0bf4e3aa6f,89,60,test,2024-07-31 08:00:00+00:00,2024-07-31 14:00:00+00:00,-1,2
19bc9e324a21c18cb3dc,89,60,test,2024-07-31 16:00:00+00:00,2024-07-31 18:00:00+00:00,1,1
a54b09d0e093caae0cc5,89,60,test,2024-07-31 20:00:00+00:00,2024-07-31 22:00:00+00:00,-1,0
907b3e2faf300cce4a44,89,60,test,2024-08-01 04:00:00+00:00,2024-08-01 06:00:00+00:00,1,3
b5c3bd3d8a14a187caec,89,60,test,2024-08-02 07:00:00+00:00,2024-08-02 09:00:00+00:00,1,2
1a2b6bb6713e50da76c1,89,60,test,2024-08-02 10:00:00+00:00,2024-08-02 13:00:00+00:00,1,3
09f814fd0090f5d2ec5b,89,60,test,2024-08-02 16:00:00+00:00,2024-08-02 18:00:00+00:00,-1,3
6617a2e87bd6b7d86659,89,60,test,2024-08-04 18:00:00+00:00,2024-08-04 21:00:00+00:00,1,2
2c3a0bd7470a017a4a3f,89,60,test,2024-08-04 22:00:00+00:00,2024-08-05 01:00:00+00:00,-1,3
f845b8f1d6e158540910,89,60,test,2024-08-05 10:00:00+00:00,2024-08-05 18:00:00+00:00,-1,0
eabb096c44852699cc5d,89,60,test,2024-08-06 17:00:00+00:00,2024-08-06 20:00:00+00:00,1,1
fc39a714e4dcf2d1655f,89,60,test,2024-08-06 21:00:00+00:00,2024-08-07 01:00:00+00:00,-1,3
e4de2b86683d021dd450,89,60,test,2024-08-07 11:00:00+00:00,2024-08-07 17:00:00+00:00,1,1
74e92e27ade01f89d2e8,89,60,test,2024-08-07 20:00:00+00:00,2024-08-08 00:00:00+00:00,1,3
75f7fe8927135d6dac3c,89,60,test,2024-08-08 08:00:00+00:00,2024-08-08 11:00:00+00:00,1,2
4546f48f454559fa3bbc,89,60,test,2024-08-08 12:00:00+00:00,2024-08-08 15:00:00+00:00,1,3
5d49933ab6de9a3c89c7,89,60,test,2024-08-08 16:00:00+00:00,2024-08-09 00:00:00+00:00,-1,2
2ae455b5960483d5daac,89,60,test,2024-08-09 05:00:00+00:00,2024-08-09 07:00:00+00:00,1,2
3e25a5d175e52e9d845f,89,60,test,2024-08-09 13:00:00+00:00,2024-08-09 15:00:00+00:00,-1,3
abf2a684119cc7d2d360,89,60,test,2024-08-10 07:00:00+00:00,2024-08-10 09:00:00+00:00,-1,2
3bc078b5a1392a7925a5,89,60,test,2024-08-11 19:00:00+00:00,2024-08-11 21:00:00+00:00,1,2
9363d2cedb771e4f4514,89,60,test,2024-08-11 23:00:00+00:00,2024-08-12 01:00:00+00:00,1,3
2f0fa6597261fae292c1,89,60,test,2024-08-12 02:00:00+00:00,2024-08-12 05:00:00+00:00,1,2
7ffd7223f5a60e8cd5e7,89,60,test,2024-08-12 08:00:00+00:00,2024-08-12 10:00:00+00:00,-1,2
c02ea4b234d36a3534c1,89,60,test,2024-08-12 11:00:00+00:00,2024-08-12 15:00:00+00:00,-1,3
cae3bc306f4b87b03813,89,60,test,2024-08-12 22:00:00+00:00,2024-08-13 09:00:00+00:00,-1,1
eb68aa5d9cf20f28804b,89,60,test,2024-08-13 22:00:00+00:00,2024-08-14 06:00:00+00:00,-1,2
b07b19f82877fdae0537,89,60,test,2024-08-14 12:00:00+00:00,2024-08-14 14:00:00+00:00,1,3
3a408beaa3344324379e,89,60,test,2024-08-15 21:00:00+00:00,2024-08-16 05:00:00+00:00,-1,2
df5bc3421fdecf860f21,89,60,test,2024-08-17 01:00:00+00:00,2024-08-17 05:00:00+00:00,-1,0
164cd3d3f2404742a3f1,89,60,test,2024-08-17 18:00:00+00:00,2024-08-17 20:00:00+00:00,1,2
2f62201bc634d25641cb,90,60,train,2024-02-27 00:00:00+00:00,2024-02-27 02:00:00+00:00,-1,2
1eb1cd5a44ca586714fc,90,60,train,2024-02-27 18:00:00+00:00,2024-02-27 20:00:00+00:00,-1,0
59fd5daf60175fafba11,90,60,train,2024-02-27 21:00:00+00:00,2024-02-28 01:00:00+00:00,-1,2
ccc900f5d163c46ae213,90,60,train,2024-02-28 19:00:00+00:00,2024-02-28 21:00:00+00:00,1,3
a962c0f6d53cf8c64309,90,60,train,2024-03-03 19:00:00+00:00,2024-03-03 21:00:00+00:00,-1,2
79483c8af0f343ab1183,90,60,train,2024-03-05 22:00:00+00:00,2024-03-06 00:00:00+00:00,-1,2
fd36cbb4d2900d0cb655,90,60,train,2024-03-06 17:00:00+00:00,2024-03-06 22:00:00+00:00,1,1
284e3911ec88d1c91621,90,60,train,2024-03-11 12:00:00+00:00,2024-03-11 14:00:00+00:00,-1,2
bbd884622542378a7802,90,60,train,2024-03-11 16:00:00+00:00,2024-03-11 19:00:00+00:00,1,3
68400f22a4bc463d8277,90,60,train,2024-03-14 16:00:00+00:00,2024-03-14 19:00:00+00:00,-1,3
7b7614173a6ee8eaaf1d,90,60,train,2024-03-15 21:00:00+00:00,2024-03-16 01:00:00+00:00,1,2
0ff5e832e8eb4d1359a0,90,60,train,2024-03-16 02:00:00+00:00,2024-03-16 06:00:00+00:00,1,3
b21d296bd085097159f5,90,60,train,2024-03-17 07:00:00+00:00,2024-03-17 11:00:00+00:00,-1,2
99d5a1ba3ae02510fab6,90,60,train,2024-03-22 00:00:00+00:00,2024-03-22 02:00:00+00:00,1,2
bf804448362f15c2f8f2,90,60,train,2024-03-29 22:00:00+00:00,2024-03-30 01:00:00+00:00,1,1
6f6ac5b94789d281836b,90,60,train,2024-03-30 21:00:00+00:00,2024-03-30 23:00:00+00:00,-1,2
9a4fd135f7c9e2b64c19,90,60,train,2024-03-31 20:00:00+00:00,2024-03-31 22:00:00+00:00,1,2
7156efdb313221c5dc7d,90,60,train,2024-04-04 21:00:00+00:00,2024-04-05 01:00:00+00:00,1,2
42bef75897fcc49047b0,90,60,validation,2024-07-12 08:00:00+00:00,2024-07-12 12:00:00+00:00,-1,2
7a6ca372238ecc5c2048,90,60,validation,2024-07-12 16:00:00+00:00,2024-07-12 21:00:00+00:00,-1,0
76e060fdff2572a06fc1,90,60,validation,2024-07-13 13:00:00+00:00,2024-07-13 19:00:00+00:00,1,1
9add2a24a91e50da7f66,90,60,test,2024-07-14 09:00:00+00:00,2024-07-14 11:00:00+00:00,1,1
717296ba7c1df1c22db8,90,60,test,2024-07-14 12:00:00+00:00,2024-07-14 14:00:00+00:00,1,1
5bc103d38a16224f13ce,90,60,test,2024-07-14 15:00:00+00:00,2024-07-14 19:00:00+00:00,1,1
6126e011cd9b4c7be207,90,60,test,2024-07-15 08:00:00+00:00,2024-07-15 12:00:00+00:00,-1,2
56c4652ce0727ef2ce89,90,60,test,2024-07-15 16:00:00+00:00,2024-07-15 21:00:00+00:00,-1,0
ffda9b746636679bdfb7,90,60,test,2024-07-16 13:00:00+00:00,2024-07-16 19:00:00+00:00,1,1
3d89e4908a9ffe4b62fd,90,60,test,2024-07-16 23:00:00+00:00,2024-07-17 03:00:00+00:00,1,2
21adf8afe981f3211595,90,60,test,2024-07-17 04:00:00+00:00,2024-07-17 08:00:00+00:00,1,3
192dfda792d31be9632f,90,60,test,2024-07-17 11:00:00+00:00,2024-07-17 13:00:00+00:00,1,3
46732198624f1963bf03,90,60,test,2024-07-17 14:00:00+00:00,2024-07-18 05:00:00+00:00,-1,0
e800748136161f083c2d,90,60,test,2024-07-18 17:00:00+00:00,2024-07-19 01:00:00+00:00,1,1
3fda0299be3e4c444786,90,60,test,2024-07-19 04:00:00+00:00,2024-07-19 10:00:00+00:00,1,3
c1bb4e2d5c1111cd0522,90,60,test,2024-07-19 12:00:00+00:00,2024-07-19 14:00:00+00:00,-1,0
9258fabd20d29c898b03,90,60,test,2024-07-19 16:00:00+00:00,2024-07-20 01:00:00+00:00,1,1
6fc5d290c44150bee928,90,60,test,2024-07-20 04:00:00+00:00,2024-07-20 09:00:00+00:00,1,3
0039a302441c07c3af53,90,60,test,2024-07-20 11:00:00+00:00,2024-07-20 13:00:00+00:00,-1,0
4fe6f53ab801c28e90f3,90,60,test,2024-07-21 05:00:00+00:00,2024-07-21 07:00:00+00:00,-1,2
77fbbb5f44aa9f7ccd12,90,60,test,2024-07-21 13:00:00+00:00,2024-07-21 20:00:00+00:00,-1,0
7b52ebea1f64248e5bb7,90,60,test,2024-07-22 02:00:00+00:00,2024-07-22 04:00:00+00:00,1,2
9c1c0039189c1d7905da,90,60,test,2024-07-22 06:00:00+00:00,2024-07-22 11:00:00+00:00,1,1
ae71da556cb1751d2aab,90,60,test,2024-07-22 15:00:00+00:00,2024-07-22 17:00:00+00:00,1,3
3bd89eab0ac654bc7ef6,90,60,test,2024-07-22 21:00:00+00:00,2024-07-23 00:00:00+00:00,1,3
67910f4c98175eb66972,90,60,test,2024-07-23 06:00:00+00:00,2024-07-23 08:00:00+00:00,1,2
b45a24c2e213d1206a3f,90,60,test,2024-07-23 15:00:00+00:00,2024-07-24 00:00:00+00:00,-1,1
136d1f2a9574a69c40f8,90,60,test,2024-07-24 18:00:00+00:00,2024-07-24 21:00:00+00:00,-1,2
4c2ae5a105274d973413,90,60,test,2024-07-24 22:00:00+00:00,2024-07-25 01:00:00+00:00,-1,2
5269364de5e9f98cd5a0,90,60,test,2024-07-25 06:00:00+00:00,2024-07-25 09:00:00+00:00,1,3
953d0bdc476039f394c9,90,60,test,2024-07-25 20:00:00+00:00,2024-07-26 00:00:00+00:00,1,1
deb1fa45988e366696aa,90,60,test,2024-07-26 01:00:00+00:00,2024-07-26 06:00:00+00:00,-1,0
77cf4f3c0844ee5c213b,90,60,test,2024-07-27 04:00:00+00:00,2024-07-27 13:00:00+00:00,-1,1
12e0ada930d543569263,90,60,test,2024-07-27 15:00:00+00:00,2024-07-27 17:00:00+00:00,-1,3
58bdfd964d237455ec96,90,60,test,2024-07-27 18:00:00+00:00,2024-07-27 21:00:00+00:00,-1,2
764d4f1d194fec2b4f3d,90,60,test,2024-07-27 22:00:00+00:00,2024-07-28 01:00:00+00:00,-1,3
d0d60f5290c88ca379d1,90,60,test,2024-07-28 11:00:00+00:00,2024-07-28 15:00:00+00:00,1,1
b5d469a9db92f24190fb,90,60,test,2024-07-28 16:00:00+00:00,2024-07-28 20:00:00+00:00,-1,3
b855915db63e2c50dcb9,90,60,test,2024-07-29 02:00:00+00:00,2024-07-29 04:00:00+00:00,-1,3
5d79769a35933905042e,90,60,test,2024-07-29 08:00:00+00:00,2024-07-29 12:00:00+00:00,1,2
eb7124a8887d8c528ed2,90,60,test,2024-07-29 14:00:00+00:00,2024-07-29 18:00:00+00:00,-1,3
ae03d883e7d8564d032e,90,60,test,2024-07-30 06:00:00+00:00,2024-07-30 11:00:00+00:00,1,2
f4071efc71c627ccc408,90,60,test,2024-07-30 15:00:00+00:00,2024-07-30 17:00:00+00:00,-1,0
022faa4ae91858ae5ca5,90,60,test,2024-07-30 18:00:00+00:00,2024-07-30 20:00:00+00:00,1,3
653d73404bfd9bb6be66,90,60,test,2024-07-31 08:00:00+00:00,2024-07-31 10:00:00+00:00,-1,2
29d849a507cbeca6dcec,90,60,test,2024-07-31 19:00:00+00:00,2024-07-31 22:00:00+00:00,-1,2
d74478620af9e12b4a0e,90,60,test,2024-08-01 04:00:00+00:00,2024-08-01 08:00:00+00:00,-1,3
a40eb54bb77e8ad93b1c,90,60,test,2024-08-01 16:00:00+00:00,2024-08-01 18:00:00+00:00,1,2
a712ef081d784ff975f2,90,60,test,2024-08-01 20:00:00+00:00,2024-08-01 22:00:00+00:00,1,3
61ebd89f77f7d5d79eee,90,60,test,2024-08-02 07:00:00+00:00,2024-08-02 09:00:00+00:00,1,1
d01b4f85454342304964,90,60,test,2024-08-02 12:00:00+00:00,2024-08-02 18:00:00+00:00,-1,0
7b1d8b8f95a880cbb32b,90,60,test,2024-08-03 19:00:00+00:00,2024-08-03 21:00:00+00:00,1,2
73e18ea0834ad3aacc73,90,60,test,2024-08-04 18:00:00+00:00,2024-08-05 02:00:00+00:00,-1,0
5d265113cc538f11f005,90,60,test,2024-08-05 10:00:00+00:00,2024-08-05 12:00:00+00:00,-1,0
0c3629e4afb8fb6b09f2,90,60,test,2024-08-05 14:00:00+00:00,2024-08-05 18:00:00+00:00,-1,3
8f375a46c4ca8c73a640,90,60,test,2024-08-06 16:00:00+00:00,2024-08-06 20:00:00+00:00,1,1
f4b89df90550be1a80fa,90,60,test,2024-08-06 21:00:00+00:00,2024-08-07 01:00:00+00:00,-1,3
517c7e73c7eca9298258,90,60,test,2024-08-07 11:00:00+00:00,2024-08-07 17:00:00+00:00,1,1
4891db76b480c2b2ad95,90,60,test,2024-08-07 20:00:00+00:00,2024-08-08 00:00:00+00:00,1,3
32c2db3b853706c88dd1,90,60,test,2024-08-08 08:00:00+00:00,2024-08-08 11:00:00+00:00,1,1
91f9ba7e6cd70f3699a7,90,60,test,2024-08-08 12:00:00+00:00,2024-08-08 15:00:00+00:00,1,3
a77540341bd851dc6349,90,60,test,2024-08-08 16:00:00+00:00,2024-08-08 19:00:00+00:00,1,1
c7d5fbddbb74ba51f52c,90,60,test,2024-08-08 21:00:00+00:00,2024-08-09 01:00:00+00:00,-1,3
06c21c3858d6e37c5e58,90,60,test,2024-08-09 13:00:00+00:00,2024-08-09 15:00:00+00:00,-1,3
73a6e34efbc24f7050fd,90,60,test,2024-08-10 01:00:00+00:00,2024-08-10 03:00:00+00:00,-1,3
c3b156184f22f155690e,90,60,test,2024-08-10 06:00:00+00:00,2024-08-10 08:00:00+00:00,1,1
1e0ae9bac1958fa4d9bd,90,60,test,2024-08-10 10:00:00+00:00,2024-08-10 12:00:00+00:00,-1,0
aa9877e95190922b878b,90,60,test,2024-08-11 19:00:00+00:00,2024-08-11 21:00:00+00:00,-1,2
5e6a8f1c213253bed177,90,60,test,2024-08-11 23:00:00+00:00,2024-08-12 02:00:00+00:00,1,3
c84841d8fd2df703d3cb,90,60,test,2024-08-12 03:00:00+00:00,2024-08-12 05:00:00+00:00,1,2
36e4672de3405dfb32f8,90,60,test,2024-08-12 09:00:00+00:00,2024-08-12 11:00:00+00:00,-1,2
8b95b9a0f6ca2f555742,90,60,test,2024-08-12 12:00:00+00:00,2024-08-12 15:00:00+00:00,-1,3
a39efda3a55f5197e4a4,90,60,test,2024-08-13 00:00:00+00:00,2024-08-13 03:00:00+00:00,-1,2
523651263feda98f4aaf,90,60,test,2024-08-13 04:00:00+00:00,2024-08-13 09:00:00+00:00,-1,0
64be623150a98c33728e,90,60,test,2024-08-13 15:00:00+00:00,2024-08-13 18:00:00+00:00,1,2
cc5e84c526cc8cc23627,90,60,test,2024-08-13 23:00:00+00:00,2024-08-14 02:00:00+00:00,-1,0
a31d460642329925296d,90,60,test,2024-08-14 07:00:00+00:00,2024-08-14 09:00:00+00:00,1,3
8b6023c896d100163c3b,90,60,test,2024-08-15 22:00:00+00:00,2024-08-16 05:00:00+00:00,-1,0
5db294946bcfa0f11a2d,90,60,test,2024-08-16 21:00:00+00:00,2024-08-16 23:00:00+00:00,-1,2
ff357ae1c6c0894adf9c,90,60,test,2024-08-17 01:00:00+00:00,2024-08-17 06:00:00+00:00,-1,0
2071190a73d812c462bf,90,60,test,2024-08-17 18:00:00+00:00,2024-08-17 22:00:00+00:00,1,2
6c22001d9160c1e25686,90,60,test,2024-08-18 01:00:00+00:00,2024-08-18 03:00:00+00:00,-1,3
1e23db22e4755406eaa5,91,60,train,2024-02-26 18:00:00+00:00,2024-02-26 20:00:00+00:00,1,3
9f397677ee38d88459f4,91,60,train,2024-02-26 22:00:00+00:00,2024-02-27 01:00:00+00:00,1,1
747d90dc9e81ad90446f,91,60,train,2024-02-27 18:00:00+00:00,2024-02-27 20:00:00+00:00,1,1
b78345a3e2216ce5e04d,91,60,train,2024-02-27 21:00:00+00:00,2024-02-27 23:00:00+00:00,-1,2
5322d7566ccf7ece35cb,91,60,train,2024-02-28 18:00:00+00:00,2024-02-28 20:00:00+00:00,-1,0
6b49f72ac794e3def9b5,91,60,train,2024-02-28 21:00:00+00:00,2024-02-29 00:00:00+00:00,1,3
090c20c786b2e0a2578d,91,60,train,2024-03-03 14:00:00+00:00,2024-03-03 16:00:00+00:00,1,2
0acc1f1e4a8457581b7f,91,60,train,2024-03-03 17:00:00+00:00,2024-03-03 19:00:00+00:00,1,1
187848ba4a73414d62ed,91,60,train,2024-03-04 22:00:00+00:00,2024-03-05 00:00:00+00:00,-1,2
eaadf089a6bede0ba39a,91,60,train,2024-03-05 15:00:00+00:00,2024-03-05 18:00:00+00:00,-1,3
40ea4a0642c26bd82bb3,91,60,train,2024-03-05 23:00:00+00:00,2024-03-06 01:00:00+00:00,-1,2
52e8a872a48f94d3d7a2,91,60,train,2024-03-07 11:00:00+00:00,2024-03-07 14:00:00+00:00,1,2
b2b0dfc5a18262ba05d8,91,60,train,2024-03-11 22:00:00+00:00,2024-03-12 01:00:00+00:00,-1,2
ff2f8222f0093f4d0b72,91,60,train,2024-03-13 18:00:00+00:00,2024-03-13 22:00:00+00:00,1,2
5bc00e43382c1807a802,91,60,train,2024-03-14 15:00:00+00:00,2024-03-14 18:00:00+00:00,1,3
63d745392ffe6c3b6622,91,60,train,2024-03-15 20:00:00+00:00,2024-03-16 01:00:00+00:00,1,1
1b70f4654aac449cf3da,91,60,train,2024-03-16 19:00:00+00:00,2024-03-16 22:00:00+00:00,1,3
8dc155f64939b4e461c2,91,60,train,2024-03-16 23:00:00+00:00,2024-03-17 01:00:00+00:00,1,2
5e64d3660baf35f9c2a9,91,60,train,2024-03-21 20:00:00+00:00,2024-03-22 02:00:00+00:00,1,1
272d06dc1933daa264f2,91,60,train,2024-03-22 23:00:00+00:00,2024-03-23 01:00:00+00:00,1,1
c03756a751153bf898d9,91,60,train,2024-04-03 20:00:00+00:00,2024-04-03 23:00:00+00:00,1,1
0decc2b48d15d05a852b,91,60,train,2024-04-04 13:00:00+00:00,2024-04-04 17:00:00+00:00,-1,2
70b376dab44c05ee89cf,91,60,validation,2024-07-12 06:00:00+00:00,2024-07-12 10:00:00+00:00,-1,2
9e23bb121f29fb219945,91,60,validation,2024-07-12 12:00:00+00:00,2024-07-12 14:00:00+00:00,-1,0
16f0573e505e94aa8a46,91,60,validation,2024-07-12 18:00:00+00:00,2024-07-12 21:00:00+00:00,-1,3
a825b0e164da8c3a89b7,91,60,validation,2024-07-13 15:00:00+00:00,2024-07-13 19:00:00+00:00,-1,2
75b19f6b4fde3df863c7,91,60,test,2024-07-14 10:00:00+00:00,2024-07-14 14:00:00+00:00,-1,2
6e9327957526cd198c05,91,60,test,2024-07-14 15:00:00+00:00,2024-07-14 19:00:00+00:00,-1,2
7226fe1476788e9ea729,91,60,test,2024-07-14 21:00:00+00:00,2024-07-14 23:00:00+00:00,1,3
03441e35d36ffe1b09d5,91,60,test,2024-07-15 01:00:00+00:00,2024-07-15 05:00:00+00:00,1,3
f8987c95b70929456c73,91,60,test,2024-07-15 06:00:00+00:00,2024-07-15 10:00:00+00:00,-1,2
8aee6aa3897fa9828a39,91,60,test,2024-07-15 12:00:00+00:00,2024-07-15 14:00:00+00:00,-1,0
e23c4abd7e2f5fb3be25,91,60,test,2024-07-15 18:00:00+00:00,2024-07-15 21:00:00+00:00,-1,3
6eb3c4db3a2a5253ac20,91,60,test,2024-07-16 15:00:00+00:00,2024-07-16 19:00:00+00:00,-1,2
a1c169e47aca20622b89,91,60,test,2024-07-16 23:00:00+00:00,2024-07-17 02:00:00+00:00,1,3
4a08769544d8aaaed493,91,60,test,2024-07-17 03:00:00+00:00,2024-07-17 08:00:00+00:00,-1,0
e32f7363fefca1e1f437,91,60,test,2024-07-17 13:00:00+00:00,2024-07-17 21:00:00+00:00,-1,0
f09afa632919026b9e13,91,60,test,2024-07-18 02:00:00+00:00,2024-07-18 04:00:00+00:00,1,3
2a5364555783b45b6efb,91,60,test,2024-07-18 13:00:00+00:00,2024-07-18 16:00:00+00:00,1,1
1941e8033d7ced70e1d5,91,60,test,2024-07-18 18:00:00+00:00,2024-07-18 20:00:00+00:00,-1,3
8a7f547f947773d08271,91,60,test,2024-07-19 00:00:00+00:00,2024-07-19 03:00:00+00:00,-1,2
b3159b8d198d6a7fdf26,91,60,test,2024-07-19 04:00:00+00:00,2024-07-19 06:00:00+00:00,1,3
6c03fc05da5b14b9e494,91,60,test,2024-07-19 07:00:00+00:00,2024-07-19 16:00:00+00:00,1,2
af28aaedb36228813c90,91,60,test,2024-07-19 18:00:00+00:00,2024-07-19 20:00:00+00:00,-1,3
311817f21d21e725aaab,91,60,test,2024-07-20 00:00:00+00:00,2024-07-20 03:00:00+00:00,-1,2
4a2bd867e608b0023f17,91,60,test,2024-07-20 04:00:00+00:00,2024-07-20 06:00:00+00:00,1,3
1b8ec91e27b7061a40bb,91,60,test,2024-07-21 06:00:00+00:00,2024-07-21 10:00:00+00:00,1,1
a22eecceac5d09bd0b3f,91,60,test,2024-07-21 11:00:00+00:00,2024-07-21 13:00:00+00:00,1,3
77453dc9004835dbaab8,91,60,test,2024-07-21 17:00:00+00:00,2024-07-21 20:00:00+00:00,1,3
bd2294fb7bf3603018d4,91,60,test,2024-07-22 06:00:00+00:00,2024-07-22 10:00:00+00:00,0,2
48925a415739b6843b8b,91,60,test,2024-07-22 15:00:00+00:00,2024-07-22 19:00:00+00:00,1,3
b1e9309a5ec077e7c646,91,60,test,2024-07-23 07:00:00+00:00,2024-07-23 10:00:00+00:00,-1,0
3132f7469afa3473d4ac,91,60,test,2024-07-23 16:00:00+00:00,2024-07-24 00:00:00+00:00,-1,0
2125bd10fa9277fc5b44,91,60,test,2024-07-24 17:00:00+00:00,2024-07-24 20:00:00+00:00,1,2
6ccb857ab41d4460104d,91,60,test,2024-07-25 06:00:00+00:00,2024-07-25 09:00:00+00:00,-1,3
a43cbd82dcadc758f9a0,91,60,test,2024-07-25 20:00:00+00:00,2024-07-25 23:00:00+00:00,-1,2
27d550301d430a646392,91,60,test,2024-07-26 00:00:00+00:00,2024-07-26 05:00:00+00:00,-1,0
218f3135e01988758668,91,60,test,2024-07-27 05:00:00+00:00,2024-07-27 16:00:00+00:00,-1,0
98e6a861a22856069bb7,91,60,test,2024-07-28 11:00:00+00:00,2024-07-28 15:00:00+00:00,1,1
6168d4935bc0bbafb923,91,60,test,2024-07-28 16:00:00+00:00,2024-07-28 20:00:00+00:00,-1,3
9d090d2acf6b39804391,91,60,test,2024-07-29 09:00:00+00:00,2024-07-29 12:00:00+00:00,-1,2
55de376e0a4f0bc835b5,91,60,test,2024-07-29 13:00:00+00:00,2024-07-29 16:00:00+00:00,-1,3
eb01d1797be5909a19de,91,60,test,2024-07-30 07:00:00+00:00,2024-07-30 11:00:00+00:00,1,1
92b2cfb0759bd55a2c50,91,60,test,2024-07-30 17:00:00+00:00,2024-07-30 20:00:00+00:00,1,3
bcf176b3ab0f8f803e58,91,60,test,2024-07-31 02:00:00+00:00,2024-07-31 05:00:00+00:00,-1,0
f190577ad86456f0c09f,91,60,test,2024-07-31 07:00:00+00:00,2024-07-31 10:00:00+00:00,1,2
dccee4e6b56b3d418120,91,60,test,2024-07-31 12:00:00+00:00,2024-07-31 14:00:00+00:00,-1,3
73a70eadaecbfbfdc362,91,60,test,2024-07-31 16:00:00+00:00,2024-07-31 18:00:00+00:00,1,2
b0fa0aa088b19ef48c16,91,60,test,2024-07-31 21:00:00+00:00,2024-08-01 00:00:00+00:00,1,1
a3894ba6dd29592b7c9f,91,60,test,2024-08-01 03:00:00+00:00,2024-08-01 09:00:00+00:00,-1,0
656d3b38d4ce2c844de5,91,60,test,2024-08-02 06:00:00+00:00,2024-08-02 12:00:00+00:00,-1,0
d2b148b9eaeccaa219c3,91,60,test,2024-08-02 14:00:00+00:00,2024-08-02 17:00:00+00:00,-1,3
935af43f3d1e56279eab,91,60,test,2024-08-03 19:00:00+00:00,2024-08-03 21:00:00+00:00,-1,2
bf0f95c6744e8c992f41,91,60,test,2024-08-04 22:00:00+00:00,2024-08-05 01:00:00+00:00,-1,3
1e9c06fe9764b961c50b,91,60,test,2024-08-05 10:00:00+00:00,2024-08-05 13:00:00+00:00,-1,2
aa87b19145f405695d15,91,60,test,2024-08-05 14:00:00+00:00,2024-08-05 18:00:00+00:00,-1,3
c7905750d29764b6d949,91,60,test,2024-08-06 22:00:00+00:00,2024-08-07 00:00:00+00:00,1,3
8ef1f6004b0d6da75ec8,91,60,test,2024-08-07 11:00:00+00:00,2024-08-07 16:00:00+00:00,1,1
9401daf96c8626f4152e,91,60,test,2024-08-07 19:00:00+00:00,2024-08-08 00:00:00+00:00,-1,0
e4179456296d1d972aec,91,60,test,2024-08-08 08:00:00+00:00,2024-08-08 11:00:00+00:00,-1,2
c6501bdfca7d7012c4dc,91,60,test,2024-08-08 12:00:00+00:00,2024-08-08 15:00:00+00:00,1,3
256ab572f726648c2d34,91,60,test,2024-08-09 04:00:00+00:00,2024-08-09 07:00:00+00:00,1,2
49d98a053f467e2e9e25,91,60,test,2024-08-12 02:00:00+00:00,2024-08-12 05:00:00+00:00,-1,2
0e0b1640e00440718069,91,60,test,2024-08-12 11:00:00+00:00,2024-08-12 15:00:00+00:00,-1,3
6f681d1207a92d521d2b,91,60,test,2024-08-12 22:00:00+00:00,2024-08-13 03:00:00+00:00,1,1
fcedaeefb625f8da44ea,91,60,test,2024-08-13 04:00:00+00:00,2024-08-13 09:00:00+00:00,-1,0
80c54c188c038c224603,91,60,test,2024-08-13 23:00:00+00:00,2024-08-14 07:00:00+00:00,-1,2
c9a91569789118fd3cf0,91,60,test,2024-08-14 12:00:00+00:00,2024-08-14 14:00:00+00:00,-1,3
d1ea51b41c8d2188bdbb,91,60,test,2024-08-16 17:00:00+00:00,2024-08-16 19:00:00+00:00,1,2
cdd15b52ca5d6ed97398,91,60,test,2024-08-16 23:00:00+00:00,2024-08-17 01:00:00+00:00,-1,2
3691dda5967265b85920,91,60,test,2024-08-17 02:00:00+00:00,2024-08-17 06:00:00+00:00,-1,0
677040603a8a64a44368,91,60,test,2024-08-17 18:00:00+00:00,2024-08-17 21:00:00+00:00,-1,2
7359abded71cfb3e6a0f,92,60,train,2024-02-26 18:00:00+00:00,2024-02-26 21:00:00+00:00,1,2
1c43c234082c10b387fc,92,60,train,2024-02-26 23:00:00+00:00,2024-02-27 01:00:00+00:00,1,2
8c1c7970dbc17e86d9f2,92,60,train,2024-02-28 16:00:00+00:00,2024-02-28 20:00:00+00:00,1,1
c4eb9a80e2e269a39e04,92,60,train,2024-02-28 21:00:00+00:00,2024-02-29 00:00:00+00:00,-1,3
daa98fadf05bafc58ece,92,60,train,2024-03-03 14:00:00+00:00,2024-03-03 19:00:00+00:00,1,1
fce45942542eaa0b2ad4,92,60,train,2024-03-04 22:00:00+00:00,2024-03-05 00:00:00+00:00,-1,2
c56ba6b8e2af5b44ff3a,92,60,train,2024-03-05 10:00:00+00:00,2024-03-05 13:00:00+00:00,1,2
461470daddb1396c57f5,92,60,train,2024-03-05 14:00:00+00:00,2024-03-05 18:00:00+00:00,-1,3
3762f581f454e8595bd4,92,60,train,2024-03-05 23:00:00+00:00,2024-03-06 01:00:00+00:00,-1,2
24e192d2a346cda8390f,92,60,train,2024-03-11 22:00:00+00:00,2024-03-12 01:00:00+00:00,-1,2
5ec2dd91fd087e116e87,92,60,train,2024-03-13 18:00:00+00:00,2024-03-13 22:00:00+00:00,1,2
e26a3ea66a364b91e726,92,60,train,2024-03-14 15:00:00+00:00,2024-03-14 17:00:00+00:00,-1,3
f486d697e4c363754a04,92,60,train,2024-03-15 20:00:00+00:00,2024-03-16 01:00:00+00:00,1,1
f61e822a212c8ff65f78,92,60,train,2024-03-16 02:00:00+00:00,2024-03-16 06:00:00+00:00,-1,0
d7bdda809eecbf7cd4df,92,60,train,2024-03-16 19:00:00+00:00,2024-03-17 01:00:00+00:00,1,3
3aca65bb6fd64291ee88,92,60,train,2024-03-17 04:00:00+00:00,2024-03-17 06:00:00+00:00,-1,3
7b5613bfabd12ecb7127,92,60,train,2024-03-17 08:00:00+00:00,2024-03-17 12:00:00+00:00,1,2
5fdc0a5723edc7004514,92,60,train,2024-03-21 20:00:00+00:00,2024-03-22 02:00:00+00:00,1,1
1e4bf2fed084f60e8673,92,60,train,2024-03-26 10:00:00+00:00,2024-03-26 12:00:00+00:00,1,2
ac4de19c7eaf394eb06c,92,60,train,2024-04-04 12:00:00+00:00,2024-04-04 19:00:00+00:00,-1,2
8f89d3e971da55238173,92,60,validation,2024-07-11 10:00:00+00:00,2024-07-11 12:00:00+00:00,1,2
fa8b6dc811cf36274c56,92,60,validation,2024-07-12 06:00:00+00:00,2024-07-12 09:00:00+00:00,1,2
b8bef80909ab9d4a3f52,92,60,validation,2024-07-12 19:00:00+00:00,2024-07-12 21:00:00+00:00,1,3
c1852264c24ceb689b43,92,60,validation,2024-07-13 15:00:00+00:00,2024-07-13 19:00:00+00:00,-1,2
9ceda5580ee06ccca889,92,60,test,2024-07-14 10:00:00+00:00,2024-07-14 17:00:00+00:00,1,1
66ba2edeb88c592f7b60,92,60,test,2024-07-14 21:00:00+00:00,2024-07-14 23:00:00+00:00,-1,3
55bd3b8901f0cc46cb5c,92,60,test,2024-07-15 01:00:00+00:00,2024-07-15 05:00:00+00:00,1,3
e43bebbcce8cd0723d47,92,60,test,2024-07-15 06:00:00+00:00,2024-07-15 09:00:00+00:00,1,2
ed2b50398bbf636cdf4d,92,60,test,2024-07-15 19:00:00+00:00,2024-07-15 21:00:00+00:00,1,3
ebe1c7dd566e2bdc7056,92,60,test,2024-07-16 15:00:00+00:00,2024-07-16 19:00:00+00:00,-1,2
a9351c28946cbda5c174,92,60,test,2024-07-16 22:00:00+00:00,2024-07-17 01:00:00+00:00,-1,3
d6ecd613417ab36b211f,92,60,test,2024-07-17 05:00:00+00:00,2024-07-17 08:00:00+00:00,-1,3
3d08f0c573822deb77b9,92,60,test,2024-07-17 13:00:00+00:00,2024-07-18 00:00:00+00:00,1,0
ff43a612f09c07f1869b,92,60,test,2024-07-18 01:00:00+00:00,2024-07-18 04:00:00+00:00,-1,3
2b45bfb7e5662226ec4d,92,60,test,2024-07-18 13:00:00+00:00,2024-07-18 16:00:00+00:00,1,1
aeb18f1a8c8e65b914b2,92,60,test,2024-07-18 18:00:00+00:00,2024-07-18 20:00:00+00:00,1,3
68a51666d880e87b0e24,92,60,test,2024-07-18 22:00:00+00:00,2024-07-19 02:00:00+00:00,1,2
d8c09430a43aa9886743,92,60,test,2024-07-19 07:00:00+00:00,2024-07-19 10:00:00+00:00,1,1
53957c30d7613d7ae497,92,60,test,2024-07-19 11:00:00+00:00,2024-07-19 16:00:00+00:00,1,3
c174d30ad4600c712fda,92,60,test,2024-07-19 18:00:00+00:00,2024-07-19 20:00:00+00:00,1,3
c7fd06bed0db85dbd3dc,92,60,test,2024-07-19 22:00:00+00:00,2024-07-20 02:00:00+00:00,1,2
d5c046fe4c600eb367f0,92,60,test,2024-07-20 03:00:00+00:00,2024-07-20 06:00:00+00:00,-1,3
fb49f9b9abc60b108aef,92,60,test,2024-07-21 06:00:00+00:00,2024-07-21 09:00:00+00:00,1,1
d4c17be96298cc54358b,92,60,test,2024-07-21 11:00:00+00:00,2024-07-21 13:00:00+00:00,1,3
9aed841ac3822a312618,92,60,test,2024-07-21 17:00:00+00:00,2024-07-21 19:00:00+00:00,1,3
e9585d78069de42ae959,92,60,test,2024-07-22 07:00:00+00:00,2024-07-22 13:00:00+00:00,-1,0
c9c81a582edfbe67c624,92,60,test,2024-07-22 15:00:00+00:00,2024-07-22 17:00:00+00:00,1,3
89a05389b62e45be2dfb,92,60,test,2024-07-23 07:00:00+00:00,2024-07-23 10:00:00+00:00,1,2
e9a99d604965a54ecd90,92,60,test,2024-07-23 15:00:00+00:00,2024-07-24 00:00:00+00:00,-1,1
6dc11aeef08a4554c11e,92,60,test,2024-07-25 06:00:00+00:00,2024-07-25 09:00:00+00:00,1,3
0c054e81137803c18854,92,60,test,2024-07-25 20:00:00+00:00,2024-07-25 23:00:00+00:00,-1,2
e3c549e9fccac27e3a20,92,60,test,2024-07-26 00:00:00+00:00,2024-07-26 03:00:00+00:00,-1,3
408fb5ca7f0230e1211f,92,60,test,2024-07-27 04:00:00+00:00,2024-07-27 13:00:00+00:00,1,1
5211d012dce446ae4e49,92,60,test,2024-07-27 15:00:00+00:00,2024-07-27 17:00:00+00:00,-1,3
7529455268208d0f557b,92,60,test,2024-07-28 11:00:00+00:00,2024-07-28 15:00:00+00:00,1,1
6bd49ede3bccc18d2e63,92,60,test,2024-07-28 16:00:00+00:00,2024-07-28 21:00:00+00:00,-1,0
25d50b52e60673fa4212,92,60,test,2024-07-29 09:00:00+00:00,2024-07-29 12:00:00+00:00,1,2
69da875ab8ad3cd8229f,92,60,test,2024-07-29 13:00:00+00:00,2024-07-29 17:00:00+00:00,-1,3
fac2a167cc434ac69203,92,60,test,2024-07-30 07:00:00+00:00,2024-07-30 11:00:00+00:00,1,2
09811fc08f2607fc32c8,92,60,test,2024-07-30 15:00:00+00:00,2024-07-30 20:00:00+00:00,-1,0
9f433bdca9f3855aa124,92,60,test,2024-07-31 07:00:00+00:00,2024-07-31 11:00:00+00:00,1,2
61732cb78f91fdb70994,92,60,test,2024-07-31 12:00:00+00:00,2024-07-31 14:00:00+00:00,-1,3
02300b48afac6dc56fec,92,60,test,2024-07-31 17:00:00+00:00,2024-07-31 19:00:00+00:00,1,3
a0a2943334e3f4742af2,92,60,test,2024-07-31 21:00:00+00:00,2024-07-31 23:00:00+00:00,1,3
063686f54e633d369509,92,60,test,2024-08-01 01:00:00+00:00,2024-08-01 03:00:00+00:00,-1,2
eee823eafacdc8a96c58,92,60,test,2024-08-01 07:00:00+00:00,2024-08-01 09:00:00+00:00,-1,3
cb764fcae095165eb014,92,60,test,2024-08-02 10:00:00+00:00,2024-08-02 12:00:00+00:00,1,2
a0bc4d9e0d3be7ed0bcb,92,60,test,2024-08-02 13:00:00+00:00,2024-08-02 18:00:00+00:00,-1,0
8568d0e6bb4c64284d68,92,60,test,2024-08-03 19:00:00+00:00,2024-08-03 21:00:00+00:00,1,2
b692a460feeb9b8bd0f8,92,60,test,2024-08-05 09:00:00+00:00,2024-08-05 17:00:00+00:00,-1,0
f78e72d699c9abca166f,92,60,test,2024-08-07 16:00:00+00:00,2024-08-07 20:00:00+00:00,1,1
e29ae381b652632feb72,92,60,test,2024-08-07 21:00:00+00:00,2024-08-08 00:00:00+00:00,1,3
9610247dac9da380e924,92,60,test,2024-08-08 08:00:00+00:00,2024-08-08 10:00:00+00:00,-1,2
d045db97d1e2735c0dee,92,60,test,2024-08-08 12:00:00+00:00,2024-08-08 15:00:00+00:00,-1,3
57f13be845288c75042e,92,60,test,2024-08-12 02:00:00+00:00,2024-08-12 10:00:00+00:00,1,2
7b92bdc02f1a4cde9cfd,92,60,test,2024-08-12 11:00:00+00:00,2024-08-12 15:00:00+00:00,-1,3
5bde0c59cf76b869a649,92,60,test,2024-08-12 22:00:00+00:00,2024-08-13 03:00:00+00:00,1,1
b3f8e0126c08b2c9492d,92,60,test,2024-08-13 05:00:00+00:00,2024-08-13 09:00:00+00:00,-1,3
38dd95223610ede6d456,92,60,test,2024-08-13 22:00:00+00:00,2024-08-14 02:00:00+00:00,-1,2
9c20eba5c0ff6b49d6b6,92,60,test,2024-08-14 03:00:00+00:00,2024-08-14 05:00:00+00:00,-1,3
c932cccdc0d69b8b5876,92,60,test,2024-08-14 06:00:00+00:00,2024-08-14 10:00:00+00:00,1,1
d3afe72efaecced6c95e,92,60,test,2024-08-14 12:00:00+00:00,2024-08-14 14:00:00+00:00,-1,3
9bc98ceea9bba97791e7,92,60,test,2024-08-15 04:00:00+00:00,2024-08-15 06:00:00+00:00,0,3
c736b31dffc664b70921,92,60,test,2024-08-15 07:00:00+00:00,2024-08-15 09:00:00+00:00,1,2
5e5a9f639ae04df43aad,92,60,test,2024-08-15 11:00:00+00:00,2024-08-15 13:00:00+00:00,-1,3
8a6eacf05c3a577f2e19,92,60,test,2024-08-16 18:00:00+00:00,2024-08-16 20:00:00+00:00,-1,2
3dc98432918cdc58949a,92,60,test,2024-08-16 22:00:00+00:00,2024-08-17 01:00:00+00:00,1,2
90fd1fafe6966f035d21,92,60,test,2024-08-17 02:00:00+00:00,2024-08-17 06:00:00+00:00,-1,3
4cfca23eaec4935b8bce,93,60,train,2024-02-26 19:00:00+00:00,2024-02-26 21:00:00+00:00,1,2
fb73952572c56b38c552,93,60,train,2024-02-26 23:00:00+00:00,2024-02-27 01:00:00+00:00,-1,2
cc9376640e3242553539,93,60,train,2024-02-27 22:00:00+00:00,2024-02-28 00:00:00+00:00,-1,2
f3f77285759a2c871fbf,93,60,train,2024-02-28 16:00:00+00:00,2024-02-28 20:00:00+00:00,1,1
dc53e9db8837fac79ae9,93,60,train,2024-02-28 21:00:00+00:00,2024-02-29 00:00:00+00:00,-1,3
b5dce332b9526fc4af5a,93,60,train,2024-03-03 14:00:00+00:00,2024-03-03 19:00:00+00:00,1,2
8939cc49c2b9f52defcf,93,60,train,2024-03-04 22:00:00+00:00,2024-03-05 00:00:00+00:00,-1,2
dc1ce35d4456d61709bb,93,60,train,2024-03-05 02:00:00+00:00,2024-03-05 08:00:00+00:00,-1,0
71939b4f6284f727a951,93,60,train,2024-03-05 09:00:00+00:00,2024-03-05 13:00:00+00:00,1,2
4f79c0e4f78a649c6d1a,93,60,train,2024-03-05 15:00:00+00:00,2024-03-05 18:00:00+00:00,-1,3
24ba4079858c07b6afa0,93,60,train,2024-03-05 23:00:00+00:00,2024-03-06 01:00:00+00:00,-1,2
ec302ba57ae13207123b,93,60,train,2024-03-11 22:00:00+00:00,2024-03-12 01:00:00+00:00,-1,2
e1e4d16dab23862ac8de,93,60,train,2024-03-15 20:00:00+00:00,2024-03-16 01:00:00+00:00,1,1
a8d2c3c2155976dc8cb1,93,60,train,2024-03-16 02:00:00+00:00,2024-03-16 06:00:00+00:00,-1,3
9fd9b6577f9e6c763bcd,93,60,train,2024-03-16 19:00:00+00:00,2024-03-16 21:00:00+00:00,1,3
75f6680ba263efae46f5,93,60,train,2024-03-16 22:00:00+00:00,2024-03-17 01:00:00+00:00,1,1
7f48d0fc3ab5db4112b0,93,60,train,2024-03-21 20:00:00+00:00,2024-03-22 01:00:00+00:00,1,1
eb531313838a97c81489,93,60,train,2024-03-22 22:00:00+00:00,2024-03-23 01:00:00+00:00,1,1
eb030c2d90e97c061136,93,60,train,2024-04-02 02:00:00+00:00,2024-04-02 04:00:00+00:00,1,3
bdc6388eb2319aeccaf9,93,60,train,2024-04-04 15:00:00+00:00,2024-04-04 19:00:00+00:00,-1,0
29531016e58283ab05a8,93,60,validation,2024-07-12 08:00:00+00:00,2024-07-12 11:00:00+00:00,-1,0
5baaff0c95011939ffef,93,60,validation,2024-07-12 18:00:00+00:00,2024-07-12 21:00:00+00:00,1,3
7050bf211138a7890cef,93,60,validation,2024-07-13 15:00:00+00:00,2024-07-13 19:00:00+00:00,-1,2
47a546bc33ce38d11f5a,93,60,test,2024-07-14 10:00:00+00:00,2024-07-14 17:00:00+00:00,1,1
f09f00cfc3bce2a91067,93,60,test,2024-07-14 21:00:00+00:00,2024-07-14 23:00:00+00:00,-1,3
5f4fd3ac65679ab00d7f,93,60,test,2024-07-15 08:00:00+00:00,2024-07-15 11:00:00+00:00,-1,0
e05e3e1dcc97bef12989,93,60,test,2024-07-15 18:00:00+00:00,2024-07-15 21:00:00+00:00,1,3
69460a3dc16f633825c1,93,60,test,2024-07-16 15:00:00+00:00,2024-07-16 19:00:00+00:00,-1,2
08c7e017e26d4df2bf5c,93,60,test,2024-07-16 21:00:00+00:00,2024-07-17 01:00:00+00:00,-1,0
de230cde3c6284583975,93,60,test,2024-07-17 02:00:00+00:00,2024-07-17 07:00:00+00:00,-1,0
8bd05b86be7daf0caf0d,93,60,test,2024-07-17 13:00:00+00:00,2024-07-18 00:00:00+00:00,-1,0
b2a28b24c4b5b6048b5c,93,60,test,2024-07-18 01:00:00+00:00,2024-07-18 04:00:00+00:00,-1,3
2b5bd0c3954f2b4ed4c7,93,60,test,2024-07-18 13:00:00+00:00,2024-07-18 20:00:00+00:00,-1,2
7af4b52e040bd3769c83,93,60,test,2024-07-18 23:00:00+00:00,2024-07-19 02:00:00+00:00,1,2
54b9fe76d534c87645ee,93,60,test,2024-07-19 03:00:00+00:00,2024-07-19 06:00:00+00:00,1,3
ce2fc20a3eb2161c2970,93,60,test,2024-07-19 09:00:00+00:00,2024-07-19 13:00:00+00:00,-1,0
15aa3cc7ce307bd15bb4,93,60,test,2024-07-19 14:00:00+00:00,2024-07-19 20:00:00+00:00,-1,0
3e378f0b324a0e31fe6a,93,60,test,2024-07-19 23:00:00+00:00,2024-07-20 02:00:00+00:00,1,2
8b41abd9ef86c0264cfc,93,60,test,2024-07-20 03:00:00+00:00,2024-07-20 07:00:00+00:00,-1,3
b0c15d0d3d4aa3900064,93,60,test,2024-07-20 14:00:00+00:00,2024-07-20 16:00:00+00:00,1,3
789a8c302be189db51fd,93,60,test,2024-07-21 09:00:00+00:00,2024-07-21 11:00:00+00:00,-1,2
c0666a47c35802b4e0ad,93,60,test,2024-07-21 13:00:00+00:00,2024-07-21 16:00:00+00:00,-1,2
76b9cd03db32dcb61f9d,93,60,test,2024-07-21 17:00:00+00:00,2024-07-21 19:00:00+00:00,1,3
e48b3aaa155d01cfa549,93,60,test,2024-07-21 23:00:00+00:00,2024-07-22 01:00:00+00:00,0,3
176ea2ee5b36b38f9b53,93,60,test,2024-07-22 06:00:00+00:00,2024-07-22 13:00:00+00:00,-1,2
c779aac96776117f99a2,93,60,test,2024-07-23 10:00:00+00:00,2024-07-23 12:00:00+00:00,-1,2
e7bd53179d3f1f7cca81,93,60,test,2024-07-23 16:00:00+00:00,2024-07-24 00:00:00+00:00,-1,2
b95359f460d65bcc58cf,93,60,test,2024-07-24 17:00:00+00:00,2024-07-24 19:00:00+00:00,1,1
ac6573e59f3eeddd58bf,93,60,test,2024-07-25 02:00:00+00:00,2024-07-25 04:00:00+00:00,-1,2
ce993e1f378d1a3b5340,93,60,test,2024-07-25 06:00:00+00:00,2024-07-25 08:00:00+00:00,-1,0
735307b2dca68450e8ab,93,60,test,2024-07-25 20:00:00+00:00,2024-07-25 23:00:00+00:00,-1,2
a1a0521508593ad21e3e,93,60,test,2024-07-26 00:00:00+00:00,2024-07-26 03:00:00+00:00,-1,0
769464f32d4fdfc50e09,93,60,test,2024-07-27 05:00:00+00:00,2024-07-27 15:00:00+00:00,-1,0
abe67792bfab37cf2e0b,93,60,test,2024-07-28 11:00:00+00:00,2024-07-28 18:00:00+00:00,-1,2
14dedd63bc0618d85fea,93,60,test,2024-07-29 07:00:00+00:00,2024-07-29 12:00:00+00:00,1,1
7eef26f0a168755bb9ac,93,60,test,2024-07-29 13:00:00+00:00,2024-07-29 17:00:00+00:00,-1,3
2428b0c0511e6ef757f6,93,60,test,2024-07-30 06:00:00+00:00,2024-07-30 12:00:00+00:00,1,1
242e96aea981c150ce48,93,60,test,2024-07-30 17:00:00+00:00,2024-07-30 20:00:00+00:00,-1,3
4e962d8c17e1ca52cab7,93,60,test,2024-07-31 08:00:00+00:00,2024-07-31 11:00:00+00:00,1,1
d7a6037b7813856a1f7d,93,60,test,2024-07-31 20:00:00+00:00,2024-07-31 22:00:00+00:00,-1,0
b177072cd15ea93286dc,93,60,test,2024-07-31 23:00:00+00:00,2024-08-01 02:00:00+00:00,-1,2
521beec1645e85967044,93,60,test,2024-08-01 03:00:00+00:00,2024-08-01 08:00:00+00:00,-1,0
f5f26029dff084d03311,93,60,test,2024-08-02 07:00:00+00:00,2024-08-02 09:00:00+00:00,-1,2
3a433565fba55d5e308e,93,60,test,2024-08-02 14:00:00+00:00,2024-08-02 16:00:00+00:00,-1,3
b91daa9c1cf1fd04781c,93,60,test,2024-08-03 19:00:00+00:00,2024-08-03 22:00:00+00:00,-1,2
46cd5a78d9ef3a14baec,93,60,test,2024-08-04 18:00:00+00:00,2024-08-04 20:00:00+00:00,-1,2
dd3035f9a1a106f399a4,93,60,test,2024-08-04 22:00:00+00:00,2024-08-05 00:00:00+00:00,-1,3
871420e6745c2f37b3e3,93,60,test,2024-08-05 09:00:00+00:00,2024-08-05 12:00:00+00:00,-1,2
6f0ef959f5dfce097f3b,93,60,test,2024-08-05 14:00:00+00:00,2024-08-05 18:00:00+00:00,-1,0
12106fb672327f257d7e,93,60,test,2024-08-06 18:00:00+00:00,2024-08-06 20:00:00+00:00,1,2
1f47f5de0a2f8b7929a0,93,60,test,2024-08-06 22:00:00+00:00,2024-08-07 00:00:00+00:00,0,3
eae8cb2a4e7e1c1f4b35,93,60,test,2024-08-07 11:00:00+00:00,2024-08-07 13:00:00+00:00,-1,2
a43f4936637887313ff1,93,60,test,2024-08-07 14:00:00+00:00,2024-08-07 18:00:00+00:00,1,1
ffcf2edb6065f729665a,93,60,test,2024-08-07 20:00:00+00:00,2024-08-08 00:00:00+00:00,-1,3
2a22d2e583baa82a2af4,93,60,test,2024-08-08 07:00:00+00:00,2024-08-08 11:00:00+00:00,1,1
98dd4f869c1e7aa23a89,93,60,test,2024-08-08 12:00:00+00:00,2024-08-08 15:00:00+00:00,-1,3
32bdc0d7319b259e2d95,93,60,test,2024-08-08 16:00:00+00:00,2024-08-08 18:00:00+00:00,1,2
93b2f82a70d28d0f5f1b,93,60,test,2024-08-12 02:00:00+00:00,2024-08-12 05:00:00+00:00,-1,2
66c5f0c267b978140a4d,93,60,test,2024-08-12 08:00:00+00:00,2024-08-12 10:00:00+00:00,1,1
24941d9ac2409cbb159f,93,60,test,2024-08-12 11:00:00+00:00,2024-08-12 15:00:00+00:00,-1,3
1f7e6e091f8ac1fdd631,93,60,test,2024-08-12 23:00:00+00:00,2024-08-13 08:00:00+00:00,-1,0
b78db606ea103fbed22e,93,60,test,2024-08-13 22:00:00+00:00,2024-08-14 03:00:00+00:00,-1,2
bdcf2b99c50b54d7beec,93,60,test,2024-08-14 04:00:00+00:00,2024-08-14 06:00:00+00:00,-1,3
c7e55bb3f14fa1c6fbe5,93,60,test,2024-08-14 08:00:00+00:00,2024-08-14 10:00:00+00:00,1,2
e145f08beb05fe2aa2c0,93,60,test,2024-08-14 12:00:00+00:00,2024-08-14 14:00:00+00:00,-1,3
bd1f58a11176679c3dec,93,60,test,2024-08-16 18:00:00+00:00,2024-08-16 20:00:00+00:00,-1,2
6edfe54721b2f71b03fa,93,60,test,2024-08-16 22:00:00+00:00,2024-08-17 01:00:00+00:00,-1,2
fc384461257fcbab847e,93,60,test,2024-08-17 02:00:00+00:00,2024-08-17 06:00:00+00:00,-1,0
70738e4e8267403cad8d,94,60,train,2024-02-27 21:00:00+00:00,2024-02-28 00:00:00+00:00,1,2
ebe0f553b80fef1a198a,94,60,train,2024-02-28 15:00:00+00:00,2024-02-28 20:00:00+00:00,1,1
80e8d8e8430ba3bf7ae9,94,60,train,2024-02-28 21:00:00+00:00,2024-02-29 00:00:00+00:00,-1,3
8710430132958342b93d,94,60,train,2024-03-02 19:00:00+00:00,2024-03-02 21:00:00+00:00,1,2
1e78b2d3cf4ce2062055,94,60,train,2024-03-03 14:00:00+00:00,2024-03-03 21:00:00+00:00,1,1
988792c1470a1087e69a,94,60,train,2024-03-04 16:00:00+00:00,2024-03-04 18:00:00+00:00,-1,2
c1cdc4a59ed1eb0eca86,94,60,train,2024-03-04 22:00:00+00:00,2024-03-05 00:00:00+00:00,-1,2
9ccf1160d3d4ec8e3b72,94,60,train,2024-03-05 02:00:00+00:00,2024-03-05 08:00:00+00:00,-1,0
c9cd7acfe4e30dbd91ec,94,60,train,2024-03-05 11:00:00+00:00,2024-03-05 13:00:00+00:00,1,1
7f657456b4f8121c2ddb,94,60,train,2024-03-05 15:00:00+00:00,2024-03-05 18:00:00+00:00,-1,3
8fc27518ef43b3e199af,94,60,train,2024-03-05 23:00:00+00:00,2024-03-06 01:00:00+00:00,-1,2
202e979402164e1363ed,94,60,train,2024-03-11 22:00:00+00:00,2024-03-12 01:00:00+00:00,-1,2
855e6972d9a98274e8a7,94,60,train,2024-03-14 11:00:00+00:00,2024-03-14 13:00:00+00:00,-1,2
dcacb73481854a8d282b,94,60,train,2024-03-14 15:00:00+00:00,2024-03-14 17:00:00+00:00,-1,3
762d9511e18e3f5a27f0,94,60,train,2024-03-15 03:00:00+00:00,2024-03-15 05:00:00+00:00,-1,2
7c5cd17af623684e80c7,94,60,train,2024-03-15 19:00:00+00:00,2024-03-16 01:00:00+00:00,1,1
23e31e9231eaf3aa2337,94,60,train,2024-03-16 02:00:00+00:00,2024-03-16 06:00:00+00:00,1,3
c42663c0fc4d829f5f07,94,60,train,2024-03-16 18:00:00+00:00,2024-03-16 20:00:00+00:00,-1,0
2b57df022fe075cf7272,94,60,train,2024-03-16 22:00:00+00:00,2024-03-17 01:00:00+00:00,1,1
dde5d867f9592bef91ca,94,60,train,2024-03-18 09:00:00+00:00,2024-03-18 11:00:00+00:00,-1,2
9cca5fb93b46d4dce54c,94,60,train,2024-03-18 12:00:00+00:00,2024-03-18 15:00:00+00:00,-1,3
63299f3b8c47df271058,94,60,train,2024-03-21 19:00:00+00:00,2024-03-22 01:00:00+00:00,1,1
618064a2ed90e1f7b1b3,94,60,train,2024-03-23 14:00:00+00:00,2024-03-23 16:00:00+00:00,1,3
d7f4be367ad025c57964,94,60,train,2024-03-23 17:00:00+00:00,2024-03-23 19:00:00+00:00,-1,2
01ffc576a20977f1eed4,94,60,train,2024-03-26 10:00:00+00:00,2024-03-26 14:00:00+00:00,-1,2
001478cb36fdf1d3ebcf,94,60,train,2024-03-26 17:00:00+00:00,2024-03-26 21:00:00+00:00,-1,3
c08907cfd4fd83be47a8,94,60,train,2024-03-31 01:00:00+00:00,2024-03-31 03:00:00+00:00,1,3
4c4ef8820b65e3ae4d2e,94,60,train,2024-03-31 06:00:00+00:00,2024-03-31 10:00:00+00:00,1,2
9fdda6db2e5a50d26978,94,60,train,2024-04-01 22:00:00+00:00,2024-04-02 01:00:00+00:00,-1,2
3aa2266f10b5102afddc,94,60,train,2024-04-03 20:00:00+00:00,2024-04-03 23:00:00+00:00,1,1
8b6b0ecbe3e02b2fec1e,94,60,train,2024-04-04 12:00:00+00:00,2024-04-04 18:00:00+00:00,-1,2
a4387867248326bef69b,94,60,train,2024-04-04 20:00:00+00:00,2024-04-05 00:00:00+00:00,1,2
ef73c7d1d8cde121e75a,94,60,train,2024-04-05 01:00:00+00:00,2024-04-05 06:00:00+00:00,-1,0
82c73e79d8aa0662863b,94,60,validation,2024-07-11 10:00:00+00:00,2024-07-11 14:00:00+00:00,-1,2
c6013729a8953ba2bbf9,94,60,validation,2024-07-11 17:00:00+00:00,2024-07-11 21:00:00+00:00,-1,3
9e158388618c3152e6be,94,60,validation,2024-07-12 07:00:00+00:00,2024-07-12 11:00:00+00:00,-1,2
f58be0633e243e8a4ac0,94,60,validation,2024-07-12 18:00:00+00:00,2024-07-12 21:00:00+00:00,1,3
96d71bddd4c84b65ceec,94,60,validation,2024-07-13 15:00:00+00:00,2024-07-13 19:00:00+00:00,-1,2
b7e2c22c96cc1b2991e6,94,60,validation,2024-07-13 22:00:00+00:00,2024-07-14 01:00:00+00:00,1,3
bbe0e1ed32acca907873,94,60,validation,2024-07-14 02:00:00+00:00,2024-07-14 04:00:00+00:00,-1,2
c2353bcf0d4acae9eee7,94,60,validation,2024-07-14 05:00:00+00:00,2024-07-14 08:00:00+00:00,1,3
dac7c39f7a6a4c46c051,94,60,test,2024-07-14 18:00:00+00:00,2024-07-14 20:00:00+00:00,1,1
bd8b616235c7fa3e56d8,94,60,test,2024-07-14 21:00:00+00:00,2024-07-14 23:00:00+00:00,1,3
66b52a97a871646f61c6,94,60,test,2024-07-15 01:00:00+00:00,2024-07-15 05:00:00+00:00,1,3
909a9050159a0d0ce2c4,94,60,test,2024-07-15 07:00:00+00:00,2024-07-15 11:00:00+00:00,-1,2
1373392d3b5258138cd9,94,60,test,2024-07-15 18:00:00+00:00,2024-07-15 21:00:00+00:00,1,3
7ccca79dbdb5f3e6af1a,94,60,test,2024-07-16 15:00:00+00:00,2024-07-16 19:00:00+00:00,-1,2
101e6b58578d90a11f4f,94,60,test,2024-07-16 22:00:00+00:00,2024-07-17 01:00:00+00:00,1,3
313fddf9ff430711b6e6,94,60,test,2024-07-17 02:00:00+00:00,2024-07-17 04:00:00+00:00,-1,2
3f24362b9f823060f7b8,94,60,test,2024-07-17 05:00:00+00:00,2024-07-17 08:00:00+00:00,1,3
6dd7b99f428b5cb45d5a,94,60,test,2024-07-17 12:00:00+00:00,2024-07-17 20:00:00+00:00,1,1
a7371027a6bf410752a7,94,60,test,2024-07-17 21:00:00+00:00,2024-07-18 00:00:00+00:00,1,2
3178b66afe18a2d16c84,94,60,test,2024-07-18 01:00:00+00:00,2024-07-18 04:00:00+00:00,0,3
0c316d58a6a379792744,94,60,test,2024-07-18 13:00:00+00:00,2024-07-18 16:00:00+00:00,1,1
1a8296d5620ed65cbd07,94,60,test,2024-07-18 18:00:00+00:00,2024-07-18 20:00:00+00:00,1,3
1673d2ba32b95a8441f4,94,60,test,2024-07-18 22:00:00+00:00,2024-07-19 00:00:00+00:00,1,1
4b79565634f4386fa064,94,60,test,2024-07-19 03:00:00+00:00,2024-07-19 06:00:00+00:00,-1,3
1adfdde1482f40cbc365,94,60,test,2024-07-19 08:00:00+00:00,2024-07-19 14:00:00+00:00,-1,0
e7de761e5f7caca6bcf3,94,60,test,2024-07-19 18:00:00+00:00,2024-07-19 20:00:00+00:00,1,3
0511865cfd7742886229,94,60,test,2024-07-19 22:00:00+00:00,2024-07-20 00:00:00+00:00,1,1
1a143b2c3aefbb066238,94,60,test,2024-07-20 03:00:00+00:00,2024-07-20 06:00:00+00:00,-1,3
1030c22de5e89c2def41,94,60,test,2024-07-21 10:00:00+00:00,2024-07-21 12:00:00+00:00,-1,0
0c589c0361bcd8737192,94,60,test,2024-07-21 13:00:00+00:00,2024-07-21 16:00:00+00:00,1,2
2fe5fdf801ad4f607f97,94,60,test,2024-07-21 17:00:00+00:00,2024-07-21 20:00:00+00:00,1,3
25839e421b4119cab561,94,60,test,2024-07-22 02:00:00+00:00,2024-07-22 04:00:00+00:00,-1,2
0279b724c7078149511c,94,60,test,2024-07-22 06:00:00+00:00,2024-07-22 10:00:00+00:00,-1,2
670970ef04efb96167a5,94,60,test,2024-07-22 15:00:00+00:00,2024-07-22 17:00:00+00:00,1,3
75993e8bea6ca4010560,94,60,test,2024-07-23 08:00:00+00:00,2024-07-23 10:00:00+00:00,1,2
cd05e89dc966ce23b7ec,94,60,test,2024-07-23 16:00:00+00:00,2024-07-24 00:00:00+00:00,-1,2
f12d0d17c9bb1b86ee44,94,60,test,2024-07-25 06:00:00+00:00,2024-07-25 08:00:00+00:00,1,3
c9e8a430d9be181ceefb,94,60,test,2024-07-25 20:00:00+00:00,2024-07-25 22:00:00+00:00,1,2
8b002b03847ff0bc9df7,94,60,test,2024-07-26 00:00:00+00:00,2024-07-26 02:00:00+00:00,-1,3
94278fe5cfb229b86086,94,60,test,2024-07-27 04:00:00+00:00,2024-07-27 14:00:00+00:00,-1,1
16665d97cbfcc94bc5b9,94,60,test,2024-07-28 11:00:00+00:00,2024-07-28 19:00:00+00:00,-1,2
7f346deda240bf85b89d,94,60,test,2024-07-29 03:00:00+00:00,2024-07-29 05:00:00+00:00,1,3
6611499648e29337478a,94,60,test,2024-07-29 08:00:00+00:00,2024-07-29 12:00:00+00:00,1,2
575235f8af8551b9c8a0,94,60,test,2024-07-29 13:00:00+00:00,2024-07-29 17:00:00+00:00,-1,3
196b9cc93f8265f1120c,94,60,test,2024-07-30 06:00:00+00:00,2024-07-30 10:00:00+00:00,1,2
809e06638a6e993ddf29,94,60,test,2024-07-30 14:00:00+00:00,2024-07-30 16:00:00+00:00,-1,2
d391328481502a255d5f,94,60,test,2024-07-30 18:00:00+00:00,2024-07-30 20:00:00+00:00,1,3
ead3bc73a43e48333d6e,94,60,test,2024-07-31 17:00:00+00:00,2024-07-31 19:00:00+00:00,-1,0
b73298f222f353669989,94,60,test,2024-07-31 22:00:00+00:00,2024-08-01 01:00:00+00:00,1,1
7dfa58e8bd974d433118,94,60,test,2024-08-01 07:00:00+00:00,2024-08-01 10:00:00+00:00,1,3
51c86926d2988a5c8a6c,94,60,test,2024-08-02 08:00:00+00:00,2024-08-02 10:00:00+00:00,-1,0
dd6324264d06eeed48f5,94,60,test,2024-08-02 15:00:00+00:00,2024-08-02 17:00:00+00:00,-1,3
6415e134b2d278543c3d,94,60,test,2024-08-03 19:00:00+00:00,2024-08-03 21:00:00+00:00,1,2
ee5b6679bc3adaaa6a7b,94,60,test,2024-08-05 09:00:00+00:00,2024-08-05 12:00:00+00:00,-1,2
4ef7947e258611f177f1,94,60,test,2024-08-05 13:00:00+00:00,2024-08-05 18:00:00+00:00,-1,0
c090988fa89f03954892,94,60,test,2024-08-06 18:00:00+00:00,2024-08-07 00:00:00+00:00,-1,0
1dbd20b2603b75cc04a1,94,60,test,2024-08-07 11:00:00+00:00,2024-08-07 15:00:00+00:00,-1,2
eaa7bd336cc5ac1dd0fa,94,60,test,2024-08-07 16:00:00+00:00,2024-08-07 18:00:00+00:00,1,2
9e2d01afb66c5f5677d5,94,60,test,2024-08-07 20:00:00+00:00,2024-08-08 00:00:00+00:00,-1,3
ede14894dae9fc362aa3,94,60,test,2024-08-08 08:00:00+00:00,2024-08-08 10:00:00+00:00,-1,2
22eca433015175827c96,94,60,test,2024-08-08 12:00:00+00:00,2024-08-08 15:00:00+00:00,1,3
62759d8f1e3be0592f50,94,60,test,2024-08-10 07:00:00+00:00,2024-08-10 09:00:00+00:00,1,1
819a6b66d6716c7a2553,94,60,test,2024-08-12 02:00:00+00:00,2024-08-12 05:00:00+00:00,1,2
e65ecf7dc0e3796b8cb0,94,60,test,2024-08-12 11:00:00+00:00,2024-08-12 14:00:00+00:00,-1,3
e8963fdd4fd788d57d07,94,60,test,2024-08-12 21:00:00+00:00,2024-08-13 03:00:00+00:00,1,1
b80127cbe9571fdae1a1,94,60,test,2024-08-13 04:00:00+00:00,2024-08-13 08:00:00+00:00,-1,3
317dcac57b2e7898a31a,94,60,test,2024-08-13 22:00:00+00:00,2024-08-14 02:00:00+00:00,1,1
121ec07e28cc1733c4b8,94,60,test,2024-08-14 04:00:00+00:00,2024-08-14 06:00:00+00:00,-1,3
6e8d6cc68f3c6737691e,94,60,test,2024-08-14 12:00:00+00:00,2024-08-14 14:00:00+00:00,-1,3
adfa0efa019529722812,94,60,test,2024-08-16 09:00:00+00:00,2024-08-16 11:00:00+00:00,-1,2
980e2b98e93706acf1fe,94,60,test,2024-08-16 13:00:00+00:00,2024-08-16 15:00:00+00:00,-1,3
0c1ee0da683dc5b74f99,94,60,test,2024-08-16 22:00:00+00:00,2024-08-17 01:00:00+00:00,-1,2
48c7127338fd22c44387,94,60,test,2024-08-17 02:00:00+00:00,2024-08-17 05:00:00+00:00,-1,3
288c136e9cbbb75ab14a,94,60,test,2024-08-17 20:00:00+00:00,2024-08-17 22:00:00+00:00,-1,2
fb9ed89c8f99b0f5e8b4,95,60,train,2024-02-27 22:00:00+00:00,2024-02-28 00:00:00+00:00,1,2
80b0b59289b0eb0b46aa,95,60,train,2024-02-28 16:00:00+00:00,2024-02-29 00:00:00+00:00,-1,2
28c17b13716a624cadcd,95,60,train,2024-03-03 14:00:00+00:00,2024-03-03 19:00:00+00:00,1,2
5ed4f1c6f7939de8e589,95,60,train,2024-03-05 10:00:00+00:00,2024-03-05 13:00:00+00:00,1,1
1d0f07ae1c07fed8b0b1,95,60,train,2024-03-05 15:00:00+00:00,2024-03-05 18:00:00+00:00,-1,3
434507549c9afd0ea0a0,95,60,train,2024-03-05 22:00:00+00:00,2024-03-06 00:00:00+00:00,1,1
722a5b17f0439a18d200,95,60,train,2024-03-11 21:00:00+00:00,2024-03-12 01:00:00+00:00,1,1
c795f10e8e9a3a8ce9bb,95,60,train,2024-03-14 15:00:00+00:00,2024-03-14 18:00:00+00:00,1,3
c23635ce4ef472f8736b,95,60,train,2024-03-15 03:00:00+00:00,2024-03-15 05:00:00+00:00,-1,2
b32e121f298d437cc406,95,60,train,2024-03-15 20:00:00+00:00,2024-03-16 01:00:00+00:00,1,1
9bc4b02545723baded69,95,60,train,2024-03-16 02:00:00+00:00,2024-03-16 06:00:00+00:00,1,3
66f85cfc449cb675d9f1,95,60,train,2024-03-21 20:00:00+00:00,2024-03-22 01:00:00+00:00,1,1
802c6c21cb71aeb66bc6,95,60,train,2024-04-04 15:00:00+00:00,2024-04-04 19:00:00+00:00,-1,0
5e4a2ed844d37d43101b,95,60,validation,2024-07-12 06:00:00+00:00,2024-07-12 11:00:00+00:00,-1,0
7abfc3759b39fe7fa70c,95,60,validation,2024-07-12 18:00:00+00:00,2024-07-12 21:00:00+00:00,0,3
40844b2b341b8b1141b1,95,60,validation,2024-07-13 15:00:00+00:00,2024-07-14 00:00:00+00:00,-1,2
8df1de1c13b238d8e30d,95,60,validation,2024-07-14 01:00:00+00:00,2024-07-14 03:00:00+00:00,-1,3
000026147b4c2ad6523d,95,60,test,2024-07-14 21:00:00+00:00,2024-07-14 23:00:00+00:00,-1,3
18e42c02a490465b0c4f,95,60,test,2024-07-15 00:00:00+00:00,2024-07-15 05:00:00+00:00,-1,0
5df237e51557af68eb93,95,60,test,2024-07-15 06:00:00+00:00,2024-07-15 11:00:00+00:00,-1,0
3f3bdcad9287ae42635f,95,60,test,2024-07-15 18:00:00+00:00,2024-07-15 21:00:00+00:00,0,3
e2146da11261a0221a40,95,60,test,2024-07-16 15:00:00+00:00,2024-07-17 00:00:00+00:00,-1,2
f59d3f41cb1475f57e8f,95,60,test,2024-07-17 01:00:00+00:00,2024-07-17 03:00:00+00:00,-1,3
29f66187b69d549c03ac,95,60,test,2024-07-17 11:00:00+00:00,2024-07-18 00:00:00+00:00,1,1
5625f4fb7781ac713a09,95,60,test,2024-07-18 01:00:00+00:00,2024-07-18 04:00:00+00:00,0,3
b76835bdc60edfd47578,95,60,test,2024-07-18 13:00:00+00:00,2024-07-18 16:00:00+00:00,1,2
3b000dabbc7556357bdd,95,60,test,2024-07-18 17:00:00+00:00,2024-07-18 20:00:00+00:00,1,3
1a42f36e12a5640a9ced,95,60,test,2024-07-18 22:00:00+00:00,2024-07-19 02:00:00+00:00,1,1
f0a9ce79d4520876fec5,95,60,test,2024-07-19 03:00:00+00:00,2024-07-19 13:00:00+00:00,-1,3
4daa3a226854461a8297,95,60,test,2024-07-19 17:00:00+00:00,2024-07-19 20:00:00+00:00,1,3
e4b117995087379ca9e9,95,60,test,2024-07-19 22:00:00+00:00,2024-07-20 02:00:00+00:00,1,2
c2589ea2de7a795a3a38,95,60,test,2024-07-20 03:00:00+00:00,2024-07-20 07:00:00+00:00,-1,3
e2f29b89cc33e9a3fb7a,95,60,test,2024-07-20 14:00:00+00:00,2024-07-20 16:00:00+00:00,1,3
eda912d42d97da349c9a,95,60,test,2024-07-21 05:00:00+00:00,2024-07-21 09:00:00+00:00,1,2
bcd54961f1dfba3f4f68,95,60,test,2024-07-21 11:00:00+00:00,2024-07-21 13:00:00+00:00,1,3
fb80bf56c930fd00041c,95,60,test,2024-07-21 14:00:00+00:00,2024-07-21 16:00:00+00:00,-1,0
272144f2d60d1a72f59a,95,60,test,2024-07-21 17:00:00+00:00,2024-07-21 19:00:00+00:00,1,3
5db1d7bf89a8cb6232f3,95,60,test,2024-07-22 02:00:00+00:00,2024-07-22 04:00:00+00:00,-1,2
fc4f66d7f87e14af16aa,95,60,test,2024-07-22 07:00:00+00:00,2024-07-22 11:00:00+00:00,-1,2
9a84f29e26570c3b78c9,95,60,test,2024-07-22 13:00:00+00:00,2024-07-22 19:00:00+00:00,-1,0
2a81d85ebfff5f6456d8,95,60,test,2024-07-23 08:00:00+00:00,2024-07-23 11:00:00+00:00,-1,2
e569f9710a6c13efe270,95,60,test,2024-07-23 16:00:00+00:00,2024-07-24 00:00:00+00:00,-1,2
f6113f29f85c96be0d12,95,60,test,2024-07-25 01:00:00+00:00,2024-07-25 03:00:00+00:00,0,3
471fb9b649bf5c8c613b,95,60,test,2024-07-25 23:00:00+00:00,2024-07-26 02:00:00+00:00,-1,3
8fe3a07884e8c9087f77,95,60,test,2024-07-27 04:00:00+00:00,2024-07-27 13:00:00+00:00,-1,1
209ebeacf10023a5b62f,95,60,test,2024-07-27 14:00:00+00:00,2024-07-27 17:00:00+00:00,-1,3
6d891387d2e5702c28f1,95,60,test,2024-07-28 11:00:00+00:00,2024-07-28 18:00:00+00:00,-1,2
d730598c06e454a0e4ae,95,60,test,2024-07-29 02:00:00+00:00,2024-07-29 04:00:00+00:00,-1,3
a24082d6f5e5799e3a10,95,60,test,2024-07-29 08:00:00+00:00,2024-07-29 12:00:00+00:00,-1,2
c11abb6969a2d112b99f,95,60,test,2024-07-29 13:00:00+00:00,2024-07-29 17:00:00+00:00,-1,3
1cabb417de97b49df4ea,95,60,test,2024-07-30 07:00:00+00:00,2024-07-30 09:00:00+00:00,1,2
e9320fb7b6cd9679c05d,95,60,test,2024-07-30 17:00:00+00:00,2024-07-30 20:00:00+00:00,1,3
97c33a3de5ee89edd1af,95,60,test,2024-07-31 05:00:00+00:00,2024-07-31 07:00:00+00:00,1,3
cbf87e41e2e9f0a8fa91,95,60,test,2024-07-31 08:00:00+00:00,2024-07-31 11:00:00+00:00,1,1
f2e9d783ffdc782ebdfb,95,60,test,2024-07-31 22:00:00+00:00,2024-08-01 00:00:00+00:00,1,2
0d3d473697aa4b30de71,95,60,test,2024-08-01 01:00:00+00:00,2024-08-01 04:00:00+00:00,-1,0
e526a93e64e12bbb58d2,95,60,test,2024-08-01 10:00:00+00:00,2024-08-01 12:00:00+00:00,-1,3
e928cc8b347f5a80618e,95,60,test,2024-08-02 07:00:00+00:00,2024-08-02 09:00:00+00:00,1,1
40033a5b55f0bcc94381,95,60,test,2024-08-02 10:00:00+00:00,2024-08-02 12:00:00+00:00,1,2
300dee0189a492fce204,95,60,test,2024-08-02 13:00:00+00:00,2024-08-02 17:00:00+00:00,-1,0
cda21baeb59b349d1014,95,60,test,2024-08-03 19:00:00+00:00,2024-08-03 21:00:00+00:00,1,1
fe429eb0f3859bdba1ec,95,60,test,2024-08-04 22:00:00+00:00,2024-08-05 00:00:00+00:00,-1,3
bf6182aa4817a828bfaa,95,60,test,2024-08-05 09:00:00+00:00,2024-08-05 11:00:00+00:00,1,2
bfabf0869ccec9b66d73,95,60,test,2024-08-05 14:00:00+00:00,2024-08-05 18:00:00+00:00,-1,0
41af4585f970923c7369,95,60,test,2024-08-07 12:00:00+00:00,2024-08-07 18:00:00+00:00,1,2
10e27bb6f08cee661b89,95,60,test,2024-08-07 20:00:00+00:00,2024-08-08 00:00:00+00:00,-1,3
7e2f0d16b759fba597e8,95,60,test,2024-08-08 08:00:00+00:00,2024-08-08 10:00:00+00:00,-1,2
4d8ffb058342ac97eecc,95,60,test,2024-08-08 12:00:00+00:00,2024-08-08 15:00:00+00:00,1,3
cdd0860aa6a2c07afedf,95,60,test,2024-08-08 16:00:00+00:00,2024-08-08 18:00:00+00:00,1,2
bccc26e7860ca482ac21,95,60,test,2024-08-09 04:00:00+00:00,2024-08-09 07:00:00+00:00,1,2
e3ceb2f174dea22fbb4c,95,60,test,2024-08-12 02:00:00+00:00,2024-08-12 05:00:00+00:00,1,2
f88a1f555300b1bc6db4,95,60,test,2024-08-12 06:00:00+00:00,2024-08-12 08:00:00+00:00,1,1
867d34fe564251dd40f3,95,60,test,2024-08-12 11:00:00+00:00,2024-08-12 14:00:00+00:00,-1,3
fa83afde6fb5e57770e1,95,60,test,2024-08-12 22:00:00+00:00,2024-08-13 08:00:00+00:00,-1,2
0d80d2c80f382f41387c,95,60,test,2024-08-13 22:00:00+00:00,2024-08-14 00:00:00+00:00,1,2
167bfa3de80d5bf032f9,95,60,test,2024-08-14 03:00:00+00:00,2024-08-14 05:00:00+00:00,-1,3
4c1053312501b185ffde,95,60,test,2024-08-15 10:00:00+00:00,2024-08-15 12:00:00+00:00,-1,3
2ff33855e2eaa0a4a106,95,60,test,2024-08-16 17:00:00+00:00,2024-08-16 20:00:00+00:00,-1,2
ee22bd0b4ed292d3fb6c,95,60,test,2024-08-16 22:00:00+00:00,2024-08-17 01:00:00+00:00,-1,2
0091cc6226da907ba1aa,95,60,test,2024-08-17 02:00:00+00:00,2024-08-17 06:00:00+00:00,-1,0
a97d3036bc4373c26d83,95,60,test,2024-08-17 20:00:00+00:00,2024-08-17 23:00:00+00:00,1,2
222ff7e6e8420eacf64e,96,60,train,2024-02-27 17:00:00+00:00,2024-02-27 20:00:00+00:00,-1,2
25d0c7b6c78afb3d2cfc,96,60,train,2024-02-28 16:00:00+00:00,2024-02-28 20:00:00+00:00,-1,2
d25ab8179d582d65ead4,96,60,train,2024-02-28 21:00:00+00:00,2024-02-29 02:00:00+00:00,-1,0
11692f85437dd5c88520,96,60,train,2024-03-02 19:00:00+00:00,2024-03-02 21:00:00+00:00,1,1
ce691312be464f0dfb29,96,60,train,2024-03-03 14:00:00+00:00,2024-03-03 21:00:00+00:00,1,1
fac61630f40daccd8429,96,60,train,2024-03-04 16:00:00+00:00,2024-03-04 18:00:00+00:00,-1,2
9f1db60fd706fe3bf767,96,60,train,2024-03-05 10:00:00+00:00,2024-03-05 13:00:00+00:00,1,1
7f0542763fdf593d617f,96,60,train,2024-03-05 15:00:00+00:00,2024-03-05 18:00:00+00:00,-1,3
241480fe9787bec3a5db,96,60,train,2024-03-05 22:00:00+00:00,2024-03-06 01:00:00+00:00,1,1
c1fbd891d614032ca95a,96,60,train,2024-03-07 03:00:00+00:00,2024-03-07 06:00:00+00:00,-1,3
c889015159b3398f7a71,96,60,train,2024-03-11 11:00:00+00:00,2024-03-11 14:00:00+00:00,1,1
da73b615c75c169a3c70,96,60,train,2024-03-11 15:00:00+00:00,2024-03-11 18:00:00+00:00,-1,3
35322d773787009a205f,96,60,train,2024-03-11 20:00:00+00:00,2024-03-12 01:00:00+00:00,1,1
a81b4648cc8f4aa00fff,96,60,train,2024-03-12 20:00:00+00:00,2024-03-12 23:00:00+00:00,1,2
fdec21ce507bb6e4b9ec,96,60,train,2024-03-14 15:00:00+00:00,2024-03-14 18:00:00+00:00,1,3
a3dba24142fda3362410,96,60,train,2024-03-15 19:00:00+00:00,2024-03-16 06:00:00+00:00,-1,1
780ee25fb56818800844,96,60,train,2024-03-16 22:00:00+00:00,2024-03-17 01:00:00+00:00,1,1
573cbe731fce6d6ca8e0,96,60,train,2024-03-17 04:00:00+00:00,2024-03-17 06:00:00+00:00,-1,3
956ba996a60e0a81759c,96,60,train,2024-03-17 08:00:00+00:00,2024-03-17 11:00:00+00:00,-1,2
fadc8e9d8bbaabed916b,96,60,train,2024-03-21 20:00:00+00:00,2024-03-22 00:00:00+00:00,1,1
d2439619f150d8b95919,96,60,train,2024-03-22 15:00:00+00:00,2024-03-22 19:00:00+00:00,-1,3
a3b4cf937a167a632468,96,60,train,2024-03-22 21:00:00+00:00,2024-03-23 02:00:00+00:00,1,1
f878f453bdc5ff9f72ad,96,60,train,2024-03-23 14:00:00+00:00,2024-03-23 16:00:00+00:00,1,3
bb0a310c8c712dbd6a0c,96,60,train,2024-03-23 17:00:00+00:00,2024-03-23 19:00:00+00:00,-1,2
bc2665765f3ec03126fb,96,60,train,2024-03-23 22:00:00+00:00,2024-03-24 08:00:00+00:00,-1,0
ade360decf20c2c95a82,96,60,train,2024-03-24 09:00:00+00:00,2024-03-24 12:00:00+00:00,1,2
d47c89319b7f6a6f75ce,96,60,train,2024-03-26 10:00:00+00:00,2024-03-26 14:00:00+00:00,-1,2
e01a2c8b648202408358,96,60,train,2024-03-26 17:00:00+00:00,2024-03-26 21:00:00+00:00,-1,0
e716abf5eb74274d1e5a,96,60,train,2024-03-27 05:00:00+00:00,2024-03-27 10:00:00+00:00,1,1
6333142f2d42f1b5466e,96,60,train,2024-03-29 18:00:00+00:00,2024-03-29 20:00:00+00:00,1,2
85dcb06748856c980dc3,96,60,train,2024-03-31 01:00:00+00:00,2024-03-31 03:00:00+00:00,1,3
a9e9ddf6e0b9f8844803,96,60,train,2024-03-31 06:00:00+00:00,2024-03-31 10:00:00+00:00,1,2
618a4afce6277c026d37,96,60,train,2024-04-03 20:00:00+00:00,2024-04-03 23:00:00+00:00,1,1
8e9e81758bc7746f9fd4,96,60,train,2024-04-04 00:00:00+00:00,2024-04-04 02:00:00+00:00,-1,3
31dc1f0b36b54869f62c,96,60,train,2024-04-04 15:00:00+00:00,2024-04-04 19:00:00+00:00,-1,0
eb967a25406e62094176,96,60,validation,2024-07-08 22:00:00+00:00,2024-07-09 08:00:00+00:00,-1,0
d469ff30376ae6d2af02,96,60,validation,2024-07-09 09:00:00+00:00,2024-07-09 12:00:00+00:00,1,2
260047136da84a57d65b,96,60,validation,2024-07-11 10:00:00+00:00,2024-07-11 14:00:00+00:00,-1,2
b761a76d8a8dc1139293,96,60,validation,2024-07-11 17:00:00+00:00,2024-07-11 21:00:00+00:00,-1,0
c458ef46623a00673fda,96,60,validation,2024-07-12 07:00:00+00:00,2024-07-12 11:00:00+00:00,-1,2
725ab59e6df69810b605,96,60,validation,2024-07-12 16:00:00+00:00,2024-07-12 21:00:00+00:00,-1,0
faa893b96863897a91a1,96,60,validation,2024-07-13 15:00:00+00:00,2024-07-13 17:00:00+00:00,1,2
aeb8cd8b5d55a9210532,96,60,validation,2024-07-13 18:00:00+00:00,2024-07-13 22:00:00+00:00,1,1
ab7bf71bc6193320595f,96,60,validation,2024-07-13 23:00:00+00:00,2024-07-14 01:00:00+00:00,1,3
e367d65872c43874c36c,96,60,validation,2024-07-14 05:00:00+00:00,2024-07-14 07:00:00+00:00,1,3
877a2d7ee8f8f7fd745c,96,60,test,2024-07-14 21:00:00+00:00,2024-07-14 23:00:00+00:00,1,3
999b02fd93580b41272c,96,60,test,2024-07-15 01:00:00+00:00,2024-07-15 05:00:00+00:00,1,3
7bd3821e675b40c7e4d1,96,60,test,2024-07-15 07:00:00+00:00,2024-07-15 11:00:00+00:00,-1,2
23852a2c6466b3dee598,96,60,test,2024-07-15 16:00:00+00:00,2024-07-15 21:00:00+00:00,-1,0
ca5e1ee84b672fa526f9,96,60,test,2024-07-16 15:00:00+00:00,2024-07-16 17:00:00+00:00,1,2
6cccd349d46d1e37de67,96,60,test,2024-07-16 18:00:00+00:00,2024-07-16 22:00:00+00:00,1,1
7fb49ac6bfc80d648cf5,96,60,test,2024-07-16 23:00:00+00:00,2024-07-17 01:00:00+00:00,1,3
351bf379623eace44a30,96,60,test,2024-07-17 05:00:00+00:00,2024-07-17 07:00:00+00:00,1,3
0b48ebf54f6c7330583c,96,60,test,2024-07-17 11:00:00+00:00,2024-07-18 00:00:00+00:00,1,1
2d60d8de4094525331d2,96,60,test,2024-07-18 01:00:00+00:00,2024-07-18 04:00:00+00:00,0,3
478ccfdc86f25f04b5b1,96,60,test,2024-07-18 13:00:00+00:00,2024-07-18 16:00:00+00:00,1,1
9ac78a0407b35b29f2d0,96,60,test,2024-07-18 18:00:00+00:00,2024-07-18 20:00:00+00:00,1,3
8a5002283959797232f1,96,60,test,2024-07-18 21:00:00+00:00,2024-07-19 10:00:00+00:00,1,1
b5aadead49a7bd1b8d87,96,60,test,2024-07-19 11:00:00+00:00,2024-07-19 14:00:00+00:00,1,3
7f80bedf14bcc5d1f470,96,60,test,2024-07-19 18:00:00+00:00,2024-07-19 20:00:00+00:00,1,3
140f9f8e4c1ad291b7d9,96,60,test,2024-07-19 21:00:00+00:00,2024-07-20 07:00:00+00:00,-1,1
7dbd508766dcff9a05b3,96,60,test,2024-07-20 14:00:00+00:00,2024-07-20 16:00:00+00:00,1,3
a4861c8376e5fae90193,96,60,test,2024-07-21 12:00:00+00:00,2024-07-21 14:00:00+00:00,1,1
a9be3e62ba43786ec39b,96,60,test,2024-07-21 17:00:00+00:00,2024-07-21 19:00:00+00:00,1,3
97018010de32636cf2ae,96,60,test,2024-07-21 22:00:00+00:00,2024-07-22 00:00:00+00:00,-1,3
53d86d7d7908237ac5bf,96,60,test,2024-07-22 02:00:00+00:00,2024-07-22 04:00:00+00:00,-1,0
413b5da09520395f13b7,96,60,test,2024-07-22 06:00:00+00:00,2024-07-22 10:00:00+00:00,1,1
d751e31e1834e7256a12,96,60,test,2024-07-22 15:00:00+00:00,2024-07-22 19:00:00+00:00,-1,3
49d13a82c2b84c868a90,96,60,test,2024-07-23 07:00:00+00:00,2024-07-23 10:00:00+00:00,-1,2
baddebd72e661f9abfb1,96,60,test,2024-07-23 11:00:00+00:00,2024-07-23 13:00:00+00:00,1,3
dc6a4144265f7e4eaba0,96,60,test,2024-07-23 16:00:00+00:00,2024-07-24 00:00:00+00:00,-1,2
6d63727eee7111e20496,96,60,test,2024-07-25 03:00:00+00:00,2024-07-25 05:00:00+00:00,0,3
4b9ffae97fe82cc78a08,96,60,test,2024-07-25 20:00:00+00:00,2024-07-25 23:00:00+00:00,-1,2
88aa2e8b1f7b3f27329b,96,60,test,2024-07-26 00:00:00+00:00,2024-07-26 03:00:00+00:00,-1,3
0a9ee35c5023a3c47bf6,96,60,test,2024-07-27 04:00:00+00:00,2024-07-27 13:00:00+00:00,-1,1
a7f628549e03fe722a8e,96,60,test,2024-07-27 18:00:00+00:00,2024-07-27 20:00:00+00:00,-1,2
8636a5fceaed19aeedb6,96,60,test,2024-07-28 11:00:00+00:00,2024-07-28 15:00:00+00:00,1,1
430cca525037edbac1de,96,60,test,2024-07-28 16:00:00+00:00,2024-07-28 20:00:00+00:00,-1,3
281cc6cd82cea115ce36,96,60,test,2024-07-29 02:00:00+00:00,2024-07-29 05:00:00+00:00,-1,3
048403fa58b4934182fd,96,60,test,2024-07-29 07:00:00+00:00,2024-07-29 11:00:00+00:00,1,1
06f00afa3249a3d7815b,96,60,test,2024-07-29 12:00:00+00:00,2024-07-29 17:00:00+00:00,-1,0
1a028c57bcad5f092fe4,96,60,test,2024-07-30 06:00:00+00:00,2024-07-30 09:00:00+00:00,-1,1
8bd341c8a22cb82f1b7b,96,60,test,2024-07-30 10:00:00+00:00,2024-07-30 12:00:00+00:00,-1,0
dc5124af53b6250d5ad9,96,60,test,2024-07-30 17:00:00+00:00,2024-07-30 20:00:00+00:00,1,3
f8d943ebf22cb9f8137a,96,60,test,2024-07-31 10:00:00+00:00,2024-07-31 12:00:00+00:00,1,2
21dc5a0e4280a3dce589,96,60,test,2024-07-31 13:00:00+00:00,2024-07-31 15:00:00+00:00,1,3
884216f1c088aad47b47,96,60,test,2024-07-31 20:00:00+00:00,2024-07-31 22:00:00+00:00,-1,0
6d3765026655d8ca6dc2,96,60,test,2024-08-01 03:00:00+00:00,2024-08-01 07:00:00+00:00,-1,0
a0c5f9bb3a876670880b,96,60,test,2024-08-02 08:00:00+00:00,2024-08-02 10:00:00+00:00,-1,2
ec672562d1794cb2778f,96,60,test,2024-08-02 14:00:00+00:00,2024-08-02 18:00:00+00:00,-1,3
4a56d381d639546e140d,96,60,test,2024-08-04 18:00:00+00:00,2024-08-04 20:00:00+00:00,-1,2
40f57992614ccc3e4b23,96,60,test,2024-08-04 22:00:00+00:00,2024-08-05 00:00:00+00:00,-1,3
a3ddb4341558e61d30e9,96,60,test,2024-08-05 09:00:00+00:00,2024-08-05 17:00:00+00:00,-1,0
be1cdd58426a49e27197,96,60,test,2024-08-07 11:00:00+00:00,2024-08-07 18:00:00+00:00,1,1
58e5099ec212c8528fca,96,60,test,2024-08-07 20:00:00+00:00,2024-08-08 00:00:00+00:00,-1,3
eb74f49478c31a6c8542,96,60,test,2024-08-08 12:00:00+00:00,2024-08-08 15:00:00+00:00,-1,3
46a8ab272d211fe2ec70,96,60,test,2024-08-08 16:00:00+00:00,2024-08-08 18:00:00+00:00,1,2
836ada0b91b601a65465,96,60,test,2024-08-10 06:00:00+00:00,2024-08-10 09:00:00+00:00,1,2
e25aea847f826e313667,96,60,test,2024-08-11 03:00:00+00:00,2024-08-11 05:00:00+00:00,1,3
39f6c6360b6e5ca88a43,96,60,test,2024-08-12 02:00:00+00:00,2024-08-12 05:00:00+00:00,1,1
46965f2f6368ec330dfa,96,60,test,2024-08-12 08:00:00+00:00,2024-08-12 10:00:00+00:00,1,2
fa660323821684c1f692,96,60,test,2024-08-12 11:00:00+00:00,2024-08-12 15:00:00+00:00,-1,3
8ca850b6a65e24ea38b7,96,60,test,2024-08-12 21:00:00+00:00,2024-08-13 03:00:00+00:00,1,1
60a8b0bae016c230554c,96,60,test,2024-08-13 04:00:00+00:00,2024-08-13 08:00:00+00:00,-1,3
d95bae22aa0664321014,96,60,test,2024-08-14 00:00:00+00:00,2024-08-14 03:00:00+00:00,-1,0
c30a59b938afdc635fb2,96,60,test,2024-08-14 04:00:00+00:00,2024-08-14 06:00:00+00:00,-1,3
7e0028585006fc94856b,96,60,test,2024-08-14 07:00:00+00:00,2024-08-14 09:00:00+00:00,0,3
21adbc1441752cb01899,96,60,test,2024-08-16 17:00:00+00:00,2024-08-16 20:00:00+00:00,-1,2
813fbd9b6e9e3e2e0319,96,60,test,2024-08-16 22:00:00+00:00,2024-08-17 01:00:00+00:00,-1,0
6efbecfea1eb5086690c,96,60,test,2024-08-17 02:00:00+00:00,2024-08-17 06:00:00+00:00,-1,3
88ef34e1bace9e2d7f15,96,60,test,2024-08-17 18:00:00+00:00,2024-08-17 23:00:00+00:00,1,1
ebb0072bf9562b808cbc,97,60,train,2024-02-26 18:00:00+00:00,2024-02-26 20:00:00+00:00,-1,2
3136529637765e66d880,97,60,train,2024-02-27 18:00:00+00:00,2024-02-27 20:00:00+00:00,-1,0
0cf42024503911c01ec9,97,60,train,2024-02-28 16:00:00+00:00,2024-02-28 18:00:00+00:00,-1,2
05bf79b51cdd9811e343,97,60,train,2024-03-03 13:00:00+00:00,2024-03-03 15:00:00+00:00,1,2
7a82143150ef0d73e8cc,97,60,train,2024-03-03 17:00:00+00:00,2024-03-03 21:00:00+00:00,1,2
14405a01ed6c0e7af918,97,60,train,2024-03-05 10:00:00+00:00,2024-03-05 13:00:00+00:00,1,2
73ac49237ee52695f062,97,60,train,2024-03-05 14:00:00+00:00,2024-03-05 17:00:00+00:00,1,3
8f7dd7f07750e1ba5a36,97,60,train,2024-03-06 17:00:00+00:00,2024-03-06 23:00:00+00:00,1,1
1ac6ed198d4e5f80d58a,97,60,train,2024-03-10 20:00:00+00:00,2024-03-10 22:00:00+00:00,1,2
b54849d69b6b3211e321,97,60,train,2024-03-11 12:00:00+00:00,2024-03-11 14:00:00+00:00,1,2
053355c5537c1750bd26,97,60,train,2024-03-11 16:00:00+00:00,2024-03-11 18:00:00+00:00,1,3
33a053ee03d34f73b82a,97,60,train,2024-03-11 20:00:00+00:00,2024-03-12 01:00:00+00:00,1,1
58449f59edc0f44f702b,97,60,train,2024-03-14 12:00:00+00:00,2024-03-14 18:00:00+00:00,-1,0
17fbd37025092cc6ab96,97,60,train,2024-03-15 20:00:00+00:00,2024-03-16 01:00:00+00:00,1,1
1067a7dfe794f2161125,97,60,train,2024-03-17 07:00:00+00:00,2024-03-17 11:00:00+00:00,1,2
6629602324d531476db5,97,60,train,2024-03-21 18:00:00+00:00,2024-03-21 21:00:00+00:00,-1,2
ba314201194c566e0d64,97,60,train,2024-03-22 01:00:00+00:00,2024-03-22 03:00:00+00:00,-1,2
c7f1cdcadf1af0fa87bd,97,60,train,2024-03-23 21:00:00+00:00,2024-03-24 01:00:00+00:00,1,2
4b84ed354956b2eae8ad,97,60,train,2024-03-26 07:00:00+00:00,2024-03-26 09:00:00+00:00,1,1
814b9098c62330a4dda0,97,60,train,2024-03-30 21:00:00+00:00,2024-03-30 23:00:00+00:00,1,2
800c0909d552f20b5a9c,97,60,train,2024-03-31 20:00:00+00:00,2024-04-01 01:00:00+00:00,1,1
dde30c54931ea3fbaf04,97,60,train,2024-04-02 00:00:00+00:00,2024-04-02 02:00:00+00:00,1,2
81976215cfd257fc3feb,97,60,train,2024-04-04 13:00:00+00:00,2024-04-04 17:00:00+00:00,-1,2
3025ca99b5d7afe80620,97,60,train,2024-04-04 20:00:00+00:00,2024-04-05 00:00:00+00:00,1,2
f7652f455b42d924ae0d,97,60,validation,2024-07-08 21:00:00+00:00,2024-07-09 01:00:00+00:00,1,2
1f77b984469f618b90fc,97,60,validation,2024-07-11 07:00:00+00:00,2024-07-11 09:00:00+00:00,1,1
114eec302118963cb4bf,97,60,validation,2024-07-12 06:00:00+00:00,2024-07-12 08:00:00+00:00,-1,2
682e762e3f9d52be5c09,97,60,validation,2024-07-12 09:00:00+00:00,2024-07-12 12:00:00+00:00,-1,0
b3db71df1c09b283c554,97,60,validation,2024-07-12 15:00:00+00:00,2024-07-12 17:00:00+00:00,-1,0
6fb9650c4b8f47f7f337,97,60,validation,2024-07-12 18:00:00+00:00,2024-07-12 20:00:00+00:00,0,3
9ae376a9e500a2109406,97,60,validation,2024-07-13 15:00:00+00:00,2024-07-13 19:00:00+00:00,1,2
7deb9919a29933452306,97,60,test,2024-07-14 08:00:00+00:00,2024-07-14 15:00:00+00:00,1,1
0bd555fe2ad065c9e2eb,97,60,test,2024-07-15 00:00:00+00:00,2024-07-15 05:00:00+00:00,-1,0
49c24871777abdaf0e85,97,60,test,2024-07-15 06:00:00+00:00,2024-07-15 08:00:00+00:00,-1,2
d8302e6d8de7ff5c647f,97,60,test,2024-07-15 09:00:00+00:00,2024-07-15 12:00:00+00:00,-1,0
34c1c5627789f8372309,97,60,test,2024-07-15 15:00:00+00:00,2024-07-15 17:00:00+00:00,-1,0
a47423aef815c8f4647b,97,60,test,2024-07-15 18:00:00+00:00,2024-07-15 20:00:00+00:00,0,3
b2e573b289dc3e3731d2,97,60,test,2024-07-16 15:00:00+00:00,2024-07-16 19:00:00+00:00,1,2
70b7cbeca7e96851a6b2,97,60,test,2024-07-16 22:00:00+00:00,2024-07-17 01:00:00+00:00,1,3
e1ff2f9f946df3ad2f9c,97,60,test,2024-07-17 04:00:00+00:00,2024-07-17 10:00:00+00:00,1,3
cb388cb9bff6a6c82794,97,60,test,2024-07-17 14:00:00+00:00,2024-07-18 05:00:00+00:00,-1,0
704e19c41e7b14a9768b,97,60,test,2024-07-18 18:00:00+00:00,2024-07-18 20:00:00+00:00,-1,2
ad2bca77f720372a17d9,97,60,test,2024-07-18 21:00:00+00:00,2024-07-19 15:00:00+00:00,-1,2
5483f83a838f2db56648,97,60,test,2024-07-19 18:00:00+00:00,2024-07-19 20:00:00+00:00,-1,2
59cd9eed6d83e6a09dd9,97,60,test,2024-07-19 21:00:00+00:00,2024-07-20 10:00:00+00:00,-1,2
a3ca57bd79ecac72f2e9,97,60,test,2024-07-21 05:00:00+00:00,2024-07-21 07:00:00+00:00,1,1
f4a1445494eb473a96f0,97,60,test,2024-07-21 13:00:00+00:00,2024-07-21 19:00:00+00:00,-1,0
decfa6bb624019a80e68,97,60,test,2024-07-22 02:00:00+00:00,2024-07-22 05:00:00+00:00,-1,2
a2678dc7ef8dabd04439,97,60,test,2024-07-22 06:00:00+00:00,2024-07-22 11:00:00+00:00,1,1
f00621467fdb0cec3448,97,60,test,2024-07-22 12:00:00+00:00,2024-07-22 17:00:00+00:00,-1,0
4ee2f24e9ecae8a1b042,97,60,test,2024-07-22 21:00:00+00:00,2024-07-22 23:00:00+00:00,-1,3
c1f57c32e84330531f2f,97,60,test,2024-07-23 06:00:00+00:00,2024-07-23 09:00:00+00:00,-1,2
093cb657823f1b83da01,97,60,test,2024-07-23 16:00:00+00:00,2024-07-24 00:00:00+00:00,-1,0
be5ab6216b8d7a9a93dc,97,60,test,2024-07-24 18:00:00+00:00,2024-07-24 20:00:00+00:00,-1,2
a1be22e0b5773fd05f07,97,60,test,2024-07-25 01:00:00+00:00,2024-07-25 04:00:00+00:00,1,1
cd522f196a558eb30306,97,60,test,2024-07-25 06:00:00+00:00,2024-07-25 08:00:00+00:00,-1,3
f97b2fd48c7ea9277b38,97,60,test,2024-07-25 20:00:00+00:00,2024-07-26 04:00:00+00:00,-1,2
362848350f188785cae7,97,60,test,2024-07-27 05:00:00+00:00,2024-07-27 13:00:00+00:00,-1,2
babb3caea50cad704f0c,97,60,test,2024-07-27 18:00:00+00:00,2024-07-27 22:00:00+00:00,1,1
f3489efa102bad4d1bc7,97,60,test,2024-07-28 02:00:00+00:00,2024-07-28 06:00:00+00:00,-1,3
d1354df874f44c72aa44,97,60,test,2024-07-28 09:00:00+00:00,2024-07-28 21:00:00+00:00,-1,2
731a050db94fcb181de5,97,60,test,2024-07-29 02:00:00+00:00,2024-07-29 04:00:00+00:00,-1,3
f2d21d8745838bb1fcf6,97,60,test,2024-07-29 08:00:00+00:00,2024-07-29 12:00:00+00:00,1,2
2cce8100516808ad3b13,97,60,test,2024-07-29 14:00:00+00:00,2024-07-29 17:00:00+00:00,-1,3
3389a8504b2c413afbd2,97,60,test,2024-07-30 08:00:00+00:00,2024-07-30 11:00:00+00:00,1,1
11bd1f0cd074ad0a924a,97,60,test,2024-07-30 13:00:00+00:00,2024-07-30 16:00:00+00:00,1,1
a7a3d826b0eb2d925915,97,60,test,2024-07-30 17:00:00+00:00,2024-07-30 20:00:00+00:00,1,3
4d66136fe229f5e63efc,97,60,test,2024-07-31 06:00:00+00:00,2024-07-31 10:00:00+00:00,1,1
63ee8e986b7a36df065a,97,60,test,2024-07-31 11:00:00+00:00,2024-07-31 14:00:00+00:00,-1,0
f95b2e4701add75d7b59,97,60,test,2024-07-31 16:00:00+00:00,2024-07-31 19:00:00+00:00,-1,0
fa0fdc4a00e3d588b646,97,60,test,2024-07-31 22:00:00+00:00,2024-08-01 00:00:00+00:00,1,3
3bcea0bdda393d079a9a,97,60,test,2024-08-01 01:00:00+00:00,2024-08-01 05:00:00+00:00,-1,2
564614436f2140470e04,97,60,test,2024-08-01 06:00:00+00:00,2024-08-01 08:00:00+00:00,-1,0
8b811f9303b591706744,97,60,test,2024-08-01 09:00:00+00:00,2024-08-01 11:00:00+00:00,-1,3
e00ace27897c381a5608,97,60,test,2024-08-02 10:00:00+00:00,2024-08-02 18:00:00+00:00,-1,0
3dc94a6198095a3cc322,97,60,test,2024-08-03 15:00:00+00:00,2024-08-03 17:00:00+00:00,-1,3
8b26912006cd1c937a4b,97,60,test,2024-08-03 19:00:00+00:00,2024-08-03 22:00:00+00:00,-1,2
47fbc3422604a4579a55,97,60,test,2024-08-04 03:00:00+00:00,2024-08-04 06:00:00+00:00,1,3
13e21c36028b3cf9474e,97,60,test,2024-08-04 18:00:00+00:00,2024-08-04 21:00:00+00:00,1,2
1c4f544ffd2890a5f0a8,97,60,test,2024-08-04 22:00:00+00:00,2024-08-05 01:00:00+00:00,-1,3
b9fbb6baae191c72ddbf,97,60,test,2024-08-05 09:00:00+00:00,2024-08-05 12:00:00+00:00,-1,1
6a7e58b9d301c4b6ef42,97,60,test,2024-08-05 13:00:00+00:00,2024-08-05 18:00:00+00:00,-1,0
ff4433f3f434fdb669a4,97,60,test,2024-08-06 16:00:00+00:00,2024-08-07 00:00:00+00:00,-1,2
af38fc3d43b7b274ab61,97,60,test,2024-08-07 11:00:00+00:00,2024-08-07 15:00:00+00:00,1,1
b4e1f66ee2d9e8f69850,97,60,test,2024-08-07 20:00:00+00:00,2024-08-08 00:00:00+00:00,1,3
814ab079bcc3f482614f,97,60,test,2024-08-08 08:00:00+00:00,2024-08-08 11:00:00+00:00,1,2
300f447926495f4a455b,97,60,test,2024-08-08 12:00:00+00:00,2024-08-08 15:00:00+00:00,1,3
88498018da5f6f39be72,97,60,test,2024-08-08 16:00:00+00:00,2024-08-08 19:00:00+00:00,1,1
150f73179529ab4790c6,97,60,test,2024-08-08 21:00:00+00:00,2024-08-09 01:00:00+00:00,-1,3
110da3696dd069d017ab,97,60,test,2024-08-11 19:00:00+00:00,2024-08-11 21:00:00+00:00,1,1
45db73845d81a4cbd9e8,97,60,test,2024-08-12 02:00:00+00:00,2024-08-12 05:00:00+00:00,1,1
0ccae832c7b04094dde6,97,60,test,2024-08-12 09:00:00+00:00,2024-08-12 15:00:00+00:00,-1,0
a1f71a955ca80c100004,97,60,test,2024-08-12 21:00:00+00:00,2024-08-13 03:00:00+00:00,1,1
a34d1f24a41d774bc61e,97,60,test,2024-08-13 04:00:00+00:00,2024-08-13 09:00:00+00:00,-1,0
cf5891b69f10c9147175,97,60,test,2024-08-13 22:00:00+00:00,2024-08-14 02:00:00+00:00,1,1
6d7a0ca0737bd5841d69,97,60,test,2024-08-14 03:00:00+00:00,2024-08-14 09:00:00+00:00,1,3
2bc4e9746121a28e999d,97,60,test,2024-08-14 12:00:00+00:00,2024-08-14 14:00:00+00:00,1,3
813da1823b1b020b6475,97,60,test,2024-08-15 06:00:00+00:00,2024-08-15 09:00:00+00:00,-1,2
e22f02ccd9f6a312e12d,97,60,test,2024-08-15 10:00:00+00:00,2024-08-15 12:00:00+00:00,-1,3
4cf4f05022a21df81e1a,97,60,test,2024-08-15 16:00:00+00:00,2024-08-15 18:00:00+00:00,1,2
6c5e2274b4ee45e22cb2,97,60,test,2024-08-16 02:00:00+00:00,2024-08-16 05:00:00+00:00,-1,3
daba60ea7c4ad328b7f6,97,60,test,2024-08-16 17:00:00+00:00,2024-08-16 20:00:00+00:00,1,2
cb321baf04ba588d7dbc,97,60,test,2024-08-17 00:00:00+00:00,2024-08-17 06:00:00+00:00,-1,0
d0092d3719c1b4d3b2f0,97,60,test,2024-08-17 17:00:00+00:00,2024-08-17 21:00:00+00:00,1,1
0dea0df2113ebb520b69,98,60,train,2024-02-26 19:00:00+00:00,2024-02-26 21:00:00+00:00,1,3
25943478f7d7e66f725b,98,60,train,2024-02-27 21:00:00+00:00,2024-02-28 00:00:00+00:00,1,2
f1a92e2a3e92da52c184,98,60,train,2024-02-28 16:00:00+00:00,2024-02-28 20:00:00+00:00,-1,2
961e9ed84f1efda9dc8b,98,60,train,2024-02-28 22:00:00+00:00,2024-02-29 01:00:00+00:00,-1,3
9d672f057e680df2afcc,98,60,train,2024-03-03 16:00:00+00:00,2024-03-03 21:00:00+00:00,1,1
7e10eca667c63bd7ab30,98,60,train,2024-03-06 18:00:00+00:00,2024-03-06 20:00:00+00:00,1,2
c8625adfb6fd616c1e80,98,60,train,2024-03-11 21:00:00+00:00,2024-03-12 01:00:00+00:00,1,1
21b5dbb2f2db880d6d36,98,60,train,2024-03-13 18:00:00+00:00,2024-03-13 23:00:00+00:00,1,2
0a0d46df01876e06abd4,98,60,train,2024-03-14 15:00:00+00:00,2024-03-14 18:00:00+00:00,1,3
d2d795abbb30e09a9c51,98,60,train,2024-03-15 20:00:00+00:00,2024-03-16 01:00:00+00:00,1,1
fc47da7844eae2a76cf4,98,60,train,2024-03-16 02:00:00+00:00,2024-03-16 06:00:00+00:00,1,3
1547755a3e0d17dd70cb,98,60,train,2024-03-17 00:00:00+00:00,2024-03-17 02:00:00+00:00,-1,2
49a51fb53f99e8db1437,98,60,train,2024-03-17 04:00:00+00:00,2024-03-17 06:00:00+00:00,-1,3
a79c7394031d12f71cb5,98,60,train,2024-03-17 08:00:00+00:00,2024-03-17 11:00:00+00:00,-1,2
7541ca81d0db555e6cf4,98,60,train,2024-03-18 12:00:00+00:00,2024-03-18 15:00:00+00:00,-1,3
28d61f9c9f911dd9b5bf,98,60,train,2024-03-21 20:00:00+00:00,2024-03-21 23:00:00+00:00,1,1
1282f233541dd37d0be6,98,60,train,2024-04-01 23:00:00+00:00,2024-04-02 01:00:00+00:00,-1,2
f6204f894253301089eb,98,60,train,2024-04-02 02:00:00+00:00,2024-04-02 04:00:00+00:00,1,3
4fa31d05b7742c83484f,98,60,train,2024-04-03 21:00:00+00:00,2024-04-03 23:00:00+00:00,-1,0
b9a810d4005491c97cb9,98,60,train,2024-04-04 12:00:00+00:00,2024-04-04 19:00:00+00:00,-1,1
1378fd8ba5c922be52ba,98,60,train,2024-04-04 20:00:00+00:00,2024-04-05 00:00:00+00:00,1,2
ed4545fd576ab88369ad,98,60,validation,2024-07-12 06:00:00+00:00,2024-07-12 11:00:00+00:00,-1,0
0ec6cba6de2c674f9581,98,60,validation,2024-07-12 18:00:00+00:00,2024-07-12 21:00:00+00:00,-1,3
b320205062c4743d72de,98,60,validation,2024-07-13 15:00:00+00:00,2024-07-13 19:00:00+00:00,-1,2
8fd05fca8706baa73c21,98,60,test,2024-07-14 11:00:00+00:00,2024-07-14 18:00:00+00:00,1,1
997d0a9d13df3a7502ac,98,60,test,2024-07-15 01:00:00+00:00,2024-07-15 05:00:00+00:00,1,3
60a274e946a88c337ed2,98,60,test,2024-07-15 06:00:00+00:00,2024-07-15 11:00:00+00:00,-1,0
5c2d6df6244aa8dff29c,98,60,test,2024-07-15 18:00:00+00:00,2024-07-15 21:00:00+00:00,-1,3
0b256d07edfdb1d2757c,98,60,test,2024-07-16 15:00:00+00:00,2024-07-16 19:00:00+00:00,-1,2
51fa30ba76d19f2609f4,98,60,test,2024-07-16 21:00:00+00:00,2024-07-17 01:00:00+00:00,-1,0
a0dedb660cf293a1e535,98,60,test,2024-07-17 02:00:00+00:00,2024-07-17 04:00:00+00:00,-1,0
eaa6d517732dd283c8a5,98,60,test,2024-07-17 05:00:00+00:00,2024-07-17 08:00:00+00:00,1,3
738c60ece486219d410d,98,60,test,2024-07-17 09:00:00+00:00,2024-07-17 12:00:00+00:00,-1,0
7051d6347ca418829683,98,60,test,2024-07-17 14:00:00+00:00,2024-07-18 00:00:00+00:00,1,2
ae2ccef3e1dcc50b5856,98,60,test,2024-07-18 01:00:00+00:00,2024-07-18 04:00:00+00:00,-1,3
a5a6bd85f9f7169ec8a9,98,60,test,2024-07-18 13:00:00+00:00,2024-07-18 16:00:00+00:00,1,1
2b5d5f493f81ec1b8b7b,98,60,test,2024-07-18 17:00:00+00:00,2024-07-18 20:00:00+00:00,1,3
c909979300c0fbebec8f,98,60,test,2024-07-18 22:00:00+00:00,2024-07-19 07:00:00+00:00,-1,0
182866bdf0b123c66ba1,98,60,test,2024-07-19 08:00:00+00:00,2024-07-19 14:00:00+00:00,-1,0
decd5707ea4a966e66ce,98,60,test,2024-07-19 17:00:00+00:00,2024-07-19 20:00:00+00:00,1,3
4400de3c721362aa74c5,98,60,test,2024-07-19 22:00:00+00:00,2024-07-20 07:00:00+00:00,-1,0
764ef0ed98eca7a102ce,98,60,test,2024-07-20 14:00:00+00:00,2024-07-20 16:00:00+00:00,1,3
5476a817641f563cdd6f,98,60,test,2024-07-21 07:00:00+00:00,2024-07-21 09:00:00+00:00,1,1
df9b29fb1094cab6dfee,98,60,test,2024-07-21 11:00:00+00:00,2024-07-21 13:00:00+00:00,1,3
97fae07ed16c8fdc1eea,98,60,test,2024-07-21 14:00:00+00:00,2024-07-21 16:00:00+00:00,-1,0
d47bcc21c4f9f6a51c7e,98,60,test,2024-07-21 17:00:00+00:00,2024-07-21 19:00:00+00:00,1,3
df0075bce98030ce0ff2,98,60,test,2024-07-21 22:00:00+00:00,2024-07-22 01:00:00+00:00,1,3
350adfa45de25ab80e97,98,60,test,2024-07-22 02:00:00+00:00,2024-07-22 04:00:00+00:00,-1,2
0432c3776bd1a1ba9c9e,98,60,test,2024-07-22 07:00:00+00:00,2024-07-22 10:00:00+00:00,-1,2
0bb5391d755b744bd808,98,60,test,2024-07-22 15:00:00+00:00,2024-07-22 18:00:00+00:00,1,3
259152d7a26e2612bd38,98,60,test,2024-07-23 08:00:00+00:00,2024-07-23 10:00:00+00:00,1,2
d294762b67fff6ecf0ca,98,60,test,2024-07-23 16:00:00+00:00,2024-07-24 00:00:00+00:00,-1,2
24ff3dc9cdab1f0859a0,98,60,test,2024-07-24 18:00:00+00:00,2024-07-24 20:00:00+00:00,-1,2
1af9940452aaba953d7b,98,60,test,2024-07-25 06:00:00+00:00,2024-07-25 08:00:00+00:00,-1,3
74c2a8cafd1069aaae34,98,60,test,2024-07-25 19:00:00+00:00,2024-07-25 23:00:00+00:00,1,1
ba3f5767b50fe9be4ce6,98,60,test,2024-07-26 00:00:00+00:00,2024-07-26 03:00:00+00:00,-1,3
97d9379b455580721297,98,60,test,2024-07-27 04:00:00+00:00,2024-07-27 17:00:00+00:00,-1,1
0711512427eeaaf3d170,98,60,test,2024-07-28 11:00:00+00:00,2024-07-28 19:00:00+00:00,-1,2
b0d8cf629f368b349172,98,60,test,2024-07-29 02:00:00+00:00,2024-07-29 05:00:00+00:00,-1,3
b9b415944dc52f663501,98,60,test,2024-07-29 09:00:00+00:00,2024-07-29 17:00:00+00:00,-1,2
a38aba22b964ad8452d5,98,60,test,2024-07-30 07:00:00+00:00,2024-07-30 09:00:00+00:00,1,2
38e8d2001cd0635ede4e,98,60,test,2024-07-30 17:00:00+00:00,2024-07-30 20:00:00+00:00,1,3
daa0ffbcdc747fdb3ffe,98,60,test,2024-07-31 08:00:00+00:00,2024-07-31 12:00:00+00:00,1,1
da7fb5ae45b3a4c35ea3,98,60,test,2024-07-31 16:00:00+00:00,2024-07-31 18:00:00+00:00,-1,2
27b6d8fd5498e82be24e,98,60,test,2024-08-01 03:00:00+00:00,2024-08-01 05:00:00+00:00,1,3
9bee083c723a2c9083b7,98,60,test,2024-08-01 06:00:00+00:00,2024-08-01 08:00:00+00:00,1,3
bad9b5737481071bde61,98,60,test,2024-08-02 07:00:00+00:00,2024-08-02 12:00:00+00:00,1,2
84ee602aaf86c304ab21,98,60,test,2024-08-02 14:00:00+00:00,2024-08-02 16:00:00+00:00,1,3
53042359d2d616f37b91,98,60,test,2024-08-03 19:00:00+00:00,2024-08-03 21:00:00+00:00,1,2
e3258c739500011f4010,98,60,test,2024-08-04 03:00:00+00:00,2024-08-04 06:00:00+00:00,-1,3
f6618b84fd1328310826,98,60,test,2024-08-04 18:00:00+00:00,2024-08-04 21:00:00+00:00,-1,2
1bbdf4f059ffcafba3c7,98,60,test,2024-08-04 22:00:00+00:00,2024-08-05 01:00:00+00:00,-1,3
db427083d15e6db4c8fb,98,60,test,2024-08-05 08:00:00+00:00,2024-08-05 11:00:00+00:00,1,2
63dfc55a9ef282560a6a,98,60,test,2024-08-05 15:00:00+00:00,2024-08-05 18:00:00+00:00,0,3
7ffa47ac2ff775b6a108,98,60,test,2024-08-06 18:00:00+00:00,2024-08-07 00:00:00+00:00,-1,0
a450eb24114f0ffa5715,98,60,test,2024-08-07 11:00:00+00:00,2024-08-07 18:00:00+00:00,1,1
5d7d0ee5969e8716cc28,98,60,test,2024-08-07 20:00:00+00:00,2024-08-08 00:00:00+00:00,1,3
3947a1265f1971623fa1,98,60,test,2024-08-08 08:00:00+00:00,2024-08-08 10:00:00+00:00,-1,2
5b664feae66dfa387e50,98,60,test,2024-08-08 12:00:00+00:00,2024-08-08 15:00:00+00:00,1,3
557493efe9e1ac34d543,98,60,test,2024-08-08 16:00:00+00:00,2024-08-08 20:00:00+00:00,1,2
7a38f253ceb9ea0792d1,98,60,test,2024-08-10 07:00:00+00:00,2024-08-10 09:00:00+00:00,-1,2
d99a80601384e021d63b,98,60,test,2024-08-12 02:00:00+00:00,2024-08-12 04:00:00+00:00,1,2
91bd392479c07625a8ef,98,60,test,2024-08-12 09:00:00+00:00,2024-08-12 15:00:00+00:00,-1,0
bc4a3fd3e817f4b132ab,98,60,test,2024-08-12 21:00:00+00:00,2024-08-13 08:00:00+00:00,-1,1
f76507a478699a6addc6,98,60,test,2024-08-13 22:00:00+00:00,2024-08-14 02:00:00+00:00,1,2
b9c2c5c01ec2d931aefd,98,60,test,2024-08-14 03:00:00+00:00,2024-08-14 08:00:00+00:00,-1,3
437d152c3963a97f66f6,98,60,test,2024-08-16 22:00:00+00:00,2024-08-17 01:00:00+00:00,-1,2
8c84c877fcabe87e786b,98,60,test,2024-08-17 02:00:00+00:00,2024-08-17 06:00:00+00:00,-1,0
32cbe5f4914eb9abb8b9,98,60,test,2024-08-17 17:00:00+00:00,2024-08-17 21:00:00+00:00,1,2
9946e628680d7094fd2c,99,60,train,2024-02-26 18:00:00+00:00,2024-02-26 22:00:00+00:00,-1,2
ac3a2075d4ebbf18146b,99,60,train,2024-02-27 14:00:00+00:00,2024-02-27 20:00:00+00:00,1,1
7f8e0f349a504ac0d296,99,60,train,2024-02-27 21:00:00+00:00,2024-02-28 00:00:00+00:00,1,2
57445e3beef780ae01db,99,60,train,2024-02-28 14:00:00+00:00,2024-02-28 20:00:00+00:00,1,1
f7a43735a0cd0c483806,99,60,train,2024-03-03 16:00:00+00:00,2024-03-03 19:00:00+00:00,1,1
69453fd3dd75023a94b1,99,60,train,2024-03-04 16:00:00+00:00,2024-03-04 18:00:00+00:00,-1,2
fa9c4727b364b9a20802,99,60,train,2024-03-05 10:00:00+00:00,2024-03-05 13:00:00+00:00,1,2
4e910bbbda8e0d71e8d2,99,60,train,2024-03-05 15:00:00+00:00,2024-03-05 17:00:00+00:00,1,3
b33a936f8e1b34b449be,99,60,train,2024-03-06 18:00:00+00:00,2024-03-06 20:00:00+00:00,1,2
99bb3286d2e7ea875551,99,60,train,2024-03-06 21:00:00+00:00,2024-03-06 23:00:00+00:00,-1,2
2b725adc10c361bb5802,99,60,train,2024-03-07 00:00:00+00:00,2024-03-07 06:00:00+00:00,-1,0
9c40165211a26825e771,99,60,train,2024-03-11 12:00:00+00:00,2024-03-11 14:00:00+00:00,1,2
90b1f4faf18bd42d6219,99,60,train,2024-03-11 16:00:00+00:00,2024-03-11 18:00:00+00:00,1,3
a724abf4adaeef9a14c2,99,60,train,2024-03-11 20:00:00+00:00,2024-03-12 01:00:00+00:00,1,1
5f8ad70b09ea94a5b50f,99,60,train,2024-03-12 02:00:00+00:00,2024-03-12 07:00:00+00:00,-1,3
c3aa531406c4a00769f8,99,60,train,2024-03-14 13:00:00+00:00,2024-03-14 18:00:00+00:00,-1,0
26b01f00ac7a2ff846ee,99,60,train,2024-03-15 19:00:00+00:00,2024-03-16 01:00:00+00:00,1,1
b3b1041ef56c4737a9ce,99,60,train,2024-03-16 02:00:00+00:00,2024-03-16 07:00:00+00:00,-1,0
0b8ef6df2f8e41d912f7,99,60,train,2024-03-16 11:00:00+00:00,2024-03-16 13:00:00+00:00,1,2
df06c12a08fdaf6b72e4,99,60,train,2024-03-16 19:00:00+00:00,2024-03-16 21:00:00+00:00,1,3
57ad0b58173af113e2d5,99,60,train,2024-03-16 22:00:00+00:00,2024-03-17 01:00:00+00:00,1,1
13fb1d044cccb947e9d7,99,60,train,2024-03-17 04:00:00+00:00,2024-03-17 06:00:00+00:00,-1,3
1686780d2293de0a3986,99,60,train,2024-03-17 08:00:00+00:00,2024-03-17 10:00:00+00:00,1,2
a4c12c1b983749f8beae,99,60,train,2024-03-17 23:00:00+00:00,2024-03-18 01:00:00+00:00,-1,2
9e9ea589f7341790f960,99,60,train,2024-03-18 12:00:00+00:00,2024-03-18 14:00:00+00:00,-1,3
f396fb404f215f987f44,99,60,train,2024-03-21 20:00:00+00:00,2024-03-21 23:00:00+00:00,1,1
db90924cbfeca19573ce,99,60,train,2024-03-23 19:00:00+00:00,2024-03-23 21:00:00+00:00,-1,0
d3bf4ee4d66fe172f987,99,60,train,2024-03-25 11:00:00+00:00,2024-03-25 18:00:00+00:00,-1,0
460bb2c896a8d7c2ea34,99,60,train,2024-03-28 12:00:00+00:00,2024-03-28 14:00:00+00:00,1,2
dc8fc4e160717eb52cc4,99,60,train,2024-03-28 16:00:00+00:00,2024-03-28 18:00:00+00:00,-1,3
47af319efcf61d4e6a83,99,60,train,2024-03-29 18:00:00+00:00,2024-03-29 20:00:00+00:00,1,2
72bb583601f795e94c29,99,60,train,2024-04-01 23:00:00+00:00,2024-04-02 01:00:00+00:00,-1,2
2801fdfd93f3d88e9d2b,99,60,train,2024-04-02 02:00:00+00:00,2024-04-02 06:00:00+00:00,-1,3
dd4d2b2a690a3a9568a0,99,60,train,2024-04-03 20:00:00+00:00,2024-04-03 23:00:00+00:00,-1,2
7d67bfd42f5ca129e6b8,99,60,train,2024-04-04 13:00:00+00:00,2024-04-04 16:00:00+00:00,-1,2
69d0eb8d719d3febf574,99,60,train,2024-04-04 17:00:00+00:00,2024-04-04 19:00:00+00:00,-1,3
16843162c0a7218ffec3,99,60,validation,2024-07-10 11:00:00+00:00,2024-07-10 18:00:00+00:00,-1,0
8e1604bcf23db65f46f0,99,60,validation,2024-07-12 06:00:00+00:00,2024-07-12 11:00:00+00:00,-1,0
bb0939359e1762bdda85,99,60,validation,2024-07-12 16:00:00+00:00,2024-07-12 18:00:00+00:00,-1,3
c4de62297c8d6010078e,99,60,validation,2024-07-12 19:00:00+00:00,2024-07-12 21:00:00+00:00,1,3
cc2469890106dd95f5c7,99,60,validation,2024-07-13 14:00:00+00:00,2024-07-13 17:00:00+00:00,1,1
12d58a8adb8a4ccb1182,99,60,validation,2024-07-13 20:00:00+00:00,2024-07-13 22:00:00+00:00,-1,2
d3c11f651ebf97502c3f,99,60,test,2024-07-14 09:00:00+00:00,2024-07-14 14:00:00+00:00,1,1
8c0b2a37505ff02f6d4a,99,60,test,2024-07-14 15:00:00+00:00,2024-07-14 17:00:00+00:00,-1,2
880b713d24183ac46858,99,60,test,2024-07-14 23:00:00+00:00,2024-07-15 05:00:00+00:00,-1,0
50d893d2306f2dc01356,99,60,test,2024-07-15 06:00:00+00:00,2024-07-15 11:00:00+00:00,-1,0
4d167cabd0cb2f29f029,99,60,test,2024-07-15 16:00:00+00:00,2024-07-15 18:00:00+00:00,-1,3
fe4044c2ae30246bde15,99,60,test,2024-07-15 19:00:00+00:00,2024-07-15 21:00:00+00:00,1,3
b1f7eb816726cdf3d137,99,60,test,2024-07-16 14:00:00+00:00,2024-07-16 17:00:00+00:00,1,1
f5f9a0e39cc08c5885a3,99,60,test,2024-07-16 20:00:00+00:00,2024-07-16 22:00:00+00:00,-1,2
1e4518c5a53999e6a708,99,60,test,2024-07-16 23:00:00+00:00,2024-07-17 01:00:00+00:00,-1,3
f70b43c795df51714992,99,60,test,2024-07-17 05:00:00+00:00,2024-07-17 08:00:00+00:00,-1,3
6975284ee73d31f88c45,99,60,test,2024-07-17 09:00:00+00:00,2024-07-17 11:00:00+00:00,-1,0
7e23c8d705814fb73172,99,60,test,2024-07-17 12:00:00+00:00,2024-07-17 17:00:00+00:00,1,1
54d2ce901919c08870b8,99,60,test,2024-07-17 21:00:00+00:00,2024-07-18 00:00:00+00:00,1,2
6e9478695e91c232ba36,99,60,test,2024-07-18 01:00:00+00:00,2024-07-18 05:00:00+00:00,-1,3
609b86f97d084ac7d9c9,99,60,test,2024-07-18 13:00:00+00:00,2024-07-18 16:00:00+00:00,1,1
eb4116f46e763c33d432,99,60,test,2024-07-18 22:00:00+00:00,2024-07-19 07:00:00+00:00,-1,0
7a7be6a2670c89c81362,99,60,test,2024-07-19 22:00:00+00:00,2024-07-20 07:00:00+00:00,-1,0
9bca295a81bbcb392109,99,60,test,2024-07-21 06:00:00+00:00,2024-07-21 08:00:00+00:00,1,2
4272b7f8a7fcba818ca4,99,60,test,2024-07-21 23:00:00+00:00,2024-07-22 01:00:00+00:00,1,3
19d38d1360067036ffdd,99,60,test,2024-07-22 02:00:00+00:00,2024-07-22 04:00:00+00:00,-1,2
a2e374f06c014851093a,99,60,test,2024-07-22 08:00:00+00:00,2024-07-22 11:00:00+00:00,-1,2
e4db0cf6481340b8a971,99,60,test,2024-07-22 15:00:00+00:00,2024-07-22 17:00:00+00:00,1,3
4f5082ee57b2355c07ba,99,60,test,2024-07-23 07:00:00+00:00,2024-07-23 11:00:00+00:00,1,1
989358d2963899fddffe,99,60,test,2024-07-23 12:00:00+00:00,2024-07-24 00:00:00+00:00,-1,3
ebf5abf2401fd1e82e9b,99,60,test,2024-07-24 18:00:00+00:00,2024-07-24 20:00:00+00:00,1,2
47064e38feb14bfa1f76,99,60,test,2024-07-25 06:00:00+00:00,2024-07-25 09:00:00+00:00,-1,3
37f1408262307566eeab,99,60,test,2024-07-25 20:00:00+00:00,2024-07-25 23:00:00+00:00,-1,2
a647b4d7cf06e52b57fd,99,60,test,2024-07-26 00:00:00+00:00,2024-07-26 03:00:00+00:00,-1,3
aa86bb8e11731114838e,99,60,test,2024-07-27 05:00:00+00:00,2024-07-27 09:00:00+00:00,1,1
6dc27f548240a8258cb1,99,60,test,2024-07-27 10:00:00+00:00,2024-07-27 13:00:00+00:00,-1,3
b38ea47b1306f6bb92f3,99,60,test,2024-07-28 12:00:00+00:00,2024-07-28 16:00:00+00:00,1,2
a86bb94c88795fe1dcaf,99,60,test,2024-07-29 02:00:00+00:00,2024-07-29 04:00:00+00:00,-1,3
c9f7a7a0e030e3e7d931,99,60,test,2024-07-30 13:00:00+00:00,2024-07-30 16:00:00+00:00,1,1
23c77b905ea4c5ec083a,99,60,test,2024-07-30 17:00:00+00:00,2024-07-30 20:00:00+00:00,1,3
a9743cd3c3c478d49287,99,60,test,2024-07-31 06:00:00+00:00,2024-07-31 08:00:00+00:00,1,1
f7f234363851322a53c0,99,60,test,2024-07-31 20:00:00+00:00,2024-08-01 02:00:00+00:00,-1,0
28c7eeafcc1a0e432cf0,99,60,test,2024-08-01 03:00:00+00:00,2024-08-01 05:00:00+00:00,-1,3
0093c1ddb4057ac358b8,99,60,test,2024-08-01 06:00:00+00:00,2024-08-01 08:00:00+00:00,-1,3
abda0f73bcfc85a0eca9,99,60,test,2024-08-02 08:00:00+00:00,2024-08-02 12:00:00+00:00,1,2
60621dd7555fa1fd4b01,99,60,test,2024-08-02 14:00:00+00:00,2024-08-02 17:00:00+00:00,-1,3
21c3082ae62b7dae284c,99,60,test,2024-08-03 19:00:00+00:00,2024-08-03 21:00:00+00:00,1,2
b00e9275bcbb24da3382,99,60,test,2024-08-04 18:00:00+00:00,2024-08-04 20:00:00+00:00,1,2
c9e6cb4a627296c1e4c9,99,60,test,2024-08-04 22:00:00+00:00,2024-08-05 00:00:00+00:00,-1,3
5f1e1ea57f66155c9809,99,60,test,2024-08-05 09:00:00+00:00,2024-08-05 12:00:00+00:00,-1,2
8a16098d43d0bf22bf01,99,60,test,2024-08-05 14:00:00+00:00,2024-08-05 16:00:00+00:00,-1,0
8bfd45c9e38f5f28f64b,99,60,test,2024-08-06 18:00:00+00:00,2024-08-06 20:00:00+00:00,1,2
5c46245b13f92a5ca157,99,60,test,2024-08-06 22:00:00+00:00,2024-08-07 00:00:00+00:00,-1,3
ef0419a10d104546b8a1,99,60,test,2024-08-07 12:00:00+00:00,2024-08-07 17:00:00+00:00,1,1
6725e317768d82b59498,99,60,test,2024-08-07 20:00:00+00:00,2024-08-08 00:00:00+00:00,1,3
5e397256e9292d6758bd,99,60,test,2024-08-08 07:00:00+00:00,2024-08-08 11:00:00+00:00,1,1
2f1db6e9e6179b17de1a,99,60,test,2024-08-08 12:00:00+00:00,2024-08-08 15:00:00+00:00,1,3
1e826a2e449868516733,99,60,test,2024-08-08 16:00:00+00:00,2024-08-08 20:00:00+00:00,1,1
f49164612f77d60dc857,99,60,test,2024-08-08 22:00:00+00:00,2024-08-09 00:00:00+00:00,-1,3
ed6ee2fd8172dd9c8158,99,60,test,2024-08-09 06:00:00+00:00,2024-08-09 08:00:00+00:00,1,2
ed2b4f30888d9e2acf79,99,60,test,2024-08-09 10:00:00+00:00,2024-08-09 12:00:00+00:00,1,3
6b8a0034fc7ba4468c1e,99,60,test,2024-08-10 06:00:00+00:00,2024-08-10 08:00:00+00:00,1,2
dbca9f5910f97023c5ec,99,60,test,2024-08-10 10:00:00+00:00,2024-08-10 12:00:00+00:00,-1,3
9824417eb2c50a5d0399,99,60,test,2024-08-12 07:00:00+00:00,2024-08-12 10:00:00+00:00,-1,2
c50c77732f081106f629,99,60,test,2024-08-12 11:00:00+00:00,2024-08-12 14:00:00+00:00,-1,3
dd50b34bc3436ffbf3b2,99,60,test,2024-08-12 21:00:00+00:00,2024-08-13 03:00:00+00:00,1,1
ded02bc1c203b8825c36,99,60,test,2024-08-13 04:00:00+00:00,2024-08-13 09:00:00+00:00,-1,3
bc3437b40c7407a96ff2,99,60,test,2024-08-13 22:00:00+00:00,2024-08-14 02:00:00+00:00,1,1
15188126e95314215d6c,99,60,test,2024-08-14 03:00:00+00:00,2024-08-14 07:00:00+00:00,-1,3
777878d2270491903b1a,99,60,test,2024-08-14 12:00:00+00:00,2024-08-14 14:00:00+00:00,1,3
68f810e84121c44d1d1d,99,60,test,2024-08-16 22:00:00+00:00,2024-08-17 00:00:00+00:00,-1,2
bc8ea5f9ecb3c29909ac,99,60,test,2024-08-17 02:00:00+00:00,2024-08-17 06:00:00+00:00,-1,3
93bb0632b79b080435d3,99,60,test,2024-08-17 18:00:00+00:00,2024-08-17 21:00:00+00:00,1,2
3f3970464740dc4cdadc,100,60,train,2024-02-26 19:00:00+00:00,2024-02-26 21:00:00+00:00,-1,0
1442c860f1e3a43291e1,100,60,train,2024-02-27 16:00:00+00:00,2024-02-27 18:00:00+00:00,-1,2
816d3c46dd27c9104710,100,60,train,2024-02-27 22:00:00+00:00,2024-02-28 00:00:00+00:00,1,2
93c84e70bbdaf2da9ecf,100,60,train,2024-02-28 16:00:00+00:00,2024-02-28 19:00:00+00:00,-1,2
59fa329105642e2445f5,100,60,train,2024-03-03 14:00:00+00:00,2024-03-03 19:00:00+00:00,1,2
520465d50ff962df817b,100,60,train,2024-03-04 21:00:00+00:00,2024-03-05 01:00:00+00:00,1,2
4543fa8dc5baff7cb277,100,60,train,2024-03-05 02:00:00+00:00,2024-03-05 07:00:00+00:00,-1,0
ffa380c8829287e5c750,100,60,train,2024-03-05 09:00:00+00:00,2024-03-05 13:00:00+00:00,1,2
18e7eb1b2aaa9e4c766a,100,60,train,2024-03-05 15:00:00+00:00,2024-03-05 17:00:00+00:00,1,3
e3f7ffe061616870c564,100,60,train,2024-03-06 18:00:00+00:00,2024-03-06 23:00:00+00:00,1,1
1fc9e19506f92208aa9b,100,60,train,2024-03-11 21:00:00+00:00,2024-03-12 01:00:00+00:00,1,1
ab733ba53459921e759a,100,60,train,2024-03-14 15:00:00+00:00,2024-03-14 18:00:00+00:00,1,3
85f4d0450d1678cd753c,100,60,train,2024-03-15 21:00:00+00:00,2024-03-16 01:00:00+00:00,1,2
c7c0d1f9f2494764f282,100,60,train,2024-03-16 02:00:00+00:00,2024-03-16 06:00:00+00:00,1,3
d926813c3d3f6a980318,100,60,train,2024-03-16 18:00:00+00:00,2024-03-16 21:00:00+00:00,-1,0
d815fc95bc359847bcc4,100,60,train,2024-03-16 22:00:00+00:00,2024-03-17 01:00:00+00:00,1,1
2ea60d8ab975882220f8,100,60,train,2024-03-21 20:00:00+00:00,2024-03-21 22:00:00+00:00,1,1
c0649f2ab3408819cf5b,100,60,train,2024-03-23 14:00:00+00:00,2024-03-23 16:00:00+00:00,1,3
b3d6658dceacca467535,100,60,train,2024-03-23 17:00:00+00:00,2024-03-23 21:00:00+00:00,-1,2
04bae02b9fbb7e2aad22,100,60,train,2024-03-26 02:00:00+00:00,2024-03-26 04:00:00+00:00,1,1
6a2026f17609ed7693e7,100,60,train,2024-03-26 06:00:00+00:00,2024-03-26 08:00:00+00:00,-1,3
3f9ee6758fb28a937974,100,60,train,2024-03-28 13:00:00+00:00,2024-03-28 15:00:00+00:00,-1,2
c11b91957fe241048330,100,60,train,2024-03-28 16:00:00+00:00,2024-03-28 18:00:00+00:00,-1,3
5531f3a85dce7fa3602b,100,60,train,2024-03-29 16:00:00+00:00,2024-03-29 20:00:00+00:00,-1,2
0cb04723e353e2815204,100,60,train,2024-04-03 21:00:00+00:00,2024-04-04 02:00:00+00:00,-1,0
29783b49d3c52432fae8,100,60,train,2024-04-04 14:00:00+00:00,2024-04-04 19:00:00+00:00,-1,0
61a764afd69755c9ecc0,100,60,train,2024-04-04 20:00:00+00:00,2024-04-05 00:00:00+00:00,-1,2
09a6fc390acbc4e10ba6,100,60,validation,2024-07-11 02:00:00+00:00,2024-07-11 04:00:00+00:00,1,1
735e0a86b0d73e8364df,100,60,validation,2024-07-11 06:00:00+00:00,2024-07-11 08:00:00+00:00,-1,3
fd01a98698f49f92a506,100,60,validation,2024-07-12 04:00:00+00:00,2024-07-12 09:00:00+00:00,1,1
d8b11efd5aab108643a1,100,60,validation,2024-07-12 12:00:00+00:00,2024-07-12 14:00:00+00:00,-1,0
a2a803179fdbf70e31cc,100,60,validation,2024-07-12 15:00:00+00:00,2024-07-12 17:00:00+00:00,-1,0
8fb106edb17a6b36d5c7,100,60,validation,2024-07-12 18:00:00+00:00,2024-07-12 21:00:00+00:00,1,3
996a38c7e8788dafb2cb,100,60,validation,2024-07-13 15:00:00+00:00,2024-07-13 19:00:00+00:00,-1,2
e5ec410ea976293f0fc0,100,60,test,2024-07-14 09:00:00+00:00,2024-07-14 14:00:00+00:00,1,1
25f7bc5818a897091025,100,60,test,2024-07-14 15:00:00+00:00,2024-07-14 18:00:00+00:00,-1,2
4f5b14509a661701cb59,100,60,test,2024-07-15 00:00:00+00:00,2024-07-15 09:00:00+00:00,1,0
6a2773941bef48e64f3d,100,60,test,2024-07-15 12:00:00+00:00,2024-07-15 14:00:00+00:00,-1,0
abc5cfeb3063220dc26d,100,60,test,2024-07-15 15:00:00+00:00,2024-07-15 17:00:00+00:00,-1,0
3f84f836567f72a926ef,100,60,test,2024-07-15 18:00:00+00:00,2024-07-15 21:00:00+00:00,1,3
e86e1c613a44a48499c8,100,60,test,2024-07-16 15:00:00+00:00,2024-07-16 19:00:00+00:00,-1,2
9446c66a615986a4685a,100,60,test,2024-07-16 23:00:00+00:00,2024-07-17 01:00:00+00:00,1,3
edee4de06c7f3d27f8a5,100,60,test,2024-07-17 05:00:00+00:00,2024-07-17 08:00:00+00:00,1,3
f8d0416226bd65975e9d,100,60,test,2024-07-17 09:00:00+00:00,2024-07-17 11:00:00+00:00,-1,0
dd385881b7fe8bee2f99,100,60,test,2024-07-17 12:00:00+00:00,2024-07-18 00:00:00+00:00,1,1
74e4159e00c0e2ba6f7a,100,60,test,2024-07-18 01:00:00+00:00,2024-07-18 04:00:00+00:00,-1,3
5df69331fa6108015b39,100,60,test,2024-07-18 13:00:00+00:00,2024-07-18 16:00:00+00:00,1,1
27151f1fc17f1d2a9dba,100,60,test,2024-07-18 18:00:00+00:00,2024-07-18 20:00:00+00:00,1,3
7ab57052fcdab3f1587d,100,60,test,2024-07-18 22:00:00+00:00,2024-07-19 16:00:00+00:00,-1,0
4226c7e03f1d9cf32233,100,60,test,2024-07-19 18:00:00+00:00,2024-07-19 20:00:00+00:00,1,3
dc9197112b7f2267695e,100,60,test,2024-07-19 22:00:00+00:00,2024-07-20 10:00:00+00:00,-1,0
a3791f02bb36bdcf2c39,100,60,test,2024-07-20 12:00:00+00:00,2024-07-20 14:00:00+00:00,-1,3
9ab1ea78b7975181efd2,100,60,test,2024-07-21 06:00:00+00:00,2024-07-21 09:00:00+00:00,1,2
3d8f527789752f3ef624,100,60,test,2024-07-21 12:00:00+00:00,2024-07-21 14:00:00+00:00,1,1
e783c104033339d51fe2,100,60,test,2024-07-21 17:00:00+00:00,2024-07-21 20:00:00+00:00,1,3
76a48083d71cc22f7019,100,60,test,2024-07-22 02:00:00+00:00,2024-07-22 04:00:00+00:00,-1,2
b70d5f9426f22cff0e69,100,60,test,2024-07-22 07:00:00+00:00,2024-07-22 10:00:00+00:00,-1,2
dcf6c57eaac9968c4742,100,60,test,2024-07-22 11:00:00+00:00,2024-07-22 13:00:00+00:00,-1,3
f60d00e2a3953d2c7d99,100,60,test,2024-07-22 15:00:00+00:00,2024-07-22 19:00:00+00:00,1,3
dcbebd9cc4010992f91b,100,60,test,2024-07-23 06:00:00+00:00,2024-07-23 08:00:00+00:00,1,1
a4101369c667d99b01eb,100,60,test,2024-07-23 16:00:00+00:00,2024-07-24 00:00:00+00:00,-1,2
90f26ea10ab57a2b034f,100,60,test,2024-07-24 18:00:00+00:00,2024-07-24 21:00:00+00:00,-1,2
1af6c10af1f249cb1840,100,60,test,2024-07-24 22:00:00+00:00,2024-07-25 00:00:00+00:00,-1,2
b7af1e365d313a859bc6,100,60,test,2024-07-25 06:00:00+00:00,2024-07-25 09:00:00+00:00,-1,0
aaeb00ecb3abcadd5a47,100,60,test,2024-07-25 19:00:00+00:00,2024-07-25 23:00:00+00:00,1,1
5a958560ca4c502c3ec8,100,60,test,2024-07-26 00:00:00+00:00,2024-07-26 03:00:00+00:00,-1,3
9ead3f384872ca3902bd,100,60,test,2024-07-27 04:00:00+00:00,2024-07-27 08:00:00+00:00,1,1
f3ebbbf17c33529f7f24,100,60,test,2024-07-27 09:00:00+00:00,2024-07-27 13:00:00+00:00,-1,3
0a589d23fd7de8b3ba12,100,60,test,2024-07-28 02:00:00+00:00,2024-07-28 04:00:00+00:00,-1,3
3b6d2ac9c35f9e86c12a,100,60,test,2024-07-28 12:00:00+00:00,2024-07-28 20:00:00+00:00,-1,0
fe115ce70934ba369d7a,100,60,test,2024-07-28 22:00:00+00:00,2024-07-29 00:00:00+00:00,-1,2
7fdbc36371db088776f8,100,60,test,2024-07-29 02:00:00+00:00,2024-07-29 04:00:00+00:00,-1,3
588cf35334806cc669e8,100,60,test,2024-07-29 09:00:00+00:00,2024-07-29 17:00:00+00:00,-1,2
1a56283fcb6e22ca2ccc,100,60,test,2024-07-30 07:00:00+00:00,2024-07-30 12:00:00+00:00,-1,0
573df3cdf80a082b872e,100,60,test,2024-07-30 14:00:00+00:00,2024-07-30 16:00:00+00:00,-1,2
abe9085a3776fa485e43,100,60,test,2024-07-30 18:00:00+00:00,2024-07-30 20:00:00+00:00,1,3
e0214e36065f12092b61,100,60,test,2024-07-31 08:00:00+00:00,2024-07-31 10:00:00+00:00,1,1
a4777b673149c605ea8b,100,60,test,2024-07-31 13:00:00+00:00,2024-07-31 15:00:00+00:00,1,1
179f789b310763dd24ef,100,60,test,2024-07-31 16:00:00+00:00,2024-07-31 19:00:00+00:00,-1,2
a2e8ed05fe8fe751789e,100,60,test,2024-08-02 08:00:00+00:00,2024-08-02 16:00:00+00:00,-1,0
2392e3614f8687a852cd,100,60,test,2024-08-03 02:00:00+00:00,2024-08-03 05:00:00+00:00,-1,3
069b1ef9ecacbb7cfa5e,100,60,test,2024-08-03 19:00:00+00:00,2024-08-03 21:00:00+00:00,-1,2
81e1309293c3af322c30,100,60,test,2024-08-04 03:00:00+00:00,2024-08-04 06:00:00+00:00,-1,3
6d13d87b0a1fe652abe6,100,60,test,2024-08-04 18:00:00+00:00,2024-08-04 20:00:00+00:00,1,2
af662d441b0309631207,100,60,test,2024-08-04 22:00:00+00:00,2024-08-05 01:00:00+00:00,-1,3
64db16c6d44c455cdfb6,100,60,test,2024-08-05 08:00:00+00:00,2024-08-05 11:00:00+00:00,-1,2
d3754ecbd36ed6d77a51,100,60,test,2024-08-05 15:00:00+00:00,2024-08-05 18:00:00+00:00,1,3
c95c705facd4b1504900,100,60,test,2024-08-06 18:00:00+00:00,2024-08-06 20:00:00+00:00,-1,2
7aa97c94b5a888570b76,100,60,test,2024-08-06 21:00:00+00:00,2024-08-07 00:00:00+00:00,0,3
437eb820904f8a8c4644,100,60,test,2024-08-07 17:00:00+00:00,2024-08-07 20:00:00+00:00,-1,2
22c180b16af5ef19d660,100,60,test,2024-08-07 21:00:00+00:00,2024-08-08 00:00:00+00:00,1,3
73dd55b06a0c65e86e26,100,60,test,2024-08-08 07:00:00+00:00,2024-08-08 11:00:00+00:00,1,1
63ef5281524fcb26e2cc,100,60,test,2024-08-08 12:00:00+00:00,2024-08-08 15:00:00+00:00,1,3
ea6d6e63c3ddbca2bc73,100,60,test,2024-08-08 16:00:00+00:00,2024-08-08 19:00:00+00:00,-1,2
7d4af4f179e1e786b130,100,60,test,2024-08-08 21:00:00+00:00,2024-08-09 00:00:00+00:00,-1,3
ffcd94e3f3899dafa857,100,60,test,2024-08-09 05:00:00+00:00,2024-08-09 07:00:00+00:00,1,2
4dd45515ccf984dbb86c,100,60,test,2024-08-11 03:00:00+00:00,2024-08-11 05:00:00+00:00,1,3
46e392c013306588112f,100,60,test,2024-08-12 02:00:00+00:00,2024-08-12 05:00:00+00:00,1,1
898d5fe82da4b7b6a061,100,60,test,2024-08-12 11:00:00+00:00,2024-08-12 15:00:00+00:00,-1,3
54c9cc97ae6aeef2e5d1,100,60,test,2024-08-12 21:00:00+00:00,2024-08-13 03:00:00+00:00,1,1
169ec969e32ad30770ef,100,60,test,2024-08-13 04:00:00+00:00,2024-08-13 09:00:00+00:00,-1,0
e1f868b657dfd1432a9c,100,60,test,2024-08-13 22:00:00+00:00,2024-08-14 01:00:00+00:00,1,1
3f55bb87e37616c8a762,100,60,test,2024-08-14 03:00:00+00:00,2024-08-14 05:00:00+00:00,-1,3
0604ba1b068a26144097,100,60,test,2024-08-14 07:00:00+00:00,2024-08-14 10:00:00+00:00,1,1
c8a25b1f5fe0fb048359,100,60,test,2024-08-14 12:00:00+00:00,2024-08-14 14:00:00+00:00,1,3
c9dc6dece94ba0169d1c,100,60,test,2024-08-17 03:00:00+00:00,2024-08-17 06:00:00+00:00,-1,3
cd9f264816e3c1fdefb6,100,60,test,2024-08-17 18:00:00+00:00,2024-08-17 22:00:00+00:00,1,1
154ec728db48710dbe4f,100,60,test,2024-08-18 01:00:00+00:00,2024-08-18 03:00:00+00:00,-1,3
aeb03f90d62db9923f2c,101,60,train,2024-02-27 00:00:00+00:00,2024-02-27 03:00:00+00:00,1,2
c84f349537609fb61309,101,60,train,2024-02-27 16:00:00+00:00,2024-02-27 18:00:00+00:00,-1,2
9fecf99994f4429b35b4,101,60,train,2024-02-27 22:00:00+00:00,2024-02-28 00:00:00+00:00,1,2
20a3799e1062ef9fafaa,101,60,train,2024-02-28 15:00:00+00:00,2024-02-28 18:00:00+00:00,1,2
d9128496b677fac22107,101,60,train,2024-03-03 16:00:00+00:00,2024-03-04 02:00:00+00:00,1,1
250ef5e86e6b749cb6db,101,60,train,2024-03-04 22:00:00+00:00,2024-03-05 01:00:00+00:00,1,2
f61c9129e1a78ba79bfb,101,60,train,2024-03-05 10:00:00+00:00,2024-03-05 13:00:00+00:00,1,2
41200af93336bfcf2199,101,60,train,2024-03-05 15:00:00+00:00,2024-03-05 17:00:00+00:00,1,3
ff9f5eb6b89f5dde6ac8,101,60,train,2024-03-06 17:00:00+00:00,2024-03-06 23:00:00+00:00,1,1
a1aad7131565206d2d27,101,60,train,2024-03-11 21:00:00+00:00,2024-03-12 01:00:00+00:00,1,1
abfa9a7582309bade6f7,101,60,train,2024-03-14 13:00:00+00:00,2024-03-14 18:00:00+00:00,-1,0
cf6457c4425e202f2f43,101,60,train,2024-03-15 21:00:00+00:00,2024-03-16 01:00:00+00:00,1,2
dbdafe8a88580f04a557,101,60,train,2024-03-16 02:00:00+00:00,2024-03-16 06:00:00+00:00,1,3
b05e8a9eca2dcc16c013,101,60,train,2024-03-16 11:00:00+00:00,2024-03-16 13:00:00+00:00,-1,2
11862884c305f38dbc75,101,60,train,2024-03-16 19:00:00+00:00,2024-03-16 21:00:00+00:00,1,3
81cb7278870bd3109328,101,60,train,2024-03-16 22:00:00+00:00,2024-03-17 01:00:00+00:00,1,2
12947142ad996a64f328,101,60,train,2024-03-17 04:00:00+00:00,2024-03-17 06:00:00+00:00,-1,3
b908ecfa5074fea4da22,101,60,train,2024-03-17 08:00:00+00:00,2024-03-17 10:00:00+00:00,-1,2
b0a5aeca3f6833322eef,101,60,train,2024-03-21 20:00:00+00:00,2024-03-21 22:00:00+00:00,1,1
1a039347d66a754a85ef,101,60,train,2024-03-21 23:00:00+00:00,2024-03-22 01:00:00+00:00,1,2
285956b0ccfb87a25a7c,101,60,train,2024-03-22 23:00:00+00:00,2024-03-23 02:00:00+00:00,1,1
31a60fc69aa4c46fd7ea,101,60,train,2024-03-28 13:00:00+00:00,2024-03-28 15:00:00+00:00,-1,2
83cf98cec58d1b2de03f,101,60,train,2024-03-28 16:00:00+00:00,2024-03-28 18:00:00+00:00,-1,3
c622830d5d7239e26258,101,60,train,2024-03-29 23:00:00+00:00,2024-03-30 01:00:00+00:00,1,2
dc0627e63e29247c3705,101,60,train,2024-04-04 13:00:00+00:00,2024-04-04 19:00:00+00:00,-1,0
a70bd48708270ddaa9fb,101,60,validation,2024-07-12 06:00:00+00:00,2024-07-12 11:00:00+00:00,-1,0
8f340306b026907ce19e,101,60,validation,2024-07-12 15:00:00+00:00,2024-07-12 17:00:00+00:00,-1,0
50804320085cf1d2644a,101,60,validation,2024-07-12 19:00:00+00:00,2024-07-12 21:00:00+00:00,1,3
9680b6bd2df907282f49,101,60,validation,2024-07-13 13:00:00+00:00,2024-07-13 17:00:00+00:00,1,2
335691c7ff7c1d06ef8d,101,60,validation,2024-07-13 18:00:00+00:00,2024-07-13 20:00:00+00:00,1,1
aa0ecf5e8fb8e9924209,101,60,test,2024-07-14 11:00:00+00:00,2024-07-14 13:00:00+00:00,-1,0
4c417896a0f28907588e,101,60,test,2024-07-14 16:00:00+00:00,2024-07-14 18:00:00+00:00,1,2
f5cf242a15b8bd7027f3,101,60,test,2024-07-15 00:00:00+00:00,2024-07-15 05:00:00+00:00,-1,0
28d870e2f087f690a658,101,60,test,2024-07-15 06:00:00+00:00,2024-07-15 11:00:00+00:00,-1,0
2e9e342a16cbe1235c29,101,60,test,2024-07-15 15:00:00+00:00,2024-07-15 17:00:00+00:00,-1,0
91547d599bde59939ac3,101,60,test,2024-07-15 19:00:00+00:00,2024-07-15 21:00:00+00:00,1,3
6903c0238e0cdc403365,101,60,test,2024-07-16 13:00:00+00:00,2024-07-16 17:00:00+00:00,1,2
60102e780369b401bd2c,101,60,test,2024-07-16 18:00:00+00:00,2024-07-16 20:00:00+00:00,1,1
39d7d7f5803f00082d7e,101,60,test,2024-07-16 23:00:00+00:00,2024-07-17 01:00:00+00:00,-1,3
dc9f8c5ec192f4251db3,101,60,test,2024-07-17 02:00:00+00:00,2024-07-17 04:00:00+00:00,-1,2
cce30c47564d7934ac26,101,60,test,2024-07-17 05:00:00+00:00,2024-07-17 08:00:00+00:00,1,3
cad8baafa2427a9d3fb5,101,60,test,2024-07-17 13:00:00+00:00,2024-07-17 17:00:00+00:00,1,1
85fdfc8e650cffe310c4,101,60,test,2024-07-17 18:00:00+00:00,2024-07-17 21:00:00+00:00,1,3
4a92824a9243f8d066e9,101,60,test,2024-07-17 22:00:00+00:00,2024-07-18 05:00:00+00:00,-1,0
cacd62a70245cab34e51,101,60,test,2024-07-18 13:00:00+00:00,2024-07-18 16:00:00+00:00,1,1
77869f18ccad8f7b2b95,101,60,test,2024-07-18 18:00:00+00:00,2024-07-18 20:00:00+00:00,-1,3
70a202981117543581cc,101,60,test,2024-07-18 22:00:00+00:00,2024-07-19 07:00:00+00:00,-1,0
0103e666c31099d23bde,101,60,test,2024-07-19 08:00:00+00:00,2024-07-19 10:00:00+00:00,1,2
6e994cb2635c62fcc6b8,101,60,test,2024-07-19 11:00:00+00:00,2024-07-19 16:00:00+00:00,1,1
afc8c232c06566679d74,101,60,test,2024-07-19 18:00:00+00:00,2024-07-19 20:00:00+00:00,-1,3
7419e164c751bcda5e3b,101,60,test,2024-07-19 22:00:00+00:00,2024-07-20 07:00:00+00:00,-1,0
eba5878ca170088c171e,101,60,test,2024-07-20 14:00:00+00:00,2024-07-20 16:00:00+00:00,-1,3
bcf9788d7d04e0b1e46e,101,60,test,2024-07-21 13:00:00+00:00,2024-07-21 16:00:00+00:00,1,2
ee36253bd55444067539,101,60,test,2024-07-21 17:00:00+00:00,2024-07-21 20:00:00+00:00,1,3
088ba9fe6c5221d10ac9,101,60,test,2024-07-22 02:00:00+00:00,2024-07-22 04:00:00+00:00,-1,2
f37a68e1d13bb83bd5ee,101,60,test,2024-07-22 06:00:00+00:00,2024-07-22 11:00:00+00:00,1,1
5c105f837758b70b565f,101,60,test,2024-07-22 12:00:00+00:00,2024-07-22 14:00:00+00:00,1,2
f1cc3b6a93c94dd8de30,101,60,test,2024-07-22 15:00:00+00:00,2024-07-22 19:00:00+00:00,-1,3
8ad6ed17c9a3fa827821,101,60,test,2024-07-23 07:00:00+00:00,2024-07-23 10:00:00+00:00,-1,2
24259f2f5956b1007d02,101,60,test,2024-07-23 15:00:00+00:00,2024-07-24 00:00:00+00:00,-1,1
6ab5ee271edd713c6163,101,60,test,2024-07-24 20:00:00+00:00,2024-07-25 00:00:00+00:00,1,1
70a4064a98185705f386,101,60,test,2024-07-25 19:00:00+00:00,2024-07-26 03:00:00+00:00,-1,2
c92b4a66babee4c8a1e8,101,60,test,2024-07-27 04:00:00+00:00,2024-07-27 14:00:00+00:00,-1,1
900188d076d62ba658d3,101,60,test,2024-07-28 11:00:00+00:00,2024-07-28 18:00:00+00:00,-1,2
7e7990d05dd4eb5f83d8,101,60,test,2024-07-29 02:00:00+00:00,2024-07-29 05:00:00+00:00,-1,3
d9fab2d685d47d677f9e,101,60,test,2024-07-29 08:00:00+00:00,2024-07-29 12:00:00+00:00,-1,1
b2342aa122a304841417,101,60,test,2024-07-29 13:00:00+00:00,2024-07-29 17:00:00+00:00,-1,3
c44cc69554c81aea828d,101,60,test,2024-07-30 06:00:00+00:00,2024-07-30 09:00:00+00:00,1,1
a8c92b85a7c8c132712e,101,60,test,2024-07-30 14:00:00+00:00,2024-07-30 16:00:00+00:00,-1,2
2ff62fb7e81d1c9ba3d2,101,60,test,2024-07-30 17:00:00+00:00,2024-07-30 20:00:00+00:00,1,3
055c353edc1e9e90c852,101,60,test,2024-07-31 09:00:00+00:00,2024-07-31 12:00:00+00:00,-1,2
de4fd18de04b3043f1d7,101,60,test,2024-07-31 16:00:00+00:00,2024-07-31 18:00:00+00:00,-1,2
a3d5cfb797f3c821fcaf,101,60,test,2024-08-01 03:00:00+00:00,2024-08-01 07:00:00+00:00,-1,3
7d6dcfa50132950b98ff,101,60,test,2024-08-02 07:00:00+00:00,2024-08-02 09:00:00+00:00,1,1
ee9cf4c222013b2c8238,101,60,test,2024-08-02 10:00:00+00:00,2024-08-02 13:00:00+00:00,-1,2
03645d6a646b012f0b43,101,60,test,2024-08-02 14:00:00+00:00,2024-08-02 16:00:00+00:00,1,3
5090cb41dfeb03b25b9f,101,60,test,2024-08-04 03:00:00+00:00,2024-08-04 06:00:00+00:00,-1,3
03a8cba51b5dc8fd7ad0,101,60,test,2024-08-04 22:00:00+00:00,2024-08-05 00:00:00+00:00,-1,3
7e7bfac31c9afbe08ee6,101,60,test,2024-08-05 08:00:00+00:00,2024-08-05 11:00:00+00:00,1,2
2db69e73f746031e8156,101,60,test,2024-08-05 14:00:00+00:00,2024-08-05 16:00:00+00:00,-1,0
a1c7400ec84ca3ede2c3,101,60,test,2024-08-06 18:00:00+00:00,2024-08-06 20:00:00+00:00,-1,2
7bb4717ef8cff2208f74,101,60,test,2024-08-06 21:00:00+00:00,2024-08-07 01:00:00+00:00,-1,3
f781cd8c9bba859f7ca1,101,60,test,2024-08-07 11:00:00+00:00,2024-08-07 16:00:00+00:00,-1,2
a043722fd25a1474d2aa,101,60,test,2024-08-07 20:00:00+00:00,2024-08-08 00:00:00+00:00,-1,3
76e6bdeaafdae5efdb68,101,60,test,2024-08-08 07:00:00+00:00,2024-08-08 11:00:00+00:00,1,1
6dedd536a8bd8e866fc9,101,60,test,2024-08-08 12:00:00+00:00,2024-08-08 15:00:00+00:00,1,3
c18042ce3288375b6390,101,60,test,2024-08-08 16:00:00+00:00,2024-08-08 19:00:00+00:00,1,2
021eb39e4ef34bd16c56,101,60,test,2024-08-08 21:00:00+00:00,2024-08-09 01:00:00+00:00,-1,3
5ebe7421bc452c607aa5,101,60,test,2024-08-09 12:00:00+00:00,2024-08-09 14:00:00+00:00,-1,3
bdfc93ca892b9127fa36,101,60,test,2024-08-10 06:00:00+00:00,2024-08-10 08:00:00+00:00,1,2
f965c9ab27ee109ce425,101,60,test,2024-08-11 03:00:00+00:00,2024-08-11 05:00:00+00:00,-1,3
fb8cacdc0dbb79a8f9bb,101,60,test,2024-08-11 19:00:00+00:00,2024-08-11 21:00:00+00:00,1,2
544b786a8c64486b87be,101,60,test,2024-08-12 02:00:00+00:00,2024-08-12 05:00:00+00:00,1,2
74a5599324b3af40c8d2,101,60,test,2024-08-12 08:00:00+00:00,2024-08-12 10:00:00+00:00,-1,2
5509dc0417e7b75e0314,101,60,test,2024-08-12 11:00:00+00:00,2024-08-12 14:00:00+00:00,-1,3
a7578ca0e8bc72206485,101,60,test,2024-08-12 21:00:00+00:00,2024-08-13 03:00:00+00:00,1,1
341ebf99611ee2100659,101,60,test,2024-08-13 04:00:00+00:00,2024-08-13 08:00:00+00:00,1,3
37441c282fca64e61c05,101,60,test,2024-08-13 22:00:00+00:00,2024-08-14 06:00:00+00:00,-1,2
cfd7611f5b038024b977,101,60,test,2024-08-14 12:00:00+00:00,2024-08-14 14:00:00+00:00,1,3
1bcf4d93f4ec93811ff6,101,60,test,2024-08-15 22:00:00+00:00,2024-08-16 01:00:00+00:00,1,1
a4858d776da9fe8f6061,101,60,test,2024-08-16 03:00:00+00:00,2024-08-16 06:00:00+00:00,-1,3
bec6691a34cc89edf21d,101,60,test,2024-08-16 23:00:00+00:00,2024-08-17 01:00:00+00:00,-1,2
26b977c422e81ceb8f3e,101,60,test,2024-08-17 02:00:00+00:00,2024-08-17 06:00:00+00:00,-1,0
7ae03f5a57dd3e5c4507,101,60,test,2024-08-17 19:00:00+00:00,2024-08-17 23:00:00+00:00,1,2
9b676806588417518345,102,60,train,2024-02-27 00:00:00+00:00,2024-02-27 02:00:00+00:00,-1,2
f2fba8b7ab0d7920f4b0,102,60,train,2024-02-27 22:00:00+00:00,2024-02-28 00:00:00+00:00,1,2
45b1973741c128f75d4e,102,60,train,2024-02-28 15:00:00+00:00,2024-02-28 18:00:00+00:00,1,2
101e0b1453423d392f53,102,60,train,2024-03-03 16:00:00+00:00,2024-03-03 21:00:00+00:00,1,1
4789f03bc58bc55c7b24,102,60,train,2024-03-05 11:00:00+00:00,2024-03-05 13:00:00+00:00,1,2
2b5920fc9f3c4856b79f,102,60,train,2024-03-05 15:00:00+00:00,2024-03-05 18:00:00+00:00,1,3
9f57cb9671f758a6ff8c,102,60,train,2024-03-13 18:00:00+00:00,2024-03-13 23:00:00+00:00,1,1
78e75fcbe556b210d679,102,60,train,2024-03-14 14:00:00+00:00,2024-03-14 19:00:00+00:00,-1,0
9c07f0ae2cee6a7f1f41,102,60,train,2024-03-15 03:00:00+00:00,2024-03-15 05:00:00+00:00,-1,2
a89ab5814bebba3e54ad,102,60,train,2024-03-17 01:00:00+00:00,2024-03-17 03:00:00+00:00,1,2
0f61067bc549b2f408fc,102,60,train,2024-03-17 04:00:00+00:00,2024-03-17 07:00:00+00:00,1,3
445d258258c55de9d0ef,102,60,train,2024-03-17 08:00:00+00:00,2024-03-17 10:00:00+00:00,-1,2
64732fa9fea0d1e749eb,102,60,train,2024-03-21 20:00:00+00:00,2024-03-21 22:00:00+00:00,1,2
5b92a2bbe4bf66e524bd,102,60,train,2024-03-21 23:00:00+00:00,2024-03-22 01:00:00+00:00,1,2
5e9f74770d5f8ddcbefe,102,60,train,2024-03-23 20:00:00+00:00,2024-03-24 01:00:00+00:00,1,1
56c51aeb35d9bdd9db79,102,60,train,2024-03-28 13:00:00+00:00,2024-03-28 15:00:00+00:00,-1,2
99228a89ebabf9f4878e,102,60,train,2024-03-28 16:00:00+00:00,2024-03-28 18:00:00+00:00,-1,3
36bc91b14b1842382552,102,60,train,2024-03-29 22:00:00+00:00,2024-03-30 01:00:00+00:00,1,2
3ce8638025d3ab12f4c9,102,60,train,2024-04-04 13:00:00+00:00,2024-04-04 19:00:00+00:00,-1,0
d843b5f49312307af18a,102,60,train,2024-04-04 20:00:00+00:00,2024-04-05 00:00:00+00:00,1,2
b7d3e5ea9a541d9f3fa1,102,60,validation,2024-07-08 20:00:00+00:00,2024-07-09 01:00:00+00:00,1,1
90dba03638b28800e160,102,60,validation,2024-07-12 05:00:00+00:00,2024-07-12 11:00:00+00:00,1,1
ccd9d0765799ac887329,102,60,validation,2024-07-12 13:00:00+00:00,2024-07-12 15:00:00+00:00,-1,3
f4902fe0af74e6629b43,102,60,validation,2024-07-13 15:00:00+00:00,2024-07-13 19:00:00+00:00,-1,2
a83a3075a601681b960f,102,60,test,2024-07-14 09:00:00+00:00,2024-07-14 14:00:00+00:00,1,1
1e063ea59a77c8fc8876,102,60,test,2024-07-14 15:00:00+00:00,2024-07-14 18:00:00+00:00,1,1
089e74753d03cdb9f79a,102,60,test,2024-07-15 00:00:00+00:00,2024-07-15 11:00:00+00:00,-1,0
b5316b13e2dd50e60e6c,102,60,test,2024-07-15 13:00:00+00:00,2024-07-15 15:00:00+00:00,-1,3
ed6719e1604f206c2fdf,102,60,test,2024-07-16 15:00:00+00:00,2024-07-16 19:00:00+00:00,-1,2
aadffd2cb313434e7638,102,60,test,2024-07-16 23:00:00+00:00,2024-07-17 03:00:00+00:00,1,1
dc6cece9e4ea156fab67,102,60,test,2024-07-17 04:00:00+00:00,2024-07-17 08:00:00+00:00,-1,3
08a91c8ca7e88a7c2db3,102,60,test,2024-07-17 14:00:00+00:00,2024-07-17 20:00:00+00:00,-1,0
3d61849a702417e47925,102,60,test,2024-07-17 21:00:00+00:00,2024-07-18 00:00:00+00:00,1,2
4ae1c5cbdedf968e594c,102,60,test,2024-07-18 01:00:00+00:00,2024-07-18 05:00:00+00:00,-1,3
4b20ff6aa5dc58990dc9,102,60,test,2024-07-18 13:00:00+00:00,2024-07-18 16:00:00+00:00,1,1
ea50bd959cb41dfd3dbc,102,60,test,2024-07-18 21:00:00+00:00,2024-07-19 07:00:00+00:00,-1,1
8f8c1c6424f9a560b4a7,102,60,test,2024-07-19 08:00:00+00:00,2024-07-19 11:00:00+00:00,-1,2
1f044b9ce12d1f8d8355,102,60,test,2024-07-19 12:00:00+00:00,2024-07-19 16:00:00+00:00,1,1
9a82de3057b1258ae07c,102,60,test,2024-07-19 21:00:00+00:00,2024-07-20 06:00:00+00:00,-1,1
40a017fe017882ac6840,102,60,test,2024-07-21 12:00:00+00:00,2024-07-21 16:00:00+00:00,1,1
9f756dcdefeb8f7cc761,102,60,test,2024-07-21 17:00:00+00:00,2024-07-21 19:00:00+00:00,1,3
1067a0f5212a3962e1b9,102,60,test,2024-07-22 02:00:00+00:00,2024-07-22 04:00:00+00:00,-1,2
fd0be819fe3e3f1f61ca,102,60,test,2024-07-22 05:00:00+00:00,2024-07-22 07:00:00+00:00,-1,0
866aafa6aff0f7789c71,102,60,test,2024-07-22 15:00:00+00:00,2024-07-22 19:00:00+00:00,1,3
65396de9c98d9c641579,102,60,test,2024-07-23 08:00:00+00:00,2024-07-23 11:00:00+00:00,-1,2
f1e294576cc38d86e5d8,102,60,test,2024-07-23 16:00:00+00:00,2024-07-24 00:00:00+00:00,-1,0
d08a5c8b2af09aa0c48f,102,60,test,2024-07-24 18:00:00+00:00,2024-07-24 22:00:00+00:00,1,2
b9363dc868902443ec8d,102,60,test,2024-07-25 06:00:00+00:00,2024-07-25 09:00:00+00:00,-1,3
1d60457d2d75f3fe7de6,102,60,test,2024-07-25 20:00:00+00:00,2024-07-25 23:00:00+00:00,1,2
ce9dd63e3fcc7ff649ad,102,60,test,2024-07-26 00:00:00+00:00,2024-07-26 03:00:00+00:00,-1,3
93b5903e0d028895a9b1,102,60,test,2024-07-27 05:00:00+00:00,2024-07-27 08:00:00+00:00,-1,2
12cf7e2c552811ebfb86,102,60,test,2024-07-27 09:00:00+00:00,2024-07-27 13:00:00+00:00,1,3
c8b416489e731efc8251,102,60,test,2024-07-28 00:00:00+00:00,2024-07-28 02:00:00+00:00,1,3
7eb8dcd87652493ac915,102,60,test,2024-07-28 12:00:00+00:00,2024-07-28 16:00:00+00:00,1,1
2030d481a5a708fb8d39,102,60,test,2024-07-28 17:00:00+00:00,2024-07-28 20:00:00+00:00,1,3
17564b76c4593ecdd809,102,60,test,2024-07-29 08:00:00+00:00,2024-07-29 12:00:00+00:00,1,1
bd04eb829d256c196db1,102,60,test,2024-07-29 13:00:00+00:00,2024-07-29 17:00:00+00:00,-1,3
39da06955b1be3288e99,102,60,test,2024-07-30 07:00:00+00:00,2024-07-30 13:00:00+00:00,-1,0
095a43da314f710f197c,102,60,test,2024-07-30 14:00:00+00:00,2024-07-30 16:00:00+00:00,-1,2
1917fefeb04f57f52557,102,60,test,2024-07-30 17:00:00+00:00,2024-07-30 20:00:00+00:00,1,3
24870a8f7619739898bf,102,60,test,2024-07-31 08:00:00+00:00,2024-07-31 10:00:00+00:00,1,2
00fb8adecda1e3b6370d,102,60,test,2024-07-31 22:00:00+00:00,2024-08-01 00:00:00+00:00,1,1
7b9fc7628a3431d6601a,102,60,test,2024-08-01 03:00:00+00:00,2024-08-01 08:00:00+00:00,-1,3
6f51d3e87819f9ec7cd0,102,60,test,2024-08-01 09:00:00+00:00,2024-08-01 11:00:00+00:00,-1,3
9212e2a5be798c91b9c6,102,60,test,2024-08-02 08:00:00+00:00,2024-08-02 13:00:00+00:00,-1,0
ea5bd14fcfbd5d04c9e1,102,60,test,2024-08-02 15:00:00+00:00,2024-08-02 18:00:00+00:00,-1,3
294c238a0893e98f4af2,102,60,test,2024-08-03 03:00:00+00:00,2024-08-03 05:00:00+00:00,-1,3
19631a0f571981749c48,102,60,test,2024-08-03 11:00:00+00:00,2024-08-03 13:00:00+00:00,-1,2
a1efa7bc1c9e914ff793,102,60,test,2024-08-03 15:00:00+00:00,2024-08-03 17:00:00+00:00,-1,3
4a6e87f18f583777f61a,102,60,test,2024-08-04 03:00:00+00:00,2024-08-04 06:00:00+00:00,-1,3
dac121113299d962b75f,102,60,test,2024-08-04 22:00:00+00:00,2024-08-05 01:00:00+00:00,-1,3
f01e6ed64fc853ad772a,102,60,test,2024-08-05 09:00:00+00:00,2024-08-05 12:00:00+00:00,-1,2
de3b79c51652c8a707e1,102,60,test,2024-08-05 14:00:00+00:00,2024-08-05 19:00:00+00:00,-1,0
7a415bdf7c5918744211,102,60,test,2024-08-05 22:00:00+00:00,2024-08-06 01:00:00+00:00,1,2
6c00c3aecef95ee6e17e,102,60,test,2024-08-06 03:00:00+00:00,2024-08-06 05:00:00+00:00,-1,3
d5c17230399f06722fdf,102,60,test,2024-08-06 18:00:00+00:00,2024-08-06 20:00:00+00:00,-1,2
7184de065c322ae1dd3a,102,60,test,2024-08-06 21:00:00+00:00,2024-08-07 00:00:00+00:00,-1,3
739b76190cab751c7fbe,102,60,test,2024-08-07 11:00:00+00:00,2024-08-08 00:00:00+00:00,-1,2
07da99943e6a4d97b79f,102,60,test,2024-08-08 08:00:00+00:00,2024-08-08 11:00:00+00:00,1,2
fee99c08f6c6bf9ff9d3,102,60,test,2024-08-08 12:00:00+00:00,2024-08-08 15:00:00+00:00,1,3
5dc7a531b3d41a738ca4,102,60,test,2024-08-08 16:00:00+00:00,2024-08-08 20:00:00+00:00,1,2
5e7aeed9f360b4fe1bfc,102,60,test,2024-08-08 21:00:00+00:00,2024-08-09 01:00:00+00:00,-1,3
b52e5de749ea77e5675c,102,60,test,2024-08-11 03:00:00+00:00,2024-08-11 05:00:00+00:00,1,3
cfe2d24c1afa02427f31,102,60,test,2024-08-11 19:00:00+00:00,2024-08-11 21:00:00+00:00,1,2
22b059d6dc9ac78d7c1c,102,60,test,2024-08-11 23:00:00+00:00,2024-08-12 01:00:00+00:00,1,3
f43cd90380646825489e,102,60,test,2024-08-12 02:00:00+00:00,2024-08-12 05:00:00+00:00,1,1
44380b57f8c1530a032c,102,60,test,2024-08-12 06:00:00+00:00,2024-08-12 15:00:00+00:00,-1,1
fe5481269f9eb568a271,102,60,test,2024-08-12 21:00:00+00:00,2024-08-13 03:00:00+00:00,1,1
f40298ad38ca43a2a1fc,102,60,test,2024-08-13 04:00:00+00:00,2024-08-13 08:00:00+00:00,-1,3
173a8f0af3e7d03bb8ee,102,60,test,2024-08-13 22:00:00+00:00,2024-08-14 03:00:00+00:00,-1,0
8278e18ea256d6af83c4,102,60,test,2024-08-14 12:00:00+00:00,2024-08-14 14:00:00+00:00,1,3
54f90db56545dcd64b5b,102,60,test,2024-08-15 07:00:00+00:00,2024-08-15 09:00:00+00:00,-1,2
ae9aedb9bb80308f84f1,102,60,test,2024-08-15 11:00:00+00:00,2024-08-15 13:00:00+00:00,-1,3
7b30bff68a581cc91ae8,102,60,test,2024-08-15 22:00:00+00:00,2024-08-16 01:00:00+00:00,1,2
ab076e58b14e043bebf7,102,60,test,2024-08-16 02:00:00+00:00,2024-08-16 05:00:00+00:00,-1,0
fa4d0f0df27e47b827fc,102,60,test,2024-08-16 22:00:00+00:00,2024-08-17 01:00:00+00:00,-1,2
d18425265b9f2f087b95,102,60,test,2024-08-17 02:00:00+00:00,2024-08-17 06:00:00+00:00,-1,0
0caa0718212154630a24,102,60,test,2024-08-17 18:00:00+00:00,2024-08-17 23:00:00+00:00,1,1
ff1f850953099b142bc9,103,60,train,2024-02-27 16:00:00+00:00,2024-02-27 18:00:00+00:00,-1,2
6c2ed91e7e3a85ccc89e,103,60,train,2024-02-27 22:00:00+00:00,2024-02-28 00:00:00+00:00,1,2
86d9dc406e97e1de843f,103,60,train,2024-02-29 19:00:00+00:00,2024-02-29 21:00:00+00:00,-1,2
c9596fbc8b416645d801,103,60,train,2024-03-03 13:00:00+00:00,2024-03-03 15:00:00+00:00,1,1
36c487014b8da861916f,103,60,train,2024-03-03 16:00:00+00:00,2024-03-03 21:00:00+00:00,1,1
fe489c07c3b0978249e2,103,60,train,2024-03-05 10:00:00+00:00,2024-03-05 13:00:00+00:00,1,1
0847bdf94f3160ed7bb8,103,60,train,2024-03-05 15:00:00+00:00,2024-03-05 18:00:00+00:00,1,3
0d1a46d72813fcca5689,103,60,train,2024-03-10 19:00:00+00:00,2024-03-10 21:00:00+00:00,1,2
80c992cbcc13a9401dfb,103,60,train,2024-03-11 11:00:00+00:00,2024-03-11 19:00:00+00:00,-1,2
24210427268e196fbfd2,103,60,train,2024-03-14 14:00:00+00:00,2024-03-14 19:00:00+00:00,-1,0
8ee008bc8472be880085,103,60,train,2024-03-16 02:00:00+00:00,2024-03-16 06:00:00+00:00,-1,0
65151d2bfd9649404fe5,103,60,train,2024-03-16 10:00:00+00:00,2024-03-16 12:00:00+00:00,1,1
7dc60ac5c031fdb441cb,103,60,train,2024-03-17 01:00:00+00:00,2024-03-17 03:00:00+00:00,1,2
b7db26adf48c52a7191a,103,60,train,2024-03-17 04:00:00+00:00,2024-03-17 06:00:00+00:00,-1,3
52c508f7f9dafa14a9e9,103,60,train,2024-03-17 08:00:00+00:00,2024-03-17 10:00:00+00:00,-1,2
4136f563dc9f30aec287,103,60,train,2024-03-21 20:00:00+00:00,2024-03-21 23:00:00+00:00,1,2
ac23096b0fc58e5f8c67,103,60,train,2024-03-22 00:00:00+00:00,2024-03-22 02:00:00+00:00,1,2
708c6676b9c781579ad6,103,60,train,2024-03-23 21:00:00+00:00,2024-03-24 01:00:00+00:00,1,1
c60239c81329708bbf65,103,60,train,2024-03-28 13:00:00+00:00,2024-03-28 15:00:00+00:00,-1,2
84f0aa142e008ed859c9,103,60,train,2024-03-28 16:00:00+00:00,2024-03-28 18:00:00+00:00,-1,3
07dc44a63991d9ca0d7c,103,60,train,2024-03-29 22:00:00+00:00,2024-03-30 01:00:00+00:00,1,2
4b4221ba45ac48de4f38,103,60,train,2024-04-04 12:00:00+00:00,2024-04-04 19:00:00+00:00,-1,2
1b368f34404c48cef62f,103,60,train,2024-04-04 20:00:00+00:00,2024-04-05 00:00:00+00:00,1,2
dfccc72986548dd505c6,103,60,validation,2024-07-08 21:00:00+00:00,2024-07-09 01:00:00+00:00,1,1
4250bd62bb45f58645a6,103,60,validation,2024-07-12 06:00:00+00:00,2024-07-12 10:00:00+00:00,1,2
fb476f4b0f40bec96bfe,103,60,validation,2024-07-12 15:00:00+00:00,2024-07-12 17:00:00+00:00,-1,0
4c2852493614dcf4a3a7,103,60,validation,2024-07-12 18:00:00+00:00,2024-07-12 21:00:00+00:00,1,3
b51858c2b1ab06040a6a,103,60,validation,2024-07-13 15:00:00+00:00,2024-07-13 17:00:00+00:00,1,2
72dfa6153c73d4d7ecfa,103,60,test,2024-07-14 09:00:00+00:00,2024-07-14 17:00:00+00:00,1,1
b701c7513cf471043372,103,60,test,2024-07-15 00:00:00+00:00,2024-07-15 05:00:00+00:00,-1,0
8867f8086f89cb204098,103,60,test,2024-07-15 06:00:00+00:00,2024-07-15 10:00:00+00:00,1,2
fb8932d0b46471a1deb9,103,60,test,2024-07-15 15:00:00+00:00,2024-07-15 17:00:00+00:00,-1,0
410a747d3bfdeee33f65,103,60,test,2024-07-15 18:00:00+00:00,2024-07-15 21:00:00+00:00,1,3
7ddb6d1982fb665de6de,103,60,test,2024-07-16 15:00:00+00:00,2024-07-16 17:00:00+00:00,1,2
2e96e22249ee4c8b9634,103,60,test,2024-07-16 23:00:00+00:00,2024-07-17 01:00:00+00:00,1,3
6361778f6157b91232ef,103,60,test,2024-07-17 04:00:00+00:00,2024-07-17 07:00:00+00:00,1,3
905f10163368c7ab6750,103,60,test,2024-07-17 11:00:00+00:00,2024-07-18 05:00:00+00:00,1,1
bad2876fbdeec7ac243b,103,60,test,2024-07-18 14:00:00+00:00,2024-07-18 16:00:00+00:00,-1,2
c8003adb157051bdeefa,103,60,test,2024-07-18 18:00:00+00:00,2024-07-18 20:00:00+00:00,1,3
7b992d72850416530f5c,103,60,test,2024-07-18 21:00:00+00:00,2024-07-19 07:00:00+00:00,-1,1
e78bd6ae853ca840baea,103,60,test,2024-07-19 08:00:00+00:00,2024-07-19 10:00:00+00:00,1,2
ea39b341e2855b3fd7a8,103,60,test,2024-07-19 12:00:00+00:00,2024-07-19 16:00:00+00:00,1,1
222d802753f412149fe5,103,60,test,2024-07-19 18:00:00+00:00,2024-07-19 20:00:00+00:00,1,3
fe74300065f80a3cd39d,103,60,test,2024-07-19 21:00:00+00:00,2024-07-20 07:00:00+00:00,-1,1
fa8c83a57b213bebceec,103,60,test,2024-07-20 08:00:00+00:00,2024-07-20 10:00:00+00:00,-1,2
8570f2ac5aa82017c995,103,60,test,2024-07-21 13:00:00+00:00,2024-07-21 16:00:00+00:00,1,2
a31c9d2e705853d1a116,103,60,test,2024-07-21 17:00:00+00:00,2024-07-21 20:00:00+00:00,1,3
58d9594f6bcc5a6da6c0,103,60,test,2024-07-22 02:00:00+00:00,2024-07-22 04:00:00+00:00,-1,2
284ad7c3a73396d3f730,103,60,test,2024-07-22 06:00:00+00:00,2024-07-22 11:00:00+00:00,1,1
7fff59b3c046a05ed420,103,60,test,2024-07-22 13:00:00+00:00,2024-07-22 18:00:00+00:00,-1,0
eaf4efb7340c0b5078de,103,60,test,2024-07-22 21:00:00+00:00,2024-07-22 23:00:00+00:00,-1,3
5ca41565db50c0073f42,103,60,test,2024-07-23 07:00:00+00:00,2024-07-23 10:00:00+00:00,-1,2
4c3304cd4ca296ce3f5b,103,60,test,2024-07-23 15:00:00+00:00,2024-07-24 00:00:00+00:00,-1,1
535180fa833b31a2c414,103,60,test,2024-07-24 18:00:00+00:00,2024-07-24 22:00:00+00:00,1,2
c2ed85797c7d0aafd549,103,60,test,2024-07-24 23:00:00+00:00,2024-07-25 01:00:00+00:00,1,1
77fe7bcc7913023b6d09,103,60,test,2024-07-25 04:00:00+00:00,2024-07-25 08:00:00+00:00,-1,3
c87a06f1d4b248dd6a98,103,60,test,2024-07-25 20:00:00+00:00,2024-07-25 23:00:00+00:00,1,2
45dc387085e83bfdecee,103,60,test,2024-07-26 00:00:00+00:00,2024-07-26 03:00:00+00:00,-1,3
4ef6b0e5ff3fc2db1878,103,60,test,2024-07-26 04:00:00+00:00,2024-07-26 06:00:00+00:00,-1,3
cd713eec519cf60e0562,103,60,test,2024-07-27 04:00:00+00:00,2024-07-27 08:00:00+00:00,1,1
ff1a954277cbe1466bdc,103,60,test,2024-07-27 09:00:00+00:00,2024-07-27 13:00:00+00:00,1,3
a031bb103f2547b7d019,103,60,test,2024-07-27 15:00:00+00:00,2024-07-27 17:00:00+00:00,-1,3
51af7e13ea8a9e2f9530,103,60,test,2024-07-27 18:00:00+00:00,2024-07-27 23:00:00+00:00,-1,0
a91063d1ddd0052d70e5,103,60,test,2024-07-28 00:00:00+00:00,2024-07-28 02:00:00+00:00,1,3
eb95b13ca11ee9c9e954,103,60,test,2024-07-28 11:00:00+00:00,2024-07-28 15:00:00+00:00,1,1
dc568185c41ea98f9a7d,103,60,test,2024-07-28 16:00:00+00:00,2024-07-28 20:00:00+00:00,-1,3
f3fa339eaba350128a5a,103,60,test,2024-07-29 02:00:00+00:00,2024-07-29 04:00:00+00:00,-1,3
a311cda57732d7dc9737,103,60,test,2024-07-29 08:00:00+00:00,2024-07-29 12:00:00+00:00,1,1
ada53711ad7f3f002ef3,103,60,test,2024-07-29 13:00:00+00:00,2024-07-29 18:00:00+00:00,-1,3
2d709a99a9b89d5ad0e3,103,60,test,2024-07-30 06:00:00+00:00,2024-07-30 12:00:00+00:00,-1,1
615e9525ee1c6873f5ea,103,60,test,2024-07-30 14:00:00+00:00,2024-07-30 16:00:00+00:00,-1,2
621a726165374e3d4668,103,60,test,2024-07-30 17:00:00+00:00,2024-07-30 20:00:00+00:00,0,3
94a58256e1b773f0d27e,103,60,test,2024-07-31 14:00:00+00:00,2024-07-31 18:00:00+00:00,-1,2
155d2185492d852e4770,103,60,test,2024-07-31 19:00:00+00:00,2024-07-31 21:00:00+00:00,1,2
1f7a1f1e1798e677f76c,103,60,test,2024-08-01 03:00:00+00:00,2024-08-01 07:00:00+00:00,-1,3
d1a6444872272ba47dd4,103,60,test,2024-08-01 09:00:00+00:00,2024-08-01 11:00:00+00:00,1,3
a96f3e25cd7c93952005,103,60,test,2024-08-02 08:00:00+00:00,2024-08-02 10:00:00+00:00,-1,2
af8ddd6d2c0b968c5bf0,103,60,test,2024-08-02 11:00:00+00:00,2024-08-02 13:00:00+00:00,-1,0
e631a35f5ca8e716d41e,103,60,test,2024-08-02 14:00:00+00:00,2024-08-02 16:00:00+00:00,1,3
c683a9deb6d14787388a,103,60,test,2024-08-03 15:00:00+00:00,2024-08-03 17:00:00+00:00,-1,3
c419dff8fa00a07eaa28,103,60,test,2024-08-03 23:00:00+00:00,2024-08-04 01:00:00+00:00,1,1
2f415628c670f47d390d,103,60,test,2024-08-04 04:00:00+00:00,2024-08-04 06:00:00+00:00,-1,3
d4c022eda0034bdf8d58,103,60,test,2024-08-04 18:00:00+00:00,2024-08-04 21:00:00+00:00,1,2
cf4407294bce649327dc,103,60,test,2024-08-04 22:00:00+00:00,2024-08-05 01:00:00+00:00,-1,3
f186aae9794f3edc8b28,103,60,test,2024-08-05 09:00:00+00:00,2024-08-05 12:00:00+00:00,-1,2
d327cca6671b34d7035a,103,60,test,2024-08-05 13:00:00+00:00,2024-08-05 18:00:00+00:00,-1,0
a66b841705dac812fcc9,103,60,test,2024-08-06 18:00:00+00:00,2024-08-07 00:00:00+00:00,-1,0
e3781aaefd75b5333099,103,60,test,2024-08-07 12:00:00+00:00,2024-08-07 18:00:00+00:00,1,1
8dd88620409b2ae6965f,103,60,test,2024-08-07 20:00:00+00:00,2024-08-08 00:00:00+00:00,-1,3
240a2fb27d779f23ac6e,103,60,test,2024-08-08 08:00:00+00:00,2024-08-08 11:00:00+00:00,1,2
094959d3dc271b655f45,103,60,test,2024-08-08 12:00:00+00:00,2024-08-08 15:00:00+00:00,1,3
763670f4d86c4ec08e06,103,60,test,2024-08-08 16:00:00+00:00,2024-08-08 20:00:00+00:00,1,1
ccb653954cac70105c5c,103,60,test,2024-08-08 21:00:00+00:00,2024-08-09 01:00:00+00:00,-1,3
d798334ee342b4d8cc0e,103,60,test,2024-08-09 04:00:00+00:00,2024-08-09 07:00:00+00:00,1,2
29f1f6c781bb5c0e1201,103,60,test,2024-08-09 10:00:00+00:00,2024-08-09 12:00:00+00:00,-1,0
d8dab8eb2948d4245a5b,103,60,test,2024-08-10 06:00:00+00:00,2024-08-10 10:00:00+00:00,1,1
bff8a75ea0bb4db0d602,103,60,test,2024-08-10 11:00:00+00:00,2024-08-10 14:00:00+00:00,-1,3
91a80a22a39f2379040b,103,60,test,2024-08-11 20:00:00+00:00,2024-08-11 22:00:00+00:00,-1,2
50b9da7025d3d113d01f,103,60,test,2024-08-12 00:00:00+00:00,2024-08-12 02:00:00+00:00,-1,3
ecdc85b124df0ae58b9c,103,60,test,2024-08-12 03:00:00+00:00,2024-08-12 05:00:00+00:00,-1,2
5984b23142de37e2f2d8,103,60,test,2024-08-12 11:00:00+00:00,2024-08-12 15:00:00+00:00,-1,3
5fa46a28bbd54c0c3fb9,103,60,test,2024-08-12 21:00:00+00:00,2024-08-13 03:00:00+00:00,1,1
f8bc6bfff416f3a7359a,103,60,test,2024-08-13 04:00:00+00:00,2024-08-13 10:00:00+00:00,-1,3
2ee679f7ae28df5d263e,103,60,test,2024-08-13 22:00:00+00:00,2024-08-14 04:00:00+00:00,-1,2
42c97fe4641842289d54,103,60,test,2024-08-14 12:00:00+00:00,2024-08-14 14:00:00+00:00,1,3
61aa0995abd05e8df2f2,103,60,test,2024-08-14 16:00:00+00:00,2024-08-14 18:00:00+00:00,1,2
43219dc72e7061b78cc7,103,60,test,2024-08-15 22:00:00+00:00,2024-08-16 00:00:00+00:00,1,2
1c3b6c644482690d4985,103,60,test,2024-08-16 02:00:00+00:00,2024-08-16 04:00:00+00:00,-1,3
4cce78d47c02fc988e90,103,60,test,2024-08-16 21:00:00+00:00,2024-08-17 00:00:00+00:00,-1,2
59155c604d432b3d5b34,103,60,test,2024-08-17 02:00:00+00:00,2024-08-17 06:00:00+00:00,-1,3
0f1620f6f05412ff0fa4,103,60,test,2024-08-17 17:00:00+00:00,2024-08-17 23:00:00+00:00,1,1
4fd54c07c0d007b27031,104,60,train,2024-02-27 17:00:00+00:00,2024-02-27 20:00:00+00:00,-1,0
074eb86251744e0c9872,104,60,train,2024-02-27 22:00:00+00:00,2024-02-28 00:00:00+00:00,-1,2
0a05f8cd6c0fa110a39f,104,60,train,2024-02-28 15:00:00+00:00,2024-02-28 18:00:00+00:00,1,2
6e9fbce22c7400d57150,104,60,train,2024-02-28 23:00:00+00:00,2024-02-29 01:00:00+00:00,-1,2
68e7c55821a10ab78a8e,104,60,train,2024-02-29 17:00:00+00:00,2024-02-29 21:00:00+00:00,1,1
b1bc6a5eedd17166431a,104,60,train,2024-03-03 13:00:00+00:00,2024-03-03 15:00:00+00:00,1,1
9e795dc84809de44a27e,104,60,train,2024-03-03 16:00:00+00:00,2024-03-03 18:00:00+00:00,1,1
1a2f2bb8d25f2aaa68ef,104,60,train,2024-03-03 19:00:00+00:00,2024-03-03 21:00:00+00:00,1,1
6a41620bf2120cd899e0,104,60,train,2024-03-05 10:00:00+00:00,2024-03-05 13:00:00+00:00,1,1
c7f6c0159a2dcb3709d5,104,60,train,2024-03-05 15:00:00+00:00,2024-03-05 18:00:00+00:00,1,3
92f0f458f58b31b1ad9b,104,60,train,2024-03-10 20:00:00+00:00,2024-03-10 23:00:00+00:00,-1,0
7905f93773b81c8efc3c,104,60,train,2024-03-11 11:00:00+00:00,2024-03-11 19:00:00+00:00,-1,2
ee3cb24920814482c4ca,104,60,train,2024-03-14 01:00:00+00:00,2024-03-14 09:00:00+00:00,-1,0
09bf755cfa5114e8559b,104,60,train,2024-03-14 14:00:00+00:00,2024-03-14 19:00:00+00:00,-1,0
4394d1ee5180ddb3105f,104,60,train,2024-03-15 21:00:00+00:00,2024-03-16 01:00:00+00:00,1,2
4dc27ae21d4b15d47ee5,104,60,train,2024-03-16 02:00:00+00:00,2024-03-16 06:00:00+00:00,-1,0
176e72e58f4b90891218,104,60,train,2024-03-17 04:00:00+00:00,2024-03-17 07:00:00+00:00,1,3
75c4e5db3dbd52a1348f,104,60,train,2024-03-17 08:00:00+00:00,2024-03-17 11:00:00+00:00,-1,2
4e21fdad4f9999f24bb7,104,60,train,2024-03-21 17:00:00+00:00,2024-03-21 23:00:00+00:00,1,1
47a66631f2d28e3b5c3b,104,60,train,2024-03-22 01:00:00+00:00,2024-03-22 03:00:00+00:00,-1,0
32d6870bce979deb3110,104,60,train,2024-03-24 10:00:00+00:00,2024-03-24 13:00:00+00:00,1,2
a749d12936c6df5f23f2,104,60,train,2024-03-26 10:00:00+00:00,2024-03-26 12:00:00+00:00,-1,2
2430689847e22c6ac79e,104,60,train,2024-03-29 21:00:00+00:00,2024-03-29 23:00:00+00:00,1,2
acc5bf691942ba3ac96d,104,60,train,2024-03-30 01:00:00+00:00,2024-03-30 03:00:00+00:00,1,3
d994bf2900b8aed7e804,104,60,train,2024-04-02 02:00:00+00:00,2024-04-02 04:00:00+00:00,-1,3
fd341be4038b0353181c,104,60,train,2024-04-04 12:00:00+00:00,2024-04-05 00:00:00+00:00,1,1
b45a160cf2df143c1e50,104,60,train,2024-04-05 01:00:00+00:00,2024-04-05 06:00:00+00:00,-1,0
54cef0562e7a2c0f450c,104,60,validation,2024-07-09 10:00:00+00:00,2024-07-09 13:00:00+00:00,1,2
68c8ace0d2d393651137,104,60,validation,2024-07-11 10:00:00+00:00,2024-07-11 12:00:00+00:00,-1,2
ec8f52a5a54d28bbd932,104,60,validation,2024-07-12 04:00:00+00:00,2024-07-12 11:00:00+00:00,-1,2
7d29f2a15d855cded8ae,104,60,validation,2024-07-12 15:00:00+00:00,2024-07-12 22:00:00+00:00,-1,0
e50eed8c190b1f00b380,104,60,validation,2024-07-13 13:00:00+00:00,2024-07-13 17:00:00+00:00,1,2
859bd714bf1e2b69ed68,104,60,test,2024-07-14 09:00:00+00:00,2024-07-14 14:00:00+00:00,1,1
a89314aefd8a8614044f,104,60,test,2024-07-14 15:00:00+00:00,2024-07-14 18:00:00+00:00,-1,2
32c01c94be9144e66eee,104,60,test,2024-07-15 00:00:00+00:00,2024-07-15 11:00:00+00:00,-1,0
4f9520c866690056055e,104,60,test,2024-07-15 15:00:00+00:00,2024-07-15 22:00:00+00:00,-1,0
7e883824bd9448ca1683,104,60,test,2024-07-16 13:00:00+00:00,2024-07-16 17:00:00+00:00,1,2
64f9ce320ef50773548c,104,60,test,2024-07-16 23:00:00+00:00,2024-07-17 01:00:00+00:00,1,3
b41aa49af39f37cec6a8,104,60,test,2024-07-17 04:00:00+00:00,2024-07-17 08:00:00+00:00,-1,3
60ea4dace1ad628e4774,104,60,test,2024-07-17 14:00:00+00:00,2024-07-18 05:00:00+00:00,-1,2
26d0d94e659bbb6c0ca5,104,60,test,2024-07-18 13:00:00+00:00,2024-07-18 20:00:00+00:00,-1,2
1c5730cca043e1dee448,104,60,test,2024-07-18 21:00:00+00:00,2024-07-19 07:00:00+00:00,-1,1
de0509ce1e791b71adc5,104,60,test,2024-07-19 09:00:00+00:00,2024-07-19 11:00:00+00:00,-1,2
baabff046674ca30329a,104,60,test,2024-07-19 13:00:00+00:00,2024-07-19 20:00:00+00:00,-1,2
8f6526189566b1e060c8,104,60,test,2024-07-19 21:00:00+00:00,2024-07-20 08:00:00+00:00,1,1
8fbc948105a86f634d34,104,60,test,2024-07-21 05:00:00+00:00,2024-07-21 19:00:00+00:00,-1,2
e35db192690686c7badb,104,60,test,2024-07-22 02:00:00+00:00,2024-07-22 04:00:00+00:00,-1,2
524efbcd6ae0929e6cb5,104,60,test,2024-07-22 06:00:00+00:00,2024-07-22 10:00:00+00:00,1,1
c785578d4af30d234c7b,104,60,test,2024-07-22 15:00:00+00:00,2024-07-22 19:00:00+00:00,1,3
192a0672d772f88b15df,104,60,test,2024-07-22 21:00:00+00:00,2024-07-22 23:00:00+00:00,1,3
31be46fe43f3234e9261,104,60,test,2024-07-23 07:00:00+00:00,2024-07-23 10:00:00+00:00,-1,0
de160fdb19d2051e06a6,104,60,test,2024-07-23 17:00:00+00:00,2024-07-23 20:00:00+00:00,-1,2
37efc9abf9e4d107ca63,104,60,test,2024-07-23 21:00:00+00:00,2024-07-24 00:00:00+00:00,1,3
3deab8e11b680e54ce28,104,60,test,2024-07-24 18:00:00+00:00,2024-07-24 20:00:00+00:00,1,2
1dc4fbac814513abdb81,104,60,test,2024-07-25 03:00:00+00:00,2024-07-25 05:00:00+00:00,-1,0
81fac12dbd98b132e24d,104,60,test,2024-07-25 06:00:00+00:00,2024-07-25 09:00:00+00:00,-1,3
ef4bcbbf98229e941bb1,104,60,test,2024-07-25 20:00:00+00:00,2024-07-25 23:00:00+00:00,1,2
ca58a73ac4ddd6091973,104,60,test,2024-07-26 00:00:00+00:00,2024-07-26 03:00:00+00:00,-1,3
16460d12c5dc14722c64,104,60,test,2024-07-26 04:00:00+00:00,2024-07-26 06:00:00+00:00,-1,3
9ef478ce3efa36fcb36d,104,60,test,2024-07-27 04:00:00+00:00,2024-07-27 08:00:00+00:00,1,1
d1ba345906028d7f7f11,104,60,test,2024-07-27 09:00:00+00:00,2024-07-27 13:00:00+00:00,-1,3
d09fb87ca8905859f3a3,104,60,test,2024-07-27 15:00:00+00:00,2024-07-27 17:00:00+00:00,-1,3
197f38519391847c1d6c,104,60,test,2024-07-27 18:00:00+00:00,2024-07-27 21:00:00+00:00,-1,2
411300e751d801fd9cdc,104,60,test,2024-07-27 22:00:00+00:00,2024-07-28 02:00:00+00:00,-1,3
60818ba97ab390cbc74c,104,60,test,2024-07-28 11:00:00+00:00,2024-07-28 15:00:00+00:00,1,1
dcb03003683df1f026cf,104,60,test,2024-07-28 16:00:00+00:00,2024-07-28 20:00:00+00:00,-1,3
67610d99006acb46695b,104,60,test,2024-07-29 02:00:00+00:00,2024-07-29 04:00:00+00:00,-1,3
c8822eee0441735b0194,104,60,test,2024-07-29 08:00:00+00:00,2024-07-29 12:00:00+00:00,-1,1
6d716389d7fb28e27a21,104,60,test,2024-07-29 13:00:00+00:00,2024-07-29 17:00:00+00:00,-1,3
c14b34afdb2eb2092ae3,104,60,test,2024-07-30 07:00:00+00:00,2024-07-30 09:00:00+00:00,-1,2
eeca0ed482996b03bbf6,104,60,test,2024-07-30 13:00:00+00:00,2024-07-30 16:00:00+00:00,1,1
f80396886fbb4d635238,104,60,test,2024-07-30 17:00:00+00:00,2024-07-30 21:00:00+00:00,1,3
aba84de346ef6d857fe1,104,60,test,2024-07-31 08:00:00+00:00,2024-07-31 14:00:00+00:00,-1,0
fdbf5a12f686f85c054c,104,60,test,2024-07-31 19:00:00+00:00,2024-07-31 21:00:00+00:00,1,2
ca9d1344d0dc182c6ba0,104,60,test,2024-08-01 03:00:00+00:00,2024-08-01 05:00:00+00:00,-1,3
26db7cda11f885c07983,104,60,test,2024-08-02 08:00:00+00:00,2024-08-02 12:00:00+00:00,1,2
aa13a4db5b1baa304c33,104,60,test,2024-08-02 14:00:00+00:00,2024-08-02 17:00:00+00:00,-1,3
94dd2f5112308b26f209,104,60,test,2024-08-03 03:00:00+00:00,2024-08-03 05:00:00+00:00,-1,3
47f0c19b9227b0719455,104,60,test,2024-08-04 03:00:00+00:00,2024-08-04 06:00:00+00:00,-1,3
3fce1b724fc66ccb91d0,104,60,test,2024-08-04 18:00:00+00:00,2024-08-04 21:00:00+00:00,-1,2
8110c4251273da17268f,104,60,test,2024-08-04 22:00:00+00:00,2024-08-05 01:00:00+00:00,-1,3
0db02c661b033285f5dd,104,60,test,2024-08-05 09:00:00+00:00,2024-08-05 11:00:00+00:00,-1,2
204017411a4e56d41304,104,60,test,2024-08-05 16:00:00+00:00,2024-08-05 18:00:00+00:00,-1,3
cf7be387c509c3644285,104,60,test,2024-08-06 16:00:00+00:00,2024-08-07 00:00:00+00:00,-1,2
10c8ed190977a15e6baa,104,60,test,2024-08-07 12:00:00+00:00,2024-08-07 16:00:00+00:00,-1,2
18f50516b2888dbeb7b9,104,60,test,2024-08-07 20:00:00+00:00,2024-08-08 00:00:00+00:00,1,3
50ee7f9cbb18fbc235ed,104,60,test,2024-08-08 08:00:00+00:00,2024-08-08 11:00:00+00:00,1,2
4224364bd4efabf853ea,104,60,test,2024-08-08 12:00:00+00:00,2024-08-08 15:00:00+00:00,1,3
a1b628344669244a9407,104,60,test,2024-08-08 16:00:00+00:00,2024-08-09 00:00:00+00:00,-1,0
fa0a9cae5aaec8fe29e3,104,60,test,2024-08-09 05:00:00+00:00,2024-08-09 07:00:00+00:00,1,2
e5824971a9bb3453c07f,104,60,test,2024-08-11 19:00:00+00:00,2024-08-11 21:00:00+00:00,1,2
0a3b4909043303194ede,104,60,test,2024-08-11 23:00:00+00:00,2024-08-12 01:00:00+00:00,1,3
1949dc20c84a0bbba022,104,60,test,2024-08-12 02:00:00+00:00,2024-08-12 05:00:00+00:00,1,1
bb43b5847713671f89e4,104,60,test,2024-08-12 06:00:00+00:00,2024-08-12 08:00:00+00:00,1,3
957c2c53fe2a3f1df04f,104,60,test,2024-08-12 09:00:00+00:00,2024-08-12 11:00:00+00:00,-1,2
0b5e6d6f46741fd883c0,104,60,test,2024-08-12 12:00:00+00:00,2024-08-12 15:00:00+00:00,-1,3
2c957e9611c16c015be2,104,60,test,2024-08-12 19:00:00+00:00,2024-08-12 23:00:00+00:00,-1,0
a23c13c64d957fb1c12c,104,60,test,2024-08-13 00:00:00+00:00,2024-08-13 03:00:00+00:00,-1,2
e74945ea04f5df81aa7d,104,60,test,2024-08-13 04:00:00+00:00,2024-08-13 09:00:00+00:00,-1,0
2155d4b9962f5a6bf0cd,104,60,test,2024-08-13 22:00:00+00:00,2024-08-14 02:00:00+00:00,1,1
166296f1058c78ae6c5e,104,60,test,2024-08-14 03:00:00+00:00,2024-08-14 07:00:00+00:00,-1,3
8193571e233719aec90a,104,60,test,2024-08-14 12:00:00+00:00,2024-08-14 14:00:00+00:00,1,3
3ba15a0adc3957417272,104,60,test,2024-08-15 22:00:00+00:00,2024-08-16 00:00:00+00:00,1,2
504cded6d8141a3e8495,104,60,test,2024-08-16 02:00:00+00:00,2024-08-16 04:00:00+00:00,-1,3
7f163db564c177a799f6,104,60,test,2024-08-16 17:00:00+00:00,2024-08-16 20:00:00+00:00,1,2
5bd8a5a33e92b240a510,104,60,test,2024-08-16 21:00:00+00:00,2024-08-16 23:00:00+00:00,-1,2
5b058b3b1a2bac881603,104,60,test,2024-08-17 01:00:00+00:00,2024-08-17 06:00:00+00:00,-1,0
900744fdf84d8215f052,104,60,test,2024-08-17 17:00:00+00:00,2024-08-17 22:00:00+00:00,1,1
fa7567c31ceba9f16e5b,105,60,train,2024-02-25 16:00:00+00:00,2024-02-25 22:00:00+00:00,1,2
cdcb9c23e9f930bcc28b,105,60,train,2024-02-26 15:00:00+00:00,2024-02-26 20:00:00+00:00,1,1
334b9e2441eb70505f9f,105,60,train,2024-02-27 15:00:00+00:00,2024-02-27 20:00:00+00:00,-1,2
18d93ee912882b57f980,105,60,train,2024-02-27 22:00:00+00:00,2024-02-28 00:00:00+00:00,1,2
2833da3ae6016f67e163,105,60,train,2024-02-28 16:00:00+00:00,2024-02-28 18:00:00+00:00,-1,2
4012e55490e73cee9d00,105,60,train,2024-02-29 03:00:00+00:00,2024-02-29 09:00:00+00:00,-1,0
5c66c6848e2823a5d91f,105,60,train,2024-02-29 17:00:00+00:00,2024-02-29 20:00:00+00:00,1,2
b968f8cbf1498cc58d3b,105,60,train,2024-02-29 23:00:00+00:00,2024-03-01 01:00:00+00:00,-1,0
06bc4bbd634a879132e0,105,60,train,2024-03-02 19:00:00+00:00,2024-03-02 21:00:00+00:00,1,2
dd9b5f58f84fbe5547db,105,60,train,2024-03-03 13:00:00+00:00,2024-03-03 15:00:00+00:00,1,1
eb246b263f61189668b1,105,60,train,2024-03-03 16:00:00+00:00,2024-03-03 18:00:00+00:00,1,1
42a5e02ede041c3da0dc,105,60,train,2024-03-03 19:00:00+00:00,2024-03-03 21:00:00+00:00,-1,2
b3c0e5ae605bd0877465,105,60,train,2024-03-04 00:00:00+00:00,2024-03-04 02:00:00+00:00,1,2
6956f68284d69ea2b7fc,105,60,train,2024-03-04 16:00:00+00:00,2024-03-04 18:00:00+00:00,-1,2
62c9fffad9944aecba70,105,60,train,2024-03-05 09:00:00+00:00,2024-03-05 14:00:00+00:00,1,1
46acd5e8a88debadeda8,105,60,train,2024-03-05 15:00:00+00:00,2024-03-05 18:00:00+00:00,1,3
8d31dfb17a1ab482f75d,105,60,train,2024-03-06 17:00:00+00:00,2024-03-07 06:00:00+00:00,-1,1
7100406a46b73f631a12,105,60,train,2024-03-10 17:00:00+00:00,2024-03-10 22:00:00+00:00,1,1
49752ddefdc167bddc5d,105,60,train,2024-03-11 03:00:00+00:00,2024-03-11 07:00:00+00:00,-1,3
24d6086b88bcde5959bf,105,60,train,2024-03-11 08:00:00+00:00,2024-03-11 19:00:00+00:00,-1,2
157664ab2f243eb50a77,105,60,train,2024-03-11 20:00:00+00:00,2024-03-12 01:00:00+00:00,1,1
011e5327bc39569ec2ef,105,60,train,2024-03-12 22:00:00+00:00,2024-03-13 02:00:00+00:00,1,2
6653e7151318c392cfb7,105,60,train,2024-03-13 03:00:00+00:00,2024-03-13 07:00:00+00:00,-1,3
3a5bacd61bee7a467218,105,60,train,2024-03-13 22:00:00+00:00,2024-03-14 00:00:00+00:00,-1,2
1409e9c3e8f06bc013df,105,60,train,2024-03-14 01:00:00+00:00,2024-03-14 09:00:00+00:00,-1,0
24703d5cf812212ce89a,105,60,train,2024-03-14 14:00:00+00:00,2024-03-14 19:00:00+00:00,-1,0
2e130cda9d913d018204,105,60,train,2024-03-16 02:00:00+00:00,2024-03-16 06:00:00+00:00,-1,0
e9a55b0c1d80adc70ff8,105,60,train,2024-03-17 03:00:00+00:00,2024-03-17 06:00:00+00:00,-1,3
4592c7be9e66403be36b,105,60,train,2024-03-17 07:00:00+00:00,2024-03-17 11:00:00+00:00,1,2
cd9e7810bbf8144699a6,105,60,train,2024-03-18 12:00:00+00:00,2024-03-18 15:00:00+00:00,-1,3
e87eb77a3cb34e9ae4a4,105,60,train,2024-03-19 08:00:00+00:00,2024-03-19 10:00:00+00:00,1,2
bc7b355cdbdfbb6fc676,105,60,train,2024-03-20 23:00:00+00:00,2024-03-21 02:00:00+00:00,1,1
a8c25b996f5a39538db9,105,60,train,2024-03-21 17:00:00+00:00,2024-03-21 21:00:00+00:00,1,1
006819d64f164fadcf0c,105,60,train,2024-03-23 00:00:00+00:00,2024-03-23 02:00:00+00:00,-1,2
61ed87d29fd282bf0c0c,105,60,train,2024-03-23 04:00:00+00:00,2024-03-23 07:00:00+00:00,-1,3
4e1c33e603010acabcc2,105,60,train,2024-03-23 21:00:00+00:00,2024-03-24 01:00:00+00:00,1,1
4b76058363248b7b70ee,105,60,train,2024-03-24 11:00:00+00:00,2024-03-24 13:00:00+00:00,1,2
ee654f0d42ecff868f4f,105,60,train,2024-03-24 16:00:00+00:00,2024-03-24 19:00:00+00:00,-1,3
67e21a7bf5fc59f63ac8,105,60,train,2024-03-26 10:00:00+00:00,2024-03-26 12:00:00+00:00,-1,0
67ea0e4f604e3b457c8f,105,60,train,2024-03-28 12:00:00+00:00,2024-03-28 15:00:00+00:00,1,2
aaf57aade25eb5e21c39,105,60,train,2024-03-28 16:00:00+00:00,2024-03-28 18:00:00+00:00,-1,3
8c3e1f5ad2f3600f3ab5,105,60,train,2024-03-29 16:00:00+00:00,2024-03-29 23:00:00+00:00,1,2
a0615465f33bb4c816d6,105,60,train,2024-03-30 21:00:00+00:00,2024-03-30 23:00:00+00:00,1,2
b38b1a2396c3e92ff340,105,60,train,2024-04-01 23:00:00+00:00,2024-04-02 01:00:00+00:00,-1,2
5a03071e5de48ebc23a7,105,60,train,2024-04-02 02:00:00+00:00,2024-04-02 04:00:00+00:00,-1,3
4b3eb9d82f03dfa17c57,105,60,train,2024-04-03 20:00:00+00:00,2024-04-03 22:00:00+00:00,-1,2
4fa70e72501c692f4dc3,105,60,train,2024-04-03 23:00:00+00:00,2024-04-04 02:00:00+00:00,1,3
d231ee374f319d1cec4a,105,60,train,2024-04-04 13:00:00+00:00,2024-04-05 00:00:00+00:00,1,2
3e9548fbfb286a30e56e,105,60,validation,2024-07-08 21:00:00+00:00,2024-07-09 01:00:00+00:00,1,1
f982d9cb62a1058c2e82,105,60,validation,2024-07-09 11:00:00+00:00,2024-07-09 13:00:00+00:00,1,2
d6d93a84e8654fc73793,105,60,validation,2024-07-09 16:00:00+00:00,2024-07-09 19:00:00+00:00,-1,3
777b189f878231254953,105,60,validation,2024-07-11 10:00:00+00:00,2024-07-11 12:00:00+00:00,-1,0
1db50b909f041558315f,105,60,validation,2024-07-12 06:00:00+00:00,2024-07-12 10:00:00+00:00,1,2
50d6f69842c11e612c88,105,60,validation,2024-07-12 13:00:00+00:00,2024-07-12 17:00:00+00:00,1,3
a7cfd2721d07e3b4bcbc,105,60,validation,2024-07-12 19:00:00+00:00,2024-07-12 21:00:00+00:00,1,3
c9fb57e9388cb445946c,105,60,validation,2024-07-13 13:00:00+00:00,2024-07-13 17:00:00+00:00,1,1
c4ba2dc6e24280e3f112,105,60,test,2024-07-14 09:00:00+00:00,2024-07-14 15:00:00+00:00,1,1
55b4e7d334fe5baec272,105,60,test,2024-07-15 00:00:00+00:00,2024-07-15 05:00:00+00:00,-1,0
a90bcb2162450f5fc43d,105,60,test,2024-07-15 06:00:00+00:00,2024-07-15 10:00:00+00:00,1,2
95a3fd6cc3451b516a59,105,60,test,2024-07-15 13:00:00+00:00,2024-07-15 17:00:00+00:00,1,3
05023016eee1700afbac,105,60,test,2024-07-15 19:00:00+00:00,2024-07-15 21:00:00+00:00,1,3
b85e2bb8648bdc965522,105,60,test,2024-07-16 13:00:00+00:00,2024-07-16 17:00:00+00:00,1,1
8aaf6754a5f886635562,105,60,test,2024-07-17 05:00:00+00:00,2024-07-17 08:00:00+00:00,1,3
dfe531774a806706fa9b,105,60,test,2024-07-17 12:00:00+00:00,2024-07-18 05:00:00+00:00,1,1
89775d56c65481519145,105,60,test,2024-07-18 13:00:00+00:00,2024-07-18 16:00:00+00:00,-1,2
321652ee07e2c5af7c65,105,60,test,2024-07-18 17:00:00+00:00,2024-07-18 20:00:00+00:00,1,3
79a186aacc00df2818a3,105,60,test,2024-07-18 21:00:00+00:00,2024-07-19 07:00:00+00:00,-1,1
e9e6a3d77b988b65232a,105,60,test,2024-07-19 08:00:00+00:00,2024-07-19 11:00:00+00:00,-1,2
294004444fa6e77f2c6b,105,60,test,2024-07-19 14:00:00+00:00,2024-07-19 16:00:00+00:00,-1,2
dca6832c38bb05a1e8c2,105,60,test,2024-07-19 17:00:00+00:00,2024-07-19 20:00:00+00:00,1,3
b5f5d2ef2c31c3908696,105,60,test,2024-07-19 21:00:00+00:00,2024-07-20 07:00:00+00:00,-1,1
651d489bcdc5bc49f3bf,105,60,test,2024-07-20 08:00:00+00:00,2024-07-20 11:00:00+00:00,1,1
593f1974248408655eb3,105,60,test,2024-07-20 14:00:00+00:00,2024-07-20 16:00:00+00:00,-1,0
f5dc27f5b50c9eea3265,105,60,test,2024-07-21 05:00:00+00:00,2024-07-21 08:00:00+00:00,1,1
2f3914d78d33b69c47cd,105,60,test,2024-07-21 14:00:00+00:00,2024-07-21 16:00:00+00:00,-1,2
e9609bcfe711989441cd,105,60,test,2024-07-21 17:00:00+00:00,2024-07-21 19:00:00+00:00,1,3
36485820c231f9a6d447,105,60,test,2024-07-22 02:00:00+00:00,2024-07-22 04:00:00+00:00,-1,2
8a08899c94b483553246,105,60,test,2024-07-22 06:00:00+00:00,2024-07-22 11:00:00+00:00,1,1
0fe5d808606bf7febf8e,105,60,test,2024-07-22 12:00:00+00:00,2024-07-22 14:00:00+00:00,-1,0
d258bb33ee3dfdd8b1d7,105,60,test,2024-07-22 15:00:00+00:00,2024-07-22 18:00:00+00:00,1,3
c148639347855d7af136,105,60,test,2024-07-22 21:00:00+00:00,2024-07-22 23:00:00+00:00,1,3
bd41c6071eb8265fdf17,105,60,test,2024-07-23 07:00:00+00:00,2024-07-23 09:00:00+00:00,1,1
36930124aa23b8cf0cb7,105,60,test,2024-07-23 14:00:00+00:00,2024-07-23 17:00:00+00:00,1,3
22411fbf3e96eb160d74,105,60,test,2024-07-23 18:00:00+00:00,2024-07-23 22:00:00+00:00,0,3
ac07619430b7bfb76c4e,105,60,test,2024-07-24 18:00:00+00:00,2024-07-24 22:00:00+00:00,1,1
0981f5c0d3cfbb62bde3,105,60,test,2024-07-25 07:00:00+00:00,2024-07-25 09:00:00+00:00,-1,3
6fffa6f52a763ef0e975,105,60,test,2024-07-25 19:00:00+00:00,2024-07-25 23:00:00+00:00,1,1
f0ff560fc92ff5edd94f,105,60,test,2024-07-26 00:00:00+00:00,2024-07-26 03:00:00+00:00,-1,0
7db27c48e705a77ce7b9,105,60,test,2024-07-26 04:00:00+00:00,2024-07-26 06:00:00+00:00,-1,3
e1fb4107ecc74f6b8b38,105,60,test,2024-07-27 04:00:00+00:00,2024-07-27 13:00:00+00:00,-1,2
9262d7b146b10a45ccea,105,60,test,2024-07-27 15:00:00+00:00,2024-07-27 17:00:00+00:00,-1,3
d6dd10364b2ad146df9f,105,60,test,2024-07-27 18:00:00+00:00,2024-07-27 21:00:00+00:00,1,1
b14373ac89167ea1d632,105,60,test,2024-07-27 23:00:00+00:00,2024-07-28 01:00:00+00:00,-1,3
777be961532254434508,105,60,test,2024-07-28 11:00:00+00:00,2024-07-28 15:00:00+00:00,-1,2
395f3bfba242fea5c76d,105,60,test,2024-07-28 16:00:00+00:00,2024-07-28 18:00:00+00:00,-1,3
802ba4a623974db8189a,105,60,test,2024-07-29 02:00:00+00:00,2024-07-29 05:00:00+00:00,-1,3
2529e4202a1b1359cbc8,105,60,test,2024-07-29 08:00:00+00:00,2024-07-29 12:00:00+00:00,-1,2
ed58a0726946888ae127,105,60,test,2024-07-29 14:00:00+00:00,2024-07-29 18:00:00+00:00,0,3
1d7b156987a6e0bc5054,105,60,test,2024-07-30 07:00:00+00:00,2024-07-30 11:00:00+00:00,1,1
2e982046fea86dadb936,105,60,test,2024-07-30 13:00:00+00:00,2024-07-30 16:00:00+00:00,1,1
0658a0701d1fc6fbeb40,105,60,test,2024-07-30 17:00:00+00:00,2024-07-30 20:00:00+00:00,1,3
453dff4cbe2ceebdeaa0,105,60,test,2024-07-31 08:00:00+00:00,2024-07-31 10:00:00+00:00,-1,0
2f91c8ff79b03e779b5e,105,60,test,2024-07-31 11:00:00+00:00,2024-07-31 14:00:00+00:00,-1,0
7d4b68b7d797f97dc854,105,60,test,2024-07-31 20:00:00+00:00,2024-07-31 23:00:00+00:00,-1,0
56cba39066b4039b6592,105,60,test,2024-08-01 04:00:00+00:00,2024-08-01 08:00:00+00:00,-1,3
e28d531333649a182764,105,60,test,2024-08-02 10:00:00+00:00,2024-08-02 18:00:00+00:00,-1,0
c12c6faea818150e66a2,105,60,test,2024-08-03 01:00:00+00:00,2024-08-03 04:00:00+00:00,-1,3
274c9b9f2bd6da2f077e,105,60,test,2024-08-04 03:00:00+00:00,2024-08-04 06:00:00+00:00,-1,3
6c4f01367434dbc99258,105,60,test,2024-08-04 19:00:00+00:00,2024-08-04 21:00:00+00:00,-1,2
4d14ea49121d77ec4e4a,105,60,test,2024-08-04 22:00:00+00:00,2024-08-05 01:00:00+00:00,-1,3
af1aab56b5adbdc02cdc,105,60,test,2024-08-05 09:00:00+00:00,2024-08-05 13:00:00+00:00,1,2
4ca771af3645ec937be3,105,60,test,2024-08-05 14:00:00+00:00,2024-08-05 18:00:00+00:00,-1,0
97d404306fb6af4957ff,105,60,test,2024-08-06 16:00:00+00:00,2024-08-07 00:00:00+00:00,-1,2
748e50df1e4baa9c108b,105,60,test,2024-08-07 11:00:00+00:00,2024-08-08 00:00:00+00:00,-1,2
dafce124afeac11e1b1f,105,60,test,2024-08-08 07:00:00+00:00,2024-08-08 11:00:00+00:00,1,1
f5eedc044a4b471bab6a,105,60,test,2024-08-08 12:00:00+00:00,2024-08-08 15:00:00+00:00,1,3
4d870e607da4e8e88109,105,60,test,2024-08-08 16:00:00+00:00,2024-08-09 00:00:00+00:00,-1,0
b209ec9c3b952868ec19,105,60,test,2024-08-11 19:00:00+00:00,2024-08-11 21:00:00+00:00,1,2
3390d186a648d7dac58a,105,60,test,2024-08-11 23:00:00+00:00,2024-08-12 05:00:00+00:00,1,1
19d95a47d309cc007ccd,105,60,test,2024-08-12 11:00:00+00:00,2024-08-12 17:00:00+00:00,1,3
d7878ee780d875b2f1b2,105,60,test,2024-08-12 20:00:00+00:00,2024-08-13 03:00:00+00:00,1,1
31d06b778b87eb48ac86,105,60,test,2024-08-13 04:00:00+00:00,2024-08-13 08:00:00+00:00,-1,3
023e204ba46c517bae42,105,60,test,2024-08-13 22:00:00+00:00,2024-08-14 06:00:00+00:00,-1,0
7a1a263d91f404142327,105,60,test,2024-08-14 12:00:00+00:00,2024-08-14 14:00:00+00:00,1,3
17d271cbfccd3cde6d2d,105,60,test,2024-08-16 02:00:00+00:00,2024-08-16 04:00:00+00:00,-1,3
f9af7cd8b3a3ce08f344,105,60,test,2024-08-16 17:00:00+00:00,2024-08-16 20:00:00+00:00,1,2
2fb7fad6e23de4c3c976,105,60,test,2024-08-16 21:00:00+00:00,2024-08-16 23:00:00+00:00,-1,2
8f4da822fd5ec6e5a795,105,60,test,2024-08-17 01:00:00+00:00,2024-08-17 06:00:00+00:00,-1,0
21d4b7380ef897da9e79,105,60,test,2024-08-17 17:00:00+00:00,2024-08-17 23:00:00+00:00,1,1
859237f8ee7aa211bd0a,106,60,train,2024-02-25 19:00:00+00:00,2024-02-25 22:00:00+00:00,1,1
0aa6d3a475e5fd847928,106,60,train,2024-02-26 18:00:00+00:00,2024-02-26 20:00:00+00:00,-1,2
e81a53a621d3353b5698,106,60,train,2024-02-27 00:00:00+00:00,2024-02-27 02:00:00+00:00,-1,2
089cc80b45c46653f3db,106,60,train,2024-02-27 15:00:00+00:00,2024-02-27 20:00:00+00:00,-1,2
d66d0ae126efc45c68a8,106,60,train,2024-02-27 22:00:00+00:00,2024-02-28 00:00:00+00:00,1,2
e330a368de6aeb918f9a,106,60,train,2024-02-28 16:00:00+00:00,2024-02-28 18:00:00+00:00,-1,2
a9de8d623bccd41b417f,106,60,train,2024-02-28 19:00:00+00:00,2024-02-28 21:00:00+00:00,1,3
cf74b8c11d8b4c894b7f,106,60,train,2024-02-29 17:00:00+00:00,2024-02-29 20:00:00+00:00,1,2
e954769382213c7c2258,106,60,train,2024-03-03 13:00:00+00:00,2024-03-03 15:00:00+00:00,1,1
2581fcc4c0a2b4d7b683,106,60,train,2024-03-03 16:00:00+00:00,2024-03-03 18:00:00+00:00,1,1
c632e5b71af2d9048702,106,60,train,2024-03-03 19:00:00+00:00,2024-03-03 21:00:00+00:00,-1,3
50efebf9e1da7007b36a,106,60,train,2024-03-04 00:00:00+00:00,2024-03-04 02:00:00+00:00,-1,2
befd2a1ab08c167a61fc,106,60,train,2024-03-04 16:00:00+00:00,2024-03-04 18:00:00+00:00,-1,2
200287146009078dbd80,106,60,train,2024-03-05 10:00:00+00:00,2024-03-05 13:00:00+00:00,1,1
aa5fec4005e155211231,106,60,train,2024-03-05 15:00:00+00:00,2024-03-05 18:00:00+00:00,1,3
4cd80051d439bcc2b2e2,106,60,train,2024-03-10 20:00:00+00:00,2024-03-10 22:00:00+00:00,1,1
536c4f1c3399c91858ff,106,60,train,2024-03-11 11:00:00+00:00,2024-03-11 19:00:00+00:00,-1,2
8cbb706d714b0b632dbb,106,60,train,2024-03-11 20:00:00+00:00,2024-03-12 01:00:00+00:00,1,1
57d573111adf2e453a54,106,60,train,2024-03-12 21:00:00+00:00,2024-03-13 02:00:00+00:00,1,2
b4545583aaf1a0b7f345,106,60,train,2024-03-13 21:00:00+00:00,2024-03-13 23:00:00+00:00,1,2
3f9956092bbc16ba384f,106,60,train,2024-03-14 01:00:00+00:00,2024-03-14 09:00:00+00:00,-1,0
9c590dae14cc2eb1a93f,106,60,train,2024-03-14 14:00:00+00:00,2024-03-14 16:00:00+00:00,-1,0
6b3e6a283113355261cd,106,60,train,2024-03-14 17:00:00+00:00,2024-03-14 19:00:00+00:00,1,3
a5196dc123778b984c8f,106,60,train,2024-03-15 03:00:00+00:00,2024-03-15 05:00:00+00:00,-1,2
9033fbd8b8af7d168b17,106,60,train,2024-03-15 20:00:00+00:00,2024-03-16 01:00:00+00:00,1,1
760719db6da35eb10711,106,60,train,2024-03-16 02:00:00+00:00,2024-03-16 06:00:00+00:00,-1,3
7f60f210acc1e3cc7f3a,106,60,train,2024-03-17 03:00:00+00:00,2024-03-17 05:00:00+00:00,-1,3
5bc4e6469aa4a5227f87,106,60,train,2024-03-17 07:00:00+00:00,2024-03-17 10:00:00+00:00,-1,2
2a6dee3c07eb5286959a,106,60,train,2024-03-18 02:00:00+00:00,2024-03-18 07:00:00+00:00,-1,0
ae7ad2afd7b131fad621,106,60,train,2024-03-18 08:00:00+00:00,2024-03-18 11:00:00+00:00,-1,2
91f11b1b8c28a3390703,106,60,train,2024-03-18 12:00:00+00:00,2024-03-18 15:00:00+00:00,-1,3
3eedabb5d98eca2b8e40,106,60,train,2024-03-23 00:00:00+00:00,2024-03-23 02:00:00+00:00,-1,2
424bdf3ce7af1ed8a20d,106,60,train,2024-03-23 21:00:00+00:00,2024-03-24 01:00:00+00:00,1,2
b17e8b1c99fca321dd28,106,60,train,2024-03-29 21:00:00+00:00,2024-03-29 23:00:00+00:00,1,1
ab7038aa1573cea8755a,106,60,train,2024-03-31 01:00:00+00:00,2024-03-31 03:00:00+00:00,1,3
19fac43205ea29799d44,106,60,train,2024-03-31 07:00:00+00:00,2024-03-31 10:00:00+00:00,-1,2
268de8579aaf94c4d968,106,60,train,2024-04-02 02:00:00+00:00,2024-04-02 04:00:00+00:00,1,3
0349fbabeda45c73a845,106,60,train,2024-04-03 20:00:00+00:00,2024-04-03 22:00:00+00:00,1,2
bc69189aad7ecd0b1590,106,60,train,2024-04-03 23:00:00+00:00,2024-04-04 02:00:00+00:00,1,3
9e9603c5aafbff9e0f2a,106,60,train,2024-04-04 21:00:00+00:00,2024-04-05 00:00:00+00:00,-1,2
00696b6210b89061cf4b,106,60,validation,2024-07-08 21:00:00+00:00,2024-07-09 01:00:00+00:00,1,2
74dbcb788ebc4fe78ea8,106,60,validation,2024-07-12 03:00:00+00:00,2024-07-12 05:00:00+00:00,1,2
3cc76da14d38d893c752,106,60,validation,2024-07-12 06:00:00+00:00,2024-07-12 11:00:00+00:00,-1,2
a1ea87eee7788877575b,106,60,validation,2024-07-12 15:00:00+00:00,2024-07-12 17:00:00+00:00,-1,0
ecdaae006a65f255f917,106,60,validation,2024-07-12 18:00:00+00:00,2024-07-12 21:00:00+00:00,-1,3
3d55fa8b16c122346195,106,60,validation,2024-07-13 15:00:00+00:00,2024-07-13 21:00:00+00:00,1,1
87f1688797dc8afed73f,106,60,test,2024-07-14 09:00:00+00:00,2024-07-14 14:00:00+00:00,1,1
5d3856a22a59ff899d2c,106,60,test,2024-07-14 15:00:00+00:00,2024-07-14 17:00:00+00:00,1,2
1df7019b2e541be86fa1,106,60,test,2024-07-15 00:00:00+00:00,2024-07-15 05:00:00+00:00,-1,0
d733510ad26f704d6cdd,106,60,test,2024-07-15 06:00:00+00:00,2024-07-15 11:00:00+00:00,-1,2
0991347b15a23ffd8649,106,60,test,2024-07-15 15:00:00+00:00,2024-07-15 17:00:00+00:00,-1,0
8d81ad3ee5863ead0e3f,106,60,test,2024-07-15 18:00:00+00:00,2024-07-15 21:00:00+00:00,-1,3
63c9d5e585e6fe4d3288,106,60,test,2024-07-16 15:00:00+00:00,2024-07-16 21:00:00+00:00,1,1
c8fde27ecf479132c19b,106,60,test,2024-07-17 04:00:00+00:00,2024-07-17 08:00:00+00:00,-1,3
12c3432615c539910f7c,106,60,test,2024-07-17 14:00:00+00:00,2024-07-17 17:00:00+00:00,-1,2
d00b242e1132f2e0da7c,106,60,test,2024-07-17 18:00:00+00:00,2024-07-18 05:00:00+00:00,-1,1
b884e2d48f2fd1a8d68c,106,60,test,2024-07-18 22:00:00+00:00,2024-07-19 07:00:00+00:00,-1,0
7df0be9b9afb0b20fae9,106,60,test,2024-07-19 08:00:00+00:00,2024-07-19 10:00:00+00:00,1,2
61f8c99b776bca55318f,106,60,test,2024-07-19 11:00:00+00:00,2024-07-19 15:00:00+00:00,0,3
b36d17c4745dbf9d819f,106,60,test,2024-07-19 22:00:00+00:00,2024-07-20 09:00:00+00:00,-1,0
9cd079c4483bed6cb6ff,106,60,test,2024-07-21 06:00:00+00:00,2024-07-21 09:00:00+00:00,-1,2
a75f811dc3a843a30aac,106,60,test,2024-07-21 13:00:00+00:00,2024-07-21 19:00:00+00:00,-1,0
2c136adfc0d4ab0f4583,106,60,test,2024-07-22 02:00:00+00:00,2024-07-22 05:00:00+00:00,-1,2
89e454c917439aebe294,106,60,test,2024-07-22 06:00:00+00:00,2024-07-22 11:00:00+00:00,1,1
c00993f7243f6da0cb67,106,60,test,2024-07-22 15:00:00+00:00,2024-07-22 19:00:00+00:00,1,3
1ee47881bff234f750b9,106,60,test,2024-07-22 21:00:00+00:00,2024-07-22 23:00:00+00:00,1,3
a4eea49670b0d31b235b,106,60,test,2024-07-23 07:00:00+00:00,2024-07-23 10:00:00+00:00,-1,2
8eaeb4bf3d89ffc4d165,106,60,test,2024-07-23 16:00:00+00:00,2024-07-24 00:00:00+00:00,-1,0
2ebe3ad309d7c9fdbba5,106,60,test,2024-07-24 18:00:00+00:00,2024-07-24 21:00:00+00:00,-1,2
a0b654c1aff6ee72bd38,106,60,test,2024-07-25 02:00:00+00:00,2024-07-25 05:00:00+00:00,-1,2
eab0db0365751b5b090d,106,60,test,2024-07-25 06:00:00+00:00,2024-07-25 09:00:00+00:00,1,3
58191518b79f43e9b734,106,60,test,2024-07-25 20:00:00+00:00,2024-07-25 23:00:00+00:00,1,1
bed8d11e163965e50493,106,60,test,2024-07-26 00:00:00+00:00,2024-07-26 03:00:00+00:00,-1,3
3d020b36b84701a2b4f4,106,60,test,2024-07-27 04:00:00+00:00,2024-07-27 09:00:00+00:00,1,1
950cc977fd0ecd1fa206,106,60,test,2024-07-27 10:00:00+00:00,2024-07-27 14:00:00+00:00,-1,3
87e82d21e1fa4d9ed062,106,60,test,2024-07-27 15:00:00+00:00,2024-07-27 17:00:00+00:00,-1,3
2278027b8d910ea7dae8,106,60,test,2024-07-27 19:00:00+00:00,2024-07-27 21:00:00+00:00,-1,2
c2553be757ff92a7f0e4,106,60,test,2024-07-27 23:00:00+00:00,2024-07-28 01:00:00+00:00,-1,3
88e6b7c81895f1c5181c,106,60,test,2024-07-28 11:00:00+00:00,2024-07-28 18:00:00+00:00,-1,2
90de9e79b7e2279bc783,106,60,test,2024-07-29 02:00:00+00:00,2024-07-29 04:00:00+00:00,-1,3
e20ca57d68ea5ef40275,106,60,test,2024-07-29 07:00:00+00:00,2024-07-29 11:00:00+00:00,1,1
ce58bc3fd46b5c095c42,106,60,test,2024-07-29 13:00:00+00:00,2024-07-29 18:00:00+00:00,-1,3
e64e83445843763163ca,106,60,test,2024-07-30 07:00:00+00:00,2024-07-30 11:00:00+00:00,1,2
ea7981f81698cf7909a1,106,60,test,2024-07-30 14:00:00+00:00,2024-07-30 16:00:00+00:00,-1,2
37c0bc3ea4e9e079438d,106,60,test,2024-07-30 18:00:00+00:00,2024-07-30 21:00:00+00:00,1,3
98fba1c0a72d88d67c4d,106,60,test,2024-07-31 02:00:00+00:00,2024-07-31 04:00:00+00:00,-1,2
e2345d29b8604e8c08a5,106,60,test,2024-07-31 08:00:00+00:00,2024-07-31 14:00:00+00:00,-1,2
1648f7e1456f929793f1,106,60,test,2024-07-31 19:00:00+00:00,2024-07-31 21:00:00+00:00,1,2
fc22109427bc923891e7,106,60,test,2024-08-01 02:00:00+00:00,2024-08-01 08:00:00+00:00,-1,0
4edb83d2d7bad132a8e0,106,60,test,2024-08-02 13:00:00+00:00,2024-08-02 18:00:00+00:00,-1,0
ab5f85c389c7c73fc238,106,60,test,2024-08-03 19:00:00+00:00,2024-08-03 21:00:00+00:00,1,2
2ce82cb3718d14fac6b0,106,60,test,2024-08-04 02:00:00+00:00,2024-08-04 05:00:00+00:00,1,3
987ffc7715d4e0f0194f,106,60,test,2024-08-04 18:00:00+00:00,2024-08-04 21:00:00+00:00,-1,2
f1f065fe1b5cb2cba488,106,60,test,2024-08-04 22:00:00+00:00,2024-08-05 01:00:00+00:00,-1,3
be119b413531664d3b39,106,60,test,2024-08-05 09:00:00+00:00,2024-08-05 13:00:00+00:00,-1,2
735a86cc2f888bee2de4,106,60,test,2024-08-05 14:00:00+00:00,2024-08-05 18:00:00+00:00,-1,0
449e377c64292c2a7a4f,106,60,test,2024-08-06 16:00:00+00:00,2024-08-07 00:00:00+00:00,-1,2
9bbb52138bab7dff5171,106,60,test,2024-08-07 11:00:00+00:00,2024-08-07 18:00:00+00:00,1,1
f1fef4450206eb56a8e0,106,60,test,2024-08-07 20:00:00+00:00,2024-08-08 00:00:00+00:00,-1,3
aa567b98ab55485fc9c0,106,60,test,2024-08-08 08:00:00+00:00,2024-08-08 11:00:00+00:00,1,2
cf34c1f02c0759752e98,106,60,test,2024-08-08 12:00:00+00:00,2024-08-08 15:00:00+00:00,1,3
8e16a8130bc2f4464067,106,60,test,2024-08-08 16:00:00+00:00,2024-08-08 20:00:00+00:00,1,1
a767547779fdb38f1b0f,106,60,test,2024-08-08 21:00:00+00:00,2024-08-09 00:00:00+00:00,-1,3
7cda639fa5772e8482bd,106,60,test,2024-08-09 05:00:00+00:00,2024-08-09 07:00:00+00:00,1,2
4ec323983838ef32fa14,106,60,test,2024-08-10 07:00:00+00:00,2024-08-10 11:00:00+00:00,1,2
91b535ff5e4c7c52279d,106,60,test,2024-08-10 12:00:00+00:00,2024-08-10 15:00:00+00:00,1,3
391aae3f3b78e2104443,106,60,test,2024-08-11 19:00:00+00:00,2024-08-11 21:00:00+00:00,1,2
4a766ca56eec42b31a8c,106,60,test,2024-08-11 23:00:00+00:00,2024-08-12 01:00:00+00:00,1,3
e061a7417788a6242afb,106,60,test,2024-08-12 02:00:00+00:00,2024-08-12 05:00:00+00:00,1,1
464eba164327232159ce,106,60,test,2024-08-12 07:00:00+00:00,2024-08-12 15:00:00+00:00,-1,0
66a05ffef23ebb6699c5,106,60,test,2024-08-12 19:00:00+00:00,2024-08-13 03:00:00+00:00,1,2
1dac91f7a4e5741776c9,106,60,test,2024-08-13 04:00:00+00:00,2024-08-13 08:00:00+00:00,-1,3
54e378330a25e1445343,106,60,test,2024-08-13 22:00:00+00:00,2024-08-14 05:00:00+00:00,-1,2
d7e7ed0c56e45ea564e5,106,60,test,2024-08-14 07:00:00+00:00,2024-08-14 09:00:00+00:00,-1,3
0fc70e18d8497bfdfa65,106,60,test,2024-08-15 19:00:00+00:00,2024-08-15 21:00:00+00:00,1,1
b6427b10571c54cd200d,106,60,test,2024-08-15 22:00:00+00:00,2024-08-16 04:00:00+00:00,-1,0
2c52f67ded31bd164cb3,106,60,test,2024-08-16 17:00:00+00:00,2024-08-16 23:00:00+00:00,1,1
1c1a11c4b459ce36e652,106,60,test,2024-08-17 03:00:00+00:00,2024-08-17 07:00:00+00:00,-1,3
f8fa80d82e2080e6dd68,106,60,test,2024-08-17 18:00:00+00:00,2024-08-17 23:00:00+00:00,1,1
38d3cc27becdc122d4a7,107,60,train,2024-02-25 19:00:00+00:00,2024-02-25 21:00:00+00:00,1,1
f16e7977f8782ca123f1,107,60,train,2024-02-26 18:00:00+00:00,2024-02-26 20:00:00+00:00,1,2
d1015aa4a9af71bd3455,107,60,train,2024-02-27 17:00:00+00:00,2024-02-27 20:00:00+00:00,-1,0
82f9e15fc27e347b8fa3,107,60,train,2024-02-27 22:00:00+00:00,2024-02-28 00:00:00+00:00,1,2
0664e2aaf6dba6bf5037,107,60,train,2024-02-28 16:00:00+00:00,2024-02-28 18:00:00+00:00,-1,2
5bb576808505d62cd260,107,60,train,2024-02-28 19:00:00+00:00,2024-02-28 21:00:00+00:00,1,3
21da6c9b802cdfe385e5,107,60,train,2024-02-28 23:00:00+00:00,2024-02-29 01:00:00+00:00,1,2
cf4d4534d50445392b5f,107,60,train,2024-02-29 17:00:00+00:00,2024-02-29 21:00:00+00:00,-1,2
42e02b9af72cba8ae027,107,60,train,2024-03-03 13:00:00+00:00,2024-03-03 18:00:00+00:00,1,1
d677bd538451dceced40,107,60,train,2024-03-05 10:00:00+00:00,2024-03-05 13:00:00+00:00,1,1
09ecf9c1e254d0195d92,107,60,train,2024-03-05 15:00:00+00:00,2024-03-05 18:00:00+00:00,1,3
fb1fe23be251233e5e59,107,60,train,2024-03-06 17:00:00+00:00,2024-03-06 23:00:00+00:00,1,1
44ba5d70e8b0641a2213,107,60,train,2024-03-10 20:00:00+00:00,2024-03-10 22:00:00+00:00,1,1
8125f4cf66768540d015,107,60,train,2024-03-11 11:00:00+00:00,2024-03-11 19:00:00+00:00,-1,2
ed75f45ecec3b9cbe4dc,107,60,train,2024-03-11 20:00:00+00:00,2024-03-12 01:00:00+00:00,1,1
f9d14dbea2c951f083bf,107,60,train,2024-03-14 00:00:00+00:00,2024-03-14 09:00:00+00:00,-1,0
f3c8538779d3c3f00ed0,107,60,train,2024-03-14 17:00:00+00:00,2024-03-14 20:00:00+00:00,-1,3
d1814b0755968acac3ad,107,60,train,2024-03-15 03:00:00+00:00,2024-03-15 05:00:00+00:00,-1,2
368fc383759f638c8780,107,60,train,2024-03-15 20:00:00+00:00,2024-03-16 01:00:00+00:00,1,1
73ccb8ebe090f3f58b4e,107,60,train,2024-03-16 02:00:00+00:00,2024-03-16 06:00:00+00:00,-1,0
1408f9b8912ea5acf5d9,107,60,train,2024-03-17 08:00:00+00:00,2024-03-17 10:00:00+00:00,1,2
bde944d15dff93a0744c,107,60,train,2024-03-17 11:00:00+00:00,2024-03-17 13:00:00+00:00,1,2
e2c5879d685677a73343,107,60,train,2024-03-23 21:00:00+00:00,2024-03-24 01:00:00+00:00,1,2
21e3db78165f246b27eb,107,60,train,2024-03-27 11:00:00+00:00,2024-03-27 13:00:00+00:00,-1,2
9a94a77c4641598f9ca4,107,60,train,2024-03-30 00:00:00+00:00,2024-03-30 03:00:00+00:00,-1,0
656934094329159ba8d7,107,60,train,2024-03-31 17:00:00+00:00,2024-03-31 19:00:00+00:00,-1,2
6844b503e376fe69b5ff,107,60,train,2024-04-04 12:00:00+00:00,2024-04-05 00:00:00+00:00,1,1
2aef48b609bf4572245c,107,60,validation,2024-07-08 21:00:00+00:00,2024-07-09 01:00:00+00:00,1,2
a38d831a83f435b16655,107,60,validation,2024-07-12 06:00:00+00:00,2024-07-12 14:00:00+00:00,-1,2
ac0894f569c19a649ded,107,60,validation,2024-07-12 18:00:00+00:00,2024-07-12 22:00:00+00:00,1,3
2922946847edf083ff15,107,60,validation,2024-07-13 13:00:00+00:00,2024-07-13 17:00:00+00:00,1,2
84a7e30281b0e672bb90,107,60,test,2024-07-14 09:00:00+00:00,2024-07-14 14:00:00+00:00,1,1
3e80a01441f6b119044e,107,60,test,2024-07-14 15:00:00+00:00,2024-07-14 18:00:00+00:00,1,2
f302f6a203d00050f664,107,60,test,2024-07-15 06:00:00+00:00,2024-07-15 14:00:00+00:00,-1,2
8ea8835312684a0290a5,107,60,test,2024-07-15 18:00:00+00:00,2024-07-15 22:00:00+00:00,1,3
7cb5aa788b17096bf0ba,107,60,test,2024-07-16 13:00:00+00:00,2024-07-16 17:00:00+00:00,1,2
1c1766943f3ce2921d4d,107,60,test,2024-07-16 23:00:00+00:00,2024-07-17 01:00:00+00:00,1,3
7bfa52bb741096ec5a56,107,60,test,2024-07-17 04:00:00+00:00,2024-07-17 08:00:00+00:00,-1,0
11e5bfd31a33554fa9d5,107,60,test,2024-07-17 12:00:00+00:00,2024-07-17 17:00:00+00:00,1,1
7a8a62a03dfdd844ad5b,107,60,test,2024-07-17 18:00:00+00:00,2024-07-18 05:00:00+00:00,-1,1
2344777fe0ae99036db7,107,60,test,2024-07-18 16:00:00+00:00,2024-07-18 20:00:00+00:00,1,3
335166ca3fa573eb04ee,107,60,test,2024-07-18 21:00:00+00:00,2024-07-19 08:00:00+00:00,-1,1
1c325d83ec5319e980d2,107,60,test,2024-07-19 09:00:00+00:00,2024-07-19 11:00:00+00:00,-1,0
02ca6d756a6fbdcddb3f,107,60,test,2024-07-19 12:00:00+00:00,2024-07-19 15:00:00+00:00,0,3
476f77477c65c1c56f97,107,60,test,2024-07-19 16:00:00+00:00,2024-07-19 20:00:00+00:00,1,3
0d263abbe196c7b6ffa1,107,60,test,2024-07-19 21:00:00+00:00,2024-07-20 07:00:00+00:00,-1,1
3d94c23463532a68ee94,107,60,test,2024-07-20 08:00:00+00:00,2024-07-20 11:00:00+00:00,1,2
b843ea4c49014dab9afc,107,60,test,2024-07-21 05:00:00+00:00,2024-07-21 09:00:00+00:00,1,1
f24bca6f013552236459,107,60,test,2024-07-21 11:00:00+00:00,2024-07-21 20:00:00+00:00,1,3
b9c7517ad3db14301e10,107,60,test,2024-07-22 02:00:00+00:00,2024-07-22 04:00:00+00:00,1,2
3b72e4911c005eda0b4f,107,60,test,2024-07-22 06:00:00+00:00,2024-07-22 10:00:00+00:00,1,1
8b994d2f73d86015f90f,107,60,test,2024-07-22 14:00:00+00:00,2024-07-22 18:00:00+00:00,-1,0
a03cd410180a58148e8e,107,60,test,2024-07-22 21:00:00+00:00,2024-07-23 00:00:00+00:00,1,3
5abe2875f5b290faf200,107,60,test,2024-07-23 06:00:00+00:00,2024-07-23 10:00:00+00:00,-1,2
3acb34c783a51e5e4886,107,60,test,2024-07-23 14:00:00+00:00,2024-07-24 00:00:00+00:00,-1,1
3bddc59f3463a18aa971,107,60,test,2024-07-24 18:00:00+00:00,2024-07-24 20:00:00+00:00,-1,2
447a643dd328cb4584d9,107,60,test,2024-07-25 04:00:00+00:00,2024-07-25 08:00:00+00:00,-1,3
53bcce75567b42fd7d42,107,60,test,2024-07-25 20:00:00+00:00,2024-07-26 00:00:00+00:00,-1,2
c6566a4bd381b14d647e,107,60,test,2024-07-26 01:00:00+00:00,2024-07-26 06:00:00+00:00,-1,3
9a2fd39af946239587d2,107,60,test,2024-07-27 04:00:00+00:00,2024-07-27 14:00:00+00:00,-1,1
e4b9a115a6cc87c51a75,107,60,test,2024-07-27 15:00:00+00:00,2024-07-27 17:00:00+00:00,-1,3
af04d4c833e7b57e3a36,107,60,test,2024-07-27 19:00:00+00:00,2024-07-27 21:00:00+00:00,-1,2
53dc64965305c09658f0,107,60,test,2024-07-27 23:00:00+00:00,2024-07-28 01:00:00+00:00,-1,3
8574bc2bcb748be31830,107,60,test,2024-07-28 11:00:00+00:00,2024-07-28 15:00:00+00:00,1,2
06718c4bb4a933fe3c11,107,60,test,2024-07-28 16:00:00+00:00,2024-07-28 20:00:00+00:00,-1,3
e6974103cd3fe004ea77,107,60,test,2024-07-29 01:00:00+00:00,2024-07-29 04:00:00+00:00,-1,3
7877042e902841764300,107,60,test,2024-07-29 09:00:00+00:00,2024-07-29 18:00:00+00:00,-1,0
dc24489aaa3d2f9bb217,107,60,test,2024-07-30 06:00:00+00:00,2024-07-30 09:00:00+00:00,1,2
f4a7034d3a41daa6d3cc,107,60,test,2024-07-30 13:00:00+00:00,2024-07-30 16:00:00+00:00,1,2
7855f166b33a74c68b01,107,60,test,2024-07-30 17:00:00+00:00,2024-07-30 20:00:00+00:00,-1,3
ae91ba7411dc2c0d68cb,107,60,test,2024-07-31 09:00:00+00:00,2024-07-31 12:00:00+00:00,1,2
eedadfc659ad953602a9,107,60,test,2024-07-31 15:00:00+00:00,2024-07-31 18:00:00+00:00,1,3
a8614f2ffc8443bfd10b,107,60,test,2024-07-31 19:00:00+00:00,2024-07-31 22:00:00+00:00,-1,2
0a6a39caebc2c59367d8,107,60,test,2024-08-01 03:00:00+00:00,2024-08-01 09:00:00+00:00,-1,0
2335ef61189d93d435c6,107,60,test,2024-08-02 06:00:00+00:00,2024-08-02 16:00:00+00:00,-1,2
f47977c32889637123f2,107,60,test,2024-08-03 08:00:00+00:00,2024-08-03 10:00:00+00:00,-1,2
7054da75f33317d3098b,107,60,test,2024-08-03 15:00:00+00:00,2024-08-03 17:00:00+00:00,-1,3
69b7ef7ba671f8cebec0,107,60,test,2024-08-04 19:00:00+00:00,2024-08-04 21:00:00+00:00,-1,2
ca1de8dd49f13b7ca8b8,107,60,test,2024-08-04 22:00:00+00:00,2024-08-05 01:00:00+00:00,-1,3
c7faefaec9499392fd43,107,60,test,2024-08-05 16:00:00+00:00,2024-08-05 19:00:00+00:00,1,3
1ff889da52e0abada345,107,60,test,2024-08-06 18:00:00+00:00,2024-08-06 20:00:00+00:00,-1,2
187e1a7d2065e2a9be49,107,60,test,2024-08-06 21:00:00+00:00,2024-08-07 01:00:00+00:00,0,3
c5b663225f64a7dba0c5,107,60,test,2024-08-07 11:00:00+00:00,2024-08-07 15:00:00+00:00,1,1
e6698655cc6ddf0c701e,107,60,test,2024-08-07 19:00:00+00:00,2024-08-08 00:00:00+00:00,-1,0
2107d8bc7a8b43f46e5a,107,60,test,2024-08-08 08:00:00+00:00,2024-08-08 11:00:00+00:00,1,2
d58d29c9dce686cb9ce5,107,60,test,2024-08-08 12:00:00+00:00,2024-08-08 15:00:00+00:00,1,3
9652c3139cfbd3694ecb,107,60,test,2024-08-08 16:00:00+00:00,2024-08-09 00:00:00+00:00,-1,2
d231201f240293de5588,107,60,test,2024-08-09 04:00:00+00:00,2024-08-09 06:00:00+00:00,-1,2
bd5e0f687edbf9914881,107,60,test,2024-08-10 01:00:00+00:00,2024-08-10 03:00:00+00:00,1,3
3b8fb8d8f3f954a688b0,107,60,test,2024-08-10 07:00:00+00:00,2024-08-10 09:00:00+00:00,-1,2
437c331fd5a69da676c9,107,60,test,2024-08-10 11:00:00+00:00,2024-08-10 13:00:00+00:00,-1,3
3750a795e570f02ab324,107,60,test,2024-08-11 19:00:00+00:00,2024-08-11 21:00:00+00:00,1,1
6b3d7dc239d5d41db976,107,60,test,2024-08-12 02:00:00+00:00,2024-08-12 05:00:00+00:00,1,1
33390ad873b1eb482753,107,60,test,2024-08-12 12:00:00+00:00,2024-08-12 15:00:00+00:00,-1,3
acd03ed21818a3f3f495,107,60,test,2024-08-12 19:00:00+00:00,2024-08-13 09:00:00+00:00,-1,2
282b0fcc930e360f47c5,107,60,test,2024-08-13 22:00:00+00:00,2024-08-14 06:00:00+00:00,-1,0
d0e57e657ef7dedd9919,107,60,test,2024-08-14 12:00:00+00:00,2024-08-14 14:00:00+00:00,1,3
c15aea4d08d34813964f,107,60,test,2024-08-15 07:00:00+00:00,2024-08-15 09:00:00+00:00,-1,2
3bb29b4bcbf006369095,107,60,test,2024-08-15 10:00:00+00:00,2024-08-15 13:00:00+00:00,-1,3
887203deb04150fad770,107,60,test,2024-08-15 22:00:00+00:00,2024-08-16 00:00:00+00:00,1,2
098e63476d2112e197a2,107,60,test,2024-08-16 01:00:00+00:00,2024-08-16 04:00:00+00:00,-1,3
1fa459b92d10c0ab3149,107,60,test,2024-08-16 17:00:00+00:00,2024-08-16 20:00:00+00:00,-1,2
2422f023681815f1a714,107,60,test,2024-08-16 21:00:00+00:00,2024-08-16 23:00:00+00:00,1,2
4ad5f44dfd6c153d80e1,107,60,test,2024-08-17 00:00:00+00:00,2024-08-17 06:00:00+00:00,-1,0
7db4826b6436a38cc1ac,107,60,test,2024-08-17 17:00:00+00:00,2024-08-17 23:00:00+00:00,1,1
fb6e49825589ec3425fb,108,60,train,2024-02-26 18:00:00+00:00,2024-02-26 22:00:00+00:00,1,2
9698638bd4f08036c812,108,60,train,2024-02-28 15:00:00+00:00,2024-02-28 20:00:00+00:00,1,1
45548958304ee875fa8a,108,60,train,2024-02-28 21:00:00+00:00,2024-02-29 00:00:00+00:00,-1,3
4d932d5bfc7569a52b83,108,60,train,2024-03-03 17:00:00+00:00,2024-03-03 19:00:00+00:00,1,1
089411291a9ee84c923f,108,60,train,2024-03-03 20:00:00+00:00,2024-03-03 23:00:00+00:00,-1,2
baa4ad4135dd2c7939b3,108,60,train,2024-03-04 22:00:00+00:00,2024-03-05 01:00:00+00:00,-1,2
836dd1ce34ec40177712,108,60,train,2024-03-05 15:00:00+00:00,2024-03-05 18:00:00+00:00,-1,3
759ab5d24c601a3383f2,108,60,train,2024-03-05 23:00:00+00:00,2024-03-06 01:00:00+00:00,-1,2
95ce57435cc150c7bda4,108,60,train,2024-03-06 19:00:00+00:00,2024-03-06 23:00:00+00:00,1,2
c0209d136c56a8615502,108,60,train,2024-03-07 11:00:00+00:00,2024-03-07 14:00:00+00:00,1,1
59a39bd95e73a9c005bc,108,60,train,2024-03-11 21:00:00+00:00,2024-03-12 01:00:00+00:00,1,1
ad418e93bbdbe7491a02,108,60,train,2024-03-13 18:00:00+00:00,2024-03-13 23:00:00+00:00,1,2
c3f2082032dcb1e55155,108,60,train,2024-03-14 13:00:00+00:00,2024-03-14 15:00:00+00:00,-1,2
5613c5b92095a880a141,108,60,train,2024-03-14 16:00:00+00:00,2024-03-14 19:00:00+00:00,1,3
8474b621c0ecce432295,108,60,train,2024-03-15 20:00:00+00:00,2024-03-16 01:00:00+00:00,1,1
ddf5498a1367869ea9ae,108,60,train,2024-03-16 02:00:00+00:00,2024-03-16 06:00:00+00:00,-1,3
9d78936fb2443c898ef3,108,60,train,2024-03-16 11:00:00+00:00,2024-03-16 13:00:00+00:00,1,1
b15595332e0d168722cc,108,60,train,2024-03-21 20:00:00+00:00,2024-03-22 01:00:00+00:00,1,1
0950df15c096d189cfa1,108,60,train,2024-03-22 22:00:00+00:00,2024-03-23 01:00:00+00:00,1,1
daba35e254ba1352e664,108,60,train,2024-03-28 12:00:00+00:00,2024-03-28 20:00:00+00:00,-1,0
d76986c2e1b2e927f635,108,60,train,2024-04-02 02:00:00+00:00,2024-04-02 04:00:00+00:00,1,3
78e8c58fe871dae38b84,108,60,validation,2024-07-12 06:00:00+00:00,2024-07-12 09:00:00+00:00,-1,2
14608f7a8cb73eeef171,108,60,validation,2024-07-12 18:00:00+00:00,2024-07-12 21:00:00+00:00,-1,3
1d2773336411f41004f1,108,60,validation,2024-07-13 15:00:00+00:00,2024-07-13 19:00:00+00:00,-1,2
5e0d14f2f426bc6183f0,108,60,test,2024-07-14 08:00:00+00:00,2024-07-14 19:00:00+00:00,1,1
957c85cb4c6aa589f9bc,108,60,test,2024-07-14 21:00:00+00:00,2024-07-14 23:00:00+00:00,1,3
de16e9f4f71e13452b0f,108,60,test,2024-07-15 01:00:00+00:00,2024-07-15 05:00:00+00:00,1,3
3fb9751cd18f0585d6db,108,60,test,2024-07-15 06:00:00+00:00,2024-07-15 09:00:00+00:00,-1,2
e505b37bf92378205563,108,60,test,2024-07-15 18:00:00+00:00,2024-07-15 21:00:00+00:00,-1,3
067d2be253ea1be43469,108,60,test,2024-07-16 15:00:00+00:00,2024-07-16 19:00:00+00:00,-1,2
d4b9094c938d3f41492d,108,60,test,2024-07-16 23:00:00+00:00,2024-07-17 01:00:00+00:00,1,3
84a5f6dc315725a45377,108,60,test,2024-07-17 02:00:00+00:00,2024-07-17 10:00:00+00:00,-1,0
7fcef4a60efa5cd0f0c4,108,60,test,2024-07-17 12:00:00+00:00,2024-07-17 19:00:00+00:00,1,1
83574b97d0bfd1b628e7,108,60,test,2024-07-17 20:00:00+00:00,2024-07-18 00:00:00+00:00,1,1
318be4842e7d4959d621,108,60,test,2024-07-18 01:00:00+00:00,2024-07-18 04:00:00+00:00,-1,3
09b5f6868a9ace2376f2,108,60,test,2024-07-18 14:00:00+00:00,2024-07-18 16:00:00+00:00,1,2
8e182a63b91f7c140d8f,108,60,test,2024-07-18 18:00:00+00:00,2024-07-18 20:00:00+00:00,-1,3
38f2a2637653492f3240,108,60,test,2024-07-19 00:00:00+00:00,2024-07-19 02:00:00+00:00,1,2
bebea9a7b65160077db9,108,60,test,2024-07-19 03:00:00+00:00,2024-07-19 06:00:00+00:00,1,3
d8f6e6551551c9f65f00,108,60,test,2024-07-19 14:00:00+00:00,2024-07-19 16:00:00+00:00,1,2
ae6c5996ff10e143dd65,108,60,test,2024-07-19 18:00:00+00:00,2024-07-19 20:00:00+00:00,-1,3
d6e38a3a38f6e8650305,108,60,test,2024-07-20 00:00:00+00:00,2024-07-20 02:00:00+00:00,1,2
b5358971132a074516e3,108,60,test,2024-07-20 03:00:00+00:00,2024-07-20 06:00:00+00:00,-1,3
11ca34c539ef1f1a9146,108,60,test,2024-07-20 14:00:00+00:00,2024-07-20 16:00:00+00:00,1,3
70885a3c8eda91eb58ac,108,60,test,2024-07-21 07:00:00+00:00,2024-07-21 10:00:00+00:00,-1,2
9240305547c902713c67,108,60,test,2024-07-21 11:00:00+00:00,2024-07-21 13:00:00+00:00,1,3
f74985ea06861bbb2433,108,60,test,2024-07-21 14:00:00+00:00,2024-07-21 16:00:00+00:00,-1,2
17bcccfca3ce326e4c34,108,60,test,2024-07-21 17:00:00+00:00,2024-07-21 20:00:00+00:00,1,3
e7bc1453613dd76ea1fb,108,60,test,2024-07-22 02:00:00+00:00,2024-07-22 04:00:00+00:00,1,2
42111e319c3d1b96ad9c,108,60,test,2024-07-22 06:00:00+00:00,2024-07-22 11:00:00+00:00,1,1
e13e156e92f0af04b566,108,60,test,2024-07-22 14:00:00+00:00,2024-07-22 17:00:00+00:00,-1,0
ec397c7b363afef11109,108,60,test,2024-07-23 07:00:00+00:00,2024-07-23 11:00:00+00:00,1,1
23e91a61310d49beb56c,108,60,test,2024-07-23 12:00:00+00:00,2024-07-23 15:00:00+00:00,-1,3
95bb6c796290f7379ca7,108,60,test,2024-07-23 16:00:00+00:00,2024-07-24 00:00:00+00:00,-1,2
e08ef9866234cfc4fb9e,108,60,test,2024-07-24 18:00:00+00:00,2024-07-24 20:00:00+00:00,1,2
e0f66a78e7d77f452195,108,60,test,2024-07-25 06:00:00+00:00,2024-07-25 08:00:00+00:00,1,3
0d12fccf410fb6909614,108,60,test,2024-07-25 20:00:00+00:00,2024-07-25 23:00:00+00:00,-1,2
2a7c22ad1f5ce6bb47f9,108,60,test,2024-07-26 00:00:00+00:00,2024-07-26 05:00:00+00:00,-1,0
fe2ab04a5aa9b8a4644d,108,60,test,2024-07-27 04:00:00+00:00,2024-07-27 13:00:00+00:00,1,1
baf03fd3d8123af6b36b,108,60,test,2024-07-27 15:00:00+00:00,2024-07-27 17:00:00+00:00,-1,3
cd4b6cd3edc224ecc369,108,60,test,2024-07-28 11:00:00+00:00,2024-07-28 15:00:00+00:00,1,1
db91205b15e07738bc4d,108,60,test,2024-07-28 16:00:00+00:00,2024-07-28 20:00:00+00:00,-1,3
dd49888fbf25bc571e03,108,60,test,2024-07-29 03:00:00+00:00,2024-07-29 05:00:00+00:00,0,3
3d9186b77c9c6a0985d6,108,60,test,2024-07-29 07:00:00+00:00,2024-07-29 12:00:00+00:00,1,1
70345e059f37589065b4,108,60,test,2024-07-29 13:00:00+00:00,2024-07-29 17:00:00+00:00,-1,3
18e393af78f348475aa9,108,60,test,2024-07-30 06:00:00+00:00,2024-07-30 11:00:00+00:00,1,1
afd7c2ead4daedfdc4fd,108,60,test,2024-07-30 14:00:00+00:00,2024-07-30 16:00:00+00:00,-1,2
da0026a17d1eb929f5ca,108,60,test,2024-07-30 17:00:00+00:00,2024-07-30 20:00:00+00:00,1,3
239e04c30928e372a831,108,60,test,2024-07-31 11:00:00+00:00,2024-07-31 14:00:00+00:00,-1,0
f8e30e375238616f2000,108,60,test,2024-07-31 20:00:00+00:00,2024-07-31 22:00:00+00:00,-1,0
fcd64de49a2931ecf3de,108,60,test,2024-07-31 23:00:00+00:00,2024-08-01 08:00:00+00:00,-1,0
36ea757e79107588086a,108,60,test,2024-08-02 07:00:00+00:00,2024-08-02 12:00:00+00:00,1,1
1689100b9ee75a427975,108,60,test,2024-08-02 13:00:00+00:00,2024-08-02 17:00:00+00:00,-1,3
516fae4eaef87f0fa10c,108,60,test,2024-08-04 18:00:00+00:00,2024-08-04 21:00:00+00:00,-1,2
ea55fccaaa4d44ab7890,108,60,test,2024-08-04 22:00:00+00:00,2024-08-05 01:00:00+00:00,-1,0
987517783ccafa1fdb80,108,60,test,2024-08-05 09:00:00+00:00,2024-08-05 12:00:00+00:00,-1,2
590075a4440417318e83,108,60,test,2024-08-05 14:00:00+00:00,2024-08-05 18:00:00+00:00,-1,0
3a573180fa746b5ad0b5,108,60,test,2024-08-06 18:00:00+00:00,2024-08-06 20:00:00+00:00,-1,2
c9c5a7a11f0c1c2cebd3,108,60,test,2024-08-06 21:00:00+00:00,2024-08-06 23:00:00+00:00,-1,3
8a9ab4ccb18339aaa662,108,60,test,2024-08-07 16:00:00+00:00,2024-08-07 20:00:00+00:00,1,1
65ed45d7ac0c14a0328d,108,60,test,2024-08-07 21:00:00+00:00,2024-08-08 00:00:00+00:00,1,3
16f78fb4c4c88631732e,108,60,test,2024-08-08 07:00:00+00:00,2024-08-08 11:00:00+00:00,1,1
d170ff584b0b11ae9970,108,60,test,2024-08-08 12:00:00+00:00,2024-08-08 15:00:00+00:00,1,3
43988d3dcda2337b5a77,108,60,test,2024-08-08 16:00:00+00:00,2024-08-08 19:00:00+00:00,-1,2
e7698254a704f1767f45,108,60,test,2024-08-09 03:00:00+00:00,2024-08-09 06:00:00+00:00,-1,2
32a433c887e76a85fd8c,108,60,test,2024-08-10 07:00:00+00:00,2024-08-10 09:00:00+00:00,-1,2
5b4d58f8274d831cf5a8,108,60,test,2024-08-11 03:00:00+00:00,2024-08-11 05:00:00+00:00,1,3
498711d12e59b0212371,108,60,test,2024-08-12 02:00:00+00:00,2024-08-12 04:00:00+00:00,-1,2
a1e881de2da0aacf32b8,108,60,test,2024-08-12 05:00:00+00:00,2024-08-12 15:00:00+00:00,-1,1
40e1bc9ffab105fc107e,108,60,test,2024-08-12 21:00:00+00:00,2024-08-13 03:00:00+00:00,1,1
abbdc885e2f502bae819,108,60,test,2024-08-13 04:00:00+00:00,2024-08-13 09:00:00+00:00,-1,3
06050e84b9e3e33c4663,108,60,test,2024-08-13 22:00:00+00:00,2024-08-14 05:00:00+00:00,-1,0
bd60f7f43568848ea88c,108,60,test,2024-08-16 02:00:00+00:00,2024-08-16 04:00:00+00:00,-1,3
11ba659ef11637f28e37,108,60,test,2024-08-16 18:00:00+00:00,2024-08-16 20:00:00+00:00,-1,2
bd1adb5fd663bf7d8da5,108,60,test,2024-08-16 23:00:00+00:00,2024-08-17 05:00:00+00:00,-1,0
aa6ce5dd023db9334bd1,108,60,test,2024-08-17 17:00:00+00:00,2024-08-17 21:00:00+00:00,1,1
b55bdf8085138286d04c,109,60,train,2024-02-25 18:00:00+00:00,2024-02-25 20:00:00+00:00,1,2
7014bde732feffbfb7b9,109,60,train,2024-02-26 16:00:00+00:00,2024-02-26 22:00:00+00:00,1,1
d006b9cdf7989a8b493a,109,60,train,2024-02-26 23:00:00+00:00,2024-02-27 01:00:00+00:00,1,2
a5aab3a905cd56907630,109,60,train,2024-02-27 15:00:00+00:00,2024-02-27 19:00:00+00:00,-1,2
721369f8ecb49c2a44e8,109,60,train,2024-02-27 21:00:00+00:00,2024-02-27 23:00:00+00:00,1,2
2cefc75d7e45b8e65f8e,109,60,train,2024-02-28 15:00:00+00:00,2024-02-28 20:00:00+00:00,1,1
a59b0a680d6e162fabcd,109,60,train,2024-02-28 21:00:00+00:00,2024-02-29 00:00:00+00:00,-1,3
e05907d8812b506f72dd,109,60,train,2024-02-29 17:00:00+00:00,2024-02-29 20:00:00+00:00,1,1
19ee0d9ab27c00f68442,109,60,train,2024-03-02 19:00:00+00:00,2024-03-02 21:00:00+00:00,1,2
6280a2639db854f6fa1d,109,60,train,2024-03-03 17:00:00+00:00,2024-03-03 21:00:00+00:00,1,1
b882a6546eea3845ccdc,109,60,train,2024-03-03 22:00:00+00:00,2024-03-04 00:00:00+00:00,1,3
303a251893286f919231,109,60,train,2024-03-04 14:00:00+00:00,2024-03-04 18:00:00+00:00,1,2
852d2478b624cc93d04e,109,60,train,2024-03-05 10:00:00+00:00,2024-03-05 14:00:00+00:00,1,1
7e1d37d6b2d9ab592335,109,60,train,2024-03-05 15:00:00+00:00,2024-03-05 18:00:00+00:00,-1,3
fc6487b4c71edb6607b2,109,60,train,2024-03-05 23:00:00+00:00,2024-03-06 01:00:00+00:00,-1,2
6e7781ee5f00782d0a9e,109,60,train,2024-03-06 19:00:00+00:00,2024-03-06 22:00:00+00:00,1,2
f8b069d65d6a714b8453,109,60,train,2024-03-11 21:00:00+00:00,2024-03-12 01:00:00+00:00,1,1
1233efb987aff12e88ca,109,60,train,2024-03-12 02:00:00+00:00,2024-03-12 07:00:00+00:00,-1,3
4a7ff03d5358f3918bb4,109,60,train,2024-03-14 14:00:00+00:00,2024-03-14 17:00:00+00:00,-1,0
dc1d85e2f69e58eb1e13,109,60,train,2024-03-15 19:00:00+00:00,2024-03-16 01:00:00+00:00,1,1
adb5d6931ab6f87574b7,109,60,train,2024-03-16 02:00:00+00:00,2024-03-16 06:00:00+00:00,-1,3
3dc4f82aaf8cd9871100,109,60,train,2024-03-21 00:00:00+00:00,2024-03-21 03:00:00+00:00,-1,2
bf10abf195a0c7db173e,109,60,train,2024-03-21 20:00:00+00:00,2024-03-22 00:00:00+00:00,1,1
59302d5589ff4c093379,109,60,train,2024-03-22 01:00:00+00:00,2024-03-22 03:00:00+00:00,-1,0
d22081a50b85bc4ef41e,109,60,train,2024-03-22 04:00:00+00:00,2024-03-22 08:00:00+00:00,-1,3
8fde28a0b0340dd2bef1,109,60,train,2024-03-22 23:00:00+00:00,2024-03-23 01:00:00+00:00,1,2
6d1dd673fa4e4675a812,109,60,train,2024-03-23 11:00:00+00:00,2024-03-23 13:00:00+00:00,-1,2
264b1f68aa034d5dec6c,109,60,train,2024-03-23 14:00:00+00:00,2024-03-23 21:00:00+00:00,1,1
ec92eb0a6af2be3be04b,109,60,train,2024-03-25 10:00:00+00:00,2024-03-25 13:00:00+00:00,1,2
f83de7ff853e575e66cc,109,60,train,2024-03-25 14:00:00+00:00,2024-03-25 18:00:00+00:00,1,3
3e6a5b102dce78e1ba12,109,60,train,2024-03-26 15:00:00+00:00,2024-03-26 17:00:00+00:00,1,2
68bda587c2e3dda92658,109,60,train,2024-03-26 18:00:00+00:00,2024-03-26 22:00:00+00:00,1,3
11d2743ffc6e22199aea,109,60,train,2024-03-27 05:00:00+00:00,2024-03-27 09:00:00+00:00,-1,2
50f62e1e299ff22fe07f,109,60,train,2024-03-28 12:00:00+00:00,2024-03-28 20:00:00+00:00,-1,0
9106beff2c8abd977c3e,109,60,train,2024-03-31 01:00:00+00:00,2024-03-31 03:00:00+00:00,1,3
1a23fe287b4d82e12d9b,109,60,train,2024-03-31 07:00:00+00:00,2024-03-31 10:00:00+00:00,-1,2
1e8be7fe365f14739e93,109,60,train,2024-03-31 23:00:00+00:00,2024-04-01 02:00:00+00:00,0,3
51841bcee6d3ab9d1eab,109,60,train,2024-04-03 19:00:00+00:00,2024-04-03 23:00:00+00:00,1,1
190ee6b0b5d3a71ef63b,109,60,train,2024-04-04 12:00:00+00:00,2024-04-04 19:00:00+00:00,-1,2
91b34d6ceeae7ceda70a,109,60,validation,2024-07-10 10:00:00+00:00,2024-07-10 13:00:00+00:00,1,2
ee4c2ccbf2191dde5a61,109,60,validation,2024-07-10 14:00:00+00:00,2024-07-10 18:00:00+00:00,1,3
51e6ad13aa2b94f13911,109,60,validation,2024-07-11 15:00:00+00:00,2024-07-11 17:00:00+00:00,1,2
f5670c169708a59445af,109,60,validation,2024-07-11 18:00:00+00:00,2024-07-11 22:00:00+00:00,1,3
361ffffb712e4ac31019,109,60,validation,2024-07-12 06:00:00+00:00,2024-07-12 12:00:00+00:00,-1,0
a04224be9bc8e74f1aa3,109,60,validation,2024-07-12 13:00:00+00:00,2024-07-12 15:00:00+00:00,1,3
4060e00571ad2805cc17,109,60,validation,2024-07-12 19:00:00+00:00,2024-07-12 22:00:00+00:00,1,3
33c0e8dec3ce3263e12c,109,60,validation,2024-07-13 15:00:00+00:00,2024-07-13 20:00:00+00:00,1,1
9c87c16a7071793a423b,109,60,test,2024-07-14 10:00:00+00:00,2024-07-14 18:00:00+00:00,1,1
a2c35c67dd4fa515d3df,109,60,test,2024-07-14 21:00:00+00:00,2024-07-15 05:00:00+00:00,-1,0
0a281077adb764e2ca8a,109,60,test,2024-07-15 06:00:00+00:00,2024-07-15 12:00:00+00:00,-1,0
2e493f7c4c485297076e,109,60,test,2024-07-15 13:00:00+00:00,2024-07-15 15:00:00+00:00,1,3
d8418e38bb98d7b0bb5c,109,60,test,2024-07-15 19:00:00+00:00,2024-07-15 22:00:00+00:00,1,3
ed10728e70b002cad284,109,60,test,2024-07-16 15:00:00+00:00,2024-07-16 20:00:00+00:00,1,1
75baf25e37a198cd5491,109,60,test,2024-07-16 23:00:00+00:00,2024-07-17 01:00:00+00:00,-1,3
e7363c313f96091fbaba,109,60,test,2024-07-17 04:00:00+00:00,2024-07-17 08:00:00+00:00,-1,3
90baa41a01434f9db7fb,109,60,test,2024-07-17 13:00:00+00:00,2024-07-17 19:00:00+00:00,-1,0
fbd7498b8b9f6225b538,109,60,test,2024-07-17 20:00:00+00:00,2024-07-17 23:00:00+00:00,1,1
25ef36f8b78b95fceb5e,109,60,test,2024-07-18 01:00:00+00:00,2024-07-18 04:00:00+00:00,-1,3
51c6265c2203ae94c422,109,60,test,2024-07-18 14:00:00+00:00,2024-07-18 16:00:00+00:00,-1,2
0fcda2be4f95eef93815,109,60,test,2024-07-18 18:00:00+00:00,2024-07-18 20:00:00+00:00,-1,3
8eec96ac53e036d5d1f2,109,60,test,2024-07-18 22:00:00+00:00,2024-07-19 02:00:00+00:00,1,2
47ff31c0ddf05f939ead,109,60,test,2024-07-19 03:00:00+00:00,2024-07-19 06:00:00+00:00,1,3
3f55bc7834944e0ad463,109,60,test,2024-07-19 07:00:00+00:00,2024-07-19 10:00:00+00:00,1,2
68f36b4f7892f90e92d4,109,60,test,2024-07-19 11:00:00+00:00,2024-07-19 16:00:00+00:00,1,3
5574b8b0d1948e5e3a25,109,60,test,2024-07-19 18:00:00+00:00,2024-07-19 20:00:00+00:00,-1,3
abd7b07ad038f2f61141,109,60,test,2024-07-19 22:00:00+00:00,2024-07-20 02:00:00+00:00,1,2
1ebb46f18468656a68a2,109,60,test,2024-07-20 03:00:00+00:00,2024-07-20 07:00:00+00:00,-1,3
9e526382d6c46ecf33e9,109,60,test,2024-07-20 14:00:00+00:00,2024-07-20 16:00:00+00:00,1,3
585720d363d6aae5fc3d,109,60,test,2024-07-21 06:00:00+00:00,2024-07-21 09:00:00+00:00,1,1
25c2e290576c491f0722,109,60,test,2024-07-21 10:00:00+00:00,2024-07-21 13:00:00+00:00,1,3
fdebd2150d082defad7e,109,60,test,2024-07-21 14:00:00+00:00,2024-07-21 16:00:00+00:00,-1,0
3a51e5b988730880dfb0,109,60,test,2024-07-21 17:00:00+00:00,2024-07-21 19:00:00+00:00,1,3
0b75b70232dc085b63f5,109,60,test,2024-07-22 06:00:00+00:00,2024-07-22 11:00:00+00:00,1,1
9ddfd59d201cbd585d8b,109,60,test,2024-07-22 14:00:00+00:00,2024-07-22 18:00:00+00:00,1,3
c6575ae8408d89ee230e,109,60,test,2024-07-23 16:00:00+00:00,2024-07-24 00:00:00+00:00,-1,2
2f063340d74a7a4b2618,109,60,test,2024-07-24 18:00:00+00:00,2024-07-24 20:00:00+00:00,-1,2
9a477a3dcb01eda75d9c,109,60,test,2024-07-25 05:00:00+00:00,2024-07-25 08:00:00+00:00,1,3
e178f04f3c0cd09fa8a2,109,60,test,2024-07-25 20:00:00+00:00,2024-07-25 23:00:00+00:00,-1,2
5fb2b4680a15e5ea686a,109,60,test,2024-07-26 00:00:00+00:00,2024-07-26 04:00:00+00:00,-1,0
9d69d579bdf5a93c23db,109,60,test,2024-07-27 04:00:00+00:00,2024-07-27 09:00:00+00:00,1,1
c51fc1291bd5ba38b0b1,109,60,test,2024-07-27 10:00:00+00:00,2024-07-27 15:00:00+00:00,-1,3
55d95d2fc5ca9931ae93,109,60,test,2024-07-28 14:00:00+00:00,2024-07-28 18:00:00+00:00,-1,3
6c35ce8be4ab936f8789,109,60,test,2024-07-29 07:00:00+00:00,2024-07-29 12:00:00+00:00,1,1
71b1335ed12f7bc0980a,109,60,test,2024-07-29 13:00:00+00:00,2024-07-29 17:00:00+00:00,-1,3
b179e6fa59d943d85fd7,109,60,test,2024-07-30 06:00:00+00:00,2024-07-30 10:00:00+00:00,1,2
51638992304654ce986d,109,60,test,2024-07-30 14:00:00+00:00,2024-07-30 16:00:00+00:00,-1,2
799ff2732b2f224c251d,109,60,test,2024-07-30 17:00:00+00:00,2024-07-30 20:00:00+00:00,1,3
5361901af4344d74ac68,109,60,test,2024-08-01 02:00:00+00:00,2024-08-01 05:00:00+00:00,-1,0
dc1e38231cf9ef36906b,109,60,test,2024-08-01 06:00:00+00:00,2024-08-01 08:00:00+00:00,-1,3
0800a06cb2fe8d5b9714,109,60,test,2024-08-02 08:00:00+00:00,2024-08-02 10:00:00+00:00,-1,2
e0e7b7369aa2de430361,109,60,test,2024-08-04 22:00:00+00:00,2024-08-05 01:00:00+00:00,-1,3
7ce548b79ec4c9574231,109,60,test,2024-08-05 09:00:00+00:00,2024-08-05 14:00:00+00:00,-1,0
1684bcaca31ad9229711,109,60,test,2024-08-05 15:00:00+00:00,2024-08-05 18:00:00+00:00,0,3
7ca017f3639d1479ea51,109,60,test,2024-08-06 21:00:00+00:00,2024-08-07 00:00:00+00:00,1,3
c88f243c3272cec1c792,109,60,test,2024-08-08 08:00:00+00:00,2024-08-08 11:00:00+00:00,-1,2
16c82b0a494c9406052e,109,60,test,2024-08-08 12:00:00+00:00,2024-08-08 15:00:00+00:00,-1,3
f9d8f32f6584950fbcac,109,60,test,2024-08-08 16:00:00+00:00,2024-08-08 19:00:00+00:00,-1,2
449343fa0a005e23cab8,109,60,test,2024-08-09 04:00:00+00:00,2024-08-09 06:00:00+00:00,-1,2
0292d68b14a3c0b9efe1,109,60,test,2024-08-12 02:00:00+00:00,2024-08-12 07:00:00+00:00,-1,0
bb9468ba08a4eab30457,109,60,test,2024-08-12 11:00:00+00:00,2024-08-12 14:00:00+00:00,-1,3
64d9cc486499b6cfe7f2,109,60,test,2024-08-12 23:00:00+00:00,2024-08-13 03:00:00+00:00,1,2
9df35b01f6022fd703de,109,60,test,2024-08-13 04:00:00+00:00,2024-08-13 09:00:00+00:00,-1,0
ffe6ccbb56a1eb7195cd,109,60,test,2024-08-13 20:00:00+00:00,2024-08-14 06:00:00+00:00,-1,2
59e6887380cb67499b48,109,60,test,2024-08-15 07:00:00+00:00,2024-08-15 09:00:00+00:00,1,2
04f23da33ef7805942c7,109,60,test,2024-08-15 11:00:00+00:00,2024-08-15 13:00:00+00:00,-1,3
c379b9cdf5bbf2174f2a,109,60,test,2024-08-16 02:00:00+00:00,2024-08-16 04:00:00+00:00,-1,3
fcb75016438fcb69f57e,109,60,test,2024-08-17 02:00:00+00:00,2024-08-17 06:00:00+00:00,-1,0
dec762ebcd51295bd4cc,109,60,test,2024-08-17 18:00:00+00:00,2024-08-17 20:00:00+00:00,1,2
2b1659eda5c43d0c2266,110,60,train,2024-02-25 18:00:00+00:00,2024-02-25 22:00:00+00:00,1,1
24aec2f14c98bcd0d423,110,60,train,2024-02-26 18:00:00+00:00,2024-02-26 22:00:00+00:00,1,2
2c29426df0f7dd0dacfa,110,60,train,2024-02-26 23:00:00+00:00,2024-02-27 01:00:00+00:00,1,2
6dc31b099c9989e3118a,110,60,train,2024-02-28 15:00:00+00:00,2024-02-28 20:00:00+00:00,1,1
cff20aab2e137cf47f52,110,60,train,2024-03-02 19:00:00+00:00,2024-03-02 21:00:00+00:00,1,1
3852bd8886c1cb0c5113,110,60,train,2024-03-03 19:00:00+00:00,2024-03-03 21:00:00+00:00,-1,0
cdaebbdd9f89f44db5c7,110,60,train,2024-03-03 22:00:00+00:00,2024-03-04 02:00:00+00:00,1,1
94b578d3dd29227919da,110,60,train,2024-03-04 15:00:00+00:00,2024-03-04 18:00:00+00:00,1,1
09ae3d3d0eb0c6ced375,110,60,train,2024-03-04 22:00:00+00:00,2024-03-05 01:00:00+00:00,-1,2
a174e8d8ef6a11847b5c,110,60,train,2024-03-05 02:00:00+00:00,2024-03-05 08:00:00+00:00,-1,0
0fa0fb1409f5d2a5eee1,110,60,train,2024-03-05 09:00:00+00:00,2024-03-05 14:00:00+00:00,1,1
fe4a3ac2b7f5ba3960e8,110,60,train,2024-03-05 15:00:00+00:00,2024-03-05 18:00:00+00:00,-1,3
8a3889612e5e76e62b29,110,60,train,2024-03-05 23:00:00+00:00,2024-03-06 01:00:00+00:00,-1,2
0eee036efe6f1c5f7674,110,60,train,2024-03-11 11:00:00+00:00,2024-03-11 19:00:00+00:00,-1,2
ed7a0e644cd660ff2308,110,60,train,2024-03-11 20:00:00+00:00,2024-03-12 01:00:00+00:00,1,1
9415cc46fdd59f03a64f,110,60,train,2024-03-12 21:00:00+00:00,2024-03-13 02:00:00+00:00,1,1
ace44b6e1432bd64c05c,110,60,train,2024-03-13 17:00:00+00:00,2024-03-13 23:00:00+00:00,1,1
908df7f59ac8c6896f3e,110,60,train,2024-03-14 15:00:00+00:00,2024-03-14 18:00:00+00:00,1,3
69f7acc1ec303c8977f0,110,60,train,2024-03-15 19:00:00+00:00,2024-03-16 01:00:00+00:00,1,1
5413881f95c19541a995,110,60,train,2024-03-16 02:00:00+00:00,2024-03-16 06:00:00+00:00,-1,3
f8e504aa66f1001dca1a,110,60,train,2024-03-16 19:00:00+00:00,2024-03-16 22:00:00+00:00,1,3
d06cd4d3174b48f85fb2,110,60,train,2024-03-17 10:00:00+00:00,2024-03-17 12:00:00+00:00,-1,2
be89d71bf31dd6d810c5,110,60,train,2024-03-21 20:00:00+00:00,2024-03-22 01:00:00+00:00,1,1
630290b43cf763481278,110,60,train,2024-03-22 12:00:00+00:00,2024-03-22 14:00:00+00:00,-1,2
f7f8f01f749cb5265cf0,110,60,train,2024-03-22 15:00:00+00:00,2024-03-22 19:00:00+00:00,-1,3
d1f515e9a6954d25c92b,110,60,train,2024-03-22 23:00:00+00:00,2024-03-23 01:00:00+00:00,1,1
3fd43f270be32ede1fba,110,60,train,2024-03-23 19:00:00+00:00,2024-03-23 21:00:00+00:00,-1,3
db0cfa45995968eb3efb,110,60,train,2024-03-26 10:00:00+00:00,2024-03-26 14:00:00+00:00,-1,2
48eaa618cbaa3124da31,110,60,train,2024-03-26 16:00:00+00:00,2024-03-26 22:00:00+00:00,-1,0
2922d77be81122ef8324,110,60,train,2024-03-28 12:00:00+00:00,2024-03-28 20:00:00+00:00,-1,0
8ad75ce535ce18bd215c,110,60,train,2024-03-29 18:00:00+00:00,2024-03-29 20:00:00+00:00,1,2
feb8a0cdeac462f87a38,110,60,train,2024-03-31 01:00:00+00:00,2024-03-31 03:00:00+00:00,1,3
1f8eb51f0736e9881112,110,60,train,2024-03-31 07:00:00+00:00,2024-03-31 10:00:00+00:00,1,2
12da0dc97f08d5241dad,110,60,train,2024-04-04 12:00:00+00:00,2024-04-04 19:00:00+00:00,-1,2
eccbc93e28f8489d43b8,110,60,train,2024-04-04 20:00:00+00:00,2024-04-04 23:00:00+00:00,-1,2
cfe3331d537ea43d36b0,110,60,train,2024-04-05 01:00:00+00:00,2024-04-05 06:00:00+00:00,-1,0
42cd470af28e5aa2f2bb,110,60,validation,2024-07-11 10:00:00+00:00,2024-07-11 14:00:00+00:00,-1,2
ef7a74cde4cd4b9fa5df,110,60,validation,2024-07-11 16:00:00+00:00,2024-07-11 22:00:00+00:00,-1,0
28f0e0015de830def23e,110,60,validation,2024-07-12 06:00:00+00:00,2024-07-12 10:00:00+00:00,1,2
465987abcb40ba491e96,110,60,validation,2024-07-12 11:00:00+00:00,2024-07-12 16:00:00+00:00,1,3
7817e70ce8c48b3df5a8,110,60,validation,2024-07-12 19:00:00+00:00,2024-07-12 21:00:00+00:00,1,3
2d439f4a2d748d32e406,110,60,validation,2024-07-13 14:00:00+00:00,2024-07-13 17:00:00+00:00,1,1
53c944b1032c05f0158f,110,60,test,2024-07-14 09:00:00+00:00,2024-07-14 11:00:00+00:00,1,2
075dea0893911c4027e4,110,60,test,2024-07-14 12:00:00+00:00,2024-07-14 16:00:00+00:00,1,2
5a61901697732b2a8b6a,110,60,test,2024-07-14 17:00:00+00:00,2024-07-14 19:00:00+00:00,-1,2
bcd122fe790eec564b6f,110,60,test,2024-07-14 21:00:00+00:00,2024-07-15 05:00:00+00:00,-1,0
3aa8cbb69fc6082c4d32,110,60,test,2024-07-15 06:00:00+00:00,2024-07-15 10:00:00+00:00,1,2
0939dfbdb101829e685f,110,60,test,2024-07-15 11:00:00+00:00,2024-07-15 16:00:00+00:00,1,3
149f95cec39465112573,110,60,test,2024-07-15 19:00:00+00:00,2024-07-15 21:00:00+00:00,1,3
3361429087c2136160d3,110,60,test,2024-07-16 14:00:00+00:00,2024-07-16 17:00:00+00:00,1,1
a3ca3d8e770d73837300,110,60,test,2024-07-16 23:00:00+00:00,2024-07-17 01:00:00+00:00,1,3
8b89fb19a7e92c6acf28,110,60,test,2024-07-17 02:00:00+00:00,2024-07-17 04:00:00+00:00,-1,2
f229beed9379df579139,110,60,test,2024-07-17 05:00:00+00:00,2024-07-17 08:00:00+00:00,1,3
3b9a298b4f804c291454,110,60,test,2024-07-17 13:00:00+00:00,2024-07-18 00:00:00+00:00,-1,0
4d15a4ecf2c8c4bd9987,110,60,test,2024-07-18 01:00:00+00:00,2024-07-18 04:00:00+00:00,0,3
a3031b19c3f9884a831d,110,60,test,2024-07-18 13:00:00+00:00,2024-07-18 17:00:00+00:00,1,1
71b7e05027954962fb75,110,60,test,2024-07-18 18:00:00+00:00,2024-07-18 21:00:00+00:00,-1,3
3492b4c4d2db8f790b7e,110,60,test,2024-07-19 00:00:00+00:00,2024-07-19 02:00:00+00:00,1,2
3d05bb31f48b3a6011e1,110,60,test,2024-07-19 03:00:00+00:00,2024-07-19 06:00:00+00:00,1,3
6cf1f782f3b0b68977b5,110,60,test,2024-07-19 13:00:00+00:00,2024-07-19 17:00:00+00:00,1,1
cac647de26c79be74515,110,60,test,2024-07-19 18:00:00+00:00,2024-07-19 21:00:00+00:00,-1,3
fd5431fc9703b43ce955,110,60,test,2024-07-20 00:00:00+00:00,2024-07-20 02:00:00+00:00,1,2
1659cd643796ef06461f,110,60,test,2024-07-20 03:00:00+00:00,2024-07-20 06:00:00+00:00,-1,3
2dc3c580812743fcd389,110,60,test,2024-07-20 10:00:00+00:00,2024-07-20 12:00:00+00:00,1,2
b284067aa74224a36c7d,110,60,test,2024-07-20 14:00:00+00:00,2024-07-20 16:00:00+00:00,1,3
758962a2fc4f19379573,110,60,test,2024-07-21 14:00:00+00:00,2024-07-21 16:00:00+00:00,-1,0
0babac85454e793d9036,110,60,test,2024-07-21 17:00:00+00:00,2024-07-21 19:00:00+00:00,1,3
b382ab6226783deb3320,110,60,test,2024-07-22 02:00:00+00:00,2024-07-22 04:00:00+00:00,-1,2
2e8283177c4275244305,110,60,test,2024-07-22 07:00:00+00:00,2024-07-22 11:00:00+00:00,-1,2
1d30dad00d87e10ce708,110,60,test,2024-07-22 15:00:00+00:00,2024-07-22 19:00:00+00:00,-1,3
fcaffda637d5a7ad82af,110,60,test,2024-07-23 07:00:00+00:00,2024-07-23 11:00:00+00:00,1,2
4edd3305c51de8ad15d9,110,60,test,2024-07-23 17:00:00+00:00,2024-07-24 00:00:00+00:00,-1,0
3a19633d34ea0a26289f,110,60,test,2024-07-24 18:00:00+00:00,2024-07-24 22:00:00+00:00,-1,2
7bcb3a29d96a2979b16b,110,60,test,2024-07-25 04:00:00+00:00,2024-07-25 08:00:00+00:00,-1,3
07ec8980832dbdfdf1d2,110,60,test,2024-07-25 20:00:00+00:00,2024-07-25 23:00:00+00:00,1,1
bd296d1f1a18c788ac1b,110,60,test,2024-07-26 00:00:00+00:00,2024-07-26 03:00:00+00:00,-1,3
40631c334bfb6eae3445,110,60,test,2024-07-27 04:00:00+00:00,2024-07-27 13:00:00+00:00,-1,1
45c720c9031e20b8b3f1,110,60,test,2024-07-27 15:00:00+00:00,2024-07-27 17:00:00+00:00,-1,3
1a354718e780f13c9cae,110,60,test,2024-07-28 08:00:00+00:00,2024-07-28 10:00:00+00:00,1,2
5df1d163364da9d9f187,110,60,test,2024-07-28 12:00:00+00:00,2024-07-28 15:00:00+00:00,-1,2
34f925dd97a280224c3e,110,60,test,2024-07-28 16:00:00+00:00,2024-07-28 20:00:00+00:00,-1,3
284d62b790cc37b1a1fc,110,60,test,2024-07-29 02:00:00+00:00,2024-07-29 04:00:00+00:00,-1,3
833b4f0d1f6e8d288634,110,60,test,2024-07-29 08:00:00+00:00,2024-07-29 12:00:00+00:00,1,1
2f23129916970673c86c,110,60,test,2024-07-29 13:00:00+00:00,2024-07-29 18:00:00+00:00,-1,3
e3b009c8993b4f83ab58,110,60,test,2024-07-30 06:00:00+00:00,2024-07-30 08:00:00+00:00,1,2
4e577c62fa2340c5910e,110,60,test,2024-07-30 09:00:00+00:00,2024-07-30 11:00:00+00:00,1,2
989ba94f747aab741e55,110,60,test,2024-07-30 14:00:00+00:00,2024-07-30 16:00:00+00:00,-1,2
5d1daf349bd13bba740c,110,60,test,2024-07-30 17:00:00+00:00,2024-07-30 20:00:00+00:00,1,3
2453146fec3192f2798b,110,60,test,2024-07-31 06:00:00+00:00,2024-07-31 10:00:00+00:00,-1,2
60dd1fedbc1bdcf6e06b,110,60,test,2024-07-31 12:00:00+00:00,2024-07-31 14:00:00+00:00,-1,3
9c041d76dc847a844252,110,60,test,2024-07-31 16:00:00+00:00,2024-07-31 18:00:00+00:00,1,2
94c881f7dc31ec74db57,110,60,test,2024-07-31 22:00:00+00:00,2024-08-01 00:00:00+00:00,1,2
1e4ade620b9c255a3512,110,60,test,2024-08-01 06:00:00+00:00,2024-08-01 09:00:00+00:00,-1,3
9680e993f76e1495c0ad,110,60,test,2024-08-02 06:00:00+00:00,2024-08-02 10:00:00+00:00,-1,2
45283b01f37b8516d1de,110,60,test,2024-08-02 14:00:00+00:00,2024-08-02 18:00:00+00:00,-1,3
5de4190a7566fbecd827,110,60,test,2024-08-04 18:00:00+00:00,2024-08-04 21:00:00+00:00,1,2
d005cb84b83b2ede44cb,110,60,test,2024-08-04 22:00:00+00:00,2024-08-05 01:00:00+00:00,-1,3
761525e13df566d80e81,110,60,test,2024-08-05 09:00:00+00:00,2024-08-05 12:00:00+00:00,1,1
431721df2ab3212b8fef,110,60,test,2024-08-05 14:00:00+00:00,2024-08-05 18:00:00+00:00,-1,3
cf5218b7bdea1e321040,110,60,test,2024-08-06 21:00:00+00:00,2024-08-06 23:00:00+00:00,0,3
8a306a4488d2a41797a6,110,60,test,2024-08-08 08:00:00+00:00,2024-08-08 11:00:00+00:00,-1,2
7135a66b6bb5669a9021,110,60,test,2024-08-08 12:00:00+00:00,2024-08-08 15:00:00+00:00,1,3
7640fe24f541a22674d1,110,60,test,2024-08-08 16:00:00+00:00,2024-08-08 19:00:00+00:00,-1,2
ccc2138a3e985f9543c7,110,60,test,2024-08-10 07:00:00+00:00,2024-08-10 09:00:00+00:00,-1,2
5487802375d6cdf5212c,110,60,test,2024-08-12 02:00:00+00:00,2024-08-12 04:00:00+00:00,-1,2
007183abf15d1f4d696f,110,60,test,2024-08-12 08:00:00+00:00,2024-08-12 10:00:00+00:00,-1,2
b2a5deecc49241db6aae,110,60,test,2024-08-12 11:00:00+00:00,2024-08-12 17:00:00+00:00,1,3
a57ef049f97647bea4f1,110,60,test,2024-08-12 21:00:00+00:00,2024-08-13 03:00:00+00:00,1,1
9b7091cfe5c859e0acff,110,60,test,2024-08-13 04:00:00+00:00,2024-08-13 09:00:00+00:00,-1,0
4a78ab51e5f3b56b9995,110,60,test,2024-08-13 22:00:00+00:00,2024-08-14 02:00:00+00:00,1,1
cb7fdcd05c3788542ce7,110,60,test,2024-08-14 03:00:00+00:00,2024-08-14 06:00:00+00:00,1,3
e44655b871ec6e138c1f,110,60,test,2024-08-14 12:00:00+00:00,2024-08-14 14:00:00+00:00,-1,3
71a7de8ac61279fc5f89,110,60,test,2024-08-15 04:00:00+00:00,2024-08-15 06:00:00+00:00,0,3
fd7b05ee624d2003826f,110,60,test,2024-08-16 17:00:00+00:00,2024-08-16 19:00:00+00:00,1,2
33288fe38a22bf87fe9b,110,60,test,2024-08-16 22:00:00+00:00,2024-08-17 00:00:00+00:00,-1,2
730dd8b80fc7ee0a7ab2,110,60,test,2024-08-17 02:00:00+00:00,2024-08-17 06:00:00+00:00,-1,0
22862cb4c00e4fad4205,110,60,test,2024-08-17 18:00:00+00:00,2024-08-17 23:00:00+00:00,1,2
dcd8598b2b16a15c0a7f,111,60,train,2024-02-25 18:00:00+00:00,2024-02-25 22:00:00+00:00,1,1
97efb8dc7f526e4efd86,111,60,train,2024-02-26 19:00:00+00:00,2024-02-26 22:00:00+00:00,1,2
bdea6ed2e9872d09975b,111,60,train,2024-02-26 23:00:00+00:00,2024-02-27 01:00:00+00:00,1,2
aebc60572f9da5f6dbf8,111,60,train,2024-02-27 14:00:00+00:00,2024-02-27 19:00:00+00:00,1,1
20de6f1f9cfbbaade089,111,60,train,2024-02-27 22:00:00+00:00,2024-02-28 00:00:00+00:00,1,2
8d116868ae8b14d26640,111,60,train,2024-02-28 14:00:00+00:00,2024-02-28 20:00:00+00:00,1,1
f7548150c18828ae2f1c,111,60,train,2024-03-02 19:00:00+00:00,2024-03-02 21:00:00+00:00,1,2
c8c4c51d4d2a51e2f3cc,111,60,train,2024-03-03 17:00:00+00:00,2024-03-03 23:00:00+00:00,1,1
480eaf3e084705f22156,111,60,train,2024-03-04 14:00:00+00:00,2024-03-04 18:00:00+00:00,1,1
9b0a0c783be1a78fa689,111,60,train,2024-03-04 22:00:00+00:00,2024-03-05 01:00:00+00:00,-1,2
9f016fb9163af6320eaf,111,60,train,2024-03-05 12:00:00+00:00,2024-03-05 14:00:00+00:00,-1,2
b35b1a61daf5dcf7a31a,111,60,train,2024-03-05 15:00:00+00:00,2024-03-05 18:00:00+00:00,-1,3
87f89494da93cc6b5f1d,111,60,train,2024-03-05 23:00:00+00:00,2024-03-06 01:00:00+00:00,-1,2
b608ff7eff847e374d14,111,60,train,2024-03-11 20:00:00+00:00,2024-03-12 01:00:00+00:00,1,1
2ad510aa064d10366456,111,60,train,2024-03-15 20:00:00+00:00,2024-03-16 01:00:00+00:00,1,1
a38b3e1f44435d8fa27c,111,60,train,2024-03-16 02:00:00+00:00,2024-03-16 06:00:00+00:00,-1,3
7d966552be73683fbc7b,111,60,train,2024-03-16 23:00:00+00:00,2024-03-17 01:00:00+00:00,-1,2
1e427cbd17e42a660a06,111,60,train,2024-03-17 04:00:00+00:00,2024-03-17 06:00:00+00:00,-1,3
a8341ddb7dac9a9b571a,111,60,train,2024-03-17 08:00:00+00:00,2024-03-17 12:00:00+00:00,1,2
bbbe55650aa66d8ff41f,111,60,train,2024-03-19 14:00:00+00:00,2024-03-19 16:00:00+00:00,-1,3
c5074a76aaa787b45e74,111,60,train,2024-03-21 17:00:00+00:00,2024-03-22 01:00:00+00:00,1,1
f961ea852b164ede3c08,111,60,train,2024-03-22 03:00:00+00:00,2024-03-22 08:00:00+00:00,-1,0
9f30525e0b27a6d77715,111,60,train,2024-03-22 23:00:00+00:00,2024-03-23 01:00:00+00:00,1,1
630b7e5742f1f2fb6802,111,60,train,2024-03-26 10:00:00+00:00,2024-03-26 12:00:00+00:00,-1,0
9f5202f19e8b8d07f9b1,111,60,train,2024-03-27 05:00:00+00:00,2024-03-27 09:00:00+00:00,1,2
687a3b4405094b47f307,111,60,train,2024-03-29 18:00:00+00:00,2024-03-29 20:00:00+00:00,1,2
2e0f69e1b344c2963b12,111,60,train,2024-03-31 01:00:00+00:00,2024-03-31 03:00:00+00:00,1,3
a579bff9985b1d02d08b,111,60,train,2024-03-31 07:00:00+00:00,2024-03-31 10:00:00+00:00,1,2
77dcce226f4a4aa947e5,111,60,train,2024-04-01 23:00:00+00:00,2024-04-02 01:00:00+00:00,-1,2
80abafaa46a6bcf3c2ed,111,60,train,2024-04-02 02:00:00+00:00,2024-04-02 05:00:00+00:00,1,3
04b7f4592030efcfbd15,111,60,train,2024-04-03 20:00:00+00:00,2024-04-03 23:00:00+00:00,1,1
9c15584ecd58222c6cec,111,60,train,2024-04-04 12:00:00+00:00,2024-04-04 19:00:00+00:00,-1,2
0ea9ffab4cf5f7c7e07a,111,60,validation,2024-07-11 10:00:00+00:00,2024-07-11 12:00:00+00:00,-1,0
78e252dff4b62088c2d2,111,60,validation,2024-07-12 06:00:00+00:00,2024-07-12 11:00:00+00:00,-1,2
3a08296fa7bcb4f95f83,111,60,validation,2024-07-12 13:00:00+00:00,2024-07-12 15:00:00+00:00,1,3
d6dd5c01f30eca925a7e,111,60,validation,2024-07-12 19:00:00+00:00,2024-07-12 21:00:00+00:00,1,3
22cdd87ab8ac03ddf009,111,60,validation,2024-07-13 15:00:00+00:00,2024-07-13 20:00:00+00:00,1,1
2d18101085dc65ea5b57,111,60,test,2024-07-14 09:00:00+00:00,2024-07-14 17:00:00+00:00,1,1
1b6686b9e9e69fc7c8ee,111,60,test,2024-07-15 01:00:00+00:00,2024-07-15 05:00:00+00:00,1,3
fc28fb9e89900acc03d2,111,60,test,2024-07-15 06:00:00+00:00,2024-07-15 11:00:00+00:00,-1,2
a5f692b35672e9d510af,111,60,test,2024-07-15 13:00:00+00:00,2024-07-15 15:00:00+00:00,1,3
46a4c641094e09d6751e,111,60,test,2024-07-15 19:00:00+00:00,2024-07-15 21:00:00+00:00,1,3
f40faa96fba983340b12,111,60,test,2024-07-16 15:00:00+00:00,2024-07-16 20:00:00+00:00,1,1
fe322616b260748f3db8,111,60,test,2024-07-16 21:00:00+00:00,2024-07-17 01:00:00+00:00,-1,0
357ce7a2b7e01023793a,111,60,test,2024-07-17 02:00:00+00:00,2024-07-17 04:00:00+00:00,-1,2
c132498c2586e714d097,111,60,test,2024-07-17 05:00:00+00:00,2024-07-17 08:00:00+00:00,-1,3
bd628dc01b1d5fd0d7d0,111,60,test,2024-07-17 14:00:00+00:00,2024-07-18 00:00:00+00:00,1,0
8d76b6e544d6eaa1a23f,111,60,test,2024-07-18 01:00:00+00:00,2024-07-18 04:00:00+00:00,-1,3
0cf79840b2e648704be4,111,60,test,2024-07-18 13:00:00+00:00,2024-07-18 16:00:00+00:00,1,1
58bec58702a0ac7f2915,111,60,test,2024-07-18 18:00:00+00:00,2024-07-18 20:00:00+00:00,-1,3
597e6310750dd62eda04,111,60,test,2024-07-18 22:00:00+00:00,2024-07-19 00:00:00+00:00,1,1
fe9c763e53c61bc6cc04,111,60,test,2024-07-19 10:00:00+00:00,2024-07-19 13:00:00+00:00,-1,0
2b15375052178a896ef7,111,60,test,2024-07-19 18:00:00+00:00,2024-07-19 20:00:00+00:00,-1,3
71b708a0ed8473d532d1,111,60,test,2024-07-19 22:00:00+00:00,2024-07-20 00:00:00+00:00,1,1
0d4a4aa1437e3962bd6b,111,60,test,2024-07-20 03:00:00+00:00,2024-07-20 07:00:00+00:00,-1,3
25a65a87bec9eff75ba3,111,60,test,2024-07-21 06:00:00+00:00,2024-07-21 08:00:00+00:00,-1,2
7123ea53e3dd22c9b038,111,60,test,2024-07-21 14:00:00+00:00,2024-07-21 16:00:00+00:00,-1,0
336c45e98717ab965b1d,111,60,test,2024-07-21 17:00:00+00:00,2024-07-21 19:00:00+00:00,1,3
1166abe77d67bfde05d8,111,60,test,2024-07-22 07:00:00+00:00,2024-07-22 10:00:00+00:00,-1,2
a49008d48e6ee995dbd1,111,60,test,2024-07-22 11:00:00+00:00,2024-07-22 13:00:00+00:00,1,3
a7bc3b50d1e88af984a9,111,60,test,2024-07-23 06:00:00+00:00,2024-07-23 11:00:00+00:00,-1,2
6b9300d9d446e036339d,111,60,test,2024-07-23 15:00:00+00:00,2024-07-24 00:00:00+00:00,-1,1
de2235663d89aa8edf76,111,60,test,2024-07-25 06:00:00+00:00,2024-07-25 09:00:00+00:00,-1,3
687ab8d9093cd198e618,111,60,test,2024-07-25 20:00:00+00:00,2024-07-25 23:00:00+00:00,-1,2
662ddb8df5b5faca30a9,111,60,test,2024-07-26 00:00:00+00:00,2024-07-26 03:00:00+00:00,-1,3
589616b9c1c6d57b1f08,111,60,test,2024-07-27 04:00:00+00:00,2024-07-27 13:00:00+00:00,-1,1
fb7da4765c8df4ed8573,111,60,test,2024-07-28 11:00:00+00:00,2024-07-28 18:00:00+00:00,-1,2
861d94177b9ebe1db399,111,60,test,2024-07-29 02:00:00+00:00,2024-07-29 04:00:00+00:00,-1,3
14c4cc809ff2c68f02ab,111,60,test,2024-07-29 08:00:00+00:00,2024-07-29 12:00:00+00:00,1,1
79d8c13e5ca695809447,111,60,test,2024-07-29 13:00:00+00:00,2024-07-29 17:00:00+00:00,-1,3
b734f6133e5d5e035715,111,60,test,2024-07-30 10:00:00+00:00,2024-07-30 12:00:00+00:00,-1,2
9646a8507781113e0acd,111,60,test,2024-07-30 13:00:00+00:00,2024-07-30 16:00:00+00:00,1,1
40cc7f8c6ff4d1b00552,111,60,test,2024-07-30 17:00:00+00:00,2024-07-30 20:00:00+00:00,1,3
a4c0ca6cced890c55de3,111,60,test,2024-07-31 13:00:00+00:00,2024-07-31 15:00:00+00:00,1,1
90dceeea2c786bf4767e,111,60,test,2024-08-01 01:00:00+00:00,2024-08-01 03:00:00+00:00,-1,2
aa2b1b027c94a552cadf,111,60,test,2024-08-01 06:00:00+00:00,2024-08-01 08:00:00+00:00,1,3
d727eb9327738d0f2f07,111,60,test,2024-08-02 15:00:00+00:00,2024-08-02 17:00:00+00:00,-1,3
7599b4f5063360ef9e5b,111,60,test,2024-08-03 11:00:00+00:00,2024-08-03 13:00:00+00:00,1,2
e1a46e2a53dc825711d8,111,60,test,2024-08-03 15:00:00+00:00,2024-08-03 17:00:00+00:00,-1,3
b5c479b23f099c860973,111,60,test,2024-08-03 20:00:00+00:00,2024-08-03 22:00:00+00:00,-1,2
49495a9f5254d6501fe9,111,60,test,2024-08-04 18:00:00+00:00,2024-08-04 21:00:00+00:00,1,2
a9bce4a4ecb2e7fe75b3,111,60,test,2024-08-04 22:00:00+00:00,2024-08-05 01:00:00+00:00,-1,3
7463fa7b0cfe0e57883f,111,60,test,2024-08-05 09:00:00+00:00,2024-08-05 12:00:00+00:00,-1,0
2b5ae0b32c7cb663a5a2,111,60,test,2024-08-05 15:00:00+00:00,2024-08-05 18:00:00+00:00,0,3
5bd1a9de813759aae7e1,111,60,test,2024-08-06 18:00:00+00:00,2024-08-06 20:00:00+00:00,1,2
203dceacdc7806ad4297,111,60,test,2024-08-06 21:00:00+00:00,2024-08-07 00:00:00+00:00,1,3
f97a06560b9abc84f70e,111,60,test,2024-08-08 08:00:00+00:00,2024-08-08 11:00:00+00:00,-1,2
f6d8e8393fc4fc5b2072,111,60,test,2024-08-08 12:00:00+00:00,2024-08-08 15:00:00+00:00,1,3
ada956127e2ec3c6eb50,111,60,test,2024-08-08 16:00:00+00:00,2024-08-08 18:00:00+00:00,1,2
aca2c8da1d9c2c25edd9,111,60,test,2024-08-09 05:00:00+00:00,2024-08-09 07:00:00+00:00,-1,2
78cfff104f10dc873bbd,111,60,test,2024-08-12 02:00:00+00:00,2024-08-12 05:00:00+00:00,-1,2
7cec0c6d545c82c304ca,111,60,test,2024-08-12 09:00:00+00:00,2024-08-12 15:00:00+00:00,-1,0
298c4539ac77630282a2,111,60,test,2024-08-12 23:00:00+00:00,2024-08-13 03:00:00+00:00,-1,2
4b34450a6c61160672eb,111,60,test,2024-08-13 04:00:00+00:00,2024-08-13 09:00:00+00:00,-1,0
351aa024b67bebfe6d76,111,60,test,2024-08-13 22:00:00+00:00,2024-08-14 06:00:00+00:00,-1,0
1efc6e60bb0058e51ab4,111,60,test,2024-08-14 12:00:00+00:00,2024-08-14 14:00:00+00:00,-1,3
1592e9d9981f9655377a,111,60,test,2024-08-16 09:00:00+00:00,2024-08-16 12:00:00+00:00,-1,2
12cbdeba738bbac09c69,111,60,test,2024-08-16 13:00:00+00:00,2024-08-16 15:00:00+00:00,0,3
a65acde8f5965e9c86b8,111,60,test,2024-08-16 21:00:00+00:00,2024-08-17 01:00:00+00:00,1,2
829f881a2dbe3db6b570,111,60,test,2024-08-17 02:00:00+00:00,2024-08-17 05:00:00+00:00,-1,3
3cc9da45338e36f6924c,111,60,test,2024-08-17 18:00:00+00:00,2024-08-17 23:00:00+00:00,1,1
32c59ef0c11e33d55bae,112,60,train,2024-02-25 21:00:00+00:00,2024-02-25 23:00:00+00:00,-1,2
54df08ee30cae0f29047,112,60,train,2024-02-26 19:00:00+00:00,2024-02-26 23:00:00+00:00,1,2
96b43d3b5a73a70a6bf6,112,60,train,2024-02-27 16:00:00+00:00,2024-02-27 19:00:00+00:00,-1,2
9c54b58f0f37dcf7d4fc,112,60,train,2024-02-27 22:00:00+00:00,2024-02-28 00:00:00+00:00,1,2
e703096fd825ac5ac787,112,60,train,2024-02-28 15:00:00+00:00,2024-02-28 20:00:00+00:00,1,1
a18702a568a7af37d358,112,60,train,2024-03-02 19:00:00+00:00,2024-03-02 21:00:00+00:00,1,2
b35c6f59195f2c62f9f0,112,60,train,2024-03-03 19:00:00+00:00,2024-03-03 21:00:00+00:00,1,2
7e1440394997c3ddf589,112,60,train,2024-03-04 15:00:00+00:00,2024-03-04 18:00:00+00:00,1,1
cd69e756db0c4b0e26be,112,60,train,2024-03-05 23:00:00+00:00,2024-03-06 01:00:00+00:00,-1,2
330de86e5c1f8db26609,112,60,train,2024-03-11 21:00:00+00:00,2024-03-12 01:00:00+00:00,1,1
add35b6f4ec77e779b58,112,60,train,2024-03-13 18:00:00+00:00,2024-03-13 22:00:00+00:00,1,1
8fb2b96afa5528d1c970,112,60,train,2024-03-14 15:00:00+00:00,2024-03-14 18:00:00+00:00,1,3
87e7a5d63dc5f647c397,112,60,train,2024-03-15 21:00:00+00:00,2024-03-16 01:00:00+00:00,1,2
5ac4410dc458423ee5ac,112,60,train,2024-03-16 02:00:00+00:00,2024-03-16 07:00:00+00:00,-1,0
655b89bf702f266d08b6,112,60,train,2024-03-18 09:00:00+00:00,2024-03-18 11:00:00+00:00,-1,2
392307374831a214e7ae,112,60,train,2024-03-19 14:00:00+00:00,2024-03-19 16:00:00+00:00,-1,3
7ab61503ea7d3c2130cc,112,60,train,2024-03-21 00:00:00+00:00,2024-03-21 02:00:00+00:00,1,2
76c388fa5bc82995a8d8,112,60,train,2024-03-21 04:00:00+00:00,2024-03-21 07:00:00+00:00,0,3
1aa6e28e613e320b0fd5,112,60,train,2024-03-21 20:00:00+00:00,2024-03-22 01:00:00+00:00,1,1
273d2e23cdcd69f9837e,112,60,train,2024-03-23 19:00:00+00:00,2024-03-23 21:00:00+00:00,-1,0
ca3a9c53461a330dad06,112,60,train,2024-03-24 16:00:00+00:00,2024-03-24 19:00:00+00:00,-1,3
f4b6876108086452882e,112,60,train,2024-03-27 14:00:00+00:00,2024-03-27 20:00:00+00:00,-1,0
f44388cc5d245db601d2,112,60,train,2024-03-28 12:00:00+00:00,2024-03-28 20:00:00+00:00,-1,2
06163b4d83dda0db9c3f,112,60,train,2024-03-29 16:00:00+00:00,2024-03-29 20:00:00+00:00,1,2
bc75ed85248853c39e43,112,60,train,2024-03-31 22:00:00+00:00,2024-04-01 02:00:00+00:00,0,3
c00c1910de65d28031ae,112,60,train,2024-04-02 02:00:00+00:00,2024-04-02 06:00:00+00:00,-1,3
98b453543c9d90bbaafa,112,60,train,2024-04-03 20:00:00+00:00,2024-04-03 23:00:00+00:00,-1,2
19a6d371da751d8c72f8,112,60,train,2024-04-04 12:00:00+00:00,2024-04-04 19:00:00+00:00,-1,2
a40ec6e45db3c2f11a29,112,60,train,2024-04-04 20:00:00+00:00,2024-04-04 23:00:00+00:00,1,2
01328fd1970ad5ee5694,112,60,validation,2024-07-09 16:00:00+00:00,2024-07-09 19:00:00+00:00,-1,3
6b4a65202ef1c3614d5f,112,60,validation,2024-07-12 06:00:00+00:00,2024-07-12 11:00:00+00:00,-1,0
395ac50215f79dd33af4,112,60,validation,2024-07-12 18:00:00+00:00,2024-07-12 21:00:00+00:00,-1,3
dcde66af58703014614f,112,60,validation,2024-07-13 16:00:00+00:00,2024-07-13 20:00:00+00:00,-1,0
8c554f43492f83c5434f,112,60,test,2024-07-14 09:00:00+00:00,2024-07-14 14:00:00+00:00,1,1
df7954568a0f1fa9a03e,112,60,test,2024-07-14 15:00:00+00:00,2024-07-14 18:00:00+00:00,1,2
f7906de74b25b9b38365,112,60,test,2024-07-14 23:00:00+00:00,2024-07-15 05:00:00+00:00,-1,0
61ad906e85adbe3ea6b9,112,60,test,2024-07-15 06:00:00+00:00,2024-07-15 11:00:00+00:00,-1,0
8f560bfaa2e24302e60d,112,60,test,2024-07-15 18:00:00+00:00,2024-07-15 21:00:00+00:00,-1,3
b093f531d4e4a7e61beb,112,60,test,2024-07-16 16:00:00+00:00,2024-07-16 20:00:00+00:00,-1,0
ec729c6c16b8f7a9dc94,112,60,test,2024-07-16 21:00:00+00:00,2024-07-17 01:00:00+00:00,-1,0
6155077ef93515d59a81,112,60,test,2024-07-17 02:00:00+00:00,2024-07-17 04:00:00+00:00,-1,2
856ac99a6142ce781008,112,60,test,2024-07-17 05:00:00+00:00,2024-07-17 08:00:00+00:00,1,3
2565047d293166a79450,112,60,test,2024-07-17 14:00:00+00:00,2024-07-18 00:00:00+00:00,1,0
038b92aa1434ba76e8b1,112,60,test,2024-07-18 01:00:00+00:00,2024-07-18 04:00:00+00:00,1,3
3f2cf6376e3580ca65ac,112,60,test,2024-07-18 13:00:00+00:00,2024-07-18 16:00:00+00:00,1,2
5aa6c94e624514ac5298,112,60,test,2024-07-18 22:00:00+00:00,2024-07-19 02:00:00+00:00,1,1
56eac278c9a86920091d,112,60,test,2024-07-19 03:00:00+00:00,2024-07-19 06:00:00+00:00,1,3
fcafbaf06a09fa029d28,112,60,test,2024-07-19 11:00:00+00:00,2024-07-19 14:00:00+00:00,1,3
6abafea3533fef0aa506,112,60,test,2024-07-19 22:00:00+00:00,2024-07-20 02:00:00+00:00,1,2
526f7c8b17209edce0e1,112,60,test,2024-07-20 03:00:00+00:00,2024-07-20 07:00:00+00:00,-1,3
7d77e1653aad534edb2a,112,60,test,2024-07-20 10:00:00+00:00,2024-07-20 12:00:00+00:00,1,2
4dcd498a685da3009d80,112,60,test,2024-07-20 14:00:00+00:00,2024-07-20 16:00:00+00:00,1,3
bfa80b5fded2a8c94c8b,112,60,test,2024-07-21 05:00:00+00:00,2024-07-21 08:00:00+00:00,1,2
980063261fcd96faa205,112,60,test,2024-07-21 14:00:00+00:00,2024-07-21 16:00:00+00:00,-1,0
e05d59b2bcf12269b4a2,112,60,test,2024-07-21 17:00:00+00:00,2024-07-21 19:00:00+00:00,1,3
f5618f51c1502854eeff,112,60,test,2024-07-22 02:00:00+00:00,2024-07-22 04:00:00+00:00,1,1
64f3562a865531391969,112,60,test,2024-07-22 08:00:00+00:00,2024-07-22 10:00:00+00:00,-1,0
92ccd81285066fad4c66,112,60,test,2024-07-22 15:00:00+00:00,2024-07-22 19:00:00+00:00,-1,3
07182d6befcc05e1d796,112,60,test,2024-07-23 07:00:00+00:00,2024-07-23 10:00:00+00:00,-1,0
0ec1bc23ef0daf209832,112,60,test,2024-07-23 16:00:00+00:00,2024-07-24 00:00:00+00:00,-1,2
61ffa4deaf2f52d64192,112,60,test,2024-07-24 18:00:00+00:00,2024-07-24 23:00:00+00:00,1,2
cfef63b782e9acefbba8,112,60,test,2024-07-25 06:00:00+00:00,2024-07-25 08:00:00+00:00,-1,3
2d792dd75ae7bef4364a,112,60,test,2024-07-25 20:00:00+00:00,2024-07-25 23:00:00+00:00,-1,2
c5aca945601b7bd5501e,112,60,test,2024-07-26 00:00:00+00:00,2024-07-26 03:00:00+00:00,-1,3
a013b6a45b192dea98e8,112,60,test,2024-07-27 05:00:00+00:00,2024-07-27 09:00:00+00:00,1,1
d30e475be1dbc52a62d1,112,60,test,2024-07-27 10:00:00+00:00,2024-07-27 13:00:00+00:00,-1,0
a3a36f8f6275c66da4d2,112,60,test,2024-07-28 12:00:00+00:00,2024-07-28 20:00:00+00:00,-1,0
2623bb0ca5b71bc5b745,112,60,test,2024-07-29 02:00:00+00:00,2024-07-29 04:00:00+00:00,-1,3
a3e90f969fe52626e722,112,60,test,2024-07-29 09:00:00+00:00,2024-07-29 13:00:00+00:00,1,1
7fba63b54a081d7d069c,112,60,test,2024-07-29 14:00:00+00:00,2024-07-29 18:00:00+00:00,-1,3
ed5d3d0f7cb6f1c63c68,112,60,test,2024-07-30 06:00:00+00:00,2024-07-30 12:00:00+00:00,-1,2
c0c6047a375cf7d58489,112,60,test,2024-07-30 18:00:00+00:00,2024-07-30 20:00:00+00:00,1,3
838efd955a3467c3626d,112,60,test,2024-07-31 11:00:00+00:00,2024-07-31 13:00:00+00:00,-1,2
6a640db523e09d17fb8a,112,60,test,2024-07-31 17:00:00+00:00,2024-07-31 19:00:00+00:00,-1,0
4a63ec9fccaffac928d0,112,60,test,2024-07-31 22:00:00+00:00,2024-08-01 00:00:00+00:00,1,3
4a9014d1a81b1a30f3f4,112,60,test,2024-08-01 03:00:00+00:00,2024-08-01 08:00:00+00:00,-1,3
8cee54bcd941cf6d1eb7,112,60,test,2024-08-02 11:00:00+00:00,2024-08-02 13:00:00+00:00,-1,2
a02465e2b5f820983b58,112,60,test,2024-08-02 14:00:00+00:00,2024-08-02 18:00:00+00:00,-1,3
5ff5a768aa47cdaea56b,112,60,test,2024-08-03 15:00:00+00:00,2024-08-03 17:00:00+00:00,-1,3
c87314a48765f8c7c096,112,60,test,2024-08-04 22:00:00+00:00,2024-08-05 01:00:00+00:00,-1,3
8c2c7276bf5407a4a453,112,60,test,2024-08-05 09:00:00+00:00,2024-08-05 11:00:00+00:00,1,1
26c76de266565ed429f2,112,60,test,2024-08-05 16:00:00+00:00,2024-08-05 18:00:00+00:00,-1,3
8b8d18b47bae9a8073f5,112,60,test,2024-08-06 18:00:00+00:00,2024-08-06 20:00:00+00:00,1,2
d9b043e1e12f7cb47493,112,60,test,2024-08-06 21:00:00+00:00,2024-08-07 00:00:00+00:00,1,3
f485056f0e4fa6f2da8d,112,60,test,2024-08-07 11:00:00+00:00,2024-08-07 15:00:00+00:00,1,2
a9cab744f7ec34c901f4,112,60,test,2024-08-07 20:00:00+00:00,2024-08-08 00:00:00+00:00,-1,3
c8dccfbc4316670c38de,112,60,test,2024-08-08 09:00:00+00:00,2024-08-08 11:00:00+00:00,1,2
2bacdc4873da825b1ac0,112,60,test,2024-08-08 13:00:00+00:00,2024-08-08 15:00:00+00:00,1,3
542c7ae3fb50c3b4b826,112,60,test,2024-08-08 16:00:00+00:00,2024-08-08 19:00:00+00:00,-1,2
45a25606a9c5c54ad4fb,112,60,test,2024-08-08 20:00:00+00:00,2024-08-09 00:00:00+00:00,-1,0
3100e93aeeb613ba5920,112,60,test,2024-08-09 11:00:00+00:00,2024-08-09 13:00:00+00:00,-1,3
5c4af9d171b81b5c60b5,112,60,test,2024-08-12 02:00:00+00:00,2024-08-12 04:00:00+00:00,1,2
47939f95995ae9e08db2,112,60,test,2024-08-12 11:00:00+00:00,2024-08-12 14:00:00+00:00,-1,3
e265c28ae504f524dc4d,112,60,test,2024-08-12 19:00:00+00:00,2024-08-13 03:00:00+00:00,1,1
467e0a8c79437eaa75cb,112,60,test,2024-08-13 04:00:00+00:00,2024-08-13 08:00:00+00:00,-1,3
2a6f8facf9f65befc769,112,60,test,2024-08-13 23:00:00+00:00,2024-08-14 02:00:00+00:00,1,1
ed8cee752e4b88d29c98,112,60,test,2024-08-14 03:00:00+00:00,2024-08-14 07:00:00+00:00,-1,3
045de2beef90918b3729,112,60,test,2024-08-14 08:00:00+00:00,2024-08-14 10:00:00+00:00,-1,2
637386affbb4cf9d5849,112,60,test,2024-08-14 12:00:00+00:00,2024-08-14 14:00:00+00:00,1,3
1515897be61d78086567,112,60,test,2024-08-16 17:00:00+00:00,2024-08-16 19:00:00+00:00,1,2
d368d34431ca165b40b7,112,60,test,2024-08-16 22:00:00+00:00,2024-08-17 00:00:00+00:00,-1,2
de368f738b9307fb0192,112,60,test,2024-08-17 02:00:00+00:00,2024-08-17 07:00:00+00:00,-1,0
a16b8fc25b8b2dffefd5,112,60,test,2024-08-17 18:00:00+00:00,2024-08-17 23:00:00+00:00,1,1
bda6bd58878b2d755e71,113,60,train,2024-02-26 18:00:00+00:00,2024-02-26 23:00:00+00:00,-1,0
fd7ac81d33dea347dc89,113,60,train,2024-02-27 21:00:00+00:00,2024-02-28 00:00:00+00:00,1,2
d53d45de102f4c53d11e,113,60,train,2024-02-28 20:00:00+00:00,2024-02-29 01:00:00+00:00,-1,0
1f5f98a67a30956d9ae3,113,60,train,2024-03-03 15:00:00+00:00,2024-03-03 21:00:00+00:00,1,1
03f653a9336df466781a,113,60,train,2024-03-04 22:00:00+00:00,2024-03-05 00:00:00+00:00,1,1
c4d7d2d99f84864b44a3,113,60,train,2024-03-05 10:00:00+00:00,2024-03-05 13:00:00+00:00,1,2
2d8fe75b655a43131534,113,60,train,2024-03-05 14:00:00+00:00,2024-03-05 18:00:00+00:00,-1,3
e926e92d37451134bbb0,113,60,train,2024-03-05 22:00:00+00:00,2024-03-06 01:00:00+00:00,1,1
c84a955d6e3ed73567e3,113,60,train,2024-03-14 09:00:00+00:00,2024-03-14 14:00:00+00:00,1,3
c2880b8497c3b6f43571,113,60,train,2024-03-15 20:00:00+00:00,2024-03-16 02:00:00+00:00,1,1
4408c19b701ac5caa4d0,113,60,train,2024-03-21 20:00:00+00:00,2024-03-22 01:00:00+00:00,1,1
cb5431aa3717abf48945,113,60,train,2024-03-22 22:00:00+00:00,2024-03-23 01:00:00+00:00,1,1
fc9b3851ea421db5bf6e,113,60,train,2024-03-23 22:00:00+00:00,2024-03-24 01:00:00+00:00,-1,2
7369b11ee8b5494a9aad,113,60,train,2024-03-26 10:00:00+00:00,2024-03-26 12:00:00+00:00,-1,2
8aab65370b32cbaf90c5,113,60,train,2024-03-31 20:00:00+00:00,2024-04-01 01:00:00+00:00,1,1
6121d3d41b456089d4b1,113,60,train,2024-04-02 00:00:00+00:00,2024-04-02 02:00:00+00:00,1,2
2fd247252002d7327783,113,60,train,2024-04-03 21:00:00+00:00,2024-04-03 23:00:00+00:00,-1,2
60e307f1d52993f996c9,113,60,train,2024-04-04 13:00:00+00:00,2024-04-04 16:00:00+00:00,-1,2
215497f27cfc9992226c,113,60,validation,2024-07-08 22:00:00+00:00,2024-07-09 01:00:00+00:00,-1,2
ecef8b77d4ecccc17653,113,60,validation,2024-07-11 10:00:00+00:00,2024-07-11 12:00:00+00:00,-1,2
bb721b480a83db06caa0,113,60,validation,2024-07-12 06:00:00+00:00,2024-07-12 11:00:00+00:00,-1,0
ee7ac1ab94dd7a3e8dda,113,60,validation,2024-07-12 12:00:00+00:00,2024-07-12 14:00:00+00:00,-1,0
f9cda71fa55e58e116f3,113,60,validation,2024-07-12 18:00:00+00:00,2024-07-12 21:00:00+00:00,1,3
7cf28f7d3606e3e2a229,113,60,validation,2024-07-13 15:00:00+00:00,2024-07-13 19:00:00+00:00,1,2
03cd8b0adf6495792be2,113,60,test,2024-07-14 09:00:00+00:00,2024-07-14 15:00:00+00:00,1,1
18c785f94d3318a7bf3a,113,60,test,2024-07-14 21:00:00+00:00,2024-07-14 23:00:00+00:00,-1,3
22101318e0c894a3ccc6,113,60,test,2024-07-15 00:00:00+00:00,2024-07-15 05:00:00+00:00,-1,0
ed24a1da90546f10b2bb,113,60,test,2024-07-15 06:00:00+00:00,2024-07-15 11:00:00+00:00,-1,0
d3ee931a7110f561c9d7,113,60,test,2024-07-15 12:00:00+00:00,2024-07-15 14:00:00+00:00,-1,0
3823a472b48634767c9e,113,60,test,2024-07-15 18:00:00+00:00,2024-07-15 21:00:00+00:00,1,3
499af9bb5cc9606395f1,113,60,test,2024-07-16 15:00:00+00:00,2024-07-16 19:00:00+00:00,1,2
3a4f075c06f87e5a29a0,113,60,test,2024-07-16 22:00:00+00:00,2024-07-17 01:00:00+00:00,1,3
2e6800974a779c4fc951,113,60,test,2024-07-17 02:00:00+00:00,2024-07-17 08:00:00+00:00,-1,0
ea36ff20926d601e6310,113,60,test,2024-07-17 11:00:00+00:00,2024-07-17 13:00:00+00:00,0,3
115cb3f7281d1ae6e68d,113,60,test,2024-07-17 14:00:00+00:00,2024-07-18 00:00:00+00:00,-1,0
9c9b68f223cbce133c42,113,60,test,2024-07-18 01:00:00+00:00,2024-07-18 04:00:00+00:00,-1,3
f21406c182a4f06abfe2,113,60,test,2024-07-18 13:00:00+00:00,2024-07-18 16:00:00+00:00,1,2
ac0bdcc4068b4394d9b5,113,60,test,2024-07-18 17:00:00+00:00,2024-07-18 20:00:00+00:00,1,3
df9942e756507d6b0f6c,113,60,test,2024-07-18 22:00:00+00:00,2024-07-19 16:00:00+00:00,-1,0
ad91b36183118c24ba65,113,60,test,2024-07-19 17:00:00+00:00,2024-07-19 20:00:00+00:00,1,3
968f648810a989bfeabf,113,60,test,2024-07-19 22:00:00+00:00,2024-07-20 07:00:00+00:00,-1,0
6765acfc3326cc7b79fc,113,60,test,2024-07-21 06:00:00+00:00,2024-07-21 08:00:00+00:00,-1,2
7f3d4251737893d3ced0,113,60,test,2024-07-21 14:00:00+00:00,2024-07-21 16:00:00+00:00,-1,2
f351c2de4dfb8f55e776,113,60,test,2024-07-21 17:00:00+00:00,2024-07-21 19:00:00+00:00,1,3
d85cad61c83d55772436,113,60,test,2024-07-22 02:00:00+00:00,2024-07-22 04:00:00+00:00,-1,2
9b19854d96dc2310790f,113,60,test,2024-07-22 07:00:00+00:00,2024-07-22 11:00:00+00:00,-1,2
8138ae51050d4c88c720,113,60,test,2024-07-22 12:00:00+00:00,2024-07-22 19:00:00+00:00,-1,0
7b097dda6f8bf6bd156c,113,60,test,2024-07-22 20:00:00+00:00,2024-07-22 22:00:00+00:00,-1,0
c3b8481bae0ad635d002,113,60,test,2024-07-23 07:00:00+00:00,2024-07-23 11:00:00+00:00,-1,0
42df067f3f9f5e893996,113,60,test,2024-07-23 15:00:00+00:00,2024-07-24 00:00:00+00:00,1,1
a779496f876f9184af72,113,60,test,2024-07-25 05:00:00+00:00,2024-07-25 08:00:00+00:00,0,3
a31add1d8a3ab29aaf2b,113,60,test,2024-07-25 20:00:00+00:00,2024-07-25 23:00:00+00:00,1,1
bb9fa14a53fc84da1320,113,60,test,2024-07-26 00:00:00+00:00,2024-07-26 03:00:00+00:00,-1,3
6800ae28493ad8387410,113,60,test,2024-07-27 04:00:00+00:00,2024-07-27 14:00:00+00:00,-1,1
45eec2e7d411a87fa985,113,60,test,2024-07-27 15:00:00+00:00,2024-07-27 17:00:00+00:00,-1,3
3c4b1dee8f256bed3644,113,60,test,2024-07-28 02:00:00+00:00,2024-07-28 04:00:00+00:00,-1,3
011c7290d668177b7951,113,60,test,2024-07-28 12:00:00+00:00,2024-07-28 16:00:00+00:00,1,1
32969a7e927b9fa9872e,113,60,test,2024-07-28 17:00:00+00:00,2024-07-28 21:00:00+00:00,-1,3
bac566dddc7a92308487,113,60,test,2024-07-29 02:00:00+00:00,2024-07-29 04:00:00+00:00,-1,3
52cd2382da053fce6056,113,60,test,2024-07-29 07:00:00+00:00,2024-07-29 12:00:00+00:00,1,1
999fbdb5d33ff96d9baf,113,60,test,2024-07-29 13:00:00+00:00,2024-07-29 17:00:00+00:00,-1,3
63e0626a42de59c0f4f7,113,60,test,2024-07-30 07:00:00+00:00,2024-07-30 11:00:00+00:00,1,2
62faba9da6de26c2ad87,113,60,test,2024-07-30 17:00:00+00:00,2024-07-30 20:00:00+00:00,1,3
2d0f07ef39b828916932,113,60,test,2024-07-31 06:00:00+00:00,2024-07-31 10:00:00+00:00,1,1
f530a7d3bfc2a2dfe1f3,113,60,test,2024-07-31 11:00:00+00:00,2024-07-31 14:00:00+00:00,-1,0
f5ae6f3e8dc653826131,113,60,test,2024-07-31 15:00:00+00:00,2024-07-31 22:00:00+00:00,-1,0
b55d87e91f81d2573178,113,60,test,2024-08-01 00:00:00+00:00,2024-08-01 03:00:00+00:00,-1,0
964c813c9b7083ed649d,113,60,test,2024-08-01 04:00:00+00:00,2024-08-01 09:00:00+00:00,-1,0
a81a14db032f8ed3d826,113,60,test,2024-08-02 06:00:00+00:00,2024-08-02 11:00:00+00:00,1,1
04ed3a6962ab1788739d,113,60,test,2024-08-02 14:00:00+00:00,2024-08-02 18:00:00+00:00,-1,3
24314a1c6ce80bb1b9a0,113,60,test,2024-08-03 19:00:00+00:00,2024-08-03 21:00:00+00:00,-1,2
3299f4c5cae017a7ea20,113,60,test,2024-08-04 18:00:00+00:00,2024-08-04 20:00:00+00:00,1,2
a9821073a4ab599f8945,113,60,test,2024-08-04 22:00:00+00:00,2024-08-05 00:00:00+00:00,-1,3
0ac48e96467fc53991d5,113,60,test,2024-08-05 09:00:00+00:00,2024-08-05 11:00:00+00:00,1,2
c6156463f46ca7f29cc8,113,60,test,2024-08-05 13:00:00+00:00,2024-08-05 18:00:00+00:00,-1,0
41da6500c05e8cc117ae,113,60,test,2024-08-06 18:00:00+00:00,2024-08-06 20:00:00+00:00,1,2
a68437777369f549a24c,113,60,test,2024-08-06 22:00:00+00:00,2024-08-07 00:00:00+00:00,0,3
707115db18817caa8b7f,113,60,test,2024-08-07 11:00:00+00:00,2024-08-07 16:00:00+00:00,1,1
24da5cab31f8a45913cc,113,60,test,2024-08-07 19:00:00+00:00,2024-08-08 00:00:00+00:00,-1,0
7e15537288d138e928a5,113,60,test,2024-08-08 08:00:00+00:00,2024-08-08 11:00:00+00:00,-1,2
2590dfd41305075c7da6,113,60,test,2024-08-08 12:00:00+00:00,2024-08-08 15:00:00+00:00,-1,3
21dff00d5b8652a8c2b6,113,60,test,2024-08-08 17:00:00+00:00,2024-08-08 19:00:00+00:00,1,2
459cb215eb8420e9e94b,113,60,test,2024-08-08 21:00:00+00:00,2024-08-09 00:00:00+00:00,1,3
0325738ff5424372f80f,113,60,test,2024-08-12 02:00:00+00:00,2024-08-12 05:00:00+00:00,1,2
353f1e8cabb1d04708cc,113,60,test,2024-08-12 08:00:00+00:00,2024-08-12 15:00:00+00:00,-1,0
9c1440bef8cea8667e74,113,60,test,2024-08-12 21:00:00+00:00,2024-08-13 02:00:00+00:00,1,1
58eec01c6839cef32178,113,60,test,2024-08-13 04:00:00+00:00,2024-08-13 09:00:00+00:00,-1,3
3ab27a394984418cdb2d,113,60,test,2024-08-14 00:00:00+00:00,2024-08-14 02:00:00+00:00,-1,2
c62eee43300dd664b899,113,60,test,2024-08-14 07:00:00+00:00,2024-08-14 09:00:00+00:00,1,1
9ba0fbc7f18a9fe80b9b,113,60,test,2024-08-14 12:00:00+00:00,2024-08-14 14:00:00+00:00,-1,3
aca67fbcd4edd83c527d,113,60,test,2024-08-16 17:00:00+00:00,2024-08-16 19:00:00+00:00,1,2
47fae2d8172c9b64eb48,113,60,test,2024-08-16 22:00:00+00:00,2024-08-17 01:00:00+00:00,-1,2
fe4db433c7aa76247acc,113,60,test,2024-08-17 02:00:00+00:00,2024-08-17 06:00:00+00:00,-1,3
1de922dae18da1668a46,113,60,test,2024-08-17 17:00:00+00:00,2024-08-17 23:00:00+00:00,1,1
91721bf30eb996a3882c,114,60,train,2024-02-26 19:00:00+00:00,2024-02-26 21:00:00+00:00,-1,2
bb25e63e918e08c6e162,114,60,train,2024-02-27 22:00:00+00:00,2024-02-28 00:00:00+00:00,-1,2
9f60640650353f8cdca5,114,60,train,2024-02-28 16:00:00+00:00,2024-02-28 20:00:00+00:00,-1,2
20f7902e51e903a204b1,114,60,train,2024-02-28 23:00:00+00:00,2024-02-29 01:00:00+00:00,-1,3
707b70fd5fbd3303795f,114,60,train,2024-03-02 19:00:00+00:00,2024-03-02 21:00:00+00:00,1,2
4f9dc7bd2f753051cda2,114,60,train,2024-03-04 00:00:00+00:00,2024-03-04 02:00:00+00:00,1,2
1dea4b14c54f308d5a60,114,60,train,2024-03-04 22:00:00+00:00,2024-03-05 01:00:00+00:00,-1,2
cce307cd14048bce16da,114,60,train,2024-03-05 10:00:00+00:00,2024-03-05 13:00:00+00:00,1,1
0d5256a6b1ba3d9db265,114,60,train,2024-03-05 15:00:00+00:00,2024-03-05 18:00:00+00:00,1,3
84ba7c0901c8f52daee6,114,60,train,2024-03-06 18:00:00+00:00,2024-03-06 22:00:00+00:00,1,1
1cb5dbae703cfd7fb97b,114,60,train,2024-03-11 21:00:00+00:00,2024-03-12 01:00:00+00:00,1,1
e0145b5213291588c4f5,114,60,train,2024-03-14 15:00:00+00:00,2024-03-14 18:00:00+00:00,1,3
389391b8a8d728bb3119,114,60,train,2024-03-15 21:00:00+00:00,2024-03-16 01:00:00+00:00,1,2
ae43154b51b9c47bbebc,114,60,train,2024-03-16 02:00:00+00:00,2024-03-16 07:00:00+00:00,-1,0
2cd1c0885bea5e3d1825,114,60,train,2024-03-16 19:00:00+00:00,2024-03-16 21:00:00+00:00,1,3
9e14aa2e8e1c79631463,114,60,train,2024-03-16 22:00:00+00:00,2024-03-17 01:00:00+00:00,1,1
394e71fc51447207f081,114,60,train,2024-03-17 08:00:00+00:00,2024-03-17 13:00:00+00:00,1,1
89d6c3c0472aba5d064f,114,60,train,2024-03-21 20:00:00+00:00,2024-03-21 23:00:00+00:00,1,2
4414b422fddd233c7624,114,60,train,2024-03-24 11:00:00+00:00,2024-03-24 13:00:00+00:00,1,2
42e23f511d30b090186d,114,60,train,2024-03-24 16:00:00+00:00,2024-03-24 19:00:00+00:00,-1,3
4e2962f7b7ac7e8f8cea,114,60,train,2024-03-28 12:00:00+00:00,2024-03-28 20:00:00+00:00,-1,2
436428ac40a2820b5045,114,60,train,2024-04-03 21:00:00+00:00,2024-04-03 23:00:00+00:00,-1,0
9aba0602287cb0cf76b8,114,60,train,2024-04-04 12:00:00+00:00,2024-04-04 19:00:00+00:00,-1,2
3a3da7eab5b56ffd00f7,114,60,train,2024-04-04 20:00:00+00:00,2024-04-05 00:00:00+00:00,1,2
d2385cdd5c6bf09d1bca,114,60,validation,2024-07-09 11:00:00+00:00,2024-07-09 13:00:00+00:00,1,2
eeefd38e0493c4629a4d,114,60,validation,2024-07-09 16:00:00+00:00,2024-07-09 19:00:00+00:00,-1,3
b01cc0fdbf6bcfb95437,114,60,validation,2024-07-12 06:00:00+00:00,2024-07-12 12:00:00+00:00,-1,0
e0db9504b895aae2e382,114,60,validation,2024-07-12 15:00:00+00:00,2024-07-12 17:00:00+00:00,-1,0
f81c6e3a2f6303bab247,114,60,validation,2024-07-12 18:00:00+00:00,2024-07-12 21:00:00+00:00,1,3
3f607f741a6cf6bf801c,114,60,validation,2024-07-13 15:00:00+00:00,2024-07-13 19:00:00+00:00,-1,2
b1734659fbac4650f260,114,60,test,2024-07-14 09:00:00+00:00,2024-07-14 14:00:00+00:00,1,2
bad7d83ed95bdaa36798,114,60,test,2024-07-15 01:00:00+00:00,2024-07-15 05:00:00+00:00,-1,3
90062192f7574056b050,114,60,test,2024-07-15 06:00:00+00:00,2024-07-15 12:00:00+00:00,-1,0
00766709e78ac7db7226,114,60,test,2024-07-15 15:00:00+00:00,2024-07-15 17:00:00+00:00,-1,0
d59129c30aef327404ba,114,60,test,2024-07-15 18:00:00+00:00,2024-07-15 21:00:00+00:00,1,3
302a9098d3106634b7d3,114,60,test,2024-07-16 15:00:00+00:00,2024-07-16 19:00:00+00:00,-1,2
fc270b7710812ce46ac6,114,60,test,2024-07-16 23:00:00+00:00,2024-07-17 01:00:00+00:00,1,3
89fc3698d296b74fa0d7,114,60,test,2024-07-17 05:00:00+00:00,2024-07-17 08:00:00+00:00,1,3
e177ac5e81fd9c4cb06f,114,60,test,2024-07-17 14:00:00+00:00,2024-07-18 00:00:00+00:00,1,0
f93f7ed9f782e2047fe0,114,60,test,2024-07-18 01:00:00+00:00,2024-07-18 04:00:00+00:00,-1,3
12a48416237931cfe9cf,114,60,test,2024-07-18 13:00:00+00:00,2024-07-18 16:00:00+00:00,1,2
fedab650a405a3786117,114,60,test,2024-07-18 22:00:00+00:00,2024-07-19 00:00:00+00:00,1,2
95aa5c89449f3d0e098b,114,60,test,2024-07-19 01:00:00+00:00,2024-07-19 05:00:00+00:00,1,3
13062cef2238e8ef59f4,114,60,test,2024-07-19 11:00:00+00:00,2024-07-19 16:00:00+00:00,1,1
04918d6b314b70f366b7,114,60,test,2024-07-19 22:00:00+00:00,2024-07-20 00:00:00+00:00,1,2
621a47bb7236af5cba16,114,60,test,2024-07-20 01:00:00+00:00,2024-07-20 04:00:00+00:00,1,3
146ed6481faa09b66d2e,114,60,test,2024-07-21 10:00:00+00:00,2024-07-21 12:00:00+00:00,-1,0
3ff615bde094303ab765,114,60,test,2024-07-21 14:00:00+00:00,2024-07-21 19:00:00+00:00,-1,0
4f17d1d10c4918720d3b,114,60,test,2024-07-22 02:00:00+00:00,2024-07-22 04:00:00+00:00,1,2
74ddb98cff83f04bcf69,114,60,test,2024-07-22 08:00:00+00:00,2024-07-22 10:00:00+00:00,-1,0
d84f452201ef3d417f8f,114,60,test,2024-07-22 12:00:00+00:00,2024-07-22 14:00:00+00:00,1,1
3e57c94c33e3f3504b94,114,60,test,2024-07-22 15:00:00+00:00,2024-07-22 18:00:00+00:00,1,3
50da06562e9eef166bc5,114,60,test,2024-07-23 06:00:00+00:00,2024-07-23 10:00:00+00:00,-1,2
b2fc69bbf2cf45efe286,114,60,test,2024-07-23 16:00:00+00:00,2024-07-24 00:00:00+00:00,-1,0
0883841633871f49bcd1,114,60,test,2024-07-24 20:00:00+00:00,2024-07-24 22:00:00+00:00,1,1
eed19db04557928c7519,114,60,test,2024-07-25 20:00:00+00:00,2024-07-25 23:00:00+00:00,-1,2
a7d978d4f53b1f755b71,114,60,test,2024-07-26 00:00:00+00:00,2024-07-26 03:00:00+00:00,-1,3
c43053a66b17a8caaad8,114,60,test,2024-07-27 04:00:00+00:00,2024-07-27 13:00:00+00:00,-1,1
8bfd490faa1ba97e2156,114,60,test,2024-07-28 11:00:00+00:00,2024-07-28 19:00:00+00:00,-1,2
8c073b710457f2c5fac0,114,60,test,2024-07-29 02:00:00+00:00,2024-07-29 04:00:00+00:00,-1,3
41531ef342f9fe26d7cd,114,60,test,2024-07-29 07:00:00+00:00,2024-07-29 18:00:00+00:00,-1,2
f6d218a4598a9dd9f704,114,60,test,2024-07-30 07:00:00+00:00,2024-07-30 11:00:00+00:00,1,2
b308bff4e12028ffdf5e,114,60,test,2024-07-30 14:00:00+00:00,2024-07-30 16:00:00+00:00,-1,2
ebd9d09f53695cbdc894,114,60,test,2024-07-30 17:00:00+00:00,2024-07-30 20:00:00+00:00,1,3
09e3509aee28ce089a1b,114,60,test,2024-07-31 08:00:00+00:00,2024-07-31 10:00:00+00:00,-1,2
55d9531405ffdc5aa7ba,114,60,test,2024-07-31 11:00:00+00:00,2024-07-31 14:00:00+00:00,-1,0
9cb8825afeb2395ced5a,114,60,test,2024-07-31 17:00:00+00:00,2024-07-31 19:00:00+00:00,-1,0
6455e8888f72102385c7,114,60,test,2024-07-31 20:00:00+00:00,2024-07-31 22:00:00+00:00,-1,0
7e9d91e5245ab65f6091,114,60,test,2024-08-01 03:00:00+00:00,2024-08-01 05:00:00+00:00,-1,3
855bed442b7128627f5a,114,60,test,2024-08-01 06:00:00+00:00,2024-08-01 09:00:00+00:00,-1,3
1e4faf19c5a9b4274048,114,60,test,2024-08-02 11:00:00+00:00,2024-08-02 13:00:00+00:00,-1,2
4da4f704a58919586641,114,60,test,2024-08-02 14:00:00+00:00,2024-08-02 17:00:00+00:00,-1,3
39b74458cfa41e0d0ee5,114,60,test,2024-08-04 03:00:00+00:00,2024-08-04 05:00:00+00:00,1,3
ec0bcb5c86a5d74a7a37,114,60,test,2024-08-04 18:00:00+00:00,2024-08-04 20:00:00+00:00,1,2
bb5d82a1221eecd012b3,114,60,test,2024-08-04 22:00:00+00:00,2024-08-05 00:00:00+00:00,-1,3
4dc9014a59226a9e8397,114,60,test,2024-08-05 09:00:00+00:00,2024-08-05 19:00:00+00:00,-1,0
1b22d3a378039dc62f7b,114,60,test,2024-08-06 18:00:00+00:00,2024-08-06 20:00:00+00:00,1,2
5becf8c2162ad0f0315d,114,60,test,2024-08-06 21:00:00+00:00,2024-08-07 00:00:00+00:00,1,3
64381b285c633f4ded4f,114,60,test,2024-08-07 12:00:00+00:00,2024-08-07 17:00:00+00:00,1,1
a4219c3969482dfbf726,114,60,test,2024-08-07 19:00:00+00:00,2024-08-08 00:00:00+00:00,-1,0
e9ea7468923da51aa949,114,60,test,2024-08-08 08:00:00+00:00,2024-08-08 11:00:00+00:00,-1,2
d77ca880836981ab9adb,114,60,test,2024-08-08 12:00:00+00:00,2024-08-08 15:00:00+00:00,1,3
bf1c94a68c7b34fb53c2,114,60,test,2024-08-08 16:00:00+00:00,2024-08-08 19:00:00+00:00,-1,2
b55b79522c5e77f5afd2,114,60,test,2024-08-08 20:00:00+00:00,2024-08-08 22:00:00+00:00,-1,3
f2cb55b9fe3f56fc4e96,114,60,test,2024-08-09 05:00:00+00:00,2024-08-09 07:00:00+00:00,1,2
be512bb8780d8f319b08,114,60,test,2024-08-10 08:00:00+00:00,2024-08-10 10:00:00+00:00,1,2
9944db4aca4db33049ec,114,60,test,2024-08-10 13:00:00+00:00,2024-08-10 15:00:00+00:00,0,3
ca4c3cb4240301e15da9,114,60,test,2024-08-12 02:00:00+00:00,2024-08-12 04:00:00+00:00,1,2
5f39f4fd771ce6de6bc6,114,60,test,2024-08-12 11:00:00+00:00,2024-08-12 14:00:00+00:00,-1,3
bd7b1aa257b840d6c4fe,114,60,test,2024-08-12 19:00:00+00:00,2024-08-12 21:00:00+00:00,-1,2
a278175e07e37573b044,114,60,test,2024-08-12 22:00:00+00:00,2024-08-13 03:00:00+00:00,1,1
8615c78de1166ad51d5b,114,60,test,2024-08-13 04:00:00+00:00,2024-08-13 08:00:00+00:00,-1,3
e734760d1cfc1c423437,114,60,test,2024-08-13 20:00:00+00:00,2024-08-14 00:00:00+00:00,1,2
bdd8f0a08d77685a8fca,114,60,test,2024-08-14 01:00:00+00:00,2024-08-14 07:00:00+00:00,-1,0
f001e0ba0ba599fb95da,114,60,test,2024-08-14 08:00:00+00:00,2024-08-14 10:00:00+00:00,1,2
4e2745df437cf4c668b6,114,60,test,2024-08-14 12:00:00+00:00,2024-08-14 14:00:00+00:00,1,3
a0197df300468247a02a,114,60,test,2024-08-16 02:00:00+00:00,2024-08-16 04:00:00+00:00,-1,3
03a76c79feac3a7f532b,114,60,test,2024-08-16 17:00:00+00:00,2024-08-16 20:00:00+00:00,-1,2
65c279f8bd910d23feac,114,60,test,2024-08-17 02:00:00+00:00,2024-08-17 06:00:00+00:00,-1,3
b92d78990429832ff6fb,114,60,test,2024-08-17 18:00:00+00:00,2024-08-17 23:00:00+00:00,1,1
1b4bc31c1746aa8ca7a1,115,60,train,2024-02-26 19:00:00+00:00,2024-02-26 22:00:00+00:00,-1,2
1d0183a4b9a9c32d75a0,115,60,train,2024-02-28 16:00:00+00:00,2024-02-28 19:00:00+00:00,-1,2
9e3d9b588c154f105142,115,60,train,2024-03-03 13:00:00+00:00,2024-03-03 15:00:00+00:00,1,1
5dbbb15b31797d3cf209,115,60,train,2024-03-04 00:00:00+00:00,2024-03-04 02:00:00+00:00,1,2
04f557ada02ebeb9f04b,115,60,train,2024-03-05 10:00:00+00:00,2024-03-05 14:00:00+00:00,1,1
e05b7e254c00c5569ca4,115,60,train,2024-03-05 15:00:00+00:00,2024-03-05 18:00:00+00:00,1,3
3d2738abdf99f3a20de4,115,60,train,2024-03-06 18:00:00+00:00,2024-03-06 23:00:00+00:00,1,1
56b63d2d9ec3f4e52f15,115,60,train,2024-03-14 15:00:00+00:00,2024-03-14 18:00:00+00:00,1,3
c4dc4fb0f90c935cd927,115,60,train,2024-03-15 21:00:00+00:00,2024-03-16 01:00:00+00:00,1,2
6df61cf559b5b3d27dba,115,60,train,2024-03-16 02:00:00+00:00,2024-03-16 06:00:00+00:00,-1,3
70314ea3378b41d2d3db,115,60,train,2024-03-16 19:00:00+00:00,2024-03-16 21:00:00+00:00,-1,3
fdfa0e0384a79b7833fb,115,60,train,2024-03-16 22:00:00+00:00,2024-03-17 01:00:00+00:00,1,1
d1113f58f9f75a9f2183,115,60,train,2024-03-17 04:00:00+00:00,2024-03-17 06:00:00+00:00,-1,3
bf597db805c164a88da2,115,60,train,2024-03-17 08:00:00+00:00,2024-03-17 12:00:00+00:00,1,2
a2d44c10b342b2b2f7d4,115,60,train,2024-03-18 12:00:00+00:00,2024-03-18 15:00:00+00:00,-1,3
9e6ee915a64aa3bcc442,115,60,train,2024-03-21 20:00:00+00:00,2024-03-21 23:00:00+00:00,1,2
34d908d0a99273f7876b,115,60,train,2024-03-22 22:00:00+00:00,2024-03-23 02:00:00+00:00,1,1
c484eb7df97d573adb0e,115,60,train,2024-03-26 10:00:00+00:00,2024-03-26 12:00:00+00:00,-1,0
9b117d539ddf36366623,115,60,train,2024-03-27 09:00:00+00:00,2024-03-27 12:00:00+00:00,1,2
57ae5536348a69e48385,115,60,train,2024-03-28 12:00:00+00:00,2024-03-28 20:00:00+00:00,-1,2
978375182f04f2253f3d,115,60,train,2024-03-31 01:00:00+00:00,2024-03-31 03:00:00+00:00,1,3
60a4168462fa4887f30b,115,60,train,2024-03-31 07:00:00+00:00,2024-03-31 10:00:00+00:00,1,2
28452dfdba78a8c8b8e9,115,60,train,2024-04-03 21:00:00+00:00,2024-04-03 23:00:00+00:00,-1,0
9262827986ca2acbfaec,115,60,train,2024-04-04 12:00:00+00:00,2024-04-04 19:00:00+00:00,-1,2
4e2b19b024bf5be18e1d,115,60,train,2024-04-04 20:00:00+00:00,2024-04-05 00:00:00+00:00,1,2
8bf9876fd5d5cea0526d,115,60,validation,2024-07-11 10:00:00+00:00,2024-07-11 12:00:00+00:00,-1,0
35da01695c18ae380896,115,60,validation,2024-07-12 06:00:00+00:00,2024-07-12 12:00:00+00:00,-1,0
ee32d22b5c321808b8d0,115,60,validation,2024-07-12 15:00:00+00:00,2024-07-12 17:00:00+00:00,-1,2
50bc0e05bf92a7b8b74b,115,60,validation,2024-07-12 18:00:00+00:00,2024-07-12 21:00:00+00:00,-1,3
81d44e7c9272ab295716,115,60,validation,2024-07-13 15:00:00+00:00,2024-07-13 19:00:00+00:00,-1,2
aaedcd79823232fa956b,115,60,test,2024-07-14 11:00:00+00:00,2024-07-14 13:00:00+00:00,1,3
2e3aacea1428e9dc5c1c,115,60,test,2024-07-14 14:00:00+00:00,2024-07-14 18:00:00+00:00,1,1
41323a46d1f17e6429ca,115,60,test,2024-07-15 00:00:00+00:00,2024-07-15 05:00:00+00:00,-1,0
88525515b45ec626dab8,115,60,test,2024-07-15 06:00:00+00:00,2024-07-15 12:00:00+00:00,-1,0
f4a8a9bb5afda309dfe7,115,60,test,2024-07-15 15:00:00+00:00,2024-07-15 17:00:00+00:00,-1,2
236d2e75857e6abde5bf,115,60,test,2024-07-15 18:00:00+00:00,2024-07-15 21:00:00+00:00,-1,3
2d3c1401e48cb20152c8,115,60,test,2024-07-16 15:00:00+00:00,2024-07-16 19:00:00+00:00,-1,2
d85cbf4861739b836bd5,115,60,test,2024-07-16 23:00:00+00:00,2024-07-17 01:00:00+00:00,1,3
cdc6b26fa734c9c81019,115,60,test,2024-07-17 02:00:00+00:00,2024-07-17 04:00:00+00:00,-1,2
2e50c1b985c9e35b5737,115,60,test,2024-07-17 05:00:00+00:00,2024-07-17 08:00:00+00:00,-1,3
b5cd7e4fc7313307f67d,115,60,test,2024-07-17 13:00:00+00:00,2024-07-17 17:00:00+00:00,1,1
2da28169c2d12a7537d0,115,60,test,2024-07-17 18:00:00+00:00,2024-07-18 00:00:00+00:00,1,1
e65db178f6faa68d0c71,115,60,test,2024-07-18 01:00:00+00:00,2024-07-18 05:00:00+00:00,-1,3
2e498c7dbf59fdba5cae,115,60,test,2024-07-18 14:00:00+00:00,2024-07-18 16:00:00+00:00,1,2
399610aa6120d18a9081,115,60,test,2024-07-18 18:00:00+00:00,2024-07-18 20:00:00+00:00,1,3
7cc697260b33295d569d,115,60,test,2024-07-18 23:00:00+00:00,2024-07-19 02:00:00+00:00,1,1
7e00b243b083018a1876,115,60,test,2024-07-19 03:00:00+00:00,2024-07-19 07:00:00+00:00,-1,3
a18c38cc7371f0e13ff2,115,60,test,2024-07-19 08:00:00+00:00,2024-07-19 16:00:00+00:00,1,0
a38ed68be01d61e0090d,115,60,test,2024-07-19 18:00:00+00:00,2024-07-19 20:00:00+00:00,1,3
d55d5567f3fa170c494b,115,60,test,2024-07-19 23:00:00+00:00,2024-07-20 02:00:00+00:00,1,2
21fd0949e5293e4f8a04,115,60,test,2024-07-20 03:00:00+00:00,2024-07-20 07:00:00+00:00,-1,3
521b0c791e4f892c6531,115,60,test,2024-07-21 14:00:00+00:00,2024-07-21 16:00:00+00:00,-1,0
8191cab4cec8a0c2ca0f,115,60,test,2024-07-21 17:00:00+00:00,2024-07-21 19:00:00+00:00,1,3
c254f6356223fffb08fb,115,60,test,2024-07-22 02:00:00+00:00,2024-07-22 04:00:00+00:00,-1,2
283ffe36469c29348a6f,115,60,test,2024-07-22 08:00:00+00:00,2024-07-22 10:00:00+00:00,-1,2
051b6d1a62f143db4952,115,60,test,2024-07-22 12:00:00+00:00,2024-07-22 19:00:00+00:00,-1,0
b20445543d0c20a28fbd,115,60,test,2024-07-23 17:00:00+00:00,2024-07-23 20:00:00+00:00,-1,2
0b216e57f9d82c4e069e,115,60,test,2024-07-23 21:00:00+00:00,2024-07-24 01:00:00+00:00,1,3
cb3d5fbdf8ce8088a773,115,60,test,2024-07-24 20:00:00+00:00,2024-07-25 00:00:00+00:00,1,1
30d6c9c00b1ce854dbdd,115,60,test,2024-07-25 01:00:00+00:00,2024-07-25 03:00:00+00:00,1,3
7f965212d25616dc4205,115,60,test,2024-07-25 06:00:00+00:00,2024-07-25 08:00:00+00:00,-1,3
dc466ce25a2d83b348a9,115,60,test,2024-07-25 19:00:00+00:00,2024-07-25 23:00:00+00:00,1,1
70ff89c5d941d3fa7fac,115,60,test,2024-07-26 01:00:00+00:00,2024-07-26 05:00:00+00:00,-1,3
a9c8591817ddff7a55c1,115,60,test,2024-07-27 04:00:00+00:00,2024-07-27 13:00:00+00:00,-1,1
b1d0b812f2fa1cb6e9be,115,60,test,2024-07-27 14:00:00+00:00,2024-07-27 17:00:00+00:00,-1,3
2f1aafbc383367fb35cb,115,60,test,2024-07-28 11:00:00+00:00,2024-07-28 15:00:00+00:00,1,1
30589c67afbfcc1bc56c,115,60,test,2024-07-28 16:00:00+00:00,2024-07-28 20:00:00+00:00,-1,3
529495f685c51ac00eb8,115,60,test,2024-07-29 02:00:00+00:00,2024-07-29 04:00:00+00:00,-1,3
21e3989fbb10aa783a87,115,60,test,2024-07-29 06:00:00+00:00,2024-07-29 12:00:00+00:00,1,1
4eed7d260f6905824201,115,60,test,2024-07-29 13:00:00+00:00,2024-07-29 18:00:00+00:00,-1,3
cad6cf2f50cb270a8cf9,115,60,test,2024-07-30 06:00:00+00:00,2024-07-30 09:00:00+00:00,-1,1
0a6fe098cadab5d9a25a,115,60,test,2024-07-30 13:00:00+00:00,2024-07-30 16:00:00+00:00,1,1
734c8f2fe6054497e2ae,115,60,test,2024-07-30 17:00:00+00:00,2024-07-30 21:00:00+00:00,1,3
7bed0ebdbaef5087f80a,115,60,test,2024-07-31 08:00:00+00:00,2024-07-31 16:00:00+00:00,-1,2
379e76781b16eebb238a,115,60,test,2024-07-31 17:00:00+00:00,2024-07-31 19:00:00+00:00,-1,3
916a4d6d78e21a9a7310,115,60,test,2024-07-31 20:00:00+00:00,2024-08-01 00:00:00+00:00,1,0
47e3a77a0cbeffc4c9c0,115,60,test,2024-08-01 02:00:00+00:00,2024-08-01 05:00:00+00:00,-1,3
f9d3f52f0a072b4e7056,115,60,test,2024-08-01 07:00:00+00:00,2024-08-01 09:00:00+00:00,-1,3
6ba57bde97ac1f5700b5,115,60,test,2024-08-02 06:00:00+00:00,2024-08-02 13:00:00+00:00,-1,0
4285dbd1e4b832509180,115,60,test,2024-08-02 14:00:00+00:00,2024-08-02 18:00:00+00:00,1,3
426db58f5d685852397a,115,60,test,2024-08-03 03:00:00+00:00,2024-08-03 05:00:00+00:00,-1,3
cc03d0a7e32cc840b1cd,115,60,test,2024-08-03 15:00:00+00:00,2024-08-03 17:00:00+00:00,-1,3
0f64ba2615a62616d6be,115,60,test,2024-08-03 19:00:00+00:00,2024-08-03 21:00:00+00:00,1,2
ffdc54dcfa43b0766d43,115,60,test,2024-08-04 03:00:00+00:00,2024-08-04 06:00:00+00:00,-1,3
bbd40b4c95f7cda15eae,115,60,test,2024-08-04 18:00:00+00:00,2024-08-04 20:00:00+00:00,1,2
bc7d1248325083ce5c11,115,60,test,2024-08-04 22:00:00+00:00,2024-08-05 01:00:00+00:00,-1,3
9684c1da808ee852be59,115,60,test,2024-08-05 09:00:00+00:00,2024-08-05 11:00:00+00:00,-1,2
a4db1bc3eb6c09dc9479,115,60,test,2024-08-05 13:00:00+00:00,2024-08-05 18:00:00+00:00,-1,0
b938062ad616a1072ca5,115,60,test,2024-08-06 18:00:00+00:00,2024-08-06 20:00:00+00:00,1,2
1c47594f6bded1b0bf87,115,60,test,2024-08-06 21:00:00+00:00,2024-08-07 00:00:00+00:00,-1,3
62760d0bb6ebb2992a29,115,60,test,2024-08-08 08:00:00+00:00,2024-08-08 11:00:00+00:00,1,2
0497ddbb82180f4eeaa0,115,60,test,2024-08-08 12:00:00+00:00,2024-08-08 15:00:00+00:00,1,3
1ccb466425428e3db466,115,60,test,2024-08-08 16:00:00+00:00,2024-08-08 19:00:00+00:00,-1,2
d979d769cd74e9b15d8e,115,60,test,2024-08-08 20:00:00+00:00,2024-08-09 00:00:00+00:00,-1,0
4bccf1ec7da7332417c6,115,60,test,2024-08-10 06:00:00+00:00,2024-08-10 08:00:00+00:00,-1,2
bff98e495a146ca8dc90,115,60,test,2024-08-11 19:00:00+00:00,2024-08-11 21:00:00+00:00,-1,2
9cb09bb63e0c0ef763e9,115,60,test,2024-08-12 02:00:00+00:00,2024-08-12 05:00:00+00:00,1,1
72e2fa27e0111ada4133,115,60,test,2024-08-12 08:00:00+00:00,2024-08-12 10:00:00+00:00,-1,2
cc458e29d798171ed5d2,115,60,test,2024-08-12 11:00:00+00:00,2024-08-12 17:00:00+00:00,1,3
cb2c44f8d625ad89fadb,115,60,test,2024-08-12 23:00:00+00:00,2024-08-13 08:00:00+00:00,-1,0
1af173fb9a31627d8c77,115,60,test,2024-08-13 22:00:00+00:00,2024-08-14 06:00:00+00:00,-1,0
a1a1eac352cbb47ff3e3,115,60,test,2024-08-14 12:00:00+00:00,2024-08-14 14:00:00+00:00,-1,3
e266fcc1a61e087a6f41,115,60,test,2024-08-15 07:00:00+00:00,2024-08-15 09:00:00+00:00,-1,0
4238a19d9b86f0da8a76,115,60,test,2024-08-15 10:00:00+00:00,2024-08-15 13:00:00+00:00,-1,3
2c9ef2580ce116cdaa95,115,60,test,2024-08-15 18:00:00+00:00,2024-08-15 20:00:00+00:00,-1,2
973727ecb84090ad5b9a,115,60,test,2024-08-16 01:00:00+00:00,2024-08-16 04:00:00+00:00,-1,3
346022b17b2665834988,115,60,test,2024-08-16 18:00:00+00:00,2024-08-16 20:00:00+00:00,-1,2
1565aa0adc40d1218474,115,60,test,2024-08-16 21:00:00+00:00,2024-08-17 00:00:00+00:00,1,2
1ef37e567e59e56a7ef9,115,60,test,2024-08-17 01:00:00+00:00,2024-08-17 06:00:00+00:00,-1,0
f23449f7c8af6e159bbd,115,60,test,2024-08-17 17:00:00+00:00,2024-08-17 23:00:00+00:00,1,1
5c241be98c5c8577b7e4,116,60,train,2024-02-25 20:00:00+00:00,2024-02-25 23:00:00+00:00,-1,2
e96329f787fe73ee70f6,116,60,train,2024-02-26 19:00:00+00:00,2024-02-26 22:00:00+00:00,-1,2
4032e6150585d9689f0d,116,60,train,2024-02-27 21:00:00+00:00,2024-02-27 23:00:00+00:00,1,2
7f2849ef7e4fc15359ab,116,60,train,2024-02-28 17:00:00+00:00,2024-02-28 19:00:00+00:00,-1,2
70b07b4751e4db8ec8e3,116,60,train,2024-03-04 00:00:00+00:00,2024-03-04 02:00:00+00:00,1,2
65c3fd0f16ee274115d9,116,60,train,2024-03-05 11:00:00+00:00,2024-03-05 14:00:00+00:00,1,2
e24b16321668dae50c71,116,60,train,2024-03-05 15:00:00+00:00,2024-03-05 18:00:00+00:00,1,3
5c7cb825d3c68ad49c56,116,60,train,2024-03-06 18:00:00+00:00,2024-03-06 23:00:00+00:00,1,1
505ccba28a9adb28c77e,116,60,train,2024-03-14 13:00:00+00:00,2024-03-14 19:00:00+00:00,-1,0
4017eaac2e6deda8d865,116,60,train,2024-03-15 21:00:00+00:00,2024-03-16 01:00:00+00:00,1,2
aa6f90ffc14fc20661da,116,60,train,2024-03-16 02:00:00+00:00,2024-03-16 06:00:00+00:00,1,3
dffc0ad4e0028d759a68,116,60,train,2024-03-16 11:00:00+00:00,2024-03-16 13:00:00+00:00,1,2
1c7e04b2c4977f406a06,116,60,train,2024-03-21 20:00:00+00:00,2024-03-21 23:00:00+00:00,1,2
4f68246a26ea27f6e452,116,60,train,2024-03-23 21:00:00+00:00,2024-03-24 01:00:00+00:00,1,1
2621a41be7fb614fe8b7,116,60,train,2024-03-28 12:00:00+00:00,2024-03-28 20:00:00+00:00,-1,2
6cdc4abee39efdba2902,116,60,train,2024-03-31 20:00:00+00:00,2024-03-31 22:00:00+00:00,1,2
667b9900c4cfba70cceb,116,60,validation,2024-07-08 21:00:00+00:00,2024-07-09 01:00:00+00:00,1,1
9969906546d33b0e701b,116,60,validation,2024-07-12 06:00:00+00:00,2024-07-12 11:00:00+00:00,-1,2
c69656d0dc349570c976,116,60,validation,2024-07-12 18:00:00+00:00,2024-07-12 21:00:00+00:00,1,3
bc33bab8a286d259e897,116,60,validation,2024-07-13 15:00:00+00:00,2024-07-13 17:00:00+00:00,1,1
566eab37f5c7ebe1ae06,116,60,validation,2024-07-13 18:00:00+00:00,2024-07-13 20:00:00+00:00,1,2
37f0e8970d0a70a9b199,116,60,validation,2024-07-13 21:00:00+00:00,2024-07-14 01:00:00+00:00,-1,0
d70664a2a6cd67b43c0d,116,60,test,2024-07-14 14:00:00+00:00,2024-07-14 19:00:00+00:00,1,1
d2ed33159643e8a7d98c,116,60,test,2024-07-15 00:00:00+00:00,2024-07-15 05:00:00+00:00,-1,0
ec3ddc9916eb7a3d7f08,116,60,test,2024-07-15 06:00:00+00:00,2024-07-15 11:00:00+00:00,-1,2
6c5a3ab6abb5d3d85cdb,116,60,test,2024-07-15 18:00:00+00:00,2024-07-15 21:00:00+00:00,1,3
43550ad686405dd4063d,116,60,test,2024-07-16 15:00:00+00:00,2024-07-16 17:00:00+00:00,1,1
d90fd5c69a9b2193be51,116,60,test,2024-07-16 18:00:00+00:00,2024-07-16 20:00:00+00:00,1,2
a7eb49d12b8f29e8e9f0,116,60,test,2024-07-16 21:00:00+00:00,2024-07-17 01:00:00+00:00,-1,0
8657bf7411e8fada59cd,116,60,test,2024-07-17 02:00:00+00:00,2024-07-17 08:00:00+00:00,-1,0
632ad0e838daf1937240,116,60,test,2024-07-17 11:00:00+00:00,2024-07-17 17:00:00+00:00,1,1
c348839ebeb2f93c218d,116,60,test,2024-07-17 19:00:00+00:00,2024-07-18 05:00:00+00:00,-1,2
1f2fdcbe39de5a9097e7,116,60,test,2024-07-18 13:00:00+00:00,2024-07-18 16:00:00+00:00,1,1
532af7c6b5bcd2806062,116,60,test,2024-07-18 22:00:00+00:00,2024-07-19 02:00:00+00:00,1,2
31ac922d74c9aeadc11c,116,60,test,2024-07-19 03:00:00+00:00,2024-07-19 10:00:00+00:00,1,3
19b4794a1a8cb15ab19c,116,60,test,2024-07-19 11:00:00+00:00,2024-07-19 13:00:00+00:00,0,3
e93fbf58caed20ae82b0,116,60,test,2024-07-19 14:00:00+00:00,2024-07-19 16:00:00+00:00,1,2
25f63c742dde30f0dbc5,116,60,test,2024-07-19 22:00:00+00:00,2024-07-20 02:00:00+00:00,1,2
59bca3f3062775b54424,116,60,test,2024-07-20 03:00:00+00:00,2024-07-20 07:00:00+00:00,1,3
bb0052881e265ac83688,116,60,test,2024-07-20 10:00:00+00:00,2024-07-20 13:00:00+00:00,-1,0
771f16641f0c72f93571,116,60,test,2024-07-20 14:00:00+00:00,2024-07-20 16:00:00+00:00,-1,3
2392cb8785c24f107fff,116,60,test,2024-07-21 05:00:00+00:00,2024-07-21 08:00:00+00:00,-1,2
809010dc01ba8395d7af,116,60,test,2024-07-21 13:00:00+00:00,2024-07-21 15:00:00+00:00,1,1
542c794c8107cbaa6305,116,60,test,2024-07-21 17:00:00+00:00,2024-07-21 19:00:00+00:00,1,3
4466e41d34268428a408,116,60,test,2024-07-22 02:00:00+00:00,2024-07-22 04:00:00+00:00,-1,2
57b57a0a5935e032739d,116,60,test,2024-07-22 06:00:00+00:00,2024-07-22 10:00:00+00:00,1,1
07674964de53fd447063,116,60,test,2024-07-22 15:00:00+00:00,2024-07-22 17:00:00+00:00,1,3
cb4d539723d8d6e1f90c,116,60,test,2024-07-22 21:00:00+00:00,2024-07-22 23:00:00+00:00,1,3
77a78cce7935cef56a81,116,60,test,2024-07-23 06:00:00+00:00,2024-07-23 11:00:00+00:00,1,1
07cf664198b3b93d6b15,116,60,test,2024-07-23 12:00:00+00:00,2024-07-24 00:00:00+00:00,-1,3
632e12e1b3de4361ffa4,116,60,test,2024-07-24 18:00:00+00:00,2024-07-25 00:00:00+00:00,1,1
885650a8e9fe0228b238,116,60,test,2024-07-25 01:00:00+00:00,2024-07-25 05:00:00+00:00,-1,3
9bab2ca351a9f1110fea,116,60,test,2024-07-25 06:00:00+00:00,2024-07-25 08:00:00+00:00,1,3
bc0e379ffb66540b272b,116,60,test,2024-07-25 19:00:00+00:00,2024-07-25 23:00:00+00:00,1,1
cbed5b84df958d3c576b,116,60,test,2024-07-26 00:00:00+00:00,2024-07-26 03:00:00+00:00,-1,3
70d530ee619f50184d90,116,60,test,2024-07-27 04:00:00+00:00,2024-07-27 15:00:00+00:00,-1,1
165e05854cf34a35bc22,116,60,test,2024-07-28 11:00:00+00:00,2024-07-28 15:00:00+00:00,1,1
00552daea106f639405b,116,60,test,2024-07-28 16:00:00+00:00,2024-07-28 20:00:00+00:00,-1,3
8a255e138418ab9c6d85,116,60,test,2024-07-28 22:00:00+00:00,2024-07-29 00:00:00+00:00,-1,2
69fd9f8008e772a490fd,116,60,test,2024-07-29 02:00:00+00:00,2024-07-29 04:00:00+00:00,-1,3
1b60bfa2c4a951cedd69,116,60,test,2024-07-29 07:00:00+00:00,2024-07-29 11:00:00+00:00,1,2
61682b3c0d57c8c0ffba,116,60,test,2024-07-29 13:00:00+00:00,2024-07-29 18:00:00+00:00,-1,3
31b431e8e83a5b870ce7,116,60,test,2024-07-30 07:00:00+00:00,2024-07-30 09:00:00+00:00,-1,0
844a534daae59d944ef9,116,60,test,2024-07-30 10:00:00+00:00,2024-07-30 12:00:00+00:00,-1,2
b3897653b27d31c6d6fe,116,60,test,2024-07-30 13:00:00+00:00,2024-07-30 16:00:00+00:00,1,1
fb3b924e99bd0c908fe8,116,60,test,2024-07-30 17:00:00+00:00,2024-07-30 20:00:00+00:00,-1,3
b0f9909191906db3817d,116,60,test,2024-07-31 20:00:00+00:00,2024-08-01 00:00:00+00:00,-1,0
d2289901b521c44db0c0,116,60,test,2024-08-01 04:00:00+00:00,2024-08-01 08:00:00+00:00,-1,3
b04c184a279de464d74d,116,60,test,2024-08-03 03:00:00+00:00,2024-08-03 05:00:00+00:00,-1,3
0d741b97ee7cb84d48f5,116,60,test,2024-08-03 20:00:00+00:00,2024-08-03 22:00:00+00:00,-1,2
0bc4f2fe45f8180971c9,116,60,test,2024-08-04 03:00:00+00:00,2024-08-04 06:00:00+00:00,1,3
33cb83cc64f67d3e111f,116,60,test,2024-08-04 18:00:00+00:00,2024-08-04 20:00:00+00:00,1,2
c1ae8c7571e880afe6f5,116,60,test,2024-08-04 22:00:00+00:00,2024-08-05 01:00:00+00:00,-1,3
a2bc9851fe119420bcd6,116,60,test,2024-08-05 09:00:00+00:00,2024-08-05 18:00:00+00:00,-1,0
a391914698898750cd95,116,60,test,2024-08-06 16:00:00+00:00,2024-08-06 20:00:00+00:00,1,2
f278e29f860504aba9a2,116,60,test,2024-08-06 21:00:00+00:00,2024-08-07 00:00:00+00:00,-1,3
525a1d3cd373f40661ee,116,60,test,2024-08-07 11:00:00+00:00,2024-08-07 15:00:00+00:00,1,1
10316bf2e959fc57fe89,116,60,test,2024-08-07 20:00:00+00:00,2024-08-08 00:00:00+00:00,-1,3
d666ea2a3ff674d527c4,116,60,test,2024-08-08 08:00:00+00:00,2024-08-08 11:00:00+00:00,1,2
97d01e8fe17950391a9e,116,60,test,2024-08-08 12:00:00+00:00,2024-08-08 15:00:00+00:00,1,3
4f570e06e2fdb974ba6a,116,60,test,2024-08-08 16:00:00+00:00,2024-08-08 20:00:00+00:00,1,2
e4cd97ca5bd9a1bcd261,116,60,test,2024-08-08 21:00:00+00:00,2024-08-09 00:00:00+00:00,-1,3
746647d6b3035a9816f6,116,60,test,2024-08-09 05:00:00+00:00,2024-08-09 09:00:00+00:00,1,1
c61b757d59a28fe7ecac,116,60,test,2024-08-09 10:00:00+00:00,2024-08-09 13:00:00+00:00,-1,3
9ddebeb68d802be87278,116,60,test,2024-08-10 07:00:00+00:00,2024-08-10 09:00:00+00:00,-1,2
f3648e48dd22942aa7a3,116,60,test,2024-08-10 11:00:00+00:00,2024-08-10 13:00:00+00:00,-1,3
3f7319cfebbe1fed21ba,116,60,test,2024-08-10 19:00:00+00:00,2024-08-10 21:00:00+00:00,-1,2
0d9e70ffc998aca32938,116,60,test,2024-08-12 02:00:00+00:00,2024-08-12 05:00:00+00:00,1,2
c0e1d5358cf546822309,116,60,test,2024-08-12 06:00:00+00:00,2024-08-12 08:00:00+00:00,1,1
ba5e4b92cc238d41ee9a,116,60,test,2024-08-12 11:00:00+00:00,2024-08-12 15:00:00+00:00,-1,3
a080aa4318dcdbe9d014,116,60,test,2024-08-12 21:00:00+00:00,2024-08-13 00:00:00+00:00,1,1
ed22b5573e24a9bd5f8f,116,60,test,2024-08-13 01:00:00+00:00,2024-08-13 09:00:00+00:00,-1,0
4dd954c30973a00748fe,116,60,test,2024-08-13 22:00:00+00:00,2024-08-14 06:00:00+00:00,-1,0
2965da6fad079b55f1b0,116,60,test,2024-08-14 12:00:00+00:00,2024-08-14 14:00:00+00:00,-1,3
c718e039fe31706d4190,116,60,test,2024-08-15 03:00:00+00:00,2024-08-15 05:00:00+00:00,-1,3
511fdf907d307c4b75a2,116,60,test,2024-08-15 09:00:00+00:00,2024-08-15 12:00:00+00:00,-1,0
661b640b972033c90a2f,116,60,test,2024-08-15 21:00:00+00:00,2024-08-16 00:00:00+00:00,1,2
6ae05e0b8da16e790351,116,60,test,2024-08-16 18:00:00+00:00,2024-08-16 20:00:00+00:00,-1,2
b6ccc37f44ad6ce88dc0,116,60,test,2024-08-16 21:00:00+00:00,2024-08-17 01:00:00+00:00,1,1
c6e621d5b920d313ed25,116,60,test,2024-08-17 02:00:00+00:00,2024-08-17 06:00:00+00:00,-1,3
83a8796f90aaae374c24,116,60,test,2024-08-17 17:00:00+00:00,2024-08-17 23:00:00+00:00,1,1
2452e3a8480a893fc615,117,60,train,2024-02-25 21:00:00+00:00,2024-02-26 00:00:00+00:00,-1,0
b6b6be426f7408120be3,117,60,train,2024-02-27 14:00:00+00:00,2024-02-27 19:00:00+00:00,1,1
d5392aabb9f3c4de83fa,117,60,train,2024-02-27 21:00:00+00:00,2024-02-27 23:00:00+00:00,1,2
ced8837c8368744ee22b,117,60,train,2024-02-28 14:00:00+00:00,2024-02-28 19:00:00+00:00,1,1
c21fb89a804ee378292d,117,60,train,2024-02-29 17:00:00+00:00,2024-02-29 21:00:00+00:00,1,1
0a6bd528c3e571893e6c,117,60,train,2024-03-03 10:00:00+00:00,2024-03-03 12:00:00+00:00,1,3
60ce9fa5af255b0871fd,117,60,train,2024-03-03 13:00:00+00:00,2024-03-03 18:00:00+00:00,1,1
b05a9f2e5945861de948,117,60,train,2024-03-04 00:00:00+00:00,2024-03-04 02:00:00+00:00,1,2
6420c6f8d8b93ec19253,117,60,train,2024-03-04 14:00:00+00:00,2024-03-04 18:00:00+00:00,1,1
12736dabfc4538b10ae9,117,60,train,2024-03-04 19:00:00+00:00,2024-03-05 01:00:00+00:00,1,1
98cb2317975e52fe8a4b,117,60,train,2024-03-05 15:00:00+00:00,2024-03-05 18:00:00+00:00,1,3
b8a6b10e161157b05805,117,60,train,2024-03-06 17:00:00+00:00,2024-03-06 23:00:00+00:00,1,1
609f36c20f198f7df096,117,60,train,2024-03-11 02:00:00+00:00,2024-03-11 07:00:00+00:00,-1,0
222ce21594456a14b3ca,117,60,train,2024-03-11 21:00:00+00:00,2024-03-12 01:00:00+00:00,1,1
c6b0a627f4346debecdf,117,60,train,2024-03-14 14:00:00+00:00,2024-03-14 17:00:00+00:00,-1,2
c73a80692d72c70f2120,117,60,train,2024-03-14 18:00:00+00:00,2024-03-14 20:00:00+00:00,-1,3
4b65c604f92c8c9925ee,117,60,train,2024-03-15 20:00:00+00:00,2024-03-16 01:00:00+00:00,1,1
0d2adda0ce0ed2d3eea1,117,60,train,2024-03-16 02:00:00+00:00,2024-03-16 06:00:00+00:00,-1,0
243629c45d1847f016b8,117,60,train,2024-03-17 04:00:00+00:00,2024-03-17 06:00:00+00:00,-1,3
ccf02dd0c4fa662702a3,117,60,train,2024-03-17 08:00:00+00:00,2024-03-17 11:00:00+00:00,1,2
9fbe5e03cb4039abe8d0,117,60,train,2024-03-18 12:00:00+00:00,2024-03-18 15:00:00+00:00,-1,3
5ae2cd7b333cf47b06a4,117,60,train,2024-03-21 20:00:00+00:00,2024-03-21 23:00:00+00:00,1,2
e689ba864113d91d32ff,117,60,train,2024-03-23 21:00:00+00:00,2024-03-24 01:00:00+00:00,1,1
09891fa4046197e11c61,117,60,train,2024-03-28 12:00:00+00:00,2024-03-28 20:00:00+00:00,-1,2
d74f443fcca8b01bf1e2,117,60,train,2024-03-29 18:00:00+00:00,2024-03-29 20:00:00+00:00,1,2
096020bd3c9df865c648,117,60,train,2024-03-29 22:00:00+00:00,2024-03-30 01:00:00+00:00,1,2
c87ae986b0695208d3df,117,60,train,2024-03-31 01:00:00+00:00,2024-03-31 03:00:00+00:00,1,3
422c14427df9459bac9f,117,60,train,2024-03-31 08:00:00+00:00,2024-03-31 10:00:00+00:00,-1,2
17dc370339fe344bb014,117,60,train,2024-03-31 11:00:00+00:00,2024-03-31 13:00:00+00:00,-1,0
1ec147437bf5c4e4b1f4,117,60,train,2024-04-03 20:00:00+00:00,2024-04-03 22:00:00+00:00,1,2
7070f2d107902f89f4fc,117,60,train,2024-04-04 12:00:00+00:00,2024-04-04 19:00:00+00:00,-1,2
8da3062af0aa57a82fed,117,60,train,2024-04-04 20:00:00+00:00,2024-04-04 23:00:00+00:00,-1,2
04ba3fd673967a284480,117,60,validation,2024-07-08 21:00:00+00:00,2024-07-09 01:00:00+00:00,1,1
6af3cfc930ed62f7ad4a,117,60,validation,2024-07-12 06:00:00+00:00,2024-07-12 11:00:00+00:00,-1,0
3bb7b1205b1c80f26c81,117,60,validation,2024-07-12 13:00:00+00:00,2024-07-12 15:00:00+00:00,1,3
df7017659ca1d7cdb651,117,60,validation,2024-07-12 19:00:00+00:00,2024-07-12 21:00:00+00:00,1,3
d0547c4c00b593a10003,117,60,validation,2024-07-13 14:00:00+00:00,2024-07-13 22:00:00+00:00,1,1
2647d80561a8c9a0d7f9,117,60,validation,2024-07-13 23:00:00+00:00,2024-07-14 01:00:00+00:00,1,3
c1b4b690524fb38bf243,117,60,validation,2024-07-14 02:00:00+00:00,2024-07-14 04:00:00+00:00,-1,2
9e8ee914306133235ef4,117,60,test,2024-07-14 13:00:00+00:00,2024-07-14 18:00:00+00:00,1,2
1e5615fe620f88f874ec,117,60,test,2024-07-15 00:00:00+00:00,2024-07-15 05:00:00+00:00,-1,0
4d75ae0643fea8d80267,117,60,test,2024-07-15 06:00:00+00:00,2024-07-15 11:00:00+00:00,-1,0
4858739bf0a8180364e2,117,60,test,2024-07-15 13:00:00+00:00,2024-07-15 15:00:00+00:00,1,3
82fe446ddf34ccfcae4c,117,60,test,2024-07-15 19:00:00+00:00,2024-07-15 21:00:00+00:00,1,3
ba27d5bb637b7fe04891,117,60,test,2024-07-16 14:00:00+00:00,2024-07-16 22:00:00+00:00,1,1
0f7359a6b3c85c6f1cc3,117,60,test,2024-07-16 23:00:00+00:00,2024-07-17 01:00:00+00:00,1,3
a083a6a85a2be6cf2aed,117,60,test,2024-07-17 02:00:00+00:00,2024-07-17 04:00:00+00:00,-1,2
0644e2352008c4ab9b58,117,60,test,2024-07-17 05:00:00+00:00,2024-07-17 08:00:00+00:00,-1,3
d81eade495cd9d203466,117,60,test,2024-07-17 12:00:00+00:00,2024-07-18 05:00:00+00:00,0,1
69bc8239e284b77abc04,117,60,test,2024-07-18 13:00:00+00:00,2024-07-18 16:00:00+00:00,1,1
de4eb981c002fbde82ec,117,60,test,2024-07-18 17:00:00+00:00,2024-07-18 20:00:00+00:00,1,3
a95ac729a6d4f7036748,117,60,test,2024-07-18 22:00:00+00:00,2024-07-19 06:00:00+00:00,-1,0
ae2d10a84fc465aa4805,117,60,test,2024-07-19 11:00:00+00:00,2024-07-19 13:00:00+00:00,0,3
4757bd298cb38a9614a2,117,60,test,2024-07-19 14:00:00+00:00,2024-07-19 16:00:00+00:00,1,2
77033c9f7d55d4748c87,117,60,test,2024-07-19 17:00:00+00:00,2024-07-19 20:00:00+00:00,1,3
035e667fb787a0f7f500,117,60,test,2024-07-19 22:00:00+00:00,2024-07-20 07:00:00+00:00,-1,0
48f18d6c9c25ad43e508,117,60,test,2024-07-20 09:00:00+00:00,2024-07-20 11:00:00+00:00,-1,2
04b275493f45dc2471bd,117,60,test,2024-07-21 05:00:00+00:00,2024-07-21 07:00:00+00:00,-1,2
6b57886c96e0bf9dc59a,117,60,test,2024-07-21 14:00:00+00:00,2024-07-21 16:00:00+00:00,-1,2
4ebdad50ae24d48558af,117,60,test,2024-07-21 17:00:00+00:00,2024-07-21 20:00:00+00:00,1,3
94fd8f56664c512d830e,117,60,test,2024-07-22 02:00:00+00:00,2024-07-22 04:00:00+00:00,-1,2
ab0d03eb3cbe23c9035f,117,60,test,2024-07-22 08:00:00+00:00,2024-07-22 10:00:00+00:00,-1,2
3b50dc16a101b7392acf,117,60,test,2024-07-22 15:00:00+00:00,2024-07-22 18:00:00+00:00,1,3
a70e80541e1dcb1ea634,117,60,test,2024-07-22 21:00:00+00:00,2024-07-22 23:00:00+00:00,1,3
0e70ee41b09fc6121716,117,60,test,2024-07-23 06:00:00+00:00,2024-07-23 08:00:00+00:00,1,2
10cd2537ed7d17f0b215,117,60,test,2024-07-23 11:00:00+00:00,2024-07-23 13:00:00+00:00,-1,0
a3669b15071d34b3e650,117,60,test,2024-07-23 15:00:00+00:00,2024-07-24 00:00:00+00:00,-1,1
97071d63a7a9457c3523,117,60,test,2024-07-24 18:00:00+00:00,2024-07-25 00:00:00+00:00,1,1
47e622cad155ecf03e3e,117,60,test,2024-07-25 06:00:00+00:00,2024-07-25 09:00:00+00:00,-1,3
fc152a9cd8185a6b3258,117,60,test,2024-07-25 20:00:00+00:00,2024-07-25 23:00:00+00:00,-1,2
3c7c8a5401467ae4ce2d,117,60,test,2024-07-26 00:00:00+00:00,2024-07-26 06:00:00+00:00,-1,0
f719868a9ae6e8bc3225,117,60,test,2024-07-27 04:00:00+00:00,2024-07-27 13:00:00+00:00,1,1
3e99d838792489d16a81,117,60,test,2024-07-28 11:00:00+00:00,2024-07-28 15:00:00+00:00,1,1
20f71d30ef9c1dc6cff1,117,60,test,2024-07-28 16:00:00+00:00,2024-07-28 20:00:00+00:00,-1,3
9e36380a4fe7e60e0132,117,60,test,2024-07-28 22:00:00+00:00,2024-07-29 00:00:00+00:00,1,2
83e35f8efa71d7c6c3b0,117,60,test,2024-07-29 02:00:00+00:00,2024-07-29 04:00:00+00:00,-1,3
1358cb161bc232b17b3a,117,60,test,2024-07-29 07:00:00+00:00,2024-07-29 18:00:00+00:00,-1,1
e800d3b54f43bf8cf775,117,60,test,2024-07-30 06:00:00+00:00,2024-07-30 10:00:00+00:00,-1,2
5c0d9d42bd04abf7a105,117,60,test,2024-07-30 14:00:00+00:00,2024-07-30 16:00:00+00:00,-1,2
c4fabbd1d67163b2581f,117,60,test,2024-07-30 17:00:00+00:00,2024-07-30 20:00:00+00:00,1,3
83f6462a84103c1d7a23,117,60,test,2024-07-31 08:00:00+00:00,2024-07-31 10:00:00+00:00,1,1
6eade2980376fa24b7c0,117,60,test,2024-07-31 13:00:00+00:00,2024-07-31 15:00:00+00:00,1,3
904b736b8efc6157a86b,117,60,test,2024-07-31 17:00:00+00:00,2024-07-31 22:00:00+00:00,-1,1
e2da24f475caf2155777,117,60,test,2024-08-01 01:00:00+00:00,2024-08-01 11:00:00+00:00,-1,0
e146a73762eada7efb48,117,60,test,2024-08-02 07:00:00+00:00,2024-08-02 16:00:00+00:00,-1,0
ce9873da9236f6f149db,117,60,test,2024-08-03 03:00:00+00:00,2024-08-03 05:00:00+00:00,-1,3
7609220c3777bffb639b,117,60,test,2024-08-03 15:00:00+00:00,2024-08-03 17:00:00+00:00,-1,3
40a96c2138b0aaa56563,117,60,test,2024-08-04 03:00:00+00:00,2024-08-04 06:00:00+00:00,-1,3
3383cc5e189b898c4810,117,60,test,2024-08-04 18:00:00+00:00,2024-08-04 20:00:00+00:00,1,2
f20fcd88f93345020a53,117,60,test,2024-08-04 22:00:00+00:00,2024-08-05 00:00:00+00:00,-1,3
7f98c4ae9baa397f62c2,117,60,test,2024-08-05 08:00:00+00:00,2024-08-05 12:00:00+00:00,1,2
42ec80cbf3bf0416d8ac,117,60,test,2024-08-05 15:00:00+00:00,2024-08-05 19:00:00+00:00,1,3
e91aad1f9c1897de8aa8,117,60,test,2024-08-06 17:00:00+00:00,2024-08-07 00:00:00+00:00,-1,0
382ab81561f54fef8d02,117,60,test,2024-08-07 12:00:00+00:00,2024-08-07 18:00:00+00:00,1,1
fe5627fe4adec4dcc90c,117,60,test,2024-08-07 20:00:00+00:00,2024-08-08 00:00:00+00:00,-1,3
a4e283bd97f88c1eaf1e,117,60,test,2024-08-08 08:00:00+00:00,2024-08-08 11:00:00+00:00,1,2
a46a3854c56adec5dfa1,117,60,test,2024-08-08 12:00:00+00:00,2024-08-08 15:00:00+00:00,1,3
ea58e44bbdef15e4935e,117,60,test,2024-08-08 16:00:00+00:00,2024-08-08 20:00:00+00:00,-1,2
d74bc0391e6399271b9a,117,60,test,2024-08-08 21:00:00+00:00,2024-08-09 00:00:00+00:00,-1,3
96b84709fc2492e48583,117,60,test,2024-08-10 00:00:00+00:00,2024-08-10 03:00:00+00:00,-1,3
d3a0fbe2acb94ce5c461,117,60,test,2024-08-10 13:00:00+00:00,2024-08-10 15:00:00+00:00,-1,3
a65266b88cffa40686d0,117,60,test,2024-08-12 02:00:00+00:00,2024-08-12 05:00:00+00:00,1,2
15c0df72fa427ea0840c,117,60,test,2024-08-12 06:00:00+00:00,2024-08-12 08:00:00+00:00,1,1
05920808b4c5832292a4,117,60,test,2024-08-12 11:00:00+00:00,2024-08-12 17:00:00+00:00,1,3
1a9a66c86f9b99b15bb8,117,60,test,2024-08-12 21:00:00+00:00,2024-08-12 23:00:00+00:00,-1,3
bdb6e5492a02840a0b03,117,60,test,2024-08-13 00:00:00+00:00,2024-08-13 03:00:00+00:00,-1,2
bb86458150899749cab2,117,60,test,2024-08-13 04:00:00+00:00,2024-08-13 08:00:00+00:00,-1,3
bf0d88c21953d32a9d17,117,60,test,2024-08-13 22:00:00+00:00,2024-08-14 06:00:00+00:00,-1,0
e87cbbea8b3fe1fd43a9,117,60,test,2024-08-14 07:00:00+00:00,2024-08-14 10:00:00+00:00,1,1
342110e53769b7708765,117,60,test,2024-08-14 12:00:00+00:00,2024-08-14 14:00:00+00:00,-1,3
fa1abf90d714eccdbf1b,117,60,test,2024-08-15 07:00:00+00:00,2024-08-15 09:00:00+00:00,1,2
e2f5402cbf602b6f3650,117,60,test,2024-08-15 11:00:00+00:00,2024-08-15 13:00:00+00:00,-1,3
66a08f7136452f46ae48,117,60,test,2024-08-15 18:00:00+00:00,2024-08-15 20:00:00+00:00,1,2
74788d2233b92373d157,117,60,test,2024-08-15 22:00:00+00:00,2024-08-16 00:00:00+00:00,1,2
d3417a9c4f82c394e6ac,117,60,test,2024-08-16 02:00:00+00:00,2024-08-16 04:00:00+00:00,-1,3
d670ab04f38c6cedb3b4,117,60,test,2024-08-16 18:00:00+00:00,2024-08-16 20:00:00+00:00,1,2
31889a3154a513d3a467,117,60,test,2024-08-16 23:00:00+00:00,2024-08-17 01:00:00+00:00,1,2
06b2af54e64a6426c954,117,60,test,2024-08-17 02:00:00+00:00,2024-08-17 06:00:00+00:00,-1,3
c75e0daf0330cacaf5a1,117,60,test,2024-08-17 17:00:00+00:00,2024-08-17 23:00:00+00:00,1,1
