site,model,training,seed,price_case,shortfall_price,surplus_price,tail_premium,storage_fraction,duration_h,reserve,nameplate_mw,power_mw,energy_mwh,calendar_h,observed_h,operating_cny_per_installed_mw,capital_cny_per_installed_mw,total_cny_per_installed_mw,shortfall_mwh,surplus_mwh,throughput_mwh,tail_mwh,inventory_draw_mwh,initial_soc_mwh,terminal_soc_mwh
pizhou,tcn,mse,41,low,150.0,40.0,0.0,0.0,0.0,0.0,87.45,0.0,0.0,2496.0,1774.5,12364.804803542496,0.0,12364.804803542496,62.63846435014231,74.22587877552877,0.0,16.46534907357098,0.0,0.0,0.0
pizhou,tcn,mse,41,low,150.0,40.0,0.0,0.05,1.0,0.0,87.45,4.3725000000000005,4.3725000000000005,2496.0,1774.5,10913.396265517105,3491.7324514409534,14405.12871695806,52.32228277418265,63.033489373500025,21.508570977988285,14.498249976860773,0.02,0.025,0.005000000000000001
pizhou,tcn,mse,41,low,150.0,40.0,0.0,0.05,2.0,0.0,87.45,4.3725000000000005,8.745000000000001,2496.0,1774.5,10182.38266563626,6140.632931844435,16323.015597480695,47.172913499854154,57.42516691219298,32.26626271362427,12.577342085654294,0.009274654432708114,0.05,0.04072534556729189
pizhou,tcn,mse,41,low,150.0,40.0,0.0,0.05,4.0,0.0,87.45,4.3725000000000005,17.490000000000002,2496.0,1774.5,9482.885667550876,11438.433892651401,20921.319560202275,42.311977050194336,52.0998374536644,42.452528621813414,11.33704795099551,-0.03072534556729189,0.1,0.1307253455672919
pizhou,tcn,mse,41,low,150.0,40.0,0.0,0.1,1.0,0.0,87.45,8.745000000000001,8.745000000000001,2496.0,1774.5,9880.957642052897,6983.464902881907,16864.422544934805,45.038487632030424,55.10572882543652,36.72012666820403,12.76040020969969,0.009840591752567383,0.05,0.040159408247432624
pizhou,tcn,mse,41,low,150.0,40.0,0.0,0.1,2.0,0.0,87.45,8.745000000000001,17.490000000000002,2496.0,1774.5,8711.1976221068,12281.26586368887,20992.46348579567,36.84953595074109,46.1629915064411,53.85181566848891,9.559616803350314,-0.030159408247432625,0.1,0.13015940824743263
pizhou,tcn,mse,41,low,150.0,40.0,0.0,0.1,4.0,0.0,87.45,8.745000000000001,34.980000000000004,2496.0,1774.5,7648.817225568886,22876.867785302802,30525.685010871686,29.50985160266955,38.10166797117528,69.25282355182688,7.828704788304693,-0.1101594082474326,0.2,0.3101594082474326
pizhou,tcn,mse,41,low,150.0,40.0,0.0,0.2,1.0,0.0,87.45,17.490000000000002,17.490000000000002,2496.0,1774.5,8441.817646185153,13966.929805763813,22408.747451948966,34.94315458268023,44.09083784550548,57.830350697485194,10.025015169433189,-0.030159408247432625,0.1,0.13015940824743263
pizhou,tcn,mse,41,low,150.0,40.0,0.0,0.2,2.0,0.0,87.45,17.490000000000002,34.980000000000004,2496.0,1774.5,6860.694400545464,24562.53172737774,31423.226127923204,23.93236699481164,32.03918470176448,80.8927914290947,5.548778102459957,-0.1101594082474326,0.2,0.3101594082474326
pizhou,tcn,mse,41,low,150.0,40.0,0.0,0.2,4.0,0.0,87.45,17.490000000000002,69.96000000000001,2496.0,1774.5,5653.076414432775,45753.735570605604,51406.81198503838,15.392563859857786,22.753795195836297,98.7179840699768,3.940002222718351,-0.11303191376255141,0.4,0.5130319137625514
pizhou,tcn,mse,41,low,150.0,40.0,1000.0,0.0,0.0,0.0,87.45,0.0,0.0,2496.0,1774.5,28830.153877113476,0.0,28830.153877113476,62.63846435014231,74.22587877552877,0.0,16.46534907357098,0.0,0.0,0.0
pizhou,tcn,mse,41,low,150.0,40.0,1000.0,0.05,1.0,0.0,87.45,4.3725000000000005,4.3725000000000005,2496.0,1774.5,25411.646242377883,3491.7324514409534,28903.378693818835,52.32228277418265,63.033489373500025,21.508570977988285,14.498249976860773,0.02,0.025,0.005000000000000001
pizhou,tcn,mse,41,low,150.0,40.0,1000.0,0.05,2.0,0.0,87.45,4.3725000000000005,8.745000000000001,2496.0,1774.5,22759.724751290556,6140.632931844435,28900.35768313499,47.172913499854154,57.42516691219298,32.26626271362427,12.577342085654294,0.009274654432708114,0.05,0.04072534556729189
pizhou,tcn,mse,41,low,150.0,40.0,1000.0,0.05,4.0,0.0,87.45,4.3725000000000005,17.490000000000002,2496.0,1774.5,20819.933618546387,11438.433892651401,32258.36751119779,42.311977050194336,52.0998374536644,42.452528621813414,11.33704795099551,-0.03072534556729189,0.1,0.1307253455672919
pizhou,tcn,mse,41,low,150.0,40.0,1000.0,0.1,1.0,0.0,87.45,8.745000000000001,8.745000000000001,2496.0,1774.5,22641.357851752586,6983.464902881907,29624.822754634493,45.038487632030424,55.10572882543652,36.72012666820403,12.76040020969969,0.009840591752567383,0.05,0.040159408247432624
pizhou,tcn,mse,41,low,150.0,40.0,1000.0,0.1,2.0,0.0,87.45,8.745000000000001,17.490000000000002,2496.0,1774.5,18270.814425457116,12281.26586368887,30552.080289145986,36.84953595074109,46.1629915064411,53.85181566848891,9.559616803350314,-0.030159408247432625,0.1,0.13015940824743263
pizhou,tcn,mse,41,low,150.0,40.0,1000.0,0.1,4.0,0.0,87.45,8.745000000000001,34.980000000000004,2496.0,1774.5,15477.522013873579,22876.867785302802,38354.38979917637,29.50985160266955,38.10166797117528,69.25282355182688,7.828704788304693,-0.1101594082474326,0.2,0.3101594082474326
pizhou,tcn,mse,41,low,150.0,40.0,1000.0,0.2,1.0,0.0,87.45,17.490000000000002,17.490000000000002,2496.0,1774.5,18466.83281561834,13966.929805763813,32433.762621382157,34.94315458268023,44.09083784550548,57.830350697485194,10.025015169433189,-0.030159408247432625,0.1,0.13015940824743263
pizhou,tcn,mse,41,low,150.0,40.0,1000.0,0.2,2.0,0.0,87.45,17.490000000000002,34.980000000000004,2496.0,1774.5,12409.47250300542,24562.53172737774,36972.00423038316,23.93236699481164,32.03918470176448,80.8927914290947,5.548778102459957,-0.1101594082474326,0.2,0.3101594082474326
pizhou,tcn,mse,41,low,150.0,40.0,1000.0,0.2,4.0,0.0,87.45,17.490000000000002,69.96000000000001,2496.0,1774.5,9593.078637151126,45753.735570605604,55346.814207756724,15.392563859857786,22.753795195836297,98.7179840699768,3.940002222718351,-0.11303191376255141,0.4,0.5130319137625514
pizhou,tcn,mse,41,low,150.0,40.0,5000.0,0.0,0.0,0.0,87.45,0.0,0.0,2496.0,1774.5,94691.55017139741,0.0,94691.55017139741,62.63846435014231,74.22587877552877,0.0,16.46534907357098,0.0,0.0,0.0
pizhou,tcn,mse,41,low,150.0,40.0,5000.0,0.05,1.0,0.0,87.45,4.3725000000000005,4.3725000000000005,2496.0,1774.5,83404.64614982097,3491.7324514409534,86896.37860126192,52.32228277418265,63.033489373500025,21.508570977988285,14.498249976860773,0.02,0.025,0.005000000000000001
pizhou,tcn,mse,41,low,150.0,40.0,5000.0,0.05,2.0,0.0,87.45,4.3725000000000005,8.745000000000001,2496.0,1774.5,73069.09309390774,6140.632931844435,79209.72602575217,47.172913499854154,57.42516691219298,32.26626271362427,12.577342085654294,0.009274654432708114,0.05,0.04072534556729189
pizhou,tcn,mse,41,low,150.0,40.0,5000.0,0.05,4.0,0.0,87.45,4.3725000000000005,17.490000000000002,2496.0,1774.5,66168.12542252842,11438.433892651401,77606.55931517982,42.311977050194336,52.0998374536644,42.452528621813414,11.33704795099551,-0.03072534556729189,0.1,0.1307253455672919
pizhou,tcn,mse,41,low,150.0,40.0,5000.0,0.1,1.0,0.0,87.45,8.745000000000001,8.745000000000001,2496.0,1774.5,73682.95869055134,6983.464902881907,80666.42359343324,45.038487632030424,55.10572882543652,36.72012666820403,12.76040020969969,0.009840591752567383,0.05,0.040159408247432624
pizhou,tcn,mse,41,low,150.0,40.0,5000.0,0.1,2.0,0.0,87.45,8.745000000000001,17.490000000000002,2496.0,1774.5,56509.28163885837,12281.26586368887,68790.54750254724,36.84953595074109,46.1629915064411,53.85181566848891,9.559616803350314,-0.030159408247432625,0.1,0.13015940824743263
pizhou,tcn,mse,41,low,150.0,40.0,5000.0,0.1,4.0,0.0,87.45,8.745000000000001,34.980000000000004,2496.0,1774.5,46792.341167092345,22876.867785302802,69669.20895239514,29.50985160266955,38.10166797117528,69.25282355182688,7.828704788304693,-0.1101594082474326,0.2,0.3101594082474326
pizhou,tcn,mse,41,low,150.0,40.0,5000.0,0.2,1.0,0.0,87.45,17.490000000000002,17.490000000000002,2496.0,1774.5,58566.8934933511,13966.929805763813,72533.82329911491,34.94315458268023,44.09083784550548,57.830350697485194,10.025015169433189,-0.030159408247432625,0.1,0.13015940824743263
pizhou,tcn,mse,41,low,150.0,40.0,5000.0,0.2,2.0,0.0,87.45,17.490000000000002,34.980000000000004,2496.0,1774.5,34604.58491284525,24562.53172737774,59167.116640222994,23.93236699481164,32.03918470176448,80.8927914290947,5.548778102459957,-0.1101594082474326,0.2,0.3101594082474326
pizhou,tcn,mse,41,low,150.0,40.0,5000.0,0.2,4.0,0.0,87.45,17.490000000000002,69.96000000000001,2496.0,1774.5,25353.08752802453,45753.735570605604,71106.82309863014,15.392563859857786,22.753795195836297,98.7179840699768,3.940002222718351,-0.11303191376255141,0.4,0.5130319137625514
pizhou,tcn,mse,41,base,300.0,80.0,0.0,0.0,0.0,0.0,87.45,0.0,0.0,2496.0,1774.5,24729.609607084993,0.0,24729.609607084993,62.63846435014231,74.22587877552877,0.0,16.46534907357098,0.0,0.0,0.0
pizhou,tcn,mse,41,base,300.0,80.0,0.0,0.05,1.0,0.0,87.45,4.3725000000000005,4.3725000000000005,2496.0,1774.5,21283.078256584504,3491.7324514409534,24774.81070802546,52.32228277418265,63.033489373500025,21.508570977988285,14.498249976860773,0.02,0.025,0.005000000000000001
pizhou,tcn,mse,41,base,300.0,80.0,0.0,0.05,2.0,0.0,87.45,4.3725000000000005,8.745000000000001,2496.0,1774.5,19555.326367102105,6140.632931844435,25695.95929894654,47.172913499854154,57.42516691219298,32.26626271362427,12.577342085654294,0.009274654432708114,0.05,0.04072534556729189
pizhou,tcn,mse,41,base,300.0,80.0,0.0,0.05,4.0,0.0,87.45,4.3725000000000005,17.490000000000002,2496.0,1774.5,17913.675723226603,11438.433892651401,29352.109615878006,42.311977050194336,52.0998374536644,42.452528621813414,11.33704795099551,-0.03072534556729189,0.1,0.1307253455672919
pizhou,tcn,mse,41,base,300.0,80.0,0.0,0.1,1.0,0.0,87.45,8.745000000000001,8.745000000000001,2496.0,1774.5,18840.959939874923,6983.464902881907,25824.424842756827,45.038487632030424,55.10572882543652,36.72012666820403,12.76040020969969,0.009840591752567383,0.05,0.040159408247432624
pizhou,tcn,mse,41,base,300.0,80.0,0.0,0.1,2.0,0.0,87.45,8.745000000000001,17.490000000000002,2496.0,1774.5,16085.14767497561,12281.26586368887,28366.41353866448,36.84953595074109,46.1629915064411,53.85181566848891,9.559616803350314,-0.030159408247432625,0.1,0.13015940824743263
pizhou,tcn,mse,41,base,300.0,80.0,0.0,0.1,4.0,0.0,87.45,8.745000000000001,34.980000000000004,2496.0,1774.5,13599.361684816331,22876.867785302802,36476.22947011913,29.50985160266955,38.10166797117528,69.25282355182688,7.828704788304693,-0.1101594082474326,0.2,0.3101594082474326
pizhou,tcn,mse,41,base,300.0,80.0,0.0,0.2,1.0,0.0,87.45,17.490000000000002,17.490000000000002,2496.0,1774.5,15446.924347407408,13966.929805763813,29413.85415317122,34.94315458268023,44.09083784550548,57.830350697485194,10.025015169433189,-0.030159408247432625,0.1,0.13015940824743263
pizhou,tcn,mse,41,base,300.0,80.0,0.0,0.2,2.0,0.0,87.45,17.490000000000002,34.980000000000004,2496.0,1774.5,11732.11683783779,24562.53172737774,36294.648565215524,23.93236699481164,32.03918470176448,80.8927914290947,5.548778102459957,-0.1101594082474326,0.2,0.3101594082474326
pizhou,tcn,mse,41,base,300.0,80.0,0.0,0.2,4.0,0.0,87.45,17.490000000000002,69.96000000000001,2496.0,1774.5,8872.112801244895,45753.735570605604,54625.848371850494,15.392563859857786,22.753795195836297,98.7179840699768,3.940002222718351,-0.11303191376255141,0.4,0.5130319137625514
pizhou,tcn,mse,41,base,300.0,80.0,1000.0,0.0,0.0,0.0,87.45,0.0,0.0,2496.0,1774.5,41194.958680655975,0.0,41194.958680655975,62.63846435014231,74.22587877552877,0.0,16.46534907357098,0.0,0.0,0.0
pizhou,tcn,mse,41,base,300.0,80.0,1000.0,0.05,1.0,0.0,87.45,4.3725000000000005,4.3725000000000005,2496.0,1774.5,35781.328233445274,3491.7324514409534,39273.06068488623,52.32228277418265,63.033489373500025,21.508570977988285,14.498249976860773,0.02,0.025,0.005000000000000001
pizhou,tcn,mse,41,base,300.0,80.0,1000.0,0.05,2.0,0.0,87.45,4.3725000000000005,8.745000000000001,2496.0,1774.5,32132.6684527564,6140.632931844435,38273.30138460083,47.172913499854154,57.42516691219298,32.26626271362427,12.577342085654294,0.009274654432708114,0.05,0.04072534556729189
pizhou,tcn,mse,41,base,300.0,80.0,1000.0,0.05,4.0,0.0,87.45,4.3725000000000005,17.490000000000002,2496.0,1774.5,29250.723674222114,11438.433892651401,40689.15756687352,42.311977050194336,52.0998374536644,42.452528621813414,11.33704795099551,-0.03072534556729189,0.1,0.1307253455672919
pizhou,tcn,mse,41,base,300.0,80.0,1000.0,0.1,1.0,0.0,87.45,8.745000000000001,8.745000000000001,2496.0,1774.5,31601.36014957461,6983.464902881907,38584.825052456516,45.038487632030424,55.10572882543652,36.72012666820403,12.76040020969969,0.009840591752567383,0.05,0.040159408247432624
pizhou,tcn,mse,41,base,300.0,80.0,1000.0,0.1,2.0,0.0,87.45,8.745000000000001,17.490000000000002,2496.0,1774.5,25644.76447832592,12281.26586368887,37926.03034201479,36.84953595074109,46.1629915064411,53.85181566848891,9.559616803350314,-0.030159408247432625,0.1,0.13015940824743263
pizhou,tcn,mse,41,base,300.0,80.0,1000.0,0.1,4.0,0.0,87.45,8.745000000000001,34.980000000000004,2496.0,1774.5,21428.066473121024,22876.867785302802,44304.934258423826,29.50985160266955,38.10166797117528,69.25282355182688,7.828704788304693,-0.1101594082474326,0.2,0.3101594082474326
pizhou,tcn,mse,41,base,300.0,80.0,1000.0,0.2,1.0,0.0,87.45,17.490000000000002,17.490000000000002,2496.0,1774.5,25471.939516840597,13966.929805763813,39438.86932260441,34.94315458268023,44.09083784550548,57.830350697485194,10.025015169433189,-0.030159408247432625,0.1,0.13015940824743263
pizhou,tcn,mse,41,base,300.0,80.0,1000.0,0.2,2.0,0.0,87.45,17.490000000000002,34.980000000000004,2496.0,1774.5,17280.89494029775,24562.53172737774,41843.42666767549,23.93236699481164,32.03918470176448,80.8927914290947,5.548778102459957,-0.1101594082474326,0.2,0.3101594082474326
pizhou,tcn,mse,41,base,300.0,80.0,1000.0,0.2,4.0,0.0,87.45,17.490000000000002,69.96000000000001,2496.0,1774.5,12812.115023963244,45753.735570605604,58565.85059456885,15.392563859857786,22.753795195836297,98.7179840699768,3.940002222718351,-0.11303191376255141,0.4,0.5130319137625514
pizhou,tcn,mse,41,base,300.0,80.0,5000.0,0.0,0.0,0.0,87.45,0.0,0.0,2496.0,1774.5,107056.3549749399,0.0,107056.3549749399,62.63846435014231,74.22587877552877,0.0,16.46534907357098,0.0,0.0,0.0
pizhou,tcn,mse,41,base,300.0,80.0,5000.0,0.05,1.0,0.0,87.45,4.3725000000000005,4.3725000000000005,2496.0,1774.5,93774.32814088838,3491.7324514409534,97266.06059232933,52.32228277418265,63.033489373500025,21.508570977988285,14.498249976860773,0.02,0.025,0.005000000000000001
pizhou,tcn,mse,41,base,300.0,80.0,5000.0,0.05,2.0,0.0,87.45,4.3725000000000005,8.745000000000001,2496.0,1774.5,82442.03679537358,6140.632931844435,88582.66972721802,47.172913499854154,57.42516691219298,32.26626271362427,12.577342085654294,0.009274654432708114,0.05,0.04072534556729189
pizhou,tcn,mse,41,base,300.0,80.0,5000.0,0.05,4.0,0.0,87.45,4.3725000000000005,17.490000000000002,2496.0,1774.5,74598.91547820414,11438.433892651401,86037.34937085555,42.311977050194336,52.0998374536644,42.452528621813414,11.33704795099551,-0.03072534556729189,0.1,0.1307253455672919
pizhou,tcn,mse,41,base,300.0,80.0,5000.0,0.1,1.0,0.0,87.45,8.745000000000001,8.745000000000001,2496.0,1774.5,82642.96098837336,6983.464902881907,89626.42589125528,45.038487632030424,55.10572882543652,36.72012666820403,12.76040020969969,0.009840591752567383,0.05,0.040159408247432624
pizhou,tcn,mse,41,base,300.0,80.0,5000.0,0.1,2.0,0.0,87.45,8.745000000000001,17.490000000000002,2496.0,1774.5,63883.231691727175,12281.26586368887,76164.49755541603,36.84953595074109,46.1629915064411,53.85181566848891,9.559616803350314,-0.030159408247432625,0.1,0.13015940824743263
pizhou,tcn,mse,41,base,300.0,80.0,5000.0,0.1,4.0,0.0,87.45,8.745000000000001,34.980000000000004,2496.0,1774.5,52742.88562633979,22876.867785302802,75619.7534116426,29.50985160266955,38.10166797117528,69.25282355182688,7.828704788304693,-0.1101594082474326,0.2,0.3101594082474326
pizhou,tcn,mse,41,base,300.0,80.0,5000.0,0.2,1.0,0.0,87.45,17.490000000000002,17.490000000000002,2496.0,1774.5,65572.00019457334,13966.929805763813,79538.93000033715,34.94315458268023,44.09083784550548,57.830350697485194,10.025015169433189,-0.030159408247432625,0.1,0.13015940824743263
pizhou,tcn,mse,41,base,300.0,80.0,5000.0,0.2,2.0,0.0,87.45,17.490000000000002,34.980000000000004,2496.0,1774.5,39476.007350137574,24562.53172737774,64038.539077515314,23.93236699481164,32.03918470176448,80.8927914290947,5.548778102459957,-0.1101594082474326,0.2,0.3101594082474326
pizhou,tcn,mse,41,base,300.0,80.0,5000.0,0.2,4.0,0.0,87.45,17.490000000000002,69.96000000000001,2496.0,1774.5,28572.12391483665,45753.735570605604,74325.85948544224,15.392563859857786,22.753795195836297,98.7179840699768,3.940002222718351,-0.11303191376255141,0.4,0.5130319137625514
pizhou,tcn,mse,41,high,600.0,160.0,0.0,0.0,0.0,0.0,87.45,0.0,0.0,2496.0,1774.5,49459.219214169985,0.0,49459.219214169985,62.63846435014231,74.22587877552877,0.0,16.46534907357098,0.0,0.0,0.0
pizhou,tcn,mse,41,high,600.0,160.0,0.0,0.05,1.0,0.0,87.45,4.3725000000000005,4.3725000000000005,2496.0,1774.5,42022.442238719304,3491.7324514409534,45514.17469016026,52.32228277418265,63.033489373500025,21.508570977988285,14.498249976860773,0.02,0.025,0.005000000000000001
pizhou,tcn,mse,41,high,600.0,160.0,0.0,0.05,2.0,0.0,87.45,4.3725000000000005,8.745000000000001,2496.0,1774.5,38301.213770033784,6140.632931844435,44441.84670187822,47.172913499854154,57.42516691219298,32.26626271362427,12.577342085654294,0.009274654432708114,0.05,0.04072534556729189
pizhou,tcn,mse,41,high,600.0,160.0,0.0,0.05,4.0,0.0,87.45,4.3725000000000005,17.490000000000002,2496.0,1774.5,34775.255834578056,11438.433892651401,46213.68972722946,42.311977050194336,52.0998374536644,42.452528621813414,11.33704795099551,-0.03072534556729189,0.1,0.1307253455672919
pizhou,tcn,mse,41,high,600.0,160.0,0.0,0.1,1.0,0.0,87.45,8.745000000000001,8.745000000000001,2496.0,1774.5,36760.96453551897,6983.464902881907,43744.429438400875,45.038487632030424,55.10572882543652,36.72012666820403,12.76040020969969,0.009840591752567383,0.05,0.040159408247432624
pizhou,tcn,mse,41,high,600.0,160.0,0.0,0.1,2.0,0.0,87.45,8.745000000000001,17.490000000000002,2496.0,1774.5,30833.04778071322,12281.26586368887,43114.31364440209,36.84953595074109,46.1629915064411,53.85181566848891,9.559616803350314,-0.030159408247432625,0.1,0.13015940824743263
pizhou,tcn,mse,41,high,600.0,160.0,0.0,0.1,4.0,0.0,87.45,8.745000000000001,34.980000000000004,2496.0,1774.5,25500.450603311216,22876.867785302802,48377.31838861401,29.50985160266955,38.10166797117528,69.25282355182688,7.828704788304693,-0.1101594082474326,0.2,0.3101594082474326
pizhou,tcn,mse,41,high,600.0,160.0,0.0,0.2,1.0,0.0,87.45,17.490000000000002,17.490000000000002,2496.0,1774.5,29457.137749851918,13966.929805763813,43424.06755561574,34.94315458268023,44.09083784550548,57.830350697485194,10.025015169433189,-0.030159408247432625,0.1,0.13015940824743263
pizhou,tcn,mse,41,high,600.0,160.0,0.0,0.2,2.0,0.0,87.45,17.490000000000002,34.980000000000004,2496.0,1774.5,21474.96171242244,24562.53172737774,46037.493439800186,23.93236699481164,32.03918470176448,80.8927914290947,5.548778102459957,-0.1101594082474326,0.2,0.3101594082474326
pizhou,tcn,mse,41,high,600.0,160.0,0.0,0.2,4.0,0.0,87.45,17.490000000000002,69.96000000000001,2496.0,1774.5,15310.185574869134,45753.735570605604,61063.921145474735,15.392563859857786,22.753795195836297,98.7179840699768,3.940002222718351,-0.11303191376255141,0.4,0.5130319137625514
pizhou,tcn,mse,41,high,600.0,160.0,1000.0,0.0,0.0,0.0,87.45,0.0,0.0,2496.0,1774.5,65924.56828774097,0.0,65924.56828774097,62.63846435014231,74.22587877552877,0.0,16.46534907357098,0.0,0.0,0.0
pizhou,tcn,mse,41,high,600.0,160.0,1000.0,0.05,1.0,0.0,87.45,4.3725000000000005,4.3725000000000005,2496.0,1774.5,56520.69221558008,3491.7324514409534,60012.42466702103,52.32228277418265,63.033489373500025,21.508570977988285,14.498249976860773,0.02,0.025,0.005000000000000001
pizhou,tcn,mse,41,high,600.0,160.0,1000.0,0.05,2.0,0.0,87.45,4.3725000000000005,8.745000000000001,2496.0,1774.5,50878.555855688086,6140.632931844435,57019.18878753253,47.172913499854154,57.42516691219298,32.26626271362427,12.577342085654294,0.009274654432708114,0.05,0.04072534556729189
pizhou,tcn,mse,41,high,600.0,160.0,1000.0,0.05,4.0,0.0,87.45,4.3725000000000005,17.490000000000002,2496.0,1774.5,46112.30378557357,11438.433892651401,57550.73767822496,42.311977050194336,52.0998374536644,42.452528621813414,11.33704795099551,-0.03072534556729189,0.1,0.1307253455672919
pizhou,tcn,mse,41,high,600.0,160.0,1000.0,0.1,1.0,0.0,87.45,8.745000000000001,8.745000000000001,2496.0,1774.5,49521.36474521867,6983.464902881907,56504.829648100575,45.038487632030424,55.10572882543652,36.72012666820403,12.76040020969969,0.009840591752567383,0.05,0.040159408247432624
pizhou,tcn,mse,41,high,600.0,160.0,1000.0,0.1,2.0,0.0,87.45,8.745000000000001,17.490000000000002,2496.0,1774.5,40392.66458406354,12281.26586368887,52673.93044775241,36.84953595074109,46.1629915064411,53.85181566848891,9.559616803350314,-0.030159408247432625,0.1,0.13015940824743263
pizhou,tcn,mse,41,high,600.0,160.0,1000.0,0.1,4.0,0.0,87.45,8.745000000000001,34.980000000000004,2496.0,1774.5,33329.15539161591,22876.867785302802,56206.0231769187,29.50985160266955,38.10166797117528,69.25282355182688,7.828704788304693,-0.1101594082474326,0.2,0.3101594082474326
pizhou,tcn,mse,41,high,600.0,160.0,1000.0,0.2,1.0,0.0,87.45,17.490000000000002,17.490000000000002,2496.0,1774.5,39482.1529192851,13966.929805763813,53449.08272504892,34.94315458268023,44.09083784550548,57.830350697485194,10.025015169433189,-0.030159408247432625,0.1,0.13015940824743263
pizhou,tcn,mse,41,high,600.0,160.0,1000.0,0.2,2.0,0.0,87.45,17.490000000000002,34.980000000000004,2496.0,1774.5,27023.739814882396,24562.53172737774,51586.27154226014,23.93236699481164,32.03918470176448,80.8927914290947,5.548778102459957,-0.1101594082474326,0.2,0.3101594082474326
pizhou,tcn,mse,41,high,600.0,160.0,1000.0,0.2,4.0,0.0,87.45,17.490000000000002,69.96000000000001,2496.0,1774.5,19250.187797587485,45753.735570605604,65003.92336819309,15.392563859857786,22.753795195836297,98.7179840699768,3.940002222718351,-0.11303191376255141,0.4,0.5130319137625514
pizhou,tcn,mse,41,high,600.0,160.0,5000.0,0.0,0.0,0.0,87.45,0.0,0.0,2496.0,1774.5,131785.9645820249,0.0,131785.9645820249,62.63846435014231,74.22587877552877,0.0,16.46534907357098,0.0,0.0,0.0
pizhou,tcn,mse,41,high,600.0,160.0,5000.0,0.05,1.0,0.0,87.45,4.3725000000000005,4.3725000000000005,2496.0,1774.5,114513.69212302315,3491.7324514409534,118005.42457446411,52.32228277418265,63.033489373500025,21.508570977988285,14.498249976860773,0.02,0.025,0.005000000000000001
pizhou,tcn,mse,41,high,600.0,160.0,5000.0,0.05,2.0,0.0,87.45,4.3725000000000005,8.745000000000001,2496.0,1774.5,101187.92419830525,6140.632931844435,107328.5571301497,47.172913499854154,57.42516691219298,32.26626271362427,12.577342085654294,0.009274654432708114,0.05,0.04072534556729189
pizhou,tcn,mse,41,high,600.0,160.0,5000.0,0.05,4.0,0.0,87.45,4.3725000000000005,17.490000000000002,2496.0,1774.5,91460.4955895556,11438.433892651401,102898.929482207,42.311977050194336,52.0998374536644,42.452528621813414,11.33704795099551,-0.03072534556729189,0.1,0.1307253455672919
pizhou,tcn,mse,41,high,600.0,160.0,5000.0,0.1,1.0,0.0,87.45,8.745000000000001,8.745000000000001,2496.0,1774.5,100562.96558401744,6983.464902881907,107546.43048689933,45.038487632030424,55.10572882543652,36.72012666820403,12.76040020969969,0.009840591752567383,0.05,0.040159408247432624
pizhou,tcn,mse,41,high,600.0,160.0,5000.0,0.1,2.0,0.0,87.45,8.745000000000001,17.490000000000002,2496.0,1774.5,78631.1317974648,12281.26586368887,90912.39766115366,36.84953595074109,46.1629915064411,53.85181566848891,9.559616803350314,-0.030159408247432625,0.1,0.13015940824743263
pizhou,tcn,mse,41,high,600.0,160.0,5000.0,0.1,4.0,0.0,87.45,8.745000000000001,34.980000000000004,2496.0,1774.5,64643.97454483467,22876.867785302802,87520.84233013747,29.50985160266955,38.10166797117528,69.25282355182688,7.828704788304693,-0.1101594082474326,0.2,0.3101594082474326
pizhou,tcn,mse,41,high,600.0,160.0,5000.0,0.2,1.0,0.0,87.45,17.490000000000002,17.490000000000002,2496.0,1774.5,79582.21359701785,13966.929805763813,93549.14340278166,34.94315458268023,44.09083784550548,57.830350697485194,10.025015169433189,-0.030159408247432625,0.1,0.13015940824743263
pizhou,tcn,mse,41,high,600.0,160.0,5000.0,0.2,2.0,0.0,87.45,17.490000000000002,34.980000000000004,2496.0,1774.5,49218.85222472223,24562.53172737774,73781.38395209996,23.93236699481164,32.03918470176448,80.8927914290947,5.548778102459957,-0.1101594082474326,0.2,0.3101594082474326
pizhou,tcn,mse,41,high,600.0,160.0,5000.0,0.2,4.0,0.0,87.45,17.490000000000002,69.96000000000001,2496.0,1774.5,35010.19668846089,45753.735570605604,80763.9322590665,15.392563859857786,22.753795195836297,98.7179840699768,3.940002222718351,-0.11303191376255141,0.4,0.5130319137625514
pizhou,tcn,mse,42,low,150.0,40.0,0.0,0.0,0.0,0.0,87.45,0.0,0.0,2496.0,1774.5,12803.891060386537,0.0,12803.891060386537,65.97610971855748,72.68686506507285,0.0,16.98848211717221,0.0,0.0,0.0
pizhou,tcn,mse,42,low,150.0,40.0,0.0,0.05,1.0,0.0,87.45,4.3725000000000005,4.3725000000000005,2496.0,1774.5,11360.2257579692,3491.7324514409534,14851.958209410155,55.75270120991723,61.57759174521839,21.332681828494607,15.006669338869777,0.0029995365350525415,0.025,0.02200046346494746
pizhou,tcn,mse,42,low,150.0,40.0,0.0,0.05,2.0,0.0,87.45,4.3725000000000005,8.745000000000001,2496.0,1774.5,10606.879367683088,6140.632931844435,16747.512299527523,50.466001754749264,55.81032785254306,32.3866451763384,13.05212693962706,-0.017000463464947456,0.05,0.06700046346494747
pizhou,tcn,mse,42,low,150.0,40.0,0.0,0.05,4.0,0.0,87.45,4.3725000000000005,17.490000000000002,2496.0,1774.5,9880.937453101795,11438.433892651401,21319.371345753196,45.41791666527227,50.281575959430604,42.963482158928585,11.695220015569557,-0.05700046346494747,0.1,0.15700046346494748
pizhou,tcn,mse,42,low,150.0,40.0,0.0,0.1,1.0,0.0,87.45,8.745000000000001,8.745000000000001,2496.0,1774.5,10305.70142432103,6983.464902881907,17289.166327202936,48.33458861711015,53.49357444206596,36.83481172445414,13.323901801834902,-0.017000463464947456,0.05,0.06700046346494747
pizhou,tcn,mse,42,low,150.0,40.0,0.0,0.1,2.0,0.0,87.45,8.745000000000001,17.490000000000002,2496.0,1774.5,9109.04138240494,12281.26586368887,21390.30724609381,39.95526754957161,44.34391387714734,54.36379335691151,10.018080331989498,-0.05700046346494747,0.1,0.15700046346494748
pizhou,tcn,mse,42,low,150.0,40.0,0.0,0.1,4.0,0.0,87.45,8.745000000000001,34.980000000000004,2496.0,1774.5,7997.091451449427,22876.867785302802,30873.959236752227,32.26478341946784,35.90128623097688,70.4969051331864,8.033728856198815,-0.13700046346494746,0.2,0.3370004634649475
pizhou,tcn,mse,42,low,150.0,40.0,0.0,0.2,1.0,0.0,87.45,17.490000000000002,17.490000000000002,2496.0,1774.5,8830.493157160889,13966.929805763813,22797.422962924702,37.98400318630603,42.20123522142393,58.477736375900314,10.530195151081116,-0.05700046346494747,0.1,0.15700046346494748
pizhou,tcn,mse,42,low,150.0,40.0,0.0,0.2,2.0,0.0,87.45,17.490000000000002,34.980000000000004,2496.0,1774.5,7167.177979728645,24562.53172737774,31729.709707106387,26.39154961959786,29.51733644850954,82.75408871552278,5.519175203106966,-0.13700046346494746,0.2,0.3370004634649475
pizhou,tcn,mse,42,low,150.0,40.0,0.0,0.2,4.0,0.0,87.45,17.490000000000002,69.96000000000001,2496.0,1774.5,5912.0305410087985,45753.735570605604,51665.76611161439,17.61924734391957,19.930753793541122,101.11297364616975,3.7299758724674232,-0.1863701782500877,0.4,0.5863701782500877
pizhou,tcn,mse,42,low,150.0,40.0,1000.0,0.0,0.0,0.0,87.45,0.0,0.0,2496.0,1774.5,29792.373177558748,0.0,29792.373177558748,65.97610971855748,72.68686506507285,0.0,16.98848211717221,0.0,0.0,0.0
pizhou,tcn,mse,42,low,150.0,40.0,1000.0,0.05,1.0,0.0,87.45,4.3725000000000005,4.3725000000000005,2496.0,1774.5,26366.895096838976,3491.7324514409534,29858.62754827993,55.75270120991723,61.57759174521839,21.332681828494607,15.006669338869777,0.0029995365350525415,0.025,0.02200046346494746
pizhou,tcn,mse,42,low,150.0,40.0,1000.0,0.05,2.0,0.0,87.45,4.3725000000000005,8.745000000000001,2496.0,1774.5,23659.00630731015,6140.632931844435,29799.639239154585,50.466001754749264,55.81032785254306,32.3866451763384,13.05212693962706,-0.017000463464947456,0.05,0.06700046346494747
pizhou,tcn,mse,42,low,150.0,40.0,1000.0,0.05,4.0,0.0,87.45,4.3725000000000005,17.490000000000002,2496.0,1774.5,21576.157468671354,11438.433892651401,33014.59136132275,45.41791666527227,50.281575959430604,42.963482158928585,11.695220015569557,-0.05700046346494747,0.1,0.15700046346494748
pizhou,tcn,mse,42,low,150.0,40.0,1000.0,0.1,1.0,0.0,87.45,8.745000000000001,8.745000000000001,2496.0,1774.5,23629.603226155934,6983.464902881907,30613.06812903784,48.33458861711015,53.49357444206596,36.83481172445414,13.323901801834902,-0.017000463464947456,0.05,0.06700046346494747
pizhou,tcn,mse,42,low,150.0,40.0,1000.0,0.1,2.0,0.0,87.45,8.745000000000001,17.490000000000002,2496.0,1774.5,19127.121714394434,12281.26586368887,31408.387578083304,39.95526754957161,44.34391387714734,54.36379335691151,10.018080331989498,-0.05700046346494747,0.1,0.15700046346494748
pizhou,tcn,mse,42,low,150.0,40.0,1000.0,0.1,4.0,0.0,87.45,8.745000000000001,34.980000000000004,2496.0,1774.5,16030.82030764824,22876.867785302802,38907.688092951044,32.26478341946784,35.90128623097688,70.4969051331864,8.033728856198815,-0.13700046346494746,0.2,0.3370004634649475
pizhou,tcn,mse,42,low,150.0,40.0,1000.0,0.2,1.0,0.0,87.45,17.490000000000002,17.490000000000002,2496.0,1774.5,19360.688308242003,13966.929805763813,33327.61811400582,37.98400318630603,42.20123522142393,58.477736375900314,10.530195151081116,-0.05700046346494747,0.1,0.15700046346494748
pizhou,tcn,mse,42,low,150.0,40.0,1000.0,0.2,2.0,0.0,87.45,17.490000000000002,34.980000000000004,2496.0,1774.5,12686.353182835612,24562.53172737774,37248.884910213346,26.39154961959786,29.51733644850954,82.75408871552278,5.519175203106966,-0.13700046346494746,0.2,0.3370004634649475
pizhou,tcn,mse,42,low,150.0,40.0,1000.0,0.2,4.0,0.0,87.45,17.490000000000002,69.96000000000001,2496.0,1774.5,9642.006413476221,45753.735570605604,55395.74198408182,17.61924734391957,19.930753793541122,101.11297364616975,3.7299758724674232,-0.1863701782500877,0.4,0.5863701782500877
pizhou,tcn,mse,42,low,150.0,40.0,5000.0,0.0,0.0,0.0,87.45,0.0,0.0,2496.0,1774.5,97746.30164624758,0.0,97746.30164624758,65.97610971855748,72.68686506507285,0.0,16.98848211717221,0.0,0.0,0.0
pizhou,tcn,mse,42,low,150.0,40.0,5000.0,0.05,1.0,0.0,87.45,4.3725000000000005,4.3725000000000005,2496.0,1774.5,86393.57245231808,3491.7324514409534,89885.30490375904,55.75270120991723,61.57759174521839,21.332681828494607,15.006669338869777,0.0029995365350525415,0.025,0.02200046346494746
pizhou,tcn,mse,42,low,150.0,40.0,5000.0,0.05,2.0,0.0,87.45,4.3725000000000005,8.745000000000001,2496.0,1774.5,75867.5140658184,6140.632931844435,82008.14699766283,50.466001754749264,55.81032785254306,32.3866451763384,13.05212693962706,-0.017000463464947456,0.05,0.06700046346494747
pizhou,tcn,mse,42,low,150.0,40.0,5000.0,0.05,4.0,0.0,87.45,4.3725000000000005,17.490000000000002,2496.0,1774.5,68357.03753094959,11438.433892651401,79795.47142360099,45.41791666527227,50.281575959430604,42.963482158928585,11.695220015569557,-0.05700046346494747,0.1,0.15700046346494748
pizhou,tcn,mse,42,low,150.0,40.0,5000.0,0.1,1.0,0.0,87.45,8.745000000000001,8.745000000000001,2496.0,1774.5,76925.21043349554,6983.464902881907,83908.67533637743,48.33458861711015,53.49357444206596,36.83481172445414,13.323901801834902,-0.017000463464947456,0.05,0.06700046346494747
pizhou,tcn,mse,42,low,150.0,40.0,5000.0,0.1,2.0,0.0,87.45,8.745000000000001,17.490000000000002,2496.0,1774.5,59199.44304235243,12281.26586368887,71480.7089060413,39.95526754957161,44.34391387714734,54.36379335691151,10.018080331989498,-0.05700046346494747,0.1,0.15700046346494748
pizhou,tcn,mse,42,low,150.0,40.0,5000.0,0.1,4.0,0.0,87.45,8.745000000000001,34.980000000000004,2496.0,1774.5,48165.735732443485,22876.867785302802,71042.60351774629,32.26478341946784,35.90128623097688,70.4969051331864,8.033728856198815,-0.13700046346494746,0.2,0.3370004634649475
pizhou,tcn,mse,42,low,150.0,40.0,5000.0,0.2,1.0,0.0,87.45,17.490000000000002,17.490000000000002,2496.0,1774.5,61481.46891256647,13966.929805763813,75448.39871833028,37.98400318630603,42.20123522142393,58.477736375900314,10.530195151081116,-0.05700046346494747,0.1,0.15700046346494748
pizhou,tcn,mse,42,low,150.0,40.0,5000.0,0.2,2.0,0.0,87.45,17.490000000000002,34.980000000000004,2496.0,1774.5,34763.05399526347,24562.53172737774,59325.585722641204,26.39154961959786,29.51733644850954,82.75408871552278,5.519175203106966,-0.13700046346494746,0.2,0.3370004634649475
pizhou,tcn,mse,42,low,150.0,40.0,5000.0,0.2,4.0,0.0,87.45,17.490000000000002,69.96000000000001,2496.0,1774.5,24561.909903345917,45753.735570605604,70315.64547395152,17.61924734391957,19.930753793541122,101.11297364616975,3.7299758724674232,-0.1863701782500877,0.4,0.5863701782500877
pizhou,tcn,mse,42,base,300.0,80.0,0.0,0.0,0.0,0.0,87.45,0.0,0.0,2496.0,1774.5,25607.782120773074,0.0,25607.782120773074,65.97610971855748,72.68686506507285,0.0,16.98848211717221,0.0,0.0,0.0
pizhou,tcn,mse,42,base,300.0,80.0,0.0,0.05,1.0,0.0,87.45,4.3725000000000005,4.3725000000000005,2496.0,1774.5,22186.23460926552,3491.7324514409534,25677.967060706473,55.75270120991723,61.57759174521839,21.332681828494607,15.006669338869777,0.0029995365350525415,0.025,0.02200046346494746
pizhou,tcn,mse,42,base,300.0,80.0,0.0,0.05,2.0,0.0,87.45,4.3725000000000005,8.745000000000001,2496.0,1774.5,20409.192744997206,6140.632931844435,26549.82567684164,50.466001754749264,55.81032785254306,32.3866451763384,13.05212693962706,-0.017000463464947456,0.05,0.06700046346494747
pizhou,tcn,mse,42,base,300.0,80.0,0.0,0.05,4.0,0.0,87.45,4.3725000000000005,17.490000000000002,2496.0,1774.5,18704.887991269858,11438.433892651401,30143.32188392126,45.41791666527227,50.281575959430604,42.963482158928585,11.695220015569557,-0.05700046346494747,0.1,0.15700046346494748
pizhou,tcn,mse,42,base,300.0,80.0,0.0,0.1,1.0,0.0,87.45,8.745000000000001,8.745000000000001,2496.0,1774.5,19695.63269457019,6983.464902881907,26679.0975974521,48.33458861711015,53.49357444206596,36.83481172445414,13.323901801834902,-0.017000463464947456,0.05,0.06700046346494747
pizhou,tcn,mse,42,base,300.0,80.0,0.0,0.1,2.0,0.0,87.45,8.745000000000001,17.490000000000002,2496.0,1774.5,16876.088069926573,12281.26586368887,29157.353933615446,39.95526754957161,44.34391387714734,54.36379335691151,10.018080331989498,-0.05700046346494747,0.1,0.15700046346494748
pizhou,tcn,mse,42,base,300.0,80.0,0.0,0.1,4.0,0.0,87.45,8.745000000000001,34.980000000000004,2496.0,1774.5,14272.860413608676,22876.867785302802,37149.72819891147,32.26478341946784,35.90128623097688,70.4969051331864,8.033728856198815,-0.13700046346494746,0.2,0.3370004634649475
pizhou,tcn,mse,42,base,300.0,80.0,0.0,0.2,1.0,0.0,87.45,17.490000000000002,17.490000000000002,2496.0,1774.5,16216.14304396375,13966.929805763813,30183.072849727567,37.98400318630603,42.20123522142393,58.477736375900314,10.530195151081116,-0.05700046346494747,0.1,0.15700046346494748
pizhou,tcn,mse,42,base,300.0,80.0,0.0,0.2,2.0,0.0,87.45,17.490000000000002,34.980000000000004,2496.0,1774.5,12306.603880608704,24562.53172737774,36869.13560798644,26.39154961959786,29.51733644850954,82.75408871552278,5.519175203106966,-0.13700046346494746,0.2,0.3370004634649475
pizhou,tcn,mse,42,base,300.0,80.0,0.0,0.2,4.0,0.0,87.45,17.490000000000002,69.96000000000001,2496.0,1774.5,9352.14779433838,45753.735570605604,55105.883364943984,17.61924734391957,19.930753793541122,101.11297364616975,3.7299758724674232,-0.1863701782500877,0.4,0.5863701782500877
pizhou,tcn,mse,42,base,300.0,80.0,1000.0,0.0,0.0,0.0,87.45,0.0,0.0,2496.0,1774.5,42596.26423794529,0.0,42596.26423794529,65.97610971855748,72.68686506507285,0.0,16.98848211717221,0.0,0.0,0.0
pizhou,tcn,mse,42,base,300.0,80.0,1000.0,0.05,1.0,0.0,87.45,4.3725000000000005,4.3725000000000005,2496.0,1774.5,37192.903948135296,3491.7324514409534,40684.636399576244,55.75270120991723,61.57759174521839,21.332681828494607,15.006669338869777,0.0029995365350525415,0.025,0.02200046346494746
pizhou,tcn,mse,42,base,300.0,80.0,1000.0,0.05,2.0,0.0,87.45,4.3725000000000005,8.745000000000001,2496.0,1774.5,33461.319684624264,6140.632931844435,39601.9526164687,50.466001754749264,55.81032785254306,32.3866451763384,13.05212693962706,-0.017000463464947456,0.05,0.06700046346494747
pizhou,tcn,mse,42,base,300.0,80.0,1000.0,0.05,4.0,0.0,87.45,4.3725000000000005,17.490000000000002,2496.0,1774.5,30400.108006839415,11438.433892651401,41838.54189949082,45.41791666527227,50.281575959430604,42.963482158928585,11.695220015569557,-0.05700046346494747,0.1,0.15700046346494748
pizhou,tcn,mse,42,base,300.0,80.0,1000.0,0.1,1.0,0.0,87.45,8.745000000000001,8.745000000000001,2496.0,1774.5,33019.53449640509,6983.464902881907,40002.999399287,48.33458861711015,53.49357444206596,36.83481172445414,13.323901801834902,-0.017000463464947456,0.05,0.06700046346494747
pizhou,tcn,mse,42,base,300.0,80.0,1000.0,0.1,2.0,0.0,87.45,8.745000000000001,17.490000000000002,2496.0,1774.5,26894.16840191607,12281.26586368887,39175.43426560495,39.95526754957161,44.34391387714734,54.36379335691151,10.018080331989498,-0.05700046346494747,0.1,0.15700046346494748
pizhou,tcn,mse,42,base,300.0,80.0,1000.0,0.1,4.0,0.0,87.45,8.745000000000001,34.980000000000004,2496.0,1774.5,22306.58926980749,22876.867785302802,45183.45705511029,32.26478341946784,35.90128623097688,70.4969051331864,8.033728856198815,-0.13700046346494746,0.2,0.3370004634649475
pizhou,tcn,mse,42,base,300.0,80.0,1000.0,0.2,1.0,0.0,87.45,17.490000000000002,17.490000000000002,2496.0,1774.5,26746.338195044864,13966.929805763813,40713.26800080868,37.98400318630603,42.20123522142393,58.477736375900314,10.530195151081116,-0.05700046346494747,0.1,0.15700046346494748
pizhou,tcn,mse,42,base,300.0,80.0,1000.0,0.2,2.0,0.0,87.45,17.490000000000002,34.980000000000004,2496.0,1774.5,17825.779083715668,24562.53172737774,42388.310811093404,26.39154961959786,29.51733644850954,82.75408871552278,5.519175203106966,-0.13700046346494746,0.2,0.3370004634649475
pizhou,tcn,mse,42,base,300.0,80.0,1000.0,0.2,4.0,0.0,87.45,17.490000000000002,69.96000000000001,2496.0,1774.5,13082.123666805803,45753.735570605604,58835.85923741141,17.61924734391957,19.930753793541122,101.11297364616975,3.7299758724674232,-0.1863701782500877,0.4,0.5863701782500877
pizhou,tcn,mse,42,base,300.0,80.0,5000.0,0.0,0.0,0.0,87.45,0.0,0.0,2496.0,1774.5,110550.19270663413,0.0,110550.19270663413,65.97610971855748,72.68686506507285,0.0,16.98848211717221,0.0,0.0,0.0
pizhou,tcn,mse,42,base,300.0,80.0,5000.0,0.05,1.0,0.0,87.45,4.3725000000000005,4.3725000000000005,2496.0,1774.5,97219.58130361441,3491.7324514409534,100711.31375505537,55.75270120991723,61.57759174521839,21.332681828494607,15.006669338869777,0.0029995365350525415,0.025,0.02200046346494746
pizhou,tcn,mse,42,base,300.0,80.0,5000.0,0.05,2.0,0.0,87.45,4.3725000000000005,8.745000000000001,2496.0,1774.5,85669.82744313251,6140.632931844435,91810.46037497694,50.466001754749264,55.81032785254306,32.3866451763384,13.05212693962706,-0.017000463464947456,0.05,0.06700046346494747
pizhou,tcn,mse,42,base,300.0,80.0,5000.0,0.05,4.0,0.0,87.45,4.3725000000000005,17.490000000000002,2496.0,1774.5,77180.98806911765,11438.433892651401,88619.42196176905,45.41791666527227,50.281575959430604,42.963482158928585,11.695220015569557,-0.05700046346494747,0.1,0.15700046346494748
pizhou,tcn,mse,42,base,300.0,80.0,5000.0,0.1,1.0,0.0,87.45,8.745000000000001,8.745000000000001,2496.0,1774.5,86315.1417037447,6983.464902881907,93298.6066066266,48.33458861711015,53.49357444206596,36.83481172445414,13.323901801834902,-0.017000463464947456,0.05,0.06700046346494747
pizhou,tcn,mse,42,base,300.0,80.0,5000.0,0.1,2.0,0.0,87.45,8.745000000000001,17.490000000000002,2496.0,1774.5,66966.48972987407,12281.26586368887,79247.75559356294,39.95526754957161,44.34391387714734,54.36379335691151,10.018080331989498,-0.05700046346494747,0.1,0.15700046346494748
pizhou,tcn,mse,42,base,300.0,80.0,5000.0,0.1,4.0,0.0,87.45,8.745000000000001,34.980000000000004,2496.0,1774.5,54441.50469460275,22876.867785302802,77318.37247990555,32.26478341946784,35.90128623097688,70.4969051331864,8.033728856198815,-0.13700046346494746,0.2,0.3370004634649475
pizhou,tcn,mse,42,base,300.0,80.0,5000.0,0.2,1.0,0.0,87.45,17.490000000000002,17.490000000000002,2496.0,1774.5,68867.11879936933,13966.929805763813,82834.04860513314,37.98400318630603,42.20123522142393,58.477736375900314,10.530195151081116,-0.05700046346494747,0.1,0.15700046346494748
pizhou,tcn,mse,42,base,300.0,80.0,5000.0,0.2,2.0,0.0,87.45,17.490000000000002,34.980000000000004,2496.0,1774.5,39902.47989614354,24562.53172737774,64465.01162352128,26.39154961959786,29.51733644850954,82.75408871552278,5.519175203106966,-0.13700046346494746,0.2,0.3370004634649475
pizhou,tcn,mse,42,base,300.0,80.0,5000.0,0.2,4.0,0.0,87.45,17.490000000000002,69.96000000000001,2496.0,1774.5,28002.027156675496,45753.735570605604,73755.7627272811,17.61924734391957,19.930753793541122,101.11297364616975,3.7299758724674232,-0.1863701782500877,0.4,0.5863701782500877
pizhou,tcn,mse,42,high,600.0,160.0,0.0,0.0,0.0,0.0,87.45,0.0,0.0,2496.0,1774.5,51215.56424154615,0.0,51215.56424154615,65.97610971855748,72.68686506507285,0.0,16.98848211717221,0.0,0.0,0.0
pizhou,tcn,mse,42,high,600.0,160.0,0.0,0.05,1.0,0.0,87.45,4.3725000000000005,4.3725000000000005,2496.0,1774.5,43838.25231185816,3491.7324514409534,47329.984763299115,55.75270120991723,61.57759174521839,21.332681828494607,15.006669338869777,0.0029995365350525415,0.025,0.02200046346494746
pizhou,tcn,mse,42,high,600.0,160.0,0.0,0.05,2.0,0.0,87.45,4.3725000000000005,8.745000000000001,2496.0,1774.5,40013.819499625424,6140.632931844435,46154.45243146986,50.466001754749264,55.81032785254306,32.3866451763384,13.05212693962706,-0.017000463464947456,0.05,0.06700046346494747
pizhou,tcn,mse,42,high,600.0,160.0,0.0,0.05,4.0,0.0,87.45,4.3725000000000005,17.490000000000002,2496.0,1774.5,36352.78906760599,11438.433892651401,47791.222960257386,45.41791666527227,50.281575959430604,42.963482158928585,11.695220015569557,-0.05700046346494747,0.1,0.15700046346494748
pizhou,tcn,mse,42,high,600.0,160.0,0.0,0.1,1.0,0.0,87.45,8.745000000000001,8.745000000000001,2496.0,1774.5,38475.49523506851,6983.464902881907,45458.96013795042,48.33458861711015,53.49357444206596,36.83481172445414,13.323901801834902,-0.017000463464947456,0.05,0.06700046346494747
pizhou,tcn,mse,42,high,600.0,160.0,0.0,0.1,2.0,0.0,87.45,8.745000000000001,17.490000000000002,2496.0,1774.5,32410.181444969843,12281.26586368887,44691.44730865871,39.95526754957161,44.34391387714734,54.36379335691151,10.018080331989498,-0.05700046346494747,0.1,0.15700046346494748
pizhou,tcn,mse,42,high,600.0,160.0,0.0,0.1,4.0,0.0,87.45,8.745000000000001,34.980000000000004,2496.0,1774.5,26824.398337927178,22876.867785302802,49701.26612322998,32.26478341946784,35.90128623097688,70.4969051331864,8.033728856198815,-0.13700046346494746,0.2,0.3370004634649475
pizhou,tcn,mse,42,high,600.0,160.0,0.0,0.2,1.0,0.0,87.45,17.490000000000002,17.490000000000002,2496.0,1774.5,30987.442817569477,13966.929805763813,44954.372623333285,37.98400318630603,42.20123522142393,58.477736375900314,10.530195151081116,-0.05700046346494747,0.1,0.15700046346494748
pizhou,tcn,mse,42,high,600.0,160.0,0.0,0.2,2.0,0.0,87.45,17.490000000000002,34.980000000000004,2496.0,1774.5,22585.455682368825,24562.53172737774,47147.987409746565,26.39154961959786,29.51733644850954,82.75408871552278,5.519175203106966,-0.13700046346494746,0.2,0.3370004634649475
pizhou,tcn,mse,42,high,600.0,160.0,0.0,0.2,4.0,0.0,87.45,17.490000000000002,69.96000000000001,2496.0,1774.5,16232.38230099754,45753.735570605604,61986.11787160314,17.61924734391957,19.930753793541122,101.11297364616975,3.7299758724674232,-0.1863701782500877,0.4,0.5863701782500877
pizhou,tcn,mse,42,high,600.0,160.0,1000.0,0.0,0.0,0.0,87.45,0.0,0.0,2496.0,1774.5,68204.04635871835,0.0,68204.04635871835,65.97610971855748,72.68686506507285,0.0,16.98848211717221,0.0,0.0,0.0
pizhou,tcn,mse,42,high,600.0,160.0,1000.0,0.05,1.0,0.0,87.45,4.3725000000000005,4.3725000000000005,2496.0,1774.5,58844.921650727934,3491.7324514409534,62336.65410216889,55.75270120991723,61.57759174521839,21.332681828494607,15.006669338869777,0.0029995365350525415,0.025,0.02200046346494746
pizhou,tcn,mse,42,high,600.0,160.0,1000.0,0.05,2.0,0.0,87.45,4.3725000000000005,8.745000000000001,2496.0,1774.5,53065.94643925249,6140.632931844435,59206.57937109693,50.466001754749264,55.81032785254306,32.3866451763384,13.05212693962706,-0.017000463464947456,0.05,0.06700046346494747
pizhou,tcn,mse,42,high,600.0,160.0,1000.0,0.05,4.0,0.0,87.45,4.3725000000000005,17.490000000000002,2496.0,1774.5,48048.00908317555,11438.433892651401,59486.442975826954,45.41791666527227,50.281575959430604,42.963482158928585,11.695220015569557,-0.05700046346494747,0.1,0.15700046346494748
pizhou,tcn,mse,42,high,600.0,160.0,1000.0,0.1,1.0,0.0,87.45,8.745000000000001,8.745000000000001,2496.0,1774.5,51799.397036903414,6983.464902881907,58782.861939785325,48.33458861711015,53.49357444206596,36.83481172445414,13.323901801834902,-0.017000463464947456,0.05,0.06700046346494747
pizhou,tcn,mse,42,high,600.0,160.0,1000.0,0.1,2.0,0.0,87.45,8.745000000000001,17.490000000000002,2496.0,1774.5,42428.26177695934,12281.26586368887,54709.52764064821,39.95526754957161,44.34391387714734,54.36379335691151,10.018080331989498,-0.05700046346494747,0.1,0.15700046346494748
pizhou,tcn,mse,42,high,600.0,160.0,1000.0,0.1,4.0,0.0,87.45,8.745000000000001,34.980000000000004,2496.0,1774.5,34858.12719412599,22876.867785302802,57734.99497942879,32.26478341946784,35.90128623097688,70.4969051331864,8.033728856198815,-0.13700046346494746,0.2,0.3370004634649475
pizhou,tcn,mse,42,high,600.0,160.0,1000.0,0.2,1.0,0.0,87.45,17.490000000000002,17.490000000000002,2496.0,1774.5,41517.63796865059,13966.929805763813,55484.567774414405,37.98400318630603,42.20123522142393,58.477736375900314,10.530195151081116,-0.05700046346494747,0.1,0.15700046346494748
pizhou,tcn,mse,42,high,600.0,160.0,1000.0,0.2,2.0,0.0,87.45,17.490000000000002,34.980000000000004,2496.0,1774.5,28104.63088547579,24562.53172737774,52667.162612853535,26.39154961959786,29.51733644850954,82.75408871552278,5.519175203106966,-0.13700046346494746,0.2,0.3370004634649475
pizhou,tcn,mse,42,high,600.0,160.0,1000.0,0.2,4.0,0.0,87.45,17.490000000000002,69.96000000000001,2496.0,1774.5,19962.358173464963,45753.735570605604,65716.09374407056,17.61924734391957,19.930753793541122,101.11297364616975,3.7299758724674232,-0.1863701782500877,0.4,0.5863701782500877
pizhou,tcn,mse,42,high,600.0,160.0,5000.0,0.0,0.0,0.0,87.45,0.0,0.0,2496.0,1774.5,136157.9748274072,0.0,136157.9748274072,65.97610971855748,72.68686506507285,0.0,16.98848211717221,0.0,0.0,0.0
pizhou,tcn,mse,42,high,600.0,160.0,5000.0,0.05,1.0,0.0,87.45,4.3725000000000005,4.3725000000000005,2496.0,1774.5,118871.59900620705,3491.7324514409534,122363.331457648,55.75270120991723,61.57759174521839,21.332681828494607,15.006669338869777,0.0029995365350525415,0.025,0.02200046346494746
pizhou,tcn,mse,42,high,600.0,160.0,5000.0,0.05,2.0,0.0,87.45,4.3725000000000005,8.745000000000001,2496.0,1774.5,105274.45419776074,6140.632931844435,111415.08712960519,50.466001754749264,55.81032785254306,32.3866451763384,13.05212693962706,-0.017000463464947456,0.05,0.06700046346494747
pizhou,tcn,mse,42,high,600.0,160.0,5000.0,0.05,4.0,0.0,87.45,4.3725000000000005,17.490000000000002,2496.0,1774.5,94828.88914545377,11438.433892651401,106267.32303810515,45.41791666527227,50.281575959430604,42.963482158928585,11.695220015569557,-0.05700046346494747,0.1,0.15700046346494748
pizhou,tcn,mse,42,high,600.0,160.0,5000.0,0.1,1.0,0.0,87.45,8.745000000000001,8.745000000000001,2496.0,1774.5,105095.00424424304,6983.464902881907,112078.46914712495,48.33458861711015,53.49357444206596,36.83481172445414,13.323901801834902,-0.017000463464947456,0.05,0.06700046346494747
pizhou,tcn,mse,42,high,600.0,160.0,5000.0,0.1,2.0,0.0,87.45,8.745000000000001,17.490000000000002,2496.0,1774.5,82500.58310491733,12281.26586368887,94781.8489686062,39.95526754957161,44.34391387714734,54.36379335691151,10.018080331989498,-0.05700046346494747,0.1,0.15700046346494748
pizhou,tcn,mse,42,high,600.0,160.0,5000.0,0.1,4.0,0.0,87.45,8.745000000000001,34.980000000000004,2496.0,1774.5,66993.04261892124,22876.867785302802,89869.91040422405,32.26478341946784,35.90128623097688,70.4969051331864,8.033728856198815,-0.13700046346494746,0.2,0.3370004634649475
pizhou,tcn,mse,42,high,600.0,160.0,5000.0,0.2,1.0,0.0,87.45,17.490000000000002,17.490000000000002,2496.0,1774.5,83638.41857297506,13966.929805763813,97605.34837873888,37.98400318630603,42.20123522142393,58.477736375900314,10.530195151081116,-0.05700046346494747,0.1,0.15700046346494748
pizhou,tcn,mse,42,high,600.0,160.0,5000.0,0.2,2.0,0.0,87.45,17.490000000000002,34.980000000000004,2496.0,1774.5,50181.331697903646,24562.53172737774,74743.86342528138,26.39154961959786,29.51733644850954,82.75408871552278,5.519175203106966,-0.13700046346494746,0.2,0.3370004634649475
pizhou,tcn,mse,42,high,600.0,160.0,5000.0,0.2,4.0,0.0,87.45,17.490000000000002,69.96000000000001,2496.0,1774.5,34882.261663334655,45753.735570605604,80635.99723394026,17.61924734391957,19.930753793541122,101.11297364616975,3.7299758724674232,-0.1863701782500877,0.4,0.5863701782500877
pizhou,tcn,mse,43,low,150.0,40.0,0.0,0.0,0.0,0.0,87.45,0.0,0.0,2496.0,1774.5,12478.062931274566,0.0,12478.062931274566,63.844289431051145,72.53548791542234,0.0,16.32018767312075,0.0,0.0,0.0
pizhou,tcn,mse,43,low,150.0,40.0,0.0,0.05,1.0,0.0,87.45,4.3725000000000005,4.3725000000000005,2496.0,1774.5,11014.046473541881,3491.7324514409534,14505.778924982837,53.44046329565702,61.24709490930528,21.692219141511096,14.324750637989593,0.019292347611135328,0.025,0.005707652388864676
pizhou,tcn,mse,43,low,150.0,40.0,0.0,0.05,2.0,0.0,87.45,4.3725000000000005,8.745000000000001,2496.0,1774.5,10270.019332142916,6140.632931844435,16410.652263987355,48.20485583876821,55.54230131559901,32.632620192106614,12.434695043429988,0.0059446630035267746,0.05,0.04405533699647323
pizhou,tcn,mse,43,low,150.0,40.0,0.0,0.05,4.0,0.0,87.45,4.3725000000000005,17.490000000000002,2496.0,1774.5,9556.461730572339,11438.433892651401,20994.89562322374,43.24441357982861,50.108813368722835,43.026550397923046,11.130913119690565,-0.03405533699647321,0.1,0.1340553369964732
pizhou,tcn,mse,43,low,150.0,40.0,0.0,0.1,1.0,0.0,87.45,8.745000000000001,8.745000000000001,2496.0,1774.5,9967.153944672491,6983.464902881907,16950.618847554397,46.049883769844456,53.205362455018154,37.124531121610666,12.681306329230651,0.011145343182768084,0.05,0.03885465681723192
pizhou,tcn,mse,43,low,150.0,40.0,0.0,0.1,2.0,0.0,87.45,8.745000000000001,17.490000000000002,2496.0,1774.5,8789.62882597888,12281.26586368887,21070.894689667748,37.80597908203423,44.20289360719563,54.37090465724362,9.400911508126642,-0.028854656817231907,0.1,0.1288546568172319
pizhou,tcn,mse,43,low,150.0,40.0,0.0,0.1,4.0,0.0,87.45,8.745000000000001,34.980000000000004,2496.0,1774.5,7720.598105883448,22876.867785302802,30597.46589118625,30.419230905709508,36.090413736871945,69.87013270389258,7.590179490237351,-0.10885465681723189,0.2,0.3088546568172319
pizhou,tcn,mse,43,low,150.0,40.0,0.0,0.2,1.0,0.0,87.45,17.490000000000002,17.490000000000002,2496.0,1774.5,8513.691446365347,13966.929805763813,22480.62125212916,35.853191472461575,42.08029837939919,58.446287494612534,9.810802749702269,-0.028854656817231907,0.1,0.1288546568172319
pizhou,tcn,mse,43,low,150.0,40.0,0.0,0.2,2.0,0.0,87.45,17.490000000000002,34.980000000000004,2496.0,1774.5,6912.093302215692,24562.53172737774,31474.625029593433,24.697504602830186,29.871146016350895,81.81112672729196,5.2565250312004155,-0.10885465681723189,0.2,0.3088546568172319
pizhou,tcn,mse,43,low,150.0,40.0,0.0,0.2,4.0,0.0,87.45,17.490000000000002,69.96000000000001,2496.0,1774.5,5692.24104078279,45753.735570605604,51445.976611388396,16.08020309017622,20.497279942491655,99.80229431380548,3.6508526055640536,-0.11579326096148573,0.4,0.5157932609614858
pizhou,tcn,mse,43,low,150.0,40.0,1000.0,0.0,0.0,0.0,87.45,0.0,0.0,2496.0,1774.5,28798.250604395314,0.0,28798.250604395314,63.844289431051145,72.53548791542234,0.0,16.32018767312075,0.0,0.0,0.0
pizhou,tcn,mse,43,low,150.0,40.0,1000.0,0.05,1.0,0.0,87.45,4.3725000000000005,4.3725000000000005,2496.0,1774.5,25338.797111531476,3491.7324514409534,28830.529562972428,53.44046329565702,61.24709490930528,21.692219141511096,14.324750637989593,0.019292347611135328,0.025,0.005707652388864676
pizhou,tcn,mse,43,low,150.0,40.0,1000.0,0.05,2.0,0.0,87.45,4.3725000000000005,8.745000000000001,2496.0,1774.5,22704.714375572905,6140.632931844435,28845.347307417338,48.20485583876821,55.54230131559901,32.632620192106614,12.434695043429988,0.0059446630035267746,0.05,0.04405533699647323
pizhou,tcn,mse,43,low,150.0,40.0,1000.0,0.05,4.0,0.0,87.45,4.3725000000000005,17.490000000000002,2496.0,1774.5,20687.374850262902,11438.433892651401,32125.8087429143,43.24441357982861,50.108813368722835,43.026550397923046,11.130913119690565,-0.03405533699647321,0.1,0.1340553369964732
pizhou,tcn,mse,43,low,150.0,40.0,1000.0,0.1,1.0,0.0,87.45,8.745000000000001,8.745000000000001,2496.0,1774.5,22648.460273903143,6983.464902881907,29631.92517678505,46.049883769844456,53.205362455018154,37.124531121610666,12.681306329230651,0.011145343182768084,0.05,0.03885465681723192
pizhou,tcn,mse,43,low,150.0,40.0,1000.0,0.1,2.0,0.0,87.45,8.745000000000001,17.490000000000002,2496.0,1774.5,18190.54033410552,12281.26586368887,30471.806197794394,37.80597908203423,44.20289360719563,54.37090465724362,9.400911508126642,-0.028854656817231907,0.1,0.1288546568172319
pizhou,tcn,mse,43,low,150.0,40.0,1000.0,0.1,4.0,0.0,87.45,8.745000000000001,34.980000000000004,2496.0,1774.5,15310.7775961208,22876.867785302802,38187.6453814236,30.419230905709508,36.090413736871945,69.87013270389258,7.590179490237351,-0.10885465681723189,0.2,0.3088546568172319
pizhou,tcn,mse,43,low,150.0,40.0,1000.0,0.2,1.0,0.0,87.45,17.490000000000002,17.490000000000002,2496.0,1774.5,18324.494196067615,13966.929805763813,32291.42400183143,35.853191472461575,42.08029837939919,58.446287494612534,9.810802749702269,-0.028854656817231907,0.1,0.1288546568172319
pizhou,tcn,mse,43,low,150.0,40.0,1000.0,0.2,2.0,0.0,87.45,17.490000000000002,34.980000000000004,2496.0,1774.5,12168.618333416109,24562.53172737774,36731.15006079385,24.697504602830186,29.871146016350895,81.81112672729196,5.2565250312004155,-0.10885465681723189,0.2,0.3088546568172319
pizhou,tcn,mse,43,low,150.0,40.0,1000.0,0.2,4.0,0.0,87.45,17.490000000000002,69.96000000000001,2496.0,1774.5,9343.093646346844,45753.735570605604,55096.82921695244,16.08020309017622,20.497279942491655,99.80229431380548,3.6508526055640536,-0.11579326096148573,0.4,0.5157932609614858
pizhou,tcn,mse,43,low,150.0,40.0,5000.0,0.0,0.0,0.0,87.45,0.0,0.0,2496.0,1774.5,94079.00129687831,0.0,94079.00129687831,63.844289431051145,72.53548791542234,0.0,16.32018767312075,0.0,0.0,0.0
pizhou,tcn,mse,43,low,150.0,40.0,5000.0,0.05,1.0,0.0,87.45,4.3725000000000005,4.3725000000000005,2496.0,1774.5,82637.79966348984,3491.7324514409534,86129.5321149308,53.44046329565702,61.24709490930528,21.692219141511096,14.324750637989593,0.019292347611135328,0.025,0.005707652388864676
pizhou,tcn,mse,43,low,150.0,40.0,5000.0,0.05,2.0,0.0,87.45,4.3725000000000005,8.745000000000001,2496.0,1774.5,72443.49454929285,6140.632931844435,78584.12748113729,48.20485583876821,55.54230131559901,32.632620192106614,12.434695043429988,0.0059446630035267746,0.05,0.04405533699647323
pizhou,tcn,mse,43,low,150.0,40.0,5000.0,0.05,4.0,0.0,87.45,4.3725000000000005,17.490000000000002,2496.0,1774.5,65211.02732902516,11438.433892651401,76649.46122167657,43.24441357982861,50.108813368722835,43.026550397923046,11.130913119690565,-0.03405533699647321,0.1,0.1340553369964732
pizhou,tcn,mse,43,low,150.0,40.0,5000.0,0.1,1.0,0.0,87.45,8.745000000000001,8.745000000000001,2496.0,1774.5,73373.68559082574,6983.464902881907,80357.15049370764,46.049883769844456,53.205362455018154,37.124531121610666,12.681306329230651,0.011145343182768084,0.05,0.03885465681723192
pizhou,tcn,mse,43,low,150.0,40.0,5000.0,0.1,2.0,0.0,87.45,8.745000000000001,17.490000000000002,2496.0,1774.5,55794.18636661209,12281.26586368887,68075.45223030096,37.80597908203423,44.20289360719563,54.37090465724362,9.400911508126642,-0.028854656817231907,0.1,0.1288546568172319
pizhou,tcn,mse,43,low,150.0,40.0,5000.0,0.1,4.0,0.0,87.45,8.745000000000001,34.980000000000004,2496.0,1774.5,45671.49555707021,22876.867785302802,68548.363342373,30.419230905709508,36.090413736871945,69.87013270389258,7.590179490237351,-0.10885465681723189,0.2,0.3088546568172319
pizhou,tcn,mse,43,low,150.0,40.0,5000.0,0.2,1.0,0.0,87.45,17.490000000000002,17.490000000000002,2496.0,1774.5,57567.7051948767,13966.929805763813,71534.6350006405,35.853191472461575,42.08029837939919,58.446287494612534,9.810802749702269,-0.028854656817231907,0.1,0.1288546568172319
pizhou,tcn,mse,43,low,150.0,40.0,5000.0,0.2,2.0,0.0,87.45,17.490000000000002,34.980000000000004,2496.0,1774.5,33194.71845821777,24562.53172737774,57757.250185595505,24.697504602830186,29.871146016350895,81.81112672729196,5.2565250312004155,-0.10885465681723189,0.2,0.3088546568172319
pizhou,tcn,mse,43,low,150.0,40.0,5000.0,0.2,4.0,0.0,87.45,17.490000000000002,69.96000000000001,2496.0,1774.5,23946.50406860306,45753.735570605604,69700.23963920865,16.08020309017622,20.497279942491655,99.80229431380548,3.6508526055640536,-0.11579326096148573,0.4,0.5157932609614858
pizhou,tcn,mse,43,base,300.0,80.0,0.0,0.0,0.0,0.0,87.45,0.0,0.0,2496.0,1774.5,24956.125862549132,0.0,24956.125862549132,63.844289431051145,72.53548791542234,0.0,16.32018767312075,0.0,0.0,0.0
pizhou,tcn,mse,43,base,300.0,80.0,0.0,0.05,1.0,0.0,87.45,4.3725000000000005,4.3725000000000005,2496.0,1774.5,21479.999764262648,3491.7324514409534,24971.732215703603,53.44046329565702,61.24709490930528,21.692219141511096,14.324750637989593,0.019292347611135328,0.025,0.005707652388864676
pizhou,tcn,mse,43,base,300.0,80.0,0.0,0.05,2.0,0.0,87.45,4.3725000000000005,8.745000000000001,2496.0,1774.5,19722.43976058211,6140.632931844435,25863.072692426544,48.20485583876821,55.54230131559901,32.632620192106614,12.434695043429988,0.0059446630035267746,0.05,0.04405533699647323
pizhou,tcn,mse,43,base,300.0,80.0,0.0,0.05,4.0,0.0,87.45,4.3725000000000005,17.490000000000002,2496.0,1774.5,18047.47630229554,11438.433892651401,29485.910194946944,43.24441357982861,50.108813368722835,43.026550397923046,11.130913119690565,-0.03405533699647321,0.1,0.1340553369964732
pizhou,tcn,mse,43,base,300.0,80.0,0.0,0.1,1.0,0.0,87.45,8.745000000000001,8.745000000000001,2496.0,1774.5,19002.851008349884,6983.464902881907,25986.315911231795,46.049883769844456,53.205362455018154,37.124531121610666,12.681306329230651,0.011145343182768084,0.05,0.03885465681723192
pizhou,tcn,mse,43,base,300.0,80.0,0.0,0.1,2.0,0.0,87.45,8.745000000000001,17.490000000000002,2496.0,1774.5,16228.64143257184,12281.26586368887,28509.90729626071,37.80597908203423,44.20289360719563,54.37090465724362,9.400911508126642,-0.028854656817231907,0.1,0.1288546568172319
pizhou,tcn,mse,43,base,300.0,80.0,0.0,0.1,4.0,0.0,87.45,8.745000000000001,34.980000000000004,2496.0,1774.5,13727.099291214752,22876.867785302802,36603.967076517554,30.419230905709508,36.090413736871945,69.87013270389258,7.590179490237351,-0.10885465681723189,0.2,0.3088546568172319
pizhou,tcn,mse,43,base,300.0,80.0,0.0,0.2,1.0,0.0,87.45,17.490000000000002,17.490000000000002,2496.0,1774.5,15574.882102410553,13966.929805763813,29541.811908174364,35.853191472461575,42.08029837939919,58.446287494612534,9.810802749702269,-0.028854656817231907,0.1,0.1288546568172319
pizhou,tcn,mse,43,base,300.0,80.0,0.0,0.2,2.0,0.0,87.45,17.490000000000002,34.980000000000004,2496.0,1774.5,11811.564833294256,24562.53172737774,36374.096560672,24.697504602830186,29.871146016350895,81.81112672729196,5.2565250312004155,-0.10885465681723189,0.2,0.3088546568172319
pizhou,tcn,mse,43,base,300.0,80.0,0.0,0.2,4.0,0.0,87.45,17.490000000000002,69.96000000000001,2496.0,1774.5,8924.162702008889,45753.735570605604,54677.89827261449,16.08020309017622,20.497279942491655,99.80229431380548,3.6508526055640536,-0.11579326096148573,0.4,0.5157932609614858
pizhou,tcn,mse,43,base,300.0,80.0,1000.0,0.0,0.0,0.0,87.45,0.0,0.0,2496.0,1774.5,41276.31353566988,0.0,41276.31353566988,63.844289431051145,72.53548791542234,0.0,16.32018767312075,0.0,0.0,0.0
pizhou,tcn,mse,43,base,300.0,80.0,1000.0,0.05,1.0,0.0,87.45,4.3725000000000005,4.3725000000000005,2496.0,1774.5,35804.75040225224,3491.7324514409534,39296.4828536932,53.44046329565702,61.24709490930528,21.692219141511096,14.324750637989593,0.019292347611135328,0.025,0.005707652388864676
pizhou,tcn,mse,43,base,300.0,80.0,1000.0,0.05,2.0,0.0,87.45,4.3725000000000005,8.745000000000001,2496.0,1774.5,32157.1348040121,6140.632931844435,38297.767735856534,48.20485583876821,55.54230131559901,32.632620192106614,12.434695043429988,0.0059446630035267746,0.05,0.04405533699647323
pizhou,tcn,mse,43,base,300.0,80.0,1000.0,0.05,4.0,0.0,87.45,4.3725000000000005,17.490000000000002,2496.0,1774.5,29178.38942198611,11438.433892651401,40616.82331463751,43.24441357982861,50.108813368722835,43.026550397923046,11.130913119690565,-0.03405533699647321,0.1,0.1340553369964732
pizhou,tcn,mse,43,base,300.0,80.0,1000.0,0.1,1.0,0.0,87.45,8.745000000000001,8.745000000000001,2496.0,1774.5,31684.157337580535,6983.464902881907,38667.62224046244,46.049883769844456,53.205362455018154,37.124531121610666,12.681306329230651,0.011145343182768084,0.05,0.03885465681723192
pizhou,tcn,mse,43,base,300.0,80.0,1000.0,0.1,2.0,0.0,87.45,8.745000000000001,17.490000000000002,2496.0,1774.5,25629.55294069848,12281.26586368887,37910.81880438735,37.80597908203423,44.20289360719563,54.37090465724362,9.400911508126642,-0.028854656817231907,0.1,0.1288546568172319
pizhou,tcn,mse,43,base,300.0,80.0,1000.0,0.1,4.0,0.0,87.45,8.745000000000001,34.980000000000004,2496.0,1774.5,21317.278781452107,22876.867785302802,44194.146566754906,30.419230905709508,36.090413736871945,69.87013270389258,7.590179490237351,-0.10885465681723189,0.2,0.3088546568172319
pizhou,tcn,mse,43,base,300.0,80.0,1000.0,0.2,1.0,0.0,87.45,17.490000000000002,17.490000000000002,2496.0,1774.5,25385.684852112816,13966.929805763813,39352.61465787663,35.853191472461575,42.08029837939919,58.446287494612534,9.810802749702269,-0.028854656817231907,0.1,0.1288546568172319
pizhou,tcn,mse,43,base,300.0,80.0,1000.0,0.2,2.0,0.0,87.45,17.490000000000002,34.980000000000004,2496.0,1774.5,17068.089864494676,24562.53172737774,41630.62159187242,24.697504602830186,29.871146016350895,81.81112672729196,5.2565250312004155,-0.10885465681723189,0.2,0.3088546568172319
pizhou,tcn,mse,43,base,300.0,80.0,1000.0,0.2,4.0,0.0,87.45,17.490000000000002,69.96000000000001,2496.0,1774.5,12575.015307572941,45753.735570605604,58328.75087817855,16.08020309017622,20.497279942491655,99.80229431380548,3.6508526055640536,-0.11579326096148573,0.4,0.5157932609614858
pizhou,tcn,mse,43,base,300.0,80.0,5000.0,0.0,0.0,0.0,87.45,0.0,0.0,2496.0,1774.5,106557.06422815287,0.0,106557.06422815287,63.844289431051145,72.53548791542234,0.0,16.32018767312075,0.0,0.0,0.0
pizhou,tcn,mse,43,base,300.0,80.0,5000.0,0.05,1.0,0.0,87.45,4.3725000000000005,4.3725000000000005,2496.0,1774.5,93103.7529542106,3491.7324514409534,96595.48540565156,53.44046329565702,61.24709490930528,21.692219141511096,14.324750637989593,0.019292347611135328,0.025,0.005707652388864676
pizhou,tcn,mse,43,base,300.0,80.0,5000.0,0.05,2.0,0.0,87.45,4.3725000000000005,8.745000000000001,2496.0,1774.5,81895.91497773204,6140.632931844435,88036.54790957647,48.20485583876821,55.54230131559901,32.632620192106614,12.434695043429988,0.0059446630035267746,0.05,0.04405533699647323
pizhou,tcn,mse,43,base,300.0,80.0,5000.0,0.05,4.0,0.0,87.45,4.3725000000000005,17.490000000000002,2496.0,1774.5,73702.04190074837,11438.433892651401,85140.47579339978,43.24441357982861,50.108813368722835,43.026550397923046,11.130913119690565,-0.03405533699647321,0.1,0.1340553369964732
pizhou,tcn,mse,43,base,300.0,80.0,5000.0,0.1,1.0,0.0,87.45,8.745000000000001,8.745000000000001,2496.0,1774.5,82409.38265450313,6983.464902881907,89392.84755738504,46.049883769844456,53.205362455018154,37.124531121610666,12.681306329230651,0.011145343182768084,0.05,0.03885465681723192
pizhou,tcn,mse,43,base,300.0,80.0,5000.0,0.1,2.0,0.0,87.45,8.745000000000001,17.490000000000002,2496.0,1774.5,63233.19897320505,12281.26586368887,75514.46483689391,37.80597908203423,44.20289360719563,54.37090465724362,9.400911508126642,-0.028854656817231907,0.1,0.1288546568172319
pizhou,tcn,mse,43,base,300.0,80.0,5000.0,0.1,4.0,0.0,87.45,8.745000000000001,34.980000000000004,2496.0,1774.5,51677.9967424015,22876.867785302802,74554.86452770431,30.419230905709508,36.090413736871945,69.87013270389258,7.590179490237351,-0.10885465681723189,0.2,0.3088546568172319
pizhou,tcn,mse,43,base,300.0,80.0,5000.0,0.2,1.0,0.0,87.45,17.490000000000002,17.490000000000002,2496.0,1774.5,64628.895850921894,13966.929805763813,78595.8256566857,35.853191472461575,42.08029837939919,58.446287494612534,9.810802749702269,-0.028854656817231907,0.1,0.1288546568172319
pizhou,tcn,mse,43,base,300.0,80.0,5000.0,0.2,2.0,0.0,87.45,17.490000000000002,34.980000000000004,2496.0,1774.5,38094.189989296334,24562.53172737774,62656.721716674074,24.697504602830186,29.871146016350895,81.81112672729196,5.2565250312004155,-0.10885465681723189,0.2,0.3088546568172319
pizhou,tcn,mse,43,base,300.0,80.0,5000.0,0.2,4.0,0.0,87.45,17.490000000000002,69.96000000000001,2496.0,1774.5,27178.42572982916,45753.735570605604,72932.16130043476,16.08020309017622,20.497279942491655,99.80229431380548,3.6508526055640536,-0.11579326096148573,0.4,0.5157932609614858
pizhou,tcn,mse,43,high,600.0,160.0,0.0,0.0,0.0,0.0,87.45,0.0,0.0,2496.0,1774.5,49912.251725098264,0.0,49912.251725098264,63.844289431051145,72.53548791542234,0.0,16.32018767312075,0.0,0.0,0.0
pizhou,tcn,mse,43,high,600.0,160.0,0.0,0.05,1.0,0.0,87.45,4.3725000000000005,4.3725000000000005,2496.0,1774.5,42411.90634570418,3491.7324514409534,45903.63879714513,53.44046329565702,61.24709490930528,21.692219141511096,14.324750637989593,0.019292347611135328,0.025,0.005707652388864676
pizhou,tcn,mse,43,high,600.0,160.0,0.0,0.05,2.0,0.0,87.45,4.3725000000000005,8.745000000000001,2496.0,1774.5,38627.2806174605,6140.632931844435,44767.91354930493,48.20485583876821,55.54230131559901,32.632620192106614,12.434695043429988,0.0059446630035267746,0.05,0.04405533699647323
pizhou,tcn,mse,43,high,600.0,160.0,0.0,0.05,4.0,0.0,87.45,4.3725000000000005,17.490000000000002,2496.0,1774.5,35029.505445741954,11438.433892651401,46467.93933839336,43.24441357982861,50.108813368722835,43.026550397923046,11.130913119690565,-0.03405533699647321,0.1,0.1340553369964732
pizhou,tcn,mse,43,high,600.0,160.0,0.0,0.1,1.0,0.0,87.45,8.745000000000001,8.745000000000001,2496.0,1774.5,37074.24513570467,6983.464902881907,44057.71003858657,46.049883769844456,53.205362455018154,37.124531121610666,12.681306329230651,0.011145343182768084,0.05,0.03885465681723192
pizhou,tcn,mse,43,high,600.0,160.0,0.0,0.1,2.0,0.0,87.45,8.745000000000001,17.490000000000002,2496.0,1774.5,31106.666645757756,12281.26586368887,43387.932509446626,37.80597908203423,44.20289360719563,54.37090465724362,9.400911508126642,-0.028854656817231907,0.1,0.1288546568172319
pizhou,tcn,mse,43,high,600.0,160.0,0.0,0.1,4.0,0.0,87.45,8.745000000000001,34.980000000000004,2496.0,1774.5,25740.10166187736,22876.867785302802,48616.96944718016,30.419230905709508,36.090413736871945,69.87013270389258,7.590179490237351,-0.10885465681723189,0.2,0.3088546568172319
pizhou,tcn,mse,43,high,600.0,160.0,0.0,0.2,1.0,0.0,87.45,17.490000000000002,17.490000000000002,2496.0,1774.5,29697.263414500954,13966.929805763813,43664.19322026477,35.853191472461575,42.08029837939919,58.446287494612534,9.810802749702269,-0.028854656817231907,0.1,0.1288546568172319
pizhou,tcn,mse,43,high,600.0,160.0,0.0,0.2,2.0,0.0,87.45,17.490000000000002,34.980000000000004,2496.0,1774.5,21610.507895451385,24562.53172737774,46173.03962282913,24.697504602830186,29.871146016350895,81.81112672729196,5.2565250312004155,-0.10885465681723189,0.2,0.3088546568172319
pizhou,tcn,mse,43,high,600.0,160.0,0.0,0.2,4.0,0.0,87.45,17.490000000000002,69.96000000000001,2496.0,1774.5,15388.006024461087,45753.735570605604,61141.74159506669,16.08020309017622,20.497279942491655,99.80229431380548,3.6508526055640536,-0.11579326096148573,0.4,0.5157932609614858
pizhou,tcn,mse,43,high,600.0,160.0,1000.0,0.0,0.0,0.0,87.45,0.0,0.0,2496.0,1774.5,66232.43939821901,0.0,66232.43939821901,63.844289431051145,72.53548791542234,0.0,16.32018767312075,0.0,0.0,0.0
pizhou,tcn,mse,43,high,600.0,160.0,1000.0,0.05,1.0,0.0,87.45,4.3725000000000005,4.3725000000000005,2496.0,1774.5,56736.656983693756,3491.7324514409534,60228.38943513471,53.44046329565702,61.24709490930528,21.692219141511096,14.324750637989593,0.019292347611135328,0.025,0.005707652388864676
pizhou,tcn,mse,43,high,600.0,160.0,1000.0,0.05,2.0,0.0,87.45,4.3725000000000005,8.745000000000001,2496.0,1774.5,51061.97566089048,6140.632931844435,57202.60859273492,48.20485583876821,55.54230131559901,32.632620192106614,12.434695043429988,0.0059446630035267746,0.05,0.04405533699647323
pizhou,tcn,mse,43,high,600.0,160.0,1000.0,0.05,4.0,0.0,87.45,4.3725000000000005,17.490000000000002,2496.0,1774.5,46160.41856543253,11438.433892651401,57598.85245808392,43.24441357982861,50.108813368722835,43.026550397923046,11.130913119690565,-0.03405533699647321,0.1,0.1340553369964732
pizhou,tcn,mse,43,high,600.0,160.0,1000.0,0.1,1.0,0.0,87.45,8.745000000000001,8.745000000000001,2496.0,1774.5,49755.55146493532,6983.464902881907,56739.016367817225,46.049883769844456,53.205362455018154,37.124531121610666,12.681306329230651,0.011145343182768084,0.05,0.03885465681723192
pizhou,tcn,mse,43,high,600.0,160.0,1000.0,0.1,2.0,0.0,87.45,8.745000000000001,17.490000000000002,2496.0,1774.5,40507.578153884395,12281.26586368887,52788.84401757326,37.80597908203423,44.20289360719563,54.37090465724362,9.400911508126642,-0.028854656817231907,0.1,0.1288546568172319
pizhou,tcn,mse,43,high,600.0,160.0,1000.0,0.1,4.0,0.0,87.45,8.745000000000001,34.980000000000004,2496.0,1774.5,33330.28115211471,22876.867785302802,56207.148937417514,30.419230905709508,36.090413736871945,69.87013270389258,7.590179490237351,-0.10885465681723189,0.2,0.3088546568172319
pizhou,tcn,mse,43,high,600.0,160.0,1000.0,0.2,1.0,0.0,87.45,17.490000000000002,17.490000000000002,2496.0,1774.5,39508.06616420322,13966.929805763813,53474.995969967036,35.853191472461575,42.08029837939919,58.446287494612534,9.810802749702269,-0.028854656817231907,0.1,0.1288546568172319
pizhou,tcn,mse,43,high,600.0,160.0,1000.0,0.2,2.0,0.0,87.45,17.490000000000002,34.980000000000004,2496.0,1774.5,26867.032926651802,24562.53172737774,51429.56465402954,24.697504602830186,29.871146016350895,81.81112672729196,5.2565250312004155,-0.10885465681723189,0.2,0.3088546568172319
pizhou,tcn,mse,43,high,600.0,160.0,1000.0,0.2,4.0,0.0,87.45,17.490000000000002,69.96000000000001,2496.0,1774.5,19038.85863002514,45753.735570605604,64792.59420063074,16.08020309017622,20.497279942491655,99.80229431380548,3.6508526055640536,-0.11579326096148573,0.4,0.5157932609614858
pizhou,tcn,mse,43,high,600.0,160.0,5000.0,0.0,0.0,0.0,87.45,0.0,0.0,2496.0,1774.5,131513.190090702,0.0,131513.190090702,63.844289431051145,72.53548791542234,0.0,16.32018767312075,0.0,0.0,0.0
pizhou,tcn,mse,43,high,600.0,160.0,5000.0,0.05,1.0,0.0,87.45,4.3725000000000005,4.3725000000000005,2496.0,1774.5,114035.65953565213,3491.7324514409534,117527.39198709308,53.44046329565702,61.24709490930528,21.692219141511096,14.324750637989593,0.019292347611135328,0.025,0.005707652388864676
pizhou,tcn,mse,43,high,600.0,160.0,5000.0,0.05,2.0,0.0,87.45,4.3725000000000005,8.745000000000001,2496.0,1774.5,100800.75583461043,6140.632931844435,106941.38876645487,48.20485583876821,55.54230131559901,32.632620192106614,12.434695043429988,0.0059446630035267746,0.05,0.04405533699647323
pizhou,tcn,mse,43,high,600.0,160.0,5000.0,0.05,4.0,0.0,87.45,4.3725000000000005,17.490000000000002,2496.0,1774.5,90684.07104419477,11438.433892651401,102122.50493684618,43.24441357982861,50.108813368722835,43.026550397923046,11.130913119690565,-0.03405533699647321,0.1,0.1340553369964732
pizhou,tcn,mse,43,high,600.0,160.0,5000.0,0.1,1.0,0.0,87.45,8.745000000000001,8.745000000000001,2496.0,1774.5,100480.77678185793,6983.464902881907,107464.24168473984,46.049883769844456,53.205362455018154,37.124531121610666,12.681306329230651,0.011145343182768084,0.05,0.03885465681723192
pizhou,tcn,mse,43,high,600.0,160.0,5000.0,0.1,2.0,0.0,87.45,8.745000000000001,17.490000000000002,2496.0,1774.5,78111.22418639096,12281.26586368887,90392.49005007982,37.80597908203423,44.20289360719563,54.37090465724362,9.400911508126642,-0.028854656817231907,0.1,0.1288546568172319
pizhou,tcn,mse,43,high,600.0,160.0,5000.0,0.1,4.0,0.0,87.45,8.745000000000001,34.980000000000004,2496.0,1774.5,63690.999113064114,22876.867785302802,86567.86689836692,30.419230905709508,36.090413736871945,69.87013270389258,7.590179490237351,-0.10885465681723189,0.2,0.3088546568172319
pizhou,tcn,mse,43,high,600.0,160.0,5000.0,0.2,1.0,0.0,87.45,17.490000000000002,17.490000000000002,2496.0,1774.5,78751.2771630123,13966.929805763813,92718.20696877611,35.853191472461575,42.08029837939919,58.446287494612534,9.810802749702269,-0.028854656817231907,0.1,0.1288546568172319
pizhou,tcn,mse,43,high,600.0,160.0,5000.0,0.2,2.0,0.0,87.45,17.490000000000002,34.980000000000004,2496.0,1774.5,47893.133051453464,24562.53172737774,72455.6647788312,24.697504602830186,29.871146016350895,81.81112672729196,5.2565250312004155,-0.10885465681723189,0.2,0.3088546568172319
pizhou,tcn,mse,43,high,600.0,160.0,5000.0,0.2,4.0,0.0,87.45,17.490000000000002,69.96000000000001,2496.0,1774.5,33642.26905228136,45753.735570605604,79396.00462288695,16.08020309017622,20.497279942491655,99.80229431380548,3.6508526055640536,-0.11579326096148573,0.4,0.5157932609614858
pizhou,tcn,event_weighted,41,low,150.0,40.0,0.0,0.0,0.0,0.0,87.45,0.0,0.0,2496.0,1774.5,15231.754513139718,0.0,15231.754513139718,83.95454068177233,65.9643352718467,0.0,14.965892627081569,0.0,0.0,0.0
pizhou,tcn,event_weighted,41,low,150.0,40.0,0.0,0.05,1.0,0.0,87.45,4.3725000000000005,4.3725000000000005,2496.0,1774.5,13968.646969431735,3491.7324514409534,17460.379420872687,74.97095075790509,56.22041505687508,18.727510138838756,12.987266008696645,0.02,0.025,0.005000000000000001
pizhou,tcn,event_weighted,41,low,150.0,40.0,0.0,0.05,2.0,0.0,87.45,4.3725000000000005,8.745000000000001,2496.0,1774.5,13382.773175670005,6140.632931844435,19523.40610751444,70.78009198750361,51.68598522610535,27.452798740010046,11.262650447238832,0.04,0.05,0.010000000000000002
pizhou,tcn,event_weighted,41,low,150.0,40.0,0.0,0.05,4.0,0.0,87.45,4.3725000000000005,17.490000000000002,2496.0,1774.5,12826.534274550104,11438.433892651401,24264.968167201503,66.7848586000204,47.37077194934077,35.763245404258335,10.145244644494964,0.06631157155651572,0.1,0.033688428443484277
pizhou,tcn,event_weighted,41,low,150.0,40.0,0.0,0.1,1.0,0.0,87.45,8.745000000000001,8.745000000000001,2496.0,1774.5,13120.103850665339,6983.464902881907,20103.568753547243,68.9212013797783,49.66545195683876,31.33222261700177,11.413894907510564,0.04,0.05,0.010000000000000002
pizhou,tcn,event_weighted,41,low,150.0,40.0,0.0,0.1,2.0,0.0,87.45,8.745000000000001,17.490000000000002,2496.0,1774.5,12206.947879693547,12281.26586368887,24488.213743382417,62.36951681764876,42.58575857646594,44.963600559503845,8.553360005896902,0.08,0.1,0.02
pizhou,tcn,event_weighted,41,low,150.0,40.0,0.0,0.1,4.0,0.0,87.45,8.745000000000001,34.980000000000004,2496.0,1774.5,11232.59104506324,22876.867785302802,34109.45883036604,55.475899768377964,35.09184182348853,59.35113436175258,6.934884892901837,0.07918015941063587,0.2,0.12081984058936414
pizhou,tcn,event_weighted,41,low,150.0,40.0,0.0,0.2,1.0,0.0,87.45,17.490000000000002,17.490000000000002,2496.0,1774.5,11986.986641938265,13966.929805763813,25953.916447702082,60.8128680581498,40.89374905527138,48.21225884019762,9.106414386438757,0.08,0.1,0.020000000000000004
pizhou,tcn,event_weighted,41,low,150.0,40.0,0.0,0.2,2.0,0.0,87.45,17.490000000000002,34.980000000000004,2496.0,1774.5,10659.00355916057,24562.53172737774,35221.53528653831,51.385372245089606,30.660221835626377,67.87328187290274,5.410355062961056,0.09318934049835242,0.2,0.1068106595016476
pizhou,tcn,event_weighted,41,low,150.0,40.0,0.0,0.2,4.0,0.0,87.45,17.490000000000002,69.96000000000001,2496.0,1774.5,9328.805770818755,45753.735570605604,55082.54134142436,41.81452370535512,20.33046905069974,87.77388319756386,3.8085195861029084,0.16353791016134342,0.4,0.2364620898386566
pizhou,tcn,event_weighted,41,low,150.0,40.0,1000.0,0.0,0.0,0.0,87.45,0.0,0.0,2496.0,1774.5,30197.647140221285,0.0,30197.647140221285,83.95454068177233,65.9643352718467,0.0,14.965892627081569,0.0,0.0,0.0
pizhou,tcn,event_weighted,41,low,150.0,40.0,1000.0,0.05,1.0,0.0,87.45,4.3725000000000005,4.3725000000000005,2496.0,1774.5,26955.912978128385,3491.7324514409534,30447.64542956934,74.97095075790509,56.22041505687508,18.727510138838756,12.987266008696645,0.02,0.025,0.005000000000000001
pizhou,tcn,event_weighted,41,low,150.0,40.0,1000.0,0.05,2.0,0.0,87.45,4.3725000000000005,8.745000000000001,2496.0,1774.5,24645.42362290884,6140.632931844435,30786.05655475327,70.78009198750361,51.68598522610535,27.452798740010046,11.262650447238832,0.04,0.05,0.010000000000000002
pizhou,tcn,event_weighted,41,low,150.0,40.0,1000.0,0.05,4.0,0.25,87.45,4.3725000000000005,17.490000000000002,2496.0,1774.5,23242.000744638335,11438.433892651401,34680.434637289734,68.29109689723988,48.98055578016651,32.647223276212934,10.21093339694037,0.04,0.1,0.060000000000000005
pizhou,tcn,event_weighted,41,low,150.0,40.0,1000.0,0.1,1.0,0.0,87.45,8.745000000000001,8.745000000000001,2496.0,1774.5,24533.9987581759,6983.464902881907,31517.46366105781,68.9212013797783,49.66545195683876,31.33222261700177,11.413894907510564,0.04,0.05,0.010000000000000002
pizhou,tcn,event_weighted,41,low,150.0,40.0,1000.0,0.1,2.0,0.0,87.45,8.745000000000001,17.490000000000002,2496.0,1774.5,20760.30788559045,12281.26586368887,33041.57374927932,62.36951681764876,42.58575857646594,44.963600559503845,8.553360005896902,0.08,0.1,0.02
pizhou,tcn,event_weighted,41,low,150.0,40.0,1000.0,0.1,4.0,0.25,87.45,8.745000000000001,34.980000000000004,2496.0,1774.5,18738.522883268182,22876.867785302802,41615.39066857099,58.15455248524982,37.96367861840919,53.80064484995984,7.139458523400121,0.04106073698408376,0.2,0.15893926301591627
pizhou,tcn,event_weighted,41,low,150.0,40.0,1000.0,0.2,1.0,0.0,87.45,17.490000000000002,17.490000000000002,2496.0,1774.5,21093.401028377022,13966.929805763813,35060.330834140834,60.8128680581498,40.89374905527138,48.21225884019762,9.106414386438757,0.08,0.1,0.020000000000000004
pizhou,tcn,event_weighted,41,low,150.0,40.0,1000.0,0.2,2.0,0.0,87.45,17.490000000000002,34.980000000000004,2496.0,1774.5,16069.358622121625,24562.53172737774,40631.89034949937,51.385372245089606,30.660221835626377,67.87328187290274,5.410355062961056,0.09318934049835242,0.2,0.1068106595016476
pizhou,tcn,event_weighted,41,low,150.0,40.0,1000.0,0.2,4.0,0.25,87.45,17.490000000000002,69.96000000000001,2496.0,1774.5,13788.54041078576,45753.735570605604,59542.275981391365,45.269388067715745,24.00296760352439,80.64652028237852,3.9966115838885905,0.08412968513122715,0.4,0.3158703148687729
pizhou,tcn,event_weighted,41,low,150.0,40.0,5000.0,0.0,0.0,0.0,87.45,0.0,0.0,2496.0,1774.5,90061.21764854758,0.0,90061.21764854758,83.95454068177233,65.9643352718467,0.0,14.965892627081569,0.0,0.0,0.0
pizhou,tcn,event_weighted,41,low,150.0,40.0,5000.0,0.05,1.0,0.0,87.45,4.3725000000000005,4.3725000000000005,2496.0,1774.5,78904.97701291497,3491.7324514409534,82396.70946435592,74.97095075790509,56.22041505687508,18.727510138838756,12.987266008696645,0.02,0.025,0.005000000000000001
pizhou,tcn,event_weighted,41,low,150.0,40.0,5000.0,0.05,2.0,0.25,87.45,4.3725000000000005,8.745000000000001,2496.0,1774.5,70269.06907475363,6140.632931844435,76409.70200659808,72.09037819780032,53.08935792632654,24.739139829491947,11.341491906458645,0.02,0.05,0.030000000000000002
pizhou,tcn,event_weighted,41,low,150.0,40.0,5000.0,0.05,4.0,0.25,87.45,4.3725000000000005,17.490000000000002,2496.0,1774.5,64085.73433239982,11438.433892651401,75524.16822505122,68.29109689723988,48.98055578016651,32.647223276212934,10.21093339694037,0.04,0.1,0.060000000000000005
pizhou,tcn,event_weighted,41,low,150.0,40.0,5000.0,0.1,1.0,0.0,87.45,8.745000000000001,8.745000000000001,2496.0,1774.5,70189.57838821816,6983.464902881907,77173.04329110005,68.9212013797783,49.66545195683876,31.33222261700177,11.413894907510564,0.04,0.05,0.010000000000000002
pizhou,tcn,event_weighted,41,low,150.0,40.0,5000.0,0.1,2.0,0.25,87.45,8.745000000000001,17.490000000000002,2496.0,1774.5,56471.80712312575,12281.26586368887,68753.07298681462,64.42171817269895,44.77470934044816,40.72244844047145,8.797499962518238,0.04,0.1,0.060000000000000005
pizhou,tcn,event_weighted,41,low,150.0,40.0,5000.0,0.1,4.0,0.25,87.45,8.745000000000001,34.980000000000004,2496.0,1774.5,47296.356976868665,22876.867785302802,70173.22476217148,58.15455248524982,37.96367861840919,53.80064484995984,7.139458523400121,0.04106073698408376,0.2,0.15893926301591627
pizhou,tcn,event_weighted,41,low,150.0,40.0,5000.0,0.2,1.0,0.25,87.45,17.490000000000002,17.490000000000002,2496.0,1774.5,58661.09715165488,13966.929805763813,72628.0269574187,62.9504876002209,43.17554567471113,43.79284267868675,9.276936223533225,0.04,0.1,0.060000000000000005
pizhou,tcn,event_weighted,41,low,150.0,40.0,5000.0,0.2,2.0,0.25,87.45,17.490000000000002,34.980000000000004,2496.0,1774.5,40079.62178568737,24562.53172737774,64642.15351306511,54.36425765976902,33.88438992659662,61.67022836725303,5.800770366095365,0.08,0.2,0.12000000000000001
pizhou,tcn,event_weighted,41,low,150.0,40.0,5000.0,0.2,4.0,0.25,87.45,17.490000000000002,69.96000000000001,2496.0,1774.5,29774.98674634012,45753.735570605604,75528.72231694571,45.269388067715745,24.00296760352439,80.64652028237852,3.9966115838885905,0.08412968513122715,0.4,0.3158703148687729
pizhou,tcn,event_weighted,41,base,300.0,80.0,0.0,0.0,0.0,0.0,87.45,0.0,0.0,2496.0,1774.5,30463.509026279437,0.0,30463.509026279437,83.95454068177233,65.9643352718467,0.0,14.965892627081569,0.0,0.0,0.0
pizhou,tcn,event_weighted,41,base,300.0,80.0,0.0,0.05,1.0,0.0,87.45,4.3725000000000005,4.3725000000000005,2496.0,1774.5,27463.106185392502,3491.7324514409534,30954.838636833454,74.97095075790509,56.22041505687508,18.727510138838756,12.987266008696645,0.02,0.025,0.005000000000000001
pizhou,tcn,event_weighted,41,base,300.0,80.0,0.0,0.05,2.0,0.0,87.45,4.3725000000000005,8.745000000000001,2496.0,1774.5,26067.22638283976,6140.632931844435,32207.859314684192,70.78009198750361,51.68598522610535,27.452798740010046,11.262650447238832,0.04,0.05,0.010000000000000002
pizhou,tcn,event_weighted,41,base,300.0,80.0,0.0,0.05,4.0,0.0,87.45,4.3725000000000005,17.490000000000002,2496.0,1774.5,24739.093942526793,11438.433892651401,36177.527835178196,66.7848586000204,47.37077194934077,35.763245404258335,10.145244644494964,0.06631157155651572,0.1,0.033688428443484277
pizhou,tcn,event_weighted,41,base,300.0,80.0,0.0,0.1,1.0,0.0,87.45,8.745000000000001,8.745000000000001,2496.0,1774.5,25444.90213590563,6983.464902881907,32428.36703878754,68.9212013797783,49.66545195683876,31.33222261700177,11.413894907510564,0.04,0.05,0.010000000000000002
pizhou,tcn,event_weighted,41,base,300.0,80.0,0.0,0.1,2.0,0.0,87.45,8.745000000000001,17.490000000000002,2496.0,1774.5,23265.8057453995,12281.26586368887,35547.07160908837,62.36951681764876,42.58575857646594,44.963600559503845,8.553360005896902,0.08,0.1,0.02
pizhou,tcn,event_weighted,41,base,300.0,80.0,0.0,0.1,4.0,0.0,87.45,8.745000000000001,34.980000000000004,2496.0,1774.5,20957.649683259475,22876.867785302802,43834.51746856228,55.475899768377964,35.09184182348853,59.35113436175258,6.934884892901837,0.07918015941063587,0.2,0.12081984058936414
pizhou,tcn,event_weighted,41,base,300.0,80.0,0.0,0.2,1.0,0.0,87.45,17.490000000000002,17.490000000000002,2496.0,1774.5,22744.666812871594,13966.929805763813,36711.596618635405,60.8128680581498,40.89374905527138,48.21225884019762,9.106414386438757,0.08,0.1,0.020000000000000004
pizhou,tcn,event_weighted,41,base,300.0,80.0,0.0,0.2,2.0,0.0,87.45,17.490000000000002,34.980000000000004,2496.0,1774.5,19593.218269349065,24562.53172737774,44155.74999672681,51.385372245089606,30.660221835626377,67.87328187290274,5.410355062961056,0.09318934049835242,0.2,0.1068106595016476
pizhou,tcn,event_weighted,41,base,300.0,80.0,0.0,0.2,4.0,0.0,87.45,17.490000000000002,69.96000000000001,2496.0,1774.5,16414.203088650014,45753.735570605604,62167.93865925561,41.81452370535512,20.33046905069974,87.77388319756386,3.8085195861029084,0.16353791016134342,0.4,0.2364620898386566
pizhou,tcn,event_weighted,41,base,300.0,80.0,1000.0,0.0,0.0,0.0,87.45,0.0,0.0,2496.0,1774.5,45429.401653361005,0.0,45429.401653361005,83.95454068177233,65.9643352718467,0.0,14.965892627081569,0.0,0.0,0.0
pizhou,tcn,event_weighted,41,base,300.0,80.0,1000.0,0.05,1.0,0.0,87.45,4.3725000000000005,4.3725000000000005,2496.0,1774.5,40450.37219408915,3491.7324514409534,43942.104645530104,74.97095075790509,56.22041505687508,18.727510138838756,12.987266008696645,0.02,0.025,0.005000000000000001
pizhou,tcn,event_weighted,41,base,300.0,80.0,1000.0,0.05,2.0,0.0,87.45,4.3725000000000005,8.745000000000001,2496.0,1774.5,37329.876830078596,6140.632931844435,43470.50976192303,70.78009198750361,51.68598522610535,27.452798740010046,11.262650447238832,0.04,0.05,0.010000000000000002
pizhou,tcn,event_weighted,41,base,300.0,80.0,1000.0,0.05,4.0,0.0,87.45,4.3725000000000005,17.490000000000002,2496.0,1774.5,34884.33858702176,11438.433892651401,46322.77247967316,66.7848586000204,47.37077194934077,35.763245404258335,10.145244644494964,0.06631157155651572,0.1,0.033688428443484277
pizhou,tcn,event_weighted,41,base,300.0,80.0,1000.0,0.1,1.0,0.0,87.45,8.745000000000001,8.745000000000001,2496.0,1774.5,36858.7970434162,6983.464902881907,43842.2619462981,68.9212013797783,49.66545195683876,31.33222261700177,11.413894907510564,0.04,0.05,0.010000000000000002
pizhou,tcn,event_weighted,41,base,300.0,80.0,1000.0,0.1,2.0,0.0,87.45,8.745000000000001,17.490000000000002,2496.0,1774.5,31819.1657512964,12281.26586368887,44100.431614985275,62.36951681764876,42.58575857646594,44.963600559503845,8.553360005896902,0.08,0.1,0.02
pizhou,tcn,event_weighted,41,base,300.0,80.0,1000.0,0.1,4.0,0.0,87.45,8.745000000000001,34.980000000000004,2496.0,1774.5,27892.53457616131,22876.867785302802,50769.40236146411,55.475899768377964,35.09184182348853,59.35113436175258,6.934884892901837,0.07918015941063587,0.2,0.12081984058936414
pizhou,tcn,event_weighted,41,base,300.0,80.0,1000.0,0.2,1.0,0.0,87.45,17.490000000000002,17.490000000000002,2496.0,1774.5,31851.081199310345,13966.929805763813,45818.01100507416,60.8128680581498,40.89374905527138,48.21225884019762,9.106414386438757,0.08,0.1,0.020000000000000004
pizhou,tcn,event_weighted,41,base,300.0,80.0,1000.0,0.2,2.0,0.0,87.45,17.490000000000002,34.980000000000004,2496.0,1774.5,25003.573332310123,24562.53172737774,49566.105059687856,51.385372245089606,30.660221835626377,67.87328187290274,5.410355062961056,0.09318934049835242,0.2,0.1068106595016476
pizhou,tcn,event_weighted,41,base,300.0,80.0,1000.0,0.2,4.0,0.0,87.45,17.490000000000002,69.96000000000001,2496.0,1774.5,20222.72267475292,45753.735570605604,65976.45824535852,41.81452370535512,20.33046905069974,87.77388319756386,3.8085195861029084,0.16353791016134342,0.4,0.2364620898386566
pizhou,tcn,event_weighted,41,base,300.0,80.0,5000.0,0.0,0.0,0.0,87.45,0.0,0.0,2496.0,1774.5,105292.97216168728,0.0,105292.97216168728,83.95454068177233,65.9643352718467,0.0,14.965892627081569,0.0,0.0,0.0
pizhou,tcn,event_weighted,41,base,300.0,80.0,5000.0,0.05,1.0,0.0,87.45,4.3725000000000005,4.3725000000000005,2496.0,1774.5,92399.43622887574,3491.7324514409534,95891.1686803167,74.97095075790509,56.22041505687508,18.727510138838756,12.987266008696645,0.02,0.025,0.005000000000000001
pizhou,tcn,event_weighted,41,base,300.0,80.0,5000.0,0.05,2.0,0.25,87.45,4.3725000000000005,8.745000000000001,2496.0,1774.5,83206.20012147675,6140.632931844435,89346.83305332118,72.09037819780032,53.08935792632654,24.739139829491947,11.341491906458645,0.02,0.05,0.030000000000000002
pizhou,tcn,event_weighted,41,base,300.0,80.0,5000.0,0.05,4.0,0.25,87.45,4.3725000000000005,17.490000000000002,2496.0,1774.5,76288.62109819247,11438.433892651401,87727.05499084387,68.29109689723988,48.98055578016651,32.647223276212934,10.21093339694037,0.04,0.1,0.060000000000000005
pizhou,tcn,event_weighted,41,base,300.0,80.0,5000.0,0.1,1.0,0.0,87.45,8.745000000000001,8.745000000000001,2496.0,1774.5,82514.37667345845,6983.464902881907,89497.84157634036,68.9212013797783,49.66545195683876,31.33222261700177,11.413894907510564,0.04,0.05,0.010000000000000002
pizhou,tcn,event_weighted,41,base,300.0,80.0,5000.0,0.1,2.0,0.25,87.45,8.745000000000001,17.490000000000002,2496.0,1774.5,67926.05322264852,12281.26586368887,80207.31908633739,64.42171817269895,44.77470934044816,40.72244844047145,8.797499962518238,0.04,0.1,0.060000000000000005
pizhou,tcn,event_weighted,41,base,300.0,80.0,5000.0,0.1,4.0,0.25,87.45,8.745000000000001,34.980000000000004,2496.0,1774.5,57538.08699439251,22876.867785302802,80414.95477969531,58.15455248524982,37.96367861840919,53.80064484995984,7.139458523400121,0.04106073698408376,0.2,0.15893926301591627
pizhou,tcn,event_weighted,41,base,300.0,80.0,5000.0,0.2,1.0,0.0,87.45,17.490000000000002,17.490000000000002,2496.0,1774.5,68276.73874506538,13966.929805763813,82243.6685508292,60.8128680581498,40.89374905527138,48.21225884019762,9.106414386438757,0.08,0.1,0.020000000000000004
pizhou,tcn,event_weighted,41,base,300.0,80.0,5000.0,0.2,2.0,0.25,87.45,17.490000000000002,34.980000000000004,2496.0,1774.5,49589.63603171659,24562.53172737774,74152.16775909433,54.36425765976902,33.88438992659662,61.67022836725303,5.800770366095365,0.08,0.2,0.12000000000000001
pizhou,tcn,event_weighted,41,base,300.0,80.0,5000.0,0.2,4.0,0.25,87.45,17.490000000000002,69.96000000000001,2496.0,1774.5,37525.51366063846,45753.735570605604,83279.24923124406,45.269388067715745,24.00296760352439,80.64652028237852,3.9966115838885905,0.08412968513122715,0.4,0.3158703148687729
pizhou,tcn,event_weighted,41,high,600.0,160.0,0.0,0.0,0.0,0.0,87.45,0.0,0.0,2496.0,1774.5,60927.01805255887,0.0,60927.01805255887,83.95454068177233,65.9643352718467,0.0,14.965892627081569,0.0,0.0,0.0
pizhou,tcn,event_weighted,41,high,600.0,160.0,0.0,0.05,1.0,0.0,87.45,4.3725000000000005,4.3725000000000005,2496.0,1774.5,54452.02461731403,3491.7324514409534,57943.75706875498,74.97095075790509,56.22041505687508,18.727510138838756,12.987266008696645,0.02,0.025,0.005000000000000001
pizhou,tcn,event_weighted,41,high,600.0,160.0,0.0,0.05,2.0,0.0,87.45,4.3725000000000005,8.745000000000001,2496.0,1774.5,51436.13279717927,6140.632931844435,57576.765729023704,70.78009198750361,51.68598522610535,27.452798740010046,11.262650447238832,0.04,0.05,0.010000000000000002
pizhou,tcn,event_weighted,41,high,600.0,160.0,0.0,0.05,4.0,0.0,87.45,4.3725000000000005,17.490000000000002,2496.0,1774.5,48564.21327848017,11438.433892651401,60002.647171131575,66.7848586000204,47.37077194934077,35.763245404258335,10.145244644494964,0.06631157155651572,0.1,0.033688428443484277
pizhou,tcn,event_weighted,41,high,600.0,160.0,0.0,0.1,1.0,0.0,87.45,8.745000000000001,8.745000000000001,2496.0,1774.5,50094.49870638623,6983.464902881907,57077.96360926813,68.9212013797783,49.66545195683876,31.33222261700177,11.413894907510564,0.04,0.05,0.010000000000000002
pizhou,tcn,event_weighted,41,high,600.0,160.0,0.0,0.1,2.0,0.0,87.45,8.745000000000001,17.490000000000002,2496.0,1774.5,45383.5214768114,12281.26586368887,57664.78734050027,62.36951681764876,42.58575857646594,44.963600559503845,8.553360005896902,0.08,0.1,0.02
pizhou,tcn,event_weighted,41,high,600.0,160.0,0.0,0.1,4.0,0.0,87.45,8.745000000000001,34.980000000000004,2496.0,1774.5,40407.76695965195,22876.867785302802,63284.63474495475,55.475899768377964,35.09184182348853,59.35113436175258,6.934884892901837,0.07918015941063587,0.2,0.12081984058936414
pizhou,tcn,event_weighted,41,high,600.0,160.0,0.0,0.2,1.0,0.0,87.45,17.490000000000002,17.490000000000002,2496.0,1774.5,44260.02715473824,13966.929805763813,58226.95696050205,60.8128680581498,40.89374905527138,48.21225884019762,9.106414386438757,0.08,0.1,0.020000000000000004
pizhou,tcn,event_weighted,41,high,600.0,160.0,0.0,0.2,2.0,0.0,87.45,17.490000000000002,34.980000000000004,2496.0,1774.5,37461.64768972606,24562.53172737774,62024.1794171038,51.385372245089606,30.660221835626377,67.87328187290274,5.410355062961056,0.09318934049835242,0.2,0.1068106595016476
pizhou,tcn,event_weighted,41,high,600.0,160.0,0.0,0.2,4.0,0.0,87.45,17.490000000000002,69.96000000000001,2496.0,1774.5,30584.997724312525,45753.735570605604,76338.73329491813,41.81452370535512,20.33046905069974,87.77388319756386,3.8085195861029084,0.16353791016134342,0.4,0.2364620898386566
pizhou,tcn,event_weighted,41,high,600.0,160.0,1000.0,0.0,0.0,0.0,87.45,0.0,0.0,2496.0,1774.5,75892.91067964044,0.0,75892.91067964044,83.95454068177233,65.9643352718467,0.0,14.965892627081569,0.0,0.0,0.0
pizhou,tcn,event_weighted,41,high,600.0,160.0,1000.0,0.05,1.0,0.0,87.45,4.3725000000000005,4.3725000000000005,2496.0,1774.5,67439.29062601068,3491.7324514409534,70931.02307745164,74.97095075790509,56.22041505687508,18.727510138838756,12.987266008696645,0.02,0.025,0.005000000000000001
pizhou,tcn,event_weighted,41,high,600.0,160.0,1000.0,0.05,2.0,0.0,87.45,4.3725000000000005,8.745000000000001,2496.0,1774.5,62698.7832444181,6140.632931844435,68839.41617626253,70.78009198750361,51.68598522610535,27.452798740010046,11.262650447238832,0.04,0.05,0.010000000000000002
pizhou,tcn,event_weighted,41,high,600.0,160.0,1000.0,0.05,4.0,0.0,87.45,4.3725000000000005,17.490000000000002,2496.0,1774.5,58709.45792297513,11438.433892651401,70147.89181562654,66.7848586000204,47.37077194934077,35.763245404258335,10.145244644494964,0.06631157155651572,0.1,0.033688428443484277
pizhou,tcn,event_weighted,41,high,600.0,160.0,1000.0,0.1,1.0,0.0,87.45,8.745000000000001,8.745000000000001,2496.0,1774.5,61508.39361389679,6983.464902881907,68491.8585167787,68.9212013797783,49.66545195683876,31.33222261700177,11.413894907510564,0.04,0.05,0.010000000000000002
pizhou,tcn,event_weighted,41,high,600.0,160.0,1000.0,0.1,2.0,0.0,87.45,8.745000000000001,17.490000000000002,2496.0,1774.5,53936.881482708304,12281.26586368887,66218.14734639716,62.36951681764876,42.58575857646594,44.963600559503845,8.553360005896902,0.08,0.1,0.02
pizhou,tcn,event_weighted,41,high,600.0,160.0,1000.0,0.1,4.0,0.0,87.45,8.745000000000001,34.980000000000004,2496.0,1774.5,47342.65185255379,22876.867785302802,70219.51963785659,55.475899768377964,35.09184182348853,59.35113436175258,6.934884892901837,0.07918015941063587,0.2,0.12081984058936414
pizhou,tcn,event_weighted,41,high,600.0,160.0,1000.0,0.2,1.0,0.0,87.45,17.490000000000002,17.490000000000002,2496.0,1774.5,53366.441541176995,13966.929805763813,67333.37134694081,60.8128680581498,40.89374905527138,48.21225884019762,9.106414386438757,0.08,0.1,0.020000000000000004
pizhou,tcn,event_weighted,41,high,600.0,160.0,1000.0,0.2,2.0,0.0,87.45,17.490000000000002,34.980000000000004,2496.0,1774.5,42872.00275268712,24562.53172737774,67434.53448006486,51.385372245089606,30.660221835626377,67.87328187290274,5.410355062961056,0.09318934049835242,0.2,0.1068106595016476
pizhou,tcn,event_weighted,41,high,600.0,160.0,1000.0,0.2,4.0,0.0,87.45,17.490000000000002,69.96000000000001,2496.0,1774.5,34393.51731041544,45753.735570605604,80147.25288102104,41.81452370535512,20.33046905069974,87.77388319756386,3.8085195861029084,0.16353791016134342,0.4,0.2364620898386566
pizhou,tcn,event_weighted,41,high,600.0,160.0,5000.0,0.0,0.0,0.0,87.45,0.0,0.0,2496.0,1774.5,135756.48118796674,0.0,135756.48118796674,83.95454068177233,65.9643352718467,0.0,14.965892627081569,0.0,0.0,0.0
pizhou,tcn,event_weighted,41,high,600.0,160.0,5000.0,0.05,1.0,0.0,87.45,4.3725000000000005,4.3725000000000005,2496.0,1774.5,119388.35466079724,3491.7324514409534,122880.0871122382,74.97095075790509,56.22041505687508,18.727510138838756,12.987266008696645,0.02,0.025,0.005000000000000001
pizhou,tcn,event_weighted,41,high,600.0,160.0,5000.0,0.05,2.0,0.0,87.45,4.3725000000000005,8.745000000000001,2496.0,1774.5,107749.38503337343,6140.632931844435,113890.01796521788,70.78009198750361,51.68598522610535,27.452798740010046,11.262650447238832,0.04,0.05,0.010000000000000002
pizhou,tcn,event_weighted,41,high,600.0,160.0,5000.0,0.05,4.0,0.25,87.45,4.3725000000000005,17.490000000000002,2496.0,1774.5,100694.39462977774,11438.433892651401,112132.82852242913,68.29109689723988,48.98055578016651,32.647223276212934,10.21093339694037,0.04,0.1,0.060000000000000005
pizhou,tcn,event_weighted,41,high,600.0,160.0,5000.0,0.1,1.0,0.0,87.45,8.745000000000001,8.745000000000001,2496.0,1774.5,107163.97324393904,6983.464902881907,114147.43814682095,68.9212013797783,49.66545195683876,31.33222261700177,11.413894907510564,0.04,0.05,0.010000000000000002
pizhou,tcn,event_weighted,41,high,600.0,160.0,5000.0,0.1,2.0,0.0,87.45,8.745000000000001,17.490000000000002,2496.0,1774.5,88150.3215062959,12281.26586368887,100431.58736998479,62.36951681764876,42.58575857646594,44.963600559503845,8.553360005896902,0.08,0.1,0.02
pizhou,tcn,event_weighted,41,high,600.0,160.0,5000.0,0.1,4.0,0.25,87.45,8.745000000000001,34.980000000000004,2496.0,1774.5,78021.5470294402,22876.867785302802,100898.414814743,58.15455248524982,37.96367861840919,53.80064484995984,7.139458523400121,0.04106073698408376,0.2,0.15893926301591627
pizhou,tcn,event_weighted,41,high,600.0,160.0,5000.0,0.2,1.0,0.0,87.45,17.490000000000002,17.490000000000002,2496.0,1774.5,89792.09908693204,13966.929805763813,103759.02889269586,60.8128680581498,40.89374905527138,48.21225884019762,9.106414386438757,0.08,0.1,0.020000000000000004
pizhou,tcn,event_weighted,41,high,600.0,160.0,5000.0,0.2,2.0,0.0,87.45,17.490000000000002,34.980000000000004,2496.0,1774.5,64513.42300453134,24562.53172737774,89075.95473190909,51.385372245089606,30.660221835626377,67.87328187290274,5.410355062961056,0.09318934049835242,0.2,0.1068106595016476
pizhou,tcn,event_weighted,41,high,600.0,160.0,5000.0,0.2,4.0,0.0,87.45,17.490000000000002,69.96000000000001,2496.0,1774.5,49627.59565482707,45753.735570605604,95381.33122543267,41.81452370535512,20.33046905069974,87.77388319756386,3.8085195861029084,0.16353791016134342,0.4,0.2364620898386566
pizhou,tcn,event_weighted,42,low,150.0,40.0,0.0,0.0,0.0,0.0,87.45,0.0,0.0,2496.0,1774.5,16346.779517418456,0.0,16346.779517418456,93.19709623661468,59.180377048156345,0.0,15.365832264238017,0.0,0.0,0.0
pizhou,tcn,event_weighted,42,low,150.0,40.0,0.0,0.05,1.0,0.0,87.45,4.3725000000000005,4.3725000000000005,2496.0,1774.5,15093.537135629125,3491.7324514409534,18585.269587070077,84.28332130478715,49.512342694097235,18.581809285886543,13.387971180614404,0.02,0.025,0.005000000000000001
pizhou,tcn,event_weighted,42,low,150.0,40.0,0.0,0.05,2.0,0.0,87.45,4.3725000000000005,8.745000000000001,2496.0,1774.5,14496.54732341014,6140.632931844435,20637.18025525457,80.01379532684201,44.89240502904092,27.471272928888027,11.478899943250886,0.04,0.05,0.010000000000000002
pizhou,tcn,event_weighted,42,low,150.0,40.0,0.0,0.05,4.0,0.0,87.45,4.3725000000000005,17.490000000000002,2496.0,1774.5,13936.506368286264,11438.433892651401,25374.940260937667,75.99751952366644,40.55158242018287,35.82837134092223,10.212323978781443,0.06368619801976862,0.1,0.03631380198023139
pizhou,tcn,event_weighted,42,low,150.0,40.0,0.0,0.1,1.0,0.0,87.45,8.745000000000001,8.745000000000001,2496.0,1774.5,14219.406019839489,6983.464902881907,21202.870922721395,78.05248764003437,42.76054884772827,31.564436797008117,11.688453667841102,0.04,0.05,0.010000000000000002
pizhou,tcn,event_weighted,42,low,150.0,40.0,0.0,0.1,2.0,0.0,87.45,8.745000000000001,17.490000000000002,2496.0,1774.5,13285.316477309954,12281.26586368887,25566.582340998826,71.35265780226538,35.519827993834305,45.50498748867095,8.546983685812283,0.08,0.1,0.020000000000000004
pizhou,tcn,event_weighted,42,low,150.0,40.0,0.0,0.1,4.0,0.0,87.45,8.745000000000001,34.980000000000004,2496.0,1774.5,12366.099071808792,22876.867785302802,35242.9668571116,64.82997452877898,28.438100539908284,59.109398216083946,6.838580849040562,0.08781305164505465,0.2,0.11218694835494537
pizhou,tcn,event_weighted,42,low,150.0,40.0,0.0,0.2,1.0,0.0,87.45,17.490000000000002,17.490000000000002,2496.0,1774.5,13045.059501628039,13966.929805763813,27011.98930739185,69.65237766667023,33.6716974116656,49.053398206435126,9.064069621354673,0.08,0.1,0.020000000000000004
pizhou,tcn,event_weighted,42,low,150.0,40.0,0.0,0.2,2.0,0.0,87.45,17.490000000000002,34.980000000000004,2496.0,1774.5,11663.383947202934,24562.53172737774,36225.91567458067,59.85568756754769,23.03183914209509,69.48994657512795,4.718553171020719,0.0883619400292615,0.2,0.11163805997073852
pizhou,tcn,event_weighted,42,low,150.0,40.0,0.0,0.2,4.0,0.0,87.45,17.490000000000002,69.96000000000001,2496.0,1774.5,10548.733031903927,45753.735570605604,56302.46860250953,51.800843044725525,14.354306288807901,86.22232395123714,3.2551979120879833,0.16292074953951047,0.4,0.23707925046048955
pizhou,tcn,event_weighted,42,low,150.0,40.0,1000.0,0.0,0.0,0.0,87.45,0.0,0.0,2496.0,1774.5,31712.611781656477,0.0,31712.611781656477,93.19709623661468,59.180377048156345,0.0,15.365832264238017,0.0,0.0,0.0
pizhou,tcn,event_weighted,42,low,150.0,40.0,1000.0,0.05,1.0,0.0,87.45,4.3725000000000005,4.3725000000000005,2496.0,1774.5,28481.508316243533,3491.7324514409534,31973.240767684485,84.28332130478715,49.512342694097235,18.581809285886543,13.387971180614404,0.02,0.025,0.005000000000000001
pizhou,tcn,event_weighted,42,low,150.0,40.0,1000.0,0.05,2.0,0.25,87.45,4.3725000000000005,8.745000000000001,2496.0,1774.5,26127.71618167036,6140.632931844435,32268.349113514792,81.203845418257,46.165086295695005,25.008541570818796,11.469322377833539,0.02,0.05,0.030000000000000002
pizhou,tcn,event_weighted,42,low,150.0,40.0,1000.0,0.05,4.0,0.25,87.45,4.3725000000000005,17.490000000000002,2496.0,1774.5,24101.140990400858,11438.433892651401,35539.57488305226,77.32196401851158,41.96650143302958,33.089007833230205,9.984961134472186,0.04,0.1,0.060000000000000005
pizhou,tcn,event_weighted,42,low,150.0,40.0,1000.0,0.1,1.0,0.0,87.45,8.745000000000001,8.745000000000001,2496.0,1774.5,25907.85968768059,6983.464902881907,32891.32459056249,78.05248764003437,42.76054884772827,31.564436797008117,11.688453667841102,0.04,0.05,0.010000000000000002
pizhou,tcn,event_weighted,42,low,150.0,40.0,1000.0,0.1,2.0,0.25,87.45,8.745000000000001,17.490000000000002,2496.0,1774.5,22123.88974594213,12281.26586368887,34405.155609631,73.21873656839159,37.506471595942706,41.65226512043637,8.587513768834777,0.04,0.1,0.060000000000000005
pizhou,tcn,event_weighted,42,low,150.0,40.0,1000.0,0.1,4.0,0.25,87.45,8.745000000000001,34.980000000000004,2496.0,1774.5,19178.813506646362,22876.867785302802,42055.681291949164,66.86206597402817,30.593120018704372,54.92228729203845,6.5418516265385005,0.03623333651499283,0.2,0.16376666348500718
pizhou,tcn,event_weighted,42,low,150.0,40.0,1000.0,0.2,1.0,0.25,87.45,17.490000000000002,17.490000000000002,2496.0,1774.5,22544.93218157531,13966.929805763813,36511.86198733912,71.81646016030824,35.98225810889553,44.57875501556707,9.206703957784075,0.04,0.1,0.060000000000000005
pizhou,tcn,event_weighted,42,low,150.0,40.0,1000.0,0.2,2.0,0.25,87.45,17.490000000000002,34.980000000000004,2496.0,1774.5,16926.7901973624,24562.53172737774,41489.32192474014,62.586156025240726,25.991021714459595,63.800295545070426,4.880218536371146,0.08,0.2,0.12000000000000001
pizhou,tcn,event_weighted,42,low,150.0,40.0,1000.0,0.2,4.0,0.25,87.45,17.490000000000002,69.96000000000001,2496.0,1774.5,13788.193963888407,45753.735570605604,59541.929534494004,54.096412970481225,16.7915557238789,81.48950459041049,2.932626816479563,0.10735119373747713,0.4,0.29264880626252293
pizhou,tcn,event_weighted,42,low,150.0,40.0,5000.0,0.0,0.0,0.0,87.45,0.0,0.0,2496.0,1774.5,93175.94083860854,0.0,93175.94083860854,93.19709623661468,59.180377048156345,0.0,15.365832264238017,0.0,0.0,0.0
pizhou,tcn,event_weighted,42,low,150.0,40.0,5000.0,0.05,1.0,0.0,87.45,4.3725000000000005,4.3725000000000005,2496.0,1774.5,82033.39303870115,3491.7324514409534,85525.1254901421,84.28332130478715,49.512342694097235,18.581809285886543,13.387971180614404,0.02,0.025,0.005000000000000001
pizhou,tcn,event_weighted,42,low,150.0,40.0,5000.0,0.05,2.0,0.25,87.45,4.3725000000000005,8.745000000000001,2496.0,1774.5,72005.00569300451,6140.632931844435,78145.63862484894,81.203845418257,46.165086295695005,25.008541570818796,11.469322377833539,0.02,0.05,0.030000000000000002
pizhou,tcn,event_weighted,42,low,150.0,40.0,5000.0,0.05,4.0,0.25,87.45,4.3725000000000005,17.490000000000002,2496.0,1774.5,64040.9855282896,11438.433892651401,75479.419420941,77.32196401851158,41.96650143302958,33.089007833230205,9.984961134472186,0.04,0.1,0.060000000000000005
pizhou,tcn,event_weighted,42,low,150.0,40.0,5000.0,0.1,1.0,0.25,87.45,8.745000000000001,8.745000000000001,2496.0,1774.5,73577.85504700999,6983.464902881907,80561.3199498919,79.73603992799242,44.56964554540744,28.071787811370896,11.82537370814211,0.02,0.05,0.030000000000000002
pizhou,tcn,event_weighted,42,low,150.0,40.0,5000.0,0.1,2.0,0.25,87.45,8.745000000000001,17.490000000000002,2496.0,1774.5,56473.94482128124,12281.26586368887,68755.21068497011,73.21873656839159,37.506471595942706,41.65226512043637,8.587513768834777,0.04,0.1,0.060000000000000005
pizhou,tcn,event_weighted,42,low,150.0,40.0,5000.0,0.1,4.0,0.25,87.45,8.745000000000001,34.980000000000004,2496.0,1774.5,45346.22001280037,22876.867785302802,68223.08779810317,66.86206597402817,30.593120018704372,54.92228729203845,6.5418516265385005,0.03623333651499283,0.2,0.16376666348500718
pizhou,tcn,event_weighted,42,low,150.0,40.0,5000.0,0.2,1.0,0.25,87.45,17.490000000000002,17.490000000000002,2496.0,1774.5,59371.748012711614,13966.929805763813,73338.67781847542,71.81646016030824,35.98225810889553,44.57875501556707,9.206703957784075,0.04,0.1,0.060000000000000005
pizhou,tcn,event_weighted,42,low,150.0,40.0,5000.0,0.2,2.0,0.25,87.45,17.490000000000002,34.980000000000004,2496.0,1774.5,36447.66434284698,24562.53172737774,61010.19607022472,62.586156025240726,25.991021714459595,63.800295545070426,4.880218536371146,0.08,0.2,0.12000000000000001
pizhou,tcn,event_weighted,42,low,150.0,40.0,5000.0,0.2,4.0,0.25,87.45,17.490000000000002,69.96000000000001,2496.0,1774.5,25518.701229806662,45753.735570605604,71272.43680041225,54.096412970481225,16.7915557238789,81.48950459041049,2.932626816479563,0.10735119373747713,0.4,0.29264880626252293
pizhou,tcn,event_weighted,42,base,300.0,80.0,0.0,0.0,0.0,0.0,87.45,0.0,0.0,2496.0,1774.5,32693.55903483691,0.0,32693.55903483691,93.19709623661468,59.180377048156345,0.0,15.365832264238017,0.0,0.0,0.0
pizhou,tcn,event_weighted,42,base,300.0,80.0,0.0,0.05,1.0,0.0,87.45,4.3725000000000005,4.3725000000000005,2496.0,1774.5,29716.52903911109,3491.7324514409534,33208.261490552046,84.28332130478715,49.512342694097235,18.581809285886543,13.387971180614404,0.02,0.025,0.005000000000000001
pizhou,tcn,event_weighted,42,base,300.0,80.0,0.0,0.05,2.0,0.0,87.45,4.3725000000000005,8.745000000000001,2496.0,1774.5,28294.312823598073,6140.632931844435,34434.94575544251,80.01379532684201,44.89240502904092,27.471272928888027,11.478899943250886,0.04,0.05,0.010000000000000002
pizhou,tcn,event_weighted,42,base,300.0,80.0,0.0,0.05,4.0,0.0,87.45,4.3725000000000005,17.490000000000002,2496.0,1774.5,26958.19759364354,11438.433892651401,38396.631486294944,75.99751952366644,40.55158242018287,35.82837134092223,10.212323978781443,0.06368619801976862,0.1,0.03631380198023139
pizhou,tcn,event_weighted,42,base,300.0,80.0,0.0,0.1,1.0,0.0,87.45,8.745000000000001,8.745000000000001,2496.0,1774.5,27637.701119753776,6983.464902881907,34621.16602263568,78.05248764003437,42.76054884772827,31.564436797008117,11.688453667841102,0.04,0.05,0.010000000000000002
pizhou,tcn,event_weighted,42,base,300.0,80.0,0.0,0.1,2.0,0.0,87.45,8.745000000000001,17.490000000000002,2496.0,1774.5,25409.00826740313,12281.26586368887,37690.274131092,71.35265780226538,35.519827993834305,45.50498748867095,8.546983685812283,0.08,0.1,0.020000000000000004
pizhou,tcn,event_weighted,42,base,300.0,80.0,0.0,0.1,4.0,0.0,87.45,8.745000000000001,34.980000000000004,2496.0,1774.5,23228.119272721968,22876.867785302802,46104.987058024766,64.82997452877898,28.438100539908284,59.109398216083946,6.838580849040562,0.08781305164505465,0.2,0.11218694835494537
pizhou,tcn,event_weighted,42,base,300.0,80.0,0.0,0.2,1.0,0.0,87.45,17.490000000000002,17.490000000000002,2496.0,1774.5,24839.784048095196,13966.929805763813,38806.71385385901,69.65237766667023,33.6716974116656,49.053398206435126,9.064069621354673,0.08,0.1,0.020000000000000004
pizhou,tcn,event_weighted,42,base,300.0,80.0,0.0,0.2,2.0,0.0,87.45,17.490000000000002,34.980000000000004,2496.0,1774.5,21563.01064801889,24562.53172737774,46125.54237539663,59.85568756754769,23.03183914209509,69.48994657512795,4.718553171020719,0.0883619400292615,0.2,0.11163805997073852
pizhou,tcn,event_weighted,42,base,300.0,80.0,0.0,0.2,4.0,0.0,87.45,17.490000000000002,69.96000000000001,2496.0,1774.5,18893.031740165072,45753.735570605604,64646.767310770665,51.800843044725525,14.354306288807901,86.22232395123714,3.2551979120879833,0.16292074953951047,0.4,0.23707925046048955
pizhou,tcn,event_weighted,42,base,300.0,80.0,1000.0,0.0,0.0,0.0,87.45,0.0,0.0,2496.0,1774.5,48059.39129907493,0.0,48059.39129907493,93.19709623661468,59.180377048156345,0.0,15.365832264238017,0.0,0.0,0.0
pizhou,tcn,event_weighted,42,base,300.0,80.0,1000.0,0.05,1.0,0.0,87.45,4.3725000000000005,4.3725000000000005,2496.0,1774.5,43104.500219725494,3491.7324514409534,46596.23267116645,84.28332130478715,49.512342694097235,18.581809285886543,13.387971180614404,0.02,0.025,0.005000000000000001
pizhou,tcn,event_weighted,42,base,300.0,80.0,1000.0,0.05,2.0,0.0,87.45,4.3725000000000005,8.745000000000001,2496.0,1774.5,39773.212766848956,6140.632931844435,45913.845698693396,80.01379532684201,44.89240502904092,27.471272928888027,11.478899943250886,0.04,0.05,0.010000000000000002
pizhou,tcn,event_weighted,42,base,300.0,80.0,1000.0,0.05,4.0,0.25,87.45,4.3725000000000005,17.490000000000002,2496.0,1774.5,37378.095650498784,11438.433892651401,48816.52954315018,77.32196401851158,41.96650143302958,33.089007833230205,9.984961134472186,0.04,0.1,0.060000000000000005
pizhou,tcn,event_weighted,42,base,300.0,80.0,1000.0,0.1,1.0,0.0,87.45,8.745000000000001,8.745000000000001,2496.0,1774.5,39326.15478759488,6983.464902881907,46309.619690476786,78.05248764003437,42.76054884772827,31.564436797008117,11.688453667841102,0.04,0.05,0.010000000000000002
pizhou,tcn,event_weighted,42,base,300.0,80.0,1000.0,0.1,2.0,0.25,87.45,8.745000000000001,17.490000000000002,2496.0,1774.5,34606.959095038575,12281.26586368887,46888.22495872745,73.21873656839159,37.506471595942706,41.65226512043637,8.587513768834777,0.04,0.1,0.060000000000000005
pizhou,tcn,event_weighted,42,base,300.0,80.0,1000.0,0.1,4.0,0.25,87.45,8.745000000000001,34.980000000000004,2496.0,1774.5,30431.848203498765,22876.867785302802,53308.71598880157,66.86206597402817,30.593120018704372,54.92228729203845,6.5418516265385005,0.03623333651499283,0.2,0.16376666348500718
pizhou,tcn,event_weighted,42,base,300.0,80.0,1000.0,0.2,1.0,0.0,87.45,17.490000000000002,17.490000000000002,2496.0,1774.5,33903.85366944987,13966.929805763813,47870.78347521368,69.65237766667023,33.6716974116656,49.053398206435126,9.064069621354673,0.08,0.1,0.020000000000000004
pizhou,tcn,event_weighted,42,base,300.0,80.0,1000.0,0.2,2.0,0.25,87.45,17.490000000000002,34.980000000000004,2496.0,1774.5,27354.35446972689,24562.53172737774,51916.886197104635,62.586156025240726,25.991021714459595,63.800295545070426,4.880218536371146,0.08,0.2,0.12000000000000001
pizhou,tcn,event_weighted,42,base,300.0,80.0,1000.0,0.2,4.0,0.25,87.45,17.490000000000002,69.96000000000001,2496.0,1774.5,22574.318138415747,45753.735570605604,68328.05370902135,54.096412970481225,16.7915557238789,81.48950459041049,2.932626816479563,0.10735119373747713,0.4,0.29264880626252293
pizhou,tcn,event_weighted,42,base,300.0,80.0,5000.0,0.0,0.0,0.0,87.45,0.0,0.0,2496.0,1774.5,109522.720356027,0.0,109522.720356027,93.19709623661468,59.180377048156345,0.0,15.365832264238017,0.0,0.0,0.0
pizhou,tcn,event_weighted,42,base,300.0,80.0,5000.0,0.05,1.0,0.0,87.45,4.3725000000000005,4.3725000000000005,2496.0,1774.5,96656.3849421831,3491.7324514409534,100148.11739362405,84.28332130478715,49.512342694097235,18.581809285886543,13.387971180614404,0.02,0.025,0.005000000000000001
pizhou,tcn,event_weighted,42,base,300.0,80.0,5000.0,0.05,2.0,0.25,87.45,4.3725000000000005,8.745000000000001,2496.0,1774.5,86032.18595757087,6140.632931844435,92172.8188894153,81.203845418257,46.165086295695005,25.008541570818796,11.469322377833539,0.02,0.05,0.030000000000000002
pizhou,tcn,event_weighted,42,base,300.0,80.0,5000.0,0.05,4.0,0.25,87.45,4.3725000000000005,17.490000000000002,2496.0,1774.5,77317.94018838753,11438.433892651401,88756.37408103893,77.32196401851158,41.96650143302958,33.089007833230205,9.984961134472186,0.04,0.1,0.060000000000000005
pizhou,tcn,event_weighted,42,base,300.0,80.0,5000.0,0.1,1.0,0.0,87.45,8.745000000000001,8.745000000000001,2496.0,1774.5,86079.9694589593,6983.464902881907,93063.4343618412,78.05248764003437,42.76054884772827,31.564436797008117,11.688453667841102,0.04,0.05,0.010000000000000002
pizhou,tcn,event_weighted,42,base,300.0,80.0,5000.0,0.1,2.0,0.25,87.45,8.745000000000001,17.490000000000002,2496.0,1774.5,68957.01417037769,12281.26586368887,81238.28003406656,73.21873656839159,37.506471595942706,41.65226512043637,8.587513768834777,0.04,0.1,0.060000000000000005
pizhou,tcn,event_weighted,42,base,300.0,80.0,5000.0,0.1,4.0,0.25,87.45,8.745000000000001,34.980000000000004,2496.0,1774.5,56599.25470965277,22876.867785302802,79476.12249495558,66.86206597402817,30.593120018704372,54.92228729203845,6.5418516265385005,0.03623333651499283,0.2,0.16376666348500718
pizhou,tcn,event_weighted,42,base,300.0,80.0,5000.0,0.2,1.0,0.25,87.45,17.490000000000002,17.490000000000002,2496.0,1774.5,71583.50736111368,13966.929805763813,85550.43716687748,71.81646016030824,35.98225810889553,44.57875501556707,9.206703957784075,0.04,0.1,0.060000000000000005
pizhou,tcn,event_weighted,42,base,300.0,80.0,5000.0,0.2,2.0,0.25,87.45,17.490000000000002,34.980000000000004,2496.0,1774.5,46875.228615211476,24562.53172737774,71437.76034258922,62.586156025240726,25.991021714459595,63.800295545070426,4.880218536371146,0.08,0.2,0.12000000000000001
pizhou,tcn,event_weighted,42,base,300.0,80.0,5000.0,0.2,4.0,0.25,87.45,17.490000000000002,69.96000000000001,2496.0,1774.5,34304.825404334,45753.735570605604,80058.5609749396,54.096412970481225,16.7915557238789,81.48950459041049,2.932626816479563,0.10735119373747713,0.4,0.29264880626252293
pizhou,tcn,event_weighted,42,high,600.0,160.0,0.0,0.0,0.0,0.0,87.45,0.0,0.0,2496.0,1774.5,65387.11806967382,0.0,65387.11806967382,93.19709623661468,59.180377048156345,0.0,15.365832264238017,0.0,0.0,0.0
pizhou,tcn,event_weighted,42,high,600.0,160.0,0.0,0.05,1.0,0.0,87.45,4.3725000000000005,4.3725000000000005,2496.0,1774.5,58962.51284607502,3491.7324514409534,62454.245297515976,84.28332130478715,49.512342694097235,18.581809285886543,13.387971180614404,0.02,0.025,0.005000000000000001
pizhou,tcn,event_weighted,42,high,600.0,160.0,0.0,0.05,2.0,0.0,87.45,4.3725000000000005,8.745000000000001,2496.0,1774.5,55889.843823973955,6140.632931844435,62030.476755818396,80.01379532684201,44.89240502904092,27.471272928888027,11.478899943250886,0.04,0.05,0.010000000000000002
pizhou,tcn,event_weighted,42,high,600.0,160.0,0.0,0.05,4.0,0.0,87.45,4.3725000000000005,17.490000000000002,2496.0,1774.5,53001.5800443581,11438.433892651401,64440.0139370095,75.99751952366644,40.55158242018287,35.82837134092223,10.212323978781443,0.06368619801976862,0.1,0.03631380198023139
pizhou,tcn,event_weighted,42,high,600.0,160.0,0.0,0.1,1.0,0.0,87.45,8.745000000000001,8.745000000000001,2496.0,1774.5,54474.291319582364,6983.464902881907,61457.75622246427,78.05248764003437,42.76054884772827,31.564436797008117,11.688453667841102,0.04,0.05,0.010000000000000002
pizhou,tcn,event_weighted,42,high,600.0,160.0,0.0,0.1,2.0,0.0,87.45,8.745000000000001,17.490000000000002,2496.0,1774.5,49656.39184758949,12281.26586368887,61937.657711278356,71.35265780226538,35.519827993834305,45.50498748867095,8.546983685812283,0.08,0.1,0.020000000000000004
pizhou,tcn,event_weighted,42,high,600.0,160.0,0.0,0.1,4.0,0.0,87.45,8.745000000000001,34.980000000000004,2496.0,1774.5,44952.15967454832,22876.867785302802,67829.02745985112,64.82997452877898,28.438100539908284,59.109398216083946,6.838580849040562,0.08781305164505465,0.2,0.11218694835494537
pizhou,tcn,event_weighted,42,high,600.0,160.0,0.0,0.2,1.0,0.0,87.45,17.490000000000002,17.490000000000002,2496.0,1774.5,48429.233141029516,13966.929805763813,62396.16294679332,69.65237766667023,33.6716974116656,49.053398206435126,9.064069621354673,0.08,0.1,0.020000000000000004
pizhou,tcn,event_weighted,42,high,600.0,160.0,0.0,0.2,2.0,0.0,87.45,17.490000000000002,34.980000000000004,2496.0,1774.5,41362.26404965081,24562.53172737774,65924.79577702854,59.85568756754769,23.03183914209509,69.48994657512795,4.718553171020719,0.0883619400292615,0.2,0.11163805997073852
pizhou,tcn,event_weighted,42,high,600.0,160.0,0.0,0.2,4.0,0.0,87.45,17.490000000000002,69.96000000000001,2496.0,1774.5,35581.62915668737,45753.735570605604,81335.36472729297,51.800843044725525,14.354306288807901,86.22232395123714,3.2551979120879833,0.16292074953951047,0.4,0.23707925046048955
pizhou,tcn,event_weighted,42,high,600.0,160.0,1000.0,0.0,0.0,0.0,87.45,0.0,0.0,2496.0,1774.5,80752.95033391185,0.0,80752.95033391185,93.19709623661468,59.180377048156345,0.0,15.365832264238017,0.0,0.0,0.0
pizhou,tcn,event_weighted,42,high,600.0,160.0,1000.0,0.05,1.0,0.0,87.45,4.3725000000000005,4.3725000000000005,2496.0,1774.5,72350.48402668942,3491.7324514409534,75842.21647813037,84.28332130478715,49.512342694097235,18.581809285886543,13.387971180614404,0.02,0.025,0.005000000000000001
pizhou,tcn,event_weighted,42,high,600.0,160.0,1000.0,0.05,2.0,0.0,87.45,4.3725000000000005,8.745000000000001,2496.0,1774.5,67368.74376722483,6140.632931844435,73509.37669906928,80.01379532684201,44.89240502904092,27.471272928888027,11.478899943250886,0.04,0.05,0.010000000000000002
pizhou,tcn,event_weighted,42,high,600.0,160.0,1000.0,0.05,4.0,0.0,87.45,4.3725000000000005,17.490000000000002,2496.0,1774.5,63213.90402313954,11438.433892651401,74652.33791579094,75.99751952366644,40.55158242018287,35.82837134092223,10.212323978781443,0.06368619801976862,0.1,0.03631380198023139
pizhou,tcn,event_weighted,42,high,600.0,160.0,1000.0,0.1,1.0,0.0,87.45,8.745000000000001,8.745000000000001,2496.0,1774.5,66162.74498742346,6983.464902881907,73146.20989030537,78.05248764003437,42.76054884772827,31.564436797008117,11.688453667841102,0.04,0.05,0.010000000000000002
pizhou,tcn,event_weighted,42,high,600.0,160.0,1000.0,0.1,2.0,0.0,87.45,8.745000000000001,17.490000000000002,2496.0,1774.5,58203.37553340177,12281.26586368887,70484.64139709064,71.35265780226538,35.519827993834305,45.50498748867095,8.546983685812283,0.08,0.1,0.020000000000000004
pizhou,tcn,event_weighted,42,high,600.0,160.0,1000.0,0.1,4.0,0.0,87.45,8.745000000000001,34.980000000000004,2496.0,1774.5,51790.74052358889,22876.867785302802,74667.6083088917,64.82997452877898,28.438100539908284,59.109398216083946,6.838580849040562,0.08781305164505465,0.2,0.11218694835494537
pizhou,tcn,event_weighted,42,high,600.0,160.0,1000.0,0.2,1.0,0.0,87.45,17.490000000000002,17.490000000000002,2496.0,1774.5,57493.302762384184,13966.929805763813,71460.232568148,69.65237766667023,33.6716974116656,49.053398206435126,9.064069621354673,0.08,0.1,0.020000000000000004
pizhou,tcn,event_weighted,42,high,600.0,160.0,1000.0,0.2,2.0,0.0,87.45,17.490000000000002,34.980000000000004,2496.0,1774.5,46080.81722067153,24562.53172737774,70643.34894804927,59.85568756754769,23.03183914209509,69.48994657512795,4.718553171020719,0.0883619400292615,0.2,0.11163805997073852
pizhou,tcn,event_weighted,42,high,600.0,160.0,1000.0,0.2,4.0,0.0,87.45,17.490000000000002,69.96000000000001,2496.0,1774.5,38836.82706877535,45753.735570605604,84590.56263938095,51.800843044725525,14.354306288807901,86.22232395123714,3.2551979120879833,0.16292074953951047,0.4,0.23707925046048955
pizhou,tcn,event_weighted,42,high,600.0,160.0,5000.0,0.0,0.0,0.0,87.45,0.0,0.0,2496.0,1774.5,142216.27939086393,0.0,142216.27939086393,93.19709623661468,59.180377048156345,0.0,15.365832264238017,0.0,0.0,0.0
pizhou,tcn,event_weighted,42,high,600.0,160.0,5000.0,0.05,1.0,0.0,87.45,4.3725000000000005,4.3725000000000005,2496.0,1774.5,125902.36874914703,3491.7324514409534,129394.10120058797,84.28332130478715,49.512342694097235,18.581809285886543,13.387971180614404,0.02,0.025,0.005000000000000001
pizhou,tcn,event_weighted,42,high,600.0,160.0,5000.0,0.05,2.0,0.25,87.45,4.3725000000000005,8.745000000000001,2496.0,1774.5,114086.54648670355,6140.632931844435,120227.17941854798,81.203845418257,46.165086295695005,25.008541570818796,11.469322377833539,0.02,0.05,0.030000000000000002
pizhou,tcn,event_weighted,42,high,600.0,160.0,5000.0,0.05,4.0,0.25,87.45,4.3725000000000005,17.490000000000002,2496.0,1774.5,103871.84950858337,11438.433892651401,115310.28340123476,77.32196401851158,41.96650143302958,33.089007833230205,9.984961134472186,0.04,0.1,0.060000000000000005
pizhou,tcn,event_weighted,42,high,600.0,160.0,5000.0,0.1,1.0,0.0,87.45,8.745000000000001,8.745000000000001,2496.0,1774.5,112916.55965878785,6983.464902881907,119900.02456166976,78.05248764003437,42.76054884772827,31.564436797008117,11.688453667841102,0.04,0.05,0.010000000000000002
pizhou,tcn,event_weighted,42,high,600.0,160.0,5000.0,0.1,2.0,0.25,87.45,8.745000000000001,17.490000000000002,2496.0,1774.5,93923.15286857059,12281.26586368887,106204.41873225947,73.21873656839159,37.506471595942706,41.65226512043637,8.587513768834777,0.04,0.1,0.060000000000000005
pizhou,tcn,event_weighted,42,high,600.0,160.0,5000.0,0.1,4.0,0.25,87.45,8.745000000000001,34.980000000000004,2496.0,1774.5,79105.32410335758,22876.867785302802,101982.19188866037,66.86206597402817,30.593120018704372,54.92228729203845,6.5418516265385005,0.03623333651499283,0.2,0.16376666348500718
pizhou,tcn,event_weighted,42,high,600.0,160.0,5000.0,0.2,1.0,0.25,87.45,17.490000000000002,17.490000000000002,2496.0,1774.5,96007.0260579178,13966.929805763813,109973.95586368161,71.81646016030824,35.98225810889553,44.57875501556707,9.206703957784075,0.04,0.1,0.060000000000000005
pizhou,tcn,event_weighted,42,high,600.0,160.0,5000.0,0.2,2.0,0.25,87.45,17.490000000000002,34.980000000000004,2496.0,1774.5,67730.35715994047,24562.53172737774,92292.88888731821,62.586156025240726,25.991021714459595,63.800295545070426,4.880218536371146,0.08,0.2,0.12000000000000001
pizhou,tcn,event_weighted,42,high,600.0,160.0,5000.0,0.2,4.0,0.25,87.45,17.490000000000002,69.96000000000001,2496.0,1774.5,51877.07375338867,45753.735570605604,97630.80932399427,54.096412970481225,16.7915557238789,81.48950459041049,2.932626816479563,0.10735119373747713,0.4,0.29264880626252293
pizhou,tcn,event_weighted,43,low,150.0,40.0,0.0,0.0,0.0,0.0,87.45,0.0,0.0,2496.0,1774.5,12866.135022898457,0.0,12866.135022898457,64.03356946538678,81.527490077261,0.0,16.823089952291806,0.0,0.0,0.0
pizhou,tcn,event_weighted,43,low,150.0,40.0,0.0,0.05,1.0,0.0,87.45,4.3725000000000005,4.3725000000000005,2496.0,1774.5,11520.36549681641,3491.7324514409534,15012.097948257364,54.51098713504579,71.17623864429645,19.873833763305537,15.108855863212302,-0.0005932109831788165,0.025,0.025593210983178818
pizhou,tcn,event_weighted,43,low,150.0,40.0,0.0,0.05,2.0,0.0,87.45,4.3725000000000005,8.745000000000001,2496.0,1774.5,10800.53267872764,6140.632931844435,16941.165610572076,49.46146065235132,65.66677146083148,30.432827429465487,13.279187632754944,-0.020593210983178813,0.05,0.07059321098317882
pizhou,tcn,event_weighted,43,low,150.0,40.0,0.0,0.05,4.0,0.0,87.45,4.3725000000000005,17.490000000000002,2496.0,1774.5,10127.50841404605,11438.433892651401,21565.94230669745,44.78786970062605,60.545078413101294,40.22811142892168,12.100153020596194,-0.06059321098317881,0.1,0.16059321098317883
pizhou,tcn,event_weighted,43,low,150.0,40.0,0.0,0.1,1.0,0.0,87.45,8.745000000000001,8.745000000000001,2496.0,1774.5,10547.332876706025,6983.464902881907,17530.79777958793,47.66958513035226,63.7190806760499,34.17239373624572,13.584375451884421,-0.020593210983178813,0.05,0.07059321098317882
pizhou,tcn,event_weighted,43,low,150.0,40.0,0.0,0.1,2.0,0.0,87.45,8.745000000000001,17.490000000000002,2496.0,1774.5,9456.31121964825,12281.26586368887,21737.57708333712,40.03785878642645,55.38202307158003,50.141177684641406,10.667783427006038,-0.06059321098317881,0.1,0.16059321098317883
pizhou,tcn,event_weighted,43,low,150.0,40.0,0.0,0.1,4.0,0.0,87.45,8.745000000000001,34.980000000000004,2496.0,1774.5,8387.665698970843,22876.867785302802,31264.533484273645,32.65383663675234,47.27250627370278,65.63471663219345,8.841031820034333,-0.14059321098317884,0.2,0.34059321098317885
pizhou,tcn,event_weighted,43,low,150.0,40.0,0.0,0.2,1.0,0.0,87.45,17.490000000000002,17.490000000000002,2496.0,1774.5,9259.21420995056,13966.929805763813,23226.144015714373,38.64301841010431,53.86589222775162,53.05214890479207,11.550304754257988,-0.06059321098317881,0.1,0.16059321098317883
pizhou,tcn,event_weighted,43,low,150.0,40.0,0.0,0.2,2.0,0.0,87.45,17.490000000000002,34.980000000000004,2496.0,1774.5,7772.822541882717,24562.53172737774,32335.354269260457,28.302638909667273,42.54294352687107,74.71547710610949,7.5187041954216545,-0.14059321098317884,0.2,0.34059321098317885
pizhou,tcn,event_weighted,43,low,150.0,40.0,0.0,0.2,4.0,0.0,87.45,17.490000000000002,69.96000000000001,2496.0,1774.5,6433.337957433054,45753.735570605604,52187.07352803866,19.134156722964658,32.432071699969136,93.99483111971385,5.582810325969971,-0.27979732334418844,0.4,0.6797973233441885
pizhou,tcn,event_weighted,43,low,150.0,40.0,1000.0,0.0,0.0,0.0,87.45,0.0,0.0,2496.0,1774.5,29689.22497519026,0.0,29689.22497519026,64.03356946538678,81.527490077261,0.0,16.823089952291806,0.0,0.0,0.0
pizhou,tcn,event_weighted,43,low,150.0,40.0,1000.0,0.05,1.0,0.0,87.45,4.3725000000000005,4.3725000000000005,2496.0,1774.5,26629.221360028714,3491.7324514409534,30120.953811469666,54.51098713504579,71.17623864429645,19.873833763305537,15.108855863212302,-0.0005932109831788165,0.025,0.025593210983178818
pizhou,tcn,event_weighted,43,low,150.0,40.0,1000.0,0.05,2.0,0.0,87.45,4.3725000000000005,8.745000000000001,2496.0,1774.5,24079.720311482586,6140.632931844435,30220.35324332702,49.46146065235132,65.66677146083148,30.432827429465487,13.279187632754944,-0.020593210983178813,0.05,0.07059321098317882
pizhou,tcn,event_weighted,43,low,150.0,40.0,1000.0,0.05,4.0,0.0,87.45,4.3725000000000005,17.490000000000002,2496.0,1774.5,22227.661434642243,11438.433892651401,33666.095327293646,44.78786970062605,60.545078413101294,40.22811142892168,12.100153020596194,-0.06059321098317881,0.1,0.16059321098317883
pizhou,tcn,event_weighted,43,low,150.0,40.0,1000.0,0.1,1.0,0.0,87.45,8.745000000000001,8.745000000000001,2496.0,1774.5,24131.708328590445,6983.464902881907,31115.17323147235,47.66958513035226,63.7190806760499,34.17239373624572,13.584375451884421,-0.020593210983178813,0.05,0.07059321098317882
pizhou,tcn,event_weighted,43,low,150.0,40.0,1000.0,0.1,2.0,0.0,87.45,8.745000000000001,17.490000000000002,2496.0,1774.5,20124.09464665429,12281.26586368887,32405.36051034316,40.03785878642645,55.38202307158003,50.141177684641406,10.667783427006038,-0.06059321098317881,0.1,0.16059321098317883
pizhou,tcn,event_weighted,43,low,150.0,40.0,1000.0,0.1,4.0,0.0,87.45,8.745000000000001,34.980000000000004,2496.0,1774.5,17228.697519005178,22876.867785302802,40105.56530430798,32.65383663675234,47.27250627370278,65.63471663219345,8.841031820034333,-0.14059321098317884,0.2,0.34059321098317885
pizhou,tcn,event_weighted,43,low,150.0,40.0,1000.0,0.2,1.0,0.0,87.45,17.490000000000002,17.490000000000002,2496.0,1774.5,20809.51896420855,13966.929805763813,34776.44876997236,38.64301841010431,53.86589222775162,53.05214890479207,11.550304754257988,-0.06059321098317881,0.1,0.16059321098317883
pizhou,tcn,event_weighted,43,low,150.0,40.0,1000.0,0.2,2.0,0.0,87.45,17.490000000000002,34.980000000000004,2496.0,1774.5,15291.526737304373,24562.53172737774,39854.058464682115,28.302638909667273,42.54294352687107,74.71547710610949,7.5187041954216545,-0.14059321098317884,0.2,0.34059321098317885
pizhou,tcn,event_weighted,43,low,150.0,40.0,1000.0,0.2,4.0,0.0,87.45,17.490000000000002,69.96000000000001,2496.0,1774.5,12016.148283403027,45753.735570605604,57769.88385400863,19.134156722964658,32.432071699969136,93.99483111971385,5.582810325969971,-0.27979732334418844,0.4,0.6797973233441885
pizhou,tcn,event_weighted,43,low,150.0,40.0,5000.0,0.0,0.0,0.0,87.45,0.0,0.0,2496.0,1774.5,96981.58478435749,0.0,96981.58478435749,64.03356946538678,81.527490077261,0.0,16.823089952291806,0.0,0.0,0.0
pizhou,tcn,event_weighted,43,low,150.0,40.0,5000.0,0.05,1.0,0.0,87.45,4.3725000000000005,4.3725000000000005,2496.0,1774.5,87064.64481287792,3491.7324514409534,90556.37726431887,54.51098713504579,71.17623864429645,19.873833763305537,15.108855863212302,-0.0005932109831788165,0.025,0.025593210983178818
pizhou,tcn,event_weighted,43,low,150.0,40.0,5000.0,0.05,2.0,0.0,87.45,4.3725000000000005,8.745000000000001,2496.0,1774.5,77196.47084250237,6140.632931844435,83337.1037743468,49.46146065235132,65.66677146083148,30.432827429465487,13.279187632754944,-0.020593210983178813,0.05,0.07059321098317882
pizhou,tcn,event_weighted,43,low,150.0,40.0,5000.0,0.05,4.0,0.0,87.45,4.3725000000000005,17.490000000000002,2496.0,1774.5,70628.27351702702,11438.433892651401,82066.70740967842,44.78786970062605,60.545078413101294,40.22811142892168,12.100153020596194,-0.06059321098317881,0.1,0.16059321098317883
pizhou,tcn,event_weighted,43,low,150.0,40.0,5000.0,0.1,1.0,0.0,87.45,8.745000000000001,8.745000000000001,2496.0,1774.5,78469.21013612814,6983.464902881907,85452.67503901004,47.66958513035226,63.7190806760499,34.17239373624572,13.584375451884421,-0.020593210983178813,0.05,0.07059321098317882
pizhou,tcn,event_weighted,43,low,150.0,40.0,5000.0,0.1,2.0,0.0,87.45,8.745000000000001,17.490000000000002,2496.0,1774.5,62795.228354678446,12281.26586368887,75076.49421836731,40.03785878642645,55.38202307158003,50.141177684641406,10.667783427006038,-0.06059321098317881,0.1,0.16059321098317883
pizhou,tcn,event_weighted,43,low,150.0,40.0,5000.0,0.1,4.0,0.0,87.45,8.745000000000001,34.980000000000004,2496.0,1774.5,52592.82479914251,22876.867785302802,75469.69258444532,32.65383663675234,47.27250627370278,65.63471663219345,8.841031820034333,-0.14059321098317884,0.2,0.34059321098317885
pizhou,tcn,event_weighted,43,low,150.0,40.0,5000.0,0.2,1.0,0.0,87.45,17.490000000000002,17.490000000000002,2496.0,1774.5,67010.7379812405,13966.929805763813,80977.6677870043,38.64301841010431,53.86589222775162,53.05214890479207,11.550304754257988,-0.06059321098317881,0.1,0.16059321098317883
pizhou,tcn,event_weighted,43,low,150.0,40.0,5000.0,0.2,2.0,0.0,87.45,17.490000000000002,34.980000000000004,2496.0,1774.5,45366.343518990994,24562.53172737774,69928.87524636873,28.302638909667273,42.54294352687107,74.71547710610949,7.5187041954216545,-0.14059321098317884,0.2,0.34059321098317885
pizhou,tcn,event_weighted,43,low,150.0,40.0,5000.0,0.2,4.0,0.0,87.45,17.490000000000002,69.96000000000001,2496.0,1774.5,34347.38958728291,45753.735570605604,80101.12515788851,19.134156722964658,32.432071699969136,93.99483111971385,5.582810325969971,-0.27979732334418844,0.4,0.6797973233441885
pizhou,tcn,event_weighted,43,base,300.0,80.0,0.0,0.0,0.0,0.0,87.45,0.0,0.0,2496.0,1774.5,25732.270045796915,0.0,25732.270045796915,64.03356946538678,81.527490077261,0.0,16.823089952291806,0.0,0.0,0.0
pizhou,tcn,event_weighted,43,base,300.0,80.0,0.0,0.05,1.0,0.0,87.45,4.3725000000000005,4.3725000000000005,2496.0,1774.5,22544.06311284514,3491.7324514409534,26035.795564286094,54.51098713504579,71.17623864429645,19.873833763305537,15.108855863212302,-0.0005932109831788165,0.025,0.025593210983178818
pizhou,tcn,event_weighted,43,base,300.0,80.0,0.0,0.05,2.0,0.0,87.45,4.3725000000000005,8.745000000000001,2496.0,1774.5,20846.422635013598,6140.632931844435,26987.055566858035,49.46146065235132,65.66677146083148,30.432827429465487,13.279187632754944,-0.020593210983178813,0.05,0.07059321098317882
pizhou,tcn,event_weighted,43,base,300.0,80.0,0.0,0.05,4.0,0.0,87.45,4.3725000000000005,17.490000000000002,2496.0,1774.5,19267.492005664008,11438.433892651401,30705.925898315407,44.78786970062605,60.545078413101294,40.22811142892168,12.100153020596194,-0.06059321098317881,0.1,0.16059321098317883
pizhou,tcn,event_weighted,43,base,300.0,80.0,0.0,0.1,1.0,0.0,87.45,8.745000000000001,8.745000000000001,2496.0,1774.5,20246.533873300858,6983.464902881907,27229.998776182765,47.66958513035226,63.7190806760499,34.17239373624572,13.584375451884421,-0.020593210983178813,0.05,0.07059321098317882
pizhou,tcn,event_weighted,43,base,300.0,80.0,0.0,0.1,2.0,0.0,87.45,8.745000000000001,17.490000000000002,2496.0,1774.5,17677.27096047542,12281.26586368887,29958.536824164286,40.03785878642645,55.38202307158003,50.141177684641406,10.667783427006038,-0.06059321098317881,0.1,0.16059321098317883
pizhou,tcn,event_weighted,43,base,300.0,80.0,0.0,0.1,4.0,0.0,87.45,8.745000000000001,34.980000000000004,2496.0,1774.5,15176.641445431806,22876.867785302802,38053.509230734606,32.65383663675234,47.27250627370278,65.63471663219345,8.841031820034333,-0.14059321098317884,0.2,0.34059321098317885
pizhou,tcn,event_weighted,43,base,300.0,80.0,0.0,0.2,1.0,0.0,87.45,17.490000000000002,17.490000000000002,2496.0,1774.5,17210.30266057627,13966.929805763813,31177.232466340087,38.64301841010431,53.86589222775162,53.05214890479207,11.550304754257988,-0.06059321098317881,0.1,0.16059321098317883
pizhou,tcn,event_weighted,43,base,300.0,80.0,0.0,0.2,2.0,0.0,87.45,17.490000000000002,34.980000000000004,2496.0,1774.5,13719.93611940765,24562.53172737774,38282.467846785396,28.302638909667273,42.54294352687107,74.71547710610949,7.5187041954216545,-0.14059321098317884,0.2,0.34059321098317885
pizhou,tcn,event_weighted,43,base,300.0,80.0,0.0,0.2,4.0,0.0,87.45,17.490000000000002,69.96000000000001,2496.0,1774.5,10600.744333876517,45753.735570605604,56354.47990448211,19.134156722964658,32.432071699969136,93.99483111971385,5.582810325969971,-0.27979732334418844,0.4,0.6797973233441885
pizhou,tcn,event_weighted,43,base,300.0,80.0,1000.0,0.0,0.0,0.0,87.45,0.0,0.0,2496.0,1774.5,42555.35999808872,0.0,42555.35999808872,64.03356946538678,81.527490077261,0.0,16.823089952291806,0.0,0.0,0.0
pizhou,tcn,event_weighted,43,base,300.0,80.0,1000.0,0.05,1.0,0.0,87.45,4.3725000000000005,4.3725000000000005,2496.0,1774.5,37652.91897605744,3491.7324514409534,41144.65142749839,54.51098713504579,71.17623864429645,19.873833763305537,15.108855863212302,-0.0005932109831788165,0.025,0.025593210983178818
pizhou,tcn,event_weighted,43,base,300.0,80.0,1000.0,0.05,2.0,0.0,87.45,4.3725000000000005,8.745000000000001,2496.0,1774.5,34125.61026776854,6140.632931844435,40266.243199612974,49.46146065235132,65.66677146083148,30.432827429465487,13.279187632754944,-0.020593210983178813,0.05,0.07059321098317882
pizhou,tcn,event_weighted,43,base,300.0,80.0,1000.0,0.05,4.0,0.0,87.45,4.3725000000000005,17.490000000000002,2496.0,1774.5,31367.645026260197,11438.433892651401,42806.078918911604,44.78786970062605,60.545078413101294,40.22811142892168,12.100153020596194,-0.06059321098317881,0.1,0.16059321098317883
pizhou,tcn,event_weighted,43,base,300.0,80.0,1000.0,0.1,1.0,0.0,87.45,8.745000000000001,8.745000000000001,2496.0,1774.5,33830.909325185276,6983.464902881907,40814.37422806718,47.66958513035226,63.7190806760499,34.17239373624572,13.584375451884421,-0.020593210983178813,0.05,0.07059321098317882
pizhou,tcn,event_weighted,43,base,300.0,80.0,1000.0,0.1,2.0,0.0,87.45,8.745000000000001,17.490000000000002,2496.0,1774.5,28345.054387481458,12281.26586368887,40626.320251170335,40.03785878642645,55.38202307158003,50.141177684641406,10.667783427006038,-0.06059321098317881,0.1,0.16059321098317883
pizhou,tcn,event_weighted,43,base,300.0,80.0,1000.0,0.1,4.0,0.0,87.45,8.745000000000001,34.980000000000004,2496.0,1774.5,24017.67326546614,22876.867785302802,46894.54105076894,32.65383663675234,47.27250627370278,65.63471663219345,8.841031820034333,-0.14059321098317884,0.2,0.34059321098317885
pizhou,tcn,event_weighted,43,base,300.0,80.0,1000.0,0.2,1.0,0.0,87.45,17.490000000000002,17.490000000000002,2496.0,1774.5,28760.60741483426,13966.929805763813,42727.53722059807,38.64301841010431,53.86589222775162,53.05214890479207,11.550304754257988,-0.06059321098317881,0.1,0.16059321098317883
pizhou,tcn,event_weighted,43,base,300.0,80.0,1000.0,0.2,2.0,0.0,87.45,17.490000000000002,34.980000000000004,2496.0,1774.5,21238.640314829307,24562.53172737774,45801.17204220704,28.302638909667273,42.54294352687107,74.71547710610949,7.5187041954216545,-0.14059321098317884,0.2,0.34059321098317885
pizhou,tcn,event_weighted,43,base,300.0,80.0,1000.0,0.2,4.0,0.0,87.45,17.490000000000002,69.96000000000001,2496.0,1774.5,16183.55465984649,45753.735570605604,61937.29023045209,19.134156722964658,32.432071699969136,93.99483111971385,5.582810325969971,-0.27979732334418844,0.4,0.6797973233441885
pizhou,tcn,event_weighted,43,base,300.0,80.0,5000.0,0.0,0.0,0.0,87.45,0.0,0.0,2496.0,1774.5,109847.71980725595,0.0,109847.71980725595,64.03356946538678,81.527490077261,0.0,16.823089952291806,0.0,0.0,0.0
pizhou,tcn,event_weighted,43,base,300.0,80.0,5000.0,0.05,1.0,0.0,87.45,4.3725000000000005,4.3725000000000005,2496.0,1774.5,98088.34242890663,3491.7324514409534,101580.07488034759,54.51098713504579,71.17623864429645,19.873833763305537,15.108855863212302,-0.0005932109831788165,0.025,0.025593210983178818
pizhou,tcn,event_weighted,43,base,300.0,80.0,5000.0,0.05,2.0,0.0,87.45,4.3725000000000005,8.745000000000001,2496.0,1774.5,87242.36079878832,6140.632931844435,93382.99373063276,49.46146065235132,65.66677146083148,30.432827429465487,13.279187632754944,-0.020593210983178813,0.05,0.07059321098317882
pizhou,tcn,event_weighted,43,base,300.0,80.0,5000.0,0.05,4.0,0.0,87.45,4.3725000000000005,17.490000000000002,2496.0,1774.5,79768.25710864498,11438.433892651401,91206.69100129638,44.78786970062605,60.545078413101294,40.22811142892168,12.100153020596194,-0.06059321098317881,0.1,0.16059321098317883
pizhou,tcn,event_weighted,43,base,300.0,80.0,5000.0,0.1,1.0,0.0,87.45,8.745000000000001,8.745000000000001,2496.0,1774.5,88168.41113272296,6983.464902881907,95151.87603560486,47.66958513035226,63.7190806760499,34.17239373624572,13.584375451884421,-0.020593210983178813,0.05,0.07059321098317882
pizhou,tcn,event_weighted,43,base,300.0,80.0,5000.0,0.1,2.0,0.0,87.45,8.745000000000001,17.490000000000002,2496.0,1774.5,71016.18809550561,12281.26586368887,83297.45395919448,40.03785878642645,55.38202307158003,50.141177684641406,10.667783427006038,-0.06059321098317881,0.1,0.16059321098317883
pizhou,tcn,event_weighted,43,base,300.0,80.0,5000.0,0.1,4.0,0.0,87.45,8.745000000000001,34.980000000000004,2496.0,1774.5,59381.80054560347,22876.867785302802,82258.66833090628,32.65383663675234,47.27250627370278,65.63471663219345,8.841031820034333,-0.14059321098317884,0.2,0.34059321098317885
pizhou,tcn,event_weighted,43,base,300.0,80.0,5000.0,0.2,1.0,0.0,87.45,17.490000000000002,17.490000000000002,2496.0,1774.5,74961.82643186621,13966.929805763813,88928.75623763002,38.64301841010431,53.86589222775162,53.05214890479207,11.550304754257988,-0.06059321098317881,0.1,0.16059321098317883
pizhou,tcn,event_weighted,43,base,300.0,80.0,5000.0,0.2,2.0,0.0,87.45,17.490000000000002,34.980000000000004,2496.0,1774.5,51313.45709651592,24562.53172737774,75875.98882389367,28.302638909667273,42.54294352687107,74.71547710610949,7.5187041954216545,-0.14059321098317884,0.2,0.34059321098317885
pizhou,tcn,event_weighted,43,base,300.0,80.0,5000.0,0.2,4.0,0.0,87.45,17.490000000000002,69.96000000000001,2496.0,1774.5,38514.79596372637,45753.735570605604,84268.53153433197,19.134156722964658,32.432071699969136,93.99483111971385,5.582810325969971,-0.27979732334418844,0.4,0.6797973233441885
pizhou,tcn,event_weighted,43,high,600.0,160.0,0.0,0.0,0.0,0.0,87.45,0.0,0.0,2496.0,1774.5,51464.54009159383,0.0,51464.54009159383,64.03356946538678,81.527490077261,0.0,16.823089952291806,0.0,0.0,0.0
pizhou,tcn,event_weighted,43,high,600.0,160.0,0.0,0.05,1.0,0.0,87.45,4.3725000000000005,4.3725000000000005,2496.0,1774.5,44591.45834490259,3491.7324514409534,48083.190796343544,54.51098713504579,71.17623864429645,19.873833763305537,15.108855863212302,-0.0005932109831788165,0.025,0.025593210983178818
pizhou,tcn,event_weighted,43,high,600.0,160.0,0.0,0.05,2.0,0.0,87.45,4.3725000000000005,8.745000000000001,2496.0,1774.5,40938.20254758551,6140.632931844435,47078.835479429945,49.46146065235132,65.66677146083148,30.432827429465487,13.279187632754944,-0.020593210983178813,0.05,0.07059321098317882
pizhou,tcn,event_weighted,43,high,600.0,160.0,0.0,0.05,4.0,0.0,87.45,4.3725000000000005,17.490000000000002,2496.0,1774.5,37547.45918889993,11438.433892651401,48985.89308155133,44.78786970062605,60.545078413101294,40.22811142892168,12.100153020596194,-0.06059321098317881,0.1,0.16059321098317883
pizhou,tcn,event_weighted,43,high,600.0,160.0,0.0,0.1,1.0,0.0,87.45,8.745000000000001,8.745000000000001,2496.0,1774.5,39644.93586649053,6983.464902881907,46628.400769372434,47.66958513035226,63.7190806760499,34.17239373624572,13.584375451884421,-0.020593210983178813,0.05,0.07059321098317882
pizhou,tcn,event_weighted,43,high,600.0,160.0,0.0,0.1,2.0,0.0,87.45,8.745000000000001,17.490000000000002,2496.0,1774.5,34119.19044212976,12281.26586368887,46400.45630581863,40.03785878642645,55.38202307158003,50.141177684641406,10.667783427006038,-0.06059321098317881,0.1,0.16059321098317883
pizhou,tcn,event_weighted,43,high,600.0,160.0,0.0,0.1,4.0,0.0,87.45,8.745000000000001,34.980000000000004,2496.0,1774.5,28754.592938353737,22876.867785302802,51631.460723656535,32.65383663675234,47.27250627370278,65.63471663219345,8.841031820034333,-0.14059321098317884,0.2,0.34059321098317885
pizhou,tcn,event_weighted,43,high,600.0,160.0,0.0,0.2,1.0,0.0,87.45,17.490000000000002,17.490000000000002,2496.0,1774.5,33112.47956182769,13966.929805763813,47079.40936759151,38.64301841010431,53.86589222775162,53.05214890479207,11.550304754257988,-0.06059321098317881,0.1,0.16059321098317883
pizhou,tcn,event_weighted,43,high,600.0,160.0,0.0,0.2,2.0,0.0,87.45,17.490000000000002,34.980000000000004,2496.0,1774.5,25614.16327445752,24562.53172737774,50176.69500183527,28.302638909667273,42.54294352687107,74.71547710610949,7.5187041954216545,-0.14059321098317884,0.2,0.34059321098317885
pizhou,tcn,event_weighted,43,high,600.0,160.0,0.0,0.2,4.0,0.0,87.45,17.490000000000002,69.96000000000001,2496.0,1774.5,18935.557086763445,45753.735570605604,64689.29265736905,19.134156722964658,32.432071699969136,93.99483111971385,5.582810325969971,-0.27979732334418844,0.4,0.6797973233441885
pizhou,tcn,event_weighted,43,high,600.0,160.0,1000.0,0.0,0.0,0.0,87.45,0.0,0.0,2496.0,1774.5,68287.63004388564,0.0,68287.63004388564,64.03356946538678,81.527490077261,0.0,16.823089952291806,0.0,0.0,0.0
pizhou,tcn,event_weighted,43,high,600.0,160.0,1000.0,0.05,1.0,0.0,87.45,4.3725000000000005,4.3725000000000005,2496.0,1774.5,59700.31420811489,3491.7324514409534,63192.04665955584,54.51098713504579,71.17623864429645,19.873833763305537,15.108855863212302,-0.0005932109831788165,0.025,0.025593210983178818
pizhou,tcn,event_weighted,43,high,600.0,160.0,1000.0,0.05,2.0,0.0,87.45,4.3725000000000005,8.745000000000001,2496.0,1774.5,54217.39018034046,6140.632931844435,60358.0231121849,49.46146065235132,65.66677146083148,30.432827429465487,13.279187632754944,-0.020593210983178813,0.05,0.07059321098317882
pizhou,tcn,event_weighted,43,high,600.0,160.0,1000.0,0.05,4.0,0.0,87.45,4.3725000000000005,17.490000000000002,2496.0,1774.5,49647.61220949612,11438.433892651401,61086.04610214752,44.78786970062605,60.545078413101294,40.22811142892168,12.100153020596194,-0.06059321098317881,0.1,0.16059321098317883
pizhou,tcn,event_weighted,43,high,600.0,160.0,1000.0,0.1,1.0,0.0,87.45,8.745000000000001,8.745000000000001,2496.0,1774.5,53229.31131837495,6983.464902881907,60212.776221256856,47.66958513035226,63.7190806760499,34.17239373624572,13.584375451884421,-0.020593210983178813,0.05,0.07059321098317882
pizhou,tcn,event_weighted,43,high,600.0,160.0,1000.0,0.1,2.0,0.0,87.45,8.745000000000001,17.490000000000002,2496.0,1774.5,44786.9738691358,12281.26586368887,57068.239732824666,40.03785878642645,55.38202307158003,50.141177684641406,10.667783427006038,-0.06059321098317881,0.1,0.16059321098317883
pizhou,tcn,event_weighted,43,high,600.0,160.0,1000.0,0.1,4.0,0.0,87.45,8.745000000000001,34.980000000000004,2496.0,1774.5,37595.62475838807,22876.867785302802,60472.49254369087,32.65383663675234,47.27250627370278,65.63471663219345,8.841031820034333,-0.14059321098317884,0.2,0.34059321098317885
pizhou,tcn,event_weighted,43,high,600.0,160.0,1000.0,0.2,1.0,0.0,87.45,17.490000000000002,17.490000000000002,2496.0,1774.5,44662.78431608568,13966.929805763813,58629.71412184949,38.64301841010431,53.86589222775162,53.05214890479207,11.550304754257988,-0.06059321098317881,0.1,0.16059321098317883
pizhou,tcn,event_weighted,43,high,600.0,160.0,1000.0,0.2,2.0,0.0,87.45,17.490000000000002,34.980000000000004,2496.0,1774.5,33132.86746987918,24562.53172737774,57695.39919725692,28.302638909667273,42.54294352687107,74.71547710610949,7.5187041954216545,-0.14059321098317884,0.2,0.34059321098317885
pizhou,tcn,event_weighted,43,high,600.0,160.0,1000.0,0.2,4.0,0.0,87.45,17.490000000000002,69.96000000000001,2496.0,1774.5,24518.367412733412,45753.735570605604,70272.10298333902,19.134156722964658,32.432071699969136,93.99483111971385,5.582810325969971,-0.27979732334418844,0.4,0.6797973233441885
pizhou,tcn,event_weighted,43,high,600.0,160.0,5000.0,0.0,0.0,0.0,87.45,0.0,0.0,2496.0,1774.5,135579.9898530529,0.0,135579.9898530529,64.03356946538678,81.527490077261,0.0,16.823089952291806,0.0,0.0,0.0
pizhou,tcn,event_weighted,43,high,600.0,160.0,5000.0,0.05,1.0,0.0,87.45,4.3725000000000005,4.3725000000000005,2496.0,1774.5,120135.7376609641,3491.7324514409534,123627.47011240505,54.51098713504579,71.17623864429645,19.873833763305537,15.108855863212302,-0.0005932109831788165,0.025,0.025593210983178818
pizhou,tcn,event_weighted,43,high,600.0,160.0,5000.0,0.05,2.0,0.0,87.45,4.3725000000000005,8.745000000000001,2496.0,1774.5,107334.14071136023,6140.632931844435,113474.77364320468,49.46146065235132,65.66677146083148,30.432827429465487,13.279187632754944,-0.020593210983178813,0.05,0.07059321098317882
pizhou,tcn,event_weighted,43,high,600.0,160.0,5000.0,0.05,4.0,0.0,87.45,4.3725000000000005,17.490000000000002,2496.0,1774.5,98048.22429188089,11438.433892651401,109486.6581845323,44.78786970062605,60.545078413101294,40.22811142892168,12.100153020596194,-0.06059321098317881,0.1,0.16059321098317883
pizhou,tcn,event_weighted,43,high,600.0,160.0,5000.0,0.1,1.0,0.0,87.45,8.745000000000001,8.745000000000001,2496.0,1774.5,107566.81312591262,6983.464902881907,114550.27802879454,47.66958513035226,63.7190806760499,34.17239373624572,13.584375451884421,-0.020593210983178813,0.05,0.07059321098317882
pizhou,tcn,event_weighted,43,high,600.0,160.0,5000.0,0.1,2.0,0.0,87.45,8.745000000000001,17.490000000000002,2496.0,1774.5,87458.10757715996,12281.26586368887,99739.37344084884,40.03785878642645,55.38202307158003,50.141177684641406,10.667783427006038,-0.06059321098317881,0.1,0.16059321098317883
pizhou,tcn,event_weighted,43,high,600.0,160.0,5000.0,0.1,4.0,0.0,87.45,8.745000000000001,34.980000000000004,2496.0,1774.5,72959.7520385254,22876.867785302802,95836.61982382821,32.65383663675234,47.27250627370278,65.63471663219345,8.841031820034333,-0.14059321098317884,0.2,0.34059321098317885
pizhou,tcn,event_weighted,43,high,600.0,160.0,5000.0,0.2,1.0,0.0,87.45,17.490000000000002,17.490000000000002,2496.0,1774.5,90864.00333311764,13966.929805763813,104830.93313888145,38.64301841010431,53.86589222775162,53.05214890479207,11.550304754257988,-0.06059321098317881,0.1,0.16059321098317883
pizhou,tcn,event_weighted,43,high,600.0,160.0,5000.0,0.2,2.0,0.0,87.45,17.490000000000002,34.980000000000004,2496.0,1774.5,63207.6842515658,24562.53172737774,87770.21597894354,28.302638909667273,42.54294352687107,74.71547710610949,7.5187041954216545,-0.14059321098317884,0.2,0.34059321098317885
pizhou,tcn,event_weighted,43,high,600.0,160.0,5000.0,0.2,4.0,0.0,87.45,17.490000000000002,69.96000000000001,2496.0,1774.5,46849.60871661329,45753.735570605604,92603.34428721889,19.134156722964658,32.432071699969136,93.99483111971385,5.582810325969971,-0.27979732334418844,0.4,0.6797973233441885
pizhou,timesnet,mse,41,low,150.0,40.0,0.0,0.0,0.0,0.0,87.45,0.0,0.0,2496.0,1774.5,11857.047565643546,0.0,11857.047565643546,57.88219494997411,79.36795807868575,0.0,18.331381830988544,0.0,0.0,0.0
pizhou,timesnet,mse,41,low,150.0,40.0,0.0,0.05,1.0,0.0,87.45,4.3725000000000005,4.3725000000000005,2496.0,1774.5,10380.153827466884,3491.7324514409534,13871.886278907838,47.42536100526181,68.00415416944885,21.820637853948977,16.599688065652245,0.0022252118364454246,0.025,0.022774788163554577
pizhou,timesnet,mse,41,low,150.0,40.0,0.0,0.05,2.0,0.0,87.45,4.3725000000000005,8.745000000000001,2496.0,1774.5,9697.16674060637,6140.632931844435,15837.799672450805,42.63658892818273,62.77811568773971,31.835448412737552,14.921377100366676,-0.017774788163554572,0.05,0.06777478816355458
pizhou,timesnet,mse,41,low,150.0,40.0,0.0,0.05,4.0,0.0,87.45,4.3725000000000005,17.490000000000002,2496.0,1774.5,8990.881866202233,11438.433892651401,20429.315758853634,37.72761519995947,57.40057179598991,42.121966032711285,13.214027297662986,-0.05777478816355459,0.1,0.15777478816355459
pizhou,timesnet,mse,41,low,150.0,40.0,0.0,0.1,1.0,0.0,87.45,8.745000000000001,8.745000000000001,2496.0,1774.5,9390.985144598813,6983.464902881907,16374.450047480721,40.46976532566779,60.42287264152784,36.357515061464014,14.914988888582194,-0.017774788163554572,0.05,0.06777478816355458
pizhou,timesnet,mse,41,low,150.0,40.0,0.0,0.1,2.0,0.0,87.45,8.745000000000001,17.490000000000002,2496.0,1774.5,8259.127014417301,12281.26586368887,20540.392878106173,32.54904240271239,51.77168832072147,52.92942230522601,12.02931828849875,-0.05777478816355459,0.1,0.15777478816355459
pizhou,timesnet,mse,41,low,150.0,40.0,0.0,0.1,4.0,0.0,87.45,8.745000000000001,34.980000000000004,2496.0,1774.5,7195.845375687537,22876.867785302802,30072.713160990337,25.20298003297546,43.703432153210606,68.34374084247443,9.623656701150933,-0.13777478816355457,0.2,0.3377747881635546
pizhou,timesnet,mse,41,low,150.0,40.0,0.0,0.2,1.0,0.0,87.45,17.490000000000002,17.490000000000002,2496.0,1774.5,7979.471928002455,13966.929805763813,21946.401733766266,30.569944868084274,49.620495348299556,57.05971281227591,12.461090150514606,-0.05777478816355459,0.1,0.15777478816355459
pizhou,timesnet,mse,41,low,150.0,40.0,0.0,0.2,2.0,0.0,87.45,17.490000000000002,34.980000000000004,2496.0,1774.5,6438.777484635869,24562.53172737774,31001.309212013606,19.845268803994575,37.87983299127487,79.52505123339019,8.488439933595368,-0.13777478816355457,0.2,0.3377747881635546
pizhou,timesnet,mse,41,low,150.0,40.0,0.0,0.2,4.0,0.0,87.45,17.490000000000002,69.96000000000001,2496.0,1774.5,5105.461578880463,45753.735570605604,50859.19714948606,10.529772607612431,27.69815558909584,99.02222483195159,5.790460762047721,-0.1916205220800811,0.4,0.5916205220800811
pizhou,timesnet,mse,41,low,150.0,40.0,1000.0,0.0,0.0,0.0,87.45,0.0,0.0,2496.0,1774.5,30188.42939663209,0.0,30188.42939663209,57.88219494997411,79.36795807868575,0.0,18.331381830988544,0.0,0.0,0.0
pizhou,timesnet,mse,41,low,150.0,40.0,1000.0,0.05,1.0,0.0,87.45,4.3725000000000005,4.3725000000000005,2496.0,1774.5,26979.841893119123,3491.7324514409534,30471.57434456008,47.42536100526181,68.00415416944885,21.820637853948977,16.599688065652245,0.0022252118364454246,0.025,0.022774788163554577
pizhou,timesnet,mse,41,low,150.0,40.0,1000.0,0.05,2.0,0.0,87.45,4.3725000000000005,8.745000000000001,2496.0,1774.5,24618.543840973052,6140.632931844435,30759.176772817485,42.63658892818273,62.77811568773971,31.835448412737552,14.921377100366676,-0.017774788163554572,0.05,0.06777478816355458
pizhou,timesnet,mse,41,low,150.0,40.0,1000.0,0.05,4.0,0.0,87.45,4.3725000000000005,17.490000000000002,2496.0,1774.5,22204.909163865217,11438.433892651401,33643.34305651661,37.72761519995947,57.40057179598991,42.121966032711285,13.214027297662986,-0.05777478816355459,0.1,0.15777478816355459
pizhou,timesnet,mse,41,low,150.0,40.0,1000.0,0.1,1.0,0.0,87.45,8.745000000000001,8.745000000000001,2496.0,1774.5,24305.97403318101,6983.464902881907,31289.438936062914,40.46976532566779,60.42287264152784,36.357515061464014,14.914988888582194,-0.017774788163554572,0.05,0.06777478816355458
pizhou,timesnet,mse,41,low,150.0,40.0,1000.0,0.1,2.0,0.0,87.45,8.745000000000001,17.490000000000002,2496.0,1774.5,20288.44530291605,12281.26586368887,32569.711166604917,32.54904240271239,51.77168832072147,52.92942230522601,12.02931828849875,-0.05777478816355459,0.1,0.15777478816355459
pizhou,timesnet,mse,41,low,150.0,40.0,1000.0,0.1,4.0,0.0,87.45,8.745000000000001,34.980000000000004,2496.0,1774.5,16819.50207683847,22876.867785302802,39696.36986214128,25.20298003297546,43.703432153210606,68.34374084247443,9.623656701150933,-0.13777478816355457,0.2,0.3377747881635546
pizhou,timesnet,mse,41,low,150.0,40.0,1000.0,0.2,1.0,0.0,87.45,17.490000000000002,17.490000000000002,2496.0,1774.5,20440.56207851706,13966.929805763813,34407.49188428088,30.569944868084274,49.620495348299556,57.05971281227591,12.461090150514606,-0.05777478816355459,0.1,0.15777478816355459
pizhou,timesnet,mse,41,low,150.0,40.0,1000.0,0.2,2.0,0.0,87.45,17.490000000000002,34.980000000000004,2496.0,1774.5,14927.217418231237,24562.53172737774,39489.74914560898,19.845268803994575,37.87983299127487,79.52505123339019,8.488439933595368,-0.13777478816355457,0.2,0.3377747881635546
pizhou,timesnet,mse,41,low,150.0,40.0,1000.0,0.2,4.0,0.0,87.45,17.490000000000002,69.96000000000001,2496.0,1774.5,10895.922340928184,45753.735570605604,56649.65791153379,10.529772607612431,27.69815558909584,99.02222483195159,5.790460762047721,-0.1916205220800811,0.4,0.5916205220800811
pizhou,timesnet,mse,41,low,150.0,40.0,5000.0,0.0,0.0,0.0,87.45,0.0,0.0,2496.0,1774.5,103513.95672058628,0.0,103513.95672058628,57.88219494997411,79.36795807868575,0.0,18.331381830988544,0.0,0.0,0.0
pizhou,timesnet,mse,41,low,150.0,40.0,5000.0,0.05,1.0,0.0,87.45,4.3725000000000005,4.3725000000000005,2496.0,1774.5,93378.59415572812,3491.7324514409534,96870.32660716907,47.42536100526181,68.00415416944885,21.820637853948977,16.599688065652245,0.0022252118364454246,0.025,0.022774788163554577
pizhou,timesnet,mse,41,low,150.0,40.0,5000.0,0.05,2.0,0.25,87.45,4.3725000000000005,8.745000000000001,2496.0,1774.5,84765.03996705181,6140.632931844435,90905.67289889626,44.26920118137921,64.55269422382284,28.428257623457696,14.967435603350928,-0.017774788163554572,0.05,0.06777478816355458
pizhou,timesnet,mse,41,low,150.0,40.0,5000.0,0.05,4.0,0.0,87.45,4.3725000000000005,17.490000000000002,2496.0,1774.5,75061.01835451716,11438.433892651401,86499.45224716856,37.72761519995947,57.40057179598991,42.121966032711285,13.214027297662986,-0.05777478816355459,0.1,0.15777478816355459
pizhou,timesnet,mse,41,low,150.0,40.0,5000.0,0.1,1.0,0.0,87.45,8.745000000000001,8.745000000000001,2496.0,1774.5,83965.92958750977,6983.464902881907,90949.39449039167,40.46976532566779,60.42287264152784,36.357515061464014,14.914988888582194,-0.017774788163554572,0.05,0.06777478816355458
pizhou,timesnet,mse,41,low,150.0,40.0,5000.0,0.1,2.0,0.0,87.45,8.745000000000001,17.490000000000002,2496.0,1774.5,68405.71845691104,12281.26586368887,80686.98432059992,32.54904240271239,51.77168832072147,52.92942230522601,12.02931828849875,-0.05777478816355459,0.1,0.15777478816355459
pizhou,timesnet,mse,41,low,150.0,40.0,5000.0,0.1,4.0,0.0,87.45,8.745000000000001,34.980000000000004,2496.0,1774.5,55314.12888144221,22876.867785302802,78190.996666745,25.20298003297546,43.703432153210606,68.34374084247443,9.623656701150933,-0.13777478816355457,0.2,0.3377747881635546
pizhou,timesnet,mse,41,low,150.0,40.0,5000.0,0.2,1.0,0.0,87.45,17.490000000000002,17.490000000000002,2496.0,1774.5,70284.92268057549,13966.929805763813,84251.8524863393,30.569944868084274,49.620495348299556,57.05971281227591,12.461090150514606,-0.05777478816355459,0.1,0.15777478816355459
pizhou,timesnet,mse,41,low,150.0,40.0,5000.0,0.2,2.0,0.0,87.45,17.490000000000002,34.980000000000004,2496.0,1774.5,48880.977152612715,24562.53172737774,73443.50887999045,19.845268803994575,37.87983299127487,79.52505123339019,8.488439933595368,-0.13777478816355457,0.2,0.3377747881635546
pizhou,timesnet,mse,41,low,150.0,40.0,5000.0,0.2,4.0,0.0,87.45,17.490000000000002,69.96000000000001,2496.0,1774.5,34057.76538911907,45753.735570605604,79811.50095972467,10.529772607612431,27.69815558909584,99.02222483195159,5.790460762047721,-0.1916205220800811,0.4,0.5916205220800811
pizhou,timesnet,mse,41,base,300.0,80.0,0.0,0.0,0.0,0.0,87.45,0.0,0.0,2496.0,1774.5,23714.095131287093,0.0,23714.095131287093,57.88219494997411,79.36795807868575,0.0,18.331381830988544,0.0,0.0,0.0
pizhou,timesnet,mse,41,base,300.0,80.0,0.0,0.05,1.0,0.0,87.45,4.3725000000000005,4.3725000000000005,2496.0,1774.5,20214.124145034108,3491.7324514409534,23705.85659647506,47.42536100526181,68.00415416944885,21.820637853948977,16.599688065652245,0.0022252118364454246,0.025,0.022774788163554577
pizhou,timesnet,mse,41,base,300.0,80.0,0.0,0.05,2.0,0.0,87.45,4.3725000000000005,8.745000000000001,2496.0,1774.5,18603.77970734337,6140.632931844435,24744.4126391878,42.63658892818273,62.77811568773971,31.835448412737552,14.921377100366676,-0.017774788163554572,0.05,0.06777478816355458
pizhou,timesnet,mse,41,base,300.0,80.0,0.0,0.05,4.0,0.0,87.45,4.3725000000000005,17.490000000000002,2496.0,1774.5,16946.04701803575,11438.433892651401,28384.48091068715,37.72761519995947,57.40057179598991,42.121966032711285,13.214027297662986,-0.05777478816355459,0.1,0.15777478816355459
pizhou,timesnet,mse,41,base,300.0,80.0,0.0,0.1,1.0,0.0,87.45,8.745000000000001,8.745000000000001,2496.0,1774.5,17878.364849110098,6983.464902881907,24861.829751992,40.46976532566779,60.42287264152784,36.357515061464014,14.914988888582194,-0.017774788163554572,0.05,0.06777478816355458
pizhou,timesnet,mse,41,base,300.0,80.0,0.0,0.1,2.0,0.0,87.45,8.745000000000001,17.490000000000002,2496.0,1774.5,15212.350907653019,12281.26586368887,27493.61677134189,32.54904240271239,51.77168832072147,52.92942230522601,12.02931828849875,-0.05777478816355459,0.1,0.15777478816355459
pizhou,timesnet,mse,41,base,300.0,80.0,0.0,0.1,4.0,0.0,87.45,8.745000000000001,34.980000000000004,2496.0,1774.5,12724.429666762282,22876.867785302802,35601.29745206508,25.20298003297546,43.703432153210606,68.34374084247443,9.623656701150933,-0.13777478816355457,0.2,0.3377747881635546
pizhou,timesnet,mse,41,base,300.0,80.0,0.0,0.2,1.0,0.0,87.45,17.490000000000002,17.490000000000002,2496.0,1774.5,14549.783472147079,13966.929805763813,28516.713277910894,30.569944868084274,49.620495348299556,57.05971281227591,12.461090150514606,-0.05777478816355459,0.1,0.15777478816355459
pizhou,timesnet,mse,41,base,300.0,80.0,0.0,0.2,2.0,0.0,87.45,17.490000000000002,34.980000000000004,2496.0,1774.5,10930.76112488605,24562.53172737774,35493.29285226379,19.845268803994575,37.87983299127487,79.52505123339019,8.488439933595368,-0.13777478816355457,0.2,0.3377747881635546
pizhou,timesnet,mse,41,base,300.0,80.0,0.0,0.2,4.0,0.0,87.45,17.490000000000002,69.96000000000001,2496.0,1774.5,7792.853693586161,45753.735570605604,53546.58926419177,10.529772607612431,27.69815558909584,99.02222483195159,5.790460762047721,-0.1916205220800811,0.4,0.5916205220800811
pizhou,timesnet,mse,41,base,300.0,80.0,1000.0,0.0,0.0,0.0,87.45,0.0,0.0,2496.0,1774.5,42045.476962275636,0.0,42045.476962275636,57.88219494997411,79.36795807868575,0.0,18.331381830988544,0.0,0.0,0.0
pizhou,timesnet,mse,41,base,300.0,80.0,1000.0,0.05,1.0,0.0,87.45,4.3725000000000005,4.3725000000000005,2496.0,1774.5,36813.81221068635,3491.7324514409534,40305.54466212731,47.42536100526181,68.00415416944885,21.820637853948977,16.599688065652245,0.0022252118364454246,0.025,0.022774788163554577
pizhou,timesnet,mse,41,base,300.0,80.0,1000.0,0.05,2.0,0.0,87.45,4.3725000000000005,8.745000000000001,2496.0,1774.5,33525.15680771005,6140.632931844435,39665.789739554486,42.63658892818273,62.77811568773971,31.835448412737552,14.921377100366676,-0.017774788163554572,0.05,0.06777478816355458
pizhou,timesnet,mse,41,base,300.0,80.0,1000.0,0.05,4.0,0.0,87.45,4.3725000000000005,17.490000000000002,2496.0,1774.5,30160.074315698734,11438.433892651401,41598.50820835013,37.72761519995947,57.40057179598991,42.121966032711285,13.214027297662986,-0.05777478816355459,0.1,0.15777478816355459
pizhou,timesnet,mse,41,base,300.0,80.0,1000.0,0.1,1.0,0.0,87.45,8.745000000000001,8.745000000000001,2496.0,1774.5,32793.35373769229,6983.464902881907,39776.8186405742,40.46976532566779,60.42287264152784,36.357515061464014,14.914988888582194,-0.017774788163554572,0.05,0.06777478816355458
pizhou,timesnet,mse,41,base,300.0,80.0,1000.0,0.1,2.0,0.0,87.45,8.745000000000001,17.490000000000002,2496.0,1774.5,27241.669196151764,12281.26586368887,39522.93505984064,32.54904240271239,51.77168832072147,52.92942230522601,12.02931828849875,-0.05777478816355459,0.1,0.15777478816355459
pizhou,timesnet,mse,41,base,300.0,80.0,1000.0,0.1,4.0,0.0,87.45,8.745000000000001,34.980000000000004,2496.0,1774.5,22348.086367913216,22876.867785302802,45224.954153216015,25.20298003297546,43.703432153210606,68.34374084247443,9.623656701150933,-0.13777478816355457,0.2,0.3377747881635546
pizhou,timesnet,mse,41,base,300.0,80.0,1000.0,0.2,1.0,0.0,87.45,17.490000000000002,17.490000000000002,2496.0,1774.5,27010.87362266168,13966.929805763813,40977.8034284255,30.569944868084274,49.620495348299556,57.05971281227591,12.461090150514606,-0.05777478816355459,0.1,0.15777478816355459
pizhou,timesnet,mse,41,base,300.0,80.0,1000.0,0.2,2.0,0.0,87.45,17.490000000000002,34.980000000000004,2496.0,1774.5,19419.20105848142,24562.53172737774,43981.73278585916,19.845268803994575,37.87983299127487,79.52505123339019,8.488439933595368,-0.13777478816355457,0.2,0.3377747881635546
pizhou,timesnet,mse,41,base,300.0,80.0,1000.0,0.2,4.0,0.0,87.45,17.490000000000002,69.96000000000001,2496.0,1774.5,13583.314455633881,45753.735570605604,59337.05002623948,10.529772607612431,27.69815558909584,99.02222483195159,5.790460762047721,-0.1916205220800811,0.4,0.5916205220800811
pizhou,timesnet,mse,41,base,300.0,80.0,5000.0,0.0,0.0,0.0,87.45,0.0,0.0,2496.0,1774.5,115371.00428622983,0.0,115371.00428622983,57.88219494997411,79.36795807868575,0.0,18.331381830988544,0.0,0.0,0.0
pizhou,timesnet,mse,41,base,300.0,80.0,5000.0,0.05,1.0,0.0,87.45,4.3725000000000005,4.3725000000000005,2496.0,1774.5,103212.56447329534,3491.7324514409534,106704.29692473629,47.42536100526181,68.00415416944885,21.820637853948977,16.599688065652245,0.0022252118364454246,0.025,0.022774788163554577
pizhou,timesnet,mse,41,base,300.0,80.0,5000.0,0.05,2.0,0.0,87.45,4.3725000000000005,8.745000000000001,2496.0,1774.5,93210.66520917675,6140.632931844435,99351.29814102118,42.63658892818273,62.77811568773971,31.835448412737552,14.921377100366676,-0.017774788163554572,0.05,0.06777478816355458
pizhou,timesnet,mse,41,base,300.0,80.0,5000.0,0.05,4.0,0.0,87.45,4.3725000000000005,17.490000000000002,2496.0,1774.5,83016.18350635067,11438.433892651401,94454.61739900208,37.72761519995947,57.40057179598991,42.121966032711285,13.214027297662986,-0.05777478816355459,0.1,0.15777478816355459
pizhou,timesnet,mse,41,base,300.0,80.0,5000.0,0.1,1.0,0.0,87.45,8.745000000000001,8.745000000000001,2496.0,1774.5,92453.30929202106,6983.464902881907,99436.77419490296,40.46976532566779,60.42287264152784,36.357515061464014,14.914988888582194,-0.017774788163554572,0.05,0.06777478816355458
pizhou,timesnet,mse,41,base,300.0,80.0,5000.0,0.1,2.0,0.0,87.45,8.745000000000001,17.490000000000002,2496.0,1774.5,75358.94235014677,12281.26586368887,87640.20821383563,32.54904240271239,51.77168832072147,52.92942230522601,12.02931828849875,-0.05777478816355459,0.1,0.15777478816355459
pizhou,timesnet,mse,41,base,300.0,80.0,5000.0,0.1,4.0,0.0,87.45,8.745000000000001,34.980000000000004,2496.0,1774.5,60842.71317251696,22876.867785302802,83719.58095781977,25.20298003297546,43.703432153210606,68.34374084247443,9.623656701150933,-0.13777478816355457,0.2,0.3377747881635546
pizhou,timesnet,mse,41,base,300.0,80.0,5000.0,0.2,1.0,0.0,87.45,17.490000000000002,17.490000000000002,2496.0,1774.5,76855.2342247201,13966.929805763813,90822.16403048391,30.569944868084274,49.620495348299556,57.05971281227591,12.461090150514606,-0.05777478816355459,0.1,0.15777478816355459
pizhou,timesnet,mse,41,base,300.0,80.0,5000.0,0.2,2.0,0.0,87.45,17.490000000000002,34.980000000000004,2496.0,1774.5,53372.96079286289,24562.53172737774,77935.49252024064,19.845268803994575,37.87983299127487,79.52505123339019,8.488439933595368,-0.13777478816355457,0.2,0.3377747881635546
pizhou,timesnet,mse,41,base,300.0,80.0,5000.0,0.2,4.0,0.0,87.45,17.490000000000002,69.96000000000001,2496.0,1774.5,36745.157503824776,45753.735570605604,82498.89307443038,10.529772607612431,27.69815558909584,99.02222483195159,5.790460762047721,-0.1916205220800811,0.4,0.5916205220800811
pizhou,timesnet,mse,41,high,600.0,160.0,0.0,0.0,0.0,0.0,87.45,0.0,0.0,2496.0,1774.5,47428.190262574186,0.0,47428.190262574186,57.88219494997411,79.36795807868575,0.0,18.331381830988544,0.0,0.0,0.0
pizhou,timesnet,mse,41,high,600.0,160.0,0.0,0.05,1.0,0.0,87.45,4.3725000000000005,4.3725000000000005,2496.0,1774.5,39882.06478016856,3491.7324514409534,43373.79723160951,47.42536100526181,68.00415416944885,21.820637853948977,16.599688065652245,0.0022252118364454246,0.025,0.022774788163554577
pizhou,timesnet,mse,41,high,600.0,160.0,0.0,0.05,2.0,0.0,87.45,4.3725000000000005,8.745000000000001,2496.0,1774.5,36417.00564081737,6140.632931844435,42557.6385726618,42.63658892818273,62.77811568773971,31.835448412737552,14.921377100366676,-0.017774788163554572,0.05,0.06777478816355458
pizhou,timesnet,mse,41,high,600.0,160.0,0.0,0.05,4.0,0.0,87.45,4.3725000000000005,17.490000000000002,2496.0,1774.5,32856.377321702785,11438.433892651401,44294.81121435418,37.72761519995947,57.40057179598991,42.121966032711285,13.214027297662986,-0.05777478816355459,0.1,0.15777478816355459
pizhou,timesnet,mse,41,high,600.0,160.0,0.0,0.1,1.0,0.0,87.45,8.745000000000001,8.745000000000001,2496.0,1774.5,34853.12425813266,6983.464902881907,41836.58916101456,40.46976532566779,60.42287264152784,36.357515061464014,14.914988888582194,-0.017774788163554572,0.05,0.06777478816355458
pizhou,timesnet,mse,41,high,600.0,160.0,0.0,0.1,2.0,0.0,87.45,8.745000000000001,17.490000000000002,2496.0,1774.5,29118.79869412445,12281.26586368887,41400.06455781332,32.54904240271239,51.77168832072147,52.92942230522601,12.02931828849875,-0.05777478816355459,0.1,0.15777478816355459
pizhou,timesnet,mse,41,high,600.0,160.0,0.0,0.1,4.0,0.0,87.45,8.745000000000001,34.980000000000004,2496.0,1774.5,23781.59824891177,22876.867785302802,46658.46603421457,25.20298003297546,43.703432153210606,68.34374084247443,9.623656701150933,-0.13777478816355457,0.2,0.3377747881635546
pizhou,timesnet,mse,41,high,600.0,160.0,0.0,0.2,1.0,0.0,87.45,17.490000000000002,17.490000000000002,2496.0,1774.5,27690.406560436324,13966.929805763813,41657.33636620014,30.569944868084274,49.620495348299556,57.05971281227591,12.461090150514606,-0.05777478816355459,0.1,0.15777478816355459
pizhou,timesnet,mse,41,high,600.0,160.0,0.0,0.2,2.0,0.0,87.45,17.490000000000002,34.980000000000004,2496.0,1774.5,19914.728405386413,24562.53172737774,44477.26013276415,19.845268803994575,37.87983299127487,79.52505123339019,8.488439933595368,-0.13777478816355457,0.2,0.3377747881635546
pizhou,timesnet,mse,41,high,600.0,160.0,0.0,0.2,4.0,0.0,87.45,17.490000000000002,69.96000000000001,2496.0,1774.5,13167.637922997557,45753.735570605604,58921.37349360316,10.529772607612431,27.69815558909584,99.02222483195159,5.790460762047721,-0.1916205220800811,0.4,0.5916205220800811
pizhou,timesnet,mse,41,high,600.0,160.0,1000.0,0.0,0.0,0.0,87.45,0.0,0.0,2496.0,1774.5,65759.57209356273,0.0,65759.57209356273,57.88219494997411,79.36795807868575,0.0,18.331381830988544,0.0,0.0,0.0
pizhou,timesnet,mse,41,high,600.0,160.0,1000.0,0.05,1.0,0.0,87.45,4.3725000000000005,4.3725000000000005,2496.0,1774.5,56481.75284582081,3491.7324514409534,59973.48529726176,47.42536100526181,68.00415416944885,21.820637853948977,16.599688065652245,0.0022252118364454246,0.025,0.022774788163554577
pizhou,timesnet,mse,41,high,600.0,160.0,1000.0,0.05,2.0,0.0,87.45,4.3725000000000005,8.745000000000001,2496.0,1774.5,51338.38274118403,6140.632931844435,57479.01567302847,42.63658892818273,62.77811568773971,31.835448412737552,14.921377100366676,-0.017774788163554572,0.05,0.06777478816355458
pizhou,timesnet,mse,41,high,600.0,160.0,1000.0,0.05,4.0,0.0,87.45,4.3725000000000005,17.490000000000002,2496.0,1774.5,46070.40461936577,11438.433892651401,57508.838512017166,37.72761519995947,57.40057179598991,42.121966032711285,13.214027297662986,-0.05777478816355459,0.1,0.15777478816355459
pizhou,timesnet,mse,41,high,600.0,160.0,1000.0,0.1,1.0,0.0,87.45,8.745000000000001,8.745000000000001,2496.0,1774.5,49768.11314671485,6983.464902881907,56751.578049596756,40.46976532566779,60.42287264152784,36.357515061464014,14.914988888582194,-0.017774788163554572,0.05,0.06777478816355458
pizhou,timesnet,mse,41,high,600.0,160.0,1000.0,0.1,2.0,0.0,87.45,8.745000000000001,17.490000000000002,2496.0,1774.5,41148.1169826232,12281.26586368887,53429.38284631207,32.54904240271239,51.77168832072147,52.92942230522601,12.02931828849875,-0.05777478816355459,0.1,0.15777478816355459
pizhou,timesnet,mse,41,high,600.0,160.0,1000.0,0.1,4.0,0.0,87.45,8.745000000000001,34.980000000000004,2496.0,1774.5,33405.25495006271,22876.867785302802,56282.122735365505,25.20298003297546,43.703432153210606,68.34374084247443,9.623656701150933,-0.13777478816355457,0.2,0.3377747881635546
pizhou,timesnet,mse,41,high,600.0,160.0,1000.0,0.2,1.0,0.0,87.45,17.490000000000002,17.490000000000002,2496.0,1774.5,40151.49671095093,13966.929805763813,54118.426516714746,30.569944868084274,49.620495348299556,57.05971281227591,12.461090150514606,-0.05777478816355459,0.1,0.15777478816355459
pizhou,timesnet,mse,41,high,600.0,160.0,1000.0,0.2,2.0,0.0,87.45,17.490000000000002,34.980000000000004,2496.0,1774.5,28403.168338981784,24562.53172737774,52965.700066359524,19.845268803994575,37.87983299127487,79.52505123339019,8.488439933595368,-0.13777478816355457,0.2,0.3377747881635546
pizhou,timesnet,mse,41,high,600.0,160.0,1000.0,0.2,4.0,0.0,87.45,17.490000000000002,69.96000000000001,2496.0,1774.5,18958.09868504528,45753.735570605604,64711.83425565087,10.529772607612431,27.69815558909584,99.02222483195159,5.790460762047721,-0.1916205220800811,0.4,0.5916205220800811
pizhou,timesnet,mse,41,high,600.0,160.0,5000.0,0.0,0.0,0.0,87.45,0.0,0.0,2496.0,1774.5,139085.0994175169,0.0,139085.0994175169,57.88219494997411,79.36795807868575,0.0,18.331381830988544,0.0,0.0,0.0
pizhou,timesnet,mse,41,high,600.0,160.0,5000.0,0.05,1.0,0.0,87.45,4.3725000000000005,4.3725000000000005,2496.0,1774.5,122880.50510842979,3491.7324514409534,126372.23755987074,47.42536100526181,68.00415416944885,21.820637853948977,16.599688065652245,0.0022252118364454246,0.025,0.022774788163554577
pizhou,timesnet,mse,41,high,600.0,160.0,5000.0,0.05,2.0,0.0,87.45,4.3725000000000005,8.745000000000001,2496.0,1774.5,111023.89114265075,6140.632931844435,117164.5240744952,42.63658892818273,62.77811568773971,31.835448412737552,14.921377100366676,-0.017774788163554572,0.05,0.06777478816355458
pizhou,timesnet,mse,41,high,600.0,160.0,5000.0,0.05,4.0,0.0,87.45,4.3725000000000005,17.490000000000002,2496.0,1774.5,98926.51381001771,11438.433892651401,110364.9477026691,37.72761519995947,57.40057179598991,42.121966032711285,13.214027297662986,-0.05777478816355459,0.1,0.15777478816355459
pizhou,timesnet,mse,41,high,600.0,160.0,5000.0,0.1,1.0,0.0,87.45,8.745000000000001,8.745000000000001,2496.0,1774.5,109428.06870104362,6983.464902881907,116411.53360392553,40.46976532566779,60.42287264152784,36.357515061464014,14.914988888582194,-0.017774788163554572,0.05,0.06777478816355458
pizhou,timesnet,mse,41,high,600.0,160.0,5000.0,0.1,2.0,0.0,87.45,8.745000000000001,17.490000000000002,2496.0,1774.5,89265.3901366182,12281.26586368887,101546.65600030706,32.54904240271239,51.77168832072147,52.92942230522601,12.02931828849875,-0.05777478816355459,0.1,0.15777478816355459
pizhou,timesnet,mse,41,high,600.0,160.0,5000.0,0.1,4.0,0.0,87.45,8.745000000000001,34.980000000000004,2496.0,1774.5,71899.88175466645,22876.867785302802,94776.74953996926,25.20298003297546,43.703432153210606,68.34374084247443,9.623656701150933,-0.13777478816355457,0.2,0.3377747881635546
pizhou,timesnet,mse,41,high,600.0,160.0,5000.0,0.2,1.0,0.0,87.45,17.490000000000002,17.490000000000002,2496.0,1774.5,89995.85731300936,13966.929805763813,103962.78711877318,30.569944868084274,49.620495348299556,57.05971281227591,12.461090150514606,-0.05777478816355459,0.1,0.15777478816355459
pizhou,timesnet,mse,41,high,600.0,160.0,5000.0,0.2,2.0,0.0,87.45,17.490000000000002,34.980000000000004,2496.0,1774.5,62356.928073363255,24562.53172737774,86919.459800741,19.845268803994575,37.87983299127487,79.52505123339019,8.488439933595368,-0.13777478816355457,0.2,0.3377747881635546
pizhou,timesnet,mse,41,high,600.0,160.0,5000.0,0.2,4.0,0.0,87.45,17.490000000000002,69.96000000000001,2496.0,1774.5,42119.94173323617,45753.735570605604,87873.67730384177,10.529772607612431,27.69815558909584,99.02222483195159,5.790460762047721,-0.1916205220800811,0.4,0.5916205220800811
pizhou,timesnet,mse,42,low,150.0,40.0,0.0,0.0,0.0,0.0,87.45,0.0,0.0,2496.0,1774.5,12378.722959723904,0.0,12378.722959723904,62.11611270476282,76.53265135023702,0.0,19.508359557908456,0.0,0.0,0.0
pizhou,timesnet,mse,42,low,150.0,40.0,0.0,0.05,1.0,0.0,87.45,4.3725000000000005,4.3725000000000005,2496.0,1774.5,10832.87885472905,3491.7324514409534,14324.611306170003,51.16984912677241,64.63754630089709,22.84136862733031,17.66097364331799,0.0028847266468236855,0.025,0.022115273353176316
pizhou,timesnet,mse,42,low,150.0,40.0,0.0,0.05,2.0,0.0,87.45,4.3725000000000005,8.745000000000001,2496.0,1774.5,10089.159792829942,6140.632931844435,16229.792724674377,45.95128153403554,58.94433878042959,33.753143740535144,15.633394285896015,-0.01711527335317632,0.05,0.06711527335317632
pizhou,timesnet,mse,42,low,150.0,40.0,0.0,0.05,4.0,0.0,87.45,4.3725000000000005,17.490000000000002,2496.0,1774.5,9325.773187028974,11438.433892651401,20764.207079680375,40.63820324515777,53.12755080101195,44.88301000883133,13.742665949019617,-0.057115273353176295,0.1,0.1571152733531763
pizhou,timesnet,mse,42,low,150.0,40.0,0.0,0.1,1.0,0.0,87.45,8.745000000000001,8.745000000000001,2496.0,1774.5,9798.53971703363,6983.464902881907,16782.004619915537,43.86101582142145,56.68797907044793,38.09976916313047,15.943793121703214,-0.0020868269192247076,0.05,0.05208682691922471
pizhou,timesnet,mse,42,low,150.0,40.0,0.0,0.1,2.0,0.0,87.45,8.745000000000001,17.490000000000002,2496.0,1774.5,8565.319377779531,12281.26586368887,20846.5852414684,35.22296034195239,47.257085449083206,56.168718263964486,12.678012739565174,-0.04208682691922471,0.1,0.14208682691922472
pizhou,timesnet,mse,42,low,150.0,40.0,0.0,0.1,4.0,0.0,87.45,8.745000000000001,34.980000000000004,2496.0,1774.5,7424.20456154134,22876.867785302802,30301.07234684414,27.326078562155775,38.59011253150754,72.7325729613376,9.754554956588377,-0.1220868269192247,0.2,0.32208682691922474
pizhou,timesnet,mse,42,low,150.0,40.0,0.0,0.2,1.0,0.0,87.45,17.490000000000002,17.490000000000002,2496.0,1774.5,8301.099392082755,13966.929805763813,22268.02919784657,33.353095827790625,45.224624020646445,60.0710442065628,13.22578952510903,-0.04208682691922471,0.1,0.14208682691922472
pizhou,timesnet,mse,42,low,150.0,40.0,0.0,0.2,2.0,0.0,87.45,17.490000000000002,34.980000000000004,2496.0,1774.5,6591.932477246604,24562.53172737774,31154.464204624346,21.436153042531725,32.188019575394456,85.02459143707341,8.43905757759242,-0.1220868269192247,0.2,0.32208682691922474
pizhou,timesnet,mse,42,low,150.0,40.0,0.0,0.2,4.0,0.0,87.45,17.490000000000002,69.96000000000001,2496.0,1774.5,5165.824899600319,45753.735570605604,50919.56047020593,11.70109940942865,21.439628008167194,105.50803663740409,5.483970693783819,-0.2820868269192247,0.4,0.6820868269192247
pizhou,timesnet,mse,42,low,150.0,40.0,1000.0,0.0,0.0,0.0,87.45,0.0,0.0,2496.0,1774.5,31887.082517632363,0.0,31887.082517632363,62.11611270476282,76.53265135023702,0.0,19.508359557908456,0.0,0.0,0.0
pizhou,timesnet,mse,42,low,150.0,40.0,1000.0,0.05,1.0,0.0,87.45,4.3725000000000005,4.3725000000000005,2496.0,1774.5,28493.852498047043,3491.7324514409534,31985.584949487995,51.16984912677241,64.63754630089709,22.84136862733031,17.66097364331799,0.0028847266468236855,0.025,0.022115273353176316
pizhou,timesnet,mse,42,low,150.0,40.0,1000.0,0.05,2.0,0.0,87.45,4.3725000000000005,8.745000000000001,2496.0,1774.5,25722.55407872596,6140.632931844435,31863.187010570393,45.95128153403554,58.94433878042959,33.753143740535144,15.633394285896015,-0.01711527335317632,0.05,0.06711527335317632
pizhou,timesnet,mse,42,low,150.0,40.0,1000.0,0.05,4.0,0.0,87.45,4.3725000000000005,17.490000000000002,2496.0,1774.5,23068.43913604859,11438.433892651401,34506.87302869999,40.63820324515777,53.12755080101195,44.88301000883133,13.742665949019617,-0.057115273353176295,0.1,0.1571152733531763
pizhou,timesnet,mse,42,low,150.0,40.0,1000.0,0.1,1.0,0.0,87.45,8.745000000000001,8.745000000000001,2496.0,1774.5,25742.332838736846,6983.464902881907,32725.797741618753,43.86101582142145,56.68797907044793,38.09976916313047,15.943793121703214,-0.0020868269192247076,0.05,0.05208682691922471
pizhou,timesnet,mse,42,low,150.0,40.0,1000.0,0.1,2.0,0.0,87.45,8.745000000000001,17.490000000000002,2496.0,1774.5,21243.332117344708,12281.26586368887,33524.59798103358,35.22296034195239,47.257085449083206,56.168718263964486,12.678012739565174,-0.04208682691922471,0.1,0.14208682691922472
pizhou,timesnet,mse,42,low,150.0,40.0,1000.0,0.1,4.0,0.0,87.45,8.745000000000001,34.980000000000004,2496.0,1774.5,17178.759518129715,22876.867785302802,40055.62730343252,27.326078562155775,38.59011253150754,72.7325729613376,9.754554956588377,-0.1220868269192247,0.2,0.32208682691922474
pizhou,timesnet,mse,42,low,150.0,40.0,1000.0,0.2,1.0,0.0,87.45,17.490000000000002,17.490000000000002,2496.0,1774.5,21526.888917191784,13966.929805763813,35493.8187229556,33.353095827790625,45.224624020646445,60.0710442065628,13.22578952510903,-0.04208682691922471,0.1,0.14208682691922472
pizhou,timesnet,mse,42,low,150.0,40.0,1000.0,0.2,2.0,0.0,87.45,17.490000000000002,34.980000000000004,2496.0,1774.5,15030.990054839023,24562.53172737774,39593.52178221676,21.436153042531725,32.188019575394456,85.02459143707341,8.43905757759242,-0.1220868269192247,0.2,0.32208682691922474
pizhou,timesnet,mse,42,low,150.0,40.0,1000.0,0.2,4.0,0.0,87.45,17.490000000000002,69.96000000000001,2496.0,1774.5,10649.795593384139,45753.735570605604,56403.53116398974,11.70109940942865,21.439628008167194,105.50803663740409,5.483970693783819,-0.2820868269192247,0.4,0.6820868269192247
pizhou,timesnet,mse,42,low,150.0,40.0,5000.0,0.0,0.0,0.0,87.45,0.0,0.0,2496.0,1774.5,109920.52074926619,0.0,109920.52074926619,62.11611270476282,76.53265135023702,0.0,19.508359557908456,0.0,0.0,0.0
pizhou,timesnet,mse,42,low,150.0,40.0,5000.0,0.05,1.0,0.0,87.45,4.3725000000000005,4.3725000000000005,2496.0,1774.5,99137.74707131903,3491.7324514409534,102629.47952275998,51.16984912677241,64.63754630089709,22.84136862733031,17.66097364331799,0.0028847266468236855,0.025,0.022115273353176316
pizhou,timesnet,mse,42,low,150.0,40.0,5000.0,0.05,2.0,0.25,87.45,4.3725000000000005,8.745000000000001,2496.0,1774.5,88596.8667478371,6140.632931844435,94737.49967968154,47.603744600420164,60.74049428736939,30.304525167210578,15.654841347820998,-0.01711527335317632,0.05,0.06711527335317632
pizhou,timesnet,mse,42,low,150.0,40.0,5000.0,0.05,4.0,0.0,87.45,4.3725000000000005,17.490000000000002,2496.0,1774.5,78039.10293212706,11438.433892651401,89477.53682477845,40.63820324515777,53.12755080101195,44.88301000883133,13.742665949019617,-0.057115273353176295,0.1,0.1571152733531763
pizhou,timesnet,mse,42,low,150.0,40.0,5000.0,0.1,1.0,0.0,87.45,8.745000000000001,8.745000000000001,2496.0,1774.5,89517.50532554969,6983.464902881907,96500.9702284316,43.86101582142145,56.68797907044793,38.09976916313047,15.943793121703214,-0.0020868269192247076,0.05,0.05208682691922471
pizhou,timesnet,mse,42,low,150.0,40.0,5000.0,0.1,2.0,0.0,87.45,8.745000000000001,17.490000000000002,2496.0,1774.5,71955.38307560541,12281.26586368887,84236.64893929427,35.22296034195239,47.257085449083206,56.168718263964486,12.678012739565174,-0.04208682691922471,0.1,0.14208682691922472
pizhou,timesnet,mse,42,low,150.0,40.0,5000.0,0.1,4.0,0.0,87.45,8.745000000000001,34.980000000000004,2496.0,1774.5,56196.979344483225,22876.867785302802,79073.84712978602,27.326078562155775,38.59011253150754,72.7325729613376,9.754554956588377,-0.1220868269192247,0.2,0.32208682691922474
pizhou,timesnet,mse,42,low,150.0,40.0,5000.0,0.2,1.0,0.25,87.45,17.490000000000002,17.490000000000002,2496.0,1774.5,74854.48509955744,13966.929805763813,88821.41490532125,35.993337849139856,48.0944523047217,54.56097390113831,13.23606160610898,-0.04208682691922471,0.1,0.14208682691922472
pizhou,timesnet,mse,42,low,150.0,40.0,5000.0,0.2,2.0,0.0,87.45,17.490000000000002,34.980000000000004,2496.0,1774.5,48787.22036520871,24562.53172737774,73349.75209258645,21.436153042531725,32.188019575394456,85.02459143707341,8.43905757759242,-0.1220868269192247,0.2,0.32208682691922474
pizhou,timesnet,mse,42,low,150.0,40.0,5000.0,0.2,4.0,0.0,87.45,17.490000000000002,69.96000000000001,2496.0,1774.5,32585.67836851941,45753.735570605604,78339.413939125,11.70109940942865,21.439628008167194,105.50803663740409,5.483970693783819,-0.2820868269192247,0.4,0.6820868269192247
pizhou,timesnet,mse,42,base,300.0,80.0,0.0,0.0,0.0,0.0,87.45,0.0,0.0,2496.0,1774.5,24757.445919447808,0.0,24757.445919447808,62.11611270476282,76.53265135023702,0.0,19.508359557908456,0.0,0.0,0.0
pizhou,timesnet,mse,42,base,300.0,80.0,0.0,0.05,1.0,0.0,87.45,4.3725000000000005,4.3725000000000005,2496.0,1774.5,21093.858075780798,3491.7324514409534,24585.59052722175,51.16984912677241,64.63754630089709,22.84136862733031,17.66097364331799,0.0028847266468236855,0.025,0.022115273353176316
pizhou,timesnet,mse,42,base,300.0,80.0,0.0,0.05,2.0,0.0,87.45,4.3725000000000005,8.745000000000001,2496.0,1774.5,19339.625574152455,6140.632931844435,25480.25850599689,45.95128153403554,58.94433878042959,33.753143740535144,15.633394285896015,-0.01711527335317632,0.05,0.06711527335317632
pizhou,timesnet,mse,42,base,300.0,80.0,0.0,0.05,4.0,0.0,87.45,4.3725000000000005,17.490000000000002,2496.0,1774.5,17546.605705843118,11438.433892651401,28985.039598494517,40.63820324515777,53.12755080101195,44.88301000883133,13.742665949019617,-0.057115273353176295,0.1,0.1571152733531763
pizhou,timesnet,mse,42,base,300.0,80.0,0.0,0.1,1.0,0.0,87.45,8.745000000000001,8.745000000000001,2496.0,1774.5,18645.21125306476,6983.464902881907,25628.67615594667,43.86101582142145,56.68797907044793,38.09976916313047,15.943793121703214,-0.0020868269192247076,0.05,0.05208682691922471
pizhou,timesnet,mse,42,base,300.0,80.0,0.0,0.1,2.0,0.0,87.45,8.745000000000001,17.490000000000002,2496.0,1774.5,15739.046847035717,12281.26586368887,28020.312710724593,35.22296034195239,47.257085449083206,56.168718263964486,12.678012739565174,-0.04208682691922471,0.1,0.14208682691922472
pizhou,timesnet,mse,42,base,300.0,80.0,0.0,0.1,4.0,0.0,87.45,8.745000000000001,34.980000000000004,2496.0,1774.5,13066.720847125009,22876.867785302802,35943.58863242781,27.326078562155775,38.59011253150754,72.7325729613376,9.754554956588377,-0.1220868269192247,0.2,0.32208682691922474
pizhou,timesnet,mse,42,base,300.0,80.0,0.0,0.2,1.0,0.0,87.45,17.490000000000002,17.490000000000002,2496.0,1774.5,15113.048727077206,13966.929805763813,29079.97853284102,33.353095827790625,45.224624020646445,60.0710442065628,13.22578952510903,-0.04208682691922471,0.1,0.14208682691922472
pizhou,timesnet,mse,42,base,300.0,80.0,0.0,0.2,2.0,0.0,87.45,17.490000000000002,34.980000000000004,2496.0,1774.5,11094.876216642142,24562.53172737774,35657.407944019884,21.436153042531725,32.188019575394456,85.02459143707341,8.43905757759242,-0.1220868269192247,0.2,0.32208682691922474
pizhou,timesnet,mse,42,base,300.0,80.0,0.0,0.2,4.0,0.0,87.45,17.490000000000002,69.96000000000001,2496.0,1774.5,7778.574931341305,45753.735570605604,53532.31050194691,11.70109940942865,21.439628008167194,105.50803663740409,5.483970693783819,-0.2820868269192247,0.4,0.6820868269192247
pizhou,timesnet,mse,42,base,300.0,80.0,1000.0,0.0,0.0,0.0,87.45,0.0,0.0,2496.0,1774.5,44265.80547735626,0.0,44265.80547735626,62.11611270476282,76.53265135023702,0.0,19.508359557908456,0.0,0.0,0.0
pizhou,timesnet,mse,42,base,300.0,80.0,1000.0,0.05,1.0,0.0,87.45,4.3725000000000005,4.3725000000000005,2496.0,1774.5,38754.83171909879,3491.7324514409534,42246.564170539736,51.16984912677241,64.63754630089709,22.84136862733031,17.66097364331799,0.0028847266468236855,0.025,0.022115273353176316
pizhou,timesnet,mse,42,base,300.0,80.0,1000.0,0.05,2.0,0.0,87.45,4.3725000000000005,8.745000000000001,2496.0,1774.5,34973.01986004847,6140.632931844435,41113.652791892906,45.95128153403554,58.94433878042959,33.753143740535144,15.633394285896015,-0.01711527335317632,0.05,0.06711527335317632
pizhou,timesnet,mse,42,base,300.0,80.0,1000.0,0.05,4.0,0.0,87.45,4.3725000000000005,17.490000000000002,2496.0,1774.5,31289.27165486274,11438.433892651401,42727.705547514146,40.63820324515777,53.12755080101195,44.88301000883133,13.742665949019617,-0.057115273353176295,0.1,0.1571152733531763
pizhou,timesnet,mse,42,base,300.0,80.0,1000.0,0.1,1.0,0.0,87.45,8.745000000000001,8.745000000000001,2496.0,1774.5,34589.004374767974,6983.464902881907,41572.46927764988,43.86101582142145,56.68797907044793,38.09976916313047,15.943793121703214,-0.0020868269192247076,0.05,0.05208682691922471
pizhou,timesnet,mse,42,base,300.0,80.0,1000.0,0.1,2.0,0.0,87.45,8.745000000000001,17.490000000000002,2496.0,1774.5,28417.05958660089,12281.26586368887,40698.32545028976,35.22296034195239,47.257085449083206,56.168718263964486,12.678012739565174,-0.04208682691922471,0.1,0.14208682691922472
pizhou,timesnet,mse,42,base,300.0,80.0,1000.0,0.1,4.0,0.0,87.45,8.745000000000001,34.980000000000004,2496.0,1774.5,22821.275803713386,22876.867785302802,45698.14358901619,27.326078562155775,38.59011253150754,72.7325729613376,9.754554956588377,-0.1220868269192247,0.2,0.32208682691922474
pizhou,timesnet,mse,42,base,300.0,80.0,1000.0,0.2,1.0,0.0,87.45,17.490000000000002,17.490000000000002,2496.0,1774.5,28338.838252186233,13966.929805763813,42305.768057950045,33.353095827790625,45.224624020646445,60.0710442065628,13.22578952510903,-0.04208682691922471,0.1,0.14208682691922472
pizhou,timesnet,mse,42,base,300.0,80.0,1000.0,0.2,2.0,0.0,87.45,17.490000000000002,34.980000000000004,2496.0,1774.5,19533.933794234563,24562.53172737774,44096.46552161231,21.436153042531725,32.188019575394456,85.02459143707341,8.43905757759242,-0.1220868269192247,0.2,0.32208682691922474
pizhou,timesnet,mse,42,base,300.0,80.0,1000.0,0.2,4.0,0.0,87.45,17.490000000000002,69.96000000000001,2496.0,1774.5,13262.545625125127,45753.735570605604,59016.28119573073,11.70109940942865,21.439628008167194,105.50803663740409,5.483970693783819,-0.2820868269192247,0.4,0.6820868269192247
pizhou,timesnet,mse,42,base,300.0,80.0,5000.0,0.0,0.0,0.0,87.45,0.0,0.0,2496.0,1774.5,122299.24370899008,0.0,122299.24370899008,62.11611270476282,76.53265135023702,0.0,19.508359557908456,0.0,0.0,0.0
pizhou,timesnet,mse,42,base,300.0,80.0,5000.0,0.05,1.0,0.0,87.45,4.3725000000000005,4.3725000000000005,2496.0,1774.5,109398.72629237077,3491.7324514409534,112890.45874381173,51.16984912677241,64.63754630089709,22.84136862733031,17.66097364331799,0.0028847266468236855,0.025,0.022115273353176316
pizhou,timesnet,mse,42,base,300.0,80.0,5000.0,0.05,2.0,0.25,87.45,4.3725000000000005,8.745000000000001,2496.0,1774.5,98167.0482093949,6140.632931844435,104307.68114123934,47.603744600420164,60.74049428736939,30.304525167210578,15.654841347820998,-0.01711527335317632,0.05,0.06711527335317632
pizhou,timesnet,mse,42,base,300.0,80.0,5000.0,0.05,4.0,0.0,87.45,4.3725000000000005,17.490000000000002,2496.0,1774.5,86259.93545094121,11438.433892651401,97698.3693435926,40.63820324515777,53.12755080101195,44.88301000883133,13.742665949019617,-0.057115273353176295,0.1,0.1571152733531763
pizhou,timesnet,mse,42,base,300.0,80.0,5000.0,0.1,1.0,0.0,87.45,8.745000000000001,8.745000000000001,2496.0,1774.5,98364.17686158083,6983.464902881907,105347.64176446274,43.86101582142145,56.68797907044793,38.09976916313047,15.943793121703214,-0.0020868269192247076,0.05,0.05208682691922471
pizhou,timesnet,mse,42,base,300.0,80.0,5000.0,0.1,2.0,0.0,87.45,8.745000000000001,17.490000000000002,2496.0,1774.5,79129.1105448616,12281.26586368887,91410.37640855047,35.22296034195239,47.257085449083206,56.168718263964486,12.678012739565174,-0.04208682691922471,0.1,0.14208682691922472
pizhou,timesnet,mse,42,base,300.0,80.0,5000.0,0.1,4.0,0.0,87.45,8.745000000000001,34.980000000000004,2496.0,1774.5,61839.4956300669,22876.867785302802,84716.3634153697,27.326078562155775,38.59011253150754,72.7325729613376,9.754554956588377,-0.1220868269192247,0.2,0.32208682691922474
pizhou,timesnet,mse,42,base,300.0,80.0,5000.0,0.2,1.0,0.0,87.45,17.490000000000002,17.490000000000002,2496.0,1774.5,81241.99635262236,13966.929805763813,95208.92615838617,33.353095827790625,45.224624020646445,60.0710442065628,13.22578952510903,-0.04208682691922471,0.1,0.14208682691922472
pizhou,timesnet,mse,42,base,300.0,80.0,5000.0,0.2,2.0,0.0,87.45,17.490000000000002,34.980000000000004,2496.0,1774.5,53290.16410460425,24562.53172737774,77852.695831982,21.436153042531725,32.188019575394456,85.02459143707341,8.43905757759242,-0.1220868269192247,0.2,0.32208682691922474
pizhou,timesnet,mse,42,base,300.0,80.0,5000.0,0.2,4.0,0.0,87.45,17.490000000000002,69.96000000000001,2496.0,1774.5,35198.428400260396,45753.735570605604,80952.16397086601,11.70109940942865,21.439628008167194,105.50803663740409,5.483970693783819,-0.2820868269192247,0.4,0.6820868269192247
pizhou,timesnet,mse,42,high,600.0,160.0,0.0,0.0,0.0,0.0,87.45,0.0,0.0,2496.0,1774.5,49514.891838895615,0.0,49514.891838895615,62.11611270476282,76.53265135023702,0.0,19.508359557908456,0.0,0.0,0.0
pizhou,timesnet,mse,42,high,600.0,160.0,0.0,0.05,1.0,0.0,87.45,4.3725000000000005,4.3725000000000005,2496.0,1774.5,41615.81651788428,3491.7324514409534,45107.54896932524,51.16984912677241,64.63754630089709,22.84136862733031,17.66097364331799,0.0028847266468236855,0.025,0.022115273353176316
pizhou,timesnet,mse,42,high,600.0,160.0,0.0,0.05,2.0,0.0,87.45,4.3725000000000005,8.745000000000001,2496.0,1774.5,37840.557136797484,6140.632931844435,43981.19006864192,45.95128153403554,58.94433878042959,33.753143740535144,15.633394285896015,-0.01711527335317632,0.05,0.06711527335317632
pizhou,timesnet,mse,42,high,600.0,160.0,0.0,0.05,4.0,0.0,87.45,4.3725000000000005,17.490000000000002,2496.0,1774.5,33988.2707434714,11438.433892651401,45426.704636122806,40.63820324515777,53.12755080101195,44.88301000883133,13.742665949019617,-0.057115273353176295,0.1,0.1571152733531763
pizhou,timesnet,mse,42,high,600.0,160.0,0.0,0.1,1.0,0.0,87.45,8.745000000000001,8.745000000000001,2496.0,1774.5,36338.554325127036,6983.464902881907,43322.01922800894,43.86101582142145,56.68797907044793,38.09976916313047,15.943793121703214,-0.0020868269192247076,0.05,0.05208682691922471
pizhou,timesnet,mse,42,high,600.0,160.0,0.0,0.1,2.0,0.0,87.45,8.745000000000001,17.490000000000002,2496.0,1774.5,30086.501785548084,12281.26586368887,42367.76764923696,35.22296034195239,47.257085449083206,56.168718263964486,12.678012739565174,-0.04208682691922471,0.1,0.14208682691922472
pizhou,timesnet,mse,42,high,600.0,160.0,0.0,0.1,4.0,0.0,87.45,8.745000000000001,34.980000000000004,2496.0,1774.5,24351.75341829234,22876.867785302802,47228.62120359514,27.326078562155775,38.59011253150754,72.7325729613376,9.754554956588377,-0.1220868269192247,0.2,0.32208682691922474
pizhou,timesnet,mse,42,high,600.0,160.0,0.0,0.2,1.0,0.0,87.45,17.490000000000002,17.490000000000002,2496.0,1774.5,28736.94739706611,13966.929805763813,42703.87720282992,33.353095827790625,45.224624020646445,60.0710442065628,13.22578952510903,-0.04208682691922471,0.1,0.14208682691922472
pizhou,timesnet,mse,42,high,600.0,160.0,0.0,0.2,2.0,0.0,87.45,17.490000000000002,34.980000000000004,2496.0,1774.5,20100.763695433216,24562.53172737774,44663.29542281095,21.436153042531725,32.188019575394456,85.02459143707341,8.43905757759242,-0.1220868269192247,0.2,0.32208682691922474
pizhou,timesnet,mse,42,high,600.0,160.0,0.0,0.2,4.0,0.0,87.45,17.490000000000002,69.96000000000001,2496.0,1774.5,13004.074994823277,45753.735570605604,58757.810565428874,11.70109940942865,21.439628008167194,105.50803663740409,5.483970693783819,-0.2820868269192247,0.4,0.6820868269192247
pizhou,timesnet,mse,42,high,600.0,160.0,1000.0,0.0,0.0,0.0,87.45,0.0,0.0,2496.0,1774.5,69023.25139680407,0.0,69023.25139680407,62.11611270476282,76.53265135023702,0.0,19.508359557908456,0.0,0.0,0.0
pizhou,timesnet,mse,42,high,600.0,160.0,1000.0,0.05,1.0,0.0,87.45,4.3725000000000005,4.3725000000000005,2496.0,1774.5,59276.790161202276,3491.7324514409534,62768.52261264323,51.16984912677241,64.63754630089709,22.84136862733031,17.66097364331799,0.0028847266468236855,0.025,0.022115273353176316
pizhou,timesnet,mse,42,high,600.0,160.0,1000.0,0.05,2.0,0.0,87.45,4.3725000000000005,8.745000000000001,2496.0,1774.5,53473.9514226935,6140.632931844435,59614.58435453794,45.95128153403554,58.94433878042959,33.753143740535144,15.633394285896015,-0.01711527335317632,0.05,0.06711527335317632
pizhou,timesnet,mse,42,high,600.0,160.0,1000.0,0.05,4.0,0.0,87.45,4.3725000000000005,17.490000000000002,2496.0,1774.5,47730.93669249103,11438.433892651401,59169.370585142424,40.63820324515777,53.12755080101195,44.88301000883133,13.742665949019617,-0.057115273353176295,0.1,0.1571152733531763
pizhou,timesnet,mse,42,high,600.0,160.0,1000.0,0.1,1.0,0.0,87.45,8.745000000000001,8.745000000000001,2496.0,1774.5,52282.34744683024,6983.464902881907,59265.81234971215,43.86101582142145,56.68797907044793,38.09976916313047,15.943793121703214,-0.0020868269192247076,0.05,0.05208682691922471
pizhou,timesnet,mse,42,high,600.0,160.0,1000.0,0.1,2.0,0.0,87.45,8.745000000000001,17.490000000000002,2496.0,1774.5,42764.51452511326,12281.26586368887,55045.78038880214,35.22296034195239,47.257085449083206,56.168718263964486,12.678012739565174,-0.04208682691922471,0.1,0.14208682691922472
pizhou,timesnet,mse,42,high,600.0,160.0,1000.0,0.1,4.0,0.0,87.45,8.745000000000001,34.980000000000004,2496.0,1774.5,34106.30837488072,22876.867785302802,56983.17616018352,27.326078562155775,38.59011253150754,72.7325729613376,9.754554956588377,-0.1220868269192247,0.2,0.32208682691922474
pizhou,timesnet,mse,42,high,600.0,160.0,1000.0,0.2,1.0,0.0,87.45,17.490000000000002,17.490000000000002,2496.0,1774.5,41962.736922175136,13966.929805763813,55929.66672793895,33.353095827790625,45.224624020646445,60.0710442065628,13.22578952510903,-0.04208682691922471,0.1,0.14208682691922472
pizhou,timesnet,mse,42,high,600.0,160.0,1000.0,0.2,2.0,0.0,87.45,17.490000000000002,34.980000000000004,2496.0,1774.5,28539.82127302564,24562.53172737774,53102.353000403375,21.436153042531725,32.188019575394456,85.02459143707341,8.43905757759242,-0.1220868269192247,0.2,0.32208682691922474
pizhou,timesnet,mse,42,high,600.0,160.0,1000.0,0.2,4.0,0.0,87.45,17.490000000000002,69.96000000000001,2496.0,1774.5,18488.045688607097,45753.735570605604,64241.7812592127,11.70109940942865,21.439628008167194,105.50803663740409,5.483970693783819,-0.2820868269192247,0.4,0.6820868269192247
pizhou,timesnet,mse,42,high,600.0,160.0,5000.0,0.0,0.0,0.0,87.45,0.0,0.0,2496.0,1774.5,147056.6896284379,0.0,147056.6896284379,62.11611270476282,76.53265135023702,0.0,19.508359557908456,0.0,0.0,0.0
pizhou,timesnet,mse,42,high,600.0,160.0,5000.0,0.05,1.0,0.0,87.45,4.3725000000000005,4.3725000000000005,2496.0,1774.5,129920.68473447424,3491.7324514409534,133412.4171859152,51.16984912677241,64.63754630089709,22.84136862733031,17.66097364331799,0.0028847266468236855,0.025,0.022115273353176316
pizhou,timesnet,mse,42,high,600.0,160.0,5000.0,0.05,2.0,0.0,87.45,4.3725000000000005,8.745000000000001,2496.0,1774.5,116007.52856627756,6140.632931844435,122148.161498122,45.95128153403554,58.94433878042959,33.753143740535144,15.633394285896015,-0.01711527335317632,0.05,0.06711527335317632
pizhou,timesnet,mse,42,high,600.0,160.0,5000.0,0.05,4.0,0.0,87.45,4.3725000000000005,17.490000000000002,2496.0,1774.5,102701.60048856947,11438.433892651401,114140.03438122086,40.63820324515777,53.12755080101195,44.88301000883133,13.742665949019617,-0.057115273353176295,0.1,0.1571152733531763
pizhou,timesnet,mse,42,high,600.0,160.0,5000.0,0.1,1.0,0.0,87.45,8.745000000000001,8.745000000000001,2496.0,1774.5,116057.5199336431,6983.464902881907,123040.984836525,43.86101582142145,56.68797907044793,38.09976916313047,15.943793121703214,-0.0020868269192247076,0.05,0.05208682691922471
pizhou,timesnet,mse,42,high,600.0,160.0,5000.0,0.1,2.0,0.0,87.45,8.745000000000001,17.490000000000002,2496.0,1774.5,93476.56548337397,12281.26586368887,105757.83134706283,35.22296034195239,47.257085449083206,56.168718263964486,12.678012739565174,-0.04208682691922471,0.1,0.14208682691922472
pizhou,timesnet,mse,42,high,600.0,160.0,5000.0,0.1,4.0,0.0,87.45,8.745000000000001,34.980000000000004,2496.0,1774.5,73124.52820123422,22876.867785302802,96001.39598653703,27.326078562155775,38.59011253150754,72.7325729613376,9.754554956588377,-0.1220868269192247,0.2,0.32208682691922474
pizhou,timesnet,mse,42,high,600.0,160.0,5000.0,0.2,1.0,0.0,87.45,17.490000000000002,17.490000000000002,2496.0,1774.5,94865.89502261126,13966.929805763813,108832.82482837509,33.353095827790625,45.224624020646445,60.0710442065628,13.22578952510903,-0.04208682691922471,0.1,0.14208682691922472
pizhou,timesnet,mse,42,high,600.0,160.0,5000.0,0.2,2.0,0.0,87.45,17.490000000000002,34.980000000000004,2496.0,1774.5,62296.05158339532,24562.53172737774,86858.58331077306,21.436153042531725,32.188019575394456,85.02459143707341,8.43905757759242,-0.1220868269192247,0.2,0.32208682691922474
pizhou,timesnet,mse,42,high,600.0,160.0,5000.0,0.2,4.0,0.0,87.45,17.490000000000002,69.96000000000001,2496.0,1774.5,40423.92846374237,45753.735570605604,86177.66403434797,11.70109940942865,21.439628008167194,105.50803663740409,5.483970693783819,-0.2820868269192247,0.4,0.6820868269192247
pizhou,timesnet,mse,43,low,150.0,40.0,0.0,0.0,0.0,0.0,87.45,0.0,0.0,2496.0,1774.5,12082.40482688505,0.0,12082.40482688505,59.738687037019716,78.04004428330234,0.0,18.791530070992827,0.0,0.0,0.0
pizhou,timesnet,mse,43,low,150.0,40.0,0.0,0.05,1.0,0.0,87.45,4.3725000000000005,4.3725000000000005,2496.0,1774.5,10559.525437968055,3491.7324514409534,14051.257889409007,48.95356412678316,66.32073569829443,22.504431495244248,16.981280011262676,0.0035020121256605957,0.025,0.021497987874339406
pizhou,timesnet,mse,43,low,150.0,40.0,0.0,0.05,2.0,0.0,87.45,4.3725000000000005,8.745000000000001,2496.0,1774.5,9840.490650593849,6140.632931844435,15981.123582438284,43.909685246068705,60.81740721263385,33.05163886161966,15.120612866498,-0.01649798787433941,0.05,0.06649798787433941
pizhou,timesnet,mse,43,low,150.0,40.0,0.0,0.05,4.0,0.0,87.45,4.3725000000000005,17.490000000000002,2496.0,1774.5,9119.056615839247,11438.433892651401,20557.490508490646,38.893502075365234,55.32333131818822,43.56189792676942,13.517700708750379,-0.056497987874339385,0.1,0.15649798787433938
pizhou,timesnet,mse,43,low,150.0,40.0,0.0,0.1,1.0,0.0,87.45,8.745000000000001,8.745000000000001,2496.0,1774.5,9552.46431690496,6983.464902881907,16535.929219786867,41.85099425053327,58.58919805913698,37.33853901065144,15.318402417300327,-0.007387394355989624,0.05,0.05738739435598963
pizhou,timesnet,mse,43,low,150.0,40.0,0.0,0.1,2.0,0.0,87.45,8.745000000000001,17.490000000000002,2496.0,1774.5,8348.644519031242,12281.26586368887,20629.910382720114,33.421004140833055,49.384462448390614,54.97326473109823,12.129885174612497,-0.047387394355989605,0.1,0.1473873943559896
pizhou,timesnet,mse,43,low,150.0,40.0,0.0,0.1,4.0,0.0,87.45,8.745000000000001,34.980000000000004,2496.0,1774.5,7297.830171565978,22876.867785302802,30174.697956868782,26.16317183235256,41.41210852137589,70.20345096659427,9.847452551472198,-0.1273873943559896,0.2,0.3273873943559896
pizhou,timesnet,mse,43,low,150.0,40.0,0.0,0.2,1.0,0.0,87.45,17.490000000000002,17.490000000000002,2496.0,1774.5,8068.601710516032,13966.929805763813,22035.531516279843,31.439162726725456,47.23028699827358,59.10928159532269,12.894345552910591,-0.047387394355989605,0.1,0.1473873943559896
pizhou,timesnet,mse,43,low,150.0,40.0,0.0,0.2,2.0,0.0,87.45,17.490000000000002,34.980000000000004,2496.0,1774.5,6504.968758796393,24562.53172737774,31067.500486174133,20.552152603521808,35.31317457699461,81.91340413980532,8.369086067143057,-0.1273873943559896,0.2,0.3273873943559896
pizhou,timesnet,mse,43,low,150.0,40.0,0.0,0.2,4.0,0.0,87.45,17.490000000000002,69.96000000000001,2496.0,1774.5,5150.551084482404,45753.735570605604,50904.286655088006,11.21837780999701,25.050460084226113,101.50989342609878,5.795391850228113,-0.2399044201288744,0.4,0.6399044201288744
pizhou,timesnet,mse,43,low,150.0,40.0,1000.0,0.0,0.0,0.0,87.45,0.0,0.0,2496.0,1774.5,30873.934897877873,0.0,30873.934897877873,59.738687037019716,78.04004428330234,0.0,18.791530070992827,0.0,0.0,0.0
pizhou,timesnet,mse,43,low,150.0,40.0,1000.0,0.05,1.0,0.0,87.45,4.3725000000000005,4.3725000000000005,2496.0,1774.5,27540.80544923073,3491.7324514409534,31032.537900671683,48.95356412678316,66.32073569829443,22.504431495244248,16.981280011262676,0.0035020121256605957,0.025,0.021497987874339406
pizhou,timesnet,mse,43,low,150.0,40.0,1000.0,0.05,2.0,0.0,87.45,4.3725000000000005,8.745000000000001,2496.0,1774.5,24961.103517091844,6140.632931844435,31101.73644893628,43.909685246068705,60.81740721263385,33.05163886161966,15.120612866498,-0.01649798787433941,0.05,0.06649798787433941
pizhou,timesnet,mse,43,low,150.0,40.0,1000.0,0.05,4.0,0.0,87.45,4.3725000000000005,17.490000000000002,2496.0,1774.5,22636.757324589627,11438.433892651401,34075.19121724102,38.893502075365234,55.32333131818822,43.56189792676942,13.517700708750379,-0.056497987874339385,0.1,0.15649798787433938
pizhou,timesnet,mse,43,low,150.0,40.0,1000.0,0.1,1.0,0.0,87.45,8.745000000000001,8.745000000000001,2496.0,1774.5,24870.866734205283,6983.464902881907,31854.33163708719,41.85099425053327,58.58919805913698,37.33853901065144,15.318402417300327,-0.007387394355989624,0.05,0.05738739435598963
pizhou,timesnet,mse,43,low,150.0,40.0,1000.0,0.1,2.0,0.0,87.45,8.745000000000001,17.490000000000002,2496.0,1774.5,20478.529693643737,12281.26586368887,32759.79555733261,33.421004140833055,49.384462448390614,54.97326473109823,12.129885174612497,-0.047387394355989605,0.1,0.1473873943559896
pizhou,timesnet,mse,43,low,150.0,40.0,1000.0,0.1,4.0,0.0,87.45,8.745000000000001,34.980000000000004,2496.0,1774.5,17145.282723038177,22876.867785302802,40022.15050834098,26.16317183235256,41.41210852137589,70.20345096659427,9.847452551472198,-0.1273873943559896,0.2,0.3273873943559896
pizhou,timesnet,mse,43,low,150.0,40.0,1000.0,0.2,1.0,0.0,87.45,17.490000000000002,17.490000000000002,2496.0,1774.5,20962.947263426624,13966.929805763813,34929.877069190436,31.439162726725456,47.23028699827358,59.10928159532269,12.894345552910591,-0.047387394355989605,0.1,0.1473873943559896
pizhou,timesnet,mse,43,low,150.0,40.0,1000.0,0.2,2.0,0.0,87.45,17.490000000000002,34.980000000000004,2496.0,1774.5,14874.054825939447,24562.53172737774,39436.58655331719,20.552152603521808,35.31317457699461,81.91340413980532,8.369086067143057,-0.1273873943559896,0.2,0.3273873943559896
pizhou,timesnet,mse,43,low,150.0,40.0,1000.0,0.2,4.0,0.0,87.45,17.490000000000002,69.96000000000001,2496.0,1774.5,10945.942934710516,45753.735570605604,56699.678505316115,11.21837780999701,25.050460084226113,101.50989342609878,5.795391850228113,-0.2399044201288744,0.4,0.6399044201288744
pizhou,timesnet,mse,43,low,150.0,40.0,5000.0,0.0,0.0,0.0,87.45,0.0,0.0,2496.0,1774.5,106040.05518184918,0.0,106040.05518184918,59.738687037019716,78.04004428330234,0.0,18.791530070992827,0.0,0.0,0.0
pizhou,timesnet,mse,43,low,150.0,40.0,5000.0,0.05,1.0,0.0,87.45,4.3725000000000005,4.3725000000000005,2496.0,1774.5,95465.92549428143,3491.7324514409534,98957.65794572239,48.95356412678316,66.32073569829443,22.504431495244248,16.981280011262676,0.0035020121256605957,0.025,0.021497987874339406
pizhou,timesnet,mse,43,low,150.0,40.0,5000.0,0.05,2.0,0.25,87.45,4.3725000000000005,8.745000000000001,2496.0,1774.5,85770.46427659782,6140.632931844435,91911.09720844225,45.537846713584926,62.587147938195,29.653736668542063,15.139981466336206,-0.01649798787433941,0.05,0.06649798787433941
pizhou,timesnet,mse,43,low,150.0,40.0,5000.0,0.05,4.0,0.25,87.45,4.3725000000000005,17.490000000000002,2496.0,1774.5,77602.04371325624,11438.433892651401,89040.47760590764,40.66741917671725,57.25150208052746,39.85981006307799,13.646464979662579,-0.056497987874339385,0.1,0.15649798787433938
pizhou,timesnet,mse,43,low,150.0,40.0,5000.0,0.1,1.0,0.0,87.45,8.745000000000001,8.745000000000001,2496.0,1774.5,86144.47640340659,6983.464902881907,93127.9413062885,41.85099425053327,58.58919805913698,37.33853901065144,15.318402417300327,-0.007387394355989624,0.05,0.05738739435598963
pizhou,timesnet,mse,43,low,150.0,40.0,5000.0,0.1,2.0,0.0,87.45,8.745000000000001,17.490000000000002,2496.0,1774.5,68998.07039209372,12281.26586368887,81279.33625578259,33.421004140833055,49.384462448390614,54.97326473109823,12.129885174612497,-0.047387394355989605,0.1,0.1473873943559896
pizhou,timesnet,mse,43,low,150.0,40.0,5000.0,0.1,4.0,0.0,87.45,8.745000000000001,34.980000000000004,2496.0,1774.5,56535.09292892697,22876.867785302802,79411.96071422978,26.16317183235256,41.41210852137589,70.20345096659427,9.847452551472198,-0.1273873943559896,0.2,0.3273873943559896
pizhou,timesnet,mse,43,low,150.0,40.0,5000.0,0.2,1.0,0.0,87.45,17.490000000000002,17.490000000000002,2496.0,1774.5,72540.329475069,13966.929805763813,86507.2592808328,31.439162726725456,47.23028699827358,59.10928159532269,12.894345552910591,-0.047387394355989605,0.1,0.1473873943559896
pizhou,timesnet,mse,43,low,150.0,40.0,5000.0,0.2,2.0,0.0,87.45,17.490000000000002,34.980000000000004,2496.0,1774.5,48350.399094511675,24562.53172737774,72912.93082188943,20.552152603521808,35.31317457699461,81.91340413980532,8.369086067143057,-0.1273873943559896,0.2,0.3273873943559896
pizhou,timesnet,mse,43,low,150.0,40.0,5000.0,0.2,4.0,0.0,87.45,17.490000000000002,69.96000000000001,2496.0,1774.5,34127.510335622974,45753.735570605604,79881.24590622858,11.21837780999701,25.050460084226113,101.50989342609878,5.795391850228113,-0.2399044201288744,0.4,0.6399044201288744
pizhou,timesnet,mse,43,base,300.0,80.0,0.0,0.0,0.0,0.0,87.45,0.0,0.0,2496.0,1774.5,24164.8096537701,0.0,24164.8096537701,59.738687037019716,78.04004428330234,0.0,18.791530070992827,0.0,0.0,0.0
pizhou,timesnet,mse,43,base,300.0,80.0,0.0,0.05,1.0,0.0,87.45,4.3725000000000005,4.3725000000000005,2496.0,1774.5,20555.389484917305,3491.7324514409534,24047.121936358257,48.95356412678316,66.32073569829443,22.504431495244248,16.981280011262676,0.0035020121256605957,0.025,0.021497987874339406
pizhou,timesnet,mse,43,base,300.0,80.0,0.0,0.05,2.0,0.0,87.45,4.3725000000000005,8.745000000000001,2496.0,1774.5,18859.639726009507,6140.632931844435,25000.272657853944,43.909685246068705,60.81740721263385,33.05163886161966,15.120612866498,-0.01649798787433941,0.05,0.06649798787433941
pizhou,timesnet,mse,43,base,300.0,80.0,0.0,0.05,4.0,0.0,87.45,4.3725000000000005,17.490000000000002,2496.0,1774.5,17166.01517987156,11438.433892651401,28604.44907252296,38.893502075365234,55.32333131818822,43.56189792676942,13.517700708750379,-0.056497987874339385,0.1,0.15649798787433938
pizhou,timesnet,mse,43,base,300.0,80.0,0.0,0.1,1.0,0.0,87.45,8.745000000000001,8.745000000000001,2496.0,1774.5,18173.681376850433,6983.464902881907,25157.146279732337,41.85099425053327,58.58919805913698,37.33853901065144,15.318402417300327,-0.007387394355989624,0.05,0.05738739435598963
pizhou,timesnet,mse,43,base,300.0,80.0,0.0,0.1,2.0,0.0,87.45,8.745000000000001,17.490000000000002,2496.0,1774.5,15337.173638091826,12281.26586368887,27618.439501780693,33.421004140833055,49.384462448390614,54.97326473109823,12.129885174612497,-0.047387394355989605,0.1,0.1473873943559896
pizhou,timesnet,mse,43,base,300.0,80.0,0.0,0.1,4.0,0.0,87.45,8.745000000000001,34.980000000000004,2496.0,1774.5,12878.790287273896,22876.867785302802,35755.6580725767,26.16317183235256,41.41210852137589,70.20345096659427,9.847452551472198,-0.1273873943559896,0.2,0.3273873943559896
pizhou,timesnet,mse,43,base,300.0,80.0,0.0,0.2,1.0,0.0,87.45,17.490000000000002,17.490000000000002,2496.0,1774.5,14673.687599455792,13966.929805763813,28640.617405219604,31.439162726725456,47.23028699827358,59.10928159532269,12.894345552910591,-0.047387394355989605,0.1,0.1473873943559896
pizhou,timesnet,mse,43,base,300.0,80.0,0.0,0.2,2.0,0.0,87.45,17.490000000000002,34.980000000000004,2496.0,1774.5,11000.318632404447,24562.53172737774,35562.85035978219,20.552152603521808,35.31317457699461,81.91340413980532,8.369086067143057,-0.1273873943559896,0.2,0.3273873943559896
pizhou,timesnet,mse,43,base,300.0,80.0,0.0,0.2,4.0,0.0,87.45,17.490000000000002,69.96000000000001,2496.0,1774.5,7835.326159350999,45753.735570605604,53589.06172995661,11.21837780999701,25.050460084226113,101.50989342609878,5.795391850228113,-0.2399044201288744,0.4,0.6399044201288744
pizhou,timesnet,mse,43,base,300.0,80.0,1000.0,0.0,0.0,0.0,87.45,0.0,0.0,2496.0,1774.5,42956.339724762925,0.0,42956.339724762925,59.738687037019716,78.04004428330234,0.0,18.791530070992827,0.0,0.0,0.0
pizhou,timesnet,mse,43,base,300.0,80.0,1000.0,0.05,1.0,0.0,87.45,4.3725000000000005,4.3725000000000005,2496.0,1774.5,37536.66949617999,3491.7324514409534,41028.401947620936,48.95356412678316,66.32073569829443,22.504431495244248,16.981280011262676,0.0035020121256605957,0.025,0.021497987874339406
pizhou,timesnet,mse,43,base,300.0,80.0,1000.0,0.05,2.0,0.0,87.45,4.3725000000000005,8.745000000000001,2496.0,1774.5,33980.2525925075,6140.632931844435,40120.885524351936,43.909685246068705,60.81740721263385,33.05163886161966,15.120612866498,-0.01649798787433941,0.05,0.06649798787433941
pizhou,timesnet,mse,43,base,300.0,80.0,1000.0,0.05,4.0,0.0,87.45,4.3725000000000005,17.490000000000002,2496.0,1774.5,30683.715888621944,11438.433892651401,42122.14978127334,38.893502075365234,55.32333131818822,43.56189792676942,13.517700708750379,-0.056497987874339385,0.1,0.15649798787433938
pizhou,timesnet,mse,43,base,300.0,80.0,1000.0,0.1,1.0,0.0,87.45,8.745000000000001,8.745000000000001,2496.0,1774.5,33492.08379415075,6983.464902881907,40475.54869703266,41.85099425053327,58.58919805913698,37.33853901065144,15.318402417300327,-0.007387394355989624,0.05,0.05738739435598963
pizhou,timesnet,mse,43,base,300.0,80.0,1000.0,0.1,2.0,0.0,87.45,8.745000000000001,17.490000000000002,2496.0,1774.5,27467.058812704323,12281.26586368887,39748.32467639319,33.421004140833055,49.384462448390614,54.97326473109823,12.129885174612497,-0.047387394355989605,0.1,0.1473873943559896
pizhou,timesnet,mse,43,base,300.0,80.0,1000.0,0.1,4.0,0.0,87.45,8.745000000000001,34.980000000000004,2496.0,1774.5,22726.242838746093,22876.867785302802,45603.110624048895,26.16317183235256,41.41210852137589,70.20345096659427,9.847452551472198,-0.1273873943559896,0.2,0.3273873943559896
pizhou,timesnet,mse,43,base,300.0,80.0,1000.0,0.2,1.0,0.0,87.45,17.490000000000002,17.490000000000002,2496.0,1774.5,27568.033152366384,13966.929805763813,41534.96295813019,31.439162726725456,47.23028699827358,59.10928159532269,12.894345552910591,-0.047387394355989605,0.1,0.1473873943559896
pizhou,timesnet,mse,43,base,300.0,80.0,1000.0,0.2,2.0,0.0,87.45,17.490000000000002,34.980000000000004,2496.0,1774.5,19369.404699547504,24562.53172737774,43931.93642692524,20.552152603521808,35.31317457699461,81.91340413980532,8.369086067143057,-0.1273873943559896,0.2,0.3273873943559896
pizhou,timesnet,mse,43,base,300.0,80.0,1000.0,0.2,4.0,0.0,87.45,17.490000000000002,69.96000000000001,2496.0,1774.5,13630.718009579112,45753.735570605604,59384.45358018471,11.21837780999701,25.050460084226113,101.50989342609878,5.795391850228113,-0.2399044201288744,0.4,0.6399044201288744
pizhou,timesnet,mse,43,base,300.0,80.0,5000.0,0.0,0.0,0.0,87.45,0.0,0.0,2496.0,1774.5,118122.46000873423,0.0,118122.46000873423,59.738687037019716,78.04004428330234,0.0,18.791530070992827,0.0,0.0,0.0
pizhou,timesnet,mse,43,base,300.0,80.0,5000.0,0.05,1.0,0.0,87.45,4.3725000000000005,4.3725000000000005,2496.0,1774.5,105461.78954123068,3491.7324514409534,108953.52199267164,48.95356412678316,66.32073569829443,22.504431495244248,16.981280011262676,0.0035020121256605957,0.025,0.021497987874339406
pizhou,timesnet,mse,43,base,300.0,80.0,5000.0,0.05,2.0,0.25,87.45,4.3725000000000005,8.745000000000001,2496.0,1774.5,95104.62720116336,6140.632931844435,101245.26013300779,45.537846713584926,62.587147938195,29.653736668542063,15.139981466336206,-0.01649798787433941,0.05,0.06649798787433941
pizhou,timesnet,mse,43,base,300.0,80.0,5000.0,0.05,4.0,0.0,87.45,4.3725000000000005,17.490000000000002,2496.0,1774.5,84754.51872362346,11438.433892651401,96192.95261627485,38.893502075365234,55.32333131818822,43.56189792676942,13.517700708750379,-0.056497987874339385,0.1,0.15649798787433938
pizhou,timesnet,mse,43,base,300.0,80.0,5000.0,0.1,1.0,0.0,87.45,8.745000000000001,8.745000000000001,2496.0,1774.5,94765.69346335207,6983.464902881907,101749.15836623397,41.85099425053327,58.58919805913698,37.33853901065144,15.318402417300327,-0.007387394355989624,0.05,0.05738739435598963
pizhou,timesnet,mse,43,base,300.0,80.0,5000.0,0.1,2.0,0.0,87.45,8.745000000000001,17.490000000000002,2496.0,1774.5,75986.5995111543,12281.26586368887,88267.86537484317,33.421004140833055,49.384462448390614,54.97326473109823,12.129885174612497,-0.047387394355989605,0.1,0.1473873943559896
pizhou,timesnet,mse,43,base,300.0,80.0,5000.0,0.1,4.0,0.0,87.45,8.745000000000001,34.980000000000004,2496.0,1774.5,62116.053044634886,22876.867785302802,84992.92082993769,26.16317183235256,41.41210852137589,70.20345096659427,9.847452551472198,-0.1273873943559896,0.2,0.3273873943559896
pizhou,timesnet,mse,43,base,300.0,80.0,5000.0,0.2,1.0,0.0,87.45,17.490000000000002,17.490000000000002,2496.0,1774.5,79145.41536400875,13966.929805763813,93112.34516977255,31.439162726725456,47.23028699827358,59.10928159532269,12.894345552910591,-0.047387394355989605,0.1,0.1473873943559896
pizhou,timesnet,mse,43,base,300.0,80.0,5000.0,0.2,2.0,0.0,87.45,17.490000000000002,34.980000000000004,2496.0,1774.5,52845.74896811973,24562.53172737774,77408.28069549748,20.552152603521808,35.31317457699461,81.91340413980532,8.369086067143057,-0.1273873943559896,0.2,0.3273873943559896
pizhou,timesnet,mse,43,base,300.0,80.0,5000.0,0.2,4.0,0.0,87.45,17.490000000000002,69.96000000000001,2496.0,1774.5,36812.28541049157,45753.735570605604,82566.02098109717,11.21837780999701,25.050460084226113,101.50989342609878,5.795391850228113,-0.2399044201288744,0.4,0.6399044201288744
pizhou,timesnet,mse,43,high,600.0,160.0,0.0,0.0,0.0,0.0,87.45,0.0,0.0,2496.0,1774.5,48329.6193075402,0.0,48329.6193075402,59.738687037019716,78.04004428330234,0.0,18.791530070992827,0.0,0.0,0.0
pizhou,timesnet,mse,43,high,600.0,160.0,0.0,0.05,1.0,0.0,87.45,4.3725000000000005,4.3725000000000005,2496.0,1774.5,40547.11757881581,3491.7324514409534,44038.850030256755,48.95356412678316,66.32073569829443,22.504431495244248,16.981280011262676,0.0035020121256605957,0.025,0.021497987874339406
pizhou,timesnet,mse,43,high,600.0,160.0,0.0,0.05,2.0,0.0,87.45,4.3725000000000005,8.745000000000001,2496.0,1774.5,36897.93787684083,6140.632931844435,43038.57080868526,43.909685246068705,60.81740721263385,33.05163886161966,15.120612866498,-0.01649798787433941,0.05,0.06649798787433941
pizhou,timesnet,mse,43,high,600.0,160.0,0.0,0.05,4.0,0.0,87.45,4.3725000000000005,17.490000000000002,2496.0,1774.5,33259.93230793619,11438.433892651401,44698.366200587596,38.893502075365234,55.32333131818822,43.56189792676942,13.517700708750379,-0.056497987874339385,0.1,0.15649798787433938
pizhou,timesnet,mse,43,high,600.0,160.0,0.0,0.1,1.0,0.0,87.45,8.745000000000001,8.745000000000001,2496.0,1774.5,35416.11549674137,6983.464902881907,42399.58039962328,41.85099425053327,58.58919805913698,37.33853901065144,15.318402417300327,-0.007387394355989624,0.05,0.05738739435598963
pizhou,timesnet,mse,43,high,600.0,160.0,0.0,0.1,2.0,0.0,87.45,8.745000000000001,17.490000000000002,2496.0,1774.5,29314.231876212994,12281.26586368887,41595.49773990187,33.421004140833055,49.384462448390614,54.97326473109823,12.129885174612497,-0.047387394355989605,0.1,0.1473873943559896
pizhou,timesnet,mse,43,high,600.0,160.0,0.0,0.1,4.0,0.0,87.45,8.745000000000001,34.980000000000004,2496.0,1774.5,24040.710518689735,22876.867785302802,46917.57830399254,26.16317183235256,41.41210852137589,70.20345096659427,9.847452551472198,-0.1273873943559896,0.2,0.3273873943559896
pizhou,timesnet,mse,43,high,600.0,160.0,0.0,0.2,1.0,0.0,87.45,17.490000000000002,17.490000000000002,2496.0,1774.5,27883.859377335313,13966.929805763813,41850.78918309913,31.439162726725456,47.23028699827358,59.10928159532269,12.894345552910591,-0.047387394355989605,0.1,0.1473873943559896
pizhou,timesnet,mse,43,high,600.0,160.0,0.0,0.2,2.0,0.0,87.45,17.490000000000002,34.980000000000004,2496.0,1774.5,19991.01837962056,24562.53172737774,44553.5501069983,20.552152603521808,35.31317457699461,81.91340413980532,8.369086067143057,-0.1273873943559896,0.2,0.3273873943559896
pizhou,timesnet,mse,43,high,600.0,160.0,0.0,0.2,4.0,0.0,87.45,17.490000000000002,69.96000000000001,2496.0,1774.5,13204.876309088191,45753.735570605604,58958.611879693795,11.21837780999701,25.050460084226113,101.50989342609878,5.795391850228113,-0.2399044201288744,0.4,0.6399044201288744
pizhou,timesnet,mse,43,high,600.0,160.0,1000.0,0.0,0.0,0.0,87.45,0.0,0.0,2496.0,1774.5,67121.14937853302,0.0,67121.14937853302,59.738687037019716,78.04004428330234,0.0,18.791530070992827,0.0,0.0,0.0
pizhou,timesnet,mse,43,high,600.0,160.0,1000.0,0.05,1.0,0.0,87.45,4.3725000000000005,4.3725000000000005,2496.0,1774.5,57528.39759007848,3491.7324514409534,61020.130041519435,48.95356412678316,66.32073569829443,22.504431495244248,16.981280011262676,0.0035020121256605957,0.025,0.021497987874339406
pizhou,timesnet,mse,43,high,600.0,160.0,1000.0,0.05,2.0,0.0,87.45,4.3725000000000005,8.745000000000001,2496.0,1774.5,52018.55074333882,6140.632931844435,58159.18367518326,43.909685246068705,60.81740721263385,33.05163886161966,15.120612866498,-0.01649798787433941,0.05,0.06649798787433941
pizhou,timesnet,mse,43,high,600.0,160.0,1000.0,0.05,4.0,0.0,87.45,4.3725000000000005,17.490000000000002,2496.0,1774.5,46777.633016686574,11438.433892651401,58216.06690933797,38.893502075365234,55.32333131818822,43.56189792676942,13.517700708750379,-0.056497987874339385,0.1,0.15649798787433938
pizhou,timesnet,mse,43,high,600.0,160.0,1000.0,0.1,1.0,0.0,87.45,8.745000000000001,8.745000000000001,2496.0,1774.5,50734.517914041695,6983.464902881907,57717.9828169236,41.85099425053327,58.58919805913698,37.33853901065144,15.318402417300327,-0.007387394355989624,0.05,0.05738739435598963
pizhou,timesnet,mse,43,high,600.0,160.0,1000.0,0.1,2.0,0.0,87.45,8.745000000000001,17.490000000000002,2496.0,1774.5,41444.11705082549,12281.26586368887,53725.38291451436,33.421004140833055,49.384462448390614,54.97326473109823,12.129885174612497,-0.047387394355989605,0.1,0.1473873943559896
pizhou,timesnet,mse,43,high,600.0,160.0,1000.0,0.1,4.0,0.0,87.45,8.745000000000001,34.980000000000004,2496.0,1774.5,33888.163070161936,22876.867785302802,56765.030855464734,26.16317183235256,41.41210852137589,70.20345096659427,9.847452551472198,-0.1273873943559896,0.2,0.3273873943559896
pizhou,timesnet,mse,43,high,600.0,160.0,1000.0,0.2,1.0,0.0,87.45,17.490000000000002,17.490000000000002,2496.0,1774.5,40778.204930245905,13966.929805763813,54745.13473600972,31.439162726725456,47.23028699827358,59.10928159532269,12.894345552910591,-0.047387394355989605,0.1,0.1473873943559896
pizhou,timesnet,mse,43,high,600.0,160.0,1000.0,0.2,2.0,0.0,87.45,17.490000000000002,34.980000000000004,2496.0,1774.5,28360.104446763617,24562.53172737774,52922.63617414136,20.552152603521808,35.31317457699461,81.91340413980532,8.369086067143057,-0.1273873943559896,0.2,0.3273873943559896
pizhou,timesnet,mse,43,high,600.0,160.0,1000.0,0.2,4.0,0.0,87.45,17.490000000000002,69.96000000000001,2496.0,1774.5,19000.268159316303,45753.735570605604,64754.003729921904,11.21837780999701,25.050460084226113,101.50989342609878,5.795391850228113,-0.2399044201288744,0.4,0.6399044201288744
pizhou,timesnet,mse,43,high,600.0,160.0,5000.0,0.0,0.0,0.0,87.45,0.0,0.0,2496.0,1774.5,142287.26966250435,0.0,142287.26966250435,59.738687037019716,78.04004428330234,0.0,18.791530070992827,0.0,0.0,0.0
pizhou,timesnet,mse,43,high,600.0,160.0,5000.0,0.05,1.0,0.0,87.45,4.3725000000000005,4.3725000000000005,2496.0,1774.5,125453.51763512917,3491.7324514409534,128945.25008657013,48.95356412678316,66.32073569829443,22.504431495244248,16.981280011262676,0.0035020121256605957,0.025,0.021497987874339406
pizhou,timesnet,mse,43,high,600.0,160.0,5000.0,0.05,2.0,0.0,87.45,4.3725000000000005,8.745000000000001,2496.0,1774.5,112501.0022093308,6140.632931844435,118641.63514117525,43.909685246068705,60.81740721263385,33.05163886161966,15.120612866498,-0.01649798787433941,0.05,0.06649798787433941
pizhou,timesnet,mse,43,high,600.0,160.0,5000.0,0.05,4.0,0.0,87.45,4.3725000000000005,17.490000000000002,2496.0,1774.5,100848.43585168807,11438.433892651401,112286.86974433946,38.893502075365234,55.32333131818822,43.56189792676942,13.517700708750379,-0.056497987874339385,0.1,0.15649798787433938
pizhou,timesnet,mse,43,high,600.0,160.0,5000.0,0.1,1.0,0.0,87.45,8.745000000000001,8.745000000000001,2496.0,1774.5,112008.12758324303,6983.464902881907,118991.59248612492,41.85099425053327,58.58919805913698,37.33853901065144,15.318402417300327,-0.007387394355989624,0.05,0.05738739435598963
pizhou,timesnet,mse,43,high,600.0,160.0,5000.0,0.1,2.0,0.0,87.45,8.745000000000001,17.490000000000002,2496.0,1774.5,89963.65774927547,12281.26586368887,102244.92361296434,33.421004140833055,49.384462448390614,54.97326473109823,12.129885174612497,-0.047387394355989605,0.1,0.1473873943559896
pizhou,timesnet,mse,43,high,600.0,160.0,5000.0,0.1,4.0,0.0,87.45,8.745000000000001,34.980000000000004,2496.0,1774.5,73277.97327605073,22876.867785302802,96154.84106135354,26.16317183235256,41.41210852137589,70.20345096659427,9.847452551472198,-0.1273873943559896,0.2,0.3273873943559896
pizhou,timesnet,mse,43,high,600.0,160.0,5000.0,0.2,1.0,0.0,87.45,17.490000000000002,17.490000000000002,2496.0,1774.5,92355.58714188827,13966.929805763813,106322.5169476521,31.439162726725456,47.23028699827358,59.10928159532269,12.894345552910591,-0.047387394355989605,0.1,0.1473873943559896
pizhou,timesnet,mse,43,high,600.0,160.0,5000.0,0.2,2.0,0.0,87.45,17.490000000000002,34.980000000000004,2496.0,1774.5,61836.44871533584,24562.53172737774,86398.9804427136,20.552152603521808,35.31317457699461,81.91340413980532,8.369086067143057,-0.1273873943559896,0.2,0.3273873943559896
pizhou,timesnet,mse,43,high,600.0,160.0,5000.0,0.2,4.0,0.0,87.45,17.490000000000002,69.96000000000001,2496.0,1774.5,42181.835560228756,45753.735570605604,87935.57113083436,11.21837780999701,25.050460084226113,101.50989342609878,5.795391850228113,-0.2399044201288744,0.4,0.6399044201288744
pizhou,timesnet,event_weighted,41,low,150.0,40.0,0.0,0.0,0.0,0.0,87.45,0.0,0.0,2496.0,1774.5,13612.284411754099,0.0,13612.284411754099,69.33502619891853,80.30076204790798,0.0,21.68600847495493,0.0,0.0,0.0
pizhou,timesnet,event_weighted,41,low,150.0,40.0,0.0,0.05,1.0,0.0,87.45,4.3725000000000005,4.3725000000000005,2496.0,1774.5,12142.753839837596,3491.7324514409534,15634.48629127855,58.92053835389296,68.98754300254745,21.727706890385807,19.598570701426336,0.006595647973701015,0.025,0.018404352026298986
pizhou,timesnet,event_weighted,41,low,150.0,40.0,0.0,0.05,2.0,0.0,87.45,4.3725000000000005,8.745000000000001,2496.0,1774.5,11444.227034392641,6140.632931844435,17584.859966237076,53.9675968465621,63.60835474291012,32.059836657354595,17.622096675181904,0.010858004193518954,0.05,0.03914199580648105
pizhou,timesnet,event_weighted,41,low,150.0,40.0,0.0,0.05,4.0,0.0,87.45,4.3725000000000005,17.490000000000002,2496.0,1774.5,10705.522137804574,11438.433892651401,22143.956030455975,48.82918911519101,57.98142606513019,42.82517306650632,15.640899948763664,-0.029141995806481042,0.1,0.12914199580648106
pizhou,timesnet,event_weighted,41,low,150.0,40.0,0.0,0.1,1.0,0.0,87.45,8.745000000000001,8.745000000000001,2496.0,1774.5,11158.594659982447,6983.464902881907,18142.059562864353,51.91197589492628,61.38995707566943,36.33385527623052,17.842638751475285,0.026178702703215432,0.05,0.02382129729678457
pizhou,timesnet,event_weighted,41,low,150.0,40.0,0.0,0.1,2.0,0.0,87.45,8.745000000000001,17.490000000000002,2496.0,1774.5,9965.023429242498,12281.26586368887,22246.289292931368,43.553343845682065,52.26333077724623,53.8191136238981,14.604365326724874,-0.01329739765705006,0.1,0.11329739765705006
pizhou,timesnet,event_weighted,41,low,150.0,40.0,0.0,0.1,4.0,0.0,87.45,8.745000000000001,34.980000000000004,2496.0,1774.5,8796.364257334206,22876.867785302802,31673.232042637006,35.46153277960475,43.384478200669875,70.78977726655259,11.547818572502424,-0.09329739765705009,0.2,0.2932973976570501
pizhou,timesnet,event_weighted,41,low,150.0,40.0,0.0,0.2,1.0,0.0,87.45,17.490000000000002,17.490000000000002,2496.0,1774.5,9696.961448272,13966.929805763813,23663.891254035814,41.53984756058367,50.12909568474803,57.96684500149457,15.108578011111607,0.03883120585721862,0.1,0.06116879414278138
pizhou,timesnet,event_weighted,41,low,150.0,40.0,0.0,0.2,2.0,0.0,87.45,17.490000000000002,34.980000000000004,2496.0,1774.5,8036.762718537299,24562.53172737774,32599.29444591504,29.969448854504197,37.4691695864302,82.19716980589185,10.429837071352942,-0.04116879414278142,0.2,0.24116879414278145
pizhou,timesnet,event_weighted,41,low,150.0,40.0,0.0,0.2,4.0,0.0,87.45,17.490000000000002,69.96000000000001,2496.0,1774.5,6478.696333553339,45753.735570605604,52232.43190415893,19.138625914200997,25.605292279716103,104.89187005290935,6.4793495705296795,-0.12868665362729528,0.4,0.5286866536272953
pizhou,timesnet,event_weighted,41,low,150.0,40.0,1000.0,0.0,0.0,0.0,87.45,0.0,0.0,2496.0,1774.5,35298.29288670903,0.0,35298.29288670903,69.33502619891853,80.30076204790798,0.0,21.68600847495493,0.0,0.0,0.0
pizhou,timesnet,event_weighted,41,low,150.0,40.0,1000.0,0.05,1.0,0.0,87.45,4.3725000000000005,4.3725000000000005,2496.0,1774.5,31741.324541263933,3491.7324514409534,35233.056992704885,58.92053835389296,68.98754300254745,21.727706890385807,19.598570701426336,0.006595647973701015,0.025,0.018404352026298986
pizhou,timesnet,event_weighted,41,low,150.0,40.0,1000.0,0.05,2.0,0.0,87.45,4.3725000000000005,8.745000000000001,2496.0,1774.5,29066.323709574546,6140.632931844435,35206.956641418976,53.9675968465621,63.60835474291012,32.059836657354595,17.622096675181904,0.010858004193518954,0.05,0.03914199580648105
pizhou,timesnet,event_weighted,41,low,150.0,40.0,1000.0,0.05,4.0,0.0,87.45,4.3725000000000005,17.490000000000002,2496.0,1774.5,26346.422086568236,11438.433892651401,37784.85597921964,48.82918911519101,57.98142606513019,42.82517306650632,15.640899948763664,-0.029141995806481042,0.1,0.12914199580648106
pizhou,timesnet,event_weighted,41,low,150.0,40.0,1000.0,0.1,1.0,0.0,87.45,8.745000000000001,8.745000000000001,2496.0,1774.5,29001.233411457735,6983.464902881907,35984.698314339636,51.91197589492628,61.38995707566943,36.33385527623052,17.842638751475285,0.026178702703215432,0.05,0.02382129729678457
pizhou,timesnet,event_weighted,41,low,150.0,40.0,1000.0,0.1,2.0,0.0,87.45,8.745000000000001,17.490000000000002,2496.0,1774.5,24569.38875596737,12281.26586368887,36850.65461965624,43.553343845682065,52.26333077724623,53.8191136238981,14.604365326724874,-0.01329739765705006,0.1,0.11329739765705006
pizhou,timesnet,event_weighted,41,low,150.0,40.0,1000.0,0.1,4.0,0.0,87.45,8.745000000000001,34.980000000000004,2496.0,1774.5,20344.18282983663,22876.867785302802,43221.05061513943,35.46153277960475,43.384478200669875,70.78977726655259,11.547818572502424,-0.09329739765705009,0.2,0.2932973976570501
pizhou,timesnet,event_weighted,41,low,150.0,40.0,1000.0,0.2,1.0,0.0,87.45,17.490000000000002,17.490000000000002,2496.0,1774.5,24805.539459383606,13966.929805763813,38772.46926514742,41.53984756058367,50.12909568474803,57.96684500149457,15.108578011111607,0.03883120585721862,0.1,0.06116879414278138
pizhou,timesnet,event_weighted,41,low,150.0,40.0,1000.0,0.2,2.0,0.0,87.45,17.490000000000002,34.980000000000004,2496.0,1774.5,18466.599789890242,24562.53172737774,43029.13151726798,29.969448854504197,37.4691695864302,82.19716980589185,10.429837071352942,-0.04116879414278142,0.2,0.24116879414278145
pizhou,timesnet,event_weighted,41,low,150.0,40.0,1000.0,0.2,4.0,0.0,87.45,17.490000000000002,69.96000000000001,2496.0,1774.5,12958.045904083017,45753.735570605604,58711.781474688614,19.138625914200997,25.605292279716103,104.89187005290935,6.4793495705296795,-0.12868665362729528,0.4,0.5286866536272953
pizhou,timesnet,event_weighted,41,low,150.0,40.0,5000.0,0.0,0.0,0.0,87.45,0.0,0.0,2496.0,1774.5,122042.32678652876,0.0,122042.32678652876,69.33502619891853,80.30076204790798,0.0,21.68600847495493,0.0,0.0,0.0
pizhou,timesnet,event_weighted,41,low,150.0,40.0,5000.0,0.05,1.0,0.0,87.45,4.3725000000000005,4.3725000000000005,2496.0,1774.5,110135.60734696926,3491.7324514409534,113627.33979841022,58.92053835389296,68.98754300254745,21.727706890385807,19.598570701426336,0.006595647973701015,0.025,0.018404352026298986
pizhou,timesnet,event_weighted,41,low,150.0,40.0,5000.0,0.05,2.0,0.25,87.45,4.3725000000000005,8.745000000000001,2496.0,1774.5,99834.7773540188,6140.632931844435,105975.41028586324,55.58329312752694,65.35966784361229,28.69282727568737,17.632744475688426,0.006178702703215427,0.05,0.04382129729678458
pizhou,timesnet,event_weighted,41,low,150.0,40.0,5000.0,0.05,4.0,0.0,87.45,4.3725000000000005,17.490000000000002,2496.0,1774.5,88910.0218816229,11438.433892651401,100348.4557742743,48.82918911519101,57.98142606513019,42.82517306650632,15.640899948763664,-0.029141995806481042,0.1,0.12914199580648106
pizhou,timesnet,event_weighted,41,low,150.0,40.0,5000.0,0.1,1.0,0.0,87.45,8.745000000000001,8.745000000000001,2496.0,1774.5,100371.78841735887,6983.464902881907,107355.25332024076,51.91197589492628,61.38995707566943,36.33385527623052,17.842638751475285,0.026178702703215432,0.05,0.02382129729678457
pizhou,timesnet,event_weighted,41,low,150.0,40.0,5000.0,0.1,2.0,0.0,87.45,8.745000000000001,17.490000000000002,2496.0,1774.5,82986.85006286686,12281.26586368887,95268.11592655572,43.553343845682065,52.26333077724623,53.8191136238981,14.604365326724874,-0.01329739765705006,0.1,0.11329739765705006
pizhou,timesnet,event_weighted,41,low,150.0,40.0,5000.0,0.1,4.0,0.0,87.45,8.745000000000001,34.980000000000004,2496.0,1774.5,66535.45711984632,22876.867785302802,89412.32490514913,35.46153277960475,43.384478200669875,70.78977726655259,11.547818572502424,-0.09329739765705009,0.2,0.2932973976570501
pizhou,timesnet,event_weighted,41,low,150.0,40.0,5000.0,0.2,1.0,0.0,87.45,17.490000000000002,17.490000000000002,2496.0,1774.5,85239.85150383004,13966.929805763813,99206.78130959386,41.53984756058367,50.12909568474803,57.96684500149457,15.108578011111607,0.03883120585721862,0.1,0.06116879414278138
pizhou,timesnet,event_weighted,41,low,150.0,40.0,5000.0,0.2,2.0,0.0,87.45,17.490000000000002,34.980000000000004,2496.0,1774.5,60185.94807530202,24562.53172737774,84748.47980267975,29.969448854504197,37.4691695864302,82.19716980589185,10.429837071352942,-0.04116879414278142,0.2,0.24116879414278145
pizhou,timesnet,event_weighted,41,low,150.0,40.0,5000.0,0.2,4.0,0.0,87.45,17.490000000000002,69.96000000000001,2496.0,1774.5,38875.444186201734,45753.735570605604,84629.17975680732,19.138625914200997,25.605292279716103,104.89187005290935,6.4793495705296795,-0.12868665362729528,0.4,0.5286866536272953
pizhou,timesnet,event_weighted,41,base,300.0,80.0,0.0,0.0,0.0,0.0,87.45,0.0,0.0,2496.0,1774.5,27224.568823508198,0.0,27224.568823508198,69.33502619891853,80.30076204790798,0.0,21.68600847495493,0.0,0.0,0.0
pizhou,timesnet,event_weighted,41,base,300.0,80.0,0.0,0.05,1.0,0.0,87.45,4.3725000000000005,4.3725000000000005,2496.0,1774.5,23740.33631302344,3491.7324514409534,27232.06876446439,58.92053835389296,68.98754300254745,21.727706890385807,19.598570701426336,0.006595647973701015,0.025,0.018404352026298986
pizhou,timesnet,event_weighted,41,base,300.0,80.0,0.0,0.05,2.0,0.0,87.45,4.3725000000000005,8.745000000000001,2496.0,1774.5,22083.70075109336,6140.632931844435,28224.3336829378,53.9675968465621,63.60835474291012,32.059836657354595,17.622096675181904,0.010858004193518954,0.05,0.03914199580648105
pizhou,timesnet,event_weighted,41,base,300.0,80.0,0.0,0.05,4.0,0.0,87.45,4.3725000000000005,17.490000000000002,2496.0,1774.5,20349.15754768843,11438.433892651401,31787.59144033983,48.82918911519101,57.98142606513019,42.82517306650632,15.640899948763664,-0.029141995806481042,0.1,0.12914199580648106
pizhou,timesnet,event_weighted,41,base,300.0,80.0,0.0,0.1,1.0,0.0,87.45,8.745000000000001,8.745000000000001,2496.0,1774.5,21400.989327248168,6983.464902881907,28384.454230130075,51.91197589492628,61.38995707566943,36.33385527623052,17.842638751475285,0.026178702703215432,0.05,0.02382129729678457
pizhou,timesnet,event_weighted,41,base,300.0,80.0,0.0,0.1,2.0,0.0,87.45,8.745000000000001,17.490000000000002,2496.0,1774.5,18588.558237184658,12281.26586368887,30869.824100873528,43.553343845682065,52.26333077724623,53.8191136238981,14.604365326724874,-0.01329739765705006,0.1,0.11329739765705006
pizhou,timesnet,event_weighted,41,base,300.0,80.0,0.0,0.1,4.0,0.0,87.45,8.745000000000001,34.980000000000004,2496.0,1774.5,15850.973302301712,22876.867785302802,38727.841087604516,35.46153277960475,43.384478200669875,70.78977726655259,11.547818572502424,-0.09329739765705009,0.2,0.2932973976570501
pizhou,timesnet,event_weighted,41,base,300.0,80.0,0.0,0.2,1.0,0.0,87.45,17.490000000000002,17.490000000000002,2496.0,1774.5,17933.10240974947,13966.929805763813,31900.032215513285,41.53984756058367,50.12909568474803,57.96684500149457,15.108578011111607,0.03883120585721862,0.1,0.06116879414278138
pizhou,timesnet,event_weighted,41,base,300.0,80.0,0.0,0.2,2.0,0.0,87.45,17.490000000000002,34.980000000000004,2496.0,1774.5,14030.946830170134,24562.53172737774,38593.478557547875,29.969448854504197,37.4691695864302,82.19716980589185,10.429837071352942,-0.04116879414278142,0.2,0.24116879414278145
pizhou,timesnet,event_weighted,41,base,300.0,80.0,0.0,0.2,4.0,0.0,87.45,17.490000000000002,69.96000000000001,2496.0,1774.5,10373.701911872133,45753.735570605604,56127.43748247773,19.138625914200997,25.605292279716103,104.89187005290935,6.4793495705296795,-0.12868665362729528,0.4,0.5286866536272953
pizhou,timesnet,event_weighted,41,base,300.0,80.0,1000.0,0.0,0.0,0.0,87.45,0.0,0.0,2496.0,1774.5,48910.577298463126,0.0,48910.577298463126,69.33502619891853,80.30076204790798,0.0,21.68600847495493,0.0,0.0,0.0
pizhou,timesnet,event_weighted,41,base,300.0,80.0,1000.0,0.05,1.0,0.0,87.45,4.3725000000000005,4.3725000000000005,2496.0,1774.5,43338.907014449775,3491.7324514409534,46830.63946589073,58.92053835389296,68.98754300254745,21.727706890385807,19.598570701426336,0.006595647973701015,0.025,0.018404352026298986
pizhou,timesnet,event_weighted,41,base,300.0,80.0,1000.0,0.05,2.0,0.0,87.45,4.3725000000000005,8.745000000000001,2496.0,1774.5,39705.79742627527,6140.632931844435,45846.4303581197,53.9675968465621,63.60835474291012,32.059836657354595,17.622096675181904,0.010858004193518954,0.05,0.03914199580648105
pizhou,timesnet,event_weighted,41,base,300.0,80.0,1000.0,0.05,4.0,0.0,87.45,4.3725000000000005,17.490000000000002,2496.0,1774.5,35990.05749645209,11438.433892651401,47428.491389103496,48.82918911519101,57.98142606513019,42.82517306650632,15.640899948763664,-0.029141995806481042,0.1,0.12914199580648106
pizhou,timesnet,event_weighted,41,base,300.0,80.0,1000.0,0.1,1.0,0.0,87.45,8.745000000000001,8.745000000000001,2496.0,1774.5,39243.62807872346,6983.464902881907,46227.09298160536,51.91197589492628,61.38995707566943,36.33385527623052,17.842638751475285,0.026178702703215432,0.05,0.02382129729678457
pizhou,timesnet,event_weighted,41,base,300.0,80.0,1000.0,0.1,2.0,0.0,87.45,8.745000000000001,17.490000000000002,2496.0,1774.5,33192.923563909535,12281.26586368887,45474.1894275984,43.553343845682065,52.26333077724623,53.8191136238981,14.604365326724874,-0.01329739765705006,0.1,0.11329739765705006
pizhou,timesnet,event_weighted,41,base,300.0,80.0,1000.0,0.1,4.0,0.0,87.45,8.745000000000001,34.980000000000004,2496.0,1774.5,27398.791874804134,22876.867785302802,50275.65966010693,35.46153277960475,43.384478200669875,70.78977726655259,11.547818572502424,-0.09329739765705009,0.2,0.2932973976570501
pizhou,timesnet,event_weighted,41,base,300.0,80.0,1000.0,0.2,1.0,0.0,87.45,17.490000000000002,17.490000000000002,2496.0,1774.5,33041.68042086108,13966.929805763813,47008.61022662489,41.53984756058367,50.12909568474803,57.96684500149457,15.108578011111607,0.03883120585721862,0.1,0.06116879414278138
pizhou,timesnet,event_weighted,41,base,300.0,80.0,1000.0,0.2,2.0,0.0,87.45,17.490000000000002,34.980000000000004,2496.0,1774.5,24460.783901523075,24562.53172737774,49023.31562890082,29.969448854504197,37.4691695864302,82.19716980589185,10.429837071352942,-0.04116879414278142,0.2,0.24116879414278145
pizhou,timesnet,event_weighted,41,base,300.0,80.0,1000.0,0.2,4.0,0.0,87.45,17.490000000000002,69.96000000000001,2496.0,1774.5,16853.05148240181,45753.735570605604,62606.787053007414,19.138625914200997,25.605292279716103,104.89187005290935,6.4793495705296795,-0.12868665362729528,0.4,0.5286866536272953
pizhou,timesnet,event_weighted,41,base,300.0,80.0,5000.0,0.0,0.0,0.0,87.45,0.0,0.0,2496.0,1774.5,135654.61119828286,0.0,135654.61119828286,69.33502619891853,80.30076204790798,0.0,21.68600847495493,0.0,0.0,0.0
pizhou,timesnet,event_weighted,41,base,300.0,80.0,5000.0,0.05,1.0,0.0,87.45,4.3725000000000005,4.3725000000000005,2496.0,1774.5,121733.18982015511,3491.7324514409534,125224.92227159606,58.92053835389296,68.98754300254745,21.727706890385807,19.598570701426336,0.006595647973701015,0.025,0.018404352026298986
pizhou,timesnet,event_weighted,41,base,300.0,80.0,5000.0,0.05,2.0,0.0,87.45,4.3725000000000005,8.745000000000001,2496.0,1774.5,110194.18412700288,6140.632931844435,116334.81705884733,53.9675968465621,63.60835474291012,32.059836657354595,17.622096675181904,0.010858004193518954,0.05,0.03914199580648105
pizhou,timesnet,event_weighted,41,base,300.0,80.0,5000.0,0.05,4.0,0.0,87.45,4.3725000000000005,17.490000000000002,2496.0,1774.5,98553.65729150675,11438.433892651401,109992.09118415814,48.82918911519101,57.98142606513019,42.82517306650632,15.640899948763664,-0.029141995806481042,0.1,0.12914199580648106
pizhou,timesnet,event_weighted,41,base,300.0,80.0,5000.0,0.1,1.0,0.0,87.45,8.745000000000001,8.745000000000001,2496.0,1774.5,110614.1830846246,6983.464902881907,117597.6479875065,51.91197589492628,61.38995707566943,36.33385527623052,17.842638751475285,0.026178702703215432,0.05,0.02382129729678457
pizhou,timesnet,event_weighted,41,base,300.0,80.0,5000.0,0.1,2.0,0.0,87.45,8.745000000000001,17.490000000000002,2496.0,1774.5,91610.38487080902,12281.26586368887,103891.6507344979,43.553343845682065,52.26333077724623,53.8191136238981,14.604365326724874,-0.01329739765705006,0.1,0.11329739765705006
pizhou,timesnet,event_weighted,41,base,300.0,80.0,5000.0,0.1,4.0,0.0,87.45,8.745000000000001,34.980000000000004,2496.0,1774.5,73590.06616481383,22876.867785302802,96466.93395011664,35.46153277960475,43.384478200669875,70.78977726655259,11.547818572502424,-0.09329739765705009,0.2,0.2932973976570501
pizhou,timesnet,event_weighted,41,base,300.0,80.0,5000.0,0.2,1.0,0.0,87.45,17.490000000000002,17.490000000000002,2496.0,1774.5,93475.9924653075,13966.929805763813,107442.92227107132,41.53984756058367,50.12909568474803,57.96684500149457,15.108578011111607,0.03883120585721862,0.1,0.06116879414278138
pizhou,timesnet,event_weighted,41,base,300.0,80.0,5000.0,0.2,2.0,0.0,87.45,17.490000000000002,34.980000000000004,2496.0,1774.5,66180.13218693485,24562.53172737774,90742.6639143126,29.969448854504197,37.4691695864302,82.19716980589185,10.429837071352942,-0.04116879414278142,0.2,0.24116879414278145
pizhou,timesnet,event_weighted,41,base,300.0,80.0,5000.0,0.2,4.0,0.0,87.45,17.490000000000002,69.96000000000001,2496.0,1774.5,42770.44976452053,45753.735570605604,88524.18533512612,19.138625914200997,25.605292279716103,104.89187005290935,6.4793495705296795,-0.12868665362729528,0.4,0.5286866536272953
pizhou,timesnet,event_weighted,41,high,600.0,160.0,0.0,0.0,0.0,0.0,87.45,0.0,0.0,2496.0,1774.5,54449.137647016396,0.0,54449.137647016396,69.33502619891853,80.30076204790798,0.0,21.68600847495493,0.0,0.0,0.0
pizhou,timesnet,event_weighted,41,high,600.0,160.0,0.0,0.05,1.0,0.0,87.45,4.3725000000000005,4.3725000000000005,2496.0,1774.5,46935.50125939512,3491.7324514409534,50427.23371083608,58.92053835389296,68.98754300254745,21.727706890385807,19.598570701426336,0.006595647973701015,0.025,0.018404352026298986
pizhou,timesnet,event_weighted,41,high,600.0,160.0,0.0,0.05,2.0,0.0,87.45,4.3725000000000005,8.745000000000001,2496.0,1774.5,43362.64818449481,6140.632931844435,49503.28111633925,53.9675968465621,63.60835474291012,32.059836657354595,17.622096675181904,0.010858004193518954,0.05,0.03914199580648105
pizhou,timesnet,event_weighted,41,high,600.0,160.0,0.0,0.05,4.0,0.0,87.45,4.3725000000000005,17.490000000000002,2496.0,1774.5,39636.42836745615,11438.433892651401,51074.862260107555,48.82918911519101,57.98142606513019,42.82517306650632,15.640899948763664,-0.029141995806481042,0.1,0.12914199580648106
pizhou,timesnet,event_weighted,41,high,600.0,160.0,0.0,0.1,1.0,0.0,87.45,8.745000000000001,8.745000000000001,2496.0,1774.5,41885.77866177961,6983.464902881907,48869.24356466152,51.91197589492628,61.38995707566943,36.33385527623052,17.842638751475285,0.026178702703215432,0.05,0.02382129729678457
pizhou,timesnet,event_weighted,41,high,600.0,160.0,0.0,0.1,2.0,0.0,87.45,8.745000000000001,17.490000000000002,2496.0,1774.5,35835.627853068974,12281.26586368887,48116.89371675784,43.553343845682065,52.26333077724623,53.8191136238981,14.604365326724874,-0.01329739765705006,0.1,0.11329739765705006
pizhou,timesnet,event_weighted,41,high,600.0,160.0,0.0,0.1,4.0,0.0,87.45,8.745000000000001,34.980000000000004,2496.0,1774.5,29960.191392236724,22876.867785302802,52837.05917753952,35.46153277960475,43.384478200669875,70.78977726655259,11.547818572502424,-0.09329739765705009,0.2,0.2932973976570501
pizhou,timesnet,event_weighted,41,high,600.0,160.0,0.0,0.2,1.0,0.0,87.45,17.490000000000002,17.490000000000002,2496.0,1774.5,34405.38433270441,13966.929805763813,48372.314138468224,41.53984756058367,50.12909568474803,57.96684500149457,15.108578011111607,0.03883120585721862,0.1,0.06116879414278138
pizhou,timesnet,event_weighted,41,high,600.0,160.0,0.0,0.2,2.0,0.0,87.45,17.490000000000002,34.980000000000004,2496.0,1774.5,26019.31505343581,24562.53172737774,50581.84678081355,29.969448854504197,37.4691695864302,82.19716980589185,10.429837071352942,-0.04116879414278142,0.2,0.24116879414278145
pizhou,timesnet,event_weighted,41,high,600.0,160.0,0.0,0.2,4.0,0.0,87.45,17.490000000000002,69.96000000000001,2496.0,1774.5,18163.713068509718,45753.735570605604,63917.44863911532,19.138625914200997,25.605292279716103,104.89187005290935,6.4793495705296795,-0.12868665362729528,0.4,0.5286866536272953
pizhou,timesnet,event_weighted,41,high,600.0,160.0,1000.0,0.0,0.0,0.0,87.45,0.0,0.0,2496.0,1774.5,76135.14612197132,0.0,76135.14612197132,69.33502619891853,80.30076204790798,0.0,21.68600847495493,0.0,0.0,0.0
pizhou,timesnet,event_weighted,41,high,600.0,160.0,1000.0,0.05,1.0,0.0,87.45,4.3725000000000005,4.3725000000000005,2496.0,1774.5,66534.07196082144,3491.7324514409534,70025.8044122624,58.92053835389296,68.98754300254745,21.727706890385807,19.598570701426336,0.006595647973701015,0.025,0.018404352026298986
pizhou,timesnet,event_weighted,41,high,600.0,160.0,1000.0,0.05,2.0,0.0,87.45,4.3725000000000005,8.745000000000001,2496.0,1774.5,60984.74485967671,6140.632931844435,67125.37779152115,53.9675968465621,63.60835474291012,32.059836657354595,17.622096675181904,0.010858004193518954,0.05,0.03914199580648105
pizhou,timesnet,event_weighted,41,high,600.0,160.0,1000.0,0.05,4.0,0.0,87.45,4.3725000000000005,17.490000000000002,2496.0,1774.5,55277.32831621981,11438.433892651401,66715.76220887121,48.82918911519101,57.98142606513019,42.82517306650632,15.640899948763664,-0.029141995806481042,0.1,0.12914199580648106
pizhou,timesnet,event_weighted,41,high,600.0,160.0,1000.0,0.1,1.0,0.0,87.45,8.745000000000001,8.745000000000001,2496.0,1774.5,59728.41741325489,6983.464902881907,66711.88231613679,51.91197589492628,61.38995707566943,36.33385527623052,17.842638751475285,0.026178702703215432,0.05,0.02382129729678457
pizhou,timesnet,event_weighted,41,high,600.0,160.0,1000.0,0.1,2.0,0.0,87.45,8.745000000000001,17.490000000000002,2496.0,1774.5,50439.99317979385,12281.26586368887,62721.259043482714,43.553343845682065,52.26333077724623,53.8191136238981,14.604365326724874,-0.01329739765705006,0.1,0.11329739765705006
pizhou,timesnet,event_weighted,41,high,600.0,160.0,1000.0,0.1,4.0,0.0,87.45,8.745000000000001,34.980000000000004,2496.0,1774.5,41508.00996473915,22876.867785302802,64384.877750041946,35.46153277960475,43.384478200669875,70.78977726655259,11.547818572502424,-0.09329739765705009,0.2,0.2932973976570501
pizhou,timesnet,event_weighted,41,high,600.0,160.0,1000.0,0.2,1.0,0.0,87.45,17.490000000000002,17.490000000000002,2496.0,1774.5,49513.96234381602,13966.929805763813,63480.89214957983,41.53984756058367,50.12909568474803,57.96684500149457,15.108578011111607,0.03883120585721862,0.1,0.06116879414278138
pizhou,timesnet,event_weighted,41,high,600.0,160.0,1000.0,0.2,2.0,0.0,87.45,17.490000000000002,34.980000000000004,2496.0,1774.5,36449.15212478876,24562.53172737774,61011.6838521665,29.969448854504197,37.4691695864302,82.19716980589185,10.429837071352942,-0.04116879414278142,0.2,0.24116879414278145
pizhou,timesnet,event_weighted,41,high,600.0,160.0,1000.0,0.2,4.0,0.0,87.45,17.490000000000002,69.96000000000001,2496.0,1774.5,24643.062639039403,45753.735570605604,70396.798209645,19.138625914200997,25.605292279716103,104.89187005290935,6.4793495705296795,-0.12868665362729528,0.4,0.5286866536272953
pizhou,timesnet,event_weighted,41,high,600.0,160.0,5000.0,0.0,0.0,0.0,87.45,0.0,0.0,2496.0,1774.5,162879.18002179105,0.0,162879.18002179105,69.33502619891853,80.30076204790798,0.0,21.68600847495493,0.0,0.0,0.0
pizhou,timesnet,event_weighted,41,high,600.0,160.0,5000.0,0.05,1.0,0.0,87.45,4.3725000000000005,4.3725000000000005,2496.0,1774.5,144928.35476652678,3491.7324514409534,148420.08721796775,58.92053835389296,68.98754300254745,21.727706890385807,19.598570701426336,0.006595647973701015,0.025,0.018404352026298986
pizhou,timesnet,event_weighted,41,high,600.0,160.0,5000.0,0.05,2.0,0.0,87.45,4.3725000000000005,8.745000000000001,2496.0,1774.5,131473.13156040432,6140.632931844435,137613.76449224877,53.9675968465621,63.60835474291012,32.059836657354595,17.622096675181904,0.010858004193518954,0.05,0.03914199580648105
pizhou,timesnet,event_weighted,41,high,600.0,160.0,5000.0,0.05,4.0,0.0,87.45,4.3725000000000005,17.490000000000002,2496.0,1774.5,117840.92811127448,11438.433892651401,129279.36200392587,48.82918911519101,57.98142606513019,42.82517306650632,15.640899948763664,-0.029141995806481042,0.1,0.12914199580648106
pizhou,timesnet,event_weighted,41,high,600.0,160.0,5000.0,0.1,1.0,0.0,87.45,8.745000000000001,8.745000000000001,2496.0,1774.5,131098.97241915602,6983.464902881907,138082.43732203793,51.91197589492628,61.38995707566943,36.33385527623052,17.842638751475285,0.026178702703215432,0.05,0.02382129729678457
pizhou,timesnet,event_weighted,41,high,600.0,160.0,5000.0,0.1,2.0,0.0,87.45,8.745000000000001,17.490000000000002,2496.0,1774.5,108857.45448669334,12281.26586368887,121138.72035038222,43.553343845682065,52.26333077724623,53.8191136238981,14.604365326724874,-0.01329739765705006,0.1,0.11329739765705006
pizhou,timesnet,event_weighted,41,high,600.0,160.0,5000.0,0.1,4.0,0.0,87.45,8.745000000000001,34.980000000000004,2496.0,1774.5,87699.28425474884,22876.867785302802,110576.15204005163,35.46153277960475,43.384478200669875,70.78977726655259,11.547818572502424,-0.09329739765705009,0.2,0.2932973976570501
pizhou,timesnet,event_weighted,41,high,600.0,160.0,5000.0,0.2,1.0,0.0,87.45,17.490000000000002,17.490000000000002,2496.0,1774.5,109948.27438826242,13966.929805763813,123915.20419402624,41.53984756058367,50.12909568474803,57.96684500149457,15.108578011111607,0.03883120585721862,0.1,0.06116879414278138
pizhou,timesnet,event_weighted,41,high,600.0,160.0,5000.0,0.2,2.0,0.0,87.45,17.490000000000002,34.980000000000004,2496.0,1774.5,78168.50041020052,24562.53172737774,102731.03213757825,29.969448854504197,37.4691695864302,82.19716980589185,10.429837071352942,-0.04116879414278142,0.2,0.24116879414278145
pizhou,timesnet,event_weighted,41,high,600.0,160.0,5000.0,0.2,4.0,0.0,87.45,17.490000000000002,69.96000000000001,2496.0,1774.5,50560.46092115811,45753.735570605604,96314.19649176372,19.138625914200997,25.605292279716103,104.89187005290935,6.4793495705296795,-0.12868665362729528,0.4,0.5286866536272953
pizhou,timesnet,event_weighted,42,low,150.0,40.0,0.0,0.0,0.0,0.0,87.45,0.0,0.0,2496.0,1774.5,12912.64961373017,0.0,12912.64961373017,61.700256382689396,91.44027890816903,0.0,22.103027777235848,0.0,0.0,0.0
pizhou,timesnet,event_weighted,42,low,150.0,40.0,0.0,0.05,1.0,0.0,87.45,4.3725000000000005,4.3725000000000005,2496.0,1774.5,11597.531169838385,3491.7324514409534,15089.263621279339,52.35155368961202,81.29811340835053,19.49086819289582,20.28770344643708,0.01867291746721331,0.025,0.00632708253278669
pizhou,timesnet,event_weighted,42,low,150.0,40.0,0.0,0.05,2.0,0.0,87.45,4.3725000000000005,8.745000000000001,2496.0,1774.5,10937.910133981273,6140.632931844435,17078.543065825706,47.69482940958177,76.23115303462524,29.214552846651515,18.653662991610258,0.0135859333090348,0.05,0.036414066690965204
pizhou,timesnet,event_weighted,42,low,150.0,40.0,0.0,0.05,4.0,0.0,87.45,4.3725000000000005,17.490000000000002,2496.0,1774.5,10209.334519223896,11438.433892651401,21647.768411875295,42.62810582655097,70.68214190938905,39.83028755491919,16.6628469799711,-0.02641406669096518,0.1,0.1264140666909652
pizhou,timesnet,event_weighted,42,low,150.0,40.0,0.0,0.1,1.0,0.0,87.45,8.745000000000001,8.745000000000001,2496.0,1774.5,10706.84381571261,6983.464902881907,17690.30871859452,46.04404859483629,74.44408019568631,32.652406500335545,18.903863350941332,0.020543853837750568,0.05,0.02945614616224944
pizhou,timesnet,event_weighted,42,low,150.0,40.0,0.0,0.1,2.0,0.0,87.45,8.745000000000001,17.490000000000002,2496.0,1774.5,9601.392643907708,12281.26586368887,21882.658507596578,38.3102056850077,65.99602632393082,48.83430328191968,16.112355464291756,-0.019456146162249416,0.1,0.11945614616224942
pizhou,timesnet,event_weighted,42,low,150.0,40.0,0.0,0.1,4.0,0.0,87.45,8.745000000000001,34.980000000000004,2496.0,1774.5,8412.297582260138,22876.867785302802,31289.16536756294,30.07377139923709,56.95997459551388,66.10678929610786,12.917372485216726,-0.09945614616224943,0.2,0.29945614616224947
pizhou,timesnet,event_weighted,42,low,150.0,40.0,0.0,0.2,1.0,0.0,87.45,17.490000000000002,17.490000000000002,2496.0,1774.5,9384.535575788968,13966.929805763813,23351.46538155278,36.77552489524432,64.32789503070978,52.03711536490415,16.765891205221163,-0.019456146162249416,0.1,0.11945614616224942
pizhou,timesnet,event_weighted,42,low,150.0,40.0,0.0,0.2,2.0,0.0,87.45,17.490000000000002,34.980000000000004,2496.0,1774.5,7754.173099023177,24562.53172737774,32316.704826400917,25.416275056329496,51.89747857061434,75.82678166391416,12.289058305618143,-0.09945614616224943,0.2,0.29945614616224947
pizhou,timesnet,event_weighted,42,low,150.0,40.0,0.0,0.2,4.0,0.0,87.45,17.490000000000002,69.96000000000001,2496.0,1774.5,6163.221412380999,45753.735570605604,51916.956982986594,14.514632344178565,39.881055395726335,98.74484755095341,8.351890565162298,-0.2594561461622494,0.4,0.6594561461622495
pizhou,timesnet,event_weighted,42,low,150.0,40.0,1000.0,0.0,0.0,0.0,87.45,0.0,0.0,2496.0,1774.5,35015.67739096602,0.0,35015.67739096602,61.700256382689396,91.44027890816903,0.0,22.103027777235848,0.0,0.0,0.0
pizhou,timesnet,event_weighted,42,low,150.0,40.0,1000.0,0.05,1.0,0.0,87.45,4.3725000000000005,4.3725000000000005,2496.0,1774.5,31885.234616275466,3491.7324514409534,35376.96706771642,52.35155368961202,81.29811340835053,19.49086819289582,20.28770344643708,0.01867291746721331,0.025,0.00632708253278669
pizhou,timesnet,event_weighted,42,low,150.0,40.0,1000.0,0.05,2.0,0.0,87.45,4.3725000000000005,8.745000000000001,2496.0,1774.5,29591.573125591527,6140.632931844435,35732.206057435964,47.69482940958177,76.23115303462524,29.214552846651515,18.653662991610258,0.0135859333090348,0.05,0.036414066690965204
pizhou,timesnet,event_weighted,42,low,150.0,40.0,1000.0,0.05,4.0,0.0,87.45,4.3725000000000005,17.490000000000002,2496.0,1774.5,26872.181499194994,11438.433892651401,38310.6153918464,42.62810582655097,70.68214190938905,39.83028755491919,16.6628469799711,-0.02641406669096518,0.1,0.1264140666909652
pizhou,timesnet,event_weighted,42,low,150.0,40.0,1000.0,0.1,1.0,0.0,87.45,8.745000000000001,8.745000000000001,2496.0,1774.5,29610.70716665394,6983.464902881907,36594.172069535845,46.04404859483629,74.44408019568631,32.652406500335545,18.903863350941332,0.020543853837750568,0.05,0.02945614616224944
pizhou,timesnet,event_weighted,42,low,150.0,40.0,1000.0,0.1,2.0,0.0,87.45,8.745000000000001,17.490000000000002,2496.0,1774.5,25713.74810819946,12281.26586368887,37995.01397188833,38.3102056850077,65.99602632393082,48.83430328191968,16.112355464291756,-0.019456146162249416,0.1,0.11945614616224942
pizhou,timesnet,event_weighted,42,low,150.0,40.0,1000.0,0.1,4.0,0.0,87.45,8.745000000000001,34.980000000000004,2496.0,1774.5,21329.670067476865,22876.867785302802,44206.537852779664,30.07377139923709,56.95997459551388,66.10678929610786,12.917372485216726,-0.09945614616224943,0.2,0.29945614616224947
pizhou,timesnet,event_weighted,42,low,150.0,40.0,1000.0,0.2,1.0,0.0,87.45,17.490000000000002,17.490000000000002,2496.0,1774.5,26150.426781010134,13966.929805763813,40117.356586773945,36.77552489524432,64.32789503070978,52.03711536490415,16.765891205221163,-0.019456146162249416,0.1,0.11945614616224942
pizhou,timesnet,event_weighted,42,low,150.0,40.0,1000.0,0.2,2.0,0.0,87.45,17.490000000000002,34.980000000000004,2496.0,1774.5,20043.231404641323,24562.53172737774,44605.76313201906,25.416275056329496,51.89747857061434,75.82678166391416,12.289058305618143,-0.09945614616224943,0.2,0.29945614616224947
pizhou,timesnet,event_weighted,42,low,150.0,40.0,1000.0,0.2,4.0,0.0,87.45,17.490000000000002,69.96000000000001,2496.0,1774.5,14515.111977543296,45753.735570605604,60268.8475481489,14.514632344178565,39.881055395726335,98.74484755095341,8.351890565162298,-0.2594561461622494,0.4,0.6594561461622495
pizhou,timesnet,event_weighted,42,low,150.0,40.0,5000.0,0.0,0.0,0.0,87.45,0.0,0.0,2496.0,1774.5,123427.7884999094,0.0,123427.7884999094,61.700256382689396,91.44027890816903,0.0,22.103027777235848,0.0,0.0,0.0
pizhou,timesnet,event_weighted,42,low,150.0,40.0,5000.0,0.05,1.0,0.0,87.45,4.3725000000000005,4.3725000000000005,2496.0,1774.5,113036.04840202381,3491.7324514409534,116527.78085346476,52.35155368961202,81.29811340835053,19.49086819289582,20.28770344643708,0.01867291746721331,0.025,0.00632708253278669
pizhou,timesnet,event_weighted,42,low,150.0,40.0,5000.0,0.05,2.0,0.0,87.45,4.3725000000000005,8.745000000000001,2496.0,1774.5,104206.22509203255,6140.632931844435,110346.85802387698,47.69482940958177,76.23115303462524,29.214552846651515,18.653662991610258,0.0135859333090348,0.05,0.036414066690965204
pizhou,timesnet,event_weighted,42,low,150.0,40.0,5000.0,0.05,4.0,0.0,87.45,4.3725000000000005,17.490000000000002,2496.0,1774.5,93523.5694190794,11438.433892651401,104962.00331173079,42.62810582655097,70.68214190938905,39.83028755491919,16.6628469799711,-0.02641406669096518,0.1,0.1264140666909652
pizhou,timesnet,event_weighted,42,low,150.0,40.0,5000.0,0.1,1.0,0.0,87.45,8.745000000000001,8.745000000000001,2496.0,1774.5,105226.16057041928,6983.464902881907,112209.62547330119,46.04404859483629,74.44408019568631,32.652406500335545,18.903863350941332,0.020543853837750568,0.05,0.02945614616224944
pizhou,timesnet,event_weighted,42,low,150.0,40.0,5000.0,0.1,2.0,0.0,87.45,8.745000000000001,17.490000000000002,2496.0,1774.5,90163.16996536648,12281.26586368887,102444.43582905536,38.3102056850077,65.99602632393082,48.83430328191968,16.112355464291756,-0.019456146162249416,0.1,0.11945614616224942
pizhou,timesnet,event_weighted,42,low,150.0,40.0,5000.0,0.1,4.0,0.0,87.45,8.745000000000001,34.980000000000004,2496.0,1774.5,72999.16000834377,22876.867785302802,95876.02779364657,30.07377139923709,56.95997459551388,66.10678929610786,12.917372485216726,-0.09945614616224943,0.2,0.29945614616224947
pizhou,timesnet,event_weighted,42,low,150.0,40.0,5000.0,0.2,1.0,0.0,87.45,17.490000000000002,17.490000000000002,2496.0,1774.5,93213.99160189478,13966.929805763813,107180.92140765859,36.77552489524432,64.32789503070978,52.03711536490415,16.765891205221163,-0.019456146162249416,0.1,0.11945614616224942
pizhou,timesnet,event_weighted,42,low,150.0,40.0,5000.0,0.2,2.0,0.0,87.45,17.490000000000002,34.980000000000004,2496.0,1774.5,69199.46462711389,24562.53172737774,93761.99635449164,25.416275056329496,51.89747857061434,75.82678166391416,12.289058305618143,-0.09945614616224943,0.2,0.29945614616224947
pizhou,timesnet,event_weighted,42,low,150.0,40.0,5000.0,0.2,4.0,0.0,87.45,17.490000000000002,69.96000000000001,2496.0,1774.5,47922.674238192485,45753.735570605604,93676.40980879808,14.514632344178565,39.881055395726335,98.74484755095341,8.351890565162298,-0.2594561461622494,0.4,0.6594561461622495
pizhou,timesnet,event_weighted,42,base,300.0,80.0,0.0,0.0,0.0,0.0,87.45,0.0,0.0,2496.0,1774.5,25825.29922746034,0.0,25825.29922746034,61.700256382689396,91.44027890816903,0.0,22.103027777235848,0.0,0.0,0.0
pizhou,timesnet,event_weighted,42,base,300.0,80.0,0.0,0.05,1.0,0.0,87.45,4.3725000000000005,4.3725000000000005,2496.0,1774.5,22702.188759614208,3491.7324514409534,26193.92121105516,52.35155368961202,81.29811340835053,19.49086819289582,20.28770344643708,0.01867291746721331,0.025,0.00632708253278669
pizhou,timesnet,event_weighted,42,base,300.0,80.0,0.0,0.05,2.0,0.0,87.45,4.3725000000000005,8.745000000000001,2496.0,1774.5,21141.380666803547,6140.632931844435,27282.01359864798,47.69482940958177,76.23115303462524,29.214552846651515,18.653662991610258,0.0135859333090348,0.05,0.036414066690965204
pizhou,timesnet,event_weighted,42,base,300.0,80.0,0.0,0.05,4.0,0.0,87.45,4.3725000000000005,17.490000000000002,2496.0,1774.5,19430.836069582103,11438.433892651401,30869.269962233506,42.62810582655097,70.68214190938905,39.83028755491919,16.6628469799711,-0.02641406669096518,0.1,0.1264140666909652
pizhou,timesnet,event_weighted,42,base,300.0,80.0,0.0,0.1,1.0,0.0,87.45,8.745000000000001,8.745000000000001,2496.0,1774.5,20591.214312765507,6983.464902881907,27574.679215647415,46.04404859483629,74.44408019568631,32.652406500335545,18.903863350941332,0.020543853837750568,0.05,0.02945614616224944
pizhou,timesnet,event_weighted,42,base,300.0,80.0,0.0,0.1,2.0,0.0,87.45,8.745000000000001,17.490000000000002,2496.0,1774.5,17987.764549616095,12281.26586368887,30269.03041330497,38.3102056850077,65.99602632393082,48.83430328191968,16.112355464291756,-0.019456146162249416,0.1,0.11945614616224942
pizhou,timesnet,event_weighted,42,base,300.0,80.0,0.0,0.1,4.0,0.0,87.45,8.745000000000001,34.980000000000004,2496.0,1774.5,15201.762275966257,22876.867785302802,38078.630061269054,30.07377139923709,56.95997459551388,66.10678929610786,12.917372485216726,-0.09945614616224943,0.2,0.29945614616224947
pizhou,timesnet,event_weighted,42,base,300.0,80.0,0.0,0.2,1.0,0.0,87.45,17.490000000000002,17.490000000000002,2496.0,1774.5,17473.980111304005,13966.929805763813,31440.909917067816,36.77552489524432,64.32789503070978,52.03711536490415,16.765891205221163,-0.019456146162249416,0.1,0.11945614616224942
pizhou,timesnet,event_weighted,42,base,300.0,80.0,0.0,0.2,2.0,0.0,87.45,17.490000000000002,34.980000000000004,2496.0,1774.5,13642.513500297178,24562.53172737774,38205.04522767492,25.416275056329496,51.89747857061434,75.82678166391416,12.289058305618143,-0.09945614616224943,0.2,0.29945614616224947
pizhou,timesnet,event_weighted,42,base,300.0,80.0,0.0,0.2,4.0,0.0,87.45,17.490000000000002,69.96000000000001,2496.0,1774.5,9935.658479836837,45753.735570605604,55689.39405044243,14.514632344178565,39.881055395726335,98.74484755095341,8.351890565162298,-0.2594561461622494,0.4,0.6594561461622495
pizhou,timesnet,event_weighted,42,base,300.0,80.0,1000.0,0.0,0.0,0.0,87.45,0.0,0.0,2496.0,1774.5,47928.32700469619,0.0,47928.32700469619,61.700256382689396,91.44027890816903,0.0,22.103027777235848,0.0,0.0,0.0
pizhou,timesnet,event_weighted,42,base,300.0,80.0,1000.0,0.05,1.0,0.0,87.45,4.3725000000000005,4.3725000000000005,2496.0,1774.5,42989.89220605129,3491.7324514409534,46481.62465749224,52.35155368961202,81.29811340835053,19.49086819289582,20.28770344643708,0.01867291746721331,0.025,0.00632708253278669
pizhou,timesnet,event_weighted,42,base,300.0,80.0,1000.0,0.05,2.0,0.0,87.45,4.3725000000000005,8.745000000000001,2496.0,1774.5,39795.0436584138,6140.632931844435,45935.676590258234,47.69482940958177,76.23115303462524,29.214552846651515,18.653662991610258,0.0135859333090348,0.05,0.036414066690965204
pizhou,timesnet,event_weighted,42,base,300.0,80.0,1000.0,0.05,4.0,0.0,87.45,4.3725000000000005,17.490000000000002,2496.0,1774.5,36093.683049553205,11438.433892651401,47532.11694220461,42.62810582655097,70.68214190938905,39.83028755491919,16.6628469799711,-0.02641406669096518,0.1,0.1264140666909652
pizhou,timesnet,event_weighted,42,base,300.0,80.0,1000.0,0.1,1.0,0.0,87.45,8.745000000000001,8.745000000000001,2496.0,1774.5,39495.07766370684,6983.464902881907,46478.542566588745,46.04404859483629,74.44408019568631,32.652406500335545,18.903863350941332,0.020543853837750568,0.05,0.02945614616224944
pizhou,timesnet,event_weighted,42,base,300.0,80.0,1000.0,0.1,2.0,0.0,87.45,8.745000000000001,17.490000000000002,2496.0,1774.5,34100.12001390785,12281.26586368887,46381.385877596724,38.3102056850077,65.99602632393082,48.83430328191968,16.112355464291756,-0.019456146162249416,0.1,0.11945614616224942
pizhou,timesnet,event_weighted,42,base,300.0,80.0,1000.0,0.1,4.0,0.0,87.45,8.745000000000001,34.980000000000004,2496.0,1774.5,28119.13476118298,22876.867785302802,50996.00254648578,30.07377139923709,56.95997459551388,66.10678929610786,12.917372485216726,-0.09945614616224943,0.2,0.29945614616224947
pizhou,timesnet,event_weighted,42,base,300.0,80.0,1000.0,0.2,1.0,0.0,87.45,17.490000000000002,17.490000000000002,2496.0,1774.5,34239.87131652517,13966.929805763813,48206.80112228898,36.77552489524432,64.32789503070978,52.03711536490415,16.765891205221163,-0.019456146162249416,0.1,0.11945614616224942
pizhou,timesnet,event_weighted,42,base,300.0,80.0,1000.0,0.2,2.0,0.0,87.45,17.490000000000002,34.980000000000004,2496.0,1774.5,25931.571805915322,24562.53172737774,50494.10353329306,25.416275056329496,51.89747857061434,75.82678166391416,12.289058305618143,-0.09945614616224943,0.2,0.29945614616224947
pizhou,timesnet,event_weighted,42,base,300.0,80.0,1000.0,0.2,4.0,0.0,87.45,17.490000000000002,69.96000000000001,2496.0,1774.5,18287.549044999134,45753.735570605604,64041.28461560474,14.514632344178565,39.881055395726335,98.74484755095341,8.351890565162298,-0.2594561461622494,0.4,0.6594561461622495
pizhou,timesnet,event_weighted,42,base,300.0,80.0,5000.0,0.0,0.0,0.0,87.45,0.0,0.0,2496.0,1774.5,136340.43811363957,0.0,136340.43811363957,61.700256382689396,91.44027890816903,0.0,22.103027777235848,0.0,0.0,0.0
pizhou,timesnet,event_weighted,42,base,300.0,80.0,5000.0,0.05,1.0,0.0,87.45,4.3725000000000005,4.3725000000000005,2496.0,1774.5,124140.70599179964,3491.7324514409534,127632.4384432406,52.35155368961202,81.29811340835053,19.49086819289582,20.28770344643708,0.01867291746721331,0.025,0.00632708253278669
pizhou,timesnet,event_weighted,42,base,300.0,80.0,5000.0,0.05,2.0,0.0,87.45,4.3725000000000005,8.745000000000001,2496.0,1774.5,114409.69562485484,6140.632931844435,120550.32855669927,47.69482940958177,76.23115303462524,29.214552846651515,18.653662991610258,0.0135859333090348,0.05,0.036414066690965204
pizhou,timesnet,event_weighted,42,base,300.0,80.0,5000.0,0.05,4.0,0.0,87.45,4.3725000000000005,17.490000000000002,2496.0,1774.5,102745.0709694376,11438.433892651401,114183.50486208899,42.62810582655097,70.68214190938905,39.83028755491919,16.6628469799711,-0.02641406669096518,0.1,0.1264140666909652
pizhou,timesnet,event_weighted,42,base,300.0,80.0,5000.0,0.1,1.0,0.0,87.45,8.745000000000001,8.745000000000001,2496.0,1774.5,115110.53106747215,6983.464902881907,122093.99597035407,46.04404859483629,74.44408019568631,32.652406500335545,18.903863350941332,0.020543853837750568,0.05,0.02945614616224944
pizhou,timesnet,event_weighted,42,base,300.0,80.0,5000.0,0.1,2.0,0.0,87.45,8.745000000000001,17.490000000000002,2496.0,1774.5,98549.54187107486,12281.26586368887,110830.80773476374,38.3102056850077,65.99602632393082,48.83430328191968,16.112355464291756,-0.019456146162249416,0.1,0.11945614616224942
pizhou,timesnet,event_weighted,42,base,300.0,80.0,5000.0,0.1,4.0,0.0,87.45,8.745000000000001,34.980000000000004,2496.0,1774.5,79788.62470204988,22876.867785302802,102665.49248735268,30.07377139923709,56.95997459551388,66.10678929610786,12.917372485216726,-0.09945614616224943,0.2,0.29945614616224947
pizhou,timesnet,event_weighted,42,base,300.0,80.0,5000.0,0.2,1.0,0.0,87.45,17.490000000000002,17.490000000000002,2496.0,1774.5,101303.43613740981,13966.929805763813,115270.36594317362,36.77552489524432,64.32789503070978,52.03711536490415,16.765891205221163,-0.019456146162249416,0.1,0.11945614616224942
pizhou,timesnet,event_weighted,42,base,300.0,80.0,5000.0,0.2,2.0,0.0,87.45,17.490000000000002,34.980000000000004,2496.0,1774.5,75087.8050283879,24562.53172737774,99650.33675576565,25.416275056329496,51.89747857061434,75.82678166391416,12.289058305618143,-0.09945614616224943,0.2,0.29945614616224947
pizhou,timesnet,event_weighted,42,base,300.0,80.0,5000.0,0.2,4.0,0.0,87.45,17.490000000000002,69.96000000000001,2496.0,1774.5,51695.111305648315,45753.735570605604,97448.84687625391,14.514632344178565,39.881055395726335,98.74484755095341,8.351890565162298,-0.2594561461622494,0.4,0.6594561461622495
pizhou,timesnet,event_weighted,42,high,600.0,160.0,0.0,0.0,0.0,0.0,87.45,0.0,0.0,2496.0,1774.5,51650.59845492068,0.0,51650.59845492068,61.700256382689396,91.44027890816903,0.0,22.103027777235848,0.0,0.0,0.0
pizhou,timesnet,event_weighted,42,high,600.0,160.0,0.0,0.05,1.0,0.0,87.45,4.3725000000000005,4.3725000000000005,2496.0,1774.5,44911.50393916586,3491.7324514409534,48403.236390606806,52.35155368961202,81.29811340835053,19.49086819289582,20.28770344643708,0.01867291746721331,0.025,0.00632708253278669
pizhou,timesnet,event_weighted,42,high,600.0,160.0,0.0,0.05,2.0,0.0,87.45,4.3725000000000005,8.745000000000001,2496.0,1774.5,41548.321732448094,6140.632931844435,47688.954664292534,47.69482940958177,76.23115303462524,29.214552846651515,18.653662991610258,0.0135859333090348,0.05,0.036414066690965204
pizhou,timesnet,event_weighted,42,high,600.0,160.0,0.0,0.05,4.0,0.0,87.45,4.3725000000000005,17.490000000000002,2496.0,1774.5,37873.83917029852,11438.433892651401,49312.27306294991,42.62810582655097,70.68214190938905,39.83028755491919,16.6628469799711,-0.02641406669096518,0.1,0.1264140666909652
pizhou,timesnet,event_weighted,42,high,600.0,160.0,0.0,0.1,1.0,0.0,87.45,8.745000000000001,8.745000000000001,2496.0,1774.5,40359.9553068713,6983.464902881907,47343.4202097532,46.04404859483629,74.44408019568631,32.652406500335545,18.903863350941332,0.020543853837750568,0.05,0.02945614616224944
pizhou,timesnet,event_weighted,42,high,600.0,160.0,0.0,0.1,2.0,0.0,87.45,8.745000000000001,17.490000000000002,2496.0,1774.5,34760.50836103287,12281.26586368887,47041.77422472174,38.3102056850077,65.99602632393082,48.83430328191968,16.112355464291756,-0.019456146162249416,0.1,0.11945614616224942
pizhou,timesnet,event_weighted,42,high,600.0,160.0,0.0,0.1,4.0,0.0,87.45,8.745000000000001,34.980000000000004,2496.0,1774.5,28780.69166337849,22876.867785302802,51657.55944868129,30.07377139923709,56.95997459551388,66.10678929610786,12.917372485216726,-0.09945614616224943,0.2,0.29945614616224947
pizhou,timesnet,event_weighted,42,high,600.0,160.0,0.0,0.2,1.0,0.0,87.45,17.490000000000002,17.490000000000002,2496.0,1774.5,33652.86918233408,13966.929805763813,47619.79898809789,36.77552489524432,64.32789503070978,52.03711536490415,16.765891205221163,-0.019456146162249416,0.1,0.11945614616224942
pizhou,timesnet,event_weighted,42,high,600.0,160.0,0.0,0.2,2.0,0.0,87.45,17.490000000000002,34.980000000000004,2496.0,1774.5,25419.194302845175,24562.53172737774,49981.72603022292,25.416275056329496,51.89747857061434,75.82678166391416,12.289058305618143,-0.09945614616224943,0.2,0.29945614616224947
pizhou,timesnet,event_weighted,42,high,600.0,160.0,0.0,0.2,4.0,0.0,87.45,17.490000000000002,69.96000000000001,2496.0,1774.5,17480.532614748514,45753.735570605604,63234.268185354114,14.514632344178565,39.881055395726335,98.74484755095341,8.351890565162298,-0.2594561461622494,0.4,0.6594561461622495
pizhou,timesnet,event_weighted,42,high,600.0,160.0,1000.0,0.0,0.0,0.0,87.45,0.0,0.0,2496.0,1774.5,73753.62623215652,0.0,73753.62623215652,61.700256382689396,91.44027890816903,0.0,22.103027777235848,0.0,0.0,0.0
pizhou,timesnet,event_weighted,42,high,600.0,160.0,1000.0,0.05,1.0,0.0,87.45,4.3725000000000005,4.3725000000000005,2496.0,1774.5,65199.20738560294,3491.7324514409534,68690.93983704389,52.35155368961202,81.29811340835053,19.49086819289582,20.28770344643708,0.01867291746721331,0.025,0.00632708253278669
pizhou,timesnet,event_weighted,42,high,600.0,160.0,1000.0,0.05,2.0,0.0,87.45,4.3725000000000005,8.745000000000001,2496.0,1774.5,60201.984724058355,6140.632931844435,66342.6176559028,47.69482940958177,76.23115303462524,29.214552846651515,18.653662991610258,0.0135859333090348,0.05,0.036414066690965204
pizhou,timesnet,event_weighted,42,high,600.0,160.0,1000.0,0.05,4.0,0.0,87.45,4.3725000000000005,17.490000000000002,2496.0,1774.5,54536.68615026962,11438.433892651401,65975.12004292101,42.62810582655097,70.68214190938905,39.83028755491919,16.6628469799711,-0.02641406669096518,0.1,0.1264140666909652
pizhou,timesnet,event_weighted,42,high,600.0,160.0,1000.0,0.1,1.0,0.0,87.45,8.745000000000001,8.745000000000001,2496.0,1774.5,59263.81865781263,6983.464902881907,66247.28356069454,46.04404859483629,74.44408019568631,32.652406500335545,18.903863350941332,0.020543853837750568,0.05,0.02945614616224944
pizhou,timesnet,event_weighted,42,high,600.0,160.0,1000.0,0.1,2.0,0.0,87.45,8.745000000000001,17.490000000000002,2496.0,1774.5,50872.863825324624,12281.26586368887,63154.1296890135,38.3102056850077,65.99602632393082,48.83430328191968,16.112355464291756,-0.019456146162249416,0.1,0.11945614616224942
pizhou,timesnet,event_weighted,42,high,600.0,160.0,1000.0,0.1,4.0,0.0,87.45,8.745000000000001,34.980000000000004,2496.0,1774.5,41698.064148595215,22876.867785302802,64574.93193389802,30.07377139923709,56.95997459551388,66.10678929610786,12.917372485216726,-0.09945614616224943,0.2,0.29945614616224947
pizhou,timesnet,event_weighted,42,high,600.0,160.0,1000.0,0.2,1.0,0.0,87.45,17.490000000000002,17.490000000000002,2496.0,1774.5,50418.76038755525,13966.929805763813,64385.69019331906,36.77552489524432,64.32789503070978,52.03711536490415,16.765891205221163,-0.019456146162249416,0.1,0.11945614616224942
pizhou,timesnet,event_weighted,42,high,600.0,160.0,1000.0,0.2,2.0,0.0,87.45,17.490000000000002,34.980000000000004,2496.0,1774.5,37708.25260846332,24562.53172737774,62270.78433584106,25.416275056329496,51.89747857061434,75.82678166391416,12.289058305618143,-0.09945614616224943,0.2,0.29945614616224947
pizhou,timesnet,event_weighted,42,high,600.0,160.0,1000.0,0.2,4.0,0.0,87.45,17.490000000000002,69.96000000000001,2496.0,1774.5,25832.423179910813,45753.735570605604,71586.15875051642,14.514632344178565,39.881055395726335,98.74484755095341,8.351890565162298,-0.2594561461622494,0.4,0.6594561461622495
pizhou,timesnet,event_weighted,42,high,600.0,160.0,5000.0,0.0,0.0,0.0,87.45,0.0,0.0,2496.0,1774.5,162165.7373410999,0.0,162165.7373410999,61.700256382689396,91.44027890816903,0.0,22.103027777235848,0.0,0.0,0.0
pizhou,timesnet,event_weighted,42,high,600.0,160.0,5000.0,0.05,1.0,0.0,87.45,4.3725000000000005,4.3725000000000005,2496.0,1774.5,146350.02117135128,3491.7324514409534,149841.75362279222,52.35155368961202,81.29811340835053,19.49086819289582,20.28770344643708,0.01867291746721331,0.025,0.00632708253278669
pizhou,timesnet,event_weighted,42,high,600.0,160.0,5000.0,0.05,2.0,0.0,87.45,4.3725000000000005,8.745000000000001,2496.0,1774.5,134816.63669049938,6140.632931844435,140957.26962234383,47.69482940958177,76.23115303462524,29.214552846651515,18.653662991610258,0.0135859333090348,0.05,0.036414066690965204
pizhou,timesnet,event_weighted,42,high,600.0,160.0,5000.0,0.05,4.0,0.0,87.45,4.3725000000000005,17.490000000000002,2496.0,1774.5,121188.074070154,11438.433892651401,132626.5079628054,42.62810582655097,70.68214190938905,39.83028755491919,16.6628469799711,-0.02641406669096518,0.1,0.1264140666909652
pizhou,timesnet,event_weighted,42,high,600.0,160.0,5000.0,0.1,1.0,0.0,87.45,8.745000000000001,8.745000000000001,2496.0,1774.5,134879.27206157797,6983.464902881907,141862.73696445988,46.04404859483629,74.44408019568631,32.652406500335545,18.903863350941332,0.020543853837750568,0.05,0.02945614616224944
pizhou,timesnet,event_weighted,42,high,600.0,160.0,5000.0,0.1,2.0,0.0,87.45,8.745000000000001,17.490000000000002,2496.0,1774.5,115322.28568249164,12281.26586368887,127603.55154618052,38.3102056850077,65.99602632393082,48.83430328191968,16.112355464291756,-0.019456146162249416,0.1,0.11945614616224942
pizhou,timesnet,event_weighted,42,high,600.0,160.0,5000.0,0.1,4.0,0.0,87.45,8.745000000000001,34.980000000000004,2496.0,1774.5,93367.55408946212,22876.867785302802,116244.42187476491,30.07377139923709,56.95997459551388,66.10678929610786,12.917372485216726,-0.09945614616224943,0.2,0.29945614616224947
pizhou,timesnet,event_weighted,42,high,600.0,160.0,5000.0,0.2,1.0,0.0,87.45,17.490000000000002,17.490000000000002,2496.0,1774.5,117482.3252084399,13966.929805763813,131449.25501420372,36.77552489524432,64.32789503070978,52.03711536490415,16.765891205221163,-0.019456146162249416,0.1,0.11945614616224942
pizhou,timesnet,event_weighted,42,high,600.0,160.0,5000.0,0.2,2.0,0.0,87.45,17.490000000000002,34.980000000000004,2496.0,1774.5,86864.4858309359,24562.53172737774,111427.01755831364,25.416275056329496,51.89747857061434,75.82678166391416,12.289058305618143,-0.09945614616224943,0.2,0.29945614616224947
pizhou,timesnet,event_weighted,42,high,600.0,160.0,5000.0,0.2,4.0,0.0,87.45,17.490000000000002,69.96000000000001,2496.0,1774.5,59239.985440560005,45753.735570605604,104993.7210111656,14.514632344178565,39.881055395726335,98.74484755095341,8.351890565162298,-0.2594561461622494,0.4,0.6594561461622495
pizhou,timesnet,event_weighted,43,low,150.0,40.0,0.0,0.0,0.0,0.0,87.45,0.0,0.0,2496.0,1774.5,13057.844793568018,0.0,13057.844793568018,64.22173881291535,85.6145992907679,0.0,21.403161115384297,0.0,0.0,0.0
pizhou,timesnet,event_weighted,43,low,150.0,40.0,0.0,0.05,1.0,0.0,87.45,4.3725000000000005,4.3725000000000005,2496.0,1774.5,11654.912914481807,3491.7324514409534,15146.64536592276,54.24862282329447,74.79510726519449,20.79260801519432,19.476338987294984,0.02,0.025,0.005000000000000001
pizhou,timesnet,event_weighted,43,low,150.0,40.0,0.0,0.05,2.0,0.0,87.45,4.3725000000000005,8.745000000000001,2496.0,1774.5,10977.00556445434,6140.632931844435,17117.63849629878,49.412437165817416,69.55644057740389,30.86746036046236,17.67781355241545,0.03731952491337779,0.05,0.012680475086622213
pizhou,timesnet,event_weighted,43,low,150.0,40.0,0.0,0.05,4.0,0.0,87.45,4.3725000000000005,17.490000000000002,2496.0,1774.5,10245.234618372173,11438.433892651401,21683.668511023574,44.32310046879577,63.982849980438495,41.53038765445014,15.867725468051654,-0.00268047508662221,0.1,0.10268047508662222
pizhou,timesnet,event_weighted,43,low,150.0,40.0,0.0,0.1,1.0,0.0,87.45,8.745000000000001,8.745000000000001,2496.0,1774.5,10686.992180936486,6983.464902881907,17670.457083818394,47.35404724827067,67.32185482070473,35.16043603470787,17.928815636016235,0.04,0.05,0.010000000000000002
pizhou,timesnet,event_weighted,43,low,150.0,40.0,0.0,0.1,2.0,0.0,87.45,8.745000000000001,17.490000000000002,2496.0,1774.5,9547.25233711188,12281.26586368887,21828.51820080075,39.319510218926624,58.57404693789823,51.94278094685851,14.737439680237781,0.025981343618317713,0.1,0.0740186563816823
pizhou,timesnet,event_weighted,43,low,150.0,40.0,0.0,0.1,4.0,0.0,87.45,8.745000000000001,34.980000000000004,2496.0,1774.5,8389.559830903063,22876.867785302802,31266.427616205863,31.30530940241483,49.77955332824081,68.75147537302836,11.816905312043353,-0.054018656381682226,0.2,0.25401865638168225
pizhou,timesnet,event_weighted,43,low,150.0,40.0,0.0,0.2,1.0,0.0,87.45,17.490000000000002,17.490000000000002,2496.0,1774.5,9286.582296618639,13966.929805763813,23253.512102382454,37.45306853481224,56.55543408767522,55.82783548119567,15.224106304276761,0.03569588619967907,0.1,0.06430411380032094
pizhou,timesnet,event_weighted,43,low,150.0,40.0,0.0,0.2,2.0,0.0,87.45,17.490000000000002,34.980000000000004,2496.0,1774.5,7702.992856794143,24562.53172737774,32265.524584171886,26.42482788040503,44.484810219435865,78.92670000384203,10.84720071240734,-0.04430411380032088,0.2,0.24430411380032088
pizhou,timesnet,event_weighted,43,low,150.0,40.0,0.0,0.2,4.0,0.0,87.45,17.490000000000002,69.96000000000001,2496.0,1774.5,6121.157639580237,45753.735570605604,51874.89321018584,15.55849519379675,32.52039925202461,101.75744365786205,7.176250059737389,-0.1912290033893722,0.4,0.5912290033893722
pizhou,timesnet,event_weighted,43,low,150.0,40.0,1000.0,0.0,0.0,0.0,87.45,0.0,0.0,2496.0,1774.5,34461.00590895232,0.0,34461.00590895232,64.22173881291535,85.6145992907679,0.0,21.403161115384297,0.0,0.0,0.0
pizhou,timesnet,event_weighted,43,low,150.0,40.0,1000.0,0.05,1.0,0.0,87.45,4.3725000000000005,4.3725000000000005,2496.0,1774.5,31131.25190177679,3491.7324514409534,34622.98435321775,54.24862282329447,74.79510726519449,20.79260801519432,19.476338987294984,0.02,0.025,0.005000000000000001
pizhou,timesnet,event_weighted,43,low,150.0,40.0,1000.0,0.05,2.0,0.0,87.45,4.3725000000000005,8.745000000000001,2496.0,1774.5,28654.819116869796,6140.632931844435,34795.45204871423,49.412437165817416,69.55644057740389,30.86746036046236,17.67781355241545,0.03731952491337779,0.05,0.012680475086622213
pizhou,timesnet,event_weighted,43,low,150.0,40.0,1000.0,0.05,4.0,0.0,87.45,4.3725000000000005,17.490000000000002,2496.0,1774.5,26112.960086423827,11438.433892651401,37551.39397907523,44.32310046879577,63.982849980438495,41.53038765445014,15.867725468051654,-0.00268047508662221,0.1,0.10268047508662222
pizhou,timesnet,event_weighted,43,low,150.0,40.0,1000.0,0.1,1.0,0.0,87.45,8.745000000000001,8.745000000000001,2496.0,1774.5,28615.80781695272,6983.464902881907,35599.272719834626,47.35404724827067,67.32185482070473,35.16043603470787,17.928815636016235,0.04,0.05,0.010000000000000002
pizhou,timesnet,event_weighted,43,low,150.0,40.0,1000.0,0.1,2.0,0.0,87.45,8.745000000000001,17.490000000000002,2496.0,1774.5,24284.692017349662,12281.26586368887,36565.957881038536,39.319510218926624,58.57404693789823,51.94278094685851,14.737439680237781,0.025981343618317713,0.1,0.0740186563816823
pizhou,timesnet,event_weighted,43,low,150.0,40.0,1000.0,0.1,4.0,0.0,87.45,8.745000000000001,34.980000000000004,2496.0,1774.5,20206.465142946414,22876.867785302802,43083.33292824922,31.30530940241483,49.77955332824081,68.75147537302836,11.816905312043353,-0.054018656381682226,0.2,0.25401865638168225
pizhou,timesnet,event_weighted,43,low,150.0,40.0,1000.0,0.2,1.0,0.0,87.45,17.490000000000002,17.490000000000002,2496.0,1774.5,24510.688600895406,13966.929805763813,38477.61840665922,37.45306853481224,56.55543408767522,55.82783548119567,15.224106304276761,0.03569588619967907,0.1,0.06430411380032094
pizhou,timesnet,event_weighted,43,low,150.0,40.0,1000.0,0.2,2.0,0.0,87.45,17.490000000000002,34.980000000000004,2496.0,1774.5,18550.19356920148,24562.53172737774,43112.72529657923,26.42482788040503,44.484810219435865,78.92670000384203,10.84720071240734,-0.04430411380032088,0.2,0.24430411380032088
pizhou,timesnet,event_weighted,43,low,150.0,40.0,1000.0,0.2,4.0,0.0,87.45,17.490000000000002,69.96000000000001,2496.0,1774.5,13297.407699317624,45753.735570605604,59051.143269923225,15.55849519379675,32.52039925202461,101.75744365786205,7.176250059737389,-0.1912290033893722,0.4,0.5912290033893722
pizhou,timesnet,event_weighted,43,low,150.0,40.0,5000.0,0.0,0.0,0.0,87.45,0.0,0.0,2496.0,1774.5,120073.6503704895,0.0,120073.6503704895,64.22173881291535,85.6145992907679,0.0,21.403161115384297,0.0,0.0,0.0
pizhou,timesnet,event_weighted,43,low,150.0,40.0,5000.0,0.05,1.0,0.0,87.45,4.3725000000000005,4.3725000000000005,2496.0,1774.5,109036.60785095672,3491.7324514409534,112528.34030239766,54.24862282329447,74.79510726519449,20.79260801519432,19.476338987294984,0.02,0.025,0.005000000000000001
pizhou,timesnet,event_weighted,43,low,150.0,40.0,5000.0,0.05,2.0,0.0,87.45,4.3725000000000005,8.745000000000001,2496.0,1774.5,99366.0733265316,6140.632931844435,105506.70625837604,49.412437165817416,69.55644057740389,30.86746036046236,17.67781355241545,0.03731952491337779,0.05,0.012680475086622213
pizhou,timesnet,event_weighted,43,low,150.0,40.0,5000.0,0.05,4.0,0.0,87.45,4.3725000000000005,17.490000000000002,2496.0,1774.5,89583.86195863044,11438.433892651401,101022.29585128183,44.32310046879577,63.982849980438495,41.53038765445014,15.867725468051654,-0.00268047508662221,0.1,0.10268047508662222
pizhou,timesnet,event_weighted,43,low,150.0,40.0,5000.0,0.1,1.0,0.0,87.45,8.745000000000001,8.745000000000001,2496.0,1774.5,100331.07036101766,6983.464902881907,107314.53526389957,47.35404724827067,67.32185482070473,35.16043603470787,17.928815636016235,0.04,0.05,0.010000000000000002
pizhou,timesnet,event_weighted,43,low,150.0,40.0,5000.0,0.1,2.0,0.0,87.45,8.745000000000001,17.490000000000002,2496.0,1774.5,83234.45073830079,12281.26586368887,95515.71660198965,39.319510218926624,58.57404693789823,51.94278094685851,14.737439680237781,0.025981343618317713,0.1,0.0740186563816823
pizhou,timesnet,event_weighted,43,low,150.0,40.0,5000.0,0.1,4.0,0.0,87.45,8.745000000000001,34.980000000000004,2496.0,1774.5,67474.08639111981,22876.867785302802,90350.95417642262,31.30530940241483,49.77955332824081,68.75147537302836,11.816905312043353,-0.054018656381682226,0.2,0.25401865638168225
pizhou,timesnet,event_weighted,43,low,150.0,40.0,5000.0,0.2,1.0,0.0,87.45,17.490000000000002,17.490000000000002,2496.0,1774.5,85407.11381800246,13966.929805763813,99374.04362376628,37.45306853481224,56.55543408767522,55.82783548119567,15.224106304276761,0.03569588619967907,0.1,0.06430411380032094
pizhou,timesnet,event_weighted,43,low,150.0,40.0,5000.0,0.2,2.0,0.0,87.45,17.490000000000002,34.980000000000004,2496.0,1774.5,61938.99641883084,24562.53172737774,86501.52814620857,26.42482788040503,44.484810219435865,78.92670000384203,10.84720071240734,-0.04430411380032088,0.2,0.24430411380032088
pizhou,timesnet,event_weighted,43,low,150.0,40.0,5000.0,0.2,4.0,0.0,87.45,17.490000000000002,69.96000000000001,2496.0,1774.5,42002.40793826718,45753.735570605604,87756.14350887279,15.55849519379675,32.52039925202461,101.75744365786205,7.176250059737389,-0.1912290033893722,0.4,0.5912290033893722
pizhou,timesnet,event_weighted,43,base,300.0,80.0,0.0,0.0,0.0,0.0,87.45,0.0,0.0,2496.0,1774.5,26115.689587136036,0.0,26115.689587136036,64.22173881291535,85.6145992907679,0.0,21.403161115384297,0.0,0.0,0.0
pizhou,timesnet,event_weighted,43,base,300.0,80.0,0.0,0.05,1.0,0.0,87.45,4.3725000000000005,4.3725000000000005,2496.0,1774.5,22784.010628583757,3491.7324514409534,26275.74308002471,54.24862282329447,74.79510726519449,20.79260801519432,19.476338987294984,0.02,0.025,0.005000000000000001
pizhou,timesnet,event_weighted,43,base,300.0,80.0,0.0,0.05,2.0,0.0,87.45,4.3725000000000005,8.745000000000001,2496.0,1774.5,21171.128762423108,6140.632931844435,27311.761694267545,49.412437165817416,69.55644057740389,30.86746036046236,17.67781355241545,0.03731952491337779,0.05,0.012680475086622213
pizhou,timesnet,event_weighted,43,base,300.0,80.0,0.0,0.05,4.0,0.0,87.45,4.3725000000000005,17.490000000000002,2496.0,1774.5,19453.01368790908,11438.433892651401,30891.447580560478,44.32310046879577,63.982849980438495,41.53038765445014,15.867725468051654,-0.00268047508662221,0.1,0.10268047508662222
pizhou,timesnet,event_weighted,43,base,300.0,80.0,0.0,0.1,1.0,0.0,87.45,8.745000000000001,8.745000000000001,2496.0,1774.5,20482.973461005276,6983.464902881907,27466.438363887184,47.35404724827067,67.32185482070473,35.16043603470787,17.928815636016235,0.04,0.05,0.010000000000000002
pizhou,timesnet,event_weighted,43,base,300.0,80.0,0.0,0.1,2.0,0.0,87.45,8.745000000000001,17.490000000000002,2496.0,1774.5,17788.140747466805,12281.26586368887,30069.406611155675,39.319510218926624,58.57404693789823,51.94278094685851,14.737439680237781,0.025981343618317713,0.1,0.0740186563816823
pizhou,timesnet,event_weighted,43,base,300.0,80.0,0.0,0.1,4.0,0.0,87.45,8.745000000000001,34.980000000000004,2496.0,1774.5,15076.53837439492,22876.867785302802,37953.40615969772,31.30530940241483,49.77955332824081,68.75147537302836,11.816905312043353,-0.054018656381682226,0.2,0.25401865638168225
pizhou,timesnet,event_weighted,43,base,300.0,80.0,0.0,0.2,1.0,0.0,87.45,17.490000000000002,17.490000000000002,2496.0,1774.5,17166.759940347485,13966.929805763813,31133.6897461113,37.45306853481224,56.55543408767522,55.82783548119567,15.224106304276761,0.03569588619967907,0.1,0.06430411380032094
pizhou,timesnet,event_weighted,43,base,300.0,80.0,0.0,0.2,2.0,0.0,87.45,17.490000000000002,34.980000000000004,2496.0,1774.5,13446.109447632332,24562.53172737774,38008.641175010074,26.42482788040503,44.484810219435865,78.92670000384203,10.84720071240734,-0.04430411380032088,0.2,0.24430411380032088
pizhou,timesnet,event_weighted,43,base,300.0,80.0,0.0,0.2,4.0,0.0,87.45,17.490000000000002,69.96000000000001,2496.0,1774.5,9755.747888730733,45753.735570605604,55509.483459336334,15.55849519379675,32.52039925202461,101.75744365786205,7.176250059737389,-0.1912290033893722,0.4,0.5912290033893722
pizhou,timesnet,event_weighted,43,base,300.0,80.0,1000.0,0.0,0.0,0.0,87.45,0.0,0.0,2496.0,1774.5,47518.850702520336,0.0,47518.850702520336,64.22173881291535,85.6145992907679,0.0,21.403161115384297,0.0,0.0,0.0
pizhou,timesnet,event_weighted,43,base,300.0,80.0,1000.0,0.05,1.0,0.0,87.45,4.3725000000000005,4.3725000000000005,2496.0,1774.5,42260.349615878746,3491.7324514409534,45752.082067319694,54.24862282329447,74.79510726519449,20.79260801519432,19.476338987294984,0.02,0.025,0.005000000000000001
pizhou,timesnet,event_weighted,43,base,300.0,80.0,1000.0,0.05,2.0,0.0,87.45,4.3725000000000005,8.745000000000001,2496.0,1774.5,38848.94231483856,6140.632931844435,44989.575246682994,49.412437165817416,69.55644057740389,30.86746036046236,17.67781355241545,0.03731952491337779,0.05,0.012680475086622213
pizhou,timesnet,event_weighted,43,base,300.0,80.0,1000.0,0.05,4.0,0.0,87.45,4.3725000000000005,17.490000000000002,2496.0,1774.5,35320.739155960735,11438.433892651401,46759.17304861214,44.32310046879577,63.982849980438495,41.53038765445014,15.867725468051654,-0.00268047508662221,0.1,0.10268047508662222
pizhou,timesnet,event_weighted,43,base,300.0,80.0,1000.0,0.1,1.0,0.0,87.45,8.745000000000001,8.745000000000001,2496.0,1774.5,38411.789097021516,6983.464902881907,45395.25399990342,47.35404724827067,67.32185482070473,35.16043603470787,17.928815636016235,0.04,0.05,0.010000000000000002
pizhou,timesnet,event_weighted,43,base,300.0,80.0,1000.0,0.1,2.0,0.0,87.45,8.745000000000001,17.490000000000002,2496.0,1774.5,32525.580427704586,12281.26586368887,44806.846291393456,39.319510218926624,58.57404693789823,51.94278094685851,14.737439680237781,0.025981343618317713,0.1,0.0740186563816823
pizhou,timesnet,event_weighted,43,base,300.0,80.0,1000.0,0.1,4.0,0.0,87.45,8.745000000000001,34.980000000000004,2496.0,1774.5,26893.44368643827,22876.867785302802,49770.311471741064,31.30530940241483,49.77955332824081,68.75147537302836,11.816905312043353,-0.054018656381682226,0.2,0.25401865638168225
pizhou,timesnet,event_weighted,43,base,300.0,80.0,1000.0,0.2,1.0,0.0,87.45,17.490000000000002,17.490000000000002,2496.0,1774.5,32390.866244624245,13966.929805763813,46357.79605038806,37.45306853481224,56.55543408767522,55.82783548119567,15.224106304276761,0.03569588619967907,0.1,0.06430411380032094
pizhou,timesnet,event_weighted,43,base,300.0,80.0,1000.0,0.2,2.0,0.0,87.45,17.490000000000002,34.980000000000004,2496.0,1774.5,24293.310160039673,24562.53172737774,48855.84188741742,26.42482788040503,44.484810219435865,78.92670000384203,10.84720071240734,-0.04430411380032088,0.2,0.24430411380032088
pizhou,timesnet,event_weighted,43,base,300.0,80.0,1000.0,0.2,4.0,0.0,87.45,17.490000000000002,69.96000000000001,2496.0,1774.5,16931.99794846812,45753.735570605604,62685.733519073714,15.55849519379675,32.52039925202461,101.75744365786205,7.176250059737389,-0.1912290033893722,0.4,0.5912290033893722
pizhou,timesnet,event_weighted,43,base,300.0,80.0,5000.0,0.0,0.0,0.0,87.45,0.0,0.0,2496.0,1774.5,133131.4951640575,0.0,133131.4951640575,64.22173881291535,85.6145992907679,0.0,21.403161115384297,0.0,0.0,0.0
pizhou,timesnet,event_weighted,43,base,300.0,80.0,5000.0,0.05,1.0,0.0,87.45,4.3725000000000005,4.3725000000000005,2496.0,1774.5,120165.70556505867,3491.7324514409534,123657.43801649963,54.24862282329447,74.79510726519449,20.79260801519432,19.476338987294984,0.02,0.025,0.005000000000000001
pizhou,timesnet,event_weighted,43,base,300.0,80.0,5000.0,0.05,2.0,0.0,87.45,4.3725000000000005,8.745000000000001,2496.0,1774.5,109560.19652450037,6140.632931844435,115700.8294563448,49.412437165817416,69.55644057740389,30.86746036046236,17.67781355241545,0.03731952491337779,0.05,0.012680475086622213
pizhou,timesnet,event_weighted,43,base,300.0,80.0,5000.0,0.05,4.0,0.0,87.45,4.3725000000000005,17.490000000000002,2496.0,1774.5,98791.64102816733,11438.433892651401,110230.07492081872,44.32310046879577,63.982849980438495,41.53038765445014,15.867725468051654,-0.00268047508662221,0.1,0.10268047508662222
pizhou,timesnet,event_weighted,43,base,300.0,80.0,5000.0,0.1,1.0,0.0,87.45,8.745000000000001,8.745000000000001,2496.0,1774.5,110127.05164108647,6983.464902881907,117110.51654396838,47.35404724827067,67.32185482070473,35.16043603470787,17.928815636016235,0.04,0.05,0.010000000000000002
pizhou,timesnet,event_weighted,43,base,300.0,80.0,5000.0,0.1,2.0,0.0,87.45,8.745000000000001,17.490000000000002,2496.0,1774.5,91475.33914865571,12281.26586368887,103756.60501234459,39.319510218926624,58.57404693789823,51.94278094685851,14.737439680237781,0.025981343618317713,0.1,0.0740186563816823
pizhou,timesnet,event_weighted,43,base,300.0,80.0,5000.0,0.1,4.0,0.0,87.45,8.745000000000001,34.980000000000004,2496.0,1774.5,74161.06493461167,22876.867785302802,97037.93271991448,31.30530940241483,49.77955332824081,68.75147537302836,11.816905312043353,-0.054018656381682226,0.2,0.25401865638168225
pizhou,timesnet,event_weighted,43,base,300.0,80.0,5000.0,0.2,1.0,0.0,87.45,17.490000000000002,17.490000000000002,2496.0,1774.5,93287.29146173129,13966.929805763813,107254.22126749512,37.45306853481224,56.55543408767522,55.82783548119567,15.224106304276761,0.03569588619967907,0.1,0.06430411380032094
pizhou,timesnet,event_weighted,43,base,300.0,80.0,5000.0,0.2,2.0,0.0,87.45,17.490000000000002,34.980000000000004,2496.0,1774.5,67682.11300966903,24562.53172737774,92244.64473704678,26.42482788040503,44.484810219435865,78.92670000384203,10.84720071240734,-0.04430411380032088,0.2,0.24430411380032088
pizhou,timesnet,event_weighted,43,base,300.0,80.0,5000.0,0.2,4.0,0.0,87.45,17.490000000000002,69.96000000000001,2496.0,1774.5,45636.998187417674,45753.735570605604,91390.73375802327,15.55849519379675,32.52039925202461,101.75744365786205,7.176250059737389,-0.1912290033893722,0.4,0.5912290033893722
pizhou,timesnet,event_weighted,43,high,600.0,160.0,0.0,0.0,0.0,0.0,87.45,0.0,0.0,2496.0,1774.5,52231.37917427207,0.0,52231.37917427207,64.22173881291535,85.6145992907679,0.0,21.403161115384297,0.0,0.0,0.0
pizhou,timesnet,event_weighted,43,high,600.0,160.0,0.0,0.05,1.0,0.0,87.45,4.3725000000000005,4.3725000000000005,2496.0,1774.5,45042.206056787654,3491.7324514409534,48533.93850822861,54.24862282329447,74.79510726519449,20.79260801519432,19.476338987294984,0.02,0.025,0.005000000000000001
pizhou,timesnet,event_weighted,43,high,600.0,160.0,0.0,0.05,2.0,0.0,87.45,4.3725000000000005,8.745000000000001,2496.0,1774.5,41559.37515836064,6140.632931844435,47700.00809020508,49.412437165817416,69.55644057740389,30.86746036046236,17.67781355241545,0.03731952491337779,0.05,0.012680475086622213
pizhou,timesnet,event_weighted,43,high,600.0,160.0,0.0,0.05,4.0,0.0,87.45,4.3725000000000005,17.490000000000002,2496.0,1774.5,37868.571826982894,11438.433892651401,49307.00571963429,44.32310046879577,63.982849980438495,41.53038765445014,15.867725468051654,-0.00268047508662221,0.1,0.10268047508662222
pizhou,timesnet,event_weighted,43,high,600.0,160.0,0.0,0.1,1.0,0.0,87.45,8.745000000000001,8.745000000000001,2496.0,1774.5,40074.93602114285,6983.464902881907,47058.40092402476,47.35404724827067,67.32185482070473,35.16043603470787,17.928815636016235,0.04,0.05,0.010000000000000002
pizhou,timesnet,event_weighted,43,high,600.0,160.0,0.0,0.1,2.0,0.0,87.45,8.745000000000001,17.490000000000002,2496.0,1774.5,34269.91756817665,12281.26586368887,46551.183431865524,39.319510218926624,58.57404693789823,51.94278094685851,14.737439680237781,0.025981343618317713,0.1,0.0740186563816823
pizhou,timesnet,event_weighted,43,high,600.0,160.0,0.0,0.1,4.0,0.0,87.45,8.745000000000001,34.980000000000004,2496.0,1774.5,28450.495461378632,22876.867785302802,51327.36324668144,31.30530940241483,49.77955332824081,68.75147537302836,11.816905312043353,-0.054018656381682226,0.2,0.25401865638168225
pizhou,timesnet,event_weighted,43,high,600.0,160.0,0.0,0.2,1.0,0.0,87.45,17.490000000000002,17.490000000000002,2496.0,1774.5,32927.11522780518,13966.929805763813,46894.045033569,37.45306853481224,56.55543408767522,55.82783548119567,15.224106304276761,0.03569588619967907,0.1,0.06430411380032094
pizhou,timesnet,event_weighted,43,high,600.0,160.0,0.0,0.2,2.0,0.0,87.45,17.490000000000002,34.980000000000004,2496.0,1774.5,24932.34262930871,24562.53172737774,49494.87435668645,26.42482788040503,44.484810219435865,78.92670000384203,10.84720071240734,-0.04430411380032088,0.2,0.24430411380032088
pizhou,timesnet,event_weighted,43,high,600.0,160.0,0.0,0.2,4.0,0.0,87.45,17.490000000000002,69.96000000000001,2496.0,1774.5,17024.928387031727,45753.735570605604,62778.663957637335,15.55849519379675,32.52039925202461,101.75744365786205,7.176250059737389,-0.1912290033893722,0.4,0.5912290033893722
pizhou,timesnet,event_weighted,43,high,600.0,160.0,1000.0,0.0,0.0,0.0,87.45,0.0,0.0,2496.0,1774.5,73634.54028965638,0.0,73634.54028965638,64.22173881291535,85.6145992907679,0.0,21.403161115384297,0.0,0.0,0.0
pizhou,timesnet,event_weighted,43,high,600.0,160.0,1000.0,0.05,1.0,0.0,87.45,4.3725000000000005,4.3725000000000005,2496.0,1774.5,64518.54504408263,3491.7324514409534,68010.2774955236,54.24862282329447,74.79510726519449,20.79260801519432,19.476338987294984,0.02,0.025,0.005000000000000001
pizhou,timesnet,event_weighted,43,high,600.0,160.0,1000.0,0.05,2.0,0.0,87.45,4.3725000000000005,8.745000000000001,2496.0,1774.5,59237.188710776085,6140.632931844435,65377.821642620525,49.412437165817416,69.55644057740389,30.86746036046236,17.67781355241545,0.03731952491337779,0.05,0.012680475086622213
pizhou,timesnet,event_weighted,43,high,600.0,160.0,1000.0,0.05,4.0,0.0,87.45,4.3725000000000005,17.490000000000002,2496.0,1774.5,53736.29729503454,11438.433892651401,65174.731187685946,44.32310046879577,63.982849980438495,41.53038765445014,15.867725468051654,-0.00268047508662221,0.1,0.10268047508662222
pizhou,timesnet,event_weighted,43,high,600.0,160.0,1000.0,0.1,1.0,0.0,87.45,8.745000000000001,8.745000000000001,2496.0,1774.5,58003.75165715909,6983.464902881907,64987.216560041,47.35404724827067,67.32185482070473,35.16043603470787,17.928815636016235,0.04,0.05,0.010000000000000002
pizhou,timesnet,event_weighted,43,high,600.0,160.0,1000.0,0.1,2.0,0.0,87.45,8.745000000000001,17.490000000000002,2496.0,1774.5,49007.35724841444,12281.26586368887,61288.623112103305,39.319510218926624,58.57404693789823,51.94278094685851,14.737439680237781,0.025981343618317713,0.1,0.0740186563816823
pizhou,timesnet,event_weighted,43,high,600.0,160.0,1000.0,0.1,4.0,0.0,87.45,8.745000000000001,34.980000000000004,2496.0,1774.5,40267.400773421985,22876.867785302802,63144.26855872478,31.30530940241483,49.77955332824081,68.75147537302836,11.816905312043353,-0.054018656381682226,0.2,0.25401865638168225
pizhou,timesnet,event_weighted,43,high,600.0,160.0,1000.0,0.2,1.0,0.0,87.45,17.490000000000002,17.490000000000002,2496.0,1774.5,48151.221532081945,13966.929805763813,62118.15133784575,37.45306853481224,56.55543408767522,55.82783548119567,15.224106304276761,0.03569588619967907,0.1,0.06430411380032094
pizhou,timesnet,event_weighted,43,high,600.0,160.0,1000.0,0.2,2.0,0.0,87.45,17.490000000000002,34.980000000000004,2496.0,1774.5,35779.543341716046,24562.53172737774,60342.075069093786,26.42482788040503,44.484810219435865,78.92670000384203,10.84720071240734,-0.04430411380032088,0.2,0.24430411380032088
pizhou,timesnet,event_weighted,43,high,600.0,160.0,1000.0,0.2,4.0,0.0,87.45,17.490000000000002,69.96000000000001,2496.0,1774.5,24201.178446769114,45753.735570605604,69954.91401737471,15.55849519379675,32.52039925202461,101.75744365786205,7.176250059737389,-0.1912290033893722,0.4,0.5912290033893722
pizhou,timesnet,event_weighted,43,high,600.0,160.0,5000.0,0.0,0.0,0.0,87.45,0.0,0.0,2496.0,1774.5,159247.18475119356,0.0,159247.18475119356,64.22173881291535,85.6145992907679,0.0,21.403161115384297,0.0,0.0,0.0
pizhou,timesnet,event_weighted,43,high,600.0,160.0,5000.0,0.05,1.0,0.0,87.45,4.3725000000000005,4.3725000000000005,2496.0,1774.5,142423.90099326256,3491.7324514409534,145915.6334447035,54.24862282329447,74.79510726519449,20.79260801519432,19.476338987294984,0.02,0.025,0.005000000000000001
pizhou,timesnet,event_weighted,43,high,600.0,160.0,5000.0,0.05,2.0,0.0,87.45,4.3725000000000005,8.745000000000001,2496.0,1774.5,129948.4429204379,6140.632931844435,136089.07585228235,49.412437165817416,69.55644057740389,30.86746036046236,17.67781355241545,0.03731952491337779,0.05,0.012680475086622213
pizhou,timesnet,event_weighted,43,high,600.0,160.0,5000.0,0.05,4.0,0.0,87.45,4.3725000000000005,17.490000000000002,2496.0,1774.5,117207.19916724114,11438.433892651401,128645.63305989253,44.32310046879577,63.982849980438495,41.53038765445014,15.867725468051654,-0.00268047508662221,0.1,0.10268047508662222
pizhou,timesnet,event_weighted,43,high,600.0,160.0,5000.0,0.1,1.0,0.0,87.45,8.745000000000001,8.745000000000001,2496.0,1774.5,129719.01420122402,6983.464902881907,136702.47910410594,47.35404724827067,67.32185482070473,35.16043603470787,17.928815636016235,0.04,0.05,0.010000000000000002
pizhou,timesnet,event_weighted,43,high,600.0,160.0,5000.0,0.1,2.0,0.0,87.45,8.745000000000001,17.490000000000002,2496.0,1774.5,107957.11596936556,12281.26586368887,120238.38183305443,39.319510218926624,58.57404693789823,51.94278094685851,14.737439680237781,0.025981343618317713,0.1,0.0740186563816823
pizhou,timesnet,event_weighted,43,high,600.0,160.0,5000.0,0.1,4.0,0.0,87.45,8.745000000000001,34.980000000000004,2496.0,1774.5,87535.02202159539,22876.867785302802,110411.88980689818,31.30530940241483,49.77955332824081,68.75147537302836,11.816905312043353,-0.054018656381682226,0.2,0.25401865638168225
pizhou,timesnet,event_weighted,43,high,600.0,160.0,5000.0,0.2,1.0,0.0,87.45,17.490000000000002,17.490000000000002,2496.0,1774.5,109047.64674918898,13966.929805763813,123014.57655495279,37.45306853481224,56.55543408767522,55.82783548119567,15.224106304276761,0.03569588619967907,0.1,0.06430411380032094
pizhou,timesnet,event_weighted,43,high,600.0,160.0,5000.0,0.2,2.0,0.0,87.45,17.490000000000002,34.980000000000004,2496.0,1774.5,79168.34619134541,24562.53172737774,103730.87791872314,26.42482788040503,44.484810219435865,78.92670000384203,10.84720071240734,-0.04430411380032088,0.2,0.24430411380032088
pizhou,timesnet,event_weighted,43,high,600.0,160.0,5000.0,0.2,4.0,0.0,87.45,17.490000000000002,69.96000000000001,2496.0,1774.5,52906.17868571866,45753.735570605604,98659.91425632426,15.55849519379675,32.52039925202461,101.75744365786205,7.176250059737389,-0.1912290033893722,0.4,0.5912290033893722
yandun,tcn,mse,41,low,150.0,40.0,0.0,0.0,0.0,0.0,200.5,0.0,0.0,914.0,762.5,6573.194787212407,0.0,6573.194787212407,35.864994103251625,29.836141793116607,0.0,8.476569977413392,0.0,0.0,0.0
yandun,tcn,mse,41,low,150.0,40.0,0.0,0.05,1.0,0.0,200.5,10.025,10.025,914.0,762.5,5988.05774952551,1278.6231813369513,7266.680930862462,31.679349298918197,25.307379316768607,8.71440728068146,7.556182180350944,0.02,0.025,0.005000000000000001
yandun,tcn,mse,41,low,150.0,40.0,0.0,0.05,2.0,0.0,200.5,10.025,20.05,914.0,762.5,5638.036013243606,2248.6131809718804,7886.649194215487,29.157597396835513,22.587196081997508,13.956342417535167,6.352417518533831,0.04,0.05,0.010000000000000002
yandun,tcn,mse,41,low,150.0,40.0,0.0,0.05,4.0,0.0,200.5,10.025,40.1,914.0,762.5,5373.364426244747,4188.593180241738,9561.957606486485,27.195186936668232,20.49584411680097,18.010104842898915,5.80908161872016,0.08,0.1,0.020000000000000004
yandun,tcn,mse,41,low,150.0,40.0,0.0,0.1,1.0,0.0,200.5,20.05,20.05,914.0,762.5,5554.842417271098,2557.2463626739027,8112.088779945001,28.568842717645442,21.947245343747408,15.185047834975423,6.768053154794001,0.04,0.05,0.010000000000000002
yandun,tcn,mse,41,low,150.0,40.0,0.0,0.1,2.0,0.0,200.5,20.05,40.1,914.0,762.5,5012.952133099166,4497.226361943761,9510.178495042926,24.64457686209948,17.723441861834935,23.333117172433838,4.785442511415542,0.08,0.1,0.020000000000000004
yandun,tcn,mse,41,low,150.0,40.0,0.0,0.1,4.0,0.0,200.5,20.05,80.2,914.0,762.5,4596.57387608868,8377.186360483476,12973.760236572156,21.51919996967456,14.409698831343688,29.77223709534993,3.9256137234098682,0.16,0.2,0.04000000000000001
yandun,tcn,mse,41,low,150.0,40.0,0.0,0.2,1.0,0.0,200.5,40.1,40.1,914.0,762.5,4933.256217134994,5114.492725347805,10047.748942482798,24.080574995276116,17.110396354418214,24.5101645466739,5.42960937202591,0.08,0.1,0.020000000000000004
yandun,tcn,mse,41,low,150.0,40.0,0.0,0.2,2.0,0.0,200.5,40.1,80.2,914.0,762.5,4250.403836270431,8994.452723887522,13244.856560157954,19.09450483974501,11.76243454563046,34.84419651099284,2.963952172657322,0.14875271902880216,0.2,0.051247280971197844
yandun,tcn,mse,41,low,150.0,40.0,0.0,0.2,4.0,0.0,200.5,40.1,160.4,914.0,762.5,3716.9431899410215,16754.372720966952,20471.31591090797,14.968796029624803,7.441535629072774,43.29080423767074,1.6299340016816324,0.30564084797540597,0.4,0.09435915202459402
yandun,tcn,mse,41,low,150.0,40.0,1000.0,0.0,0.0,0.0,200.5,0.0,0.0,914.0,762.5,15049.764764625797,0.0,15049.764764625797,35.864994103251625,29.836141793116607,0.0,8.476569977413392,0.0,0.0,0.0
yandun,tcn,mse,41,low,150.0,40.0,1000.0,0.05,1.0,0.0,200.5,10.025,10.025,914.0,762.5,13544.239929876456,1278.6231813369513,14822.863111213406,31.679349298918197,25.307379316768607,8.71440728068146,7.556182180350944,0.02,0.025,0.005000000000000001
yandun,tcn,mse,41,low,150.0,40.0,1000.0,0.05,2.0,0.0,200.5,10.025,20.05,914.0,762.5,11990.453531777437,2248.6131809718804,14239.066712749318,29.157597396835513,22.587196081997508,13.956342417535167,6.352417518533831,0.04,0.05,0.010000000000000002
yandun,tcn,mse,41,low,150.0,40.0,1000.0,0.05,4.0,0.0,200.5,10.025,40.1,914.0,762.5,11182.446044964907,4188.593180241738,15371.039225206643,27.195186936668232,20.49584411680097,18.010104842898915,5.80908161872016,0.08,0.1,0.020000000000000004
yandun,tcn,mse,41,low,150.0,40.0,1000.0,0.1,1.0,0.0,200.5,20.05,20.05,914.0,762.5,12322.8955720651,2557.2463626739027,14880.141934739004,28.568842717645442,21.947245343747408,15.185047834975423,6.768053154794001,0.04,0.05,0.010000000000000002
yandun,tcn,mse,41,low,150.0,40.0,1000.0,0.1,2.0,0.0,200.5,20.05,40.1,914.0,762.5,9798.394644514707,4497.226361943761,14295.621006458468,24.64457686209948,17.723441861834935,23.333117172433838,4.785442511415542,0.08,0.1,0.020000000000000004
yandun,tcn,mse,41,low,150.0,40.0,1000.0,0.1,4.0,0.0,200.5,20.05,80.2,914.0,762.5,8522.187599498548,8377.186360483476,16899.373959982026,21.51919996967456,14.409698831343688,29.77223709534993,3.9256137234098682,0.16,0.2,0.04000000000000001
yandun,tcn,mse,41,low,150.0,40.0,1000.0,0.2,1.0,0.0,200.5,40.1,40.1,914.0,762.5,10362.865589160903,5114.492725347805,15477.358314508709,24.080574995276116,17.110396354418214,24.5101645466739,5.42960937202591,0.08,0.1,0.020000000000000004
yandun,tcn,mse,41,low,150.0,40.0,1000.0,0.2,2.0,0.0,200.5,40.1,80.2,914.0,762.5,7214.3560089277535,8994.452723887522,16208.808732815274,19.09450483974501,11.76243454563046,34.84419651099284,2.963952172657322,0.14875271902880216,0.2,0.051247280971197844
yandun,tcn,mse,41,low,150.0,40.0,1000.0,0.2,4.0,0.0,200.5,40.1,160.4,914.0,762.5,5346.877191622654,16754.372720966952,22101.249912589607,14.968796029624803,7.441535629072774,43.29080423767074,1.6299340016816324,0.30564084797540597,0.4,0.09435915202459402
yandun,tcn,mse,41,low,150.0,40.0,5000.0,0.0,0.0,0.0,200.5,0.0,0.0,914.0,762.5,48956.04467427936,0.0,48956.04467427936,35.864994103251625,29.836141793116607,0.0,8.476569977413392,0.0,0.0,0.0
yandun,tcn,mse,41,low,150.0,40.0,5000.0,0.05,1.0,0.0,200.5,10.025,10.025,914.0,762.5,43768.96865128022,1278.6231813369513,45047.591832617174,31.679349298918197,25.307379316768607,8.71440728068146,7.556182180350944,0.02,0.025,0.005000000000000001
yandun,tcn,mse,41,low,150.0,40.0,5000.0,0.05,2.0,0.0,200.5,10.025,20.05,914.0,762.5,37400.12360591276,2248.6131809718804,39648.73678688464,29.157597396835513,22.587196081997508,13.956342417535167,6.352417518533831,0.04,0.05,0.010000000000000002
yandun,tcn,mse,41,low,150.0,40.0,5000.0,0.05,4.0,0.0,200.5,10.025,40.1,914.0,762.5,34418.772519845545,4188.593180241738,38607.365700087284,27.195186936668232,20.49584411680097,18.010104842898915,5.80908161872016,0.08,0.1,0.020000000000000004
yandun,tcn,mse,41,low,150.0,40.0,5000.0,0.1,1.0,0.0,200.5,20.05,20.05,914.0,762.5,39395.1081912411,2557.2463626739027,41952.354553915,28.568842717645442,21.947245343747408,15.185047834975423,6.768053154794001,0.04,0.05,0.010000000000000002
yandun,tcn,mse,41,low,150.0,40.0,5000.0,0.1,2.0,0.0,200.5,20.05,40.1,914.0,762.5,28940.164690176876,4497.226361943761,33437.391052120634,24.64457686209948,17.723441861834935,23.333117172433838,4.785442511415542,0.08,0.1,0.020000000000000004
yandun,tcn,mse,41,low,150.0,40.0,5000.0,0.1,4.0,0.0,200.5,20.05,80.2,914.0,762.5,24224.64249313802,8377.186360483476,32601.828853621493,21.51919996967456,14.409698831343688,29.77223709534993,3.9256137234098682,0.16,0.2,0.04000000000000001
yandun,tcn,mse,41,low,150.0,40.0,5000.0,0.2,1.0,0.0,200.5,40.1,40.1,914.0,762.5,32081.303077264543,5114.492725347805,37195.79580261235,24.080574995276116,17.110396354418214,24.5101645466739,5.42960937202591,0.08,0.1,0.020000000000000004
yandun,tcn,mse,41,low,150.0,40.0,5000.0,0.2,2.0,0.0,200.5,40.1,80.2,914.0,762.5,19070.16469955704,8994.452723887522,28064.617423444564,19.09450483974501,11.76243454563046,34.84419651099284,2.963952172657322,0.14875271902880216,0.2,0.051247280971197844
yandun,tcn,mse,41,low,150.0,40.0,5000.0,0.2,4.0,0.0,200.5,40.1,160.4,914.0,762.5,11866.613198349183,16754.372720966952,28620.985919316136,14.968796029624803,7.441535629072774,43.29080423767074,1.6299340016816324,0.30564084797540597,0.4,0.09435915202459402
yandun,tcn,mse,41,base,300.0,80.0,0.0,0.0,0.0,0.0,200.5,0.0,0.0,914.0,762.5,13146.389574424815,0.0,13146.389574424815,35.864994103251625,29.836141793116607,0.0,8.476569977413392,0.0,0.0,0.0
yandun,tcn,mse,41,base,300.0,80.0,0.0,0.05,1.0,0.0,200.5,10.025,10.025,914.0,762.5,11752.255317033983,1278.6231813369513,13030.878498370936,31.679349298918197,25.307379316768607,8.71440728068146,7.556182180350944,0.02,0.025,0.005000000000000001
yandun,tcn,mse,41,base,300.0,80.0,0.0,0.05,2.0,0.0,200.5,10.025,20.05,914.0,762.5,10915.163466048833,2248.6131809718804,13163.776647020713,29.157597396835513,22.587196081997508,13.956342417535167,6.352417518533831,0.04,0.05,0.010000000000000002
yandun,tcn,mse,41,base,300.0,80.0,0.0,0.05,4.0,0.0,200.5,10.025,40.1,914.0,762.5,10272.47623141702,4188.593180241738,14461.069411658758,27.195186936668232,20.49584411680097,18.010104842898915,5.80908161872016,0.08,0.1,0.020000000000000004
yandun,tcn,mse,41,base,300.0,80.0,0.0,0.1,1.0,0.0,200.5,20.05,20.05,914.0,762.5,10718.058638667811,2557.2463626739027,13275.305001341714,28.568842717645442,21.947245343747408,15.185047834975423,6.768053154794001,0.04,0.05,0.010000000000000002
yandun,tcn,mse,41,base,300.0,80.0,0.0,0.1,2.0,0.0,200.5,20.05,40.1,914.0,762.5,9418.576336887483,4497.226361943761,13915.802698831243,24.64457686209948,17.723441861834935,23.333117172433838,4.785442511415542,0.08,0.1,0.020000000000000004
yandun,tcn,mse,41,base,300.0,80.0,0.0,0.1,4.0,0.0,200.5,20.05,80.2,914.0,762.5,8400.841824793612,8377.186360483476,16778.028185277086,21.51919996967456,14.409698831343688,29.77223709534993,3.9256137234098682,0.16,0.2,0.04000000000000001
yandun,tcn,mse,41,base,300.0,80.0,0.0,0.2,1.0,0.0,200.5,40.1,40.1,914.0,762.5,9229.75832060314,5114.492725347805,14344.251045950947,24.080574995276116,17.110396354418214,24.5101645466739,5.42960937202591,0.08,0.1,0.020000000000000004
yandun,tcn,mse,41,base,300.0,80.0,0.0,0.2,2.0,0.0,200.5,40.1,80.2,914.0,762.5,7585.076944057401,8994.452723887522,16579.529667944924,19.09450483974501,11.76243454563046,34.84419651099284,2.963952172657322,0.14875271902880216,0.2,0.051247280971197844
yandun,tcn,mse,41,base,300.0,80.0,0.0,0.2,4.0,0.0,200.5,40.1,160.4,914.0,762.5,6259.924019547653,16754.372720966952,23014.296740514605,14.968796029624803,7.441535629072774,43.29080423767074,1.6299340016816324,0.30564084797540597,0.4,0.09435915202459402
yandun,tcn,mse,41,base,300.0,80.0,1000.0,0.0,0.0,0.0,200.5,0.0,0.0,914.0,762.5,21622.959551838205,0.0,21622.959551838205,35.864994103251625,29.836141793116607,0.0,8.476569977413392,0.0,0.0,0.0
yandun,tcn,mse,41,base,300.0,80.0,1000.0,0.05,1.0,0.0,200.5,10.025,10.025,914.0,762.5,19308.437497384926,1278.6231813369513,20587.06067872188,31.679349298918197,25.307379316768607,8.71440728068146,7.556182180350944,0.02,0.025,0.005000000000000001
yandun,tcn,mse,41,base,300.0,80.0,1000.0,0.05,2.0,0.0,200.5,10.025,20.05,914.0,762.5,17267.580984582666,2248.6131809718804,19516.194165554545,29.157597396835513,22.587196081997508,13.956342417535167,6.352417518533831,0.04,0.05,0.010000000000000002
yandun,tcn,mse,41,base,300.0,80.0,1000.0,0.05,4.0,0.0,200.5,10.025,40.1,914.0,762.5,16081.557850137182,4188.593180241738,20270.15103037892,27.195186936668232,20.49584411680097,18.010104842898915,5.80908161872016,0.08,0.1,0.020000000000000004
yandun,tcn,mse,41,base,300.0,80.0,1000.0,0.1,1.0,0.0,200.5,20.05,20.05,914.0,762.5,17486.111793461812,2557.2463626739027,20043.358156135713,28.568842717645442,21.947245343747408,15.185047834975423,6.768053154794001,0.04,0.05,0.010000000000000002
yandun,tcn,mse,41,base,300.0,80.0,1000.0,0.1,2.0,0.0,200.5,20.05,40.1,914.0,762.5,14204.018848303027,4497.226361943761,18701.24521024679,24.64457686209948,17.723441861834935,23.333117172433838,4.785442511415542,0.08,0.1,0.020000000000000004
yandun,tcn,mse,41,base,300.0,80.0,1000.0,0.1,4.0,0.0,200.5,20.05,80.2,914.0,762.5,12326.455548203478,8377.186360483476,20703.641908686954,21.51919996967456,14.409698831343688,29.77223709534993,3.9256137234098682,0.16,0.2,0.04000000000000001
yandun,tcn,mse,41,base,300.0,80.0,1000.0,0.2,1.0,0.0,200.5,40.1,40.1,914.0,762.5,14659.36769262905,5114.492725347805,19773.860417976855,24.080574995276116,17.110396354418214,24.5101645466739,5.42960937202591,0.08,0.1,0.020000000000000004
yandun,tcn,mse,41,base,300.0,80.0,1000.0,0.2,2.0,0.0,200.5,40.1,80.2,914.0,762.5,10549.029116714724,8994.452723887522,19543.481840602246,19.09450483974501,11.76243454563046,34.84419651099284,2.963952172657322,0.14875271902880216,0.2,0.051247280971197844
yandun,tcn,mse,41,base,300.0,80.0,1000.0,0.2,4.0,0.0,200.5,40.1,160.4,914.0,762.5,7889.858021229286,16754.372720966952,24644.23074219624,14.968796029624803,7.441535629072774,43.29080423767074,1.6299340016816324,0.30564084797540597,0.4,0.09435915202459402
yandun,tcn,mse,41,base,300.0,80.0,5000.0,0.0,0.0,0.0,200.5,0.0,0.0,914.0,762.5,55529.23946149177,0.0,55529.23946149177,35.864994103251625,29.836141793116607,0.0,8.476569977413392,0.0,0.0,0.0
yandun,tcn,mse,41,base,300.0,80.0,5000.0,0.05,1.0,0.0,200.5,10.025,10.025,914.0,762.5,49533.166218788705,1278.6231813369513,50811.78940012565,31.679349298918197,25.307379316768607,8.71440728068146,7.556182180350944,0.02,0.025,0.005000000000000001
yandun,tcn,mse,41,base,300.0,80.0,5000.0,0.05,2.0,0.0,200.5,10.025,20.05,914.0,762.5,42677.25105871799,2248.6131809718804,44925.86423968987,29.157597396835513,22.587196081997508,13.956342417535167,6.352417518533831,0.04,0.05,0.010000000000000002
yandun,tcn,mse,41,base,300.0,80.0,5000.0,0.05,4.0,0.0,200.5,10.025,40.1,914.0,762.5,39317.884325017825,4188.593180241738,43506.47750525956,27.195186936668232,20.49584411680097,18.010104842898915,5.80908161872016,0.08,0.1,0.020000000000000004
yandun,tcn,mse,41,base,300.0,80.0,5000.0,0.1,1.0,0.0,200.5,20.05,20.05,914.0,762.5,44558.32441263781,2557.2463626739027,47115.57077531172,28.568842717645442,21.947245343747408,15.185047834975423,6.768053154794001,0.04,0.05,0.010000000000000002
yandun,tcn,mse,41,base,300.0,80.0,5000.0,0.1,2.0,0.0,200.5,20.05,40.1,914.0,762.5,33345.78889396519,4497.226361943761,37843.015255908955,24.64457686209948,17.723441861834935,23.333117172433838,4.785442511415542,0.08,0.1,0.020000000000000004
yandun,tcn,mse,41,base,300.0,80.0,5000.0,0.1,4.0,0.0,200.5,20.05,80.2,914.0,762.5,28028.910441842952,8377.186360483476,36406.09680232643,21.51919996967456,14.409698831343688,29.77223709534993,3.9256137234098682,0.16,0.2,0.04000000000000001
yandun,tcn,mse,41,base,300.0,80.0,5000.0,0.2,1.0,0.0,200.5,40.1,40.1,914.0,762.5,36377.80518073269,5114.492725347805,41492.2979060805,24.080574995276116,17.110396354418214,24.5101645466739,5.42960937202591,0.08,0.1,0.020000000000000004
yandun,tcn,mse,41,base,300.0,80.0,5000.0,0.2,2.0,0.0,200.5,40.1,80.2,914.0,762.5,22404.83780734401,8994.452723887522,31399.29053123153,19.09450483974501,11.76243454563046,34.84419651099284,2.963952172657322,0.14875271902880216,0.2,0.051247280971197844
yandun,tcn,mse,41,base,300.0,80.0,5000.0,0.2,4.0,0.0,200.5,40.1,160.4,914.0,762.5,14409.594027955814,16754.372720966952,31163.966748922765,14.968796029624803,7.441535629072774,43.29080423767074,1.6299340016816324,0.30564084797540597,0.4,0.09435915202459402
yandun,tcn,mse,41,high,600.0,160.0,0.0,0.0,0.0,0.0,200.5,0.0,0.0,914.0,762.5,26292.77914884963,0.0,26292.77914884963,35.864994103251625,29.836141793116607,0.0,8.476569977413392,0.0,0.0,0.0
yandun,tcn,mse,41,high,600.0,160.0,0.0,0.05,1.0,0.0,200.5,10.025,10.025,914.0,762.5,23280.65045205093,1278.6231813369513,24559.273633387882,31.679349298918197,25.307379316768607,8.71440728068146,7.556182180350944,0.02,0.025,0.005000000000000001
yandun,tcn,mse,41,high,600.0,160.0,0.0,0.05,2.0,0.0,200.5,10.025,20.05,914.0,762.5,21469.41837165929,2248.6131809718804,23718.031552631168,29.157597396835513,22.587196081997508,13.956342417535167,6.352417518533831,0.04,0.05,0.010000000000000002
yandun,tcn,mse,41,high,600.0,160.0,0.0,0.05,4.0,0.0,200.5,10.025,40.1,914.0,762.5,20070.699841761565,4188.593180241738,24259.293022003305,27.195186936668232,20.49584411680097,18.010104842898915,5.80908161872016,0.08,0.1,0.020000000000000004
yandun,tcn,mse,41,high,600.0,160.0,0.0,0.1,1.0,0.0,200.5,20.05,20.05,914.0,762.5,21044.491081461238,2557.2463626739027,23601.73744413514,28.568842717645442,21.947245343747408,15.185047834975423,6.768053154794001,0.04,0.05,0.010000000000000002
yandun,tcn,mse,41,high,600.0,160.0,0.0,0.1,2.0,0.0,200.5,20.05,40.1,914.0,762.5,18229.824744464124,4497.226361943761,22727.051106407886,24.64457686209948,17.723441861834935,23.333117172433838,4.785442511415542,0.08,0.1,0.020000000000000004
yandun,tcn,mse,41,high,600.0,160.0,0.0,0.1,4.0,0.0,200.5,20.05,80.2,914.0,762.5,16009.377722203473,8377.186360483476,24386.56408268695,21.51919996967456,14.409698831343688,29.77223709534993,3.9256137234098682,0.16,0.2,0.04000000000000001
yandun,tcn,mse,41,high,600.0,160.0,0.0,0.2,1.0,0.0,200.5,40.1,40.1,914.0,762.5,17822.76252753943,5114.492725347805,22937.255252887237,24.080574995276116,17.110396354418214,24.5101645466739,5.42960937202591,0.08,0.1,0.020000000000000004
yandun,tcn,mse,41,high,600.0,160.0,0.0,0.2,2.0,0.0,200.5,40.1,80.2,914.0,762.5,14254.42315963134,8994.452723887522,23248.87588351886,19.09450483974501,11.76243454563046,34.84419651099284,2.963952172657322,0.14875271902880216,0.2,0.051247280971197844
yandun,tcn,mse,41,high,600.0,160.0,0.0,0.2,4.0,0.0,200.5,40.1,160.4,914.0,762.5,11345.885678760917,16754.372720966952,28100.258399727867,14.968796029624803,7.441535629072774,43.29080423767074,1.6299340016816324,0.30564084797540597,0.4,0.09435915202459402
yandun,tcn,mse,41,high,600.0,160.0,1000.0,0.0,0.0,0.0,200.5,0.0,0.0,914.0,762.5,34769.34912626302,0.0,34769.34912626302,35.864994103251625,29.836141793116607,0.0,8.476569977413392,0.0,0.0,0.0
yandun,tcn,mse,41,high,600.0,160.0,1000.0,0.05,1.0,0.0,200.5,10.025,10.025,914.0,762.5,30836.832632401874,1278.6231813369513,32115.455813738827,31.679349298918197,25.307379316768607,8.71440728068146,7.556182180350944,0.02,0.025,0.005000000000000001
yandun,tcn,mse,41,high,600.0,160.0,1000.0,0.05,2.0,0.0,200.5,10.025,20.05,914.0,762.5,27821.83589019312,2248.6131809718804,30070.449071164996,29.157597396835513,22.587196081997508,13.956342417535167,6.352417518533831,0.04,0.05,0.010000000000000002
yandun,tcn,mse,41,high,600.0,160.0,1000.0,0.05,4.0,0.0,200.5,10.025,40.1,914.0,762.5,25879.781460481725,4188.593180241738,30068.37464072346,27.195186936668232,20.49584411680097,18.010104842898915,5.80908161872016,0.08,0.1,0.020000000000000004
yandun,tcn,mse,41,high,600.0,160.0,1000.0,0.1,1.0,0.0,200.5,20.05,20.05,914.0,762.5,27812.54423625524,2557.2463626739027,30369.790598929143,28.568842717645442,21.947245343747408,15.185047834975423,6.768053154794001,0.04,0.05,0.010000000000000002
yandun,tcn,mse,41,high,600.0,160.0,1000.0,0.1,2.0,0.0,200.5,20.05,40.1,914.0,762.5,23015.267255879666,4497.226361943761,27512.493617823427,24.64457686209948,17.723441861834935,23.333117172433838,4.785442511415542,0.08,0.1,0.020000000000000004
yandun,tcn,mse,41,high,600.0,160.0,1000.0,0.1,4.0,0.0,200.5,20.05,80.2,914.0,762.5,19934.99144561334,8377.186360483476,28312.177806096817,21.51919996967456,14.409698831343688,29.77223709534993,3.9256137234098682,0.16,0.2,0.04000000000000001
yandun,tcn,mse,41,high,600.0,160.0,1000.0,0.2,1.0,0.0,200.5,40.1,40.1,914.0,762.5,23252.371899565343,5114.492725347805,28366.86462491315,24.080574995276116,17.110396354418214,24.5101645466739,5.42960937202591,0.08,0.1,0.020000000000000004
yandun,tcn,mse,41,high,600.0,160.0,1000.0,0.2,2.0,0.0,200.5,40.1,80.2,914.0,762.5,17218.375332288662,8994.452723887522,26212.828056176182,19.09450483974501,11.76243454563046,34.84419651099284,2.963952172657322,0.14875271902880216,0.2,0.051247280971197844
yandun,tcn,mse,41,high,600.0,160.0,1000.0,0.2,4.0,0.0,200.5,40.1,160.4,914.0,762.5,12975.819680442546,16754.372720966952,29730.1924014095,14.968796029624803,7.441535629072774,43.29080423767074,1.6299340016816324,0.30564084797540597,0.4,0.09435915202459402
yandun,tcn,mse,41,high,600.0,160.0,5000.0,0.0,0.0,0.0,200.5,0.0,0.0,914.0,762.5,68675.62903591657,0.0,68675.62903591657,35.864994103251625,29.836141793116607,0.0,8.476569977413392,0.0,0.0,0.0
yandun,tcn,mse,41,high,600.0,160.0,5000.0,0.05,1.0,0.0,200.5,10.025,10.025,914.0,762.5,61061.56135380566,1278.6231813369513,62340.1845351426,31.679349298918197,25.307379316768607,8.71440728068146,7.556182180350944,0.02,0.025,0.005000000000000001
yandun,tcn,mse,41,high,600.0,160.0,5000.0,0.05,2.0,0.0,200.5,10.025,20.05,914.0,762.5,53231.50596432845,2248.6131809718804,55480.119145300334,29.157597396835513,22.587196081997508,13.956342417535167,6.352417518533831,0.04,0.05,0.010000000000000002
yandun,tcn,mse,41,high,600.0,160.0,5000.0,0.05,4.0,0.0,200.5,10.025,40.1,914.0,762.5,49116.107935362365,4188.593180241738,53304.7011156041,27.195186936668232,20.49584411680097,18.010104842898915,5.80908161872016,0.08,0.1,0.020000000000000004
yandun,tcn,mse,41,high,600.0,160.0,5000.0,0.1,1.0,0.0,200.5,20.05,20.05,914.0,762.5,54884.75685543124,2557.2463626739027,57442.00321810514,28.568842717645442,21.947245343747408,15.185047834975423,6.768053154794001,0.04,0.05,0.010000000000000002
yandun,tcn,mse,41,high,600.0,160.0,5000.0,0.1,2.0,0.0,200.5,20.05,40.1,914.0,762.5,42157.03730154183,4497.226361943761,46654.26366348559,24.64457686209948,17.723441861834935,23.333117172433838,4.785442511415542,0.08,0.1,0.020000000000000004
yandun,tcn,mse,41,high,600.0,160.0,5000.0,0.1,4.0,0.0,200.5,20.05,80.2,914.0,762.5,35637.44633925281,8377.186360483476,44014.63269973629,21.51919996967456,14.409698831343688,29.77223709534993,3.9256137234098682,0.16,0.2,0.04000000000000001
yandun,tcn,mse,41,high,600.0,160.0,5000.0,0.2,1.0,0.0,200.5,40.1,40.1,914.0,762.5,44970.80938766899,5114.492725347805,50085.30211301679,24.080574995276116,17.110396354418214,24.5101645466739,5.42960937202591,0.08,0.1,0.020000000000000004
yandun,tcn,mse,41,high,600.0,160.0,5000.0,0.2,2.0,0.0,200.5,40.1,80.2,914.0,762.5,29074.184022917947,8994.452723887522,38068.63674680547,19.09450483974501,11.76243454563046,34.84419651099284,2.963952172657322,0.14875271902880216,0.2,0.051247280971197844
yandun,tcn,mse,41,high,600.0,160.0,5000.0,0.2,4.0,0.0,200.5,40.1,160.4,914.0,762.5,19495.55568716908,16754.372720966952,36249.92840813603,14.968796029624803,7.441535629072774,43.29080423767074,1.6299340016816324,0.30564084797540597,0.4,0.09435915202459402
yandun,tcn,mse,42,low,150.0,40.0,0.0,0.0,0.0,0.0,200.5,0.0,0.0,914.0,762.5,6545.387294037159,0.0,6545.387294037159,35.83483719119968,29.25404288393019,0.0,8.433532483925624,0.0,0.0,0.0
yandun,tcn,mse,42,low,150.0,40.0,0.0,0.05,1.0,0.0,200.5,10.025,10.025,914.0,762.5,5962.877740437843,1278.6231813369513,7241.500921774795,31.667786889639903,24.745491823640457,8.675601361849537,7.493948391684342,0.02,0.025,0.005000000000000001
yandun,tcn,mse,42,low,150.0,40.0,0.0,0.05,2.0,0.0,200.5,10.025,20.05,914.0,762.5,5623.824978831602,2248.6131809718804,7872.4381598034815,29.223661577569608,22.1096853171437,13.755533180416498,6.284016622021701,0.04,0.05,0.010000000000000002
yandun,tcn,mse,42,low,150.0,40.0,0.0,0.05,4.0,0.0,200.5,10.025,40.1,914.0,762.5,5352.3793194495065,4188.593180241738,9540.972499691245,27.21331152822867,19.9662251028454,17.909343444055622,5.768557042154601,0.08,0.1,0.020000000000000004
yandun,tcn,mse,42,low,150.0,40.0,0.0,0.1,1.0,0.0,200.5,20.05,20.05,914.0,762.5,5538.367711429812,2557.2463626739027,8095.614074103714,28.61888706980309,21.452321721745307,15.01767128358148,6.668778119459204,0.04,0.05,0.010000000000000002
yandun,tcn,mse,42,low,150.0,40.0,0.0,0.1,2.0,0.0,200.5,20.05,40.1,914.0,762.5,5014.39550134229,4497.226361943761,9511.621863286051,24.821426046239104,17.366349578943716,22.90110444994703,4.699195207447483,0.08,0.1,0.020000000000000004
yandun,tcn,mse,42,low,150.0,40.0,0.0,0.1,4.0,0.0,200.5,20.05,80.2,914.0,762.5,4575.549598180922,8377.186360483476,12952.735958664398,21.54781259130559,13.886455321890951,29.65461216193324,3.864250443362222,0.15518064187038003,0.2,0.04481935812961997
yandun,tcn,mse,42,low,150.0,40.0,0.0,0.2,1.0,0.0,200.5,40.1,40.1,914.0,762.5,4937.206949363619,5114.492725347805,10051.699674711424,24.275168601466973,16.772591486800078,24.04111998686281,5.289712609212397,0.08,0.1,0.020000000000000004
yandun,tcn,mse,42,low,150.0,40.0,0.0,0.2,2.0,0.0,200.5,40.1,80.2,914.0,762.5,4239.826991638038,8994.452723887522,13234.27971552556,19.17192952961747,11.303973733099493,34.61297681241297,2.760362319769912,0.15518064187038003,0.2,0.04481935812961997
yandun,tcn,mse,42,low,150.0,40.0,0.0,0.2,4.0,0.0,200.5,40.1,160.4,914.0,762.5,3675.8271946011396,16754.372720966952,20430.19991556809,14.927483952221639,6.808559325430665,43.35283679747763,1.4925619786618491,0.26847102937908696,0.4,0.13152897062091307
yandun,tcn,mse,42,low,150.0,40.0,1000.0,0.0,0.0,0.0,200.5,0.0,0.0,914.0,762.5,14978.919777962783,0.0,14978.919777962783,35.83483719119968,29.25404288393019,0.0,8.433532483925624,0.0,0.0,0.0
yandun,tcn,mse,42,low,150.0,40.0,1000.0,0.05,1.0,0.0,200.5,10.025,10.025,914.0,762.5,13456.826132122185,1278.6231813369513,14735.449313459138,31.667786889639903,24.745491823640457,8.675601361849537,7.493948391684342,0.02,0.025,0.005000000000000001
yandun,tcn,mse,42,low,150.0,40.0,1000.0,0.05,2.0,0.0,200.5,10.025,20.05,914.0,762.5,11907.841600853302,2248.6131809718804,14156.454781825183,29.223661577569608,22.1096853171437,13.755533180416498,6.284016622021701,0.04,0.05,0.010000000000000002
yandun,tcn,mse,42,low,150.0,40.0,1000.0,0.05,4.0,0.0,200.5,10.025,40.1,914.0,762.5,11120.936361604108,4188.593180241738,15309.529541845845,27.21331152822867,19.9662251028454,17.909343444055622,5.768557042154601,0.08,0.1,0.020000000000000004
yandun,tcn,mse,42,low,150.0,40.0,1000.0,0.1,1.0,0.0,200.5,20.05,20.05,914.0,762.5,12207.145830889016,2557.2463626739027,14764.39219356292,28.61888706980309,21.452321721745307,15.01767128358148,6.668778119459204,0.04,0.05,0.010000000000000002
yandun,tcn,mse,42,low,150.0,40.0,1000.0,0.1,2.0,0.0,200.5,20.05,40.1,914.0,762.5,9713.590708789774,4497.226361943761,14210.817070733532,24.821426046239104,17.366349578943716,22.90110444994703,4.699195207447483,0.08,0.1,0.020000000000000004
yandun,tcn,mse,42,low,150.0,40.0,1000.0,0.1,4.0,0.0,200.5,20.05,80.2,914.0,762.5,8439.800041543143,8377.186360483476,16816.986402026618,21.54781259130559,13.886455321890951,29.65461216193324,3.864250443362222,0.15518064187038003,0.2,0.04481935812961997
yandun,tcn,mse,42,low,150.0,40.0,1000.0,0.2,1.0,0.0,200.5,40.1,40.1,914.0,762.5,10226.919558576015,5114.492725347805,15341.41228392382,24.275168601466973,16.772591486800078,24.04111998686281,5.289712609212397,0.08,0.1,0.020000000000000004
yandun,tcn,mse,42,low,150.0,40.0,1000.0,0.2,2.0,0.0,200.5,40.1,80.2,914.0,762.5,7000.18931140795,8994.452723887522,15994.642035295472,19.17192952961747,11.303973733099493,34.61297681241297,2.760362319769912,0.15518064187038003,0.2,0.04481935812961997
yandun,tcn,mse,42,low,150.0,40.0,1000.0,0.2,4.0,0.0,200.5,40.1,160.4,914.0,762.5,5168.389173262988,16754.372720966952,21922.761894229938,14.927483952221639,6.808559325430665,43.35283679747763,1.4925619786618491,0.26847102937908696,0.4,0.13152897062091307
yandun,tcn,mse,42,low,150.0,40.0,5000.0,0.0,0.0,0.0,200.5,0.0,0.0,914.0,762.5,48713.04971366528,0.0,48713.04971366528,35.83483719119968,29.25404288393019,0.0,8.433532483925624,0.0,0.0,0.0
yandun,tcn,mse,42,low,150.0,40.0,5000.0,0.05,1.0,0.0,200.5,10.025,10.025,914.0,762.5,43432.619698859555,1278.6231813369513,44711.2428801965,31.667786889639903,24.745491823640457,8.675601361849537,7.493948391684342,0.02,0.025,0.005000000000000001
yandun,tcn,mse,42,low,150.0,40.0,5000.0,0.05,2.0,0.0,200.5,10.025,20.05,914.0,762.5,37043.90808894011,2248.6131809718804,39292.52126991198,29.223661577569608,22.1096853171437,13.755533180416498,6.284016622021701,0.04,0.05,0.010000000000000002
yandun,tcn,mse,42,low,150.0,40.0,5000.0,0.05,4.0,0.0,200.5,10.025,40.1,914.0,762.5,34195.16453022251,4188.593180241738,38383.75771046425,27.21331152822867,19.9662251028454,17.909343444055622,5.768557042154601,0.08,0.1,0.020000000000000004
yandun,tcn,mse,42,low,150.0,40.0,5000.0,0.1,1.0,0.0,200.5,20.05,20.05,914.0,762.5,38882.25830872583,2557.2463626739027,41439.504671399736,28.61888706980309,21.452321721745307,15.01767128358148,6.668778119459204,0.04,0.05,0.010000000000000002
yandun,tcn,mse,42,low,150.0,40.0,5000.0,0.1,2.0,0.0,200.5,20.05,40.1,914.0,762.5,28510.371538579704,4497.226361943761,33007.59790052347,24.821426046239104,17.366349578943716,22.90110444994703,4.699195207447483,0.08,0.1,0.020000000000000004
yandun,tcn,mse,42,low,150.0,40.0,5000.0,0.1,4.0,0.0,200.5,20.05,80.2,914.0,762.5,23896.801814992028,8377.186360483476,32273.9881754755,21.54781259130559,13.886455321890951,29.65461216193324,3.864250443362222,0.15518064187038003,0.2,0.04481935812961997
yandun,tcn,mse,42,low,150.0,40.0,5000.0,0.2,1.0,0.0,200.5,40.1,40.1,914.0,762.5,31385.7699954256,5114.492725347805,36500.262720773404,24.275168601466973,16.772591486800078,24.04111998686281,5.289712609212397,0.08,0.1,0.020000000000000004
yandun,tcn,mse,42,low,150.0,40.0,5000.0,0.2,2.0,0.0,200.5,40.1,80.2,914.0,762.5,18041.638590487597,8994.452723887522,27036.09131437512,19.17192952961747,11.303973733099493,34.61297681241297,2.760362319769912,0.15518064187038003,0.2,0.04481935812961997
yandun,tcn,mse,42,low,150.0,40.0,5000.0,0.2,4.0,0.0,200.5,40.1,160.4,914.0,762.5,11138.637087910385,16754.372720966952,27893.009808877337,14.927483952221639,6.808559325430665,43.35283679747763,1.4925619786618491,0.26847102937908696,0.4,0.13152897062091307
yandun,tcn,mse,42,base,300.0,80.0,0.0,0.0,0.0,0.0,200.5,0.0,0.0,914.0,762.5,13090.774588074319,0.0,13090.774588074319,35.83483719119968,29.25404288393019,0.0,8.433532483925624,0.0,0.0,0.0
yandun,tcn,mse,42,base,300.0,80.0,0.0,0.05,1.0,0.0,200.5,10.025,10.025,914.0,762.5,11702.865446829446,1278.6231813369513,12981.488628166398,31.667786889639903,24.745491823640457,8.675601361849537,7.493948391684342,0.02,0.025,0.005000000000000001
yandun,tcn,mse,42,base,300.0,80.0,0.0,0.05,2.0,0.0,200.5,10.025,20.05,914.0,762.5,10891.761628152792,2248.6131809718804,13140.374809124673,29.223661577569608,22.1096853171437,13.755533180416498,6.284016622021701,0.04,0.05,0.010000000000000002
yandun,tcn,mse,42,base,300.0,80.0,0.0,0.05,4.0,0.0,200.5,10.025,40.1,914.0,762.5,10233.025052797622,4188.593180241738,14421.618233039362,27.21331152822867,19.9662251028454,17.909343444055622,5.768557042154601,0.08,0.1,0.020000000000000004
yandun,tcn,mse,42,base,300.0,80.0,0.0,0.1,1.0,0.0,200.5,20.05,20.05,914.0,762.5,10689.293640770087,2557.2463626739027,13246.540003443992,28.61888706980309,21.452321721745307,15.01767128358148,6.668778119459204,0.04,0.05,0.010000000000000002
yandun,tcn,mse,42,base,300.0,80.0,0.0,0.1,2.0,0.0,200.5,20.05,40.1,914.0,762.5,9432.263391435905,4497.226361943761,13929.489753379665,24.821426046239104,17.366349578943716,22.90110444994703,4.699195207447483,0.08,0.1,0.020000000000000004
yandun,tcn,mse,42,base,300.0,80.0,0.0,0.1,4.0,0.0,200.5,20.05,80.2,914.0,762.5,8363.179699752398,8377.186360483476,16740.366060235876,21.54781259130559,13.886455321890951,29.65461216193324,3.864250443362222,0.15518064187038003,0.2,0.04481935812961997
yandun,tcn,mse,42,base,300.0,80.0,0.0,0.2,1.0,0.0,200.5,40.1,40.1,914.0,762.5,9249.385899055667,5114.492725347805,14363.878624403473,24.275168601466973,16.772591486800078,24.04111998686281,5.289712609212397,0.08,0.1,0.020000000000000004
yandun,tcn,mse,42,base,300.0,80.0,0.0,0.2,2.0,0.0,200.5,40.1,80.2,914.0,762.5,7567.775370404639,8994.452723887522,16562.22809429216,19.17192952961747,11.303973733099493,34.61297681241297,2.760362319769912,0.15518064187038003,0.2,0.04481935812961997
yandun,tcn,mse,42,base,300.0,80.0,0.0,0.2,4.0,0.0,200.5,40.1,160.4,914.0,762.5,6187.292160451612,16754.372720966952,22941.664881418565,14.927483952221639,6.808559325430665,43.35283679747763,1.4925619786618491,0.26847102937908696,0.4,0.13152897062091307
yandun,tcn,mse,42,base,300.0,80.0,1000.0,0.0,0.0,0.0,200.5,0.0,0.0,914.0,762.5,21524.30707199994,0.0,21524.30707199994,35.83483719119968,29.25404288393019,0.0,8.433532483925624,0.0,0.0,0.0
yandun,tcn,mse,42,base,300.0,80.0,1000.0,0.05,1.0,0.0,200.5,10.025,10.025,914.0,762.5,19196.81383851379,1278.6231813369513,20475.437019850742,31.667786889639903,24.745491823640457,8.675601361849537,7.493948391684342,0.02,0.025,0.005000000000000001
yandun,tcn,mse,42,base,300.0,80.0,1000.0,0.05,2.0,0.0,200.5,10.025,20.05,914.0,762.5,17175.77825017449,2248.6131809718804,19424.39143114637,29.223661577569608,22.1096853171437,13.755533180416498,6.284016622021701,0.04,0.05,0.010000000000000002
yandun,tcn,mse,42,base,300.0,80.0,1000.0,0.05,4.0,0.0,200.5,10.025,40.1,914.0,762.5,16001.582094952222,4188.593180241738,20190.17527519396,27.21331152822867,19.9662251028454,17.909343444055622,5.768557042154601,0.08,0.1,0.020000000000000004
yandun,tcn,mse,42,base,300.0,80.0,1000.0,0.1,1.0,0.0,200.5,20.05,20.05,914.0,762.5,17358.071760229293,2557.2463626739027,19915.318122903198,28.61888706980309,21.452321721745307,15.01767128358148,6.668778119459204,0.04,0.05,0.010000000000000002
yandun,tcn,mse,42,base,300.0,80.0,1000.0,0.1,2.0,0.0,200.5,20.05,40.1,914.0,762.5,14131.458598883388,4497.226361943761,18628.684960827148,24.821426046239104,17.366349578943716,22.90110444994703,4.699195207447483,0.08,0.1,0.020000000000000004
yandun,tcn,mse,42,base,300.0,80.0,1000.0,0.1,4.0,0.0,200.5,20.05,80.2,914.0,762.5,12227.430143114621,8377.186360483476,20604.616503598096,21.54781259130559,13.886455321890951,29.65461216193324,3.864250443362222,0.15518064187038003,0.2,0.04481935812961997
yandun,tcn,mse,42,base,300.0,80.0,1000.0,0.2,1.0,0.0,200.5,40.1,40.1,914.0,762.5,14539.098508268064,5114.492725347805,19653.59123361587,24.275168601466973,16.772591486800078,24.04111998686281,5.289712609212397,0.08,0.1,0.020000000000000004
yandun,tcn,mse,42,base,300.0,80.0,1000.0,0.2,2.0,0.0,200.5,40.1,80.2,914.0,762.5,10328.13769017455,8994.452723887522,19322.590414062073,19.17192952961747,11.303973733099493,34.61297681241297,2.760362319769912,0.15518064187038003,0.2,0.04481935812961997
yandun,tcn,mse,42,base,300.0,80.0,1000.0,0.2,4.0,0.0,200.5,40.1,160.4,914.0,762.5,7679.85413911346,16754.372720966952,24434.226860080413,14.927483952221639,6.808559325430665,43.35283679747763,1.4925619786618491,0.26847102937908696,0.4,0.13152897062091307
yandun,tcn,mse,42,base,300.0,80.0,5000.0,0.0,0.0,0.0,200.5,0.0,0.0,914.0,762.5,55258.43700770244,0.0,55258.43700770244,35.83483719119968,29.25404288393019,0.0,8.433532483925624,0.0,0.0,0.0
yandun,tcn,mse,42,base,300.0,80.0,5000.0,0.05,1.0,0.0,200.5,10.025,10.025,914.0,762.5,49172.607405251154,1278.6231813369513,50451.230586588106,31.667786889639903,24.745491823640457,8.675601361849537,7.493948391684342,0.02,0.025,0.005000000000000001
yandun,tcn,mse,42,base,300.0,80.0,5000.0,0.05,2.0,0.0,200.5,10.025,20.05,914.0,762.5,42311.844738261294,2248.6131809718804,44560.45791923318,29.223661577569608,22.1096853171437,13.755533180416498,6.284016622021701,0.04,0.05,0.010000000000000002
yandun,tcn,mse,42,base,300.0,80.0,5000.0,0.05,4.0,0.0,200.5,10.025,40.1,914.0,762.5,39075.81026357063,4188.593180241738,43264.40344381236,27.21331152822867,19.9662251028454,17.909343444055622,5.768557042154601,0.08,0.1,0.020000000000000004
yandun,tcn,mse,42,base,300.0,80.0,5000.0,0.1,1.0,0.0,200.5,20.05,20.05,914.0,762.5,44033.184238066104,2557.2463626739027,46590.43060074001,28.61888706980309,21.452321721745307,15.01767128358148,6.668778119459204,0.04,0.05,0.010000000000000002
yandun,tcn,mse,42,base,300.0,80.0,5000.0,0.1,2.0,0.0,200.5,20.05,40.1,914.0,762.5,32928.23942867332,4497.226361943761,37425.46579061708,24.821426046239104,17.366349578943716,22.90110444994703,4.699195207447483,0.08,0.1,0.020000000000000004
yandun,tcn,mse,42,base,300.0,80.0,5000.0,0.1,4.0,0.0,200.5,20.05,80.2,914.0,762.5,27684.431916563506,8377.186360483476,36061.618277046975,21.54781259130559,13.886455321890951,29.65461216193324,3.864250443362222,0.15518064187038003,0.2,0.04481935812961997
yandun,tcn,mse,42,base,300.0,80.0,5000.0,0.2,1.0,0.0,200.5,40.1,40.1,914.0,762.5,35697.94894511765,5114.492725347805,40812.44167046545,24.275168601466973,16.772591486800078,24.04111998686281,5.289712609212397,0.08,0.1,0.020000000000000004
yandun,tcn,mse,42,base,300.0,80.0,5000.0,0.2,2.0,0.0,200.5,40.1,80.2,914.0,762.5,21369.586969254196,8994.452723887522,30364.039693141713,19.17192952961747,11.303973733099493,34.61297681241297,2.760362319769912,0.15518064187038003,0.2,0.04481935812961997
yandun,tcn,mse,42,base,300.0,80.0,5000.0,0.2,4.0,0.0,200.5,40.1,160.4,914.0,762.5,13650.102053760858,16754.372720966952,30404.474774727805,14.927483952221639,6.808559325430665,43.35283679747763,1.4925619786618491,0.26847102937908696,0.4,0.13152897062091307
yandun,tcn,mse,42,high,600.0,160.0,0.0,0.0,0.0,0.0,200.5,0.0,0.0,914.0,762.5,26181.549176148637,0.0,26181.549176148637,35.83483719119968,29.25404288393019,0.0,8.433532483925624,0.0,0.0,0.0
yandun,tcn,mse,42,high,600.0,160.0,0.0,0.05,1.0,0.0,200.5,10.025,10.025,914.0,762.5,23182.840859612654,1278.6231813369513,24461.464040949606,31.667786889639903,24.745491823640457,8.675601361849537,7.493948391684342,0.02,0.025,0.005000000000000001
yandun,tcn,mse,42,high,600.0,160.0,0.0,0.05,2.0,0.0,200.5,10.025,20.05,914.0,762.5,21427.63492679517,2248.6131809718804,23676.24810776705,29.223661577569608,22.1096853171437,13.755533180416498,6.284016622021701,0.04,0.05,0.010000000000000002
yandun,tcn,mse,42,high,600.0,160.0,0.0,0.05,4.0,0.0,200.5,10.025,40.1,914.0,762.5,19994.316519493856,4188.593180241738,24182.909699735592,27.21331152822867,19.9662251028454,17.909343444055622,5.768557042154601,0.08,0.1,0.020000000000000004
yandun,tcn,mse,42,high,600.0,160.0,0.0,0.1,1.0,0.0,200.5,20.05,20.05,914.0,762.5,20991.145499450635,2557.2463626739027,23548.39186212454,28.61888706980309,21.452321721745307,15.01767128358148,6.668778119459204,0.04,0.05,0.010000000000000002
yandun,tcn,mse,42,high,600.0,160.0,0.0,0.1,2.0,0.0,200.5,20.05,40.1,914.0,762.5,18267.999171623134,4497.226361943761,22765.225533566896,24.821426046239104,17.366349578943716,22.90110444994703,4.699195207447483,0.08,0.1,0.020000000000000004
yandun,tcn,mse,42,high,600.0,160.0,0.0,0.1,4.0,0.0,200.5,20.05,80.2,914.0,762.5,15938.439902895354,8377.186360483476,24315.62626337883,21.54781259130559,13.886455321890951,29.65461216193324,3.864250443362222,0.15518064187038003,0.2,0.04481935812961997
yandun,tcn,mse,42,high,600.0,160.0,0.0,0.2,1.0,0.0,200.5,40.1,40.1,914.0,762.5,17873.743798439766,5114.492725347805,22988.23652378757,24.275168601466973,16.772591486800078,24.04111998686281,5.289712609212397,0.08,0.1,0.020000000000000004
yandun,tcn,mse,42,high,600.0,160.0,0.0,0.2,2.0,0.0,200.5,40.1,80.2,914.0,762.5,14223.67212793784,8994.452723887522,23218.12485182536,19.17192952961747,11.303973733099493,34.61297681241297,2.760362319769912,0.15518064187038003,0.2,0.04481935812961997
yandun,tcn,mse,42,high,600.0,160.0,0.0,0.2,4.0,0.0,200.5,40.1,160.4,914.0,762.5,11210.222092152557,16754.372720966952,27964.594813119507,14.927483952221639,6.808559325430665,43.35283679747763,1.4925619786618491,0.26847102937908696,0.4,0.13152897062091307
yandun,tcn,mse,42,high,600.0,160.0,1000.0,0.0,0.0,0.0,200.5,0.0,0.0,914.0,762.5,34615.08166007426,0.0,34615.08166007426,35.83483719119968,29.25404288393019,0.0,8.433532483925624,0.0,0.0,0.0
yandun,tcn,mse,42,high,600.0,160.0,1000.0,0.05,1.0,0.0,200.5,10.025,10.025,914.0,762.5,30676.789251296996,1278.6231813369513,31955.412432633948,31.667786889639903,24.745491823640457,8.675601361849537,7.493948391684342,0.02,0.025,0.005000000000000001
yandun,tcn,mse,42,high,600.0,160.0,1000.0,0.05,2.0,0.0,200.5,10.025,20.05,914.0,762.5,27711.65154881687,2248.6131809718804,29960.26472978875,29.223661577569608,22.1096853171437,13.755533180416498,6.284016622021701,0.04,0.05,0.010000000000000002
yandun,tcn,mse,42,high,600.0,160.0,1000.0,0.05,4.0,0.0,200.5,10.025,40.1,914.0,762.5,25762.873561648456,4188.593180241738,29951.466741890195,27.21331152822867,19.9662251028454,17.909343444055622,5.768557042154601,0.08,0.1,0.020000000000000004
yandun,tcn,mse,42,high,600.0,160.0,1000.0,0.1,1.0,0.0,200.5,20.05,20.05,914.0,762.5,27659.92361890984,2557.2463626739027,30217.169981583746,28.61888706980309,21.452321721745307,15.01767128358148,6.668778119459204,0.04,0.05,0.010000000000000002
yandun,tcn,mse,42,high,600.0,160.0,1000.0,0.1,2.0,0.0,200.5,20.05,40.1,914.0,762.5,22967.194379070617,4497.226361943761,27464.42074101438,24.821426046239104,17.366349578943716,22.90110444994703,4.699195207447483,0.08,0.1,0.020000000000000004
yandun,tcn,mse,42,high,600.0,160.0,1000.0,0.1,4.0,0.0,200.5,20.05,80.2,914.0,762.5,19802.690346257576,8377.186360483476,28179.87670674105,21.54781259130559,13.886455321890951,29.65461216193324,3.864250443362222,0.15518064187038003,0.2,0.04481935812961997
yandun,tcn,mse,42,high,600.0,160.0,1000.0,0.2,1.0,0.0,200.5,40.1,40.1,914.0,762.5,23163.45640765216,5114.492725347805,28277.949132999966,24.275168601466973,16.772591486800078,24.04111998686281,5.289712609212397,0.08,0.1,0.020000000000000004
yandun,tcn,mse,42,high,600.0,160.0,1000.0,0.2,2.0,0.0,200.5,40.1,80.2,914.0,762.5,16984.034447707752,8994.452723887522,25978.487171595272,19.17192952961747,11.303973733099493,34.61297681241297,2.760362319769912,0.15518064187038003,0.2,0.04481935812961997
yandun,tcn,mse,42,high,600.0,160.0,1000.0,0.2,4.0,0.0,200.5,40.1,160.4,914.0,762.5,12702.784070814407,16754.372720966952,29457.156791781363,14.927483952221639,6.808559325430665,43.35283679747763,1.4925619786618491,0.26847102937908696,0.4,0.13152897062091307
yandun,tcn,mse,42,high,600.0,160.0,5000.0,0.0,0.0,0.0,200.5,0.0,0.0,914.0,762.5,68349.21159577677,0.0,68349.21159577677,35.83483719119968,29.25404288393019,0.0,8.433532483925624,0.0,0.0,0.0
yandun,tcn,mse,42,high,600.0,160.0,5000.0,0.05,1.0,0.0,200.5,10.025,10.025,914.0,762.5,60652.58281803437,1278.6231813369513,61931.20599937131,31.667786889639903,24.745491823640457,8.675601361849537,7.493948391684342,0.02,0.025,0.005000000000000001
yandun,tcn,mse,42,high,600.0,160.0,5000.0,0.05,2.0,0.0,200.5,10.025,20.05,914.0,762.5,52847.718036903665,2248.6131809718804,55096.33121787555,29.223661577569608,22.1096853171437,13.755533180416498,6.284016622021701,0.04,0.05,0.010000000000000002
yandun,tcn,mse,42,high,600.0,160.0,5000.0,0.05,4.0,0.0,200.5,10.025,40.1,914.0,762.5,48837.10173026686,4188.593180241738,53025.694910508595,27.21331152822867,19.9662251028454,17.909343444055622,5.768557042154601,0.08,0.1,0.020000000000000004
yandun,tcn,mse,42,high,600.0,160.0,5000.0,0.1,1.0,0.0,200.5,20.05,20.05,914.0,762.5,54335.036096746655,2557.2463626739027,56892.28245942056,28.61888706980309,21.452321721745307,15.01767128358148,6.668778119459204,0.04,0.05,0.010000000000000002
yandun,tcn,mse,42,high,600.0,160.0,5000.0,0.1,2.0,0.0,200.5,20.05,40.1,914.0,762.5,41763.97520886055,4497.226361943761,46261.20157080431,24.821426046239104,17.366349578943716,22.90110444994703,4.699195207447483,0.08,0.1,0.020000000000000004
yandun,tcn,mse,42,high,600.0,160.0,5000.0,0.1,4.0,0.0,200.5,20.05,80.2,914.0,762.5,35259.69211970646,8377.186360483476,43636.87848018993,21.54781259130559,13.886455321890951,29.65461216193324,3.864250443362222,0.15518064187038003,0.2,0.04481935812961997
yandun,tcn,mse,42,high,600.0,160.0,5000.0,0.2,1.0,0.0,200.5,40.1,40.1,914.0,762.5,44322.30684450174,5114.492725347805,49436.79956984955,24.275168601466973,16.772591486800078,24.04111998686281,5.289712609212397,0.08,0.1,0.020000000000000004
yandun,tcn,mse,42,high,600.0,160.0,5000.0,0.2,2.0,0.0,200.5,40.1,80.2,914.0,762.5,28025.483726787395,8994.452723887522,37019.93645067492,19.17192952961747,11.303973733099493,34.61297681241297,2.760362319769912,0.15518064187038003,0.2,0.04481935812961997
yandun,tcn,mse,42,high,600.0,160.0,5000.0,0.2,4.0,0.0,200.5,40.1,160.4,914.0,762.5,18673.031985461803,16754.372720966952,35427.40470642875,14.927483952221639,6.808559325430665,43.35283679747763,1.4925619786618491,0.26847102937908696,0.4,0.13152897062091307
yandun,tcn,mse,43,low,150.0,40.0,0.0,0.0,0.0,0.0,200.5,0.0,0.0,914.0,762.5,5855.410084234672,0.0,5855.410084234672,31.289717778599098,29.048810436120178,0.0,7.722241544720719,0.0,0.0,0.0
yandun,tcn,mse,43,low,150.0,40.0,0.0,0.05,1.0,0.0,200.5,10.025,10.025,914.0,762.5,5230.590994483821,1278.6231813369513,6509.214175820774,26.823246144274627,24.214801405434073,9.300480665010603,6.765716105363158,0.02,0.025,0.005000000000000001
yandun,tcn,mse,43,low,150.0,40.0,0.0,0.05,2.0,0.0,200.5,10.025,20.05,914.0,762.5,4885.239503364427,2248.6131809718804,7133.852684336308,24.334545207957397,21.530543133451495,14.473439873310303,5.648182186752627,0.04,0.05,0.010000000000000002
yandun,tcn,mse,43,low,150.0,40.0,0.0,0.05,4.0,0.0,200.5,10.025,40.1,914.0,762.5,4627.328962232713,4188.593180241738,8815.922142474452,22.41998214931146,19.491199213386874,18.42734685202077,5.193651831360816,0.08,0.1,0.020000000000000004
yandun,tcn,mse,43,low,150.0,40.0,0.0,0.1,1.0,0.0,200.5,20.05,20.05,914.0,762.5,4781.3415464621685,2557.2463626739027,7338.587909136072,23.59926735911063,20.731328080357166,16.007932775251508,5.937589281536848,0.04,0.05,0.010000000000000002
yandun,tcn,mse,43,low,150.0,40.0,0.0,0.1,2.0,0.0,200.5,20.05,40.1,914.0,762.5,4258.619979564574,4497.226361943761,8755.846341508335,19.81065704119845,16.654976269785795,23.872894903735006,4.093164200129073,0.08,0.1,0.020000000000000004
yandun,tcn,mse,43,low,150.0,40.0,0.0,0.1,4.0,0.0,200.5,20.05,80.2,914.0,762.5,3840.2329027469113,8377.186360483476,12217.419263230386,16.72746384108807,13.360761175224734,30.250303198406346,3.377060322712892,0.134750998715172,0.2,0.06524900128482801
yandun,tcn,mse,43,low,150.0,40.0,0.0,0.2,1.0,0.0,200.5,40.1,40.1,914.0,762.5,4181.1144815814605,5114.492725347805,9295.607206929266,19.26215659393333,16.058780131454153,25.0175914893318,4.596946370176483,0.08,0.1,0.020000000000000004
yandun,tcn,mse,43,low,150.0,40.0,0.0,0.2,2.0,0.0,200.5,40.1,80.2,914.0,762.5,3503.7161493045264,8994.452723887522,12498.168873192048,14.378616995786041,10.79242488392473,35.167486335008576,2.3983895525407886,0.12013148734805777,0.2,0.07986851265194224
yandun,tcn,mse,43,low,150.0,40.0,0.0,0.2,4.0,0.0,200.5,40.1,160.4,914.0,762.5,2987.483004218018,16754.372720966952,19741.85572518497,10.396077161943897,6.617225679442938,43.32522537333245,1.265314713090766,0.2675058947180137,0.4,0.1324941052819863
yandun,tcn,mse,43,low,150.0,40.0,1000.0,0.0,0.0,0.0,200.5,0.0,0.0,914.0,762.5,13577.651628955391,0.0,13577.651628955391,31.289717778599098,29.048810436120178,0.0,7.722241544720719,0.0,0.0,0.0
yandun,tcn,mse,43,low,150.0,40.0,1000.0,0.05,1.0,0.0,200.5,10.025,10.025,914.0,762.5,11996.30709984698,1278.6231813369513,13274.930281183932,26.823246144274627,24.214801405434073,9.300480665010603,6.765716105363158,0.02,0.025,0.005000000000000001
yandun,tcn,mse,43,low,150.0,40.0,1000.0,0.05,2.0,0.0,200.5,10.025,20.05,914.0,762.5,10533.421690117055,2248.6131809718804,12782.034871088936,24.334545207957397,21.530543133451495,14.473439873310303,5.648182186752627,0.04,0.05,0.010000000000000002
yandun,tcn,mse,43,low,150.0,40.0,1000.0,0.05,4.0,0.0,200.5,10.025,40.1,914.0,762.5,9820.98079359353,4188.593180241738,14009.573973835268,22.41998214931146,19.491199213386874,18.42734685202077,5.193651831360816,0.08,0.1,0.020000000000000004
yandun,tcn,mse,43,low,150.0,40.0,1000.0,0.1,1.0,0.0,200.5,20.05,20.05,914.0,762.5,10718.930827999016,2557.2463626739027,13276.17719067292,23.59926735911063,20.731328080357166,16.007932775251508,5.937589281536848,0.04,0.05,0.010000000000000002
yandun,tcn,mse,43,low,150.0,40.0,1000.0,0.1,2.0,0.0,200.5,20.05,40.1,914.0,762.5,8351.784179693648,4497.226361943761,12849.010541637408,19.81065704119845,16.654976269785795,23.872894903735006,4.093164200129073,0.08,0.1,0.020000000000000004
yandun,tcn,mse,43,low,150.0,40.0,1000.0,0.1,4.0,0.0,200.5,20.05,80.2,914.0,762.5,7217.293225459804,8377.186360483476,15594.47958594328,16.72746384108807,13.360761175224734,30.250303198406346,3.377060322712892,0.134750998715172,0.2,0.06524900128482801
yandun,tcn,mse,43,low,150.0,40.0,1000.0,0.2,1.0,0.0,200.5,40.1,40.1,914.0,762.5,8778.060851757944,5114.492725347805,13892.55357710575,19.26215659393333,16.058780131454153,25.0175914893318,4.596946370176483,0.08,0.1,0.020000000000000004
yandun,tcn,mse,43,low,150.0,40.0,1000.0,0.2,2.0,0.0,200.5,40.1,80.2,914.0,762.5,5902.105701845316,8994.452723887522,14896.558425732837,14.378616995786041,10.79242488392473,35.167486335008576,2.3983895525407886,0.12013148734805777,0.2,0.07986851265194224
yandun,tcn,mse,43,low,150.0,40.0,1000.0,0.2,4.0,0.0,200.5,40.1,160.4,914.0,762.5,4252.797717308784,16754.372720966952,21007.170438275734,10.396077161943897,6.617225679442938,43.32522537333245,1.265314713090766,0.2675058947180137,0.4,0.1324941052819863
yandun,tcn,mse,43,low,150.0,40.0,5000.0,0.0,0.0,0.0,200.5,0.0,0.0,914.0,762.5,44466.617807838265,0.0,44466.617807838265,31.289717778599098,29.048810436120178,0.0,7.722241544720719,0.0,0.0,0.0
yandun,tcn,mse,43,low,150.0,40.0,5000.0,0.05,1.0,0.0,200.5,10.025,10.025,914.0,762.5,39059.171521299606,1278.6231813369513,40337.79470263656,26.823246144274627,24.214801405434073,9.300480665010603,6.765716105363158,0.02,0.025,0.005000000000000001
yandun,tcn,mse,43,low,150.0,40.0,5000.0,0.05,2.0,0.0,200.5,10.025,20.05,914.0,762.5,33126.15043712756,2248.6131809718804,35374.76361809944,24.334545207957397,21.530543133451495,14.473439873310303,5.648182186752627,0.04,0.05,0.010000000000000002
yandun,tcn,mse,43,low,150.0,40.0,5000.0,0.05,4.0,0.0,200.5,10.025,40.1,914.0,762.5,30595.588119036795,4188.593180241738,34784.181299278534,22.41998214931146,19.491199213386874,18.42734685202077,5.193651831360816,0.08,0.1,0.020000000000000004
yandun,tcn,mse,43,low,150.0,40.0,5000.0,0.1,1.0,0.0,200.5,20.05,20.05,914.0,762.5,34469.287954146406,2557.2463626739027,37026.53431682031,23.59926735911063,20.731328080357166,16.007932775251508,5.937589281536848,0.04,0.05,0.010000000000000002
yandun,tcn,mse,43,low,150.0,40.0,5000.0,0.1,2.0,0.0,200.5,20.05,40.1,914.0,762.5,24724.44098020994,4497.226361943761,29221.6673421537,19.81065704119845,16.654976269785795,23.872894903735006,4.093164200129073,0.08,0.1,0.020000000000000004
yandun,tcn,mse,43,low,150.0,40.0,5000.0,0.1,4.0,0.0,200.5,20.05,80.2,914.0,762.5,20725.534516311374,8377.186360483476,29102.720876794847,16.72746384108807,13.360761175224734,30.250303198406346,3.377060322712892,0.134750998715172,0.2,0.06524900128482801
yandun,tcn,mse,43,low,150.0,40.0,5000.0,0.2,1.0,0.0,200.5,40.1,40.1,914.0,762.5,27165.846332463876,5114.492725347805,32280.33905781168,19.26215659393333,16.058780131454153,25.0175914893318,4.596946370176483,0.08,0.1,0.020000000000000004
yandun,tcn,mse,43,low,150.0,40.0,5000.0,0.2,2.0,0.0,200.5,40.1,80.2,914.0,762.5,15495.663912008467,8994.452723887522,24490.116635895985,14.378616995786041,10.79242488392473,35.167486335008576,2.3983895525407886,0.12013148734805777,0.2,0.07986851265194224
yandun,tcn,mse,43,low,150.0,40.0,5000.0,0.2,4.0,0.0,200.5,40.1,160.4,914.0,762.5,9314.056569671848,16754.372720966952,26068.4292906388,10.396077161943897,6.617225679442938,43.32522537333245,1.265314713090766,0.2675058947180137,0.4,0.1324941052819863
yandun,tcn,mse,43,base,300.0,80.0,0.0,0.0,0.0,0.0,200.5,0.0,0.0,914.0,762.5,11710.820168469343,0.0,11710.820168469343,31.289717778599098,29.048810436120178,0.0,7.722241544720719,0.0,0.0,0.0
yandun,tcn,mse,43,base,300.0,80.0,0.0,0.05,1.0,0.0,200.5,10.025,10.025,914.0,762.5,10222.669972342379,1278.6231813369513,11501.293153679331,26.823246144274627,24.214801405434073,9.300480665010603,6.765716105363158,0.02,0.025,0.005000000000000001
yandun,tcn,mse,43,base,300.0,80.0,0.0,0.05,2.0,0.0,200.5,10.025,20.05,914.0,762.5,9396.643009896095,2248.6131809718804,11645.256190867976,24.334545207957397,21.530543133451495,14.473439873310303,5.648182186752627,0.04,0.05,0.010000000000000002
yandun,tcn,mse,43,base,300.0,80.0,0.0,0.05,4.0,0.0,200.5,10.025,40.1,914.0,762.5,8769.974253164908,4188.593180241738,12958.567433406646,22.41998214931146,19.491199213386874,18.42734685202077,5.193651831360816,0.08,0.1,0.020000000000000004
yandun,tcn,mse,43,base,300.0,80.0,0.0,0.1,1.0,0.0,200.5,20.05,20.05,914.0,762.5,9150.48477354305,2557.2463626739027,11707.731136216953,23.59926735911063,20.731328080357166,16.007932775251508,5.937589281536848,0.04,0.05,0.010000000000000002
yandun,tcn,mse,43,base,300.0,80.0,0.0,0.1,2.0,0.0,200.5,20.05,40.1,914.0,762.5,7896.417586535773,4497.226361943761,12393.643948479536,19.81065704119845,16.654976269785795,23.872894903735006,4.093164200129073,0.08,0.1,0.020000000000000004
yandun,tcn,mse,43,base,300.0,80.0,0.0,0.1,4.0,0.0,200.5,20.05,80.2,914.0,762.5,6883.782925919112,8377.186360483476,15260.969286402587,16.72746384108807,13.360761175224734,30.250303198406346,3.377060322712892,0.134750998715172,0.2,0.06524900128482801
yandun,tcn,mse,43,base,300.0,80.0,0.0,0.2,1.0,0.0,200.5,40.1,40.1,914.0,762.5,7712.789175929627,5114.492725347805,12827.281901277433,19.26215659393333,16.058780131454153,25.0175914893318,4.596946370176483,0.08,0.1,0.020000000000000004
yandun,tcn,mse,43,base,300.0,80.0,0.0,0.2,2.0,0.0,200.5,40.1,80.2,914.0,762.5,6092.205694029422,8994.452723887522,15086.658417916942,14.378616995786041,10.79242488392473,35.167486335008576,2.3983895525407886,0.12013148734805777,0.2,0.07986851265194224
yandun,tcn,mse,43,base,300.0,80.0,0.0,0.2,4.0,0.0,200.5,40.1,160.4,914.0,762.5,4811.5836056873195,16754.372720966952,21565.95632665427,10.396077161943897,6.617225679442938,43.32522537333245,1.265314713090766,0.2675058947180137,0.4,0.1324941052819863
yandun,tcn,mse,43,base,300.0,80.0,1000.0,0.0,0.0,0.0,200.5,0.0,0.0,914.0,762.5,19433.06171319006,0.0,19433.06171319006,31.289717778599098,29.048810436120178,0.0,7.722241544720719,0.0,0.0,0.0
yandun,tcn,mse,43,base,300.0,80.0,1000.0,0.05,1.0,0.0,200.5,10.025,10.025,914.0,762.5,16988.386077705538,1278.6231813369513,18267.00925904249,26.823246144274627,24.214801405434073,9.300480665010603,6.765716105363158,0.02,0.025,0.005000000000000001
yandun,tcn,mse,43,base,300.0,80.0,1000.0,0.05,2.0,0.0,200.5,10.025,20.05,914.0,762.5,15044.825196648722,2248.6131809718804,17293.438377620605,24.334545207957397,21.530543133451495,14.473439873310303,5.648182186752627,0.04,0.05,0.010000000000000002
yandun,tcn,mse,43,base,300.0,80.0,1000.0,0.05,4.0,0.0,200.5,10.025,40.1,914.0,762.5,13963.626084525724,4188.593180241738,18152.21926476746,22.41998214931146,19.491199213386874,18.42734685202077,5.193651831360816,0.08,0.1,0.020000000000000004
yandun,tcn,mse,43,base,300.0,80.0,1000.0,0.1,1.0,0.0,200.5,20.05,20.05,914.0,762.5,15088.074055079898,2557.2463626739027,17645.320417753803,23.59926735911063,20.731328080357166,16.007932775251508,5.937589281536848,0.04,0.05,0.010000000000000002
yandun,tcn,mse,43,base,300.0,80.0,1000.0,0.1,2.0,0.0,200.5,20.05,40.1,914.0,762.5,11989.581786664847,4497.226361943761,16486.808148608605,19.81065704119845,16.654976269785795,23.872894903735006,4.093164200129073,0.08,0.1,0.020000000000000004
yandun,tcn,mse,43,base,300.0,80.0,1000.0,0.1,4.0,0.0,200.5,20.05,80.2,914.0,762.5,10260.843248632005,8377.186360483476,18638.02960911548,16.72746384108807,13.360761175224734,30.250303198406346,3.377060322712892,0.134750998715172,0.2,0.06524900128482801
yandun,tcn,mse,43,base,300.0,80.0,1000.0,0.2,1.0,0.0,200.5,40.1,40.1,914.0,762.5,12309.73554610611,5114.492725347805,17424.228271453914,19.26215659393333,16.058780131454153,25.0175914893318,4.596946370176483,0.08,0.1,0.020000000000000004
yandun,tcn,mse,43,base,300.0,80.0,1000.0,0.2,2.0,0.0,200.5,40.1,80.2,914.0,762.5,8490.59524657021,8994.452723887522,17485.04797045773,14.378616995786041,10.79242488392473,35.167486335008576,2.3983895525407886,0.12013148734805777,0.2,0.07986851265194224
yandun,tcn,mse,43,base,300.0,80.0,1000.0,0.2,4.0,0.0,200.5,40.1,160.4,914.0,762.5,6076.898318778085,16754.372720966952,22831.27103974504,10.396077161943897,6.617225679442938,43.32522537333245,1.265314713090766,0.2675058947180137,0.4,0.1324941052819863
yandun,tcn,mse,43,base,300.0,80.0,5000.0,0.0,0.0,0.0,200.5,0.0,0.0,914.0,762.5,50322.02789207293,0.0,50322.02789207293,31.289717778599098,29.048810436120178,0.0,7.722241544720719,0.0,0.0,0.0
yandun,tcn,mse,43,base,300.0,80.0,5000.0,0.05,1.0,0.0,200.5,10.025,10.025,914.0,762.5,44051.250499158166,1278.6231813369513,45329.87368049512,26.823246144274627,24.214801405434073,9.300480665010603,6.765716105363158,0.02,0.025,0.005000000000000001
yandun,tcn,mse,43,base,300.0,80.0,5000.0,0.05,2.0,0.0,200.5,10.025,20.05,914.0,762.5,37637.55394365923,2248.6131809718804,39886.16712463111,24.334545207957397,21.530543133451495,14.473439873310303,5.648182186752627,0.04,0.05,0.010000000000000002
yandun,tcn,mse,43,base,300.0,80.0,5000.0,0.05,4.0,0.0,200.5,10.025,40.1,914.0,762.5,34738.23340996899,4188.593180241738,38926.82659021072,22.41998214931146,19.491199213386874,18.42734685202077,5.193651831360816,0.08,0.1,0.020000000000000004
yandun,tcn,mse,43,base,300.0,80.0,5000.0,0.1,1.0,0.0,200.5,20.05,20.05,914.0,762.5,38838.43118122729,2557.2463626739027,41395.6775439012,23.59926735911063,20.731328080357166,16.007932775251508,5.937589281536848,0.04,0.05,0.010000000000000002
yandun,tcn,mse,43,base,300.0,80.0,5000.0,0.1,2.0,0.0,200.5,20.05,40.1,914.0,762.5,28362.23858718114,4497.226361943761,32859.4649491249,19.81065704119845,16.654976269785795,23.872894903735006,4.093164200129073,0.08,0.1,0.020000000000000004
yandun,tcn,mse,43,base,300.0,80.0,5000.0,0.1,4.0,0.0,200.5,20.05,80.2,914.0,762.5,23769.084539483574,8377.186360483476,32146.270899967047,16.72746384108807,13.360761175224734,30.250303198406346,3.377060322712892,0.134750998715172,0.2,0.06524900128482801
yandun,tcn,mse,43,base,300.0,80.0,5000.0,0.2,1.0,0.0,200.5,40.1,40.1,914.0,762.5,30697.521026812043,5114.492725347805,35812.01375215985,19.26215659393333,16.058780131454153,25.0175914893318,4.596946370176483,0.08,0.1,0.020000000000000004
yandun,tcn,mse,43,base,300.0,80.0,5000.0,0.2,2.0,0.0,200.5,40.1,80.2,914.0,762.5,18084.153456733366,8994.452723887522,27078.60618062089,14.378616995786041,10.79242488392473,35.167486335008576,2.3983895525407886,0.12013148734805777,0.2,0.07986851265194224
yandun,tcn,mse,43,base,300.0,80.0,5000.0,0.2,4.0,0.0,200.5,40.1,160.4,914.0,762.5,11138.157171141149,16754.372720966952,27892.529892108098,10.396077161943897,6.617225679442938,43.32522537333245,1.265314713090766,0.2675058947180137,0.4,0.1324941052819863
yandun,tcn,mse,43,high,600.0,160.0,0.0,0.0,0.0,0.0,200.5,0.0,0.0,914.0,762.5,23421.640336938686,0.0,23421.640336938686,31.289717778599098,29.048810436120178,0.0,7.722241544720719,0.0,0.0,0.0
yandun,tcn,mse,43,high,600.0,160.0,0.0,0.05,1.0,0.0,200.5,10.025,10.025,914.0,762.5,20206.827928059494,1278.6231813369513,21485.451109396443,26.823246144274627,24.214801405434073,9.300480665010603,6.765716105363158,0.02,0.025,0.005000000000000001
yandun,tcn,mse,43,high,600.0,160.0,0.0,0.05,2.0,0.0,200.5,10.025,20.05,914.0,762.5,18419.450022959434,2248.6131809718804,20668.063203931313,24.334545207957397,21.530543133451495,14.473439873310303,5.648182186752627,0.04,0.05,0.010000000000000002
yandun,tcn,mse,43,high,600.0,160.0,0.0,0.05,4.0,0.0,200.5,10.025,40.1,914.0,762.5,17055.2648350293,4188.593180241738,21243.858015271035,22.41998214931146,19.491199213386874,18.42734685202077,5.193651831360816,0.08,0.1,0.020000000000000004
yandun,tcn,mse,43,high,600.0,160.0,0.0,0.1,1.0,0.0,200.5,20.05,20.05,914.0,762.5,17888.771227704812,2557.2463626739027,20446.017590378717,23.59926735911063,20.731328080357166,16.007932775251508,5.937589281536848,0.04,0.05,0.010000000000000002
yandun,tcn,mse,43,high,600.0,160.0,0.0,0.1,2.0,0.0,200.5,20.05,40.1,914.0,762.5,15172.012800478173,4497.226361943761,19669.23916242193,19.81065704119845,16.654976269785795,23.872894903735006,4.093164200129073,0.08,0.1,0.020000000000000004
yandun,tcn,mse,43,high,600.0,160.0,0.0,0.1,4.0,0.0,200.5,20.05,80.2,914.0,762.5,12970.882972263513,8377.186360483476,21348.06933274699,16.72746384108807,13.360761175224734,30.250303198406346,3.377060322712892,0.134750998715172,0.2,0.06524900128482801
yandun,tcn,mse,43,high,600.0,160.0,0.0,0.2,1.0,0.0,200.5,40.1,40.1,914.0,762.5,14776.138564625959,5114.492725347805,19890.631289973764,19.26215659393333,16.058780131454153,25.0175914893318,4.596946370176483,0.08,0.1,0.020000000000000004
yandun,tcn,mse,43,high,600.0,160.0,0.0,0.2,2.0,0.0,200.5,40.1,80.2,914.0,762.5,11269.184783479213,8994.452723887522,20263.637507366733,14.378616995786041,10.79242488392473,35.167486335008576,2.3983895525407886,0.12013148734805777,0.2,0.07986851265194224
yandun,tcn,mse,43,high,600.0,160.0,0.0,0.2,4.0,0.0,200.5,40.1,160.4,914.0,762.5,8459.784808625924,16754.372720966952,25214.157529592878,10.396077161943897,6.617225679442938,43.32522537333245,1.265314713090766,0.2675058947180137,0.4,0.1324941052819863
yandun,tcn,mse,43,high,600.0,160.0,1000.0,0.0,0.0,0.0,200.5,0.0,0.0,914.0,762.5,31143.881881659403,0.0,31143.881881659403,31.289717778599098,29.048810436120178,0.0,7.722241544720719,0.0,0.0,0.0
yandun,tcn,mse,43,high,600.0,160.0,1000.0,0.05,1.0,0.0,200.5,10.025,10.025,914.0,762.5,26972.544033422648,1278.6231813369513,28251.1672147596,26.823246144274627,24.214801405434073,9.300480665010603,6.765716105363158,0.02,0.025,0.005000000000000001
yandun,tcn,mse,43,high,600.0,160.0,1000.0,0.05,2.0,0.0,200.5,10.025,20.05,914.0,762.5,24067.632209712057,2248.6131809718804,26316.245390683936,24.334545207957397,21.530543133451495,14.473439873310303,5.648182186752627,0.04,0.05,0.010000000000000002
yandun,tcn,mse,43,high,600.0,160.0,1000.0,0.05,4.0,0.0,200.5,10.025,40.1,914.0,762.5,22248.916666390112,4188.593180241738,26437.509846631852,22.41998214931146,19.491199213386874,18.42734685202077,5.193651831360816,0.08,0.1,0.020000000000000004
yandun,tcn,mse,43,high,600.0,160.0,1000.0,0.1,1.0,0.0,200.5,20.05,20.05,914.0,762.5,23826.360509241666,2557.2463626739027,26383.606871915566,23.59926735911063,20.731328080357166,16.007932775251508,5.937589281536848,0.04,0.05,0.010000000000000002
yandun,tcn,mse,43,high,600.0,160.0,1000.0,0.1,2.0,0.0,200.5,20.05,40.1,914.0,762.5,19265.177000607244,4497.226361943761,23762.403362551006,19.81065704119845,16.654976269785795,23.872894903735006,4.093164200129073,0.08,0.1,0.020000000000000004
yandun,tcn,mse,43,high,600.0,160.0,1000.0,0.1,4.0,0.0,200.5,20.05,80.2,914.0,762.5,16347.943294976407,8377.186360483476,24725.12965545988,16.72746384108807,13.360761175224734,30.250303198406346,3.377060322712892,0.134750998715172,0.2,0.06524900128482801
yandun,tcn,mse,43,high,600.0,160.0,1000.0,0.2,1.0,0.0,200.5,40.1,40.1,914.0,762.5,19373.084934802442,5114.492725347805,24487.57766015025,19.26215659393333,16.058780131454153,25.0175914893318,4.596946370176483,0.08,0.1,0.020000000000000004
yandun,tcn,mse,43,high,600.0,160.0,1000.0,0.2,2.0,0.0,200.5,40.1,80.2,914.0,762.5,13667.574336020001,8994.452723887522,22662.027059907527,14.378616995786041,10.79242488392473,35.167486335008576,2.3983895525407886,0.12013148734805777,0.2,0.07986851265194224
yandun,tcn,mse,43,high,600.0,160.0,1000.0,0.2,4.0,0.0,200.5,40.1,160.4,914.0,762.5,9725.09952171669,16754.372720966952,26479.47224268364,10.396077161943897,6.617225679442938,43.32522537333245,1.265314713090766,0.2675058947180137,0.4,0.1324941052819863
yandun,tcn,mse,43,high,600.0,160.0,5000.0,0.0,0.0,0.0,200.5,0.0,0.0,914.0,762.5,62032.84806054229,0.0,62032.84806054229,31.289717778599098,29.048810436120178,0.0,7.722241544720719,0.0,0.0,0.0
yandun,tcn,mse,43,high,600.0,160.0,5000.0,0.05,1.0,0.0,200.5,10.025,10.025,914.0,762.5,54035.40845487528,1278.6231813369513,55314.031636212225,26.823246144274627,24.214801405434073,9.300480665010603,6.765716105363158,0.02,0.025,0.005000000000000001
yandun,tcn,mse,43,high,600.0,160.0,5000.0,0.05,2.0,0.0,200.5,10.025,20.05,914.0,762.5,46660.36095672257,2248.6131809718804,48908.97413769445,24.334545207957397,21.530543133451495,14.473439873310303,5.648182186752627,0.04,0.05,0.010000000000000002
yandun,tcn,mse,43,high,600.0,160.0,5000.0,0.05,4.0,0.0,200.5,10.025,40.1,914.0,762.5,43023.523991833375,4188.593180241738,47212.117172075115,22.41998214931146,19.491199213386874,18.42734685202077,5.193651831360816,0.08,0.1,0.020000000000000004
yandun,tcn,mse,43,high,600.0,160.0,5000.0,0.1,1.0,0.0,200.5,20.05,20.05,914.0,762.5,47576.71763538905,2557.2463626739027,50133.96399806296,23.59926735911063,20.731328080357166,16.007932775251508,5.937589281536848,0.04,0.05,0.010000000000000002
yandun,tcn,mse,43,high,600.0,160.0,5000.0,0.1,2.0,0.0,200.5,20.05,40.1,914.0,762.5,35637.83380112354,4497.226361943761,40135.0601630673,19.81065704119845,16.654976269785795,23.872894903735006,4.093164200129073,0.08,0.1,0.020000000000000004
yandun,tcn,mse,43,high,600.0,160.0,5000.0,0.1,4.0,0.0,200.5,20.05,80.2,914.0,762.5,29856.184585827978,8377.186360483476,38233.37094631146,16.72746384108807,13.360761175224734,30.250303198406346,3.377060322712892,0.134750998715172,0.2,0.06524900128482801
yandun,tcn,mse,43,high,600.0,160.0,5000.0,0.2,1.0,0.0,200.5,40.1,40.1,914.0,762.5,37760.870415508376,5114.492725347805,42875.363140856185,19.26215659393333,16.058780131454153,25.0175914893318,4.596946370176483,0.08,0.1,0.020000000000000004
yandun,tcn,mse,43,high,600.0,160.0,5000.0,0.2,2.0,0.0,200.5,40.1,80.2,914.0,762.5,23261.132546183155,8994.452723887522,32255.585270070675,14.378616995786041,10.79242488392473,35.167486335008576,2.3983895525407886,0.12013148734805777,0.2,0.07986851265194224
yandun,tcn,mse,43,high,600.0,160.0,5000.0,0.2,4.0,0.0,200.5,40.1,160.4,914.0,762.5,14786.358374079755,16754.372720966952,31540.731095046707,10.396077161943897,6.617225679442938,43.32522537333245,1.265314713090766,0.2675058947180137,0.4,0.1324941052819863
yandun,tcn,event_weighted,41,low,150.0,40.0,0.0,0.0,0.0,0.0,200.5,0.0,0.0,914.0,762.5,8259.567262145261,0.0,8259.567262145261,47.84509399386688,27.070079076630734,0.0,8.078302027768101,0.0,0.0,0.0
yandun,tcn,event_weighted,41,low,150.0,40.0,0.0,0.05,1.0,0.0,200.5,10.025,10.025,914.0,762.5,7792.329622321208,1278.6231813369513,9070.95280365816,44.49381415902436,23.448235045381544,6.973123866091706,7.224427056890163,0.02,0.025,0.005000000000000001
yandun,tcn,event_weighted,41,low,150.0,40.0,0.0,0.05,2.0,0.0,200.5,10.025,20.05,914.0,762.5,7518.450834418661,2248.6131809718804,9767.064015390542,42.510920045472496,21.313766798143888,11.090486226881236,5.990510774071363,0.04,0.05,0.010000000000000002
yandun,tcn,event_weighted,41,low,150.0,40.0,0.0,0.05,4.0,0.0,200.5,10.025,40.1,914.0,762.5,7258.060707041542,4188.593180241738,11446.65388728328,40.57880914570522,19.25534913773,15.081014787062331,5.4594174310767425,0.08,0.1,0.020000000000000004
yandun,tcn,event_weighted,41,low,150.0,40.0,0.0,0.1,1.0,0.0,200.5,20.05,20.05,914.0,762.5,7444.880208995344,2557.2463626739027,10002.126571669247,41.99026638863055,20.747838910272254,12.177067771594812,6.453362172733565,0.04,0.05,0.010000000000000002
yandun,tcn,event_weighted,41,low,150.0,40.0,0.0,0.1,2.0,0.0,200.5,20.05,40.1,914.0,762.5,6973.7664395691445,4497.226361943761,11470.992801512904,38.56688048359285,17.068470157173085,19.27982242973176,4.417673332457641,0.08,0.1,0.020000000000000004
yandun,tcn,event_weighted,41,low,150.0,40.0,0.0,0.1,4.0,0.0,200.5,20.05,80.2,914.0,762.5,6583.97854919245,8377.186360483476,14961.164909675927,35.62968157042245,13.959268408480238,25.326223091594922,3.555072516619579,0.16,0.2,0.04000000000000001
yandun,tcn,event_weighted,41,low,150.0,40.0,0.0,0.2,1.0,0.0,200.5,40.1,40.1,914.0,762.5,6910.4454880363155,5114.492725347805,12024.93821338412,38.11876298043745,16.581385914612884,20.215024175447297,5.163475291540275,0.08,0.1,0.020000000000000004
yandun,tcn,event_weighted,41,low,150.0,40.0,0.0,0.2,2.0,0.0,200.5,40.1,80.2,914.0,762.5,6276.655820129923,8994.452723887522,15271.108544017447,33.45478225705687,11.595247415691546,29.86514339774928,2.543141402040059,0.16,0.2,0.04000000000000001
yandun,tcn,event_weighted,41,low,150.0,40.0,0.0,0.2,4.0,0.0,200.5,40.1,160.4,914.0,762.5,5792.009866368818,16754.372720966952,22546.38258733577,29.66758012943065,7.645534895169583,37.60205804589744,1.5746286676927563,0.32,0.4,0.08000000000000002
yandun,tcn,event_weighted,41,low,150.0,40.0,1000.0,0.0,0.0,0.0,200.5,0.0,0.0,914.0,762.5,16337.869289913364,0.0,16337.869289913364,47.84509399386688,27.070079076630734,0.0,8.078302027768101,0.0,0.0,0.0
yandun,tcn,event_weighted,41,low,150.0,40.0,1000.0,0.05,1.0,0.0,200.5,10.025,10.025,914.0,762.5,15016.756679211372,1278.6231813369513,16295.379860548323,44.49381415902436,23.448235045381544,6.973123866091706,7.224427056890163,0.02,0.025,0.005000000000000001
yandun,tcn,event_weighted,41,low,150.0,40.0,1000.0,0.05,2.0,0.0,200.5,10.025,20.05,914.0,762.5,13508.961608490024,2248.6131809718804,15757.574789461905,42.510920045472496,21.313766798143888,11.090486226881236,5.990510774071363,0.04,0.05,0.010000000000000002
yandun,tcn,event_weighted,41,low,150.0,40.0,1000.0,0.05,4.0,0.0,200.5,10.025,40.1,914.0,762.5,12717.478138118286,4188.593180241738,16906.071318360024,40.57880914570522,19.25534913773,15.081014787062331,5.4594174310767425,0.08,0.1,0.020000000000000004
yandun,tcn,event_weighted,41,low,150.0,40.0,1000.0,0.1,1.0,0.0,200.5,20.05,20.05,914.0,762.5,13898.242381728907,2557.2463626739027,16455.48874440281,41.99026638863055,20.747838910272254,12.177067771594812,6.453362172733565,0.04,0.05,0.010000000000000002
yandun,tcn,event_weighted,41,low,150.0,40.0,1000.0,0.1,2.0,0.0,200.5,20.05,40.1,914.0,762.5,11391.439772026784,4497.226361943761,15888.666133970548,38.56688048359285,17.068470157173085,19.27982242973176,4.417673332457641,0.08,0.1,0.020000000000000004
yandun,tcn,event_weighted,41,low,150.0,40.0,1000.0,0.1,4.0,0.0,200.5,20.05,80.2,914.0,762.5,10139.05106581203,8377.186360483476,18516.237426295505,35.62968157042245,13.959268408480238,25.326223091594922,3.555072516619579,0.16,0.2,0.04000000000000001
yandun,tcn,event_weighted,41,low,150.0,40.0,1000.0,0.2,1.0,0.0,200.5,40.1,40.1,914.0,762.5,12073.92077957659,5114.492725347805,17188.413504924396,38.11876298043745,16.581385914612884,20.215024175447297,5.163475291540275,0.08,0.1,0.020000000000000004
yandun,tcn,event_weighted,41,low,150.0,40.0,1000.0,0.2,2.0,0.0,200.5,40.1,80.2,914.0,762.5,8819.797222169982,8994.452723887522,17814.249946057505,33.45478225705687,11.595247415691546,29.86514339774928,2.543141402040059,0.16,0.2,0.04000000000000001
yandun,tcn,event_weighted,41,low,150.0,40.0,1000.0,0.2,4.0,0.0,200.5,40.1,160.4,914.0,762.5,7366.638534061573,16754.372720966952,24121.011255028527,29.66758012943065,7.645534895169583,37.60205804589744,1.5746286676927563,0.32,0.4,0.08000000000000002
yandun,tcn,event_weighted,41,low,150.0,40.0,5000.0,0.0,0.0,0.0,200.5,0.0,0.0,914.0,762.5,48651.07740098577,0.0,48651.07740098577,47.84509399386688,27.070079076630734,0.0,8.078302027768101,0.0,0.0,0.0
yandun,tcn,event_weighted,41,low,150.0,40.0,5000.0,0.05,1.0,0.0,200.5,10.025,10.025,914.0,762.5,43914.464906772024,1278.6231813369513,45193.088088108976,44.49381415902436,23.448235045381544,6.973123866091706,7.224427056890163,0.02,0.025,0.005000000000000001
yandun,tcn,event_weighted,41,low,150.0,40.0,5000.0,0.05,2.0,0.0,200.5,10.025,20.05,914.0,762.5,37471.00470477548,2248.6131809718804,39719.61788574736,42.510920045472496,21.313766798143888,11.090486226881236,5.990510774071363,0.04,0.05,0.010000000000000002
yandun,tcn,event_weighted,41,low,150.0,40.0,5000.0,0.05,4.0,0.0,200.5,10.025,40.1,914.0,762.5,34555.14786242526,4188.593180241738,38743.741042666996,40.57880914570522,19.25534913773,15.081014787062331,5.4594174310767425,0.08,0.1,0.020000000000000004
yandun,tcn,event_weighted,41,low,150.0,40.0,5000.0,0.1,1.0,0.0,200.5,20.05,20.05,914.0,762.5,39711.69107266317,2557.2463626739027,42268.93743533707,41.99026638863055,20.747838910272254,12.177067771594812,6.453362172733565,0.04,0.05,0.010000000000000002
yandun,tcn,event_weighted,41,low,150.0,40.0,5000.0,0.1,2.0,0.0,200.5,20.05,40.1,914.0,762.5,29062.133101857347,4497.226361943761,33559.35946380111,38.56688048359285,17.068470157173085,19.27982242973176,4.417673332457641,0.08,0.1,0.020000000000000004
yandun,tcn,event_weighted,41,low,150.0,40.0,5000.0,0.1,4.0,0.0,200.5,20.05,80.2,914.0,762.5,24359.341132290345,8377.186360483476,32736.527492773817,35.62968157042245,13.959268408480238,25.326223091594922,3.555072516619579,0.16,0.2,0.04000000000000001
yandun,tcn,event_weighted,41,low,150.0,40.0,5000.0,0.2,1.0,0.0,200.5,40.1,40.1,914.0,762.5,32727.82194573769,5114.492725347805,37842.3146710855,38.11876298043745,16.581385914612884,20.215024175447297,5.163475291540275,0.08,0.1,0.020000000000000004
yandun,tcn,event_weighted,41,low,150.0,40.0,5000.0,0.2,2.0,0.0,200.5,40.1,80.2,914.0,762.5,18992.36283033022,8994.452723887522,27986.81555421774,33.45478225705687,11.595247415691546,29.86514339774928,2.543141402040059,0.16,0.2,0.04000000000000001
yandun,tcn,event_weighted,41,low,150.0,40.0,5000.0,0.2,4.0,0.0,200.5,40.1,160.4,914.0,762.5,13665.153204832597,16754.372720966952,30419.52592579955,29.66758012943065,7.645534895169583,37.60205804589744,1.5746286676927563,0.32,0.4,0.08000000000000002
yandun,tcn,event_weighted,41,base,300.0,80.0,0.0,0.0,0.0,0.0,200.5,0.0,0.0,914.0,762.5,16519.134524290523,0.0,16519.134524290523,47.84509399386688,27.070079076630734,0.0,8.078302027768101,0.0,0.0,0.0
yandun,tcn,event_weighted,41,base,300.0,80.0,0.0,0.05,1.0,0.0,200.5,10.025,10.025,914.0,762.5,15404.331147990122,1278.6231813369513,16682.954329327073,44.49381415902436,23.448235045381544,6.973123866091706,7.224427056890163,0.02,0.025,0.005000000000000001
yandun,tcn,event_weighted,41,base,300.0,80.0,0.0,0.05,2.0,0.0,200.5,10.025,20.05,914.0,762.5,14747.63951316529,2248.6131809718804,16996.252694137173,42.510920045472496,21.313766798143888,11.090486226881236,5.990510774071363,0.04,0.05,0.010000000000000002
yandun,tcn,event_weighted,41,base,300.0,80.0,0.0,0.05,4.0,0.0,200.5,10.025,40.1,914.0,762.5,14115.096044406528,4188.593180241738,18303.689224648264,40.57880914570522,19.25534913773,15.081014787062331,5.4594174310767425,0.08,0.1,0.020000000000000004
yandun,tcn,event_weighted,41,base,300.0,80.0,0.0,0.1,1.0,0.0,200.5,20.05,20.05,914.0,762.5,14573.333723700816,2557.2463626739027,17130.58008637472,41.99026638863055,20.747838910272254,12.177067771594812,6.453362172733565,0.04,0.05,0.010000000000000002
yandun,tcn,event_weighted,41,base,300.0,80.0,0.0,0.1,2.0,0.0,200.5,20.05,40.1,914.0,762.5,13441.537318394992,4497.226361943761,17938.763680338754,38.56688048359285,17.068470157173085,19.27982242973176,4.417673332457641,0.08,0.1,0.020000000000000004
yandun,tcn,event_weighted,41,base,300.0,80.0,0.0,0.1,4.0,0.0,200.5,20.05,80.2,914.0,762.5,12486.801521095027,8377.186360483476,20863.9878815785,35.62968157042245,13.959268408480238,25.326223091594922,3.555072516619579,0.16,0.2,0.04000000000000001
yandun,tcn,event_weighted,41,base,300.0,80.0,0.0,0.2,1.0,0.0,200.5,40.1,40.1,914.0,762.5,13291.515371686446,5114.492725347805,18406.008097034253,38.11876298043745,16.581385914612884,20.215024175447297,5.163475291540275,0.08,0.1,0.020000000000000004
yandun,tcn,event_weighted,41,base,300.0,80.0,0.0,0.2,2.0,0.0,200.5,40.1,80.2,914.0,762.5,11758.683055316116,8994.452723887522,20753.13577920364,33.45478225705687,11.595247415691546,29.86514339774928,2.543141402040059,0.16,0.2,0.04000000000000001
yandun,tcn,event_weighted,41,base,300.0,80.0,0.0,0.2,4.0,0.0,200.5,40.1,160.4,914.0,762.5,10547.968281590198,16754.372720966952,27302.341002557147,29.66758012943065,7.645534895169583,37.60205804589744,1.5746286676927563,0.32,0.4,0.08000000000000002
yandun,tcn,event_weighted,41,base,300.0,80.0,1000.0,0.0,0.0,0.0,200.5,0.0,0.0,914.0,762.5,24597.436552058625,0.0,24597.436552058625,47.84509399386688,27.070079076630734,0.0,8.078302027768101,0.0,0.0,0.0
yandun,tcn,event_weighted,41,base,300.0,80.0,1000.0,0.05,1.0,0.0,200.5,10.025,10.025,914.0,762.5,22628.758204880283,1278.6231813369513,23907.381386217236,44.49381415902436,23.448235045381544,6.973123866091706,7.224427056890163,0.02,0.025,0.005000000000000001
yandun,tcn,event_weighted,41,base,300.0,80.0,1000.0,0.05,2.0,0.0,200.5,10.025,20.05,914.0,762.5,20738.150287236655,2248.6131809718804,22986.763468208534,42.510920045472496,21.313766798143888,11.090486226881236,5.990510774071363,0.04,0.05,0.010000000000000002
yandun,tcn,event_weighted,41,base,300.0,80.0,1000.0,0.05,4.0,0.0,200.5,10.025,40.1,914.0,762.5,19574.51347548327,4188.593180241738,23763.106655725005,40.57880914570522,19.25534913773,15.081014787062331,5.4594174310767425,0.08,0.1,0.020000000000000004
yandun,tcn,event_weighted,41,base,300.0,80.0,1000.0,0.1,1.0,0.0,200.5,20.05,20.05,914.0,762.5,21026.695896434383,2557.2463626739027,23583.942259108284,41.99026638863055,20.747838910272254,12.177067771594812,6.453362172733565,0.04,0.05,0.010000000000000002
yandun,tcn,event_weighted,41,base,300.0,80.0,1000.0,0.1,2.0,0.0,200.5,20.05,40.1,914.0,762.5,17859.210650852634,4497.226361943761,22356.437012796396,38.56688048359285,17.068470157173085,19.27982242973176,4.417673332457641,0.08,0.1,0.020000000000000004
yandun,tcn,event_weighted,41,base,300.0,80.0,1000.0,0.1,4.0,0.0,200.5,20.05,80.2,914.0,762.5,16041.874037714606,8377.186360483476,24419.06039819808,35.62968157042245,13.959268408480238,25.326223091594922,3.555072516619579,0.16,0.2,0.04000000000000001
yandun,tcn,event_weighted,41,base,300.0,80.0,1000.0,0.2,1.0,0.0,200.5,40.1,40.1,914.0,762.5,18454.990663226723,5114.492725347805,23569.48338857453,38.11876298043745,16.581385914612884,20.215024175447297,5.163475291540275,0.08,0.1,0.020000000000000004
yandun,tcn,event_weighted,41,base,300.0,80.0,1000.0,0.2,2.0,0.0,200.5,40.1,80.2,914.0,762.5,14301.824457356177,8994.452723887522,23296.277181243695,33.45478225705687,11.595247415691546,29.86514339774928,2.543141402040059,0.16,0.2,0.04000000000000001
yandun,tcn,event_weighted,41,base,300.0,80.0,1000.0,0.2,4.0,0.0,200.5,40.1,160.4,914.0,762.5,12122.596949282955,16754.372720966952,28876.969670249906,29.66758012943065,7.645534895169583,37.60205804589744,1.5746286676927563,0.32,0.4,0.08000000000000002
yandun,tcn,event_weighted,41,base,300.0,80.0,5000.0,0.0,0.0,0.0,200.5,0.0,0.0,914.0,762.5,56910.644663131025,0.0,56910.644663131025,47.84509399386688,27.070079076630734,0.0,8.078302027768101,0.0,0.0,0.0
yandun,tcn,event_weighted,41,base,300.0,80.0,5000.0,0.05,1.0,0.0,200.5,10.025,10.025,914.0,762.5,51526.466432440946,1278.6231813369513,52805.08961377789,44.49381415902436,23.448235045381544,6.973123866091706,7.224427056890163,0.02,0.025,0.005000000000000001
yandun,tcn,event_weighted,41,base,300.0,80.0,5000.0,0.05,2.0,0.0,200.5,10.025,20.05,914.0,762.5,44700.193383522106,2248.6131809718804,46948.80656449399,42.510920045472496,21.313766798143888,11.090486226881236,5.990510774071363,0.04,0.05,0.010000000000000002
yandun,tcn,event_weighted,41,base,300.0,80.0,5000.0,0.05,4.0,0.0,200.5,10.025,40.1,914.0,762.5,41412.18319979024,4188.593180241738,45600.77638003199,40.57880914570522,19.25534913773,15.081014787062331,5.4594174310767425,0.08,0.1,0.020000000000000004
yandun,tcn,event_weighted,41,base,300.0,80.0,5000.0,0.1,1.0,0.0,200.5,20.05,20.05,914.0,762.5,46840.14458736864,2557.2463626739027,49397.39095004254,41.99026638863055,20.747838910272254,12.177067771594812,6.453362172733565,0.04,0.05,0.010000000000000002
yandun,tcn,event_weighted,41,base,300.0,80.0,5000.0,0.1,2.0,0.0,200.5,20.05,40.1,914.0,762.5,35529.9039806832,4497.226361943761,40027.130342626966,38.56688048359285,17.068470157173085,19.27982242973176,4.417673332457641,0.08,0.1,0.020000000000000004
yandun,tcn,event_weighted,41,base,300.0,80.0,5000.0,0.1,4.0,0.0,200.5,20.05,80.2,914.0,762.5,30262.164104192918,8377.186360483476,38639.35046467639,35.62968157042245,13.959268408480238,25.326223091594922,3.555072516619579,0.16,0.2,0.04000000000000001
yandun,tcn,event_weighted,41,base,300.0,80.0,5000.0,0.2,1.0,0.0,200.5,40.1,40.1,914.0,762.5,39108.89182938782,5114.492725347805,44223.38455473563,38.11876298043745,16.581385914612884,20.215024175447297,5.163475291540275,0.08,0.1,0.020000000000000004
yandun,tcn,event_weighted,41,base,300.0,80.0,5000.0,0.2,2.0,0.0,200.5,40.1,80.2,914.0,762.5,24474.390065516414,8994.452723887522,33468.842789403934,33.45478225705687,11.595247415691546,29.86514339774928,2.543141402040059,0.16,0.2,0.04000000000000001
yandun,tcn,event_weighted,41,base,300.0,80.0,5000.0,0.2,4.0,0.0,200.5,40.1,160.4,914.0,762.5,18421.11162005398,16754.372720966952,35175.48434102093,29.66758012943065,7.645534895169583,37.60205804589744,1.5746286676927563,0.32,0.4,0.08000000000000002
yandun,tcn,event_weighted,41,high,600.0,160.0,0.0,0.0,0.0,0.0,200.5,0.0,0.0,914.0,762.5,33038.269048581045,0.0,33038.269048581045,47.84509399386688,27.070079076630734,0.0,8.078302027768101,0.0,0.0,0.0
yandun,tcn,event_weighted,41,high,600.0,160.0,0.0,0.05,1.0,0.0,200.5,10.025,10.025,914.0,762.5,30628.334199327954,1278.6231813369513,31906.957380664906,44.49381415902436,23.448235045381544,6.973123866091706,7.224427056890163,0.02,0.025,0.005000000000000001
yandun,tcn,event_weighted,41,high,600.0,160.0,0.0,0.05,2.0,0.0,200.5,10.025,20.05,914.0,762.5,29206.016870658546,2248.6131809718804,31454.630051630425,42.510920045472496,21.313766798143888,11.090486226881236,5.990510774071363,0.04,0.05,0.010000000000000002
yandun,tcn,event_weighted,41,high,600.0,160.0,0.0,0.05,4.0,0.0,200.5,10.025,40.1,914.0,762.5,27829.166719136494,4188.593180241738,32017.75989937823,40.57880914570522,19.25534913773,15.081014787062331,5.4594174310767425,0.08,0.1,0.020000000000000004
yandun,tcn,event_weighted,41,high,600.0,160.0,0.0,0.1,1.0,0.0,200.5,20.05,20.05,914.0,762.5,28830.240753111768,2557.2463626739027,31387.48711578567,41.99026638863055,20.747838910272254,12.177067771594812,6.453362172733565,0.04,0.05,0.010000000000000002
yandun,tcn,event_weighted,41,high,600.0,160.0,0.0,0.1,2.0,0.0,200.5,20.05,40.1,914.0,762.5,26377.079076046695,4497.226361943761,30874.305437990457,38.56688048359285,17.068470157173085,19.27982242973176,4.417673332457641,0.08,0.1,0.020000000000000004
yandun,tcn,event_weighted,41,high,600.0,160.0,0.0,0.1,4.0,0.0,200.5,20.05,80.2,914.0,762.5,24292.447464900186,8377.186360483476,32669.633825383662,35.62968157042245,13.959268408480238,25.326223091594922,3.555072516619579,0.16,0.2,0.04000000000000001
yandun,tcn,event_weighted,41,high,600.0,160.0,0.0,0.2,1.0,0.0,200.5,40.1,40.1,914.0,762.5,26053.655138986716,5114.492725347805,31168.14786433452,38.11876298043745,16.581385914612884,20.215024175447297,5.163475291540275,0.08,0.1,0.020000000000000004
yandun,tcn,event_weighted,41,high,600.0,160.0,0.0,0.2,2.0,0.0,200.5,40.1,80.2,914.0,762.5,22722.7375256885,8994.452723887522,31717.190249576022,33.45478225705687,11.595247415691546,29.86514339774928,2.543141402040059,0.16,0.2,0.04000000000000001
yandun,tcn,event_weighted,41,high,600.0,160.0,0.0,0.2,4.0,0.0,200.5,40.1,160.4,914.0,762.5,20059.88511203296,16754.372720966952,36814.25783299991,29.66758012943065,7.645534895169583,37.60205804589744,1.5746286676927563,0.32,0.4,0.08000000000000002
yandun,tcn,event_weighted,41,high,600.0,160.0,1000.0,0.0,0.0,0.0,200.5,0.0,0.0,914.0,762.5,41116.57107634915,0.0,41116.57107634915,47.84509399386688,27.070079076630734,0.0,8.078302027768101,0.0,0.0,0.0
yandun,tcn,event_weighted,41,high,600.0,160.0,1000.0,0.05,1.0,0.0,200.5,10.025,10.025,914.0,762.5,37852.76125621812,1278.6231813369513,39131.38443755507,44.49381415902436,23.448235045381544,6.973123866091706,7.224427056890163,0.02,0.025,0.005000000000000001
yandun,tcn,event_weighted,41,high,600.0,160.0,1000.0,0.05,2.0,0.0,200.5,10.025,20.05,914.0,762.5,35196.52764472991,2248.6131809718804,37445.14082570179,42.510920045472496,21.313766798143888,11.090486226881236,5.990510774071363,0.04,0.05,0.010000000000000002
yandun,tcn,event_weighted,41,high,600.0,160.0,1000.0,0.05,4.0,0.0,200.5,10.025,40.1,914.0,762.5,33288.58415021324,4188.593180241738,37477.17733045497,40.57880914570522,19.25534913773,15.081014787062331,5.4594174310767425,0.08,0.1,0.020000000000000004
yandun,tcn,event_weighted,41,high,600.0,160.0,1000.0,0.1,1.0,0.0,200.5,20.05,20.05,914.0,762.5,35283.602925845335,2557.2463626739027,37840.84928851923,41.99026638863055,20.747838910272254,12.177067771594812,6.453362172733565,0.04,0.05,0.010000000000000002
yandun,tcn,event_weighted,41,high,600.0,160.0,1000.0,0.1,2.0,0.0,200.5,20.05,40.1,914.0,762.5,30794.752408504337,4497.226361943761,35291.9787704481,38.56688048359285,17.068470157173085,19.27982242973176,4.417673332457641,0.08,0.1,0.020000000000000004
yandun,tcn,event_weighted,41,high,600.0,160.0,1000.0,0.1,4.0,0.0,200.5,20.05,80.2,914.0,762.5,27847.519981519763,8377.186360483476,36224.706342003235,35.62968157042245,13.959268408480238,25.326223091594922,3.555072516619579,0.16,0.2,0.04000000000000001
yandun,tcn,event_weighted,41,high,600.0,160.0,1000.0,0.2,1.0,0.0,200.5,40.1,40.1,914.0,762.5,31217.13043052699,5114.492725347805,36331.6231558748,38.11876298043745,16.581385914612884,20.215024175447297,5.163475291540275,0.08,0.1,0.020000000000000004
yandun,tcn,event_weighted,41,high,600.0,160.0,1000.0,0.2,2.0,0.0,200.5,40.1,80.2,914.0,762.5,25265.878927728558,8994.452723887522,34260.33165161608,33.45478225705687,11.595247415691546,29.86514339774928,2.543141402040059,0.16,0.2,0.04000000000000001
yandun,tcn,event_weighted,41,high,600.0,160.0,1000.0,0.2,4.0,0.0,200.5,40.1,160.4,914.0,762.5,21634.513779725716,16754.372720966952,38388.88650069267,29.66758012943065,7.645534895169583,37.60205804589744,1.5746286676927563,0.32,0.4,0.08000000000000002
yandun,tcn,event_weighted,41,high,600.0,160.0,5000.0,0.0,0.0,0.0,200.5,0.0,0.0,914.0,762.5,73429.77918742155,0.0,73429.77918742155,47.84509399386688,27.070079076630734,0.0,8.078302027768101,0.0,0.0,0.0
yandun,tcn,event_weighted,41,high,600.0,160.0,5000.0,0.05,1.0,0.0,200.5,10.025,10.025,914.0,762.5,66750.46948377877,1278.6231813369513,68029.09266511572,44.49381415902436,23.448235045381544,6.973123866091706,7.224427056890163,0.02,0.025,0.005000000000000001
yandun,tcn,event_weighted,41,high,600.0,160.0,5000.0,0.05,2.0,0.0,200.5,10.025,20.05,914.0,762.5,59158.57074101537,2248.6131809718804,61407.18392198725,42.510920045472496,21.313766798143888,11.090486226881236,5.990510774071363,0.04,0.05,0.010000000000000002
yandun,tcn,event_weighted,41,high,600.0,160.0,5000.0,0.05,4.0,0.0,200.5,10.025,40.1,914.0,762.5,55126.253874520204,4188.593180241738,59314.84705476194,40.57880914570522,19.25534913773,15.081014787062331,5.4594174310767425,0.08,0.1,0.020000000000000004
yandun,tcn,event_weighted,41,high,600.0,160.0,5000.0,0.1,1.0,0.0,200.5,20.05,20.05,914.0,762.5,61097.05161677959,2557.2463626739027,63654.29797945349,41.99026638863055,20.747838910272254,12.177067771594812,6.453362172733565,0.04,0.05,0.010000000000000002
yandun,tcn,event_weighted,41,high,600.0,160.0,5000.0,0.1,2.0,0.0,200.5,20.05,40.1,914.0,762.5,48465.44573833491,4497.226361943761,52962.672100278665,38.56688048359285,17.068470157173085,19.27982242973176,4.417673332457641,0.08,0.1,0.020000000000000004
yandun,tcn,event_weighted,41,high,600.0,160.0,5000.0,0.1,4.0,0.0,200.5,20.05,80.2,914.0,762.5,42067.81004799808,8377.186360483476,50444.99640848155,35.62968157042245,13.959268408480238,25.326223091594922,3.555072516619579,0.16,0.2,0.04000000000000001
yandun,tcn,event_weighted,41,high,600.0,160.0,5000.0,0.2,1.0,0.0,200.5,40.1,40.1,914.0,762.5,51871.031596688095,5114.492725347805,56985.524322035904,38.11876298043745,16.581385914612884,20.215024175447297,5.163475291540275,0.08,0.1,0.020000000000000004
yandun,tcn,event_weighted,41,high,600.0,160.0,5000.0,0.2,2.0,0.0,200.5,40.1,80.2,914.0,762.5,35438.4445358888,8994.452723887522,44432.89725977632,33.45478225705687,11.595247415691546,29.86514339774928,2.543141402040059,0.16,0.2,0.04000000000000001
yandun,tcn,event_weighted,41,high,600.0,160.0,5000.0,0.2,4.0,0.0,200.5,40.1,160.4,914.0,762.5,27933.028450496742,16754.372720966952,44687.401171463694,29.66758012943065,7.645534895169583,37.60205804589744,1.5746286676927563,0.32,0.4,0.08000000000000002
yandun,tcn,event_weighted,42,low,150.0,40.0,0.0,0.0,0.0,0.0,200.5,0.0,0.0,914.0,762.5,8185.35147501356,0.0,8185.35147501356,47.57167588973223,26.240002288843197,0.0,7.490869641957431,0.0,0.0,0.0
yandun,tcn,event_weighted,42,low,150.0,40.0,0.0,0.05,1.0,0.0,200.5,10.025,10.025,914.0,762.5,7718.911723904504,1278.6231813369513,8997.534905241455,44.226042651949655,22.624295863094027,6.9613396635317395,6.6164918279195835,0.02,0.025,0.005000000000000001
yandun,tcn,event_weighted,42,low,150.0,40.0,0.0,0.05,2.0,0.0,200.5,10.025,20.05,914.0,762.5,7452.452475250666,2248.6131809718804,9701.065656222547,42.29565604692713,20.546900994692614,10.969121136955696,5.5023272439839985,0.04,0.05,0.010000000000000002
yandun,tcn,event_weighted,42,low,150.0,40.0,0.0,0.05,4.0,0.0,200.5,10.025,40.1,914.0,762.5,7188.7227498993925,4188.593180241738,11377.31593014113,40.33991106918892,18.462794119092976,15.008972990293408,5.025259356382402,0.08,0.1,0.020000000000000004
yandun,tcn,event_weighted,42,low,150.0,40.0,0.0,0.1,1.0,0.0,200.5,20.05,20.05,914.0,762.5,7390.017668204835,2557.2463626739027,9947.264030878738,41.85380972014124,20.066633248186225,11.891235210247943,5.832509628604261,0.04,0.05,0.010000000000000002
yandun,tcn,event_weighted,42,low,150.0,40.0,0.0,0.1,2.0,0.0,200.5,20.05,40.1,914.0,762.5,6930.154391511432,4497.226361943761,11427.38075345519,38.51004268675102,16.47380674687784,18.8278287449466,3.96946808317256,0.08,0.1,0.020000000000000004
yandun,tcn,event_weighted,42,low,150.0,40.0,0.0,0.1,4.0,0.0,200.5,20.05,80.2,914.0,762.5,6518.736383141945,8377.186360483476,14895.92274362542,35.41976909240086,13.198219475163546,25.193689611010964,3.25543724978738,0.16,0.2,0.04000000000000001
yandun,tcn,event_weighted,42,low,150.0,40.0,0.0,0.2,1.0,0.0,200.5,40.1,40.1,914.0,762.5,6872.279514769763,5114.492725347805,11986.772240117569,38.10046663596383,16.028615387326543,19.68259615528504,4.561364778898291,0.08,0.1,0.020000000000000004
yandun,tcn,event_weighted,42,low,150.0,40.0,0.0,0.2,2.0,0.0,200.5,40.1,80.2,914.0,762.5,6214.72914124328,8994.452723887522,15209.1818651308,33.268333226656445,10.859702229789173,29.683642722129807,2.299224410370208,0.16,0.2,0.04000000000000001
yandun,tcn,event_weighted,42,low,150.0,40.0,0.0,0.2,4.0,0.0,200.5,40.1,160.4,914.0,762.5,5729.368634268809,16754.372720966952,22483.74135523576,29.47607426090487,6.9044931460874865,37.43111077158311,1.3773757337710113,0.32,0.4,0.08000000000000002
yandun,tcn,event_weighted,42,low,150.0,40.0,1000.0,0.0,0.0,0.0,200.5,0.0,0.0,914.0,762.5,15676.221116970992,0.0,15676.221116970992,47.57167588973223,26.240002288843197,0.0,7.490869641957431,0.0,0.0,0.0
yandun,tcn,event_weighted,42,low,150.0,40.0,1000.0,0.05,1.0,0.0,200.5,10.025,10.025,914.0,762.5,14335.403551824087,1278.6231813369513,15614.02673316104,44.226042651949655,22.624295863094027,6.9613396635317395,6.6164918279195835,0.02,0.025,0.005000000000000001
yandun,tcn,event_weighted,42,low,150.0,40.0,1000.0,0.05,2.0,0.0,200.5,10.025,20.05,914.0,762.5,12954.779719234664,2248.6131809718804,15203.392900206545,42.29565604692713,20.546900994692614,10.969121136955696,5.5023272439839985,0.04,0.05,0.010000000000000002
yandun,tcn,event_weighted,42,low,150.0,40.0,1000.0,0.05,4.0,0.0,200.5,10.025,40.1,914.0,762.5,12213.982106281795,4188.593180241738,16402.575286523534,40.33991106918892,18.462794119092976,15.008972990293408,5.025259356382402,0.08,0.1,0.020000000000000004
yandun,tcn,event_weighted,42,low,150.0,40.0,1000.0,0.1,1.0,0.0,200.5,20.05,20.05,914.0,762.5,13222.527296809096,2557.2463626739027,15779.773659483,41.85380972014124,20.066633248186225,11.891235210247943,5.832509628604261,0.04,0.05,0.010000000000000002
yandun,tcn,event_weighted,42,low,150.0,40.0,1000.0,0.1,2.0,0.0,200.5,20.05,40.1,914.0,762.5,10899.622474683993,4497.226361943761,15396.848836627754,38.51004268675102,16.47380674687784,18.8278287449466,3.96946808317256,0.08,0.1,0.020000000000000004
yandun,tcn,event_weighted,42,low,150.0,40.0,1000.0,0.1,4.0,0.0,200.5,20.05,80.2,914.0,762.5,9774.173632929325,8377.186360483476,18151.3599934128,35.41976909240086,13.198219475163546,25.193689611010964,3.25543724978738,0.16,0.2,0.04000000000000001
yandun,tcn,event_weighted,42,low,150.0,40.0,1000.0,0.2,1.0,0.0,200.5,40.1,40.1,914.0,762.5,11433.644293668056,5114.492725347805,16548.13701901586,38.10046663596383,16.028615387326543,19.68259615528504,4.561364778898291,0.08,0.1,0.020000000000000004
yandun,tcn,event_weighted,42,low,150.0,40.0,1000.0,0.2,2.0,0.0,200.5,40.1,80.2,914.0,762.5,8513.953551613487,8994.452723887522,17508.40627550101,33.268333226656445,10.859702229789173,29.683642722129807,2.299224410370208,0.16,0.2,0.04000000000000001
yandun,tcn,event_weighted,42,low,150.0,40.0,1000.0,0.2,4.0,0.0,200.5,40.1,160.4,914.0,762.5,7106.744368039819,16754.372720966952,23861.11708900677,29.47607426090487,6.9044931460874865,37.43111077158311,1.3773757337710113,0.32,0.4,0.08000000000000002
yandun,tcn,event_weighted,42,low,150.0,40.0,5000.0,0.0,0.0,0.0,200.5,0.0,0.0,914.0,762.5,45639.69968480072,0.0,45639.69968480072,47.57167588973223,26.240002288843197,0.0,7.490869641957431,0.0,0.0,0.0
yandun,tcn,event_weighted,42,low,150.0,40.0,5000.0,0.05,1.0,0.0,200.5,10.025,10.025,914.0,762.5,40801.370863502416,1278.6231813369513,42079.99404483937,44.226042651949655,22.624295863094027,6.9613396635317395,6.6164918279195835,0.02,0.025,0.005000000000000001
yandun,tcn,event_weighted,42,low,150.0,40.0,5000.0,0.05,2.0,0.0,200.5,10.025,20.05,914.0,762.5,34964.088695170656,2248.6131809718804,37212.701876142535,42.29565604692713,20.546900994692614,10.969121136955696,5.5023272439839985,0.04,0.05,0.010000000000000002
yandun,tcn,event_weighted,42,low,150.0,40.0,5000.0,0.05,4.0,0.0,200.5,10.025,40.1,914.0,762.5,32315.019531811406,4188.593180241738,36503.61271205314,40.33991106918892,18.462794119092976,15.008972990293408,5.025259356382402,0.08,0.1,0.020000000000000004
yandun,tcn,event_weighted,42,low,150.0,40.0,5000.0,0.1,1.0,0.0,200.5,20.05,20.05,914.0,762.5,36552.56581122614,2557.2463626739027,39109.81217390004,41.85380972014124,20.066633248186225,11.891235210247943,5.832509628604261,0.04,0.05,0.010000000000000002
yandun,tcn,event_weighted,42,low,150.0,40.0,5000.0,0.1,2.0,0.0,200.5,20.05,40.1,914.0,762.5,26777.494807374234,4497.226361943761,31274.721169317996,38.51004268675102,16.47380674687784,18.8278287449466,3.96946808317256,0.08,0.1,0.020000000000000004
yandun,tcn,event_weighted,42,low,150.0,40.0,5000.0,0.1,4.0,0.0,200.5,20.05,80.2,914.0,762.5,22795.922632078848,8377.186360483476,31173.10899256232,35.41976909240086,13.198219475163546,25.193689611010964,3.25543724978738,0.16,0.2,0.04000000000000001
yandun,tcn,event_weighted,42,low,150.0,40.0,5000.0,0.2,1.0,0.0,200.5,40.1,40.1,914.0,762.5,29679.103409261217,5114.492725347805,34793.596134609026,38.10046663596383,16.028615387326543,19.68259615528504,4.561364778898291,0.08,0.1,0.020000000000000004
yandun,tcn,event_weighted,42,low,150.0,40.0,5000.0,0.2,2.0,0.0,200.5,40.1,80.2,914.0,762.5,17710.85119309432,8994.452723887522,26705.30391698184,33.268333226656445,10.859702229789173,29.683642722129807,2.299224410370208,0.16,0.2,0.04000000000000001
yandun,tcn,event_weighted,42,low,150.0,40.0,5000.0,0.2,4.0,0.0,200.5,40.1,160.4,914.0,762.5,12616.247303123864,16754.372720966952,29370.620024090815,29.47607426090487,6.9044931460874865,37.43111077158311,1.3773757337710113,0.32,0.4,0.08000000000000002
yandun,tcn,event_weighted,42,base,300.0,80.0,0.0,0.0,0.0,0.0,200.5,0.0,0.0,914.0,762.5,16370.70295002712,0.0,16370.70295002712,47.57167588973223,26.240002288843197,0.0,7.490869641957431,0.0,0.0,0.0
yandun,tcn,event_weighted,42,base,300.0,80.0,0.0,0.05,1.0,0.0,200.5,10.025,10.025,914.0,762.5,15257.789956220711,1278.6231813369513,16536.41313755766,44.226042651949655,22.624295863094027,6.9613396635317395,6.6164918279195835,0.02,0.025,0.005000000000000001
yandun,tcn,event_weighted,42,base,300.0,80.0,0.0,0.05,2.0,0.0,200.5,10.025,20.05,914.0,762.5,14618.676922077439,2248.6131809718804,16867.29010304932,42.29565604692713,20.546900994692614,10.969121136955696,5.5023272439839985,0.04,0.05,0.010000000000000002
yandun,tcn,event_weighted,42,base,300.0,80.0,0.0,0.05,4.0,0.0,200.5,10.025,40.1,914.0,762.5,13978.22117504145,4188.593180241738,18166.814355283186,40.33991106918892,18.462794119092976,15.008972990293408,5.025259356382402,0.08,0.1,0.020000000000000004
yandun,tcn,event_weighted,42,base,300.0,80.0,0.0,0.1,1.0,0.0,200.5,20.05,20.05,914.0,762.5,14470.754456153472,2557.2463626739027,17028.000818827375,41.85380972014124,20.066633248186225,11.891235210247943,5.832509628604261,0.04,0.05,0.010000000000000002
yandun,tcn,event_weighted,42,base,300.0,80.0,0.0,0.1,2.0,0.0,200.5,20.05,40.1,914.0,762.5,13365.613064399198,4497.226361943761,17862.839426342958,38.51004268675102,16.47380674687784,18.8278287449466,3.96946808317256,0.08,0.1,0.020000000000000004
yandun,tcn,event_weighted,42,base,300.0,80.0,0.0,0.1,4.0,0.0,200.5,20.05,80.2,914.0,762.5,12359.630526008616,8377.186360483476,20736.81688649209,35.41976909240086,13.198219475163546,25.193689611010964,3.25543724978738,0.16,0.2,0.04000000000000001
yandun,tcn,event_weighted,42,base,300.0,80.0,0.0,0.2,1.0,0.0,200.5,40.1,40.1,914.0,762.5,13228.494125657402,5114.492725347805,18342.986851005207,38.10046663596383,16.028615387326543,19.68259615528504,4.561364778898291,0.08,0.1,0.020000000000000004
yandun,tcn,event_weighted,42,base,300.0,80.0,0.0,0.2,2.0,0.0,200.5,40.1,80.2,914.0,762.5,11639.367214433312,8994.452723887522,20633.819938320834,33.268333226656445,10.859702229789173,29.683642722129807,2.299224410370208,0.16,0.2,0.04000000000000001
yandun,tcn,event_weighted,42,base,300.0,80.0,0.0,0.2,4.0,0.0,200.5,40.1,160.4,914.0,762.5,10426.959499248038,16754.372720966952,27181.332220214987,29.47607426090487,6.9044931460874865,37.43111077158311,1.3773757337710113,0.32,0.4,0.08000000000000002
yandun,tcn,event_weighted,42,base,300.0,80.0,1000.0,0.0,0.0,0.0,200.5,0.0,0.0,914.0,762.5,23861.57259198455,0.0,23861.57259198455,47.57167588973223,26.240002288843197,0.0,7.490869641957431,0.0,0.0,0.0
yandun,tcn,event_weighted,42,base,300.0,80.0,1000.0,0.05,1.0,0.0,200.5,10.025,10.025,914.0,762.5,21874.281784140294,1278.6231813369513,23152.904965477246,44.226042651949655,22.624295863094027,6.9613396635317395,6.6164918279195835,0.02,0.025,0.005000000000000001
yandun,tcn,event_weighted,42,base,300.0,80.0,1000.0,0.05,2.0,0.0,200.5,10.025,20.05,914.0,762.5,20121.004166061437,2248.6131809718804,22369.61734703332,42.29565604692713,20.546900994692614,10.969121136955696,5.5023272439839985,0.04,0.05,0.010000000000000002
yandun,tcn,event_weighted,42,base,300.0,80.0,1000.0,0.05,4.0,0.0,200.5,10.025,40.1,914.0,762.5,19003.48053142385,4188.593180241738,23192.073711665587,40.33991106918892,18.462794119092976,15.008972990293408,5.025259356382402,0.08,0.1,0.020000000000000004
yandun,tcn,event_weighted,42,base,300.0,80.0,1000.0,0.1,1.0,0.0,200.5,20.05,20.05,914.0,762.5,20303.26408475773,2557.2463626739027,22860.510447431636,41.85380972014124,20.066633248186225,11.891235210247943,5.832509628604261,0.04,0.05,0.010000000000000002
yandun,tcn,event_weighted,42,base,300.0,80.0,1000.0,0.1,2.0,0.0,200.5,20.05,40.1,914.0,762.5,17335.08114757176,4497.226361943761,21832.307509515518,38.51004268675102,16.47380674687784,18.8278287449466,3.96946808317256,0.08,0.1,0.020000000000000004
yandun,tcn,event_weighted,42,base,300.0,80.0,1000.0,0.1,4.0,0.0,200.5,20.05,80.2,914.0,762.5,15615.067775795997,8377.186360483476,23992.254136279473,35.41976909240086,13.198219475163546,25.193689611010964,3.25543724978738,0.16,0.2,0.04000000000000001
yandun,tcn,event_weighted,42,base,300.0,80.0,1000.0,0.2,1.0,0.0,200.5,40.1,40.1,914.0,762.5,17789.858904555695,5114.492725347805,22904.3516299035,38.10046663596383,16.028615387326543,19.68259615528504,4.561364778898291,0.08,0.1,0.020000000000000004
yandun,tcn,event_weighted,42,base,300.0,80.0,1000.0,0.2,2.0,0.0,200.5,40.1,80.2,914.0,762.5,13938.591624803521,8994.452723887522,22933.04434869104,33.268333226656445,10.859702229789173,29.683642722129807,2.299224410370208,0.16,0.2,0.04000000000000001
yandun,tcn,event_weighted,42,base,300.0,80.0,1000.0,0.2,4.0,0.0,200.5,40.1,160.4,914.0,762.5,11804.33523301905,16754.372720966952,28558.707953986002,29.47607426090487,6.9044931460874865,37.43111077158311,1.3773757337710113,0.32,0.4,0.08000000000000002
yandun,tcn,event_weighted,42,base,300.0,80.0,5000.0,0.0,0.0,0.0,200.5,0.0,0.0,914.0,762.5,53825.05115981428,0.0,53825.05115981428,47.57167588973223,26.240002288843197,0.0,7.490869641957431,0.0,0.0,0.0
yandun,tcn,event_weighted,42,base,300.0,80.0,5000.0,0.05,1.0,0.0,200.5,10.025,10.025,914.0,762.5,48340.249095818624,1278.6231813369513,49618.87227715558,44.226042651949655,22.624295863094027,6.9613396635317395,6.6164918279195835,0.02,0.025,0.005000000000000001
yandun,tcn,event_weighted,42,base,300.0,80.0,5000.0,0.05,2.0,0.0,200.5,10.025,20.05,914.0,762.5,42130.31314199743,2248.6131809718804,44378.92632296931,42.29565604692713,20.546900994692614,10.969121136955696,5.5023272439839985,0.04,0.05,0.010000000000000002
yandun,tcn,event_weighted,42,base,300.0,80.0,5000.0,0.05,4.0,0.0,200.5,10.025,40.1,914.0,762.5,39104.51795695346,4188.593180241738,43293.11113719519,40.33991106918892,18.462794119092976,15.008972990293408,5.025259356382402,0.08,0.1,0.020000000000000004
yandun,tcn,event_weighted,42,base,300.0,80.0,5000.0,0.1,1.0,0.0,200.5,20.05,20.05,914.0,762.5,43633.30259917478,2557.2463626739027,46190.54896184868,41.85380972014124,20.066633248186225,11.891235210247943,5.832509628604261,0.04,0.05,0.010000000000000002
yandun,tcn,event_weighted,42,base,300.0,80.0,5000.0,0.1,2.0,0.0,200.5,20.05,40.1,914.0,762.5,33212.953480262,4497.226361943761,37710.17984220576,38.51004268675102,16.47380674687784,18.8278287449466,3.96946808317256,0.08,0.1,0.020000000000000004
yandun,tcn,event_weighted,42,base,300.0,80.0,5000.0,0.1,4.0,0.0,200.5,20.05,80.2,914.0,762.5,28636.816774945517,8377.186360483476,37014.003135429,35.41976909240086,13.198219475163546,25.193689611010964,3.25543724978738,0.16,0.2,0.04000000000000001
yandun,tcn,event_weighted,42,base,300.0,80.0,5000.0,0.2,1.0,0.0,200.5,40.1,40.1,914.0,762.5,36035.31802014886,5114.492725347805,41149.81074549667,38.10046663596383,16.028615387326543,19.68259615528504,4.561364778898291,0.08,0.1,0.020000000000000004
yandun,tcn,event_weighted,42,base,300.0,80.0,5000.0,0.2,2.0,0.0,200.5,40.1,80.2,914.0,762.5,23135.489266284352,8994.452723887522,32129.941990171872,33.268333226656445,10.859702229789173,29.683642722129807,2.299224410370208,0.16,0.2,0.04000000000000001
yandun,tcn,event_weighted,42,base,300.0,80.0,5000.0,0.2,4.0,0.0,200.5,40.1,160.4,914.0,762.5,17313.838168103095,16754.372720966952,34068.21088907005,29.47607426090487,6.9044931460874865,37.43111077158311,1.3773757337710113,0.32,0.4,0.08000000000000002
yandun,tcn,event_weighted,42,high,600.0,160.0,0.0,0.0,0.0,0.0,200.5,0.0,0.0,914.0,762.5,32741.40590005424,0.0,32741.40590005424,47.57167588973223,26.240002288843197,0.0,7.490869641957431,0.0,0.0,0.0
yandun,tcn,event_weighted,42,high,600.0,160.0,0.0,0.05,1.0,0.0,200.5,10.025,10.025,914.0,762.5,30335.54642085313,1278.6231813369513,31614.169602190083,44.226042651949655,22.624295863094027,6.9613396635317395,6.6164918279195835,0.02,0.025,0.005000000000000001
yandun,tcn,event_weighted,42,high,600.0,160.0,0.0,0.05,2.0,0.0,200.5,10.025,20.05,914.0,762.5,28951.12581573099,2248.6131809718804,31199.738996702865,42.29565604692713,20.546900994692614,10.969121136955696,5.5023272439839985,0.04,0.05,0.010000000000000002
yandun,tcn,event_weighted,42,high,600.0,160.0,0.0,0.05,4.0,0.0,200.5,10.025,40.1,914.0,762.5,27557.218025325565,4188.593180241738,31745.8112055673,40.33991106918892,18.462794119092976,15.008972990293408,5.025259356382402,0.08,0.1,0.020000000000000004
yandun,tcn,event_weighted,42,high,600.0,160.0,0.0,0.1,1.0,0.0,200.5,20.05,20.05,914.0,762.5,28632.22803205075,2557.2463626739027,31189.47439472465,41.85380972014124,20.066633248186225,11.891235210247943,5.832509628604261,0.04,0.05,0.010000000000000002
yandun,tcn,event_weighted,42,high,600.0,160.0,0.0,0.1,2.0,0.0,200.5,20.05,40.1,914.0,762.5,26236.53041017473,4497.226361943761,30733.756772118493,38.51004268675102,16.47380674687784,18.8278287449466,3.96946808317256,0.08,0.1,0.020000000000000004
yandun,tcn,event_weighted,42,high,600.0,160.0,0.0,0.1,4.0,0.0,200.5,20.05,80.2,914.0,762.5,24041.41881174196,8377.186360483476,32418.605172225438,35.41976909240086,13.198219475163546,25.193689611010964,3.25543724978738,0.16,0.2,0.04000000000000001
yandun,tcn,event_weighted,42,high,600.0,160.0,0.0,0.2,1.0,0.0,200.5,40.1,40.1,914.0,762.5,25940.923347432676,5114.492725347805,31055.416072780485,38.10046663596383,16.028615387326543,19.68259615528504,4.561364778898291,0.08,0.1,0.020000000000000004
yandun,tcn,event_weighted,42,high,600.0,160.0,0.0,0.2,2.0,0.0,200.5,40.1,80.2,914.0,762.5,22488.64336081338,8994.452723887522,31483.0960847009,33.268333226656445,10.859702229789173,29.683642722129807,2.299224410370208,0.16,0.2,0.04000000000000001
yandun,tcn,event_weighted,42,high,600.0,160.0,0.0,0.2,4.0,0.0,200.5,40.1,160.4,914.0,762.5,19822.1412292065,16754.372720966952,36576.51395017345,29.47607426090487,6.9044931460874865,37.43111077158311,1.3773757337710113,0.32,0.4,0.08000000000000002
yandun,tcn,event_weighted,42,high,600.0,160.0,1000.0,0.0,0.0,0.0,200.5,0.0,0.0,914.0,762.5,40232.275542011674,0.0,40232.275542011674,47.57167588973223,26.240002288843197,0.0,7.490869641957431,0.0,0.0,0.0
yandun,tcn,event_weighted,42,high,600.0,160.0,1000.0,0.05,1.0,0.0,200.5,10.025,10.025,914.0,762.5,36952.03824877271,1278.6231813369513,38230.66143010966,44.226042651949655,22.624295863094027,6.9613396635317395,6.6164918279195835,0.02,0.025,0.005000000000000001
yandun,tcn,event_weighted,42,high,600.0,160.0,1000.0,0.05,2.0,0.0,200.5,10.025,20.05,914.0,762.5,34453.453059714986,2248.6131809718804,36702.066240686865,42.29565604692713,20.546900994692614,10.969121136955696,5.5023272439839985,0.04,0.05,0.010000000000000002
yandun,tcn,event_weighted,42,high,600.0,160.0,1000.0,0.05,4.0,0.0,200.5,10.025,40.1,914.0,762.5,32582.477381707966,4188.593180241738,36771.0705619497,40.33991106918892,18.462794119092976,15.008972990293408,5.025259356382402,0.08,0.1,0.020000000000000004
yandun,tcn,event_weighted,42,high,600.0,160.0,1000.0,0.1,1.0,0.0,200.5,20.05,20.05,914.0,762.5,34464.73766065501,2557.2463626739027,37021.984023328914,41.85380972014124,20.066633248186225,11.891235210247943,5.832509628604261,0.04,0.05,0.010000000000000002
yandun,tcn,event_weighted,42,high,600.0,160.0,1000.0,0.1,2.0,0.0,200.5,20.05,40.1,914.0,762.5,30205.998493347288,4497.226361943761,34703.22485529105,38.51004268675102,16.47380674687784,18.8278287449466,3.96946808317256,0.08,0.1,0.020000000000000004
yandun,tcn,event_weighted,42,high,600.0,160.0,1000.0,0.1,4.0,0.0,200.5,20.05,80.2,914.0,762.5,27296.85606152934,8377.186360483476,35674.04242201281,35.41976909240086,13.198219475163546,25.193689611010964,3.25543724978738,0.16,0.2,0.04000000000000001
yandun,tcn,event_weighted,42,high,600.0,160.0,1000.0,0.2,1.0,0.0,200.5,40.1,40.1,914.0,762.5,30502.28812633097,5114.492725347805,35616.78085167878,38.10046663596383,16.028615387326543,19.68259615528504,4.561364778898291,0.08,0.1,0.020000000000000004
yandun,tcn,event_weighted,42,high,600.0,160.0,1000.0,0.2,2.0,0.0,200.5,40.1,80.2,914.0,762.5,24787.86777118359,8994.452723887522,33782.320495071115,33.268333226656445,10.859702229789173,29.683642722129807,2.299224410370208,0.16,0.2,0.04000000000000001
yandun,tcn,event_weighted,42,high,600.0,160.0,1000.0,0.2,4.0,0.0,200.5,40.1,160.4,914.0,762.5,21199.516962977512,16754.372720966952,37953.889683944464,29.47607426090487,6.9044931460874865,37.43111077158311,1.3773757337710113,0.32,0.4,0.08000000000000002
yandun,tcn,event_weighted,42,high,600.0,160.0,5000.0,0.0,0.0,0.0,200.5,0.0,0.0,914.0,762.5,70195.7541098414,0.0,70195.7541098414,47.57167588973223,26.240002288843197,0.0,7.490869641957431,0.0,0.0,0.0
yandun,tcn,event_weighted,42,high,600.0,160.0,5000.0,0.05,1.0,0.0,200.5,10.025,10.025,914.0,762.5,63418.00556045105,1278.6231813369513,64696.628741787994,44.226042651949655,22.624295863094027,6.9613396635317395,6.6164918279195835,0.02,0.025,0.005000000000000001
yandun,tcn,event_weighted,42,high,600.0,160.0,5000.0,0.05,2.0,0.0,200.5,10.025,20.05,914.0,762.5,56462.76203565099,2248.6131809718804,58711.37521662287,42.29565604692713,20.546900994692614,10.969121136955696,5.5023272439839985,0.04,0.05,0.010000000000000002
yandun,tcn,event_weighted,42,high,600.0,160.0,5000.0,0.05,4.0,0.0,200.5,10.025,40.1,914.0,762.5,52683.514807237574,4188.593180241738,56872.107987479314,40.33991106918892,18.462794119092976,15.008972990293408,5.025259356382402,0.08,0.1,0.020000000000000004
yandun,tcn,event_weighted,42,high,600.0,160.0,5000.0,0.1,1.0,0.0,200.5,20.05,20.05,914.0,762.5,57794.77617507205,2557.2463626739027,60352.02253774595,41.85380972014124,20.066633248186225,11.891235210247943,5.832509628604261,0.04,0.05,0.010000000000000002
yandun,tcn,event_weighted,42,high,600.0,160.0,5000.0,0.1,2.0,0.0,200.5,20.05,40.1,914.0,762.5,46083.87082603753,4497.226361943761,50581.097187981286,38.51004268675102,16.47380674687784,18.8278287449466,3.96946808317256,0.08,0.1,0.020000000000000004
yandun,tcn,event_weighted,42,high,600.0,160.0,5000.0,0.1,4.0,0.0,200.5,20.05,80.2,914.0,762.5,40318.605060678856,8377.186360483476,48695.79142116233,35.41976909240086,13.198219475163546,25.193689611010964,3.25543724978738,0.16,0.2,0.04000000000000001
yandun,tcn,event_weighted,42,high,600.0,160.0,5000.0,0.2,1.0,0.0,200.5,40.1,40.1,914.0,762.5,48747.74724192414,5114.492725347805,53862.23996727195,38.10046663596383,16.028615387326543,19.68259615528504,4.561364778898291,0.08,0.1,0.020000000000000004
yandun,tcn,event_weighted,42,high,600.0,160.0,5000.0,0.2,2.0,0.0,200.5,40.1,80.2,914.0,762.5,33984.76541266443,8994.452723887522,42979.21813655195,33.268333226656445,10.859702229789173,29.683642722129807,2.299224410370208,0.16,0.2,0.04000000000000001
yandun,tcn,event_weighted,42,high,600.0,160.0,5000.0,0.2,4.0,0.0,200.5,40.1,160.4,914.0,762.5,26709.019898061553,16754.372720966952,43463.3926190285,29.47607426090487,6.9044931460874865,37.43111077158311,1.3773757337710113,0.32,0.4,0.08000000000000002
yandun,tcn,event_weighted,43,low,150.0,40.0,0.0,0.0,0.0,0.0,200.5,0.0,0.0,914.0,762.5,8495.388087360338,0.0,8495.388087360338,50.50664789955552,22.98477256067527,0.0,6.981607185725467,0.0,0.0,0.0
yandun,tcn,event_weighted,43,low,150.0,40.0,0.0,0.05,1.0,0.0,200.5,10.025,10.025,914.0,762.5,8044.568657846001,1278.6231813369513,9323.191839182953,47.271558476135596,19.489222454885372,6.730639529209879,6.044734072301025,0.02,0.025,0.005000000000000001
yandun,tcn,event_weighted,43,low,150.0,40.0,0.0,0.05,2.0,0.0,200.5,10.025,20.05,914.0,762.5,7785.652596180155,2248.6131809718804,10034.265777152037,45.394554425181916,17.46985210177621,10.627013933272762,4.915782628035508,0.04,0.05,0.010000000000000002
yandun,tcn,event_weighted,43,low,150.0,40.0,0.0,0.05,4.0,0.0,200.5,10.025,40.1,914.0,762.5,7569.012815982172,4188.593180241738,11757.60599622391,43.772061366990066,15.747975573509557,13.971383519731148,4.486087838254363,0.08,0.1,0.020000000000000004
yandun,tcn,event_weighted,43,low,150.0,40.0,0.0,0.1,1.0,0.0,200.5,20.05,20.05,914.0,762.5,7711.799221799423,2557.2463626739027,10269.045584473326,44.87189977571829,16.901749221924476,11.717771462588034,5.213396793610131,0.04,0.05,0.010000000000000002
yandun,tcn,event_weighted,43,low,150.0,40.0,0.0,0.1,2.0,0.0,200.5,20.05,40.1,914.0,762.5,7282.234825743693,4497.226361943761,11779.461187687453,41.74255558991774,13.5419910332136,18.206873837099472,3.413459606809953,0.08,0.1,0.020000000000000004
yandun,tcn,event_weighted,43,low,150.0,40.0,0.0,0.1,4.0,0.0,200.5,20.05,80.2,914.0,762.5,6970.642417555847,8377.186360483476,15347.828778039322,39.358740089160726,11.034292993665767,23.098387377404265,2.7871607475984885,0.16,0.2,0.04000000000000001
yandun,tcn,event_weighted,43,low,150.0,40.0,0.0,0.2,1.0,0.0,200.5,40.1,40.1,914.0,762.5,7218.640770975397,5114.492725347805,12333.133496323204,41.29250535617289,13.052805996534426,19.146109107523447,3.9093003091524334,0.08,0.1,0.020000000000000004
yandun,tcn,event_weighted,43,low,150.0,40.0,0.0,0.2,2.0,0.0,200.5,40.1,80.2,914.0,762.5,6647.326679508602,8994.452723887522,15641.779403396122,37.070659481441766,8.547248854840817,27.87351212394821,1.5370695603523261,0.16,0.2,0.04000000000000001
yandun,tcn,event_weighted,43,low,150.0,40.0,0.0,0.2,4.0,0.0,200.5,40.1,160.4,914.0,762.5,6283.683053634658,16754.372720966952,23038.05577460161,34.13978152040162,5.5283234719123975,33.82331546791678,1.052287282034928,0.32,0.4,0.08000000000000002
yandun,tcn,event_weighted,43,low,150.0,40.0,1000.0,0.0,0.0,0.0,200.5,0.0,0.0,914.0,762.5,15476.995273085806,0.0,15476.995273085806,50.50664789955552,22.98477256067527,0.0,6.981607185725467,0.0,0.0,0.0
yandun,tcn,event_weighted,43,low,150.0,40.0,1000.0,0.05,1.0,0.0,200.5,10.025,10.025,914.0,762.5,14089.302730147025,1278.6231813369513,15367.925911483977,47.271558476135596,19.489222454885372,6.730639529209879,6.044734072301025,0.02,0.025,0.005000000000000001
yandun,tcn,event_weighted,43,low,150.0,40.0,1000.0,0.05,2.0,0.0,200.5,10.025,20.05,914.0,762.5,12701.435224215662,2248.6131809718804,14950.048405187543,45.394554425181916,17.46985210177621,10.627013933272762,4.915782628035508,0.04,0.05,0.010000000000000002
yandun,tcn,event_weighted,43,low,150.0,40.0,1000.0,0.05,4.0,0.0,200.5,10.025,40.1,914.0,762.5,12055.100654236536,4188.593180241738,16243.693834478272,43.772061366990066,15.747975573509557,13.971383519731148,4.486087838254363,0.08,0.1,0.020000000000000004
yandun,tcn,event_weighted,43,low,150.0,40.0,1000.0,0.1,1.0,0.0,200.5,20.05,20.05,914.0,762.5,12925.196015409554,2557.2463626739027,15482.442378083457,44.87189977571829,16.901749221924476,11.717771462588034,5.213396793610131,0.04,0.05,0.010000000000000002
yandun,tcn,event_weighted,43,low,150.0,40.0,1000.0,0.1,2.0,0.0,200.5,20.05,40.1,914.0,762.5,10695.694432553648,4497.226361943761,15192.92079449741,41.74255558991774,13.5419910332136,18.206873837099472,3.413459606809953,0.08,0.1,0.020000000000000004
yandun,tcn,event_weighted,43,low,150.0,40.0,1000.0,0.1,4.0,0.0,200.5,20.05,80.2,914.0,762.5,9757.803165154335,8377.186360483476,18134.98952563781,39.358740089160726,11.034292993665767,23.098387377404265,2.7871607475984885,0.16,0.2,0.04000000000000001
yandun,tcn,event_weighted,43,low,150.0,40.0,1000.0,0.2,1.0,0.0,200.5,40.1,40.1,914.0,762.5,11127.941080127832,5114.492725347805,16242.433805475635,41.29250535617289,13.052805996534426,19.146109107523447,3.9093003091524334,0.08,0.1,0.020000000000000004
yandun,tcn,event_weighted,43,low,150.0,40.0,1000.0,0.2,2.0,0.0,200.5,40.1,80.2,914.0,762.5,8184.396239860928,8994.452723887522,17178.84896374845,37.070659481441766,8.547248854840817,27.87351212394821,1.5370695603523261,0.16,0.2,0.04000000000000001
yandun,tcn,event_weighted,43,low,150.0,40.0,1000.0,0.2,4.0,0.0,200.5,40.1,160.4,914.0,762.5,7335.970335669585,16754.372720966952,24090.34305663654,34.13978152040162,5.5283234719123975,33.82331546791678,1.052287282034928,0.32,0.4,0.08000000000000002
yandun,tcn,event_weighted,43,low,150.0,40.0,5000.0,0.0,0.0,0.0,200.5,0.0,0.0,914.0,762.5,43403.42401598767,0.0,43403.42401598767,50.50664789955552,22.98477256067527,0.0,6.981607185725467,0.0,0.0,0.0
yandun,tcn,event_weighted,43,low,150.0,40.0,5000.0,0.05,1.0,0.0,200.5,10.025,10.025,914.0,762.5,38268.239019351124,1278.6231813369513,39546.862200688076,47.271558476135596,19.489222454885372,6.730639529209879,6.044734072301025,0.02,0.025,0.005000000000000001
yandun,tcn,event_weighted,43,low,150.0,40.0,5000.0,0.05,2.0,0.0,200.5,10.025,20.05,914.0,762.5,32364.565736357697,2248.6131809718804,34613.17891732958,45.394554425181916,17.46985210177621,10.627013933272762,4.915782628035508,0.04,0.05,0.010000000000000002
yandun,tcn,event_weighted,43,low,150.0,40.0,5000.0,0.05,4.0,0.0,200.5,10.025,40.1,914.0,762.5,29999.452007253993,4188.593180241738,34188.04518749573,43.772061366990066,15.747975573509557,13.971383519731148,4.486087838254363,0.08,0.1,0.020000000000000004
yandun,tcn,event_weighted,43,low,150.0,40.0,5000.0,0.1,1.0,0.0,200.5,20.05,20.05,914.0,762.5,33778.78318985007,2557.2463626739027,36336.02955252398,44.87189977571829,16.901749221924476,11.717771462588034,5.213396793610131,0.04,0.05,0.010000000000000002
yandun,tcn,event_weighted,43,low,150.0,40.0,5000.0,0.1,2.0,0.0,200.5,20.05,40.1,914.0,762.5,24349.532859793457,4497.226361943761,28846.75922173722,41.74255558991774,13.5419910332136,18.206873837099472,3.413459606809953,0.08,0.1,0.020000000000000004
yandun,tcn,event_weighted,43,low,150.0,40.0,5000.0,0.1,4.0,0.0,200.5,20.05,80.2,914.0,762.5,20906.44615554829,8377.186360483476,29283.632516031765,39.358740089160726,11.034292993665767,23.098387377404265,2.7871607475984885,0.16,0.2,0.04000000000000001
yandun,tcn,event_weighted,43,low,150.0,40.0,5000.0,0.2,1.0,0.0,200.5,40.1,40.1,914.0,762.5,26765.14231673756,5114.492725347805,31879.63504208537,41.29250535617289,13.052805996534426,19.146109107523447,3.9093003091524334,0.08,0.1,0.020000000000000004
yandun,tcn,event_weighted,43,low,150.0,40.0,5000.0,0.2,2.0,0.0,200.5,40.1,80.2,914.0,762.5,14332.674481270233,8994.452723887522,23327.127205157754,37.070659481441766,8.547248854840817,27.87351212394821,1.5370695603523261,0.16,0.2,0.04000000000000001
yandun,tcn,event_weighted,43,low,150.0,40.0,5000.0,0.2,4.0,0.0,200.5,40.1,160.4,914.0,762.5,11545.119463809298,16754.372720966952,28299.492184776253,34.13978152040162,5.5283234719123975,33.82331546791678,1.052287282034928,0.32,0.4,0.08000000000000002
yandun,tcn,event_weighted,43,base,300.0,80.0,0.0,0.0,0.0,0.0,200.5,0.0,0.0,914.0,762.5,16990.776174720675,0.0,16990.776174720675,50.50664789955552,22.98477256067527,0.0,6.981607185725467,0.0,0.0,0.0
yandun,tcn,event_weighted,43,base,300.0,80.0,0.0,0.05,1.0,0.0,200.5,10.025,10.025,914.0,762.5,15914.871327461757,1278.6231813369513,17193.494508798707,47.271558476135596,19.489222454885372,6.730639529209879,6.044734072301025,0.02,0.025,0.005000000000000001
yandun,tcn,event_weighted,43,base,300.0,80.0,0.0,0.05,2.0,0.0,200.5,10.025,20.05,914.0,762.5,15293.629844028492,2248.6131809718804,17542.24302500037,45.394554425181916,17.46985210177621,10.627013933272762,4.915782628035508,0.04,0.05,0.010000000000000002
yandun,tcn,event_weighted,43,base,300.0,80.0,0.0,0.05,4.0,0.0,200.5,10.025,40.1,914.0,762.5,14764.741043971066,4188.593180241738,18953.334224212802,43.772061366990066,15.747975573509557,13.971383519731148,4.486087838254363,0.08,0.1,0.020000000000000004
yandun,tcn,event_weighted,43,base,300.0,80.0,0.0,0.1,1.0,0.0,200.5,20.05,20.05,914.0,762.5,15118.654157034147,2557.2463626739027,17675.90051970805,44.87189977571829,16.901749221924476,11.717771462588034,5.213396793610131,0.04,0.05,0.010000000000000002
yandun,tcn,event_weighted,43,base,300.0,80.0,0.0,0.1,2.0,0.0,200.5,20.05,40.1,914.0,762.5,14085.297805559898,4497.226361943761,18582.52416750366,41.74255558991774,13.5419910332136,18.206873837099472,3.413459606809953,0.08,0.1,0.020000000000000004
yandun,tcn,event_weighted,43,base,300.0,80.0,0.0,0.1,4.0,0.0,200.5,20.05,80.2,914.0,762.5,13315.825150676586,8377.186360483476,21693.011511160064,39.358740089160726,11.034292993665767,23.098387377404265,2.7871607475984885,0.16,0.2,0.04000000000000001
yandun,tcn,event_weighted,43,base,300.0,80.0,0.0,0.2,1.0,0.0,200.5,40.1,40.1,914.0,762.5,13934.628814262707,5114.492725347805,19049.12153961051,41.29250535617289,13.052805996534426,19.146109107523447,3.9093003091524334,0.08,0.1,0.020000000000000004
yandun,tcn,event_weighted,43,base,300.0,80.0,0.0,0.2,2.0,0.0,200.5,40.1,80.2,914.0,762.5,12549.8155559185,8994.452723887522,21544.26827980602,37.070659481441766,8.547248854840817,27.87351212394821,1.5370695603523261,0.16,0.2,0.04000000000000001
yandun,tcn,event_weighted,43,base,300.0,80.0,0.0,0.2,4.0,0.0,200.5,40.1,160.4,914.0,762.5,11625.783220571397,16754.372720966952,28380.155941538345,34.13978152040162,5.5283234719123975,33.82331546791678,1.052287282034928,0.32,0.4,0.08000000000000002
yandun,tcn,event_weighted,43,base,300.0,80.0,1000.0,0.0,0.0,0.0,200.5,0.0,0.0,914.0,762.5,23972.383360446143,0.0,23972.383360446143,50.50664789955552,22.98477256067527,0.0,6.981607185725467,0.0,0.0,0.0
yandun,tcn,event_weighted,43,base,300.0,80.0,1000.0,0.05,1.0,0.0,200.5,10.025,10.025,914.0,762.5,21959.60539976278,1278.6231813369513,23238.22858109973,47.271558476135596,19.489222454885372,6.730639529209879,6.044734072301025,0.02,0.025,0.005000000000000001
yandun,tcn,event_weighted,43,base,300.0,80.0,1000.0,0.05,2.0,0.0,200.5,10.025,20.05,914.0,762.5,20209.412472064,2248.6131809718804,22458.02565303588,45.394554425181916,17.46985210177621,10.627013933272762,4.915782628035508,0.04,0.05,0.010000000000000002
yandun,tcn,event_weighted,43,base,300.0,80.0,1000.0,0.05,4.0,0.0,200.5,10.025,40.1,914.0,762.5,19250.82888222543,4188.593180241738,23439.422062467165,43.772061366990066,15.747975573509557,13.971383519731148,4.486087838254363,0.08,0.1,0.020000000000000004
yandun,tcn,event_weighted,43,base,300.0,80.0,1000.0,0.1,1.0,0.0,200.5,20.05,20.05,914.0,762.5,20332.050950644276,2557.2463626739027,22889.29731331818,44.87189977571829,16.901749221924476,11.717771462588034,5.213396793610131,0.04,0.05,0.010000000000000002
yandun,tcn,event_weighted,43,base,300.0,80.0,1000.0,0.1,2.0,0.0,200.5,20.05,40.1,914.0,762.5,17498.75741236985,4497.226361943761,21995.98377431361,41.74255558991774,13.5419910332136,18.206873837099472,3.413459606809953,0.08,0.1,0.020000000000000004
yandun,tcn,event_weighted,43,base,300.0,80.0,1000.0,0.1,4.0,0.0,200.5,20.05,80.2,914.0,762.5,16102.985898275077,8377.186360483476,24480.17225875855,39.358740089160726,11.034292993665767,23.098387377404265,2.7871607475984885,0.16,0.2,0.04000000000000001
yandun,tcn,event_weighted,43,base,300.0,80.0,1000.0,0.2,1.0,0.0,200.5,40.1,40.1,914.0,762.5,17843.92912341514,5114.492725347805,22958.421848762948,41.29250535617289,13.052805996534426,19.146109107523447,3.9093003091524334,0.08,0.1,0.020000000000000004
yandun,tcn,event_weighted,43,base,300.0,80.0,1000.0,0.2,2.0,0.0,200.5,40.1,80.2,914.0,762.5,14086.885116270825,8994.452723887522,23081.337840158343,37.070659481441766,8.547248854840817,27.87351212394821,1.5370695603523261,0.16,0.2,0.04000000000000001
yandun,tcn,event_weighted,43,base,300.0,80.0,1000.0,0.2,4.0,0.0,200.5,40.1,160.4,914.0,762.5,12678.070502606324,16754.372720966952,29432.44322357328,34.13978152040162,5.5283234719123975,33.82331546791678,1.052287282034928,0.32,0.4,0.08000000000000002
yandun,tcn,event_weighted,43,base,300.0,80.0,5000.0,0.0,0.0,0.0,200.5,0.0,0.0,914.0,762.5,51898.81210334801,0.0,51898.81210334801,50.50664789955552,22.98477256067527,0.0,6.981607185725467,0.0,0.0,0.0
yandun,tcn,event_weighted,43,base,300.0,80.0,5000.0,0.05,1.0,0.0,200.5,10.025,10.025,914.0,762.5,46138.541688966885,1278.6231813369513,47417.16487030383,47.271558476135596,19.489222454885372,6.730639529209879,6.044734072301025,0.02,0.025,0.005000000000000001
yandun,tcn,event_weighted,43,base,300.0,80.0,5000.0,0.05,2.0,0.0,200.5,10.025,20.05,914.0,762.5,39872.54298420603,2248.6131809718804,42121.15616517792,45.394554425181916,17.46985210177621,10.627013933272762,4.915782628035508,0.04,0.05,0.010000000000000002
yandun,tcn,event_weighted,43,base,300.0,80.0,5000.0,0.05,4.0,0.0,200.5,10.025,40.1,914.0,762.5,37195.180235242886,4188.593180241738,41383.77341548462,43.772061366990066,15.747975573509557,13.971383519731148,4.486087838254363,0.08,0.1,0.020000000000000004
yandun,tcn,event_weighted,43,base,300.0,80.0,5000.0,0.1,1.0,0.0,200.5,20.05,20.05,914.0,762.5,41185.6381250848,2557.2463626739027,43742.884487758696,44.87189977571829,16.901749221924476,11.717771462588034,5.213396793610131,0.04,0.05,0.010000000000000002
yandun,tcn,event_weighted,43,base,300.0,80.0,5000.0,0.1,2.0,0.0,200.5,20.05,40.1,914.0,762.5,31152.595839609665,4497.226361943761,35649.82220155343,41.74255558991774,13.5419910332136,18.206873837099472,3.413459606809953,0.08,0.1,0.020000000000000004
yandun,tcn,event_weighted,43,base,300.0,80.0,5000.0,0.1,4.0,0.0,200.5,20.05,80.2,914.0,762.5,27251.628888669027,8377.186360483476,35628.8152491525,39.358740089160726,11.034292993665767,23.098387377404265,2.7871607475984885,0.16,0.2,0.04000000000000001
yandun,tcn,event_weighted,43,base,300.0,80.0,5000.0,0.2,1.0,0.0,200.5,40.1,40.1,914.0,762.5,33481.13036002487,5114.492725347805,38595.62308537268,41.29250535617289,13.052805996534426,19.146109107523447,3.9093003091524334,0.08,0.1,0.020000000000000004
yandun,tcn,event_weighted,43,base,300.0,80.0,5000.0,0.2,2.0,0.0,200.5,40.1,80.2,914.0,762.5,20235.16335768013,8994.452723887522,29229.616081567652,37.070659481441766,8.547248854840817,27.87351212394821,1.5370695603523261,0.16,0.2,0.04000000000000001
yandun,tcn,event_weighted,43,base,300.0,80.0,5000.0,0.2,4.0,0.0,200.5,40.1,160.4,914.0,762.5,16887.219630746036,16754.372720966952,33641.592351712985,34.13978152040162,5.5283234719123975,33.82331546791678,1.052287282034928,0.32,0.4,0.08000000000000002
yandun,tcn,event_weighted,43,high,600.0,160.0,0.0,0.0,0.0,0.0,200.5,0.0,0.0,914.0,762.5,33981.55234944135,0.0,33981.55234944135,50.50664789955552,22.98477256067527,0.0,6.981607185725467,0.0,0.0,0.0
yandun,tcn,event_weighted,43,high,600.0,160.0,0.0,0.05,1.0,0.0,200.5,10.025,10.025,914.0,762.5,31655.476666693263,1278.6231813369513,32934.099848030215,47.271558476135596,19.489222454885372,6.730639529209879,6.044734072301025,0.02,0.025,0.005000000000000001
yandun,tcn,event_weighted,43,high,600.0,160.0,0.0,0.05,2.0,0.0,200.5,10.025,20.05,914.0,762.5,30309.58433972516,2248.6131809718804,32558.19752069704,45.394554425181916,17.46985210177621,10.627013933272762,4.915782628035508,0.04,0.05,0.010000000000000002
yandun,tcn,event_weighted,43,high,600.0,160.0,0.0,0.05,4.0,0.0,200.5,10.025,40.1,914.0,762.5,29156.197499948852,4188.593180241738,33344.79068019059,43.772061366990066,15.747975573509557,13.971383519731148,4.486087838254363,0.08,0.1,0.020000000000000004
yandun,tcn,event_weighted,43,high,600.0,160.0,0.0,0.1,1.0,0.0,200.5,20.05,20.05,914.0,762.5,29932.36402750359,2557.2463626739027,32489.610390177495,44.87189977571829,16.901749221924476,11.717771462588034,5.213396793610131,0.04,0.05,0.010000000000000002
yandun,tcn,event_weighted,43,high,600.0,160.0,0.0,0.1,2.0,0.0,200.5,20.05,40.1,914.0,762.5,27691.42376519231,4497.226361943761,32188.650127136072,41.74255558991774,13.5419910332136,18.206873837099472,3.413459606809953,0.08,0.1,0.020000000000000004
yandun,tcn,event_weighted,43,high,600.0,160.0,0.0,0.1,4.0,0.0,200.5,20.05,80.2,914.0,762.5,26006.19061691807,8377.186360483476,34383.376977401545,39.358740089160726,11.034292993665767,23.098387377404265,2.7871607475984885,0.16,0.2,0.04000000000000001
yandun,tcn,event_weighted,43,high,600.0,160.0,0.0,0.2,1.0,0.0,200.5,40.1,40.1,914.0,762.5,27366.604900837327,5114.492725347805,32481.097626185132,41.29250535617289,13.052805996534426,19.146109107523447,3.9093003091524334,0.08,0.1,0.020000000000000004
yandun,tcn,event_weighted,43,high,600.0,160.0,0.0,0.2,2.0,0.0,200.5,40.1,80.2,914.0,762.5,24354.793308738295,8994.452723887522,33349.246032625815,37.070659481441766,8.547248854840817,27.87351212394821,1.5370695603523261,0.16,0.2,0.04000000000000001
yandun,tcn,event_weighted,43,high,600.0,160.0,0.0,0.2,4.0,0.0,200.5,40.1,160.4,914.0,762.5,22309.983554444872,16754.372720966952,39064.356275411825,34.13978152040162,5.5283234719123975,33.82331546791678,1.052287282034928,0.32,0.4,0.08000000000000002
yandun,tcn,event_weighted,43,high,600.0,160.0,1000.0,0.0,0.0,0.0,200.5,0.0,0.0,914.0,762.5,40963.15953516682,0.0,40963.15953516682,50.50664789955552,22.98477256067527,0.0,6.981607185725467,0.0,0.0,0.0
yandun,tcn,event_weighted,43,high,600.0,160.0,1000.0,0.05,1.0,0.0,200.5,10.025,10.025,914.0,762.5,37700.21073899429,1278.6231813369513,38978.83392033124,47.271558476135596,19.489222454885372,6.730639529209879,6.044734072301025,0.02,0.025,0.005000000000000001
yandun,tcn,event_weighted,43,high,600.0,160.0,1000.0,0.05,2.0,0.0,200.5,10.025,20.05,914.0,762.5,35225.36696776067,2248.6131809718804,37473.980148732546,45.394554425181916,17.46985210177621,10.627013933272762,4.915782628035508,0.04,0.05,0.010000000000000002
yandun,tcn,event_weighted,43,high,600.0,160.0,1000.0,0.05,4.0,0.0,200.5,10.025,40.1,914.0,762.5,33642.28533820322,4188.593180241738,37830.87851844495,43.772061366990066,15.747975573509557,13.971383519731148,4.486087838254363,0.08,0.1,0.020000000000000004
yandun,tcn,event_weighted,43,high,600.0,160.0,1000.0,0.1,1.0,0.0,200.5,20.05,20.05,914.0,762.5,35145.76082111372,2557.2463626739027,37703.007183787624,44.87189977571829,16.901749221924476,11.717771462588034,5.213396793610131,0.04,0.05,0.010000000000000002
yandun,tcn,event_weighted,43,high,600.0,160.0,1000.0,0.1,2.0,0.0,200.5,20.05,40.1,914.0,762.5,31104.88337200226,4497.226361943761,35602.109733946025,41.74255558991774,13.5419910332136,18.206873837099472,3.413459606809953,0.08,0.1,0.020000000000000004
yandun,tcn,event_weighted,43,high,600.0,160.0,1000.0,0.1,4.0,0.0,200.5,20.05,80.2,914.0,762.5,28793.35136451656,8377.186360483476,37170.53772500003,39.358740089160726,11.034292993665767,23.098387377404265,2.7871607475984885,0.16,0.2,0.04000000000000001
yandun,tcn,event_weighted,43,high,600.0,160.0,1000.0,0.2,1.0,0.0,200.5,40.1,40.1,914.0,762.5,31275.90520998976,5114.492725347805,36390.39793533757,41.29250535617289,13.052805996534426,19.146109107523447,3.9093003091524334,0.08,0.1,0.020000000000000004
yandun,tcn,event_weighted,43,high,600.0,160.0,1000.0,0.2,2.0,0.0,200.5,40.1,80.2,914.0,762.5,25891.862869090623,8994.452723887522,34886.31559297814,37.070659481441766,8.547248854840817,27.87351212394821,1.5370695603523261,0.16,0.2,0.04000000000000001
yandun,tcn,event_weighted,43,high,600.0,160.0,1000.0,0.2,4.0,0.0,200.5,40.1,160.4,914.0,762.5,23362.270836479798,16754.372720966952,40116.643557446754,34.13978152040162,5.5283234719123975,33.82331546791678,1.052287282034928,0.32,0.4,0.08000000000000002
yandun,tcn,event_weighted,43,high,600.0,160.0,5000.0,0.0,0.0,0.0,200.5,0.0,0.0,914.0,762.5,68889.5882780687,0.0,68889.5882780687,50.50664789955552,22.98477256067527,0.0,6.981607185725467,0.0,0.0,0.0
yandun,tcn,event_weighted,43,high,600.0,160.0,5000.0,0.05,1.0,0.0,200.5,10.025,10.025,914.0,762.5,61879.147028198386,1278.6231813369513,63157.77020953533,47.271558476135596,19.489222454885372,6.730639529209879,6.044734072301025,0.02,0.025,0.005000000000000001
yandun,tcn,event_weighted,43,high,600.0,160.0,5000.0,0.05,2.0,0.0,200.5,10.025,20.05,914.0,762.5,54888.497479902704,2248.6131809718804,57137.11066087459,45.394554425181916,17.46985210177621,10.627013933272762,4.915782628035508,0.04,0.05,0.010000000000000002
yandun,tcn,event_weighted,43,high,600.0,160.0,5000.0,0.05,4.0,0.0,200.5,10.025,40.1,914.0,762.5,51586.63669122067,4188.593180241738,55775.229871462405,43.772061366990066,15.747975573509557,13.971383519731148,4.486087838254363,0.08,0.1,0.020000000000000004
yandun,tcn,event_weighted,43,high,600.0,160.0,5000.0,0.1,1.0,0.0,200.5,20.05,20.05,914.0,762.5,55999.34799555424,2557.2463626739027,58556.59435822815,44.87189977571829,16.901749221924476,11.717771462588034,5.213396793610131,0.04,0.05,0.010000000000000002
yandun,tcn,event_weighted,43,high,600.0,160.0,5000.0,0.1,2.0,0.0,200.5,20.05,40.1,914.0,762.5,44758.72179924208,4497.226361943761,49255.948161185835,41.74255558991774,13.5419910332136,18.206873837099472,3.413459606809953,0.08,0.1,0.020000000000000004
yandun,tcn,event_weighted,43,high,600.0,160.0,5000.0,0.1,4.0,0.0,200.5,20.05,80.2,914.0,762.5,39941.99435491051,8377.186360483476,48319.18071539398,39.358740089160726,11.034292993665767,23.098387377404265,2.7871607475984885,0.16,0.2,0.04000000000000001
yandun,tcn,event_weighted,43,high,600.0,160.0,5000.0,0.2,1.0,0.0,200.5,40.1,40.1,914.0,762.5,46913.10644659949,5114.492725347805,52027.599171947295,41.29250535617289,13.052805996534426,19.146109107523447,3.9093003091524334,0.08,0.1,0.020000000000000004
yandun,tcn,event_weighted,43,high,600.0,160.0,5000.0,0.2,2.0,0.0,200.5,40.1,80.2,914.0,762.5,32040.141110499924,8994.452723887522,41034.59383438745,37.070659481441766,8.547248854840817,27.87351212394821,1.5370695603523261,0.16,0.2,0.04000000000000001
yandun,tcn,event_weighted,43,high,600.0,160.0,5000.0,0.2,4.0,0.0,200.5,40.1,160.4,914.0,762.5,27571.419964619512,16754.372720966952,44325.792685586464,34.13978152040162,5.5283234719123975,33.82331546791678,1.052287282034928,0.32,0.4,0.08000000000000002
yandun,timesnet,mse,41,low,150.0,40.0,0.0,0.0,0.0,0.0,200.5,0.0,0.0,914.0,762.5,5232.704202445547,0.0,5232.704202445547,26.033689147208392,33.19127075910719,0.0,8.18119269891933,0.0,0.0,0.0
yandun,timesnet,mse,41,low,150.0,40.0,0.0,0.05,1.0,0.0,200.5,10.025,10.025,914.0,762.5,4468.898907746878,1278.6231813369513,5747.522089083829,20.583622831714735,27.28813707497631,11.353199999624593,7.2502554318033825,0.02,0.025,0.005000000000000001
yandun,timesnet,mse,41,low,150.0,40.0,0.0,0.05,2.0,0.0,200.5,10.025,20.05,914.0,762.5,4119.591361314868,2248.6131809718804,6368.204542286748,18.066925196262087,24.57344760828128,16.584587101772122,6.297958447114464,0.04,0.05,0.010000000000000002
yandun,timesnet,mse,41,low,150.0,40.0,0.0,0.05,4.0,0.0,200.5,10.025,40.1,914.0,762.5,3822.852045208593,4188.593180241738,8011.445225450331,15.89614445828267,22.246938650527927,21.081876797504776,5.819570401048034,0.07168636835818688,0.1,0.028313631641813112
yandun,timesnet,mse,41,low,150.0,40.0,0.0,0.1,1.0,0.0,200.5,20.05,20.05,914.0,762.5,3997.872291880982,2557.2463626739027,6555.118654554885,17.2055287048838,23.637147074174493,18.382284127257297,6.42776560142477,0.04,0.05,0.010000000000000002
yandun,timesnet,mse,41,low,150.0,40.0,0.0,0.1,2.0,0.0,200.5,20.05,40.1,914.0,762.5,3478.382699268531,4497.226361943761,7975.609061212292,13.439790820374187,19.58565660425805,26.19951248168323,4.925860084586809,0.08,0.1,0.020000000000000004
yandun,timesnet,mse,41,low,150.0,40.0,0.0,0.1,4.0,0.0,200.5,20.05,80.2,914.0,762.5,3004.355416682331,8377.186360483476,11381.541777165807,10.143543846599233,15.975518495534915,33.105897564181255,4.149101291952023,0.05385220255506136,0.2,0.14614779744493864
yandun,timesnet,mse,41,low,150.0,40.0,0.0,0.2,1.0,0.0,200.5,40.1,40.1,914.0,762.5,3364.0487403999996,5114.492725347805,8478.541465747805,12.63065818838149,18.706164612961615,27.88813710497247,5.170380497763823,0.08,0.1,0.020000000000000004
yandun,timesnet,mse,41,low,150.0,40.0,0.0,0.2,2.0,0.0,200.5,40.1,80.2,914.0,762.5,2685.1645919011894,8994.452723887522,11679.617315788711,7.868037977181551,13.509898285985997,37.84702364314802,2.89142360167347,0.06129124268605414,0.2,0.13870875731394586
yandun,timesnet,mse,41,low,150.0,40.0,0.0,0.2,4.0,0.0,200.5,40.1,160.4,914.0,762.5,2057.2814685218605,16754.372720966952,18811.65418948881,3.781957405044688,8.90169482850463,46.54130767276624,1.8479373431703006,-0.09870875731394597,0.4,0.498708757313946
yandun,timesnet,mse,41,low,150.0,40.0,1000.0,0.0,0.0,0.0,200.5,0.0,0.0,914.0,762.5,13413.896901364877,0.0,13413.896901364877,26.033689147208392,33.19127075910719,0.0,8.18119269891933,0.0,0.0,0.0
yandun,timesnet,mse,41,low,150.0,40.0,1000.0,0.05,1.0,0.0,200.5,10.025,10.025,914.0,762.5,11719.154339550261,1278.6231813369513,12997.777520887212,20.583622831714735,27.28813707497631,11.353199999624593,7.2502554318033825,0.02,0.025,0.005000000000000001
yandun,timesnet,mse,41,low,150.0,40.0,1000.0,0.05,2.0,0.0,200.5,10.025,20.05,914.0,762.5,10417.549808429332,2248.6131809718804,12666.162989401211,18.066925196262087,24.57344760828128,16.584587101772122,6.297958447114464,0.04,0.05,0.010000000000000002
yandun,timesnet,mse,41,low,150.0,40.0,1000.0,0.05,4.0,0.0,200.5,10.025,40.1,914.0,762.5,9642.422446256625,4188.593180241738,13831.015626498363,15.89614445828267,22.246938650527927,21.081876797504776,5.819570401048034,0.07168636835818688,0.1,0.028313631641813112
yandun,timesnet,mse,41,low,150.0,40.0,1000.0,0.1,1.0,0.0,200.5,20.05,20.05,914.0,762.5,10425.637893305753,2557.2463626739027,12982.884255979656,17.2055287048838,23.637147074174493,18.382284127257297,6.42776560142477,0.04,0.05,0.010000000000000002
yandun,timesnet,mse,41,low,150.0,40.0,1000.0,0.1,2.0,0.0,200.5,20.05,40.1,914.0,762.5,8404.24278385534,4497.226361943761,12901.469145799103,13.439790820374187,19.58565660425805,26.19951248168323,4.925860084586809,0.08,0.1,0.020000000000000004
yandun,timesnet,mse,41,low,150.0,40.0,1000.0,0.1,4.0,0.0,200.5,20.05,80.2,914.0,762.5,7153.456708634355,8377.186360483476,15530.64306911783,10.143543846599233,15.975518495534915,33.105897564181255,4.149101291952023,0.05385220255506136,0.2,0.14614779744493864
yandun,timesnet,mse,41,low,150.0,40.0,1000.0,0.2,1.0,0.0,200.5,40.1,40.1,914.0,762.5,8534.429238163822,5114.492725347805,13648.921963511628,12.63065818838149,18.706164612961615,27.88813710497247,5.170380497763823,0.08,0.1,0.020000000000000004
yandun,timesnet,mse,41,low,150.0,40.0,1000.0,0.2,2.0,0.0,200.5,40.1,80.2,914.0,762.5,5576.588193574659,8994.452723887522,14571.04091746218,7.868037977181551,13.509898285985997,37.84702364314802,2.89142360167347,0.06129124268605414,0.2,0.13870875731394586
yandun,timesnet,mse,41,low,150.0,40.0,1000.0,0.2,4.0,0.0,200.5,40.1,160.4,914.0,762.5,3905.2188116921607,16754.372720966952,20659.591532659113,3.781957405044688,8.90169482850463,46.54130767276624,1.8479373431703006,-0.09870875731394597,0.4,0.498708757313946
yandun,timesnet,mse,41,low,150.0,40.0,5000.0,0.0,0.0,0.0,200.5,0.0,0.0,914.0,762.5,46138.6676970422,0.0,46138.6676970422,26.033689147208392,33.19127075910719,0.0,8.18119269891933,0.0,0.0,0.0
yandun,timesnet,mse,41,low,150.0,40.0,5000.0,0.05,1.0,0.0,200.5,10.025,10.025,914.0,762.5,40720.176066763794,1278.6231813369513,41998.79924810074,20.583622831714735,27.28813707497631,11.353199999624593,7.2502554318033825,0.02,0.025,0.005000000000000001
yandun,timesnet,mse,41,low,150.0,40.0,5000.0,0.05,2.0,0.0,200.5,10.025,20.05,914.0,762.5,35609.383596887186,2248.6131809718804,37857.996777859065,18.066925196262087,24.57344760828128,16.584587101772122,6.297958447114464,0.04,0.05,0.010000000000000002
yandun,timesnet,mse,41,low,150.0,40.0,5000.0,0.05,4.0,0.0,200.5,10.025,40.1,914.0,762.5,32920.70405044876,4188.593180241738,37109.2972306905,15.89614445828267,22.246938650527927,21.081876797504776,5.819570401048034,0.07168636835818688,0.1,0.028313631641813112
yandun,timesnet,mse,41,low,150.0,40.0,5000.0,0.1,1.0,0.0,200.5,20.05,20.05,914.0,762.5,36136.700299004835,2557.2463626739027,38693.94666167873,17.2055287048838,23.637147074174493,18.382284127257297,6.42776560142477,0.04,0.05,0.010000000000000002
yandun,timesnet,mse,41,low,150.0,40.0,5000.0,0.1,2.0,0.0,200.5,20.05,40.1,914.0,762.5,28107.683122202576,4497.226361943761,32604.90948414634,13.439790820374187,19.58565660425805,26.19951248168323,4.925860084586809,0.08,0.1,0.020000000000000004
yandun,timesnet,mse,41,low,150.0,40.0,5000.0,0.1,4.0,0.0,200.5,20.05,80.2,914.0,762.5,23749.861876442446,8377.186360483476,32127.048236925926,10.143543846599233,15.975518495534915,33.105897564181255,4.149101291952023,0.05385220255506136,0.2,0.14614779744493864
yandun,timesnet,mse,41,low,150.0,40.0,5000.0,0.2,1.0,0.0,200.5,40.1,40.1,914.0,762.5,29215.951229219114,5114.492725347805,34330.44395456692,12.63065818838149,18.706164612961615,27.88813710497247,5.170380497763823,0.08,0.1,0.020000000000000004
yandun,timesnet,mse,41,low,150.0,40.0,5000.0,0.2,2.0,0.0,200.5,40.1,80.2,914.0,762.5,17142.28260026854,8994.452723887522,26136.73532415606,7.868037977181551,13.509898285985997,37.84702364314802,2.89142360167347,0.06129124268605414,0.2,0.13870875731394586
yandun,timesnet,mse,41,low,150.0,40.0,5000.0,0.2,4.0,0.0,200.5,40.1,160.4,914.0,762.5,11296.968184373362,16754.372720966952,28051.340905340316,3.781957405044688,8.90169482850463,46.54130767276624,1.8479373431703006,-0.09870875731394597,0.4,0.498708757313946
yandun,timesnet,mse,41,base,300.0,80.0,0.0,0.0,0.0,0.0,200.5,0.0,0.0,914.0,762.5,10465.408404891094,0.0,10465.408404891094,26.033689147208392,33.19127075910719,0.0,8.18119269891933,0.0,0.0,0.0
yandun,timesnet,mse,41,base,300.0,80.0,0.0,0.05,1.0,0.0,200.5,10.025,10.025,914.0,762.5,8647.96781550314,1278.6231813369513,9926.590996840092,20.583622831714735,27.28813707497631,11.353199999624593,7.2502554318033825,0.02,0.025,0.005000000000000001
yandun,timesnet,mse,41,base,300.0,80.0,0.0,0.05,2.0,0.0,200.5,10.025,20.05,914.0,762.5,7812.568045085433,2248.6131809718804,10061.181226057313,18.066925196262087,24.57344760828128,16.584587101772122,6.297958447114464,0.04,0.05,0.010000000000000002
yandun,timesnet,mse,41,base,300.0,80.0,0.0,0.05,4.0,0.0,200.5,10.025,40.1,914.0,762.5,7097.15125997211,4188.593180241738,11285.74444021385,15.89614445828267,22.246938650527927,21.081876797504776,5.819570401048034,0.07168636835818688,0.1,0.028313631641813112
yandun,timesnet,mse,41,base,300.0,80.0,0.0,0.1,1.0,0.0,200.5,20.05,20.05,914.0,762.5,7524.187480580531,2557.2463626739027,10081.433843254434,17.2055287048838,23.637147074174493,18.382284127257297,6.42776560142477,0.04,0.05,0.010000000000000002
yandun,timesnet,mse,41,base,300.0,80.0,0.0,0.1,2.0,0.0,200.5,20.05,40.1,914.0,762.5,6277.777586494981,4497.226361943761,10775.003948438742,13.439790820374187,19.58565660425805,26.19951248168323,4.925860084586809,0.08,0.1,0.020000000000000004
yandun,timesnet,mse,41,base,300.0,80.0,0.0,0.1,4.0,0.0,200.5,20.05,80.2,914.0,762.5,5164.907733493612,8377.186360483476,13542.094093977088,10.143543846599233,15.975518495534915,33.105897564181255,4.149101291952023,0.05385220255506136,0.2,0.14614779744493864
yandun,timesnet,mse,41,base,300.0,80.0,0.0,0.2,1.0,0.0,200.5,40.1,40.1,914.0,762.5,6006.894053175688,5114.492725347805,11121.386778523492,12.63065818838149,18.706164612961615,27.88813710497247,5.170380497763823,0.08,0.1,0.020000000000000004
yandun,timesnet,mse,41,base,300.0,80.0,0.0,0.2,2.0,0.0,200.5,40.1,80.2,914.0,762.5,4405.766219917862,8994.452723887522,13400.218943805383,7.868037977181551,13.509898285985997,37.84702364314802,2.89142360167347,0.06129124268605414,0.2,0.13870875731394586
yandun,timesnet,mse,41,base,300.0,80.0,0.0,0.2,4.0,0.0,200.5,40.1,160.4,914.0,762.5,2980.6428724187485,16754.372720966952,19735.0155933857,3.781957405044688,8.90169482850463,46.54130767276624,1.8479373431703006,-0.09870875731394597,0.4,0.498708757313946
yandun,timesnet,mse,41,base,300.0,80.0,1000.0,0.0,0.0,0.0,200.5,0.0,0.0,914.0,762.5,18646.601103810423,0.0,18646.601103810423,26.033689147208392,33.19127075910719,0.0,8.18119269891933,0.0,0.0,0.0
yandun,timesnet,mse,41,base,300.0,80.0,1000.0,0.05,1.0,0.0,200.5,10.025,10.025,914.0,762.5,15898.223247306523,1278.6231813369513,17176.846428643476,20.583622831714735,27.28813707497631,11.353199999624593,7.2502554318033825,0.02,0.025,0.005000000000000001
yandun,timesnet,mse,41,base,300.0,80.0,1000.0,0.05,2.0,0.0,200.5,10.025,20.05,914.0,762.5,14110.526492199897,2248.6131809718804,16359.139673171778,18.066925196262087,24.57344760828128,16.584587101772122,6.297958447114464,0.04,0.05,0.010000000000000002
yandun,timesnet,mse,41,base,300.0,80.0,1000.0,0.05,4.0,0.0,200.5,10.025,40.1,914.0,762.5,12916.721661020145,4188.593180241738,17105.314841261883,15.89614445828267,22.246938650527927,21.081876797504776,5.819570401048034,0.07168636835818688,0.1,0.028313631641813112
yandun,timesnet,mse,41,base,300.0,80.0,1000.0,0.1,1.0,0.0,200.5,20.05,20.05,914.0,762.5,13951.9530820053,2557.2463626739027,16509.199444679205,17.2055287048838,23.637147074174493,18.382284127257297,6.42776560142477,0.04,0.05,0.010000000000000002
yandun,timesnet,mse,41,base,300.0,80.0,1000.0,0.1,2.0,0.0,200.5,20.05,40.1,914.0,762.5,11203.637671081791,4497.226361943761,15700.864033025553,13.439790820374187,19.58565660425805,26.19951248168323,4.925860084586809,0.08,0.1,0.020000000000000004
yandun,timesnet,mse,41,base,300.0,80.0,1000.0,0.1,4.0,0.0,200.5,20.05,80.2,914.0,762.5,9314.009025445635,8377.186360483476,17691.19538592911,10.143543846599233,15.975518495534915,33.105897564181255,4.149101291952023,0.05385220255506136,0.2,0.14614779744493864
yandun,timesnet,mse,41,base,300.0,80.0,1000.0,0.2,1.0,0.0,200.5,40.1,40.1,914.0,762.5,11177.27455093951,5114.492725347805,16291.767276287315,12.63065818838149,18.706164612961615,27.88813710497247,5.170380497763823,0.08,0.1,0.020000000000000004
yandun,timesnet,mse,41,base,300.0,80.0,1000.0,0.2,2.0,0.0,200.5,40.1,80.2,914.0,762.5,7297.189821591332,8994.452723887522,16291.642545478853,7.868037977181551,13.509898285985997,37.84702364314802,2.89142360167347,0.06129124268605414,0.2,0.13870875731394586
yandun,timesnet,mse,41,base,300.0,80.0,1000.0,0.2,4.0,0.0,200.5,40.1,160.4,914.0,762.5,4828.58021558905,16754.372720966952,21582.952936556,3.781957405044688,8.90169482850463,46.54130767276624,1.8479373431703006,-0.09870875731394597,0.4,0.498708757313946
yandun,timesnet,mse,41,base,300.0,80.0,5000.0,0.0,0.0,0.0,200.5,0.0,0.0,914.0,762.5,51371.37189948774,0.0,51371.37189948774,26.033689147208392,33.19127075910719,0.0,8.18119269891933,0.0,0.0,0.0
yandun,timesnet,mse,41,base,300.0,80.0,5000.0,0.05,1.0,0.0,200.5,10.025,10.025,914.0,762.5,44899.24497452006,1278.6231813369513,46177.868155857,20.583622831714735,27.28813707497631,11.353199999624593,7.2502554318033825,0.02,0.025,0.005000000000000001
yandun,timesnet,mse,41,base,300.0,80.0,5000.0,0.05,2.0,0.0,200.5,10.025,20.05,914.0,762.5,39302.36028065776,2248.6131809718804,41550.973461629634,18.066925196262087,24.57344760828128,16.584587101772122,6.297958447114464,0.04,0.05,0.010000000000000002
yandun,timesnet,mse,41,base,300.0,80.0,5000.0,0.05,4.0,0.0,200.5,10.025,40.1,914.0,762.5,36195.00326521228,4188.593180241738,40383.59644545402,15.89614445828267,22.246938650527927,21.081876797504776,5.819570401048034,0.07168636835818688,0.1,0.028313631641813112
yandun,timesnet,mse,41,base,300.0,80.0,5000.0,0.1,1.0,0.0,200.5,20.05,20.05,914.0,762.5,39663.01548770438,2557.2463626739027,42220.26185037829,17.2055287048838,23.637147074174493,18.382284127257297,6.42776560142477,0.04,0.05,0.010000000000000002
yandun,timesnet,mse,41,base,300.0,80.0,5000.0,0.1,2.0,0.0,200.5,20.05,40.1,914.0,762.5,30907.078009429028,4497.226361943761,35404.30437137279,13.439790820374187,19.58565660425805,26.19951248168323,4.925860084586809,0.08,0.1,0.020000000000000004
yandun,timesnet,mse,41,base,300.0,80.0,5000.0,0.1,4.0,0.0,200.5,20.05,80.2,914.0,762.5,25910.414193253728,8377.186360483476,34287.600553737204,10.143543846599233,15.975518495534915,33.105897564181255,4.149101291952023,0.05385220255506136,0.2,0.14614779744493864
yandun,timesnet,mse,41,base,300.0,80.0,5000.0,0.2,1.0,0.0,200.5,40.1,40.1,914.0,762.5,31858.7965419948,5114.492725347805,36973.28926734261,12.63065818838149,18.706164612961615,27.88813710497247,5.170380497763823,0.08,0.1,0.020000000000000004
yandun,timesnet,mse,41,base,300.0,80.0,5000.0,0.2,2.0,0.0,200.5,40.1,80.2,914.0,762.5,18862.88422828521,8994.452723887522,27857.33695217273,7.868037977181551,13.509898285985997,37.84702364314802,2.89142360167347,0.06129124268605414,0.2,0.13870875731394586
yandun,timesnet,mse,41,base,300.0,80.0,5000.0,0.2,4.0,0.0,200.5,40.1,160.4,914.0,762.5,12220.32958827025,16754.372720966952,28974.702309237204,3.781957405044688,8.90169482850463,46.54130767276624,1.8479373431703006,-0.09870875731394597,0.4,0.498708757313946
yandun,timesnet,mse,41,high,600.0,160.0,0.0,0.0,0.0,0.0,200.5,0.0,0.0,914.0,762.5,20930.816809782187,0.0,20930.816809782187,26.033689147208392,33.19127075910719,0.0,8.18119269891933,0.0,0.0,0.0
yandun,timesnet,mse,41,high,600.0,160.0,0.0,0.05,1.0,0.0,200.5,10.025,10.025,914.0,762.5,17006.105631015664,1278.6231813369513,18284.728812352616,20.583622831714735,27.28813707497631,11.353199999624593,7.2502554318033825,0.02,0.025,0.005000000000000001
yandun,timesnet,mse,41,high,600.0,160.0,0.0,0.05,2.0,0.0,200.5,10.025,20.05,914.0,762.5,15198.521412626562,2248.6131809718804,17447.134593598443,18.066925196262087,24.57344760828128,16.584587101772122,6.297958447114464,0.04,0.05,0.010000000000000002
yandun,timesnet,mse,41,high,600.0,160.0,0.0,0.05,4.0,0.0,200.5,10.025,40.1,914.0,762.5,13645.749689499145,4188.593180241738,17834.342869740885,15.89614445828267,22.246938650527927,21.081876797504776,5.819570401048034,0.07168636835818688,0.1,0.028313631641813112
yandun,timesnet,mse,41,high,600.0,160.0,0.0,0.1,1.0,0.0,200.5,20.05,20.05,914.0,762.5,14576.81785797963,2557.2463626739027,17134.064220653534,17.2055287048838,23.637147074174493,18.382284127257297,6.42776560142477,0.04,0.05,0.010000000000000002
yandun,timesnet,mse,41,high,600.0,160.0,0.0,0.1,2.0,0.0,200.5,20.05,40.1,914.0,762.5,11876.567360947882,4497.226361943761,16373.793722891642,13.439790820374187,19.58565660425805,26.19951248168323,4.925860084586809,0.08,0.1,0.020000000000000004
yandun,timesnet,mse,41,high,600.0,160.0,0.0,0.1,4.0,0.0,200.5,20.05,80.2,914.0,762.5,9486.012367116176,8377.186360483476,17863.19872759965,10.143543846599233,15.975518495534915,33.105897564181255,4.149101291952023,0.05385220255506136,0.2,0.14614779744493864
yandun,timesnet,mse,41,high,600.0,160.0,0.0,0.2,1.0,0.0,200.5,40.1,40.1,914.0,762.5,11292.584678727066,5114.492725347805,16407.07740407487,12.63065818838149,18.706164612961615,27.88813710497247,5.170380497763823,0.08,0.1,0.020000000000000004
yandun,timesnet,mse,41,high,600.0,160.0,0.0,0.2,2.0,0.0,200.5,40.1,80.2,914.0,762.5,7846.969475951206,8994.452723887522,16841.422199838726,7.868037977181551,13.509898285985997,37.84702364314802,2.89142360167347,0.06129124268605414,0.2,0.13870875731394586
yandun,timesnet,mse,41,high,600.0,160.0,0.0,0.2,4.0,0.0,200.5,40.1,160.4,914.0,762.5,4827.365680212525,16754.372720966952,21581.73840117948,3.781957405044688,8.90169482850463,46.54130767276624,1.8479373431703006,-0.09870875731394597,0.4,0.498708757313946
yandun,timesnet,mse,41,high,600.0,160.0,1000.0,0.0,0.0,0.0,200.5,0.0,0.0,914.0,762.5,29112.00950870152,0.0,29112.00950870152,26.033689147208392,33.19127075910719,0.0,8.18119269891933,0.0,0.0,0.0
yandun,timesnet,mse,41,high,600.0,160.0,1000.0,0.05,1.0,0.0,200.5,10.025,10.025,914.0,762.5,24256.36106281905,1278.6231813369513,25534.984244156003,20.583622831714735,27.28813707497631,11.353199999624593,7.2502554318033825,0.02,0.025,0.005000000000000001
yandun,timesnet,mse,41,high,600.0,160.0,1000.0,0.05,2.0,0.0,200.5,10.025,20.05,914.0,762.5,21496.47985974103,2248.6131809718804,23745.093040712905,18.066925196262087,24.57344760828128,16.584587101772122,6.297958447114464,0.04,0.05,0.010000000000000002
yandun,timesnet,mse,41,high,600.0,160.0,1000.0,0.05,4.0,0.0,200.5,10.025,40.1,914.0,762.5,19465.320090547182,4188.593180241738,23653.91327078892,15.89614445828267,22.246938650527927,21.081876797504776,5.819570401048034,0.07168636835818688,0.1,0.028313631641813112
yandun,timesnet,mse,41,high,600.0,160.0,1000.0,0.1,1.0,0.0,200.5,20.05,20.05,914.0,762.5,21004.583459404395,2557.2463626739027,23561.8298220783,17.2055287048838,23.637147074174493,18.382284127257297,6.42776560142477,0.04,0.05,0.010000000000000002
yandun,timesnet,mse,41,high,600.0,160.0,1000.0,0.1,2.0,0.0,200.5,20.05,40.1,914.0,762.5,16802.42744553469,4497.226361943761,21299.65380747845,13.439790820374187,19.58565660425805,26.19951248168323,4.925860084586809,0.08,0.1,0.020000000000000004
yandun,timesnet,mse,41,high,600.0,160.0,1000.0,0.1,4.0,0.0,200.5,20.05,80.2,914.0,762.5,13635.113659068198,8377.186360483476,22012.300019551672,10.143543846599233,15.975518495534915,33.105897564181255,4.149101291952023,0.05385220255506136,0.2,0.14614779744493864
yandun,timesnet,mse,41,high,600.0,160.0,1000.0,0.2,1.0,0.0,200.5,40.1,40.1,914.0,762.5,16462.96517649089,5114.492725347805,21577.457901838694,12.63065818838149,18.706164612961615,27.88813710497247,5.170380497763823,0.08,0.1,0.020000000000000004
yandun,timesnet,mse,41,high,600.0,160.0,1000.0,0.2,2.0,0.0,200.5,40.1,80.2,914.0,762.5,10738.393077624676,8994.452723887522,19732.845801512198,7.868037977181551,13.509898285985997,37.84702364314802,2.89142360167347,0.06129124268605414,0.2,0.13870875731394586
yandun,timesnet,mse,41,high,600.0,160.0,1000.0,0.2,4.0,0.0,200.5,40.1,160.4,914.0,762.5,6675.303023382826,16754.372720966952,23429.675744349777,3.781957405044688,8.90169482850463,46.54130767276624,1.8479373431703006,-0.09870875731394597,0.4,0.498708757313946
yandun,timesnet,mse,41,high,600.0,160.0,5000.0,0.0,0.0,0.0,200.5,0.0,0.0,914.0,762.5,61836.780304378844,0.0,61836.780304378844,26.033689147208392,33.19127075910719,0.0,8.18119269891933,0.0,0.0,0.0
yandun,timesnet,mse,41,high,600.0,160.0,5000.0,0.05,1.0,0.0,200.5,10.025,10.025,914.0,762.5,53257.38279003258,1278.6231813369513,54536.00597136952,20.583622831714735,27.28813707497631,11.353199999624593,7.2502554318033825,0.02,0.025,0.005000000000000001
yandun,timesnet,mse,41,high,600.0,160.0,5000.0,0.05,2.0,0.0,200.5,10.025,20.05,914.0,762.5,46688.313648198884,2248.6131809718804,48936.92682917077,18.066925196262087,24.57344760828128,16.584587101772122,6.297958447114464,0.04,0.05,0.010000000000000002
yandun,timesnet,mse,41,high,600.0,160.0,5000.0,0.05,4.0,0.0,200.5,10.025,40.1,914.0,762.5,42743.601694739315,4188.593180241738,46932.194874981054,15.89614445828267,22.246938650527927,21.081876797504776,5.819570401048034,0.07168636835818688,0.1,0.028313631641813112
yandun,timesnet,mse,41,high,600.0,160.0,5000.0,0.1,1.0,0.0,200.5,20.05,20.05,914.0,762.5,46715.64586510348,2557.2463626739027,49272.89222777738,17.2055287048838,23.637147074174493,18.382284127257297,6.42776560142477,0.04,0.05,0.010000000000000002
yandun,timesnet,mse,41,high,600.0,160.0,5000.0,0.1,2.0,0.0,200.5,20.05,40.1,914.0,762.5,36505.86778388193,4497.226361943761,41003.09414582569,13.439790820374187,19.58565660425805,26.19951248168323,4.925860084586809,0.08,0.1,0.020000000000000004
yandun,timesnet,mse,41,high,600.0,160.0,5000.0,0.1,4.0,0.0,200.5,20.05,80.2,914.0,762.5,30231.518826876294,8377.186360483476,38608.705187359774,10.143543846599233,15.975518495534915,33.105897564181255,4.149101291952023,0.05385220255506136,0.2,0.14614779744493864
yandun,timesnet,mse,41,high,600.0,160.0,5000.0,0.2,1.0,0.0,200.5,40.1,40.1,914.0,762.5,37144.487167546176,5114.492725347805,42258.979892893985,12.63065818838149,18.706164612961615,27.88813710497247,5.170380497763823,0.08,0.1,0.020000000000000004
yandun,timesnet,mse,41,high,600.0,160.0,5000.0,0.2,2.0,0.0,200.5,40.1,80.2,914.0,762.5,22304.087484318556,8994.452723887522,31298.540208206072,7.868037977181551,13.509898285985997,37.84702364314802,2.89142360167347,0.06129124268605414,0.2,0.13870875731394586
yandun,timesnet,mse,41,high,600.0,160.0,5000.0,0.2,4.0,0.0,200.5,40.1,160.4,914.0,762.5,14067.052396064028,16754.372720966952,30821.42511703098,3.781957405044688,8.90169482850463,46.54130767276624,1.8479373431703006,-0.09870875731394597,0.4,0.498708757313946
yandun,timesnet,mse,42,low,150.0,40.0,0.0,0.0,0.0,0.0,200.5,0.0,0.0,914.0,762.5,5610.889533062234,0.0,5610.889533062234,29.048354697730755,31.34090821006551,0.0,8.353120165153047,0.0,0.0,0.0
yandun,timesnet,mse,42,low,150.0,40.0,0.0,0.05,1.0,0.0,200.5,10.025,10.025,914.0,762.5,4902.030858273518,1278.6231813369513,6180.65403961047,23.987141384676775,25.86044083293426,10.54168069018526,7.33069313896207,0.02,0.025,0.005000000000000001
yandun,timesnet,mse,42,low,150.0,40.0,0.0,0.05,2.0,0.0,200.5,10.025,20.05,914.0,762.5,4548.218765320028,2248.6131809718804,6796.831946291909,21.43856541999517,23.11110100838172,15.839596479419328,6.356254004268979,0.04,0.05,0.010000000000000002
yandun,timesnet,mse,42,low,150.0,40.0,0.0,0.05,4.0,0.0,200.5,10.025,40.1,914.0,762.5,4251.033223726071,4188.593180241738,8439.626403967808,19.329701779240576,20.8215203817319,20.23804074682363,5.873035250743091,0.04255374300039301,0.1,0.057446256999606995
yandun,timesnet,mse,42,low,150.0,40.0,0.0,0.1,1.0,0.0,200.5,20.05,20.05,914.0,762.5,4425.261551535877,2557.2463626739027,6982.50791420978,20.568406676291932,22.16527628696518,17.6555799445392,6.524944993717227,0.04,0.05,0.010000000000000002
yandun,timesnet,mse,42,low,150.0,40.0,0.0,0.1,2.0,0.0,200.5,20.05,40.1,914.0,762.5,3901.1178069825487,4497.226361943761,8398.344168926309,16.769731716508414,18.07798464827275,25.54154654301505,4.962493740787969,0.08,0.1,0.020000000000000004
yandun,timesnet,mse,42,low,150.0,40.0,0.0,0.1,4.0,0.0,200.5,20.05,80.2,914.0,762.5,3400.108202415185,8377.186360483476,11777.29456289866,13.398286588254923,14.332082985150493,32.65889333439072,4.097711063615155,0.0020318713705319564,0.2,0.19796812862946805
yandun,timesnet,mse,42,low,150.0,40.0,0.0,0.2,1.0,0.0,200.5,40.1,40.1,914.0,762.5,3824.731817402838,5114.492725347805,8939.224542750644,16.22915394409814,17.490400113044203,26.669708850653937,5.258934978838866,0.08,0.1,0.020000000000000004
yandun,timesnet,mse,42,low,150.0,40.0,0.0,0.2,2.0,0.0,200.5,40.1,80.2,914.0,762.5,3076.105798061249,8994.452723887522,12070.558521948771,11.105346495903957,11.839756797812507,37.444159614079844,2.9131147481510147,0.0020318713705319564,0.2,0.19796812862946805
yandun,timesnet,mse,42,low,150.0,40.0,0.0,0.2,4.0,0.0,200.5,40.1,160.4,914.0,762.5,2396.7556666984624,16754.372720966952,19151.128387665412,6.655037867268765,6.835653278919884,46.898571761607705,1.6612365945286351,-0.1579681286294681,0.4,0.5579681286294681
yandun,timesnet,mse,42,low,150.0,40.0,1000.0,0.0,0.0,0.0,200.5,0.0,0.0,914.0,762.5,13964.009698215279,0.0,13964.009698215279,29.048354697730755,31.34090821006551,0.0,8.353120165153047,0.0,0.0,0.0
yandun,timesnet,mse,42,low,150.0,40.0,1000.0,0.05,1.0,0.0,200.5,10.025,10.025,914.0,762.5,12232.72399723559,1278.6231813369513,13511.34717857254,23.987141384676775,25.86044083293426,10.54168069018526,7.33069313896207,0.02,0.025,0.005000000000000001
yandun,timesnet,mse,42,low,150.0,40.0,1000.0,0.05,2.0,0.0,200.5,10.025,20.05,914.0,762.5,10904.472769589005,2248.6131809718804,13153.085950560886,21.43856541999517,23.11110100838172,15.839596479419328,6.356254004268979,0.04,0.05,0.010000000000000002
yandun,timesnet,mse,42,low,150.0,40.0,1000.0,0.05,4.0,0.0,200.5,10.025,40.1,914.0,762.5,10124.068474469163,4188.593180241738,14312.6616547109,19.329701779240576,20.8215203817319,20.23804074682363,5.873035250743091,0.04255374300039301,0.1,0.057446256999606995
yandun,timesnet,mse,42,low,150.0,40.0,1000.0,0.1,1.0,0.0,200.5,20.05,20.05,914.0,762.5,10950.206545253102,2557.2463626739027,13507.452907927007,20.568406676291932,22.16527628696518,17.6555799445392,6.524944993717227,0.04,0.05,0.010000000000000002
yandun,timesnet,mse,42,low,150.0,40.0,1000.0,0.1,2.0,0.0,200.5,20.05,40.1,914.0,762.5,8863.611547770517,4497.226361943761,13360.837909714279,16.769731716508414,18.07798464827275,25.54154654301505,4.962493740787969,0.08,0.1,0.020000000000000004
yandun,timesnet,mse,42,low,150.0,40.0,1000.0,0.1,4.0,0.0,200.5,20.05,80.2,914.0,762.5,7497.819266030341,8377.186360483476,15875.005626513816,13.398286588254923,14.332082985150493,32.65889333439072,4.097711063615155,0.0020318713705319564,0.2,0.19796812862946805
yandun,timesnet,mse,42,low,150.0,40.0,1000.0,0.2,1.0,0.0,200.5,40.1,40.1,914.0,762.5,9083.666796241703,5114.492725347805,14198.159521589509,16.22915394409814,17.490400113044203,26.669708850653937,5.258934978838866,0.08,0.1,0.020000000000000004
yandun,timesnet,mse,42,low,150.0,40.0,1000.0,0.2,2.0,0.0,200.5,40.1,80.2,914.0,762.5,5989.220546212263,8994.452723887522,14983.673270099785,11.105346495903957,11.839756797812507,37.444159614079844,2.9131147481510147,0.0020318713705319564,0.2,0.19796812862946805
yandun,timesnet,mse,42,low,150.0,40.0,1000.0,0.2,4.0,0.0,200.5,40.1,160.4,914.0,762.5,4057.992261227097,16754.372720966952,20812.36498219405,6.655037867268765,6.835653278919884,46.898571761607705,1.6612365945286351,-0.1579681286294681,0.4,0.5579681286294681
yandun,timesnet,mse,42,low,150.0,40.0,5000.0,0.0,0.0,0.0,200.5,0.0,0.0,914.0,762.5,47376.49035882746,0.0,47376.49035882746,29.048354697730755,31.34090821006551,0.0,8.353120165153047,0.0,0.0,0.0
yandun,timesnet,mse,42,low,150.0,40.0,5000.0,0.05,1.0,0.0,200.5,10.025,10.025,914.0,762.5,41555.496553083874,1278.6231813369513,42834.11973442083,23.987141384676775,25.86044083293426,10.54168069018526,7.33069313896207,0.02,0.025,0.005000000000000001
yandun,timesnet,mse,42,low,150.0,40.0,5000.0,0.05,2.0,0.25,200.5,10.025,20.05,914.0,762.5,37097.91244601437,2248.6131809718804,39346.52562698625,22.296905733511238,24.023228168623913,14.069129005661077,6.48694384682024,0.02,0.05,0.030000000000000002
yandun,timesnet,mse,42,low,150.0,40.0,5000.0,0.05,4.0,0.0,200.5,10.025,40.1,914.0,762.5,33616.20947744152,4188.593180241738,37804.80265768326,19.329701779240576,20.8215203817319,20.23804074682363,5.873035250743091,0.04255374300039301,0.1,0.057446256999606995
yandun,timesnet,mse,42,low,150.0,40.0,5000.0,0.1,1.0,0.0,200.5,20.05,20.05,914.0,762.5,37049.98652012201,2557.2463626739027,39607.23288279591,20.568406676291932,22.16527628696518,17.6555799445392,6.524944993717227,0.04,0.05,0.010000000000000002
yandun,timesnet,mse,42,low,150.0,40.0,5000.0,0.1,2.0,0.0,200.5,20.05,40.1,914.0,762.5,28713.586510922396,4497.226361943761,33210.81287286616,16.769731716508414,18.07798464827275,25.54154654301505,4.962493740787969,0.08,0.1,0.020000000000000004
yandun,timesnet,mse,42,low,150.0,40.0,5000.0,0.1,4.0,0.0,200.5,20.05,80.2,914.0,762.5,23888.663520490954,8377.186360483476,32265.849880974434,13.398286588254923,14.332082985150493,32.65889333439072,4.097711063615155,0.0020318713705319564,0.2,0.19796812862946805
yandun,timesnet,mse,42,low,150.0,40.0,5000.0,0.2,1.0,0.0,200.5,40.1,40.1,914.0,762.5,30119.406711597167,5114.492725347805,35233.89943694497,16.22915394409814,17.490400113044203,26.669708850653937,5.258934978838866,0.08,0.1,0.020000000000000004
yandun,timesnet,mse,42,low,150.0,40.0,5000.0,0.2,2.0,0.0,200.5,40.1,80.2,914.0,762.5,17641.679538816323,8994.452723887522,26636.132262703843,11.105346495903957,11.839756797812507,37.444159614079844,2.9131147481510147,0.0020318713705319564,0.2,0.19796812862946805
yandun,timesnet,mse,42,low,150.0,40.0,5000.0,0.2,4.0,0.0,200.5,40.1,160.4,914.0,762.5,10702.93863934164,16754.372720966952,27457.311360308588,6.655037867268765,6.835653278919884,46.898571761607705,1.6612365945286351,-0.1579681286294681,0.4,0.5579681286294681
yandun,timesnet,mse,42,base,300.0,80.0,0.0,0.0,0.0,0.0,200.5,0.0,0.0,914.0,762.5,11221.779066124467,0.0,11221.779066124467,29.048354697730755,31.34090821006551,0.0,8.353120165153047,0.0,0.0,0.0
yandun,timesnet,mse,42,base,300.0,80.0,0.0,0.05,1.0,0.0,200.5,10.025,10.025,914.0,762.5,9534.519699292405,1278.6231813369513,10813.142880629355,23.987141384676775,25.86044083293426,10.54168069018526,7.33069313896207,0.02,0.025,0.005000000000000001
yandun,timesnet,mse,42,base,300.0,80.0,0.0,0.05,2.0,0.0,200.5,10.025,20.05,914.0,762.5,8688.447618654574,2248.6131809718804,10937.060799626455,21.43856541999517,23.11110100838172,15.839596479419328,6.356254004268979,0.04,0.05,0.010000000000000002
yandun,timesnet,mse,42,base,300.0,80.0,0.0,0.05,4.0,0.0,200.5,10.025,40.1,914.0,762.5,7983.349305881434,4188.593180241738,12171.942486123171,19.329701779240576,20.8215203817319,20.23804074682363,5.873035250743091,0.04255374300039301,0.1,0.057446256999606995
yandun,timesnet,mse,42,base,300.0,80.0,0.0,0.1,1.0,0.0,200.5,20.05,20.05,914.0,762.5,8397.133604458275,2557.2463626739027,10954.379967132178,20.568406676291932,22.16527628696518,17.6555799445392,6.524944993717227,0.04,0.05,0.010000000000000002
yandun,timesnet,mse,42,base,300.0,80.0,0.0,0.1,2.0,0.0,200.5,20.05,40.1,914.0,762.5,7139.69695038972,4497.226361943761,11636.92331233348,16.769731716508414,18.07798464827275,25.54154654301505,4.962493740787969,0.08,0.1,0.020000000000000004
yandun,timesnet,mse,42,base,300.0,80.0,0.0,0.1,4.0,0.0,200.5,20.05,80.2,914.0,762.5,5983.1345100594435,8377.186360483476,14360.320870542919,13.398286588254923,14.332082985150493,32.65889333439072,4.097711063615155,0.0020318713705319564,0.2,0.19796812862946805
yandun,timesnet,mse,42,base,300.0,80.0,0.0,0.2,1.0,0.0,200.5,40.1,40.1,914.0,762.5,6958.720913539327,5114.492725347805,12073.213638887131,16.22915394409814,17.490400113044203,26.669708850653937,5.258934978838866,0.08,0.1,0.020000000000000004
yandun,timesnet,mse,42,base,300.0,80.0,0.0,0.2,2.0,0.0,200.5,40.1,80.2,914.0,762.5,5215.498044359343,8994.452723887522,14209.950768246867,11.105346495903957,11.839756797812507,37.444159614079844,2.9131147481510147,0.0020318713705319564,0.2,0.19796812862946805
yandun,timesnet,mse,42,base,300.0,80.0,0.0,0.2,4.0,0.0,200.5,40.1,160.4,914.0,762.5,3668.437477945572,16754.372720966952,20422.81019891252,6.655037867268765,6.835653278919884,46.898571761607705,1.6612365945286351,-0.1579681286294681,0.4,0.5579681286294681
yandun,timesnet,mse,42,base,300.0,80.0,1000.0,0.0,0.0,0.0,200.5,0.0,0.0,914.0,762.5,19574.89923127751,0.0,19574.89923127751,29.048354697730755,31.34090821006551,0.0,8.353120165153047,0.0,0.0,0.0
yandun,timesnet,mse,42,base,300.0,80.0,1000.0,0.05,1.0,0.0,200.5,10.025,10.025,914.0,762.5,16865.212838254472,1278.6231813369513,18143.836019591425,23.987141384676775,25.86044083293426,10.54168069018526,7.33069313896207,0.02,0.025,0.005000000000000001
yandun,timesnet,mse,42,base,300.0,80.0,1000.0,0.05,2.0,0.0,200.5,10.025,20.05,914.0,762.5,15044.701622923552,2248.6131809718804,17293.314803895435,21.43856541999517,23.11110100838172,15.839596479419328,6.356254004268979,0.04,0.05,0.010000000000000002
yandun,timesnet,mse,42,base,300.0,80.0,1000.0,0.05,4.0,0.0,200.5,10.025,40.1,914.0,762.5,13856.384556624524,4188.593180241738,18044.977736866258,19.329701779240576,20.8215203817319,20.23804074682363,5.873035250743091,0.04255374300039301,0.1,0.057446256999606995
yandun,timesnet,mse,42,base,300.0,80.0,1000.0,0.1,1.0,0.0,200.5,20.05,20.05,914.0,762.5,14922.0785981755,2557.2463626739027,17479.324960849404,20.568406676291932,22.16527628696518,17.6555799445392,6.524944993717227,0.04,0.05,0.010000000000000002
yandun,timesnet,mse,42,base,300.0,80.0,1000.0,0.1,2.0,0.0,200.5,20.05,40.1,914.0,762.5,12102.19069117769,4497.226361943761,16599.41705312145,16.769731716508414,18.07798464827275,25.54154654301505,4.962493740787969,0.08,0.1,0.020000000000000004
yandun,timesnet,mse,42,base,300.0,80.0,1000.0,0.1,4.0,0.0,200.5,20.05,80.2,914.0,762.5,10080.8455736746,8377.186360483476,18458.031934158076,13.398286588254923,14.332082985150493,32.65889333439072,4.097711063615155,0.0020318713705319564,0.2,0.19796812862946805
yandun,timesnet,mse,42,base,300.0,80.0,1000.0,0.2,1.0,0.0,200.5,40.1,40.1,914.0,762.5,12217.655892378192,5114.492725347805,17332.148617725998,16.22915394409814,17.490400113044203,26.669708850653937,5.258934978838866,0.08,0.1,0.020000000000000004
yandun,timesnet,mse,42,base,300.0,80.0,1000.0,0.2,2.0,0.0,200.5,40.1,80.2,914.0,762.5,8128.612792510358,8994.452723887522,17123.06551639788,11.105346495903957,11.839756797812507,37.444159614079844,2.9131147481510147,0.0020318713705319564,0.2,0.19796812862946805
yandun,timesnet,mse,42,base,300.0,80.0,1000.0,0.2,4.0,0.0,200.5,40.1,160.4,914.0,762.5,5329.674072474208,16754.372720966952,22084.04679344116,6.655037867268765,6.835653278919884,46.898571761607705,1.6612365945286351,-0.1579681286294681,0.4,0.5579681286294681
yandun,timesnet,mse,42,base,300.0,80.0,5000.0,0.0,0.0,0.0,200.5,0.0,0.0,914.0,762.5,52987.3798918897,0.0,52987.3798918897,29.048354697730755,31.34090821006551,0.0,8.353120165153047,0.0,0.0,0.0
yandun,timesnet,mse,42,base,300.0,80.0,5000.0,0.05,1.0,0.0,200.5,10.025,10.025,914.0,762.5,46187.98539410276,1278.6231813369513,47466.608575439706,23.987141384676775,25.86044083293426,10.54168069018526,7.33069313896207,0.02,0.025,0.005000000000000001
yandun,timesnet,mse,42,base,300.0,80.0,5000.0,0.05,2.0,0.25,200.5,10.025,20.05,914.0,762.5,41403.37743278601,2248.6131809718804,43651.990613757895,22.296905733511238,24.023228168623913,14.069129005661077,6.48694384682024,0.02,0.05,0.030000000000000002
yandun,timesnet,mse,42,base,300.0,80.0,5000.0,0.05,4.0,0.0,200.5,10.025,40.1,914.0,762.5,37348.52555959689,4188.593180241738,41537.118739838625,19.329701779240576,20.8215203817319,20.23804074682363,5.873035250743091,0.04255374300039301,0.1,0.057446256999606995
yandun,timesnet,mse,42,base,300.0,80.0,5000.0,0.1,1.0,0.0,200.5,20.05,20.05,914.0,762.5,41021.85857304441,2557.2463626739027,43579.104935718315,20.568406676291932,22.16527628696518,17.6555799445392,6.524944993717227,0.04,0.05,0.010000000000000002
yandun,timesnet,mse,42,base,300.0,80.0,5000.0,0.1,2.0,0.0,200.5,20.05,40.1,914.0,762.5,31952.16565432957,4497.226361943761,36449.392016273334,16.769731716508414,18.07798464827275,25.54154654301505,4.962493740787969,0.08,0.1,0.020000000000000004
yandun,timesnet,mse,42,base,300.0,80.0,5000.0,0.1,4.0,0.0,200.5,20.05,80.2,914.0,762.5,26471.68982813521,8377.186360483476,34848.876188618684,13.398286588254923,14.332082985150493,32.65889333439072,4.097711063615155,0.0020318713705319564,0.2,0.19796812862946805
yandun,timesnet,mse,42,base,300.0,80.0,5000.0,0.2,1.0,0.0,200.5,40.1,40.1,914.0,762.5,33253.39580773366,5114.492725347805,38367.88853308147,16.22915394409814,17.490400113044203,26.669708850653937,5.258934978838866,0.08,0.1,0.020000000000000004
yandun,timesnet,mse,42,base,300.0,80.0,5000.0,0.2,2.0,0.0,200.5,40.1,80.2,914.0,762.5,19781.071785114418,8994.452723887522,28775.52450900194,11.105346495903957,11.839756797812507,37.444159614079844,2.9131147481510147,0.0020318713705319564,0.2,0.19796812862946805
yandun,timesnet,mse,42,base,300.0,80.0,5000.0,0.2,4.0,0.0,200.5,40.1,160.4,914.0,762.5,11974.620450588749,16754.372720966952,28728.993171555703,6.655037867268765,6.835653278919884,46.898571761607705,1.6612365945286351,-0.1579681286294681,0.4,0.5579681286294681
yandun,timesnet,mse,42,high,600.0,160.0,0.0,0.0,0.0,0.0,200.5,0.0,0.0,914.0,762.5,22443.558132248934,0.0,22443.558132248934,29.048354697730755,31.34090821006551,0.0,8.353120165153047,0.0,0.0,0.0
yandun,timesnet,mse,42,high,600.0,160.0,0.0,0.05,1.0,0.0,200.5,10.025,10.025,914.0,762.5,18799.49738133018,1278.6231813369513,20078.120562667133,23.987141384676775,25.86044083293426,10.54168069018526,7.33069313896207,0.02,0.025,0.005000000000000001
yandun,timesnet,mse,42,high,600.0,160.0,0.0,0.05,2.0,0.0,200.5,10.025,20.05,914.0,762.5,16968.905325323663,2248.6131809718804,19217.518506295546,21.43856541999517,23.11110100838172,15.839596479419328,6.356254004268979,0.04,0.05,0.010000000000000002
yandun,timesnet,mse,42,high,600.0,160.0,0.0,0.05,4.0,0.0,200.5,10.025,40.1,914.0,762.5,15447.981470192155,4188.593180241738,19636.574650433893,19.329701779240576,20.8215203817319,20.23804074682363,5.873035250743091,0.04255374300039301,0.1,0.057446256999606995
yandun,timesnet,mse,42,high,600.0,160.0,0.0,0.1,1.0,0.0,200.5,20.05,20.05,914.0,762.5,16340.877710303068,2557.2463626739027,18898.12407297697,20.568406676291932,22.16527628696518,17.6555799445392,6.524944993717227,0.04,0.05,0.010000000000000002
yandun,timesnet,mse,42,high,600.0,160.0,0.0,0.1,2.0,0.0,200.5,20.05,40.1,914.0,762.5,13616.855237204067,4497.226361943761,18114.081599147827,16.769731716508414,18.07798464827275,25.54154654301505,4.962493740787969,0.08,0.1,0.020000000000000004
yandun,timesnet,mse,42,high,600.0,160.0,0.0,0.1,4.0,0.0,200.5,20.05,80.2,914.0,762.5,11149.18712534796,8377.186360483476,19526.37348583144,13.398286588254923,14.332082985150493,32.65889333439072,4.097711063615155,0.0020318713705319564,0.2,0.19796812862946805
yandun,timesnet,mse,42,high,600.0,160.0,0.0,0.2,1.0,0.0,200.5,40.1,40.1,914.0,762.5,13226.699105812306,5114.492725347805,18341.19183116011,16.22915394409814,17.490400113044203,26.669708850653937,5.258934978838866,0.08,0.1,0.020000000000000004
yandun,timesnet,mse,42,high,600.0,160.0,0.0,0.2,2.0,0.0,200.5,40.1,80.2,914.0,762.5,9494.282536955532,8994.452723887522,18488.735260843052,11.105346495903957,11.839756797812507,37.444159614079844,2.9131147481510147,0.0020318713705319564,0.2,0.19796812862946805
yandun,timesnet,mse,42,high,600.0,160.0,0.0,0.2,4.0,0.0,200.5,40.1,160.4,914.0,762.5,6211.801100439792,16754.372720966952,22966.173821406745,6.655037867268765,6.835653278919884,46.898571761607705,1.6612365945286351,-0.1579681286294681,0.4,0.5579681286294681
yandun,timesnet,mse,42,high,600.0,160.0,1000.0,0.0,0.0,0.0,200.5,0.0,0.0,914.0,762.5,30796.67829740198,0.0,30796.67829740198,29.048354697730755,31.34090821006551,0.0,8.353120165153047,0.0,0.0,0.0
yandun,timesnet,mse,42,high,600.0,160.0,1000.0,0.05,1.0,0.0,200.5,10.025,10.025,914.0,762.5,26130.19052029225,1278.6231813369513,27408.813701629202,23.987141384676775,25.86044083293426,10.54168069018526,7.33069313896207,0.02,0.025,0.005000000000000001
yandun,timesnet,mse,42,high,600.0,160.0,1000.0,0.05,2.0,0.0,200.5,10.025,20.05,914.0,762.5,23325.159329592643,2248.6131809718804,25573.772510564522,21.43856541999517,23.11110100838172,15.839596479419328,6.356254004268979,0.04,0.05,0.010000000000000002
yandun,timesnet,mse,42,high,600.0,160.0,1000.0,0.05,4.0,0.0,200.5,10.025,40.1,914.0,762.5,21321.016720935248,4188.593180241738,25509.609901176984,19.329701779240576,20.8215203817319,20.23804074682363,5.873035250743091,0.04255374300039301,0.1,0.057446256999606995
yandun,timesnet,mse,42,high,600.0,160.0,1000.0,0.1,1.0,0.0,200.5,20.05,20.05,914.0,762.5,22865.822704020295,2557.2463626739027,25423.069066694195,20.568406676291932,22.16527628696518,17.6555799445392,6.524944993717227,0.04,0.05,0.010000000000000002
yandun,timesnet,mse,42,high,600.0,160.0,1000.0,0.1,2.0,0.0,200.5,20.05,40.1,914.0,762.5,18579.348977992035,4497.226361943761,23076.575339935793,16.769731716508414,18.07798464827275,25.54154654301505,4.962493740787969,0.08,0.1,0.020000000000000004
yandun,timesnet,mse,42,high,600.0,160.0,1000.0,0.1,4.0,0.0,200.5,20.05,80.2,914.0,762.5,15246.898188963116,8377.186360483476,23624.084549446594,13.398286588254923,14.332082985150493,32.65889333439072,4.097711063615155,0.0020318713705319564,0.2,0.19796812862946805
yandun,timesnet,mse,42,high,600.0,160.0,1000.0,0.2,1.0,0.0,200.5,40.1,40.1,914.0,762.5,18485.634084651174,5114.492725347805,23600.12680999898,16.22915394409814,17.490400113044203,26.669708850653937,5.258934978838866,0.08,0.1,0.020000000000000004
yandun,timesnet,mse,42,high,600.0,160.0,1000.0,0.2,2.0,0.0,200.5,40.1,80.2,914.0,762.5,12407.397285106545,8994.452723887522,21401.850008994068,11.105346495903957,11.839756797812507,37.444159614079844,2.9131147481510147,0.0020318713705319564,0.2,0.19796812862946805
yandun,timesnet,mse,42,high,600.0,160.0,1000.0,0.2,4.0,0.0,200.5,40.1,160.4,914.0,762.5,7873.037694968427,16754.372720966952,24627.410415935377,6.655037867268765,6.835653278919884,46.898571761607705,1.6612365945286351,-0.1579681286294681,0.4,0.5579681286294681
yandun,timesnet,mse,42,high,600.0,160.0,5000.0,0.0,0.0,0.0,200.5,0.0,0.0,914.0,762.5,64209.158958014166,0.0,64209.158958014166,29.048354697730755,31.34090821006551,0.0,8.353120165153047,0.0,0.0,0.0
yandun,timesnet,mse,42,high,600.0,160.0,5000.0,0.05,1.0,0.0,200.5,10.025,10.025,914.0,762.5,55452.963076140535,1278.6231813369513,56731.58625747748,23.987141384676775,25.86044083293426,10.54168069018526,7.33069313896207,0.02,0.025,0.005000000000000001
yandun,timesnet,mse,42,high,600.0,160.0,5000.0,0.05,2.0,0.0,200.5,10.025,20.05,914.0,762.5,48750.17534666856,2248.6131809718804,50998.78852764044,21.43856541999517,23.11110100838172,15.839596479419328,6.356254004268979,0.04,0.05,0.010000000000000002
yandun,timesnet,mse,42,high,600.0,160.0,5000.0,0.05,4.0,0.0,200.5,10.025,40.1,914.0,762.5,44813.157723907614,4188.593180241738,49001.75090414935,19.329701779240576,20.8215203817319,20.23804074682363,5.873035250743091,0.04255374300039301,0.1,0.057446256999606995
yandun,timesnet,mse,42,high,600.0,160.0,5000.0,0.1,1.0,0.0,200.5,20.05,20.05,914.0,762.5,48965.6026788892,2557.2463626739027,51522.8490415631,20.568406676291932,22.16527628696518,17.6555799445392,6.524944993717227,0.04,0.05,0.010000000000000002
yandun,timesnet,mse,42,high,600.0,160.0,5000.0,0.1,2.0,0.0,200.5,20.05,40.1,914.0,762.5,38429.32394114391,4497.226361943761,42926.55030308767,16.769731716508414,18.07798464827275,25.54154654301505,4.962493740787969,0.08,0.1,0.020000000000000004
yandun,timesnet,mse,42,high,600.0,160.0,5000.0,0.1,4.0,0.0,200.5,20.05,80.2,914.0,762.5,31637.742443423733,8377.186360483476,40014.92880390721,13.398286588254923,14.332082985150493,32.65889333439072,4.097711063615155,0.0020318713705319564,0.2,0.19796812862946805
yandun,timesnet,mse,42,high,600.0,160.0,5000.0,0.2,1.0,0.0,200.5,40.1,40.1,914.0,762.5,39521.37400000664,5114.492725347805,44635.86672535444,16.22915394409814,17.490400113044203,26.669708850653937,5.258934978838866,0.08,0.1,0.020000000000000004
yandun,timesnet,mse,42,high,600.0,160.0,5000.0,0.2,2.0,0.0,200.5,40.1,80.2,914.0,762.5,24059.8562777106,8994.452723887522,33054.30900159813,11.105346495903957,11.839756797812507,37.444159614079844,2.9131147481510147,0.0020318713705319564,0.2,0.19796812862946805
yandun,timesnet,mse,42,high,600.0,160.0,5000.0,0.2,4.0,0.0,200.5,40.1,160.4,914.0,762.5,14517.984073082967,16754.372720966952,31272.356794049923,6.655037867268765,6.835653278919884,46.898571761607705,1.6612365945286351,-0.1579681286294681,0.4,0.5579681286294681
yandun,timesnet,mse,43,low,150.0,40.0,0.0,0.0,0.0,0.0,200.5,0.0,0.0,914.0,762.5,5114.125588480765,0.0,5114.125588480765,25.713811006808196,31.426348436488393,0.0,8.039085834385023,0.0,0.0,0.0
yandun,timesnet,mse,43,low,150.0,40.0,0.0,0.05,1.0,0.0,200.5,10.025,10.025,914.0,762.5,4386.331429919745,1278.6231813369513,5664.954611256695,20.518592731673277,25.800223491877833,10.821343219745556,7.125853998797252,0.02,0.025,0.005000000000000001
yandun,timesnet,mse,43,low,150.0,40.0,0.0,0.05,2.0,0.0,200.5,10.025,20.05,914.0,762.5,4051.673131970971,2248.6131809718804,6300.286312942851,18.105566700871222,23.19822055197694,15.83637219044839,6.271636874383212,0.04,0.05,0.010000000000000002
yandun,timesnet,mse,43,low,150.0,40.0,0.0,0.05,4.0,0.0,200.5,10.025,40.1,914.0,762.5,3760.232237778998,4188.593180241738,7948.825418020736,15.953711912875757,20.900950839141117,20.28549669127957,5.711715401106527,0.08,0.1,0.020000000000000004
yandun,timesnet,mse,43,low,150.0,40.0,0.0,0.1,1.0,0.0,200.5,20.05,20.05,914.0,762.5,3924.59337534436,2557.2463626739027,6481.839738018262,17.20623303859058,22.220683962541443,17.713242442164642,6.360435409875408,0.04,0.05,0.010000000000000002
yandun,timesnet,mse,43,low,150.0,40.0,0.0,0.1,2.0,0.0,200.5,20.05,40.1,914.0,762.5,3409.7762596825173,4497.226361943761,7907.002621626279,13.473561914039106,18.205135623014296,25.461461906243184,4.900619324870942,0.08,0.1,0.020000000000000004
yandun,timesnet,mse,43,low,150.0,40.0,0.0,0.1,4.0,0.0,200.5,20.05,80.2,914.0,762.5,2959.329468347456,8377.186360483476,11336.51582883093,10.172572347897312,14.669943757506795,32.297643337892396,4.100206003319204,0.1306826080509264,0.2,0.0693173919490736
yandun,timesnet,mse,43,low,150.0,40.0,0.0,0.2,1.0,0.0,200.5,40.1,40.1,914.0,762.5,3301.6059124265666,5114.492725347805,8416.098637774374,12.708048687304679,17.373056028737757,27.0590547272542,4.9068310336499765,0.08,0.1,0.020000000000000004
yandun,timesnet,mse,43,low,150.0,40.0,0.0,0.2,2.0,0.0,200.5,40.1,80.2,914.0,762.5,2630.387569069007,8994.452723887522,11624.840292956529,7.813986882693134,12.120587548053297,37.20558501255027,2.807652895312319,0.14442136476382758,0.2,0.055578635236172416
yandun,timesnet,mse,43,low,150.0,40.0,0.0,0.2,4.0,0.0,200.5,40.1,160.4,914.0,762.5,2031.3138615156715,16754.372720966952,18785.686582482624,3.8617776947718423,7.6905729659101745,45.58780878261478,1.7651111423170331,0.015763563660395382,0.4,0.38423643633960464
yandun,timesnet,mse,43,low,150.0,40.0,1000.0,0.0,0.0,0.0,200.5,0.0,0.0,914.0,762.5,13153.211422865788,0.0,13153.211422865788,25.713811006808196,31.426348436488393,0.0,8.039085834385023,0.0,0.0,0.0
yandun,timesnet,mse,43,low,150.0,40.0,1000.0,0.05,1.0,0.0,200.5,10.025,10.025,914.0,762.5,11512.185428716997,1278.6231813369513,12790.80861005395,20.518592731673277,25.800223491877833,10.821343219745556,7.125853998797252,0.02,0.025,0.005000000000000001
yandun,timesnet,mse,43,low,150.0,40.0,1000.0,0.05,2.0,0.0,200.5,10.025,20.05,914.0,762.5,10323.310006354182,2248.6131809718804,12571.923187326063,18.105566700871222,23.19822055197694,15.83637219044839,6.271636874383212,0.04,0.05,0.010000000000000002
yandun,timesnet,mse,43,low,150.0,40.0,1000.0,0.05,4.0,0.0,200.5,10.025,40.1,914.0,762.5,9471.947638885524,4188.593180241738,13660.540819127262,15.953711912875757,20.900950839141117,20.28549669127957,5.711715401106527,0.08,0.1,0.020000000000000004
yandun,timesnet,mse,43,low,150.0,40.0,1000.0,0.1,1.0,0.0,200.5,20.05,20.05,914.0,762.5,10285.028785219767,2557.2463626739027,12842.27514789367,17.20623303859058,22.220683962541443,17.713242442164642,6.360435409875408,0.04,0.05,0.010000000000000002
yandun,timesnet,mse,43,low,150.0,40.0,1000.0,0.1,2.0,0.0,200.5,20.05,40.1,914.0,762.5,8310.39558455346,4497.226361943761,12807.621946497218,13.473561914039106,18.205135623014296,25.461461906243184,4.900619324870942,0.08,0.1,0.020000000000000004
yandun,timesnet,mse,43,low,150.0,40.0,1000.0,0.1,4.0,0.0,200.5,20.05,80.2,914.0,762.5,7059.535471666659,8377.186360483476,15436.721832150133,10.172572347897312,14.669943757506795,32.297643337892396,4.100206003319204,0.1306826080509264,0.2,0.0693173919490736
yandun,timesnet,mse,43,low,150.0,40.0,1000.0,0.2,1.0,0.0,200.5,40.1,40.1,914.0,762.5,8208.436946076543,5114.492725347805,13322.929671424348,12.708048687304679,17.373056028737757,27.0590547272542,4.9068310336499765,0.08,0.1,0.020000000000000004
yandun,timesnet,mse,43,low,150.0,40.0,1000.0,0.2,2.0,0.0,200.5,40.1,80.2,914.0,762.5,5438.040464381326,8994.452723887522,14432.493188268847,7.813986882693134,12.120587548053297,37.20558501255027,2.807652895312319,0.14442136476382758,0.2,0.055578635236172416
yandun,timesnet,mse,43,low,150.0,40.0,1000.0,0.2,4.0,0.0,200.5,40.1,160.4,914.0,762.5,3796.4250038327045,16754.372720966952,20550.797724799653,3.8617776947718423,7.6905729659101745,45.58780878261478,1.7651111423170331,0.015763563660395382,0.4,0.38423643633960464
yandun,timesnet,mse,43,low,150.0,40.0,5000.0,0.0,0.0,0.0,200.5,0.0,0.0,914.0,762.5,45309.55476040588,0.0,45309.55476040588,25.713811006808196,31.426348436488393,0.0,8.039085834385023,0.0,0.0,0.0
yandun,timesnet,mse,43,low,150.0,40.0,5000.0,0.05,1.0,0.0,200.5,10.025,10.025,914.0,762.5,40015.601423906,1278.6231813369513,41294.224605242955,20.518592731673277,25.800223491877833,10.821343219745556,7.125853998797252,0.02,0.025,0.005000000000000001
yandun,timesnet,mse,43,low,150.0,40.0,5000.0,0.05,2.0,0.25,200.5,10.025,20.05,914.0,762.5,36528.578886124254,2248.6131809718804,38777.19206709613,19.081484814160397,24.23814966849424,13.820524960641961,6.469063410648875,0.02,0.05,0.030000000000000002
yandun,timesnet,mse,43,low,150.0,40.0,5000.0,0.05,4.0,0.0,200.5,10.025,40.1,914.0,762.5,32318.809243311636,4188.593180241738,36507.40242355337,15.953711912875757,20.900950839141117,20.28549669127957,5.711715401106527,0.08,0.1,0.020000000000000004
yandun,timesnet,mse,43,low,150.0,40.0,5000.0,0.1,1.0,0.0,200.5,20.05,20.05,914.0,762.5,35726.7704247214,2557.2463626739027,38284.0167873953,17.20623303859058,22.220683962541443,17.713242442164642,6.360435409875408,0.04,0.05,0.010000000000000002
yandun,timesnet,mse,43,low,150.0,40.0,5000.0,0.1,2.0,0.0,200.5,20.05,40.1,914.0,762.5,27912.872884037228,4497.226361943761,32410.09924598099,13.473561914039106,18.205135623014296,25.461461906243184,4.900619324870942,0.08,0.1,0.020000000000000004
yandun,timesnet,mse,43,low,150.0,40.0,5000.0,0.1,4.0,0.0,200.5,20.05,80.2,914.0,762.5,23460.359484943474,8377.186360483476,31837.545845426954,10.172572347897312,14.669943757506795,32.297643337892396,4.100206003319204,0.1306826080509264,0.2,0.0693173919490736
yandun,timesnet,mse,43,low,150.0,40.0,5000.0,0.2,1.0,0.0,200.5,40.1,40.1,914.0,762.5,27835.76108067645,5114.492725347805,32950.25380602426,12.708048687304679,17.373056028737757,27.0590547272542,4.9068310336499765,0.08,0.1,0.020000000000000004
yandun,timesnet,mse,43,low,150.0,40.0,5000.0,0.2,2.0,0.0,200.5,40.1,80.2,914.0,762.5,16668.652045630603,8994.452723887522,25663.104769518126,7.813986882693134,12.120587548053297,37.20558501255027,2.807652895312319,0.14442136476382758,0.2,0.055578635236172416
yandun,timesnet,mse,43,low,150.0,40.0,5000.0,0.2,4.0,0.0,200.5,40.1,160.4,914.0,762.5,10856.869573100837,16754.372720966952,27611.24229406779,3.8617776947718423,7.6905729659101745,45.58780878261478,1.7651111423170331,0.015763563660395382,0.4,0.38423643633960464
yandun,timesnet,mse,43,base,300.0,80.0,0.0,0.0,0.0,0.0,200.5,0.0,0.0,914.0,762.5,10228.25117696153,0.0,10228.25117696153,25.713811006808196,31.426348436488393,0.0,8.039085834385023,0.0,0.0,0.0
yandun,timesnet,mse,43,base,300.0,80.0,0.0,0.05,1.0,0.0,200.5,10.025,10.025,914.0,762.5,8496.12927934585,1278.6231813369513,9774.752460682801,20.518592731673277,25.800223491877833,10.821343219745556,7.125853998797252,0.02,0.025,0.005000000000000001
yandun,timesnet,mse,43,base,300.0,80.0,0.0,0.05,2.0,0.0,200.5,10.025,20.05,914.0,762.5,7695.436959180731,2248.6131809718804,9944.05014015261,18.105566700871222,23.19822055197694,15.83637219044839,6.271636874383212,0.04,0.05,0.010000000000000002
yandun,timesnet,mse,43,base,300.0,80.0,0.0,0.05,4.0,0.0,200.5,10.025,40.1,914.0,762.5,6989.327058276006,4188.593180241738,11177.920238517745,15.953711912875757,20.900950839141117,20.28549669127957,5.711715401106527,0.08,0.1,0.020000000000000004
yandun,timesnet,mse,43,base,300.0,80.0,0.0,0.1,1.0,0.0,200.5,20.05,20.05,914.0,762.5,7394.355689634605,2557.2463626739027,9951.602052308508,17.20623303859058,22.220683962541443,17.713242442164642,6.360435409875408,0.04,0.05,0.010000000000000002
yandun,timesnet,mse,43,base,300.0,80.0,0.0,0.1,2.0,0.0,200.5,20.05,40.1,914.0,762.5,6159.015971708955,4497.226361943761,10656.242333652717,13.473561914039106,18.205135623014296,25.461461906243184,4.900619324870942,0.08,0.1,0.020000000000000004
yandun,timesnet,mse,43,base,300.0,80.0,0.0,0.1,4.0,0.0,200.5,20.05,80.2,914.0,762.5,5072.013070832325,8377.186360483476,13449.199431315801,10.172572347897312,14.669943757506795,32.297643337892396,4.100206003319204,0.1306826080509264,0.2,0.0693173919490736
yandun,timesnet,mse,43,base,300.0,80.0,0.0,0.2,1.0,0.0,200.5,40.1,40.1,914.0,762.5,5902.7354566717795,5114.492725347805,11017.228182019584,12.708048687304679,17.373056028737757,27.0590547272542,4.9068310336499765,0.08,0.1,0.020000000000000004
yandun,timesnet,mse,43,base,300.0,80.0,0.0,0.2,2.0,0.0,200.5,40.1,80.2,914.0,762.5,4287.309103395109,8994.452723887522,13281.761827282631,7.813986882693134,12.120587548053297,37.20558501255027,2.807652895312319,0.14442136476382758,0.2,0.055578635236172416
yandun,timesnet,mse,43,base,300.0,80.0,0.0,0.2,4.0,0.0,200.5,40.1,160.4,914.0,762.5,2918.2034343678547,16754.372720966952,19672.576155334806,3.8617776947718423,7.6905729659101745,45.58780878261478,1.7651111423170331,0.015763563660395382,0.4,0.38423643633960464
yandun,timesnet,mse,43,base,300.0,80.0,1000.0,0.0,0.0,0.0,200.5,0.0,0.0,914.0,762.5,18267.337011346553,0.0,18267.337011346553,25.713811006808196,31.426348436488393,0.0,8.039085834385023,0.0,0.0,0.0
yandun,timesnet,mse,43,base,300.0,80.0,1000.0,0.05,1.0,0.0,200.5,10.025,10.025,914.0,762.5,15621.983278143101,1278.6231813369513,16900.606459480052,20.518592731673277,25.800223491877833,10.821343219745556,7.125853998797252,0.02,0.025,0.005000000000000001
yandun,timesnet,mse,43,base,300.0,80.0,1000.0,0.05,2.0,0.0,200.5,10.025,20.05,914.0,762.5,13967.073833563943,2248.6131809718804,16215.687014535824,18.105566700871222,23.19822055197694,15.83637219044839,6.271636874383212,0.04,0.05,0.010000000000000002
yandun,timesnet,mse,43,base,300.0,80.0,1000.0,0.05,4.0,0.0,200.5,10.025,40.1,914.0,762.5,12701.042459382534,4188.593180241738,16889.63563962427,15.953711912875757,20.900950839141117,20.28549669127957,5.711715401106527,0.08,0.1,0.020000000000000004
yandun,timesnet,mse,43,base,300.0,80.0,1000.0,0.1,1.0,0.0,200.5,20.05,20.05,914.0,762.5,13754.791099510014,2557.2463626739027,16312.037462183918,17.20623303859058,22.220683962541443,17.713242442164642,6.360435409875408,0.04,0.05,0.010000000000000002
yandun,timesnet,mse,43,base,300.0,80.0,1000.0,0.1,2.0,0.0,200.5,20.05,40.1,914.0,762.5,11059.635296579896,4497.226361943761,15556.861658523658,13.473561914039106,18.205135623014296,25.461461906243184,4.900619324870942,0.08,0.1,0.020000000000000004
yandun,timesnet,mse,43,base,300.0,80.0,1000.0,0.1,4.0,0.0,200.5,20.05,80.2,914.0,762.5,9172.219074151528,8377.186360483476,17549.405434635006,10.172572347897312,14.669943757506795,32.297643337892396,4.100206003319204,0.1306826080509264,0.2,0.0693173919490736
yandun,timesnet,mse,43,base,300.0,80.0,1000.0,0.2,1.0,0.0,200.5,40.1,40.1,914.0,762.5,10809.566490321757,5114.492725347805,15924.059215669562,12.708048687304679,17.373056028737757,27.0590547272542,4.9068310336499765,0.08,0.1,0.020000000000000004
yandun,timesnet,mse,43,base,300.0,80.0,1000.0,0.2,2.0,0.0,200.5,40.1,80.2,914.0,762.5,7094.9619987074275,8994.452723887522,16089.414722594951,7.813986882693134,12.120587548053297,37.20558501255027,2.807652895312319,0.14442136476382758,0.2,0.055578635236172416
yandun,timesnet,mse,43,base,300.0,80.0,1000.0,0.2,4.0,0.0,200.5,40.1,160.4,914.0,762.5,4683.3145766848875,16754.372720966952,21437.687297651835,3.8617776947718423,7.6905729659101745,45.58780878261478,1.7651111423170331,0.015763563660395382,0.4,0.38423643633960464
yandun,timesnet,mse,43,base,300.0,80.0,5000.0,0.0,0.0,0.0,200.5,0.0,0.0,914.0,762.5,50423.68034888664,0.0,50423.68034888664,25.713811006808196,31.426348436488393,0.0,8.039085834385023,0.0,0.0,0.0
yandun,timesnet,mse,43,base,300.0,80.0,5000.0,0.05,1.0,0.0,200.5,10.025,10.025,914.0,762.5,44125.39927333211,1278.6231813369513,45404.02245466905,20.518592731673277,25.800223491877833,10.821343219745556,7.125853998797252,0.02,0.025,0.005000000000000001
yandun,timesnet,mse,43,base,300.0,80.0,5000.0,0.05,2.0,0.0,200.5,10.025,20.05,914.0,762.5,39053.62133109679,2248.6131809718804,41302.234512068666,18.105566700871222,23.19822055197694,15.83637219044839,6.271636874383212,0.04,0.05,0.010000000000000002
yandun,timesnet,mse,43,base,300.0,80.0,5000.0,0.05,4.0,0.0,200.5,10.025,40.1,914.0,762.5,35547.904063808644,4188.593180241738,39736.49724405038,15.953711912875757,20.900950839141117,20.28549669127957,5.711715401106527,0.08,0.1,0.020000000000000004
yandun,timesnet,mse,43,base,300.0,80.0,5000.0,0.1,1.0,0.0,200.5,20.05,20.05,914.0,762.5,39196.53273901164,2557.2463626739027,41753.77910168555,17.20623303859058,22.220683962541443,17.713242442164642,6.360435409875408,0.04,0.05,0.010000000000000002
yandun,timesnet,mse,43,base,300.0,80.0,5000.0,0.1,2.0,0.0,200.5,20.05,40.1,914.0,762.5,30662.112596063667,4497.226361943761,35159.33895800743,13.473561914039106,18.205135623014296,25.461461906243184,4.900619324870942,0.08,0.1,0.020000000000000004
yandun,timesnet,mse,43,base,300.0,80.0,5000.0,0.1,4.0,0.0,200.5,20.05,80.2,914.0,762.5,25573.04308742834,8377.186360483476,33950.22944791182,10.172572347897312,14.669943757506795,32.297643337892396,4.100206003319204,0.1306826080509264,0.2,0.0693173919490736
yandun,timesnet,mse,43,base,300.0,80.0,5000.0,0.2,1.0,0.0,200.5,40.1,40.1,914.0,762.5,30436.890624921663,5114.492725347805,35551.38335026947,12.708048687304679,17.373056028737757,27.0590547272542,4.9068310336499765,0.08,0.1,0.020000000000000004
yandun,timesnet,mse,43,base,300.0,80.0,5000.0,0.2,2.0,0.0,200.5,40.1,80.2,914.0,762.5,18325.573579956705,8994.452723887522,27320.026303844224,7.813986882693134,12.120587548053297,37.20558501255027,2.807652895312319,0.14442136476382758,0.2,0.055578635236172416
yandun,timesnet,mse,43,base,300.0,80.0,5000.0,0.2,4.0,0.0,200.5,40.1,160.4,914.0,762.5,11743.759145953021,16754.372720966952,28498.13186691997,3.8617776947718423,7.6905729659101745,45.58780878261478,1.7651111423170331,0.015763563660395382,0.4,0.38423643633960464
yandun,timesnet,mse,43,high,600.0,160.0,0.0,0.0,0.0,0.0,200.5,0.0,0.0,914.0,762.5,20456.50235392306,0.0,20456.50235392306,25.713811006808196,31.426348436488393,0.0,8.039085834385023,0.0,0.0,0.0
yandun,timesnet,mse,43,high,600.0,160.0,0.0,0.05,1.0,0.0,200.5,10.025,10.025,914.0,762.5,16715.72497819806,1278.6231813369513,17994.348159535013,20.518592731673277,25.800223491877833,10.821343219745556,7.125853998797252,0.02,0.025,0.005000000000000001
yandun,timesnet,mse,43,high,600.0,160.0,0.0,0.05,2.0,0.0,200.5,10.025,20.05,914.0,762.5,14982.964613600254,2248.6131809718804,17231.577794572135,18.105566700871222,23.19822055197694,15.83637219044839,6.271636874383212,0.04,0.05,0.010000000000000002
yandun,timesnet,mse,43,high,600.0,160.0,0.0,0.05,4.0,0.0,200.5,10.025,40.1,914.0,762.5,13447.516699270023,4188.593180241738,17636.109879511758,15.953711912875757,20.900950839141117,20.28549669127957,5.711715401106527,0.08,0.1,0.020000000000000004
yandun,timesnet,mse,43,high,600.0,160.0,0.0,0.1,1.0,0.0,200.5,20.05,20.05,914.0,762.5,14333.880318215093,2557.2463626739027,16891.126680888996,17.20623303859058,22.220683962541443,17.713242442164642,6.360435409875408,0.04,0.05,0.010000000000000002
yandun,timesnet,mse,43,high,600.0,160.0,0.0,0.1,2.0,0.0,200.5,20.05,40.1,914.0,762.5,11657.49539576183,4497.226361943761,16154.72175770559,13.473561914039106,18.205135623014296,25.461461906243184,4.900619324870942,0.08,0.1,0.020000000000000004
yandun,timesnet,mse,43,high,600.0,160.0,0.0,0.1,4.0,0.0,200.5,20.05,80.2,914.0,762.5,9297.380275802063,8377.186360483476,17674.566636285537,10.172572347897312,14.669943757506795,32.297643337892396,4.100206003319204,0.1306826080509264,0.2,0.0693173919490736
yandun,timesnet,mse,43,high,600.0,160.0,0.0,0.2,1.0,0.0,200.5,40.1,40.1,914.0,762.5,11104.994545162202,5114.492725347805,16219.487270510008,12.708048687304679,17.373056028737757,27.0590547272542,4.9068310336499765,0.08,0.1,0.020000000000000004
yandun,timesnet,mse,43,high,600.0,160.0,0.0,0.2,2.0,0.0,200.5,40.1,80.2,914.0,762.5,7601.152172047313,8994.452723887522,16595.604895934834,7.813986882693134,12.120587548053297,37.20558501255027,2.807652895312319,0.14442136476382758,0.2,0.055578635236172416
yandun,timesnet,mse,43,high,600.0,160.0,0.0,0.2,4.0,0.0,200.5,40.1,160.4,914.0,762.5,4691.982580072221,16754.372720966952,21446.355301039173,3.8617776947718423,7.6905729659101745,45.58780878261478,1.7651111423170331,0.015763563660395382,0.4,0.38423643633960464
yandun,timesnet,mse,43,high,600.0,160.0,1000.0,0.0,0.0,0.0,200.5,0.0,0.0,914.0,762.5,28495.588188308084,0.0,28495.588188308084,25.713811006808196,31.426348436488393,0.0,8.039085834385023,0.0,0.0,0.0
yandun,timesnet,mse,43,high,600.0,160.0,1000.0,0.05,1.0,0.0,200.5,10.025,10.025,914.0,762.5,23841.578976995315,1278.6231813369513,25120.202158332268,20.518592731673277,25.800223491877833,10.821343219745556,7.125853998797252,0.02,0.025,0.005000000000000001
yandun,timesnet,mse,43,high,600.0,160.0,1000.0,0.05,2.0,0.0,200.5,10.025,20.05,914.0,762.5,21254.601487983466,2248.6131809718804,23503.21466895534,18.105566700871222,23.19822055197694,15.83637219044839,6.271636874383212,0.04,0.05,0.010000000000000002
yandun,timesnet,mse,43,high,600.0,160.0,1000.0,0.05,4.0,0.0,200.5,10.025,40.1,914.0,762.5,19159.232100376546,4188.593180241738,23347.825280618286,15.953711912875757,20.900950839141117,20.28549669127957,5.711715401106527,0.08,0.1,0.020000000000000004
yandun,timesnet,mse,43,high,600.0,160.0,1000.0,0.1,1.0,0.0,200.5,20.05,20.05,914.0,762.5,20694.3157280905,2557.2463626739027,23251.562090764404,17.20623303859058,22.220683962541443,17.713242442164642,6.360435409875408,0.04,0.05,0.010000000000000002
yandun,timesnet,mse,43,high,600.0,160.0,1000.0,0.1,2.0,0.0,200.5,20.05,40.1,914.0,762.5,16558.114720632773,4497.226361943761,21055.34108257653,13.473561914039106,18.205135623014296,25.461461906243184,4.900619324870942,0.08,0.1,0.020000000000000004
yandun,timesnet,mse,43,high,600.0,160.0,1000.0,0.1,4.0,0.0,200.5,20.05,80.2,914.0,762.5,13397.586279121268,8377.186360483476,21774.772639604744,10.172572347897312,14.669943757506795,32.297643337892396,4.100206003319204,0.1306826080509264,0.2,0.0693173919490736
yandun,timesnet,mse,43,high,600.0,160.0,1000.0,0.2,1.0,0.0,200.5,40.1,40.1,914.0,762.5,16011.82557881218,5114.492725347805,21126.318304159988,12.708048687304679,17.373056028737757,27.0590547272542,4.9068310336499765,0.08,0.1,0.020000000000000004
yandun,timesnet,mse,43,high,600.0,160.0,1000.0,0.2,2.0,0.0,200.5,40.1,80.2,914.0,762.5,10408.805067359632,8994.452723887522,19403.257791247153,7.813986882693134,12.120587548053297,37.20558501255027,2.807652895312319,0.14442136476382758,0.2,0.055578635236172416
yandun,timesnet,mse,43,high,600.0,160.0,1000.0,0.2,4.0,0.0,200.5,40.1,160.4,914.0,762.5,6457.093722389254,16754.372720966952,23211.466443356207,3.8617776947718423,7.6905729659101745,45.58780878261478,1.7651111423170331,0.015763563660395382,0.4,0.38423643633960464
yandun,timesnet,mse,43,high,600.0,160.0,5000.0,0.0,0.0,0.0,200.5,0.0,0.0,914.0,762.5,60651.93152584817,0.0,60651.93152584817,25.713811006808196,31.426348436488393,0.0,8.039085834385023,0.0,0.0,0.0
yandun,timesnet,mse,43,high,600.0,160.0,5000.0,0.05,1.0,0.0,200.5,10.025,10.025,914.0,762.5,52344.99497218432,1278.6231813369513,53623.61815352127,20.518592731673277,25.800223491877833,10.821343219745556,7.125853998797252,0.02,0.025,0.005000000000000001
yandun,timesnet,mse,43,high,600.0,160.0,5000.0,0.05,2.0,0.0,200.5,10.025,20.05,914.0,762.5,46341.14898551631,2248.6131809718804,48589.76216648819,18.105566700871222,23.19822055197694,15.83637219044839,6.271636874383212,0.04,0.05,0.010000000000000002
yandun,timesnet,mse,43,high,600.0,160.0,5000.0,0.05,4.0,0.0,200.5,10.025,40.1,914.0,762.5,42006.09370480266,4188.593180241738,46194.68688504439,15.953711912875757,20.900950839141117,20.28549669127957,5.711715401106527,0.08,0.1,0.020000000000000004
yandun,timesnet,mse,43,high,600.0,160.0,5000.0,0.1,1.0,0.0,200.5,20.05,20.05,914.0,762.5,46136.05736759214,2557.2463626739027,48693.303730266045,17.20623303859058,22.220683962541443,17.713242442164642,6.360435409875408,0.04,0.05,0.010000000000000002
yandun,timesnet,mse,43,high,600.0,160.0,5000.0,0.1,2.0,0.0,200.5,20.05,40.1,914.0,762.5,36160.59202011654,4497.226361943761,40657.8183820603,13.473561914039106,18.205135623014296,25.461461906243184,4.900619324870942,0.08,0.1,0.020000000000000004
yandun,timesnet,mse,43,high,600.0,160.0,5000.0,0.1,4.0,0.0,200.5,20.05,80.2,914.0,762.5,29798.410292398083,8377.186360483476,38175.596652881555,10.172572347897312,14.669943757506795,32.297643337892396,4.100206003319204,0.1306826080509264,0.2,0.0693173919490736
yandun,timesnet,mse,43,high,600.0,160.0,5000.0,0.2,1.0,0.0,200.5,40.1,40.1,914.0,762.5,35639.14971341209,5114.492725347805,40753.64243875989,12.708048687304679,17.373056028737757,27.0590547272542,4.9068310336499765,0.08,0.1,0.020000000000000004
yandun,timesnet,mse,43,high,600.0,160.0,5000.0,0.2,2.0,0.0,200.5,40.1,80.2,914.0,762.5,21639.41664860891,8994.452723887522,30633.869372496432,7.813986882693134,12.120587548053297,37.20558501255027,2.807652895312319,0.14442136476382758,0.2,0.055578635236172416
yandun,timesnet,mse,43,high,600.0,160.0,5000.0,0.2,4.0,0.0,200.5,40.1,160.4,914.0,762.5,13517.538291657387,16754.372720966952,30271.911012624343,3.8617776947718423,7.6905729659101745,45.58780878261478,1.7651111423170331,0.015763563660395382,0.4,0.38423643633960464
yandun,timesnet,event_weighted,41,low,150.0,40.0,0.0,0.0,0.0,0.0,200.5,0.0,0.0,914.0,762.5,6599.452256095437,0.0,6599.452256095437,34.90035306618334,34.109982404198405,0.0,10.626878676610456,0.0,0.0,0.0
yandun,timesnet,event_weighted,41,low,150.0,40.0,0.0,0.05,1.0,0.0,200.5,10.025,10.025,914.0,762.5,5936.269122054645,1278.6231813369513,7214.892303391596,30.162382041499267,28.980865340512697,9.867088088369849,9.553330410243081,0.02,0.025,0.005
yandun,timesnet,event_weighted,41,low,150.0,40.0,0.0,0.05,2.0,0.0,200.5,10.025,20.05,914.0,762.5,5602.872848792468,2248.6131809718804,7851.486029764349,27.758287262325446,26.38857028281641,14.863477925239806,8.459375412912916,0.04,0.05,0.010000000000000002
yandun,timesnet,event_weighted,41,low,150.0,40.0,0.0,0.05,4.0,0.0,200.5,10.025,40.1,914.0,762.5,5261.036119821468,4188.593180241738,9449.629300063205,25.249785028201472,23.703640302449624,20.056910139730487,7.682836244872148,0.08,0.1,0.020000000000000004
yandun,timesnet,event_weighted,41,low,150.0,40.0,0.0,0.1,1.0,0.0,200.5,20.05,20.05,914.0,762.5,5477.452498142303,2557.2463626739027,8034.6988608162055,26.870697088493475,25.423798354738214,16.715840027150108,8.71822191342669,0.04,0.05,0.010000000000000002
yandun,timesnet,event_weighted,41,low,150.0,40.0,0.0,0.1,2.0,0.0,200.5,20.05,40.1,914.0,762.5,4932.137461920836,4497.226361943761,9429.363823864598,22.92219452613543,21.17365062629089,24.914490317955412,6.84298127273777,0.08,0.1,0.020000000000000004
yandun,timesnet,event_weighted,41,low,150.0,40.0,0.0,0.1,4.0,0.0,200.5,20.05,80.2,914.0,762.5,4390.814932775194,8377.186360483476,12768.001293258669,19.004621672409463,16.955873606748145,33.04984019122403,5.730557989916359,0.11880244287749571,0.2,0.0811975571225043
yandun,timesnet,event_weighted,41,low,150.0,40.0,0.0,0.2,1.0,0.0,200.5,40.1,40.1,914.0,762.5,4847.975413495461,5114.492725347805,9962.468138843265,22.32658618343278,20.526250253787953,26.157499033161063,7.35296673449717,0.08,0.1,0.020000000000000004
yandun,timesnet,event_weighted,41,low,150.0,40.0,0.0,0.2,2.0,0.0,200.5,40.1,80.2,914.0,762.5,4117.0169633638225,8994.452723887522,13111.469687251343,16.989837862393106,14.801893671223528,37.2186039367652,4.346318784661499,0.15333479578928352,0.2,0.046665204210716474
yandun,timesnet,event_weighted,41,low,150.0,40.0,0.0,0.2,4.0,0.0,200.5,40.1,160.4,914.0,762.5,3333.541087688064,16754.372720966952,20087.913808655016,11.802639350927679,8.996822888385024,48.210873231069066,2.800692582951664,-0.0066652042107167445,0.4,0.4066652042107168
yandun,timesnet,event_weighted,41,low,150.0,40.0,1000.0,0.0,0.0,0.0,200.5,0.0,0.0,914.0,762.5,17226.330932705892,0.0,17226.330932705892,34.90035306618334,34.109982404198405,0.0,10.626878676610456,0.0,0.0,0.0
yandun,timesnet,event_weighted,41,low,150.0,40.0,1000.0,0.05,1.0,0.0,200.5,10.025,10.025,914.0,762.5,15489.599532297727,1278.6231813369513,16768.222713634677,30.162382041499267,28.980865340512697,9.867088088369849,9.553330410243081,0.02,0.025,0.005
yandun,timesnet,event_weighted,41,low,150.0,40.0,1000.0,0.05,2.0,0.25,200.5,10.025,20.05,914.0,762.5,14318.193004444298,2248.6131809718804,16566.80618541618,28.571165469302183,27.251282109863705,13.187887891215796,8.606769702374027,0.02,0.05,0.030000000000000002
yandun,timesnet,event_weighted,41,low,150.0,40.0,1000.0,0.05,4.0,0.0,200.5,10.025,40.1,914.0,762.5,12943.872364693616,4188.593180241738,17132.465544935352,25.249785028201472,23.703640302449624,20.056910139730487,7.682836244872148,0.08,0.1,0.020000000000000004
yandun,timesnet,event_weighted,41,low,150.0,40.0,1000.0,0.1,1.0,0.0,200.5,20.05,20.05,914.0,762.5,14195.674411568993,2557.2463626739027,16752.920774242895,26.870697088493475,25.423798354738214,16.715840027150108,8.71822191342669,0.04,0.05,0.010000000000000002
yandun,timesnet,event_weighted,41,low,150.0,40.0,1000.0,0.1,2.0,0.25,200.5,20.05,40.1,914.0,762.5,12160.735100065063,4497.226361943761,16657.961462008825,24.255195789772824,22.580862160476634,22.174277520132357,7.0528643071767645,0.04,0.1,0.060000000000000005
yandun,timesnet,event_weighted,41,low,150.0,40.0,1000.0,0.1,4.0,0.0,200.5,20.05,80.2,914.0,762.5,10121.372922691553,8377.186360483476,18498.55928317503,19.004621672409463,16.955873606748145,33.04984019122403,5.730557989916359,0.11880244287749571,0.2,0.0811975571225043
yandun,timesnet,event_weighted,41,low,150.0,40.0,1000.0,0.2,1.0,0.0,200.5,40.1,40.1,914.0,762.5,12200.94214799263,5114.492725347805,17315.434873340437,22.32658618343278,20.526250253787953,26.157499033161063,7.35296673449717,0.08,0.1,0.020000000000000004
yandun,timesnet,event_weighted,41,low,150.0,40.0,1000.0,0.2,2.0,0.0,200.5,40.1,80.2,914.0,762.5,8463.335748025322,8994.452723887522,17457.788471912845,16.989837862393106,14.801893671223528,37.2186039367652,4.346318784661499,0.15333479578928352,0.2,0.046665204210716474
yandun,timesnet,event_weighted,41,low,150.0,40.0,1000.0,0.2,4.0,0.0,200.5,40.1,160.4,914.0,762.5,6134.233670639729,16754.372720966952,22888.60639160668,11.802639350927679,8.996822888385024,48.210873231069066,2.800692582951664,-0.0066652042107167445,0.4,0.4066652042107168
yandun,timesnet,event_weighted,41,low,150.0,40.0,5000.0,0.0,0.0,0.0,200.5,0.0,0.0,914.0,762.5,59733.845639147716,0.0,59733.845639147716,34.90035306618334,34.109982404198405,0.0,10.626878676610456,0.0,0.0,0.0
yandun,timesnet,event_weighted,41,low,150.0,40.0,5000.0,0.05,1.0,0.0,200.5,10.025,10.025,914.0,762.5,53702.92117327005,1278.6231813369513,54981.544354606995,30.162382041499267,28.980865340512697,9.867088088369849,9.553330410243081,0.02,0.025,0.005
yandun,timesnet,event_weighted,41,low,150.0,40.0,5000.0,0.05,2.0,0.25,200.5,10.025,20.05,914.0,762.5,48745.2718139404,2248.6131809718804,50993.88499491229,28.571165469302183,27.251282109863705,13.187887891215796,8.606769702374027,0.02,0.05,0.030000000000000002
yandun,timesnet,event_weighted,41,low,150.0,40.0,5000.0,0.05,4.0,0.0,200.5,10.025,40.1,914.0,762.5,43675.21734418221,4188.593180241738,47863.81052442395,25.249785028201472,23.703640302449624,20.056910139730487,7.682836244872148,0.08,0.1,0.020000000000000004
yandun,timesnet,event_weighted,41,low,150.0,40.0,5000.0,0.1,1.0,0.25,200.5,20.05,20.05,914.0,762.5,50072.61075737721,2557.2463626739027,52629.857120051114,27.8848989480757,26.505340238965342,14.620096283340738,8.891631979704744,0.02,0.05,0.030000000000000002
yandun,timesnet,event_weighted,41,low,150.0,40.0,5000.0,0.1,2.0,0.25,200.5,20.05,40.1,914.0,762.5,40372.19232877212,4497.226361943761,44869.41869071588,24.255195789772824,22.580862160476634,22.174277520132357,7.0528643071767645,0.04,0.1,0.060000000000000005
yandun,timesnet,event_weighted,41,low,150.0,40.0,5000.0,0.1,4.0,0.0,200.5,20.05,80.2,914.0,762.5,33043.60488235699,8377.186360483476,41420.79124284046,19.004621672409463,16.955873606748145,33.04984019122403,5.730557989916359,0.11880244287749571,0.2,0.0811975571225043
yandun,timesnet,event_weighted,41,low,150.0,40.0,5000.0,0.2,1.0,0.0,200.5,40.1,40.1,914.0,762.5,41612.80908598131,5114.492725347805,46727.30181132912,22.32658618343278,20.526250253787953,26.157499033161063,7.35296673449717,0.08,0.1,0.020000000000000004
yandun,timesnet,event_weighted,41,low,150.0,40.0,5000.0,0.2,2.0,0.0,200.5,40.1,80.2,914.0,762.5,25848.61088667132,8994.452723887522,34843.06361055884,16.989837862393106,14.801893671223528,37.2186039367652,4.346318784661499,0.15333479578928352,0.2,0.046665204210716474
yandun,timesnet,event_weighted,41,low,150.0,40.0,5000.0,0.2,4.0,0.0,200.5,40.1,160.4,914.0,762.5,17337.00400244638,16754.372720966952,34091.376723413334,11.802639350927679,8.996822888385024,48.210873231069066,2.800692582951664,-0.0066652042107167445,0.4,0.4066652042107168
yandun,timesnet,event_weighted,41,base,300.0,80.0,0.0,0.0,0.0,0.0,200.5,0.0,0.0,914.0,762.5,13198.904512190875,0.0,13198.904512190875,34.90035306618334,34.109982404198405,0.0,10.626878676610456,0.0,0.0,0.0
yandun,timesnet,event_weighted,41,base,300.0,80.0,0.0,0.05,1.0,0.0,200.5,10.025,10.025,914.0,762.5,11619.861041900045,1278.6231813369513,12898.484223236996,30.162382041499267,28.980865340512697,9.867088088369849,9.553330410243081,0.02,0.025,0.005
yandun,timesnet,event_weighted,41,base,300.0,80.0,0.0,0.05,2.0,0.0,200.5,10.025,20.05,914.0,762.5,10822.158749453942,2248.6131809718804,13070.771930425823,27.758287262325446,26.38857028281641,14.863477925239806,8.459375412912916,0.04,0.05,0.010000000000000002
yandun,timesnet,event_weighted,41,base,300.0,80.0,0.0,0.05,4.0,0.0,200.5,10.025,40.1,914.0,762.5,9996.649486149672,4188.593180241738,14185.24266639141,25.249785028201472,23.703640302449624,20.056910139730487,7.682836244872148,0.08,0.1,0.020000000000000004
yandun,timesnet,event_weighted,41,base,300.0,80.0,0.0,0.1,1.0,0.0,200.5,20.05,20.05,914.0,762.5,10525.008995605853,2557.2463626739027,13082.255358279757,26.870697088493475,25.423798354738214,16.715840027150108,8.71822191342669,0.04,0.05,0.010000000000000002
yandun,timesnet,event_weighted,41,base,300.0,80.0,0.0,0.1,2.0,0.0,200.5,20.05,40.1,914.0,762.5,9217.412665892785,4497.226361943761,13714.639027836547,22.92219452613543,21.17365062629089,24.914490317955412,6.84298127273777,0.08,0.1,0.020000000000000004
yandun,timesnet,event_weighted,41,base,300.0,80.0,0.0,0.1,4.0,0.0,200.5,20.05,80.2,914.0,762.5,7919.74312790654,8377.186360483476,16296.929488390015,19.004621672409463,16.955873606748145,33.04984019122403,5.730557989916359,0.11880244287749571,0.2,0.0811975571225043
yandun,timesnet,event_weighted,41,base,300.0,80.0,0.0,0.2,1.0,0.0,200.5,40.1,40.1,914.0,762.5,9018.013351161895,5114.492725347805,14132.506076509702,22.32658618343278,20.526250253787953,26.157499033161063,7.35296673449717,0.08,0.1,0.020000000000000004
yandun,timesnet,event_weighted,41,base,300.0,80.0,0.0,0.2,2.0,0.0,200.5,40.1,80.2,914.0,762.5,7257.56838957173,8994.452723887522,16252.021113459254,16.989837862393106,14.801893671223528,37.2186039367652,4.346318784661499,0.15333479578928352,0.2,0.046665204210716474
yandun,timesnet,event_weighted,41,base,300.0,80.0,0.0,0.2,4.0,0.0,200.5,40.1,160.4,914.0,762.5,5463.809905862618,16754.372720966952,22218.18262682957,11.802639350927679,8.996822888385024,48.210873231069066,2.800692582951664,-0.0066652042107167445,0.4,0.4066652042107168
yandun,timesnet,event_weighted,41,base,300.0,80.0,1000.0,0.0,0.0,0.0,200.5,0.0,0.0,914.0,762.5,23825.78318880133,0.0,23825.78318880133,34.90035306618334,34.109982404198405,0.0,10.626878676610456,0.0,0.0,0.0
yandun,timesnet,event_weighted,41,base,300.0,80.0,1000.0,0.05,1.0,0.0,200.5,10.025,10.025,914.0,762.5,21173.191452143124,1278.6231813369513,22451.814633480077,30.162382041499267,28.980865340512697,9.867088088369849,9.553330410243081,0.02,0.025,0.005
yandun,timesnet,event_weighted,41,base,300.0,80.0,1000.0,0.05,2.0,0.0,200.5,10.025,20.05,914.0,762.5,19281.534162366857,2248.6131809718804,21530.14734333874,27.758287262325446,26.38857028281641,14.863477925239806,8.459375412912916,0.04,0.05,0.010000000000000002
yandun,timesnet,event_weighted,41,base,300.0,80.0,1000.0,0.05,4.0,0.0,200.5,10.025,40.1,914.0,762.5,17679.485731021818,4188.593180241738,21868.078911263558,25.249785028201472,23.703640302449624,20.056910139730487,7.682836244872148,0.08,0.1,0.020000000000000004
yandun,timesnet,event_weighted,41,base,300.0,80.0,1000.0,0.1,1.0,0.0,200.5,20.05,20.05,914.0,762.5,19243.230909032543,2557.2463626739027,21800.477271706448,26.870697088493475,25.423798354738214,16.715840027150108,8.71822191342669,0.04,0.05,0.010000000000000002
yandun,timesnet,event_weighted,41,base,300.0,80.0,1000.0,0.1,2.0,0.0,200.5,20.05,40.1,914.0,762.5,16060.393938630554,4497.226361943761,20557.620300574315,22.92219452613543,21.17365062629089,24.914490317955412,6.84298127273777,0.08,0.1,0.020000000000000004
yandun,timesnet,event_weighted,41,base,300.0,80.0,1000.0,0.1,4.0,0.0,200.5,20.05,80.2,914.0,762.5,13650.301117822899,8377.186360483476,22027.48747830637,19.004621672409463,16.955873606748145,33.04984019122403,5.730557989916359,0.11880244287749571,0.2,0.0811975571225043
yandun,timesnet,event_weighted,41,base,300.0,80.0,1000.0,0.2,1.0,0.0,200.5,40.1,40.1,914.0,762.5,16370.980085659066,5114.492725347805,21485.47281100687,22.32658618343278,20.526250253787953,26.157499033161063,7.35296673449717,0.08,0.1,0.020000000000000004
yandun,timesnet,event_weighted,41,base,300.0,80.0,1000.0,0.2,2.0,0.0,200.5,40.1,80.2,914.0,762.5,11603.887174233227,8994.452723887522,20598.33989812075,16.989837862393106,14.801893671223528,37.2186039367652,4.346318784661499,0.15333479578928352,0.2,0.046665204210716474
yandun,timesnet,event_weighted,41,base,300.0,80.0,1000.0,0.2,4.0,0.0,200.5,40.1,160.4,914.0,762.5,8264.502488814282,16754.372720966952,25018.875209781232,11.802639350927679,8.996822888385024,48.210873231069066,2.800692582951664,-0.0066652042107167445,0.4,0.4066652042107168
yandun,timesnet,event_weighted,41,base,300.0,80.0,5000.0,0.0,0.0,0.0,200.5,0.0,0.0,914.0,762.5,66333.29789524316,0.0,66333.29789524316,34.90035306618334,34.109982404198405,0.0,10.626878676610456,0.0,0.0,0.0
yandun,timesnet,event_weighted,41,base,300.0,80.0,5000.0,0.05,1.0,0.0,200.5,10.025,10.025,914.0,762.5,59386.51309311544,1278.6231813369513,60665.13627445239,30.162382041499267,28.980865340512697,9.867088088369849,9.553330410243081,0.02,0.025,0.005
yandun,timesnet,event_weighted,41,base,300.0,80.0,5000.0,0.05,2.0,0.25,200.5,10.025,20.05,914.0,762.5,54120.99791873028,2248.6131809718804,56369.61109970217,28.571165469302183,27.251282109863705,13.187887891215796,8.606769702374027,0.02,0.05,0.030000000000000002
yandun,timesnet,event_weighted,41,base,300.0,80.0,5000.0,0.05,4.0,0.0,200.5,10.025,40.1,914.0,762.5,48410.83071051042,4188.593180241738,52599.42389075216,25.249785028201472,23.703640302449624,20.056910139730487,7.682836244872148,0.08,0.1,0.020000000000000004
yandun,timesnet,event_weighted,41,base,300.0,80.0,5000.0,0.1,1.0,0.0,200.5,20.05,20.05,914.0,762.5,54116.118562739306,2557.2463626739027,56673.36492541321,26.870697088493475,25.423798354738214,16.715840027150108,8.71822191342669,0.04,0.05,0.010000000000000002
yandun,timesnet,event_weighted,41,base,300.0,80.0,5000.0,0.1,2.0,0.25,200.5,20.05,40.1,914.0,762.5,44913.70618365711,4497.226361943761,49410.93254560087,24.255195789772824,22.580862160476634,22.174277520132357,7.0528643071767645,0.04,0.1,0.060000000000000005
yandun,timesnet,event_weighted,41,base,300.0,80.0,5000.0,0.1,4.0,0.0,200.5,20.05,80.2,914.0,762.5,36572.53307748833,8377.186360483476,44949.71943797181,19.004621672409463,16.955873606748145,33.04984019122403,5.730557989916359,0.11880244287749571,0.2,0.0811975571225043
yandun,timesnet,event_weighted,41,base,300.0,80.0,5000.0,0.2,1.0,0.0,200.5,40.1,40.1,914.0,762.5,45782.847023647744,5114.492725347805,50897.33974899555,22.32658618343278,20.526250253787953,26.157499033161063,7.35296673449717,0.08,0.1,0.020000000000000004
yandun,timesnet,event_weighted,41,base,300.0,80.0,5000.0,0.2,2.0,0.0,200.5,40.1,80.2,914.0,762.5,28989.162312879223,8994.452723887522,37983.61503676674,16.989837862393106,14.801893671223528,37.2186039367652,4.346318784661499,0.15333479578928352,0.2,0.046665204210716474
yandun,timesnet,event_weighted,41,base,300.0,80.0,5000.0,0.2,4.0,0.0,200.5,40.1,160.4,914.0,762.5,19467.272820620936,16754.372720966952,36221.64554158789,11.802639350927679,8.996822888385024,48.210873231069066,2.800692582951664,-0.0066652042107167445,0.4,0.4066652042107168
yandun,timesnet,event_weighted,41,high,600.0,160.0,0.0,0.0,0.0,0.0,200.5,0.0,0.0,914.0,762.5,26397.80902438175,0.0,26397.80902438175,34.90035306618334,34.109982404198405,0.0,10.626878676610456,0.0,0.0,0.0
yandun,timesnet,event_weighted,41,high,600.0,160.0,0.0,0.05,1.0,0.0,200.5,10.025,10.025,914.0,762.5,22987.04488159084,1278.6231813369513,24265.66806292779,30.162382041499267,28.980865340512697,9.867088088369849,9.553330410243081,0.02,0.025,0.005
yandun,timesnet,event_weighted,41,high,600.0,160.0,0.0,0.05,2.0,0.0,200.5,10.025,20.05,914.0,762.5,21260.730550776887,2248.6131809718804,23509.343731748766,27.758287262325446,26.38857028281641,14.863477925239806,8.459375412912916,0.04,0.05,0.010000000000000002
yandun,timesnet,event_weighted,41,high,600.0,160.0,0.0,0.05,4.0,0.0,200.5,10.025,40.1,914.0,762.5,19467.876218806083,4188.593180241738,23656.46939904782,25.249785028201472,23.703640302449624,20.056910139730487,7.682836244872148,0.08,0.1,0.020000000000000004
yandun,timesnet,event_weighted,41,high,600.0,160.0,0.0,0.1,1.0,0.0,200.5,20.05,20.05,914.0,762.5,20620.121990532953,2557.2463626739027,23177.368353206853,26.870697088493475,25.423798354738214,16.715840027150108,8.71822191342669,0.04,0.05,0.010000000000000002
yandun,timesnet,event_weighted,41,high,600.0,160.0,0.0,0.1,2.0,0.0,200.5,20.05,40.1,914.0,762.5,17787.963073836687,4497.226361943761,22285.18943578045,22.92219452613543,21.17365062629089,24.914490317955412,6.84298127273777,0.08,0.1,0.020000000000000004
yandun,timesnet,event_weighted,41,high,600.0,160.0,0.0,0.1,4.0,0.0,200.5,20.05,80.2,914.0,762.5,14977.59951816923,8377.186360483476,23354.785878652707,19.004621672409463,16.955873606748145,33.04984019122403,5.730557989916359,0.11880244287749571,0.2,0.0811975571225043
yandun,timesnet,event_weighted,41,high,600.0,160.0,0.0,0.2,1.0,0.0,200.5,40.1,40.1,914.0,762.5,17358.089226494765,5114.492725347805,22472.58195184257,22.32658618343278,20.526250253787953,26.157499033161063,7.35296673449717,0.08,0.1,0.020000000000000004
yandun,timesnet,event_weighted,41,high,600.0,160.0,0.0,0.2,2.0,0.0,200.5,40.1,80.2,914.0,762.5,13538.671241987544,8994.452723887522,22533.123965875067,16.989837862393106,14.801893671223528,37.2186039367652,4.346318784661499,0.15333479578928352,0.2,0.046665204210716474
yandun,timesnet,event_weighted,41,high,600.0,160.0,0.0,0.2,4.0,0.0,200.5,40.1,160.4,914.0,762.5,9724.347542211723,16754.372720966952,26478.720263178675,11.802639350927679,8.996822888385024,48.210873231069066,2.800692582951664,-0.0066652042107167445,0.4,0.4066652042107168
yandun,timesnet,event_weighted,41,high,600.0,160.0,1000.0,0.0,0.0,0.0,200.5,0.0,0.0,914.0,762.5,37024.6877009922,0.0,37024.6877009922,34.90035306618334,34.109982404198405,0.0,10.626878676610456,0.0,0.0,0.0
yandun,timesnet,event_weighted,41,high,600.0,160.0,1000.0,0.05,1.0,0.0,200.5,10.025,10.025,914.0,762.5,32540.37529183392,1278.6231813369513,33818.99847317087,30.162382041499267,28.980865340512697,9.867088088369849,9.553330410243081,0.02,0.025,0.005
yandun,timesnet,event_weighted,41,high,600.0,160.0,1000.0,0.05,2.0,0.0,200.5,10.025,20.05,914.0,762.5,29720.105963689803,2248.6131809718804,31968.71914466168,27.758287262325446,26.38857028281641,14.863477925239806,8.459375412912916,0.04,0.05,0.010000000000000002
yandun,timesnet,event_weighted,41,high,600.0,160.0,1000.0,0.05,4.0,0.0,200.5,10.025,40.1,914.0,762.5,27150.712463678232,4188.593180241738,31339.305643919968,25.249785028201472,23.703640302449624,20.056910139730487,7.682836244872148,0.08,0.1,0.020000000000000004
yandun,timesnet,event_weighted,41,high,600.0,160.0,1000.0,0.1,1.0,0.0,200.5,20.05,20.05,914.0,762.5,29338.34390395964,2557.2463626739027,31895.590266633546,26.870697088493475,25.423798354738214,16.715840027150108,8.71822191342669,0.04,0.05,0.010000000000000002
yandun,timesnet,event_weighted,41,high,600.0,160.0,1000.0,0.1,2.0,0.0,200.5,20.05,40.1,914.0,762.5,24630.94434657446,4497.226361943761,29128.17070851822,22.92219452613543,21.17365062629089,24.914490317955412,6.84298127273777,0.08,0.1,0.020000000000000004
yandun,timesnet,event_weighted,41,high,600.0,160.0,1000.0,0.1,4.0,0.0,200.5,20.05,80.2,914.0,762.5,20708.15750808559,8377.186360483476,29085.34386856907,19.004621672409463,16.955873606748145,33.04984019122403,5.730557989916359,0.11880244287749571,0.2,0.0811975571225043
yandun,timesnet,event_weighted,41,high,600.0,160.0,1000.0,0.2,1.0,0.0,200.5,40.1,40.1,914.0,762.5,24711.055960991936,5114.492725347805,29825.548686339745,22.32658618343278,20.526250253787953,26.157499033161063,7.35296673449717,0.08,0.1,0.020000000000000004
yandun,timesnet,event_weighted,41,high,600.0,160.0,1000.0,0.2,2.0,0.0,200.5,40.1,80.2,914.0,762.5,17884.99002664904,8994.452723887522,26879.442750536564,16.989837862393106,14.801893671223528,37.2186039367652,4.346318784661499,0.15333479578928352,0.2,0.046665204210716474
yandun,timesnet,event_weighted,41,high,600.0,160.0,1000.0,0.2,4.0,0.0,200.5,40.1,160.4,914.0,762.5,12525.040125163387,16754.372720966952,29279.412846130333,11.802639350927679,8.996822888385024,48.210873231069066,2.800692582951664,-0.0066652042107167445,0.4,0.4066652042107168
yandun,timesnet,event_weighted,41,high,600.0,160.0,5000.0,0.0,0.0,0.0,200.5,0.0,0.0,914.0,762.5,79532.20240743403,0.0,79532.20240743403,34.90035306618334,34.109982404198405,0.0,10.626878676610456,0.0,0.0,0.0
yandun,timesnet,event_weighted,41,high,600.0,160.0,5000.0,0.05,1.0,0.0,200.5,10.025,10.025,914.0,762.5,70753.69693280624,1278.6231813369513,72032.3201141432,30.162382041499267,28.980865340512697,9.867088088369849,9.553330410243081,0.02,0.025,0.005
yandun,timesnet,event_weighted,41,high,600.0,160.0,5000.0,0.05,2.0,0.25,200.5,10.025,20.05,914.0,762.5,64872.45012831003,2248.6131809718804,67121.06330928192,28.571165469302183,27.251282109863705,13.187887891215796,8.606769702374027,0.02,0.05,0.030000000000000002
yandun,timesnet,event_weighted,41,high,600.0,160.0,5000.0,0.05,4.0,0.0,200.5,10.025,40.1,914.0,762.5,57882.05744316683,4188.593180241738,62070.65062340856,25.249785028201472,23.703640302449624,20.056910139730487,7.682836244872148,0.08,0.1,0.020000000000000004
yandun,timesnet,event_weighted,41,high,600.0,160.0,5000.0,0.1,1.0,0.0,200.5,20.05,20.05,914.0,762.5,64211.23155766641,2557.2463626739027,66768.47792034032,26.870697088493475,25.423798354738214,16.715840027150108,8.71822191342669,0.04,0.05,0.010000000000000002
yandun,timesnet,event_weighted,41,high,600.0,160.0,5000.0,0.1,2.0,0.25,200.5,20.05,40.1,914.0,762.5,53996.73389342709,4497.226361943761,58493.96025537085,24.255195789772824,22.580862160476634,22.174277520132357,7.0528643071767645,0.04,0.1,0.060000000000000005
yandun,timesnet,event_weighted,41,high,600.0,160.0,5000.0,0.1,4.0,0.0,200.5,20.05,80.2,914.0,762.5,43630.38946775102,8377.186360483476,52007.57582823449,19.004621672409463,16.955873606748145,33.04984019122403,5.730557989916359,0.11880244287749571,0.2,0.0811975571225043
yandun,timesnet,event_weighted,41,high,600.0,160.0,5000.0,0.2,1.0,0.0,200.5,40.1,40.1,914.0,762.5,54122.922898980614,5114.492725347805,59237.41562432842,22.32658618343278,20.526250253787953,26.157499033161063,7.35296673449717,0.08,0.1,0.020000000000000004
yandun,timesnet,event_weighted,41,high,600.0,160.0,5000.0,0.2,2.0,0.0,200.5,40.1,80.2,914.0,762.5,35270.26516529504,8994.452723887522,44264.71788918256,16.989837862393106,14.801893671223528,37.2186039367652,4.346318784661499,0.15333479578928352,0.2,0.046665204210716474
yandun,timesnet,event_weighted,41,high,600.0,160.0,5000.0,0.2,4.0,0.0,200.5,40.1,160.4,914.0,762.5,23727.81045697004,16754.372720966952,40482.183177937,11.802639350927679,8.996822888385024,48.210873231069066,2.800692582951664,-0.0066652042107167445,0.4,0.4066652042107168
yandun,timesnet,event_weighted,42,low,150.0,40.0,0.0,0.0,0.0,0.0,200.5,0.0,0.0,914.0,762.5,6628.304919891907,0.0,6628.304919891907,34.49482991825674,36.352010803834894,0.0,11.039767037576892,0.0,0.0,0.0
yandun,timesnet,event_weighted,42,low,150.0,40.0,0.0,0.05,1.0,0.0,200.5,10.025,10.025,914.0,762.5,6023.05111844104,1278.6231813369513,7301.674299777992,30.166820324209066,31.66850399084097,9.011516407041624,10.23029876208101,0.02,0.025,0.005000000000000001
yandun,timesnet,event_weighted,42,low,150.0,40.0,0.0,0.05,2.0,0.0,200.5,10.025,20.05,914.0,762.5,5662.34935048802,2248.6131809718804,7910.962531459901,27.569486659530792,28.866166666292056,14.411187396268726,9.034094629855277,0.04,0.05,0.010000000000000002
yandun,timesnet,event_weighted,42,low,150.0,40.0,0.0,0.05,4.0,0.0,200.5,10.025,40.1,914.0,762.5,5309.890149705249,4188.593180241738,9498.483329946986,25.03436023219642,26.129637196793073,19.68284329310196,7.97205973090966,0.058265148921713264,0.1,0.04173485107828674
yandun,timesnet,event_weighted,42,low,150.0,40.0,0.0,0.1,1.0,0.0,200.5,20.05,20.05,914.0,762.5,5588.514742681978,2557.2463626739027,8145.761105355879,27.04696481967265,28.29820814470709,15.50166775771189,9.461114512421844,0.04,0.05,0.010000000000000002
yandun,timesnet,event_weighted,42,low,150.0,40.0,0.0,0.1,2.0,0.0,200.5,20.05,40.1,914.0,762.5,5004.5439906322035,4497.226361943761,9501.770352575964,22.82489872991427,23.75070875604199,24.271233236135327,7.481023217234193,0.08,0.1,0.020000000000000004
yandun,timesnet,event_weighted,42,low,150.0,40.0,0.0,0.1,4.0,0.0,200.5,20.05,80.2,914.0,762.5,4405.052818095336,8377.186360483476,12782.239178578813,18.696877236391913,19.210272906830575,32.93969057886895,5.816921385647556,0.028726839638674426,0.2,0.1712731603613256
yandun,timesnet,event_weighted,42,low,150.0,40.0,0.0,0.2,1.0,0.0,200.5,40.1,40.1,914.0,762.5,4938.862345757094,5114.492725347805,10053.3550711049,22.36007478156734,23.24546533392575,25.241300606598493,8.175722586371421,0.08,0.1,0.020000000000000004
yandun,timesnet,event_weighted,42,low,150.0,40.0,0.0,0.2,2.0,0.0,200.5,40.1,80.2,914.0,762.5,4104.753360039441,8994.452723887522,13099.206083926962,16.566504116652577,16.897066223152034,37.38327038228704,5.169297202541623,0.031044446860989013,0.2,0.168955553139011
yandun,timesnet,event_weighted,42,low,150.0,40.0,0.0,0.2,4.0,0.0,200.5,40.1,160.4,914.0,762.5,3238.473283393033,16754.372720966952,19992.846004359984,10.793306644471778,10.45504004823161,49.5984940293882,3.067233976867378,-0.12895555313901105,0.4,0.5289555531390111
yandun,timesnet,event_weighted,42,low,150.0,40.0,1000.0,0.0,0.0,0.0,200.5,0.0,0.0,914.0,762.5,17668.071957468797,0.0,17668.071957468797,34.49482991825674,36.352010803834894,0.0,11.039767037576892,0.0,0.0,0.0
yandun,timesnet,event_weighted,42,low,150.0,40.0,1000.0,0.05,1.0,0.0,200.5,10.025,10.025,914.0,762.5,16253.34988052205,1278.6231813369513,17531.973061859,30.166820324209066,31.66850399084097,9.011516407041624,10.23029876208101,0.02,0.025,0.005000000000000001
yandun,timesnet,event_weighted,42,low,150.0,40.0,1000.0,0.05,2.0,0.0,200.5,10.025,20.05,914.0,762.5,14696.443980343296,2248.6131809718804,16945.057161315177,27.569486659530792,28.866166666292056,14.411187396268726,9.034094629855277,0.04,0.05,0.010000000000000002
yandun,timesnet,event_weighted,42,low,150.0,40.0,1000.0,0.05,4.0,0.5,200.5,10.025,40.1,914.0,762.5,13983.84961267066,4188.593180241738,18172.442792912396,27.247676417887757,28.474670042564302,15.124494261639466,8.379598991743938,-1.7719270218456363e-17,0.1,0.10000000000000002
yandun,timesnet,event_weighted,42,low,150.0,40.0,1000.0,0.1,1.0,0.0,200.5,20.05,20.05,914.0,762.5,15049.62925510382,2557.2463626739027,17606.875617777725,27.04696481967265,28.29820814470709,15.50166775771189,9.461114512421844,0.04,0.05,0.010000000000000002
yandun,timesnet,event_weighted,42,low,150.0,40.0,1000.0,0.1,2.0,0.0,200.5,20.05,40.1,914.0,762.5,12485.567207866397,4497.226361943761,16982.793569810157,22.82489872991427,23.75070875604199,24.271233236135327,7.481023217234193,0.08,0.1,0.020000000000000004
yandun,timesnet,event_weighted,42,low,150.0,40.0,1000.0,0.1,4.0,0.0,200.5,20.05,80.2,914.0,762.5,10221.974203742891,8377.186360483476,18599.160564226368,18.696877236391913,19.210272906830575,32.93969057886895,5.816921385647556,0.028726839638674426,0.2,0.1712731603613256
yandun,timesnet,event_weighted,42,low,150.0,40.0,1000.0,0.2,1.0,0.0,200.5,40.1,40.1,914.0,762.5,13114.584932128515,5114.492725347805,18229.077657476322,22.36007478156734,23.24546533392575,25.241300606598493,8.175722586371421,0.08,0.1,0.020000000000000004
yandun,timesnet,event_weighted,42,low,150.0,40.0,1000.0,0.2,2.0,0.0,200.5,40.1,80.2,914.0,762.5,9274.050562581064,8994.452723887522,18268.503286468585,16.566504116652577,16.897066223152034,37.38327038228704,5.169297202541623,0.031044446860989013,0.2,0.168955553139011
yandun,timesnet,event_weighted,42,low,150.0,40.0,1000.0,0.2,4.0,0.0,200.5,40.1,160.4,914.0,762.5,6305.70726026041,16754.372720966952,23060.07998122736,10.793306644471778,10.45504004823161,49.5984940293882,3.067233976867378,-0.12895555313901105,0.4,0.5289555531390111
yandun,timesnet,event_weighted,42,low,150.0,40.0,5000.0,0.0,0.0,0.0,200.5,0.0,0.0,914.0,762.5,61827.140107776366,0.0,61827.140107776366,34.49482991825674,36.352010803834894,0.0,11.039767037576892,0.0,0.0,0.0
yandun,timesnet,event_weighted,42,low,150.0,40.0,5000.0,0.05,1.0,0.0,200.5,10.025,10.025,914.0,762.5,57174.54492884609,1278.6231813369513,58453.16811018303,30.166820324209066,31.66850399084097,9.011516407041624,10.23029876208101,0.02,0.025,0.005000000000000001
yandun,timesnet,event_weighted,42,low,150.0,40.0,5000.0,0.05,2.0,0.0,200.5,10.025,20.05,914.0,762.5,50832.8224997644,2248.6131809718804,53081.435680736286,27.569486659530792,28.866166666292056,14.411187396268726,9.034094629855277,0.04,0.05,0.010000000000000002
yandun,timesnet,event_weighted,42,low,150.0,40.0,5000.0,0.05,4.0,0.5,200.5,10.025,40.1,914.0,762.5,47502.24557964641,4188.593180241738,51690.83875988815,27.247676417887757,28.474670042564302,15.124494261639466,8.379598991743938,-1.7719270218456363e-17,0.1,0.10000000000000002
yandun,timesnet,event_weighted,42,low,150.0,40.0,5000.0,0.1,1.0,0.0,200.5,20.05,20.05,914.0,762.5,52894.087304791195,2557.2463626739027,55451.3336674651,27.04696481967265,28.29820814470709,15.50166775771189,9.461114512421844,0.04,0.05,0.010000000000000002
yandun,timesnet,event_weighted,42,low,150.0,40.0,5000.0,0.1,2.0,0.0,200.5,20.05,40.1,914.0,762.5,42409.66007680317,4497.226361943761,46906.88643874692,22.82489872991427,23.75070875604199,24.271233236135327,7.481023217234193,0.08,0.1,0.020000000000000004
yandun,timesnet,event_weighted,42,low,150.0,40.0,5000.0,0.1,4.0,0.0,200.5,20.05,80.2,914.0,762.5,33489.65974633312,8377.186360483476,41866.84610681659,18.696877236391913,19.210272906830575,32.93969057886895,5.816921385647556,0.028726839638674426,0.2,0.1712731603613256
yandun,timesnet,event_weighted,42,low,150.0,40.0,5000.0,0.2,1.0,0.0,200.5,40.1,40.1,914.0,762.5,45817.475277614205,5114.492725347805,50931.96800296201,22.36007478156734,23.24546533392575,25.241300606598493,8.175722586371421,0.08,0.1,0.020000000000000004
yandun,timesnet,event_weighted,42,low,150.0,40.0,5000.0,0.2,2.0,0.25,200.5,40.1,80.2,914.0,762.5,33372.11474519607,8994.452723887522,42366.56746908359,18.344346215989162,18.829503287648322,33.67299121845412,5.803228913354424,0.031044446860989013,0.2,0.168955553139011
yandun,timesnet,event_weighted,42,low,150.0,40.0,5000.0,0.2,4.0,0.0,200.5,40.1,160.4,914.0,762.5,18574.643167729922,16754.372720966952,35329.01588869688,10.793306644471778,10.45504004823161,49.5984940293882,3.067233976867378,-0.12895555313901105,0.4,0.5289555531390111
yandun,timesnet,event_weighted,42,base,300.0,80.0,0.0,0.0,0.0,0.0,200.5,0.0,0.0,914.0,762.5,13256.609839783814,0.0,13256.609839783814,34.49482991825674,36.352010803834894,0.0,11.039767037576892,0.0,0.0,0.0
yandun,timesnet,event_weighted,42,base,300.0,80.0,0.0,0.05,1.0,0.0,200.5,10.025,10.025,914.0,762.5,11814.81432670604,1278.6231813369513,13093.437508042993,30.166820324209066,31.66850399084097,9.011516407041624,10.23029876208101,0.02,0.025,0.005000000000000001
yandun,timesnet,event_weighted,42,base,300.0,80.0,0.0,0.05,2.0,0.0,200.5,10.025,20.05,914.0,762.5,10952.419016069322,2248.6131809718804,13201.032197041202,27.569486659530792,28.866166666292056,14.411187396268726,9.034094629855277,0.04,0.05,0.010000000000000002
yandun,timesnet,event_weighted,42,base,300.0,80.0,0.0,0.05,4.0,0.0,200.5,10.025,40.1,914.0,762.5,10110.229672406434,4188.593180241738,14298.822852648173,25.03436023219642,26.129637196793073,19.68284329310196,7.97205973090966,0.058265148921713264,0.1,0.04173485107828674
yandun,timesnet,event_weighted,42,base,300.0,80.0,0.0,0.1,1.0,0.0,200.5,20.05,20.05,914.0,762.5,10777.48779142116,2557.2463626739027,13334.734154095062,27.04696481967265,28.29820814470709,15.50166775771189,9.461114512421844,0.04,0.05,0.010000000000000002
yandun,timesnet,event_weighted,42,base,300.0,80.0,0.0,0.1,2.0,0.0,200.5,20.05,40.1,914.0,762.5,9378.307150361024,4497.226361943761,13875.533512304786,22.82489872991427,23.75070875604199,24.271233236135327,7.481023217234193,0.08,0.1,0.020000000000000004
yandun,timesnet,event_weighted,42,base,300.0,80.0,0.0,0.1,4.0,0.0,200.5,20.05,80.2,914.0,762.5,7977.995319827347,8377.186360483476,16355.181680310825,18.696877236391913,19.210272906830575,32.93969057886895,5.816921385647556,0.028726839638674426,0.2,0.1712731603613256
yandun,timesnet,event_weighted,42,base,300.0,80.0,0.0,0.2,1.0,0.0,200.5,40.1,40.1,914.0,762.5,9222.692176349225,5114.492725347805,14337.18490169703,22.36007478156734,23.24546533392575,25.241300606598493,8.175722586371421,0.08,0.1,0.020000000000000004
yandun,timesnet,event_weighted,42,base,300.0,80.0,0.0,0.2,2.0,0.0,200.5,40.1,80.2,914.0,762.5,7265.611626463408,8994.452723887522,16260.064350350929,16.566504116652577,16.897066223152034,37.38327038228704,5.169297202541623,0.031044446860989013,0.2,0.168955553139011
yandun,timesnet,event_weighted,42,base,300.0,80.0,0.0,0.2,4.0,0.0,200.5,40.1,160.4,914.0,762.5,5275.6708819930645,16754.372720966952,22030.043602960017,10.793306644471778,10.45504004823161,49.5984940293882,3.067233976867378,-0.12895555313901105,0.4,0.5289555531390111
yandun,timesnet,event_weighted,42,base,300.0,80.0,1000.0,0.0,0.0,0.0,200.5,0.0,0.0,914.0,762.5,24296.376877360704,0.0,24296.376877360704,34.49482991825674,36.352010803834894,0.0,11.039767037576892,0.0,0.0,0.0
yandun,timesnet,event_weighted,42,base,300.0,80.0,1000.0,0.05,1.0,0.0,200.5,10.025,10.025,914.0,762.5,22045.11308878705,1278.6231813369513,23323.736270123998,30.166820324209066,31.66850399084097,9.011516407041624,10.23029876208101,0.02,0.025,0.005000000000000001
yandun,timesnet,event_weighted,42,base,300.0,80.0,1000.0,0.05,2.0,0.0,200.5,10.025,20.05,914.0,762.5,19986.5136459246,2248.6131809718804,22235.126826896478,27.569486659530792,28.866166666292056,14.411187396268726,9.034094629855277,0.04,0.05,0.010000000000000002
yandun,timesnet,event_weighted,42,base,300.0,80.0,1000.0,0.05,4.0,0.0,200.5,10.025,40.1,914.0,762.5,18082.289403316092,4188.593180241738,22270.882583557832,25.03436023219642,26.129637196793073,19.68284329310196,7.97205973090966,0.058265148921713264,0.1,0.04173485107828674
yandun,timesnet,event_weighted,42,base,300.0,80.0,1000.0,0.1,1.0,0.0,200.5,20.05,20.05,914.0,762.5,20238.602303843003,2557.2463626739027,22795.848666516908,27.04696481967265,28.29820814470709,15.50166775771189,9.461114512421844,0.04,0.05,0.010000000000000002
yandun,timesnet,event_weighted,42,base,300.0,80.0,1000.0,0.1,2.0,0.0,200.5,20.05,40.1,914.0,762.5,16859.33036759522,4497.226361943761,21356.55672953898,22.82489872991427,23.75070875604199,24.271233236135327,7.481023217234193,0.08,0.1,0.020000000000000004
yandun,timesnet,event_weighted,42,base,300.0,80.0,1000.0,0.1,4.0,0.0,200.5,20.05,80.2,914.0,762.5,13794.916705474903,8377.186360483476,22172.10306595838,18.696877236391913,19.210272906830575,32.93969057886895,5.816921385647556,0.028726839638674426,0.2,0.1712731603613256
yandun,timesnet,event_weighted,42,base,300.0,80.0,1000.0,0.2,1.0,0.0,200.5,40.1,40.1,914.0,762.5,17398.414762720648,5114.492725347805,22512.907488068453,22.36007478156734,23.24546533392575,25.241300606598493,8.175722586371421,0.08,0.1,0.020000000000000004
yandun,timesnet,event_weighted,42,base,300.0,80.0,1000.0,0.2,2.0,0.0,200.5,40.1,80.2,914.0,762.5,12434.908829005031,8994.452723887522,21429.361552892555,16.566504116652577,16.897066223152034,37.38327038228704,5.169297202541623,0.031044446860989013,0.2,0.168955553139011
yandun,timesnet,event_weighted,42,base,300.0,80.0,1000.0,0.2,4.0,0.0,200.5,40.1,160.4,914.0,762.5,8342.904858860442,16754.372720966952,25097.277579827398,10.793306644471778,10.45504004823161,49.5984940293882,3.067233976867378,-0.12895555313901105,0.4,0.5289555531390111
yandun,timesnet,event_weighted,42,base,300.0,80.0,5000.0,0.0,0.0,0.0,200.5,0.0,0.0,914.0,762.5,68455.44502766828,0.0,68455.44502766828,34.49482991825674,36.352010803834894,0.0,11.039767037576892,0.0,0.0,0.0
yandun,timesnet,event_weighted,42,base,300.0,80.0,5000.0,0.05,1.0,0.0,200.5,10.025,10.025,914.0,762.5,62966.30813711109,1278.6231813369513,64244.931318448034,30.166820324209066,31.66850399084097,9.011516407041624,10.23029876208101,0.02,0.025,0.005000000000000001
yandun,timesnet,event_weighted,42,base,300.0,80.0,5000.0,0.05,2.0,0.0,200.5,10.025,20.05,914.0,762.5,56122.89216534571,2248.6131809718804,58371.50534631759,27.569486659530792,28.866166666292056,14.411187396268726,9.034094629855277,0.04,0.05,0.010000000000000002
yandun,timesnet,event_weighted,42,base,300.0,80.0,5000.0,0.05,4.0,0.5,200.5,10.025,40.1,914.0,762.5,52728.38384403215,4188.593180241738,56916.97702427389,27.247676417887757,28.474670042564302,15.124494261639466,8.379598991743938,-1.7719270218456363e-17,0.1,0.10000000000000002
yandun,timesnet,event_weighted,42,base,300.0,80.0,5000.0,0.1,1.0,0.0,200.5,20.05,20.05,914.0,762.5,58083.06035353038,2557.2463626739027,60640.306716204286,27.04696481967265,28.29820814470709,15.50166775771189,9.461114512421844,0.04,0.05,0.010000000000000002
yandun,timesnet,event_weighted,42,base,300.0,80.0,5000.0,0.1,2.0,0.0,200.5,20.05,40.1,914.0,762.5,46783.42323653199,4497.226361943761,51280.64959847575,22.82489872991427,23.75070875604199,24.271233236135327,7.481023217234193,0.08,0.1,0.020000000000000004
yandun,timesnet,event_weighted,42,base,300.0,80.0,5000.0,0.1,4.0,0.0,200.5,20.05,80.2,914.0,762.5,37062.60224806513,8377.186360483476,45439.7886085486,18.696877236391913,19.210272906830575,32.93969057886895,5.816921385647556,0.028726839638674426,0.2,0.1712731603613256
yandun,timesnet,event_weighted,42,base,300.0,80.0,5000.0,0.2,1.0,0.0,200.5,40.1,40.1,914.0,762.5,50101.30510820633,5114.492725347805,55215.79783355414,22.36007478156734,23.24546533392575,25.241300606598493,8.175722586371421,0.08,0.1,0.020000000000000004
yandun,timesnet,event_weighted,42,base,300.0,80.0,5000.0,0.2,2.0,0.25,200.5,40.1,80.2,914.0,762.5,36876.94680910038,8994.452723887522,45871.399532987896,18.344346215989162,18.829503287648322,33.67299121845412,5.803228913354424,0.031044446860989013,0.2,0.168955553139011
yandun,timesnet,event_weighted,42,base,300.0,80.0,5000.0,0.2,4.0,0.0,200.5,40.1,160.4,914.0,762.5,20611.840766329955,16754.372720966952,37366.2134872969,10.793306644471778,10.45504004823161,49.5984940293882,3.067233976867378,-0.12895555313901105,0.4,0.5289555531390111
yandun,timesnet,event_weighted,42,high,600.0,160.0,0.0,0.0,0.0,0.0,200.5,0.0,0.0,914.0,762.5,26513.21967956763,0.0,26513.21967956763,34.49482991825674,36.352010803834894,0.0,11.039767037576892,0.0,0.0,0.0
yandun,timesnet,event_weighted,42,high,600.0,160.0,0.0,0.05,1.0,0.0,200.5,10.025,10.025,914.0,762.5,23398.34074323604,1278.6231813369513,24676.963924572992,30.166820324209066,31.66850399084097,9.011516407041624,10.23029876208101,0.02,0.025,0.005000000000000001
yandun,timesnet,event_weighted,42,high,600.0,160.0,0.0,0.05,2.0,0.0,200.5,10.025,20.05,914.0,762.5,21532.558347231923,2248.6131809718804,23781.171528203802,27.569486659530792,28.866166666292056,14.411187396268726,9.034094629855277,0.04,0.05,0.010000000000000002
yandun,timesnet,event_weighted,42,high,600.0,160.0,0.0,0.05,4.0,0.0,200.5,10.025,40.1,914.0,762.5,19710.908717808805,4188.593180241738,23899.501898050545,25.03436023219642,26.129637196793073,19.68284329310196,7.97205973090966,0.058265148921713264,0.1,0.04173485107828674
yandun,timesnet,event_weighted,42,high,600.0,160.0,0.0,0.1,1.0,0.0,200.5,20.05,20.05,914.0,762.5,21155.43388889952,2557.2463626739027,23712.680251573423,27.04696481967265,28.29820814470709,15.50166775771189,9.461114512421844,0.04,0.05,0.010000000000000002
yandun,timesnet,event_weighted,42,high,600.0,160.0,0.0,0.1,2.0,0.0,200.5,20.05,40.1,914.0,762.5,18125.833469818663,4497.226361943761,22623.059831762424,22.82489872991427,23.75070875604199,24.271233236135327,7.481023217234193,0.08,0.1,0.020000000000000004
yandun,timesnet,event_weighted,42,high,600.0,160.0,0.0,0.1,4.0,0.0,200.5,20.05,80.2,914.0,762.5,15123.880323291369,8377.186360483476,23501.066683774847,18.696877236391913,19.210272906830575,32.93969057886895,5.816921385647556,0.028726839638674426,0.2,0.1712731603613256
yandun,timesnet,event_weighted,42,high,600.0,160.0,0.0,0.2,1.0,0.0,200.5,40.1,40.1,914.0,762.5,17790.351837533486,5114.492725347805,22904.844562881295,22.36007478156734,23.24546533392575,25.241300606598493,8.175722586371421,0.08,0.1,0.020000000000000004
yandun,timesnet,event_weighted,42,high,600.0,160.0,0.0,0.2,2.0,0.0,200.5,40.1,80.2,914.0,762.5,13587.328159311344,8994.452723887522,22581.78088319887,16.566504116652577,16.897066223152034,37.38327038228704,5.169297202541623,0.031044446860989013,0.2,0.168955553139011
yandun,timesnet,event_weighted,42,high,600.0,160.0,0.0,0.2,4.0,0.0,200.5,40.1,160.4,914.0,762.5,9350.066079193126,16754.372720966952,26104.43880016008,10.793306644471778,10.45504004823161,49.5984940293882,3.067233976867378,-0.12895555313901105,0.4,0.5289555531390111
yandun,timesnet,event_weighted,42,high,600.0,160.0,1000.0,0.0,0.0,0.0,200.5,0.0,0.0,914.0,762.5,37552.98671714452,0.0,37552.98671714452,34.49482991825674,36.352010803834894,0.0,11.039767037576892,0.0,0.0,0.0
yandun,timesnet,event_weighted,42,high,600.0,160.0,1000.0,0.05,1.0,0.0,200.5,10.025,10.025,914.0,762.5,33628.63950531705,1278.6231813369513,34907.262686654,30.166820324209066,31.66850399084097,9.011516407041624,10.23029876208101,0.02,0.025,0.005000000000000001
yandun,timesnet,event_weighted,42,high,600.0,160.0,1000.0,0.05,2.0,0.0,200.5,10.025,20.05,914.0,762.5,30566.652977087197,2248.6131809718804,32815.26615805908,27.569486659530792,28.866166666292056,14.411187396268726,9.034094629855277,0.04,0.05,0.010000000000000002
yandun,timesnet,event_weighted,42,high,600.0,160.0,1000.0,0.05,4.0,0.0,200.5,10.025,40.1,914.0,762.5,27682.968448718468,4188.593180241738,31871.561628960204,25.03436023219642,26.129637196793073,19.68284329310196,7.97205973090966,0.058265148921713264,0.1,0.04173485107828674
yandun,timesnet,event_weighted,42,high,600.0,160.0,1000.0,0.1,1.0,0.0,200.5,20.05,20.05,914.0,762.5,30616.548401321365,2557.2463626739027,33173.79476399527,27.04696481967265,28.29820814470709,15.50166775771189,9.461114512421844,0.04,0.05,0.010000000000000002
yandun,timesnet,event_weighted,42,high,600.0,160.0,1000.0,0.1,2.0,0.0,200.5,20.05,40.1,914.0,762.5,25606.85668705286,4497.226361943761,30104.08304899662,22.82489872991427,23.75070875604199,24.271233236135327,7.481023217234193,0.08,0.1,0.020000000000000004
yandun,timesnet,event_weighted,42,high,600.0,160.0,1000.0,0.1,4.0,0.0,200.5,20.05,80.2,914.0,762.5,20940.801708938925,8377.186360483476,29317.988069422405,18.696877236391913,19.210272906830575,32.93969057886895,5.816921385647556,0.028726839638674426,0.2,0.1712731603613256
yandun,timesnet,event_weighted,42,high,600.0,160.0,1000.0,0.2,1.0,0.0,200.5,40.1,40.1,914.0,762.5,25966.07442390491,5114.492725347805,31080.567149252718,22.36007478156734,23.24546533392575,25.241300606598493,8.175722586371421,0.08,0.1,0.020000000000000004
yandun,timesnet,event_weighted,42,high,600.0,160.0,1000.0,0.2,2.0,0.0,200.5,40.1,80.2,914.0,762.5,18756.625361852966,8994.452723887522,27751.07808574049,16.566504116652577,16.897066223152034,37.38327038228704,5.169297202541623,0.031044446860989013,0.2,0.168955553139011
yandun,timesnet,event_weighted,42,high,600.0,160.0,1000.0,0.2,4.0,0.0,200.5,40.1,160.4,914.0,762.5,12417.300056060505,16754.372720966952,29171.67277702746,10.793306644471778,10.45504004823161,49.5984940293882,3.067233976867378,-0.12895555313901105,0.4,0.5289555531390111
yandun,timesnet,event_weighted,42,high,600.0,160.0,5000.0,0.0,0.0,0.0,200.5,0.0,0.0,914.0,762.5,81712.05486745208,0.0,81712.05486745208,34.49482991825674,36.352010803834894,0.0,11.039767037576892,0.0,0.0,0.0
yandun,timesnet,event_weighted,42,high,600.0,160.0,5000.0,0.05,1.0,0.0,200.5,10.025,10.025,914.0,762.5,74549.83455364109,1278.6231813369513,75828.45773497803,30.166820324209066,31.66850399084097,9.011516407041624,10.23029876208101,0.02,0.025,0.005000000000000001
yandun,timesnet,event_weighted,42,high,600.0,160.0,5000.0,0.05,2.0,0.0,200.5,10.025,20.05,914.0,762.5,66703.03149650831,2248.6131809718804,68951.64467748019,27.569486659530792,28.866166666292056,14.411187396268726,9.034094629855277,0.04,0.05,0.010000000000000002
yandun,timesnet,event_weighted,42,high,600.0,160.0,5000.0,0.05,4.0,0.5,200.5,10.025,40.1,914.0,762.5,63180.66037280361,4188.593180241738,67369.25355304535,27.247676417887757,28.474670042564302,15.124494261639466,8.379598991743938,-1.7719270218456363e-17,0.1,0.10000000000000002
yandun,timesnet,event_weighted,42,high,600.0,160.0,5000.0,0.1,1.0,0.0,200.5,20.05,20.05,914.0,762.5,68461.00645100874,2557.2463626739027,71018.25281368264,27.04696481967265,28.29820814470709,15.50166775771189,9.461114512421844,0.04,0.05,0.010000000000000002
yandun,timesnet,event_weighted,42,high,600.0,160.0,5000.0,0.1,2.0,0.0,200.5,20.05,40.1,914.0,762.5,55530.949555989624,4497.226361943761,60028.17591793338,22.82489872991427,23.75070875604199,24.271233236135327,7.481023217234193,0.08,0.1,0.020000000000000004
yandun,timesnet,event_weighted,42,high,600.0,160.0,5000.0,0.1,4.0,0.0,200.5,20.05,80.2,914.0,762.5,44208.48725152915,8377.186360483476,52585.67361201262,18.696877236391913,19.210272906830575,32.93969057886895,5.816921385647556,0.028726839638674426,0.2,0.1712731603613256
yandun,timesnet,event_weighted,42,high,600.0,160.0,5000.0,0.2,1.0,0.0,200.5,40.1,40.1,914.0,762.5,58668.96476939059,5114.492725347805,63783.4574947384,22.36007478156734,23.24546533392575,25.241300606598493,8.175722586371421,0.08,0.1,0.020000000000000004
yandun,timesnet,event_weighted,42,high,600.0,160.0,5000.0,0.2,2.0,0.0,200.5,40.1,80.2,914.0,762.5,39433.814172019454,8994.452723887522,48428.26689590698,16.566504116652577,16.897066223152034,37.38327038228704,5.169297202541623,0.031044446860989013,0.2,0.168955553139011
yandun,timesnet,event_weighted,42,high,600.0,160.0,5000.0,0.2,4.0,0.0,200.5,40.1,160.4,914.0,762.5,24686.235963530016,16754.372720966952,41440.60868449697,10.793306644471778,10.45504004823161,49.5984940293882,3.067233976867378,-0.12895555313901105,0.4,0.5289555531390111
yandun,timesnet,event_weighted,43,low,150.0,40.0,0.0,0.0,0.0,0.0,200.5,0.0,0.0,914.0,762.5,5704.236824449857,0.0,5704.236824449857,29.109053036024907,33.446971726153,0.0,8.72063545810648,0.0,0.0,0.0
yandun,timesnet,event_weighted,43,low,150.0,40.0,0.0,0.05,1.0,0.0,200.5,10.025,10.025,914.0,762.5,5059.813215641569,1278.6231813369513,6338.43639697852,24.503841728370894,28.462158702717336,9.590024331089674,7.854782718666879,0.02,0.025,0.005000000000000001
yandun,timesnet,event_weighted,43,low,150.0,40.0,0.0,0.05,2.0,0.0,200.5,10.025,20.05,914.0,762.5,4740.719293014768,2248.6131809718804,6989.3324739866475,22.200963584462773,25.979881726831607,14.375179450883477,6.908387184029007,0.04,0.05,0.01
yandun,timesnet,event_weighted,43,low,150.0,40.0,0.0,0.05,4.0,0.0,200.5,10.025,40.1,914.0,762.5,4445.342411144078,4188.593180241738,8633.935591385816,20.021254114433326,23.652335185698,18.88243546204638,6.2432078418440575,0.08,0.1,0.020000000000000004
yandun,timesnet,event_weighted,43,low,150.0,40.0,0.0,0.1,1.0,0.0,200.5,20.05,20.05,914.0,762.5,4636.038271390447,2557.2463626739027,7193.28463406435,21.46014404681373,25.174643098952203,15.921237616411974,7.058790665546705,0.04,0.05,0.010000000000000002
yandun,timesnet,event_weighted,43,low,150.0,40.0,0.0,0.1,2.0,0.0,200.5,20.05,40.1,914.0,762.5,4141.477875775716,4497.226361943761,8638.704237719476,17.870828171826425,21.31491568286439,23.37028090748707,5.586213761491483,0.08,0.1,0.020000000000000004
yandun,timesnet,event_weighted,43,low,150.0,40.0,0.0,0.1,4.0,0.0,200.5,20.05,80.2,914.0,762.5,3640.665726956963,8377.186360483476,12017.852087440438,14.181917130398723,17.372767431071104,31.001340200707922,4.571711273628054,0.14477985045537456,0.2,0.05522014954462545
yandun,timesnet,event_weighted,43,low,150.0,40.0,0.0,0.2,1.0,0.0,200.5,40.1,40.1,914.0,762.5,4034.9571015431584,5114.492725347805,9149.449826890965,17.116988846488322,20.495525111844717,24.94351080384487,5.774973625416884,0.08,0.1,0.020000000000000004
yandun,timesnet,event_weighted,43,low,150.0,40.0,0.0,0.2,2.0,0.0,200.5,40.1,80.2,914.0,762.5,3367.7862832764704,8994.452723887522,12362.239007163993,12.228941186858258,15.260155929923256,35.06692764539642,3.6181034048038376,0.15455225638630407,0.2,0.045447743613695926
yandun,timesnet,event_weighted,43,low,150.0,40.0,0.0,0.2,4.0,0.0,200.5,40.1,160.4,914.0,762.5,2579.240662185351,16754.372720966952,19333.613383152304,6.922951488529395,9.364662788824203,46.26841048482425,2.084287962266403,0.03167055077455861,0.4,0.3683294492254414
yandun,timesnet,event_weighted,43,low,150.0,40.0,1000.0,0.0,0.0,0.0,200.5,0.0,0.0,914.0,762.5,14424.87228255634,0.0,14424.87228255634,29.109053036024907,33.446971726153,0.0,8.72063545810648,0.0,0.0,0.0
yandun,timesnet,event_weighted,43,low,150.0,40.0,1000.0,0.05,1.0,0.0,200.5,10.025,10.025,914.0,762.5,12914.595934308447,1278.6231813369513,14193.2191156454,24.503841728370894,28.462158702717336,9.590024331089674,7.854782718666879,0.02,0.025,0.005000000000000001
yandun,timesnet,event_weighted,43,low,150.0,40.0,1000.0,0.05,2.0,0.0,200.5,10.025,20.05,914.0,762.5,11649.106477043775,2248.6131809718804,13897.719658015656,22.200963584462773,25.979881726831607,14.375179450883477,6.908387184029007,0.04,0.05,0.01
yandun,timesnet,event_weighted,43,low,150.0,40.0,1000.0,0.05,4.0,0.0,200.5,10.025,40.1,914.0,762.5,10688.550252988136,4188.593180241738,14877.143433229872,20.021254114433326,23.652335185698,18.88243546204638,6.2432078418440575,0.08,0.1,0.020000000000000004
yandun,timesnet,event_weighted,43,low,150.0,40.0,1000.0,0.1,1.0,0.0,200.5,20.05,20.05,914.0,762.5,11694.82893693715,2557.2463626739027,14252.075299611055,21.46014404681373,25.174643098952203,15.921237616411974,7.058790665546705,0.04,0.05,0.010000000000000002
yandun,timesnet,event_weighted,43,low,150.0,40.0,1000.0,0.1,2.0,0.0,200.5,20.05,40.1,914.0,762.5,9727.691637267199,4497.226361943761,14224.91799921096,17.870828171826425,21.31491568286439,23.37028090748707,5.586213761491483,0.08,0.1,0.020000000000000004
yandun,timesnet,event_weighted,43,low,150.0,40.0,1000.0,0.1,4.0,0.0,200.5,20.05,80.2,914.0,762.5,8212.377000585017,8377.186360483476,16589.563361068493,14.181917130398723,17.372767431071104,31.001340200707922,4.571711273628054,0.14477985045537456,0.2,0.05522014954462545
yandun,timesnet,event_weighted,43,low,150.0,40.0,1000.0,0.2,1.0,0.0,200.5,40.1,40.1,914.0,762.5,9809.930726960041,5114.492725347805,14924.423452307847,17.116988846488322,20.495525111844717,24.94351080384487,5.774973625416884,0.08,0.1,0.020000000000000004
yandun,timesnet,event_weighted,43,low,150.0,40.0,1000.0,0.2,2.0,0.0,200.5,40.1,80.2,914.0,762.5,6985.889688080308,8994.452723887522,15980.342411967831,12.228941186858258,15.260155929923256,35.06692764539642,3.6181034048038376,0.15455225638630407,0.2,0.045447743613695926
yandun,timesnet,event_weighted,43,low,150.0,40.0,1000.0,0.2,4.0,0.0,200.5,40.1,160.4,914.0,762.5,4663.528624451754,16754.372720966952,21417.901345418704,6.922951488529395,9.364662788824203,46.26841048482425,2.084287962266403,0.03167055077455861,0.4,0.3683294492254414
yandun,timesnet,event_weighted,43,low,150.0,40.0,5000.0,0.0,0.0,0.0,200.5,0.0,0.0,914.0,762.5,49307.41411498226,0.0,49307.41411498226,29.109053036024907,33.446971726153,0.0,8.72063545810648,0.0,0.0,0.0
yandun,timesnet,event_weighted,43,low,150.0,40.0,5000.0,0.05,1.0,0.0,200.5,10.025,10.025,914.0,762.5,44333.72680897597,1278.6231813369513,45612.34999031291,24.503841728370894,28.462158702717336,9.590024331089674,7.854782718666879,0.02,0.025,0.005000000000000001
yandun,timesnet,event_weighted,43,low,150.0,40.0,5000.0,0.05,2.0,0.0,200.5,10.025,20.05,914.0,762.5,39282.65521315981,2248.6131809718804,41531.26839413168,22.200963584462773,25.979881726831607,14.375179450883477,6.908387184029007,0.04,0.05,0.01
yandun,timesnet,event_weighted,43,low,150.0,40.0,5000.0,0.05,4.0,0.0,200.5,10.025,40.1,914.0,762.5,35661.381620364366,4188.593180241738,39849.974800606105,20.021254114433326,23.652335185698,18.88243546204638,6.2432078418440575,0.08,0.1,0.020000000000000004
yandun,timesnet,event_weighted,43,low,150.0,40.0,5000.0,0.1,1.0,0.0,200.5,20.05,20.05,914.0,762.5,39929.99159912397,2557.2463626739027,42487.23796179787,21.46014404681373,25.174643098952203,15.921237616411974,7.058790665546705,0.04,0.05,0.010000000000000002
yandun,timesnet,event_weighted,43,low,150.0,40.0,5000.0,0.1,2.0,0.0,200.5,20.05,40.1,914.0,762.5,32072.54668323313,4497.226361943761,36569.77304517689,17.870828171826425,21.31491568286439,23.37028090748707,5.586213761491483,0.08,0.1,0.020000000000000004
yandun,timesnet,event_weighted,43,low,150.0,40.0,5000.0,0.1,4.0,0.0,200.5,20.05,80.2,914.0,762.5,26499.222095097233,8377.186360483476,34876.408455580706,14.181917130398723,17.372767431071104,31.001340200707922,4.571711273628054,0.14477985045537456,0.2,0.05522014954462545
yandun,timesnet,event_weighted,43,low,150.0,40.0,5000.0,0.2,1.0,0.0,200.5,40.1,40.1,914.0,762.5,32909.825228627575,5114.492725347805,38024.317953975384,17.116988846488322,20.495525111844717,24.94351080384487,5.774973625416884,0.08,0.1,0.020000000000000004
yandun,timesnet,event_weighted,43,low,150.0,40.0,5000.0,0.2,2.0,0.0,200.5,40.1,80.2,914.0,762.5,21458.303307295657,8994.452723887522,30452.756031183177,12.228941186858258,15.260155929923256,35.06692764539642,3.6181034048038376,0.15455225638630407,0.2,0.045447743613695926
yandun,timesnet,event_weighted,43,low,150.0,40.0,5000.0,0.2,4.0,0.0,200.5,40.1,160.4,914.0,762.5,13000.680473517365,16754.372720966952,29755.053194484313,6.922951488529395,9.364662788824203,46.26841048482425,2.084287962266403,0.03167055077455861,0.4,0.3683294492254414
yandun,timesnet,event_weighted,43,base,300.0,80.0,0.0,0.0,0.0,0.0,200.5,0.0,0.0,914.0,762.5,11408.473648899713,0.0,11408.473648899713,29.109053036024907,33.446971726153,0.0,8.72063545810648,0.0,0.0,0.0
yandun,timesnet,event_weighted,43,base,300.0,80.0,0.0,0.05,1.0,0.0,200.5,10.025,10.025,914.0,762.5,9873.875823005897,1278.6231813369513,11152.499004342848,24.503841728370894,28.462158702717336,9.590024331089674,7.854782718666879,0.02,0.025,0.005000000000000001
yandun,timesnet,event_weighted,43,base,300.0,80.0,0.0,0.05,2.0,0.0,200.5,10.025,20.05,914.0,762.5,9110.059099757447,2248.6131809718804,11358.672280729328,22.200963584462773,25.979881726831607,14.375179450883477,6.908387184029007,0.04,0.05,0.01
yandun,timesnet,event_weighted,43,base,300.0,80.0,0.0,0.05,4.0,0.0,200.5,10.025,40.1,914.0,762.5,8394.623935736996,4188.593180241738,12583.217115978736,20.021254114433326,23.652335185698,18.88243546204638,6.2432078418440575,0.08,0.1,0.020000000000000004
yandun,timesnet,event_weighted,43,base,300.0,80.0,0.0,0.1,1.0,0.0,200.5,20.05,20.05,914.0,762.5,8862.045602370594,2557.2463626739027,11419.291965044498,21.46014404681373,25.174643098952203,15.921237616411974,7.058790665546705,0.04,0.05,0.010000000000000002
yandun,timesnet,event_weighted,43,base,300.0,80.0,0.0,0.1,2.0,0.0,200.5,20.05,40.1,914.0,762.5,7674.698728864256,4497.226361943761,12171.925090808018,17.870828171826425,21.31491568286439,23.37028090748707,5.586213761491483,0.08,0.1,0.020000000000000004
yandun,timesnet,event_weighted,43,base,300.0,80.0,0.0,0.1,4.0,0.0,200.5,20.05,80.2,914.0,762.5,6462.863993759616,8377.186360483476,14840.05035424309,14.181917130398723,17.372767431071104,31.001340200707922,4.571711273628054,0.14477985045537456,0.2,0.05522014954462545
yandun,timesnet,event_weighted,43,base,300.0,80.0,0.0,0.2,1.0,0.0,200.5,40.1,40.1,914.0,762.5,7422.326432990195,5114.492725347805,12536.819158338001,17.116988846488322,20.495525111844717,24.94351080384487,5.774973625416884,0.08,0.1,0.020000000000000004
yandun,timesnet,event_weighted,43,base,300.0,80.0,0.0,0.2,2.0,0.0,200.5,40.1,80.2,914.0,762.5,5812.5336985021395,8994.452723887522,14806.986422389662,12.228941186858258,15.260155929923256,35.06692764539642,3.6181034048038376,0.15455225638630407,0.2,0.045447743613695926
yandun,timesnet,event_weighted,43,base,300.0,80.0,0.0,0.2,4.0,0.0,200.5,40.1,160.4,914.0,762.5,3992.2698970177285,16754.372720966952,20746.64261798468,6.922951488529395,9.364662788824203,46.26841048482425,2.084287962266403,0.03167055077455861,0.4,0.3683294492254414
yandun,timesnet,event_weighted,43,base,300.0,80.0,1000.0,0.0,0.0,0.0,200.5,0.0,0.0,914.0,762.5,20129.109107006196,0.0,20129.109107006196,29.109053036024907,33.446971726153,0.0,8.72063545810648,0.0,0.0,0.0
yandun,timesnet,event_weighted,43,base,300.0,80.0,1000.0,0.05,1.0,0.0,200.5,10.025,10.025,914.0,762.5,17728.658541672776,1278.6231813369513,19007.281723009728,24.503841728370894,28.462158702717336,9.590024331089674,7.854782718666879,0.02,0.025,0.005000000000000001
yandun,timesnet,event_weighted,43,base,300.0,80.0,1000.0,0.05,2.0,0.0,200.5,10.025,20.05,914.0,762.5,16018.446283786456,2248.6131809718804,18267.059464758335,22.200963584462773,25.979881726831607,14.375179450883477,6.908387184029007,0.04,0.05,0.01
yandun,timesnet,event_weighted,43,base,300.0,80.0,1000.0,0.05,4.0,0.0,200.5,10.025,40.1,914.0,762.5,14637.831777581054,4188.593180241738,18826.42495782279,20.021254114433326,23.652335185698,18.88243546204638,6.2432078418440575,0.08,0.1,0.020000000000000004
yandun,timesnet,event_weighted,43,base,300.0,80.0,1000.0,0.1,1.0,0.0,200.5,20.05,20.05,914.0,762.5,15920.836267917299,2557.2463626739027,18478.0826305912,21.46014404681373,25.174643098952203,15.921237616411974,7.058790665546705,0.04,0.05,0.010000000000000002
yandun,timesnet,event_weighted,43,base,300.0,80.0,1000.0,0.1,2.0,0.0,200.5,20.05,40.1,914.0,762.5,13260.912490355739,4497.226361943761,17758.1388522995,17.870828171826425,21.31491568286439,23.37028090748707,5.586213761491483,0.08,0.1,0.020000000000000004
yandun,timesnet,event_weighted,43,base,300.0,80.0,1000.0,0.1,4.0,0.0,200.5,20.05,80.2,914.0,762.5,11034.57526738767,8377.186360483476,19411.761627871147,14.181917130398723,17.372767431071104,31.001340200707922,4.571711273628054,0.14477985045537456,0.2,0.05522014954462545
yandun,timesnet,event_weighted,43,base,300.0,80.0,1000.0,0.2,1.0,0.0,200.5,40.1,40.1,914.0,762.5,13197.300058407078,5114.492725347805,18311.79278375488,17.116988846488322,20.495525111844717,24.94351080384487,5.774973625416884,0.08,0.1,0.020000000000000004
yandun,timesnet,event_weighted,43,base,300.0,80.0,1000.0,0.2,2.0,0.0,200.5,40.1,80.2,914.0,762.5,9430.637103305977,8994.452723887522,18425.0898271935,12.228941186858258,15.260155929923256,35.06692764539642,3.6181034048038376,0.15455225638630407,0.2,0.045447743613695926
yandun,timesnet,event_weighted,43,base,300.0,80.0,1000.0,0.2,4.0,0.0,200.5,40.1,160.4,914.0,762.5,6076.557859284132,16754.372720966952,22830.930580251086,6.922951488529395,9.364662788824203,46.26841048482425,2.084287962266403,0.03167055077455861,0.4,0.3683294492254414
yandun,timesnet,event_weighted,43,base,300.0,80.0,5000.0,0.0,0.0,0.0,200.5,0.0,0.0,914.0,762.5,55011.65093943212,0.0,55011.65093943212,29.109053036024907,33.446971726153,0.0,8.72063545810648,0.0,0.0,0.0
yandun,timesnet,event_weighted,43,base,300.0,80.0,5000.0,0.05,1.0,0.0,200.5,10.025,10.025,914.0,762.5,49147.78941634029,1278.6231813369513,50426.412597677234,24.503841728370894,28.462158702717336,9.590024331089674,7.854782718666879,0.02,0.025,0.005000000000000001
yandun,timesnet,event_weighted,43,base,300.0,80.0,5000.0,0.05,2.0,0.0,200.5,10.025,20.05,914.0,762.5,43651.99501990248,2248.6131809718804,45900.60820087437,22.200963584462773,25.979881726831607,14.375179450883477,6.908387184029007,0.04,0.05,0.01
yandun,timesnet,event_weighted,43,base,300.0,80.0,5000.0,0.05,4.0,0.0,200.5,10.025,40.1,914.0,762.5,39610.66314495728,4188.593180241738,43799.25632519902,20.021254114433326,23.652335185698,18.88243546204638,6.2432078418440575,0.08,0.1,0.020000000000000004
yandun,timesnet,event_weighted,43,base,300.0,80.0,5000.0,0.1,1.0,0.0,200.5,20.05,20.05,914.0,762.5,44155.99893010411,2557.2463626739027,46713.24529277802,21.46014404681373,25.174643098952203,15.921237616411974,7.058790665546705,0.04,0.05,0.010000000000000002
yandun,timesnet,event_weighted,43,base,300.0,80.0,5000.0,0.1,2.0,0.0,200.5,20.05,40.1,914.0,762.5,35605.76753632167,4497.226361943761,40102.99389826543,17.870828171826425,21.31491568286439,23.37028090748707,5.586213761491483,0.08,0.1,0.020000000000000004
yandun,timesnet,event_weighted,43,base,300.0,80.0,5000.0,0.1,4.0,0.0,200.5,20.05,80.2,914.0,762.5,29321.420361899884,8377.186360483476,37698.60672238336,14.181917130398723,17.372767431071104,31.001340200707922,4.571711273628054,0.14477985045537456,0.2,0.05522014954462545
yandun,timesnet,event_weighted,43,base,300.0,80.0,5000.0,0.2,1.0,0.0,200.5,40.1,40.1,914.0,762.5,36297.19456007461,5114.492725347805,41411.68728542242,17.116988846488322,20.495525111844717,24.94351080384487,5.774973625416884,0.08,0.1,0.020000000000000004
yandun,timesnet,event_weighted,43,base,300.0,80.0,5000.0,0.2,2.0,0.0,200.5,40.1,80.2,914.0,762.5,23903.05072252133,8994.452723887522,32897.50344640885,12.228941186858258,15.260155929923256,35.06692764539642,3.6181034048038376,0.15455225638630407,0.2,0.045447743613695926
yandun,timesnet,event_weighted,43,base,300.0,80.0,5000.0,0.2,4.0,0.0,200.5,40.1,160.4,914.0,762.5,14413.709708349743,16754.372720966952,31168.082429316695,6.922951488529395,9.364662788824203,46.26841048482425,2.084287962266403,0.03167055077455861,0.4,0.3683294492254414
yandun,timesnet,event_weighted,43,high,600.0,160.0,0.0,0.0,0.0,0.0,200.5,0.0,0.0,914.0,762.5,22816.947297799426,0.0,22816.947297799426,29.109053036024907,33.446971726153,0.0,8.72063545810648,0.0,0.0,0.0
yandun,timesnet,event_weighted,43,high,600.0,160.0,0.0,0.05,1.0,0.0,200.5,10.025,10.025,914.0,762.5,19502.00103773455,1278.6231813369513,20780.624219071502,24.503841728370894,28.462158702717336,9.590024331089674,7.854782718666879,0.02,0.025,0.005000000000000001
yandun,timesnet,event_weighted,43,high,600.0,160.0,0.0,0.05,2.0,0.0,200.5,10.025,20.05,914.0,762.5,17848.73871324281,2248.6131809718804,20097.351894214687,22.200963584462773,25.979881726831607,14.375179450883477,6.908387184029007,0.04,0.05,0.01
yandun,timesnet,event_weighted,43,high,600.0,160.0,0.0,0.05,4.0,0.0,200.5,10.025,40.1,914.0,762.5,16293.186984922835,4188.593180241738,20481.78016516457,20.021254114433326,23.652335185698,18.88243546204638,6.2432078418440575,0.08,0.1,0.020000000000000004
yandun,timesnet,event_weighted,43,high,600.0,160.0,0.0,0.1,1.0,0.0,200.5,20.05,20.05,914.0,762.5,17314.060264330892,2557.2463626739027,19871.306627004797,21.46014404681373,25.174643098952203,15.921237616411974,7.058790665546705,0.04,0.05,0.010000000000000002
yandun,timesnet,event_weighted,43,high,600.0,160.0,0.0,0.1,2.0,0.0,200.5,20.05,40.1,914.0,762.5,14741.140435041332,4497.226361943761,19238.36679698509,17.870828171826425,21.31491568286439,23.37028090748707,5.586213761491483,0.08,0.1,0.020000000000000004
yandun,timesnet,event_weighted,43,high,600.0,160.0,0.0,0.1,4.0,0.0,200.5,20.05,80.2,914.0,762.5,12107.26052736492,8377.186360483476,20484.446887848397,14.181917130398723,17.372767431071104,31.001340200707922,4.571711273628054,0.14477985045537456,0.2,0.05522014954462545
yandun,timesnet,event_weighted,43,high,600.0,160.0,0.0,0.2,1.0,0.0,200.5,40.1,40.1,914.0,762.5,14197.065095884267,5114.492725347805,19311.557821232072,17.116988846488322,20.495525111844717,24.94351080384487,5.774973625416884,0.08,0.1,0.020000000000000004
yandun,timesnet,event_weighted,43,high,600.0,160.0,0.0,0.2,2.0,0.0,200.5,40.1,80.2,914.0,762.5,10702.028528953477,8994.452723887522,19696.481252841,12.228941186858258,15.260155929923256,35.06692764539642,3.6181034048038376,0.15455225638630407,0.2,0.045447743613695926
yandun,timesnet,event_weighted,43,high,600.0,160.0,0.0,0.2,4.0,0.0,200.5,40.1,160.4,914.0,762.5,6818.328366682484,16754.372720966952,23572.70108764944,6.922951488529395,9.364662788824203,46.26841048482425,2.084287962266403,0.03167055077455861,0.4,0.3683294492254414
yandun,timesnet,event_weighted,43,high,600.0,160.0,1000.0,0.0,0.0,0.0,200.5,0.0,0.0,914.0,762.5,31537.582755905907,0.0,31537.582755905907,29.109053036024907,33.446971726153,0.0,8.72063545810648,0.0,0.0,0.0
yandun,timesnet,event_weighted,43,high,600.0,160.0,1000.0,0.05,1.0,0.0,200.5,10.025,10.025,914.0,762.5,27356.78375640143,1278.6231813369513,28635.406937738382,24.503841728370894,28.462158702717336,9.590024331089674,7.854782718666879,0.02,0.025,0.005000000000000001
yandun,timesnet,event_weighted,43,high,600.0,160.0,1000.0,0.05,2.0,0.0,200.5,10.025,20.05,914.0,762.5,24757.125897271813,2248.6131809718804,27005.739078243692,22.200963584462773,25.979881726831607,14.375179450883477,6.908387184029007,0.04,0.05,0.01
yandun,timesnet,event_weighted,43,high,600.0,160.0,1000.0,0.05,4.0,0.0,200.5,10.025,40.1,914.0,762.5,22536.394826766893,4188.593180241738,26724.98800700863,20.021254114433326,23.652335185698,18.88243546204638,6.2432078418440575,0.08,0.1,0.020000000000000004
yandun,timesnet,event_weighted,43,high,600.0,160.0,1000.0,0.1,1.0,0.0,200.5,20.05,20.05,914.0,762.5,24372.850929877597,2557.2463626739027,26930.0972925515,21.46014404681373,25.174643098952203,15.921237616411974,7.058790665546705,0.04,0.05,0.010000000000000002
yandun,timesnet,event_weighted,43,high,600.0,160.0,1000.0,0.1,2.0,0.0,200.5,20.05,40.1,914.0,762.5,20327.354196532815,4497.226361943761,24824.580558476573,17.870828171826425,21.31491568286439,23.37028090748707,5.586213761491483,0.08,0.1,0.020000000000000004
yandun,timesnet,event_weighted,43,high,600.0,160.0,1000.0,0.1,4.0,0.0,200.5,20.05,80.2,914.0,762.5,16678.971800992975,8377.186360483476,25056.15816147645,14.181917130398723,17.372767431071104,31.001340200707922,4.571711273628054,0.14477985045537456,0.2,0.05522014954462545
yandun,timesnet,event_weighted,43,high,600.0,160.0,1000.0,0.2,1.0,0.0,200.5,40.1,40.1,914.0,762.5,19972.038721301153,5114.492725347805,25086.531446648958,17.116988846488322,20.495525111844717,24.94351080384487,5.774973625416884,0.08,0.1,0.020000000000000004
yandun,timesnet,event_weighted,43,high,600.0,160.0,1000.0,0.2,2.0,0.0,200.5,40.1,80.2,914.0,762.5,14320.131933757315,8994.452723887522,23314.58465764484,12.228941186858258,15.260155929923256,35.06692764539642,3.6181034048038376,0.15455225638630407,0.2,0.045447743613695926
yandun,timesnet,event_weighted,43,high,600.0,160.0,1000.0,0.2,4.0,0.0,200.5,40.1,160.4,914.0,762.5,8902.616328948887,16754.372720966952,25656.98904991584,6.922951488529395,9.364662788824203,46.26841048482425,2.084287962266403,0.03167055077455861,0.4,0.3683294492254414
yandun,timesnet,event_weighted,43,high,600.0,160.0,5000.0,0.0,0.0,0.0,200.5,0.0,0.0,914.0,762.5,66420.12458833182,0.0,66420.12458833182,29.109053036024907,33.446971726153,0.0,8.72063545810648,0.0,0.0,0.0
yandun,timesnet,event_weighted,43,high,600.0,160.0,5000.0,0.05,1.0,0.0,200.5,10.025,10.025,914.0,762.5,58775.91463106895,1278.6231813369513,60054.5378124059,24.503841728370894,28.462158702717336,9.590024331089674,7.854782718666879,0.02,0.025,0.005000000000000001
yandun,timesnet,event_weighted,43,high,600.0,160.0,5000.0,0.05,2.0,0.0,200.5,10.025,20.05,914.0,762.5,52390.67463338785,2248.6131809718804,54639.28781435973,22.200963584462773,25.979881726831607,14.375179450883477,6.908387184029007,0.04,0.05,0.01
yandun,timesnet,event_weighted,43,high,600.0,160.0,5000.0,0.05,4.0,0.0,200.5,10.025,40.1,914.0,762.5,47509.22619414313,4188.593180241738,51697.81937438487,20.021254114433326,23.652335185698,18.88243546204638,6.2432078418440575,0.08,0.1,0.020000000000000004
yandun,timesnet,event_weighted,43,high,600.0,160.0,5000.0,0.1,1.0,0.0,200.5,20.05,20.05,914.0,762.5,52608.01359206442,2557.2463626739027,55165.25995473832,21.46014404681373,25.174643098952203,15.921237616411974,7.058790665546705,0.04,0.05,0.010000000000000002
yandun,timesnet,event_weighted,43,high,600.0,160.0,5000.0,0.1,2.0,0.0,200.5,20.05,40.1,914.0,762.5,42672.20924249875,4497.226361943761,47169.43560444251,17.870828171826425,21.31491568286439,23.37028090748707,5.586213761491483,0.08,0.1,0.020000000000000004
yandun,timesnet,event_weighted,43,high,600.0,160.0,5000.0,0.1,4.0,0.0,200.5,20.05,80.2,914.0,762.5,34965.81689550519,8377.186360483476,43343.00325598866,14.181917130398723,17.372767431071104,31.001340200707922,4.571711273628054,0.14477985045537456,0.2,0.05522014954462545
yandun,timesnet,event_weighted,43,high,600.0,160.0,5000.0,0.2,1.0,0.0,200.5,40.1,40.1,914.0,762.5,43071.93322296869,5114.492725347805,48186.42594831649,17.116988846488322,20.495525111844717,24.94351080384487,5.774973625416884,0.08,0.1,0.020000000000000004
yandun,timesnet,event_weighted,43,high,600.0,160.0,5000.0,0.2,2.0,0.0,200.5,40.1,80.2,914.0,762.5,28792.545552972668,8994.452723887522,37786.99827686019,12.228941186858258,15.260155929923256,35.06692764539642,3.6181034048038376,0.15455225638630407,0.2,0.045447743613695926
yandun,timesnet,event_weighted,43,high,600.0,160.0,5000.0,0.2,4.0,0.0,200.5,40.1,160.4,914.0,762.5,17239.7681780145,16754.372720966952,33994.14089898145,6.922951488529395,9.364662788824203,46.26841048482425,2.084287962266403,0.03167055077455861,0.4,0.3683294492254414
